# File produced by Open Asset Import Library (http://www.assimp.sf.net)
# (assimp v6.0.0)
mtllib E0.mtl
# 39372 vertex positions
# 0 UV coordinates
# 7055 vertex normals
# Mesh 'E0-mesh' with 9699 faces
g E0-mesh
# Mesh 'E0-mesh' with 3425 faces
g E0-mesh

v 0.087087 -0.0295 0.204703
v 0.087241 0.0 0.204212
v 0.095724 -0.0295 0.208159
v 0.095952 0.0 0.207697
v 0.103729 -0.0295 0.212899
v 0.104025 0.0 0.212478
v 0.110912 -0.0295 0.218811
v 0.111269 0.0 0.218439
v 0.117104 -0.0295 0.225754
v 0.117513 0.0 0.225442
v 0.122158 -0.0295 0.233564
v 0.12261 0.0 0.233318
v 0.125954 -0.0295 0.242057
v 0.126439 0.0 0.241884
v 0.128403 -0.0295 0.251032
v 0.128909 0.0 0.250935
v 0.129447 -0.0295 0.260276
v 0.129961 0.0 0.260258
v 0.129061 -0.0295 0.269571
v 0.129572 0.0 0.269632
v 0.127254 -0.0295 0.278696
v 0.12775 0.0 0.278835
v 0.124069 -0.0295 0.287437
v 0.124537 0.0 0.28765
v 0.119581 -0.0295 0.295586
v 0.120012 0.0 0.295868
v 0.113897 -0.0295 0.30295
v 0.114279 0.0 0.303295
v 0.107151 -0.0295 0.309355
v 0.107475 0.0 0.309755
v 0.099502 -0.0295 0.314651
v 0.099761 0.0 0.315095
v 0.091132 -0.0295 0.31871
v 0.09132 0.0 0.319189
v 0.082238 -0.0295 0.321438
v 0.08235 0.0 0.321941
v 0.073031 -0.0295 0.32277
v 0.073065 0.0 0.323284
v 0.063728 -0.0295 0.322675
v 0.063684 0.0 0.323188
v 0.080899 0.0 0.202327
v 0.080798 -0.0295 0.202834
v 0.089573 0.031842 0.205011
v 0.087269 0.031884 0.204239
v 0.08756 0.031621 0.203295
v 0.100533 0.031637 0.210209
v 0.096275 0.031718 0.207869
v 0.096711 0.031453 0.206984
v 0.063629 0.031621 0.324157
v 0.06372 0.031884 0.323173
v 0.067152 0.031825 0.323377
v 0.063552 0.030904 0.324882
v 0.067117 0.031561 0.324364
v 0.067056 0.02986 0.325369
v 0.063511 0.02992 0.325158
v 0.067082 0.030844 0.325091
v 0.072011 0.031742 0.323335
v 0.076972 0.031395 0.323883
v 0.073188 0.029759 0.325071
v 0.077053 0.030677 0.324605
v 0.077073 0.029696 0.324882
v 0.076851 0.03166 0.322906
v 0.081641 0.031581 0.322093
v 0.086626 0.031237 0.321845
v 0.082744 0.029606 0.323685
v 0.086821 0.03052 0.322542
v 0.086885 0.02954 0.322812
v 0.086351 0.031505 0.320901
v 0.090952 0.031431 0.319338
v 0.095834 0.031092 0.3183
v 0.091975 0.029462 0.320853
v 0.096137 0.030376 0.318955
v 0.096244 0.029396 0.31921
v 0.095413 0.031361 0.317414
v 0.099708 0.031295 0.31514
v 0.104363 0.030964 0.313339
v 0.100664 0.029332 0.31664
v 0.104766 0.030247 0.313935
v 0.104913 0.029269 0.314168
v 0.103807 0.031234 0.312532
v 0.107686 0.031178 0.309606
v 0.111995 0.030855 0.307087
v 0.108604 0.029218 0.311145
v 0.112488 0.030138 0.30761
v 0.112672 0.029162 0.307815
v 0.111319 0.031126 0.30638
v 0.114684 0.031081 0.302875
v 0.118539 0.030768 0.299703
v 0.11561 0.029124 0.304499
v 0.119109 0.030052 0.300139
v 0.119323 0.029076 0.30031
v 0.11776 0.031041 0.299114
v 0.120526 0.031007 0.295119
v 0.123827 0.030706 0.291374
v 0.121515 0.029051 0.296858
v 0.124459 0.02999 0.291712
v 0.124699 0.029014 0.291844
v 0.122965 0.030979 0.290917
v 0.125062 0.030958 0.286534
v 0.127727 0.03067 0.282312
v 0.126181 0.029001 0.288401
v 0.128405 0.029954 0.282543
v 0.128663 0.028979 0.282633
v 0.129497 0.028976 0.279328
v 0.130845 0.029945 0.272864
v 0.131115 0.02897 0.272909
v 0.129795 0.030941 0.267763
v 0.131002 0.03068 0.262917
v 0.130139 0.030662 0.272745
v 0.126804 0.030944 0.281998
v 0.128178 0.030936 0.277338
v 0.129177 0.030935 0.272583
v 0.131718 0.029964 0.26292
v 0.131002 0.030009 0.252964
v 0.131272 0.029033 0.252917
v 0.131796 0.029001 0.260198
v 0.131992 0.028989 0.262919
v 0.131383 0.028976 0.269852
v 0.128405 0.03103 0.248455
v 0.128034 0.030796 0.243473
v 0.130294 0.030725 0.253076
v 0.130027 0.030953 0.26291
v 0.129871 0.030972 0.258054
v 0.12933 0.030998 0.253225
v 0.128715 0.03008 0.243247
v 0.124915 0.030174 0.234017
v 0.125155 0.029197 0.233883
v 0.128194 0.029123 0.241262
v 0.128974 0.029103 0.243155
v 0.130725 0.02905 0.250593
v 0.121034 0.031217 0.230556
v 0.119121 0.031007 0.225938
v 0.124278 0.030891 0.23435
v 0.127104 0.031068 0.243774
v 0.125435 0.031112 0.239211
v 0.123407 0.031162 0.234795
v 0.119698 0.030291 0.225506
v 0.113196 0.030425 0.217931
v 0.11338 0.029445 0.217725
v 0.119023 0.02933 0.224297
v 0.119913 0.029312 0.225334
v 0.124263 0.029217 0.232428
v 0.104591 0.031559 0.212882
v 0.105161 0.031292 0.21208
v 0.108423 0.031483 0.215868
v 0.112695 0.031142 0.218451
v 0.118331 0.031277 0.226518
v 0.115315 0.031342 0.222708
v 0.112006 0.03141 0.219151
v 0.105574 0.030575 0.211484
v 0.096817 0.029759 0.205945
v 0.097134 0.029753 0.206073
v 0.097025 0.030735 0.206329
v 0.105137 0.029605 0.210897
v 0.105723 0.029594 0.21125
v 0.112598 0.029461 0.217064
v 0.091845 0.0318 0.205874
v 0.087833 0.02992 0.202324
v 0.087766 0.030904 0.202595
v 0.081284 0.030037 0.200383
v 0.084544 0.029979 0.201322
v 0.08126 0.030695 0.200504
v 0.084482 0.030963 0.201594
v 0.081225 0.031007 0.200681
v 0.081195 0.031275 0.200833
v 0.081096 0.031712 0.201331
v 0.084286 0.03168 0.202296
v 0.081087 0.031731 0.201377
v 0.080975 0.031957 0.201944
v 0.08401 0.031944 0.203246
v 0.080895 0.032 0.202347
v 0.128752 0.030937 0.274251
v 0.129143 0.030936 0.272364
v 0.126169 0.03095 0.283453
v 0.126752 0.030945 0.281935
v 0.128141 0.030937 0.277198
v 0.129751 0.030943 0.267466
v 0.129865 0.03095 0.264758
v 0.129959 0.030956 0.262533
v 0.129769 0.030976 0.257601
v 0.129481 0.030989 0.255208
v 0.129179 0.031003 0.2527
v 0.120358 0.031009 0.295257
v 0.122179 0.030989 0.29214
v 0.122847 0.030981 0.290994
v 0.124983 0.03096 0.286544
v 0.114388 0.031085 0.30311
v 0.116879 0.031052 0.300096
v 0.117532 0.031044 0.299305
v 0.128194 0.031036 0.247862
v 0.127608 0.031053 0.245836
v 0.126822 0.031075 0.243121
v 0.12507 0.031121 0.238505
v 0.107229 0.031184 0.309897
v 0.1104 0.03114 0.307127
v 0.110946 0.031132 0.306649
v 0.124293 0.03114 0.236872
v 0.12295 0.031172 0.234047
v 0.120476 0.031229 0.229775
v 0.099069 0.031305 0.315441
v 0.1029 0.031248 0.313059
v 0.103262 0.031242 0.312834
v 0.119617 0.031248 0.228535
v 0.117665 0.031291 0.225718
v 0.114535 0.031358 0.221901
v 0.080621 0.031598 0.32225
v 0.085425 0.03152 0.321115
v 0.085593 0.031517 0.321061
v 0.090122 0.031444 0.319594
v 0.094565 0.031375 0.317747
v 0.09468 0.031373 0.317699
v 0.113696 0.031375 0.221032
v 0.111106 0.031428 0.21835
v 0.1074 0.031503 0.215088
v 0.057105 0.032 0.322493
v 0.057163 0.032 0.322201
v 0.060327 0.031944 0.322849
v 0.060965 0.031933 0.322831
v 0.06667 0.031834 0.323125
v 0.070817 0.031762 0.323339
v 0.075741 0.031679 0.322993
v 0.076214 0.031671 0.322921
v 0.106674 0.031517 0.214546
v 0.103443 0.031581 0.212137
v 0.09926 0.031661 0.209515
v 0.098724 0.031671 0.209237
v 0.094879 0.031744 0.207241
v 0.090328 0.031828 0.205329
v 0.090042 0.031834 0.205229
v 0.087998 0.031871 0.204513
v 0.085637 0.031914 0.203792
v 0.080837 0.032 0.202639
v 0.056976 0.031887 0.323145
v 0.060221 0.03168 0.323832
v 0.056915 0.031713 0.323452
v 0.056862 0.03156 0.323723
v 0.056775 0.031057 0.324162
v 0.060134 0.030963 0.324556
v 0.056772 0.031019 0.324177
v 0.056725 0.030436 0.324411
v 0.060088 0.029979 0.324832
v 0.056716 0.030037 0.324457
v 0.063466 0.0 0.325678
v 0.059986 0.0 0.325347
v 0.056614 0.0 0.324973
v 0.116135 0.0 0.304971
v 0.087989 0.0 0.201826
v 0.097057 0.0 0.205454
v 0.10546 0.0 0.210431
v 0.113002 0.0 0.216637
v 0.119502 0.0 0.223926
v 0.124808 0.0 0.232126
v 0.128793 0.0 0.241042
v 0.131364 0.0 0.250464
v 0.13246 0.0 0.260169
v 0.132055 0.0 0.269927
v 0.130158 0.0 0.279508
v 0.126814 0.0 0.288684
v 0.122103 0.0 0.297239
v 0.109052 0.0 0.311695
v 0.101022 0.0 0.317254
v 0.092235 0.0 0.321517
v 0.082898 0.0 0.32438
v 0.073232 0.0 0.325779
v 0.081386 0.0 0.199867
v 0.084646 0.0 0.200806
v 0.080895 -0.032 0.202347
v 0.08401 -0.031943 0.203246
v 0.081024 -0.031887 0.201695
v 0.084287 -0.03168 0.202297
v 0.081085 -0.031713 0.201388
v 0.081138 -0.03156 0.201117
v 0.081225 -0.031057 0.200678
v 0.084482 -0.030963 0.201594
v 0.081228 -0.031019 0.200663
v 0.081275 -0.030436 0.200429
v 0.084545 -0.029979 0.201322
v 0.081284 -0.030037 0.200383
v 0.087833 -0.02992 0.202324
v 0.087766 -0.030904 0.202595
v 0.08756 -0.031621 0.203295
v 0.087269 -0.031884 0.204239
v 0.126675 -0.029162 0.237093
v 0.128128 -0.029124 0.241278
v 0.063511 -0.02992 0.325158
v 0.073197 -0.029759 0.325234
v 0.092024 -0.029461 0.320968
v 0.083453 -0.029594 0.323723
v 0.082777 -0.029605 0.323826
v 0.073539 -0.029753 0.325237
v 0.108664 -0.029217 0.311208
v 0.101939 -0.029312 0.316109
v 0.100722 -0.02933 0.316728
v 0.093 -0.029445 0.320654
v 0.121561 -0.02905 0.296876
v 0.117108 -0.029103 0.303085
v 0.115665 -0.029123 0.304538
v 0.110044 -0.029197 0.310203
v 0.129508 -0.028976 0.279321
v 0.127429 -0.028989 0.285963
v 0.126211 -0.029001 0.288404
v 0.122952 -0.029033 0.294936
v 0.131767 -0.029001 0.26019
v 0.131864 -0.028979 0.266468
v 0.131375 -0.028976 0.269841
v 0.130425 -0.02897 0.276393
v 0.129965 -0.029076 0.246566
v 0.130676 -0.029051 0.250593
v 0.131709 -0.029014 0.256441
v 0.124184 -0.029218 0.232463
v 0.121923 -0.029269 0.228262
v 0.118936 -0.029332 0.224358
v 0.115829 -0.029396 0.220297
v 0.112509 -0.029462 0.217151
v 0.108549 -0.02954 0.213401
v 0.105054 -0.029606 0.211015
v 0.100266 -0.029696 0.207747
v 0.096746 -0.029759 0.206092
v 0.091191 -0.02986 0.20348
v 0.056716 -0.030037 0.324457
v 0.060087 -0.029979 0.324831
v 0.05674 -0.030695 0.324336
v 0.060133 -0.030963 0.324556
v 0.056775 -0.031007 0.324159
v 0.056805 -0.031275 0.324008
v 0.056904 -0.031712 0.323509
v 0.06022 -0.03168 0.323832
v 0.056913 -0.031731 0.323463
v 0.057025 -0.031957 0.322896
v 0.060326 -0.031944 0.322849
v 0.057105 -0.032 0.322493
v 0.06372 -0.031884 0.323173
v 0.063629 -0.031621 0.324157
v 0.063552 -0.030904 0.324882
v 0.066144 -0.031842 0.323337
v 0.078258 -0.031637 0.322708
v 0.073429 -0.031718 0.323249
v 0.073496 -0.031453 0.324233
v 0.090521 -0.031825 0.205359
v 0.090864 -0.031561 0.204433
v 0.091109 -0.030844 0.203747
v 0.094996 -0.031742 0.207249
v 0.099793 -0.031395 0.208632
v 0.100143 -0.030677 0.207996
v 0.099308 -0.03166 0.20949
v 0.103427 -0.031581 0.212067
v 0.107942 -0.031237 0.214196
v 0.108387 -0.03052 0.213625
v 0.107328 -0.031505 0.214964
v 0.110986 -0.031431 0.218162
v 0.115104 -0.031092 0.220982
v 0.115634 -0.030376 0.220492
v 0.114377 -0.031361 0.221641
v 0.117481 -0.031295 0.225379
v 0.121098 -0.030964 0.228819
v 0.121698 -0.030247 0.228421
v 0.120277 -0.031234 0.229353
v 0.122748 -0.031178 0.233536
v 0.125772 -0.030855 0.237508
v 0.126427 -0.030138 0.237212
v 0.124878 -0.031126 0.237903
v 0.126654 -0.031081 0.242426
v 0.129008 -0.030768 0.246828
v 0.129701 -0.030052 0.246642
v 0.128064 -0.031041 0.247076
v 0.129099 -0.031007 0.251823
v 0.130724 -0.030706 0.256544
v 0.131437 -0.02999 0.256472
v 0.129753 -0.030979 0.256638
v 0.130021 -0.030958 0.261489
v 0.130876 -0.03067 0.266409
v 0.131591 -0.029954 0.266453
v 0.130159 -0.029945 0.276332
v 0.127244 -0.030941 0.280647
v 0.126513 -0.03068 0.285588
v 0.12946 -0.030662 0.276172
v 0.129903 -0.030944 0.266347
v 0.129398 -0.030936 0.271179
v 0.12851 -0.030935 0.275956
v 0.127177 -0.029964 0.285858
v 0.122721 -0.030009 0.29479
v 0.118602 -0.03103 0.297969
v 0.116359 -0.030796 0.302434
v 0.122109 -0.030725 0.294416
v 0.125609 -0.030953 0.285222
v 0.123614 -0.030972 0.289653
v 0.121274 -0.030998 0.293911
v 0.116903 -0.03008 0.302902
v 0.109872 -0.030174 0.309988
v 0.104965 -0.031217 0.311709
v 0.101437 -0.031007 0.315249
v 0.10941 -0.030891 0.309437
v 0.115615 -0.031068 0.301801
v 0.112332 -0.031112 0.305383
v 0.108775 -0.031162 0.308693
v 0.101806 -0.030291 0.315868
v 0.092908 -0.030425 0.320394
v 0.083028 -0.031559 0.321783
v 0.083249 -0.031292 0.322742
v 0.087709 -0.031483 0.320482
v 0.092642 -0.031142 0.319722
v 0.100928 -0.031277 0.314412
v 0.096688 -0.031342 0.316785
v 0.092272 -0.03141 0.318812
v 0.083404 -0.030575 0.32345
v 0.073536 -0.030735 0.324959
v 0.068573 -0.0318 0.323405
v 0.128752 -0.030937 0.274252
v 0.128395 -0.030936 0.276145
v 0.129871 -0.03095 0.264759
v 0.129831 -0.030945 0.266385
v 0.129311 -0.030937 0.271294
v 0.127089 -0.030943 0.280905
v 0.126164 -0.03095 0.283452
v 0.125403 -0.030956 0.285545
v 0.123347 -0.030976 0.290033
v 0.122169 -0.030989 0.292135
v 0.120934 -0.031003 0.294339
v 0.128996 -0.031009 0.251632
v 0.129491 -0.030989 0.255208
v 0.129673 -0.030981 0.256521
v 0.129952 -0.03096 0.26145
v 0.126469 -0.031085 0.242096
v 0.127623 -0.031052 0.245832
v 0.127926 -0.031044 0.246813
v 0.11818 -0.031036 0.298436
v 0.116866 -0.031053 0.300086
v 0.115104 -0.031075 0.302297
v 0.111726 -0.031121 0.305897
v 0.122437 -0.031184 0.233093
v 0.124312 -0.03114 0.236863
v 0.124636 -0.031132 0.237513
v 0.110385 -0.03114 0.307111
v 0.108067 -0.031172 0.309211
v 0.104153 -0.031229 0.312218
v 0.117005 -0.031305 0.224859
v 0.11964 -0.031248 0.22852
v 0.119888 -0.031242 0.228866
v 0.102886 -0.031248 0.313037
v 0.100007 -0.031291 0.314898
v 0.095658 -0.031358 0.317234
v 0.102544 -0.031598 0.211533
v 0.106553 -0.03152 0.214413
v 0.106687 -0.031517 0.214527
v 0.110316 -0.031444 0.217608
v 0.113719 -0.031375 0.22101
v 0.113807 -0.031373 0.221098
v 0.094552 -0.031375 0.317717
v 0.091135 -0.031428 0.31921
v 0.086466 -0.031503 0.320814
v 0.080837 -0.032 0.202639
v 0.084592 -0.031933 0.203506
v 0.089979 -0.031834 0.205408
v 0.093894 -0.031762 0.20679
v 0.098315 -0.031679 0.208986
v 0.098725 -0.031671 0.209233
v 0.085588 -0.031517 0.321038
v 0.081683 -0.031581 0.322035
v 0.076817 -0.031661 0.322864
v 0.076214 -0.031671 0.322917
v 0.071899 -0.031744 0.323297
v 0.066963 -0.031828 0.32333
v 0.066661 -0.031834 0.323314
v 0.064498 -0.031871 0.323197
v 0.06204 -0.031914 0.322964
v 0.057163 -0.032 0.322201
v 0.090022 -0.0355 0.205284
v 0.080825 -0.0355 0.202699
v 0.098701 -0.0355 0.209276
v 0.106649 -0.0355 0.214577
v 0.11367 -0.0355 0.221055
v 0.119591 -0.0355 0.228553
v 0.124266 -0.0355 0.236884
v 0.12758 -0.0355 0.245843
v 0.129452 -0.0355 0.255212
v 0.129835 -0.0355 0.264757
v 0.128721 -0.0355 0.274245
v 0.126136 -0.0355 0.283442
v 0.122144 -0.0355 0.292121
v 0.116843 -0.0355 0.300069
v 0.110365 -0.0355 0.30709
v 0.102867 -0.0355 0.313011
v 0.094536 -0.0355 0.317686
v 0.085576 -0.0355 0.321
v 0.076208 -0.0355 0.322872
v 0.066663 -0.0355 0.323256
v 0.057175 -0.0355 0.322141
v 0.080339 -0.0355 0.205151
v 0.089611 -0.0355 0.207799
v 0.09832 -0.0355 0.211936
v 0.10623 -0.0355 0.217451
v 0.113123 -0.0355 0.224192
v 0.118814 -0.0355 0.231976
v 0.123145 -0.0355 0.24059
v 0.126 -0.0355 0.2498
v 0.1273 -0.0355 0.259354
v 0.127009 -0.0355 0.268991
v 0.057661 -0.0355 0.319688
v 0.067241 -0.0355 0.320774
v 0.07687 -0.0355 0.320267
v 0.086284 -0.0355 0.318183
v 0.095227 -0.0355 0.314578
v 0.103454 -0.0355 0.30955
v 0.110741 -0.0355 0.303236
v 0.11689 -0.0355 0.295809
v 0.121732 -0.0355 0.287471
v 0.125136 -0.0355 0.27845
v 0.08036 -0.0295 0.205049
v 0.089648 -0.0295 0.207701
v 0.098373 -0.0295 0.211846
v 0.106296 -0.0295 0.21737
v 0.113203 -0.0295 0.224123
v 0.118903 -0.0295 0.231921
v 0.123242 -0.0295 0.240551
v 0.126102 -0.0295 0.249777
v 0.127404 -0.0295 0.259348
v 0.127113 -0.0295 0.269003
v 0.125237 -0.0295 0.278479
v 0.121827 -0.0295 0.287516
v 0.116976 -0.0295 0.295869
v 0.110816 -0.0295 0.303309
v 0.103516 -0.0295 0.309634
v 0.095274 -0.0295 0.314671
v 0.086315 -0.0295 0.318283
v 0.076884 -0.0295 0.320371
v 0.067238 -0.0295 0.320879
v 0.05764 -0.0295 0.319791
v 0.058282 -0.0295 0.322131
v 0.057202 -0.0295 0.322006
v 0.057101 0.0 0.322513
v 0.063728 0.0295 0.322675
v 0.058282 0.0295 0.322131
v 0.057202 0.0295 0.322006
v 0.073031 0.0295 0.32277
v 0.082238 0.0295 0.321438
v 0.091132 0.0295 0.31871
v 0.099502 0.0295 0.314651
v 0.107151 0.0295 0.309355
v 0.113897 0.0295 0.30295
v 0.119581 0.0295 0.295586
v 0.124069 0.0295 0.287437
v 0.127254 0.0295 0.278696
v 0.129061 0.0295 0.269571
v 0.129447 0.0295 0.260276
v 0.128403 0.0295 0.251032
v 0.125954 0.0295 0.242057
v 0.122158 0.0295 0.233564
v 0.117104 0.0295 0.225754
v 0.110912 0.0295 0.218811
v 0.103729 0.0295 0.212899
v 0.095724 0.0295 0.208159
v 0.087087 0.0295 0.204703
v 0.080798 0.0295 0.202834
v 0.086315 0.0295 0.318283
v 0.076884 0.0295 0.320371
v 0.067238 0.0295 0.320879
v 0.05764 0.0295 0.319791
v 0.08036 0.0295 0.205049
v 0.089648 0.0295 0.207701
v 0.098373 0.0295 0.211846
v 0.106296 0.0295 0.21737
v 0.095274 0.0295 0.314671
v 0.103516 0.0295 0.309634
v 0.110816 0.0295 0.303309
v 0.116976 0.0295 0.295869
v 0.121827 0.0295 0.287516
v 0.125237 0.0295 0.278479
v 0.127113 0.0295 0.269003
v 0.127404 0.0295 0.259348
v 0.126102 0.0295 0.249777
v 0.123242 0.0295 0.240551
v 0.118903 0.0295 0.231921
v 0.113203 0.0295 0.224123
v 0.057661 0.0355 0.319688
v 0.067241 0.0355 0.320774
v 0.07687 0.0355 0.320267
v 0.086284 0.0355 0.318183
v 0.095227 0.0355 0.314578
v 0.103454 0.0355 0.30955
v 0.110741 0.0355 0.303236
v 0.11689 0.0355 0.295809
v 0.121732 0.0355 0.287471
v 0.125136 0.0355 0.27845
v 0.127009 0.0355 0.268991
v 0.1273 0.0355 0.259354
v 0.126 0.0355 0.2498
v 0.123145 0.0355 0.24059
v 0.118814 0.0355 0.231976
v 0.113123 0.0355 0.224192
v 0.10623 0.0355 0.217451
v 0.09832 0.0355 0.211936
v 0.089611 0.0355 0.207799
v 0.080339 0.0355 0.205151
v 0.080825 0.0355 0.202699
v 0.090022 0.0355 0.205284
v 0.098701 0.0355 0.209276
v 0.106649 0.0355 0.214577
v 0.11367 0.0355 0.221055
v 0.119591 0.0355 0.228553
v 0.124266 0.0355 0.236884
v 0.12758 0.0355 0.245843
v 0.129452 0.0355 0.255212
v 0.057175 0.0355 0.322141
v 0.066663 0.0355 0.323256
v 0.076208 0.0355 0.322872
v 0.085576 0.0355 0.321
v 0.094536 0.0355 0.317686
v 0.102867 0.0355 0.313011
v 0.110365 0.0355 0.30709
v 0.116843 0.0355 0.300069
v 0.122144 0.0355 0.292121
v 0.126136 0.0355 0.283442
v 0.128721 0.0355 0.274245
v 0.129835 0.0355 0.264757
v -0.041236 0.049799 0.303318
v -0.043793 0.049177 0.303304
v -0.041311 0.050029 0.303286
v -0.041237 0.05005 0.303274
v -0.044158 0.072184 0.283181
v -0.04116 0.072966 0.282889
v -0.041161 0.072914 0.283041
v -0.089756 0.011224 0.282675
v -0.090082 0.007131 0.282703
v -0.090096 0.007131 0.282658
v -0.072416 0.009973 0.302418
v -0.072657 0.007083 0.302462
v -0.072726 0.007083 0.302437
v -0.042774 0.054797 0.30182
v -0.041234 0.05558 0.301681
v -0.041235 0.055261 0.301791
v -0.041237 0.050497 0.303196
v -0.068276 0.064483 0.261178
v -0.067871 0.063842 0.267499
v -0.068386 0.064398 0.261142
v -0.070215 0.061948 0.267309
v -0.070918 0.062425 0.26033
v -0.070787 0.062527 0.260372
v -0.082801 0.045481 0.265889
v -0.083609 0.046037 0.254828
v -0.083556 0.046149 0.254858
v -0.092064 0.009387 0.25253
v -0.092062 0.009537 0.252335
v -0.091323 0.012188 0.263365
v -0.091332 0.006322 0.268483
v -0.091782 0.00632 0.259658
v -0.091804 0.006479 0.259659
v -0.090246 0.005164 0.268424
v -0.090538 0.005131 0.259599
v -0.090695 0.005164 0.259607
v -0.088646 0.011783 0.248522
v -0.088581 0.01237 0.248312
v -0.089405 0.012314 0.247887
v -0.090509 0.005112 0.258631
v -0.091358 0.005629 0.259638
v -0.091093 0.005444 0.259626
v -0.09111 0.005405 0.258676
v -0.091865 0.006484 0.258779
v -0.090321 0.005734 0.255026
v -0.089718 0.005285 0.25678
v -0.089652 0.005508 0.255978
v -0.08958 0.005751 0.255106
v -0.089573 0.005774 0.255021
v -0.089502 0.006074 0.254254
v -0.090266 0.006005 0.254241
v -0.089344 0.006849 0.252736
v -0.090137 0.006726 0.252673
v -0.08934 0.006871 0.252704
v -0.089178 0.007801 0.251383
v -0.089992 0.007638 0.251252
v -0.089148 0.007988 0.251162
v -0.089965 0.00782 0.251017
v -0.088993 0.009023 0.250127
v -0.088991 0.009038 0.250115
v -0.089821 0.008843 0.249903
v -0.088971 0.009183 0.250008
v -0.089672 0.009983 0.248988
v -0.090821 0.007759 0.251331
v -0.090801 0.007933 0.251093
v -0.090691 0.008926 0.249955
v -0.090571 0.010049 0.249011
v -0.089541 0.011079 0.248357
v -0.090457 0.011141 0.248354
v -0.091516 0.008141 0.251608
v -0.091353 0.010332 0.249356
v -0.091957 0.008718 0.252032
v -0.091505 0.008308 0.251376
v -0.091952 0.008877 0.251817
v -0.091921 0.012372 0.250097
v -0.091939 0.012141 0.250186
v -0.091796 0.011734 0.249376
v -0.088711 0.011204 0.248728
v -0.090331 0.012383 0.247862
v -0.088841 0.010148 0.249293
v -0.088454 0.013622 0.248081
v -0.089152 0.014948 0.24761
v -0.08927 0.013656 0.247629
v -0.088344 0.014825 0.248054
v -0.08717 0.023449 0.248879
v -0.086589 0.0267 0.249288
v -0.087384 0.026918 0.248903
v -0.085717 0.030719 0.249891
v -0.084865 0.034053 0.250463
v -0.085639 0.034342 0.250132
v -0.043694 0.074556 0.265123
v -0.043725 0.074619 0.265277
v -0.047628 0.073717 0.264802
v -0.047105 0.072443 0.263378
v -0.043295 0.073332 0.263858
v -0.043334 0.073478 0.263934
v -0.046773 0.071821 0.263315
v -0.046924 0.071785 0.263296
v -0.050883 0.071362 0.262808
v -0.050747 0.070678 0.262719
v -0.050666 0.070707 0.262734
v -0.055199 0.071352 0.263598
v -0.055012 0.071461 0.264344
v -0.055331 0.071351 0.26429
v -0.068095 0.064549 0.260452
v -0.066876 0.063483 0.259042
v -0.066438 0.062874 0.25905
v -0.065643 0.06342 0.259288
v -0.064208 0.065301 0.259852
v -0.063814 0.064677 0.259838
v -0.070729 0.062507 0.259594
v -0.069396 0.061495 0.258195
v -0.068997 0.060827 0.258196
v -0.068913 0.060903 0.258227
v -0.074992 0.054516 0.255826
v -0.076449 0.053963 0.255329
v -0.075834 0.053452 0.255455
v -0.07826 0.051348 0.254455
v -0.07761 0.050867 0.254612
v -0.077633 0.05083 0.254601
v -0.083366 0.046282 0.25404
v -0.080005 0.046654 0.25337
v -0.081432 0.045677 0.252759
v -0.080724 0.045263 0.252982
v -0.081943 0.04459 0.252464
v -0.081226 0.044189 0.252699
v -0.082156 0.041976 0.252154
v -0.083336 0.041295 0.251628
v -0.082595 0.040932 0.251896
v -0.084564 0.037878 0.250848
v -0.083804 0.037552 0.25115
v -0.087976 0.034623 0.252192
v -0.087793 0.034736 0.251328
v -0.087833 0.035076 0.252284
v -0.084054 0.036729 0.250988
v -0.085789 0.030435 0.249842
v -0.086575 0.030688 0.249482
v -0.087276 0.022852 0.248804
v -0.088076 0.023037 0.248396
v -0.08786 0.018893 0.248391
v -0.088664 0.019047 0.247964
v -0.042633 0.073585 0.264028
v -0.043602 0.074365 0.264657
v -0.043527 0.074142 0.264412
v -0.042884 0.07427 0.264489
v -0.043148 0.07468 0.2652
v -0.042088 0.073654 0.264191
v -0.041899 0.07281 0.26408
v -0.04143 0.072852 0.264323
v -0.040673 0.073799 0.264999
v -0.040497 0.07293 0.264914
v -0.040008 0.072958 0.265425
v -0.039772 0.072972 0.26567
v -0.039938 0.073849 0.26575
v -0.039435 0.072984 0.266164
v -0.039597 0.073862 0.266245
v -0.039066 0.072982 0.266959
v -0.038994 0.072982 0.267116
v -0.039157 0.073857 0.2672
v -0.038837 0.072969 0.267684
v -0.040388 0.074559 0.26606
v -0.040073 0.074573 0.266516
v -0.041979 0.074862 0.265688
v -0.041069 0.074505 0.26537
v -0.041609 0.074908 0.265954
v -0.041032 0.07496 0.266538
v -0.04174 0.074971 0.267087
v -0.040765 0.074973 0.266922
v -0.041534 0.074983 0.267383
v -0.056111 0.007844 0.296486
v -0.056269 0.007692 0.302464
v -0.05564 0.00849 0.296475
v -0.054142 0.010546 0.296439
v -0.054084 0.010834 0.302421
v -0.054055 0.010824 0.296434
v -0.052975 0.014987 0.296362
v -0.052858 0.015521 0.302347
v -0.052881 0.015525 0.296352
v -0.052765 0.016192 0.296341
v -0.051588 0.021341 0.296251
v -0.051671 0.021146 0.302246
v -0.05161 0.021347 0.302243
v -0.050103 0.025953 0.29617
v -0.050088 0.025947 0.302159
v -0.050038 0.026133 0.296167
v -0.048996 0.028437 0.296127
v -0.049482 0.02743 0.302131
v -0.048821 0.028774 0.296121
v -0.048451 0.029447 0.302093
v -0.048183 0.029851 0.296102
v -0.04819 0.029854 0.302085
v -0.047729 0.030615 0.296089
v -0.046131 0.032638 0.302031
v -0.045226 0.033509 0.296039
v -0.046166 0.032561 0.296055
v -0.046182 0.032577 0.302032
v -0.046542 0.032183 0.296062
v -0.039845 0.039653 0.301921
v -0.03974 0.039898 0.295927
v -0.03986 0.039668 0.295931
v -0.039869 0.039525 0.301922
v -0.041405 0.036851 0.30196
v -0.041289 0.036935 0.295979
v -0.041384 0.036846 0.29598
v -0.041535 0.036625 0.301963
v -0.038747 0.071775 0.268749
v -0.038827 0.067176 0.26882
v -0.038842 0.06633 0.277017
v -0.038786 0.069539 0.286256
v -0.038872 0.064625 0.283279
v -0.038875 0.06443 0.2837
v -0.038876 0.064398 0.293538
v -0.03894 0.060716 0.289087
v -0.038945 0.060433 0.289379
v -0.039004 0.057084 0.298819
v -0.039038 0.055098 0.293317
v -0.039044 0.054742 0.293498
v -0.040011 0.071745 0.265427
v -0.042006 0.066997 0.264168
v -0.041529 0.067073 0.264414
v -0.041436 0.071753 0.264316
v -0.038937 0.067259 0.26777
v -0.039094 0.067285 0.267202
v -0.039874 0.067278 0.265755
v -0.039538 0.067294 0.266246
v -0.039074 0.071753 0.266972
v -0.039165 0.067286 0.267048
v -0.041068 0.067147 0.264652
v -0.040605 0.067208 0.264997
v -0.040106 0.067255 0.265514
v -0.043162 0.071775 0.263784
v -0.042546 0.066895 0.263993
v -0.043248 0.066748 0.263862
v -0.042443 0.072753 0.263903
v -0.040963 0.072895 0.264565
v -0.055363 0.062845 0.261988
v -0.05469 0.06312 0.262115
v -0.054669 0.069276 0.26201
v -0.054205 0.06947 0.262106
v -0.043937 0.066591 0.263782
v -0.046784 0.065854 0.263412
v -0.04772 0.065611 0.26329
v -0.050761 0.064637 0.262819
v -0.051295 0.064467 0.262736
v -0.052212 0.064133 0.262579
v -0.065687 0.056424 0.259408
v -0.065371 0.056705 0.259507
v -0.06372 0.057999 0.259988
v -0.062167 0.059061 0.260404
v -0.062136 0.065671 0.260291
v -0.061108 0.059785 0.260687
v -0.061026 0.066328 0.260591
v -0.058509 0.06129 0.261312
v -0.05848 0.067621 0.261202
v -0.058323 0.061398 0.261357
v -0.058071 0.067829 0.261301
v -0.057552 0.068069 0.261417
v -0.067606 0.054711 0.258806
v -0.069034 0.053227 0.258319
v -0.071824 0.058179 0.257151
v -0.069677 0.052559 0.258099
v -0.071246 0.05876 0.257374
v -0.075076 0.044921 0.255978
v -0.073361 0.047756 0.2567
v -0.073906 0.055889 0.256304
v -0.072178 0.049419 0.257165
v -0.072124 0.057849 0.257029
v -0.071596 0.050237 0.257394
v -0.07516 0.044783 0.255943
v -0.080137 0.032492 0.253584
v -0.079469 0.034739 0.253924
v -0.079134 0.035738 0.254091
v -0.07796 0.038888 0.254665
v -0.079239 0.048137 0.253785
v -0.07772 0.039436 0.254777
v -0.076638 0.041905 0.255284
v -0.080581 0.030998 0.253357
v -0.081527 0.027136 0.252863
v -0.082348 0.023035 0.252429
v -0.082329 0.023152 0.25244
v -0.083001 0.019047 0.252086
v -0.083553 0.014825 0.251804
v -0.083673 0.014825 0.251722
v -0.084274 0.014825 0.251286
v -0.085887 0.014825 0.250106
v -0.085791 0.014825 0.250185
v -0.087261 0.014825 0.248982
v -0.087739 0.014825 0.248591
v -0.088088 0.011777 0.248992
v -0.084036 0.006819 0.256558
v -0.084036 0.006874 0.256479
v -0.086034 0.006869 0.255168
v -0.083842 0.011784 0.252273
v -0.083814 0.012171 0.252119
v -0.083974 0.011777 0.252161
v -0.083694 0.013502 0.251843
v -0.083907 0.010904 0.252622
v -0.084787 0.009038 0.253348
v -0.083972 0.00977 0.253301
v -0.084036 0.007747 0.255216
v -0.084017 0.008628 0.254249
v -0.084001 0.009051 0.253897
v -0.085008 0.005479 0.259124
v -0.084021 0.006336 0.257516
v -0.087596 0.005479 0.257449
v -0.083965 0.00548 0.259748
v -0.083966 0.005485 0.259725
v -0.084012 0.006055 0.258074
v -0.083901 0.005131 0.261448
v -0.086602 0.005 0.261732
v -0.08388 0.005072 0.26194
v -0.083814 0.005 0.263346
v -0.08834 0.006869 0.253494
v -0.086993 0.009038 0.251746
v -0.086116 0.011777 0.250606
v -0.083059 0.005 0.276838
v -0.07523 0.005 0.291927
v -0.079749 0.005 0.295844
v -0.07482 0.005 0.292247
v -0.088941 0.005 0.277189
v -0.082958 0.005 0.277979
v -0.089987 0.006326 0.28263
v -0.077523 0.007101 0.299978
v -0.077329 0.0071 0.30011
v -0.077265 0.006305 0.300007
v -0.072679 0.006293 0.302319
v -0.062507 0.006283 0.304355
v -0.063174 0.006263 0.304336
v -0.062566 0.007058 0.304495
v -0.051815 0.021198 0.303014
v -0.048753 0.03266 0.304054
v -0.048345 0.031915 0.303913
v -0.048969 0.03237 0.30406
v -0.04735 0.03116 0.30206
v -0.047468 0.03126 0.30283
v -0.047275 0.031521 0.302825
v -0.047158 0.031419 0.302055
v -0.046237 0.032751 0.302801
v -0.040009 0.03959 0.30269
v -0.041647 0.036731 0.302733
v -0.040437 0.05046 0.303082
v -0.040409 0.055533 0.301599
v -0.040273 0.072947 0.282888
v 0.03314 -0.032 0.188192
v 0.037421 -0.032 0.179012
v 0.036075 -0.032393 0.178384
v 0.031794 -0.032393 0.187564
v 0.035082 -0.03347 0.177921
v 0.030802 -0.03347 0.187101
v 0.034702 -0.034948 0.177744
v 0.030422 -0.034948 0.186924
v 0.030023 -0.034942 0.189152
v 0.030538 -0.034948 0.191384
v 0.030909 -0.03347 0.191187
v 0.032954 -0.032 0.188967
v 0.031472 -0.032392 0.188915
v 0.030377 -0.033466 0.188877
v 0.029956 -0.034942 0.188862
v 0.033187 -0.032 0.189975
v 0.031876 -0.032393 0.190673
v 0.035709 -0.032 0.19472
v 0.034398 -0.032393 0.195417
v 0.033431 -0.03347 0.195931
v 0.033061 -0.034948 0.196128
v 0.032078 -0.032393 0.204012
v 0.03286 -0.032 0.205275
v 0.033861 -0.032 0.204541
v 0.031501 -0.03347 0.203081
v 0.032895 -0.032392 0.203416
v 0.03128 -0.034948 0.202725
v 0.032181 -0.033466 0.202586
v 0.031906 -0.034941 0.202266
v 0.032498 -0.033464 0.202291
v 0.032198 -0.034938 0.201994
v 0.033345 -0.03346 0.201186
v 0.032977 -0.034931 0.200974
v 0.032998 -0.03493 0.200934
v 0.033547 -0.033459 0.200802
v 0.033163 -0.034929 0.20062
v 0.033978 -0.033459 0.199479
v 0.03356 -0.034929 0.1994
v 0.034041 -0.033459 0.199049
v 0.033619 -0.034929 0.199004
v 0.034329 -0.032 0.204105
v 0.033276 -0.032391 0.203062
v 0.035575 -0.032 0.202473
v 0.034293 -0.03239 0.201733
v 0.035872 -0.032 0.201907
v 0.034536 -0.03239 0.201272
v 0.036508 -0.032 0.199955
v 0.035054 -0.03239 0.199681
v 0.036601 -0.032 0.199322
v 0.03513 -0.03239 0.199165
v 0.036554 -0.032 0.197269
v 0.03509 -0.032391 0.197492
v 0.036433 -0.032 0.196641
v 0.03499 -0.032391 0.196981
v 0.034008 -0.033462 0.197658
v 0.033925 -0.033464 0.197232
v 0.033608 -0.034931 0.19854
v 0.033589 -0.034934 0.197721
v 0.033513 -0.034937 0.197329
v 0.022947 -0.03347 0.209305
v 0.022676 -0.034948 0.208985
v 0.020393 -0.034948 0.211234
v 0.01541 -0.03347 0.216727
v 0.015095 -0.034948 0.216451
v 0.009056 -0.03347 0.225184
v 0.010935 -0.034948 0.221987
v 0.008703 -0.034948 0.224958
v 0.004025 -0.03347 0.234489
v 0.003642 -0.034948 0.234318
v 0.000428 -0.03347 0.244437
v 2.4e-05 -0.034948 0.244324
v -0.000707 -0.034948 0.247967
v -0.001655 -0.03347 0.254808
v -0.002071 -0.034948 0.254756
v -0.002179 -0.03347 0.265373
v -0.001545 -0.034948 0.275972
v -0.001132 -0.03347 0.275899
v -0.002598 -0.034948 0.265383
v -0.002439 -0.034948 0.262183
v -5.3e-05 -0.032393 0.27571
v -0.001084 -0.032393 0.265346
v -0.000568 -0.032393 0.254943
v 0.001483 -0.032393 0.244732
v 0.005025 -0.032393 0.234937
v 0.009978 -0.032393 0.225775
v 0.016235 -0.032393 0.217448
v 0.023656 -0.032393 0.21014
v 0.00141 -0.032 0.275454
v 0.0004 -0.032 0.265309
v 0.000905 -0.032 0.255127
v 0.002913 -0.032 0.245132
v 0.00638 -0.032 0.235544
v 0.011228 -0.032 0.226577
v 0.017352 -0.032 0.218426
v 0.024616 -0.032 0.211273
v -0.004783 -0.032393 0.283127
v -0.004399 -0.032 0.284561
v -0.003392 -0.032 0.284218
v -0.005067 -0.03347 0.282068
v -0.003962 -0.032392 0.282849
v -0.005175 -0.034948 0.281664
v -0.004384 -0.033466 0.281838
v -0.004546 -0.034942 0.281449
v -0.00399 -0.033465 0.281656
v -0.004183 -0.034939 0.281281
v -0.002843 -0.033461 0.280868
v -0.003127 -0.034932 0.280553
v -0.003041 -0.034931 0.28047
v -0.002532 -0.03346 0.280566
v -0.00284 -0.03493 0.280274
v -0.001712 -0.033459 0.279442
v -0.002084 -0.034929 0.279237
v -0.001519 -0.03346 0.279053
v -0.001906 -0.03493 0.278879
v -0.002812 -0.032 0.283949
v -0.00349 -0.032392 0.28263
v -0.001122 -0.032 0.282784
v -0.002111 -0.032391 0.281683
v -0.000663 -0.032 0.282337
v -0.001737 -0.03239 0.281319
v 0.000546 -0.032 0.280679
v -0.000752 -0.03239 0.279967
v 0.000831 -0.032 0.280105
v -0.00052 -0.03239 0.2795
v 0.001423 -0.032 0.27814
v -3.9e-05 -0.032391 0.277898
v 0.001502 -0.032 0.277505
v 2.5e-05 -0.032391 0.277381
v -0.001119 -0.033462 0.277719
v -0.001066 -0.033464 0.277289
v -0.001762 -0.034932 0.278399
v -0.001536 -0.034935 0.27765
v -0.001487 -0.034937 0.277254
v -0.009116 -0.032 0.285825
v -0.009501 -0.032393 0.284391
v -0.009784 -0.03347 0.283332
v -0.009893 -0.034948 0.282928
v -0.01273 -0.034941 0.28519
v -0.013522 -0.034948 0.286888
v -0.013109 -0.03347 0.286961
v -0.011487 -0.034941 0.283884
v -0.012428 -0.034938 0.284543
v -0.012105 -0.033464 0.284815
v -0.009283 -0.032 0.285877
v -0.00979 -0.032393 0.284483
v -0.010165 -0.033468 0.283453
v -0.010309 -0.034945 0.283059
v -0.010131 -0.032 0.286471
v -0.011266 -0.032392 0.285518
v -0.010568 -0.032 0.287409
v -0.01203 -0.032393 0.287151
v -0.012727 -0.032 0.299655
v -0.01419 -0.032393 0.299397
v -0.015268 -0.03347 0.299207
v -0.015681 -0.034948 0.299134
v 0.053034 -0.01601 0.194463
v 0.052903 -0.030035 0.194694
v 0.053419 -0.030035 0.194755
v 0.081284 -0.030035 0.200383
v 0.077397 -0.030035 0.199335
v 0.076602 0.0 0.19859
v 0.066205 -0.030035 0.196805
v 0.066304 0.0 0.196298
v 0.065482 -0.030035 0.196642
v 0.065278 0.0 0.196069
v 0.053183 0.0 0.194199
v 0.051937 -0.030038 0.19441
v 0.051892 -0.016005 0.194085
v 0.051776 -0.030038 0.194295
v 0.051119 -0.030036 0.193823
v 0.05099 -0.01601 0.193289
v 0.050857 -0.030035 0.19352
v 0.052053 0.0 0.193797
v 0.051874 0.0 0.193717
v 0.051141 0.0 0.193026
v 0.052794 0.0 0.194127
v 0.038085 0.0 0.175699
v 0.037477 -0.030035 0.175763
v 0.037154 -0.030035 0.17269
v 0.036881 -0.030027 0.173731
v 0.037762 0.0 0.172626
v 0.037576 0.0 0.173682
v 0.036994 -0.030027 0.174801
v 0.038023 0.0 0.175614
v 0.037692 0.0 0.174705
v 0.037492 0.0 0.174155
v -0.006354 -0.070325 0.021124
v -0.006252 -0.069607 0.012374
v -0.005746 -0.069679 0.012374
v 1e-06 -0.06993 0.012374
v 0.0 -0.070504 0.018929
v -0.002635 -0.070647 0.021124
v 0.0 -0.070696 0.021124
v -0.011674 -0.069747 0.021124
v -0.013321 -0.069393 0.021124
v -0.012507 -0.068719 0.012374
v -0.013034 -0.06859 0.012374
v -0.009843 -0.070023 0.021124
v -0.018171 -0.067333 0.012374
v -0.018713 -0.068231 0.021124
v -0.019648 -0.066815 0.012374
v -0.020156 -0.067764 0.021124
v -0.0246 -0.06508 0.012374
v -0.025548 -0.066022 0.021124
v -0.026082 -0.064384 0.012374
v -0.026791 -0.065475 0.021124
v -0.030815 -0.06216 0.012374
v -0.032151 -0.06312 0.021124
v -0.032265 -0.061294 0.012374
v -0.033183 -0.062581 0.021124
v -0.034126 -0.062088 0.021124
v -0.036809 -0.058581 0.012374
v -0.039205 -0.058989 0.021124
v -0.038173 -0.057648 0.012374
v -0.04967 -0.047836 0.012374
v -0.053835 -0.046144 0.021124
v -0.053454 -0.043528 0.012374
v -0.054749 -0.044956 0.021124
v -0.054637 -0.042181 0.012374
v -0.038434 -0.05747 0.012374
v -0.040179 -0.058396 0.021124
v -0.043677 -0.053387 0.012374
v -0.044854 -0.054843 0.021124
v -0.044253 -0.052939 0.012374
v -0.045821 -0.054109 0.021124
v -0.048787 -0.048667 0.012374
v -0.050054 -0.050148 0.021124
v -0.051032 -0.049233 0.021124
v -0.055235 -0.041421 0.012374
v -0.058149 -0.04054 0.021124
v -0.057635 -0.038 0.012374
v -0.058903 -0.039323 0.021124
v -0.059469 -0.035385 0.012374
v -0.061878 -0.034516 0.021124
v -0.061294 -0.032144 0.012374
v -0.062468 -0.033303 0.021124
v -0.063031 -0.029059 0.012374
v -0.065009 -0.028079 0.021124
v -0.064353 -0.026019 0.012374
v -0.065419 -0.026958 0.021124
v -0.065899 -0.022464 0.012374
v -0.067492 -0.021287 0.021124
v -0.066792 -0.019917 0.012374
v -0.067732 -0.020347 0.021124
v -0.066844 -0.019727 0.012374
v -0.069257 -0.014367 0.021124
v -0.068553 -0.013421 0.012374
v -0.069383 -0.013535 0.021124
v -0.068574 -0.013288 0.012374
v -0.070332 -0.007268 0.021124
v -0.069584 -0.006836 0.012374
v -0.070367 -0.006595 0.021124
v -0.069594 -0.006638 0.012374
v -0.07071 0.0 0.021124
v -0.069929 0.0 0.012374
v -0.064352 -0.034186 0.018624
v -0.065309 -0.03249 0.018624
v -0.067455 -0.035625 0.018624
v -0.072986 0.0 0.018624
v -0.0765 0.0 0.018624
v -0.07296 -0.001503 0.018624
v -0.076476 -0.001347 0.018624
v -0.072586 -0.006775 0.018624
v -0.075942 -0.007033 0.018624
v -0.072441 -0.008815 0.018624
v -0.070636 -0.028804 0.018624
v -0.067428 -0.027667 0.018624
v -0.071915 -0.026063 0.018624
v 0.074964 -0.014587 0.018624
v 0.069869 -0.021027 0.018624
v 0.073025 -0.021846 0.018624
v 0.06975 -0.021497 0.018624
v 0.071854 -0.026231 0.018624
v 0.068546 -0.025073 0.018624
v 0.070594 -0.028916 0.018624
v 0.067392 -0.027796 0.018624
v 0.067399 -0.035725 0.018624
v -0.060691 -0.040411 0.018624
v -0.061721 -0.038847 0.018624
v -0.063587 -0.042039 0.018624
v -0.068219 -0.025866 0.018624
v -0.06984 -0.020882 0.018624
v -0.073062 -0.021727 0.018624
v -0.070454 -0.018993 0.018624
v -0.074985 -0.014461 0.018624
v -0.0712 -0.015985 0.018624
v -0.071561 -0.013899 0.018624
v 0.0765 0.0 0.018624
v 0.072986 0.0 0.018624
v 0.076476 -0.001347 0.018624
v 0.072633 -0.006903 0.018624
v 0.075924 -0.007161 0.018624
v 0.072612 -0.007315 0.018624
v 0.075358 -0.013112 0.018624
v 0.071601 -0.014032 0.018624
v 0.071533 -0.014483 0.018624
v -0.026637 -0.071712 0.018624
v -0.027544 -0.067464 0.018624
v -0.029338 -0.070425 0.018624
v -0.030806 -0.066132 0.018624
v -0.036151 -0.067179 0.018624
v -0.034089 -0.064389 0.018624
v -0.038898 -0.065871 0.018624
v -0.037217 -0.062729 0.018624
v -0.040297 -0.060678 0.018624
v -0.042545 -0.063254 0.018624
v -0.043262 -0.058704 0.018624
v -0.048671 -0.058858 0.018624
v -0.075388 -0.012939 0.018624
v 0.06569 -0.031814 0.018624
v 0.06432 -0.034318 0.018624
v 0.066084 -0.038525 0.018624
v 0.062205 -0.038182 0.018624
v 0.06353 -0.042129 0.018624
v 0.060614 -0.040506 0.018624
v 0.059179 -0.048268 0.018624
v 0.058113 -0.044161 0.018624
v 0.056363 -0.046342 0.018624
v 0.058234 -0.049602 0.018624
v 0.055699 -0.047169 0.018624
v 0.051484 -0.051669 0.018624
v 0.054084 -0.053776 0.018624
v 0.050696 -0.052509 0.018624
v 0.049934 -0.057952 0.018624
v 0.04612 -0.056507 0.018624
v 0.048605 -0.058905 0.018624
v 0.045231 -0.057284 0.018624
v 0.040303 -0.060792 0.018624
v 0.042487 -0.063295 0.018624
v 0.039325 -0.061489 0.018624
v 0.0389 -0.06587 0.018624
v 0.036959 -0.062939 0.018624
v 0.036097 -0.067205 0.018624
v 0.034072 -0.064445 0.018624
v 0.029294 -0.070446 0.018624
v -0.014975 -0.074899 0.018624
v -0.020745 -0.069929 0.018624
v -0.022255 -0.072909 0.018624
v -0.021451 -0.069749 0.018624
v -0.024044 -0.068894 0.018624
v 0.0 -0.0765 0.018624
v -0.006546 -0.072658 0.018628
v -0.007514 -0.07583 0.018624
v -0.007289 -0.07262 0.018624
v -0.013528 -0.075294 0.018624
v -0.013715 -0.071648 0.018624
v -0.014445 -0.071538 0.018624
v -0.045378 -0.057077 0.018624
v -0.046136 -0.056409 0.018624
v -0.049931 -0.057954 0.018624
v -0.050885 -0.052218 0.018624
v -0.054143 -0.053707 0.018624
v -0.051501 -0.051555 0.018624
v -0.058354 -0.049461 0.018624
v -0.055843 -0.046882 0.018624
v -0.059247 -0.048195 0.018624
v -0.056361 -0.0462 0.018624
v -0.060243 -0.041093 0.018624
v -0.066176 -0.038368 0.018624
v 0.007501 -0.075831 0.018624
v 0.00654 -0.07268 0.018626
v 0.0 -0.07299 0.018667
v 0.014952 -0.074905 0.018624
v 0.014044 -0.071624 0.018624
v 0.013528 -0.075294 0.018624
v 0.013703 -0.071673 0.018624
v 0.006844 -0.072665 0.018624
v 0.030473 -0.066323 0.018624
v 0.027528 -0.067502 0.018624
v 0.026637 -0.071712 0.018624
v 0.023738 -0.06902 0.018624
v 0.02222 -0.072919 0.018624
v 0.020711 -0.069896 0.018624
v 0.016773 -0.071035 0.018624
v -0.045148 -0.055531 0.012374
v -0.045332 -0.055363 0.012374
v -0.069366 -0.02014 0.012374
v -0.069232 -0.02051 0.012374
v -0.07102 -0.013803 0.012374
v -0.071116 -0.013437 0.012374
v -0.07209 -0.006876 0.012374
v -0.072124 -0.006644 0.012374
v -0.072439 0.0 0.012374
v -0.067491 -0.025325 0.012374
v -0.066683 -0.027059 0.012374
v -0.064489 -0.03177 0.012374
v -0.06352 -0.033414 0.012374
v -0.060844 -0.037954 0.012374
v -0.059741 -0.039478 0.012374
v -0.056566 -0.043864 0.012374
v -0.05062 -0.05051 0.012374
v -0.050768 -0.050374 0.012374
v -0.055437 -0.045204 0.012374
v -0.055867 -0.044728 0.012374
v -0.039615 -0.059716 0.012374
v -0.039061 -0.060135 0.012374
v -0.038223 -0.060699 0.012374
v -0.033512 -0.063499 0.012374
v -0.031948 -0.064428 0.012374
v -0.027098 -0.066689 0.012374
v -0.025432 -0.067467 0.012374
v -0.020416 -0.069204 0.012374
v -0.018666 -0.06981 0.012374
v -0.013843 -0.071011 0.012374
v -0.013545 -0.071057 0.012374
v -0.006982 -0.072082 0.012374
v -0.006494 -0.072107 0.012374
v 0.0 -0.07244 0.012374
v 0.072439 0.0 0.012374
v 0.072167 -0.00703 0.012374
v 0.072164 -0.007105 0.012374
v 0.071255 -0.014031 0.012374
v 0.071254 -0.014034 0.012374
v 0.069646 -0.020756 0.012374
v 0.069609 -0.020868 0.012374
v 0.06835 -0.024707 0.012374
v 0.06716 -0.027533 0.012374
v 0.06554 -0.031379 0.012374
v 0.064111 -0.033994 0.012374
v 0.062079 -0.037713 0.012374
v 0.060418 -0.04014 0.012374
v 0.057999 -0.043676 0.012374
v 0.056185 -0.045944 0.012374
v 0.055735 -0.046506 0.012374
v 0.051326 -0.051241 0.012374
v 0.050746 -0.051863 0.012374
v 0.045982 -0.056052 0.012374
v 0.04529 -0.05666 0.012374
v 0.040187 -0.06032 0.012374
v 0.039394 -0.060888 0.012374
v 0.037393 -0.062132 0.012374
v 0.033976 -0.063956 0.012374
v 0.030979 -0.065555 0.012374
v 0.027458 -0.067004 0.012374
v 0.024315 -0.068296 0.012374
v 0.020669 -0.069385 0.012374
v 0.017418 -0.070355 0.012374
v 0.014496 -0.071006 0.012374
v 0.013685 -0.071127 0.012374
v 0.007293 -0.072081 0.012374
v 0.006538 -0.072118 0.012374
v 0.023241 -0.066016 0.012374
v 0.049573 -0.04947 0.012374
v 0.049238 -0.049834 0.012374
v 0.026514 -0.064678 0.012374
v 0.029869 -0.063306 0.012374
v 0.032807 -0.061738 0.012374
v 0.036154 -0.059952 0.012374
v 0.044406 -0.054112 0.012374
v 0.043865 -0.054591 0.012374
v 0.042073 -0.055976 0.012374
v 0.038779 -0.058188 0.012374
v 0.021 -0.066757 0.012374
v 0.019976 -0.06702 0.012374
v 0.014151 -0.068516 0.012374
v 0.006319 -0.069615 0.012374
v 0.007148 -0.069574 0.012374
v 0.013221 -0.068657 0.012374
v 0.069929 0.0 0.012374
v 0.069613 -0.006832 0.012374
v 0.069552 -0.008167 0.012374
v 0.068725 -0.013572 0.012374
v 0.06849 -0.015109 0.012374
v 0.067768 -0.018169 0.012374
v 0.067142 -0.020133 0.012374
v 0.065702 -0.024652 0.012374
v 0.064863 -0.026582 0.012374
v 0.062964 -0.030946 0.012374
v 0.061917 -0.032815 0.012374
v 0.05956 -0.037022 0.012374
v 0.058411 -0.038789 0.012374
v 0.058324 -0.038922 0.012374
v 0.054254 -0.044346 0.012374
v 0.05406 -0.044604 0.012374
v 0.006315 -0.070371 0.021124
v 0.007176 -0.070327 0.021124
v 0.013237 -0.069392 0.021124
v 0.014229 -0.069239 0.021124
v 0.020029 -0.067731 0.021124
v 0.021146 -0.067441 0.021124
v 0.023367 -0.066702 0.021124
v 0.026609 -0.065375 0.021124
v 0.030023 -0.063978 0.021124
v 0.032941 -0.062422 0.021124
v 0.036317 -0.060622 0.021124
v 0.038948 -0.058856 0.021124
v 0.042234 -0.056651 0.021124
v 0.044097 -0.05521 0.021124
v 0.044606 -0.054758 0.021124
v 0.049472 -0.050438 0.021124
v 0.049799 -0.050082 0.021124
v 0.054294 -0.045188 0.021124
v 0.054501 -0.044911 0.021124
v 0.058562 -0.039476 0.021124
v 0.058674 -0.039304 0.021124
v 0.059845 -0.037494 0.021124
v 0.062192 -0.033266 0.021124
v 0.063354 -0.031172 0.021124
v 0.065168 -0.026946 0.021124
v 0.066189 -0.024566 0.021124
v 0.067514 -0.020361 0.021124
v 0.068356 -0.017687 0.021124
v 0.068859 -0.015634 0.021124
v 0.069223 -0.013583 0.021124
v 0.070113 -0.008559 0.021124
v 0.070251 -0.006678 0.021124
v 0.070637 -0.001414 0.021124
v 0.070664 0.0 0.021124
v 0.043201 -0.032 0.317631
v 0.043226 -0.0355 0.317576
v 0.030737 -0.032 0.309852
v 0.030776 -0.0355 0.309805
v 0.020498 -0.032 0.299317
v 0.020546 -0.0355 0.29928
v 0.013077 -0.032 0.286638
v 0.013133 -0.0355 0.286613
v 0.008906 -0.032 0.272551
v 0.008967 -0.0355 0.272541
v 0.008228 -0.032 0.257875
v 0.008289 -0.0355 0.25788
v 0.011082 -0.032 0.243464
v 0.01114 -0.0355 0.243483
v 0.017301 -0.032 0.230154
v 0.017353 -0.0355 0.230186
v 0.026525 -0.032 0.218719
v 0.026568 -0.0355 0.218763
v 0.038218 -0.032 0.209824
v 0.038249 -0.0355 0.209877
v 0.051699 -0.032 0.203986
v 0.051717 -0.0355 0.204044
v 0.066186 -0.032 0.201543
v 0.066189 -0.0355 0.201605
v 0.066305 -0.0355 0.204102
v 0.052427 -0.0355 0.206442
v 0.039512 -0.0355 0.212034
v 0.02831 -0.0355 0.220556
v 0.019474 -0.0355 0.23151
v 0.013516 -0.0355 0.24426
v 0.010782 -0.0355 0.258066
v 0.011432 -0.0355 0.272125
v 0.015427 -0.0355 0.28562
v 0.022536 -0.0355 0.297767
v 0.032345 -0.0355 0.307859
v 0.044285 -0.0355 0.315311
v 0.04424 -0.0295 0.315406
v 0.03228 -0.0295 0.307941
v 0.022453 -0.0295 0.29783
v 0.015331 -0.0295 0.285662
v 0.011329 -0.0295 0.272143
v 0.010678 -0.0295 0.258058
v 0.013416 -0.0295 0.244228
v 0.019385 -0.0295 0.231454
v 0.028237 -0.0295 0.220481
v 0.039459 -0.0295 0.211944
v 0.052397 -0.0295 0.206341
v 0.0663 -0.0295 0.203997
v -0.005714 -0.0295 0.279318
v -0.010457 -0.0295 0.280589
v -0.006121 -0.049894 0.279058
v -0.011047 -0.068132 0.280049
v -0.006446 -0.066279 0.278849
v -0.013819 -0.0295 0.28253
v -0.01468 -0.0295 0.284021
v -0.015489 -0.068751 0.283354
v -0.013598 -0.06924 0.281265
v -0.012892 -0.0295 0.281994
v -0.013871 -0.069359 0.281469
v -0.014136 -0.069296 0.281698
v -0.015901 -0.0295 0.28653
v -0.016482 -0.06758 0.285998
v -0.01576 -0.0295 0.285891
v -0.015701 -0.06862 0.283702
v -0.015539 -0.068731 0.283415
v -0.01316 -0.069048 0.280962
v -0.013433 -0.069167 0.281142
v -0.032795 -0.054709 0.295694
v -0.031534 -0.046825 0.297306
v -0.034018 -0.046388 0.297314
v -0.036056 -0.068378 0.277039
v -0.035051 -0.068548 0.276996
v -0.036069 -0.067613 0.280983
v -0.034677 -0.066333 0.284826
v -0.036091 -0.066383 0.284242
v -0.036184 -0.061021 0.291323
v -0.036165 -0.062123 0.29038
v -0.03389 -0.061509 0.291344
v -0.036126 -0.064344 0.287726
v -0.036097 -0.066031 0.284844
v -0.036338 -0.052211 0.296346
v -0.036307 -0.053998 0.295637
v -0.035534 -0.054197 0.295714
v -0.036271 -0.05604 0.294827
v -0.03624 -0.05784 0.293743
v -0.036449 -0.04587 0.297323
v -0.036399 -0.04871 0.297103
v -0.036219 -0.059028 0.293027
v -0.032435 -0.068886 0.276975
v -0.028187 -0.069437 0.276942
v -0.028562 -0.067223 0.284795
v -0.024208 -0.069732 0.277213
v -0.021433 -0.069937 0.277402
v -0.02254 -0.067761 0.285245
v -0.014849 -0.070066 0.279165
v -0.014215 -0.06984 0.281172
v -0.014499 -0.069776 0.281423
v -0.015893 -0.07013 0.278236
v -0.015106 -0.070157 0.278354
v -0.018816 -0.055541 0.297412
v -0.018928 -0.052147 0.298374
v -0.018858 -0.056191 0.297063
v -0.023669 -0.055976 0.296231
v -0.02332 -0.062891 0.291813
v -0.018266 -0.062073 0.293671
v -0.018573 -0.059191 0.295682
v -0.018597 -0.058826 0.295855
v -0.018772 -0.056202 0.297099
v -0.014818 -0.069691 0.281734
v -0.015721 -0.06929 0.282978
v -0.016183 -0.069085 0.283614
v -0.016332 -0.068974 0.283911
v -0.017028 -0.068025 0.286113
v -0.01703 -0.068022 0.286119
v -0.017204 -0.067489 0.287153
v -0.017348 -0.066992 0.288012
v -0.017816 -0.064942 0.29085
v -0.018103 -0.06311 0.292651
v -0.02354 -0.047936 0.29791
v -0.022048 -0.048 0.298202
v -0.019121 -0.048123 0.298773
v -0.018936 -0.048127 0.298817
v -0.02859 -0.062363 0.291358
v -0.028267 -0.055496 0.295768
v -0.027635 -0.047527 0.297442
v 0.042028 -0.061762 0.15501
v 0.046541 -0.058498 0.145468
v 0.033502 -0.0295 0.174627
v 0.034099 0.0 0.174564
v 0.028262 -0.0295 0.185865
v 0.027496 -0.068758 0.185885
v 0.032498 -0.066868 0.175236
v 0.037345 -0.064543 0.164939
v 0.050872 -0.054718 0.136336
v 0.053043 -0.052539 0.131769
v 0.056551 -0.048535 0.124411
v 0.059854 -0.044095 0.117511
v 0.062401 -0.040106 0.112215
v 0.06485 -0.035663 0.107147
v 0.067076 -0.030924 0.102569
v 0.069065 -0.025875 0.098511
v 0.07023 -0.022391 0.096157
v 0.071519 -0.017827 0.09358
v 0.072553 -0.013203 0.091554
v 0.073163 -0.009538 0.090398
v 0.07365 -0.004935 0.089544
v 0.073821 -0.000269 0.089369
v 0.073823 0.0 0.089376
v 0.027537 -0.069097 0.185037
v 0.032266 -0.067308 0.175038
v 0.032396 -0.067202 0.175121
v 0.034253 -0.066354 0.170844
v 0.037147 -0.064965 0.16474
v 0.037261 -0.064858 0.16482
v 0.040639 -0.062889 0.157388
v 0.041865 -0.062161 0.154809
v 0.041963 -0.062056 0.154888
v 0.046609 -0.058697 0.144851
v 0.050774 -0.055061 0.136133
v 0.050841 -0.054963 0.136209
v 0.073846 -0.000268 0.089305
v 0.073843 0.0 0.08931
v 0.073862 -0.000267 0.089238
v 0.073862 0.0 0.089244
v 0.073868 -0.000265 0.08917
v 0.07387 0.0 0.089176
v 0.073866 0.0 0.089229
v 0.073689 -0.004952 0.089413
v 0.072589 -0.013259 0.091423
v 0.073205 -0.009596 0.090199
v 0.073201 -0.009578 0.090267
v 0.073437 -0.0074 0.089794
v 0.073695 -0.00496 0.089345
v 0.071553 -0.017902 0.093449
v 0.072271 -0.014719 0.091979
v 0.072592 -0.013285 0.091354
v 0.069092 -0.02598 0.09838
v 0.070256 -0.022525 0.095956
v 0.07026 -0.022483 0.096026
v 0.070428 -0.021916 0.095614
v 0.071552 -0.017936 0.09338
v 0.062409 -0.040272 0.112085
v 0.064846 -0.035873 0.106945
v 0.064865 -0.035808 0.107016
v 0.067085 -0.031106 0.102367
v 0.067098 -0.031049 0.102438
v 0.06794 -0.028936 0.100633
v 0.069085 -0.026029 0.09831
v 0.059855 -0.044281 0.117382
v 0.061208 -0.042184 0.114438
v 0.062382 -0.040345 0.112013
v 0.073674 -0.004944 0.08948
v 0.073187 -0.009558 0.090334
v 0.072576 -0.013231 0.09149
v 0.071542 -0.017865 0.093517
v 0.070251 -0.022438 0.096093
v 0.069086 -0.025929 0.098448
v 0.067095 -0.030988 0.102506
v 0.064867 -0.035737 0.107084
v 0.062416 -0.040191 0.112153
v 0.059866 -0.044191 0.11745
v 0.05656 -0.048643 0.124352
v 0.053048 -0.05266 0.131711
v 0.05654 -0.048744 0.124283
v 0.05302 -0.052771 0.131641
v 0.052057 -0.053773 0.133454
v 0.052961 -0.052865 0.131566
v 0.056494 -0.048832 0.124209
v 0.056936 -0.048238 0.123292
v 0.059819 -0.044361 0.117309
v 0.050874 -0.054846 0.136278
v 0.046493 -0.058768 0.145343
v 0.046411 -0.058871 0.145266
v 0.046422 -0.058861 0.145242
v 0.046538 -0.05864 0.145413
v 0.04202 -0.061918 0.154958
v 0.03733 -0.064712 0.16489
v 0.032478 -0.067049 0.17519
v 0.027229 -0.069214 0.185689
v 0.027375 -0.06911 0.185773
v 0.027469 -0.06895 0.185842
v -9e-06 -0.076638 0.119426
v -8e-06 -0.076754 0.10894
v 0.006539 -0.076404 0.107374
v -4e-06 -0.076574 0.066243
v -3e-06 -0.076366 0.060326
v 0.006621 -0.076029 0.05925
v 0.074499 0.0 0.053486
v 0.07408 0.0 0.07723
v 0.073711 -0.007381 0.079132
v 0.068258 -0.028995 0.08548
v 0.052476 -0.054083 0.093201
v 0.040761 -0.063113 0.147422
v -1.8e-05 -0.073858 0.212629
v -1.5e-05 -0.074773 0.189951
v 0.004304 -0.073885 0.207237
v 0.006423 -0.07539 0.159987
v 0.00629 -0.073742 0.20515
v 0.009007 -0.073545 0.202296
v 0.013651 -0.074242 0.15742
v 0.020825 -0.072416 0.154668
v 0.020594 -0.071269 0.193102
v 0.01722 -0.072137 0.1954
v 0.013464 -0.072867 0.198383
v 0.012123 -0.073128 0.199448
v 0.027789 -0.069963 0.152107
v 0.026533 -0.069409 0.188077
v 0.021009 -0.071162 0.192819
v 0.026493 -0.069371 0.189658
v 0.034461 -0.066868 0.149714
v 0.047055 -0.059176 0.095106
v 0.057333 -0.048443 0.09129
v 0.061587 -0.042328 0.089383
v 0.065227 -0.035818 0.087457
v 0.07069 -0.021935 0.083424
v 0.072531 -0.014718 0.081269
v 0.074469 0.0 0.030121
v 0.074533 0.0 0.040886
v 0.074165 -0.007222 0.042154
v 0.074554 0.0 0.044465
v 0.074056 -0.007114 0.028691
v 0.072944 -0.014429 0.029407
v 0.072713 -0.01428 0.021124
v 0.07417 0.0 0.021124
v 0.074397 0.0 0.027958
v 0.073792 -0.007026 0.021124
v 0.07377 -0.007427 0.021124
v 0.068653 -0.028619 0.030801
v 0.0684 -0.028284 0.021124
v 0.069587 -0.025477 0.021124
v 0.071129 -0.021623 0.030108
v 0.070816 -0.021834 0.021124
v 0.070927 -0.021399 0.021124
v 0.07265 -0.014687 0.021124
v 0.066711 -0.032281 0.021124
v 0.065531 -0.035345 0.031487
v 0.065277 -0.034916 0.021124
v 0.063214 -0.038707 0.021124
v 0.06178 -0.041737 0.032165
v 0.061516 -0.041206 0.021124
v 0.059112 -0.044746 0.021124
v 0.057423 -0.047728 0.032838
v 0.057204 -0.047138 0.021124
v 0.052492 -0.053257 0.033507
v 0.047034 -0.058264 0.034173
v 0.046812 -0.057472 0.021124
v 0.05155 -0.053311 0.021124
v 0.052256 -0.052555 0.021124
v 0.056574 -0.047927 0.021124
v 0.041102 -0.062696 0.034839
v 0.034759 -0.066515 0.03551
v 0.037438 -0.064037 0.021124
v 0.040129 -0.062383 0.021124
v 0.040906 -0.061826 0.021124
v 0.046062 -0.058131 0.021124
v 0.028069 -0.069693 0.036195
v 0.030891 -0.067445 0.021124
v 0.034576 -0.065526 0.021124
v 0.021103 -0.07221 0.036898
v 0.024093 -0.070167 0.021124
v 0.027931 -0.06863 0.021124
v 0.013898 -0.072869 0.021124
v 0.014234 -0.07282 0.021124
v 0.013932 -0.074049 0.037624
v 0.017065 -0.072206 0.021124
v 0.021011 -0.071061 0.021124
v 0.007003 -0.073874 0.021124
v 0.00664 -0.075173 0.03836
v 0.006631 -0.073892 0.021124
v 0.0 -0.074209 0.021124
v -2e-06 -0.075464 0.039019
v -2e-06 -0.07577 0.043382
v -3e-06 -0.076032 0.050831
v -5e-06 -0.076736 0.083829
v -7e-06 -0.07687 0.0985
v -6e-06 -0.076738 0.084075
v 0.006586 -0.07642 0.082454
v -1.4e-05 -0.075172 0.180071
v -1.2e-05 -0.075686 0.161658
v -1.2e-05 -0.07586 0.155447
v -1e-05 -0.076487 0.132956
v 0.013889 -0.075207 0.080688
v 0.013925 -0.074845 0.057951
v 0.021101 -0.07328 0.078874
v 0.021123 -0.072943 0.05664
v 0.02811 -0.070706 0.077151
v 0.028118 -0.070381 0.055385
v 0.034834 -0.067166 0.054176
v 0.073013 -0.014575 0.043438
v 0.07117 -0.021812 0.044701
v 0.068691 -0.028862 0.045931
v 0.065585 -0.035651 0.047135
v 0.061857 -0.042111 0.04832
v 0.057522 -0.048172 0.049494
v 0.052602 -0.053767 0.050665
v 0.047141 -0.058831 0.051831
v 0.041198 -0.063309 0.052997
v 0.041131 -0.063663 0.097001
v 0.034771 -0.067512 0.098922
v 0.02805 -0.070714 0.100912
v 0.021042 -0.073271 0.103012
v 0.013829 -0.07519 0.105238
v -0.014471 -0.074151 0.035096
v -0.014988 -0.075163 0.0512
v -0.022745 -0.073883 0.051415
v -0.083554 -0.02656 0.148108
v -0.081916 -0.03504 0.1487
v -0.08287 -0.035133 0.180613
v -0.086969 0.0 0.215438
v -0.086997 0.0 0.209683
v -0.086614 -0.00923 0.210592
v -0.087051 0.0 0.198792
v -0.086756 0.0 0.177289
v -0.086416 -0.009336 0.178155
v -0.086638 0.0 0.168766
v -0.085786 0.0 0.146253
v -0.085425 -0.00926 0.146883
v -0.084416 0.0 0.120312
v -0.084101 0.0 0.116358
v -0.08292 -0.017555 0.116796
v -0.077424 0.0 0.047667
v -0.076107 0.0 0.03673
v -0.075749 -0.007402 0.036616
v -0.052791 -0.052566 0.021124
v -0.052612 -0.052729 0.021124
v -0.054948 -0.055153 0.036068
v -0.031947 -0.067159 0.021124
v -0.028109 -0.068723 0.021124
v -0.029217 -0.070509 0.035429
v -0.021912 -0.070985 0.021124
v -0.021161 -0.071172 0.021124
v -0.021933 -0.072646 0.035257
v -0.01644 -0.076441 0.119028
v -0.085896 -0.008941 0.244259
v -0.08574 -0.008907 0.246816
v -0.086036 -0.005206 0.24665
v -0.086305 0.0 0.243479
v -0.086161 -0.00225 0.246609
v -0.086257 0.0 0.245485
v -0.084676 -0.00225 0.276967
v -0.084731 0.0 0.276999
v -0.085284 -0.014619 0.247074
v -0.085053 -0.017308 0.245008
v -0.084905 -0.017255 0.247318
v -0.083985 -0.023653 0.247909
v -0.083734 -0.025593 0.245728
v -0.08358 -0.025514 0.248166
v -0.082345 -0.031182 0.248949
v -0.081822 -0.033694 0.246424
v -0.081606 -0.03356 0.249389
v -0.080217 -0.038026 0.250215
v -0.079129 -0.041472 0.247099
v -0.078824 -0.041245 0.250968
v -0.077554 -0.04418 0.251654
v -0.075461 -0.048724 0.247762
v -0.075861 -0.047253 0.252491
v -0.068938 -0.056036 0.255374
v -0.070172 -0.054668 0.254893
v -0.070672 -0.05519 0.248424
v -0.072655 -0.051916 0.253926
v -0.075087 -0.048379 0.252837
v -0.066113 -0.058522 0.256339
v -0.064726 -0.060605 0.249096
v -0.064143 -0.059901 0.25692
v -0.056744 -0.064246 0.258848
v -0.057179 -0.064015 0.258743
v -0.057763 -0.064802 0.249786
v -0.061654 -0.061643 0.257654
v -0.054695 -0.065133 0.259277
v -0.050052 -0.067795 0.250493
v -0.049497 -0.066941 0.260193
v -0.048855 -0.067164 0.260306
v -0.041885 -0.069756 0.251213
v -0.042629 -0.068702 0.261131
v -0.036031 -0.069812 0.26177
v -0.033473 -0.070923 0.251943
v -0.041409 -0.068907 0.261249
v -0.024952 -0.071525 0.252685
v -0.016042 -0.070595 0.271569
v -0.016184 -0.070661 0.270541
v -0.016529 -0.071167 0.262734
v -0.016303 -0.071467 0.258039
v -0.016384 -0.071752 0.25344
v -0.016153 -0.071666 0.254926
v -0.015972 -0.071755 0.253477
v -0.002297 -0.073712 0.215922
v -0.00617 -0.073428 0.222375
v -0.016767 -0.073507 0.221298
v -0.006415 -0.07341 0.222784
v -0.008764 -0.073193 0.227487
v -0.011704 -0.072836 0.234709
v -0.013954 -0.072432 0.242149
v -0.01552 -0.071979 0.249856
v -0.016897 -0.074916 0.188321
v -0.016786 -0.07593 0.154264
v -0.007539 -0.07671 0.084184
v -0.006673 -0.073882 0.021124
v -0.007139 -0.075896 0.050998
v -0.007445 -0.073844 0.021124
v -0.014755 -0.072765 0.021124
v -0.013984 -0.072879 0.021124
v -0.02516 -0.069925 0.021124
v -0.038361 -0.063777 0.021124
v -0.0348 -0.065654 0.021124
v -0.036251 -0.067717 0.035606
v -0.044392 -0.059791 0.021124
v -0.041149 -0.061934 0.021124
v -0.042954 -0.064244 0.035778
v -0.049224 -0.060059 0.035935
v -0.047141 -0.057658 0.021124
v -0.047403 -0.057455 0.021124
v -0.057623 -0.047202 0.021124
v -0.057558 -0.047274 0.021124
v -0.060017 -0.049562 0.036172
v -0.0619 -0.041375 0.021124
v -0.062555 -0.051702 0.052656
v -0.061919 -0.041345 0.021124
v -0.066921 -0.045297 0.052795
v -0.06356 -0.03874 0.021124
v -0.070464 -0.038359 0.05292
v -0.073253 -0.031043 0.053041
v -0.067035 -0.032236 0.021124
v -0.065577 -0.034963 0.021124
v -0.073183 -0.022448 0.036441
v -0.071072 -0.021348 0.021124
v -0.069834 -0.025449 0.021124
v -0.074786 -0.014985 0.036519
v -0.072808 -0.014206 0.021124
v -0.072477 -0.016191 0.021124
v -0.071963 -0.018394 0.021124
v -0.073703 -0.008836 0.021124
v -0.07383 -0.006927 0.021124
v -0.074205 -0.001337 0.021124
v -0.074228 0.0 0.021124
v -0.08154 0.0 0.085963
v -0.079283 0.0 0.063719
v -0.077773 -0.007846 0.053464
v -0.078116 0.0 0.053648
v -0.085502 0.0 0.138749
v -0.025564 -0.075674 0.153676
v -0.025741 -0.074796 0.187502
v -0.034281 -0.072927 0.219579
v -0.034288 -0.075029 0.153106
v -0.034544 -0.07431 0.186704
v -0.042886 -0.073781 0.152551
v -0.043237 -0.073233 0.185923
v -0.051206 -0.071671 0.152008
v -0.051666 -0.07129 0.185156
v -0.058999 -0.068427 0.151472
v -0.059576 -0.068198 0.1844
v -0.059178 -0.06698 0.217113
v -0.051294 -0.069987 0.217922
v -0.042914 -0.071878 0.218744
v -0.080479 -0.04334 0.181391
v -0.079555 -0.043255 0.149279
v -0.077098 -0.051054 0.182154
v -0.076228 -0.051 0.149845
v -0.072511 -0.05797 0.182905
v -0.071719 -0.057978 0.150397
v -0.069728 -0.061022 0.183279
v -0.085665 -0.018019 0.178997
v -0.084682 -0.01794 0.147503
v -0.084524 -0.026648 0.179816
v -0.085826 -0.017806 0.211473
v -0.084615 -0.026322 0.212325
v -0.082865 -0.034681 0.213152
v -0.069364 -0.060004 0.215923
v -0.072181 -0.057034 0.215531
v -0.076863 -0.05029 0.214749
v -0.08036 -0.042741 0.213958
v -0.076312 -0.049607 0.231196
v -0.071577 -0.056225 0.231937
v -0.06624 -0.062665 0.216317
v -0.051371 -0.062284 0.052303
v -0.05948 -0.059276 0.068862
v -0.057347 -0.057407 0.052493
v -0.066782 -0.054951 0.085324
v -0.076859 -0.015707 0.053307
v -0.075363 -0.023463 0.053168
v -0.068661 -0.028292 0.021124
v -0.030348 -0.072024 0.051639
v -0.037723 -0.069524 0.051867
v -0.044775 -0.066306 0.052091
v -0.046391 -0.067979 0.068459
v -0.053276 -0.064115 0.06867
v -0.054928 -0.065595 0.085074
v -0.061331 -0.060803 0.08521
v -0.062898 -0.06201 0.101585
v -0.069827 -0.057005 0.11785
v -0.082191 0.0 0.09238
v -0.081158 -0.008533 0.08584
v -0.08033 -0.016825 0.085739
v -0.07903 -0.025024 0.085652
v -0.077163 -0.033065 0.085573
v -0.0746 -0.040848 0.085497
v -0.071186 -0.048217 0.085417
v -0.015843 -0.076255 0.084316
v -0.024083 -0.075398 0.084459
v -0.031349 -0.073184 0.068016
v -0.032212 -0.074047 0.08461
v -0.040155 -0.072072 0.084766
v -0.039028 -0.070958 0.068238
v -0.047789 -0.069312 0.084923
v -0.048967 -0.070332 0.101542
v -0.056323 -0.066752 0.101569
v -0.057463 -0.067599 0.118189
v -0.064186 -0.062913 0.118027
v -0.065197 -0.063524 0.134503
v -0.068984 -0.061073 0.150669
v -0.074277 -0.050083 0.117656
v -0.077617 -0.04245 0.117448
v -0.080036 -0.034372 0.117234
v -0.081744 -0.026036 0.117015
v -0.025019 -0.075934 0.118841
v -0.03352 -0.074994 0.118667
v -0.04187 -0.073442 0.118502
v -0.049926 -0.071055 0.118345
v -0.058355 -0.068152 0.134863
v -0.065936 -0.063861 0.150938
v -0.066627 -0.063758 0.183651
v -0.036106 -0.065483 0.261839
v -0.036131 -0.06407 0.276647
v -0.036144 -0.063341 0.280185
v -0.03616 -0.062443 0.282482
v -0.036165 -0.062153 0.282966
v -0.036192 -0.060571 0.285596
v -0.03622 -0.058982 0.287451
v -0.036236 -0.058081 0.288205
v -0.036269 -0.056168 0.289804
v -0.036642 -0.034811 0.297516
v -0.036642 -0.034811 0.293265
v -0.03645 -0.045796 0.293074
v -0.03641 -0.048086 0.292897
v -0.036367 -0.050579 0.292385
v -0.036335 -0.052383 0.291691
v -0.036306 -0.054043 0.291053
v -0.080022 -0.00225 0.27959
v -0.080431 -0.00225 0.276706
v -0.080212 -0.00666 0.276648
v -0.079306 -0.00225 0.28199
v -0.077695 -0.00225 0.285255
v -0.07866 -0.00225 0.283299
v -0.078515 -0.006665 0.283274
v -0.074503 -0.0065 0.288812
v -0.076224 -0.00225 0.287286
v -0.071558 -0.00225 0.291263
v -0.073622 -0.00225 0.289833
v -0.07466 -0.00225 0.288817
v -0.062215 -0.00225 0.293834
v -0.06584 -0.00225 0.293471
v -0.06874 -0.006189 0.292483
v -0.068259 -0.00225 0.292805
v -0.068917 -0.00225 0.292497
v -0.039209 -0.051724 0.291798
v -0.040601 -0.057098 0.288337
v -0.041608 -0.060942 0.283141
v -0.042103 -0.062763 0.276878
v -0.079259 -0.015978 0.276595
v -0.077548 -0.015853 0.283188
v -0.077676 -0.024583 0.276653
v -0.07594 -0.0243 0.283182
v -0.076302 -0.02975 0.276749
v -0.074552 -0.029338 0.28322
v -0.074059 -0.035999 0.276923
v -0.072309 -0.035384 0.283305
v -0.071239 -0.041731 0.277125
v -0.069528 -0.040874 0.283411
v -0.069385 -0.044704 0.277234
v -0.067723 -0.043698 0.283469
v -0.066086 -0.048963 0.277371
v -0.064545 -0.047722 0.28354
v -0.06216 -0.052836 0.277436
v -0.060803 -0.05137 0.283565
v -0.059903 -0.054638 0.277432
v -0.058661 -0.053073 0.283553
v -0.055247 -0.057639 0.27735
v -0.054239 -0.05593 0.283484
v -0.050353 -0.060011 0.277197
v -0.049567 -0.058223 0.283369
v -0.048428 -0.060775 0.277126
v -0.047719 -0.05897 0.283318
v -0.073562 -0.01539 0.288694
v -0.072008 -0.023495 0.288624
v -0.070682 -0.02827 0.288603
v -0.068568 -0.033924 0.2886
v -0.065996 -0.038967 0.288613
v -0.064349 -0.041525 0.288622
v -0.061485 -0.045132 0.288629
v -0.058145 -0.048376 0.288617
v -0.056233 -0.049895 0.288599
v -0.052263 -0.052461 0.288545
v -0.048008 -0.054555 0.288471
v -0.046305 -0.055247 0.28844
v -0.067857 -0.014654 0.292345
v -0.06642 -0.022279 0.292231
v -0.065216 -0.026692 0.292171
v -0.063333 -0.031812 0.292107
v -0.061098 -0.036258 0.292057
v -0.059696 -0.038464 0.292033
v -0.057292 -0.04152 0.291998
v -0.054518 -0.044229 0.291963
v -0.052924 -0.045499 0.291943
v -0.049566 -0.047665 0.291902
v -0.045873 -0.049469 0.291861
v -0.044365 -0.050076 0.291845
v -0.062036 -0.005774 0.293772
v -0.061229 -0.013747 0.293633
v -0.059943 -0.020819 0.29351
v -0.058893 -0.024816 0.29344
v -0.057298 -0.029329 0.293361
v -0.055472 -0.033097 0.293295
v -0.054359 -0.034906 0.293264
v -0.052494 -0.037341 0.293221
v -0.050374 -0.039446 0.293184
v -0.049143 -0.040432 0.293167
v -0.046485 -0.042139 0.293137
v -0.043431 -0.043605 0.293112
v -0.042144 -0.04411 0.293103
v -0.037612 -0.045511 0.293079
v -0.044295 -0.030573 0.293339
v -0.043512 -0.031236 0.293328
v -0.042114 -0.032419 0.293307
v -0.040913 -0.033073 0.293296
v -0.040056 -0.033539 0.293287
v -0.045178 -0.029471 0.293359
v -0.045515 -0.02887 0.293369
v -0.047038 -0.02616 0.293416
v -0.047421 -0.025188 0.293433
v -0.048086 -0.023502 0.293463
v -0.048904 -0.020523 0.293515
v -0.051465 -0.00225 0.293834
v -0.051097 -0.00711 0.293749
v -0.050852 -0.010338 0.293692
v -0.050172 -0.01451 0.29362
v -0.049613 -0.01794 0.29356
v -0.051465 -0.00225 0.298084
v -0.040056 -0.033539 0.297538
v -0.040913 -0.033073 0.297546
v -0.042114 -0.032419 0.297558
v -0.043512 -0.031236 0.297578
v -0.044295 -0.030573 0.29759
v -0.045178 -0.029471 0.297609
v -0.045515 -0.02887 0.29762
v -0.047038 -0.02616 0.297667
v -0.047421 -0.025188 0.297684
v -0.048086 -0.023502 0.297713
v -0.048904 -0.020523 0.297765
v -0.049613 -0.01794 0.29781
v -0.050172 -0.01451 0.29787
v -0.050852 -0.010338 0.297943
v -0.051097 -0.00711 0.298
v -0.031534 0.0 0.298124
v -0.062277 0.0 0.298124
v -0.062218 -0.00225 0.298084
v -0.018747 -0.034498 0.299107
v -0.022204 0.0 0.299043
v -0.018678 -0.0295 0.299214
v -0.017515 0.0 0.300043
v -0.017111 -0.0295 0.299618
v -0.029591 0.0 0.298161
v -0.023561 0.0 0.298754
v 0.034937 -0.0295 0.318061
v 0.041378 -0.0295 0.319406
v 0.041264 0.0 0.319964
v 0.04597 -0.0295 0.320364
v 0.051547 0.0 0.321782
v 0.040185 0.0 0.319774
v 0.029146 0.0 0.317084
v 0.027332 -0.0295 0.315952
v 0.027185 0.0 0.316465
v 0.024217 -0.0295 0.315089
v 0.017502 -0.0295 0.31284
v 0.018122 0.0 0.313606
v 0.015401 -0.0295 0.312023
v 0.015227 0.0 0.312494
v 0.006316 0.0 0.309072
v 0.005224 -0.0295 0.308064
v 0.004828 0.0 0.308452
v 0.005023 -0.0295 0.307981
v -0.004322 -0.0295 0.30412
v -0.002461 0.0 0.305417
v -0.004519 0.0 0.304608
v -0.006159 -0.0295 0.303361
v -0.010231 0.0 0.302362
v -0.013189 -0.0295 0.300826
v -0.013363 0.0 0.301365
v -0.014012 -0.0295 0.300528
v -0.015514 -0.0295 0.300069
v 0.030937 -0.0295 0.199758
v 0.031228 -0.0295 0.198971
v 0.05029 -0.0295 0.196906
v -0.018536 -0.0295 0.299228
v -0.018372 -0.0295 0.299192
v -0.01823 -0.0295 0.299104
v 0.074754 -0.0295 0.201234
v 0.073479 -0.0295 0.200923
v 0.064493 -0.0295 0.199048
v 0.031243 -0.0295 0.198132
v 0.030979 -0.0295 0.197335
v 0.028437 -0.0295 0.192554
v 0.062277 -0.0295 0.198585
v -0.004688 -0.0295 0.278761
v -0.004168 -0.0295 0.278102
v 0.027588 -0.0295 0.189688
v -0.005397 -0.0295 0.27921
v 0.030086 -0.0295 0.200635
v 0.030401 -0.0295 0.200404
v -0.018067 -0.0295 0.298815
v -0.018124 -0.0295 0.298973
v -0.003198 -0.0295 0.24726
v 0.001448 -0.0295 0.233333
v 0.008751 -0.0295 0.220597
v 0.018424 -0.0295 0.209553
v -0.003894 -0.0295 0.277308
v -0.003899 -0.0295 0.276469
v -0.005004 -0.0295 0.26183
v 0.06459 0.0 0.19854
v 0.059104 0.0 0.197537
v 0.050568 0.0 0.196419
v 0.079814 0.0 0.202025
v 0.06805 0.0 0.199173
v 0.076212 0.0 0.090044
v 0.076176 0.0 0.090226
v 0.076089 0.0 0.090433
v 0.077054 0.0 0.044472
v 0.076565 0.0 0.076444
v 0.076958 0.0 0.039998
v 0.076291 0.0 0.089639
v 0.076369 0.0 0.089237
v 0.076325 -0.000637 0.089634
v 0.076231 -0.000642 0.090035
v 0.076083 -0.000646 0.090419
v 0.076363 -0.000631 0.089224
v 0.076178 -0.005288 0.089421
v 0.076143 -0.005237 0.089832
v 0.075929 -0.007612 0.08984
v 0.075657 -0.009817 0.090668
v 0.075682 -0.009928 0.090257
v 0.075011 -0.013938 0.091484
v 0.074998 -0.013779 0.091897
v 0.074744 -0.015126 0.091991
v 0.073962 -0.01841 0.093896
v 0.073957 -0.018619 0.093481
v 0.072652 -0.023237 0.09601
v 0.072676 -0.022983 0.096427
v 0.071373 -0.027053 0.098514
v 0.071417 -0.026762 0.098934
v 0.070342 -0.029658 0.100549
v 0.069419 -0.031844 0.102948
v 0.069341 -0.032186 0.102524
v 0.067181 -0.036634 0.107476
v 0.067252 -0.036625 0.106674
v 0.067064 -0.037025 0.107048
v 0.064554 -0.041582 0.112057
v 0.064717 -0.041144 0.11249
v 0.06349 -0.04325 0.114188
v 0.062067 -0.045333 0.117902
v 0.061853 -0.045813 0.117464
v 0.058725 -0.049868 0.124752
v 0.05912 -0.049486 0.122951
v 0.058444 -0.050394 0.124308
v 0.054816 -0.054541 0.131609
v 0.05517 -0.053976 0.132061
v 0.054135 -0.055224 0.132982
v 0.052844 -0.056339 0.136853
v 0.052441 -0.056924 0.136397
v 0.048438 -0.060231 0.145951
v 0.048539 -0.060325 0.14428
v 0.048348 -0.060491 0.144666
v 0.047942 -0.060845 0.145486
v 0.043251 -0.064239 0.154989
v 0.043843 -0.063608 0.155464
v 0.04243 -0.064727 0.156656
v 0.03907 -0.066498 0.165367
v 0.038381 -0.067136 0.164882
v 0.035871 -0.068345 0.170001
v 0.034131 -0.068926 0.175643
v 0.033347 -0.06956 0.175147
v 0.029035 -0.070911 0.186273
v 0.02898 -0.071221 0.184084
v 0.028159 -0.071533 0.185765
v 0.076051 -0.005184 0.090233
v 0.075571 -0.009701 0.091071
v 0.07492 -0.013613 0.0923
v 0.073896 -0.018189 0.0943
v 0.072624 -0.022713 0.096832
v 0.071378 -0.02645 0.09934
v 0.069402 -0.031474 0.103355
v 0.067189 -0.036207 0.107885
v 0.064755 -0.04066 0.112901
v 0.062139 -0.044791 0.118315
v 0.058842 -0.049262 0.125166
v 0.055338 -0.053307 0.132476
v 0.053047 -0.055633 0.137269
v 0.048707 -0.059461 0.146368
v 0.044182 -0.06278 0.15588
v 0.039484 -0.065619 0.165783
v 0.03462 -0.068003 0.176058
v 0.029599 -0.069951 0.186687
v 0.075904 -0.005129 0.090618
v 0.075428 -0.009582 0.091455
v 0.074781 -0.013441 0.092683
v 0.073762 -0.017961 0.094682
v 0.072496 -0.022435 0.097213
v 0.071255 -0.026128 0.09972
v 0.069289 -0.03109 0.103733
v 0.067088 -0.03576 0.10826
v 0.064666 -0.04015 0.113271
v 0.062066 -0.044218 0.11868
v 0.058789 -0.048612 0.125525
v 0.055309 -0.052582 0.132825
v 0.053033 -0.054861 0.137612
v 0.048724 -0.058606 0.146696
v 0.044234 -0.061845 0.156193
v 0.039571 -0.064608 0.166079
v 0.034744 -0.06692 0.176334
v 0.029762 -0.068802 0.186941
v 0.029309 -0.068973 0.189185
v 0.029328 -0.069001 0.188433
v 0.029081 -0.070146 0.188385
v 0.02744 -0.071738 0.188155
v 0.027398 -0.0717 0.189737
v 0.028418 -0.071107 0.188287
v 0.028387 -0.071072 0.189623
v 0.029056 -0.070111 0.189512
v 0.029304 -0.068964 0.189421
v 0.027528 -0.071721 0.187623
v 0.028493 -0.07109 0.187838
v 0.029144 -0.07013 0.188006
v 0.029381 -0.068985 0.188101
v -0.018237 -0.066707 0.292584
v -0.017671 -0.069133 0.289261
v -0.022997 -0.069995 0.286287
v -0.023839 -0.064584 0.293585
v -0.018336 -0.066095 0.293179
v -0.018636 -0.064809 0.294385
v -0.018541 -0.064825 0.294414
v -0.019614 -0.057159 0.299331
v -0.019102 -0.060266 0.297887
v -0.018857 -0.062676 0.296311
v -0.018728 -0.063667 0.295541
v -0.019506 -0.052411 0.300801
v -0.019369 -0.056409 0.29969
v -0.019318 -0.057145 0.299346
v -0.017307 -0.070278 0.287161
v -0.017306 -0.070281 0.287154
v -0.016689 -0.071215 0.285016
v -0.021792 -0.072414 0.277572
v -0.016397 -0.071458 0.284371
v -0.016685 -0.072596 0.278312
v -0.016372 -0.071471 0.284332
v -0.015188 -0.07265 0.278529
v -0.015116 -0.072619 0.278817
v -0.015211 -0.072054 0.282533
v -0.014545 -0.072374 0.281113
v -0.014647 -0.072224 0.281907
v -0.014354 -0.072295 0.281623
v -0.035442 -0.071005 0.277239
v -0.035026 -0.068544 0.285939
v -0.033365 -0.071276 0.277213
v -0.028951 -0.069444 0.285879
v -0.028548 -0.071904 0.277153
v -0.028968 -0.064044 0.293171
v -0.034152 -0.063184 0.293181
v -0.024206 -0.056901 0.298495
v -0.028596 -0.056415 0.29807
v -0.032935 -0.055629 0.298014
v -0.019516 -0.048171 0.301249
v -0.019891 -0.048163 0.301161
v -0.022511 -0.048042 0.300657
v -0.024048 -0.047971 0.300361
v -0.027884 -0.047562 0.29993
v -0.031534 -0.046868 0.299806
v -0.013197 -0.072155 0.281063
v -0.013095 -0.072142 0.281013
v -0.01329 -0.072208 0.280563
v -0.014561 -0.07261 0.27841
v -0.013957 -0.072437 0.278287
v 0.000697 -0.07618 0.213233
v 1.4e-05 -0.076355 0.212748
v -0.00235 -0.076206 0.216129
v 7e-06 -0.076355 0.21274
v 2e-06 -0.076356 0.212726
v 0.0 -0.076357 0.21271
v 0.001289 -0.075849 0.213645
v 0.000818 -0.076149 0.213318
v -0.001628 -0.076054 0.2166
v 0.00071 -0.076177 0.213242
v -0.005662 -0.075764 0.223295
v -0.006116 -0.075928 0.222425
v 0.001351 -0.075797 0.213687
v -0.000969 -0.075661 0.217019
v -0.001017 -0.075657 0.217099
v -0.004983 -0.075392 0.223645
v -0.008179 -0.075537 0.228329
v -0.007487 -0.075181 0.228627
v -0.00762 -0.075166 0.228952
v -0.011036 -0.075195 0.235357
v -0.010333 -0.074862 0.235586
v -0.012181 -0.074559 0.241614
v -0.013242 -0.074811 0.242604
v -0.012534 -0.074502 0.242763
v -0.0148 -0.07438 0.250113
v -0.014097 -0.074097 0.250205
v -0.014706 -0.073831 0.254861
v -0.015496 -0.074053 0.255533
v -0.0148 -0.07379 0.255578
v -0.015879 -0.073577 0.26315
v -0.015204 -0.073344 0.263134
v -0.006402 -0.075907 0.222903
v -0.008929 -0.075672 0.227993
v -0.011794 -0.075319 0.235098
v -0.014001 -0.074921 0.24242
v -0.015551 -0.074475 0.250003
v -0.016233 -0.074136 0.255472
v -0.01659 -0.073645 0.263155
v -0.016246 -0.073146 0.27084
v -0.015572 -0.073093 0.270774
v -0.015014 -0.073031 0.268344
v -0.014928 -0.07289 0.270701
v 0.059673 -0.049459 0.048331
v 0.064105 -0.043219 0.047201
v 0.073605 -0.022395 0.043711
v 0.071081 -0.029616 0.0449
v 0.07067 -0.029729 0.084595
v 0.076219 -0.007592 0.078332
v 0.075015 -0.015128 0.08044
v 0.067582 -0.036723 0.086543
v 0.063867 -0.043413 0.088442
v 0.059518 -0.049716 0.09032
v 0.054545 -0.055545 0.092203
v 0.042919 -0.065475 0.095956
v 0.04899 -0.060819 0.094084
v 0.042547 -0.064934 0.146833
v 0.036085 -0.068847 0.149108
v 0.029253 -0.072077 0.15148
v 0.021876 -0.073507 0.19283
v 0.022136 -0.074641 0.154015
v 0.021743 -0.073551 0.192904
v 0.014808 -0.076566 0.156744
v 0.017728 -0.074583 0.195572
v 0.01459 -0.075193 0.198
v 0.012594 -0.075581 0.199545
v 0.007384 -0.077811 0.159337
v 0.009082 -0.076048 0.202673
v 0.004333 -0.07638 0.207538
v 0.007227 -0.076178 0.204573
v 0.0 -0.077933 0.172583
v 0.0 -0.078915 0.066893
v 0.0 -0.079143 0.083797
v 0.007504 -0.078814 0.106207
v 0.0 -0.079366 0.100264
v 0.0 -0.079214 0.107948
v 0.0 -0.078483 0.050445
v 0.007561 -0.0784 0.057753
v 0.0 -0.07875 0.054734
v 0.0 -0.078807 0.058916
v 0.015063 -0.07712 0.056493
v 0.029584 -0.072443 0.054019
v 0.036454 -0.069099 0.052851
v 0.049052 -0.060462 0.050584
v 0.042967 -0.065098 0.051711
v 0.02243 -0.075118 0.05523
v 0.054641 -0.055229 0.049458
v 0.036406 -0.069476 0.097853
v 0.029529 -0.072809 0.099815
v 0.022368 -0.07548 0.101882
v 0.014995 -0.0775 0.104076
v 0.076656 -0.007432 0.041238
v 0.073144 -0.022508 0.082567
v 0.075482 -0.014984 0.042486
v 0.067912 -0.036581 0.04606
v 0.0 -0.07899 0.119229
v 0.0 -0.078274 0.155342
v 0.0 -0.078158 0.161222
v 0.012049 -0.075291 0.201676
v 0.013326 -0.075135 0.200467
v 0.012981 -0.07542 0.200019
v 0.004922 -0.076204 0.208051
v 0.027453 -0.071671 0.189863
v 0.02192 -0.07346 0.193222
v 0.027505 -0.071636 0.189988
v 0.022506 -0.073194 0.193255
v 0.022081 -0.073327 0.193533
v 0.017996 -0.074456 0.195977
v 0.018235 -0.074252 0.196367
v 0.017147 -0.074447 0.197276
v 0.009554 -0.075874 0.203174
v 0.009976 -0.075543 0.20364
v 0.007346 -0.075709 0.206475
v 0.005452 -0.075828 0.208517
v 0.029336 -0.069922 0.195729
v 0.028262 -0.070794 0.193345
v 0.029666 -0.068334 0.200925
v 0.029823 -0.068339 0.2008
v 0.030259 -0.068413 0.200269
v 0.030532 -0.068567 0.199575
v 0.030582 -0.06878 0.198814
v 0.030401 -0.069022 0.198108
v 0.027655 -0.07137 0.191411
v 0.027574 -0.071482 0.190897
v 0.027989 -0.068316 0.202187
v 0.025569 -0.06829 0.204009
v 0.023322 -0.068257 0.205934
v 0.020196 -0.068211 0.208612
v 0.018902 -0.068195 0.209861
v 0.01764 -0.06818 0.211079
v 0.014873 -0.068161 0.214107
v 0.012884 -0.068148 0.216285
v 0.008588 -0.068159 0.221884
v 0.007733 -0.068165 0.22324
v 0.004793 -0.068186 0.227904
v 0.003124 -0.0682 0.231029
v 0.002103 -0.068209 0.233317
v 0.000249 -0.068226 0.237477
v -0.00199 -0.068252 0.244132
v -0.002007 -0.068252 0.244182
v -0.003631 -0.068277 0.251134
v -0.004191 -0.068288 0.254644
v -0.00427 -0.068291 0.255552
v -0.004806 -0.06831 0.261703
v -0.004759 -0.068323 0.267339
v -0.004747 -0.068326 0.268806
v -0.012626 -0.071949 0.28066
v -0.004754 -0.068705 0.277059
v -0.003998 -0.068336 0.275938
v -0.004003 -0.068378 0.27656
v -0.004198 -0.068492 0.277147
v -0.004567 -0.068669 0.277656
v -0.011998 -0.071692 0.280261
v -0.010081 -0.070914 0.279463
v -0.007786 -0.069989 0.278832
v -0.005492 -0.069062 0.278199
v -0.0051 -0.068901 0.278046
v 0.029375 -0.068798 0.189954
v 0.029169 -0.069926 0.190247
v 0.029077 -0.07007 0.189616
v 0.028536 -0.07087 0.190579
v 0.028447 -0.071006 0.189815
v 0.029442 -0.06868 0.190255
v 0.029255 -0.069823 0.190602
v 0.028625 -0.07077 0.191009
v 0.029893 -0.068076 0.191401
v 0.029813 -0.069293 0.191921
v 0.029232 -0.070262 0.192614
v 0.031117 -0.067177 0.19367
v 0.031025 -0.068445 0.194227
v 0.030385 -0.06943 0.194966
v 0.032339 -0.066262 0.195934
v 0.032233 -0.06758 0.19653
v 0.031532 -0.068578 0.197316
v 0.032608 -0.067284 0.19804
v 0.030492 -0.066743 0.202302
v 0.0306 -0.065618 0.202518
v 0.031012 -0.065623 0.202229
v 0.030164 -0.067696 0.201744
v 0.030843 -0.066751 0.202052
v 0.030426 -0.067703 0.201551
v 0.032136 -0.065692 0.200999
v 0.031824 -0.066841 0.200999
v 0.032258 -0.065718 0.200708
v 0.03246 -0.067027 0.199608
v 0.032812 -0.065836 0.199384
v 0.032853 -0.065953 0.198334
v 0.032883 -0.066035 0.1976
v 0.031163 -0.067798 0.200742
v 0.031652 -0.067994 0.199676
v 0.031785 -0.068265 0.198474
v -0.003826 -0.067682 0.268738
v 0.026053 -0.067635 0.204684
v 0.020673 -0.067555 0.209153
v 0.019924 -0.065749 0.210736
v 0.021098 -0.065744 0.209643
v 0.020984 -0.066703 0.209509
v 0.026482 -0.065696 0.205307
v 0.02637 -0.066733 0.205136
v 0.013387 -0.067498 0.21671
v 0.018121 -0.067526 0.211573
v 0.01855 -0.065755 0.212017
v 0.018435 -0.06669 0.211896
v 0.013715 -0.066678 0.216988
v 0.009136 -0.067508 0.222262
v 0.005396 -0.067533 0.228239
v 0.003225 -0.065753 0.23413
v 0.00432 -0.065757 0.231617
v 0.004167 -0.066702 0.231543
v 0.005937 -0.065761 0.228537
v 0.005791 -0.066696 0.228457
v 0.009627 -0.065766 0.2226
v 0.009494 -0.066684 0.222509
v 0.010394 -0.065766 0.221596
v 0.013836 -0.065765 0.21709
v 0.003754 -0.067545 0.23134
v 0.000934 -0.06757 0.237736
v -0.001267 -0.067595 0.244383
v 0.001551 -0.065746 0.237967
v 0.001384 -0.066713 0.237906
v -0.00078 -0.066722 0.244514
v -0.002837 -0.067621 0.251269
v -0.003369 -0.067634 0.254743
v -0.003932 -0.067659 0.261723
v -0.00231 -0.066729 0.251356
v -0.002823 -0.066733 0.254806
v -0.003349 -0.066738 0.261735
v -0.003123 -0.065669 0.262163
v -0.003132 -0.065671 0.261736
v -0.002621 -0.065698 0.254827
v -0.002115 -0.06571 0.251386
v -0.001325 -0.06572 0.247832
v -0.000599 -0.06573 0.244561
v -0.002978 -0.06564 0.26867
v -0.003208 -0.066742 0.268691
v -0.00215 -0.065607 0.275612
v -0.00239 -0.066743 0.275659
v -0.003039 -0.067701 0.275773
v -0.002369 -0.0668 0.277004
v -0.005392 -0.067667 0.280743
v -0.005799 -0.066322 0.281264
v -0.004823 -0.06617 0.280892
v -0.00528 -0.068664 0.279628
v -0.004555 -0.067459 0.280347
v -0.004655 -0.068443 0.279321
v -0.003684 -0.065978 0.280059
v -0.003459 -0.067166 0.279425
v -0.003504 -0.065948 0.279927
v -0.0026 -0.065774 0.278657
v -0.002731 -0.066945 0.278286
v -0.0024 -0.065723 0.278021
v -0.002136 -0.065657 0.277182
v -0.003837 -0.068135 0.278616
v -0.003296 -0.067905 0.277752
v -0.003025 -0.067756 0.276786
v -0.008099 -0.06725 0.281863
v -0.007695 -0.068586 0.281349
v -0.007581 -0.069581 0.280248
v -0.0104 -0.068175 0.282463
v -0.009998 -0.069503 0.281955
v -0.009883 -0.070497 0.280867
v -0.012106 -0.06929 0.283269
v -0.011996 -0.069218 0.283187
v -0.011841 -0.070457 0.282677
v -0.012289 -0.06941 0.283404
v -0.012214 -0.07029 0.283048
v -0.012185 -0.070636 0.282908
v -0.012378 -0.071289 0.282336
v -0.012066 -0.071433 0.281773
v -0.012395 -0.071348 0.282285
v -0.012472 -0.07161 0.282056
v -0.011524 -0.071199 0.28146
v -0.011382 -0.070219 0.282422
v -0.011603 -0.06896 0.282943
v -0.013701 -0.072014 0.282345
v -0.013286 -0.071916 0.282346
v -0.012429 -0.071324 0.282341
v -0.012795 -0.070906 0.283167
v -0.012555 -0.070454 0.283344
v -0.012475 -0.070139 0.283362
v -0.013659 -0.071996 0.282392
v -0.013382 -0.071712 0.282656
v -0.013032 -0.071354 0.282991
v -0.016139 -0.070109 0.287275
v -0.013349 -0.068788 0.284674
v -0.012803 -0.069198 0.283895
v -0.013113 -0.070233 0.283913
v -0.015413 -0.071195 0.284801
v -0.013913 -0.071926 0.282639
v -0.013251 -0.071286 0.283201
v -0.012747 -0.070388 0.283521
v -0.012465 -0.069348 0.283557
v -0.01367 -0.071126 0.283666
v -0.014401 -0.07176 0.283185
v -0.013505 -0.068671 0.284896
v -0.013862 -0.0697 0.285083
v -0.014528 -0.070581 0.28505
v -0.013675 -0.068455 0.28525
v -0.014036 -0.069485 0.285497
v -0.014729 -0.070364 0.28554
v -0.015656 -0.070969 0.285372
v -0.014021 -0.067623 0.286431
v -0.014356 -0.068669 0.28688
v -0.015101 -0.069543 0.287176
v -0.016496 -0.068977 0.289361
v -0.015445 -0.068442 0.289209
v -0.014683 -0.067612 0.28883
v -0.017052 -0.066576 0.292662
v -0.017533 -0.063565 0.295601
v -0.01816 -0.056367 0.299731
v -0.017899 -0.060193 0.297936
v -0.018294 -0.052398 0.300839
v -0.018303 -0.048188 0.301286
v -0.015979 -0.066105 0.292427
v -0.016441 -0.063173 0.295293
v -0.016792 -0.05989 0.29757
v -0.017041 -0.056162 0.299322
v -0.017167 -0.052296 0.300402
v -0.017174 -0.048195 0.300838
v -0.015189 -0.065367 0.291916
v -0.015626 -0.062554 0.294665
v -0.015958 -0.059404 0.296848
v -0.016192 -0.055829 0.298527
v -0.01631 -0.052121 0.299562
v -0.016315 -0.048188 0.29998
v -0.014329 -0.066616 0.288283
v -0.014808 -0.064481 0.291211
v -0.01522 -0.061806 0.293818
v -0.015532 -0.058814 0.295887
v -0.015752 -0.05542 0.297477
v -0.015862 -0.051902 0.298457
v -0.015866 -0.048171 0.298852
v -0.017366 -0.034924 0.301331
v -0.01701 -0.034924 0.301099
v -0.017083 -0.041519 0.300982
v -0.015773 -0.041495 0.298994
v -0.015946 -0.034934 0.299943
v -0.016222 -0.041512 0.300124
v -0.01602 -0.034932 0.300083
v -0.016654 -0.034924 0.300866
v -0.016537 -0.034925 0.300758
v -0.016149 -0.03493 0.300251
v -0.019429 -0.041495 0.301389
v -0.019343 -0.034948 0.301528
v -0.018214 -0.041512 0.301428
v -0.018495 -0.034934 0.30161
v -0.018337 -0.034932 0.301598
v -0.018132 -0.03493 0.301547
v -0.017511 -0.034925 0.301394
v -0.005474 -0.049937 0.281473
v -0.002027 -0.049965 0.278229
v -0.003342 -0.049965 0.280284
v -0.001841 -0.049937 0.275796
v 0.030948 -0.049934 0.202623
v 0.033299 -0.049962 0.198441
v 0.032658 -0.049962 0.200833
v 0.032715 -0.049934 0.196035
v 0.036017 -0.034139 0.174959
v 0.036859 -0.032248 0.17323
v 0.037067 -0.031174 0.172828
v 0.037428 -0.031709 0.177393
v 0.037429 -0.031677 0.177211
v 0.03652 -0.032181 0.176453
v 0.037448 -0.031003 0.176223
v 0.037451 -0.03092 0.1761
v 0.036862 -0.031234 0.175195
v 0.037463 -0.03049 0.175846
v 0.036953 -0.030653 0.1749
v 0.036815 -0.030891 0.173848
v 0.036655 -0.031699 0.174191
v 0.036018 -0.033056 0.175653
v 0.04926 -0.032 0.194724
v 0.050051 -0.031738 0.194128
v 0.050634 -0.03102 0.193688
v 0.05092 -0.031021 0.194019
v 0.0504 -0.031738 0.194532
v 0.049696 -0.032 0.195228
v 0.051814 -0.031022 0.194662
v 0.051493 -0.031738 0.195318
v 0.051059 -0.032 0.196207
v 0.052871 -0.03102 0.194972
v 0.052785 -0.031738 0.195697
v 0.05267 -0.032 0.19668
v 0.081195 -0.031274 0.200833
v 0.081225 -0.031006 0.200681
v 0.077327 -0.03102 0.199605
v 0.08126 -0.030693 0.200504
v 0.077143 -0.031738 0.200312
v 0.081086 -0.03173 0.201379
v 0.081096 -0.031711 0.201332
v 0.076895 -0.032 0.20127
v 0.080894 -0.032 0.20235
v 0.080974 -0.031957 0.201946
v 0.05318 -0.032 0.196741
v 0.053298 -0.031738 0.195758
v 0.053385 -0.03102 0.195033
v 0.06543 -0.03102 0.196916
v 0.065105 -0.032 0.198606
v 0.065292 -0.031738 0.197634
v 0.024694 -0.032 0.315751
v 0.017337 -0.032 0.313303
v 0.005122 -0.032 0.308554
v -0.013257 -0.032 0.301272
v 0.057106 -0.032 0.32249
v 0.046362 -0.032 0.320931
v 0.035375 -0.032 0.318672
v -0.013264 -0.032 0.301286
v -0.00644 -0.032 0.303778
v -0.014585 -0.032391 0.300615
v -0.016239 -0.033457 0.301063
v -0.015376 -0.032691 0.301074
v -0.014843 -0.032432 0.301086
v -0.014696 -0.032391 0.300827
v -0.014138 -0.032149 0.301131
v -0.016573 -0.033495 0.301322
v -0.016525 -0.033462 0.301311
v -0.016372 -0.033456 0.301186
v -0.016274 -0.033294 0.30126
v -0.016046 -0.033141 0.301213
v -0.017446 -0.03401 0.301524
v -0.017277 -0.03391 0.301485
v -0.017756 -0.034192 0.301596
v -0.018328 -0.034466 0.301588
v -0.018489 -0.034543 0.301586
v -0.019326 -0.03494 0.301532
v -0.019121 -0.034845 0.301577
v -0.01565 -0.033461 0.30029
v -0.014327 -0.032181 0.301097
v -0.015566 -0.033462 0.30013
v -0.014701 -0.031891 0.301949
v -0.013976 -0.030051 0.303157
v -0.013888 -0.030035 0.303186
v -0.013801 -0.03102 0.30292
v -0.015824 -0.032393 0.301765
v -0.01933 -0.034938 0.301531
v -0.019172 -0.034822 0.301569
v -0.018097 -0.034036 0.301701
v -0.01705 -0.033243 0.301708
v -0.01694 -0.031186 0.302229
v -0.016381 -0.031857 0.302176
v -0.017742 -0.032 0.301992
v -0.017589 -0.032907 0.301901
v -0.018132 -0.032527 0.301879
v -0.018446 -0.033866 0.301732
v -0.01879 -0.033688 0.301688
v -0.019222 -0.034799 0.301559
v -0.019272 -0.034777 0.301548
v -0.019334 -0.034936 0.30153
v -0.019338 -0.034935 0.301529
v -0.015127 -0.031223 0.302518
v -0.015504 -0.030336 0.302668
v -0.013573 -0.031738 0.302226
v 0.056725 -0.030433 0.324411
v 0.056772 -0.031018 0.324177
v 0.046068 -0.03102 0.322626
v 0.056976 -0.031887 0.323143
v 0.056916 -0.031713 0.32345
v 0.046193 -0.031738 0.321907
v 0.056862 -0.031559 0.323722
v 0.056775 -0.031056 0.324161
v 0.056716 -0.030035 0.324457
v -0.007072 -0.03102 0.305378
v -0.006803 -0.031738 0.304699
v 0.014464 -0.030035 0.314331
v 0.01676 -0.03102 0.314924
v 0.004358 -0.030035 0.310402
v 0.004465 -0.03102 0.310144
v 0.004016 -0.030035 0.310261
v -0.007174 -0.030035 0.305638
v 0.034975 -0.03102 0.320345
v 0.040738 -0.030035 0.321815
v 0.04602 -0.030035 0.322901
v 0.016666 -0.030035 0.315187
v 0.024104 -0.030035 0.317662
v 0.024186 -0.03102 0.317395
v 0.026525 -0.030035 0.318324
v 0.03491 -0.030035 0.320617
v 0.004744 -0.031738 0.309469
v 0.017005 -0.031738 0.314236
v 0.024402 -0.031738 0.316697
v 0.035145 -0.031738 0.319635
v -0.024978 0.0 0.301073
v -0.022691 0.0 0.301601
v -0.031534 0.0 0.300624
v -0.014158 0.0 0.303703
v -0.015011 0.0 0.303375
v 0.003855 0.0 0.310643
v -0.000244 0.0 0.30905
v 0.026418 0.0 0.318688
v 0.01955 0.0 0.316742
v 0.014325 0.0 0.314712
v 0.040649 0.0 0.322223
v 0.036184 0.0 0.321454
v -0.07421 0.0 0.297592
v -0.071462 0.0 0.298801
v -0.071421 -0.002613 0.29882
v -0.070407 0.0 0.299265
v -0.062217 -0.002309 0.300584
v -0.066268 0.0 0.300303
v -0.062277 0.0 0.300624
v -0.077772 0.0 0.295243
v -0.07933 -0.002814 0.293788
v -0.079346 0.0 0.293771
v -0.084832 -0.002881 0.286197
v -0.084853 0.0 0.286211
v -0.083391 0.0 0.289009
v -0.080807 0.0 0.292405
v -0.087153 -0.002807 0.277113
v -0.087227 0.0 0.277152
v -0.08663 0.0 0.281265
v -0.085316 0.0 0.285325
v -0.084681 -0.00475 0.286135
v -0.08527 -0.00475 0.284982
v -0.086512 -0.00475 0.281019
v -0.08707 -0.00475 0.277088
v -0.077748 -0.00475 0.295055
v -0.07918 -0.00475 0.293692
v -0.080839 -0.00475 0.292115
v -0.083329 -0.00475 0.288779
v -0.074286 -0.00475 0.29738
v -0.071297 -0.00475 0.298725
v -0.062103 -0.00478 0.300541
v -0.06288 -0.00475 0.300529
v -0.067113 -0.00475 0.300036
v -0.070394 -0.00475 0.299131
v -0.062099 -0.00478 0.29629
v -0.06288 -0.00475 0.296276
v -0.054849 -0.008981 0.300467
v -0.052985 -0.013302 0.300392
v -0.052985 -0.013302 0.296141
v -0.059187 -0.005457 0.300529
v -0.058388 -0.006093 0.296267
v -0.058428 -0.006022 0.300519
v -0.057219 -0.006506 0.29626
v -0.055035 -0.008548 0.300475
v -0.054974 -0.009133 0.296214
v -0.053856 -0.010441 0.296191
v -0.03896 -0.045265 0.299834
v -0.039005 -0.042675 0.299879
v -0.037119 -0.045753 0.299825
v -0.040432 -0.037699 0.299966
v -0.043525 -0.034484 0.300022
v -0.049088 -0.027682 0.300141
v -0.050772 -0.023341 0.300217
v -0.052088 -0.018324 0.300304
v -0.046105 -0.032299 0.30006
v -0.047366 -0.030705 0.300088
v -0.038883 -0.04964 0.299401
v -0.038829 -0.052734 0.298558
v -0.038807 -0.054008 0.298211
v -0.038801 -0.054386 0.298036
v -0.038664 -0.062232 0.293234
v -0.038673 -0.061713 0.293751
v -0.038739 -0.057927 0.29639
v -0.038544 -0.069076 0.28329
v -0.038567 -0.067792 0.286028
v -0.038576 -0.067278 0.287123
v -0.03862 -0.064734 0.290738
v -0.038525 -0.070188 0.279223
v -0.03852 -0.070453 0.277382
v -0.042272 -0.075153 0.101147
v -0.041387 -0.074284 0.084336
v -0.049223 -0.071374 0.084437
v -0.025052 -0.077779 0.084127
v -0.033291 -0.076359 0.084232
v -0.034486 -0.077375 0.118391
v -0.023107 -0.074884 0.034707
v -0.023844 -0.07618 0.050955
v -0.015968 -0.077535 0.050787
v -0.008005 -0.078332 0.050615
v -0.072778 -0.039102 0.052219
v -0.069148 -0.046259 0.052061
v -0.089553 0.0 0.199889
v -0.08938 0.0 0.20962
v -0.089112 -0.009348 0.210533
v -0.088322 -0.017988 0.211414
v -0.088159 -0.018187 0.178827
v -0.071375 -0.06154 0.215945
v -0.068099 -0.064389 0.216344
v -0.068507 -0.065458 0.183526
v -0.064943 -0.068027 0.183906
v -0.081732 -0.040758 0.252159
v -0.081185 -0.041922 0.252461
v -0.081535 -0.042186 0.247218
v -0.073144 -0.05496 0.256384
v -0.072155 -0.055952 0.256762
v -0.072775 -0.056576 0.248598
v -0.059215 -0.065568 0.260809
v -0.058561 -0.065848 0.260947
v -0.059284 -0.066829 0.249965
v -0.053511 -0.068013 0.262013
v -0.050629 -0.068985 0.262514
v -0.051295 -0.070018 0.250652
v -0.017148 -0.07424 0.2535
v -0.017563 -0.078422 0.154099
v -0.088727 0.0 0.246373
v -0.088033 -0.004909 0.259117
v -0.087972 -0.00475 0.260578
v -0.088108 -0.005109 0.257286
v -0.08816 -0.00559 0.255581
v -0.088179 -0.006128 0.254438
v -0.01765 -0.077418 0.188222
v -0.017517 -0.076007 0.221274
v -0.034357 -0.07334 0.25205
v -0.041338 -0.071253 0.264029
v -0.039969 -0.071421 0.264995
v -0.042344 -0.071073 0.263741
v -0.039009 -0.071466 0.266339
v -0.038543 -0.071399 0.267904
v -0.038505 -0.071345 0.268533
v -0.050356 -0.069077 0.262561
v -0.042932 -0.070967 0.263573
v -0.042914 -0.072101 0.251346
v -0.066555 -0.062346 0.249282
v -0.069207 -0.058907 0.257889
v -0.065826 -0.061494 0.258979
v -0.064396 -0.062587 0.25944
v -0.077756 -0.049749 0.247911
v -0.077284 -0.049338 0.254516
v -0.076595 -0.050479 0.254859
v -0.079165 -0.046222 0.253578
v -0.083819 -0.034874 0.250891
v -0.084283 -0.034172 0.246514
v -0.084052 -0.034017 0.25074
v -0.086218 -0.025908 0.245798
v -0.087546 -0.017517 0.245065
v -0.087363 -0.017448 0.248519
v -0.086677 -0.022442 0.248989
v -0.085999 -0.0258 0.24945
v -0.085168 -0.029916 0.250015
v -0.088138 -0.009676 0.249812
v -0.088123 -0.010076 0.249465
v -0.088393 -0.009068 0.244311
v -0.088205 -0.00687 0.252863
v -0.0882 -0.007574 0.251913
v -0.088778 0.0 0.243529
v -0.088196 -0.008145 0.251142
v -0.088164 -0.009002 0.250398
v -0.088105 -0.010418 0.249253
v -0.087939 -0.012717 0.248364
v -0.087758 -0.014575 0.248248
v -0.035136 -0.075364 0.219579
v -0.052901 -0.073529 0.185052
v -0.061118 -0.070222 0.184287
v -0.060706 -0.069016 0.217143
v -0.035401 -0.076747 0.186607
v -0.044242 -0.075598 0.185824
v -0.043916 -0.074244 0.218756
v -0.052521 -0.072229 0.217946
v -0.089033 0.0 0.17713
v -0.088911 -0.009453 0.177987
v -0.087169 -0.018107 0.147231
v -0.087014 -0.026889 0.179645
v -0.087106 -0.026588 0.212271
v -0.085348 -0.035507 0.180444
v -0.085341 -0.03509 0.213109
v -0.08292 -0.043932 0.181228
v -0.082793 -0.043376 0.213932
v -0.079448 -0.05196 0.182
v -0.079197 -0.051241 0.214743
v -0.074677 -0.059268 0.182765
v -0.074325 -0.05837 0.215545
v -0.071762 -0.062526 0.183146
v -0.067472 -0.063488 0.23279
v -0.073704 -0.057584 0.23203
v -0.07863 -0.050591 0.231267
v -0.026372 -0.07814 0.153502
v -0.03518 -0.077449 0.152919
v -0.043928 -0.076124 0.152346
v -0.052477 -0.073882 0.151782
v -0.06057 -0.070418 0.151223
v -0.064332 -0.068154 0.150945
v -0.067834 -0.065526 0.150667
v -0.07103 -0.062544 0.150389
v -0.073891 -0.059245 0.15011
v -0.078575 -0.051885 0.149552
v -0.081989 -0.043836 0.148988
v -0.084387 -0.035411 0.148415
v -0.076976 -0.041495 0.084941
v -0.076605 -0.050967 0.117225
v -0.071993 -0.058246 0.117418
v -0.068927 -0.05617 0.084738
v -0.082489 -0.034766 0.11683
v -0.080031 -0.043048 0.117029
v -0.073477 -0.049122 0.084839
v -0.064656 -0.052915 0.051904
v -0.079585 -0.033517 0.085044
v -0.075625 -0.031601 0.052379
v -0.075569 -0.022914 0.035755
v -0.077204 -0.01529 0.035865
v -0.078184 -0.007552 0.035978
v -0.078545 0.0 0.036095
v -0.077773 -0.023865 0.052541
v -0.081476 -0.025333 0.085149
v -0.084213 -0.026296 0.116627
v -0.078817 0.0 0.03842
v -0.080219 -0.007982 0.052878
v -0.079292 -0.015972 0.052707
v -0.082788 -0.01703 0.085256
v -0.080421 0.0 0.053076
v -0.083967 0.0 0.085492
v -0.084613 0.0 0.091394
v -0.085395 -0.017731 0.116419
v -0.030536 -0.072634 0.034816
v -0.037719 -0.069709 0.034921
v -0.015501 -0.076483 0.034597
v -0.044575 -0.066076 0.035026
v -0.051002 -0.061705 0.035129
v -0.056877 -0.05659 0.035232
v -0.061415 -0.06079 0.068206
v -0.059282 -0.058882 0.051749
v -0.054987 -0.0659 0.06805
v -0.053115 -0.064004 0.051593
v -0.047883 -0.069977 0.067893
v -0.04633 -0.068228 0.051437
v -0.040331 -0.073111 0.067734
v -0.039106 -0.071605 0.051279
v -0.0325 -0.075448 0.067573
v -0.031579 -0.074226 0.051118
v -0.017262 -0.07891 0.118801
v -0.016734 -0.078686 0.08402
v -0.02589 -0.078368 0.118594
v -0.016381 -0.078245 0.067241
v -0.050349 -0.072446 0.101129
v -0.056606 -0.067438 0.084538
v -0.057969 -0.068643 0.101111
v -0.063263 -0.062353 0.084638
v -0.064823 -0.063594 0.101093
v -0.042987 -0.075737 0.118193
v -0.051263 -0.07321 0.117997
v -0.069203 -0.061532 0.117515
v -0.066102 -0.064528 0.117611
v -0.062714 -0.067199 0.117707
v -0.059081 -0.069532 0.117804
v -0.086308 0.0 0.116011
v -0.088295 0.0 0.144848
v -0.088321 0.0 0.145988
v -0.083584 -0.00475 0.263192
v -0.083648 -0.004818 0.261823
v -0.083686 -0.004937 0.260931
v -0.083781 -0.005794 0.257952
v -0.08379 -0.005968 0.257556
v -0.08595 -0.006061 0.255982
v -0.083915 -0.00965 0.252949
v -0.087146 -0.00965 0.250585
v -0.086274 -0.014575 0.249494
v -0.083738 -0.009658 0.253089
v -0.083673 -0.010662 0.252593
v -0.083336 -0.014575 0.251655
v -0.083567 -0.012233 0.251885
v -0.083593 -0.011916 0.251974
v -0.083791 -0.00608 0.257374
v -0.083809 -0.007486 0.255085
v -0.083747 -0.009511 0.253161
v 0.069613 0.006832 0.012374
v 0.070296 0.006682 0.021124
v 0.070266 0.007241 0.021124
v 0.06955 0.008181 0.012374
v 0.069263 0.013591 0.021124
v 0.068725 0.013572 0.012374
v 0.069149 0.014317 0.021124
v 0.068489 0.015118 0.012374
v 0.067556 0.020376 0.021124
v 0.067762 0.018192 0.012374
v 0.067143 0.020133 0.012374
v 0.067319 0.021279 0.021124
v 0.065696 0.02467 0.012374
v 0.066304 0.024254 0.021124
v 0.065164 0.026945 0.021124
v 0.064863 0.026582 0.012374
v 0.063494 0.030885 0.021124
v 0.062958 0.030958 0.012374
v 0.062189 0.033265 0.021124
v 0.061918 0.032815 0.012374
v 0.060064 0.037141 0.021124
v 0.059556 0.03703 0.012374
v 0.058608 0.039259 0.021124
v 0.05841 0.03879 0.012374
v 0.058311 0.038942 0.012374
v 0.05603 0.043009 0.021124
v 0.054253 0.044346 0.012374
v 0.054501 0.044911 0.021124
v 0.054048 0.044619 0.012374
v 0.053883 0.045679 0.021124
v 0.049573 0.04947 0.012374
v 0.049779 0.050063 0.021124
v 0.049228 0.049844 0.012374
v 0.048976 0.050922 0.021124
v 0.044405 0.054112 0.012374
v 0.044591 0.054742 0.021124
v 0.043858 0.054596 0.012374
v 0.043604 0.055601 0.021124
v 0.042055 0.055989 0.012374
v 0.038963 0.058883 0.021124
v 0.038779 0.058189 0.012374
v 0.03779 0.059713 0.021124
v 0.03614 0.059961 0.012374
v 0.035649 0.061017 0.021124
v 0.032941 0.062422 0.021124
v 0.032807 0.061739 0.012374
v 0.02926 0.064331 0.021124
v 0.02986 0.063311 0.012374
v 0.026611 0.06538 0.021124
v 0.026513 0.064678 0.012374
v 0.022621 0.06696 0.021124
v 0.023236 0.066018 0.012374
v 0.020018 0.067698 0.021124
v 0.020983 0.066763 0.012374
v 0.019975 0.067021 0.012374
v 0.015754 0.068906 0.021124
v 0.014138 0.068519 0.012374
v 0.006318 0.069616 0.012374
v 0.006316 0.070403 0.021124
v 0.00714 0.069575 0.012374
v 0.006482 0.070395 0.021124
v 0.01322 0.068657 0.012374
v 0.01324 0.069421 0.021124
v 0.013538 0.069378 0.021124
v -1e-06 0.06993 0.012374
v 0.0 0.070504 0.018929
v 0.0 0.070696 0.021124
v -0.066797 0.019902 0.012374
v -0.066845 0.019727 0.012374
v -0.067687 0.020332 0.021124
v -0.068615 0.017232 0.021124
v -0.069047 0.015368 0.021124
v -0.068555 0.013411 0.012374
v -0.069351 0.013529 0.021124
v -0.068575 0.013288 0.012374
v -0.070231 0.008205 0.021124
v -0.069584 0.006831 0.012374
v -0.070333 0.006593 0.021124
v -0.069594 0.006638 0.012374
v -0.070694 0.000899 0.021124
v -0.065899 0.022464 0.012374
v -0.066558 0.024101 0.021124
v -0.064353 0.026019 0.012374
v -0.065384 0.026941 0.021124
v -0.063033 0.029054 0.012374
v -0.06383 0.030702 0.021124
v -0.061294 0.032144 0.012374
v -0.06244 0.033285 0.021124
v -0.059475 0.035376 0.012374
v -0.060427 0.037025 0.021124
v -0.059172 0.03902 0.021124
v -0.057635 0.037999 0.012374
v -0.058937 0.039342 0.021124
v -0.055246 0.041407 0.012374
v -0.055005 0.044738 0.021124
v -0.054637 0.042181 0.012374
v -0.053454 0.043528 0.012374
v -0.054786 0.044982 0.021124
v -0.049674 0.047831 0.012374
v -0.050278 0.050002 0.021124
v -0.048787 0.048666 0.012374
v -0.050084 0.050179 0.021124
v -0.044261 0.052931 0.012374
v -0.044997 0.054793 0.021124
v -0.043677 0.053386 0.012374
v -0.044884 0.054881 0.021124
v -0.042633 0.056641 0.021124
v -0.038448 0.05746 0.012374
v -0.039183 0.058958 0.021124
v -0.038173 0.057648 0.012374
v -0.036809 0.058581 0.012374
v -0.036762 0.060584 0.021124
v -0.032265 0.061294 0.012374
v -0.033146 0.062511 0.021124
v -0.03082 0.062158 0.012374
v -0.030511 0.063917 0.021124
v -0.026083 0.064384 0.012374
v -0.026781 0.065444 0.021124
v -0.02461 0.065076 0.012374
v -0.006361 0.070376 0.021124
v -0.023891 0.066628 0.021124
v -0.021303 0.067483 0.021124
v -0.019649 0.066816 0.012374
v -0.020163 0.067774 0.021124
v -0.018187 0.067329 0.012374
v -0.014351 0.069257 0.021124
v -0.013035 0.06859 0.012374
v -0.013328 0.069412 0.021124
v -0.012507 0.068719 0.012374
v -0.007244 0.070332 0.021124
v -0.006252 0.069607 0.012374
v -0.005752 0.069678 0.012374
v -0.020609 0.069217 0.012374
v -0.020437 0.069263 0.012374
v -0.020733 0.069887 0.018624
v -0.015917 0.071223 0.018624
v -0.013884 0.071002 0.012374
v -0.013718 0.071668 0.018624
v -0.013546 0.071055 0.012374
v -0.012894 0.071835 0.018624
v -0.007023 0.072078 0.012374
v -0.006544 0.072654 0.018624
v -0.006494 0.072105 0.012374
v -0.005702 0.072763 0.018624
v -1e-06 0.07244 0.012374
v 0.0 0.07299 0.018667
v -0.022729 0.068498 0.012374
v -0.022875 0.069293 0.018624
v -0.027096 0.066674 0.012374
v -0.027552 0.067478 0.018624
v -0.029405 0.06571 0.012374
v -0.029615 0.066677 0.018624
v -0.033507 0.063483 0.012374
v -0.034096 0.064399 0.018624
v -0.035805 0.062235 0.012374
v -0.036115 0.063373 0.018624
v -0.03852 0.061933 0.018624
v -0.039586 0.059671 0.012374
v -0.040304 0.060691 0.018624
v -0.041927 0.058083 0.012374
v -0.044473 0.057788 0.018624
v -0.042881 0.057355 0.012374
v -0.045283 0.055305 0.012374
v -0.046116 0.056384 0.018624
v -0.048687 0.052398 0.012374
v -0.049999 0.053068 0.018624
v -0.050569 0.05046 0.012374
v -0.051476 0.051529 0.018624
v -0.053953 0.046974 0.012374
v -0.055076 0.047778 0.018624
v -0.055399 0.045175 0.012374
v -0.060642 0.040376 0.018624
v -0.058667 0.041106 0.012374
v -0.057606 0.044702 0.018624
v -0.05637 0.046206 0.018624
v -0.069747 0.021434 0.018624
v -0.069883 0.020897 0.018624
v -0.069174 0.020735 0.012374
v -0.069236 0.020512 0.012374
v -0.068273 0.025724 0.018624
v -0.066739 0.027086 0.012374
v -0.067424 0.027665 0.018624
v -0.066688 0.027219 0.012374
v -0.06534 0.032427 0.018624
v -0.063575 0.033446 0.012374
v -0.064351 0.034185 0.018624
v -0.063545 0.033506 0.012374
v -0.061777 0.038758 0.018624
v -0.059792 0.039514 0.012374
v -0.059754 0.039575 0.012374
v -0.070799 0.014899 0.012374
v -0.07153 0.014446 0.018624
v -0.070989 0.013799 0.012374
v -0.071611 0.013908 0.018624
v -0.071966 0.008137 0.012374
v -0.07261 0.007298 0.018624
v -0.072048 0.006875 0.012374
v -0.072637 0.006779 0.018624
v -0.072421 0.001078 0.012374
v 0.020668 0.069385 0.012374
v 0.017435 0.070351 0.012374
v 0.014496 0.071006 0.012374
v 0.013684 0.071127 0.012374
v 0.007299 0.072081 0.012374
v 0.006537 0.072118 0.012374
v 0.024326 0.068292 0.012374
v 0.027458 0.067004 0.012374
v 0.030984 0.065553 0.012374
v 0.033976 0.063956 0.012374
v 0.037393 0.062132 0.012374
v 0.039409 0.060879 0.012374
v 0.040186 0.060321 0.012374
v 0.045299 0.056653 0.012374
v 0.045982 0.056053 0.012374
v 0.05075 0.051859 0.012374
v 0.051326 0.051242 0.012374
v 0.055735 0.046506 0.012374
v 0.056184 0.045945 0.012374
v 0.058009 0.043663 0.012374
v 0.060418 0.04014 0.012374
v 0.072167 0.00703 0.012374
v 0.072164 0.007099 0.012374
v 0.071257 0.014021 0.012374
v 0.071253 0.014034 0.012374
v 0.069651 0.020741 0.012374
v 0.069609 0.020868 0.012374
v 0.06835 0.024707 0.012374
v 0.06716 0.027533 0.012374
v 0.065542 0.031374 0.012374
v 0.064111 0.033994 0.012374
v 0.062084 0.037703 0.012374
v 0.07053 0.018776 0.018624
v 0.069816 0.021009 0.018624
v 0.006537 0.072659 0.018628
v 0.007303 0.072621 0.018624
v 0.0137 0.071655 0.018624
v 0.014474 0.071538 0.018624
v 0.020726 0.069947 0.018624
v 0.021496 0.069751 0.018624
v 0.024157 0.068875 0.018624
v 0.027525 0.0675 0.018624
v 0.030925 0.066113 0.018624
v 0.034072 0.064446 0.018624
v 0.037334 0.062717 0.018624
v 0.040282 0.060758 0.018624
v 0.043368 0.058707 0.018624
v 0.045591 0.056998 0.018624
v 0.04613 0.05652 0.018624
v 0.051064 0.052152 0.018624
v 0.051497 0.051683 0.018624
v 0.055986 0.046828 0.018624
v 0.056356 0.046338 0.018624
v 0.060352 0.041049 0.018624
v 0.060677 0.04055 0.018624
v 0.061884 0.0387 0.018624
v 0.064326 0.034321 0.018624
v 0.065443 0.032319 0.018624
v 0.067402 0.0278 0.018624
v 0.068325 0.025671 0.018624
v 0.071202 0.016037 0.018624
v 0.07155 0.014023 0.018624
v 0.072442 0.008856 0.018624
v 0.07258 0.006899 0.018624
v 0.072959 0.001531 0.018624
v 0.076476 0.001347 0.018624
v 0.075924 0.007161 0.018624
v -0.074985 0.014461 0.018624
v -0.073063 0.021728 0.018624
v -0.071922 0.026043 0.018624
v -0.070636 0.028804 0.018624
v -0.067456 0.035626 0.018624
v -0.076476 0.001347 0.018624
v -0.075943 0.007033 0.018624
v -0.07539 0.012928 0.018624
v 0.06353 0.042129 0.018624
v -0.066192 0.03834 0.018624
v -0.063587 0.042038 0.018624
v -0.059249 0.048197 0.018624
v -0.058382 0.049428 0.018624
v -0.038871 0.065887 0.018624
v -0.036152 0.067181 0.018624
v -0.029338 0.070424 0.018624
v -0.026617 0.071719 0.018624
v -0.022256 0.07291 0.018624
v 0.026618 0.071719 0.018624
v 0.029294 0.070445 0.018624
v 0.036097 0.067207 0.018624
v 0.038872 0.065886 0.018624
v 0.042487 0.063295 0.018624
v 0.048607 0.058907 0.018624
v 0.0661 0.038498 0.018624
v 0.0674 0.035726 0.018624
v 0.070593 0.028916 0.018624
v 0.071861 0.026211 0.018624
v 0.073026 0.021846 0.018624
v 0.074963 0.014587 0.018624
v -0.054141 0.053705 0.018624
v -0.049899 0.057982 0.018624
v -0.048673 0.05886 0.018624
v -0.042544 0.063254 0.018624
v 0.0 0.0765 0.018624
v 0.007501 0.075832 0.018624
v 0.013518 0.075296 0.018624
v 0.014951 0.074905 0.018624
v 0.02222 0.07292 0.018624
v 0.049902 0.057979 0.018624
v 0.054082 0.053774 0.018624
v 0.058262 0.04957 0.018624
v 0.059182 0.04827 0.018624
v 0.07536 0.013101 0.018624
v -0.013518 0.075296 0.018624
v -0.007514 0.075831 0.018624
v -0.014975 0.074898 0.018624
v -0.088134 0.009861 0.24961
v -0.08799 0.0121 0.248518
v -0.086274 0.014575 0.249494
v -0.08797 0.012354 0.248447
v -0.087758 0.014575 0.248248
v -0.088205 0.00752 0.251908
v -0.0882 0.007911 0.251412
v -0.087146 0.00965 0.250585
v -0.088163 0.009002 0.250404
v -0.088141 0.009666 0.24979
v -0.088206 0.007485 0.251952
v -0.083912 0.00965 0.252951
v -0.088184 0.006082 0.254413
v -0.088038 0.004829 0.259105
v -0.088151 0.005476 0.255925
v -0.085947 0.006061 0.255984
v -0.088182 0.00596 0.254626
v -0.083734 0.009679 0.25312
v -0.083797 0.008142 0.254339
v -0.083584 0.00475 0.263192
v -0.087972 0.00475 0.260578
v -0.083718 0.005104 0.260093
v -0.088036 0.004815 0.259171
v -0.083776 0.005695 0.258195
v -0.083787 0.00612 0.2574
v -0.083811 0.007042 0.255677
v -0.083336 0.014575 0.251655
v -0.083456 0.013442 0.251675
v -0.083518 0.012785 0.251765
v -0.08369 0.010547 0.252531
v -0.083702 0.010353 0.252638
v -0.083715 0.010133 0.25276
v -0.040314 0.038078 0.299959
v -0.040432 0.037699 0.295715
v -0.040333 0.038043 0.295709
v -0.040076 0.038344 0.299955
v -0.054974 0.009133 0.300465
v -0.055035 0.008548 0.296224
v -0.054849 0.008981 0.296217
v -0.053858 0.010437 0.300442
v -0.052985 0.013302 0.296141
v -0.052985 0.013302 0.300392
v -0.06288 0.00475 0.300529
v -0.062103 0.00478 0.300541
v -0.062217 0.002309 0.300584
v -0.083389 0.0 0.289012
v -0.084832 0.002881 0.286197
v -0.087153 0.002807 0.277113
v -0.086629 0.0 0.281268
v -0.07933 0.002814 0.293788
v -0.071421 0.002613 0.29882
v -0.077769 0.0 0.295245
v -0.070404 0.0 0.299266
v -0.071293 0.00475 0.298715
v -0.070154 0.00475 0.299213
v -0.066121 0.00475 0.300217
v -0.079181 0.00475 0.293691
v -0.077532 0.00475 0.295226
v -0.074062 0.00475 0.297504
v -0.085159 0.00475 0.285251
v -0.084691 0.00475 0.28614
v -0.083175 0.00475 0.289023
v -0.080653 0.00475 0.292321
v -0.086447 0.00475 0.281304
v -0.08707 0.00475 0.277088
v -0.058388 0.006092 0.300518
v -0.057223 0.006504 0.30051
v -0.03896 0.045265 0.299834
v -0.037115 0.045754 0.299825
v -0.039005 0.042675 0.299879
v -0.031534 0.046868 0.299806
v -0.043525 0.034484 0.300022
v -0.052497 0.016265 0.30034
v -0.050993 0.022626 0.300229
v -0.049605 0.026527 0.300161
v -0.04762 0.030328 0.300095
v -0.046317 0.032061 0.300064
v -0.043985 0.03417 0.300028
v -0.017307 0.070278 0.287161
v -0.016139 0.070109 0.287275
v -0.016753 0.067977 0.290879
v -0.017174 0.048195 0.300838
v -0.018303 0.048188 0.301286
v -0.018314 0.050544 0.301124
v -0.016315 0.048188 0.29998
v -0.017186 0.05049 0.300681
v -0.015866 0.048171 0.298852
v -0.016327 0.050389 0.299829
v -0.018029 0.058547 0.298806
v -0.018236 0.054599 0.300312
v -0.019446 0.054628 0.300272
v -0.019527 0.050543 0.301087
v -0.019516 0.048171 0.301249
v -0.019312 0.057138 0.299319
v -0.019234 0.058607 0.298761
v -0.018909 0.062193 0.29666
v -0.018545 0.06485 0.294434
v -0.017274 0.065326 0.294006
v -0.01771 0.062104 0.296714
v -0.018464 0.065444 0.293936
v -0.01829 0.06632 0.292906
v -0.017933 0.068122 0.290789
v -0.017112 0.054441 0.299888
v -0.016916 0.058286 0.298418
v -0.016611 0.061751 0.296378
v -0.016192 0.064887 0.293737
v -0.015692 0.067469 0.290688
v -0.015101 0.069543 0.287176
v -0.016259 0.054178 0.299069
v -0.016074 0.057866 0.297661
v -0.015787 0.061189 0.295706
v -0.015391 0.064199 0.293173
v -0.014917 0.066677 0.290249
v -0.014356 0.068669 0.28688
v -0.015878 0.050258 0.298709
v -0.015815 0.053853 0.29799
v -0.015642 0.057354 0.296657
v -0.015371 0.06051 0.294804
v -0.014998 0.06337 0.292403
v -0.014551 0.065727 0.289629
v -0.014021 0.067623 0.286431
v -0.017306 0.070281 0.287154
v -0.01669 0.071214 0.285018
v -0.015657 0.070968 0.285373
v -0.016395 0.071459 0.284368
v -0.015212 0.072054 0.282534
v -0.014401 0.07176 0.283186
v -0.013349 0.068788 0.284674
v -0.013505 0.068671 0.284896
v -0.013862 0.0697 0.285083
v -0.012289 0.06941 0.283404
v -0.012465 0.069348 0.283557
v -0.012475 0.070139 0.283362
v -0.012747 0.070388 0.283521
v -0.012555 0.070454 0.283344
v -0.012795 0.070906 0.283167
v -0.013251 0.071286 0.283201
v -0.013032 0.071354 0.282991
v -0.013382 0.071712 0.282656
v -0.013913 0.071926 0.282639
v -0.013659 0.071996 0.282392
v -0.013701 0.072014 0.282345
v -0.014647 0.072224 0.281907
v -0.014354 0.072295 0.281623
v -0.013671 0.071126 0.283667
v -0.013114 0.070233 0.283914
v -0.012803 0.069198 0.283896
v -0.016397 0.071458 0.284371
v -0.015413 0.071195 0.284801
v -0.014528 0.070581 0.28505
v -0.014729 0.070363 0.285541
v -0.014037 0.069485 0.285498
v -0.013675 0.068454 0.285251
v -0.00215 0.065607 0.275612
v -0.00239 0.066743 0.275659
v -0.003207 0.066742 0.268696
v 0.003747 0.067545 0.231354
v 0.003116 0.0682 0.231043
v 0.004793 0.068186 0.227904
v 0.030492 0.066743 0.202302
v 0.0306 0.065618 0.202518
v 0.026478 0.065696 0.20531
v 0.030164 0.067696 0.201744
v 0.026366 0.066733 0.205139
v 0.026049 0.067635 0.204687
v 0.020673 0.067555 0.209153
v 0.020196 0.068211 0.208612
v 0.023322 0.068257 0.205934
v 0.025565 0.06829 0.204012
v 0.027989 0.068316 0.202187
v 0.029666 0.068334 0.200925
v 0.021098 0.065744 0.209643
v 0.020984 0.066703 0.209509
v 0.019924 0.065749 0.210736
v 0.018423 0.06669 0.211908
v 0.018538 0.065755 0.212028
v 0.013829 0.065765 0.217099
v 0.010394 0.065766 0.221596
v 0.009491 0.066684 0.222513
v 0.013708 0.066678 0.216996
v 0.007733 0.068165 0.22324
v 0.008585 0.068159 0.221888
v 0.009133 0.067508 0.222267
v 0.012877 0.068148 0.216293
v 0.01338 0.067498 0.216718
v 0.014873 0.068161 0.214107
v 0.018109 0.067526 0.211584
v 0.017629 0.068179 0.211091
v 0.018902 0.068195 0.209861
v 0.005396 0.067533 0.228239
v 0.009623 0.065766 0.222604
v 0.005937 0.065761 0.228537
v 0.005791 0.066696 0.228457
v 0.004313 0.065757 0.231632
v 0.00416 0.066702 0.231557
v 0.003224 0.065753 0.23413
v 0.00138 0.066713 0.237916
v 0.001547 0.065746 0.237977
v -0.0006 0.06573 0.244566
v -0.000781 0.066722 0.244519
v -0.001325 0.06572 0.247832
v -0.00231 0.066729 0.251356
v -0.00427 0.068291 0.255552
v -0.004193 0.068288 0.254661
v -0.003371 0.067634 0.254759
v -0.003631 0.068277 0.251134
v -0.002837 0.067621 0.251269
v -0.002009 0.068252 0.244187
v -0.001269 0.067595 0.244388
v -0.00199 0.068252 0.244132
v 0.00093 0.06757 0.237746
v 0.000245 0.068226 0.237487
v 0.002103 0.068209 0.233317
v -0.002115 0.06571 0.251386
v -0.002623 0.065697 0.254844
v -0.002825 0.066733 0.254822
v -0.003132 0.06567 0.261747
v -0.003349 0.066738 0.261745
v -0.003123 0.065669 0.262163
v -0.002978 0.06564 0.268675
v -0.003933 0.067659 0.261734
v -0.003826 0.067682 0.268744
v -0.003039 0.067701 0.275773
v -0.004806 0.06831 0.261714
v -0.004759 0.068323 0.267339
v -0.004746 0.068326 0.268811
v -0.003998 0.068336 0.275938
v 0.031511 0.066798 0.20141
v 0.032233 0.06758 0.19653
v 0.032339 0.066262 0.195934
v 0.032753 0.066115 0.196972
v 0.031532 0.068578 0.197316
v 0.032531 0.067387 0.197477
v 0.030401 0.069022 0.198108
v 0.031737 0.068374 0.198042
v 0.032894 0.06595 0.198341
v 0.03259 0.067132 0.198929
v 0.032922 0.065918 0.198605
v 0.032577 0.065763 0.200143
v 0.032228 0.066933 0.200264
v 0.032249 0.06572 0.200696
v 0.031784 0.065658 0.20148
v 0.031759 0.068106 0.199155
v 0.031472 0.067896 0.200179
v 0.030927 0.067753 0.201058
v 0.030542 0.068865 0.198547
v 0.030584 0.068655 0.199243
v 0.030435 0.068489 0.199901
v 0.030121 0.068377 0.200476
v 0.029336 0.069922 0.195729
v 0.028262 0.070794 0.193345
v 0.030385 0.06943 0.194966
v 0.029232 0.070262 0.192614
v 0.031025 0.068445 0.194227
v 0.029813 0.069293 0.191921
v 0.031117 0.067177 0.19367
v 0.029893 0.068076 0.191401
v 0.027574 0.071482 0.190897
v 0.027505 0.071636 0.189988
v 0.028536 0.07087 0.190579
v 0.028447 0.071006 0.189815
v 0.029169 0.069926 0.190247
v 0.029077 0.07007 0.189616
v 0.029375 0.068798 0.189954
v 0.029304 0.068964 0.189421
v 0.027656 0.071369 0.191412
v 0.028625 0.07077 0.19101
v 0.029255 0.069822 0.190603
v 0.029442 0.06868 0.190256
v -0.015014 0.073031 0.268344
v -0.010081 0.070914 0.279463
v -0.004038 0.068402 0.276725
v -0.004331 0.068559 0.277371
v -0.003983 0.068338 0.276069
v -0.004754 0.068705 0.277059
v -0.007786 0.069989 0.278832
v -0.005492 0.069062 0.278199
v -0.004845 0.068792 0.277892
v -0.014928 0.072889 0.270707
v -0.011997 0.071692 0.280261
v -0.013957 0.072437 0.278287
v -0.012626 0.071949 0.28066
v -0.013291 0.072208 0.280561
v -0.013095 0.072142 0.281013
v -0.014706 0.073831 0.254861
v -0.015204 0.073343 0.263146
v -0.014802 0.073789 0.255596
v -0.014097 0.074097 0.250205
v -0.012535 0.074501 0.242769
v -0.012181 0.074559 0.241614
v -0.010337 0.074861 0.235597
v -0.007621 0.075166 0.228952
v -0.007495 0.07518 0.228643
v -0.004983 0.075392 0.223645
v -0.001018 0.075657 0.217099
v 0.022506 0.073194 0.193255
v 0.022081 0.073327 0.193533
v -0.000972 0.07566 0.217024
v 0.001351 0.075797 0.213687
v 0.005449 0.075828 0.208521
v 0.007346 0.075709 0.206475
v 0.009968 0.075544 0.203647
v 0.012049 0.07529 0.201676
v 0.013326 0.075135 0.200467
v 0.017147 0.074448 0.197276
v 0.018231 0.074252 0.19637
v 0.030021 0.068707 0.199515
v -0.005799 0.066322 0.281264
v -0.005392 0.067667 0.280743
v -0.004026 0.067321 0.279975
v -0.002105 0.065611 0.275944
v -0.002353 0.066747 0.275943
v -0.003012 0.067704 0.275987
v -0.002216 0.065682 0.277598
v -0.00243 0.066831 0.277363
v -0.002399 0.065723 0.278015
v -0.00299 0.067028 0.278781
v -0.002925 0.06584 0.279216
v -0.00372 0.065982 0.28003
v -0.004192 0.066066 0.280513
v -0.003071 0.067788 0.277056
v -0.003489 0.067991 0.278127
v -0.00426 0.068298 0.279035
v -0.00528 0.068664 0.279628
v -0.007581 0.069581 0.280248
v -0.007695 0.068586 0.281349
v -0.008099 0.06725 0.281863
v -0.009883 0.070497 0.280867
v -0.009998 0.069503 0.281955
v -0.0104 0.068175 0.282463
v -0.012472 0.07161 0.282056
v -0.012066 0.071433 0.281773
v -0.012395 0.071348 0.282285
v -0.011996 0.069218 0.283187
v -0.012106 0.06929 0.283269
v -0.011841 0.070457 0.282677
v -0.012214 0.07029 0.283048
v -0.012185 0.070636 0.282908
v -0.012378 0.071289 0.282336
v -0.011602 0.068959 0.282943
v -0.011381 0.070219 0.282421
v -0.011523 0.071199 0.28146
v -0.013197 0.072155 0.281063
v -0.013286 0.071916 0.282346
v -0.012429 0.071324 0.282341
v -0.014573 0.072543 0.278408
v -0.014545 0.072374 0.281111
v -0.015124 0.072622 0.278785
v -0.015188 0.07265 0.278529
v -0.033365 0.071276 0.277213
v -0.028553 0.071903 0.277153
v -0.028956 0.069444 0.285879
v -0.021802 0.072414 0.277571
v -0.022511 0.048042 0.300657
v -0.024054 0.047971 0.30036
v -0.024213 0.056901 0.298494
v -0.019901 0.048162 0.301158
v -0.019625 0.057159 0.299329
v -0.018624 0.064882 0.294459
v -0.016685 0.072596 0.278312
v -0.023006 0.069994 0.286286
v -0.023847 0.064583 0.293584
v -0.027887 0.047561 0.29993
v -0.0286 0.056414 0.29807
v -0.028972 0.064043 0.293171
v -0.035442 0.071005 0.277239
v -0.035026 0.068544 0.285939
v -0.034152 0.063184 0.293181
v -0.032935 0.055629 0.298014
v -0.03852 0.070453 0.277382
v -0.038534 0.06965 0.28153
v -0.038559 0.068208 0.285354
v -0.038566 0.067812 0.286031
v -0.038699 0.060197 0.294932
v -0.038664 0.06221 0.293206
v -0.038642 0.063459 0.292136
v -0.038597 0.066061 0.289023
v -0.03876 0.056693 0.297051
v -0.038801 0.054362 0.297983
v -0.03883 0.052701 0.298647
v -0.038903 0.048516 0.299581
v -0.038831 0.052642 0.298671
v -0.037719 0.069709 0.034921
v 0.0 0.078977 0.066891
v 0.0 0.07907 0.083796
v -0.016734 0.078686 0.08402
v 0.0 0.078945 0.061026
v -0.008005 0.078332 0.050615
v -0.023107 0.074884 0.034707
v 0.0 0.078336 0.050453
v -0.067472 0.063488 0.23279
v -0.068099 0.064389 0.216344
v -0.060706 0.069016 0.217143
v -0.052521 0.072229 0.217946
v -0.051295 0.070018 0.250652
v -0.054955 0.067463 0.261735
v -0.058544 0.065812 0.260935
v -0.059284 0.066829 0.249965
v -0.034357 0.07334 0.25205
v -0.038773 0.071453 0.266911
v -0.039557 0.071452 0.265461
v -0.038505 0.071345 0.268533
v -0.042348 0.071081 0.263681
v -0.042914 0.072101 0.251346
v -0.042243 0.071101 0.2637
v -0.040758 0.071334 0.264356
v -0.017148 0.07424 0.2535
v -0.002353 0.076205 0.216134
v -0.006116 0.075928 0.222425
v -0.017517 0.076007 0.221274
v -0.006402 0.075907 0.222903
v -0.008936 0.075671 0.22801
v -0.011798 0.075319 0.235109
v -0.014002 0.07492 0.242426
v -0.015551 0.074475 0.250003
v -0.016235 0.074135 0.25549
v -0.01659 0.073644 0.263167
v -0.016245 0.073145 0.270846
v -0.01765 0.077418 0.188222
v -0.017563 0.078422 0.154099
v 0.0 0.07824 0.161223
v -0.088393 0.009068 0.244311
v -0.087414 0.017455 0.248481
v -0.087431 0.01733 0.24847
v -0.087546 0.017517 0.245065
v -0.088777 0.0 0.243529
v -0.086218 0.025908 0.245798
v -0.084283 0.034172 0.246514
v -0.08404 0.034015 0.250746
v -0.085761 0.027292 0.249616
v -0.08602 0.025806 0.249439
v -0.087218 0.018919 0.248616
v -0.081535 0.042186 0.247218
v -0.081356 0.04166 0.252376
v -0.08383 0.034836 0.250884
v -0.076805 0.050165 0.254759
v -0.077284 0.04934 0.254516
v -0.077756 0.049749 0.247911
v -0.079816 0.044974 0.253232
v -0.081225 0.041941 0.252449
v -0.073268 0.054819 0.256333
v -0.072775 0.056576 0.248598
v -0.072168 0.055965 0.256763
v -0.070299 0.057912 0.257495
v -0.066555 0.062346 0.249282
v -0.066001 0.061474 0.258955
v -0.060409 0.064954 0.260519
v -0.061218 0.064515 0.260314
v -0.065874 0.061555 0.258992
v -0.050614 0.068939 0.262494
v -0.049126 0.069446 0.262755
v -0.042932 0.070967 0.263573
v -0.043916 0.074244 0.218756
v -0.035136 0.075364 0.219579
v 0.0 0.076357 0.21271
v -0.067834 0.065526 0.150667
v -0.068507 0.065458 0.183526
v -0.07103 0.062544 0.150389
v -0.071762 0.062526 0.183146
v -0.073891 0.059245 0.15011
v -0.074677 0.059268 0.182765
v -0.078575 0.051885 0.149552
v -0.079448 0.05196 0.182
v -0.081989 0.043836 0.148988
v -0.08292 0.043932 0.181228
v -0.084387 0.035411 0.148415
v -0.085348 0.035507 0.180444
v -0.087014 0.026889 0.179645
v -0.087169 0.018107 0.147231
v -0.088159 0.018187 0.178827
v -0.088911 0.009453 0.177987
v -0.071375 0.06154 0.215945
v -0.073704 0.057584 0.23203
v -0.074325 0.05837 0.215545
v -0.07863 0.050591 0.231267
v -0.079197 0.051241 0.214743
v -0.089378 0.0 0.20962
v -0.089112 0.009348 0.210533
v -0.088322 0.017988 0.211414
v -0.087106 0.026588 0.212271
v -0.085341 0.03509 0.213109
v -0.082793 0.043376 0.213932
v -0.064656 0.052915 0.051904
v -0.056877 0.05659 0.035232
v -0.053115 0.064004 0.051593
v -0.061415 0.06079 0.068206
v -0.059282 0.058882 0.051749
v -0.068927 0.05617 0.084738
v -0.072778 0.039102 0.052219
v -0.069148 0.046259 0.052061
v -0.064823 0.063594 0.101093
v -0.066102 0.064528 0.117611
v -0.069203 0.061532 0.117515
v -0.077204 0.01529 0.035865
v -0.075569 0.022914 0.035755
v -0.075625 0.031601 0.052379
v -0.078184 0.007552 0.035978
v -0.077773 0.023865 0.052541
v -0.079292 0.015972 0.052707
v -0.080219 0.007982 0.052878
v -0.078816 0.0 0.038405
v -0.084606 0.0 0.091326
v -0.083968 0.0 0.085491
v -0.082788 0.01703 0.085256
v -0.015501 0.076483 0.034597
v -0.023844 0.07618 0.050955
v 0.0 0.078824 0.058918
v -0.015968 0.077535 0.050787
v -0.016381 0.078245 0.067241
v -0.025052 0.077779 0.084127
v -0.051002 0.061705 0.035129
v -0.071993 0.058246 0.117418
v -0.063263 0.062353 0.084638
v -0.056606 0.067438 0.084538
v -0.054987 0.0659 0.06805
v -0.047883 0.069977 0.067893
v -0.04633 0.068228 0.051437
v -0.039106 0.071605 0.051279
v -0.044575 0.066076 0.035026
v -0.073477 0.049122 0.084839
v -0.076976 0.041495 0.084941
v -0.079585 0.033517 0.085044
v -0.081476 0.025333 0.085149
v -0.017262 0.07891 0.118801
v 0.0 0.079202 0.107951
v 0.0 0.079247 0.116191
v -0.064943 0.068027 0.183906
v -0.061118 0.070222 0.184287
v -0.052901 0.073529 0.185052
v -0.044242 0.075598 0.185824
v -0.035401 0.076747 0.186607
v -0.026372 0.07814 0.153502
v -0.02589 0.078368 0.118594
v 0.0 0.079186 0.119232
v 0.0 0.078478 0.154715
v 0.0 0.078455 0.155346
v -0.033291 0.076359 0.084232
v -0.034486 0.077375 0.118391
v -0.042272 0.075153 0.101147
v -0.042987 0.075737 0.118193
v -0.051263 0.07321 0.117997
v -0.0325 0.075448 0.067573
v -0.041387 0.074284 0.084336
v -0.050349 0.072446 0.101129
v -0.059081 0.069532 0.117804
v -0.06057 0.070418 0.151223
v -0.052477 0.073882 0.151782
v -0.043928 0.076124 0.152346
v -0.03518 0.077449 0.152919
v -0.031579 0.074226 0.051118
v -0.040331 0.073111 0.067734
v -0.049223 0.071374 0.084437
v -0.057969 0.068643 0.101111
v -0.062714 0.067199 0.117707
v -0.064332 0.068154 0.150945
v -0.030536 0.072634 0.034816
v -0.086309 0.0 0.116011
v -0.085395 0.017731 0.116419
v -0.084213 0.026296 0.116627
v -0.082489 0.034766 0.11683
v -0.080031 0.043048 0.117029
v -0.076605 0.050967 0.117225
v -0.089553 0.0 0.199732
v -0.089034 0.0 0.17713
v -0.088319 0.0 0.145988
v -0.08829 0.0 0.144741
v -0.015572 0.073093 0.27078
v 0.0007 0.0762 0.213235
v 0.000712 0.076193 0.213244
v 0.001289 0.075849 0.213645
v 3e-06 0.076356 0.21273
v 7e-06 0.076355 0.212741
v 1.4e-05 0.076355 0.212748
v -0.001632 0.076054 0.216605
v 0.000694 0.076204 0.213231
v -0.005662 0.075764 0.223295
v -0.008186 0.075536 0.228345
v -0.01104 0.075195 0.235368
v -0.013243 0.074811 0.242609
v -0.015497 0.074051 0.25555
v -0.0148 0.07438 0.250113
v -0.015879 0.073576 0.263162
v 0.004918 0.076204 0.208055
v 0.004329 0.07638 0.207542
v 0.027453 0.071671 0.189863
v 0.02192 0.07346 0.193222
v 0.027398 0.0717 0.189737
v 0.021876 0.073507 0.19283
v 0.021743 0.073551 0.192904
v 0.017992 0.074457 0.19598
v 0.012981 0.07542 0.200019
v 0.009546 0.075874 0.203181
v 0.012594 0.075581 0.199545
v 0.01459 0.075193 0.198
v 0.017724 0.074584 0.195575
v 0.007227 0.076178 0.204573
v 0.009074 0.076049 0.202681
v 0.076219 0.007592 0.078332
v 0.036454 0.069099 0.052851
v 0.029584 0.072443 0.054019
v 0.071368 0.027066 0.098523
v 0.070342 0.029658 0.100549
v 0.07067 0.029729 0.084595
v 0.064554 0.041582 0.112057
v 0.06349 0.04325 0.114189
v 0.063867 0.043413 0.088442
v 0.054816 0.054541 0.131609
v 0.054135 0.055224 0.132982
v 0.054545 0.055545 0.092203
v 0.02744 0.071738 0.188155
v 0.007384 0.077811 0.159337
v 0.022136 0.074641 0.154015
v 0.014808 0.076566 0.156744
v 0.029253 0.072077 0.15148
v 0.036085 0.068847 0.149108
v 0.035871 0.068345 0.170001
v 0.033343 0.069562 0.175156
v 0.02898 0.071221 0.184084
v 0.028159 0.071533 0.185765
v 0.027529 0.071721 0.187621
v 0.048538 0.060324 0.144281
v 0.048348 0.06049 0.144666
v 0.042547 0.064934 0.146833
v 0.047927 0.060857 0.145515
v 0.043239 0.064246 0.155012
v 0.042431 0.064727 0.156656
v 0.038374 0.06714 0.164898
v 0.04899 0.060819 0.094084
v 0.059518 0.049716 0.09032
v 0.061848 0.045821 0.117475
v 0.05912 0.049486 0.122952
v 0.058441 0.050398 0.124313
v 0.067582 0.036723 0.086543
v 0.069337 0.032194 0.102531
v 0.067252 0.036625 0.106674
v 0.067062 0.037029 0.107052
v 0.075682 0.009928 0.090257
v 0.075015 0.015128 0.08044
v 0.07593 0.007612 0.089839
v 0.076177 0.005291 0.089421
v 0.07501 0.013945 0.091486
v 0.074744 0.015126 0.09199
v 0.073144 0.022508 0.082567
v 0.073956 0.018622 0.093483
v 0.072652 0.023237 0.09601
v 0.076363 0.000639 0.089223
v 0.007561 0.0784 0.057753
v 0.015063 0.07712 0.056493
v 0.042967 0.065098 0.051711
v 0.049052 0.060462 0.050584
v 0.02243 0.075118 0.05523
v 0.059673 0.049459 0.048331
v 0.064105 0.043219 0.047201
v 0.067912 0.036581 0.04606
v 0.071081 0.029616 0.0449
v 0.073605 0.022395 0.043711
v 0.075482 0.014984 0.042486
v 0.076656 0.007432 0.041238
v 0.054641 0.055229 0.049458
v 0.042919 0.065475 0.095956
v 0.036406 0.069476 0.097853
v 0.029529 0.072809 0.099815
v 0.022368 0.07548 0.101882
v 0.014995 0.0775 0.104076
v 0.007504 0.078814 0.106207
v 0.052423 0.056941 0.136432
v 0.028387 0.071072 0.189623
v 0.029056 0.070111 0.189512
v 0.028418 0.071107 0.188287
v 0.028494 0.07109 0.187836
v 0.029035 0.070911 0.186273
v 0.029081 0.070146 0.188385
v 0.029144 0.07013 0.188005
v 0.029599 0.069951 0.186687
v 0.029309 0.068973 0.189185
v 0.029328 0.069001 0.188433
v 0.029382 0.068985 0.1881
v 0.029762 0.068802 0.186941
v 0.076083 0.000653 0.090419
v 0.076231 0.000649 0.090035
v 0.076142 0.005241 0.089832
v 0.076325 0.000644 0.089634
v 0.074996 0.013787 0.0919
v 0.075657 0.009817 0.090668
v 0.073961 0.018414 0.093898
v 0.072676 0.022983 0.096427
v 0.071413 0.026774 0.098943
v 0.069416 0.031851 0.102955
v 0.064717 0.041144 0.11249
v 0.06718 0.036637 0.10748
v 0.062062 0.04534 0.117913
v 0.05517 0.053976 0.132061
v 0.058722 0.049872 0.124758
v 0.052827 0.056355 0.136888
v 0.048424 0.060243 0.14598
v 0.043831 0.063615 0.155487
v 0.075904 0.005132 0.090618
v 0.076051 0.005188 0.090233
v 0.075428 0.009582 0.091455
v 0.075571 0.009701 0.091071
v 0.07478 0.013448 0.092686
v 0.074919 0.01362 0.092303
v 0.073761 0.017965 0.094684
v 0.073895 0.018193 0.094302
v 0.072496 0.022435 0.097213
v 0.072624 0.022713 0.096832
v 0.071251 0.02614 0.099729
v 0.071374 0.026463 0.099349
v 0.069285 0.031097 0.10374
v 0.069398 0.031482 0.103362
v 0.067086 0.035763 0.108263
v 0.067188 0.03621 0.107889
v 0.064666 0.04015 0.113271
v 0.064755 0.04066 0.112901
v 0.062061 0.044225 0.118691
v 0.062134 0.044799 0.118325
v 0.058787 0.048615 0.12553
v 0.05884 0.049265 0.125172
v 0.055309 0.052582 0.132825
v 0.055338 0.053307 0.132476
v 0.053016 0.054877 0.137647
v 0.05303 0.055649 0.137304
v 0.048711 0.058617 0.146726
v 0.048693 0.059472 0.146397
v 0.044223 0.061852 0.156216
v 0.044172 0.062787 0.155903
v 0.039563 0.064612 0.166094
v 0.039476 0.065623 0.165799
v 0.03474 0.066922 0.176342
v 0.034616 0.068004 0.176066
v 0.039062 0.066502 0.165383
v 0.034127 0.068927 0.175651
v 0.030422 0.034948 0.186924
v 0.034702 0.034948 0.177744
v 0.035082 0.03347 0.177921
v 0.030802 0.03347 0.187101
v 0.036075 0.032393 0.178384
v 0.031794 0.032393 0.187564
v 0.037421 0.032 0.179012
v 0.03314 0.032 0.188192
v 0.030024 0.034942 0.18918
v 0.03296 0.032 0.189211
v 0.033187 0.032 0.189975
v 0.031483 0.032392 0.18934
v 0.031876 0.032393 0.190673
v 0.030392 0.033466 0.189436
v 0.030909 0.03347 0.191187
v 0.029972 0.034942 0.189472
v 0.030538 0.034948 0.191384
v 0.033061 0.034948 0.196128
v 0.033431 0.03347 0.195931
v 0.034398 0.032393 0.195417
v 0.035709 0.032 0.19472
v 0.036206 0.032 0.195858
v 0.034804 0.032392 0.196343
v 0.033769 0.033466 0.196701
v 0.033371 0.034941 0.196839
v 0.033896 0.033464 0.197117
v 0.033487 0.034938 0.197223
v 0.034071 0.03346 0.198497
v 0.033647 0.034931 0.198495
v 0.033645 0.03493 0.19854
v 0.034052 0.033459 0.198931
v 0.033629 0.034929 0.198895
v 0.033759 0.033459 0.200291
v 0.033358 0.034929 0.200149
v 0.033597 0.033459 0.200695
v 0.033209 0.034929 0.200521
v 0.036391 0.032 0.196471
v 0.034956 0.032391 0.196843
v 0.036646 0.032 0.198507
v 0.035166 0.03239 0.198501
v 0.036618 0.032 0.199148
v 0.035143 0.03239 0.199023
v 0.036184 0.032 0.201153
v 0.03479 0.03239 0.200657
v 0.035946 0.032 0.201748
v 0.034596 0.03239 0.201143
v 0.034873 0.032 0.203497
v 0.03372 0.032391 0.202567
v 0.034451 0.032 0.203979
v 0.033376 0.032391 0.202959
v 0.03286 0.032 0.205275
v 0.032078 0.032393 0.204012
v 0.032868 0.033462 0.201879
v 0.032581 0.033464 0.202206
v 0.031501 0.03347 0.203081
v 0.032967 0.034931 0.200915
v 0.032539 0.034934 0.201614
v 0.032275 0.034937 0.201915
v 0.03128 0.034948 0.202725
v -0.002179 0.03347 0.265373
v -0.001132 0.03347 0.275899
v -0.001545 0.034948 0.275972
v -0.002598 0.034948 0.265383
v -0.002439 0.034948 0.262183
v -0.001655 0.03347 0.254808
v -0.002071 0.034948 0.254756
v 0.000428 0.03347 0.244437
v -0.000707 0.034948 0.247967
v 2.4e-05 0.034948 0.244324
v 0.004025 0.03347 0.234489
v 0.003642 0.034948 0.234318
v 0.009056 0.03347 0.225184
v 0.008703 0.034948 0.224958
v 0.010935 0.034948 0.221987
v 0.01541 0.03347 0.216727
v 0.015095 0.034948 0.216451
v 0.022947 0.03347 0.209305
v 0.022676 0.034948 0.208985
v 0.020393 0.034948 0.211234
v 0.023656 0.032393 0.21014
v 0.016235 0.032393 0.217448
v 0.009978 0.032393 0.225775
v 0.005025 0.032393 0.234937
v 0.001483 0.032393 0.244732
v -0.000568 0.032393 0.254943
v -0.001084 0.032393 0.265346
v -5.3e-05 0.032393 0.27571
v 0.024616 0.032 0.211273
v 0.017352 0.032 0.218426
v 0.011228 0.032 0.226577
v 0.00638 0.032 0.235544
v 0.002913 0.032 0.245132
v 0.000905 0.032 0.255127
v 0.0004 0.032 0.265309
v 0.00141 0.032 0.275454
v 0.001523 0.032 0.276511
v 4.1e-05 0.032392 0.276571
v -0.001053 0.033466 0.276616
v -0.001474 0.034942 0.276633
v -0.001052 0.033465 0.27705
v -0.001473 0.034939 0.277033
v -0.001282 0.033461 0.278421
v -0.001688 0.034932 0.278297
v -0.001727 0.034931 0.27841
v -0.001426 0.03346 0.278832
v -0.00182 0.03493 0.278676
v -0.002099 0.033459 0.280049
v -0.002441 0.034929 0.279797
v -0.002371 0.03346 0.280389
v -0.002692 0.03493 0.28011
v 0.001523 0.032 0.277152
v 4.2e-05 0.032392 0.277093
v 0.00118 0.032 0.279175
v -0.000235 0.032391 0.278742
v 0.000968 0.032 0.27978
v -0.000408 0.03239 0.279235
v -2.6e-05 0.032 0.281574
v -0.001217 0.03239 0.280698
v -0.000426 0.032 0.282076
v -0.001544 0.03239 0.281106
v -0.001958 0.032 0.28344
v -0.002793 0.032391 0.282217
v -0.002501 0.032 0.28378
v -0.003236 0.032391 0.282494
v -0.004399 0.032 0.284561
v -0.004783 0.032393 0.283127
v -0.003411 0.033462 0.281313
v -0.00378 0.033464 0.281543
v -0.005067 0.03347 0.282068
v -0.003065 0.034932 0.280443
v -0.003649 0.034935 0.280963
v -0.003989 0.034937 0.281176
v -0.005175 0.034948 0.281664
v -0.009893 0.034948 0.282928
v -0.009784 0.03347 0.283332
v -0.009501 0.032393 0.284391
v -0.009116 0.032 0.285825
v -0.011516 0.034941 0.283865
v -0.012708 0.034941 0.285216
v -0.012134 0.034938 0.284222
v -0.011835 0.033464 0.28452
v -0.01053 0.032 0.287239
v -0.010568 0.032 0.287409
v -0.011964 0.032393 0.286855
v -0.01203 0.032393 0.287151
v -0.013022 0.033468 0.286571
v -0.013109 0.03347 0.286961
v -0.013427 0.034945 0.286463
v -0.010013 0.032 0.286343
v -0.011061 0.032392 0.285295
v -0.013522 0.034948 0.286888
v -0.015681 0.034948 0.299134
v -0.015268 0.03347 0.299207
v -0.01419 0.032393 0.299397
v -0.012727 0.032 0.299655
v -0.016274 0.033294 0.30126
v -0.016372 0.033456 0.301186
v -0.016239 0.033457 0.301062
v -0.016525 0.033462 0.301311
v -0.019343 0.034948 0.301528
v -0.018495 0.034934 0.30161
v -0.019326 0.03494 0.301532
v -0.019121 0.034845 0.301577
v -0.018489 0.034543 0.301586
v -0.018336 0.034932 0.301598
v -0.018327 0.034465 0.301588
v -0.018132 0.03493 0.301548
v -0.017756 0.034192 0.301596
v -0.017511 0.034925 0.301394
v -0.017446 0.03401 0.301524
v -0.017365 0.034924 0.301331
v -0.017276 0.033909 0.301485
v -0.016573 0.033495 0.301322
v -0.01701 0.034924 0.301099
v -0.016654 0.034924 0.300866
v -0.014138 0.032149 0.301131
v -0.014327 0.032181 0.301097
v -0.014696 0.032391 0.300827
v -0.014843 0.032432 0.301086
v -0.01565 0.033461 0.30029
v -0.015376 0.032691 0.301074
v -0.016045 0.03314 0.301212
v -0.014584 0.032391 0.300615
v -0.013257 0.032 0.301271
v -0.013264 0.032 0.301286
v -0.01602 0.034932 0.300083
v -0.016149 0.03493 0.300251
v -0.016537 0.034925 0.300757
v -0.015566 0.033462 0.30013
v -0.015946 0.034934 0.299942
v -0.013573 0.031738 0.302226
v -0.014701 0.031891 0.301949
v -0.01705 0.033243 0.301708
v -0.01933 0.034938 0.301531
v -0.018097 0.034036 0.301701
v -0.019172 0.034822 0.301569
v -0.019334 0.034936 0.30153
v -0.019222 0.034799 0.301559
v -0.018446 0.033866 0.301732
v -0.017589 0.032907 0.301901
v -0.01879 0.033688 0.301688
v -0.019272 0.034777 0.301548
v -0.019338 0.034935 0.301529
v -0.015824 0.032393 0.301765
v -0.01694 0.031186 0.302229
v -0.017742 0.032 0.301992
v -0.018132 0.032527 0.301879
v -0.015127 0.031223 0.302518
v -0.016381 0.031857 0.302176
v -0.015504 0.030336 0.302668
v -0.013976 0.030051 0.303157
v -0.013888 0.030035 0.303186
v -0.013801 0.03102 0.30292
v 0.056904 0.031711 0.323508
v 0.056805 0.031274 0.324007
v 0.046077 0.03102 0.322628
v 0.056775 0.031006 0.324159
v 0.05674 0.030693 0.324336
v 0.046371 0.032 0.320933
v 0.057106 0.032 0.32249
v 0.057026 0.031957 0.322894
v -0.00644 0.032 0.303778
v -0.006803 0.031738 0.304699
v 0.004475 0.03102 0.310148
v 0.004016 0.030035 0.310261
v -0.007072 0.03102 0.305378
v -0.007174 0.030035 0.305638
v -0.011995 0.030035 0.30383
v 0.026525 0.030035 0.318325
v 0.024129 0.030035 0.31767
v 0.024211 0.03102 0.317403
v 0.016666 0.030035 0.315187
v 0.01676 0.03102 0.314924
v 0.014464 0.030035 0.314331
v 0.004369 0.030035 0.310406
v 0.005133 0.032 0.308559
v 0.004755 0.031738 0.309473
v 0.017337 0.032 0.313303
v 0.017005 0.031738 0.314236
v 0.024719 0.032 0.315759
v 0.024427 0.031738 0.316705
v 0.035392 0.032 0.318676
v 0.035162 0.031738 0.319639
v 0.046201 0.031738 0.321908
v 0.056914 0.03173 0.323461
v 0.034992 0.03102 0.320349
v 0.034927 0.030035 0.320621
v 0.040738 0.030035 0.321815
v 0.046029 0.030035 0.322903
v 0.056716 0.030035 0.324457
v -0.011081 0.0295 0.280786
v -0.010457 0.0295 0.280589
v -0.011047 0.068132 0.280049
v -0.014713 0.0295 0.283982
v -0.014261 0.0295 0.283012
v -0.014384 0.069228 0.281933
v -0.014136 0.069296 0.281698
v -0.01285 0.0295 0.282024
v -0.013871 0.069359 0.281469
v -0.011357 0.068265 0.280137
v -0.013433 0.069167 0.281142
v -0.013598 0.06924 0.281265
v -0.016482 0.06758 0.285998
v -0.015901 0.0295 0.28653
v -0.015701 0.06862 0.283702
v -0.015458 0.068732 0.283376
v -0.006446 0.066279 0.278849
v -0.006121 0.049894 0.279058
v -0.005714 0.0295 0.279318
v -0.036144 0.063341 0.280183
v -0.036131 0.06407 0.276647
v -0.042098 0.062764 0.276878
v -0.065837 0.00225 0.293471
v -0.062215 0.00225 0.293834
v -0.062035 0.005787 0.293772
v -0.068259 0.00225 0.292805
v -0.06874 0.006202 0.292483
v -0.073622 0.00225 0.289833
v -0.071556 0.00225 0.291264
v -0.068917 0.00225 0.292497
v -0.077695 0.00225 0.285255
v -0.076222 0.00225 0.287288
v -0.074502 0.006514 0.288812
v -0.07466 0.00225 0.288817
v -0.080211 0.006674 0.276648
v -0.080431 0.00225 0.276706
v -0.080022 0.00225 0.27959
v -0.079305 0.00225 0.281993
v -0.078514 0.006679 0.283274
v -0.078661 0.00225 0.283299
v -0.036192 0.060573 0.285594
v -0.036165 0.062153 0.282966
v -0.041603 0.060943 0.283141
v -0.03616 0.062443 0.282482
v -0.036269 0.05617 0.289802
v -0.036236 0.058081 0.288205
v -0.040596 0.057099 0.288337
v -0.03622 0.058982 0.287451
v -0.03641 0.048086 0.292897
v -0.036367 0.050582 0.292384
v -0.039205 0.051725 0.291798
v -0.036335 0.052383 0.291691
v -0.036306 0.054043 0.291053
v -0.061228 0.013752 0.293633
v -0.067856 0.01466 0.292345
v -0.059943 0.020819 0.29351
v -0.06642 0.022279 0.292231
v -0.058891 0.024824 0.29344
v -0.065213 0.0267 0.292171
v -0.057296 0.029332 0.293361
v -0.063332 0.031816 0.292107
v -0.055472 0.033097 0.293295
v -0.061098 0.036258 0.292057
v -0.054356 0.03491 0.293264
v -0.059692 0.038469 0.292033
v -0.052493 0.037343 0.293221
v -0.05729 0.041522 0.291998
v -0.050374 0.039446 0.293184
v -0.054518 0.044229 0.291963
v -0.049139 0.040435 0.293167
v -0.052918 0.045502 0.291943
v -0.046482 0.04214 0.293137
v -0.049563 0.047666 0.291902
v -0.043431 0.043605 0.293112
v -0.045873 0.049469 0.291861
v -0.042137 0.044113 0.293103
v -0.044357 0.050079 0.291845
v -0.037609 0.045512 0.293079
v -0.03645 0.045796 0.293074
v -0.073561 0.015397 0.288694
v -0.072008 0.023495 0.288624
v -0.070679 0.028279 0.288603
v -0.068567 0.033928 0.2886
v -0.065996 0.038967 0.288613
v -0.064345 0.041531 0.288622
v -0.061483 0.045134 0.288629
v -0.058145 0.048376 0.288617
v -0.056227 0.049899 0.288599
v -0.05226 0.052463 0.288545
v -0.048008 0.054555 0.288471
v -0.046296 0.05525 0.28844
v -0.077547 0.01586 0.283188
v -0.07594 0.0243 0.283182
v -0.074549 0.029347 0.28322
v -0.072307 0.035389 0.283305
v -0.069528 0.040874 0.283411
v -0.067718 0.043704 0.28347
v -0.064542 0.047725 0.28354
v -0.060803 0.05137 0.283565
v -0.058654 0.053078 0.283553
v -0.054235 0.055932 0.283484
v -0.049567 0.058223 0.283369
v -0.047709 0.058974 0.283318
v -0.079258 0.015985 0.276595
v -0.077676 0.024583 0.276653
v -0.076299 0.02976 0.276749
v -0.074057 0.036004 0.276923
v -0.071239 0.041731 0.277125
v -0.069381 0.044711 0.277234
v -0.066083 0.048966 0.277371
v -0.06216 0.052836 0.277436
v -0.059896 0.054644 0.277432
v -0.055244 0.057641 0.27735
v -0.050353 0.060011 0.277197
v -0.048418 0.060778 0.277126
v -0.048898 0.020544 0.293514
v -0.048086 0.023502 0.293463
v -0.047416 0.025201 0.293433
v -0.047037 0.026162 0.293416
v -0.045511 0.028877 0.293369
v -0.045178 0.029471 0.293359
v -0.044293 0.030574 0.293339
v -0.043509 0.031239 0.293328
v -0.042114 0.032419 0.293307
v -0.04091 0.033074 0.293296
v -0.040053 0.03354 0.293287
v -0.036642 0.034811 0.293265
v -0.051465 0.00225 0.293834
v -0.051093 0.007153 0.293748
v -0.050851 0.01035 0.293692
v -0.050167 0.014541 0.293619
v -0.049612 0.017945 0.29356
v -0.051465 0.00225 0.298084
v -0.051093 0.007153 0.297999
v -0.036642 0.034811 0.297516
v -0.040053 0.03354 0.297538
v -0.04091 0.033074 0.297546
v -0.042114 0.032419 0.297558
v -0.043509 0.031239 0.297578
v -0.044293 0.030574 0.29759
v -0.045178 0.029471 0.297609
v -0.045511 0.028877 0.29762
v -0.047037 0.026162 0.297667
v -0.047416 0.025201 0.297684
v -0.048086 0.023502 0.297713
v -0.048898 0.020544 0.297765
v -0.049612 0.017945 0.29781
v -0.050167 0.014541 0.29787
v -0.050851 0.01035 0.297943
v -0.036091 0.066383 0.284242
v -0.036097 0.066031 0.284844
v -0.034677 0.066333 0.284826
v -0.036399 0.04871 0.297103
v -0.036449 0.04587 0.297323
v -0.034018 0.046388 0.297314
v -0.03624 0.05784 0.293743
v -0.036271 0.05604 0.294827
v -0.035534 0.054197 0.295714
v -0.036307 0.053998 0.295637
v -0.036338 0.052214 0.296345
v -0.036165 0.062123 0.29038
v -0.036184 0.061021 0.291323
v -0.03389 0.061509 0.291344
v -0.036219 0.059031 0.293025
v -0.032795 0.054709 0.295694
v -0.036126 0.064345 0.287724
v -0.036069 0.067614 0.28098
v -0.035051 0.068548 0.276996
v -0.036056 0.068378 0.277039
v -0.031534 0.046825 0.297306
v -0.032435 0.068886 0.276975
v -0.024208 0.069732 0.277213
v -0.028193 0.069436 0.276941
v -0.028567 0.067223 0.284794
v -0.01703 0.068022 0.286119
v -0.017029 0.068025 0.286113
v -0.022549 0.067761 0.285244
v -0.016971 0.068171 0.285806
v -0.021443 0.069937 0.277401
v -0.016183 0.069085 0.283614
v -0.01597 0.06922 0.283236
v -0.015893 0.07013 0.278236
v -0.015729 0.069311 0.282939
v -0.015106 0.070157 0.278354
v -0.014858 0.070069 0.279136
v -0.014499 0.069776 0.281423
v -0.014215 0.06984 0.281172
v -0.01844 0.060578 0.294797
v -0.018107 0.063136 0.292671
v -0.023328 0.062891 0.291812
v -0.018037 0.063672 0.292224
v -0.017604 0.065963 0.289555
v -0.018565 0.059122 0.295643
v -0.023676 0.055975 0.29623
v -0.018868 0.056222 0.297127
v -0.018936 0.048127 0.298817
v -0.018947 0.049268 0.298764
v -0.019132 0.048123 0.298771
v -0.018948 0.050262 0.298672
v -0.018888 0.053739 0.297993
v -0.018767 0.056196 0.297071
v -0.018702 0.057519 0.296573
v -0.02827 0.055495 0.295768
v -0.028594 0.062362 0.291358
v -0.022048 0.048 0.298202
v -0.023547 0.047936 0.297909
v -0.027638 0.047526 0.297442
v -0.023556 0.0 0.298755
v -0.029582 0.0 0.298161
v -0.017111 0.0295 0.299618
v -0.018678 0.0295 0.299214
v -0.018867 0.043129 0.298924
v 0.045978 0.0295 0.320365
v 0.041264 0.0 0.319965
v 0.041378 0.0295 0.319406
v 0.040193 0.0 0.319775
v 0.034954 0.0295 0.318065
v 0.029163 0.0 0.317089
v 0.027332 0.0295 0.315953
v 0.024242 0.0295 0.315096
v 0.018148 0.0 0.313615
v 0.017502 0.0295 0.31284
v 0.015401 0.0295 0.312023
v 0.005235 0.0295 0.308069
v 0.005023 0.0295 0.307981
v -0.002454 0.0 0.30542
v -0.004322 0.0295 0.30412
v -0.006159 0.0295 0.303361
v -0.010218 0.0 0.302366
v -0.013188 0.0295 0.300825
v -0.014006 0.0295 0.30053
v -0.015514 0.0295 0.300069
v -0.062218 0.00225 0.298084
v -0.036031 0.069812 0.26177
v -0.036106 0.065483 0.261839
v -0.060017 0.049562 0.036172
v -0.062556 0.051702 0.052656
v -0.057347 0.057407 0.052493
v -0.071719 0.057978 0.150397
v -0.076228 0.051 0.149845
v -0.077098 0.051054 0.182154
v -0.068984 0.061073 0.150669
v -0.072511 0.05797 0.182905
v -2.4e-05 0.076465 0.13409
v -2.2e-05 0.076633 0.119426
v -0.01644 0.076441 0.119028
v -0.061891 0.04139 0.021124
v -0.061919 0.041345 0.021124
v -0.066922 0.045297 0.052795
v -0.06356 0.03874 0.021124
v -0.065577 0.034963 0.021124
v -0.070464 0.038359 0.05292
v -0.067032 0.032241 0.021124
v -0.068662 0.028292 0.021124
v -0.073253 0.031043 0.053041
v -0.072477 0.016191 0.021124
v -0.072808 0.014206 0.021124
v -0.074786 0.014985 0.036519
v -0.073702 0.008842 0.021124
v -0.07383 0.006927 0.021124
v -0.075749 0.007402 0.036616
v -0.074205 0.001349 0.021124
v -1.8e-05 0.073858 0.212629
v -2.2e-05 0.074758 0.18995
v -0.004427 0.073565 0.219293
v -0.016897 0.074916 0.188321
v -0.016384 0.071752 0.25344
v -0.015912 0.071753 0.253482
v -0.01552 0.071979 0.249856
v -0.016767 0.073507 0.221298
v -0.014542 0.072289 0.244643
v -0.012529 0.072707 0.237158
v -0.009821 0.073079 0.229872
v -0.006415 0.07341 0.222784
v -0.006182 0.073428 0.222374
v -0.01649 0.070988 0.265506
v -0.016369 0.071491 0.257692
v -0.024952 0.071525 0.252685
v -0.016319 0.071519 0.257238
v -0.015891 0.070484 0.273273
v -0.016049 0.070617 0.271224
v -0.033473 0.070923 0.251943
v -0.041409 0.068907 0.261249
v -0.041885 0.069756 0.251213
v -0.042624 0.068703 0.261131
v -0.048845 0.067167 0.260308
v -0.050052 0.067795 0.250493
v -0.049497 0.066941 0.260193
v -0.057179 0.064015 0.258743
v -0.056744 0.064246 0.258848
v -0.057763 0.064802 0.249786
v -0.054681 0.065138 0.25928
v -0.066106 0.058528 0.256341
v -0.064144 0.059901 0.25692
v -0.064726 0.060605 0.249096
v -0.061651 0.061646 0.257655
v -0.075087 0.048379 0.252837
v -0.072653 0.05192 0.253927
v -0.070672 0.05519 0.248424
v -0.070172 0.054668 0.254893
v -0.068938 0.056036 0.255374
v -0.075461 0.048724 0.247762
v -0.079129 0.041472 0.247099
v -0.078824 0.041245 0.250968
v -0.077554 0.04418 0.251654
v -0.075857 0.04726 0.252493
v -0.081822 0.033694 0.246424
v -0.083734 0.025593 0.245728
v -0.08358 0.025514 0.248166
v -0.082343 0.031193 0.248951
v -0.081606 0.03356 0.249389
v -0.080215 0.038031 0.250216
v -0.085741 0.008907 0.246816
v -0.085283 0.014626 0.247074
v -0.085053 0.017308 0.245008
v -0.084905 0.017255 0.247317
v -0.083985 0.023653 0.247909
v -0.086161 0.00225 0.246609
v -0.086035 0.00522 0.24665
v -0.085896 0.00894 0.244259
v -0.084676 0.00225 0.276967
v -0.086258 0.0 0.245462
v -0.086614 0.00923 0.210592
v -0.086416 0.009336 0.178155
v -0.087051 0.0 0.198746
v -0.084413 0.0 0.120269
v -0.085425 0.00926 0.146883
v -0.086638 0.0 0.168742
v -0.08292 0.017555 0.116796
v -0.082189 0.0 0.092358
v -0.081158 0.008533 0.08584
v -0.077773 0.007846 0.053464
v -0.07742 0.0 0.047635
v -0.071959 0.018411 0.021124
v -0.073183 0.022448 0.036441
v -0.071072 0.021348 0.021124
v -0.069831 0.02546 0.021124
v -0.057558 0.047275 0.021124
v -0.057616 0.047211 0.021124
v -0.054948 0.055153 0.036068
v -0.052612 0.052729 0.021124
v -0.052787 0.05257 0.021124
v -0.047402 0.057455 0.021124
v -0.049225 0.060059 0.035935
v -0.047141 0.057658 0.021124
v -0.042954 0.064244 0.035778
v -0.036251 0.067717 0.035606
v -0.034801 0.065655 0.021124
v -0.038352 0.063783 0.021124
v -0.041149 0.061934 0.021124
v -0.044379 0.059801 0.021124
v -0.021896 0.07099 0.021124
v -0.02516 0.069925 0.021124
v -0.029217 0.070509 0.035429
v -0.028109 0.068723 0.021124
v -0.031942 0.067162 0.021124
v -0.014744 0.072768 0.021124
v -0.014471 0.074151 0.035096
v -0.013985 0.07288 0.021124
v -0.007139 0.075896 0.050998
v -0.00744 0.073844 0.021124
v -0.006673 0.073882 0.021124
v 0.0 0.074209 0.021124
v -0.0 0.07545 0.03902
v -1e-06 0.075813 0.044247
v -3e-06 0.076028 0.050831
v -0.00754 0.07671 0.084184
v -1e-05 0.076649 0.069856
v -6e-06 0.076338 0.060327
v -2e-05 0.076754 0.108943
v -1.9e-05 0.07687 0.098797
v -0.015843 0.076255 0.084316
v -1.4e-05 0.076757 0.084075
v -1.4e-05 0.076756 0.083831
v -2.4e-05 0.075881 0.155447
v -2.4e-05 0.075336 0.175412
v -2.4e-05 0.075712 0.161661
v -0.016786 0.07593 0.154264
v -0.051206 0.071671 0.152008
v -0.051666 0.07129 0.185156
v -0.042886 0.073781 0.152551
v -0.043237 0.073233 0.185923
v -0.034288 0.075029 0.153106
v -0.034544 0.07431 0.186704
v -0.025564 0.075674 0.153676
v -0.025741 0.074796 0.187502
v -0.051294 0.069987 0.217922
v -0.042914 0.071878 0.218744
v -0.034282 0.072927 0.219579
v -0.065197 0.063524 0.134503
v -0.065936 0.063861 0.150938
v -0.058999 0.068427 0.151472
v -0.066627 0.063758 0.183651
v -0.059576 0.068198 0.1844
v -0.066241 0.062665 0.216317
v -0.059179 0.06698 0.217113
v -0.069728 0.061022 0.183278
v -0.072181 0.057034 0.215531
v -0.069364 0.060004 0.215923
v -0.08287 0.035133 0.180613
v -0.080479 0.04334 0.181391
v -0.079555 0.043255 0.149279
v -0.08036 0.042741 0.213958
v -0.082865 0.034681 0.213152
v -0.084615 0.026322 0.212325
v -0.076863 0.05029 0.214749
v -0.071577 0.056225 0.231936
v -0.076312 0.049607 0.231196
v -0.084682 0.01794 0.147503
v -0.085665 0.018019 0.178997
v -0.085826 0.017806 0.211473
v -0.0746 0.040848 0.085497
v -0.074277 0.050083 0.117656
v -0.069827 0.057005 0.11785
v -0.066782 0.054951 0.085324
v -0.071186 0.048217 0.085417
v -0.077617 0.04245 0.117448
v -0.081916 0.03504 0.1487
v -0.080036 0.034372 0.117234
v -0.077163 0.033065 0.085573
v -0.075363 0.023463 0.053168
v -0.08033 0.016825 0.085739
v -0.076859 0.015707 0.053307
v -0.084524 0.026648 0.179816
v -0.083554 0.02656 0.148108
v -0.081744 0.026036 0.117015
v -0.07903 0.025024 0.085652
v -0.021934 0.072646 0.035257
v -0.022745 0.073883 0.051415
v -0.014988 0.075163 0.0512
v -0.024083 0.075398 0.084459
v -0.021161 0.071172 0.021124
v -0.05948 0.059276 0.068862
v -0.053276 0.064115 0.06867
v -0.051371 0.062284 0.052303
v -0.046391 0.067979 0.068459
v -0.044775 0.066306 0.052091
v -0.039028 0.070958 0.068238
v -0.037723 0.069524 0.051867
v -0.031349 0.073184 0.068016
v -0.030348 0.072024 0.051639
v -0.025019 0.075934 0.118841
v -0.033521 0.074994 0.118667
v -0.032212 0.074047 0.08461
v -0.04187 0.073442 0.118502
v -0.048967 0.070332 0.101542
v -0.049927 0.071055 0.118345
v -0.056323 0.066752 0.101569
v -0.061331 0.060803 0.08521
v -0.054928 0.065595 0.085074
v -0.04779 0.069312 0.084923
v -0.040155 0.072072 0.084766
v -0.062898 0.06201 0.101585
v -0.064186 0.062913 0.118027
v -0.057463 0.067599 0.118189
v -0.058355 0.068152 0.134863
v 0.074469 0.0 0.030132
v 0.074056 0.007114 0.028691
v 0.069587 0.025477 0.021124
v 0.0684 0.028284 0.021124
v 0.068653 0.028619 0.030801
v 0.037438 0.064037 0.021124
v 0.034576 0.065527 0.021124
v 0.034758 0.066515 0.03551
v 0.014234 0.07282 0.021124
v 0.013898 0.072869 0.021124
v 0.013932 0.074049 0.037624
v 0.006621 0.076029 0.05925
v 0.006585 0.07642 0.082454
v 0.073868 0.000273 0.08917
v 0.074081 0.0 0.07723
v 0.073711 0.007381 0.079132
v 0.073437 0.0074 0.089794
v 0.073695 0.004964 0.089345
v 0.073205 0.009596 0.090199
v 0.072531 0.014718 0.081269
v 0.07259 0.013292 0.091357
v 0.07069 0.021935 0.083424
v 0.071551 0.01794 0.093382
v 0.072271 0.014719 0.091979
v 0.06794 0.028936 0.100633
v 0.069081 0.026041 0.098319
v 0.068258 0.028995 0.08548
v 0.070256 0.022525 0.095956
v 0.070428 0.021916 0.095614
v 0.067082 0.031114 0.102374
v 0.065227 0.035818 0.087457
v 0.064844 0.035877 0.106949
v 0.062382 0.040345 0.112013
v 0.061587 0.042328 0.089383
v 0.061208 0.042184 0.114438
v 0.059814 0.044368 0.117319
v 0.057333 0.048443 0.09129
v 0.056935 0.048238 0.123292
v 0.056491 0.048835 0.124214
v 0.052476 0.054083 0.093201
v 0.052961 0.052865 0.131566
v 0.041131 0.063663 0.097001
v 0.046609 0.058697 0.144852
v 0.047055 0.059176 0.095106
v 0.050757 0.055077 0.136168
v 0.052057 0.053773 0.133455
v 0.040639 0.06289 0.157388
v 0.041854 0.062168 0.154832
v 0.040761 0.063113 0.147422
v 0.046397 0.058882 0.145295
v 0.046422 0.058859 0.145242
v 0.037139 0.064969 0.164755
v 0.034461 0.066868 0.149714
v 0.034253 0.066354 0.170844
v 0.032262 0.06731 0.175046
v 0.027789 0.069964 0.152107
v 0.027537 0.069097 0.185037
v 0.027229 0.069214 0.185689
v 0.020824 0.072416 0.154668
v 0.026533 0.069409 0.188077
v 0.013651 0.074242 0.15742
v 0.015726 0.072466 0.196515
v 0.020594 0.071265 0.19311
v 0.021009 0.071162 0.192819
v 0.026493 0.069371 0.189658
v 0.006299 0.073759 0.205101
v 0.007119 0.073725 0.204179
v 0.006423 0.07539 0.159987
v 0.012123 0.073128 0.199448
v 0.013467 0.072881 0.198354
v 0.002476 0.073916 0.209405
v 0.006538 0.076404 0.107374
v 0.00664 0.075173 0.03836
v 0.00663 0.073892 0.021124
v 0.007008 0.073874 0.021124
v 0.021102 0.07221 0.036898
v 0.021011 0.071061 0.021124
v 0.017081 0.072202 0.021124
v 0.028069 0.069693 0.036195
v 0.030896 0.067442 0.021124
v 0.027931 0.06863 0.021124
v 0.024103 0.070163 0.021124
v 0.040143 0.062373 0.021124
v 0.041102 0.062696 0.034839
v 0.040907 0.061826 0.021124
v 0.046071 0.058124 0.021124
v 0.047033 0.058264 0.034173
v 0.046812 0.057473 0.021124
v 0.051555 0.053307 0.021124
v 0.052492 0.053257 0.033507
v 0.052256 0.052555 0.021124
v 0.056574 0.047927 0.021124
v 0.057423 0.047728 0.032838
v 0.057204 0.047138 0.021124
v 0.06178 0.041737 0.032165
v 0.061516 0.041207 0.021124
v 0.059122 0.044733 0.021124
v 0.065531 0.035345 0.031487
v 0.066713 0.032276 0.021124
v 0.065277 0.034916 0.021124
v 0.06322 0.038698 0.021124
v 0.070821 0.021817 0.021124
v 0.071129 0.021623 0.030108
v 0.070928 0.021399 0.021124
v 0.072652 0.014676 0.021124
v 0.072944 0.014429 0.029407
v 0.072713 0.01428 0.021124
v 0.073771 0.007421 0.021124
v 0.073792 0.007026 0.021124
v 0.074498 0.0 0.053514
v 0.074165 0.007222 0.042154
v 0.02805 0.070714 0.100912
v 0.02811 0.070706 0.077151
v 0.021042 0.073271 0.103012
v 0.021101 0.073281 0.078874
v 0.013829 0.07519 0.105238
v 0.013889 0.075207 0.080688
v 0.034771 0.067513 0.098922
v 0.028118 0.070381 0.055385
v 0.021123 0.072943 0.05664
v 0.013925 0.074845 0.057951
v 0.073013 0.014575 0.043438
v 0.07117 0.021812 0.044701
v 0.068691 0.028862 0.045931
v 0.065584 0.035651 0.047135
v 0.061857 0.042111 0.04832
v 0.057522 0.048173 0.049494
v 0.052602 0.053768 0.050665
v 0.047141 0.058831 0.051831
v 0.041197 0.063309 0.052997
v 0.034833 0.067166 0.054176
v 0.073862 0.000274 0.089238
v 0.073846 0.000275 0.089305
v 0.073821 0.000276 0.089369
v 0.073689 0.004956 0.089414
v 0.073201 0.009578 0.090267
v 0.07026 0.022483 0.096026
v 0.071552 0.017905 0.093451
v 0.072588 0.013266 0.091426
v 0.069088 0.025993 0.098389
v 0.067094 0.031057 0.102444
v 0.056538 0.048747 0.124288
v 0.05985 0.044288 0.117392
v 0.064864 0.035812 0.10702
v 0.062409 0.040272 0.112085
v 0.05302 0.052771 0.131641
v 0.050824 0.054979 0.136244
v 0.046479 0.058779 0.145373
v 0.041952 0.062063 0.154911
v 0.037254 0.064862 0.164836
v 0.027375 0.06911 0.185773
v 0.032392 0.067204 0.175129
v 0.073674 0.004947 0.089481
v 0.073187 0.009558 0.090334
v 0.072575 0.013238 0.091493
v 0.071541 0.017869 0.093518
v 0.070251 0.022438 0.096093
v 0.069081 0.025941 0.098457
v 0.067091 0.030996 0.102512
v 0.064865 0.035741 0.107088
v 0.062416 0.040191 0.112153
v 0.059861 0.044198 0.117461
v 0.056557 0.048646 0.124357
v 0.053048 0.05266 0.131711
v 0.050858 0.054862 0.136313
v 0.046524 0.058651 0.145442
v 0.042009 0.061925 0.154981
v 0.037323 0.064716 0.164906
v 0.032474 0.06705 0.175198
v 0.027469 0.06895 0.185842
v 0.073649 0.004938 0.089545
v 0.073163 0.009538 0.090398
v 0.072552 0.01321 0.091557
v 0.071518 0.017831 0.093582
v 0.07023 0.022391 0.096157
v 0.069061 0.025888 0.09852
v 0.067073 0.030932 0.102575
v 0.064848 0.035666 0.107151
v 0.062401 0.040106 0.112215
v 0.059849 0.044102 0.117522
v 0.056548 0.048538 0.124417
v 0.053043 0.052539 0.131769
v 0.050855 0.054734 0.13637
v 0.046527 0.058509 0.145497
v 0.042017 0.061769 0.155033
v 0.037337 0.064547 0.164955
v 0.032495 0.06687 0.175244
v 0.027496 0.068758 0.185885
v 0.033502 0.0295 0.174627
v 0.028262 0.0295 0.185865
v 0.074754 0.0295 0.201234
v 0.073471 0.0295 0.200921
v 0.064493 0.0295 0.199048
v 0.062277 0.0295 0.198585
v 0.05029 0.0295 0.196906
v 0.052397 0.0295 0.206341
v 0.039459 0.0295 0.211944
v 0.028237 0.0295 0.220481
v -0.018511 0.0295 0.299226
v -0.018349 0.0295 0.299182
v 0.031135 0.0295 0.197693
v 0.031271 0.0295 0.198522
v 0.0663 0.0295 0.203997
v 0.030979 0.0295 0.197335
v 0.04424 0.0295 0.315406
v -0.004951 0.0295 0.278968
v 0.027564 0.0295 0.188772
v 0.028437 0.0295 0.192554
v -0.004348 0.0295 0.278385
v 0.022453 0.0295 0.29783
v -0.003971 0.0295 0.277635
v 0.015331 0.0295 0.285662
v -0.003864 0.0295 0.276802
v 0.011329 0.0295 0.272143
v 0.03228 0.0295 0.307941
v 0.018424 0.0295 0.209553
v 0.019385 0.0295 0.231454
v 0.008751 0.0295 0.220597
v 0.013416 0.0295 0.244228
v 0.031126 0.0295 0.199348
v 0.030716 0.0295 0.20008
v 0.030086 0.0295 0.200635
v -0.018067 0.0295 0.298815
v -0.018112 0.0295 0.298951
v -0.018211 0.0295 0.299087
v 0.001448 0.0295 0.233333
v -0.003198 0.0295 0.24726
v 0.010678 0.0295 0.258058
v -0.005004 0.0295 0.26183
v -0.003899 0.0295 0.276469
v 0.066305 0.0355 0.204102
v 0.052427 0.0355 0.206442
v 0.039512 0.0355 0.212034
v 0.02831 0.0355 0.220556
v 0.019474 0.0355 0.23151
v 0.013516 0.0355 0.24426
v 0.010782 0.0355 0.258066
v 0.011432 0.0355 0.272125
v 0.015427 0.0355 0.28562
v 0.022536 0.0355 0.297767
v 0.032345 0.0355 0.307859
v 0.044285 0.0355 0.315311
v 0.043226 0.0355 0.317576
v 0.030776 0.0355 0.309805
v 0.020546 0.0355 0.29928
v 0.013133 0.0355 0.286613
v 0.008967 0.0355 0.272541
v 0.008289 0.0355 0.25788
v 0.01114 0.0355 0.243483
v 0.017353 0.0355 0.230186
v 0.026568 0.0355 0.218763
v 0.038249 0.0355 0.209877
v 0.051717 0.0355 0.204044
v 0.066189 0.0355 0.201605
v 0.066186 0.032 0.201543
v 0.051699 0.032 0.203986
v 0.038218 0.032 0.209824
v 0.026525 0.032 0.218719
v 0.017301 0.032 0.230154
v 0.011082 0.032 0.243464
v 0.008228 0.032 0.257875
v 0.008906 0.032 0.272551
v 0.013077 0.032 0.286638
v 0.020498 0.032 0.299317
v 0.030737 0.032 0.309852
v 0.043201 0.032 0.317631
v 0.080894 0.032 0.20235
v 0.07965 0.032 0.202005
v 0.050481 0.032 0.195875
v 0.052015 0.032 0.196558
v 0.05267 0.032 0.19668
v 0.056014 0.032 0.197106
v 0.067907 0.032 0.199167
v 0.04926 0.032 0.194724
v 0.037463 0.0305 0.17585
v 0.037477 0.030035 0.175763
v 0.050857 0.030035 0.19352
v 0.037428 0.03172 0.177386
v 0.037428 0.0317 0.177271
v 0.050634 0.03102 0.193688
v 0.037448 0.031008 0.176212
v 0.037449 0.030954 0.176129
v 0.050051 0.031738 0.194128
v 0.051771 0.030038 0.194292
v 0.05251 0.030036 0.194621
v 0.052441 0.031021 0.194892
v 0.052903 0.030035 0.194694
v 0.052871 0.03102 0.194972
v 0.05226 0.031738 0.1956
v 0.052785 0.031738 0.195697
v 0.05159 0.030038 0.194211
v 0.051435 0.031022 0.194445
v 0.05103 0.031738 0.195052
v 0.081138 0.031559 0.201118
v 0.081084 0.031713 0.20139
v 0.079912 0.031738 0.20105
v 0.081023 0.031887 0.201697
v 0.080105 0.03102 0.200346
v 0.081228 0.031018 0.200663
v 0.081225 0.031056 0.200678
v 0.080179 0.030035 0.200076
v 0.081284 0.030035 0.200383
v 0.081275 0.030433 0.200429
v 0.056287 0.030035 0.195126
v 0.056149 0.031738 0.196126
v 0.056249 0.03102 0.195402
v 0.068258 0.03102 0.197483
v 0.0662 0.030035 0.196843
v 0.068315 0.030035 0.197209
v 0.068109 0.031738 0.198198
v 0.053034 0.01601 0.194463
v 0.06631 0.0 0.196273
v 0.066417 0.0 0.19629
v 0.05099 0.01601 0.193289
v 0.051892 0.016005 0.194085
v 0.052058 0.0 0.193799
v 0.052217 0.0 0.193914
v 0.0514 0.0 0.193326
v 0.036994 0.030027 0.174801
v 0.037683 0.0 0.174705
v 0.036881 0.030027 0.173731
v 0.037154 0.030035 0.17269
v 0.037719 0.0 0.172722
v 0.037585 0.0 0.173681
v 0.037503 0.0 0.174259
v 0.035972 0.034197 0.175052
v 0.035985 0.033094 0.175731
v 0.036503 0.032207 0.17652
v 0.036837 0.032332 0.173275
v 0.036638 0.031762 0.174229
v 0.037064 0.031197 0.172834
v 0.036812 0.030909 0.173853
v 0.036852 0.031279 0.175227
v 0.036951 0.030666 0.174904
v 0.032715 0.049934 0.196035
v 0.032658 0.049962 0.200833
v 0.033299 0.049962 0.198441
v 0.030948 0.049934 0.202623
v -0.001841 0.049937 0.275796
v -0.003342 0.049965 0.280284
v -0.002027 0.049965 0.278229
v -0.005474 0.049937 0.281473
v -0.015773 0.041495 0.298994
v -0.017083 0.041519 0.300982
v -0.019429 0.041495 0.301389
v -0.018214 0.041512 0.301428
v -0.016222 0.041512 0.300124
v -0.014997 0.0 0.303379
v -0.022691 0.0 0.3016
v -0.024957 0.0 0.301075
v 0.040649 0.0 0.322224
v 0.014325 0.0 0.314711
v 0.019573 0.0 0.31675
v 0.036198 0.0 0.321458
v 0.003855 0.0 0.310644
v -0.014157 0.0 0.303702
v -0.000198 0.0 0.309069
v -0.078954 0.0 0.290727
v -0.081387 0.0 0.287498
v -0.083011 0.0 0.284355
v -0.084239 0.0 0.280503
v -0.075682 0.0 0.293694
v -0.072684 0.0 0.295572
v -0.068945 0.0 0.297113
v -0.066295 0.0 0.297762
v -0.084731 0.0 0.277
v -0.039253 -0.042811 0.295876
v -0.039253 -0.042811 0.301876
v -0.03974 -0.039898 0.295927
v -0.039845 -0.039653 0.301921
v -0.03986 -0.039668 0.295931
v -0.039869 -0.039525 0.301922
v -0.041289 -0.036935 0.295979
v -0.041405 -0.036851 0.30196
v -0.041384 -0.036846 0.29598
v -0.041535 -0.036625 0.301963
v -0.043729 -0.034649 0.296019
v -0.041106 -0.074914 0.268925
v -0.041108 -0.074882 0.269234
v -0.040224 -0.074886 0.268924
v -0.090246 -0.005164 0.268424
v -0.090686 -0.005182 0.259606
v -0.090543 -0.005105 0.2596
v -0.091727 -0.007123 0.262985
v -0.091831 -0.006475 0.259661
v -0.091763 -0.006328 0.259657
v -0.08934 -0.006871 0.252704
v -0.089344 -0.006849 0.252736
v -0.090137 -0.006726 0.252673
v -0.089652 -0.005508 0.255978
v -0.089718 -0.005285 0.25678
v -0.090426 -0.005306 0.256808
v -0.091865 -0.006484 0.258779
v -0.090509 -0.005112 0.258631
v -0.091579 -0.00588 0.258727
v -0.091116 -0.005411 0.259627
v -0.091339 -0.005648 0.259637
v -0.090321 -0.005734 0.255026
v -0.089573 -0.005774 0.255021
v -0.08958 -0.005751 0.255106
v -0.089502 -0.006074 0.254254
v -0.090266 -0.006005 0.254241
v -0.091595 -0.006657 0.25452
v -0.091601 -0.006414 0.255277
v -0.091964 -0.00728 0.254771
v -0.091952 -0.008877 0.251817
v -0.091957 -0.008718 0.252032
v -0.092062 -0.009537 0.252335
v -0.092064 -0.009387 0.25253
v -0.088971 -0.009183 0.250008
v -0.088991 -0.009038 0.250115
v -0.089821 -0.008843 0.249903
v -0.088993 -0.009023 0.250127
v -0.091921 -0.012372 0.250097
v -0.091796 -0.011734 0.249376
v -0.091939 -0.012141 0.250186
v -0.088344 -0.014825 0.248054
v -0.088454 -0.013622 0.248081
v -0.089152 -0.014948 0.24761
v -0.08927 -0.013656 0.247629
v -0.043297 -0.073327 0.263886
v -0.047105 -0.072443 0.263378
v -0.043334 -0.073489 0.263915
v -0.047628 -0.073717 0.264802
v -0.04372 -0.074591 0.26528
v -0.043697 -0.074576 0.265114
v -0.046773 -0.071821 0.263315
v -0.046924 -0.071785 0.263296
v -0.050883 -0.071362 0.262808
v -0.050666 -0.070707 0.262734
v -0.050747 -0.070678 0.262719
v -0.055199 -0.071352 0.263598
v -0.055331 -0.071351 0.26429
v -0.055012 -0.071461 0.264344
v -0.05151 -0.072617 0.264235
v -0.052174 -0.07244 0.264827
v -0.051626 -0.072629 0.264921
v -0.054462 -0.070122 0.26217
v -0.054205 -0.06947 0.262106
v -0.054669 -0.069276 0.26201
v -0.057853 -0.068715 0.261467
v -0.057552 -0.068069 0.261417
v -0.058071 -0.067829 0.261301
v -0.058379 -0.068474 0.261349
v -0.05848 -0.067621 0.261202
v -0.070918 -0.062425 0.26033
v -0.070787 -0.062527 0.260372
v -0.070729 -0.062507 0.259594
v -0.068095 -0.064549 0.260452
v -0.068386 -0.064398 0.261142
v -0.068276 -0.064483 0.261178
v -0.06531 -0.066417 0.26127
v -0.065865 -0.066109 0.261876
v -0.065483 -0.066366 0.261986
v -0.069396 -0.061495 0.258195
v -0.068913 -0.060903 0.258227
v -0.068997 -0.060827 0.258196
v -0.07826 -0.051348 0.254455
v -0.07761 -0.050867 0.254612
v -0.077633 -0.05083 0.254601
v -0.079239 -0.048137 0.253785
v -0.080005 -0.046654 0.25337
v -0.081432 -0.045677 0.252759
v -0.083556 -0.046149 0.254858
v -0.083366 -0.046282 0.25404
v -0.083609 -0.046037 0.254828
v -0.086575 -0.030688 0.249482
v -0.085717 -0.030719 0.249891
v -0.085789 -0.030435 0.249842
v -0.058172 -0.069283 0.261759
v -0.058469 -0.069701 0.262257
v -0.058705 -0.06904 0.26164
v -0.058706 -0.069915 0.262895
v -0.059009 -0.069456 0.262137
v -0.059251 -0.069668 0.262776
v -0.040008 -0.072958 0.265425
v -0.040497 -0.07293 0.264914
v -0.040673 -0.073799 0.264999
v -0.04143 -0.072852 0.264323
v -0.041899 -0.07281 0.26408
v -0.042088 -0.073654 0.264191
v -0.043809 -0.074652 0.265952
v -0.043377 -0.074738 0.26603
v -0.043148 -0.07468 0.2652
v -0.043596 -0.074328 0.26468
v -0.042884 -0.07427 0.264489
v -0.043529 -0.074163 0.264392
v -0.043451 -0.073894 0.264201
v -0.042633 -0.073585 0.264028
v -0.042443 -0.072753 0.263903
v -0.043147 -0.072673 0.26377
v -0.04238 -0.074345 0.264635
v -0.042719 -0.074753 0.265327
v -0.043042 -0.074799 0.266136
v -0.040963 -0.072895 0.264565
v -0.041144 -0.073756 0.264657
v -0.041069 -0.074505 0.26537
v -0.041507 -0.074458 0.265057
v -0.041609 -0.074908 0.265954
v -0.041979 -0.074862 0.265688
v -0.042184 -0.074927 0.266634
v -0.042469 -0.07489 0.266425
v -0.039772 -0.072972 0.26567
v -0.039938 -0.073849 0.26575
v -0.040765 -0.074973 0.266922
v -0.040388 -0.074559 0.26606
v -0.041032 -0.07496 0.266538
v -0.041534 -0.074983 0.267383
v -0.04174 -0.074971 0.267087
v -0.038994 -0.072982 0.267116
v -0.039066 -0.072982 0.266959
v -0.039157 -0.073857 0.2672
v -0.041171 -0.074964 0.268296
v -0.040419 -0.074967 0.267666
v -0.041266 -0.074979 0.267954
v -0.046266 -0.073755 0.268922
v -0.091323 -0.012188 0.263365
v -0.082801 -0.045481 0.265889
v -0.072434 -0.059915 0.267115
v -0.067871 -0.063842 0.267499
v -0.054749 -0.071078 0.268402
v -0.041237 -0.05005 0.303274
v -0.041311 -0.050029 0.303286
v -0.041236 -0.049799 0.303318
v -0.077523 -0.007101 0.299978
v -0.077329 -0.0071 0.30011
v -0.077255 -0.010375 0.299937
v -0.072416 -0.009973 0.302418
v -0.072726 -0.007083 0.302437
v -0.072657 -0.007083 0.302462
v -0.090096 -0.007131 0.282658
v -0.090082 -0.007131 0.282703
v -0.089756 -0.011224 0.282675
v -0.044158 -0.072184 0.283181
v -0.041161 -0.072914 0.283041
v -0.04116 -0.072966 0.282889
v -0.042774 -0.054797 0.30182
v -0.041237 -0.050497 0.303196
v -0.043793 -0.049177 0.303304
v -0.089987 -0.006326 0.28263
v -0.072679 -0.006293 0.302319
v -0.077265 -0.006305 0.300007
v -0.062566 -0.007058 0.304495
v -0.063179 -0.007041 0.304476
v -0.062507 -0.006283 0.304355
v -0.063174 -0.006263 0.304336
v -0.061955 -0.007117 0.3045
v -0.061845 -0.006349 0.304358
v -0.051815 -0.021198 0.303014
v -0.051671 -0.021146 0.302246
v -0.05161 -0.021347 0.302243
v -0.048579 -0.029533 0.302862
v -0.048451 -0.029447 0.302093
v -0.04819 -0.029854 0.302085
v -0.047468 -0.03126 0.30283
v -0.04735 -0.03116 0.30206
v -0.047158 -0.031419 0.302055
v -0.047275 -0.031521 0.302825
v -0.046182 -0.032577 0.302032
v -0.046131 -0.032638 0.302031
v -0.046237 -0.032751 0.302801
v -0.045006 -0.033698 0.302009
v -0.045098 -0.033822 0.302781
v -0.043729 -0.034649 0.30199
v -0.047818 -0.031525 0.303481
v -0.047619 -0.031793 0.303476
v -0.048345 -0.031915 0.303913
v -0.048139 -0.032193 0.303908
v -0.052596 -0.025026 0.304188
v -0.05187 -0.024774 0.304039
v -0.051598 -0.025541 0.304025
v -0.052319 -0.025808 0.304174
v -0.048969 -0.03237 0.30406
v -0.048753 -0.03266 0.304054
v -0.041647 -0.036731 0.302733
v -0.040009 -0.03959 0.30269
v -0.040437 -0.05046 0.303082
v -0.040382 -0.059632 0.299634
v -0.041223 -0.060097 0.299425
v -0.041224 -0.05968 0.299693
v -0.040273 -0.072947 0.282888
v -0.038842 -0.06633 0.277017
v -0.038743 -0.071991 0.277681
v -0.038848 -0.065981 0.27917
v -0.038786 -0.069539 0.286256
v -0.038875 -0.06443 0.2837
v -0.038872 -0.064625 0.283279
v -0.039222 -0.044557 0.301846
v -0.039212 -0.045122 0.295836
v -0.039202 -0.045703 0.301804
v -0.039204 -0.045583 0.295823
v -0.039158 -0.04822 0.301559
v -0.039165 -0.047853 0.295624
v -0.039126 -0.050058 0.301241
v -0.039157 -0.048317 0.295555
v -0.039084 -0.05247 0.300636
v -0.039118 -0.050528 0.295087
v -0.038976 -0.058646 0.297978
v -0.039044 -0.054742 0.293498
v -0.039038 -0.055098 0.293317
v -0.038907 -0.062609 0.295189
v -0.039005 -0.057011 0.292189
v -0.038974 -0.058791 0.290876
v -0.038876 -0.064398 0.293538
v -0.038945 -0.060433 0.289379
v -0.03894 -0.060716 0.289087
v -0.042546 -0.066895 0.263993
v -0.043248 -0.066748 0.263862
v -0.043162 -0.071775 0.263784
v -0.038727 -0.072925 0.268731
v -0.038747 -0.071775 0.268749
v -0.038837 -0.072969 0.267684
v -0.039074 -0.071753 0.266972
v -0.039435 -0.072984 0.266164
v -0.040011 -0.071745 0.265427
v -0.041436 -0.071753 0.264316
v -0.040605 -0.067208 0.264997
v -0.041068 -0.067147 0.264652
v -0.041529 -0.067073 0.264414
v -0.042006 -0.066997 0.264168
v -0.040106 -0.067255 0.265514
v -0.039094 -0.067285 0.267202
v -0.039165 -0.067286 0.267048
v -0.039538 -0.067294 0.266246
v -0.039874 -0.067278 0.265755
v -0.038937 -0.067259 0.26777
v -0.038827 -0.067176 0.26882
v -0.043937 -0.066591 0.263782
v -0.046784 -0.065854 0.263412
v -0.04772 -0.065611 0.26329
v -0.050761 -0.064637 0.262819
v -0.051295 -0.064467 0.262736
v -0.052212 -0.064133 0.262579
v -0.05469 -0.06312 0.262115
v -0.055363 -0.062845 0.261988
v -0.058323 -0.061398 0.261357
v -0.058509 -0.06129 0.261312
v -0.061026 -0.066328 0.260591
v -0.061108 -0.059785 0.260687
v -0.062136 -0.065671 0.260291
v -0.062167 -0.059061 0.260404
v -0.063814 -0.064677 0.259838
v -0.06372 -0.057999 0.259988
v -0.065643 -0.06342 0.259288
v -0.065371 -0.056705 0.259507
v -0.065687 -0.056424 0.259408
v -0.069677 -0.052559 0.258099
v -0.072124 -0.057849 0.257029
v -0.069034 -0.053227 0.258319
v -0.067606 -0.054711 0.258806
v -0.071596 -0.050237 0.257394
v -0.072178 -0.049419 0.257165
v -0.07516 -0.044783 0.255943
v -0.075076 -0.044921 0.255978
v -0.074992 -0.054516 0.255826
v -0.073361 -0.047756 0.2567
v -0.076638 -0.041905 0.255284
v -0.07772 -0.039436 0.254777
v -0.07796 -0.038888 0.254665
v -0.079134 -0.035738 0.254091
v -0.079469 -0.034739 0.253924
v -0.080137 -0.032492 0.253584
v -0.080724 -0.045263 0.252982
v -0.081226 -0.044189 0.252699
v -0.082156 -0.041976 0.252154
v -0.080581 -0.030998 0.253357
v -0.081527 -0.027136 0.252863
v -0.083001 -0.019047 0.252086
v -0.084054 -0.036729 0.250988
v -0.082348 -0.023035 0.252429
v -0.082329 -0.023152 0.25244
v -0.084274 -0.014825 0.251286
v -0.083673 -0.014825 0.251722
v -0.083553 -0.014825 0.251804
v -0.085791 -0.014825 0.250185
v -0.085887 -0.014825 0.250106
v -0.086589 -0.0267 0.249288
v -0.08717 -0.023449 0.248879
v -0.087261 -0.014825 0.248982
v -0.087276 -0.022852 0.248804
v -0.08786 -0.018893 0.248391
v -0.087739 -0.014825 0.248591
v -0.083974 -0.011777 0.252161
v -0.086116 -0.011777 0.250606
v -0.088088 -0.011777 0.248992
v -0.088841 -0.010148 0.249293
v -0.088711 -0.011204 0.248728
v -0.088646 -0.011783 0.248522
v -0.088581 -0.01237 0.248312
v -0.08834 -0.006869 0.253494
v -0.089178 -0.007801 0.251383
v -0.086993 -0.009038 0.251746
v -0.089148 -0.007988 0.251162
v -0.083814 -0.005 0.263346
v -0.086602 -0.005 0.261732
v -0.08388 -0.005072 0.26194
v -0.083901 -0.005131 0.261448
v -0.084021 -0.006336 0.257516
v -0.084012 -0.006055 0.258074
v -0.085008 -0.005479 0.259124
v -0.083966 -0.005485 0.259725
v -0.083965 -0.00548 0.259748
v -0.084036 -0.006819 0.256558
v -0.087596 -0.005479 0.257449
v -0.084036 -0.006874 0.256479
v -0.086034 -0.006869 0.255168
v -0.084036 -0.007747 0.255216
v -0.083814 -0.012171 0.252119
v -0.083842 -0.011784 0.252273
v -0.083907 -0.010904 0.252622
v -0.084787 -0.009038 0.253348
v -0.083972 -0.00977 0.253301
v -0.084001 -0.009051 0.253897
v -0.084017 -0.008628 0.254249
v -0.083694 -0.013502 0.251843
v -0.089323 -0.005 0.259971
v -0.069051 -0.005 0.295351
v -0.071987 -0.005 0.300581
v -0.071089 -0.005 0.294514
v -0.074187 -0.005 0.299589
v -0.073014 -0.005 0.293478
v -0.07482 -0.005 0.292247
v -0.078243 -0.005 0.297064
v -0.07523 -0.005 0.291927
v -0.079641 -0.005 0.287088
v -0.084479 -0.005 0.290457
v -0.079919 -0.005 0.286654
v -0.082475 -0.005 0.280628
v -0.088162 -0.005 0.282166
v -0.082592 -0.005 0.280135
v -0.063096 -0.005 0.296512
v -0.063096 -0.005 0.302478
v -0.06528 -0.005 0.296293
v -0.065504 -0.005 0.30227
v -0.06742 -0.005 0.29585
v -0.067864 -0.005 0.301852
v -0.062381 -0.005026 0.302496
v -0.062084 -0.005051 0.296535
v -0.06167 -0.005102 0.302501
v -0.060325 -0.005537 0.296527
v -0.05906 -0.00585 0.30249
v -0.058861 -0.005941 0.29652
v -0.057782 -0.006694 0.302478
v -0.057782 -0.006688 0.296507
v -0.056269 -0.007692 0.302464
v -0.056111 -0.007844 0.296486
v -0.055652 -0.008502 0.302453
v -0.05564 -0.00849 0.296475
v -0.054242 -0.010351 0.302427
v -0.054142 -0.010546 0.296439
v -0.054055 -0.010824 0.296434
v -0.054084 -0.010834 0.302421
v -0.053204 -0.01353 0.296387
v -0.053204 -0.01353 0.302383
v -0.052975 -0.014987 0.296362
v -0.051588 -0.021341 0.296251
v -0.051963 -0.019991 0.296274
v -0.052858 -0.015521 0.302347
v -0.052881 -0.015525 0.296352
v -0.052503 -0.017555 0.302311
v -0.052765 -0.016192 0.296341
v -0.048183 -0.029851 0.296102
v -0.048821 -0.028774 0.296121
v -0.049482 -0.02743 0.302131
v -0.048996 -0.028437 0.296127
v -0.050038 -0.026133 0.296167
v -0.050088 -0.025947 0.302159
v -0.050103 -0.025953 0.29617
v -0.050441 -0.025085 0.302175
v -0.051018 -0.023394 0.296215
v -0.050705 -0.024341 0.302188
v -0.045226 -0.033509 0.296039
v -0.046166 -0.032561 0.296055
v -0.046542 -0.032183 0.296062
v -0.047729 -0.030615 0.296089
v 0.040096 0.032 0.173715
v 0.040096 -0.032 0.173715
v 0.037218 0.032 0.172373
v 0.037218 -0.032 0.172373
v 0.041614 0.031371 0.162945
v 0.044492 0.031371 0.164287
v 0.045901 0.030423 0.153752
v 0.048778 0.030423 0.155094
v 0.050034 0.029164 0.144888
v 0.052912 0.029164 0.14623
v 0.053973 0.027608 0.136442
v 0.05685 0.027608 0.137784
v 0.057676 0.025771 0.128501
v 0.060553 0.025771 0.129843
v 0.061105 0.023671 0.121146
v 0.063983 0.023671 0.122488
v 0.064227 0.02133 0.114451
v 0.067105 0.02133 0.115793
v 0.067009 0.018771 0.108486
v 0.069887 0.018771 0.109828
v 0.069423 0.016021 0.10331
v 0.0723 0.016021 0.104652
v 0.071443 0.013108 0.098976
v 0.074321 0.013108 0.100318
v 0.073051 0.010061 0.09553
v 0.075928 0.010061 0.096872
v 0.074228 0.006912 0.093005
v 0.077105 0.006912 0.094347
v 0.074964 0.003692 0.091427
v 0.077841 0.003692 0.092769
v 0.07525 0.000434 0.090814
v 0.078127 0.000434 0.092155
v 0.075084 -0.002828 0.09117
v 0.077961 -0.002828 0.092511
v 0.074467 -0.006061 0.092492
v 0.077345 -0.006061 0.093834
v 0.073406 -0.009232 0.094767
v 0.076284 -0.009232 0.096109
v 0.071912 -0.012309 0.097972
v 0.074789 -0.012309 0.099313
v 0.069999 -0.015261 0.102073
v 0.072877 -0.015261 0.103415
v 0.067688 -0.018057 0.10703
v 0.070566 -0.018057 0.108372
v 0.065001 -0.020669 0.112791
v 0.067879 -0.020669 0.114133
v 0.061967 -0.023071 0.119298
v 0.064845 -0.023071 0.12064
v 0.058616 -0.025237 0.126485
v 0.061494 -0.025237 0.127826
v 0.054982 -0.027146 0.134277
v 0.05786 -0.027146 0.135619
v 0.051103 -0.028779 0.142597
v 0.05398 -0.028779 0.143939
v 0.047017 -0.030118 0.151359
v 0.049894 -0.030118 0.152701
v 0.042767 -0.03115 0.160473
v 0.045644 -0.03115 0.161815
v 0.038395 -0.031864 0.169848
v 0.041273 -0.031864 0.17119
v -0.043078 0.037932 0.303962
v -0.045025 0.043081 0.303873
v -0.041746 0.040252 0.303922
v -0.043431 0.043793 0.30386
v -0.041252 0.042881 0.303876
v -0.042016 0.044345 0.303851
v -0.041222 0.044627 0.303846
v -0.055472 0.033285 0.304044
v -0.050187 0.030475 0.304093
v -0.051301 0.028296 0.304131
v -0.055288 0.033606 0.304038
v -0.054392 0.035043 0.304013
v -0.053462 0.036346 0.30399
v -0.052495 0.037528 0.30397
v -0.047585 0.034046 0.30403
v -0.051472 0.038618 0.303951
v -0.046291 0.035265 0.304009
v -0.050374 0.039634 0.303933
v -0.049101 0.040651 0.303915
v -0.044833 0.036351 0.30399
v -0.047849 0.041512 0.3039
v -0.046496 0.04232 0.303886
v -0.054464 0.017985 0.304311
v -0.059777 0.021714 0.304246
v -0.053604 0.021694 0.304246
v -0.059015 0.024591 0.304195
v -0.052596 0.025026 0.304188
v -0.058187 0.027183 0.30415
v -0.052319 0.025808 0.304174
v -0.057301 0.029508 0.30411
v -0.056361 0.031594 0.304073
v -0.061955 0.007117 0.3045
v -0.061795 0.009032 0.304467
v -0.059867 0.007715 0.30449
v -0.057635 0.009189 0.304464
v -0.056013 0.011316 0.304427
v -0.061316 0.013298 0.304392
v -0.055183 0.013859 0.304383
v -0.060695 0.017294 0.304323
v -0.059943 0.021007 0.304258
v -0.090873 0.007129 0.278107
v -0.090933 0.007129 0.277312
v -0.090613 0.011209 0.27729
v -0.041235 0.048535 0.303537
v -0.041227 0.045849 0.303801
v -0.041237 0.053074 0.302547
v -0.041223 0.060097 0.299425
v -0.041224 0.05968 0.299693
v -0.044141 0.059236 0.299487
v -0.041229 0.058009 0.300596
v -0.045369 0.063205 0.296363
v -0.042085 0.064186 0.296286
v -0.04122 0.060817 0.298963
v -0.041206 0.064405 0.29625
v -0.041208 0.063922 0.296697
v -0.041217 0.061868 0.298287
v -0.041185 0.068722 0.291516
v -0.041188 0.068046 0.29237
v -0.042963 0.067606 0.292441
v -0.041193 0.067131 0.293525
v -0.0412 0.065838 0.294924
v -0.04117 0.071344 0.287102
v -0.041173 0.070908 0.287917
v -0.043662 0.070301 0.288025
v -0.041177 0.070128 0.289375
v -0.041157 0.073579 0.280423
v -0.041165 0.072137 0.285288
v -0.090531 0.007131 0.280653
v -0.088399 0.00713 0.287493
v -0.089356 0.007131 0.285111
v -0.087224 0.007128 0.2898
v -0.088225 0.007129 0.287835
v -0.087911 0.011144 0.287805
v -0.085142 0.010971 0.292499
v -0.086141 0.007125 0.291562
v -0.082935 0.007117 0.295562
v -0.084628 0.007122 0.293631
v -0.085437 0.007124 0.292525
v -0.079445 0.007107 0.29866
v -0.081061 0.007112 0.29735
v -0.081548 0.010712 0.296592
v -0.081828 0.007114 0.296618
v -0.075089 0.007092 0.301371
v -0.077255 0.010375 0.299937
v -0.068299 0.007065 0.303803
v -0.070779 0.007075 0.303134
v -0.063179 0.007041 0.304476
v -0.065765 0.007053 0.304252
v -0.067201 0.00952 0.303946
v -0.067402 0.007061 0.303962
v -0.090527 0.011969 0.277291
v -0.089125 0.016633 0.28267
v -0.089994 0.016655 0.277301
v -0.089854 0.017549 0.277311
v -0.088282 0.021835 0.282708
v -0.089169 0.0219 0.277361
v -0.088919 0.023113 0.277387
v -0.087215 0.026873 0.28279
v -0.088122 0.026988 0.277472
v -0.087883 0.027992 0.277501
v -0.086971 0.027866 0.282811
v -0.087705 0.028653 0.277523
v -0.085813 0.032038 0.28292
v -0.086744 0.032217 0.277642
v -0.08612 0.034135 0.27772
v -0.084484 0.03601 0.28305
v -0.085432 0.03625 0.277807
v -0.084159 0.039533 0.277961
v -0.082977 0.039794 0.283194
v -0.083938 0.040102 0.277988
v -0.082239 0.043805 0.278178
v -0.081272 0.043422 0.283345
v -0.081719 0.044777 0.27823
v -0.079561 0.046548 0.283481
v -0.080526 0.047004 0.278348
v -0.080334 0.047335 0.278366
v -0.079196 0.047162 0.283507
v -0.08016 0.047633 0.278382
v -0.078783 0.049808 0.278496
v -0.077357 0.050012 0.283629
v -0.078308 0.050557 0.278535
v -0.077109 0.052212 0.278616
v -0.075353 0.052732 0.283737
v -0.076282 0.053354 0.278671
v -0.075306 0.054532 0.278721
v -0.073198 0.055299 0.283825
v -0.074094 0.055995 0.278782
v -0.073372 0.056756 0.278807
v -0.070833 0.057769 0.283887
v -0.071683 0.058538 0.278864
v -0.071312 0.058879 0.278871
v -0.068306 0.060075 0.283919
v -0.069102 0.060911 0.278909
v -0.066814 0.062733 0.278911
v -0.065416 0.062369 0.283916
v -0.066144 0.063267 0.278912
v -0.064407 0.064463 0.278888
v -0.062656 0.064271 0.283879
v -0.063316 0.065214 0.278873
v -0.061912 0.066056 0.278838
v -0.059841 0.065966 0.283813
v -0.060433 0.066943 0.2788
v -0.059341 0.067512 0.278762
v -0.05693 0.067495 0.283723
v -0.057454 0.068497 0.278697
v -0.056705 0.068835 0.278666
v -0.053973 0.068847 0.283613
v -0.054431 0.069862 0.27857
v -0.054018 0.070026 0.278551
v -0.0515 0.069841 0.283511
v -0.066684 0.014006 0.30387
v -0.066008 0.018232 0.3038
v -0.06518 0.022196 0.303735
v -0.064996 0.022957 0.303723
v -0.064142 0.026078 0.303674
v -0.0632 0.028927 0.303629
v -0.062179 0.031522 0.303589
v -0.061076 0.033892 0.303554
v -0.060017 0.035846 0.303525
v -0.059795 0.03622 0.303519
v -0.05871 0.037915 0.303495
v -0.057567 0.039476 0.303472
v -0.056369 0.04091 0.30345
v -0.055088 0.042251 0.303429
v -0.053719 0.043503 0.303409
v -0.052142 0.044756 0.303389
v -0.05061 0.045811 0.30337
v -0.048985 0.046787 0.303352
v -0.047248 0.047697 0.303334
v -0.045403 0.048535 0.303317
v -0.051907 0.070862 0.278452
v -0.051284 0.071074 0.278421
v -0.047851 0.07111 0.28335
v -0.080939 0.015782 0.296539
v -0.076671 0.01527 0.299873
v -0.08013 0.020623 0.296507
v -0.075899 0.019926 0.299822
v -0.079115 0.025259 0.296494
v -0.074935 0.024359 0.299785
v -0.078886 0.026164 0.296494
v -0.074718 0.025222 0.299779
v -0.077804 0.029938 0.296501
v -0.073699 0.028798 0.299759
v -0.076579 0.033481 0.296519
v -0.072555 0.03213 0.299748
v -0.075213 0.036806 0.296544
v -0.071287 0.035233 0.299743
v -0.073694 0.039944 0.296575
v -0.069888 0.038137 0.299742
v -0.072195 0.042612 0.296604
v -0.068517 0.040587 0.299743
v -0.071877 0.043131 0.29661
v -0.068228 0.041062 0.299744
v -0.070294 0.045526 0.296636
v -0.066791 0.043242 0.299745
v -0.068593 0.047788 0.296658
v -0.065255 0.04529 0.299746
v -0.066782 0.049907 0.296673
v -0.063627 0.047199 0.299743
v -0.064816 0.051932 0.296679
v -0.061867 0.049014 0.299736
v -0.062723 0.053824 0.296675
v -0.059992 0.050712 0.299722
v -0.060331 0.055714 0.296656
v -0.057847 0.052407 0.299701
v -0.058042 0.057292 0.296627
v -0.055787 0.053827 0.299676
v -0.055686 0.058718 0.296588
v -0.053654 0.055117 0.299645
v -0.05323 0.060021 0.29654
v -0.051416 0.056302 0.29961
v -0.050704 0.061193 0.296486
v -0.049098 0.057375 0.299571
v -0.048566 0.062068 0.296437
v -0.04712 0.058182 0.299538
v -0.071863 0.014671 0.302346
v -0.071136 0.01912 0.302282
v -0.070236 0.023327 0.302227
v -0.070034 0.02414 0.302217
v -0.069093 0.027496 0.302178
v -0.068044 0.030595 0.302145
v -0.066893 0.033452 0.302117
v -0.065635 0.036097 0.302094
v -0.064413 0.038307 0.302076
v -0.064156 0.038733 0.302072
v -0.062888 0.040678 0.302057
v -0.06154 0.042489 0.302041
v -0.060119 0.044168 0.302026
v -0.05859 0.045753 0.302009
v -0.056959 0.047235 0.301991
v -0.055088 0.048716 0.301969
v -0.053284 0.04996 0.301947
v -0.051397 0.051098 0.301923
v -0.049401 0.052151 0.301898
v -0.047312 0.053111 0.301872
v -0.045512 0.053839 0.301851
v -0.041155 0.073971 0.277892
v -0.044435 0.073194 0.278067
v -0.045732 0.072826 0.278135
v -0.048189 0.072129 0.278265
v -0.087277 0.016475 0.287784
v -0.086432 0.021594 0.287798
v -0.085363 0.026538 0.287847
v -0.08512 0.02751 0.287861
v -0.083966 0.031586 0.287935
v -0.082647 0.035454 0.288026
v -0.081157 0.039125 0.288129
v -0.079481 0.042631 0.288239
v -0.077808 0.045642 0.288338
v -0.077452 0.046232 0.288357
v -0.075664 0.048966 0.288446
v -0.073724 0.05157 0.288523
v -0.071645 0.054023 0.288585
v -0.069371 0.056379 0.288628
v -0.066946 0.058581 0.288647
v -0.064176 0.060774 0.288638
v -0.061531 0.062597 0.288603
v -0.058829 0.064229 0.288546
v -0.056031 0.065707 0.28847
v -0.053181 0.067021 0.288379
v -0.050791 0.067992 0.288295
v -0.047254 0.069238 0.288163
v -0.084516 0.016188 0.292462
v -0.083683 0.021185 0.292451
v -0.082632 0.025993 0.292468
v -0.082394 0.026936 0.292475
v -0.081265 0.030879 0.292514
v -0.079981 0.034602 0.292567
v -0.07854 0.038118 0.29263
v -0.076927 0.041459 0.292698
v -0.075326 0.044315 0.29276
v -0.074986 0.044873 0.292773
v -0.073284 0.047454 0.292828
v -0.071446 0.049904 0.292877
v -0.069483 0.052206 0.292914
v -0.067344 0.054412 0.292938
v -0.065065 0.056475 0.292944
v -0.062463 0.058532 0.292929
v -0.059976 0.060247 0.292897
v -0.057429 0.061787 0.292849
v -0.054784 0.063189 0.292788
v -0.05208 0.064442 0.292715
v -0.049803 0.065373 0.29265
v -0.046418 0.066575 0.292547
v -0.079914 0.050628 0.266306
v -0.085167 0.040125 0.265467
v -0.076259 0.057187 0.258337
v -0.07518 0.058344 0.258763
v -0.07452 0.057752 0.266917
v -0.041171 0.074964 0.268296
v -0.041106 0.074914 0.268925
v -0.046266 0.073755 0.268922
v -0.046436 0.07404 0.265637
v -0.043809 0.074652 0.265952
v -0.043377 0.074738 0.26603
v -0.043042 0.074799 0.266136
v -0.042469 0.07489 0.266425
v -0.042184 0.074927 0.266634
v -0.041266 0.074979 0.267954
v -0.051948 0.072093 0.268576
v -0.052174 0.07244 0.264827
v -0.051626 0.072629 0.264921
v -0.047727 0.07374 0.265482
v -0.054749 0.071078 0.268402
v -0.057808 0.070329 0.2638
v -0.05751 0.069927 0.268226
v -0.058853 0.069898 0.263593
v -0.060218 0.068631 0.268049
v -0.059401 0.069649 0.263476
v -0.065483 0.066366 0.261986
v -0.063251 0.067665 0.262566
v -0.062856 0.067186 0.267869
v -0.062525 0.068087 0.262755
v -0.06056 0.069069 0.263208
v -0.065865 0.066109 0.261876
v -0.065412 0.065591 0.267686
v -0.072434 0.059915 0.267115
v -0.07403 0.059578 0.259218
v -0.073411 0.060185 0.259449
v -0.073055 0.060505 0.259575
v -0.07826 0.053096 0.266513
v -0.078322 0.054646 0.257452
v -0.076462 0.055475 0.266717
v -0.077165 0.056071 0.257949
v -0.080225 0.051958 0.256571
v -0.078999 0.05369 0.257139
v -0.081426 0.048086 0.266098
v -0.081968 0.049124 0.255704
v -0.080682 0.051214 0.256344
v -0.082216 0.048659 0.255571
v -0.085949 0.040621 0.253471
v -0.085555 0.041681 0.253712
v -0.084092 0.045039 0.25456
v -0.086845 0.038208 0.252921
v -0.087071 0.034637 0.265045
v -0.08858 0.029069 0.264624
v -0.088961 0.030926 0.25153
v -0.089757 0.02346 0.264204
v -0.089812 0.027121 0.250939
v -0.089293 0.029444 0.2513
v -0.091161 0.019194 0.249979
v -0.090542 0.02321 0.250422
v -0.090437 0.023775 0.250496
v -0.091867 0.013085 0.249822
v -0.091776 0.014098 0.249627
v -0.091674 0.015073 0.249617
v -0.090659 0.017831 0.263785
v -0.0913 0.018084 0.249882
v -0.091727 0.007123 0.262985
v -0.091897 0.007122 0.259664
v -0.091935 0.007149 0.258825
v -0.091995 0.007351 0.257251
v -0.092039 0.007747 0.255721
v -0.092053 0.007989 0.255051
v -0.092069 0.008616 0.25372
v -0.092036 0.010375 0.25142
v -0.091992 0.011286 0.250683
v -0.091447 0.007125 0.268489
v -0.04113 0.074453 0.27341
v -0.041108 0.074882 0.269234
v -0.091527 0.005905 0.259646
v -0.090909 0.005631 0.26846
v -0.089453 0.005 0.268381
v -0.089903 0.005 0.259569
v -0.089735 0.005165 0.277238
v -0.090397 0.005632 0.277279
v -0.09082 0.006325 0.277305
v -0.089844 0.005034 0.258597
v -0.091579 0.00588 0.258727
v -0.090426 0.005306 0.256808
v -0.091081 0.005568 0.25688
v -0.09103 0.005958 0.255115
v -0.091 0.00621 0.254335
v -0.09092 0.006888 0.252766
v -0.0916 0.006039 0.256987
v -0.091601 0.006414 0.255277
v -0.091595 0.006657 0.25452
v -0.091566 0.007307 0.252999
v -0.091438 0.009258 0.250272
v -0.091265 0.011376 0.248719
v -0.091918 0.006659 0.257116
v -0.091954 0.00704 0.255489
v -0.091964 0.00728 0.254771
v -0.091971 0.007916 0.253336
v -0.091916 0.009774 0.250794
v -0.091861 0.010774 0.249954
v -0.091711 0.012815 0.248947
v -0.09116 0.012563 0.248243
v -0.091605 0.013991 0.248716
v -0.091038 0.013863 0.247985
v -0.090199 0.013742 0.247594
v -0.091489 0.015123 0.248707
v -0.090915 0.015115 0.247976
v -0.090075 0.015053 0.247582
v -0.090358 0.023288 0.249526
v -0.058379 0.068474 0.261349
v -0.047478 0.07347 0.264179
v -0.043452 0.073919 0.264165
v -0.047297 0.073028 0.263685
v -0.043147 0.072673 0.26377
v -0.05151 0.072617 0.264235
v -0.054462 0.070122 0.26217
v -0.058706 0.069915 0.262895
v -0.057853 0.068715 0.261467
v -0.059251 0.069668 0.262776
v -0.062363 0.068122 0.262047
v -0.061376 0.066964 0.260623
v -0.06531 0.066417 0.26127
v -0.073218 0.060282 0.258702
v -0.072362 0.058743 0.257085
v -0.071772 0.059331 0.257316
v -0.076063 0.057299 0.257574
v -0.073836 0.059678 0.258467
v -0.078127 0.054768 0.256676
v -0.08003 0.052086 0.255781
v -0.074484 0.056428 0.256209
v -0.081775 0.049256 0.254899
v -0.07992 0.048586 0.253595
v -0.083903 0.045172 0.253737
v -0.085369 0.04181 0.252875
v -0.08666 0.03833 0.25207
v -0.051333 0.072379 0.263607
v -0.054992 0.071125 0.262965
v -0.058469 0.069701 0.262257
v -0.059009 0.069456 0.262137
v -0.062092 0.067924 0.261403
v -0.065011 0.066235 0.26062
v -0.067768 0.064384 0.259797
v -0.070375 0.06236 0.258933
v -0.072839 0.060154 0.258034
v -0.073451 0.059555 0.257798
v -0.075656 0.057194 0.256899
v -0.077698 0.05468 0.255994
v -0.079583 0.052014 0.255093
v -0.08131 0.049199 0.254206
v -0.082884 0.046237 0.253341
v -0.083416 0.045131 0.253035
v -0.084867 0.04178 0.252168
v -0.086145 0.038309 0.251358
v -0.087264 0.034721 0.250612
v -0.051115 0.071943 0.263111
v -0.054736 0.070698 0.262468
v -0.058172 0.069283 0.261759
v -0.058705 0.06904 0.26164
v -0.061748 0.06752 0.260906
v -0.064626 0.065845 0.260125
v -0.067342 0.064011 0.259303
v -0.069908 0.062005 0.258442
v -0.072332 0.05982 0.257548
v -0.072933 0.059226 0.257312
v -0.0751 0.056887 0.256418
v -0.077107 0.054396 0.25552
v -0.078957 0.051753 0.254625
v -0.080653 0.048961 0.253744
v -0.082199 0.046023 0.252886
v -0.082721 0.044925 0.252584
v -0.084144 0.041597 0.251724
v -0.085397 0.038148 0.250923
v -0.086495 0.03458 0.250184
v -0.08745 0.030896 0.249515
v -0.088238 0.031018 0.249934
v -0.088778 0.031029 0.250654
v -0.088275 0.027098 0.248918
v -0.089079 0.027203 0.249329
v -0.089629 0.027212 0.250053
v -0.088981 0.023191 0.248395
v -0.089799 0.023281 0.2488
v -0.089579 0.019176 0.247948
v -0.090409 0.019252 0.248347
v -0.090977 0.019258 0.249076
v -0.041144 0.073756 0.264657
v -0.039004 0.07384 0.26777
v -0.038727 0.072925 0.268731
v -0.038907 0.073784 0.268816
v -0.04238 0.074345 0.264635
v -0.041507 0.074458 0.265057
v -0.039666 0.074567 0.267396
v -0.039526 0.074547 0.267922
v -0.03944 0.074484 0.268885
v -0.042719 0.074753 0.265327
v -0.040419 0.074967 0.267666
v -0.0403 0.074948 0.268109
v -0.040224 0.074886 0.268924
v -0.062084 0.005051 0.296535
v -0.063096 0.005 0.296512
v -0.063096 0.005 0.302478
v -0.062381 0.005026 0.302496
v -0.06167 0.005102 0.302501
v -0.060325 0.005537 0.296527
v -0.060313 0.005491 0.302495
v -0.058861 0.005941 0.29652
v -0.05906 0.00585 0.30249
v -0.057782 0.006688 0.296507
v -0.057782 0.006694 0.302478
v -0.055652 0.008502 0.302453
v -0.054242 0.010351 0.302427
v -0.053204 0.01353 0.302383
v -0.053204 0.01353 0.296387
v -0.052503 0.017555 0.302311
v -0.051963 0.019991 0.296274
v -0.051018 0.023394 0.296215
v -0.050705 0.024341 0.302188
v -0.050441 0.025085 0.302175
v -0.043729 0.034649 0.30199
v -0.043729 0.034649 0.296019
v -0.045006 0.033698 0.302009
v -0.039253 0.042811 0.301876
v -0.039253 0.042811 0.295876
v -0.038735 0.072468 0.273207
v -0.038743 0.071991 0.277681
v -0.03875 0.071625 0.280037
v -0.038848 0.065981 0.27917
v -0.03876 0.071053 0.282333
v -0.038858 0.065412 0.281258
v -0.038773 0.070279 0.284566
v -0.038806 0.068403 0.288371
v -0.038894 0.063379 0.285628
v -0.038829 0.06709 0.290365
v -0.038915 0.062139 0.287425
v -0.038855 0.065606 0.292235
v -0.038907 0.062609 0.295189
v -0.038974 0.058791 0.290876
v -0.038941 0.06069 0.296669
v -0.039005 0.057011 0.292189
v -0.038976 0.058646 0.297978
v -0.039043 0.054813 0.29983
v -0.039081 0.052672 0.294402
v -0.039084 0.05247 0.300636
v -0.039118 0.050528 0.295087
v -0.039126 0.050058 0.301241
v -0.039157 0.048317 0.295555
v -0.039158 0.04822 0.301559
v -0.039165 0.047853 0.295624
v -0.039202 0.045703 0.301804
v -0.039204 0.045583 0.295823
v -0.039212 0.045122 0.295836
v -0.039222 0.044557 0.301846
v -0.089323 0.005 0.259971
v -0.079641 0.005 0.287088
v -0.079919 0.005 0.286654
v -0.084479 0.005 0.290457
v -0.085488 0.005 0.288816
v -0.080985 0.005 0.284728
v -0.086582 0.005 0.286668
v -0.088162 0.005 0.282166
v -0.082592 0.005 0.280135
v -0.088567 0.005 0.2803
v -0.088885 0.005 0.277929
v -0.087473 0.005 0.28445
v -0.081837 0.005 0.282717
v -0.082475 0.005 0.280628
v -0.071089 0.005 0.294514
v -0.071987 0.005 0.300581
v -0.069051 0.005 0.295351
v -0.070173 0.005 0.301229
v -0.06742 0.005 0.29585
v -0.067864 0.005 0.301852
v -0.06528 0.005 0.296293
v -0.065504 0.005 0.30227
v -0.078346 0.005 0.288847
v -0.08307 0.005 0.292383
v -0.076875 0.005 0.290462
v -0.081493 0.005 0.29418
v -0.078243 0.005 0.297064
v -0.073014 0.005 0.293478
v -0.076274 0.005 0.298415
v -0.074187 0.005 0.299589
v -0.065747 0.006272 0.304117
v -0.09076 0.006325 0.278097
v -0.090339 0.005632 0.278059
v -0.089677 0.005165 0.278
v -0.09042 0.006326 0.280633
v -0.089249 0.006326 0.285073
v -0.088296 0.006325 0.287447
v -0.087126 0.006324 0.289744
v -0.086046 0.006322 0.291499
v -0.084538 0.00632 0.293559
v -0.080983 0.006313 0.29726
v -0.08285 0.006317 0.295481
v -0.079372 0.006309 0.298564
v -0.075033 0.006299 0.30126
v -0.070739 0.006287 0.30301
v -0.06827 0.00628 0.303673
v -0.090003 0.005633 0.280558
v -0.089577 0.005633 0.282526
v -0.08885 0.005633 0.284933
v -0.08791 0.005632 0.287272
v -0.086757 0.005632 0.289535
v -0.085693 0.005631 0.291264
v -0.084207 0.00563 0.293294
v -0.082544 0.005628 0.295187
v -0.080704 0.005626 0.29694
v -0.079116 0.005624 0.298224
v -0.07704 0.005622 0.299645
v -0.07484 0.005619 0.300879
v -0.072521 0.005615 0.301921
v -0.07061 0.005613 0.302602
v -0.068177 0.005609 0.303255
v -0.065691 0.005605 0.303691
v -0.063156 0.0056 0.303906
v -0.089349 0.005165 0.280441
v -0.088933 0.005165 0.282362
v -0.088223 0.005165 0.284713
v -0.087306 0.005165 0.286997
v -0.086179 0.005165 0.289208
v -0.08514 0.005164 0.290897
v -0.08369 0.005164 0.292879
v -0.082065 0.005164 0.294729
v -0.080269 0.005163 0.296441
v -0.078719 0.005163 0.297695
v -0.07669 0.005162 0.299084
v -0.074542 0.005161 0.30029
v -0.072277 0.00516 0.301309
v -0.07041 0.005159 0.301975
v -0.068034 0.005158 0.302614
v -0.065605 0.005157 0.303041
v -0.063128 0.005156 0.303252
v -0.062407 0.00518 0.30327
v -0.062452 0.005622 0.303924
v -0.06169 0.005256 0.303274
v -0.061752 0.005695 0.303927
v -0.061845 0.006349 0.304358
v -0.059118 0.005995 0.303263
v -0.059292 0.006401 0.303916
v -0.059555 0.007006 0.304347
v -0.056368 0.007812 0.303236
v -0.056663 0.008139 0.303888
v -0.057108 0.008623 0.304319
v -0.054373 0.010433 0.303196
v -0.054755 0.010646 0.303847
v -0.055332 0.010956 0.30428
v -0.054424 0.013744 0.304232
v -0.053782 0.013641 0.303799
v -0.053353 0.013566 0.303149
v -0.052651 0.017598 0.303078
v -0.052234 0.02132 0.303663
v -0.053075 0.017695 0.303727
v -0.052862 0.021494 0.304096
v -0.053712 0.017831 0.30416
v -0.050581 0.02515 0.302943
v -0.050846 0.024403 0.302956
v -0.050987 0.02531 0.303593
v -0.051255 0.024555 0.303606
v -0.051598 0.025541 0.304025
v -0.05187 0.024774 0.304039
v -0.048579 0.029533 0.302862
v -0.049616 0.027505 0.3029
v -0.048954 0.02976 0.303513
v -0.05001 0.027696 0.30355
v -0.049519 0.03009 0.303945
v -0.050602 0.027974 0.303983
v -0.047619 0.031793 0.303476
v -0.047818 0.031525 0.303481
v -0.048139 0.032193 0.303908
v -0.046551 0.033059 0.303453
v -0.047025 0.033514 0.303885
v -0.045098 0.033822 0.302781
v -0.045376 0.034164 0.303433
v -0.045795 0.034671 0.303865
v -0.043808 0.034782 0.302763
v -0.044047 0.035153 0.303415
v -0.044407 0.035705 0.303846
v -0.041981 0.037018 0.303385
v -0.042483 0.03744 0.303817
v -0.040415 0.039751 0.303341
v -0.041025 0.039983 0.303773
v -0.039405 0.042827 0.302642
v -0.039838 0.042846 0.303291
v -0.040487 0.042865 0.303724
v -0.039374 0.044573 0.302611
v -0.039808 0.044592 0.30326
v -0.040457 0.044611 0.303694
v -0.040454 0.045827 0.303657
v -0.039796 0.045792 0.303226
v -0.039356 0.045749 0.302575
v -0.040445 0.048503 0.303411
v -0.040424 0.053031 0.302449
v -0.040366 0.061821 0.298241
v -0.040382 0.059632 0.299634
v -0.040394 0.057961 0.300528
v -0.04035 0.063877 0.296662
v -0.040335 0.065796 0.294897
v -0.040324 0.067093 0.293505
v -0.040311 0.068687 0.291502
v -0.040288 0.071318 0.287097
v -0.040299 0.070097 0.289366
v -0.040281 0.072114 0.285285
v -0.040268 0.073562 0.280422
v -0.040264 0.073956 0.277892
v -0.03977 0.048432 0.302987
v -0.039749 0.050362 0.302666
v -0.039721 0.052899 0.302047
v -0.039694 0.055368 0.301211
v -0.039666 0.057764 0.300159
v -0.039646 0.059413 0.29928
v -0.03962 0.061574 0.297909
v -0.039595 0.063604 0.296354
v -0.039572 0.065499 0.294616
v -0.039556 0.066779 0.293244
v -0.039536 0.068354 0.291271
v -0.039518 0.069746 0.289165
v -0.039503 0.070952 0.286928
v -0.039492 0.071738 0.285141
v -0.039482 0.072561 0.282777
v -0.039474 0.073169 0.280346
v -0.039469 0.073558 0.277851
v -0.039316 0.048332 0.302335
v -0.039287 0.050221 0.302017
v -0.039248 0.052701 0.301406
v -0.03921 0.055114 0.300586
v -0.039173 0.057453 0.299554
v -0.039148 0.059064 0.298693
v -0.039114 0.061173 0.297351
v -0.039082 0.063154 0.295831
v -0.039053 0.065002 0.294133
v -0.039033 0.06625 0.292792
v -0.039008 0.067785 0.290866
v -0.038986 0.069143 0.288811
v -0.038967 0.070318 0.286628
v -0.038955 0.071084 0.284885
v -0.038942 0.071885 0.282579
v -0.038932 0.072478 0.280208
v -0.038926 0.072857 0.277775
v -0.038916 0.073331 0.273297
v -0.039454 0.074031 0.273369
v -0.040244 0.074432 0.273409
v -0.043525 0.034484 0.295771
v -0.039005 0.042675 0.295628
v -0.06288 0.00475 0.296276
v -0.062099 0.00478 0.29629
v -0.059187 0.005457 0.296278
v -0.058428 0.006022 0.296268
v -0.04113 -0.074453 0.27341
v -0.040244 -0.074432 0.273409
v -0.041155 -0.073971 0.277892
v -0.040264 -0.073956 0.277892
v -0.039454 -0.074031 0.273369
v -0.039469 -0.073558 0.277851
v -0.038916 -0.073331 0.273297
v -0.038926 -0.072857 0.277775
v -0.038735 -0.072468 0.273207
v -0.03944 -0.074484 0.268885
v -0.038907 -0.073784 0.268816
v -0.089903 -0.005 0.259569
v -0.089453 -0.005 0.268381
v -0.090909 -0.005631 0.26846
v -0.091332 -0.006322 0.268483
v -0.091447 -0.007125 0.268489
v -0.091897 -0.007122 0.259664
v -0.091561 -0.005884 0.259648
v -0.090933 -0.007129 0.277312
v -0.09082 -0.006325 0.277305
v -0.090397 -0.005632 0.277279
v -0.089735 -0.005165 0.277238
v -0.088941 -0.005 0.277189
v -0.091867 -0.013085 0.249822
v -0.091711 -0.012815 0.248947
v -0.089844 -0.005034 0.258597
v -0.091935 -0.007149 0.258825
v -0.09111 -0.005405 0.258676
v -0.091081 -0.005568 0.25688
v -0.0916 -0.006039 0.256987
v -0.091918 -0.006659 0.257116
v -0.091995 -0.007351 0.257251
v -0.09103 -0.005958 0.255115
v -0.091954 -0.00704 0.255489
v -0.092039 -0.007747 0.255721
v -0.091 -0.00621 0.254335
v -0.092053 -0.007989 0.255051
v -0.09092 -0.006888 0.252766
v -0.091566 -0.007307 0.252999
v -0.091971 -0.007916 0.253336
v -0.092069 -0.008616 0.25372
v -0.089992 -0.007638 0.251252
v -0.090821 -0.007759 0.251331
v -0.091516 -0.008141 0.251608
v -0.089965 -0.00782 0.251017
v -0.090801 -0.007933 0.251093
v -0.091505 -0.008308 0.251376
v -0.092036 -0.010375 0.25142
v -0.091916 -0.009774 0.250794
v -0.091438 -0.009258 0.250272
v -0.090691 -0.008926 0.249955
v -0.089541 -0.011079 0.248357
v -0.089672 -0.009983 0.248988
v -0.090457 -0.011141 0.248354
v -0.090571 -0.010049 0.249011
v -0.091265 -0.011376 0.248719
v -0.091353 -0.010332 0.249356
v -0.091861 -0.010774 0.249954
v -0.091992 -0.011286 0.250683
v -0.089405 -0.012314 0.247887
v -0.090331 -0.012383 0.247862
v -0.09116 -0.012563 0.248243
v -0.090199 -0.013742 0.247594
v -0.091038 -0.013863 0.247985
v -0.091605 -0.013991 0.248716
v -0.091776 -0.014098 0.249627
v -0.090075 -0.015053 0.247582
v -0.090915 -0.015115 0.247976
v -0.091489 -0.015123 0.248707
v -0.091674 -0.015073 0.249617
v -0.082216 -0.048659 0.255571
v -0.081968 -0.049124 0.255704
v -0.081775 -0.049256 0.254899
v -0.047297 -0.073028 0.263685
v -0.047478 -0.07347 0.264179
v -0.046436 -0.07404 0.265637
v -0.047727 -0.07374 0.265482
v -0.057808 -0.070329 0.2638
v -0.058853 -0.069898 0.263593
v -0.059401 -0.069649 0.263476
v -0.061376 -0.066964 0.260623
v -0.062363 -0.068122 0.262047
v -0.063251 -0.067665 0.262566
v -0.062525 -0.068087 0.262755
v -0.06056 -0.069069 0.263208
v -0.064208 -0.065301 0.259852
v -0.066876 -0.063483 0.259042
v -0.066438 -0.062874 0.25905
v -0.071772 -0.059331 0.257316
v -0.073055 -0.060505 0.259575
v -0.073218 -0.060282 0.258702
v -0.073411 -0.060185 0.259449
v -0.073836 -0.059678 0.258467
v -0.07403 -0.059578 0.259218
v -0.07518 -0.058344 0.258763
v -0.076063 -0.057299 0.257574
v -0.076259 -0.057187 0.258337
v -0.071246 -0.05876 0.257374
v -0.071824 -0.058179 0.257151
v -0.072362 -0.058743 0.257085
v -0.074484 -0.056428 0.256209
v -0.073906 -0.055889 0.256304
v -0.076449 -0.053963 0.255329
v -0.078127 -0.054768 0.256676
v -0.078322 -0.054646 0.257452
v -0.077165 -0.056071 0.257949
v -0.08003 -0.052086 0.255781
v -0.080682 -0.051214 0.256344
v -0.080225 -0.051958 0.256571
v -0.078999 -0.05369 0.257139
v -0.075834 -0.053452 0.255455
v -0.07992 -0.048586 0.253595
v -0.083336 -0.041295 0.251628
v -0.081943 -0.04459 0.252464
v -0.083903 -0.045172 0.253737
v -0.084092 -0.045039 0.25456
v -0.085369 -0.04181 0.252875
v -0.085555 -0.041681 0.253712
v -0.082595 -0.040932 0.251896
v -0.083804 -0.037552 0.25115
v -0.084564 -0.037878 0.250848
v -0.085639 -0.034342 0.250132
v -0.089293 -0.029444 0.2513
v -0.088961 -0.030926 0.25153
v -0.088778 -0.031029 0.250654
v -0.087976 -0.034623 0.252192
v -0.087793 -0.034736 0.251328
v -0.087833 -0.035076 0.252284
v -0.08666 -0.03833 0.25207
v -0.086845 -0.038208 0.252921
v -0.085949 -0.040621 0.253471
v -0.084865 -0.034053 0.250463
v -0.088076 -0.023037 0.248396
v -0.087384 -0.026918 0.248903
v -0.089812 -0.027121 0.250939
v -0.089629 -0.027212 0.250053
v -0.090437 -0.023775 0.250496
v -0.090358 -0.023288 0.249526
v -0.090542 -0.02321 0.250422
v -0.090977 -0.019258 0.249076
v -0.091161 -0.019194 0.249979
v -0.088664 -0.019047 0.247964
v -0.051115 -0.071943 0.263111
v -0.054736 -0.070698 0.262468
v -0.061748 -0.06752 0.260906
v -0.064626 -0.065845 0.260125
v -0.067342 -0.064011 0.259303
v -0.069908 -0.062005 0.258442
v -0.072332 -0.05982 0.257548
v -0.072933 -0.059226 0.257312
v -0.0751 -0.056887 0.256418
v -0.077107 -0.054396 0.25552
v -0.078957 -0.051753 0.254625
v -0.080653 -0.048961 0.253744
v -0.082199 -0.046023 0.252886
v -0.082721 -0.044925 0.252584
v -0.084144 -0.041597 0.251724
v -0.085397 -0.038148 0.250923
v -0.086495 -0.03458 0.250184
v -0.08745 -0.030896 0.249515
v -0.088275 -0.027098 0.248918
v -0.088981 -0.023191 0.248395
v -0.089579 -0.019176 0.247948
v -0.051333 -0.072379 0.263607
v -0.054992 -0.071125 0.262965
v -0.062092 -0.067924 0.261403
v -0.065011 -0.066235 0.26062
v -0.067768 -0.064384 0.259797
v -0.070375 -0.06236 0.258933
v -0.072839 -0.060154 0.258034
v -0.073451 -0.059555 0.257798
v -0.075656 -0.057194 0.256899
v -0.077698 -0.05468 0.255994
v -0.079583 -0.052014 0.255093
v -0.08131 -0.049199 0.254206
v -0.082884 -0.046237 0.253341
v -0.083416 -0.045131 0.253035
v -0.084867 -0.04178 0.252168
v -0.086145 -0.038309 0.251358
v -0.087264 -0.034721 0.250612
v -0.088238 -0.031018 0.249934
v -0.089079 -0.027203 0.249329
v -0.089799 -0.023281 0.2488
v -0.090409 -0.019252 0.248347
v -0.0913 -0.018084 0.249882
v -0.039597 -0.073862 0.266245
v -0.040073 -0.074573 0.266516
v -0.039666 -0.074567 0.267396
v -0.039004 -0.07384 0.26777
v -0.039526 -0.074547 0.267922
v -0.0403 -0.074948 0.268109
v -0.089994 -0.016655 0.277301
v -0.089854 -0.017549 0.277311
v -0.090659 -0.017831 0.263785
v -0.078308 -0.050557 0.278535
v -0.077109 -0.052212 0.278616
v -0.07826 -0.053096 0.266513
v -0.054431 -0.069862 0.27857
v -0.054018 -0.070026 0.278551
v -0.045732 -0.072826 0.278135
v -0.044435 -0.073194 0.278067
v -0.051948 -0.072093 0.268576
v -0.051907 -0.070862 0.278452
v -0.051284 -0.071074 0.278421
v -0.048189 -0.072129 0.278265
v -0.056705 -0.068835 0.278666
v -0.05751 -0.069927 0.268226
v -0.057454 -0.068497 0.278697
v -0.060218 -0.068631 0.268049
v -0.059341 -0.067512 0.278762
v -0.060433 -0.066943 0.2788
v -0.062856 -0.067186 0.267869
v -0.061912 -0.066056 0.278838
v -0.065412 -0.065591 0.267686
v -0.064407 -0.064463 0.278888
v -0.063316 -0.065214 0.278873
v -0.066144 -0.063267 0.278912
v -0.066814 -0.062733 0.278911
v -0.070215 -0.061948 0.267309
v -0.069102 -0.060911 0.278909
v -0.071312 -0.058879 0.278871
v -0.071683 -0.058538 0.278864
v -0.07452 -0.057752 0.266917
v -0.076462 -0.055475 0.266717
v -0.074094 -0.055995 0.278782
v -0.073372 -0.056756 0.278807
v -0.076282 -0.053354 0.278671
v -0.075306 -0.054532 0.278721
v -0.078783 -0.049808 0.278496
v -0.079914 -0.050628 0.266306
v -0.08016 -0.047633 0.278382
v -0.081426 -0.048086 0.266098
v -0.080334 -0.047335 0.278366
v -0.085167 -0.040125 0.265467
v -0.083938 -0.040102 0.277988
v -0.082239 -0.043805 0.278178
v -0.081719 -0.044777 0.27823
v -0.080526 -0.047004 0.278348
v -0.087071 -0.034637 0.265045
v -0.085432 -0.03625 0.277807
v -0.084159 -0.039533 0.277961
v -0.087705 -0.028653 0.277523
v -0.086744 -0.032217 0.277642
v -0.08612 -0.034135 0.27772
v -0.089757 -0.02346 0.264204
v -0.089169 -0.0219 0.277361
v -0.088919 -0.023113 0.277387
v -0.08858 -0.029069 0.264624
v -0.088122 -0.026988 0.277472
v -0.087883 -0.027992 0.277501
v -0.090527 -0.011969 0.277291
v -0.090613 -0.011209 0.27729
v -0.041252 -0.042881 0.303876
v -0.041222 -0.044627 0.303846
v -0.042016 -0.044345 0.303851
v -0.041746 -0.040252 0.303922
v -0.043431 -0.043793 0.30386
v -0.043078 -0.037932 0.303962
v -0.051301 -0.028296 0.304131
v -0.050187 -0.030475 0.304093
v -0.055472 -0.033285 0.304044
v -0.045025 -0.043081 0.303873
v -0.046496 -0.04232 0.303886
v -0.044833 -0.036351 0.30399
v -0.047585 -0.034046 0.30403
v -0.052495 -0.037528 0.30397
v -0.053462 -0.036346 0.30399
v -0.054392 -0.035043 0.304013
v -0.055288 -0.033606 0.304038
v -0.058187 -0.027183 0.30415
v -0.059015 -0.024591 0.304195
v -0.053604 -0.021694 0.304246
v -0.059777 -0.021714 0.304246
v -0.054464 -0.017985 0.304311
v -0.047849 -0.041512 0.3039
v -0.049101 -0.040651 0.303915
v -0.046291 -0.035265 0.304009
v -0.050374 -0.039634 0.303933
v -0.051472 -0.038618 0.303951
v -0.059867 -0.007715 0.30449
v -0.061795 -0.009032 0.304467
v -0.057635 -0.009189 0.304464
v -0.061316 -0.013298 0.304392
v -0.057301 -0.029508 0.30411
v -0.056361 -0.031594 0.304073
v -0.059943 -0.021007 0.304258
v -0.060695 -0.017294 0.304323
v -0.055183 -0.013859 0.304383
v -0.056013 -0.011316 0.304427
v -0.047851 -0.07111 0.28335
v -0.0515 -0.069841 0.283511
v -0.053973 -0.068847 0.283613
v -0.05693 -0.067495 0.283723
v -0.059841 -0.065966 0.283813
v -0.062656 -0.064271 0.283879
v -0.065416 -0.062369 0.283916
v -0.068306 -0.060075 0.283919
v -0.070833 -0.057769 0.283887
v -0.073198 -0.055299 0.283825
v -0.075353 -0.052732 0.283737
v -0.077357 -0.050012 0.283629
v -0.079196 -0.047162 0.283507
v -0.079561 -0.046548 0.283481
v -0.081272 -0.043422 0.283345
v -0.084484 -0.03601 0.28305
v -0.085813 -0.032038 0.28292
v -0.086971 -0.027866 0.282811
v -0.088282 -0.021835 0.282708
v -0.089125 -0.016633 0.28267
v -0.086141 -0.007125 0.291562
v -0.085437 -0.007124 0.292525
v -0.085142 -0.010971 0.292499
v -0.067201 -0.00952 0.303946
v -0.067402 -0.007061 0.303962
v -0.065765 -0.007053 0.304252
v -0.070779 -0.007075 0.303134
v -0.068299 -0.007065 0.303803
v -0.075089 -0.007092 0.301371
v -0.081548 -0.010712 0.296592
v -0.081061 -0.007112 0.29735
v -0.079445 -0.007107 0.29866
v -0.084628 -0.007122 0.293631
v -0.082935 -0.007117 0.295562
v -0.081828 -0.007114 0.296618
v -0.087224 -0.007128 0.2898
v -0.087911 -0.011144 0.287805
v -0.088225 -0.007129 0.287835
v -0.089356 -0.007131 0.285111
v -0.088399 -0.00713 0.287493
v -0.090873 -0.007129 0.278107
v -0.090531 -0.007131 0.280653
v -0.041165 -0.072137 0.285288
v -0.041157 -0.073579 0.280423
v -0.04117 -0.071344 0.287102
v -0.043662 -0.070301 0.288025
v -0.041173 -0.070908 0.287917
v -0.041193 -0.067131 0.293525
v -0.041188 -0.068046 0.29237
v -0.042963 -0.067606 0.292441
v -0.041185 -0.068722 0.291516
v -0.041177 -0.070128 0.289375
v -0.042085 -0.064186 0.296286
v -0.04122 -0.060817 0.298963
v -0.041217 -0.061868 0.298287
v -0.041208 -0.063922 0.296697
v -0.041206 -0.064405 0.29625
v -0.0412 -0.065838 0.294924
v -0.041237 -0.053074 0.302547
v -0.041235 -0.055261 0.301791
v -0.041234 -0.05558 0.301681
v -0.044141 -0.059236 0.299487
v -0.041229 -0.058009 0.300596
v -0.041227 -0.045849 0.303801
v -0.041235 -0.048535 0.303537
v -0.087277 -0.016475 0.287784
v -0.084516 -0.016188 0.292462
v -0.080939 -0.015782 0.296539
v -0.076671 -0.01527 0.299873
v -0.071863 -0.014671 0.302346
v -0.066684 -0.014006 0.30387
v -0.086432 -0.021594 0.287798
v -0.083683 -0.021185 0.292451
v -0.08013 -0.020623 0.296507
v -0.075899 -0.019926 0.299822
v -0.071136 -0.01912 0.302282
v -0.066008 -0.018232 0.3038
v -0.087215 -0.026873 0.28279
v -0.085363 -0.026538 0.287847
v -0.082632 -0.025993 0.292468
v -0.079115 -0.025259 0.296494
v -0.074935 -0.024359 0.299785
v -0.070236 -0.023327 0.302227
v -0.06518 -0.022196 0.303735
v -0.08512 -0.02751 0.287861
v -0.082394 -0.026936 0.292475
v -0.078886 -0.026164 0.296494
v -0.074718 -0.025222 0.299779
v -0.070034 -0.02414 0.302217
v -0.064996 -0.022957 0.303723
v -0.083966 -0.031586 0.287935
v -0.081265 -0.030879 0.292514
v -0.077804 -0.029938 0.296501
v -0.073699 -0.028798 0.299759
v -0.069093 -0.027496 0.302178
v -0.064142 -0.026078 0.303674
v -0.082647 -0.035454 0.288026
v -0.079981 -0.034602 0.292567
v -0.076579 -0.033481 0.296519
v -0.072555 -0.03213 0.299748
v -0.068044 -0.030595 0.302145
v -0.0632 -0.028927 0.303629
v -0.082977 -0.039794 0.283194
v -0.081157 -0.039125 0.288129
v -0.07854 -0.038118 0.29263
v -0.075213 -0.036806 0.296544
v -0.071287 -0.035233 0.299743
v -0.066893 -0.033452 0.302117
v -0.062179 -0.031522 0.303589
v -0.079481 -0.042631 0.288239
v -0.076927 -0.041459 0.292698
v -0.073694 -0.039944 0.296575
v -0.069888 -0.038137 0.299742
v -0.065635 -0.036097 0.302094
v -0.061076 -0.033892 0.303554
v -0.077808 -0.045642 0.288338
v -0.075326 -0.044315 0.29276
v -0.072195 -0.042612 0.296604
v -0.068517 -0.040587 0.299743
v -0.064413 -0.038307 0.302076
v -0.060017 -0.035846 0.303525
v -0.077452 -0.046232 0.288357
v -0.074986 -0.044873 0.292773
v -0.071877 -0.043131 0.29661
v -0.068228 -0.041062 0.299744
v -0.064156 -0.038733 0.302072
v -0.059795 -0.03622 0.303519
v -0.075664 -0.048966 0.288446
v -0.073284 -0.047454 0.292828
v -0.070294 -0.045526 0.296636
v -0.066791 -0.043242 0.299745
v -0.062888 -0.040678 0.302057
v -0.05871 -0.037915 0.303495
v -0.073724 -0.05157 0.288523
v -0.071446 -0.049904 0.292877
v -0.068593 -0.047788 0.296658
v -0.065255 -0.04529 0.299746
v -0.06154 -0.042489 0.302041
v -0.057567 -0.039476 0.303472
v -0.071645 -0.054023 0.288585
v -0.069483 -0.052206 0.292914
v -0.066782 -0.049907 0.296673
v -0.063627 -0.047199 0.299743
v -0.060119 -0.044168 0.302026
v -0.056369 -0.04091 0.30345
v -0.069371 -0.056379 0.288628
v -0.067344 -0.054412 0.292938
v -0.064816 -0.051932 0.296679
v -0.061867 -0.049014 0.299736
v -0.05859 -0.045753 0.302009
v -0.055088 -0.042251 0.303429
v -0.066946 -0.058581 0.288647
v -0.065065 -0.056475 0.292944
v -0.062723 -0.053824 0.296675
v -0.059992 -0.050712 0.299722
v -0.056959 -0.047235 0.301991
v -0.053719 -0.043503 0.303409
v -0.064176 -0.060774 0.288638
v -0.062463 -0.058532 0.292929
v -0.060331 -0.055714 0.296656
v -0.057847 -0.052407 0.299701
v -0.055088 -0.048716 0.301969
v -0.052142 -0.044756 0.303389
v -0.061531 -0.062597 0.288603
v -0.059976 -0.060247 0.292897
v -0.058042 -0.057292 0.296627
v -0.055787 -0.053827 0.299676
v -0.053284 -0.04996 0.301947
v -0.05061 -0.045811 0.30337
v -0.058829 -0.064229 0.288546
v -0.057429 -0.061787 0.292849
v -0.055686 -0.058718 0.296588
v -0.053654 -0.055117 0.299645
v -0.051397 -0.051098 0.301923
v -0.048985 -0.046787 0.303352
v -0.056031 -0.065707 0.28847
v -0.054784 -0.063189 0.292788
v -0.05323 -0.060021 0.29654
v -0.051416 -0.056302 0.29961
v -0.049401 -0.052151 0.301898
v -0.047248 -0.047697 0.303334
v -0.053181 -0.067021 0.288379
v -0.05208 -0.064442 0.292715
v -0.050704 -0.061193 0.296486
v -0.049098 -0.057375 0.299571
v -0.047312 -0.053111 0.301872
v -0.045403 -0.048535 0.303317
v -0.050791 -0.067992 0.288295
v -0.049803 -0.065373 0.29265
v -0.048566 -0.062068 0.296437
v -0.04712 -0.058182 0.299538
v -0.045512 -0.053839 0.301851
v -0.047254 -0.069238 0.288163
v -0.046418 -0.066575 0.292547
v -0.045369 -0.063205 0.296363
v -0.088885 -0.005 0.277929
v -0.089677 -0.005165 0.278
v -0.090339 -0.005632 0.278059
v -0.09042 -0.006326 0.280633
v -0.09076 -0.006325 0.278097
v -0.088296 -0.006325 0.287447
v -0.089249 -0.006326 0.285073
v -0.086046 -0.006322 0.291499
v -0.087126 -0.006324 0.289744
v -0.084538 -0.00632 0.293559
v -0.08285 -0.006317 0.295481
v -0.079372 -0.006309 0.298564
v -0.080983 -0.006313 0.29726
v -0.088567 -0.005 0.2803
v -0.089349 -0.005165 0.280441
v -0.088933 -0.005165 0.282362
v -0.087473 -0.005 0.28445
v -0.088223 -0.005165 0.284713
v -0.086582 -0.005 0.286668
v -0.087306 -0.005165 0.286997
v -0.085488 -0.005 0.288816
v -0.086179 -0.005165 0.289208
v -0.08514 -0.005164 0.290897
v -0.08307 -0.005 0.292383
v -0.08369 -0.005164 0.292879
v -0.081493 -0.005 0.29418
v -0.082065 -0.005164 0.294729
v -0.079749 -0.005 0.295844
v -0.080269 -0.005163 0.296441
v -0.078719 -0.005163 0.297695
v -0.076274 -0.005 0.298415
v -0.07669 -0.005162 0.299084
v -0.074542 -0.005161 0.30029
v -0.072277 -0.00516 0.301309
v -0.090003 -0.005633 0.280558
v -0.089577 -0.005633 0.282526
v -0.08885 -0.005633 0.284933
v -0.08791 -0.005632 0.287272
v -0.086757 -0.005632 0.289535
v -0.085693 -0.005631 0.291264
v -0.084207 -0.00563 0.293294
v -0.082544 -0.005628 0.295187
v -0.080704 -0.005626 0.29694
v -0.079116 -0.005624 0.298224
v -0.07704 -0.005622 0.299645
v -0.07484 -0.005619 0.300879
v -0.072521 -0.005615 0.301921
v -0.075033 -0.006299 0.30126
v -0.070739 -0.006287 0.30301
v -0.07061 -0.005613 0.302602
v -0.07041 -0.005159 0.301975
v -0.070173 -0.005 0.301229
v -0.068034 -0.005158 0.302614
v -0.068177 -0.005609 0.303255
v -0.06827 -0.00628 0.303673
v -0.065747 -0.006272 0.304117
v -0.063156 -0.0056 0.303906
v -0.065691 -0.005605 0.303691
v -0.063128 -0.005156 0.303252
v -0.065605 -0.005157 0.303041
v -0.062452 -0.005622 0.303924
v -0.062407 -0.00518 0.30327
v -0.061752 -0.005695 0.303927
v -0.06169 -0.005256 0.303274
v -0.053353 -0.013566 0.303149
v -0.054373 -0.010433 0.303196
v -0.056368 -0.007812 0.303236
v -0.060313 -0.005491 0.302495
v -0.059118 -0.005995 0.303263
v -0.059555 -0.007006 0.304347
v -0.059292 -0.006401 0.303916
v -0.057108 -0.008623 0.304319
v -0.056663 -0.008139 0.303888
v -0.055332 -0.010956 0.30428
v -0.054755 -0.010646 0.303847
v -0.054424 -0.013744 0.304232
v -0.053782 -0.013641 0.303799
v -0.052651 -0.017598 0.303078
v -0.053075 -0.017695 0.303727
v -0.053712 -0.017831 0.30416
v -0.050846 -0.024403 0.302956
v -0.050581 -0.02515 0.302943
v -0.049616 -0.027505 0.3029
v -0.043808 -0.034782 0.302763
v -0.052234 -0.02132 0.303663
v -0.051255 -0.024555 0.303606
v -0.050987 -0.02531 0.303593
v -0.05001 -0.027696 0.30355
v -0.048954 -0.02976 0.303513
v -0.046551 -0.033059 0.303453
v -0.045376 -0.034164 0.303433
v -0.044047 -0.035153 0.303415
v -0.052862 -0.021494 0.304096
v -0.050602 -0.027974 0.303983
v -0.049519 -0.03009 0.303945
v -0.047025 -0.033514 0.303885
v -0.045795 -0.034671 0.303865
v -0.044407 -0.035705 0.303846
v -0.039405 -0.042827 0.302642
v -0.042483 -0.03744 0.303817
v -0.041981 -0.037018 0.303385
v -0.041025 -0.039983 0.303773
v -0.040415 -0.039751 0.303341
v -0.040487 -0.042865 0.303724
v -0.039838 -0.042846 0.303291
v -0.040457 -0.044611 0.303694
v -0.039808 -0.044592 0.30326
v -0.039374 -0.044573 0.302611
v -0.040281 -0.072114 0.285285
v -0.040299 -0.070097 0.289366
v -0.039356 -0.045749 0.302575
v -0.039796 -0.045792 0.303226
v -0.040454 -0.045827 0.303657
v -0.040445 -0.048503 0.303411
v -0.040424 -0.053031 0.302449
v -0.040409 -0.055533 0.301599
v -0.040394 -0.057961 0.300528
v -0.039316 -0.048332 0.302335
v -0.039287 -0.050221 0.302017
v -0.039248 -0.052701 0.301406
v -0.039043 -0.054813 0.29983
v -0.03921 -0.055114 0.300586
v -0.039004 -0.057084 0.298819
v -0.039173 -0.057453 0.299554
v -0.039148 -0.059064 0.298693
v -0.038941 -0.06069 0.296669
v -0.039114 -0.061173 0.297351
v -0.03977 -0.048432 0.302987
v -0.039749 -0.050362 0.302666
v -0.039721 -0.052899 0.302047
v -0.039694 -0.055368 0.301211
v -0.039666 -0.057764 0.300159
v -0.039646 -0.059413 0.29928
v -0.03962 -0.061574 0.297909
v -0.040366 -0.061821 0.298241
v -0.039082 -0.063154 0.295831
v -0.039595 -0.063604 0.296354
v -0.04035 -0.063877 0.296662
v -0.040324 -0.067093 0.293505
v -0.040335 -0.065796 0.294897
v -0.039556 -0.066779 0.293244
v -0.039572 -0.065499 0.294616
v -0.039033 -0.06625 0.292792
v -0.039053 -0.065002 0.294133
v -0.038855 -0.065606 0.292235
v -0.040311 -0.068687 0.291502
v -0.039536 -0.068354 0.291271
v -0.039008 -0.067785 0.290866
v -0.038829 -0.06709 0.290365
v -0.039518 -0.069746 0.289165
v -0.038986 -0.069143 0.288811
v -0.038806 -0.068403 0.288371
v -0.040288 -0.071318 0.287097
v -0.039503 -0.070952 0.286928
v -0.038967 -0.070318 0.286628
v -0.039492 -0.071738 0.285141
v -0.038955 -0.071084 0.284885
v -0.038773 -0.070279 0.284566
v -0.039482 -0.072561 0.282777
v -0.038942 -0.071885 0.282579
v -0.03876 -0.071053 0.282333
v -0.040268 -0.073562 0.280422
v -0.039474 -0.073169 0.280346
v -0.038932 -0.072478 0.280208
v -0.03875 -0.071625 0.280037
v -0.038915 -0.062139 0.287425
v -0.038894 -0.063379 0.285628
v -0.038858 -0.065412 0.281258
v -0.039081 -0.052672 0.294402
v -0.083059 -0.005 0.276838
v -0.076875 -0.005 0.290462
v -0.078346 -0.005 0.288847
v -0.080985 -0.005 0.284728
v -0.081837 -0.005 0.282717
v -0.082958 -0.005 0.277979

usemtl Material_001
f 1 3 2
f 3 4 2
f 3 5 4
f 5 6 4
f 5 7 6
f 7 8 6
f 7 9 8
f 9 10 8
f 9 11 10
f 11 12 10
f 11 13 12
f 13 14 12
f 13 15 14
f 15 16 14
f 15 17 16
f 17 18 16
f 17 19 18
f 19 20 18
f 19 21 20
f 21 22 20
f 21 23 22
f 23 24 22
f 23 25 24
f 25 26 24
f 25 27 26
f 27 28 26
f 27 29 28
f 29 30 28
f 29 31 30
f 31 32 30
f 31 33 32
f 33 34 32
f 33 35 34
f 35 36 34
f 35 37 36
f 37 38 36
f 37 39 38
f 39 40 38
f 2 41 1
f 41 42 1
f 43 45 44
f 46 48 47
f 49 51 50
f 52 53 49
f 54 56 55
f 56 52 55
f 49 53 51
f 53 57 51
f 53 58 57
f 54 59 56
f 59 60 56
f 59 61 60
f 57 58 62
f 58 63 62
f 58 64 63
f 61 65 60
f 65 66 60
f 65 67 66
f 63 64 68
f 64 69 68
f 64 70 69
f 67 71 66
f 71 72 66
f 71 73 72
f 69 70 74
f 70 75 74
f 70 76 75
f 73 77 72
f 77 78 72
f 77 79 78
f 75 76 80
f 76 81 80
f 76 82 81
f 79 83 78
f 83 84 78
f 83 85 84
f 81 82 86
f 82 87 86
f 82 88 87
f 85 89 84
f 89 90 84
f 89 91 90
f 87 88 92
f 88 93 92
f 88 94 93
f 91 95 90
f 95 96 90
f 95 97 96
f 93 94 98
f 94 99 98
f 94 100 99
f 97 101 96
f 101 102 96
f 101 103 102
f 103 104 102
f 104 105 102
f 104 106 105
f 107 109 108
f 99 100 110
f 100 111 110
f 100 109 111
f 109 112 111
f 109 107 112
f 113 115 114
f 115 113 116
f 113 117 116
f 113 105 117
f 105 118 117
f 105 106 118
f 119 121 120
f 107 108 122
f 108 123 122
f 108 121 123
f 121 124 123
f 121 119 124
f 125 127 126
f 127 125 128
f 125 129 128
f 125 114 129
f 114 130 129
f 114 115 130
f 131 133 132
f 119 120 134
f 120 135 134
f 120 133 135
f 133 136 135
f 133 131 136
f 137 139 138
f 139 137 140
f 137 141 140
f 137 126 141
f 126 142 141
f 126 127 142
f 143 145 144
f 145 146 144
f 131 132 147
f 132 148 147
f 132 146 148
f 146 149 148
f 146 145 149
f 52 56 53
f 56 58 53
f 56 60 58
f 60 64 58
f 60 66 64
f 66 70 64
f 66 72 70
f 72 76 70
f 72 78 76
f 78 82 76
f 78 84 82
f 84 88 82
f 84 90 88
f 90 94 88
f 90 96 94
f 96 100 94
f 96 102 100
f 102 109 100
f 102 105 109
f 105 108 109
f 105 113 108
f 113 121 108
f 113 114 121
f 114 120 121
f 114 125 120
f 125 133 120
f 125 126 133
f 126 132 133
f 126 137 132
f 137 146 132
f 137 138 146
f 138 144 146
f 138 150 144
f 151 153 152
f 153 150 152
f 153 48 150
f 48 144 150
f 48 46 144
f 46 143 144
f 152 150 154
f 150 155 154
f 150 138 155
f 138 156 155
f 138 139 156
f 43 157 45
f 158 159 151
f 159 153 151
f 159 45 153
f 45 48 153
f 45 157 48
f 157 47 48
f 160 162 161
f 162 163 161
f 162 164 163
f 164 165 163
f 165 166 163
f 166 167 163
f 166 168 167
f 168 169 167
f 169 170 167
f 169 171 170
f 44 45 170
f 45 167 170
f 45 159 167
f 159 163 167
f 159 158 163
f 158 161 163
f 111 112 172
f 112 173 172
f 112 107 173
f 99 110 174
f 110 175 174
f 110 111 175
f 111 176 175
f 111 172 176
f 173 107 177
f 107 178 177
f 107 122 178
f 122 179 178
f 122 123 179
f 179 123 180
f 123 181 180
f 123 124 181
f 124 182 181
f 124 119 182
f 92 93 183
f 93 184 183
f 93 98 184
f 98 185 184
f 98 99 185
f 99 186 185
f 99 174 186
f 86 87 187
f 87 188 187
f 87 92 188
f 92 189 188
f 92 183 189
f 182 119 190
f 119 191 190
f 119 134 191
f 134 192 191
f 134 135 192
f 135 193 192
f 135 136 193
f 80 81 194
f 81 195 194
f 81 86 195
f 86 196 195
f 86 187 196
f 193 136 197
f 136 198 197
f 136 131 198
f 131 199 198
f 131 147 199
f 74 75 200
f 75 201 200
f 75 80 201
f 80 202 201
f 80 194 202
f 199 147 203
f 147 204 203
f 147 148 204
f 148 205 204
f 148 149 205
f 62 63 206
f 63 207 206
f 63 68 207
f 207 68 208
f 68 209 208
f 68 69 209
f 69 210 209
f 69 74 210
f 74 211 210
f 74 200 211
f 205 149 212
f 149 213 212
f 149 145 213
f 145 214 213
f 145 143 214
f 215 217 216
f 217 218 216
f 217 50 218
f 50 219 218
f 50 51 219
f 51 220 219
f 51 57 220
f 57 221 220
f 57 62 221
f 62 222 221
f 62 206 222
f 214 143 223
f 143 224 223
f 143 46 224
f 46 225 224
f 46 47 225
f 225 47 226
f 47 227 226
f 47 157 227
f 157 228 227
f 157 43 228
f 228 43 229
f 43 230 229
f 43 44 230
f 44 231 230
f 44 170 231
f 170 232 231
f 170 171 232
f 215 233 217
f 233 234 217
f 233 235 234
f 235 236 234
f 236 237 234
f 237 238 234
f 237 239 238
f 239 240 238
f 240 241 238
f 240 242 241
f 55 52 241
f 52 238 241
f 52 49 238
f 49 234 238
f 49 50 234
f 50 217 234
f 55 241 243
f 241 244 243
f 241 242 244
f 242 245 244
f 85 246 89
f 247 158 248
f 158 151 248
f 249 156 250
f 156 249 155
f 249 154 155
f 249 248 154
f 248 152 154
f 248 151 152
f 251 142 252
f 142 251 141
f 251 140 141
f 251 250 140
f 250 139 140
f 250 156 139
f 253 130 254
f 130 253 129
f 253 128 129
f 253 252 128
f 252 127 128
f 252 142 127
f 255 118 256
f 118 255 117
f 255 116 117
f 255 254 116
f 254 115 116
f 254 130 115
f 257 101 258
f 101 257 103
f 257 104 103
f 257 256 104
f 256 106 104
f 256 118 106
f 246 259 89
f 89 259 91
f 259 95 91
f 259 258 95
f 258 97 95
f 258 101 97
f 85 83 246
f 83 260 246
f 83 79 260
f 79 261 260
f 79 77 261
f 77 73 261
f 73 262 261
f 73 71 262
f 71 67 262
f 67 263 262
f 67 65 263
f 65 61 263
f 61 264 263
f 61 59 264
f 59 54 264
f 54 243 264
f 54 55 243
f 160 161 265
f 161 266 265
f 161 158 266
f 158 247 266
f 267 269 268
f 269 270 268
f 269 271 270
f 271 272 270
f 272 273 270
f 273 274 270
f 273 275 274
f 275 276 274
f 276 277 274
f 276 278 277
f 279 280 277
f 280 274 277
f 280 281 274
f 281 270 274
f 281 282 270
f 282 268 270
f 279 277 247
f 277 266 247
f 277 278 266
f 278 265 266
f 283 253 284
f 243 285 264
f 285 286 264
f 263 287 262
f 287 263 288
f 263 289 288
f 263 264 289
f 264 290 289
f 264 286 290
f 261 291 260
f 291 261 292
f 261 293 292
f 261 262 293
f 262 294 293
f 262 287 294
f 246 295 259
f 295 246 296
f 246 297 296
f 246 260 297
f 260 298 297
f 260 291 298
f 258 299 257
f 299 258 300
f 258 301 300
f 258 259 301
f 259 302 301
f 259 295 302
f 256 303 255
f 303 256 304
f 256 305 304
f 256 257 305
f 257 306 305
f 257 299 306
f 253 254 284
f 284 254 307
f 254 308 307
f 254 255 308
f 255 309 308
f 255 303 309
f 283 310 253
f 310 252 253
f 310 311 252
f 311 251 252
f 311 312 251
f 312 313 251
f 313 250 251
f 313 314 250
f 314 315 250
f 315 249 250
f 315 316 249
f 316 317 249
f 317 248 249
f 317 318 248
f 318 319 248
f 319 247 248
f 319 279 247
f 320 321 245
f 321 244 245
f 321 285 244
f 285 243 244
f 320 322 321
f 322 323 321
f 322 324 323
f 324 325 323
f 325 326 323
f 326 327 323
f 326 328 327
f 328 329 327
f 329 330 327
f 329 331 330
f 332 333 330
f 333 327 330
f 333 334 327
f 334 323 327
f 334 285 323
f 285 321 323
f 335 333 332
f 336 338 337
f 281 339 282
f 280 340 281
f 319 341 279
f 341 280 279
f 281 340 339
f 340 342 339
f 340 343 342
f 319 318 341
f 318 344 341
f 318 317 344
f 342 343 345
f 343 346 345
f 343 347 346
f 317 316 344
f 316 348 344
f 316 315 348
f 346 347 349
f 347 350 349
f 347 351 350
f 315 314 348
f 314 352 348
f 314 313 352
f 350 351 353
f 351 354 353
f 351 355 354
f 313 312 352
f 312 356 352
f 312 311 356
f 354 355 357
f 355 358 357
f 355 359 358
f 311 310 356
f 310 360 356
f 310 283 360
f 358 359 361
f 359 362 361
f 359 363 362
f 283 284 360
f 284 364 360
f 284 307 364
f 362 363 365
f 363 366 365
f 363 367 366
f 307 308 364
f 308 368 364
f 308 309 368
f 366 367 369
f 367 370 369
f 367 371 370
f 309 303 368
f 303 372 368
f 303 304 372
f 304 305 372
f 305 373 372
f 305 306 373
f 374 376 375
f 370 371 377
f 371 378 377
f 371 376 378
f 376 379 378
f 376 374 379
f 380 302 381
f 302 380 301
f 380 300 301
f 380 373 300
f 373 299 300
f 373 306 299
f 382 384 383
f 374 375 385
f 375 386 385
f 375 384 386
f 384 387 386
f 384 382 387
f 388 298 389
f 298 388 297
f 388 296 297
f 388 381 296
f 381 295 296
f 381 302 295
f 390 392 391
f 382 383 393
f 383 394 393
f 383 392 394
f 392 395 394
f 392 390 395
f 396 294 397
f 294 396 293
f 396 292 293
f 396 389 292
f 389 291 292
f 389 298 291
f 398 400 399
f 400 401 399
f 390 391 402
f 391 403 402
f 391 401 403
f 401 404 403
f 401 400 404
f 280 341 340
f 341 343 340
f 341 344 343
f 344 347 343
f 344 348 347
f 348 351 347
f 348 352 351
f 352 355 351
f 352 356 355
f 356 359 355
f 356 360 359
f 360 363 359
f 360 364 363
f 364 367 363
f 364 368 367
f 368 371 367
f 368 372 371
f 372 376 371
f 372 373 376
f 373 375 376
f 373 380 375
f 380 384 375
f 380 381 384
f 381 383 384
f 381 388 383
f 388 392 383
f 388 389 392
f 389 391 392
f 389 396 391
f 396 401 391
f 396 397 401
f 397 399 401
f 397 405 399
f 286 406 290
f 406 405 290
f 406 338 405
f 338 399 405
f 338 336 399
f 336 398 399
f 290 405 289
f 405 288 289
f 405 397 288
f 397 287 288
f 397 294 287
f 335 407 333
f 285 334 286
f 334 406 286
f 334 333 406
f 333 338 406
f 333 407 338
f 407 337 338
f 378 379 408
f 379 409 408
f 379 374 409
f 370 377 410
f 377 411 410
f 377 378 411
f 378 412 411
f 378 408 412
f 409 374 413
f 374 414 413
f 374 385 414
f 385 415 414
f 385 386 415
f 415 386 416
f 386 417 416
f 386 387 417
f 387 418 417
f 387 382 418
f 365 366 419
f 366 420 419
f 366 369 420
f 369 421 420
f 369 370 421
f 370 422 421
f 370 410 422
f 361 362 423
f 362 424 423
f 362 365 424
f 365 425 424
f 365 419 425
f 418 382 426
f 382 427 426
f 382 393 427
f 393 428 427
f 393 394 428
f 394 429 428
f 394 395 429
f 357 358 430
f 358 431 430
f 358 361 431
f 361 432 431
f 361 423 432
f 429 395 433
f 395 434 433
f 395 390 434
f 390 435 434
f 390 402 435
f 353 354 436
f 354 437 436
f 354 357 437
f 357 438 437
f 357 430 438
f 435 402 439
f 402 440 439
f 402 403 440
f 403 441 440
f 403 404 441
f 345 346 442
f 346 443 442
f 346 349 443
f 443 349 444
f 349 445 444
f 349 350 445
f 350 446 445
f 350 353 446
f 353 447 446
f 353 436 447
f 441 404 448
f 404 449 448
f 404 400 449
f 400 450 449
f 400 398 450
f 267 268 451
f 268 452 451
f 268 282 452
f 282 453 452
f 282 339 453
f 339 454 453
f 339 342 454
f 342 455 454
f 342 345 455
f 345 456 455
f 345 442 456
f 450 398 457
f 398 458 457
f 398 336 458
f 336 459 458
f 336 337 459
f 459 337 460
f 337 461 460
f 337 407 461
f 407 462 461
f 407 335 462
f 462 335 463
f 335 464 463
f 335 332 464
f 332 465 464
f 332 330 465
f 330 466 465
f 330 331 466
f 467 468 453
f 468 452 453
f 468 451 452
f 442 469 456
f 469 455 456
f 469 467 455
f 467 454 455
f 467 453 454
f 442 443 469
f 443 470 469
f 443 444 470
f 444 445 470
f 445 471 470
f 445 446 471
f 472 436 437
f 472 471 436
f 471 447 436
f 471 446 447
f 473 430 431
f 473 472 430
f 472 438 430
f 472 437 438
f 474 423 424
f 474 473 423
f 473 432 423
f 473 431 432
f 475 419 420
f 475 474 419
f 474 425 419
f 474 424 425
f 476 422 410
f 476 475 422
f 475 421 422
f 475 420 421
f 477 412 408
f 477 476 412
f 476 411 412
f 476 410 411
f 478 477 413
f 477 409 413
f 477 408 409
f 417 479 416
f 479 415 416
f 479 478 415
f 478 414 415
f 478 413 414
f 428 480 427
f 480 426 427
f 480 479 426
f 479 418 426
f 479 417 418
f 428 429 480
f 429 481 480
f 429 433 481
f 440 482 439
f 482 435 439
f 482 481 435
f 481 434 435
f 481 433 434
f 440 441 482
f 441 483 482
f 441 448 483
f 458 484 457
f 484 450 457
f 484 483 450
f 483 449 450
f 483 448 449
f 458 459 484
f 459 485 484
f 459 460 485
f 464 486 463
f 486 462 463
f 486 485 462
f 485 461 462
f 485 460 461
f 487 486 466
f 486 465 466
f 486 464 465
f 468 467 488
f 467 489 488
f 467 469 489
f 469 490 489
f 469 470 490
f 470 491 490
f 470 471 491
f 471 492 491
f 471 472 492
f 472 493 492
f 472 473 493
f 473 494 493
f 473 474 494
f 474 495 494
f 474 475 495
f 475 496 495
f 475 476 496
f 476 497 496
f 498 499 487
f 499 486 487
f 499 500 486
f 500 485 486
f 500 501 485
f 501 484 485
f 501 502 484
f 502 483 484
f 502 503 483
f 503 482 483
f 503 504 482
f 504 481 482
f 504 505 481
f 505 480 481
f 505 506 480
f 506 479 480
f 506 507 479
f 507 478 479
f 507 497 478
f 497 477 478
f 497 476 477
f 488 489 508
f 489 509 508
f 489 490 509
f 490 510 509
f 490 491 510
f 491 511 510
f 491 492 511
f 492 512 511
f 492 493 512
f 493 513 512
f 493 494 513
f 494 514 513
f 494 495 514
f 495 515 514
f 495 496 515
f 496 516 515
f 496 497 516
f 497 517 516
f 497 507 517
f 507 518 517
f 507 506 518
f 506 519 518
f 506 505 519
f 505 520 519
f 505 504 520
f 504 521 520
f 504 503 521
f 503 522 521
f 503 502 522
f 502 523 522
f 502 501 523
f 501 524 523
f 501 500 524
f 500 525 524
f 500 499 525
f 499 526 525
f 499 498 526
f 498 527 526
f 508 509 42
f 42 509 1
f 509 510 1
f 510 3 1
f 510 511 3
f 524 525 35
f 525 37 35
f 525 526 37
f 526 39 37
f 526 527 39
f 527 528 39
f 527 529 528
f 3 511 5
f 511 7 5
f 511 512 7
f 512 9 7
f 512 513 9
f 513 11 9
f 513 514 11
f 514 13 11
f 514 515 13
f 515 15 13
f 515 516 15
f 516 17 15
f 516 517 17
f 517 19 17
f 517 518 19
f 518 21 19
f 518 519 21
f 519 23 21
f 519 520 23
f 520 25 23
f 520 521 25
f 521 27 25
f 521 522 27
f 522 29 27
f 522 523 29
f 523 31 29
f 523 524 31
f 524 33 31
f 524 35 33
f 39 528 40
f 528 530 40
f 528 529 530
f 40 530 531
f 530 532 531
f 530 533 532
f 531 534 40
f 534 38 40
f 534 535 38
f 535 36 38
f 535 536 36
f 536 34 36
f 536 537 34
f 537 32 34
f 537 538 32
f 538 30 32
f 538 539 30
f 539 28 30
f 539 540 28
f 540 26 28
f 540 541 26
f 541 24 26
f 541 542 24
f 542 22 24
f 542 543 22
f 543 20 22
f 543 544 20
f 544 18 20
f 544 545 18
f 545 16 18
f 545 546 16
f 546 14 16
f 546 547 14
f 547 12 14
f 547 548 12
f 548 10 12
f 548 549 10
f 549 8 10
f 549 550 8
f 550 6 8
f 550 551 6
f 551 4 6
f 551 552 4
f 552 2 4
f 552 553 2
f 553 41 2
f 554 534 555
f 534 531 555
f 531 556 555
f 531 532 556
f 532 557 556
f 532 533 557
f 553 552 558
f 552 559 558
f 552 551 559
f 551 560 559
f 551 550 560
f 550 561 560
f 534 554 535
f 554 536 535
f 554 562 536
f 562 537 536
f 562 563 537
f 563 538 537
f 563 564 538
f 564 539 538
f 564 565 539
f 565 540 539
f 565 566 540
f 566 541 540
f 566 567 541
f 567 542 541
f 567 568 542
f 568 543 542
f 568 569 543
f 569 544 543
f 569 570 544
f 570 545 544
f 570 571 545
f 571 546 545
f 571 572 546
f 572 547 546
f 572 573 547
f 573 548 547
f 573 561 548
f 561 549 548
f 561 550 549
f 574 575 557
f 575 556 557
f 575 576 556
f 576 555 556
f 576 577 555
f 577 554 555
f 577 578 554
f 578 562 554
f 578 579 562
f 579 563 562
f 579 580 563
f 580 564 563
f 580 581 564
f 581 565 564
f 581 582 565
f 582 566 565
f 582 583 566
f 583 567 566
f 583 584 567
f 584 568 567
f 584 585 568
f 585 569 568
f 585 586 569
f 586 570 569
f 586 587 570
f 587 571 570
f 587 588 571
f 588 572 571
f 588 589 572
f 589 573 572
f 589 590 573
f 590 561 573
f 590 591 561
f 591 560 561
f 591 592 560
f 592 559 560
f 592 593 559
f 593 558 559
f 593 592 594
f 592 595 594
f 592 591 595
f 591 596 595
f 591 590 596
f 590 597 596
f 590 589 597
f 589 598 597
f 589 588 598
f 588 599 598
f 588 587 599
f 587 600 599
f 587 586 600
f 586 601 600
f 586 585 601
f 585 602 601
f 585 584 602
f 603 604 574
f 604 575 574
f 604 605 575
f 605 576 575
f 605 606 576
f 606 577 576
f 606 607 577
f 607 578 577
f 607 608 578
f 608 579 578
f 608 609 579
f 609 580 579
f 609 610 580
f 610 581 580
f 610 611 581
f 611 582 581
f 611 612 582
f 612 583 582
f 612 613 583
f 613 584 583
f 613 614 584
f 614 602 584
f 604 603 219
f 603 218 219
f 603 216 218
f 206 605 222
f 605 221 222
f 605 604 221
f 604 220 221
f 604 219 220
f 206 207 605
f 207 606 605
f 207 208 606
f 208 209 606
f 209 607 606
f 209 210 607
f 608 200 201
f 608 607 200
f 607 211 200
f 607 210 211
f 609 194 195
f 609 608 194
f 608 202 194
f 608 201 202
f 610 187 188
f 610 609 187
f 609 196 187
f 609 195 196
f 611 183 184
f 611 610 183
f 610 189 183
f 610 188 189
f 612 186 174
f 612 611 186
f 611 185 186
f 611 184 185
f 613 176 172
f 613 612 176
f 612 175 176
f 612 174 175
f 614 613 177
f 613 173 177
f 613 172 173
f 181 602 180
f 602 179 180
f 602 614 179
f 614 178 179
f 614 177 178
f 192 601 191
f 601 190 191
f 601 602 190
f 602 182 190
f 602 181 182
f 192 193 601
f 193 600 601
f 193 197 600
f 204 599 203
f 599 199 203
f 599 600 199
f 600 198 199
f 600 197 198
f 204 205 599
f 205 598 599
f 205 212 598
f 224 597 223
f 597 214 223
f 597 598 214
f 598 213 214
f 598 212 213
f 224 225 597
f 225 596 597
f 225 226 596
f 230 595 229
f 595 228 229
f 595 596 228
f 596 227 228
f 596 226 227
f 594 595 232
f 595 231 232
f 595 230 231
f 615 617 616
f 615 618 617
f 619 621 620
f 622 624 623
f 625 627 626
f 628 630 629
f 617 631 628
f 617 618 631
f 632 634 633
f 635 637 636
f 638 640 639
f 641 643 642
f 644 646 645
f 647 649 648
f 650 652 651
f 649 653 648
f 654 656 655
f 657 645 646
f 658 660 659
f 661 658 662
f 658 663 662
f 658 664 663
f 664 665 663
f 666 667 665
f 667 669 668
f 669 670 668
f 669 671 670
f 671 672 670
f 672 674 673
f 674 675 673
f 674 676 675
f 677 671 669
f 677 678 671
f 678 674 671
f 678 679 674
f 679 676 674
f 679 680 676
f 680 681 676
f 680 682 681
f 683 678 677
f 684 682 680
f 685 687 686
f 688 690 689
f 687 685 641
f 650 691 652
f 692 652 682
f 652 681 682
f 652 691 681
f 691 676 681
f 691 693 676
f 693 675 676
f 694 651 652
f 695 697 696
f 697 694 696
f 698 700 699
f 701 703 702
f 704 706 705
f 707 709 708
f 710 711 707
f 712 714 713
f 715 717 716
f 718 634 632
f 719 721 720
f 722 723 721
f 724 636 637
f 725 727 726
f 728 730 729
f 730 731 729
f 730 732 731
f 732 733 731
f 734 639 640
f 735 737 736
f 737 739 738
f 739 740 738
f 740 741 738
f 740 742 741
f 742 743 741
f 742 744 743
f 745 747 746
f 703 743 702
f 743 748 702
f 743 744 748
f 749 750 701
f 750 703 701
f 699 700 749
f 700 750 749
f 751 752 698
f 752 700 698
f 753 754 751
f 754 752 751
f 697 695 753
f 695 754 753
f 755 708 709
f 756 758 757
f 705 759 704
f 760 762 761
f 763 765 764
f 765 767 766
f 767 768 766
f 767 769 768
f 770 772 771
f 772 773 771
f 774 775 769
f 776 778 777
f 779 775 774
f 780 782 781
f 783 785 784
f 786 788 787
f 789 791 790
f 791 792 790
f 793 795 794
f 796 798 797
f 799 801 800
f 801 803 802
f 803 805 804
f 806 808 807
f 806 809 808
f 809 810 808
f 811 813 812
f 811 814 813
f 815 817 816
f 815 818 817
f 819 821 820
f 822 824 823
f 825 827 826
f 828 830 829
f 766 831 765
f 832 834 833
f 835 819 820
f 835 836 819
f 837 839 838
f 839 840 838
f 839 836 840
f 833 834 841
f 834 842 841
f 834 831 842
f 831 843 842
f 831 837 843
f 832 845 844
f 845 846 844
f 761 834 847
f 832 844 834
f 765 831 764
f 831 848 764
f 831 834 848
f 834 762 848
f 834 761 762
f 837 831 839
f 831 766 768
f 836 839 819
f 839 770 771
f 849 851 850
f 851 852 850
f 846 853 844
f 854 711 710
f 854 855 711
f 855 856 714
f 856 713 714
f 856 857 713
f 857 858 852
f 858 850 852
f 859 721 860
f 721 861 860
f 721 723 861
f 723 862 861
f 723 863 862
f 863 864 862
f 863 865 864
f 865 866 864
f 865 867 866
f 867 868 866
f 867 869 868
f 869 849 868
f 869 870 849
f 870 851 849
f 721 859 720
f 859 727 720
f 859 871 727
f 871 726 727
f 871 872 726
f 873 872 874
f 873 875 872
f 875 726 872
f 728 877 876
f 728 878 877
f 878 879 877
f 880 881 879
f 880 874 881
f 733 732 882
f 732 876 882
f 732 730 876
f 730 728 876
f 735 884 883
f 884 735 885
f 735 886 885
f 735 887 886
f 887 888 886
f 887 733 888
f 733 889 888
f 733 882 889
f 735 883 737
f 883 739 737
f 883 890 739
f 890 740 739
f 890 891 740
f 742 740 892
f 740 893 892
f 740 891 893
f 742 892 744
f 892 748 744
f 892 894 748
f 895 896 894
f 896 748 894
f 896 897 748
f 897 702 748
f 897 701 702
f 749 701 898
f 701 899 898
f 701 897 899
f 900 901 753
f 901 697 753
f 749 898 699
f 898 698 699
f 898 900 698
f 900 751 698
f 900 753 751
f 900 902 901
f 903 905 904
f 906 908 907
f 908 909 907
f 908 896 909
f 896 895 909
f 906 910 908
f 910 911 908
f 910 912 911
f 904 905 913
f 905 914 913
f 905 911 914
f 911 915 914
f 911 912 915
f 916 918 917
f 918 903 917
f 919 916 920
f 916 921 920
f 916 917 921
f 922 924 923
f 924 925 923
f 659 660 918
f 903 918 905
f 918 661 905
f 918 660 661
f 665 926 663
f 926 662 663
f 927 672 673
f 672 927 670
f 927 668 670
f 927 926 668
f 926 667 668
f 926 665 667
f 650 902 691
f 902 693 691
f 902 675 693
f 901 694 697
f 901 902 694
f 902 651 694
f 902 650 651
f 897 928 899
f 928 898 899
f 673 675 927
f 675 928 927
f 675 902 928
f 902 898 928
f 902 900 898
f 896 908 897
f 908 928 897
f 908 911 928
f 911 927 928
f 911 905 927
f 905 926 927
f 905 661 926
f 661 662 926
f 918 916 923
f 916 922 923
f 916 919 922
f 929 923 925
f 930 932 931
f 933 929 934
f 935 623 624
f 936 938 937
f 939 626 627
f 940 942 941
f 943 794 795
f 944 946 945
f 947 949 948
f 947 950 949
f 806 951 809
f 811 952 814
f 815 953 818
f 954 618 615
f 629 630 955
f 621 956 620
f 957 959 958
f 957 960 959
f 960 961 959
f 960 962 961
f 962 963 961
f 962 964 963
f 965 967 966
f 968 969 957
f 969 960 957
f 969 970 960
f 970 962 960
f 970 971 962
f 971 964 962
f 972 973 968
f 973 969 968
f 973 967 969
f 967 970 969
f 967 965 970
f 965 971 970
f 974 973 972
f 974 975 973
f 975 967 973
f 975 976 967
f 976 966 967
f 976 977 966
f 978 980 979
f 981 982 978
f 983 984 981
f 983 985 984
f 985 986 984
f 985 987 986
f 987 988 986
f 987 989 988
f 989 990 988
f 990 991 988
f 990 992 991
f 992 993 991
f 992 994 993
f 994 995 993
f 994 996 995
f 978 982 980
f 982 997 980
f 982 998 997
f 998 999 997
f 998 1000 999
f 1000 1001 999
f 1000 1002 1001
f 1002 1003 1001
f 1002 1004 1003
f 1004 1005 1003
f 1004 1006 1005
f 1006 1007 1005
f 1006 1008 1007
f 1008 1009 1007
f 1008 1010 1009
f 1010 974 1009
f 1010 975 974
f 981 984 982
f 984 998 982
f 984 986 998
f 986 1000 998
f 986 988 1000
f 988 1002 1000
f 988 991 1002
f 991 1004 1002
f 991 993 1004
f 993 1006 1004
f 993 995 1006
f 995 1008 1006
f 995 1011 1008
f 1011 1010 1008
f 1011 1012 1010
f 1012 975 1010
f 1012 976 975
f 996 1013 995
f 1013 1011 995
f 1013 1014 1011
f 1014 1012 1011
f 1014 1015 1012
f 1015 976 1012
f 1015 977 976
f 1016 983 981
f 983 1016 1017
f 1016 1018 1017
f 1016 1019 1018
f 1019 1020 1018
f 1019 1021 1020
f 1020 1021 1022
f 1021 1023 1022
f 1021 1024 1023
f 1024 1025 1023
f 1024 1026 1025
f 1025 1026 1027
f 1026 1028 1027
f 1026 1029 1028
f 1029 1030 1028
f 1029 1031 1030
f 1032 1034 1033
f 1034 1031 1033
f 1034 1035 1031
f 1035 1030 1031
f 1033 1031 1036
f 1031 1037 1036
f 1031 1029 1037
f 1029 1038 1037
f 1029 1026 1038
f 1026 1039 1038
f 1026 1024 1039
f 1024 1040 1039
f 1024 1021 1040
f 1021 1041 1040
f 1021 1019 1041
f 1019 1042 1041
f 1019 1016 1042
f 1016 1043 1042
f 1016 981 1043
f 981 978 1043
f 1036 1037 1044
f 1037 1045 1044
f 1037 1038 1045
f 1038 1046 1045
f 1038 1039 1046
f 1039 1047 1046
f 1039 1040 1047
f 1040 1048 1047
f 1040 1041 1048
f 1041 1049 1048
f 1041 1042 1049
f 1042 1050 1049
f 1042 1043 1050
f 1043 1051 1050
f 1043 978 1051
f 978 979 1051
f 1052 1054 1053
f 1055 1056 1052
f 1057 1058 1055
f 1057 1059 1058
f 1059 1060 1058
f 1059 1061 1060
f 1061 1062 1060
f 1061 1063 1062
f 1063 1064 1062
f 1064 1065 1062
f 1064 1066 1065
f 1066 1067 1065
f 1066 1068 1067
f 1068 1069 1067
f 1068 1070 1069
f 1052 1056 1054
f 1056 1071 1054
f 1056 1072 1071
f 1072 1073 1071
f 1072 1074 1073
f 1074 1075 1073
f 1074 1076 1075
f 1076 1077 1075
f 1076 1078 1077
f 1078 1079 1077
f 1078 1080 1079
f 1080 1081 1079
f 1080 1082 1081
f 1082 1083 1081
f 1082 1084 1083
f 1084 1044 1083
f 1084 1036 1044
f 1055 1058 1056
f 1058 1072 1056
f 1058 1060 1072
f 1060 1074 1072
f 1060 1062 1074
f 1062 1076 1074
f 1062 1065 1076
f 1065 1078 1076
f 1065 1067 1078
f 1067 1080 1078
f 1067 1069 1080
f 1069 1082 1080
f 1069 1085 1082
f 1085 1084 1082
f 1085 1086 1084
f 1086 1036 1084
f 1086 1033 1036
f 1070 1087 1069
f 1087 1085 1069
f 1087 1088 1085
f 1088 1086 1085
f 1088 1089 1086
f 1089 1033 1086
f 1089 1032 1033
f 1090 1052 1053
f 1090 1091 1052
f 1091 1055 1052
f 1091 1092 1055
f 1092 1057 1055
f 1092 1093 1057
f 1094 1096 1095
f 1097 1099 1098
f 1100 1101 1090
f 1101 1091 1090
f 1101 1102 1091
f 1102 1092 1091
f 1097 1103 1099
f 1104 1105 1100
f 1105 1101 1100
f 1105 1099 1101
f 1099 1102 1101
f 1099 1103 1102
f 1103 1092 1102
f 1103 1093 1092
f 1106 1107 1104
f 1107 1105 1104
f 1107 1096 1105
f 1096 1099 1105
f 1096 1094 1099
f 1094 1098 1099
f 1108 1107 1106
f 1108 1109 1107
f 1109 1096 1107
f 1109 1110 1096
f 1110 1095 1096
f 1110 1111 1095
f 1112 1114 1113
f 1115 1116 265
f 1116 1117 265
f 1116 1118 1117
f 1118 1119 1117
f 1118 1120 1119
f 1120 1121 1119
f 1120 1114 1121
f 1114 1122 1121
f 1114 1112 1122
f 1113 1123 1112
f 1123 1124 1112
f 1123 1125 1124
f 1125 1126 1124
f 1127 1126 1128
f 1124 1130 1129
f 1126 1127 1124
f 1127 1130 1124
f 1127 1131 1130
f 1129 1132 1124
f 1132 1112 1124
f 1132 1122 1112
f 1131 1127 1133
f 1127 1134 1133
f 1127 1128 1134
f 1135 1137 1136
f 1137 1138 1136
f 1139 1133 1134
f 1133 1139 1140
f 1139 1141 1140
f 1139 1136 1141
f 1136 1142 1141
f 1136 1138 1142
f 1143 1145 1144
f 1145 1143 1146
f 1143 1147 1146
f 1143 1148 1147
f 1148 1149 1147
f 1150 1152 1151
f 1152 1153 1151
f 1144 1152 1143
f 1152 1154 1143
f 1152 1150 1154
f 1153 1155 1151
f 1155 1156 1151
f 1155 1157 1156
f 1157 1158 1156
f 1157 1159 1158
f 1159 1160 1158
f 1159 1161 1160
f 1161 1162 1160
f 1161 1163 1162
f 1163 1164 1162
f 1163 1165 1164
f 1164 1165 1166
f 1165 1167 1166
f 1165 1168 1167
f 1168 1169 1167
f 1168 1170 1169
f 1171 1173 1172
f 1173 1174 1172
f 1173 1175 1174
f 1170 1176 1169
f 1176 1177 1169
f 1176 1178 1177
f 1178 1179 1177
f 1178 1180 1179
f 1180 1181 1179
f 1180 1182 1181
f 1182 1183 1181
f 1182 1171 1183
f 1171 1184 1183
f 1171 1172 1184
f 1175 1185 1174
f 1185 1186 1174
f 1185 1187 1186
f 1187 1188 1186
f 1187 1189 1188
f 1189 1190 1188
f 1189 1191 1190
f 1191 1192 1190
f 1191 1193 1192
f 1193 1194 1192
f 1193 1195 1194
f 1195 1196 1194
f 1195 1197 1196
f 1197 1198 1196
f 1197 1199 1198
f 1199 1200 1198
f 1199 1201 1200
f 1201 1202 1200
f 1201 1203 1202
f 1203 1204 1202
f 1203 1205 1204
f 1205 1206 1204
f 1205 1207 1206
f 1207 1208 1206
f 1207 1209 1208
f 1209 1210 1208
f 1209 1211 1210
f 1212 1214 1213
f 1215 1217 1216
f 1217 1218 1216
f 1217 1219 1218
f 1219 1220 1218
f 1219 1221 1220
f 1214 1222 1213
f 1222 1223 1213
f 1222 1224 1223
f 1225 1227 1226
f 1227 1228 1226
f 1227 1229 1228
f 1229 1230 1228
f 1229 1231 1230
f 1231 1232 1230
f 1231 1233 1232
f 1234 1236 1235
f 1223 1224 1237
f 1224 1238 1237
f 1224 1239 1238
f 1239 1240 1238
f 1239 1241 1240
f 1241 1242 1240
f 1241 1243 1242
f 1244 1246 1245
f 1246 1247 1245
f 1246 1248 1247
f 1248 1249 1247
f 1248 1250 1249
f 1250 1251 1249
f 1250 1225 1251
f 1225 1252 1251
f 1225 1226 1252
f 1253 1255 1254
f 1255 1256 1254
f 1255 1257 1256
f 1257 1258 1256
f 1257 1259 1258
f 1258 1259 1260
f 1259 1261 1260
f 1259 1262 1261
f 1262 1263 1261
f 1262 1264 1263
f 1221 1243 1220
f 1243 1265 1220
f 1243 1241 1265
f 1232 1233 1266
f 1233 1267 1266
f 1233 1268 1267
f 1268 1269 1267
f 1268 1270 1269
f 1270 1271 1269
f 1270 1272 1271
f 1271 1272 1273
f 1272 1274 1273
f 1272 1275 1274
f 1274 1275 1276
f 1275 1277 1276
f 1275 1278 1277
f 1278 1279 1277
f 1278 1280 1279
f 1280 1281 1279
f 1280 1282 1281
f 1281 1282 1283
f 1282 1284 1283
f 1282 1285 1284
f 1285 1286 1284
f 1285 1287 1286
f 1287 1288 1286
f 1287 1289 1288
f 1289 1290 1288
f 1289 1291 1290
f 1292 1294 1293
f 1294 1295 1293
f 1294 1253 1295
f 1253 1296 1295
f 1253 1254 1296
f 1297 1299 1298
f 1299 1300 1298
f 1299 1301 1300
f 1301 1302 1300
f 1301 1292 1302
f 1292 1303 1302
f 1292 1293 1303
f 1263 1264 1304
f 1264 1305 1304
f 1264 1306 1305
f 1306 1307 1305
f 1306 1308 1307
f 1308 1309 1307
f 1308 1310 1309
f 1310 1311 1309
f 1310 1312 1311
f 1312 1313 1311
f 1312 1236 1313
f 1236 1314 1313
f 1236 1234 1314
f 1212 1235 1214
f 1235 1315 1214
f 1235 1236 1315
f 1316 1297 1317
f 1297 1318 1317
f 1297 1298 1318
f 1319 1321 1320
f 1321 1322 1320
f 1321 1316 1322
f 1316 1323 1322
f 1316 1317 1323
f 1290 1291 1324
f 1291 1325 1324
f 1291 1326 1325
f 1326 1327 1325
f 1326 1328 1327
f 1328 1329 1327
f 1328 1319 1329
f 1319 1330 1329
f 1319 1320 1330
f 1331 1305 1332
f 1240 1333 1238
f 1333 1334 1238
f 1240 1242 1333
f 1242 1335 1333
f 1242 1243 1335
f 1243 1336 1335
f 1243 1221 1336
f 1221 1337 1336
f 1221 1219 1337
f 1219 1338 1337
f 1219 1217 1338
f 1217 1339 1338
f 1217 1215 1339
f 1334 1340 1238
f 1340 1237 1238
f 1340 1341 1237
f 1341 1223 1237
f 1341 1342 1223
f 1342 1213 1223
f 1342 1343 1213
f 1343 1212 1213
f 1343 1344 1212
f 1344 1235 1212
f 1344 1345 1235
f 1313 1314 1346
f 1314 1345 1346
f 1314 1234 1345
f 1234 1235 1345
f 1305 1307 1332
f 1307 1347 1332
f 1307 1309 1347
f 1309 1348 1347
f 1309 1311 1348
f 1311 1349 1348
f 1311 1313 1349
f 1313 1350 1349
f 1313 1346 1350
f 1305 1331 1304
f 1331 1263 1304
f 1331 1351 1263
f 1351 1261 1263
f 1351 1352 1261
f 1352 1353 1261
f 1353 1260 1261
f 1353 1354 1260
f 1354 1258 1260
f 1354 1355 1258
f 1355 1256 1258
f 1355 1356 1256
f 1356 1254 1256
f 1356 1357 1254
f 1254 1357 1296
f 1357 1295 1296
f 1357 1358 1295
f 1358 1293 1295
f 1358 1359 1293
f 1359 1303 1293
f 1359 1360 1303
f 1360 1302 1303
f 1360 1361 1302
f 1361 1362 1302
f 1362 1300 1302
f 1362 1363 1300
f 1300 1363 1298
f 1363 1318 1298
f 1363 1364 1318
f 1365 1245 1366
f 1245 1247 1366
f 1247 1249 1366
f 1249 1367 1366
f 1249 1251 1367
f 1367 1251 1368
f 1251 1369 1368
f 1251 1252 1369
f 1252 1370 1369
f 1252 1226 1370
f 1226 1371 1370
f 1226 1228 1371
f 1228 1372 1371
f 1228 1230 1372
f 1230 1232 1372
f 1232 1373 1372
f 1232 1266 1373
f 1266 1374 1373
f 1266 1267 1374
f 1267 1375 1374
f 1267 1269 1375
f 1269 1376 1375
f 1269 1271 1376
f 1271 1377 1376
f 1271 1273 1377
f 1273 1378 1377
f 1273 1274 1378
f 1274 1379 1378
f 1274 1276 1379
f 1276 1380 1379
f 1276 1277 1380
f 1277 1381 1380
f 1277 1279 1381
f 1279 1382 1381
f 1279 1281 1382
f 1281 1383 1382
f 1281 1283 1383
f 1283 1384 1383
f 1283 1284 1384
f 1284 1385 1384
f 1284 1286 1385
f 1286 1386 1385
f 1286 1288 1386
f 1288 1387 1386
f 1288 1290 1387
f 1290 1388 1387
f 1290 1324 1388
f 1324 1389 1388
f 1324 1325 1389
f 1325 1390 1389
f 1325 1327 1390
f 1327 1391 1390
f 1327 1329 1391
f 1329 1392 1391
f 1329 1330 1392
f 1330 1393 1392
f 1330 1320 1393
f 1320 1394 1393
f 1320 1322 1394
f 1322 1395 1394
f 1322 1323 1395
f 1323 1396 1395
f 1323 1317 1396
f 1396 1317 1397
f 1317 1364 1397
f 1317 1318 1364
f 1334 1333 1201
f 1333 1203 1201
f 1333 1335 1203
f 1335 1205 1203
f 1335 1336 1205
f 1336 1207 1205
f 1336 1337 1207
f 1337 1209 1207
f 1337 1338 1209
f 1338 1211 1209
f 1338 1339 1211
f 1392 1398 1391
f 1399 1382 1400
f 1398 1401 1391
f 1401 1390 1391
f 1401 1402 1390
f 1402 1389 1390
f 1402 1403 1389
f 1403 1388 1389
f 1403 1404 1388
f 1382 1383 1400
f 1383 1405 1400
f 1383 1384 1405
f 1363 1144 1145
f 1405 1384 1406
f 1384 1407 1406
f 1384 1385 1407
f 1385 1408 1407
f 1385 1386 1408
f 1386 1404 1408
f 1386 1387 1404
f 1387 1388 1404
f 1398 1392 1409
f 1392 1410 1409
f 1392 1393 1410
f 1393 1411 1410
f 1363 1362 1144
f 1362 1152 1144
f 1362 1361 1152
f 1361 1153 1152
f 1361 1360 1153
f 1360 1155 1153
f 1360 1359 1155
f 1145 1146 1363
f 1146 1364 1363
f 1146 1412 1364
f 1412 1397 1364
f 1412 1413 1397
f 1413 1396 1397
f 1413 1414 1396
f 1414 1395 1396
f 1414 1411 1395
f 1411 1394 1395
f 1411 1393 1394
f 1365 1366 1415
f 1366 1416 1415
f 1366 1367 1416
f 1367 1417 1416
f 1367 1368 1417
f 1368 1418 1417
f 1368 1369 1418
f 1369 1419 1418
f 1369 1370 1419
f 1370 1420 1419
f 1370 1371 1420
f 1371 1421 1420
f 1371 1372 1421
f 1372 1422 1421
f 1372 1373 1422
f 1373 1423 1422
f 1373 1374 1423
f 1374 1424 1423
f 1374 1375 1424
f 1375 1425 1424
f 1375 1376 1425
f 1425 1376 1426
f 1376 1427 1426
f 1376 1377 1427
f 1377 1428 1427
f 1377 1378 1428
f 1378 1429 1428
f 1378 1379 1429
f 1379 1430 1429
f 1379 1380 1430
f 1380 1399 1430
f 1380 1381 1399
f 1381 1382 1399
f 1359 1358 1155
f 1358 1157 1155
f 1358 1357 1157
f 1357 1159 1157
f 1357 1356 1159
f 1356 1161 1159
f 1356 1355 1161
f 1355 1163 1161
f 1355 1354 1163
f 1354 1165 1163
f 1354 1353 1165
f 1353 1168 1165
f 1353 1352 1168
f 1352 1170 1168
f 1352 1351 1170
f 1351 1176 1170
f 1351 1331 1176
f 1331 1178 1176
f 1331 1332 1178
f 1332 1180 1178
f 1332 1347 1180
f 1347 1182 1180
f 1347 1348 1182
f 1348 1171 1182
f 1348 1349 1171
f 1349 1173 1171
f 1349 1350 1173
f 1350 1175 1173
f 1350 1346 1175
f 1346 1185 1175
f 1346 1345 1185
f 1345 1187 1185
f 1345 1344 1187
f 1344 1189 1187
f 1344 1343 1189
f 1343 1191 1189
f 1343 1342 1191
f 1342 1193 1191
f 1342 1341 1193
f 1341 1195 1193
f 1341 1340 1195
f 1340 1197 1195
f 1340 1334 1197
f 1334 1199 1197
f 1334 1201 1199
f 1147 1412 1146
f 1149 1431 1147
f 1431 1412 1147
f 1431 1432 1412
f 1432 1413 1412
f 1432 1433 1413
f 1433 1414 1413
f 1433 1434 1414
f 1434 1411 1414
f 1434 1435 1411
f 1435 1410 1411
f 1435 1436 1410
f 1436 1409 1410
f 1436 1437 1409
f 1437 1398 1409
f 1437 1438 1398
f 1438 1401 1398
f 1438 1439 1401
f 1439 1402 1401
f 1439 1440 1402
f 1440 1403 1402
f 1440 1441 1403
f 1441 1404 1403
f 1441 1442 1404
f 1442 1408 1404
f 1442 1443 1408
f 1443 1407 1408
f 1443 1444 1407
f 1444 1406 1407
f 1444 1445 1406
f 1445 1405 1406
f 1445 1446 1405
f 1446 1400 1405
f 1446 1447 1400
f 1447 1399 1400
f 1447 1448 1399
f 1448 1430 1399
f 1448 1449 1430
f 1449 1429 1430
f 1449 1450 1429
f 1450 1428 1429
f 1450 1451 1428
f 1451 1427 1428
f 1451 1452 1427
f 1452 1426 1427
f 1452 1453 1426
f 1453 1425 1426
f 1453 1454 1425
f 1454 1424 1425
f 1454 1455 1424
f 1455 1423 1424
f 1455 1456 1423
f 1456 1422 1423
f 1456 1457 1422
f 1457 1421 1422
f 1457 1458 1421
f 1458 1420 1421
f 1458 1459 1420
f 1459 1419 1420
f 1459 1460 1419
f 1460 1418 1419
f 1460 1461 1418
f 1461 1417 1418
f 1461 1462 1417
f 1462 1416 1417
f 1462 1463 1416
f 1463 1415 1416
f 1463 1464 1415
f 466 1465 487
f 1465 1466 487
f 1465 1467 1466
f 1467 1468 1466
f 1467 1469 1468
f 1469 1470 1468
f 1469 1471 1470
f 1471 1472 1470
f 1471 1473 1472
f 1473 1474 1472
f 1473 1475 1474
f 1475 1476 1474
f 1475 1477 1476
f 1477 1478 1476
f 1477 1479 1478
f 1479 1480 1478
f 1479 1481 1480
f 1481 1482 1480
f 1481 1483 1482
f 1483 1484 1482
f 1483 1485 1484
f 1485 1486 1484
f 1485 1487 1486
f 1487 1488 1486
f 1487 451 1488
f 451 468 1488
f 488 1489 468
f 1489 1488 468
f 1489 1490 1488
f 1490 1486 1488
f 1490 1491 1486
f 1491 1484 1486
f 1491 1492 1484
f 1492 1482 1484
f 1492 1493 1482
f 1493 1480 1482
f 1493 1494 1480
f 1494 1478 1480
f 1494 1495 1478
f 1495 1476 1478
f 1495 1496 1476
f 1496 1474 1476
f 1496 1497 1474
f 1497 1472 1474
f 1497 1498 1472
f 1498 1470 1472
f 1498 1499 1470
f 1499 1468 1470
f 1499 1500 1468
f 1500 1466 1468
f 1500 498 1466
f 498 487 1466
f 498 1500 527
f 1500 1501 527
f 1500 1499 1501
f 1499 1502 1501
f 1499 1498 1502
f 1498 1503 1502
f 1498 1497 1503
f 1497 1504 1503
f 1497 1496 1504
f 1496 1505 1504
f 1496 1495 1505
f 1495 1506 1505
f 1495 1494 1506
f 1494 1507 1506
f 1494 1493 1507
f 1493 1508 1507
f 1493 1492 1508
f 1492 1509 1508
f 1492 1491 1509
f 1491 1510 1509
f 1491 1490 1510
f 1490 1511 1510
f 1490 1489 1511
f 1489 1512 1511
f 1489 488 1512
f 488 508 1512
f 1513 1515 1514
f 1515 1516 1514
f 1515 1517 1516
f 1518 1520 1519
f 1521 1523 1522
f 1523 1518 1522
f 1523 1524 1518
f 1524 1520 1518
f 1525 1527 1526
f 1527 1528 1526
f 1527 1519 1528
f 1519 1529 1528
f 1519 1520 1529
f 1516 1530 1514
f 1530 1522 1514
f 1530 1531 1522
f 1531 1521 1522
f 1532 1534 1533
f 1535 1537 1536
f 1537 1538 1536
f 1537 1539 1538
f 1540 1542 1541
f 1542 1543 1541
f 1542 1538 1543
f 1538 1544 1543
f 1538 1539 1544
f 1545 1547 1546
f 1547 1548 1546
f 1547 1549 1548
f 1534 1551 1550
f 1551 1534 1545
f 1534 1547 1545
f 1534 1532 1547
f 1532 1549 1547
f 1532 1542 1549
f 1542 1552 1549
f 1542 1540 1552
f 1553 1555 1554
f 1556 1558 1557
f 1559 1561 1560
f 1562 1559 1563
f 1564 1566 1565
f 1567 1569 1568
f 1569 1567 1570
f 1567 1571 1570
f 1567 1566 1571
f 1566 1572 1571
f 1566 1564 1572
f 1561 1559 1573
f 1559 1574 1573
f 1559 1562 1574
f 1562 1575 1574
f 1562 1557 1575
f 1557 1576 1575
f 1557 1558 1576
f 1558 1577 1576
f 1558 1568 1577
f 1577 1568 1578
f 1568 1579 1578
f 1568 1580 1579
f 1580 1568 1581
f 1568 1582 1581
f 1568 1569 1582
f 1583 1584 1567
f 1584 1566 1567
f 1584 1585 1566
f 1585 1565 1566
f 1585 1586 1565
f 1554 1555 1556
f 1555 1558 1556
f 1555 1587 1558
f 1587 1568 1558
f 1587 1588 1568
f 1588 1567 1568
f 1588 1589 1567
f 1589 1583 1567
f 1536 1538 1553
f 1538 1555 1553
f 1538 1542 1555
f 1542 1587 1555
f 1542 1532 1587
f 1532 1588 1587
f 1532 1533 1588
f 1533 1589 1588
f 1590 1592 1591
f 1592 1593 1591
f 1594 1596 1595
f 1594 1592 1596
f 1592 1597 1596
f 1592 1590 1597
f 1591 1593 1598
f 1593 1599 1598
f 1593 1600 1599
f 1600 1593 1601
f 1593 1602 1601
f 1593 1603 1602
f 1603 1593 1604
f 1593 1605 1604
f 1593 1606 1605
f 1606 1593 1607
f 1593 1608 1607
f 1593 1609 1608
f 1609 1593 1610
f 1593 1611 1610
f 1593 1612 1611
f 1613 1615 1614
f 1616 1618 1617
f 1619 1621 1620
f 1622 1624 1623
f 1625 1612 1626
f 1627 1626 1628
f 1629 1631 1630
f 1632 1627 1629
f 1627 1631 1629
f 1627 1628 1631
f 1633 1635 1634
f 1635 1636 1634
f 1635 1632 1636
f 1632 1637 1636
f 1632 1629 1637
f 1638 1633 1639
f 1633 1640 1639
f 1633 1634 1640
f 1641 1643 1642
f 1643 1644 1642
f 1643 1638 1644
f 1638 1645 1644
f 1638 1639 1645
f 1646 1648 1647
f 1648 1649 1647
f 1648 1650 1649
f 1650 1651 1649
f 1650 1641 1651
f 1641 1652 1651
f 1641 1642 1652
f 1653 1646 1654
f 1646 1655 1654
f 1646 1647 1655
f 1612 1625 1611
f 1625 1610 1611
f 1625 1656 1610
f 1656 1609 1610
f 1656 1657 1609
f 1657 1608 1609
f 1657 1658 1608
f 1658 1607 1608
f 1658 1659 1607
f 1659 1606 1607
f 1659 1660 1606
f 1660 1605 1606
f 1660 1661 1605
f 1661 1604 1605
f 1661 1662 1604
f 1662 1603 1604
f 1662 1663 1603
f 1663 1602 1603
f 1663 1664 1602
f 1664 1601 1602
f 1664 1665 1601
f 1665 1600 1601
f 1665 1666 1600
f 1666 1599 1600
f 1666 1667 1599
f 1626 1627 1625
f 1627 1656 1625
f 1627 1632 1656
f 1632 1657 1656
f 1632 1635 1657
f 1635 1658 1657
f 1635 1633 1658
f 1633 1659 1658
f 1633 1638 1659
f 1638 1660 1659
f 1638 1643 1660
f 1643 1661 1660
f 1643 1641 1661
f 1641 1662 1661
f 1641 1650 1662
f 1650 1663 1662
f 1650 1648 1663
f 1648 1664 1663
f 1648 1646 1664
f 1646 1665 1664
f 1646 1653 1665
f 1653 1666 1665
f 1653 1668 1666
f 1668 1667 1666
f 1668 1669 1667
f 1670 1669 1671
f 1669 1672 1671
f 1669 1668 1672
f 1668 1673 1672
f 1668 1653 1673
f 1653 1674 1673
f 1653 1654 1674
f 1599 1667 1598
f 1667 1675 1598
f 1667 1669 1675
f 1669 1624 1675
f 1669 1670 1624
f 1670 1623 1624
f 1676 1678 1677
f 1678 1676 1622
f 1676 1624 1622
f 1676 1679 1624
f 1679 1675 1624
f 1679 1591 1675
f 1591 1598 1675
f 1620 1621 1677
f 1621 1676 1677
f 1621 1680 1676
f 1680 1679 1676
f 1680 1590 1679
f 1590 1591 1679
f 1590 1680 1597
f 1680 1681 1597
f 1680 1621 1681
f 1621 1618 1681
f 1621 1619 1618
f 1619 1617 1618
f 1614 1615 1616
f 1615 1618 1616
f 1615 1682 1618
f 1682 1681 1618
f 1682 1596 1681
f 1596 1597 1681
f 1683 1684 1613
f 1684 1615 1613
f 1684 1685 1615
f 1685 1682 1615
f 1685 1595 1682
f 1595 1596 1682
f 1686 1688 1687
f 1689 1691 1690
f 1692 1694 1693
f 1652 1695 1651
f 1671 1696 1670
f 1622 1697 1678
f 1698 1700 1699
f 1700 1701 1699
f 1700 1702 1701
f 1702 1703 1701
f 1704 1706 1705
f 1706 1704 1707
f 1704 1708 1707
f 1704 1701 1708
f 1701 1709 1708
f 1701 1703 1709
f 1710 1705 1613
f 1705 1683 1613
f 1705 1706 1683
f 1706 1711 1683
f 1706 1712 1711
f 1712 1713 1711
f 1714 1619 1697
f 1619 1714 1617
f 1714 1616 1617
f 1714 1710 1616
f 1710 1614 1616
f 1710 1613 1614
f 1678 1697 1677
f 1697 1620 1677
f 1697 1619 1620
f 1696 1715 1670
f 1716 1654 1717
f 1654 1716 1674
f 1716 1673 1674
f 1716 1696 1673
f 1696 1672 1673
f 1696 1671 1672
f 1695 1718 1651
f 1651 1718 1649
f 1718 1647 1649
f 1718 1717 1647
f 1717 1655 1647
f 1717 1654 1655
f 1719 1695 1644
f 1695 1642 1644
f 1695 1652 1642
f 1634 1636 1720
f 1636 1694 1720
f 1636 1637 1694
f 1634 1720 1640
f 1720 1639 1640
f 1720 1719 1639
f 1719 1645 1639
f 1719 1644 1645
f 1637 1629 1694
f 1629 1693 1694
f 1629 1630 1693
f 1721 1723 1722
f 1723 1724 1722
f 1725 1727 1726
f 1728 1730 1729
f 1730 1725 1729
f 1730 1731 1725
f 1731 1727 1725
f 1732 1734 1733
f 1732 1735 1734
f 1734 1735 1736
f 1735 1737 1736
f 1735 1726 1737
f 1726 1738 1737
f 1726 1727 1738
f 1733 1739 1732
f 1739 1740 1732
f 1739 1741 1740
f 1741 1742 1740
f 1742 1743 1740
f 1742 1744 1743
f 1744 1745 1743
f 1745 1746 1743
f 1745 1747 1746
f 1748 1750 1749
f 1750 1748 1751
f 1748 1752 1751
f 1748 1746 1752
f 1746 1753 1752
f 1746 1747 1753
f 1754 1756 1755
f 1756 1754 1757
f 1754 1758 1757
f 1754 1749 1758
f 1749 1759 1758
f 1749 1750 1759
f 1760 1755 1761
f 1755 1762 1761
f 1755 1756 1762
f 1763 1760 1764
f 1760 1765 1764
f 1760 1761 1765
f 1766 1768 1767
f 1768 1769 1767
f 1768 1763 1769
f 1763 1770 1769
f 1763 1764 1770
f 1766 1771 1768
f 1771 1772 1768
f 1771 1773 1772
f 1774 1775 1773
f 1775 1772 1773
f 1775 1776 1772
f 1776 1777 1772
f 1689 1778 1691
f 1779 1781 1780
f 1699 1701 1782
f 1701 1783 1782
f 1701 1784 1783
f 1686 1785 1688
f 1780 1781 1778
f 1781 1691 1778
f 1781 1786 1691
f 1786 1787 1691
f 1786 1788 1787
f 1788 1789 1787
f 1788 1790 1789
f 1790 1791 1789
f 1790 1792 1791
f 1724 1723 1692
f 1723 1694 1692
f 1723 1793 1694
f 1793 1720 1694
f 1793 1794 1720
f 1794 1719 1720
f 1794 1795 1719
f 1795 1695 1719
f 1795 1796 1695
f 1796 1718 1695
f 1796 1797 1718
f 1797 1717 1718
f 1797 1798 1717
f 1798 1716 1717
f 1798 1799 1716
f 1799 1696 1716
f 1799 1800 1696
f 1800 1715 1696
f 1800 1801 1715
f 1801 1802 1715
f 1801 1792 1802
f 1792 1803 1802
f 1792 1790 1803
f 1790 1804 1803
f 1790 1788 1804
f 1788 1805 1804
f 1788 1786 1805
f 1786 1806 1805
f 1786 1781 1806
f 1781 1688 1806
f 1781 1779 1688
f 1779 1687 1688
f 1729 1725 1721
f 1725 1723 1721
f 1725 1726 1723
f 1726 1793 1723
f 1726 1735 1793
f 1735 1794 1793
f 1735 1732 1794
f 1732 1795 1794
f 1732 1740 1795
f 1740 1796 1795
f 1740 1743 1796
f 1743 1797 1796
f 1743 1746 1797
f 1746 1798 1797
f 1746 1748 1798
f 1748 1799 1798
f 1748 1749 1799
f 1749 1800 1799
f 1749 1754 1800
f 1754 1801 1800
f 1754 1755 1801
f 1755 1792 1801
f 1755 1760 1792
f 1760 1791 1792
f 1760 1763 1791
f 1763 1789 1791
f 1763 1768 1789
f 1768 1787 1789
f 1768 1772 1787
f 1772 1691 1787
f 1772 1777 1691
f 1777 1690 1691
f 1670 1715 1623
f 1715 1622 1623
f 1715 1802 1622
f 1802 1697 1622
f 1802 1803 1697
f 1803 1714 1697
f 1803 1804 1714
f 1804 1710 1714
f 1804 1805 1710
f 1805 1705 1710
f 1805 1806 1705
f 1806 1704 1705
f 1806 1688 1704
f 1688 1701 1704
f 1688 1785 1701
f 1785 1784 1701
f 1807 1809 1808
f 1810 1812 1811
f 1813 1815 1814
f 1816 1818 1817
f 1819 1821 1820
f 1822 1824 1823
f 1825 1827 1826
f 1828 1830 1829
f 1831 1833 1832
f 1834 1836 1835
f 1687 1837 1686
f 1838 1840 1839
f 1838 1841 1840
f 1841 1842 1840
f 1841 1843 1842
f 1843 1844 1842
f 1843 1845 1844
f 1839 1846 1838
f 1846 1847 1838
f 1846 1848 1847
f 1848 1849 1847
f 1849 1850 1847
f 1849 1851 1850
f 1851 1852 1850
f 1852 1853 1850
f 1852 1854 1853
f 1854 1855 1853
f 1855 1856 1853
f 1855 1857 1856
f 1857 1858 1856
f 1858 1859 1856
f 1858 1860 1859
f 1861 1863 1862
f 1863 1864 1862
f 1863 1859 1864
f 1859 1865 1864
f 1859 1860 1865
f 1861 1866 1863
f 1866 1867 1863
f 1866 1868 1867
f 1869 1871 1870
f 1871 1872 1870
f 1869 1873 1871
f 1873 1874 1871
f 1873 1875 1874
f 1875 1876 1874
f 1876 1877 1874
f 1876 1878 1877
f 1536 1879 1535
f 1880 1877 1879
f 1877 1881 1879
f 1877 1878 1881
f 1536 1553 1879
f 1553 1880 1879
f 1553 1554 1880
f 1554 1882 1880
f 1554 1556 1882
f 1563 1883 1562
f 1883 1557 1562
f 1883 1884 1557
f 1884 1556 1557
f 1884 1885 1556
f 1885 1882 1556
f 1885 1886 1882
f 1886 1887 1882
f 1886 1888 1887
f 1888 1889 1887
f 1890 1892 1891
f 1892 1893 1891
f 1892 1894 1893
f 1894 1892 1895
f 1892 1896 1895
f 1892 1897 1896
f 1782 1898 1699
f 1898 1698 1699
f 1785 1899 1784
f 1899 1783 1784
f 1687 1779 1837
f 1689 1900 1778
f 1901 1902 1774
f 1902 1775 1774
f 1775 1902 1776
f 1902 1777 1776
f 1902 1690 1777
f 1808 1902 1807
f 1902 1903 1807
f 1902 1901 1903
f 1835 1807 1904
f 1807 1905 1904
f 1807 1903 1905
f 1834 1906 1836
f 1907 1909 1908
f 1909 1831 1908
f 1910 1912 1911
f 1912 1907 1911
f 1913 1910 1914
f 1830 1913 1829
f 1913 1915 1829
f 1913 1914 1915
f 1916 1918 1917
f 1919 1921 1920
f 1921 1922 1920
f 1921 1923 1922
f 1923 1924 1922
f 1925 1924 1926
f 1924 1927 1926
f 1924 1923 1927
f 1928 1930 1929
f 1931 1933 1932
f 1931 1928 1933
f 1928 1934 1933
f 1928 1929 1934
f 1932 1935 1931
f 1935 1827 1931
f 1935 1936 1827
f 1936 1937 1827
f 1937 1826 1827
f 1937 1938 1826
f 1939 1941 1940
f 1941 1942 1940
f 1941 1825 1942
f 1822 1943 1824
f 1783 1899 1782
f 1899 1898 1782
f 1899 1944 1898
f 1944 1945 1898
f 1698 1898 1890
f 1898 1892 1890
f 1898 1945 1892
f 1945 1946 1892
f 1947 1949 1948
f 1949 1950 1948
f 1949 1951 1950
f 1951 1952 1950
f 1951 1953 1952
f 1953 1954 1952
f 1955 1956 1954
f 1956 1952 1954
f 1956 1957 1952
f 1957 1950 1952
f 1957 1946 1950
f 1946 1948 1950
f 1946 1945 1948
f 1945 1947 1948
f 1945 1944 1947
f 1871 1874 1955
f 1874 1956 1955
f 1874 1877 1956
f 1877 1957 1956
f 1877 1880 1957
f 1880 1946 1957
f 1880 1882 1946
f 1882 1892 1946
f 1882 1887 1892
f 1887 1897 1892
f 1887 1889 1897
f 1812 1958 1811
f 1958 1959 1811
f 1958 1960 1959
f 1960 1961 1959
f 1960 1962 1961
f 1962 1963 1961
f 1962 1964 1963
f 1817 1818 1819
f 1818 1821 1819
f 1818 1965 1821
f 1965 1966 1821
f 1965 1967 1966
f 1814 1815 1816
f 1815 1818 1816
f 1815 1968 1818
f 1968 1965 1818
f 1968 1969 1965
f 1969 1967 1965
f 1969 1970 1967
f 1964 1962 1971
f 1962 1972 1971
f 1962 1960 1972
f 1960 1973 1972
f 1960 1958 1973
f 1958 1974 1973
f 1958 1812 1974
f 1856 1859 1975
f 1859 1976 1975
f 1859 1863 1976
f 1863 1977 1976
f 1863 1867 1977
f 1841 1838 1813
f 1838 1815 1813
f 1838 1847 1815
f 1847 1968 1815
f 1847 1850 1968
f 1850 1969 1968
f 1850 1853 1969
f 1853 1970 1969
f 1853 1856 1970
f 1919 1920 1916
f 1920 1918 1916
f 1920 1830 1918
f 1830 1917 1918
f 1830 1828 1917
f 1978 1980 1979
f 1980 1981 1979
f 1825 1941 1827
f 1941 1931 1827
f 1941 1982 1931
f 1982 1928 1931
f 1982 1983 1928
f 1983 1930 1928
f 1983 1925 1930
f 1925 1984 1930
f 1925 1926 1984
f 1832 1833 1906
f 1833 1836 1906
f 1833 1985 1836
f 1907 1912 1909
f 1912 1986 1909
f 1912 1987 1986
f 1987 1988 1986
f 1987 1989 1988
f 1989 1990 1988
f 1989 1991 1990
f 1991 1992 1990
f 1991 1993 1992
f 1994 1995 1939
f 1995 1941 1939
f 1995 1996 1941
f 1996 1982 1941
f 1996 1997 1982
f 1997 1983 1982
f 1997 1998 1983
f 1998 1925 1983
f 1998 1999 1925
f 1999 1924 1925
f 1999 2000 1924
f 2000 1922 1924
f 2000 1981 1922
f 1981 1920 1922
f 1981 1980 1920
f 1980 1830 1920
f 1980 1978 1830
f 1978 1913 1830
f 1690 1902 1689
f 1902 1900 1689
f 1902 1808 1900
f 1808 2001 1900
f 1808 1809 2001
f 1809 2002 2001
f 1809 2003 2002
f 2003 2004 2002
f 2003 2005 2004
f 1835 1836 1807
f 1836 1809 1807
f 1836 1985 1809
f 1985 2003 1809
f 1985 2006 2003
f 2006 2005 2003
f 2006 2007 2005
f 2007 2008 2005
f 2007 2009 2008
f 2009 2010 2008
f 2009 2011 2010
f 2011 2012 2010
f 2011 1963 2012
f 1963 2013 2012
f 1963 1964 2013
f 1831 1909 1833
f 1909 1985 1833
f 1909 1986 1985
f 1986 2006 1985
f 1986 1988 2006
f 1988 2007 2006
f 1988 1990 2007
f 1990 2009 2007
f 1990 1992 2009
f 1992 2011 2009
f 1992 1993 2011
f 1993 1963 2011
f 1993 2014 1963
f 2014 1961 1963
f 2014 2015 1961
f 2015 1959 1961
f 2015 2016 1959
f 2016 1811 1959
f 2016 2017 1811
f 2017 1810 1811
f 2017 1824 1810
f 1686 1837 1785
f 1837 1899 1785
f 1837 2018 1899
f 2018 1944 1899
f 2018 2019 1944
f 2019 1947 1944
f 2019 2020 1947
f 2020 1949 1947
f 2020 2021 1949
f 2021 1951 1949
f 2021 2022 1951
f 2022 1953 1951
f 2022 2023 1953
f 2023 1954 1953
f 2023 2024 1954
f 2024 1955 1954
f 2024 1977 1955
f 1977 1871 1955
f 1977 1867 1871
f 1867 1872 1871
f 1867 1868 1872
f 1910 1913 1912
f 1913 1987 1912
f 1913 1978 1987
f 1978 1989 1987
f 1978 1979 1989
f 1979 1991 1989
f 1979 1981 1991
f 1981 1993 1991
f 1981 2000 1993
f 2000 2014 1993
f 2000 1999 2014
f 1999 2015 2014
f 1999 1998 2015
f 1998 2016 2015
f 1998 1997 2016
f 1997 2017 2016
f 1997 1996 2017
f 1996 1824 2017
f 1996 1995 1824
f 1995 1823 1824
f 1995 1994 1823
f 1778 1900 1780
f 1900 1779 1780
f 1900 2001 1779
f 2001 1837 1779
f 2001 2002 1837
f 2002 2018 1837
f 2002 2004 2018
f 2004 2019 2018
f 2004 2005 2019
f 2005 2020 2019
f 2005 2008 2020
f 2008 2021 2020
f 2008 2010 2021
f 2010 2022 2021
f 2010 2012 2022
f 2012 2023 2022
f 2012 2013 2023
f 2013 2024 2023
f 2013 1964 2024
f 1964 1977 2024
f 1964 1971 1977
f 1971 1976 1977
f 1971 1972 1976
f 1972 1975 1976
f 1972 1973 1975
f 1973 1856 1975
f 1973 1974 1856
f 1974 1970 1856
f 1974 1812 1970
f 1812 1967 1970
f 1812 1810 1967
f 1810 1966 1967
f 1810 1824 1966
f 1824 1821 1966
f 1824 1943 1821
f 1943 1820 1821
f 2025 2026 1879
f 2026 1535 1879
f 2026 2027 1535
f 2027 1537 1535
f 2027 2028 1537
f 2028 1539 1537
f 2028 2029 1539
f 2029 1544 1539
f 2029 2030 1544
f 2030 1543 1544
f 2030 2031 1543
f 2031 1541 1543
f 2031 2032 1541
f 2032 1540 1541
f 2032 2033 1540
f 2034 1550 2035
f 1550 2036 2035
f 1550 1551 2036
f 1551 2037 2036
f 1551 1545 2037
f 1545 2038 2037
f 1545 1546 2038
f 1546 2039 2038
f 1546 1548 2039
f 1548 2040 2039
f 1548 1549 2040
f 1549 2033 2040
f 1549 1552 2033
f 1552 1540 2033
f 2041 2043 2042
f 2041 2044 2043
f 2045 2047 2046
f 2047 2044 2046
f 2048 2045 2049
f 2050 2048 2051
f 2048 2052 2051
f 2048 2049 2052
f 2053 2055 2054
f 2054 2055 2056
f 2055 2057 2056
f 2055 2050 2057
f 2040 2058 2039
f 2058 2038 2039
f 2058 2037 2038
f 2059 2033 2032
f 2029 2060 2030
f 2060 2031 2030
f 2026 2061 2027
f 2061 2028 2027
f 2044 2047 2043
f 2047 2062 2043
f 2063 2064 2062
f 2063 2065 2064
f 2065 2066 2064
f 2065 2067 2066
f 2067 2068 2066
f 2067 2069 2068
f 2069 2070 2068
f 2069 2071 2070
f 2071 2072 2070
f 2071 2073 2072
f 2073 2074 2072
f 2073 2075 2074
f 2075 2076 2074
f 2075 2077 2076
f 2077 2078 2076
f 2077 2079 2078
f 2079 2080 2078
f 2079 2081 2080
f 2081 2082 2080
f 2081 2083 2082
f 2083 2084 2082
f 2083 2085 2084
f 2085 2061 2084
f 2085 2060 2061
f 2060 2028 2061
f 2060 2029 2028
f 2045 2048 2047
f 2048 2086 2063
f 2086 2065 2063
f 2086 2087 2065
f 2087 2067 2065
f 2087 2088 2067
f 2088 2069 2067
f 2088 2089 2069
f 2089 2071 2069
f 2089 2090 2071
f 2090 2073 2071
f 2090 2091 2073
f 2091 2075 2073
f 2091 2092 2075
f 2092 2077 2075
f 2092 2093 2077
f 2093 2079 2077
f 2093 2094 2079
f 2094 2081 2079
f 2094 2095 2081
f 2095 2083 2081
f 2095 2096 2083
f 2096 2085 2083
f 2096 2097 2085
f 2097 2060 2085
f 2097 2059 2060
f 2059 2031 2060
f 2059 2032 2031
f 2050 2055 2048
f 2055 2086 2048
f 2055 2098 2086
f 2098 2087 2086
f 2098 2099 2087
f 2099 2088 2087
f 2099 2100 2088
f 2100 2089 2088
f 2100 2101 2089
f 2101 2090 2089
f 2101 2102 2090
f 2102 2091 2090
f 2102 2103 2091
f 2103 2092 2091
f 2103 2104 2092
f 2104 2093 2092
f 2104 2105 2093
f 2105 2094 2093
f 2105 2106 2094
f 2106 2095 2094
f 2106 2107 2095
f 2107 2096 2095
f 2107 2108 2096
f 2108 2097 2096
f 2108 2109 2097
f 2109 2059 2097
f 2109 2058 2059
f 2058 2033 2059
f 2058 2040 2033
f 2053 2110 2055
f 2110 2098 2055
f 2110 2111 2098
f 2111 2099 2098
f 2111 2112 2099
f 2112 2100 2099
f 2112 2113 2100
f 2113 2101 2100
f 2113 2114 2101
f 2114 2102 2101
f 2114 2115 2102
f 2115 2103 2102
f 2115 2116 2103
f 2116 2104 2103
f 2116 2117 2104
f 2117 2105 2104
f 2117 2118 2105
f 2118 2106 2105
f 2118 2119 2106
f 2119 2107 2106
f 2119 2120 2107
f 2120 2108 2107
f 2120 2121 2108
f 2121 2109 2108
f 2121 2122 2109
f 2122 2058 2109
f 2122 2123 2058
f 2123 2037 2058
f 2123 2036 2037
f 2116 2124 2117
f 2124 2125 2117
f 2125 2118 2117
f 2125 2126 2118
f 2126 2119 2118
f 2126 2127 2119
f 2127 2120 2119
f 2127 2128 2120
f 2120 2128 2121
f 2128 2122 2121
f 2128 2035 2122
f 2035 2123 2122
f 2035 2036 2123
f 2124 2116 2129
f 2116 2130 2129
f 2116 2115 2130
f 2115 2131 2130
f 2115 2114 2131
f 2114 2132 2131
f 2114 2113 2132
f 2132 2113 2133
f 2113 2134 2133
f 2113 2112 2134
f 2135 2136 2053
f 2136 2110 2053
f 2136 2137 2110
f 2137 2111 2110
f 2137 2138 2111
f 2138 2112 2111
f 2138 2139 2112
f 2139 2134 2112
f 2140 2136 2135
f 2035 2128 2034
f 2128 2141 2034
f 2128 2127 2141
f 2127 2142 2141
f 2127 2126 2142
f 2126 2143 2142
f 2126 2125 2143
f 2125 2144 2143
f 2125 2124 2144
f 2124 2145 2144
f 2124 2129 2145
f 2129 2146 2145
f 2129 2130 2146
f 2130 2147 2146
f 2130 2131 2147
f 2131 2148 2147
f 2131 2132 2148
f 2132 2149 2148
f 2132 2133 2149
f 2133 2150 2149
f 2133 2134 2150
f 2134 2151 2150
f 2134 2139 2151
f 2139 2152 2151
f 2139 2138 2152
f 2138 2153 2152
f 2138 2137 2153
f 2137 2154 2153
f 2137 2136 2154
f 2136 2155 2154
f 2136 2140 2155
f 1534 2156 1533
f 2157 2140 2158
f 2143 2156 2142
f 1550 2034 1534
f 2034 2156 1534
f 2034 2141 2156
f 2141 2142 2156
f 2150 2156 2149
f 2149 2156 2148
f 2156 2147 2148
f 2156 2146 2147
f 2154 2156 2153
f 2146 2156 2145
f 2156 2144 2145
f 2156 2143 2144
f 2157 2156 2140
f 2156 2155 2140
f 2156 2154 2155
f 2153 2156 2152
f 2156 2151 2152
f 2156 2150 2151
f 1586 1585 2159
f 1585 1584 2159
f 2160 2162 2161
f 2162 2163 2161
f 2156 2164 1533
f 2164 1589 1533
f 2164 2165 1589
f 2165 1583 1589
f 2165 2160 1583
f 2160 1584 1583
f 2160 2161 1584
f 2161 2159 1584
f 2166 2168 2167
f 2168 2169 2167
f 2168 2170 2169
f 2170 529 2169
f 2170 530 529
f 2168 2166 2171
f 2166 2172 2171
f 2166 2173 2172
f 2173 2174 2172
f 2173 2175 2174
f 2175 2176 2174
f 2176 2177 2174
f 2176 2178 2177
f 2177 2178 2179
f 2178 2180 2179
f 2178 2181 2180
f 2181 2182 2180
f 2181 2183 2182
f 2183 2184 2182
f 2182 2184 2185
f 2184 2186 2185
f 2184 2187 2186
f 2187 2188 2186
f 2187 2189 2188
f 2189 2190 2188
f 2189 2191 2190
f 2191 2162 2190
f 2191 2192 2162
f 2192 2163 2162
f 2193 2195 2194
f 2161 2163 2196
f 2163 2197 2196
f 2163 2198 2197
f 42 2199 508
f 2199 1512 508
f 2199 2200 1512
f 2200 2201 1512
f 2194 2195 2202
f 2195 2203 2202
f 2195 2204 2203
f 2201 2205 1512
f 2205 1511 1512
f 2205 2195 1511
f 2195 1510 1511
f 2195 2193 1510
f 2173 2207 2206
f 2204 2195 2208
f 2195 1594 2208
f 2195 1592 1594
f 529 527 2169
f 527 1501 2169
f 2206 2209 2178
f 2209 2181 2178
f 2209 1513 2181
f 1513 2183 2181
f 2173 2206 2175
f 2206 2176 2175
f 2206 2178 2176
f 1509 1510 2210
f 1510 2211 2210
f 1510 2193 2211
f 2191 2212 2192
f 2212 2163 2192
f 2212 2213 2163
f 2213 2198 2163
f 1506 1507 2214
f 1507 2215 2214
f 1507 1508 2215
f 1508 2216 2215
f 1508 1509 2216
f 1509 2217 2216
f 1509 2210 2217
f 2183 1513 2184
f 1513 2187 2184
f 1513 1514 2187
f 1514 1522 2187
f 2169 1501 2167
f 1501 2166 2167
f 1501 1502 2166
f 1502 2173 2166
f 1502 1503 2173
f 1503 2207 2173
f 1503 1504 2207
f 1504 2218 2207
f 1504 1505 2218
f 1505 2219 2218
f 1505 1506 2219
f 1506 2220 2219
f 1506 2214 2220
f 1525 2212 2187
f 2212 2189 2187
f 2212 2191 2189
f 1518 1519 1522
f 1519 2187 1522
f 1519 1527 2187
f 1527 1525 2187
f 2221 2222 2205
f 2222 2195 2205
f 2222 2223 2195
f 41 2224 42
f 2224 2199 42
f 2224 2225 2199
f 2225 2200 2199
f 2225 2221 2200
f 2221 2201 2200
f 2221 2205 2201
f 1244 1245 1728
f 1245 1464 1728
f 1245 1365 1464
f 1365 1415 1464
f 1138 1593 1142
f 1593 1141 1142
f 2223 1129 1130
f 265 2224 41
f 2226 1612 2227
f 1612 2228 2227
f 1612 1593 2228
f 1593 1137 2228
f 1593 1138 1137
f 1141 1593 1140
f 1593 1133 1140
f 1593 2223 1133
f 2223 1131 1133
f 2223 1130 1131
f 1121 2225 1119
f 1692 2230 2229
f 1692 2229 1724
f 2229 1722 1724
f 2229 2231 1722
f 2231 1721 1722
f 2231 1244 1721
f 1244 1729 1721
f 1244 1728 1729
f 2225 2224 1119
f 2224 1117 1119
f 2224 265 1117
f 2225 1121 2221
f 1121 2222 2221
f 1121 1122 2222
f 1122 2223 2222
f 1122 1132 2223
f 1132 1129 2223
f 1612 2226 1626
f 2226 1628 1626
f 2226 2232 1628
f 2232 1631 1628
f 2232 2233 1631
f 2233 1630 1631
f 2233 2230 1630
f 2230 1693 1630
f 2230 1692 1693
f 2234 2233 2232
f 2227 2235 2226
f 2235 2232 2226
f 2236 2227 2228
f 2233 2234 2237
f 2234 2238 2237
f 2234 2239 2238
f 2239 2240 2238
f 2239 2241 2240
f 2240 2241 2242
f 2241 2243 2242
f 2241 2244 2243
f 2244 2245 2243
f 2244 2246 2245
f 2245 2246 2247
f 2246 2248 2247
f 2246 2249 2248
f 2249 2250 2248
f 2249 2251 2250
f 2251 2252 2250
f 2251 2253 2252
f 2253 2254 2252
f 2253 2255 2254
f 2255 2256 2254
f 2256 2255 2257
f 2255 2258 2257
f 2255 2259 2258
f 2259 2260 2258
f 2259 2261 2260
f 2261 2262 2260
f 2261 2263 2262
f 2263 2264 2262
f 2264 2263 2265
f 2263 2266 2265
f 2263 2267 2266
f 2267 2268 2266
f 2267 2269 2268
f 2269 2270 2268
f 2269 2271 2270
f 2271 2272 2270
f 2271 2273 2272
f 2273 2271 2274
f 2271 2275 2274
f 2271 2276 2275
f 2276 2277 2275
f 2276 2278 2277
f 2277 2278 2279
f 2278 2280 2279
f 2278 2281 2280
f 2281 2282 2280
f 2281 2283 2282
f 2283 2284 2282
f 2283 2285 2284
f 2232 2235 2234
f 2235 2239 2234
f 2235 2286 2239
f 2286 2241 2239
f 2286 2287 2241
f 2287 2244 2241
f 2287 2288 2244
f 2288 2246 2244
f 2288 2289 2246
f 2289 2249 2246
f 2289 2290 2249
f 2290 2251 2249
f 2290 2291 2251
f 2291 2253 2251
f 2291 2292 2253
f 2292 2255 2253
f 2292 2293 2255
f 2293 2259 2255
f 2293 2294 2259
f 2294 2261 2259
f 2294 2295 2261
f 2295 2263 2261
f 2295 2296 2263
f 2296 2267 2263
f 2296 2297 2267
f 2297 2269 2267
f 2297 2298 2269
f 2298 2271 2269
f 2298 2299 2271
f 2299 2276 2271
f 2299 2300 2276
f 2300 2278 2276
f 2300 2301 2278
f 2301 2281 2278
f 2301 2302 2281
f 2302 2283 2281
f 2302 2303 2283
f 2227 2236 2235
f 2236 2286 2235
f 2236 2304 2286
f 2304 2287 2286
f 2304 2305 2287
f 2305 2288 2287
f 2305 2306 2288
f 2306 2289 2288
f 2306 2307 2289
f 2307 2290 2289
f 2307 2308 2290
f 2308 2291 2290
f 2308 2309 2291
f 2309 2292 2291
f 2309 2310 2292
f 2310 2293 2292
f 2310 2311 2293
f 2311 2294 2293
f 2311 2312 2294
f 2312 2295 2294
f 2312 2313 2295
f 2313 2296 2295
f 2313 2314 2296
f 2314 2297 2296
f 2314 2315 2297
f 2315 2298 2297
f 2315 2316 2298
f 2316 2299 2298
f 2316 2317 2299
f 2317 2300 2299
f 2317 2318 2300
f 2318 2301 2300
f 2318 2319 2301
f 2319 2302 2301
f 2319 2320 2302
f 2320 2303 2302
f 2320 2321 2303
f 2322 2324 2323
f 2325 2327 2326
f 2327 2328 2326
f 2327 2324 2328
f 2324 2329 2328
f 2324 2322 2329
f 2322 2330 2329
f 2331 2332 2325
f 2332 2327 2325
f 2332 2333 2327
f 2333 2324 2327
f 2333 2334 2324
f 2334 2323 2324
f 2285 2283 2331
f 2283 2332 2331
f 2283 2303 2332
f 2303 2333 2332
f 2303 2321 2333
f 2321 2334 2333
f 2335 2337 2336
f 2335 2339 2338
f 2339 2340 2338
f 2339 2341 2340
f 2342 2344 2343
f 2344 2345 2343
f 2346 2342 2347
f 2342 2348 2347
f 2342 2343 2348
f 2336 2337 2349
f 2337 2350 2349
f 2337 2351 2350
f 2352 2354 2353
f 2354 2355 2353
f 2354 2356 2355
f 2356 2357 2355
f 2357 2358 2355
f 2357 2359 2358
f 2359 2360 2358
f 2359 2361 2360
f 2362 2364 2363
f 2364 2365 2363
f 2364 2366 2365
f 2366 2337 2365
f 2366 2352 2337
f 2352 2351 2337
f 2352 2353 2351
f 2335 2338 2337
f 2338 2365 2337
f 2338 2367 2365
f 2367 2363 2365
f 2367 2368 2363
f 2345 2344 2341
f 2344 2340 2341
f 2344 2342 2340
f 2342 2338 2340
f 2342 2369 2338
f 2369 2367 2338
f 2369 2370 2367
f 2370 2368 2367
f 2370 2371 2368
f 2372 2373 2346
f 2373 2342 2346
f 2373 2374 2342
f 2374 2369 2342
f 2374 2375 2369
f 2375 2370 2369
f 2375 2376 2370
f 2376 2371 2370
f 2376 2377 2371
f 2378 2380 2379
f 2381 2357 2356
f 2361 2359 2378
f 2359 2380 2378
f 2359 2357 2380
f 2357 2382 2380
f 2357 2381 2382
f 2383 2385 2384
f 2384 2385 2386
f 2385 2387 2386
f 2385 2388 2387
f 2389 2391 2390
f 2391 2392 2390
f 2392 2391 2383
f 2391 2385 2383
f 2391 2393 2385
f 2393 2394 2385
f 2395 2396 2389
f 2396 2391 2389
f 2396 2397 2391
f 2397 2393 2391
f 2397 2398 2393
f 2398 2399 2393
f 2398 2400 2399
f 2400 2401 2399
f 2401 2402 2399
f 2401 2403 2402
f 2403 2404 2402
f 2404 2405 2402
f 2404 2406 2405
f 2406 2407 2405
f 2406 2408 2407
f 2408 2409 2407
f 2409 2410 2407
f 2409 2411 2410
f 2411 2412 2410
f 2411 2413 2412
f 2394 2393 2414
f 2393 2415 2414
f 2393 2399 2415
f 2399 2416 2415
f 2399 2402 2416
f 2402 2417 2416
f 2402 2405 2417
f 2405 2418 2417
f 2405 2407 2418
f 2407 2419 2418
f 2407 2410 2419
f 2410 2420 2419
f 2410 2412 2420
f 2412 2421 2420
f 2412 2422 2421
f 2422 2356 2421
f 2422 2381 2356
f 2413 2423 2412
f 2423 2422 2412
f 2423 2424 2422
f 2424 2381 2422
f 2424 2382 2381
f 2425 1270 2426
f 2427 2429 2428
f 2237 2230 2233
f 2430 2238 2240
f 2247 2431 2245
f 2431 2243 2245
f 2431 2242 2243
f 2254 2429 2252
f 2429 2250 2252
f 2257 2432 2256
f 2432 2254 2256
f 2257 2258 2433
f 2258 2260 2433
f 2260 2262 2433
f 2262 2434 2433
f 2262 2264 2434
f 2264 2265 2434
f 2265 2435 2434
f 2265 2266 2435
f 2436 2437 2272
f 2437 2270 2272
f 2437 2435 2270
f 2435 2268 2270
f 2435 2266 2268
f 2277 2438 2275
f 2438 2274 2275
f 2438 2273 2274
f 2277 2279 2438
f 2279 2439 2438
f 2279 2280 2439
f 2280 2282 2439
f 2282 2440 2439
f 2282 2284 2440
f 2441 2325 2326
f 2284 2285 2440
f 2285 2442 2440
f 2285 2331 2442
f 2325 2441 2331
f 2441 2442 2331
f 2441 2443 2442
f 2443 2444 2442
f 2443 2445 2444
f 2445 2446 2444
f 2446 2447 2444
f 2447 2448 2444
f 2447 2449 2448
f 2386 2387 2384
f 2387 2450 2384
f 2449 2451 2448
f 2451 2452 2448
f 2451 2450 2452
f 2450 2388 2452
f 2450 2387 2388
f 2453 2455 2454
f 2455 2456 2454
f 2455 2457 2456
f 1297 2459 2458
f 2459 2460 2458
f 2459 2461 2460
f 2462 2459 1321
f 2459 1316 1321
f 2459 1297 1316
f 2463 1289 2464
f 2465 2466 1282
f 2466 1285 1282
f 2466 2464 1285
f 2464 1287 1285
f 2464 1289 1287
f 1289 2463 1291
f 2463 1326 1291
f 2463 2467 1326
f 2467 1328 1326
f 2467 2462 1328
f 2462 1319 1328
f 2462 1321 1319
f 2433 2434 2426
f 2434 2425 2426
f 2434 2435 2425
f 2435 2468 2425
f 2435 2437 2468
f 2437 2465 2468
f 2437 2436 2465
f 2436 2466 2465
f 2436 2469 2466
f 2469 2464 2466
f 2469 2470 2464
f 2470 2463 2464
f 2470 2471 2463
f 2471 2467 2463
f 2471 2472 2467
f 2472 2462 2467
f 2472 2455 2462
f 2455 2459 2462
f 2455 2453 2459
f 2453 2461 2459
f 2473 2430 2431
f 2430 2242 2431
f 2430 2240 2242
f 2250 2429 2248
f 2429 2474 2248
f 2429 2427 2474
f 2427 2475 2474
f 2476 1268 1233
f 2257 2433 2432
f 2433 2476 2432
f 2433 2426 2476
f 2426 1268 2476
f 2426 1270 1268
f 1246 2473 1248
f 2473 2475 1248
f 2473 2431 2475
f 2431 2474 2475
f 2431 2247 2474
f 2247 2248 2474
f 1248 2475 1250
f 2475 1225 1250
f 2475 2427 1225
f 2427 1227 1225
f 2427 2428 1227
f 2428 1229 1227
f 2428 1231 1229
f 2254 2432 2429
f 2432 2428 2429
f 2432 2476 2428
f 2476 1231 2428
f 2476 1233 1231
f 2477 2448 2478
f 2448 2479 2478
f 2448 2452 2479
f 2273 2438 2272
f 2438 2436 2272
f 2438 2439 2436
f 2439 2469 2436
f 2439 2440 2469
f 2440 2470 2469
f 2440 2442 2470
f 2442 2471 2470
f 2442 2444 2471
f 2444 2472 2471
f 2444 2448 2472
f 2448 2455 2472
f 2448 2477 2455
f 2477 2457 2455
f 1244 2231 1246
f 2231 2473 1246
f 2231 2229 2473
f 2229 2430 2473
f 2229 2230 2430
f 2230 2238 2430
f 2230 2237 2238
f 1270 2425 1272
f 2425 1275 1272
f 2425 2468 1275
f 2468 1278 1275
f 2468 2465 1278
f 2465 1280 1278
f 2465 1282 1280
f 2480 2482 2481
f 2383 2483 2392
f 2483 2390 2392
f 2483 2389 2390
f 2326 2484 2441
f 2484 2485 2441
f 2486 2487 2484
f 2487 2485 2484
f 2487 2488 2485
f 2488 2489 2485
f 2488 2490 2489
f 2441 2485 2443
f 2485 2445 2443
f 2485 2489 2445
f 2489 2446 2445
f 2489 2482 2446
f 2482 2489 2481
f 2489 2491 2481
f 2489 2490 2491
f 2384 2450 2383
f 2450 2483 2383
f 2450 2451 2483
f 2451 2492 2483
f 2451 2449 2492
f 2449 2482 2492
f 2449 2447 2482
f 2447 2446 2482
f 2480 2493 2482
f 2493 2492 2482
f 2493 2494 2492
f 2494 2483 2492
f 2494 2495 2483
f 2495 2389 2483
f 2495 2395 2389
f 2496 2487 2497
f 2498 2487 2499
f 2487 2500 2499
f 2487 2501 2500
f 2501 2487 2502
f 2487 2503 2502
f 2487 2496 2503
f 2497 2487 2504
f 2487 2505 2504
f 2487 2486 2505
f 2498 2506 2487
f 2506 2488 2487
f 2506 2507 2488
f 2507 2490 2488
f 2507 2508 2490
f 2508 2491 2490
f 2508 2509 2491
f 2509 2481 2491
f 2509 2510 2481
f 2510 2480 2481
f 2510 2511 2480
f 2511 2493 2480
f 2511 2512 2493
f 2512 2494 2493
f 2512 2513 2494
f 2494 2513 2495
f 2513 2395 2495
f 2513 2514 2395
f 2514 2396 2395
f 2514 2515 2396
f 2515 2397 2396
f 2515 2516 2397
f 2516 2398 2397
f 2516 2517 2398
f 2517 2400 2398
f 2517 2518 2400
f 2518 2401 2400
f 2518 2519 2401
f 2519 2403 2401
f 2519 2520 2403
f 2520 2404 2403
f 2520 2521 2404
f 2521 2406 2404
f 2521 2522 2406
f 2522 2408 2406
f 2522 2523 2408
f 2523 2409 2408
f 2523 2524 2409
f 2524 2411 2409
f 2524 2525 2411
f 2525 2413 2411
f 2525 2526 2413
f 2526 2423 2413
f 2526 2527 2423
f 2424 2528 2382
f 2528 2380 2382
f 2528 2379 2380
f 2529 2527 2530
f 2531 2532 2530
f 2532 2529 2530
f 2532 2533 2529
f 2528 2424 2534
f 2424 2535 2534
f 2424 2423 2535
f 2423 2536 2535
f 2423 2527 2536
f 2527 2537 2536
f 2527 2529 2537
f 2529 2538 2537
f 2529 2533 2538
f 2539 2540 2330
f 2540 2541 2330
f 2540 2542 2541
f 2542 2543 2541
f 2542 2505 2543
f 2505 2486 2543
f 2544 2545 2539
f 2545 2540 2539
f 2545 2546 2540
f 2546 2542 2540
f 2546 2504 2542
f 2504 2505 2542
f 2547 2548 2544
f 2548 2545 2544
f 2548 2549 2545
f 2549 2546 2545
f 2549 2497 2546
f 2497 2504 2546
f 2550 2551 2547
f 2551 2548 2547
f 2551 2552 2548
f 2552 2549 2548
f 2552 2496 2549
f 2496 2497 2549
f 2553 2554 2550
f 2554 2551 2550
f 2554 2555 2551
f 2555 2552 2551
f 2555 2503 2552
f 2503 2496 2552
f 2553 2556 2554
f 2557 2559 2558
f 2560 2561 2557
f 2498 2562 2560
f 2557 2561 2559
f 2561 2563 2559
f 2561 2564 2563
f 2564 2565 2563
f 2564 2566 2565
f 2565 2566 2567
f 2566 2568 2567
f 2566 2556 2568
f 2556 2569 2568
f 2556 2553 2569
f 2560 2562 2561
f 2562 2564 2561
f 2562 2570 2564
f 2570 2566 2564
f 2570 2571 2566
f 2571 2556 2566
f 2571 2572 2556
f 2572 2554 2556
f 2572 2555 2554
f 2498 2499 2562
f 2499 2570 2562
f 2499 2500 2570
f 2500 2571 2570
f 2500 2501 2571
f 2501 2572 2571
f 2501 2502 2572
f 2502 2555 2572
f 2502 2503 2555
f 2526 2573 2527
f 2498 2560 2506
f 2560 2574 2506
f 2560 2557 2574
f 2506 2574 2507
f 2574 2508 2507
f 2574 2575 2508
f 2576 2578 2577
f 2578 2579 2577
f 2578 2580 2579
f 2580 2558 2579
f 2580 2557 2558
f 2512 2582 2581
f 2508 2575 2509
f 2575 2510 2509
f 2575 2582 2510
f 2582 2511 2510
f 2582 2512 2511
f 2576 2583 2578
f 2583 2584 2578
f 2583 2585 2584
f 2512 2581 2513
f 2581 2514 2513
f 2581 2586 2514
f 2586 2515 2514
f 2586 2587 2515
f 2588 2590 2589
f 2590 2591 2589
f 2590 2592 2591
f 2592 2593 2591
f 2592 2594 2593
f 2594 2595 2593
f 2594 2585 2595
f 2585 2596 2595
f 2585 2583 2596
f 2515 2587 2516
f 2587 2517 2516
f 2587 2597 2517
f 2597 2518 2517
f 2597 2598 2518
f 2518 2598 2519
f 2598 2520 2519
f 2598 2599 2520
f 2588 2600 2590
f 2600 2601 2590
f 2600 2602 2601
f 2520 2599 2521
f 2599 2522 2521
f 2599 2603 2522
f 2603 2523 2522
f 2603 2604 2523
f 2604 2524 2523
f 2604 2605 2524
f 2557 2580 2574
f 2580 2575 2574
f 2580 2578 2575
f 2578 2582 2575
f 2578 2584 2582
f 2584 2581 2582
f 2584 2585 2581
f 2585 2586 2581
f 2585 2594 2586
f 2594 2587 2586
f 2594 2592 2587
f 2592 2597 2587
f 2592 2590 2597
f 2590 2598 2597
f 2590 2601 2598
f 2601 2599 2598
f 2601 2602 2599
f 2602 2603 2599
f 2602 2606 2603
f 2606 2604 2603
f 2606 2607 2604
f 2607 2605 2604
f 2607 2608 2605
f 2609 2608 2610
f 2608 2611 2610
f 2608 2607 2611
f 2607 2612 2611
f 2607 2606 2612
f 2606 2613 2612
f 2606 2602 2613
f 2602 2614 2613
f 2602 2600 2614
f 2526 2525 2573
f 2615 2616 2609
f 2616 2608 2609
f 2616 2573 2608
f 2573 2605 2608
f 2573 2525 2605
f 2525 2524 2605
f 2617 2618 2615
f 2618 2616 2615
f 2618 2619 2616
f 2619 2573 2616
f 2619 2530 2573
f 2530 2527 2573
f 2617 2620 2618
f 2621 2623 2622
f 2624 2625 2621
f 2537 2626 2624
f 2621 2625 2623
f 2625 2627 2623
f 2625 2628 2627
f 2627 2628 2629
f 2628 2630 2629
f 2628 2631 2630
f 2631 2632 2630
f 2631 2620 2632
f 2620 2633 2632
f 2620 2617 2633
f 2624 2626 2625
f 2626 2628 2625
f 2626 2634 2628
f 2634 2631 2628
f 2634 2635 2631
f 2635 2620 2631
f 2635 2636 2620
f 2636 2618 2620
f 2636 2619 2618
f 2537 2538 2626
f 2538 2634 2626
f 2538 2533 2634
f 2533 2635 2634
f 2533 2532 2635
f 2532 2636 2635
f 2532 2531 2636
f 2531 2619 2636
f 2531 2530 2619
f 2637 2638 2622
f 2638 2621 2622
f 2638 2639 2621
f 2639 2624 2621
f 2639 2536 2624
f 2536 2537 2624
f 2640 2641 2637
f 2641 2638 2637
f 2641 2642 2638
f 2642 2639 2638
f 2642 2535 2639
f 2535 2536 2639
f 2643 2645 2644
f 2646 2647 2643
f 2647 2645 2643
f 2647 2648 2645
f 2648 2649 2645
f 2649 2650 2645
f 2649 2651 2650
f 2528 2650 2379
f 2650 2652 2379
f 2650 2651 2652
f 2534 2653 2528
f 2653 2650 2528
f 2653 2654 2650
f 2654 2645 2650
f 2654 2655 2645
f 2655 2644 2645
f 2535 2642 2534
f 2642 2653 2534
f 2642 2641 2653
f 2641 2654 2653
f 2641 2640 2654
f 2640 2655 2654
f 2656 2361 2657
f 2361 2378 2657
f 2379 2652 2378
f 2652 2657 2378
f 2652 2651 2657
f 2651 2658 2657
f 2651 2649 2658
f 2649 2648 2658
f 2658 2648 2659
f 2648 2660 2659
f 2648 2647 2660
f 2647 2661 2660
f 2647 2646 2661
f 2656 2657 2662
f 2657 2663 2662
f 2657 2658 2663
f 2658 2664 2663
f 2658 2659 2664
f 2350 2665 2349
f 2666 2668 2667
f 2355 2669 2353
f 2361 2656 2360
f 2656 2670 2360
f 2656 2662 2670
f 2671 2670 2664
f 2670 2663 2664
f 2670 2662 2663
f 2672 2646 2673
f 2646 2672 2661
f 2672 2660 2661
f 2672 2671 2660
f 2671 2659 2660
f 2671 2664 2659
f 2667 2668 2673
f 2668 2672 2673
f 2668 2674 2672
f 2674 2671 2672
f 2674 2675 2671
f 2675 2670 2671
f 2675 2358 2670
f 2358 2360 2670
f 2676 2677 2666
f 2677 2668 2666
f 2677 2678 2668
f 2678 2674 2668
f 2678 2669 2674
f 2669 2675 2674
f 2669 2355 2675
f 2355 2358 2675
f 2679 2680 2676
f 2680 2677 2676
f 2680 2681 2677
f 2681 2678 2677
f 2681 2682 2678
f 2682 2669 2678
f 2682 2351 2669
f 2351 2353 2669
f 2683 2684 2679
f 2684 2680 2679
f 2684 2685 2680
f 2685 2681 2680
f 2685 2665 2681
f 2665 2682 2681
f 2665 2350 2682
f 2350 2351 2682
f 2665 2336 2349
f 2685 2686 2665
f 2684 2687 2685
f 2683 2688 2684
f 2665 2686 2336
f 2686 2335 2336
f 2686 2689 2335
f 2689 2339 2335
f 2689 2690 2339
f 2339 2690 2341
f 2690 2345 2341
f 2690 2343 2345
f 2348 2343 2691
f 2343 2692 2691
f 2343 2690 2692
f 2348 2691 2347
f 2691 2346 2347
f 2691 2693 2346
f 2693 2372 2346
f 2693 2694 2372
f 2685 2687 2686
f 2687 2689 2686
f 2687 2695 2689
f 2695 2690 2689
f 2695 2696 2690
f 2696 2692 2690
f 2696 2697 2692
f 2697 2691 2692
f 2697 2698 2691
f 2698 2693 2691
f 2698 2699 2693
f 2699 2694 2693
f 2699 2700 2694
f 2684 2688 2687
f 2688 2695 2687
f 2688 2701 2695
f 2701 2696 2695
f 2701 2702 2696
f 2702 2697 2696
f 2702 2703 2697
f 2703 2698 2697
f 2703 2704 2698
f 2704 2699 2698
f 2704 2705 2699
f 2705 2700 2699
f 2705 2706 2700
f 2683 2707 2688
f 2707 2701 2688
f 2707 2708 2701
f 2708 2702 2701
f 2708 2709 2702
f 2709 2703 2702
f 2709 2710 2703
f 2710 2704 2703
f 2710 2711 2704
f 2711 2705 2704
f 2711 2712 2705
f 2712 2706 2705
f 2712 2713 2706
f 2714 2716 2715
f 1111 2718 2717
f 2718 2719 2717
f 2718 2720 2719
f 2715 2716 2721
f 2716 2722 2721
f 2716 2719 2722
f 2719 2723 2722
f 2719 2720 2723
f 2724 2726 2725
f 2726 2727 2725
f 2727 2726 2728
f 2726 2729 2728
f 2726 2716 2729
f 2716 2730 2729
f 2716 2714 2730
f 2372 2694 2724
f 2694 2726 2724
f 2694 2700 2726
f 2700 2716 2726
f 2700 2706 2716
f 2706 2719 2716
f 2706 2713 2719
f 2713 2717 2719
f 2717 1095 1111
f 2683 1095 2707
f 1095 2708 2707
f 2708 1095 2709
f 1095 2710 2709
f 1095 2711 2710
f 2711 1095 2712
f 1095 2713 2712
f 1095 2717 2713
f 1103 2640 1093
f 2683 2679 1095
f 2679 1094 1095
f 2679 2676 1094
f 1097 1098 2673
f 1098 2667 2673
f 1098 1094 2667
f 1094 2666 2667
f 1094 2676 2666
f 2644 1097 2643
f 1097 2646 2643
f 1097 2673 2646
f 1103 1097 2640
f 1097 2655 2640
f 1097 2644 2655
f 1093 2731 1057
f 2731 1093 2622
f 1093 2637 2622
f 1093 2640 2637
f 1070 2732 1087
f 2629 2733 2627
f 2733 2731 2627
f 2731 2623 2627
f 2731 2622 2623
f 2732 2617 2734
f 2617 2732 2633
f 2732 2632 2633
f 2732 2733 2632
f 2733 2630 2632
f 2733 2629 2630
f 1032 1089 2734
f 1089 2732 2734
f 1089 1088 2732
f 1088 1087 2732
f 1063 2733 1064
f 2733 1066 1064
f 2733 2732 1066
f 2732 1068 1066
f 2732 1070 1068
f 2731 1059 1057
f 2731 2733 1059
f 2733 1061 1059
f 2733 1063 1061
f 2734 1034 1032
f 2617 2615 2734
f 2615 2609 2734
f 2734 2609 1034
f 2609 1035 1034
f 2609 2610 1035
f 2610 1030 1035
f 2610 2611 1030
f 2611 2612 1030
f 2612 1028 1030
f 2612 2613 1028
f 2613 2614 1028
f 2614 1027 1028
f 2614 2600 1027
f 2600 1025 1027
f 2600 2588 1025
f 2588 2589 1025
f 2589 1023 1025
f 2589 2591 1023
f 1018 1020 2583
f 1020 2596 2583
f 1020 1022 2596
f 1022 2595 2596
f 1022 1023 2595
f 1023 2593 2595
f 1023 2591 2593
f 1017 1018 2577
f 1018 2576 2577
f 1018 2583 2576
f 1017 2577 983
f 2577 2735 983
f 2577 2579 2735
f 2579 2558 2735
f 996 2736 1013
f 2737 2563 2565
f 2737 2735 2563
f 2735 2559 2563
f 2735 2558 2559
f 2565 2567 2737
f 2567 2736 2737
f 2567 2568 2736
f 2568 2569 2736
f 2569 2738 2736
f 2569 2553 2738
f 977 1015 2738
f 1015 2736 2738
f 1015 1014 2736
f 1014 1013 2736
f 989 2737 990
f 2737 992 990
f 2737 2736 992
f 2736 994 992
f 2736 996 994
f 2735 985 983
f 2735 2737 985
f 2737 987 985
f 2737 989 987
f 2738 966 977
f 2553 2550 2738
f 2550 966 2738
f 2550 2547 966
f 2547 2544 966
f 2544 965 966
f 2544 2539 965
f 2539 2330 965
f 2330 2322 965
f 2322 971 965
f 2322 2323 971
f 2323 2334 971
f 2334 964 971
f 2334 2321 964
f 2321 2320 964
f 2320 963 964
f 2320 2319 963
f 2319 2739 963
f 2319 2318 2739
f 2318 2317 2739
f 2317 2740 2739
f 2317 2316 2740
f 2316 2315 2740
f 2315 2741 2740
f 2315 2314 2741
f 1137 2236 2228
f 2314 2313 2741
f 2313 1135 2741
f 2313 2312 1135
f 2307 1137 2308
f 2307 2306 1137
f 2308 1137 2309
f 1137 2310 2309
f 1137 1135 2310
f 1135 2311 2310
f 1135 2312 2311
f 2236 1137 2304
f 1137 2305 2304
f 1137 2306 2305
f 2742 2744 2743
f 2745 2747 2746
f 2748 2749 1134
f 2749 1139 1134
f 2749 2750 1139
f 2750 1136 1139
f 2750 2741 1136
f 2741 1135 1136
f 2746 2747 2748
f 2747 2749 2748
f 2747 2751 2749
f 2751 2750 2749
f 2751 2740 2750
f 2740 2741 2750
f 2743 2744 2745
f 2744 2747 2745
f 2744 2752 2747
f 2752 2751 2747
f 2752 2739 2751
f 2739 2740 2751
f 958 959 2742
f 959 2744 2742
f 959 961 2744
f 961 2752 2744
f 961 963 2752
f 963 2739 2752
f 958 2754 2753
f 2755 2754 2743
f 2754 2742 2743
f 2754 958 2742
f 1134 1128 2748
f 1128 2746 2748
f 1128 2755 2746
f 2755 2745 2746
f 2755 2743 2745
f 1125 2756 1126
f 1126 2756 1128
f 2756 2755 1128
f 2756 2757 2755
f 2757 2754 2755
f 2757 2758 2754
f 2758 2753 2754
f 1123 2759 1125
f 2759 2756 1125
f 2759 2760 2756
f 2760 2757 2756
f 2760 2761 2757
f 2761 2758 2757
f 1113 2762 1123
f 2762 2759 1123
f 2762 2763 2759
f 2763 2760 2759
f 2763 2764 2760
f 2764 2761 2760
f 2765 2767 2766
f 2768 1116 1115
f 2769 2771 2770
f 2772 2774 2773
f 2763 2775 2764
f 2762 2776 2763
f 1113 2777 2762
f 1113 1114 2777
f 1114 2778 2777
f 1114 1120 2778
f 2763 2776 2775
f 2776 2779 2775
f 2776 2780 2779
f 2780 2772 2779
f 2780 2769 2772
f 2769 2774 2772
f 2769 2770 2774
f 2762 2777 2776
f 2777 2780 2776
f 2777 2778 2780
f 2778 2769 2780
f 2778 2767 2769
f 2767 2771 2769
f 2767 2765 2771
f 2766 2767 2768
f 2767 1116 2768
f 2767 2778 1116
f 2778 1118 1116
f 2778 1120 1118
f 2758 2761 1481
f 2761 1483 1481
f 2761 1485 1483
f 1487 2772 451
f 2772 2773 451
f 1465 2781 1467
f 2772 1487 2779
f 1487 2775 2779
f 1487 1485 2775
f 1485 2764 2775
f 1485 2761 2764
f 1007 2758 1005
f 2758 1003 1005
f 2758 1001 1003
f 2781 2782 1467
f 2782 1469 1467
f 2782 2783 1469
f 1471 1469 1108
f 1469 2784 1108
f 2785 2786 466
f 2786 1465 466
f 2786 2787 1465
f 2787 2781 1465
f 2784 1469 2788
f 1469 2789 2788
f 1469 2783 2789
f 1081 1471 1079
f 1471 1077 1079
f 1471 1075 1077
f 1477 1475 1047
f 1475 1046 1047
f 1475 1473 1046
f 1007 1009 2758
f 1009 2753 2758
f 1009 974 2753
f 2753 957 958
f 1001 2758 999
f 2758 997 999
f 2758 1481 997
f 1481 980 997
f 1481 979 980
f 1046 1473 1045
f 1473 1044 1045
f 1473 1471 1044
f 1471 1083 1044
f 1471 1081 1083
f 1075 1471 1073
f 1471 1071 1073
f 1471 1108 1071
f 1108 1054 1071
f 957 2753 968
f 2753 972 968
f 2753 974 972
f 979 1481 1051
f 1481 1050 1051
f 1481 1479 1050
f 1479 1049 1050
f 1479 1477 1049
f 1477 1048 1049
f 1477 1047 1048
f 1054 1108 1053
f 1108 1090 1053
f 1108 1106 1090
f 1106 1100 1090
f 1106 1104 1100
f 1108 2790 1109
f 2791 2721 2722
f 2792 2794 2793
f 2795 2784 2788
f 2796 2798 2797
f 2798 2799 2797
f 2798 2800 2799
f 2730 2802 2801
f 2801 2803 2730
f 2803 2729 2730
f 2803 2804 2729
f 2729 2804 2728
f 2804 2727 2728
f 2804 2805 2727
f 2725 2727 2806
f 2727 2807 2806
f 2727 2805 2807
f 2792 2800 2808
f 2800 2791 2808
f 2800 2798 2791
f 2798 2721 2791
f 2798 2796 2721
f 2796 2715 2721
f 2796 2802 2715
f 2802 2714 2715
f 2802 2730 2714
f 2793 2794 2809
f 2794 2795 2809
f 2794 2790 2795
f 2790 2784 2795
f 2790 1108 2784
f 2792 2808 2794
f 2808 2790 2794
f 2808 2810 2790
f 2810 1109 2790
f 2810 1110 1109
f 2722 2723 2791
f 2723 2808 2791
f 2723 2720 2808
f 2720 2810 2808
f 2720 2718 2810
f 2718 1110 2810
f 2718 1111 1110
f 2795 2811 2809
f 2812 2814 2813
f 2793 2815 2792
f 2725 2806 2816
f 2806 2817 2816
f 2806 2807 2817
f 2807 2805 2817
f 2805 2818 2817
f 2805 2804 2818
f 2796 2819 2802
f 2819 2801 2802
f 2819 2818 2801
f 2818 2803 2801
f 2818 2804 2803
f 2820 2822 2821
f 2822 2823 2821
f 2822 2824 2823
f 2824 2825 2823
f 2824 2826 2825
f 2826 2827 2825
f 2826 2828 2827
f 2828 2829 2827
f 2828 2830 2829
f 2830 2725 2829
f 2725 2816 2829
f 2816 2827 2829
f 2816 2817 2827
f 2817 2825 2827
f 2817 2818 2825
f 2818 2823 2825
f 2818 2819 2823
f 2819 2821 2823
f 2819 2815 2821
f 2792 2815 2800
f 2815 2799 2800
f 2815 2819 2799
f 2819 2797 2799
f 2819 2796 2797
f 2809 2811 2793
f 2811 2815 2793
f 2811 2831 2815
f 2831 2821 2815
f 2831 2832 2821
f 2832 2820 2821
f 2788 2833 2795
f 2833 2811 2795
f 2833 2814 2811
f 2814 2831 2811
f 2814 2812 2831
f 2812 2832 2831
f 2834 2836 2835
f 2837 2786 2785
f 2838 2840 2839
f 2840 2841 2839
f 2834 2842 2836
f 2833 2843 2814
f 2788 2844 2833
f 2845 2847 2846
f 2847 2848 2846
f 2847 2849 2848
f 2849 2843 2848
f 2849 2850 2843
f 2850 2814 2843
f 2850 2813 2814
f 2851 2836 2852
f 2836 2853 2852
f 2836 2842 2853
f 2845 2846 2854
f 2846 2855 2854
f 2846 2856 2855
f 2856 2857 2855
f 2856 2851 2857
f 2851 2858 2857
f 2851 2852 2858
f 2833 2844 2843
f 2844 2848 2843
f 2844 2859 2848
f 2859 2846 2848
f 2859 2860 2846
f 2860 2856 2846
f 2860 2861 2856
f 2861 2851 2856
f 2861 2862 2851
f 2862 2836 2851
f 2862 2839 2836
f 2839 2835 2836
f 2839 2841 2835
f 2788 2789 2844
f 2789 2859 2844
f 2789 2783 2859
f 2783 2860 2859
f 2783 2782 2860
f 2782 2861 2860
f 2782 2781 2861
f 2781 2862 2861
f 2781 2787 2862
f 2787 2839 2862
f 2787 2786 2839
f 2786 2838 2839
f 2786 2837 2838
f 2863 2374 2864
f 2377 2376 2865
f 2376 2863 2865
f 2376 2375 2863
f 2375 2374 2863
f 2866 2867 2812
f 2867 2832 2812
f 2867 2864 2832
f 2864 2820 2832
f 2864 2822 2820
f 2822 2864 2824
f 2864 2826 2824
f 2864 2828 2826
f 2828 2864 2830
f 2864 2725 2830
f 2864 2374 2725
f 2374 2724 2725
f 2374 2373 2724
f 2373 2372 2724
f 2868 2869 2849
f 2869 2850 2849
f 2869 2866 2850
f 2866 2813 2850
f 2866 2812 2813
f 2870 2871 2855
f 2871 2854 2855
f 2871 2872 2854
f 2872 2845 2854
f 2872 2868 2845
f 2868 2847 2845
f 2868 2849 2847
f 2873 2842 245
f 2842 2873 2853
f 2873 2852 2853
f 2873 2874 2852
f 2874 2858 2852
f 2874 2870 2858
f 2870 2857 2858
f 2870 2855 2857
f 2875 2877 2876
f 2877 2878 2876
f 2877 2879 2878
f 2879 2880 2878
f 2879 2881 2880
f 2875 2882 2877
f 2882 2883 2877
f 2882 2884 2883
f 2885 2887 2886
f 2885 2883 2887
f 2883 2888 2887
f 2883 2884 2888
f 2889 2891 2890
f 2889 2885 2891
f 2885 2892 2891
f 2885 2886 2892
f 2885 2894 2893
f 2885 2889 2894
f 2889 2895 2894
f 2889 2896 2895
f 2897 2883 2898
f 2883 2899 2898
f 2883 2885 2899
f 2885 2900 2899
f 2885 2893 2900
f 2897 2901 2883
f 2901 2877 2883
f 2901 2902 2877
f 2903 2879 2904
f 2879 2905 2904
f 2879 2877 2905
f 2877 2906 2905
f 2877 2902 2906
f 2907 2904 2908
f 2909 2911 2910
f 2904 2907 2903
f 2907 2912 2903
f 2907 2913 2912
f 2913 2914 2912
f 2913 2915 2914
f 2915 2916 2914
f 2915 2917 2916
f 2917 2909 2916
f 2917 2918 2909
f 2918 2911 2909
f 2914 2865 2912
f 2919 2921 2920
f 2921 2377 2920
f 2377 2865 2920
f 2865 2922 2920
f 2865 2923 2922
f 2910 2865 2909
f 2865 2916 2909
f 2865 2914 2916
f 2912 2865 2903
f 2865 2879 2903
f 2865 2881 2879
f 2924 2865 2925
f 2865 2926 2925
f 2865 2910 2926
f 2923 2865 2927
f 2865 2928 2927
f 2865 2924 2928
f 2919 2929 2921
f 2929 2930 2921
f 2921 2930 2377
f 2930 2371 2377
f 2930 2931 2371
f 2931 2932 2371
f 2368 2934 2933
f 2368 2371 2934
f 2371 2935 2934
f 2371 2932 2935
f 2936 2363 2937
f 2363 2938 2937
f 2363 2368 2938
f 2368 2939 2938
f 2368 2933 2939
f 2936 2940 2363
f 2940 2362 2363
f 2940 2941 2362
f 2942 2944 2943
f 2945 2947 2946
f 2948 2950 2949
f 2951 1297 2458
f 1315 2952 1214
f 1312 2953 1236
f 2954 2956 2955
f 2956 2958 2957
f 2959 2961 2960
f 2961 2962 2960
f 2963 2965 2964
f 2966 2968 2967
f 2969 2971 2970
f 2972 2974 2973
f 2352 2975 2354
f 2479 2976 2478
f 2977 2889 2890
f 2978 2979 2977
f 2979 2889 2977
f 2979 2896 2889
f 2978 2977 2980
f 2977 2981 2980
f 2977 2982 2981
f 2479 2452 2976
f 2385 2983 2388
f 2983 2452 2388
f 2356 2354 2421
f 2354 2420 2421
f 2354 2975 2420
f 2975 2419 2420
f 2975 2418 2419
f 2984 2416 2417
f 2416 2984 2415
f 2984 2414 2415
f 2984 2394 2414
f 2352 2366 2975
f 2366 2985 2975
f 2366 2364 2985
f 2986 2985 2987
f 2986 2988 2985
f 2987 2985 2989
f 2985 2990 2989
f 2985 2364 2990
f 2364 2991 2990
f 2364 2362 2991
f 2362 2941 2991
f 2992 2994 2993
f 2968 2995 2967
f 2967 2995 2996
f 2995 2997 2996
f 2995 2971 2997
f 2971 2998 2997
f 2971 2969 2998
f 2999 3001 3000
f 2965 2999 2964
f 2999 3002 2964
f 2999 3000 3002
f 2963 3003 2965
f 3003 3004 2965
f 3003 3005 3004
f 3006 3008 3007
f 3008 3006 3009
f 3006 3010 3009
f 3006 3004 3010
f 3004 3011 3010
f 3004 3005 3011
f 3012 3014 3013
f 2982 2977 3015
f 2977 3016 3015
f 2977 3017 3016
f 3017 3018 3016
f 3017 3014 3018
f 3014 3019 3018
f 3014 3012 3019
f 3013 3014 3020
f 3014 3021 3020
f 3014 3007 3021
f 3007 3022 3021
f 3007 3008 3022
f 2993 2994 2988
f 2994 2985 2988
f 2994 3023 2985
f 3023 2975 2985
f 3023 2984 2975
f 2984 2418 2975
f 2984 2417 2418
f 3024 3026 3025
f 3027 3029 3028
f 3029 3030 3028
f 3029 2974 3030
f 2974 2971 3030
f 2974 2972 2971
f 2972 2970 2971
f 2973 2974 2992
f 2974 2994 2992
f 2974 3029 2994
f 3029 3023 2994
f 3029 3027 3023
f 3027 2984 3023
f 3027 2983 2984
f 2983 2394 2984
f 2983 2385 2394
f 3031 3033 3032
f 2958 3034 2957
f 3034 3035 2957
f 3034 3036 3035
f 3036 3037 3035
f 3036 3038 3037
f 3038 3039 3037
f 3038 3040 3039
f 3040 3041 3039
f 3040 3042 3041
f 3042 3043 3041
f 3042 3044 3043
f 3025 3026 2962
f 3026 2960 2962
f 3026 3045 2960
f 3045 2959 2960
f 3045 3046 2959
f 3039 3041 3047
f 3041 3046 3047
f 3041 3043 3046
f 3043 2959 3046
f 3043 3044 2959
f 3044 2961 2959
f 3028 3030 3024
f 3030 3026 3024
f 3030 2971 3026
f 2971 3045 3026
f 2971 2995 3045
f 2995 3046 3045
f 2995 2968 3046
f 2968 3047 3046
f 2955 2956 3017
f 2956 3014 3017
f 2956 2957 3014
f 2957 3007 3014
f 2957 3035 3007
f 3035 3006 3007
f 3035 3037 3006
f 3037 3004 3006
f 3037 3039 3004
f 3039 2965 3004
f 3039 3047 2965
f 3047 2999 2965
f 3047 2968 2999
f 2968 3001 2999
f 2968 2966 3001
f 2452 2983 2976
f 2983 3048 2976
f 2983 3027 3048
f 3027 3049 3048
f 3027 3028 3049
f 3028 3050 3049
f 3028 3024 3050
f 3024 3051 3050
f 3024 3025 3051
f 3025 3052 3051
f 3025 2962 3052
f 2962 3053 3052
f 2962 2961 3053
f 2961 3054 3053
f 2961 3044 3054
f 3044 3055 3054
f 3044 3042 3055
f 3042 3056 3055
f 3042 3040 3056
f 3040 3057 3056
f 3040 3038 3057
f 3038 3058 3057
f 3038 3036 3058
f 3036 3059 3058
f 3036 3034 3059
f 3034 3033 3059
f 3034 2958 3033
f 2958 3032 3033
f 2958 2956 3032
f 2956 3031 3032
f 2956 2954 3031
f 3060 2952 2953
f 2952 1236 2953
f 2952 1315 1236
f 3061 3063 3062
f 3064 3060 3065
f 3060 3066 3065
f 3060 2953 3066
f 2953 3067 3066
f 2953 1312 3067
f 3064 3068 3060
f 3068 2952 3060
f 3068 3069 2952
f 3069 1214 2952
f 3069 1222 1214
f 1241 1239 3070
f 1239 3069 3070
f 1239 1224 3069
f 1224 1222 3069
f 3071 1265 1241
f 3072 3073 1220
f 3073 1218 1220
f 3073 1216 1218
f 1241 3070 3071
f 3070 3074 3071
f 3070 3069 3074
f 3069 3075 3074
f 3069 3068 3075
f 3068 3076 3075
f 3068 3064 3076
f 3073 3072 3077
f 3072 3078 3077
f 3072 3079 3078
f 3079 3080 3078
f 3077 3078 3081
f 3078 3082 3081
f 3078 3080 3082
f 3080 3083 3082
f 3080 3084 3083
f 1294 3085 1253
f 3085 1255 1253
f 3085 3086 1255
f 1299 2950 1301
f 2950 3087 1301
f 2950 2948 3087
f 2458 2460 2951
f 1255 3086 1257
f 3086 1259 1257
f 3086 3088 1259
f 3088 1262 1259
f 3088 3089 1262
f 1262 3089 1264
f 3089 1306 1264
f 3089 3090 1306
f 3090 1308 1306
f 3090 1310 1308
f 3065 3066 3061
f 3066 3063 3061
f 3066 3067 3063
f 3067 3091 3063
f 3067 3092 3091
f 3092 3093 3091
f 3092 3094 3093
f 3094 3095 3093
f 3094 3096 3095
f 3096 3097 3095
f 3096 3098 3097
f 3098 3099 3097
f 3098 3100 3099
f 3100 3098 3085
f 3098 3086 3085
f 3098 3096 3086
f 3096 3088 3086
f 3096 3094 3088
f 3094 3089 3088
f 3094 3092 3089
f 3092 3090 3089
f 3092 3067 3090
f 3067 1310 3090
f 3067 1312 1310
f 2477 3101 2457
f 3101 3102 2457
f 3101 3103 3102
f 2457 3102 2456
f 3102 2454 2456
f 3102 3104 2454
f 3104 2453 2454
f 3104 2951 2453
f 2951 2461 2453
f 2951 2460 2461
f 1297 2951 1299
f 2951 2950 1299
f 2951 3104 2950
f 3104 2949 2950
f 3104 3102 2949
f 3102 2945 2949
f 3102 3103 2945
f 3103 2947 2945
f 2942 3105 2944
f 3105 3106 2944
f 3105 3107 3106
f 3107 3108 3106
f 3107 3109 3108
f 2946 2947 2943
f 2947 2942 2943
f 2947 3110 2942
f 3110 3105 2942
f 3110 3111 3105
f 3111 3107 3105
f 3112 3109 3113
f 3109 3114 3113
f 3109 3107 3114
f 3107 3115 3114
f 3107 3111 3115
f 1301 3087 1292
f 3087 1294 1292
f 3087 2948 1294
f 2948 3085 1294
f 2948 2949 3085
f 2949 3100 3085
f 2949 2945 3100
f 2945 3099 3100
f 2945 2946 3099
f 2946 3097 3099
f 2946 2943 3097
f 2943 3095 3097
f 2943 2944 3095
f 2944 3093 3095
f 2944 3106 3093
f 3106 3091 3093
f 3106 3108 3091
f 3108 3063 3091
f 3108 3109 3063
f 3109 3062 3063
f 3109 3112 3062
f 3083 3084 3116
f 3084 3117 3116
f 3084 3033 3117
f 3033 3118 3117
f 3033 3031 3118
f 2478 2976 2477
f 2976 3101 2477
f 2976 3048 3101
f 3048 3103 3101
f 3048 3049 3103
f 3049 2947 3103
f 3049 3050 2947
f 3050 3110 2947
f 3050 3051 3110
f 3051 3111 3110
f 3051 3052 3111
f 3052 3115 3111
f 3052 3053 3115
f 3053 3114 3115
f 3053 3054 3114
f 3054 3113 3114
f 3054 3055 3113
f 3055 3112 3113
f 3055 3056 3112
f 3056 3062 3112
f 3056 3057 3062
f 3057 3061 3062
f 3057 3058 3061
f 3058 3065 3061
f 3058 3059 3065
f 3059 3064 3065
f 3059 3033 3064
f 3033 3076 3064
f 3033 3084 3076
f 3084 3075 3076
f 3084 3080 3075
f 3080 3074 3075
f 3080 3079 3074
f 3079 3071 3074
f 3079 3072 3071
f 3072 1265 3071
f 3072 1220 1265
f 3119 2979 3120
f 2979 3121 3120
f 2979 2978 3121
f 3121 2978 3122
f 2978 3123 3122
f 2978 3124 3123
f 2982 3124 2981
f 3124 2980 2981
f 3124 2978 2980
f 2982 3015 3124
f 3015 3125 3124
f 3015 3016 3125
f 3126 3018 3019
f 3020 3126 3013
f 3126 3012 3013
f 3126 3019 3012
f 3020 3021 3126
f 3021 3127 3126
f 3021 3022 3127
f 3128 3125 3129
f 3125 3126 3129
f 3125 3016 3126
f 3016 3018 3126
f 3130 3131 3127
f 3131 3126 3127
f 3131 3132 3126
f 3132 3129 3126
f 3123 3124 3133
f 3124 3134 3133
f 3124 3125 3134
f 3125 3135 3134
f 3125 3128 3135
f 1415 1464 3136
f 1464 3137 3136
f 3137 3138 3136
f 3138 3139 3136
f 3138 3140 3139
f 3140 3141 3139
f 3140 3142 3141
f 3142 3143 3141
f 3142 3144 3143
f 3143 3144 3145
f 3144 3146 3145
f 3144 3147 3146
f 3147 3148 3146
f 3147 3149 3148
f 3149 3150 3148
f 3150 3151 3148
f 3150 3152 3151
f 3152 3153 3151
f 3152 3154 3153
f 3154 3155 3153
f 3154 3156 3155
f 3156 3157 3155
f 3156 3158 3157
f 3157 3158 3159
f 3158 3160 3159
f 3158 3161 3160
f 3161 3162 3160
f 3161 3163 3162
f 3163 3164 3162
f 3163 3165 3164
f 3165 3166 3164
f 3165 3167 3166
f 3167 3168 3166
f 3167 3169 3168
f 3169 3170 3168
f 3169 3171 3170
f 3171 3172 3170
f 3171 3173 3172
f 3173 3174 3172
f 3173 3175 3174
f 3175 3176 3174
f 3175 3177 3176
f 3177 3178 3176
f 3177 3179 3178
f 3179 3180 3178
f 3180 3181 3178
f 3180 3182 3181
f 3182 3183 3181
f 3182 3184 3183
f 3184 3185 3183
f 3184 3186 3185
f 3186 3187 3185
f 3186 3188 3187
f 3187 3188 3189
f 3188 3190 3189
f 3188 3191 3190
f 3191 3192 3190
f 3193 3195 3194
f 3195 3196 3194
f 3195 3197 3196
f 3197 3198 3196
f 3197 3192 3198
f 3192 3199 3198
f 3192 3191 3199
f 3193 3194 3200
f 3194 3201 3200
f 3194 3202 3201
f 3203 3205 3204
f 3205 3206 3204
f 3206 3207 3204
f 3207 3208 3204
f 3207 3209 3208
f 3209 3210 3208
f 3209 3211 3210
f 3211 3212 3210
f 3211 3213 3212
f 3213 3214 3212
f 3213 3215 3214
f 3215 1211 3214
f 3215 1210 1211
f 3203 3216 3205
f 3216 3217 3205
f 3216 3218 3217
f 3218 3219 3217
f 3218 3220 3219
f 3220 3221 3219
f 3220 3222 3221
f 3222 3223 3221
f 3222 3224 3223
f 3223 3224 3225
f 3224 3226 3225
f 3224 3227 3226
f 3227 3228 3226
f 3227 3229 3228
f 3229 3230 3228
f 3229 3231 3230
f 3231 3232 3230
f 3232 3233 3230
f 3232 3234 3233
f 3234 3235 3233
f 3234 3236 3235
f 3236 3237 3235
f 3236 3238 3237
f 3238 3239 3237
f 3238 3240 3239
f 3239 3240 3241
f 3240 3242 3241
f 3240 3243 3242
f 3243 3244 3242
f 3243 3245 3244
f 3245 3246 3244
f 3246 3247 3244
f 3246 3248 3247
f 3248 3249 3247
f 3248 3250 3249
f 3250 3251 3249
f 3250 3252 3251
f 3252 3253 3251
f 3252 3254 3253
f 3255 3201 3202
f 3253 3254 3256
f 3254 3257 3256
f 3254 3258 3257
f 3258 3259 3257
f 3258 3260 3259
f 3260 3261 3259
f 3260 3262 3261
f 3262 3263 3261
f 3262 3264 3263
f 3264 3265 3263
f 3264 3266 3265
f 3266 3255 3265
f 3266 3267 3255
f 3267 3201 3255
f 3267 3200 3201
f 3268 3270 3269
f 3270 3271 3269
f 3271 3272 3269
f 3271 3273 3272
f 3273 3274 3272
f 3273 3275 3274
f 3275 3276 3274
f 3275 3277 3276
f 3277 3278 3276
f 3277 3279 3278
f 3279 3280 3278
f 3279 3281 3280
f 3268 3282 3270
f 3282 3283 3270
f 3282 3284 3283
f 3284 3285 3283
f 3284 3286 3285
f 3286 3287 3285
f 3286 3288 3287
f 3288 3289 3287
f 3288 3290 3289
f 3289 3290 3291
f 3290 3292 3291
f 3290 3293 3292
f 3293 3294 3292
f 3293 3295 3294
f 3295 3296 3294
f 3295 3297 3296
f 3297 3298 3296
f 3298 3299 3296
f 3298 3300 3299
f 3300 3301 3299
f 3300 3302 3301
f 3302 3303 3301
f 3302 3304 3303
f 3304 3305 3303
f 3304 3306 3305
f 3307 3309 3308
f 3309 3306 3308
f 3309 3310 3306
f 3310 3305 3306
f 3311 3313 3312
f 3313 3314 3312
f 3311 3315 3313
f 3315 3316 3313
f 3315 3317 3316
f 3317 3318 3316
f 3317 3319 3318
f 3319 3320 3318
f 3319 3321 3320
f 3321 3322 3320
f 3321 3323 3322
f 3323 3324 3322
f 3323 3307 3324
f 3307 3325 3324
f 3307 3308 3325
f 3314 3326 3312
f 3326 3327 3312
f 3326 3328 3327
f 3328 3329 3327
f 3328 3330 3329
f 3330 3331 3329
f 3330 3332 3331
f 3332 3333 3331
f 3332 3334 3333
f 3334 1215 3333
f 3334 1339 1215
f 1339 3334 1211
f 3334 3214 1211
f 3334 3332 3214
f 3332 3212 3214
f 3332 3330 3212
f 3330 3210 3212
f 3330 3328 3210
f 3328 3208 3210
f 3328 3326 3208
f 3326 3204 3208
f 3326 3314 3204
f 3314 3203 3204
f 3314 3313 3203
f 3313 3216 3203
f 3313 3316 3216
f 3316 3218 3216
f 3316 3318 3218
f 3318 3220 3218
f 3318 3320 3220
f 3320 3222 3220
f 3320 3322 3222
f 3322 3324 3222
f 3324 3224 3222
f 3324 3227 3224
f 3300 3236 3302
f 3236 3234 3302
f 3306 3232 3231
f 3297 3240 3298
f 3231 3229 3306
f 3229 3308 3306
f 3229 3227 3308
f 3227 3325 3308
f 3227 3324 3325
f 3300 3298 3236
f 3298 3238 3236
f 3298 3240 3238
f 3335 3192 3336
f 3192 3337 3336
f 3192 3197 3337
f 3197 3338 3337
f 3197 3195 3338
f 3195 3339 3338
f 3195 3193 3339
f 3193 3340 3339
f 3193 3200 3340
f 3200 3280 3340
f 3200 3267 3280
f 3267 3278 3280
f 3267 3266 3278
f 3266 3276 3278
f 3266 3264 3276
f 3264 3274 3276
f 3264 3262 3274
f 3262 3272 3274
f 3262 3260 3272
f 3260 3269 3272
f 3260 3258 3269
f 3192 3335 3190
f 3335 3189 3190
f 3335 3341 3189
f 3341 3187 3189
f 3341 3342 3187
f 3342 3185 3187
f 3342 3343 3185
f 3343 3183 3185
f 3343 3344 3183
f 3344 3181 3183
f 3344 3345 3181
f 3345 3178 3181
f 3345 3346 3178
f 3346 3176 3178
f 3346 3347 3176
f 3347 3348 3176
f 3234 3232 3302
f 3232 3304 3302
f 3232 3306 3304
f 3293 3290 3246
f 3290 3248 3246
f 3290 3288 3248
f 3288 3250 3248
f 3288 3286 3250
f 3286 3252 3250
f 3286 3284 3252
f 3284 3254 3252
f 3284 3282 3254
f 3282 3258 3254
f 3282 3268 3258
f 3268 3269 3258
f 3176 3348 3174
f 3348 3172 3174
f 3348 3349 3172
f 3349 3170 3172
f 3349 3350 3170
f 3350 3168 3170
f 3350 3351 3168
f 3351 3166 3168
f 3351 3352 3166
f 3352 3164 3166
f 3352 3353 3164
f 3353 3162 3164
f 3353 3354 3162
f 3354 3355 3162
f 1415 3136 1365
f 3136 3356 1365
f 3136 3139 3356
f 3139 3357 3356
f 3139 3141 3357
f 3141 3358 3357
f 3141 3143 3358
f 3143 3359 3358
f 3143 3145 3359
f 3145 3360 3359
f 3145 3146 3360
f 3146 3361 3360
f 3146 3148 3361
f 3148 3362 3361
f 3148 3151 3362
f 3151 3363 3362
f 3151 3153 3363
f 3153 3364 3363
f 3153 3155 3364
f 3155 3365 3364
f 3155 3157 3365
f 3157 3366 3365
f 3157 3159 3366
f 3159 3355 3366
f 3159 3160 3355
f 3160 3162 3355
f 3297 3295 3240
f 3295 3243 3240
f 3295 3293 3243
f 3293 3245 3243
f 3293 3246 3245
f 3367 3360 3368
f 3281 3369 3280
f 3369 3340 3280
f 3369 3370 3340
f 3370 3339 3340
f 3370 3371 3339
f 3371 3338 3339
f 3371 3372 3338
f 3338 3372 3337
f 3372 3336 3337
f 3372 3373 3336
f 3373 3335 3336
f 3373 3374 3335
f 3374 3341 3335
f 3374 3375 3341
f 3375 3376 3341
f 3376 3342 3341
f 3376 3377 3342
f 3377 3343 3342
f 3377 3378 3343
f 3378 3344 3343
f 3378 3379 3344
f 3379 3345 3344
f 3379 3380 3345
f 3345 3380 3346
f 3380 3347 3346
f 3380 3381 3347
f 3381 3348 3347
f 3381 3382 3348
f 3382 3383 3348
f 3383 3349 3348
f 3383 3384 3349
f 3384 3350 3349
f 3384 3385 3350
f 3385 3351 3350
f 3385 3386 3351
f 3386 3352 3351
f 3386 3387 3352
f 3352 3387 3353
f 3387 3354 3353
f 3387 3388 3354
f 3388 3355 3354
f 3388 3389 3355
f 3389 3390 3355
f 3390 3366 3355
f 3390 3391 3366
f 3391 3365 3366
f 3391 3392 3365
f 3392 3364 3365
f 3392 3393 3364
f 3393 3363 3364
f 3393 3394 3363
f 3394 3362 3363
f 3394 3368 3362
f 3368 3361 3362
f 3368 3360 3361
f 3367 3395 3360
f 3395 3359 3360
f 3395 3396 3359
f 3396 3397 3359
f 3397 3358 3359
f 3397 3398 3358
f 3358 3398 3357
f 3398 3356 3357
f 3398 3399 3356
f 3399 1365 3356
f 3399 1245 1365
f 1245 3399 1244
f 3399 3400 1244
f 3399 3398 3400
f 3398 3401 3400
f 3398 3397 3401
f 3402 3403 3312
f 3403 3311 3312
f 3403 3404 3311
f 3404 3315 3311
f 3404 3405 3315
f 3405 3317 3315
f 3405 3406 3317
f 1216 3407 1215
f 3407 3333 1215
f 3407 3408 3333
f 3408 3331 3333
f 3408 3409 3331
f 3409 3329 3331
f 3409 3402 3329
f 3402 3327 3329
f 3402 3312 3327
f 3389 3410 3390
f 3317 3406 3319
f 3406 3321 3319
f 3406 3411 3321
f 3411 3323 3321
f 3411 3412 3323
f 3412 3307 3323
f 3412 3413 3307
f 3307 3413 3309
f 3413 3310 3309
f 3413 3414 3310
f 3415 3416 3291
f 3416 3289 3291
f 3416 3417 3289
f 3289 3417 3287
f 3417 3285 3287
f 3417 3418 3285
f 3418 3419 3285
f 3420 3421 3376
f 3421 3377 3376
f 3421 3422 3377
f 3422 3378 3377
f 3422 3423 3378
f 3378 3423 3379
f 3423 3380 3379
f 3423 3424 3380
f 3424 3381 3380
f 3424 3425 3381
f 3410 3426 3390
f 3426 3391 3390
f 3426 3427 3391
f 3427 3392 3391
f 3427 3428 3392
f 3428 3393 3392
f 3428 3429 3393
f 3393 3429 3394
f 3429 3368 3394
f 3429 3430 3368
f 3430 3367 3368
f 3430 3431 3367
f 3431 3395 3367
f 3431 3396 3395
f 3310 3414 3305
f 3414 3303 3305
f 3414 3432 3303
f 3432 3301 3303
f 3432 3433 3301
f 3433 3299 3301
f 3433 3434 3299
f 3434 3296 3299
f 3434 3435 3296
f 3435 3294 3296
f 3435 3415 3294
f 3415 3292 3294
f 3415 3291 3292
f 3436 3437 3369
f 3437 3370 3369
f 3437 3438 3370
f 3438 3371 3370
f 3438 3439 3371
f 3371 3439 3372
f 3439 3373 3372
f 3439 3440 3373
f 3440 3374 3373
f 3440 3420 3374
f 3420 3375 3374
f 3420 3376 3375
f 3381 3425 3382
f 3425 3383 3382
f 3425 3441 3383
f 3441 3384 3383
f 3441 3442 3384
f 3442 3385 3384
f 3442 3443 3385
f 3443 3386 3385
f 3443 3444 3386
f 3444 3387 3386
f 3444 3410 3387
f 3410 3388 3387
f 3410 3389 3388
f 3397 3396 3401
f 3396 3445 3401
f 3396 3431 3445
f 3446 3447 3277
f 3447 3279 3277
f 3447 3436 3279
f 3436 3281 3279
f 3436 3369 3281
f 3285 3419 3283
f 3419 3270 3283
f 3419 3448 3270
f 3270 3448 3271
f 3448 3273 3271
f 3448 3446 3273
f 3446 3275 3273
f 3446 3277 3275
f 3449 3451 3450
f 3451 3452 3450
f 3451 3453 3452
f 3454 3456 3455
f 3456 3457 3455
f 3456 3458 3457
f 3454 3459 3456
f 3459 3460 3456
f 3459 3461 3460
f 3462 3464 3463
f 3464 3465 3463
f 3464 3461 3465
f 3461 3464 3460
f 3464 3466 3460
f 3464 3467 3466
f 3468 3470 3469
f 3470 3471 3469
f 3470 3472 3471
f 3472 3462 3471
f 3472 3473 3462
f 3473 3464 3462
f 3473 3474 3464
f 3474 3467 3464
f 3451 3476 3475
f 3476 3451 3477
f 3451 3456 3477
f 3451 3449 3456
f 3449 3458 3456
f 3477 3456 3478
f 3456 3479 3478
f 3456 3460 3479
f 3460 3480 3479
f 3460 3466 3480
f 3481 3483 3482
f 3481 3484 3483
f 3485 3487 3486
f 3488 3490 3489
f 3491 3493 3492
f 3494 3495 2886
f 3495 2892 2886
f 3495 3496 2892
f 3496 3497 2892
f 3496 2890 3497
f 3494 2888 3495
f 2888 3498 3495
f 2888 2884 3498
f 3499 2875 2876
f 3499 3498 2875
f 3498 3500 2875
f 3498 2884 3500
f 3493 2880 2881
f 3493 3499 2880
f 3499 3501 2880
f 3499 2876 3501
f 3499 3503 3502
f 3499 3493 3503
f 3493 3504 3503
f 3493 3491 3504
f 3498 3506 3505
f 3498 3499 3506
f 3499 3507 3506
f 3499 3502 3507
f 3508 3495 3509
f 3495 3510 3509
f 3495 3498 3510
f 3498 3511 3510
f 3498 3505 3511
f 3508 3512 3495
f 3512 3496 3495
f 3512 3513 3496
f 3492 3493 3514
f 3493 2881 3514
f 2881 2865 3514
f 2865 3515 3514
f 2865 3485 3515
f 3516 3518 3517
f 3518 3519 3517
f 3518 3484 3519
f 3484 2865 3519
f 3484 3481 2865
f 3481 3520 2865
f 3485 2865 3488
f 2865 3490 3488
f 2865 3521 3490
f 3521 2865 3522
f 2865 3523 3522
f 2865 3524 3523
f 3524 2865 3525
f 2865 3526 3525
f 2865 3520 3526
f 3527 3529 3528
f 3530 3532 3531
f 3533 3534 3530
f 3535 3536 3533
f 3537 3539 3538
f 3539 3532 3538
f 3539 3540 3532
f 3540 3531 3532
f 3540 3541 3531
f 3539 3537 3542
f 3537 3543 3542
f 3537 3544 3543
f 3545 3544 3546
f 3544 3547 3546
f 3544 3537 3547
f 3545 3546 3548
f 3546 3549 3548
f 3546 3529 3549
f 3529 3550 3549
f 3529 3527 3550
f 3530 3534 3532
f 3534 3538 3532
f 3534 3551 3538
f 3551 3537 3538
f 3551 3552 3537
f 3552 3547 3537
f 3552 3553 3547
f 3553 3546 3547
f 3553 3554 3546
f 3554 3529 3546
f 3554 3555 3529
f 3555 3528 3529
f 3555 3556 3528
f 3533 3536 3534
f 3536 3551 3534
f 3536 3557 3551
f 3557 3552 3551
f 3557 3558 3552
f 3558 3553 3552
f 3558 3559 3553
f 3559 3554 3553
f 3559 3560 3554
f 3560 3555 3554
f 3560 3561 3555
f 3561 3556 3555
f 3561 3562 3556
f 3535 3563 3536
f 3563 3557 3536
f 3563 3564 3557
f 3564 3558 3557
f 3564 3565 3558
f 3565 3559 3558
f 3565 3566 3559
f 3566 3560 3559
f 3566 3567 3560
f 3567 3561 3560
f 3567 3568 3561
f 3568 3562 3561
f 3568 3569 3562
f 3570 3572 3571
f 3573 3575 3574
f 3576 3578 3577
f 3579 3581 3580
f 3581 3582 3580
f 3581 3583 3582
f 3583 3584 3582
f 3584 3585 3582
f 3584 3586 3585
f 3586 3587 3585
f 3587 3588 3585
f 3587 3589 3588
f 3589 3590 3588
f 3590 3591 3588
f 3590 3592 3591
f 3574 3575 3591
f 3575 3588 3591
f 3575 3593 3588
f 3593 3585 3588
f 3593 3594 3585
f 3594 3582 3585
f 3594 3595 3582
f 3595 3580 3582
f 3596 3597 3573
f 3597 3575 3573
f 3597 3598 3575
f 3598 3593 3575
f 3598 3578 3593
f 3578 3594 3593
f 3578 3576 3594
f 3576 3595 3594
f 3571 3572 3596
f 3572 3597 3596
f 3572 3599 3597
f 3599 3598 3597
f 3599 3600 3598
f 3600 3578 3598
f 3600 3601 3578
f 3601 3577 3578
f 3527 3528 3570
f 3528 3572 3570
f 3528 3556 3572
f 3556 3599 3572
f 3556 3562 3599
f 3562 3600 3599
f 3562 3569 3600
f 3569 3601 3600
f 3602 3604 3603
f 3605 3607 3606
f 3608 3610 3609
f 3611 3612 3608
f 3613 3615 3614
f 3615 3613 3616
f 3613 3617 3616
f 3613 3611 3617
f 3611 3618 3617
f 3611 3619 3618
f 3608 3612 3610
f 3612 3620 3610
f 3612 3621 3620
f 3621 3622 3620
f 3621 3623 3622
f 3623 3624 3622
f 3623 3625 3624
f 3626 3625 3627
f 3625 3628 3627
f 3625 3623 3628
f 3629 3631 3630
f 3631 3632 3630
f 3631 3633 3632
f 3633 3634 3632
f 3633 3635 3634
f 3635 3636 3634
f 3635 3614 3636
f 3614 3637 3636
f 3614 3615 3637
f 3629 3607 3631
f 3607 3638 3631
f 3607 3605 3638
f 3626 3627 3639
f 3627 3640 3639
f 3627 3641 3640
f 3641 3642 3640
f 3641 3643 3642
f 3643 3644 3642
f 3643 3645 3644
f 3644 3645 3646
f 3645 3647 3646
f 3645 3648 3647
f 3648 3649 3647
f 3648 3650 3649
f 3651 3653 3652
f 3653 3654 3652
f 3653 3655 3654
f 3655 3656 3654
f 3655 3657 3656
f 3657 3658 3656
f 3657 3659 3658
f 3659 3660 3658
f 3659 3605 3660
f 3605 3661 3660
f 3605 3606 3661
f 3649 3650 3662
f 3650 3663 3662
f 3650 3664 3663
f 3664 3665 3663
f 3664 3666 3665
f 3666 3667 3665
f 3666 3604 3667
f 3604 3668 3667
f 3604 3602 3668
f 3611 3613 3612
f 3613 3621 3612
f 3613 3614 3621
f 3614 3623 3621
f 3614 3635 3623
f 3635 3628 3623
f 3635 3633 3628
f 3633 3627 3628
f 3633 3631 3627
f 3631 3641 3627
f 3631 3638 3641
f 3638 3643 3641
f 3638 3605 3643
f 3605 3645 3643
f 3605 3659 3645
f 3659 3648 3645
f 3659 3657 3648
f 3657 3650 3648
f 3657 3655 3650
f 3655 3664 3650
f 3655 3653 3664
f 3653 3666 3664
f 3653 3669 3666
f 3669 3604 3666
f 3669 3670 3604
f 3670 3603 3604
f 3670 3671 3603
f 3651 3672 3653
f 3672 3669 3653
f 3672 3673 3669
f 3673 3670 3669
f 3673 3674 3670
f 3674 3671 3670
f 3674 3675 3671
f 3609 3676 3608
f 3677 3679 3678
f 3680 3681 3677
f 3682 3683 3680
f 3677 3681 3679
f 3681 3684 3679
f 3681 3685 3684
f 3684 3685 3686
f 3685 3687 3686
f 3685 3688 3687
f 3688 3689 3687
f 3688 3676 3689
f 3676 3690 3689
f 3676 3609 3690
f 3680 3683 3681
f 3683 3685 3681
f 3683 3691 3685
f 3691 3688 3685
f 3691 3692 3688
f 3692 3676 3688
f 3692 3693 3676
f 3693 3608 3676
f 3693 3611 3608
f 3682 3694 3683
f 3694 3691 3683
f 3694 3695 3691
f 3695 3692 3691
f 3695 3696 3692
f 3696 3693 3692
f 3696 3697 3693
f 3697 3611 3693
f 3697 3619 3611
f 3698 3700 3699
f 3700 3701 3699
f 3700 3702 3701
f 3702 3703 3701
f 3702 3704 3703
f 3704 3705 3703
f 3682 3680 3698
f 3680 3700 3698
f 3680 3677 3700
f 3677 3702 3700
f 3677 3678 3702
f 3678 3704 3702
f 3706 3708 3707
f 3708 3709 3707
f 3708 3710 3709
f 3710 3711 3709
f 3710 3712 3711
f 3712 3713 3711
f 3714 3715 3706
f 3715 3708 3706
f 3715 3716 3708
f 3716 3710 3708
f 3716 3717 3710
f 3717 3712 3710
f 3699 3701 3714
f 3701 3715 3714
f 3701 3703 3715
f 3703 3716 3715
f 3703 3705 3716
f 3705 3717 3716
f 3672 3718 3673
f 3674 3719 3675
f 3720 3722 3721
f 3722 3723 3721
f 3722 3675 3723
f 3719 3724 3675
f 3724 3723 3675
f 3724 3725 3723
f 3725 3721 3723
f 3725 3726 3721
f 3673 3718 3674
f 3718 3719 3674
f 3718 3727 3719
f 3727 3728 3719
f 3727 3729 3728
f 3729 3730 3728
f 3729 3731 3730
f 3731 3732 3730
f 3733 3654 3656
f 3718 3672 3734
f 3672 3735 3734
f 3672 3651 3735
f 3651 3733 3735
f 3651 3652 3733
f 3652 3654 3733
f 3733 3656 3736
f 3656 3737 3736
f 3656 3658 3737
f 3658 3738 3737
f 3658 3660 3738
f 3660 3739 3738
f 3660 3661 3739
f 3661 3740 3739
f 3661 3606 3740
f 3606 3741 3740
f 3606 3607 3741
f 3607 3742 3741
f 3607 3629 3742
f 3629 3743 3742
f 3629 3630 3743
f 3744 3745 3618
f 3745 3617 3618
f 3743 3630 3746
f 3630 3747 3746
f 3630 3632 3747
f 3632 3748 3747
f 3632 3634 3748
f 3634 3749 3748
f 3634 3636 3749
f 3636 3750 3749
f 3636 3637 3750
f 3637 3751 3750
f 3637 3615 3751
f 3615 3752 3751
f 3615 3616 3752
f 3616 3753 3752
f 3616 3617 3753
f 3617 3754 3753
f 3617 3745 3754
f 3714 3706 3744
f 3706 3707 3744
f 3695 3755 3696
f 3696 3755 3697
f 3755 3619 3697
f 3755 3618 3619
f 3714 3744 3699
f 3744 3698 3699
f 3744 3618 3698
f 3618 3682 3698
f 3618 3755 3682
f 3755 3694 3682
f 3755 3695 3694
f 3756 3758 3757
f 3603 3759 3602
f 3671 3760 3603
f 3675 3761 3671
f 3603 3760 3759
f 3760 3762 3759
f 3760 3763 3762
f 3763 3764 3762
f 3763 3765 3764
f 3764 3765 3766
f 3765 3767 3766
f 3765 3758 3767
f 3758 3768 3767
f 3758 3756 3768
f 3671 3761 3760
f 3761 3763 3760
f 3761 3769 3763
f 3769 3765 3763
f 3769 3770 3765
f 3770 3758 3765
f 3770 3771 3758
f 3771 3757 3758
f 3771 3772 3757
f 3675 3722 3761
f 3722 3769 3761
f 3722 3720 3769
f 3720 3770 3769
f 3720 3721 3770
f 3721 3771 3770
f 3721 3726 3771
f 3726 3772 3771
f 3726 3725 3772
f 3724 3773 3725
f 3773 3772 3725
f 3773 3774 3772
f 3774 3757 3772
f 3774 3775 3757
f 3775 3756 3757
f 3719 3776 3724
f 3776 3773 3724
f 3776 3777 3773
f 3777 3774 3773
f 3777 3778 3774
f 3778 3775 3774
f 3732 3779 3730
f 3779 3780 3730
f 3779 3781 3780
f 3782 3784 3783
f 3784 3579 3783
f 3579 3784 3785
f 3784 3786 3785
f 3784 3780 3786
f 3780 3787 3786
f 3780 3781 3787
f 3788 3789 3782
f 3789 3784 3782
f 3789 3790 3784
f 3790 3780 3784
f 3790 3728 3780
f 3728 3730 3780
f 3778 3777 3788
f 3777 3789 3788
f 3777 3776 3789
f 3776 3790 3789
f 3776 3719 3790
f 3719 3728 3790
f 3581 3579 3785
f 3791 3792 3732
f 3792 3779 3732
f 3792 3793 3779
f 3592 3590 3791
f 3590 3792 3791
f 3590 3589 3792
f 3589 3587 3792
f 3587 3586 3792
f 3586 3793 3792
f 3586 3584 3793
f 3785 3786 3581
f 3779 3793 3781
f 3793 3787 3781
f 3793 3584 3787
f 3584 3786 3787
f 3584 3583 3786
f 3583 3581 3786
f 3794 3731 3729
f 3791 3795 3592
f 3732 3731 3791
f 3731 3795 3791
f 3731 3794 3795
f 3794 3796 3795
f 3794 3797 3796
f 3798 3800 3799
f 3800 3801 3799
f 3802 3804 3803
f 3540 3805 3541
f 3540 3539 3805
f 3539 3806 3805
f 3539 3542 3806
f 3542 3543 3806
f 3543 3807 3806
f 3543 3544 3807
f 3549 3807 3548
f 3807 3545 3548
f 3807 3544 3545
f 3808 3796 3797
f 3596 3809 3571
f 3809 3570 3571
f 3809 3810 3570
f 3810 3527 3570
f 3810 3550 3527
f 3550 3810 3549
f 3810 3807 3549
f 3810 3804 3807
f 3804 3806 3807
f 3804 3802 3806
f 3802 3805 3806
f 3803 3804 3811
f 3804 3812 3811
f 3804 3810 3812
f 3810 3813 3812
f 3810 3809 3813
f 3813 3809 3800
f 3809 3801 3800
f 3809 3596 3801
f 3596 3808 3801
f 3596 3573 3808
f 3573 3796 3808
f 3573 3574 3796
f 3574 3795 3796
f 3574 3591 3795
f 3591 3592 3795
f 3814 3815 3798
f 3815 3800 3798
f 3815 3816 3800
f 3816 3813 3800
f 3816 3817 3813
f 3817 3812 3813
f 3817 3519 3812
f 3519 3811 3812
f 3818 3819 3814
f 3819 3815 3814
f 3819 3820 3815
f 3820 3821 3815
f 3822 3816 3823
f 3816 3824 3823
f 3816 3815 3824
f 3815 3825 3824
f 3815 3821 3825
f 3822 3826 3816
f 3826 3817 3816
f 3826 3827 3817
f 3827 3828 3817
f 3828 3519 3817
f 3828 3517 3519
f 3516 3517 3829
f 3517 3830 3829
f 3517 3828 3830
f 3415 3831 3416
f 3832 3834 3833
f 3835 3836 3832
f 3418 3837 3419
f 3447 3838 3436
f 3839 3841 3840
f 3841 3843 3842
f 3844 3846 3845
f 3799 3847 3798
f 3848 3847 3849
f 3814 3850 3818
f 3848 3850 3847
f 3850 3798 3847
f 3850 3814 3798
f 3851 3853 3852
f 3853 3847 3852
f 3853 3854 3847
f 3854 3849 3847
f 3855 3801 3808
f 3856 3858 3857
f 3858 3859 3857
f 3859 3858 3860
f 3858 3861 3860
f 3858 3862 3861
f 3863 3855 3864
f 3855 3865 3864
f 3855 3808 3865
f 3808 3866 3865
f 3808 3797 3866
f 3867 3869 3868
f 3459 2977 3461
f 2977 3465 3461
f 2977 3463 3465
f 3463 2977 3462
f 2977 3471 3462
f 2977 3469 3471
f 3469 2977 3513
f 2977 3496 3513
f 2977 2890 3496
f 3450 3870 3449
f 3871 3873 3872
f 3873 3453 3872
f 3873 3870 3453
f 3870 3452 3453
f 3870 3450 3452
f 3449 3870 3458
f 3870 3457 3458
f 3870 3874 3457
f 3874 3455 3457
f 3874 2977 3455
f 2977 3454 3455
f 2977 3459 3454
f 3875 3877 3876
f 3877 3875 3878
f 3875 3879 3878
f 3875 3873 3879
f 3873 3880 3879
f 3873 3871 3880
f 3881 3876 3882
f 3876 3883 3882
f 3876 3877 3883
f 3884 3886 3885
f 3886 3887 3885
f 3886 3881 3887
f 3881 3888 3887
f 3881 3882 3888
f 3884 3889 3886
f 3889 3890 3886
f 3889 3891 3890
f 3891 3892 3890
f 3892 3893 3890
f 3892 3894 3893
f 3845 3846 3895
f 3846 3896 3895
f 3846 3893 3896
f 3893 3897 3896
f 3893 3894 3897
f 3898 3899 3843
f 3899 3852 3843
f 3899 3900 3852
f 3900 3851 3852
f 3862 3858 3863
f 3858 3855 3863
f 3858 3847 3855
f 3847 3801 3855
f 3847 3799 3801
f 3843 3852 3842
f 3852 3901 3842
f 3852 3847 3901
f 3847 3902 3901
f 3847 3858 3902
f 3858 3867 3902
f 3858 3856 3867
f 3856 3869 3867
f 3856 3903 3869
f 3904 3906 3905
f 3906 3907 3905
f 3906 3908 3907
f 3908 3909 3907
f 3908 3910 3909
f 3910 3911 3909
f 3910 3912 3911
f 3912 3913 3911
f 3912 3914 3913
f 3913 3914 3915
f 3914 3916 3915
f 3914 3917 3916
f 3917 3918 3916
f 3917 3919 3918
f 3840 3920 3839
f 3920 3921 3839
f 3920 3922 3921
f 3922 3923 3921
f 3922 3924 3923
f 3898 3843 3844
f 3843 3846 3844
f 3843 3841 3846
f 3841 3893 3846
f 3841 3839 3893
f 3839 3890 3893
f 3839 3921 3890
f 3921 3886 3890
f 3921 3923 3886
f 3923 3881 3886
f 3923 3924 3881
f 3874 3870 3925
f 3870 3926 3925
f 3870 3873 3926
f 3873 3927 3926
f 3873 3875 3927
f 3875 3928 3927
f 3875 3876 3928
f 3876 3929 3928
f 3876 3881 3929
f 3881 3930 3929
f 3881 3924 3930
f 3414 3931 3432
f 3931 3932 3432
f 3933 3935 3934
f 3935 3936 3934
f 3937 3938 3411
f 3938 3412 3411
f 3938 3931 3412
f 3931 3413 3412
f 3931 3414 3413
f 3939 3941 3940
f 3409 3942 3402
f 3942 3403 3402
f 3942 3943 3403
f 3943 3404 3403
f 3943 3944 3404
f 3944 3405 3404
f 3944 3937 3405
f 3937 3406 3405
f 3937 3411 3406
f 3409 3408 3942
f 3408 3945 3942
f 3408 3407 3945
f 3407 3073 3945
f 3407 1216 3073
f 3944 3943 3946
f 3943 3947 3946
f 3943 3942 3947
f 3942 3948 3947
f 3942 3945 3948
f 3945 3949 3948
f 3945 3073 3949
f 3950 3952 3951
f 3952 3081 3951
f 3419 3837 3448
f 3837 3953 3448
f 3837 3954 3953
f 3447 3836 3838
f 3836 3955 3838
f 3836 3835 3955
f 3448 3953 3446
f 3953 3956 3446
f 3953 3954 3956
f 3954 3957 3956
f 3954 3958 3957
f 3932 3959 3432
f 3959 3433 3432
f 3959 3434 3433
f 3941 3939 3960
f 3939 3961 3960
f 3939 3962 3961
f 3962 3963 3961
f 3962 3964 3963
f 3964 3965 3963
f 3964 3966 3965
f 3966 3967 3965
f 3966 3831 3967
f 3831 3435 3967
f 3831 3415 3435
f 3959 3932 3933
f 3932 3935 3933
f 3932 3931 3935
f 3931 3936 3935
f 3931 3938 3936
f 3938 3968 3936
f 3938 3937 3968
f 3937 3969 3968
f 3937 3944 3969
f 3944 3970 3969
f 3944 3946 3970
f 3946 3971 3970
f 3946 3947 3971
f 3947 3952 3971
f 3947 3948 3952
f 3948 3081 3952
f 3948 3949 3081
f 3834 3972 3833
f 3972 3973 3833
f 3972 3974 3973
f 3840 3841 3975
f 3841 3976 3975
f 3841 3842 3976
f 3842 3977 3976
f 3842 3901 3977
f 3901 3978 3977
f 3901 3902 3978
f 3902 3979 3978
f 3902 3867 3979
f 3867 3980 3979
f 3867 3868 3980
f 3868 3981 3980
f 3868 3972 3981
f 3972 3958 3981
f 3972 3834 3958
f 3834 3957 3958
f 3834 3832 3957
f 3832 3956 3957
f 3832 3836 3956
f 3836 3446 3956
f 3836 3447 3446
f 3974 3972 3982
f 3972 3983 3982
f 3972 3868 3983
f 3868 3984 3983
f 3868 3869 3984
f 3985 3987 3986
f 3987 3988 3986
f 3987 3989 3988
f 3990 3991 3985
f 3991 3987 3985
f 3991 3992 3987
f 3992 3989 3987
f 3992 3993 3989
f 3994 3995 3993
f 3995 3989 3993
f 3995 3996 3989
f 3996 3988 3989
f 3996 3997 3988
f 3997 3986 3988
f 3998 3999 3990
f 3999 3991 3990
f 3999 4000 3991
f 4000 3992 3991
f 4000 4001 3992
f 4001 3993 3992
f 4001 4002 3993
f 4002 3994 3993
f 4002 4003 3994
f 3417 4004 3418
f 4004 3837 3418
f 4004 3998 3837
f 3998 3954 3837
f 3998 3990 3954
f 3990 3958 3954
f 3990 3985 3958
f 3985 3981 3958
f 3985 3986 3981
f 3986 3980 3981
f 3986 3997 3980
f 3997 3979 3980
f 3997 3996 3979
f 3996 3978 3979
f 3996 3995 3978
f 3995 3977 3978
f 3995 3994 3977
f 3994 3976 3977
f 3994 4003 3976
f 4003 3975 3976
f 4005 4006 3950
f 4006 3952 3950
f 4006 4007 3952
f 4007 3971 3952
f 4007 4008 3971
f 4008 3970 3971
f 4008 4009 3970
f 4009 3969 3970
f 4009 4010 3969
f 4010 3968 3969
f 4010 3960 3968
f 3960 3936 3968
f 3960 3961 3936
f 3961 3934 3936
f 3961 3963 3934
f 3963 3933 3934
f 3963 3965 3933
f 3965 3959 3933
f 3965 3967 3959
f 3967 3434 3959
f 3967 3435 3434
f 4011 3919 4012
f 3919 4013 4012
f 3919 3917 4013
f 3917 4014 4013
f 3940 3941 3904
f 3941 3906 3904
f 3941 3960 3906
f 3960 3908 3906
f 3960 4010 3908
f 4010 3910 3908
f 4010 4009 3910
f 4009 3912 3910
f 4009 4008 3912
f 4008 3914 3912
f 4008 4007 3914
f 4007 3917 3914
f 4007 4006 3917
f 4006 4014 3917
f 4006 4005 4014
f 3925 3926 4011
f 3926 3919 4011
f 3926 3927 3919
f 3927 3918 3919
f 3927 3928 3918
f 3928 3916 3918
f 3928 3929 3916
f 3929 3915 3916
f 3929 3930 3915
f 3930 3913 3915
f 3930 3924 3913
f 3924 3911 3913
f 3924 3922 3911
f 3922 3909 3911
f 3922 3920 3909
f 3920 3907 3909
f 3920 3840 3907
f 3840 3905 3907
f 3840 3975 3905
f 3975 3904 3905
f 3975 4003 3904
f 4003 3940 3904
f 4003 4002 3940
f 4002 3939 3940
f 4002 4001 3939
f 4001 3962 3939
f 4001 4000 3962
f 4000 3964 3962
f 4000 3999 3964
f 3999 3966 3964
f 3999 3998 3966
f 3998 3831 3966
f 3998 4004 3831
f 4004 3416 3831
f 4004 3417 3416
f 3729 4015 3794
f 4016 3746 4017
f 3746 4018 4017
f 3746 3747 4018
f 3856 4019 3903
f 4020 4022 4021
f 4022 4023 4021
f 4022 4016 4023
f 4016 4022 3746
f 4022 3743 3746
f 4022 4024 3743
f 3743 4024 3742
f 4024 3741 3742
f 4024 4025 3741
f 4025 3740 3741
f 4025 4026 3740
f 4026 3739 3740
f 4026 4027 3739
f 3739 4027 3738
f 4027 3737 3738
f 4027 3736 3737
f 3733 3736 4028
f 3736 4029 4028
f 3736 4027 4029
f 3733 4028 3735
f 4028 3734 3735
f 4028 4030 3734
f 4030 3718 3734
f 4030 4015 3718
f 4015 3727 3718
f 4015 3729 3727
f 4019 3856 4020
f 3856 4022 4020
f 3856 3857 4022
f 3857 4024 4022
f 3857 3859 4024
f 3859 4025 4024
f 3859 3860 4025
f 3860 4026 4025
f 3860 3861 4026
f 3861 4027 4026
f 3861 3862 4027
f 3862 4029 4027
f 3862 3863 4029
f 3863 4028 4029
f 3863 3864 4028
f 3864 4030 4028
f 3864 3865 4030
f 3865 4015 4030
f 3865 3866 4015
f 3866 3794 4015
f 3866 3797 3794
f 4018 4031 4017
f 4017 4032 4016
f 4032 4023 4016
f 4032 4021 4023
f 4033 4034 3707
f 4034 3744 3707
f 4035 4036 4033
f 4036 4034 4033
f 4036 4037 4034
f 4037 4038 4034
f 3744 4034 3745
f 4034 3754 3745
f 4034 4038 3754
f 4038 3753 3754
f 4038 4039 3753
f 3753 4039 3752
f 4039 3751 3752
f 4039 4040 3751
f 4040 4039 4041
f 4039 4042 4041
f 4039 4038 4042
f 4038 4043 4042
f 4038 4037 4043
f 3751 4040 3750
f 4040 3749 3750
f 4040 4031 3749
f 4031 3748 3749
f 4031 4018 3748
f 4018 3747 3748
f 4017 4031 4032
f 4031 4044 4032
f 4031 4040 4044
f 4040 4045 4044
f 4040 4041 4045
f 2229 4046 2230
f 4047 3421 4048
f 3838 3437 3436
f 4049 4051 4050
f 4052 4054 4053
f 4055 4057 4056
f 4058 4036 4035
f 4045 4059 4044
f 3903 4032 3869
f 4021 4032 4020
f 4032 4019 4020
f 4032 3903 4019
f 4060 4061 4036
f 4061 4037 4036
f 4037 4061 4043
f 4061 4042 4043
f 4061 4059 4042
f 4059 4041 4042
f 4059 4045 4041
f 4062 4064 4063
f 4064 4062 4065
f 4062 4066 4065
f 4062 4060 4066
f 4060 4067 4066
f 4060 4036 4067
f 4036 4068 4067
f 4036 4058 4068
f 4069 4071 4070
f 4071 4072 4070
f 4072 4071 4073
f 4071 4074 4073
f 4071 4063 4074
f 4063 4075 4074
f 4063 4064 4075
f 4057 4076 4056
f 4054 4077 4053
f 4053 4077 4078
f 4077 4079 4078
f 4077 4057 4079
f 4057 4080 4079
f 4057 4055 4080
f 4051 4081 4050
f 4050 4081 4082
f 4081 4083 4082
f 4081 4054 4083
f 4054 4084 4083
f 4054 4052 4084
f 4085 4087 4086
f 4087 4046 4086
f 4087 4088 4046
f 4085 4086 4089
f 4086 4090 4089
f 4086 4091 4090
f 4091 4092 4090
f 4091 4051 4092
f 4051 4093 4092
f 4051 4049 4093
f 4088 4094 4046
f 4094 2230 4046
f 4094 2233 2230
f 3833 4095 3832
f 4095 3835 3832
f 4095 3955 3835
f 3955 4095 3838
f 4095 3437 3838
f 4095 4096 3437
f 3421 4047 3422
f 4047 3423 3422
f 4047 4097 3423
f 4097 3424 3423
f 4097 4098 3424
f 3437 4096 3438
f 4096 3439 3438
f 4096 4099 3439
f 4099 3440 3439
f 4099 4048 3440
f 4048 3420 3440
f 4048 3421 3420
f 4100 4101 3444
f 4101 3410 3444
f 4101 4102 3410
f 4103 4104 3429
f 4104 3430 3429
f 4104 4105 3430
f 3410 4102 3426
f 4102 3427 3426
f 4102 4103 3427
f 4103 3428 3427
f 4103 3429 3428
f 2231 4106 2229
f 4106 4046 2229
f 4106 4105 4046
f 4105 4086 4046
f 4105 4104 4086
f 4104 4091 4086
f 4104 4103 4091
f 4103 4051 4091
f 4103 4102 4051
f 4102 4081 4051
f 4102 4101 4081
f 4101 4054 4081
f 4101 4100 4054
f 4100 4077 4054
f 4100 4107 4077
f 4107 4057 4077
f 4107 4098 4057
f 4098 4076 4057
f 4098 4097 4076
f 4097 4108 4076
f 4097 4047 4108
f 4047 4109 4108
f 4047 4048 4109
f 4048 4110 4109
f 4048 4099 4110
f 4099 4111 4110
f 4099 4096 4111
f 4096 4112 4111
f 4096 4095 4112
f 4095 4113 4112
f 4095 3833 4113
f 3984 3869 4059
f 3869 4044 4059
f 3869 4032 4044
f 3983 4113 3982
f 3982 4113 3974
f 4113 3973 3974
f 4113 3833 3973
f 4056 4076 4114
f 4076 4069 4114
f 4076 4108 4069
f 4108 4071 4069
f 4108 4109 4071
f 4109 4063 4071
f 4109 4110 4063
f 4110 4062 4063
f 4110 4111 4062
f 4111 4060 4062
f 4111 4112 4060
f 4112 4061 4060
f 4112 4113 4061
f 4113 4059 4061
f 4113 3983 4059
f 3983 3984 4059
f 3430 4105 3431
f 4105 3445 3431
f 4105 4106 3445
f 4106 3401 3445
f 4106 2231 3401
f 2231 3400 3401
f 2231 1244 3400
f 3424 4098 3425
f 4098 3441 3425
f 4098 4107 3441
f 4107 3442 3441
f 4107 4100 3442
f 4100 3443 3442
f 4100 3444 3443
f 4115 4058 4035
f 4116 4117 4115
f 4115 4117 4058
f 4117 4068 4058
f 4117 4118 4068
f 4118 4067 4068
f 4118 4119 4067
f 4116 4120 4117
f 4120 4118 4117
f 4120 4121 4118
f 4121 4119 4118
f 4121 4122 4119
f 3713 4123 4116
f 4123 4120 4116
f 4123 4124 4120
f 4124 4121 4120
f 4124 4125 4121
f 4125 4122 4121
f 4125 4126 4122
f 2227 4127 2228
f 4128 2227 2226
f 4094 2232 2233
f 4129 4130 4094
f 4130 2232 4094
f 4130 2226 2232
f 4131 4132 4085
f 4132 4087 4085
f 4132 4129 4087
f 4129 4088 4087
f 4129 4094 4088
f 4092 4131 4090
f 4131 4089 4090
f 4131 4085 4089
f 4131 4092 4133
f 4092 4134 4133
f 4092 4093 4134
f 4093 4135 4134
f 4136 4135 4050
f 4135 4049 4050
f 4135 4093 4049
f 4137 4138 4084
f 4138 4083 4084
f 4138 4136 4083
f 4136 4082 4083
f 4136 4050 4082
f 4139 4137 4053
f 4137 4052 4053
f 4137 4084 4052
f 4056 4140 4055
f 4140 4080 4055
f 4140 4141 4080
f 4141 4079 4080
f 4141 4139 4079
f 4139 4078 4079
f 4139 4053 4078
f 4056 4114 4140
f 4114 4142 4140
f 4114 4069 4142
f 4069 4143 4142
f 4069 4070 4143
f 4070 4072 4143
f 4072 4144 4143
f 4072 4073 4144
f 2227 4128 4127
f 4128 4145 4127
f 4128 4146 4145
f 4146 4147 4145
f 4146 4148 4147
f 4148 4149 4147
f 4148 4150 4149
f 4150 4151 4149
f 4150 4152 4151
f 4152 4153 4151
f 4152 4154 4153
f 4154 4155 4153
f 4154 4156 4155
f 4156 4157 4155
f 4156 4158 4157
f 4158 4159 4157
f 4158 4160 4159
f 4160 4161 4159
f 4160 4162 4161
f 4162 4163 4161
f 4162 4164 4163
f 4164 4165 4163
f 4164 4166 4165
f 4166 4167 4165
f 4166 4168 4167
f 4168 4169 4167
f 4168 4170 4169
f 4170 4171 4169
f 4170 4172 4171
f 4172 4173 4171
f 4172 4174 4173
f 4174 4175 4173
f 4174 4176 4175
f 4176 4177 4175
f 4176 4178 4177
f 2226 4130 4128
f 4130 4146 4128
f 4130 4129 4146
f 4129 4148 4146
f 4129 4132 4148
f 4132 4150 4148
f 4132 4131 4150
f 4131 4152 4150
f 4131 4133 4152
f 4133 4154 4152
f 4133 4134 4154
f 4134 4156 4154
f 4134 4135 4156
f 4135 4158 4156
f 4135 4136 4158
f 4136 4160 4158
f 4136 4138 4160
f 4138 4162 4160
f 4138 4137 4162
f 4137 4164 4162
f 4137 4139 4164
f 4139 4166 4164
f 4139 4141 4166
f 4141 4168 4166
f 4141 4140 4168
f 4140 4170 4168
f 4140 4142 4170
f 4142 4172 4170
f 4142 4143 4172
f 4143 4174 4172
f 4143 4144 4174
f 4144 4176 4174
f 4144 4179 4176
f 4179 4178 4176
f 4179 4180 4178
f 4066 4180 4065
f 4180 4064 4065
f 4180 4179 4064
f 4179 4075 4064
f 4179 4144 4075
f 4144 4074 4075
f 4144 4073 4074
f 4067 4119 4066
f 4119 4180 4066
f 4119 4122 4180
f 4122 4178 4180
f 4122 4126 4178
f 4126 4177 4178
f 4181 4183 4182
f 4181 4184 4183
f 4184 4185 4183
f 4184 4186 4185
f 4186 4187 4185
f 4186 4188 4187
f 4189 4184 4181
f 4190 4192 4191
f 4192 4193 4191
f 4192 4194 4193
f 4194 4195 4193
f 4194 4196 4195
f 4196 4197 4195
f 4188 4186 4190
f 4186 4192 4190
f 4186 4184 4192
f 4184 4194 4192
f 4184 4189 4194
f 4189 4196 4194
f 4198 4195 4197
f 4198 4199 4195
f 4199 4193 4195
f 4199 4200 4193
f 4200 4191 4193
f 4200 4201 4191
f 4200 4202 4201
f 4199 4203 4200
f 4198 4204 4199
f 4198 4205 4204
f 4205 4206 4204
f 4205 4207 4206
f 4207 4208 4206
f 4207 4209 4208
f 4209 4210 4208
f 4210 4211 4208
f 4210 4212 4211
f 4212 4213 4211
f 4212 4214 4213
f 4214 4215 4213
f 4214 4216 4215
f 4200 4203 4202
f 4203 4217 4202
f 4203 4218 4217
f 4218 4219 4217
f 4218 4220 4219
f 4220 4221 4219
f 4220 4222 4221
f 4222 4223 4221
f 4222 4224 4223
f 4224 4225 4223
f 4224 4226 4225
f 4226 4227 4225
f 4226 4228 4227
f 4228 4229 4227
f 4228 4230 4229
f 4230 4231 4229
f 4230 4232 4231
f 4199 4204 4203
f 4204 4218 4203
f 4204 4206 4218
f 4206 4220 4218
f 4206 4208 4220
f 4208 4222 4220
f 4208 4211 4222
f 4211 4224 4222
f 4211 4213 4224
f 4213 4226 4224
f 4213 4215 4226
f 4215 4228 4226
f 4215 4233 4228
f 4233 4230 4228
f 4233 4234 4230
f 4234 4232 4230
f 4234 4235 4232
f 4216 4236 4215
f 4236 4233 4215
f 4236 4237 4233
f 4237 4234 4233
f 4237 4238 4234
f 4238 4235 4234
f 4238 4239 4235
f 4240 4242 4241
f 4242 4240 4243
f 4240 4244 4243
f 4240 4245 4244
f 4245 4246 4244
f 4245 4247 4246
f 4246 4247 4248
f 4247 4249 4248
f 4247 4250 4249
f 4250 4251 4249
f 4250 4252 4251
f 4251 4252 4253
f 4252 4254 4253
f 4252 4255 4254
f 4255 4256 4254
f 4255 4257 4256
f 4239 4258 4235
f 4258 4257 4235
f 4258 4259 4257
f 4259 4256 4257
f 4235 4257 4232
f 4257 4260 4232
f 4257 4255 4260
f 4255 4261 4260
f 4255 4252 4261
f 4252 4262 4261
f 4252 4250 4262
f 4250 4263 4262
f 4250 4247 4263
f 4247 4264 4263
f 4247 4245 4264
f 4245 4265 4264
f 4245 4240 4265
f 4240 4266 4265
f 4240 4241 4266
f 4241 4267 4266
f 4232 4260 4231
f 4260 4268 4231
f 4260 4261 4268
f 4261 4269 4268
f 4261 4262 4269
f 4262 4270 4269
f 4262 4263 4270
f 4263 4271 4270
f 4263 4264 4271
f 4264 4272 4271
f 4264 4265 4272
f 4265 4273 4272
f 4265 4266 4273
f 4266 4274 4273
f 4266 4267 4274
f 4267 4275 4274
f 4267 4276 4275
f 4241 4277 4267
f 4242 4278 4241
f 4242 4279 4278
f 4279 4280 4278
f 4279 4281 4280
f 4281 4282 4280
f 4281 4283 4282
f 4283 4284 4282
f 4284 4285 4282
f 4284 4286 4285
f 4286 4287 4285
f 4286 4288 4287
f 4288 4289 4287
f 4288 4290 4289
f 4267 4277 4276
f 4277 4291 4276
f 4277 4292 4291
f 4292 4293 4291
f 4292 4294 4293
f 4294 4295 4293
f 4294 4296 4295
f 4296 4297 4295
f 4296 4298 4297
f 4298 4299 4297
f 4298 4300 4299
f 4300 4301 4299
f 4300 4302 4301
f 4302 4303 4301
f 4302 4304 4303
f 4304 4305 4303
f 4304 4306 4305
f 4241 4278 4277
f 4278 4292 4277
f 4278 4280 4292
f 4280 4294 4292
f 4280 4282 4294
f 4282 4296 4294
f 4282 4285 4296
f 4285 4298 4296
f 4285 4287 4298
f 4287 4300 4298
f 4287 4289 4300
f 4289 4302 4300
f 4289 4307 4302
f 4307 4304 4302
f 4307 4308 4304
f 4308 4306 4304
f 4308 4309 4306
f 4290 4310 4289
f 4310 4307 4289
f 4310 4311 4307
f 4311 4308 4307
f 4311 4312 4308
f 4312 4309 4308
f 4312 4313 4309
f 4314 4309 4313
f 4314 4315 4309
f 4315 4306 4309
f 4315 4316 4306
f 4316 4305 4306
f 4316 4317 4305
f 4318 4315 4314
f 4319 4321 4320
f 4322 4324 4323
f 4324 4325 4323
f 4324 4326 4325
f 4326 4327 4325
f 4319 4328 4321
f 4329 4330 4322
f 4330 4324 4322
f 4330 4321 4324
f 4321 4326 4324
f 4321 4328 4326
f 4328 4327 4326
f 4328 4331 4327
f 4317 4316 4329
f 4316 4330 4329
f 4316 4315 4330
f 4315 4321 4330
f 4315 4318 4321
f 4318 4320 4321
f 4332 4327 4331
f 4332 4333 4327
f 4333 4325 4327
f 4333 4334 4325
f 4334 4323 4325
f 4334 4335 4323
f 4336 4338 4337
f 4337 4339 4336
f 4340 4342 4341
f 4342 4343 4341
f 4343 4344 4341
f 4344 4345 4341
f 4344 4346 4345
f 4346 4347 4345
f 4346 4348 4347
f 4348 4349 4347
f 4348 4350 4349
f 4350 4351 4349
f 4350 4352 4351
f 4352 4353 4351
f 4353 4354 4351
f 4353 4355 4354
f 4356 4358 4357
f 4358 4359 4357
f 4358 4360 4359
f 4360 4361 4359
f 4360 4338 4361
f 4338 4362 4361
f 4338 4336 4362
f 4363 4365 4364
f 4366 4367 4360
f 4367 4338 4360
f 4367 4368 4338
f 4368 4337 4338
f 4368 4355 4337
f 4355 4339 4337
f 4355 4353 4339
f 4365 4363 4356
f 4363 4358 4356
f 4363 4369 4358
f 4369 4360 4358
f 4369 4370 4360
f 4370 4366 4360
f 4335 4334 4364
f 4334 4363 4364
f 4334 4333 4363
f 4333 4369 4363
f 4333 4332 4369
f 4332 4370 4369
f 4356 4371 4365
f 4359 4372 4357
f 4352 4373 4353
f 4340 4374 4342
f 4374 4343 4342
f 4344 4343 4375
f 4343 4376 4375
f 4343 4374 4376
f 4344 4375 4346
f 4375 4348 4346
f 4375 4373 4348
f 4373 4350 4348
f 4373 4352 4350
f 4340 4377 4374
f 4377 4376 4374
f 4377 4378 4376
f 4378 4375 4376
f 4378 4379 4375
f 4379 4373 4375
f 4379 4380 4373
f 4380 4379 4381
f 4379 4382 4381
f 4379 4378 4382
f 4378 4383 4382
f 4378 4377 4383
f 4377 4340 4383
f 4339 4384 4336
f 4384 4362 4336
f 4384 4361 4362
f 4385 4380 4386
f 4380 4387 4386
f 4380 4381 4387
f 4388 4372 4389
f 4372 4384 4389
f 4372 4359 4384
f 4359 4361 4384
f 4353 4373 4339
f 4373 4384 4339
f 4373 4380 4384
f 4380 4389 4384
f 4380 4385 4389
f 4385 4388 4389
f 4385 4390 4388
f 4390 4391 4388
f 4392 4393 4391
f 4393 4388 4391
f 4393 4371 4388
f 4371 4372 4388
f 4371 4356 4372
f 4356 4357 4372
f 4394 4396 4395
f 4396 4397 4395
f 4396 4398 4397
f 4399 4401 4400
f 4371 4402 4365
f 4393 4403 4371
f 4404 4406 4405
f 4406 4407 4405
f 4406 4393 4407
f 4393 4408 4407
f 4393 4392 4408
f 4409 4411 4410
f 4411 4412 4410
f 4411 4413 4412
f 4413 4414 4412
f 4413 4404 4414
f 4404 4415 4414
f 4404 4405 4415
f 4371 4403 4402
f 4403 4416 4402
f 4403 4417 4416
f 4417 4418 4416
f 4417 4419 4418
f 4419 4420 4418
f 4419 4421 4420
f 4421 4422 4420
f 4421 4423 4422
f 4423 4399 4422
f 4423 4424 4399
f 4424 4401 4399
f 4424 4425 4401
f 4393 4406 4403
f 4406 4417 4403
f 4406 4404 4417
f 4404 4419 4417
f 4404 4413 4419
f 4413 4421 4419
f 4413 4411 4421
f 4411 4423 4421
f 4411 4426 4423
f 4426 4424 4423
f 4426 4396 4424
f 4396 4425 4424
f 4396 4394 4425
f 4409 4427 4411
f 4427 4426 4411
f 4427 4428 4426
f 4428 4396 4426
f 4428 4429 4396
f 4429 4398 4396
f 4429 4430 4398
f 4431 4433 4432
f 4434 4436 4435
f 4436 4437 4435
f 4437 4438 4435
f 4437 4439 4438
f 4433 4431 4440
f 4431 4441 4440
f 4431 4438 4441
f 4438 4442 4441
f 4438 4439 4442
f 4443 4445 4444
f 4445 4434 4444
f 4445 4446 4434
f 4446 4436 4434
f 4447 4448 4433
f 4448 4432 4433
f 4448 4449 4432
f 4450 4452 4451
f 4453 4455 4454
f 4456 4457 4453
f 4458 4457 4459
f 4457 4460 4459
f 4457 4456 4460
f 4461 4463 4462
f 4463 4464 4462
f 4463 4458 4464
f 4465 4467 4466
f 4467 4469 4468
f 4469 4470 4468
f 4469 4461 4470
f 4471 4473 4472
f 4473 4474 4472
f 4475 4477 4476
f 4477 4478 4476
f 4479 4481 4480
f 4481 4482 4480
f 4481 4483 4482
f 4453 4457 4455
f 4457 4484 4455
f 4457 4485 4484
f 4485 4486 4484
f 4485 4487 4486
f 4487 4488 4486
f 4487 4489 4488
f 4489 4490 4488
f 4489 4491 4490
f 4491 4492 4490
f 4491 4493 4492
f 4493 4494 4492
f 4493 4495 4494
f 4495 4496 4494
f 4495 4497 4496
f 4497 4498 4496
f 4497 4499 4498
f 4499 4500 4498
f 4499 4501 4500
f 4501 4502 4500
f 4501 4503 4502
f 4503 4504 4502
f 4503 4505 4504
f 4505 4506 4504
f 4505 4507 4506
f 4507 4508 4506
f 4507 4481 4508
f 4481 4509 4508
f 4481 4479 4509
f 4458 4463 4457
f 4463 4485 4457
f 4463 4510 4485
f 4510 4487 4485
f 4510 4511 4487
f 4511 4489 4487
f 4511 4512 4489
f 4512 4491 4489
f 4512 4513 4491
f 4513 4493 4491
f 4513 4514 4493
f 4514 4495 4493
f 4514 4515 4495
f 4515 4497 4495
f 4515 4516 4497
f 4516 4499 4497
f 4516 4517 4499
f 4517 4501 4499
f 4517 4518 4501
f 4518 4503 4501
f 4518 4519 4503
f 4519 4505 4503
f 4519 4520 4505
f 4520 4507 4505
f 4520 4521 4507
f 4521 4481 4507
f 4521 4477 4481
f 4477 4483 4481
f 4477 4475 4483
f 4461 4469 4463
f 4469 4510 4463
f 4469 4522 4510
f 4522 4511 4510
f 4522 4523 4511
f 4523 4512 4511
f 4523 4524 4512
f 4524 4513 4512
f 4524 4525 4513
f 4525 4514 4513
f 4525 4526 4514
f 4526 4515 4514
f 4526 4527 4515
f 4527 4516 4515
f 4527 4528 4516
f 4528 4517 4516
f 4528 4529 4517
f 4529 4518 4517
f 4529 4530 4518
f 4530 4519 4518
f 4530 4531 4519
f 4531 4520 4519
f 4531 4532 4520
f 4532 4521 4520
f 4532 4533 4521
f 4533 4477 4521
f 4533 4473 4477
f 4473 4478 4477
f 4473 4471 4478
f 4467 4465 4469
f 4465 4522 4469
f 4465 4534 4522
f 4534 4523 4522
f 4534 4535 4523
f 4535 4524 4523
f 4535 4536 4524
f 4536 4525 4524
f 4536 4537 4525
f 4537 4526 4525
f 4537 4538 4526
f 4538 4527 4526
f 4538 4539 4527
f 4539 4528 4527
f 4539 4540 4528
f 4540 4529 4528
f 4540 4541 4529
f 4541 4530 4529
f 4541 4542 4530
f 4542 4531 4530
f 4542 4543 4531
f 4543 4532 4531
f 4543 4544 4532
f 4544 4533 4532
f 4544 4545 4533
f 4545 4473 4533
f 4545 4452 4473
f 4452 4474 4473
f 4452 4450 4474
f 4546 4486 4488
f 4546 4488 4547
f 4488 4548 4547
f 4488 4490 4548
f 4490 4549 4548
f 4490 4492 4549
f 4492 4550 4549
f 4492 4494 4550
f 4494 4551 4550
f 4494 4496 4551
f 4496 4552 4551
f 4496 4498 4552
f 4498 4553 4552
f 4498 4500 4553
f 4500 4554 4553
f 4500 4502 4554
f 4502 4555 4554
f 4502 4504 4555
f 4504 4556 4555
f 4504 4506 4556
f 4506 4557 4556
f 4506 4508 4557
f 4508 4509 4557
f 4454 4455 4558
f 4455 4559 4558
f 4455 4484 4559
f 4559 4484 4560
f 4484 4561 4560
f 4484 4486 4561
f 4486 4562 4561
f 4486 4546 4562
f 4558 4564 4563
f 4565 4566 4557
f 4566 4556 4557
f 4566 4567 4556
f 4567 4555 4556
f 4567 4568 4555
f 4568 4554 4555
f 4568 4569 4554
f 4569 4553 4554
f 4569 4570 4553
f 4570 4552 4553
f 4570 4571 4552
f 4571 4551 4552
f 4571 4572 4551
f 4572 4550 4551
f 4572 4573 4550
f 4573 4549 4550
f 4573 4574 4549
f 4574 4548 4549
f 4574 4575 4548
f 4575 4547 4548
f 4575 4576 4547
f 4576 4546 4547
f 4576 4577 4546
f 4577 4562 4546
f 4577 4578 4562
f 4578 4561 4562
f 4578 4579 4561
f 4579 4560 4561
f 4579 4564 4560
f 4564 4559 4560
f 4564 4558 4559
f 4580 4582 4581
f 4583 4585 4584
f 4586 4588 4587
f 4588 4589 4587
f 4588 4585 4589
f 4585 4590 4589
f 4585 4583 4590
f 4591 4593 4592
f 4593 4594 4592
f 4593 4595 4594
f 4582 4593 4581
f 4593 4596 4581
f 4593 4591 4596
f 4580 4597 4582
f 4597 4598 4582
f 4597 4599 4598
f 4594 4595 4586
f 4595 4588 4586
f 4595 4600 4588
f 4600 4585 4588
f 4601 4582 4598
f 4602 4604 4603
f 4605 4607 4606
f 4607 4608 4606
f 4607 4609 4608
f 4608 4609 4610
f 4609 4611 4610
f 4609 4612 4611
f 4612 4613 4611
f 4612 4614 4613
f 4614 4615 4613
f 4615 4616 4613
f 4615 4617 4616
f 4618 4620 4619
f 4620 4621 4619
f 4620 4607 4621
f 4607 4622 4621
f 4607 4605 4622
f 4618 4623 4620
f 4623 4624 4620
f 4623 4625 4624
f 4626 4628 4627
f 4628 4629 4627
f 4630 4625 4631
f 4625 4632 4631
f 4625 4623 4632
f 4633 4634 4624
f 4634 4620 4624
f 4634 4604 4620
f 4604 4607 4620
f 4604 4602 4607
f 4602 4609 4607
f 4595 4593 4633
f 4593 4634 4633
f 4593 4582 4634
f 4582 4604 4634
f 4582 4601 4604
f 4601 4603 4604
f 4629 4628 4630
f 4628 4625 4630
f 4628 4635 4625
f 4635 4624 4625
f 4635 4636 4624
f 4636 4633 4624
f 4636 4637 4633
f 4637 4595 4633
f 4637 4600 4595
f 2160 4638 4635
f 4638 4636 4635
f 4638 4639 4636
f 4639 4637 4636
f 4639 2156 4637
f 2156 4600 4637
f 2162 2160 4640
f 2160 4641 4640
f 2160 4635 4641
f 4635 4642 4641
f 4635 4628 4642
f 4628 4626 4642
f 530 2170 533
f 2170 4643 533
f 2170 4644 4643
f 4644 4645 4643
f 4644 4646 4645
f 4646 4647 4645
f 4646 4648 4647
f 4648 4649 4647
f 4648 2174 4649
f 2174 4650 4649
f 2174 4651 4650
f 4651 4652 4650
f 4651 2179 4652
f 2179 4653 4652
f 2179 2180 4653
f 2180 4654 4653
f 2180 2182 4654
f 2182 4655 4654
f 2182 4656 4655
f 4656 4657 4655
f 4656 2186 4657
f 2186 4658 4657
f 2186 4659 4658
f 4659 4660 4658
f 4659 2190 4660
f 2190 4661 4660
f 2190 2162 4661
f 2162 4662 4661
f 2162 4640 4662
f 4663 4563 2157
f 4563 2156 2157
f 2156 4585 4600
f 4566 4565 2156
f 4565 4585 2156
f 4565 4584 4585
f 4566 2156 4567
f 2156 4568 4567
f 2156 4569 4568
f 4572 2156 4573
f 2156 4574 4573
f 2156 4575 4574
f 4569 2156 4570
f 2156 4571 4570
f 2156 4572 4571
f 4575 2156 4576
f 2156 4577 4576
f 2156 4578 4577
f 4578 2156 4579
f 2156 4564 4579
f 2156 4563 4564
f 4664 4599 4665
f 4599 4451 4665
f 4599 4597 4451
f 4597 4450 4451
f 4597 4580 4450
f 4580 4474 4450
f 4580 4581 4474
f 4581 4472 4474
f 4581 4596 4472
f 4596 4471 4472
f 4596 4591 4471
f 4591 4478 4471
f 4591 4592 4478
f 4592 4476 4478
f 4592 4594 4476
f 4594 4475 4476
f 4594 4586 4475
f 4586 4483 4475
f 4557 4509 4565
f 4509 4584 4565
f 4509 4479 4584
f 4479 4583 4584
f 4479 4480 4583
f 4480 4590 4583
f 4480 4482 4590
f 4482 4589 4590
f 4482 4483 4589
f 4483 4587 4589
f 4483 4586 4587
f 4666 4668 4667
f 4669 4671 4670
f 4672 4673 4669
f 4674 4676 4675
f 4677 4679 4678
f 4680 4682 4681
f 4683 4685 4684
f 4686 4688 4687
f 4689 4691 4690
f 4692 1826 1938
f 4693 4695 4694
f 4695 4696 4694
f 4697 4699 4698
f 4697 4700 4699
f 4700 4701 4699
f 4700 4702 4701
f 4702 4700 4703
f 4700 4704 4703
f 4700 4705 4704
f 4706 4708 4707
f 4708 4709 4707
f 4614 4612 4710
f 4612 4711 4710
f 4612 4609 4711
f 4609 4706 4711
f 4609 4602 4706
f 4602 4708 4706
f 4602 4603 4708
f 4664 4713 4712
f 4713 4714 4712
f 4713 4715 4714
f 4603 4601 4708
f 4601 4712 4708
f 4601 4598 4712
f 4598 4664 4712
f 4598 4599 4664
f 4715 4716 4714
f 4716 4717 4714
f 4716 4718 4717
f 4719 4721 4720
f 4721 4722 4720
f 4723 4725 4724
f 4725 4726 4724
f 4727 4729 4728
f 4729 4730 4728
f 4729 4731 4730
f 4732 4734 4733
f 4734 4732 4735
f 4732 4736 4735
f 4732 4727 4736
f 4737 4739 4738
f 4739 4737 4740
f 4737 4741 4740
f 4737 4733 4741
f 4733 4742 4741
f 4733 4734 4742
f 4743 4745 4744
f 4745 4746 4744
f 4745 4738 4746
f 4738 4747 4746
f 4738 4739 4747
f 4748 4750 4749
f 1845 4752 4751
f 4752 4748 4751
f 4752 1841 4748
f 1841 4750 4748
f 1841 1813 4750
f 1813 4753 4750
f 1813 1814 4753
f 4754 4753 1817
f 4753 4755 1817
f 4753 1814 4755
f 4756 4757 1943
f 4757 1820 1943
f 4757 4754 1820
f 4754 4758 1820
f 4754 1817 4758
f 1823 4760 4759
f 4760 4761 4759
f 4762 4761 1940
f 4761 1939 1940
f 4761 4760 1939
f 1826 4762 4763
f 4762 1942 4763
f 4762 1940 1942
f 4686 4764 4688
f 4765 4764 4766
f 4766 4767 4765
f 4666 4769 4768
f 4677 4769 4679
f 4770 4772 4771
f 4771 4773 4770
f 4773 4774 4770
f 4773 4775 4774
f 4776 4778 4777
f 4778 4776 4779
f 4776 4780 4779
f 4776 4774 4780
f 4774 4781 4780
f 4774 4775 4781
f 4782 4784 4783
f 4784 4785 4783
f 4784 4777 4785
f 4777 4786 4785
f 4777 4778 4786
f 4787 4789 4788
f 4789 4790 4788
f 4789 4791 4790
f 4791 4792 4790
f 4793 4794 4792
f 4794 4790 4792
f 4794 4795 4790
f 4795 4796 4790
f 4797 4790 4798
f 4790 4799 4798
f 4790 4796 4799
f 4800 4802 4801
f 4801 4797 4803
f 4797 4804 4803
f 4797 4798 4804
f 4674 4805 4676
f 4806 4808 4807
f 4809 4811 4810
f 4811 4812 4810
f 4811 4813 4812
f 4813 4814 4812
f 4813 4815 4814
f 4815 4816 4814
f 4815 4808 4816
f 4808 4696 4816
f 4808 4806 4696
f 4806 4694 4696
f 4810 4812 4817
f 4812 4818 4817
f 4812 4814 4818
f 4814 4819 4818
f 4814 4816 4819
f 4816 4700 4819
f 4816 4696 4700
f 4696 4705 4700
f 4696 4695 4705
f 4817 4818 4717
f 4818 4714 4717
f 4818 4819 4714
f 4819 4712 4714
f 4819 4700 4712
f 4700 4708 4712
f 4700 4697 4708
f 4697 4709 4708
f 4697 4698 4709
f 4820 4822 4821
f 4822 4823 4821
f 4822 4824 4823
f 4824 4825 4823
f 4824 4826 4825
f 4826 4725 4825
f 4826 4721 4725
f 4721 4726 4725
f 4721 4719 4726
f 4672 4827 4673
f 4827 4828 4673
f 4827 4829 4828
f 4830 4832 4831
f 4833 4834 4831
f 4834 4830 4831
f 4834 4835 4830
f 4669 4673 4671
f 4673 4836 4671
f 4673 4828 4836
f 4828 4837 4836
f 4828 4829 4837
f 4729 4838 4837
f 4838 4836 4837
f 4838 4833 4836
f 4833 4671 4836
f 4833 4831 4671
f 4831 4670 4671
f 4831 4832 4670
f 1823 4759 4756
f 4759 4757 4756
f 4759 4839 4757
f 4839 4754 4757
f 4839 4840 4754
f 4840 4753 4754
f 4840 4841 4753
f 4841 4750 4753
f 4727 4732 4729
f 4732 4838 4729
f 4732 4733 4838
f 4733 4833 4838
f 4733 4737 4833
f 4737 4834 4833
f 4737 4738 4834
f 4738 4835 4834
f 4738 4745 4835
f 4842 4682 4679
f 4682 4678 4679
f 4682 4680 4678
f 4843 4845 4844
f 4666 4667 4769
f 4667 4679 4769
f 4667 4846 4679
f 4846 4842 4679
f 4846 4847 4842
f 4731 4729 4723
f 4729 4725 4723
f 4729 4837 4725
f 4837 4825 4725
f 4837 4829 4825
f 4829 4823 4825
f 4829 4827 4823
f 4827 4821 4823
f 4827 4672 4821
f 4672 4820 4821
f 4672 4669 4820
f 4669 4844 4820
f 4669 4670 4844
f 4670 4843 4844
f 4670 4832 4843
f 4848 4849 4847
f 4849 4842 4847
f 4849 4850 4842
f 4850 4682 4842
f 4850 4685 4682
f 4685 4681 4682
f 4685 4683 4681
f 4764 4765 4688
f 4765 4851 4688
f 4765 4767 4851
f 4759 4761 4852
f 4761 4853 4852
f 4761 4762 4853
f 4762 4691 4853
f 4762 1826 4691
f 1826 4690 4691
f 1826 4692 4690
f 4854 4855 4848
f 4855 4849 4848
f 4855 4856 4849
f 4856 4850 4849
f 4856 4857 4850
f 4857 4685 4850
f 4857 4851 4685
f 4851 4684 4685
f 4851 4767 4684
f 4841 4840 4854
f 4840 4855 4854
f 4840 4839 4855
f 4839 4856 4855
f 4839 4759 4856
f 4759 4857 4856
f 4759 4852 4857
f 4852 4851 4857
f 4852 4853 4851
f 4853 4688 4851
f 4853 4691 4688
f 4691 4687 4688
f 4691 4689 4687
f 4858 4860 4859
f 4860 4861 4859
f 4860 4802 4861
f 4801 4802 4797
f 4802 4790 4797
f 4802 4860 4790
f 4860 4788 4790
f 4860 4858 4788
f 4858 4787 4788
f 4858 4862 4787
f 4749 4750 4743
f 4750 4745 4743
f 4750 4841 4745
f 4841 4835 4745
f 4841 4854 4835
f 4854 4830 4835
f 4854 4848 4830
f 4848 4832 4830
f 4848 4847 4832
f 4847 4843 4832
f 4847 4846 4843
f 4846 4845 4843
f 4846 4667 4845
f 4667 4863 4845
f 4667 4668 4863
f 4668 4864 4863
f 4668 4865 4864
f 4865 4866 4864
f 4865 4867 4866
f 4867 4868 4866
f 4867 4869 4868
f 4869 4870 4868
f 4869 4871 4870
f 4871 4869 4784
f 4869 4777 4784
f 4869 4867 4777
f 4867 4776 4777
f 4867 4865 4776
f 4865 4774 4776
f 4865 4668 4774
f 4668 4770 4774
f 4668 4666 4770
f 4666 4772 4770
f 4666 4768 4772
f 4675 4676 4800
f 4676 4802 4800
f 4676 4872 4802
f 4872 4861 4802
f 4872 4873 4861
f 4873 4874 4861
f 4873 4875 4874
f 4875 4877 4876
f 4877 4878 4876
f 4879 4880 4878
f 4880 4876 4878
f 4880 4881 4876
f 4881 4875 4876
f 4881 4882 4875
f 4882 4874 4875
f 4883 4885 4884
f 4885 4886 4884
f 4885 4809 4886
f 4879 4878 4883
f 4878 4885 4883
f 4878 4877 4885
f 4877 4809 4885
f 4877 4875 4809
f 4875 4811 4809
f 4875 4873 4811
f 4873 4813 4811
f 4873 4872 4813
f 4872 4815 4813
f 4872 4676 4815
f 4676 4808 4815
f 4676 4805 4808
f 4805 4807 4808
f 4862 4858 4782
f 4858 4784 4782
f 4858 4859 4784
f 4859 4871 4784
f 4859 4861 4871
f 4861 4870 4871
f 4861 4874 4870
f 4874 4868 4870
f 4874 4882 4868
f 4882 4866 4868
f 4882 4881 4866
f 4881 4864 4866
f 4881 4880 4864
f 4880 4863 4864
f 4880 4879 4863
f 4879 4845 4863
f 4879 4883 4845
f 4883 4844 4845
f 4883 4884 4844
f 4884 4820 4844
f 4884 4886 4820
f 4886 4822 4820
f 4886 4809 4822
f 4809 4824 4822
f 4809 4810 4824
f 4810 4826 4824
f 4810 4817 4826
f 4817 4721 4826
f 4817 4717 4721
f 4717 4722 4721
f 4717 4718 4722
f 4887 4888 1729
f 4889 4891 4890
f 4892 4894 4893
f 4895 4897 4896
f 4796 4898 4799
f 4798 4899 4804
f 4900 4901 1630
f 4902 4904 4903
f 4900 4904 4901
f 4903 4905 4902
f 4905 4906 4902
f 4905 4907 4906
f 4908 4906 4909
f 4906 4910 4909
f 4906 4907 4910
f 4911 4913 4912
f 4913 4914 4912
f 4913 4908 4914
f 4908 4915 4914
f 4908 4909 4915
f 4911 4916 4913
f 4916 4917 4913
f 4916 4918 4917
f 4918 4919 4917
f 4919 4920 4917
f 4919 4921 4920
f 4921 4922 4920
f 4922 4923 4920
f 4922 4924 4923
f 4924 4925 4923
f 4925 4926 4923
f 4925 4927 4926
f 4928 4930 4929
f 4930 4931 4929
f 4930 4926 4931
f 4926 4932 4931
f 4926 4927 4932
f 4933 4935 4934
f 4935 4936 4934
f 4935 4937 4936
f 4933 4938 4935
f 4938 4939 4935
f 4938 4940 4939
f 4940 4941 4939
f 4941 4942 4939
f 4941 4943 4942
f 4943 4944 4942
f 4944 4945 4942
f 4944 4946 4945
f 4947 4945 4948
f 4945 4949 4948
f 4945 4946 4949
f 4946 4950 4949
f 4946 4951 4950
f 4952 4954 4953
f 4954 4955 4953
f 4954 4947 4955
f 4947 4956 4955
f 4947 4948 4956
f 4954 4952 4806
f 4952 4694 4806
f 4952 4957 4694
f 4957 4693 4694
f 4674 4954 4805
f 4954 4807 4805
f 4954 4806 4807
f 4803 4958 4801
f 4958 4800 4801
f 4958 4675 4800
f 4796 4795 4898
f 4959 4794 4960
f 4794 4793 4960
f 4897 4959 4896
f 4959 4961 4896
f 4959 4960 4961
f 4962 4897 4963
f 4897 4964 4963
f 4897 4895 4964
f 4894 4965 4893
f 4893 4965 4966
f 4965 4967 4966
f 4965 4962 4967
f 4962 4968 4967
f 4962 4963 4968
f 4892 4969 4894
f 4969 4970 4894
f 4969 4971 4970
f 4971 4972 4970
f 4972 4973 4970
f 4972 4974 4973
f 4974 4975 4973
f 4975 4976 4973
f 4975 4977 4976
f 4977 4978 4976
f 4978 4979 4976
f 4978 4980 4979
f 4981 4979 4982
f 4979 4983 4982
f 4979 4980 4983
f 4891 4984 4890
f 4890 4984 4985
f 4984 4986 4985
f 4984 4981 4986
f 4981 4987 4986
f 4981 4982 4987
f 4889 4988 4891
f 4988 4989 4891
f 4988 4990 4989
f 4990 4991 4989
f 4991 4992 4989
f 4991 4993 4992
f 4993 4994 4992
f 4994 4888 4992
f 4994 4995 4888
f 4995 1729 4888
f 4995 1728 1729
f 4901 4997 4996
f 4997 1724 4996
f 4997 1722 1724
f 4998 5000 4999
f 5000 5001 4999
f 5000 5002 5001
f 5002 5003 5001
f 5002 4958 5003
f 4958 4899 5003
f 4958 4803 4899
f 4803 4804 4899
f 4998 4999 5004
f 4999 5005 5004
f 4999 5001 5005
f 5001 5006 5005
f 5001 5003 5006
f 5003 5007 5006
f 5003 4899 5007
f 4899 4898 5007
f 4899 4798 4898
f 4798 4799 4898
f 4904 4902 4901
f 4902 4997 4901
f 4902 4906 4997
f 4906 5008 4997
f 4906 4908 5008
f 4908 5009 5008
f 4908 4913 5009
f 4913 5010 5009
f 4913 4917 5010
f 4917 5011 5010
f 4917 4920 5011
f 4920 5012 5011
f 4920 4923 5012
f 4923 5013 5012
f 4923 4926 5013
f 4926 5014 5013
f 4926 4930 5014
f 4930 5015 5014
f 4930 4928 5015
f 4928 5016 5015
f 4928 5004 5016
f 5004 5017 5016
f 5004 5005 5017
f 1722 4997 4887
f 4997 4888 4887
f 4997 5008 4888
f 5008 4992 4888
f 5008 5009 4992
f 5009 4989 4992
f 5009 5010 4989
f 5010 4891 4989
f 5010 5011 4891
f 5011 4984 4891
f 5011 5012 4984
f 5012 4981 4984
f 5012 5013 4981
f 5013 4979 4981
f 5013 5014 4979
f 5014 4976 4979
f 5014 5015 4976
f 5015 4973 4976
f 5015 5016 4973
f 5016 4970 4973
f 5016 5017 4970
f 5017 4894 4970
f 5017 5005 4894
f 5005 4965 4894
f 5005 5006 4965
f 5006 4962 4965
f 5006 5007 4962
f 5007 4897 4962
f 5007 4898 4897
f 4898 4959 4897
f 4898 4795 4959
f 4795 4794 4959
f 4937 4935 4929
f 4935 4928 4929
f 4935 4939 4928
f 4939 5004 4928
f 4939 4942 5004
f 4942 4998 5004
f 4942 4945 4998
f 4945 5000 4998
f 4945 4947 5000
f 4947 5002 5000
f 4947 4954 5002
f 4954 4958 5002
f 4954 4674 4958
f 4674 4675 4958
f 1631 4900 1630
f 5018 1631 1628
f 5019 1628 1626
f 5020 1626 1612
f 1631 5018 4900
f 5018 4904 4900
f 5018 5021 4904
f 5021 4903 4904
f 5021 5022 4903
f 4915 5024 5023
f 4903 5022 4905
f 5022 4907 4905
f 5022 5025 4907
f 5025 4910 4907
f 5025 5024 4910
f 5024 4909 4910
f 5024 4915 4909
f 4915 5023 4914
f 5023 4912 4914
f 5023 5026 4912
f 5026 4911 4912
f 5026 5027 4911
f 4924 5029 5028
f 4911 5027 4916
f 5027 4918 4916
f 5027 5030 4918
f 5030 4919 4918
f 5030 5031 4919
f 5031 4921 4919
f 5031 5029 4921
f 5029 4922 4921
f 5029 4924 4922
f 4924 5028 4925
f 5028 4927 4925
f 5028 5032 4927
f 5032 4932 4927
f 5032 5033 4932
f 4932 5033 4931
f 5033 4929 4931
f 5033 5034 4929
f 5034 4937 4929
f 4937 5034 4936
f 5034 4934 4936
f 5034 5035 4934
f 5035 4933 4934
f 5035 5036 4933
f 4944 4943 5037
f 4943 5038 5037
f 4933 5036 4938
f 5036 4940 4938
f 5036 5038 4940
f 5038 4941 4940
f 5038 4943 4941
f 1628 5019 5018
f 5019 5021 5018
f 5019 5039 5021
f 5039 5022 5021
f 5039 5040 5022
f 5040 5025 5022
f 5040 5041 5025
f 5041 5024 5025
f 5041 5042 5024
f 5042 5023 5024
f 5042 5043 5023
f 5043 5026 5023
f 5043 5044 5026
f 5044 5027 5026
f 5044 5045 5027
f 5045 5030 5027
f 5045 5046 5030
f 5046 5031 5030
f 5046 5047 5031
f 5047 5029 5031
f 5047 5048 5029
f 5048 5028 5029
f 5048 5049 5028
f 5049 5032 5028
f 5049 5050 5032
f 5050 5033 5032
f 5050 5051 5033
f 5051 5034 5033
f 5051 5052 5034
f 5052 5035 5034
f 5052 5053 5035
f 5053 5036 5035
f 5053 5054 5036
f 5054 5038 5036
f 5054 5055 5038
f 5055 5037 5038
f 5055 5056 5037
f 1626 5020 5019
f 5020 5039 5019
f 5020 5057 5039
f 5057 5040 5039
f 5057 5058 5040
f 5058 5041 5040
f 5058 5059 5041
f 5059 5042 5041
f 5059 5060 5042
f 5060 5043 5042
f 5060 5061 5043
f 5061 5044 5043
f 5061 5062 5044
f 5062 5045 5044
f 5062 5063 5045
f 5063 5046 5045
f 5063 5064 5046
f 5064 5047 5046
f 5064 5065 5047
f 5065 5048 5047
f 5065 5066 5048
f 5066 5049 5048
f 5066 5067 5049
f 5067 5050 5049
f 5067 5068 5050
f 5068 5051 5050
f 5068 5069 5051
f 5069 5052 5051
f 5069 5070 5052
f 5070 5053 5052
f 5070 5071 5053
f 5071 5054 5053
f 5071 5072 5054
f 5072 5055 5054
f 5072 5073 5055
f 5073 5056 5055
f 5073 5074 5056
f 5070 5069 5075
f 5069 1593 5075
f 5069 5068 1593
f 5070 5075 5071
f 5075 5072 5071
f 5075 5076 5072
f 5076 5073 5072
f 5076 5074 5073
f 1593 5020 1612
f 5065 1593 5066
f 1593 5067 5066
f 1593 5068 5067
f 5059 1593 5060
f 1593 5061 5060
f 1593 5062 5061
f 5062 1593 5063
f 1593 5064 5063
f 1593 5065 5064
f 5020 1593 5057
f 1593 5058 5057
f 1593 5059 5058
f 553 5077 41
f 5077 2224 41
f 5077 5078 2224
f 5078 2225 2224
f 5078 5079 2225
f 5079 2221 2225
f 5079 5080 2221
f 5080 2222 2221
f 5080 5081 2222
f 5081 2223 2222
f 5082 5083 5081
f 5083 5084 5081
f 4641 5085 4640
f 5085 5086 4640
f 5087 5081 5088
f 558 5089 553
f 5089 5077 553
f 5077 5089 5078
f 5089 5079 5078
f 5089 5082 5079
f 5082 5080 5079
f 5082 5081 5080
f 5087 5090 5081
f 5081 5076 5075
f 533 4643 557
f 4643 5091 557
f 4643 4645 5091
f 4653 5092 4652
f 5076 5081 5093
f 5081 5094 5093
f 5081 5090 5094
f 5095 5097 5096
f 5097 5098 5096
f 5097 5099 5098
f 5099 5100 5098
f 4645 4647 5091
f 4647 5101 5091
f 4647 4649 5101
f 4649 4650 5101
f 4650 5096 5101
f 4650 4652 5096
f 4652 5095 5096
f 4652 5092 5095
f 5084 5103 5102
f 5103 5104 5102
f 5103 5105 5104
f 5088 5081 5106
f 5081 5107 5106
f 5081 5084 5107
f 5084 5108 5107
f 5084 5102 5108
f 4449 5092 4655
f 5092 4654 4655
f 5092 4653 4654
f 4661 4662 5109
f 4662 5110 5109
f 4662 4640 5110
f 4640 5111 5110
f 4640 5086 5111
f 5104 5105 5112
f 5105 5113 5112
f 5105 5114 5113
f 5114 5115 5113
f 5114 5100 5115
f 5100 5116 5115
f 5100 5099 5116
f 4661 5109 4660
f 5109 4658 4660
f 5109 4444 4658
f 4444 4434 4658
f 4432 4449 4658
f 4449 4657 4658
f 4449 4655 4657
f 4435 4438 4434
f 4438 4658 4434
f 4438 4431 4658
f 4431 4432 4658
f 593 5117 558
f 5117 5089 558
f 5117 5118 5089
f 5118 5082 5089
f 5118 5119 5082
f 5119 5083 5082
f 5119 5120 5083
f 5120 5084 5083
f 5120 5121 5084
f 5121 5103 5084
f 5121 5122 5103
f 5122 5105 5103
f 5122 5123 5105
f 5123 5114 5105
f 5123 5124 5114
f 5124 5100 5114
f 5124 5125 5100
f 5125 5098 5100
f 5125 5126 5098
f 5126 5096 5098
f 5126 5127 5096
f 5127 5101 5096
f 5127 5128 5101
f 5128 5091 5101
f 5128 574 5091
f 574 557 5091
f 574 5128 603
f 5128 5129 603
f 5128 5127 5129
f 5127 5130 5129
f 5127 5126 5130
f 5126 5131 5130
f 5126 5125 5131
f 5125 5132 5131
f 5125 5124 5132
f 5124 5133 5132
f 5124 5123 5133
f 5123 5134 5133
f 5123 5122 5134
f 5122 5135 5134
f 5122 5121 5135
f 5121 5136 5135
f 5121 5120 5136
f 5120 5137 5136
f 5120 5119 5137
f 5119 5138 5137
f 5119 5118 5138
f 5118 5139 5138
f 5118 5117 5139
f 5117 5140 5139
f 5117 593 5140
f 593 594 5140
f 232 5141 594
f 5141 5140 594
f 5141 5142 5140
f 5142 5139 5140
f 5142 5143 5139
f 5143 5138 5139
f 5143 5144 5138
f 5144 5137 5138
f 5144 5145 5137
f 5145 5136 5137
f 5145 5146 5136
f 5146 5135 5136
f 5146 5147 5135
f 5147 5134 5135
f 5147 5148 5134
f 5148 5133 5134
f 5148 5149 5133
f 5149 5132 5133
f 5149 5150 5132
f 5150 5131 5132
f 5150 5151 5131
f 5151 5130 5131
f 5151 5152 5130
f 5152 5129 5130
f 5152 216 5129
f 216 603 5129
f 5151 4422 5152
f 5153 5154 232
f 5154 5141 232
f 216 5152 4400
f 5152 4399 4400
f 5152 4422 4399
f 5143 5142 5155
f 5142 5156 5155
f 5144 4270 5145
f 4402 4364 4365
f 4223 4225 5155
f 4225 5143 5155
f 4225 4227 5143
f 4227 4229 5143
f 4270 4271 5145
f 4271 5146 5145
f 4271 4272 5146
f 5156 5142 5157
f 5142 5158 5157
f 5142 5141 5158
f 5141 5159 5158
f 5141 5154 5159
f 4299 5149 4297
f 5149 4295 4297
f 4422 5151 4420
f 5151 4418 4420
f 5151 5150 4418
f 5150 4416 4418
f 5150 5149 4416
f 5149 4402 4416
f 4223 5155 4221
f 5155 4219 4221
f 5155 5160 4219
f 5160 4217 4219
f 4272 4273 5146
f 4273 5147 5146
f 4273 4274 5147
f 4274 5148 5147
f 4274 4275 5148
f 4270 5144 4269
f 5144 4268 4269
f 5144 5143 4268
f 5143 4231 4268
f 5143 4229 4231
f 4305 5149 4303
f 5149 4301 4303
f 5149 4299 4301
f 4217 5160 4202
f 5160 4201 4202
f 5160 4191 4201
f 4295 5149 4293
f 5149 4291 4293
f 5149 5148 4291
f 5148 4276 4291
f 5148 4275 4276
f 4191 5160 4190
f 5160 4188 4190
f 5160 4187 4188
f 4402 5149 4364
f 5149 4335 4364
f 5149 4305 4335
f 4305 4323 4335
f 4305 4317 4323
f 4317 4322 4323
f 4317 4329 4322
f 5161 5163 5162
f 5164 5166 5165
f 5166 5167 5165
f 5166 5163 5167
f 5163 5168 5167
f 5163 5161 5168
f 5166 5164 5169
f 5164 5160 5169
f 5164 4187 5160
f 5170 5172 5171
f 5171 5172 5173
f 5172 5174 5173
f 5172 5175 5174
f 5175 5176 5174
f 5175 5156 5176
f 5156 5157 5176
f 5177 5178 5170
f 5178 5172 5170
f 5178 5179 5172
f 5179 5175 5172
f 5179 5155 5175
f 5155 5156 5175
f 5163 5166 5177
f 5166 5178 5177
f 5166 5169 5178
f 5169 5179 5178
f 5169 5160 5179
f 5160 5155 5179
f 5180 5182 5181
f 5182 5183 5181
f 5184 5186 5185
f 5187 5189 5188
f 5174 5190 5173
f 5157 5191 5176
f 5176 5192 5174
f 5192 5190 5174
f 5192 5193 5190
f 5193 5194 5190
f 5194 5193 5195
f 5193 5187 5195
f 5193 5184 5187
f 5184 5189 5187
f 5184 5185 5189
f 5176 5191 5192
f 5191 5193 5192
f 5191 5196 5193
f 5196 5184 5193
f 5196 5182 5184
f 5182 5186 5184
f 5182 5180 5186
f 5157 5158 5191
f 5158 5196 5191
f 5158 5159 5196
f 5159 5182 5196
f 5159 5154 5182
f 5154 5183 5182
f 5154 5153 5183
f 5173 5190 5197
f 5190 1122 5197
f 5190 5194 1122
f 5194 5198 1122
f 5194 5195 5198
f 5195 5199 5198
f 5195 5187 5199
f 5187 265 5199
f 5187 5188 265
f 5163 5177 5200
f 5177 5201 5200
f 5177 5170 5201
f 5170 5171 5201
f 5197 5171 5173
f 5201 5203 5202
f 5171 5197 5201
f 5197 5203 5201
f 5197 1122 5203
f 5202 5204 5201
f 5204 5200 5201
f 5204 1131 5200
f 1133 5162 1131
f 5162 5200 1131
f 5162 5163 5200
f 5162 1133 5205
f 1133 5206 5205
f 5207 1137 5208
f 1137 5207 5209
f 5207 5210 5209
f 5207 5205 5210
f 5205 5211 5210
f 5205 5206 5211
f 4183 5212 4182
f 4185 5213 4183
f 4187 5164 4185
f 5164 5214 4185
f 5164 5165 5214
f 4183 5213 5212
f 5213 5215 5212
f 5213 5216 5215
f 5216 5217 5215
f 5216 5218 5217
f 5218 5208 5217
f 5218 5207 5208
f 4185 5214 5213
f 5214 5216 5213
f 5214 5219 5216
f 5219 5218 5216
f 5219 5220 5218
f 5220 5207 5218
f 5220 5205 5207
f 5165 5167 5214
f 5167 5219 5214
f 5167 5168 5219
f 5168 5220 5219
f 5168 5161 5220
f 5161 5205 5220
f 5161 5162 5205
f 4175 4182 5212
f 4181 4182 4126
f 4182 4177 4126
f 4182 4175 4177
f 4175 5212 4173
f 5212 4171 4173
f 5212 5215 4171
f 5215 4169 4171
f 5215 5217 4169
f 4155 1137 4153
f 4169 5217 4167
f 5217 4165 4167
f 5217 5208 4165
f 5208 4163 4165
f 4163 5208 4161
f 5208 4159 4161
f 5208 1137 4159
f 1137 4157 4159
f 1137 4155 4157
f 4153 1137 4151
f 1137 4149 4151
f 1137 4147 4149
f 4147 1137 4145
f 1137 4127 4145
f 1137 2228 4127
f 4126 4125 4181
f 4125 4189 4181
f 4125 4124 4189
f 4124 4123 4189
f 4123 3713 4189
f 3713 4196 4189
f 3713 3712 4196
f 3712 3717 4196
f 3717 4197 4196
f 3717 3705 4197
f 4197 5221 4198
f 5221 4197 3678
f 4197 3704 3678
f 4197 3705 3704
f 4216 5222 4236
f 3686 5223 3684
f 5223 5221 3684
f 5221 3679 3684
f 5221 3678 3679
f 5222 3609 5224
f 3609 5222 3690
f 5222 3689 3690
f 5222 5223 3689
f 5223 3687 3689
f 5223 3686 3687
f 4239 4238 5224
f 4238 5222 5224
f 4238 4237 5222
f 4237 4236 5222
f 4209 5223 4210
f 5223 4212 4210
f 5223 5222 4212
f 5222 4214 4212
f 5222 4216 4214
f 5221 4205 4198
f 5221 5223 4205
f 5223 4207 4205
f 5223 4209 4207
f 5224 4258 4239
f 4256 4259 3624
f 4259 3622 3624
f 4259 4258 3622
f 4258 3620 3622
f 4258 5224 3620
f 5224 3610 3620
f 5224 3609 3610
f 4253 4254 3639
f 4254 3626 3639
f 4254 4256 3626
f 4256 3625 3626
f 4256 3624 3625
f 4251 4253 3642
f 4253 3640 3642
f 4253 3639 3640
f 4249 4251 3646
f 4251 3644 3646
f 4251 3642 3644
f 4246 4248 3662
f 4248 3649 3662
f 4248 4249 3649
f 4249 3647 3649
f 4249 3646 3647
f 4243 4244 3667
f 4244 3665 3667
f 4244 4246 3665
f 4246 3663 3665
f 4246 3662 3663
f 4243 3667 4242
f 3667 5225 4242
f 3667 3668 5225
f 3668 3602 5225
f 4290 5226 4310
f 5227 3762 3764
f 5227 5225 3762
f 5225 3759 3762
f 5225 3602 3759
f 3764 3766 5227
f 3766 5226 5227
f 3766 3767 5226
f 3767 3768 5226
f 3768 5228 5226
f 3768 3756 5228
f 4313 4312 5228
f 4312 5226 5228
f 4312 4311 5226
f 4311 4310 5226
f 4283 5227 4284
f 5227 4286 4284
f 5227 5226 4286
f 5226 4288 4286
f 5226 4290 4288
f 5225 4279 4242
f 5225 5227 4279
f 5227 4281 4279
f 5227 4283 4281
f 5228 4314 4313
f 3756 3775 5228
f 3775 4314 5228
f 3775 3778 4314
f 4328 3569 4331
f 3778 3788 4314
f 3788 4318 4314
f 3788 3782 4318
f 3782 3783 4318
f 3579 3580 3783
f 3580 4318 3783
f 3580 3595 4318
f 3595 4320 4318
f 3595 3576 4320
f 3576 4319 4320
f 3576 3577 4319
f 4328 4319 3569
f 4319 3601 3569
f 4319 3577 3601
f 4332 4331 5229
f 4331 3535 5229
f 4331 3563 3535
f 3566 4331 3567
f 4331 3568 3567
f 4331 3569 3568
f 3563 4331 3564
f 4331 3565 3564
f 4331 3566 3565
f 4355 5230 4354
f 4340 4341 5231
f 4341 5232 5231
f 4341 4345 5232
f 4354 5230 4351
f 5230 4349 4351
f 5230 5232 4349
f 5232 4347 4349
f 5232 4345 4347
f 5229 5233 4332
f 5233 4370 4332
f 4370 5233 4366
f 5233 4367 4366
f 5233 5230 4367
f 5230 4368 4367
f 5230 4355 4368
f 3535 3533 5229
f 3533 5233 5229
f 3533 3530 5233
f 3530 5230 5233
f 3530 3531 5230
f 3531 5232 5230
f 3531 3541 5232
f 3541 5231 5232
f 5234 4390 5235
f 3541 3805 5231
f 3805 3802 5231
f 4390 4385 5235
f 4381 5235 4387
f 5235 4386 4387
f 5235 4385 4386
f 4340 5235 4383
f 5235 4382 4383
f 5235 4381 4382
f 5231 3802 4340
f 3802 5235 4340
f 3802 3803 5235
f 3803 5236 5235
f 3803 3811 5236
f 3811 2865 5236
f 3811 3519 2865
f 4430 4429 245
f 4429 5237 245
f 5238 5239 4412
f 5239 4410 4412
f 5239 2870 4410
f 2870 4409 4410
f 2870 5240 4409
f 5240 4427 4409
f 5240 5237 4427
f 5237 4428 4427
f 5237 4429 4428
f 4407 5241 4405
f 5241 4415 4405
f 5241 5238 4415
f 5238 4414 4415
f 5238 4412 4414
f 5234 5242 4390
f 5242 4391 4390
f 5242 5243 4391
f 5243 4392 4391
f 5243 5241 4392
f 5241 4408 4392
f 5241 4407 4408
f 1211 1210 1339
f 1210 1215 1339
f 1210 1938 1215
f 1938 1216 1215
f 1938 1826 1216
f 5244 3494 5245
f 3494 2886 5245
f 2886 5246 5245
f 2886 2892 5246
f 2892 3497 5246
f 3497 5247 5246
f 3497 2890 5247
f 3494 5244 2888
f 5244 2884 2888
f 5244 5248 2884
f 5248 3500 2884
f 5248 5249 3500
f 5249 2875 3500
f 5249 5250 2875
f 5240 4646 5237
f 245 2170 530
f 2875 5250 2876
f 5250 3501 2876
f 5250 5251 3501
f 5251 2880 3501
f 5251 2157 2880
f 2157 2881 2880
f 2157 2156 2881
f 2156 2865 2881
f 5240 2870 4646
f 245 5237 2170
f 5237 4644 2170
f 5237 4646 4644
f 4646 2870 4648
f 2870 2174 4648
f 2870 5239 2174
f 5239 4651 2174
f 5239 5238 4651
f 5238 2179 4651
f 5238 5241 2179
f 1940 3951 3081
f 2179 5241 2180
f 5241 2182 2180
f 5241 5243 2182
f 5247 2890 5252
f 2890 1845 5252
f 2890 2977 1845
f 2977 4752 1845
f 2977 3874 4752
f 3874 1841 4752
f 3874 3925 1841
f 1841 3925 1813
f 3925 1814 1813
f 3925 4011 1814
f 1814 4011 4755
f 4011 1817 4755
f 4011 4012 1817
f 4012 4758 1817
f 4012 4013 4758
f 4013 1820 4758
f 4013 4014 1820
f 4014 1943 1820
f 4014 4005 1943
f 2182 5243 4656
f 5243 2186 4656
f 5243 5242 2186
f 1943 4005 4756
f 4005 1823 4756
f 4005 3950 1823
f 3950 4760 1823
f 3950 3951 4760
f 3951 1939 4760
f 3951 1940 1939
f 2186 5242 4659
f 5242 2190 4659
f 5242 5234 2190
f 5234 2162 2190
f 5234 5235 2162
f 5235 2160 2162
f 5235 5236 2160
f 5236 4638 2160
f 5236 2865 4638
f 2865 4639 4638
f 2865 2156 4639
f 1940 3081 1942
f 3081 4763 1942
f 3081 3949 4763
f 3949 1826 4763
f 3949 3073 1826
f 3073 1216 1826
f 5253 5255 5254
f 5255 5257 5256
f 5257 5258 5256
f 5257 5259 5258
f 5259 5261 5260
f 5261 5262 5260
f 5261 5263 5262
f 5264 5266 5265
f 5267 5269 5268
f 5270 5272 5271
f 5273 5275 5274
f 5276 5278 5277
f 5271 5272 5279
f 5280 5268 5269
f 5281 5283 5282
f 5284 5286 5285
f 5287 5288 5285
f 5288 5284 5285
f 5289 5291 5290
f 5292 5294 5293
f 5294 5295 5293
f 5296 5298 5297
f 5298 5299 5297
f 5300 5302 5301
f 5303 5305 5304
f 5305 5306 5304
f 5307 5309 5308
f 5310 5312 5311
f 5313 5308 5314
f 5315 5317 5316
f 5318 5320 5319
f 5321 5323 5322
f 5324 5326 5325
f 5327 5329 5328
f 5327 5330 5329
f 5330 5331 5329
f 5332 5334 5333
f 5335 5337 5336
f 5338 5340 5339
f 5341 5343 5342
f 5344 5346 5345
f 5347 5349 5348
f 5350 5352 5351
f 5353 5355 5354
f 5356 5330 5327
f 5357 5358 5356
f 5359 5360 5357
f 5359 5361 5360
f 5362 5364 5363
f 5365 5367 5366
f 5368 5311 5369
f 5311 5312 5370
f 5312 5371 5370
f 5371 5373 5372
f 5373 5374 5372
f 5374 5309 5375
f 5309 5307 5375
f 5307 5377 5376
f 5366 5367 5376
f 5367 5375 5376
f 5378 5372 5375
f 5379 5370 5372
f 5379 5380 5370
f 5380 5369 5370
f 5381 5382 5365
f 5382 5367 5365
f 5363 5364 5381
f 5383 5384 5382
f 5383 5385 5384
f 5385 5387 5386
f 5387 5388 5386
f 5389 5390 5362
f 5391 5393 5392
f 5394 5395 5393
f 5396 5398 5397
f 5399 5401 5400
f 5265 5402 5264
f 5302 5300 5403
f 5403 5295 5294
f 5404 5352 5350
f 5333 5405 5332
f 5406 5336 5337
f 5319 5320 5407
f 5408 5410 5409
f 5411 5413 5412
f 5414 5416 5415
f 5417 5419 5418
f 5420 5422 5421
f 5409 5423 5408
f 5423 5424 5408
f 5409 5410 5425
f 5426 5417 5418
f 5416 5427 5415
f 5428 5411 5412
f 5429 5431 5430
f 5431 5432 5430
f 5433 5434 5429
f 5435 5437 5436
f 5438 5440 5439
f 5441 5443 5442
f 5441 5444 5443
f 5445 5447 5446
f 5447 5448 5446
f 5449 5450 5448
f 5451 5444 5441
f 5451 5452 5444
f 5453 5452 5451
f 5453 5454 5452
f 5455 5457 5456
f 5455 5458 5457
f 5459 5454 5453
f 5459 5460 5454
f 5260 5262 5461
f 5256 5258 5462
f 5410 5408 5463
f 5408 5424 5463
f 5464 5466 5465
f 5422 5467 5421
f 5468 5470 5469
f 5471 5473 5472
f 5474 5475 5253
f 5476 5477 5475
f 5478 5479 5477
f 5480 5481 5479
f 5482 5483 5481
f 5484 5486 5485
f 5487 5489 5488
f 5490 5491 5489
f 5490 5492 5491
f 5493 5495 5494
f 5496 5498 5497
f 5498 5499 5497
f 5498 5396 5499
f 5396 5397 5499
f 5499 5500 5389
f 5499 5397 5500
f 5381 5501 5363
f 5501 5362 5363
f 5501 5389 5362
f 5495 5502 5377
f 5502 5376 5377
f 5376 5502 5366
f 5502 5365 5366
f 5502 5381 5365
f 5503 5502 5504
f 5502 5505 5504
f 5502 5495 5505
f 5495 5506 5505
f 5495 5493 5506
f 5381 5502 5501
f 5502 5503 5507
f 5508 5499 5509
f 5499 5510 5509
f 5499 5501 5510
f 5501 5511 5510
f 5501 5507 5511
f 5508 5512 5499
f 5512 5497 5499
f 5512 5513 5497
f 5495 5514 5494
f 5313 5515 5514
f 5313 5314 5515
f 5314 5516 5515
f 5316 5317 5516
f 5517 5325 5518
f 5325 5519 5518
f 5326 5520 5519
f 5328 5521 5520
f 5329 5522 5521
f 5329 5331 5522
f 5331 5523 5522
f 5524 5525 5523
f 5526 5527 5525
f 5528 5529 5527
f 5530 5532 5531
f 5533 5535 5534
f 5535 5536 5343
f 5536 5342 5343
f 5534 5538 5537
f 5539 5540 5346
f 5540 5345 5346
f 5541 5540 5542
f 5539 5346 5543
f 5346 5544 5543
f 5346 5347 5544
f 5348 5545 5544
f 5348 5546 5545
f 5546 5348 5547
f 5348 5548 5547
f 5348 5549 5548
f 5549 5550 5548
f 5551 5552 5548
f 5551 5553 5552
f 5554 5556 5555
f 5553 5551 5557
f 5551 5556 5557
f 5558 5559 5555
f 5559 5554 5555
f 5559 5560 5554
f 5558 5354 5561
f 5354 5562 5561
f 5354 5355 5562
f 5355 5563 5562
f 5563 5564 5562
f 5564 5565 5562
f 5564 5566 5565
f 5567 5568 5565
f 5567 5303 5568
f 5558 5569 5559
f 5562 5570 5561
f 5304 5568 5303
f 5571 5572 5296
f 5572 5571 5573
f 5571 5574 5573
f 5571 5575 5574
f 5576 5578 5577
f 5578 5579 5577
f 5578 5299 5579
f 5287 5285 5576
f 5285 5286 5576
f 5576 5273 5274
f 5580 5582 5581
f 5582 5583 5581
f 5584 5586 5585
f 5586 5587 5585
f 5586 5588 5587
f 5584 5589 5586
f 5589 5590 5586
f 5589 5591 5590
f 5591 5592 5590
f 5591 5593 5592
f 5594 5569 5595
f 5569 5596 5595
f 5569 5597 5596
f 5596 5597 5598
f 5597 5599 5598
f 5597 5592 5599
f 5592 5600 5599
f 5592 5593 5600
f 5594 5601 5569
f 5601 5559 5569
f 5601 5560 5559
f 5565 5568 5571
f 5568 5304 5575
f 5565 5571 5562
f 5571 5570 5562
f 5571 5296 5570
f 5296 5578 5570
f 5296 5297 5578
f 5297 5299 5578
f 5592 5597 5576
f 5597 5578 5576
f 5597 5569 5578
f 5569 5570 5578
f 5569 5558 5570
f 5558 5561 5570
f 5602 5581 5586
f 5581 5588 5586
f 5581 5583 5588
f 5603 5605 5604
f 5605 5607 5606
f 5608 5610 5609
f 5611 5613 5612
f 5614 5616 5615
f 5617 5619 5618
f 5619 5621 5620
f 5621 5603 5622
f 5623 5624 5617
f 5625 5626 5624
f 5627 5628 5626
f 5629 5630 5628
f 5631 5632 5630
f 5633 5634 5632
f 5635 5636 5634
f 5636 5638 5637
f 5638 5639 5637
f 5640 5641 5639
f 5642 5643 5436
f 5644 5645 5641
f 5646 5647 5645
f 5648 5649 5439
f 5649 5651 5650
f 5651 5652 5650
f 5652 5654 5653
f 5654 5656 5655
f 5656 5642 5657
f 5642 5436 5437
f 5263 5658 5450
f 5658 5659 5448
f 5659 5445 5446
f 5659 5660 5445
f 5660 5661 5443
f 5661 5442 5443
f 5661 5648 5442
f 5662 5664 5663
f 5664 5665 5663
f 5662 5666 5664
f 5662 5667 5666
f 5667 5668 5666
f 5667 5669 5668
f 5669 5670 5668
f 5669 5671 5670
f 5671 5672 5670
f 5671 5673 5672
f 5673 5674 5672
f 5673 5675 5674
f 5675 5676 5674
f 5675 5677 5676
f 5677 5678 5676
f 5677 5679 5678
f 5679 5680 5678
f 5679 5681 5680
f 5681 5682 5680
f 5681 5683 5682
f 5683 5684 5682
f 5683 5685 5684
f 5685 5686 5684
f 5685 5687 5686
f 5687 5688 5686
f 5687 5689 5688
f 5689 5690 5688
f 5689 5691 5690
f 5691 5692 5690
f 5691 5693 5692
f 5693 5694 5692
f 5693 5695 5694
f 5695 5696 5694
f 5695 5697 5696
f 5697 5698 5696
f 5697 5699 5698
f 5699 5700 5698
f 5699 5701 5700
f 5701 5702 5700
f 5701 5703 5702
f 5703 5704 5702
f 5703 5705 5704
f 5705 5706 5704
f 5705 5707 5706
f 5707 5708 5706
f 5707 5709 5708
f 5709 5710 5708
f 5709 5711 5710
f 5711 5712 5710
f 5711 5713 5712
f 5713 5714 5712
f 5713 5715 5714
f 5715 5716 5714
f 5715 5717 5716
f 5717 5718 5716
f 5717 5719 5718
f 5719 5720 5718
f 5719 5721 5720
f 5721 5665 5720
f 5721 5663 5665
f 5663 5721 5662
f 5721 5667 5662
f 5721 5719 5667
f 5719 5669 5667
f 5719 5717 5669
f 5717 5671 5669
f 5717 5715 5671
f 5715 5673 5671
f 5715 5713 5673
f 5713 5675 5673
f 5713 5711 5675
f 5711 5677 5675
f 5711 5709 5677
f 5709 5679 5677
f 5709 5707 5679
f 5707 5681 5679
f 5707 5705 5681
f 5705 5683 5681
f 5705 5703 5683
f 5703 5685 5683
f 5703 5701 5685
f 5701 5687 5685
f 5701 5699 5687
f 5699 5689 5687
f 5699 5697 5689
f 5697 5691 5689
f 5697 5695 5691
f 5695 5693 5691
usemtl Material_002
f 5722 5724 5723
f 5724 5725 5723
f 5724 5726 5725
f 5726 5727 5725
f 5726 5728 5727
f 5729 5731 5730
f 5729 5730 5732
f 5730 5733 5732
f 5730 946 5733
f 946 5734 5733
f 946 944 5734
f 944 5735 5734
f 944 5736 5735
f 5736 5737 5735
f 5736 5738 5737
f 5737 5738 5739
f 5738 5740 5739
f 5738 5741 5740
f 5741 5742 5740
f 5741 5722 5742
f 5722 5743 5742
f 5722 5723 5743
f 5744 5746 5745
f 5746 5747 5745
f 5746 5748 5747
f 5748 5749 5747
f 5748 5750 5749
f 5750 5751 5749
f 5750 5731 5751
f 5731 5752 5751
f 5731 5729 5752
f 5753 5755 5754
f 5755 5756 5754
f 5756 5757 5754
f 5757 5758 5754
f 5757 5759 5758
f 5759 5760 5758
f 5759 5744 5760
f 5744 5761 5760
f 5744 5745 5761
f 5762 5764 5763
f 5765 616 5766
f 5765 615 616
f 631 5767 628
f 5767 630 628
f 5768 5770 5769
f 5770 5771 5769
f 5770 629 5771
f 5772 5774 5773
f 5775 5773 5776
f 5773 5777 5776
f 5773 5774 5777
f 5778 5780 5779
f 5780 5781 5779
f 5780 5782 5781
f 5783 5785 5784
f 5785 5786 5784
f 5787 619 620
f 619 5788 621
f 5762 5789 5764
f 624 622 5789
f 5790 622 5791
f 622 623 5791
f 5792 5794 5793
f 5794 5790 5793
f 5795 5792 5796
f 5797 5795 5798
f 5795 5799 5798
f 5795 5796 5799
f 5800 5802 5801
f 5802 5803 5801
f 5802 5797 5803
f 627 5805 5804
f 5804 5805 937
f 5805 936 937
f 5805 5800 936
f 5806 625 5807
f 625 626 5807
f 5808 5810 5809
f 5810 5811 5809
f 5810 5806 5811
f 5808 942 5754
f 942 5753 5754
f 5789 622 5764
f 622 5812 5764
f 622 5813 5812
f 5812 5813 5814
f 5813 5815 5814
f 5813 5816 5815
f 5815 5816 5817
f 5816 5818 5817
f 5816 5819 5818
f 5818 5819 5820
f 5819 5821 5820
f 5819 5822 5821
f 5822 5823 5821
f 5822 5824 5823
f 5823 5824 5825
f 5824 5826 5825
f 5824 5827 5826
f 5826 5827 5828
f 5827 5829 5828
f 5827 5830 5829
f 5829 5830 5831
f 5830 5832 5831
f 5830 5833 5832
f 5833 5834 5832
f 5833 5835 5834
f 5834 5835 5836
f 5835 5837 5836
f 5835 5838 5837
f 5837 5838 5839
f 5838 5840 5839
f 5838 5841 5840
f 5840 5841 5842
f 5841 5843 5842
f 5841 5844 5843
f 5843 5844 5845
f 5844 5846 5845
f 5844 5847 5846
f 5846 5847 5848
f 5847 5849 5848
f 5847 5850 5849
f 5849 5850 5851
f 5850 5852 5851
f 5850 5853 5852
f 5852 5853 5854
f 5853 5855 5854
f 5853 5856 5855
f 5855 5856 5857
f 5856 5858 5857
f 5856 5859 5858
f 5858 5859 5860
f 5859 5861 5860
f 5859 5862 5861
f 5861 5862 5863
f 5862 5864 5863
f 5862 5865 5864
f 5864 5865 5866
f 5865 5867 5866
f 5865 5868 5867
f 5867 5868 5869
f 5868 5870 5869
f 5868 5871 5870
f 5808 5754 5810
f 5754 5872 5810
f 5754 5758 5872
f 5758 5873 5872
f 5758 5760 5873
f 5760 5874 5873
f 5760 5761 5874
f 5761 5875 5874
f 5761 5745 5875
f 5745 5876 5875
f 5745 5747 5876
f 5747 5877 5876
f 5747 5749 5877
f 5749 5878 5877
f 5749 5751 5878
f 5751 5879 5878
f 5751 5752 5879
f 5752 5880 5879
f 5752 5729 5880
f 5729 5881 5880
f 5729 5732 5881
f 5732 5882 5881
f 5732 5733 5882
f 5733 5883 5882
f 5733 5734 5883
f 5734 5884 5883
f 5734 5735 5884
f 5735 5885 5884
f 5735 5737 5885
f 5737 5886 5885
f 5737 5739 5886
f 5739 5887 5886
f 5739 5740 5887
f 5740 5888 5887
f 5740 5742 5888
f 5742 5889 5888
f 5742 5743 5889
f 5743 5890 5889
f 5743 5723 5890
f 5723 5891 5890
f 5723 5725 5891
f 5725 616 5891
f 5725 5727 616
f 5727 5766 616
f 5727 5728 5766
f 5870 5871 5892
f 5871 5893 5892
f 5871 5894 5893
f 5800 5805 5802
f 5805 5895 5802
f 5805 5896 5895
f 5896 5897 5895
f 5896 5898 5897
f 5898 5899 5897
f 5898 5900 5899
f 5900 5901 5899
f 5900 5902 5901
f 5902 5903 5901
f 5902 5904 5903
f 5904 5905 5903
f 5904 5906 5905
f 5906 5907 5905
f 5906 5908 5907
f 5908 5909 5907
f 5908 5910 5909
f 5910 5911 5909
f 5910 5912 5911
f 5912 5913 5911
f 5912 5914 5913
f 5914 5915 5913
f 5914 5916 5915
f 5916 5917 5915
f 5916 5918 5917
f 5918 5919 5917
f 5918 5920 5919
f 5920 5921 5919
f 5920 5922 5921
f 5922 5923 5921
f 5922 5924 5923
f 5924 5925 5923
f 5924 5926 5925
f 5926 5927 5925
f 5926 5928 5927
f 5928 5929 5927
f 5928 5930 5929
f 5930 5931 5929
f 5930 5932 5931
f 5932 5933 5931
f 5932 5934 5933
f 5934 5935 5933
f 5934 5936 5935
f 5936 5772 5935
f 5936 5770 5772
f 5770 5774 5772
f 5770 5768 5774
f 627 625 5805
f 625 5896 5805
f 625 5937 5896
f 5937 5898 5896
f 5937 5938 5898
f 5938 5900 5898
f 5938 5939 5900
f 5939 5902 5900
f 5939 5940 5902
f 5940 5904 5902
f 5940 5941 5904
f 5941 5906 5904
f 5941 5942 5906
f 5942 5908 5906
f 5942 5943 5908
f 5943 5910 5908
f 5943 5944 5910
f 5944 5912 5910
f 5944 5945 5912
f 5945 5914 5912
f 5945 5946 5914
f 5946 5916 5914
f 5946 5947 5916
f 5947 5918 5916
f 5947 5948 5918
f 5948 5920 5918
f 5948 5949 5920
f 5949 5922 5920
f 5949 5950 5922
f 5950 5924 5922
f 5950 5951 5924
f 5951 5926 5924
f 5951 5952 5926
f 5952 5928 5926
f 5952 5953 5928
f 5953 5930 5928
f 5953 5954 5930
f 5954 5932 5930
f 5954 5955 5932
f 5955 5934 5932
f 5955 5956 5934
f 5956 5936 5934
f 5956 5957 5936
f 5957 5770 5936
f 5957 628 5770
f 628 629 5770
f 5806 5810 625
f 5810 5937 625
f 5810 5872 5937
f 5872 5938 5937
f 5872 5873 5938
f 5873 5939 5938
f 5873 5874 5939
f 5874 5940 5939
f 5874 5875 5940
f 5875 5941 5940
f 5875 5876 5941
f 5876 5942 5941
f 5876 5877 5942
f 5877 5943 5942
f 5877 5878 5943
f 5878 5944 5943
f 5878 5879 5944
f 5879 5945 5944
f 5879 5880 5945
f 5880 5946 5945
f 5880 5881 5946
f 5881 5947 5946
f 5881 5882 5947
f 5882 5948 5947
f 5882 5883 5948
f 5883 5949 5948
f 5883 5884 5949
f 5884 5950 5949
f 5884 5885 5950
f 5885 5951 5950
f 5885 5886 5951
f 5886 5952 5951
f 5886 5887 5952
f 5887 5953 5952
f 5887 5888 5953
f 5888 5954 5953
f 5888 5889 5954
f 5889 5955 5954
f 5889 5890 5955
f 5890 5956 5955
f 5890 5891 5956
f 5891 5957 5956
f 5891 616 5957
f 616 628 5957
f 616 617 628
f 5958 5959 5787
f 5959 619 5787
f 5959 5960 619
f 5960 5894 619
f 5960 5961 5894
f 5961 5893 5894
f 5790 5794 622
f 5794 5813 622
f 5794 5962 5813
f 5962 5816 5813
f 5962 5963 5816
f 5963 5819 5816
f 5963 5964 5819
f 5964 5822 5819
f 5964 5965 5822
f 5965 5824 5822
f 5965 5966 5824
f 5966 5827 5824
f 5966 5967 5827
f 5967 5830 5827
f 5967 5968 5830
f 5968 5833 5830
f 5968 5969 5833
f 5969 5835 5833
f 5969 5970 5835
f 5970 5838 5835
f 5970 5971 5838
f 5971 5841 5838
f 5971 5972 5841
f 5972 5844 5841
f 5972 5973 5844
f 5973 5847 5844
f 5973 5974 5847
f 5974 5850 5847
f 5974 5975 5850
f 5975 5853 5850
f 5975 5976 5853
f 5976 5856 5853
f 5976 5977 5856
f 5977 5859 5856
f 5977 5978 5859
f 5978 5862 5859
f 5978 5979 5862
f 5979 5865 5862
f 5979 5980 5865
f 5980 5868 5865
f 5980 5981 5868
f 5981 5871 5868
f 5981 5982 5871
f 5982 5894 5871
f 5982 5983 5894
f 5983 619 5894
f 5983 5785 619
f 5785 5788 619
f 5785 5783 5788
f 5792 5795 5794
f 5795 5962 5794
f 5795 5984 5962
f 5984 5963 5962
f 5984 5985 5963
f 5985 5964 5963
f 5985 5986 5964
f 5986 5965 5964
f 5986 5987 5965
f 5987 5966 5965
f 5987 5988 5966
f 5988 5967 5966
f 5988 5989 5967
f 5989 5968 5967
f 5989 5990 5968
f 5990 5969 5968
f 5990 5991 5969
f 5991 5970 5969
f 5991 5992 5970
f 5992 5971 5970
f 5992 5993 5971
f 5993 5972 5971
f 5993 5994 5972
f 5994 5973 5972
f 5994 5995 5973
f 5995 5974 5973
f 5995 5996 5974
f 5996 5975 5974
f 5996 5997 5975
f 5997 5976 5975
f 5997 5998 5976
f 5998 5977 5976
f 5998 5999 5977
f 5999 5978 5977
f 5999 6000 5978
f 6000 5979 5978
f 6000 6001 5979
f 6001 5980 5979
f 6001 6002 5980
f 6002 5981 5980
f 6002 6003 5981
f 6003 5982 5981
f 6003 6004 5982
f 6004 5983 5982
f 6004 6005 5983
f 6005 5785 5983
f 6005 5780 5785
f 5780 5786 5785
f 5780 5778 5786
f 5797 5802 5795
f 5802 5984 5795
f 5802 5895 5984
f 5895 5985 5984
f 5895 5897 5985
f 5897 5986 5985
f 5897 5899 5986
f 5899 5987 5986
f 5899 5901 5987
f 5901 5988 5987
f 5901 5903 5988
f 5903 5989 5988
f 5903 5905 5989
f 5905 5990 5989
f 5905 5907 5990
f 5907 5991 5990
f 5907 5909 5991
f 5909 5992 5991
f 5909 5911 5992
f 5911 5993 5992
f 5911 5913 5993
f 5913 5994 5993
f 5913 5915 5994
f 5915 5995 5994
f 5915 5917 5995
f 5917 5996 5995
f 5917 5919 5996
f 5919 5997 5996
f 5919 5921 5997
f 5921 5998 5997
f 5921 5923 5998
f 5923 5999 5998
f 5923 5925 5999
f 5925 6000 5999
f 5925 5927 6000
f 5927 6001 6000
f 5927 5929 6001
f 5929 6002 6001
f 5929 5931 6002
f 5931 6003 6002
f 5931 5933 6003
f 5933 6004 6003
f 5933 5935 6004
f 5935 6005 6004
f 5935 5772 6005
f 5772 5780 6005
f 5772 5773 5780
f 5773 5782 5780
f 5773 5775 5782
f 5842 6006 5840
f 5831 6007 5829
f 6008 6010 6009
f 6011 6013 6012
f 6014 6013 6015
f 6013 6016 6015
f 6013 6017 6016
f 6017 6013 6018
f 6013 6019 6018
f 6013 780 6019
f 780 6013 782
f 6013 6020 782
f 6013 6011 6020
f 6021 6023 6022
f 6021 6013 6023
f 6013 6024 6023
f 6013 6014 6024
f 717 6025 716
f 6025 6022 716
f 717 6026 6025
f 6026 6027 6025
f 6026 6028 6027
f 6028 6029 6027
f 6028 6030 6029
f 6031 6033 6032
f 6033 6034 6032
f 6033 6029 6034
f 6029 6035 6034
f 6029 6030 6035
f 6036 632 6037
f 632 633 6037
f 634 635 633
f 6038 635 636
f 635 634 637
f 6009 6010 6039
f 6010 6040 6039
f 6010 6038 6040
f 6038 6041 6040
f 6038 636 6041
f 6042 6044 6043
f 6044 6045 6043
f 6044 6008 6045
f 6006 6042 6046
f 6042 6047 6046
f 6042 6043 6047
f 6048 6006 6049
f 6006 6050 6049
f 6006 6046 6050
f 638 6048 640
f 6048 6051 640
f 6048 6049 6051
f 6052 6007 6053
f 6007 6054 6053
f 6007 638 6054
f 638 639 6054
f 6052 6055 6007
f 6055 6056 6007
f 6055 747 6056
f 6057 6056 6058
f 6056 745 6058
f 6056 747 745
f 6059 6057 6060
f 6057 6061 6060
f 6057 6058 6061
f 6062 6059 6063
f 6059 6064 6063
f 6059 6060 6064
f 6065 643 6066
f 643 6067 6066
f 643 6068 6067
f 6068 6069 6067
f 6068 6062 6069
f 643 6071 6070
f 6071 643 6072
f 643 6073 6072
f 643 6074 6073
f 6074 643 6075
f 643 6076 6075
f 643 641 6076
f 643 6077 642
f 643 6078 6077
f 6078 643 689
f 643 688 689
f 643 6065 688
f 643 5764 5812
f 5764 643 5763
f 643 6079 5763
f 643 6070 6079
f 5812 5814 643
f 5814 6068 643
f 5814 5815 6068
f 6062 6068 6059
f 6068 5817 6059
f 6068 5815 5817
f 5823 6057 5821
f 6057 5820 5821
f 6057 6059 5820
f 6059 5818 5820
f 6059 5817 5818
f 5823 5825 6057
f 5825 6056 6057
f 5825 5826 6056
f 6007 6056 5829
f 6056 5828 5829
f 6056 5826 5828
f 5831 5832 6007
f 5832 638 6007
f 5832 5834 638
f 5834 5836 638
f 5836 6048 638
f 5836 5837 6048
f 6006 6048 5840
f 6048 5839 5840
f 6048 5837 5839
f 5842 5843 6006
f 5843 6042 6006
f 5843 5845 6042
f 5845 6044 6042
f 5845 5846 6044
f 6008 6044 6010
f 6044 5848 6010
f 6044 5846 5848
f 633 635 5854
f 635 5852 5854
f 635 6038 5852
f 6038 5851 5852
f 6038 6010 5851
f 6010 5849 5851
f 6010 5848 5849
f 5860 6037 5858
f 6037 5857 5858
f 6037 633 5857
f 633 5855 5857
f 633 5854 5855
f 5861 6033 5860
f 6033 6037 5860
f 6033 6031 6037
f 6031 6036 6037
f 5861 5863 6033
f 5863 6029 6033
f 5863 5864 6029
f 5864 5866 6029
f 5866 6027 6029
f 5866 5867 6027
f 5867 5869 6027
f 5869 6025 6027
f 5869 5870 6025
f 6022 6025 6021
f 6025 5892 6021
f 6025 5870 5892
f 5959 6013 5960
f 6013 5961 5960
f 6013 6021 5961
f 6021 5893 5961
f 6021 5892 5893
f 5958 6080 5959
f 6080 6013 5959
f 6080 6081 6013
f 6081 6012 6013
f 6079 6070 644
f 6070 646 644
f 6070 6071 646
f 645 6082 644
f 6082 6083 644
f 6082 654 6083
f 654 655 6083
f 655 647 6083
f 655 649 647
f 6084 647 6085
f 647 648 6085
f 933 6086 6084
f 6086 647 6084
f 6086 6087 647
f 6087 6083 647
f 6087 6088 6083
f 6088 644 6083
f 6088 5763 644
f 5763 6079 644
f 648 6089 6085
f 656 649 655
f 645 6090 6082
f 6090 654 6082
f 648 653 6089
f 653 659 6089
f 653 6091 659
f 6091 658 659
f 658 661 660
f 664 666 665
f 666 669 667
f 671 674 672
f 649 656 653
f 656 6091 653
f 656 6092 6091
f 6092 658 6091
f 6092 6093 658
f 6093 664 658
f 6093 6094 664
f 6094 666 664
f 6094 6095 666
f 6095 669 666
f 6095 677 669
f 654 6090 656
f 6090 6092 656
f 6090 6096 6092
f 6096 6093 6092
f 6096 6097 6093
f 6097 6094 6093
f 6097 6098 6094
f 6098 6095 6094
f 6098 6099 6095
f 6099 677 6095
f 6099 683 677
f 683 686 678
f 686 679 678
f 686 6100 679
f 6100 680 679
f 6100 684 680
f 684 6101 682
f 645 657 6090
f 657 6096 6090
f 657 6102 6096
f 6102 6097 6096
f 6102 6103 6097
f 6103 6098 6097
f 6103 6104 6098
f 6104 6099 6098
f 6104 6105 6099
f 6105 683 6099
f 6105 685 683
f 685 686 683
f 687 6100 686
f 687 6106 6100
f 6106 684 6100
f 6106 6107 684
f 6107 6101 684
f 6107 690 6101
f 690 6078 689
f 690 6107 6078
f 6107 6077 6078
f 6107 6106 6077
f 6106 642 6077
f 6106 687 642
f 687 641 642
f 685 6076 641
f 685 6105 6076
f 6105 6075 6076
f 6105 6104 6075
f 6104 6074 6075
f 6104 6103 6074
f 6103 6073 6074
f 6103 6102 6073
f 6102 6072 6073
f 6102 657 6072
f 657 6071 6072
f 657 646 6071
f 6065 6108 688
f 6108 690 688
f 6108 6109 690
f 6109 6101 690
f 6109 692 6101
f 692 682 6101
f 6066 6110 6065
f 6110 6108 6065
f 6110 6111 6108
f 6111 6109 6108
f 6111 6112 6109
f 6112 692 6109
f 6112 696 692
f 696 652 692
f 696 694 652
f 6067 6113 6066
f 6113 6110 6066
f 6113 6114 6110
f 6114 6111 6110
f 6114 6115 6111
f 6115 6112 6111
f 6115 695 6112
f 695 696 6112
f 6069 6113 6067
f 6064 6116 6063
f 6117 870 869
f 706 6015 705
f 706 6014 6015
f 757 6118 756
f 6118 704 756
f 709 6120 6119
f 6120 757 6119
f 6121 710 708
f 710 707 708
f 711 712 707
f 6014 706 6024
f 706 6023 6024
f 706 6122 6023
f 6122 6022 6023
f 6122 715 6022
f 851 6123 852
f 6123 713 852
f 6123 712 713
f 712 711 714
f 6022 715 716
f 715 6124 717
f 6124 6026 717
f 851 870 6123
f 870 6125 6123
f 870 6117 6125
f 6026 6124 6028
f 6124 6030 6028
f 6124 6126 6030
f 6126 6035 6030
f 6126 6127 6035
f 6128 6117 865
f 6117 867 865
f 6117 869 867
f 6035 6127 6034
f 6127 6032 6034
f 6127 6129 6032
f 6032 6129 6031
f 6129 6036 6031
f 6129 718 6036
f 6036 718 632
f 718 724 634
f 725 719 720
f 719 722 721
f 722 6128 723
f 6128 863 723
f 6128 865 863
f 634 724 637
f 724 6130 636
f 636 6130 6041
f 6130 6040 6041
f 6130 6039 6040
f 880 6131 873
f 6131 875 873
f 6131 6132 875
f 6132 726 875
f 6132 725 726
f 725 720 727
f 6009 6039 6133
f 6039 6134 6133
f 6039 6130 6134
f 6009 6133 6008
f 6133 6045 6008
f 6133 6135 6045
f 6045 6135 6043
f 6135 6047 6043
f 6135 6136 6047
f 880 878 6131
f 878 6137 6131
f 878 728 6137
f 728 729 6137
f 6047 6136 6046
f 6136 6050 6046
f 6136 6138 6050
f 733 6139 731
f 733 887 6139
f 6050 6138 6049
f 6138 6051 6049
f 6138 734 6051
f 6051 734 640
f 734 6140 639
f 887 735 6139
f 735 736 6139
f 737 738 736
f 639 6140 6054
f 6140 6053 6054
f 6140 6141 6053
f 6141 6052 6053
f 6141 6142 6052
f 747 6142 746
f 747 6055 6142
f 6055 6052 6142
f 704 6118 706
f 6118 6122 706
f 6118 6143 6122
f 6143 715 6122
f 6143 6144 715
f 6144 6124 715
f 6144 6145 6124
f 6145 6126 6124
f 6145 6146 6126
f 6146 6127 6126
f 6146 6147 6127
f 6147 6129 6127
f 6147 6148 6129
f 6148 718 6129
f 6148 6149 718
f 6149 724 718
f 6149 6150 724
f 6150 6130 724
f 6150 6151 6130
f 6151 6134 6130
f 6151 6152 6134
f 6152 6133 6134
f 6152 6153 6133
f 6153 6135 6133
f 6153 6154 6135
f 6154 6136 6135
f 6154 6155 6136
f 6155 6138 6136
f 6155 6156 6138
f 6156 734 6138
f 6156 6157 734
f 6157 6140 734
f 6157 6158 6140
f 6158 6141 6140
f 6158 6159 6141
f 6159 6142 6141
f 6159 6160 6142
f 6160 746 6142
f 6160 6161 746
f 757 6120 6118
f 6120 6143 6118
f 6120 6162 6143
f 6162 6144 6143
f 6162 6163 6144
f 6163 6145 6144
f 6163 6164 6145
f 6164 6146 6145
f 6164 6165 6146
f 6165 6147 6146
f 6165 6166 6147
f 6166 6148 6147
f 6166 6167 6148
f 6167 6149 6148
f 6167 6168 6149
f 6168 6150 6149
f 6168 6169 6150
f 6169 6151 6150
f 6169 6170 6151
f 6170 6152 6151
f 6170 6171 6152
f 6171 6153 6152
f 6171 6172 6153
f 6172 6154 6153
f 6172 6173 6154
f 6173 6155 6154
f 6173 6174 6155
f 6174 6156 6155
f 6174 6175 6156
f 6175 6157 6156
f 6175 6176 6157
f 6176 6158 6157
f 6176 6177 6158
f 6177 6159 6158
f 6177 6178 6159
f 6178 6160 6159
f 6178 6179 6160
f 6179 6161 6160
f 6179 6180 6161
f 709 707 6120
f 707 6162 6120
f 707 712 6162
f 712 6163 6162
f 712 6123 6163
f 6123 6164 6163
f 6123 6125 6164
f 6125 6165 6164
f 6125 6117 6165
f 6117 6166 6165
f 6117 6128 6166
f 6128 6167 6166
f 6128 722 6167
f 722 6168 6167
f 722 719 6168
f 719 6169 6168
f 719 725 6169
f 725 6170 6169
f 725 6132 6170
f 6132 6171 6170
f 6132 6131 6171
f 6131 6172 6171
f 6131 6137 6172
f 6137 6173 6172
f 6137 729 6173
f 729 6174 6173
f 729 731 6174
f 731 6175 6174
f 731 6139 6175
f 6139 6176 6175
f 6139 736 6176
f 736 6177 6176
f 736 738 6177
f 738 6178 6177
f 738 741 6178
f 741 6179 6178
f 741 743 6179
f 743 6180 6179
f 743 703 6180
f 750 6181 703
f 6181 6180 703
f 6181 6182 6180
f 6182 6161 6180
f 6182 6183 6161
f 6183 746 6161
f 6183 6058 746
f 6058 745 746
f 700 6184 750
f 6184 6181 750
f 6184 6185 6181
f 6185 6182 6181
f 6185 6186 6182
f 6186 6183 6182
f 6186 6061 6183
f 6061 6058 6183
f 6064 6060 6116
f 752 6187 700
f 6187 6184 700
f 6187 6188 6184
f 6188 6185 6184
f 6188 6116 6185
f 6116 6186 6185
f 6116 6060 6186
f 6060 6061 6186
f 754 6189 752
f 6189 6187 752
f 6189 6190 6187
f 6190 6188 6187
f 6190 6191 6188
f 6191 6116 6188
f 6191 6062 6116
f 6062 6063 6116
f 695 6115 754
f 6115 6189 754
f 6115 6114 6189
f 6114 6190 6189
f 6114 6113 6190
f 6113 6191 6190
f 6113 6069 6191
f 6069 6062 6191
f 708 847 6121
f 6119 755 709
f 758 6119 757
f 759 756 704
f 6016 705 6015
f 708 755 847
f 755 761 847
f 755 760 761
f 760 6192 762
f 762 6192 848
f 6192 764 848
f 6192 763 764
f 763 767 765
f 769 770 768
f 769 772 770
f 772 6193 773
f 6193 6194 773
f 6193 6195 6194
f 6119 758 755
f 758 760 755
f 758 6196 760
f 6196 6192 760
f 6196 6197 6192
f 6197 763 6192
f 6197 777 763
f 777 767 763
f 777 774 767
f 774 769 767
f 775 772 769
f 775 6198 772
f 6198 6193 772
f 6198 6199 6193
f 6199 6195 6193
f 6199 6200 6195
f 756 759 758
f 759 6196 758
f 759 6201 6196
f 6201 6197 6196
f 6201 776 6197
f 776 777 6197
f 778 774 777
f 778 779 774
f 779 781 775
f 781 6198 775
f 781 6202 6198
f 6202 6199 6198
f 6202 6203 6199
f 6203 6200 6199
f 6203 6204 6200
f 705 6016 759
f 6016 6201 759
f 6016 6017 6201
f 6017 776 6201
f 6017 6018 776
f 6018 778 776
f 6018 6019 778
f 6019 779 778
f 6019 780 779
f 780 781 779
f 782 6202 781
f 782 6020 6202
f 6020 6203 6202
f 6020 6011 6203
f 6011 6204 6203
f 6011 6012 6204
f 6205 6207 6206
f 6207 6205 6208
f 6205 6209 6208
f 6205 6210 6209
f 6210 6211 6209
f 6210 6212 6211
f 6212 6213 6211
f 6212 6214 6213
f 6214 6215 6213
f 6214 783 6215
f 783 784 6215
f 784 785 6216
f 785 6217 6216
f 785 786 6217
f 786 787 6217
f 788 6218 787
f 788 6219 6218
f 6219 789 6218
f 789 790 6218
f 792 6220 790
f 792 6221 6220
f 6221 794 6220
f 6221 793 794
f 793 6222 795
f 6222 6223 795
f 6222 796 6223
f 6223 796 6224
f 796 797 6224
f 798 800 797
f 798 799 800
f 801 802 800
f 803 804 802
f 6225 6227 6226
f 6227 807 6226
f 6227 806 807
f 809 950 810
f 950 805 810
f 950 947 805
f 947 804 805
f 811 6229 6228
f 6229 811 812
f 814 816 813
f 814 815 816
f 818 6226 817
f 818 6225 6226
f 6230 819 6194
f 6230 6231 819
f 6231 821 819
f 6231 6232 821
f 6232 6233 821
f 6232 6234 6233
f 6234 6235 6233
f 6234 6236 6235
f 6236 823 6235
f 6236 822 823
f 822 6237 824
f 6237 6238 824
f 6237 6239 6238
f 6239 6240 6238
f 6239 6241 6240
f 6241 826 6240
f 6241 825 826
f 825 6242 827
f 6242 6243 827
f 6242 6244 6243
f 6244 6245 6243
f 6244 6246 6245
f 6246 829 6245
f 6246 828 829
f 828 6247 830
f 6247 6248 830
f 6247 6249 6248
f 6249 6250 6248
f 6249 6251 6250
f 6251 6252 6250
f 6251 6253 6252
f 6253 6254 6252
f 6253 6255 6254
f 6254 6255 6256
f 6255 6257 6256
f 6255 6258 6257
f 6258 6229 6257
f 6258 6228 6229
f 844 847 834
f 844 6121 847
f 831 768 839
f 839 6194 819
f 839 773 6194
f 773 839 771
f 839 768 770
f 844 710 6121
f 853 710 844
f 853 854 710
f 855 714 711
f 857 852 713
f 880 873 874
f 878 880 879
f 6089 6259 6085
f 6089 659 918
f 6089 918 6259
f 918 923 6259
f 6259 6084 6085
f 6260 6262 6261
f 6262 6263 6261
f 6263 6264 6261
f 6263 6265 6264
f 6266 6268 6267
f 6268 934 6267
f 6268 6269 934
f 6265 6270 6264
f 6270 6271 6264
f 6270 6266 6271
f 6266 6272 6271
f 6266 6267 6272
f 6273 6275 6274
f 6275 6276 6274
f 6275 6277 6276
f 6277 6278 6276
f 6277 6279 6278
f 6279 6280 6278
f 6279 6206 6280
f 6206 6207 6280
f 6260 6281 6262
f 6281 6282 6262
f 6281 6283 6282
f 6283 6284 6282
f 6283 930 6284
f 930 931 6284
f 932 6285 931
f 932 6286 6285
f 6286 6287 6285
f 6286 6273 6287
f 6273 6288 6287
f 6273 6274 6288
f 6269 933 934
f 933 6084 929
f 6084 923 929
f 6084 6259 923
f 5808 6289 941
f 6088 5762 5763
f 6087 6290 6088
f 6086 6291 6087
f 933 6292 6086
f 6088 6290 5762
f 6290 5789 5762
f 6290 6293 5789
f 6293 624 5789
f 6293 935 624
f 935 6294 623
f 623 6294 5791
f 6294 5790 5791
f 6294 6295 5790
f 6295 5793 5790
f 6295 6296 5793
f 5793 6296 5792
f 6296 5796 5792
f 6296 6297 5796
f 6297 5799 5796
f 6297 6298 5799
f 6298 5798 5799
f 6298 5797 5798
f 5803 5797 6299
f 5797 6300 6299
f 5797 6298 6300
f 5803 6299 5801
f 6299 5800 5801
f 6299 6301 5800
f 6301 936 5800
f 6301 938 936
f 938 5804 937
f 938 6302 5804
f 6302 627 5804
f 6302 939 627
f 939 6303 626
f 626 6303 5807
f 6303 5806 5807
f 6303 6304 5806
f 6304 5811 5806
f 6304 6289 5811
f 6289 5809 5811
f 6289 5808 5809
f 6087 6291 6290
f 6291 6293 6290
f 6291 6305 6293
f 6305 935 6293
f 6305 6306 935
f 6306 6294 935
f 6306 6307 6294
f 6307 6295 6294
f 6307 6308 6295
f 6308 6296 6295
f 6308 6309 6296
f 6309 6297 6296
f 6309 6310 6297
f 6310 6298 6297
f 6310 6311 6298
f 6311 6300 6298
f 6311 6312 6300
f 6312 6299 6300
f 6312 6313 6299
f 6313 6301 6299
f 6313 6314 6301
f 6314 938 6301
f 6314 6315 938
f 6315 6302 938
f 6315 6316 6302
f 6316 939 6302
f 6316 6317 939
f 6317 6303 939
f 6317 6318 6303
f 6318 6304 6303
f 6318 6319 6304
f 6319 6289 6304
f 6319 6320 6289
f 6320 941 6289
f 6320 6321 941
f 6086 6292 6291
f 6292 6305 6291
f 6292 6322 6305
f 6322 6306 6305
f 6322 6323 6306
f 6323 6307 6306
f 6323 6324 6307
f 6324 6308 6307
f 6324 6325 6308
f 6325 6309 6308
f 6325 6326 6309
f 6326 6310 6309
f 6326 6327 6310
f 6327 6311 6310
f 6327 6328 6311
f 6328 6312 6311
f 6328 6329 6312
f 6329 6313 6312
f 6329 6330 6313
f 6330 6314 6313
f 6330 6331 6314
f 6331 6315 6314
f 6331 6332 6315
f 6332 6316 6315
f 6332 6333 6316
f 6333 6317 6316
f 6333 6334 6317
f 6334 6318 6317
f 6334 6335 6318
f 6335 6319 6318
f 6335 6336 6319
f 6336 6320 6319
f 6336 6337 6320
f 6337 6321 6320
f 6337 6338 6321
f 933 6269 6292
f 6269 6322 6292
f 6269 6268 6322
f 6268 6323 6322
f 6268 6266 6323
f 6266 6324 6323
f 6266 6270 6324
f 6270 6325 6324
f 6270 6265 6325
f 6265 6326 6325
f 6265 6263 6326
f 6263 6327 6326
f 6263 6262 6327
f 6262 6328 6327
f 6262 6282 6328
f 6282 6329 6328
f 6282 6284 6329
f 6284 6330 6329
f 6284 931 6330
f 931 6331 6330
f 931 6285 6331
f 6285 6332 6331
f 6285 6287 6332
f 6287 6333 6332
f 6287 6288 6333
f 6288 6334 6333
f 6288 6274 6334
f 6274 6335 6334
f 6274 6276 6335
f 6276 6336 6335
f 6276 6278 6336
f 6278 6337 6336
f 6278 6280 6337
f 6280 6338 6337
f 6280 6207 6338
f 6208 6339 6207
f 6339 6338 6207
f 6339 6340 6338
f 6340 6321 6338
f 6340 940 6321
f 940 941 6321
f 942 5808 941
f 6209 6341 6208
f 6341 6339 6208
f 6341 6342 6339
f 6342 6340 6339
f 6342 6343 6340
f 6343 940 6340
f 6343 5753 940
f 5753 942 940
f 6211 6341 6209
f 6213 6344 6211
f 6344 6341 6211
f 6344 6345 6341
f 6345 6342 6341
f 6345 6346 6342
f 6346 6343 6342
f 6346 5755 6343
f 5755 5753 6343
f 6347 6348 6344
f 6348 6345 6344
f 6348 6349 6345
f 6349 6346 6345
f 6349 5756 6346
f 5756 5755 6346
f 6347 6344 784
f 6344 6215 784
f 6344 6213 6215
f 6350 6351 6347
f 6351 6348 6347
f 6351 6352 6348
f 6352 6349 6348
f 6352 5757 6349
f 5757 5756 6349
f 5757 6352 5759
f 6352 6353 5759
f 6352 6351 6353
f 6351 6354 6353
f 6351 6350 6354
f 6350 6355 6354
f 6350 6218 6355
f 6218 6350 787
f 6350 6217 787
f 6350 6347 6217
f 6347 6216 6217
f 6347 784 6216
f 790 6355 6218
f 790 6220 6355
f 943 6357 6356
f 6357 6358 6356
f 6357 6359 6358
f 6359 6360 6358
f 6359 5746 6360
f 5746 5744 6360
f 5759 6353 5744
f 6353 6360 5744
f 6353 6354 6360
f 6354 6358 6360
f 6354 6355 6358
f 6355 6356 6358
f 6355 6220 6356
f 6220 943 6356
f 6223 943 795
f 943 6220 794
f 6361 6363 6362
f 6363 6364 6362
f 6363 6365 6364
f 6365 6366 6364
f 6365 5750 6366
f 5750 5748 6366
f 5746 6359 5748
f 6359 6366 5748
f 6359 6357 6366
f 6357 6364 6366
f 6357 943 6364
f 943 6362 6364
f 943 6223 6362
f 6223 6361 6362
f 800 6361 797
f 6361 6224 797
f 6361 6223 6224
f 6367 6369 6368
f 6369 6370 6368
f 6369 6371 6370
f 6371 6372 6370
f 6371 5730 6372
f 5730 5731 6372
f 5750 6365 5731
f 6365 6372 5731
f 6365 6363 6372
f 6363 6370 6372
f 6363 6361 6370
f 6361 6368 6370
f 6361 800 6368
f 800 6367 6368
f 947 6367 804
f 6367 802 804
f 6367 800 802
f 949 6373 948
f 6373 6374 948
f 6373 6375 6374
f 6375 945 6374
f 6375 944 945
f 5730 6371 946
f 6371 945 946
f 6371 6369 945
f 6369 6374 945
f 6369 6367 6374
f 6367 948 6374
f 6367 947 948
f 950 809 949
f 951 949 809
f 951 6376 949
f 6376 6373 949
f 6376 6377 6373
f 6377 6375 6373
f 6377 5736 6375
f 5736 944 6375
f 6227 6378 806
f 6378 951 806
f 6378 6379 951
f 6379 6376 951
f 6379 6380 6376
f 6380 6377 6376
f 6380 5738 6377
f 5738 5736 6377
f 6225 6381 6227
f 6381 6378 6227
f 6381 6382 6378
f 6382 6379 6378
f 6382 6383 6379
f 6383 6380 6379
f 6383 5741 6380
f 5741 5738 6380
f 818 953 6225
f 953 6381 6225
f 953 6384 6381
f 6384 6382 6381
f 6384 6385 6382
f 6385 6383 6382
f 6385 5722 6383
f 5722 5741 6383
f 814 952 815
f 952 953 815
f 952 6386 953
f 6386 6384 953
f 6386 6387 6384
f 6387 6385 6384
f 6387 5724 6385
f 5724 5722 6385
f 6228 6388 811
f 6388 952 811
f 6388 6389 952
f 6389 6386 952
f 6389 6390 6386
f 6390 6387 6386
f 6390 5726 6387
f 5726 5724 6387
f 6258 6388 6228
f 6258 6391 6388
f 6391 6389 6388
f 6391 6392 6389
f 6392 6390 6389
f 6392 6393 6390
f 6393 5726 6390
f 6393 5728 5726
f 6393 5766 5728
f 6392 6394 6393
f 6391 6395 6392
f 6258 6396 6391
f 6393 6394 5766
f 6394 5765 5766
f 6394 6397 5765
f 6397 954 5765
f 954 615 5765
f 618 954 631
f 954 5767 631
f 954 6398 5767
f 6398 630 5767
f 6398 955 630
f 5774 5768 6399
f 5768 6400 6399
f 5768 5769 6400
f 5769 6401 6400
f 5769 5771 6401
f 5771 955 6401
f 5771 629 955
f 5774 6399 5777
f 6399 5776 5777
f 6399 6402 5776
f 6402 5775 5776
f 6402 6403 5775
f 5775 6403 5782
f 6403 5781 5782
f 6403 6404 5781
f 6404 6405 5781
f 5781 6405 5779
f 6405 5778 5779
f 6405 5786 5778
f 5784 5786 6406
f 5786 6407 6406
f 5786 6405 6407
f 5784 6406 5783
f 6406 5788 5783
f 6406 6408 5788
f 6408 621 5788
f 6408 956 621
f 956 5787 620
f 956 6409 5787
f 6409 5958 5787
f 6409 6410 5958
f 6392 6395 6394
f 6395 6397 6394
f 6395 6411 6397
f 6411 954 6397
f 6411 6412 954
f 6412 6398 954
f 6412 6413 6398
f 6413 955 6398
f 6413 6414 955
f 6414 6401 955
f 6414 6415 6401
f 6415 6400 6401
f 6415 6416 6400
f 6416 6399 6400
f 6416 6417 6399
f 6417 6402 6399
f 6417 6418 6402
f 6418 6403 6402
f 6418 6419 6403
f 6419 6404 6403
f 6419 6420 6404
f 6420 6405 6404
f 6420 6421 6405
f 6421 6407 6405
f 6421 6422 6407
f 6422 6406 6407
f 6422 6423 6406
f 6423 6408 6406
f 6423 6424 6408
f 6424 956 6408
f 6424 6425 956
f 6425 6409 956
f 6425 6426 6409
f 6426 6410 6409
f 6426 6427 6410
f 6391 6396 6395
f 6396 6411 6395
f 6396 6428 6411
f 6428 6412 6411
f 6428 6429 6412
f 6429 6413 6412
f 6429 6430 6413
f 6430 6414 6413
f 6430 6431 6414
f 6431 6415 6414
f 6431 6432 6415
f 6432 6416 6415
f 6432 6433 6416
f 6433 6417 6416
f 6433 6434 6417
f 6434 6418 6417
f 6434 6435 6418
f 6435 6419 6418
f 6435 6436 6419
f 6436 6420 6419
f 6436 6437 6420
f 6437 6421 6420
f 6437 6438 6421
f 6438 6422 6421
f 6438 6439 6422
f 6439 6423 6422
f 6439 6440 6423
f 6440 6424 6423
f 6440 6441 6424
f 6441 6425 6424
f 6441 6442 6425
f 6442 6426 6425
f 6442 6443 6426
f 6443 6427 6426
f 6443 6444 6427
f 6258 6255 6396
f 6255 6428 6396
f 6255 6253 6428
f 6253 6429 6428
f 6253 6251 6429
f 6251 6430 6429
f 6251 6249 6430
f 6249 6431 6430
f 6249 6247 6431
f 6247 6432 6431
f 6247 828 6432
f 828 6433 6432
f 828 6246 6433
f 6246 6434 6433
f 6246 6244 6434
f 6244 6435 6434
f 6244 6242 6435
f 6242 6436 6435
f 6242 825 6436
f 825 6437 6436
f 825 6241 6437
f 6241 6438 6437
f 6241 6239 6438
f 6239 6439 6438
f 6239 6237 6439
f 6237 6440 6439
f 6237 822 6440
f 822 6441 6440
f 822 6236 6441
f 6236 6442 6441
f 6236 6234 6442
f 6234 6443 6442
f 6234 6232 6443
f 6232 6444 6443
f 6232 6231 6444
f 6081 6204 6012
f 6230 6445 6231
f 6445 6444 6231
f 6445 6446 6444
f 6446 6427 6444
f 6446 6447 6427
f 6447 6410 6427
f 6447 6080 6410
f 6080 5958 6410
f 6194 6195 6230
f 6195 6445 6230
f 6195 6200 6445
f 6200 6446 6445
f 6200 6204 6446
f 6204 6447 6446
f 6204 6081 6447
f 6081 6080 6447
f 2047 2063 2062
f 2048 2063 2047
f 3481 6448 3520
f 6448 3481 3482
f 3484 6449 3483
f 3484 3518 6449
f 3491 3492 6450
f 3492 6451 6450
f 3492 3514 6451
f 6451 3514 6452
f 3514 6453 6452
f 3514 3515 6453
f 3515 3486 6453
f 3515 3485 3486
f 3485 3488 3487
f 3488 3489 3487
f 5255 5256 5254
f 5259 5260 5258
f 5263 5450 5262
f 5265 6455 6454
f 6454 6455 6456
f 6455 6457 6456
f 6455 6458 6457
f 6458 6459 6457
f 6458 6460 6459
f 6460 6461 6459
f 6460 6462 6461
f 6462 5469 6461
f 5266 6455 5265
f 5266 6463 6455
f 6463 6458 6455
f 6463 6464 6458
f 6464 6460 6458
f 6464 5496 6460
f 5496 6462 6460
f 6465 5269 6466
f 5269 5267 6466
f 6467 5267 5282
f 5267 5268 5282
f 6468 5270 6469
f 6470 5270 5271
f 5270 6468 5272
f 6468 6471 5272
f 6468 6467 6471
f 6467 5283 6471
f 6467 5282 5283
f 6472 6473 6469
f 6473 6468 6469
f 6473 6474 6468
f 6474 6467 6468
f 6474 6475 6467
f 6475 5267 6467
f 6475 6476 5267
f 6476 6466 5267
f 5300 6478 6477
f 5280 6465 6479
f 6470 5271 6480
f 5271 5279 6480
f 5272 5281 5279
f 5272 6471 5281
f 6465 5280 5269
f 5280 6481 5268
f 6481 5282 5268
f 6481 5281 5282
f 5281 6471 5283
f 5277 5278 6479
f 5278 5280 6479
f 5278 6482 5280
f 6482 6481 5280
f 6482 6483 6481
f 6483 5281 6481
f 6483 6484 5281
f 6484 5279 5281
f 6484 6485 5279
f 6485 6480 5279
f 5286 5284 5276
f 5284 5278 5276
f 5284 6486 5278
f 6486 6482 5278
f 6486 5290 6482
f 5290 6483 6482
f 5290 6487 6483
f 6487 6484 6483
f 6487 6488 6484
f 6488 6485 6484
f 5288 6489 5284
f 6489 6486 5284
f 6489 5289 6486
f 5289 5290 6486
f 5291 6487 5290
f 5291 6490 6487
f 6490 6488 6487
f 5274 5275 5287
f 5275 5288 5287
f 5275 6491 5288
f 6491 6489 5288
f 6491 6492 6489
f 6492 5289 6489
f 6492 6493 5289
f 6493 5291 5289
f 6493 6494 5291
f 6494 6490 5291
f 5577 6495 5273
f 6495 5275 5273
f 6495 6496 5275
f 6496 6491 5275
f 6496 6497 6491
f 6497 6492 6491
f 6497 5293 6492
f 5293 6493 6492
f 5293 5295 6493
f 5295 6494 6493
f 5579 6498 5577
f 6498 6495 5577
f 6498 6499 6495
f 6499 6496 6495
f 6499 6500 6496
f 6500 6497 6496
f 6500 5292 6497
f 5292 5293 6497
f 5294 5292 6501
f 5292 6502 6501
f 5292 6500 6502
f 6500 6503 6502
f 6500 6499 6503
f 6499 6504 6503
f 6499 6498 6504
f 6498 5298 6504
f 6498 5579 5298
f 5572 5298 5296
f 5298 5579 5299
f 6505 6507 6506
f 6507 6508 6506
f 6507 6509 6508
f 6509 6510 6508
f 6509 5301 6510
f 5301 6511 6510
f 5301 5302 6511
f 5302 6512 6511
f 6501 6502 6512
f 6502 6511 6512
f 6502 6503 6511
f 6503 6510 6511
f 6503 6504 6510
f 6504 6508 6510
f 6504 5298 6508
f 5298 6506 6508
f 5298 5572 6506
f 5572 6505 6506
f 5572 5573 6505
f 5573 5574 6505
f 5575 6513 5574
f 6513 6505 5574
f 6513 6514 6505
f 6514 6507 6505
f 6514 6515 6507
f 6515 6509 6507
f 6515 6478 6509
f 6478 5301 6509
f 6478 5300 5301
f 5304 5306 5575
f 5306 6513 5575
f 5306 6516 6513
f 6516 6514 6513
f 6516 6517 6514
f 6517 6515 6514
f 6517 6518 6515
f 6518 6478 6515
f 6518 6519 6478
f 6519 6477 6478
f 5305 6520 5306
f 6520 6516 5306
f 6520 6521 6516
f 6521 6517 6516
f 6521 6522 6517
f 6522 6518 6517
f 6522 6523 6518
f 6523 6519 6518
f 6524 6526 6525
f 5377 5307 5313
f 5307 5308 5313
f 5373 6527 5374
f 6527 5309 5374
f 5312 6528 5371
f 6528 5373 5371
f 5368 6529 5311
f 6529 5310 5311
f 6529 6530 5310
f 6530 5321 5310
f 6530 5323 5321
f 5308 5316 5314
f 5308 5315 5316
f 5315 5324 5317
f 5318 5321 5320
f 5321 5322 5320
f 5317 5324 5325
f 5324 5327 5326
f 5319 6531 5318
f 6531 5359 5318
f 6531 6532 5359
f 6532 5361 5359
f 6532 6533 5361
f 5326 5327 5328
f 5330 6534 5331
f 6535 5340 5338
f 5340 6535 6536
f 6535 6537 6536
f 6535 5361 6537
f 5361 6538 6537
f 5361 6533 6538
f 5331 6534 5524
f 6534 5526 5524
f 6534 6539 5526
f 6539 5528 5526
f 6539 6540 5528
f 6540 5530 5528
f 5334 5336 5333
f 5334 5335 5336
f 5335 5338 5337
f 5338 5339 5337
f 5530 6540 6541
f 6540 5342 6541
f 6540 5341 5342
f 5341 6542 5343
f 5332 6543 5334
f 6543 6544 5334
f 6543 6545 6544
f 6545 6546 6544
f 6545 6547 6546
f 6547 6548 6546
f 6548 6549 6546
f 6548 6550 6549
f 5343 6542 6551
f 6542 6552 6551
f 6542 6553 6552
f 6553 5534 6552
f 6553 6554 5534
f 6554 6555 5534
f 6554 6556 6555
f 6556 5541 6555
f 6557 6549 6558
f 6549 6559 6558
f 6549 6550 6559
f 6526 6560 6525
f 6525 6560 6561
f 6560 6562 6561
f 6560 6557 6562
f 6557 6563 6562
f 6557 6558 6563
f 5541 6556 6564
f 6556 5345 6564
f 6556 5344 5345
f 5344 6565 5346
f 6565 5347 5346
f 6565 5349 5347
f 5349 5549 5348
f 5349 5550 5549
f 5551 5550 6566
f 5550 6567 6566
f 5550 5349 6567
f 6524 5350 6526
f 5350 5351 6526
f 5352 6568 5351
f 5352 6569 6568
f 6569 6570 6568
f 6569 6571 6570
f 5551 6566 6572
f 6566 6573 6572
f 6566 6574 6573
f 6574 5555 6573
f 6574 6575 5555
f 6576 6578 6577
f 6578 6579 6577
f 6578 6580 6579
f 6580 6581 6579
f 6580 6582 6581
f 6582 6583 6581
f 6582 6570 6583
f 6570 6584 6583
f 6570 6571 6584
f 5555 6575 6585
f 6575 5354 6585
f 6575 5353 5354
f 5353 5563 5355
f 5564 5563 6586
f 5563 6587 6586
f 5563 5353 6587
f 6576 6588 6578
f 6588 6589 6578
f 6588 6590 6589
f 6590 6591 6589
f 6590 6592 6591
f 6592 6593 6591
f 6592 6594 6593
f 5564 6586 5566
f 6586 5567 5566
f 6586 6595 5567
f 6595 5303 5567
f 6595 5305 5303
f 5309 6527 5308
f 6527 5315 5308
f 6527 6596 5315
f 6596 5324 5315
f 6596 6597 5324
f 6597 5327 5324
f 6597 5356 5327
f 5356 5358 5330
f 5358 6534 5330
f 5358 6598 6534
f 6598 6539 6534
f 6598 6599 6539
f 6599 6540 6539
f 6599 6600 6540
f 6600 5341 6540
f 6600 6601 5341
f 6601 6542 5341
f 6601 6602 6542
f 6602 6553 6542
f 6602 6603 6553
f 6603 6554 6553
f 6603 6604 6554
f 6604 6556 6554
f 6604 6605 6556
f 6605 5344 6556
f 6605 6606 5344
f 6606 6565 5344
f 6606 6607 6565
f 6607 5349 6565
f 6607 6608 5349
f 6608 6567 5349
f 6608 6609 6567
f 6609 6566 6567
f 6609 6610 6566
f 6610 6574 6566
f 6610 6611 6574
f 6611 6575 6574
f 6611 6612 6575
f 6612 5353 6575
f 6612 6613 5353
f 6613 6587 5353
f 6613 6614 6587
f 6614 6586 6587
f 6614 6615 6586
f 6615 6595 6586
f 6615 6616 6595
f 6616 5305 6595
f 6616 6520 5305
f 5373 6528 6527
f 6528 6596 6527
f 6528 6617 6596
f 6617 6597 6596
f 6617 6618 6597
f 6618 5356 6597
f 6618 5357 5356
f 5357 5360 5358
f 5360 6598 5358
f 5360 6619 6598
f 6619 6599 6598
f 6619 6620 6599
f 6620 6600 6599
f 6620 6621 6600
f 6621 6601 6600
f 6621 6622 6601
f 6622 6602 6601
f 6622 6623 6602
f 6623 6603 6602
f 6623 6624 6603
f 6624 6604 6603
f 6624 6625 6604
f 6625 6605 6604
f 6625 6626 6605
f 6626 6606 6605
f 6626 6627 6606
f 6627 6607 6606
f 6627 6628 6607
f 6628 6608 6607
f 6628 6629 6608
f 6629 6609 6608
f 6629 6630 6609
f 6630 6610 6609
f 6630 6631 6610
f 6631 6611 6610
f 6631 6632 6611
f 6632 6612 6611
f 6632 6633 6612
f 6633 6613 6612
f 6633 6634 6613
f 6634 6614 6613
f 6634 6635 6614
f 6635 6615 6614
f 6635 6636 6615
f 6636 6616 6615
f 6636 6637 6616
f 6637 6520 6616
f 6637 6521 6520
f 5312 5310 6528
f 5310 6617 6528
f 5310 5321 6617
f 5321 6618 6617
f 5321 5318 6618
f 5318 5357 6618
f 5318 5359 5357
f 5361 6619 5360
f 5361 6535 6619
f 6535 6620 6619
f 6535 5338 6620
f 5338 6621 6620
f 5338 5335 6621
f 5335 6622 6621
f 5335 5334 6622
f 5334 6623 6622
f 5334 6544 6623
f 6544 6624 6623
f 6544 6546 6624
f 6546 6625 6624
f 6546 6549 6625
f 6549 6626 6625
f 6549 6557 6626
f 6557 6627 6626
f 6557 6560 6627
f 6560 6628 6627
f 6560 6526 6628
f 6526 6629 6628
f 6526 5351 6629
f 5351 6630 6629
f 5351 6568 6630
f 6568 6631 6630
f 6568 6570 6631
f 6570 6632 6631
f 6570 6582 6632
f 6582 6633 6632
f 6582 6580 6633
f 6580 6634 6633
f 6580 6578 6634
f 6578 6635 6634
f 6578 6589 6635
f 6589 6636 6635
f 6589 6591 6636
f 6591 6637 6636
f 6591 6593 6637
f 6593 6521 6637
f 6593 6522 6521
f 6522 6593 6523
f 6593 6638 6523
f 6593 6594 6638
f 5397 6639 5500
f 5311 5370 5369
f 5371 5372 5370
f 5374 5375 5372
f 5307 5376 5375
f 5367 5378 5375
f 5378 5379 5372
f 5382 5384 5367
f 5384 5378 5367
f 5384 5386 5378
f 5386 5379 5378
f 5386 5388 5379
f 5388 5380 5379
f 5364 5382 5381
f 5364 5383 5382
f 5385 5386 5384
f 5390 5364 5362
f 5390 5392 5364
f 5392 5383 5364
f 5392 5393 5383
f 5393 5385 5383
f 5393 5395 5385
f 5395 5387 5385
f 5500 6639 5389
f 6639 5390 5389
f 6639 6640 5390
f 6640 5392 5390
f 6640 5391 5392
f 5391 5394 5393
f 5398 6639 5397
f 5398 6641 6639
f 6641 6640 6639
f 6641 5400 6640
f 5400 5391 6640
f 5400 5401 5391
f 5401 5394 5391
f 5498 6642 5396
f 6642 5398 5396
f 6642 6643 5398
f 6643 6641 5398
f 6643 6644 6641
f 6644 5400 6641
f 6644 5399 5400
f 5496 6464 5498
f 6464 6642 5498
f 6464 6463 6642
f 6463 6643 6642
f 6463 5266 6643
f 5266 6644 6643
f 5266 5264 6644
f 5264 5399 6644
f 6645 6647 6646
f 6648 6650 6649
f 6651 5407 6652
f 5369 5402 5368
f 5387 5402 5388
f 5402 5380 5388
f 5402 5369 5380
f 5402 5399 5264
f 5402 5401 5399
f 5401 5402 5394
f 5402 5395 5394
f 5402 5387 5395
f 5402 6654 6653
f 6654 5402 6456
f 5402 6454 6456
f 5402 5265 6454
f 5407 6655 6652
f 6652 6655 6656
f 6655 6657 6656
f 6655 5402 6657
f 5402 6658 6657
f 5402 6653 6658
f 6651 6659 5407
f 6659 6660 5407
f 6659 6661 6660
f 6661 6662 6660
f 6661 6663 6662
f 6663 6664 6662
f 6664 6665 6662
f 6664 6666 6665
f 6667 6669 6668
f 6668 6670 6667
f 6670 5406 6667
f 6670 6671 5406
f 6671 6672 5406
f 6671 6673 6672
f 6674 6675 5405
f 6675 6676 5405
f 6677 6676 6678
f 6676 6679 6678
f 6676 6675 6679
f 6649 6677 6680
f 6677 6681 6680
f 6677 6678 6681
f 6682 6684 6683
f 6684 6685 6683
f 6684 6686 6685
f 5404 6688 6687
f 6688 5404 6689
f 5404 6690 6689
f 5404 6685 6690
f 6685 6691 6690
f 6685 6686 6691
f 6692 6687 6693
f 6687 6694 6693
f 6687 6688 6694
f 6695 6692 6696
f 6692 6697 6696
f 6692 6693 6697
f 6647 6698 6646
f 6646 6698 6699
f 6698 6700 6699
f 6698 6701 6700
f 6701 6702 6700
f 6701 6703 6702
f 6470 5403 5270
f 5403 6469 5270
f 6645 6704 6647
f 6704 5403 6647
f 6704 6705 5403
f 6705 6469 5403
f 6705 6472 6469
f 6512 5302 5403
f 6512 5403 6501
f 5403 5294 6501
f 5295 5403 6494
f 5403 6490 6494
f 5403 6488 6490
f 6488 5403 6485
f 5403 6480 6485
f 5403 6470 6480
f 6523 5403 6519
f 5403 6477 6519
f 5403 5300 6477
f 6523 6638 5403
f 6638 6647 5403
f 6638 6594 6647
f 6594 6698 6647
f 6594 6592 6698
f 6577 6701 6576
f 6701 6588 6576
f 6701 6698 6588
f 6698 6590 6588
f 6698 6592 6590
f 6579 6692 6577
f 6692 6701 6577
f 6692 6695 6701
f 6695 6703 6701
f 6571 6687 6584
f 6687 6583 6584
f 6687 6692 6583
f 6692 6581 6583
f 6692 6579 6581
f 6685 5404 5350
f 5404 6687 5352
f 6687 6569 5352
f 6687 6571 6569
f 6562 6683 6561
f 6683 6525 6561
f 6683 6685 6525
f 6685 6524 6525
f 6685 5350 6524
f 6563 6650 6562
f 6650 6683 6562
f 6650 6648 6683
f 6648 6682 6683
f 6649 6650 6677
f 6650 6558 6677
f 6650 6563 6558
f 6547 6676 6548
f 6676 6550 6548
f 6676 6677 6550
f 6677 6559 6550
f 6677 6558 6559
f 5405 6543 5332
f 5405 6676 6543
f 6676 6545 6543
f 6676 6547 6545
f 6674 5405 6673
f 5405 6672 6673
f 5405 5333 6672
f 5333 5406 6672
f 5333 5336 5406
f 6536 6665 6667
f 6665 6669 6667
f 6665 6666 6669
f 6536 6667 5340
f 6667 5339 5340
f 6667 5406 5339
f 5406 5337 5339
f 6532 6662 6533
f 6662 6538 6533
f 6662 6665 6538
f 6665 6537 6538
f 6665 6536 6537
f 6532 6531 6662
f 6531 6660 6662
f 6531 5319 6660
f 5319 5407 6660
f 5320 6655 5407
f 5320 5322 6655
f 5368 5402 6529
f 5402 6530 6529
f 5402 6655 6530
f 6655 5323 6530
f 6655 5322 5323
f 6706 6708 6707
f 6706 6709 6708
f 6709 6710 6708
f 6709 6711 6710
f 6712 6714 6713
f 6710 6711 6715
f 6711 6716 6715
f 6711 6717 6716
f 6718 5460 6719
f 5460 6720 6719
f 5460 5459 6720
f 5459 6721 6720
f 5459 6713 6721
f 6713 6722 6721
f 6713 6714 6722
f 6723 6725 6724
f 6725 6726 6724
f 6725 6727 6726
f 6716 6717 6728
f 6717 6729 6728
f 6717 6730 6729
f 6730 6731 6729
f 6730 6718 6731
f 6718 6732 6731
f 6718 6719 6732
f 5433 6734 6733
f 6734 6735 6733
f 6734 6736 6735
f 6725 6723 5455
f 6723 5458 5455
f 6723 6737 5458
f 6737 6712 5458
f 6737 6738 6712
f 6738 6714 6712
f 6726 6727 6739
f 6727 6740 6739
f 6727 6741 6740
f 6741 6736 6740
f 6741 6742 6736
f 6742 6735 6736
f 6653 6743 6658
f 6657 6744 6656
f 6652 6745 6651
f 6659 6746 6661
f 6663 6747 6664
f 6666 6748 6669
f 6668 6749 6670
f 6671 6750 6673
f 6674 6751 6675
f 6679 6752 6678
f 6681 6753 6680
f 6649 6754 6648
f 6682 6755 6684
f 6686 6756 6691
f 6690 6757 6689
f 6694 6758 6693
f 6697 6759 6696
f 6695 6760 6703
f 6700 6761 6699
f 6646 6762 6645
f 6704 5419 6705
f 6763 6765 6764
f 5429 6734 5433
f 6766 6768 6767
f 6766 6734 6768
f 6734 5430 6768
f 6734 5429 5430
f 5414 6769 5416
f 5414 6766 6769
f 6766 6770 6769
f 6766 6767 6770
f 5413 6771 5412
f 5413 5414 6771
f 5414 5415 6771
f 6772 5413 6773
f 5413 6774 6773
f 5413 5411 6774
f 6764 6765 6775
f 6765 6776 6775
f 6765 6772 6776
f 6772 6777 6776
f 6772 6773 6777
f 6763 6778 6765
f 6778 6779 6765
f 6778 6780 6779
f 5419 6781 5418
f 5419 6779 6781
f 6779 6782 6781
f 6779 6780 6782
f 6705 6783 6472
f 6705 5419 6783
f 5419 6784 6783
f 5419 5417 6784
f 6785 5420 5421
f 5420 6654 5422
f 6654 6786 5422
f 6654 6456 6786
f 6785 6787 5420
f 6787 6788 5420
f 6787 6789 6788
f 6790 6792 6791
f 6792 6793 6791
f 6792 6788 6793
f 6788 6794 6793
f 6788 6789 6794
f 6795 6797 6796
f 6797 6795 6798
f 6795 6799 6798
f 6795 6792 6799
f 6792 6800 6799
f 6792 6790 6800
f 6801 5423 6802
f 5423 6803 6802
f 5423 6804 6803
f 6804 6805 6803
f 6804 5466 6805
f 5423 6801 5424
f 6708 5425 6707
f 5425 6806 6707
f 5425 6807 6806
f 6645 6762 6704
f 6762 5419 6704
f 6762 6808 5419
f 6808 6779 5419
f 6808 6809 6779
f 6809 6765 6779
f 6809 6810 6765
f 6810 6772 6765
f 6810 6811 6772
f 6811 5413 6772
f 6811 6812 5413
f 6812 5414 5413
f 6812 6813 5414
f 6813 6766 5414
f 6813 6736 6766
f 6736 6734 6766
f 6699 6761 6646
f 6761 6762 6646
f 6761 6814 6762
f 6814 6808 6762
f 6814 6815 6808
f 6815 6809 6808
f 6815 6816 6809
f 6816 6810 6809
f 6816 6817 6810
f 6817 6811 6810
f 6817 6818 6811
f 6818 6812 6811
f 6818 6819 6812
f 6819 6813 6812
f 6819 6740 6813
f 6740 6736 6813
f 6702 6820 6700
f 6820 6761 6700
f 6820 6821 6761
f 6821 6814 6761
f 6821 6822 6814
f 6822 6815 6814
f 6822 6823 6815
f 6823 6816 6815
f 6823 6824 6816
f 6824 6817 6816
f 6824 6825 6817
f 6825 6818 6817
f 6825 6826 6818
f 6826 6819 6818
f 6826 6739 6819
f 6739 6740 6819
f 6703 6760 6702
f 6760 6820 6702
f 6760 6827 6820
f 6827 6821 6820
f 6827 6828 6821
f 6828 6822 6821
f 6828 6829 6822
f 6829 6823 6822
f 6829 6830 6823
f 6830 6824 6823
f 6830 6831 6824
f 6831 6825 6824
f 6831 6832 6825
f 6832 6826 6825
f 6832 6726 6826
f 6726 6739 6826
f 6696 6759 6695
f 6759 6760 6695
f 6759 6833 6760
f 6833 6827 6760
f 6833 6834 6827
f 6834 6828 6827
f 6834 6835 6828
f 6835 6829 6828
f 6835 6836 6829
f 6836 6830 6829
f 6836 6837 6830
f 6837 6831 6830
f 6837 6838 6831
f 6838 6832 6831
f 6838 6724 6832
f 6724 6726 6832
f 6693 6758 6697
f 6758 6759 6697
f 6758 6839 6759
f 6839 6833 6759
f 6839 6840 6833
f 6840 6834 6833
f 6840 6841 6834
f 6841 6835 6834
f 6841 6842 6835
f 6842 6836 6835
f 6842 6843 6836
f 6843 6837 6836
f 6843 6844 6837
f 6844 6838 6837
f 6844 6723 6838
f 6723 6724 6838
f 6688 6845 6694
f 6845 6758 6694
f 6845 6846 6758
f 6846 6839 6758
f 6846 6847 6839
f 6847 6840 6839
f 6847 6848 6840
f 6848 6841 6840
f 6848 6849 6841
f 6849 6842 6841
f 6849 6850 6842
f 6850 6843 6842
f 6850 6851 6843
f 6851 6844 6843
f 6851 6737 6844
f 6737 6723 6844
f 6689 6757 6688
f 6757 6845 6688
f 6757 6852 6845
f 6852 6846 6845
f 6852 6853 6846
f 6853 6847 6846
f 6853 6854 6847
f 6854 6848 6847
f 6854 6855 6848
f 6855 6849 6848
f 6855 6856 6849
f 6856 6850 6849
f 6856 6857 6850
f 6857 6851 6850
f 6857 6738 6851
f 6738 6737 6851
f 6691 6756 6690
f 6756 6757 6690
f 6756 6858 6757
f 6858 6852 6757
f 6858 6859 6852
f 6859 6853 6852
f 6859 6860 6853
f 6860 6854 6853
f 6860 6861 6854
f 6861 6855 6854
f 6861 6862 6855
f 6862 6856 6855
f 6862 6863 6856
f 6863 6857 6856
f 6863 6714 6857
f 6714 6738 6857
f 6684 6755 6686
f 6755 6756 6686
f 6755 6864 6756
f 6864 6858 6756
f 6864 6865 6858
f 6865 6859 6858
f 6865 6866 6859
f 6866 6860 6859
f 6866 6867 6860
f 6867 6861 6860
f 6867 6868 6861
f 6868 6862 6861
f 6868 6869 6862
f 6869 6863 6862
f 6869 6722 6863
f 6722 6714 6863
f 6648 6754 6682
f 6754 6755 6682
f 6754 6870 6755
f 6870 6864 6755
f 6870 6871 6864
f 6871 6865 6864
f 6871 6872 6865
f 6872 6866 6865
f 6872 6873 6866
f 6873 6867 6866
f 6873 6874 6867
f 6874 6868 6867
f 6874 6875 6868
f 6875 6869 6868
f 6875 6721 6869
f 6721 6722 6869
f 6680 6753 6649
f 6753 6754 6649
f 6753 6876 6754
f 6876 6870 6754
f 6876 6877 6870
f 6877 6871 6870
f 6877 6878 6871
f 6878 6872 6871
f 6878 6879 6872
f 6879 6873 6872
f 6879 6880 6873
f 6880 6874 6873
f 6880 6881 6874
f 6881 6875 6874
f 6881 6720 6875
f 6720 6721 6875
f 6678 6752 6681
f 6752 6753 6681
f 6752 6882 6753
f 6882 6876 6753
f 6882 6883 6876
f 6883 6877 6876
f 6883 6884 6877
f 6884 6878 6877
f 6884 6885 6878
f 6885 6879 6878
f 6885 6886 6879
f 6886 6880 6879
f 6886 6887 6880
f 6887 6881 6880
f 6887 6719 6881
f 6719 6720 6881
f 6675 6751 6679
f 6751 6752 6679
f 6751 6888 6752
f 6888 6882 6752
f 6888 6889 6882
f 6889 6883 6882
f 6889 6890 6883
f 6890 6884 6883
f 6890 6891 6884
f 6891 6885 6884
f 6891 6892 6885
f 6892 6886 6885
f 6892 6893 6886
f 6893 6887 6886
f 6893 6732 6887
f 6732 6719 6887
f 6673 6750 6674
f 6750 6751 6674
f 6750 6894 6751
f 6894 6888 6751
f 6894 6895 6888
f 6895 6889 6888
f 6895 6896 6889
f 6896 6890 6889
f 6896 6897 6890
f 6897 6891 6890
f 6897 6898 6891
f 6898 6892 6891
f 6898 6899 6892
f 6899 6893 6892
f 6899 6731 6893
f 6731 6732 6893
f 6670 6749 6671
f 6749 6750 6671
f 6749 6900 6750
f 6900 6894 6750
f 6900 6901 6894
f 6901 6895 6894
f 6901 6902 6895
f 6902 6896 6895
f 6902 6903 6896
f 6903 6897 6896
f 6903 6904 6897
f 6904 6898 6897
f 6904 6905 6898
f 6905 6899 6898
f 6905 6729 6899
f 6729 6731 6899
f 6669 6748 6668
f 6748 6749 6668
f 6748 6906 6749
f 6906 6900 6749
f 6906 6907 6900
f 6907 6901 6900
f 6907 6908 6901
f 6908 6902 6901
f 6908 6909 6902
f 6909 6903 6902
f 6909 6910 6903
f 6910 6904 6903
f 6910 6911 6904
f 6911 6905 6904
f 6911 6728 6905
f 6728 6729 6905
f 6664 6747 6666
f 6747 6748 6666
f 6747 6912 6748
f 6912 6906 6748
f 6912 6913 6906
f 6913 6907 6906
f 6913 6914 6907
f 6914 6908 6907
f 6914 6915 6908
f 6915 6909 6908
f 6915 6916 6909
f 6916 6910 6909
f 6916 6917 6910
f 6917 6911 6910
f 6917 6716 6911
f 6716 6728 6911
f 6661 6746 6663
f 6746 6747 6663
f 6746 6918 6747
f 6918 6912 6747
f 6918 6919 6912
f 6919 6913 6912
f 6919 6920 6913
f 6920 6914 6913
f 6920 6921 6914
f 6921 6915 6914
f 6921 6922 6915
f 6922 6916 6915
f 6922 6923 6916
f 6923 6917 6916
f 6923 6715 6917
f 6715 6716 6917
f 6651 6745 6659
f 6745 6746 6659
f 6745 6924 6746
f 6924 6918 6746
f 6924 6925 6918
f 6925 6919 6918
f 6925 6926 6919
f 6926 6920 6919
f 6926 6927 6920
f 6927 6921 6920
f 6927 6928 6921
f 6928 6922 6921
f 6928 6929 6922
f 6929 6923 6922
f 6929 6710 6923
f 6710 6715 6923
f 6656 6744 6652
f 6744 6745 6652
f 6744 6930 6745
f 6930 6924 6745
f 6930 6931 6924
f 6931 6925 6924
f 6931 6932 6925
f 6932 6926 6925
f 6932 6933 6926
f 6933 6927 6926
f 6933 6934 6927
f 6934 6928 6927
f 6934 5425 6928
f 5425 6929 6928
f 5425 6708 6929
f 6708 6710 6929
f 6658 6743 6657
f 6743 6744 6657
f 6743 6935 6744
f 6935 6930 6744
f 6935 6936 6930
f 6936 6931 6930
f 6936 6937 6931
f 6937 6932 6931
f 6937 6804 6932
f 6804 6933 6932
f 6804 5423 6933
f 5423 6934 6933
f 5423 5409 6934
f 5409 5425 6934
f 5410 6807 5425
f 6654 5420 6653
f 5420 6743 6653
f 5420 6788 6743
f 6788 6935 6743
f 6788 6792 6935
f 6792 6936 6935
f 6792 6795 6936
f 6795 6937 6936
f 6795 6796 6937
f 6796 6804 6937
f 6796 5465 6804
f 5465 5466 6804
f 6475 6938 6476
f 6474 6939 6475
f 6473 6940 6474
f 5426 6941 6784
f 6941 6783 6784
f 6941 6942 6783
f 6942 6472 6783
f 6942 6473 6472
f 6943 6944 6781
f 6944 5418 6781
f 6944 5426 5418
f 5426 6784 5417
f 6764 6945 6763
f 6945 6778 6763
f 6945 6946 6778
f 6946 6780 6778
f 6946 6943 6780
f 6943 6782 6780
f 6943 6781 6782
f 6764 6775 6945
f 6775 6947 6945
f 6775 6948 6947
f 6949 6950 6773
f 6950 6777 6773
f 6950 6948 6777
f 6948 6776 6777
f 6948 6775 6776
f 6475 6939 6938
f 6939 6951 6938
f 6939 6952 6951
f 6952 5615 6951
f 6952 6953 5615
f 6953 6954 5615
f 6953 6955 6954
f 6955 6956 6954
f 6955 6957 6956
f 6957 6958 6956
f 6957 6959 6958
f 6959 5612 6958
f 6959 6960 5612
f 6960 6961 5612
f 6960 6962 6961
f 6962 6963 6961
f 6962 6964 6963
f 6964 6965 6963
f 6964 6966 6965
f 6966 5609 6965
f 6966 6967 5609
f 6967 6968 5609
f 6967 6969 6968
f 6969 5606 6968
f 6969 6970 5606
f 6970 5604 5606
f 6970 6971 5604
f 6474 6940 6939
f 6940 6952 6939
f 6940 6972 6952
f 6972 6953 6952
f 6972 6973 6953
f 6973 6955 6953
f 6973 6974 6955
f 6974 6957 6955
f 6974 6975 6957
f 6975 6959 6957
f 6975 6976 6959
f 6976 6960 6959
f 6976 6977 6960
f 6977 6962 6960
f 6977 6978 6962
f 6978 6964 6962
f 6978 6979 6964
f 6979 6966 6964
f 6979 6980 6966
f 6980 6967 6966
f 6980 6981 6967
f 6981 6969 6967
f 6981 6982 6969
f 6982 6970 6969
f 6982 6983 6970
f 6983 6971 6970
f 6983 6984 6971
f 6473 6942 6940
f 6942 6972 6940
f 6942 6941 6972
f 6941 6973 6972
f 6941 5426 6973
f 5426 6974 6973
f 5426 6944 6974
f 6944 6975 6974
f 6944 6943 6975
f 6943 6976 6975
f 6943 6946 6976
f 6946 6977 6976
f 6946 6945 6977
f 6945 6978 6977
f 6945 6947 6978
f 6947 6979 6978
f 6947 6948 6979
f 6948 6980 6979
f 6948 6950 6980
f 6950 6981 6980
f 6950 6949 6981
f 6949 6982 6981
f 6949 5428 6982
f 5428 6983 6982
f 5428 6985 6983
f 6985 6984 6983
f 6985 5427 6984
f 5427 6771 5415
f 5427 6985 6771
f 6985 5412 6771
f 6985 5428 5412
f 5428 6949 5411
f 6949 6774 5411
f 6949 6773 6774
f 6769 6986 5416
f 6986 5427 5416
f 6986 6987 5427
f 6987 6984 5427
f 6987 6988 6984
f 6988 6971 6984
f 6988 6989 6971
f 6989 5604 6971
f 6989 6988 5622
f 6988 6990 5622
f 6988 6987 6990
f 6987 6991 6990
f 6987 6986 6991
f 6986 6992 6991
f 6986 6769 6992
f 6768 6992 6767
f 6992 6770 6767
f 6992 6769 6770
f 5432 6994 6993
f 6994 6995 6993
f 6994 6996 6995
f 6996 6997 6995
f 6996 5618 6997
f 5618 5620 6997
f 5622 6990 5620
f 6990 6997 5620
f 6990 6991 6997
f 6991 6995 6997
f 6991 6992 6995
f 6992 6993 6995
f 6992 6768 6993
f 6768 5432 6993
f 6768 5430 5432
f 5431 6998 5432
f 6998 6994 5432
f 6998 6999 6994
f 6999 6996 6994
f 6999 5623 6996
f 5623 5618 6996
f 5434 5431 5429
f 5434 7000 5431
f 7000 6998 5431
f 7000 7001 6998
f 7001 6999 6998
f 7001 5625 6999
f 5625 5623 6999
f 5638 7002 5640
f 5633 7003 5635
f 5629 7004 5631
f 7005 7006 5627
f 7005 5625 7006
f 6733 7007 5433
f 7007 5434 5433
f 7007 7008 5434
f 7008 7000 5434
f 7008 7006 7000
f 7006 7001 7000
f 7006 5625 7001
f 6735 7009 6733
f 7009 7007 6733
f 7009 7010 7007
f 7010 7008 7007
f 7010 7004 7008
f 7004 7006 7008
f 7004 5629 7006
f 5629 5627 7006
f 6742 7011 6735
f 7011 7009 6735
f 7011 7012 7009
f 7012 7010 7009
f 7012 7003 7010
f 7003 7004 7010
f 7003 5633 7004
f 5633 5631 7004
f 6741 7013 6742
f 7013 7011 6742
f 7013 7014 7011
f 7014 7012 7011
f 7014 7002 7012
f 7002 7003 7012
f 7002 5638 7003
f 5638 5635 7003
f 5640 7002 5644
f 7002 7015 5644
f 7002 7014 7015
f 7013 7016 7014
f 6741 7017 7013
f 5644 7015 5646
f 7015 5436 5646
f 7015 5435 5436
f 5435 7018 5437
f 5437 7018 5657
f 7018 5655 5657
f 7018 7019 5655
f 7019 5653 5655
f 7019 7020 5653
f 5653 7020 5650
f 7020 5439 5650
f 7020 5438 5439
f 5438 5441 5440
f 5440 5441 5442
f 5444 5445 5443
f 5444 5447 5445
f 5447 5449 5448
f 5449 7021 5450
f 7014 7016 7015
f 7016 5435 7015
f 7016 7022 5435
f 7022 7018 5435
f 7022 7023 7018
f 7023 7019 7018
f 7023 7024 7019
f 7024 7020 7019
f 7024 7025 7020
f 7025 5438 7020
f 7025 7026 5438
f 7026 5441 5438
f 7026 5451 5441
f 5452 5447 5444
f 5452 7027 5447
f 7027 5449 5447
f 7027 7028 5449
f 7028 7021 5449
f 7028 7029 7021
f 7013 7017 7016
f 7017 7022 7016
f 7017 7030 7022
f 7030 7023 7022
f 7030 5456 7023
f 5456 7024 7023
f 5456 5457 7024
f 5457 7025 7024
f 5457 7031 7025
f 7031 7026 7025
f 7031 7032 7026
f 7032 5451 7026
f 7032 5453 5451
f 5454 7027 5452
f 5454 7033 7027
f 7033 7028 7027
f 7033 7034 7028
f 7034 7029 7028
f 7034 7035 7029
f 6741 6727 7017
f 6727 7030 7017
f 6727 6725 7030
f 6725 5456 7030
f 6725 5455 5456
f 5458 7031 5457
f 5458 6712 7031
f 6712 7032 7031
f 6712 6713 7032
f 6713 5453 7032
f 6713 5459 5453
f 5460 7033 5454
f 5460 6718 7033
f 6718 7034 7033
f 6718 6730 7034
f 6730 7035 7034
f 6730 6717 7035
f 5256 7036 5254
f 5260 5462 5258
f 6711 7037 6717
f 7037 7035 6717
f 7037 7038 7035
f 7038 7029 7035
f 7038 5461 7029
f 5461 7021 7029
f 5461 5262 7021
f 5262 5450 7021
f 6709 7039 6711
f 7039 7037 6711
f 7039 7040 7037
f 7040 7038 7037
f 7040 5462 7038
f 5462 5461 7038
f 5462 5260 5461
f 6706 7041 6709
f 7041 7039 6709
f 7041 7042 7039
f 7042 7040 7039
f 7042 7036 7040
f 7036 5462 7040
f 7036 5256 5462
f 6707 7041 6706
f 6707 7043 7041
f 7043 7042 7041
f 7043 7044 7042
f 7044 7036 7042
f 7044 7045 7036
f 7045 5254 7036
f 7045 5474 5254
f 5421 7046 6785
f 6789 7047 6794
f 7045 5476 5474
f 7044 7048 7045
f 7043 7049 7044
f 6707 7050 7043
f 6707 6806 7050
f 6806 7051 7050
f 6806 6807 7051
f 6807 5410 7051
f 5410 5463 7051
f 5424 7052 5463
f 5424 6801 7052
f 6801 6802 7052
f 6802 7053 7052
f 6802 6803 7053
f 6803 7054 7053
f 6803 6805 7054
f 6805 5464 7054
f 6805 5466 5464
f 7045 7048 5476
f 7048 5478 5476
f 7048 7055 5478
f 7055 5480 5478
f 7055 7056 5480
f 7056 5482 5480
f 7056 7057 5482
f 7057 7058 5482
f 7057 7059 7058
f 7059 7060 7058
f 7059 7061 7060
f 7061 5484 7060
f 7061 7062 5484
f 7062 7063 5484
f 7062 7064 7063
f 7044 7049 7048
f 7049 7055 7048
f 7049 7065 7055
f 7065 7056 7055
f 7065 7066 7056
f 7066 7057 7056
f 7066 7067 7057
f 7067 7059 7057
f 7067 7068 7059
f 7068 7061 7059
f 7068 7069 7061
f 7069 7062 7061
f 7069 7070 7062
f 7070 7064 7062
f 7070 7071 7064
f 7043 7050 7049
f 7050 7065 7049
f 7050 7051 7065
f 7051 7066 7065
f 7051 5463 7066
f 5463 7067 7066
f 5463 7052 7067
f 7052 7068 7067
f 7052 7053 7068
f 7053 7069 7068
f 7053 7054 7069
f 7054 7070 7069
f 7054 5464 7070
f 5464 7071 7070
f 5464 7072 7071
f 7072 6796 6797
f 7072 5464 6796
f 5464 5465 6796
f 7063 7064 5487
f 7064 7073 5487
f 7064 7071 7073
f 7071 7074 7073
f 7071 7072 7074
f 7072 7075 7074
f 7072 6797 7075
f 6800 7075 6799
f 7075 6798 6799
f 7075 6797 6798
f 7076 7078 7077
f 7078 7079 7077
f 7078 7080 7079
f 7080 7081 7079
f 7080 7082 7081
f 7082 5490 7081
f 5487 7073 5490
f 7073 7081 5490
f 7073 7074 7081
f 7074 7079 7081
f 7074 7075 7079
f 7075 7077 7079
f 7075 6800 7077
f 6800 7076 7077
f 6800 6790 7076
f 6790 6791 7076
f 6793 7083 6791
f 7083 7076 6791
f 7083 7084 7076
f 7084 7078 7076
f 7084 7085 7078
f 7085 7080 7078
f 7085 7086 7080
f 7086 7082 7080
f 6794 7047 6793
f 7047 7083 6793
f 7047 7087 7083
f 7087 7084 7083
f 7087 7088 7084
f 7088 7085 7084
f 7088 7089 7085
f 7089 7086 7085
f 6787 7090 6789
f 7090 7047 6789
f 7090 7091 7047
f 7091 7087 7047
f 7091 7092 7087
f 7092 7088 7087
f 7092 5471 7088
f 5471 7089 7088
f 6785 7046 6787
f 7046 7090 6787
f 7046 7093 7090
f 7093 7091 7090
f 7093 7094 7091
f 7094 7092 7091
f 7094 7095 7092
f 7095 5471 7092
f 5467 7046 5421
f 5467 7096 7046
f 7096 7093 7046
f 7096 7097 7093
f 7097 7094 7093
f 7097 7098 7094
f 7098 7095 7094
f 6786 7099 5422
f 7099 5467 5422
f 7099 7100 5467
f 7100 7096 5467
f 7100 7101 7096
f 7101 7097 7096
f 7101 7102 7097
f 7102 7098 7097
f 6456 6457 6786
f 6457 7099 6786
f 6457 6459 7099
f 6459 7100 7099
f 6459 6461 7100
f 6461 7101 7100
f 6461 5469 7101
f 5469 7102 7101
f 7103 7089 7104
f 5470 7102 5469
f 5470 7105 7102
f 7089 5471 7104
f 5468 5469 5513
f 5469 5497 5513
f 5469 6462 5497
f 6462 5496 5497
f 7104 5471 5472
f 5471 7095 5473
f 7095 7105 5473
f 7095 7098 7105
f 7098 7102 7105
f 5490 7082 5492
f 7082 7103 5492
f 7082 7086 7103
f 7086 7089 7103
f 5254 5474 5253
f 5474 5476 5475
f 5476 5478 5477
f 5478 5480 5479
f 5480 5482 5481
f 5482 7058 5483
f 7058 7106 5483
f 7058 7060 7106
f 7060 5485 7106
f 7060 5484 5485
f 5484 7063 5486
f 7063 5488 5486
f 7063 5487 5488
f 5487 5490 5489
f 5501 5499 5389
f 5502 5507 5501
f 5313 5495 5377
f 5495 5313 5514
f 5314 5316 5516
f 5317 5517 5516
f 5317 5325 5517
f 5325 5326 5519
f 5326 5328 5520
f 5328 5329 5521
f 5331 5524 5523
f 5524 5526 5525
f 5526 5528 5527
f 5528 5530 5529
f 5530 5531 5529
f 5535 6552 5534
f 6552 5535 6551
f 5535 5343 6551
f 5536 5532 5342
f 5532 6541 5342
f 5532 5530 6541
f 5533 5534 5537
f 5534 6555 5538
f 6555 5541 5538
f 5538 5541 5542
f 5541 6564 5540
f 6564 5345 5540
f 5347 5348 5544
f 5550 5551 5548
f 5556 6573 5555
f 5551 6572 5556
f 6572 6573 5556
f 5354 5558 6585
f 5558 5555 6585
f 5566 5567 5565
f 5287 5576 5274
f 5576 5577 5273
f 6465 5590 6479
f 6479 5590 5277
f 5590 5276 5277
f 5590 5592 5276
f 5568 5575 5571
f 5276 5592 5286
f 5592 5576 5286
f 6465 5602 5590
f 5602 5586 5590
f 6466 5602 6465
f 5602 6466 5581
f 6466 5580 5581
f 6466 7107 5580
f 5605 5606 5604
f 5607 6968 5606
f 5607 5608 6968
f 5608 5609 6968
f 5610 6965 5609
f 5610 7108 6965
f 7108 6963 6965
f 7108 7109 6963
f 7109 6961 6963
f 7109 5611 6961
f 5611 5612 6961
f 5613 6958 5612
f 5613 7110 6958
f 7110 6956 6958
f 7110 7111 6956
f 7111 6954 6956
f 7111 5614 6954
f 5614 5615 6954
f 5616 6951 5615
f 5616 7112 6951
f 7112 6938 6951
f 7112 7107 6938
f 7107 6476 6938
f 7107 6466 6476
f 5619 5620 5618
f 5621 5622 5620
f 5603 6989 5622
f 5603 5604 6989
f 5618 5623 5617
f 5623 5625 5624
f 5625 7005 5626
f 7005 5627 5626
f 5627 5629 5628
f 5629 5631 5630
f 5631 5633 5632
f 5633 5635 5634
f 5635 5638 5636
f 5638 5640 5639
f 5643 5646 5436
f 5640 5644 5641
f 5644 5646 5645
f 5646 5643 5647
f 5649 5650 5439
f 5652 5653 5650
f 5654 5655 5653
f 5656 5657 5655
f 5642 5437 5657
f 5658 5448 5450
f 5448 5659 5446
f 5660 5443 5445
f 5648 5440 5442
f 5648 5439 5440
