# xArm7 link4
mtllib material.lib
v 0.048767 -0.127975 -0.030671
v 0.048767 -0.127975 -0.030671
v 0.048767 -0.127975 -0.030671
v 0.078944 -0.127975 -0.042183
v 0.078944 -0.127975 -0.042183
v 0.078944 -0.127975 -0.042183
v 0.041816 -0.127975 -0.022124
v 0.041816 -0.127975 -0.022124
v 0.041816 -0.127975 -0.022124
v 0.037314 -0.127975 -0.012069
v 0.037314 -0.127975 -0.012069
v 0.037314 -0.127975 -0.012069
v 0.089821 -0.127975 -0.040437
v 0.089821 -0.127975 -0.040437
v 0.089821 -0.127975 -0.040437
v 0.089821 -0.127975 -0.040437
v 0.089821 -0.127975 -0.040437
v 0.089821 -0.127975 -0.040437
v 0.089821 -0.127975 -0.040437
v 0.089821 -0.127975 -0.040437
v 0.089821 -0.127975 -0.040437
v 0.089821 -0.127975 -0.040437
v 0.057692 -0.127975 -0.037127
v 0.057692 -0.127975 -0.037127
v 0.057692 -0.127975 -0.037127
v 0.067985 -0.127975 -0.041054
v 0.067985 -0.127975 -0.041054
v 0.067985 -0.127975 -0.041054
v 0.035568 -0.127975 -0.001192
v 0.035568 -0.127975 -0.001192
v 0.035568 -0.127975 -0.001192
v 0.036697 -0.127975 0.009767
v 0.036697 -0.127975 0.009767
v 0.036697 -0.127975 0.009767
v 0.099876 -0.127975 -0.035935
v 0.099876 -0.127975 -0.035935
v 0.099876 -0.127975 -0.035935
v 0.076559 -0.127975 0.042183
v 0.076559 -0.127975 0.042183
v 0.076559 -0.127975 0.042183
v 0.065682 -0.127975 0.040438
v 0.065682 -0.127975 0.040438
v 0.065682 -0.127975 0.040438
v 0.113687 -0.127975 0.022124
v 0.113687 -0.127975 0.022124
v 0.113687 -0.127975 0.022124
v 0.118189 -0.127975 0.012070
v 0.118189 -0.127975 0.012070
v 0.118189 -0.127975 0.012070
v 0.119935 -0.127975 0.001192
v 0.119935 -0.127975 0.001192
v 0.119935 -0.127975 0.001192
v 0.118806 -0.127975 -0.009766
v 0.118806 -0.127975 -0.009766
v 0.118806 -0.127975 -0.009766
v 0.108423 -0.127975 -0.028985
v 0.108423 -0.127975 -0.028985
v 0.108423 -0.127975 -0.028985
v 0.108423 -0.127975 -0.028985
v 0.108423 -0.127975 -0.028985
v 0.108423 -0.127975 -0.028985
v 0.040624 -0.127975 0.020059
v 0.040624 -0.127975 0.020059
v 0.040624 -0.127975 0.020059
v 0.047081 -0.127975 0.028985
v 0.047081 -0.127975 0.028985
v 0.047081 -0.127975 0.028985
v 0.055628 -0.127975 0.035936
v 0.055628 -0.127975 0.035936
v 0.055628 -0.127975 0.035936
v 0.106737 -0.127975 0.030671
v 0.106737 -0.127975 0.030671
v 0.106737 -0.127975 0.030671
v 0.106737 -0.127975 0.030671
v 0.106737 -0.127975 0.030671
v 0.106737 -0.127975 0.030671
v 0.106737 -0.127975 0.030671
v 0.106737 -0.127975 0.030671
v 0.114879 -0.127975 -0.020059
v 0.114879 -0.127975 -0.020059
v 0.114879 -0.127975 -0.020059
v 0.087518 -0.127975 0.041055
v 0.087518 -0.127975 0.041055
v 0.087518 -0.127975 0.041055
v 0.087518 -0.127975 0.041055
v 0.087518 -0.127975 0.041055
v 0.087518 -0.127975 0.041055
v 0.089253 -0.127975 0.040603
v 0.089253 -0.127975 0.040603
v 0.089253 -0.127975 0.040603
v 0.097811 -0.127975 0.037128
v 0.097811 -0.127975 0.037128
v 0.097811 -0.127975 0.037128
v 0.097811 -0.127975 0.037128
v 0.086142 -0.155575 -0.038803
v 0.092047 -0.152981 -0.036980
v 0.092047 -0.152981 -0.036980
v 0.092047 -0.152981 -0.036980
v 0.094159 -0.155575 -0.036151
v 0.094159 -0.155575 -0.036151
v 0.094159 -0.155575 -0.036151
v 0.094159 -0.155575 -0.036151
v 0.094159 -0.155575 -0.036151
v 0.094159 -0.155575 -0.036151
v 0.094159 -0.155575 -0.036151
v 0.094159 -0.155575 -0.036151
v 0.094159 -0.155575 -0.036151
v 0.094159 -0.158375 -0.036151
v 0.094159 -0.158375 -0.036151
v 0.094159 -0.158375 -0.036151
v 0.094159 -0.158375 -0.036151
v 0.092047 -0.158169 -0.036980
v 0.092047 -0.158169 -0.036980
v 0.092047 -0.158169 -0.036980
v 0.092047 -0.158169 -0.036980
v 0.099522 -0.155575 -0.033198
v 0.099522 -0.155575 -0.033198
v 0.099522 -0.155575 -0.033198
v 0.099522 -0.155575 -0.033198
v 0.099522 -0.155575 -0.033198
v 0.099522 -0.155575 -0.033198
v 0.099346 -0.156353 -0.033313
v 0.099346 -0.156353 -0.033313
v 0.099346 -0.156353 -0.033313
v 0.099346 -0.156353 -0.033313
v 0.099346 -0.156353 -0.033313
v 0.099346 -0.156353 -0.033313
v 0.097098 -0.158000 -0.034667
v 0.097098 -0.158000 -0.034667
v 0.097098 -0.158000 -0.034667
v 0.097098 -0.158000 -0.034667
v 0.097098 -0.158000 -0.034667
v 0.097098 -0.158000 -0.034667
v 0.098912 -0.156975 -0.033590
v 0.098912 -0.156975 -0.033590
v 0.098912 -0.156975 -0.033590
v 0.098912 -0.156975 -0.033590
v 0.097098 -0.153151 -0.034667
v 0.097098 -0.153151 -0.034667
v 0.097098 -0.153151 -0.034667
v 0.097098 -0.153151 -0.034667
v 0.097098 -0.153151 -0.034667
v 0.097098 -0.153151 -0.034667
v 0.097098 -0.153151 -0.034667
v 0.094159 -0.152775 -0.036151
v 0.094159 -0.152775 -0.036151
v 0.094159 -0.152775 -0.036151
v 0.094159 -0.152775 -0.036151
v 0.090314 -0.158000 -0.037660
v 0.090314 -0.158000 -0.037660
v 0.098912 -0.154175 -0.033590
v 0.098912 -0.154175 -0.033590
v 0.098912 -0.154175 -0.033590
v 0.098912 -0.154175 -0.033590
v 0.099346 -0.154799 -0.033313
v 0.099346 -0.154799 -0.033313
v 0.099346 -0.154799 -0.033313
v 0.099346 -0.154799 -0.033313
v 0.099346 -0.154799 -0.033313
v 0.089933 -0.152982 0.037729
v 0.089933 -0.152982 0.037729
v 0.092076 -0.155560 0.037026
v 0.092076 -0.155560 0.037026
v 0.092076 -0.155560 0.037026
v 0.092076 -0.155560 0.037026
v 0.092076 -0.155560 0.037026
v 0.092076 -0.155560 0.037026
v 0.092076 -0.155560 0.037026
v 0.092076 -0.155560 0.037026
v 0.092076 -0.155560 0.037026
v 0.092091 -0.152775 0.037020
v 0.092091 -0.152775 0.037020
v 0.092091 -0.152775 0.037020
v 0.092091 -0.152775 0.037020
v 0.097613 -0.155575 0.034375
v 0.097613 -0.155575 0.034375
v 0.097613 -0.155575 0.034375
v 0.097613 -0.155575 0.034375
v 0.097613 -0.155575 0.034375
v 0.097613 -0.155575 0.034375
v 0.097430 -0.154798 0.034480
v 0.097430 -0.154798 0.034480
v 0.097430 -0.154798 0.034480
v 0.097430 -0.154798 0.034480
v 0.097430 -0.154798 0.034480
v 0.097430 -0.154798 0.034480
v 0.095109 -0.153151 0.035705
v 0.095109 -0.153151 0.035705
v 0.095109 -0.153151 0.035705
v 0.095109 -0.153151 0.035705
v 0.095109 -0.153151 0.035705
v 0.095109 -0.153151 0.035705
v 0.096981 -0.154175 0.034733
v 0.096981 -0.154175 0.034733
v 0.096981 -0.154175 0.034733
v 0.096981 -0.154175 0.034733
v 0.092056 -0.158345 0.037017
v 0.092584 -0.158368 0.036825
v 0.095109 -0.158000 0.035705
v 0.095109 -0.158000 0.035705
v 0.095109 -0.158000 0.035705
v 0.095109 -0.158000 0.035705
v 0.095109 -0.158000 0.035705
v 0.096981 -0.156975 0.034733
v 0.096981 -0.156975 0.034733
v 0.096981 -0.156975 0.034733
v 0.096981 -0.156975 0.034733
v 0.097429 -0.156354 0.034480
v 0.097429 -0.156354 0.034480
v 0.097429 -0.156354 0.034480
v 0.097429 -0.156354 0.034480
v 0.097429 -0.156354 0.034480
v 0.097811 -0.169175 0.037128
v 0.097811 -0.169175 0.037128
v 0.097811 -0.169175 0.037128
v 0.097811 -0.169175 0.037128
v 0.097811 -0.169175 0.037128
v 0.097811 -0.169175 0.037128
v 0.087518 -0.169175 0.041055
v 0.087518 -0.169175 0.041055
v 0.087518 -0.169175 0.041055
v 0.087518 -0.169175 0.041055
v 0.087518 -0.169175 0.041055
v 0.087518 -0.169175 0.041055
v 0.087518 -0.169175 0.041055
v 0.087518 -0.169175 0.041055
v 0.087518 -0.169175 0.041055
v 0.087518 -0.169175 0.041055
v 0.087518 -0.169175 0.041055
v 0.077752 -0.169175 0.000000
v 0.077752 -0.169175 0.000000
v 0.077752 -0.169175 0.000000
v 0.077752 -0.169175 0.000000
v 0.077752 -0.169175 0.000000
v 0.077752 -0.169175 0.000000
v 0.077752 -0.169175 0.000000
v 0.077752 -0.169175 0.000000
v 0.077752 -0.169175 0.000000
v 0.077752 -0.169175 0.000000
v 0.077752 -0.169175 0.000000
v 0.077752 -0.169175 0.000000
v 0.077752 -0.169175 0.000000
v 0.077752 -0.169175 0.000000
v 0.077752 -0.169175 0.000000
v 0.077752 -0.169175 0.000000
v 0.077752 -0.169175 0.000000
v 0.076559 -0.169175 0.042183
v 0.076559 -0.169175 0.042183
v 0.076559 -0.169175 0.042183
v 0.076559 -0.169175 0.042183
v 0.076559 -0.169175 0.042183
v 0.065682 -0.169175 0.040438
v 0.065682 -0.169175 0.040438
v 0.065682 -0.169175 0.040438
v 0.065682 -0.169175 0.040438
v 0.065682 -0.169175 0.040438
v 0.118189 -0.169175 0.012070
v 0.118189 -0.169175 0.012070
v 0.118189 -0.169175 0.012070
v 0.118189 -0.169175 0.012070
v 0.113687 -0.169175 0.022124
v 0.113687 -0.169175 0.022124
v 0.113687 -0.169175 0.022124
v 0.113687 -0.169175 0.022124
v 0.113687 -0.169175 0.022124
v 0.106737 -0.169175 0.030671
v 0.106737 -0.169175 0.030671
v 0.106737 -0.169175 0.030671
v 0.106737 -0.169175 0.030671
v 0.106737 -0.169175 0.030671
v 0.106737 -0.169175 0.030671
v 0.106737 -0.169175 0.030671
v 0.106737 -0.169175 0.030671
v 0.114879 -0.169175 -0.020059
v 0.114879 -0.169175 -0.020059
v 0.114879 -0.169175 -0.020059
v 0.114879 -0.169175 -0.020059
v 0.114879 -0.169175 -0.020059
v 0.118806 -0.169175 -0.009766
v 0.118806 -0.169175 -0.009766
v 0.118806 -0.169175 -0.009766
v 0.118806 -0.169175 -0.009766
v 0.118806 -0.169175 -0.009766
v 0.119935 -0.169175 0.001192
v 0.119935 -0.169175 0.001192
v 0.119935 -0.169175 0.001192
v 0.119935 -0.169175 0.001192
v 0.119935 -0.169175 0.001192
v 0.089821 -0.169175 -0.040437
v 0.089821 -0.169175 -0.040437
v 0.089821 -0.169175 -0.040437
v 0.089821 -0.169175 -0.040437
v 0.089821 -0.169175 -0.040437
v 0.089821 -0.169175 -0.040437
v 0.089821 -0.169175 -0.040437
v 0.089821 -0.169175 -0.040437
v 0.089821 -0.169175 -0.040437
v 0.099876 -0.169175 -0.035935
v 0.099876 -0.169175 -0.035935
v 0.099876 -0.169175 -0.035935
v 0.099876 -0.169175 -0.035935
v 0.099876 -0.169175 -0.035935
v 0.099876 -0.169175 -0.035935
v 0.108423 -0.169175 -0.028985
v 0.108423 -0.169175 -0.028985
v 0.108423 -0.169175 -0.028985
v 0.108423 -0.169175 -0.028985
v 0.108423 -0.169175 -0.028985
v 0.108423 -0.169175 -0.028985
v 0.108423 -0.169175 -0.028985
v 0.108423 -0.169175 -0.028985
v 0.108423 -0.169175 -0.028985
v 0.108423 -0.169175 -0.028985
v 0.057692 -0.169175 -0.037127
v 0.057692 -0.169175 -0.037127
v 0.057692 -0.169175 -0.037127
v 0.057692 -0.169175 -0.037127
v 0.057692 -0.169175 -0.037127
v 0.067985 -0.169175 -0.041054
v 0.067985 -0.169175 -0.041054
v 0.067985 -0.169175 -0.041054
v 0.067985 -0.169175 -0.041054
v 0.067985 -0.169175 -0.041054
v 0.078944 -0.169175 -0.042183
v 0.078944 -0.169175 -0.042183
v 0.078944 -0.169175 -0.042183
v 0.078944 -0.169175 -0.042183
v 0.078944 -0.169175 -0.042183
v 0.037314 -0.169175 -0.012069
v 0.037314 -0.169175 -0.012069
v 0.037314 -0.169175 -0.012069
v 0.037314 -0.169175 -0.012069
v 0.037314 -0.169175 -0.012069
v 0.041816 -0.169175 -0.022124
v 0.041816 -0.169175 -0.022124
v 0.041816 -0.169175 -0.022124
v 0.041816 -0.169175 -0.022124
v 0.041816 -0.169175 -0.022124
v 0.048767 -0.169175 -0.030671
v 0.048767 -0.169175 -0.030671
v 0.048767 -0.169175 -0.030671
v 0.048767 -0.169175 -0.030671
v 0.048767 -0.169175 -0.030671
v 0.040624 -0.169175 0.020059
v 0.040624 -0.169175 0.020059
v 0.040624 -0.169175 0.020059
v 0.040624 -0.169175 0.020059
v 0.040624 -0.169175 0.020059
v 0.036697 -0.169175 0.009767
v 0.036697 -0.169175 0.009767
v 0.036697 -0.169175 0.009767
v 0.036697 -0.169175 0.009767
v 0.036697 -0.169175 0.009767
v 0.035568 -0.169175 -0.001192
v 0.035568 -0.169175 -0.001192
v 0.035568 -0.169175 -0.001192
v 0.035568 -0.169175 -0.001192
v 0.035568 -0.169175 -0.001192
v 0.055628 -0.169175 0.035936
v 0.055628 -0.169175 0.035936
v 0.055628 -0.169175 0.035936
v 0.055628 -0.169175 0.035936
v 0.055628 -0.169175 0.035936
v 0.047081 -0.169175 0.028985
v 0.047081 -0.169175 0.028985
v 0.047081 -0.169175 0.028985
v 0.047081 -0.169175 0.028985
v 0.047081 -0.169175 0.028985
v 0.093974 -0.155575 -0.038957
v 0.093974 -0.155575 -0.038957
v 0.093974 -0.155575 -0.038957
v 0.094063 -0.155137 -0.038920
v 0.094063 -0.155137 -0.038920
v 0.094426 -0.154592 -0.038766
v 0.094426 -0.154592 -0.038766
v 0.094907 -0.154175 -0.038555
v 0.094907 -0.154175 -0.038555
v 0.097171 -0.153151 -0.037466
v 0.097171 -0.153151 -0.037466
v 0.099876 -0.152776 -0.035935
v 0.099876 -0.152776 -0.035935
v 0.099876 -0.152776 -0.035935
v 0.099876 -0.152776 -0.035935
v 0.099876 -0.152776 -0.035935
v 0.099781 -0.152789 -0.035989
v 0.099781 -0.152789 -0.035989
v 0.099781 -0.152789 -0.035989
v 0.099781 -0.152789 -0.035989
v 0.102013 -0.153151 -0.034528
v 0.102013 -0.153151 -0.034528
v 0.102013 -0.153151 -0.034528
v 0.102013 -0.153151 -0.034528
v 0.102013 -0.153151 -0.034528
v 0.103464 -0.154175 -0.033462
v 0.103464 -0.154175 -0.033462
v 0.103464 -0.154175 -0.033462
v 0.103464 -0.154175 -0.033462
v 0.103464 -0.154175 -0.033462
v 0.103464 -0.154175 -0.033462
v 0.103824 -0.154813 -0.033182
v 0.103824 -0.154813 -0.033182
v 0.103824 -0.154813 -0.033182
v 0.103824 -0.154813 -0.033182
v 0.103824 -0.154813 -0.033182
v 0.103963 -0.155575 -0.033072
v 0.103963 -0.155575 -0.033072
v 0.103963 -0.155575 -0.033072
v 0.103963 -0.155575 -0.033072
v 0.103963 -0.155575 -0.033072
v 0.103824 -0.156337 -0.033182
v 0.103824 -0.156337 -0.033182
v 0.103824 -0.156337 -0.033182
v 0.103824 -0.156337 -0.033182
v 0.103824 -0.156337 -0.033182
v 0.103464 -0.156975 -0.033462
v 0.103464 -0.156975 -0.033462
v 0.103464 -0.156975 -0.033462
v 0.103464 -0.156975 -0.033462
v 0.103464 -0.156975 -0.033462
v 0.102013 -0.158000 -0.034528
v 0.102013 -0.158000 -0.034528
v 0.102013 -0.158000 -0.034528
v 0.102013 -0.158000 -0.034528
v 0.102013 -0.158000 -0.034528
v 0.099874 -0.158360 -0.035933
v 0.099874 -0.158360 -0.035933
v 0.099874 -0.158360 -0.035933
v 0.099874 -0.158360 -0.035933
v 0.099874 -0.158360 -0.035933
v 0.099874 -0.158360 -0.035933
v 0.099784 -0.158375 -0.035992
v 0.099784 -0.158375 -0.035992
v 0.099784 -0.158375 -0.035992
v 0.097171 -0.158000 -0.037466
v 0.097171 -0.158000 -0.037466
v 0.097171 -0.158000 -0.037466
v 0.094907 -0.156975 -0.038555
v 0.094907 -0.156975 -0.038555
v 0.094286 -0.156395 -0.038825
v 0.094286 -0.156395 -0.038825
v 0.094063 -0.156015 -0.038920
v 0.094063 -0.156015 -0.038920
v 0.091748 -0.155575 0.039812
v 0.091748 -0.155575 0.039812
v 0.091748 -0.155575 0.039812
v 0.091839 -0.156013 0.039780
v 0.091839 -0.156013 0.039780
v 0.092208 -0.156557 0.039647
v 0.092208 -0.156557 0.039647
v 0.092702 -0.156975 0.039463
v 0.092702 -0.156975 0.039463
v 0.095024 -0.158000 0.038504
v 0.095024 -0.158000 0.038504
v 0.097716 -0.158375 0.037179
v 0.097716 -0.158375 0.037179
v 0.097716 -0.158375 0.037179
v 0.097809 -0.158360 0.037125
v 0.097809 -0.158360 0.037125
v 0.097809 -0.158360 0.037125
v 0.100024 -0.158000 0.035844
v 0.100024 -0.158000 0.035844
v 0.100024 -0.158000 0.035844
v 0.100024 -0.158000 0.035844
v 0.100024 -0.158000 0.035844
v 0.101533 -0.156975 0.034861
v 0.101533 -0.156975 0.034861
v 0.101533 -0.156975 0.034861
v 0.101533 -0.156975 0.034861
v 0.101533 -0.156975 0.034861
v 0.101533 -0.156975 0.034861
v 0.101909 -0.156337 0.034602
v 0.101909 -0.156337 0.034602
v 0.101909 -0.156337 0.034602
v 0.101909 -0.156337 0.034602
v 0.101909 -0.156337 0.034602
v 0.102053 -0.155575 0.034501
v 0.102053 -0.155575 0.034501
v 0.102053 -0.155575 0.034501
v 0.102053 -0.155575 0.034501
v 0.102053 -0.155575 0.034501
v 0.101908 -0.154813 0.034602
v 0.101908 -0.154813 0.034602
v 0.101908 -0.154813 0.034602
v 0.101908 -0.154813 0.034602
v 0.101908 -0.154813 0.034602
v 0.101533 -0.154175 0.034861
v 0.101533 -0.154175 0.034861
v 0.101533 -0.154175 0.034861
v 0.101533 -0.154175 0.034861
v 0.101533 -0.154175 0.034861
v 0.100024 -0.153151 0.035844
v 0.100024 -0.153151 0.035844
v 0.100024 -0.153151 0.035844
v 0.100024 -0.153151 0.035844
v 0.100024 -0.153151 0.035844
v 0.097809 -0.152791 0.037125
v 0.097809 -0.152791 0.037125
v 0.097809 -0.152791 0.037125
v 0.097809 -0.152791 0.037125
v 0.097809 -0.152791 0.037125
v 0.097809 -0.152791 0.037125
v 0.097716 -0.152775 0.037179
v 0.097716 -0.152775 0.037179
v 0.097716 -0.152775 0.037179
v 0.095024 -0.153151 0.038504
v 0.095024 -0.153151 0.038504
v 0.095024 -0.153151 0.038504
v 0.092702 -0.154175 0.039463
v 0.092702 -0.154175 0.039463
v 0.092702 -0.154175 0.039463
v 0.092066 -0.154757 0.039698
v 0.092066 -0.154757 0.039698
v 0.091838 -0.155138 0.039780
v 0.091838 -0.155138 0.039780
v 0.107182 -0.052290 0.048693
v 0.107182 -0.052290 0.048693
v 0.107182 -0.052290 0.048693
v 0.107182 -0.052290 0.048693
v 0.107182 -0.052290 0.048693
v 0.107182 -0.052290 0.048693
v 0.107182 -0.052290 0.048693
v 0.107182 -0.052290 0.048693
v 0.107189 -0.052293 0.046139
v 0.107189 -0.052293 0.046139
v 0.107189 -0.052293 0.046139
v 0.107189 -0.052293 0.046139
v 0.107189 -0.052293 0.046139
v 0.107189 -0.052293 0.046139
v 0.107189 -0.052293 0.046139
v 0.104585 -0.050075 0.048693
v 0.104585 -0.050075 0.048693
v 0.104585 -0.050075 0.048693
v 0.104585 -0.050075 0.048693
v 0.104585 -0.050075 0.048693
v 0.103771 -0.049504 0.045457
v 0.103771 -0.049504 0.045457
v 0.103771 -0.049504 0.045457
v 0.103771 -0.049504 0.045457
v 0.103771 -0.049504 0.045457
v 0.103771 -0.049504 0.045457
v 0.103771 -0.049504 0.045457
v 0.103750 -0.049509 0.048693
v 0.103750 -0.049509 0.048693
v 0.103750 -0.049509 0.048693
v 0.103750 -0.049509 0.048693
v 0.103750 -0.049509 0.048693
v 0.103407 -0.049277 0.048693
v 0.103407 -0.049277 0.048693
v 0.103407 -0.049277 0.048693
v 0.103407 -0.049277 0.048693
v 0.103407 -0.049277 0.048693
v 0.103407 -0.049277 0.048693
v 0.103136 -0.048986 0.045330
v 0.103136 -0.048986 0.045330
v 0.103136 -0.048986 0.045330
v 0.103136 -0.048986 0.045330
v 0.102767 -0.048756 0.045274
v 0.102767 -0.048756 0.045274
v 0.102767 -0.048756 0.045274
v 0.102767 -0.048756 0.045274
v 0.102767 -0.048756 0.045274
v 0.099995 -0.046966 0.048693
v 0.099995 -0.046966 0.048693
v 0.099995 -0.046966 0.048693
v 0.099995 -0.046966 0.048693
v 0.099995 -0.046966 0.048693
v 0.099995 -0.046966 0.048693
v 0.099682 -0.046839 0.044805
v 0.099682 -0.046839 0.044805
v 0.099682 -0.046839 0.044805
v 0.099682 -0.046839 0.044805
v 0.099682 -0.046839 0.044805
v 0.099682 -0.046839 0.044805
v 0.099662 -0.046800 0.048693
v 0.099662 -0.046800 0.048693
v 0.099662 -0.046800 0.048693
v 0.099662 -0.046800 0.048693
v 0.099662 -0.046800 0.048693
v 0.099364 -0.046652 0.048693
v 0.099364 -0.046652 0.048693
v 0.099364 -0.046652 0.048693
v 0.099364 -0.046652 0.048693
v 0.099364 -0.046652 0.048693
v 0.099364 -0.046652 0.048693
v 0.098671 -0.046210 0.044652
v 0.098671 -0.046210 0.044652
v 0.098671 -0.046210 0.044652
v 0.098671 -0.046210 0.044652
v 0.098671 -0.046210 0.044652
v 0.095243 -0.044602 0.048693
v 0.095243 -0.044602 0.048693
v 0.095243 -0.044602 0.048693
v 0.095243 -0.044602 0.048693
v 0.095243 -0.044602 0.048693
v 0.095243 -0.044602 0.048693
v 0.096452 -0.045193 0.044403
v 0.096452 -0.045193 0.044403
v 0.096452 -0.045193 0.044403
v 0.096452 -0.045193 0.044403
v 0.096452 -0.045193 0.044403
v 0.095298 -0.044664 0.044273
v 0.095298 -0.044664 0.044273
v 0.095298 -0.044664 0.044273
v 0.095298 -0.044664 0.044273
v 0.095298 -0.044664 0.044273
v 0.095101 -0.044531 0.048693
v 0.095101 -0.044531 0.048693
v 0.095101 -0.044531 0.048693
v 0.095101 -0.044531 0.048693
v 0.095101 -0.044531 0.048693
v 0.095101 -0.044531 0.048693
v 0.093853 -0.044002 0.044111
v 0.093853 -0.044002 0.044111
v 0.093853 -0.044002 0.044111
v 0.093853 -0.044002 0.044111
v 0.093853 -0.044002 0.044111
v 0.090574 -0.042936 0.048693
v 0.090574 -0.042936 0.048693
v 0.090574 -0.042936 0.048693
v 0.090574 -0.042936 0.048693
v 0.090574 -0.042936 0.048693
v 0.090574 -0.042936 0.048693
v 0.090684 -0.043002 0.043867
v 0.090684 -0.043002 0.043867
v 0.090684 -0.043002 0.043867
v 0.090684 -0.043002 0.043867
v 0.090684 -0.043002 0.043867
v 0.090684 -0.043002 0.043867
v 0.090426 -0.042884 0.048693
v 0.090426 -0.042884 0.048693
v 0.090426 -0.042884 0.048693
v 0.090426 -0.042884 0.048693
v 0.090426 -0.042884 0.048693
v 0.090426 -0.042884 0.048693
v 0.090426 -0.042884 0.048693
v 0.081028 -0.041253 0.043439
v 0.081028 -0.041253 0.043439
v 0.081028 -0.041253 0.043439
v 0.081028 -0.041253 0.043439
v 0.081028 -0.041253 0.043439
v 0.081028 -0.041253 0.043439
v 0.080861 -0.041270 0.048693
v 0.080861 -0.041270 0.048693
v 0.080861 -0.041270 0.048693
v 0.080861 -0.041270 0.048693
v 0.080861 -0.041270 0.048693
v 0.080861 -0.041270 0.048693
v 0.082460 -0.041341 0.043461
v 0.082460 -0.041341 0.043461
v 0.082460 -0.041341 0.043461
v 0.082460 -0.041341 0.043461
v 0.082460 -0.041341 0.043461
v 0.085474 -0.041758 0.048693
v 0.085474 -0.041758 0.048693
v 0.085474 -0.041758 0.048693
v 0.085474 -0.041758 0.048693
v 0.085474 -0.041758 0.048693
v 0.085474 -0.041758 0.048693
v 0.085474 -0.041758 0.048693
v 0.089629 -0.042669 0.043785
v 0.089629 -0.042669 0.043785
v 0.089629 -0.042669 0.043785
v 0.089629 -0.042669 0.043785
v 0.088737 -0.042387 0.043716
v 0.088737 -0.042387 0.043716
v 0.088737 -0.042387 0.043716
v 0.088737 -0.042387 0.043716
v 0.088737 -0.042387 0.043716
v 0.083409 -0.041400 0.043475
v 0.083409 -0.041400 0.043475
v 0.083409 -0.041400 0.043475
v 0.083409 -0.041400 0.043475
v 0.083409 -0.041400 0.043475
v 0.069269 -0.041942 0.048693
v 0.069269 -0.041942 0.048693
v 0.069269 -0.041942 0.048693
v 0.069269 -0.041942 0.048693
v 0.069269 -0.041942 0.048693
v 0.069269 -0.041942 0.048693
v 0.069269 -0.041942 0.048693
v 0.070897 -0.041730 0.048693
v 0.070897 -0.041730 0.048693
v 0.070897 -0.041730 0.048693
v 0.070897 -0.041730 0.048693
v 0.070897 -0.041730 0.048693
v 0.071210 -0.041625 0.043530
v 0.071210 -0.041625 0.043530
v 0.071210 -0.041625 0.043530
v 0.071210 -0.041625 0.043530
v 0.071210 -0.041625 0.043530
v 0.071210 -0.041625 0.043530
v 0.071199 -0.041691 0.048693
v 0.071199 -0.041691 0.048693
v 0.071199 -0.041691 0.048693
v 0.071199 -0.041691 0.048693
v 0.071199 -0.041691 0.048693
v 0.071199 -0.041691 0.048693
v 0.072461 -0.041394 0.043474
v 0.072461 -0.041394 0.043474
v 0.072461 -0.041394 0.043474
v 0.072461 -0.041394 0.043474
v 0.072461 -0.041394 0.043474
v 0.074641 -0.041243 0.048692
v 0.074641 -0.041243 0.048692
v 0.074641 -0.041243 0.048692
v 0.074641 -0.041243 0.048692
v 0.074641 -0.041243 0.048692
v 0.074641 -0.041243 0.048692
v 0.075159 -0.041231 0.043434
v 0.075159 -0.041231 0.043434
v 0.075159 -0.041231 0.043434
v 0.075159 -0.041231 0.043434
v 0.077946 -0.041063 0.043393
v 0.077946 -0.041063 0.043393
v 0.077946 -0.041063 0.043393
v 0.077946 -0.041063 0.043393
v 0.077946 -0.041063 0.043393
v 0.077946 -0.041063 0.043393
v 0.079956 -0.041174 0.048693
v 0.079956 -0.041174 0.048693
v 0.079956 -0.041174 0.048693
v 0.079956 -0.041174 0.048693
v 0.079956 -0.041174 0.048693
v 0.079956 -0.041174 0.048693
v 0.079956 -0.041174 0.048693
v 0.080778 -0.041261 0.048693
v 0.080778 -0.041261 0.048693
v 0.080778 -0.041261 0.048693
v 0.080778 -0.041261 0.048693
v 0.049276 -0.051753 0.046008
v 0.049276 -0.051753 0.046008
v 0.049276 -0.051753 0.046008
v 0.049276 -0.051753 0.046008
v 0.049276 -0.051753 0.046008
v 0.049276 -0.051753 0.046008
v 0.049276 -0.051753 0.046008
v 0.050255 -0.050814 0.048693
v 0.050255 -0.050814 0.048693
v 0.050255 -0.050814 0.048693
v 0.050255 -0.050814 0.048693
v 0.050255 -0.050814 0.048693
v 0.050255 -0.050814 0.048693
v 0.052859 -0.048858 0.045300
v 0.052859 -0.048858 0.045300
v 0.052859 -0.048858 0.045300
v 0.052859 -0.048858 0.045300
v 0.052859 -0.048858 0.045300
v 0.053017 -0.048792 0.048693
v 0.053017 -0.048792 0.048693
v 0.053017 -0.048792 0.048693
v 0.053017 -0.048792 0.048693
v 0.053017 -0.048792 0.048693
v 0.053088 -0.048718 0.045265
v 0.053088 -0.048718 0.045265
v 0.053088 -0.048718 0.045265
v 0.053088 -0.048718 0.045265
v 0.053088 -0.048718 0.045265
v 0.053376 -0.048530 0.048693
v 0.053376 -0.048530 0.048693
v 0.053376 -0.048530 0.048693
v 0.053376 -0.048530 0.048693
v 0.053376 -0.048530 0.048693
v 0.053376 -0.048530 0.048693
v 0.054569 -0.047810 0.045043
v 0.054569 -0.047810 0.045043
v 0.054569 -0.047810 0.045043
v 0.054569 -0.047810 0.045043
v 0.054569 -0.047810 0.045043
v 0.054473 -0.047727 0.048693
v 0.054473 -0.047727 0.048693
v 0.054473 -0.047727 0.048693
v 0.054473 -0.047727 0.048693
v 0.054473 -0.047727 0.048693
v 0.054473 -0.047727 0.048693
v 0.057258 -0.046162 0.044641
v 0.057258 -0.046162 0.044641
v 0.057258 -0.046162 0.044641
v 0.057258 -0.046162 0.044641
v 0.057258 -0.046162 0.044641
v 0.057113 -0.046283 0.048693
v 0.057113 -0.046283 0.048693
v 0.057113 -0.046283 0.048693
v 0.057113 -0.046283 0.048693
v 0.057113 -0.046283 0.048693
v 0.057406 -0.046072 0.044618
v 0.057406 -0.046072 0.044618
v 0.057406 -0.046072 0.044618
v 0.057406 -0.046072 0.044618
v 0.057406 -0.046072 0.044618
v 0.057406 -0.046072 0.044618
v 0.059066 -0.045215 0.048693
v 0.059066 -0.045215 0.048693
v 0.059066 -0.045215 0.048693
v 0.059066 -0.045215 0.048693
v 0.059066 -0.045215 0.048693
v 0.059066 -0.045215 0.048693
v 0.060994 -0.044436 0.044218
v 0.060994 -0.044436 0.044218
v 0.060994 -0.044436 0.044218
v 0.060994 -0.044436 0.044218
v 0.060994 -0.044436 0.044218
v 0.061491 -0.044263 0.048693
v 0.061491 -0.044263 0.048693
v 0.061491 -0.044263 0.048693
v 0.061491 -0.044263 0.048693
v 0.061491 -0.044263 0.048693
v 0.061491 -0.044263 0.048693
v 0.061711 -0.044109 0.044138
v 0.061711 -0.044109 0.044138
v 0.061711 -0.044109 0.044138
v 0.061711 -0.044109 0.044138
v 0.061711 -0.044109 0.044138
v 0.061907 -0.044100 0.048693
v 0.061907 -0.044100 0.048693
v 0.061907 -0.044100 0.048693
v 0.061907 -0.044100 0.048693
v 0.061907 -0.044100 0.048693
v 0.061857 -0.044043 0.044122
v 0.061857 -0.044043 0.044122
v 0.061857 -0.044043 0.044122
v 0.061857 -0.044043 0.044122
v 0.061857 -0.044043 0.044122
v 0.061857 -0.044043 0.044122
v 0.063930 -0.043306 0.048693
v 0.063930 -0.043306 0.048693
v 0.063930 -0.043306 0.048693
v 0.063930 -0.043306 0.048693
v 0.063930 -0.043306 0.048693
v 0.063930 -0.043306 0.048693
v 0.067058 -0.042393 0.043718
v 0.067058 -0.042393 0.043718
v 0.067058 -0.042393 0.043718
v 0.067058 -0.042393 0.043718
v 0.067058 -0.042393 0.043718
v 0.067931 -0.042231 0.043679
v 0.067931 -0.042231 0.043679
v 0.067931 -0.042231 0.043679
v 0.067931 -0.042231 0.043679
v 0.067931 -0.042231 0.043679
v 0.045854 -0.055202 0.048693
v 0.045854 -0.055202 0.048693
v 0.045854 -0.055202 0.048693
v 0.045854 -0.055202 0.048693
v 0.045854 -0.055202 0.048693
v 0.045854 -0.055202 0.048693
v 0.045854 -0.055202 0.048693
v 0.046122 -0.054867 0.048693
v 0.046122 -0.054867 0.048693
v 0.046122 -0.054867 0.048693
v 0.046122 -0.054867 0.048693
v 0.046122 -0.054867 0.048693
v 0.045868 -0.055208 0.046853
v 0.045868 -0.055208 0.046853
v 0.045868 -0.055208 0.046853
v 0.045868 -0.055208 0.046853
v 0.045868 -0.055208 0.046853
v 0.045868 -0.055208 0.046853
v 0.045868 -0.055208 0.046853
v 0.046451 -0.054456 0.048693
v 0.046451 -0.054456 0.048693
v 0.046451 -0.054456 0.048693
v 0.046451 -0.054456 0.048693
v 0.046451 -0.054456 0.048693
v 0.046451 -0.054456 0.048693
v 0.048758 -0.052171 0.046110
v 0.048758 -0.052171 0.046110
v 0.048758 -0.052171 0.046110
v 0.048758 -0.052171 0.046110
v 0.048758 -0.052171 0.046110
v 0.049249 -0.051777 0.048693
v 0.049249 -0.051777 0.048693
v 0.049249 -0.051777 0.048693
v 0.049249 -0.051777 0.048693
v 0.049249 -0.051777 0.048693
v 0.049567 -0.051472 0.048693
v 0.049567 -0.051472 0.048693
v 0.049567 -0.051472 0.048693
v 0.049567 -0.051472 0.048693
v 0.049567 -0.051472 0.048693
v 0.045157 -0.055955 0.047035
v 0.045157 -0.055955 0.047035
v 0.045157 -0.055955 0.047035
v 0.045157 -0.055955 0.047035
v 0.044018 -0.057518 0.047417
v 0.044018 -0.057518 0.047417
v 0.044018 -0.057518 0.047417
v 0.044018 -0.057518 0.047417
v 0.044018 -0.057518 0.047417
v 0.043124 -0.058609 0.048693
v 0.043124 -0.058609 0.048693
v 0.043124 -0.058609 0.048693
v 0.043124 -0.058609 0.048693
v 0.043124 -0.058609 0.048693
v 0.043124 -0.058609 0.048693
v 0.042913 -0.059034 0.047788
v 0.042913 -0.059034 0.047788
v 0.042913 -0.059034 0.047788
v 0.042913 -0.059034 0.047788
v 0.042913 -0.059034 0.047788
v 0.042913 -0.059034 0.047788
v 0.043120 -0.058615 0.048693
v 0.043120 -0.058615 0.048693
v 0.043120 -0.058615 0.048693
v 0.043120 -0.058615 0.048693
v 0.042879 -0.059009 0.048693
v 0.042879 -0.059009 0.048693
v 0.042879 -0.059009 0.048693
v 0.042879 -0.059009 0.048693
v 0.042879 -0.059009 0.048693
v 0.042879 -0.059009 0.048693
v 0.042098 -0.060153 0.048062
v 0.042098 -0.060153 0.048062
v 0.042098 -0.060153 0.048062
v 0.042098 -0.060153 0.048062
v 0.040596 -0.062735 0.048693
v 0.040596 -0.062735 0.048693
v 0.040596 -0.062735 0.048693
v 0.040596 -0.062735 0.048693
v 0.040596 -0.062735 0.048693
v 0.040596 -0.062735 0.048693
v 0.110680 -0.056101 0.047070
v 0.110680 -0.056101 0.047070
v 0.110680 -0.056101 0.047070
v 0.110680 -0.056101 0.047070
v 0.110680 -0.056101 0.047070
v 0.110680 -0.056101 0.047070
v 0.109343 -0.054457 0.046668
v 0.109343 -0.054457 0.046668
v 0.109343 -0.054457 0.046668
v 0.109343 -0.054457 0.046668
v 0.108313 -0.053381 0.046405
v 0.108313 -0.053381 0.046405
v 0.108313 -0.053381 0.046405
v 0.108313 -0.053381 0.046405
v 0.108313 -0.053381 0.046405
v 0.115215 -0.062735 0.048692
v 0.115215 -0.062735 0.048692
v 0.115215 -0.062735 0.048692
v 0.115215 -0.062735 0.048692
v 0.115215 -0.062735 0.048692
v 0.113034 -0.059215 0.047831
v 0.113034 -0.059215 0.047831
v 0.113034 -0.059215 0.047831
v 0.113034 -0.059215 0.047831
v 0.113034 -0.059215 0.047831
v 0.113034 -0.059215 0.047831
v 0.113741 -0.060196 0.048692
v 0.113741 -0.060196 0.048692
v 0.113741 -0.060196 0.048692
v 0.113741 -0.060196 0.048692
v 0.113741 -0.060196 0.048692
v 0.111614 -0.057263 0.048692
v 0.111614 -0.057263 0.048692
v 0.111614 -0.057263 0.048692
v 0.111614 -0.057263 0.048692
v 0.111614 -0.057263 0.048692
v 0.111614 -0.057263 0.048692
v 0.110733 -0.056048 0.048692
v 0.110733 -0.056048 0.048692
v 0.110733 -0.056048 0.048692
v 0.110733 -0.056048 0.048692
v 0.110733 -0.056048 0.048692
v 0.111604 -0.057249 0.048692
v 0.111604 -0.057249 0.048692
v 0.111604 -0.057249 0.048692
v 0.111604 -0.057249 0.048692
v 0.111604 -0.057249 0.048692
v 0.111604 -0.057249 0.048692
v 0.111623 -0.057260 0.047353
v 0.111623 -0.057260 0.047353
v 0.111623 -0.057260 0.047353
v 0.111623 -0.057260 0.047353
v 0.111623 -0.057260 0.047353
v 0.111623 -0.057260 0.047353
v 0.112458 -0.058288 0.047604
v 0.112458 -0.058288 0.047604
v 0.112458 -0.058288 0.047604
v 0.112458 -0.058288 0.047604
v 0.073650 -0.071367 -0.041618
v 0.073650 -0.071367 -0.041618
v 0.073650 -0.071367 -0.041618
v 0.073650 -0.071367 -0.041618
v 0.073650 -0.071367 -0.041618
v 0.073650 -0.071367 -0.041618
v 0.073650 -0.071367 -0.041618
v 0.068557 -0.071798 -0.040983
v 0.068557 -0.071798 -0.040983
v 0.068557 -0.071798 -0.040983
v 0.068557 -0.071798 -0.040983
v 0.068557 -0.071798 -0.040983
v 0.068557 -0.071798 -0.040983
v 0.068557 -0.071798 -0.040983
v 0.068557 -0.071798 -0.040983
v 0.068557 -0.071798 -0.040983
v 0.068557 -0.071798 -0.040983
v 0.068557 -0.071798 -0.040983
v 0.073532 -0.067540 -0.041133
v 0.073532 -0.067540 -0.041133
v 0.073532 -0.067540 -0.041133
v 0.073532 -0.067540 -0.041133
v 0.073532 -0.067540 -0.041133
v 0.073532 -0.067540 -0.041133
v 0.068238 -0.066199 -0.039644
v 0.068238 -0.066199 -0.039644
v 0.068238 -0.066199 -0.039644
v 0.068238 -0.066199 -0.039644
v 0.068238 -0.066199 -0.039644
v 0.068238 -0.066199 -0.039644
v 0.068238 -0.066199 -0.039644
v 0.073525 -0.065727 -0.040509
v 0.073525 -0.065727 -0.040509
v 0.073525 -0.065727 -0.040509
v 0.073525 -0.065727 -0.040509
v 0.073525 -0.065727 -0.040509
v 0.073525 -0.065727 -0.040509
v 0.068126 -0.064226 -0.039172
v 0.068126 -0.064226 -0.039172
v 0.068126 -0.064226 -0.039172
v 0.068126 -0.064226 -0.039172
v 0.068126 -0.064226 -0.039172
v 0.068126 -0.064226 -0.039172
v 0.073503 -0.060532 -0.038720
v 0.073503 -0.060532 -0.038720
v 0.073503 -0.060532 -0.038720
v 0.073503 -0.060532 -0.038720
v 0.073503 -0.060532 -0.038720
v 0.073503 -0.060532 -0.038720
v 0.073503 -0.060532 -0.038720
v 0.073503 -0.060532 -0.038720
v 0.068112 -0.061162 -0.037598
v 0.068112 -0.061162 -0.037598
v 0.068112 -0.061162 -0.037598
v 0.068112 -0.061162 -0.037598
v 0.068112 -0.061162 -0.037598
v 0.073649 -0.056116 -0.035705
v 0.073649 -0.056116 -0.035705
v 0.073649 -0.056116 -0.035705
v 0.073649 -0.056116 -0.035705
v 0.073649 -0.056116 -0.035705
v 0.073649 -0.056116 -0.035705
v 0.074469 -0.041194 0.034425
v 0.074469 -0.041194 0.034425
v 0.074469 -0.041194 0.034425
v 0.074469 -0.041194 0.034425
v 0.074469 -0.041194 0.034425
v 0.072149 -0.041569 0.020051
v 0.072149 -0.041569 0.020051
v 0.072149 -0.041569 0.020051
v 0.072149 -0.041569 0.020051
v 0.072149 -0.041569 0.020051
v 0.072149 -0.041569 0.020051
v 0.072149 -0.041569 0.020051
v 0.072149 -0.041569 0.020051
v 0.072149 -0.041569 0.020051
v 0.073574 -0.041284 0.034447
v 0.073574 -0.041284 0.034447
v 0.073574 -0.041284 0.034447
v 0.073574 -0.041284 0.034447
v 0.072381 -0.041403 0.034476
v 0.072381 -0.041403 0.034476
v 0.072381 -0.041403 0.034476
v 0.072381 -0.041403 0.034476
v 0.072381 -0.041403 0.034476
v 0.075018 -0.044757 -0.015709
v 0.075018 -0.044757 -0.015709
v 0.075018 -0.044757 -0.015709
v 0.075018 -0.044757 -0.015709
v 0.075018 -0.044757 -0.015709
v 0.075018 -0.044757 -0.015709
v 0.075018 -0.044757 -0.015709
v 0.075018 -0.044757 -0.015709
v 0.070067 -0.044935 -0.014884
v 0.070067 -0.044935 -0.014884
v 0.070067 -0.044935 -0.014884
v 0.070067 -0.044935 -0.014884
v 0.070067 -0.044935 -0.014884
v 0.070067 -0.044935 -0.014884
v 0.075297 -0.043603 -0.011545
v 0.075297 -0.043603 -0.011545
v 0.075297 -0.043603 -0.011545
v 0.075297 -0.043603 -0.011545
v 0.075297 -0.043603 -0.011545
v 0.070635 -0.043769 -0.008557
v 0.070635 -0.043769 -0.008557
v 0.070635 -0.043769 -0.008557
v 0.070635 -0.043769 -0.008557
v 0.070635 -0.043769 -0.008557
v 0.070635 -0.043769 -0.008557
v 0.075427 -0.043277 -0.009090
v 0.075427 -0.043277 -0.009090
v 0.075427 -0.043277 -0.009090
v 0.075427 -0.043277 -0.009090
v 0.075427 -0.043277 -0.009090
v 0.075427 -0.043277 -0.009090
v 0.075982 -0.041879 0.001459
v 0.075982 -0.041879 0.001459
v 0.075982 -0.041879 0.001459
v 0.075982 -0.041879 0.001459
v 0.075982 -0.041879 0.001459
v 0.071124 -0.042763 -0.003098
v 0.071124 -0.042763 -0.003098
v 0.071124 -0.042763 -0.003098
v 0.071124 -0.042763 -0.003098
v 0.071124 -0.042763 -0.003098
v 0.071124 -0.042763 -0.003098
v 0.076089 -0.041724 0.005186
v 0.076089 -0.041724 0.005186
v 0.076089 -0.041724 0.005186
v 0.076089 -0.041724 0.005186
v 0.076089 -0.041724 0.005186
v 0.076089 -0.041724 0.005186
v 0.076089 -0.041724 0.005186
v 0.076089 -0.041724 0.005186
v 0.071644 -0.042121 0.005507
v 0.071644 -0.042121 0.005507
v 0.071644 -0.042121 0.005507
v 0.071644 -0.042121 0.005507
v 0.071644 -0.042121 0.005507
v 0.072014 -0.041665 0.011621
v 0.072014 -0.041665 0.011621
v 0.072014 -0.041665 0.011621
v 0.072014 -0.041665 0.011621
v 0.072014 -0.041665 0.011621
v 0.072014 -0.041665 0.011621
v 0.076485 -0.041147 0.019015
v 0.076485 -0.041147 0.019015
v 0.076485 -0.041147 0.019015
v 0.076485 -0.041147 0.019015
v 0.076485 -0.041147 0.019015
v 0.076489 -0.041143 0.019882
v 0.076489 -0.041143 0.019882
v 0.076489 -0.041143 0.019882
v 0.076489 -0.041143 0.019882
v 0.076489 -0.041143 0.019882
v 0.076565 -0.041083 0.034398
v 0.076565 -0.041083 0.034398
v 0.076565 -0.041083 0.034398
v 0.076565 -0.041083 0.034398
v 0.076565 -0.041083 0.034398
v 0.073789 -0.075867 -0.042188
v 0.073789 -0.075867 -0.042188
v 0.073789 -0.075867 -0.042188
v 0.073789 -0.075867 -0.042188
v 0.073789 -0.075867 -0.042188
v 0.073789 -0.075867 -0.042188
v 0.074143 -0.083717 -0.042353
v 0.074143 -0.083717 -0.042353
v 0.074143 -0.083717 -0.042353
v 0.074143 -0.083717 -0.042353
v 0.074143 -0.083717 -0.042353
v 0.071536 -0.083918 -0.041993
v 0.071536 -0.083918 -0.041993
v 0.071536 -0.083918 -0.041993
v 0.071536 -0.083918 -0.041993
v 0.071536 -0.083918 -0.041993
v 0.071536 -0.083918 -0.041993
v 0.071536 -0.083918 -0.041993
v 0.069719 -0.084058 -0.041742
v 0.069719 -0.084058 -0.041742
v 0.069719 -0.084058 -0.041742
v 0.069719 -0.084058 -0.041742
v 0.069719 -0.084058 -0.041742
v 0.069693 -0.083805 -0.041737
v 0.069693 -0.083805 -0.041737
v 0.069693 -0.083805 -0.041737
v 0.069693 -0.083805 -0.041737
v 0.068558 -0.071821 -0.040989
v 0.068558 -0.071821 -0.040989
v 0.068558 -0.071821 -0.040989
v 0.068558 -0.071821 -0.040989
v 0.068097 -0.057716 -0.035828
v 0.068097 -0.057716 -0.035828
v 0.068097 -0.057716 -0.035828
v 0.068097 -0.057716 -0.035828
v 0.068097 -0.057716 -0.035828
v 0.068165 -0.056648 -0.034840
v 0.068165 -0.056648 -0.034840
v 0.068165 -0.056648 -0.034840
v 0.068165 -0.056648 -0.034840
v 0.068165 -0.056648 -0.034840
v 0.068165 -0.056648 -0.034840
v 0.073695 -0.054728 -0.034757
v 0.073695 -0.054728 -0.034757
v 0.073695 -0.054728 -0.034757
v 0.073695 -0.054728 -0.034757
v 0.073695 -0.054728 -0.034757
v 0.073695 -0.054728 -0.034757
v 0.068419 -0.052695 -0.031183
v 0.068419 -0.052695 -0.031183
v 0.068419 -0.052695 -0.031183
v 0.068419 -0.052695 -0.031183
v 0.068419 -0.052695 -0.031183
v 0.068419 -0.052695 -0.031183
v 0.068419 -0.052695 -0.031183
v 0.073889 -0.052339 -0.031911
v 0.073889 -0.052339 -0.031911
v 0.073889 -0.052339 -0.031911
v 0.073889 -0.052339 -0.031911
v 0.073889 -0.052339 -0.031911
v 0.073889 -0.052339 -0.031911
v 0.068422 -0.052652 -0.031142
v 0.068422 -0.052652 -0.031142
v 0.068422 -0.052652 -0.031142
v 0.068422 -0.052652 -0.031142
v 0.068422 -0.052652 -0.031142
v 0.068422 -0.052652 -0.031142
v 0.074066 -0.050161 -0.029314
v 0.074066 -0.050161 -0.029314
v 0.074066 -0.050161 -0.029314
v 0.074066 -0.050161 -0.029314
v 0.074066 -0.050161 -0.029314
v 0.074066 -0.050161 -0.029314
v 0.068880 -0.049649 -0.026478
v 0.068880 -0.049649 -0.026478
v 0.068880 -0.049649 -0.026478
v 0.068880 -0.049649 -0.026478
v 0.068880 -0.049649 -0.026478
v 0.074212 -0.049156 -0.027295
v 0.074212 -0.049156 -0.027295
v 0.074212 -0.049156 -0.027295
v 0.074212 -0.049156 -0.027295
v 0.074212 -0.049156 -0.027295
v 0.074212 -0.049156 -0.027295
v 0.069052 -0.048519 -0.024724
v 0.069052 -0.048519 -0.024724
v 0.069052 -0.048519 -0.024724
v 0.069052 -0.048519 -0.024724
v 0.069052 -0.048519 -0.024724
v 0.069052 -0.048519 -0.024724
v 0.074603 -0.046474 -0.021903
v 0.074603 -0.046474 -0.021903
v 0.074603 -0.046474 -0.021903
v 0.074603 -0.046474 -0.021903
v 0.074603 -0.046474 -0.021903
v 0.074603 -0.046474 -0.021903
v 0.074603 -0.046474 -0.021903
v 0.069426 -0.047198 -0.021097
v 0.069426 -0.047198 -0.021097
v 0.069426 -0.047198 -0.021097
v 0.069426 -0.047198 -0.021097
v 0.069426 -0.047198 -0.021097
v 0.069426 -0.047198 -0.021097
v 0.070041 -0.045028 -0.015139
v 0.070041 -0.045028 -0.015139
v 0.070041 -0.045028 -0.015139
v 0.070041 -0.045028 -0.015139
v 0.070041 -0.045028 -0.015139
v 0.070041 -0.045028 -0.015139
v 0.070305 -0.041709 0.034551
v 0.070305 -0.041709 0.034551
v 0.070305 -0.041709 0.034551
v 0.070305 -0.041709 0.034551
v 0.070305 -0.041709 0.034551
v 0.063175 -0.053953 -0.030042
v 0.063175 -0.053953 -0.030042
v 0.063175 -0.053953 -0.030042
v 0.063175 -0.053953 -0.030042
v 0.063175 -0.053953 -0.030042
v 0.063221 -0.053694 -0.029663
v 0.063221 -0.053694 -0.029663
v 0.063221 -0.053694 -0.029663
v 0.063221 -0.053694 -0.029663
v 0.063221 -0.053694 -0.029663
v 0.063221 -0.053694 -0.029663
v 0.063770 -0.050568 -0.025098
v 0.063770 -0.050568 -0.025098
v 0.063770 -0.050568 -0.025098
v 0.063770 -0.050568 -0.025098
v 0.063770 -0.050568 -0.025098
v 0.063770 -0.050568 -0.025098
v 0.063105 -0.066672 -0.038194
v 0.063105 -0.066672 -0.038194
v 0.063105 -0.066672 -0.038194
v 0.063105 -0.066672 -0.038194
v 0.063105 -0.066672 -0.038194
v 0.063105 -0.066672 -0.038194
v 0.062932 -0.062058 -0.036071
v 0.062932 -0.062058 -0.036071
v 0.062932 -0.062058 -0.036071
v 0.062932 -0.062058 -0.036071
v 0.062932 -0.062058 -0.036071
v 0.062932 -0.062058 -0.036071
v 0.062968 -0.057663 -0.033207
v 0.062968 -0.057663 -0.033207
v 0.062968 -0.057663 -0.033207
v 0.062968 -0.057663 -0.033207
v 0.062968 -0.057663 -0.033207
v 0.062848 -0.059804 -0.035034
v 0.062848 -0.059804 -0.035034
v 0.062848 -0.059804 -0.035034
v 0.062848 -0.059804 -0.035034
v 0.062848 -0.059804 -0.035034
v 0.062848 -0.059804 -0.035034
v 0.065227 -0.045903 -0.014054
v 0.065227 -0.045903 -0.014054
v 0.065227 -0.045903 -0.014054
v 0.065227 -0.045903 -0.014054
v 0.065227 -0.045903 -0.014054
v 0.065227 -0.045903 -0.014054
v 0.065993 -0.044606 -0.007638
v 0.065993 -0.044606 -0.007638
v 0.065993 -0.044606 -0.007638
v 0.065993 -0.044606 -0.007638
v 0.065993 -0.044606 -0.007638
v 0.065993 -0.044606 -0.007638
v 0.068247 -0.042113 0.034650
v 0.068247 -0.042113 0.034650
v 0.068247 -0.042113 0.034650
v 0.068247 -0.042113 0.034650
v 0.067933 -0.042308 0.020385
v 0.067933 -0.042308 0.020385
v 0.067933 -0.042308 0.020385
v 0.067933 -0.042308 0.020385
v 0.067933 -0.042308 0.020385
v 0.067933 -0.042308 0.020385
v 0.067933 -0.042308 0.020385
v 0.067737 -0.042429 0.011513
v 0.067737 -0.042429 0.011513
v 0.067737 -0.042429 0.011513
v 0.067737 -0.042429 0.011513
v 0.067737 -0.042429 0.011513
v 0.067294 -0.042886 0.006093
v 0.067294 -0.042886 0.006093
v 0.067294 -0.042886 0.006093
v 0.067294 -0.042886 0.006093
v 0.067294 -0.042886 0.006093
v 0.066560 -0.043644 -0.002885
v 0.066560 -0.043644 -0.002885
v 0.066560 -0.043644 -0.002885
v 0.066560 -0.043644 -0.002885
v 0.066560 -0.043644 -0.002885
v 0.066560 -0.043644 -0.002885
v 0.067611 -0.084348 -0.041221
v 0.067611 -0.084348 -0.041221
v 0.067611 -0.084348 -0.041221
v 0.067611 -0.084348 -0.041221
v 0.067611 -0.084348 -0.041221
v 0.067611 -0.084348 -0.041221
v 0.065409 -0.084651 -0.040677
v 0.065409 -0.084651 -0.040677
v 0.065409 -0.084651 -0.040677
v 0.065409 -0.084651 -0.040677
v 0.065409 -0.084651 -0.040677
v 0.064509 -0.078521 -0.040206
v 0.064509 -0.078521 -0.040206
v 0.064509 -0.078521 -0.040206
v 0.064509 -0.078521 -0.040206
v 0.064509 -0.078521 -0.040206
v 0.063933 -0.074600 -0.039904
v 0.063933 -0.074600 -0.039904
v 0.063933 -0.074600 -0.039904
v 0.063933 -0.074600 -0.039904
v 0.063933 -0.074600 -0.039904
v 0.063725 -0.072611 -0.039475
v 0.063725 -0.072611 -0.039475
v 0.063725 -0.072611 -0.039475
v 0.063725 -0.072611 -0.039475
v 0.063725 -0.072611 -0.039475
v 0.063725 -0.072611 -0.039475
v 0.063143 -0.067037 -0.038273
v 0.063143 -0.067037 -0.038273
v 0.063143 -0.067037 -0.038273
v 0.063143 -0.067037 -0.038273
v 0.063926 -0.049682 -0.023805
v 0.063926 -0.049682 -0.023805
v 0.063926 -0.049682 -0.023805
v 0.063926 -0.049682 -0.023805
v 0.063926 -0.049682 -0.023805
v 0.063926 -0.049682 -0.023805
v 0.064457 -0.048125 -0.019834
v 0.064457 -0.048125 -0.019834
v 0.064457 -0.048125 -0.019834
v 0.064457 -0.048125 -0.019834
v 0.064457 -0.048125 -0.019834
v 0.065199 -0.045951 -0.014288
v 0.065199 -0.045951 -0.014288
v 0.065199 -0.045951 -0.014288
v 0.065199 -0.045951 -0.014288
v 0.065199 -0.045951 -0.014288
v 0.053648 -0.048315 0.036167
v 0.053648 -0.048315 0.036167
v 0.053648 -0.048315 0.036167
v 0.053648 -0.048315 0.036167
v 0.053648 -0.048315 0.036167
v 0.056634 -0.046686 0.035769
v 0.056634 -0.046686 0.035769
v 0.056634 -0.046686 0.035769
v 0.056634 -0.046686 0.035769
v 0.056634 -0.046686 0.035769
v 0.056364 -0.046637 0.022306
v 0.056364 -0.046637 0.022306
v 0.056364 -0.046637 0.022306
v 0.056364 -0.046637 0.022306
v 0.056364 -0.046637 0.022306
v 0.056364 -0.046637 0.022306
v 0.056364 -0.046637 0.022306
v 0.043400 -0.059011 -0.001175
v 0.043400 -0.059011 -0.001175
v 0.043400 -0.059011 -0.001175
v 0.043400 -0.059011 -0.001175
v 0.043437 -0.058931 -0.000990
v 0.043437 -0.058931 -0.000990
v 0.043437 -0.058931 -0.000990
v 0.043437 -0.058931 -0.000990
v 0.043437 -0.058931 -0.000990
v 0.047500 -0.054606 -0.004897
v 0.047500 -0.054606 -0.004897
v 0.047500 -0.054606 -0.004897
v 0.047500 -0.054606 -0.004897
v 0.047500 -0.054606 -0.004897
v 0.047500 -0.054606 -0.004897
v 0.047500 -0.054606 -0.004897
v 0.047500 -0.054606 -0.004897
v 0.066431 -0.042699 0.034793
v 0.066431 -0.042699 0.034793
v 0.066431 -0.042699 0.034793
v 0.066431 -0.042699 0.034793
v 0.066431 -0.042699 0.034793
v 0.066431 -0.042699 0.034793
v 0.059737 -0.085861 -0.038504
v 0.059737 -0.085861 -0.038504
v 0.059737 -0.085861 -0.038504
v 0.059737 -0.085861 -0.038504
v 0.059361 -0.085972 -0.038304
v 0.059361 -0.085972 -0.038304
v 0.059361 -0.085972 -0.038304
v 0.059361 -0.085972 -0.038304
v 0.059361 -0.085972 -0.038304
v 0.058088 -0.080054 -0.037623
v 0.058088 -0.080054 -0.037623
v 0.058088 -0.080054 -0.037623
v 0.058088 -0.080054 -0.037623
v 0.058088 -0.080054 -0.037623
v 0.058088 -0.080054 -0.037623
v 0.058088 -0.080054 -0.037623
v 0.058088 -0.080054 -0.037623
v 0.064437 -0.084822 -0.040369
v 0.064437 -0.084822 -0.040369
v 0.064437 -0.084822 -0.040369
v 0.064437 -0.084822 -0.040369
v 0.064437 -0.084822 -0.040369
v 0.064437 -0.084822 -0.040369
v 0.057018 -0.074328 -0.036617
v 0.057018 -0.074328 -0.036617
v 0.057018 -0.074328 -0.036617
v 0.057018 -0.074328 -0.036617
v 0.057018 -0.074328 -0.036617
v 0.057018 -0.074328 -0.036617
v 0.056256 -0.068941 -0.035105
v 0.056256 -0.068941 -0.035105
v 0.056256 -0.068941 -0.035105
v 0.056256 -0.068941 -0.035105
v 0.056256 -0.068941 -0.035105
v 0.056256 -0.068941 -0.035105
v 0.056256 -0.068941 -0.035105
v 0.055862 -0.064009 -0.032955
v 0.055862 -0.064009 -0.032955
v 0.055862 -0.064009 -0.032955
v 0.055862 -0.064009 -0.032955
v 0.055862 -0.064009 -0.032955
v 0.055862 -0.064009 -0.032955
v 0.055862 -0.064009 -0.032955
v 0.055848 -0.059613 -0.030092
v 0.055848 -0.059613 -0.030092
v 0.055848 -0.059613 -0.030092
v 0.055848 -0.059613 -0.030092
v 0.055848 -0.059613 -0.030092
v 0.055848 -0.059613 -0.030092
v 0.055848 -0.059613 -0.030092
v 0.056811 -0.052600 -0.022193
v 0.056811 -0.052600 -0.022193
v 0.056811 -0.052600 -0.022193
v 0.056811 -0.052600 -0.022193
v 0.056811 -0.052600 -0.022193
v 0.056811 -0.052600 -0.022193
v 0.056811 -0.052600 -0.022193
v 0.056184 -0.055804 -0.026498
v 0.056184 -0.055804 -0.026498
v 0.056184 -0.055804 -0.026498
v 0.056184 -0.055804 -0.026498
v 0.056184 -0.055804 -0.026498
v 0.056184 -0.055804 -0.026498
v 0.057647 -0.049990 -0.017233
v 0.057647 -0.049990 -0.017233
v 0.057647 -0.049990 -0.017233
v 0.057647 -0.049990 -0.017233
v 0.057647 -0.049990 -0.017233
v 0.057647 -0.049990 -0.017233
v 0.057647 -0.049990 -0.017233
v 0.059569 -0.046402 -0.005677
v 0.059569 -0.046402 -0.005677
v 0.059569 -0.046402 -0.005677
v 0.059569 -0.046402 -0.005677
v 0.059569 -0.046402 -0.005677
v 0.059569 -0.046402 -0.005677
v 0.059569 -0.046402 -0.005677
v 0.058598 -0.047941 -0.011695
v 0.058598 -0.047941 -0.011695
v 0.058598 -0.047941 -0.011695
v 0.058598 -0.047941 -0.011695
v 0.058598 -0.047941 -0.011695
v 0.058598 -0.047941 -0.011695
v 0.061224 -0.044592 0.007389
v 0.061224 -0.044592 0.007389
v 0.061224 -0.044592 0.007389
v 0.061224 -0.044592 0.007389
v 0.061224 -0.044592 0.007389
v 0.061224 -0.044592 0.007389
v 0.061224 -0.044592 0.007389
v 0.061224 -0.044592 0.007389
v 0.062126 -0.043958 0.021164
v 0.062126 -0.043958 0.021164
v 0.062126 -0.043958 0.021164
v 0.062126 -0.043958 0.021164
v 0.062126 -0.043958 0.021164
v 0.062126 -0.043958 0.021164
v 0.062126 -0.043958 0.021164
v 0.062126 -0.043958 0.021164
v 0.046554 -0.054324 0.025364
v 0.046554 -0.054324 0.025364
v 0.046554 -0.054324 0.025364
v 0.046554 -0.054324 0.025364
v 0.046557 -0.054321 0.025436
v 0.046557 -0.054321 0.025436
v 0.046557 -0.054321 0.025436
v 0.046557 -0.054321 0.025436
v 0.051110 -0.050139 0.023757
v 0.051110 -0.050139 0.023757
v 0.051110 -0.050139 0.023757
v 0.051110 -0.050139 0.023757
v 0.051110 -0.050139 0.023757
v 0.051110 -0.050139 0.023757
v 0.051110 -0.050139 0.023757
v 0.051110 -0.050139 0.023757
v 0.051110 -0.050139 0.023757
v 0.051110 -0.050139 0.023757
v 0.051110 -0.050139 0.023757
v 0.046667 -0.054222 0.027844
v 0.046667 -0.054222 0.027844
v 0.046667 -0.054222 0.027844
v 0.046667 -0.054222 0.027844
v 0.046667 -0.054222 0.027844
v 0.046667 -0.054222 0.027844
v 0.046749 -0.054158 0.037596
v 0.046749 -0.054158 0.037596
v 0.046749 -0.054158 0.037596
v 0.046749 -0.054158 0.037596
v 0.046749 -0.054158 0.037596
v 0.047740 -0.053319 0.037391
v 0.047740 -0.053319 0.037391
v 0.047740 -0.053319 0.037391
v 0.047740 -0.053319 0.037391
v 0.047740 -0.053319 0.037391
v 0.044262 -0.057317 0.003454
v 0.044262 -0.057317 0.003454
v 0.044262 -0.057317 0.003454
v 0.044262 -0.057317 0.003454
v 0.044292 -0.057266 0.003628
v 0.044292 -0.057266 0.003628
v 0.044292 -0.057266 0.003628
v 0.044292 -0.057266 0.003628
v 0.048492 -0.052962 0.000196
v 0.048492 -0.052962 0.000196
v 0.048492 -0.052962 0.000196
v 0.048492 -0.052962 0.000196
v 0.048492 -0.052962 0.000196
v 0.048492 -0.052962 0.000196
v 0.048492 -0.052962 0.000196
v 0.048492 -0.052962 0.000196
v 0.048492 -0.052962 0.000196
v 0.044804 -0.056408 0.006560
v 0.044804 -0.056408 0.006560
v 0.044804 -0.056408 0.006560
v 0.044804 -0.056408 0.006560
v 0.044804 -0.056408 0.006560
v 0.044804 -0.056408 0.006560
v 0.050187 -0.050921 0.011454
v 0.050187 -0.050921 0.011454
v 0.050187 -0.050921 0.011454
v 0.050187 -0.050921 0.011454
v 0.050187 -0.050921 0.011454
v 0.050187 -0.050921 0.011454
v 0.050187 -0.050921 0.011454
v 0.050187 -0.050921 0.011454
v 0.045643 -0.055279 0.012638
v 0.045643 -0.055279 0.012638
v 0.045643 -0.055279 0.012638
v 0.045643 -0.055279 0.012638
v 0.045752 -0.055159 0.013813
v 0.045752 -0.055159 0.013813
v 0.045752 -0.055159 0.013813
v 0.045752 -0.055159 0.013813
v 0.045765 -0.055145 0.013945
v 0.045765 -0.055145 0.013945
v 0.045765 -0.055145 0.013945
v 0.045765 -0.055145 0.013945
v 0.045765 -0.055145 0.013945
v 0.046296 -0.054560 0.019668
v 0.046296 -0.054560 0.019668
v 0.046296 -0.054560 0.019668
v 0.046296 -0.054560 0.019668
v 0.046296 -0.054560 0.019668
v 0.043881 -0.057957 0.001266
v 0.043881 -0.057957 0.001266
v 0.043881 -0.057957 0.001266
v 0.043881 -0.057957 0.001266
v 0.043881 -0.057957 0.001266
v 0.041861 -0.063556 -0.009081
v 0.041861 -0.063556 -0.009081
v 0.041861 -0.063556 -0.009081
v 0.041861 -0.063556 -0.009081
v 0.042008 -0.062844 -0.008222
v 0.042008 -0.062844 -0.008222
v 0.042008 -0.062844 -0.008222
v 0.042008 -0.062844 -0.008222
v 0.042008 -0.062844 -0.008222
v 0.045682 -0.059337 -0.013791
v 0.045682 -0.059337 -0.013791
v 0.045682 -0.059337 -0.013791
v 0.045682 -0.059337 -0.013791
v 0.045682 -0.059337 -0.013791
v 0.045682 -0.059337 -0.013791
v 0.045682 -0.059337 -0.013791
v 0.045682 -0.059337 -0.013791
v 0.042562 -0.061130 -0.005422
v 0.042562 -0.061130 -0.005422
v 0.042562 -0.061130 -0.005422
v 0.042562 -0.061130 -0.005422
v 0.042562 -0.061130 -0.005422
v 0.046530 -0.056721 -0.009571
v 0.046530 -0.056721 -0.009571
v 0.046530 -0.056721 -0.009571
v 0.046530 -0.056721 -0.009571
v 0.046530 -0.056721 -0.009571
v 0.046530 -0.056721 -0.009571
v 0.042600 -0.061013 -0.005231
v 0.042600 -0.061013 -0.005231
v 0.042600 -0.061013 -0.005231
v 0.042600 -0.061013 -0.005231
v 0.042600 -0.061013 -0.005231
v 0.042875 -0.060164 -0.003843
v 0.042875 -0.060164 -0.003843
v 0.042875 -0.060164 -0.003843
v 0.042875 -0.060164 -0.003843
v 0.042875 -0.060164 -0.003843
v 0.041829 -0.063715 -0.009272
v 0.041829 -0.063715 -0.009272
v 0.041829 -0.063715 -0.009272
v 0.041829 -0.063715 -0.009272
v 0.041829 -0.063715 -0.009272
v 0.045054 -0.062463 -0.017536
v 0.045054 -0.062463 -0.017536
v 0.045054 -0.062463 -0.017536
v 0.045054 -0.062463 -0.017536
v 0.045054 -0.062463 -0.017536
v 0.045054 -0.062463 -0.017536
v 0.045054 -0.062463 -0.017536
v 0.045054 -0.062463 -0.017536
v 0.041370 -0.065948 -0.011965
v 0.041370 -0.065948 -0.011965
v 0.041370 -0.065948 -0.011965
v 0.041370 -0.065948 -0.011965
v 0.041370 -0.065948 -0.011965
v 0.041018 -0.070044 -0.015613
v 0.041018 -0.070044 -0.015613
v 0.041018 -0.070044 -0.015613
v 0.041018 -0.070044 -0.015613
v 0.041019 -0.069490 -0.015216
v 0.041019 -0.069490 -0.015216
v 0.041019 -0.069490 -0.015216
v 0.041019 -0.069490 -0.015216
v 0.041019 -0.069490 -0.015216
v 0.044731 -0.066093 -0.020799
v 0.044731 -0.066093 -0.020799
v 0.044731 -0.066093 -0.020799
v 0.044731 -0.066093 -0.020799
v 0.044731 -0.066093 -0.020799
v 0.044731 -0.066093 -0.020799
v 0.044731 -0.066093 -0.020799
v 0.044731 -0.066093 -0.020799
v 0.041288 -0.066776 -0.012724
v 0.041288 -0.066776 -0.012724
v 0.041288 -0.066776 -0.012724
v 0.041288 -0.066776 -0.012724
v 0.041288 -0.066776 -0.012724
v 0.041308 -0.066572 -0.012537
v 0.041308 -0.066572 -0.012537
v 0.041308 -0.066572 -0.012537
v 0.041308 -0.066572 -0.012537
v 0.041018 -0.070296 -0.015793
v 0.041018 -0.070296 -0.015793
v 0.041018 -0.070296 -0.015793
v 0.041018 -0.070296 -0.015793
v 0.041018 -0.070296 -0.015793
v 0.044777 -0.070197 -0.023592
v 0.044777 -0.070197 -0.023592
v 0.044777 -0.070197 -0.023592
v 0.044777 -0.070197 -0.023592
v 0.044777 -0.070197 -0.023592
v 0.044777 -0.070197 -0.023592
v 0.044777 -0.070197 -0.023592
v 0.044777 -0.070197 -0.023592
v 0.041010 -0.073472 -0.018065
v 0.041010 -0.073472 -0.018065
v 0.041010 -0.073472 -0.018065
v 0.041010 -0.073472 -0.018065
v 0.041010 -0.073472 -0.018065
v 0.041434 -0.078216 -0.020736
v 0.041434 -0.078216 -0.020736
v 0.041434 -0.078216 -0.020736
v 0.041434 -0.078216 -0.020736
v 0.041434 -0.078216 -0.020736
v 0.041434 -0.078216 -0.020736
v 0.041392 -0.077962 -0.020619
v 0.041392 -0.077962 -0.020619
v 0.041392 -0.077962 -0.020619
v 0.041392 -0.077962 -0.020619
v 0.041392 -0.077962 -0.020619
v 0.045227 -0.074726 -0.025944
v 0.045227 -0.074726 -0.025944
v 0.045227 -0.074726 -0.025944
v 0.045227 -0.074726 -0.025944
v 0.045227 -0.074726 -0.025944
v 0.045227 -0.074726 -0.025944
v 0.045227 -0.074726 -0.025944
v 0.041076 -0.074244 -0.018505
v 0.041076 -0.074244 -0.018505
v 0.041076 -0.074244 -0.018505
v 0.041076 -0.074244 -0.018505
v 0.041076 -0.074244 -0.018505
v 0.041050 -0.073942 -0.018333
v 0.041050 -0.073942 -0.018333
v 0.041050 -0.073942 -0.018333
v 0.041050 -0.073942 -0.018333
v 0.046074 -0.079608 -0.027911
v 0.046074 -0.079608 -0.027911
v 0.046074 -0.079608 -0.027911
v 0.046074 -0.079608 -0.027911
v 0.046074 -0.079608 -0.027911
v 0.046074 -0.079608 -0.027911
v 0.046074 -0.079608 -0.027911
v 0.043958 -0.081204 -0.025371
v 0.043958 -0.081204 -0.025371
v 0.043958 -0.081204 -0.025371
v 0.043958 -0.081204 -0.025371
v 0.043958 -0.081204 -0.025371
v 0.043958 -0.081204 -0.025371
v 0.043958 -0.081204 -0.025371
v 0.043958 -0.081204 -0.025371
v 0.043958 -0.081204 -0.025371
v 0.041491 -0.078567 -0.020899
v 0.041491 -0.078567 -0.020899
v 0.041491 -0.078567 -0.020899
v 0.041491 -0.078567 -0.020899
v 0.041491 -0.078567 -0.020899
v 0.042181 -0.082804 -0.022855
v 0.042181 -0.082804 -0.022855
v 0.042181 -0.082804 -0.022855
v 0.042181 -0.082804 -0.022855
v 0.045493 -0.091941 -0.027587
v 0.045493 -0.091941 -0.027587
v 0.045493 -0.091941 -0.027587
v 0.045493 -0.091941 -0.027587
v 0.045493 -0.091941 -0.027587
v 0.044524 -0.092538 -0.026515
v 0.044524 -0.092538 -0.026515
v 0.044524 -0.092538 -0.026515
v 0.044524 -0.092538 -0.026515
v 0.043876 -0.090132 -0.025676
v 0.043876 -0.090132 -0.025676
v 0.043876 -0.090132 -0.025676
v 0.043876 -0.090132 -0.025676
v 0.043876 -0.090132 -0.025676
v 0.043876 -0.090132 -0.025676
v 0.042256 -0.083199 -0.023026
v 0.042256 -0.083199 -0.023026
v 0.042256 -0.083199 -0.023026
v 0.042256 -0.083199 -0.023026
v 0.042256 -0.083199 -0.023026
v 0.042223 -0.083058 -0.022973
v 0.042223 -0.083058 -0.022973
v 0.042223 -0.083058 -0.022973
v 0.042223 -0.083058 -0.022973
v 0.050815 -0.089034 -0.032806
v 0.050815 -0.089034 -0.032806
v 0.050815 -0.089034 -0.032806
v 0.050815 -0.089034 -0.032806
v 0.050815 -0.089034 -0.032806
v 0.050815 -0.089034 -0.032806
v 0.048723 -0.090044 -0.030993
v 0.048723 -0.090044 -0.030993
v 0.048723 -0.090044 -0.030993
v 0.048723 -0.090044 -0.030993
v 0.047264 -0.084749 -0.029569
v 0.047264 -0.084749 -0.029569
v 0.047264 -0.084749 -0.029569
v 0.047264 -0.084749 -0.029569
v 0.047264 -0.084749 -0.029569
v 0.047264 -0.084749 -0.029569
v 0.048023 -0.090382 -0.030386
v 0.048023 -0.090382 -0.030386
v 0.048023 -0.090382 -0.030386
v 0.048023 -0.090382 -0.030386
v 0.048023 -0.090382 -0.030386
v 0.048023 -0.090382 -0.030386
v 0.046530 -0.091302 -0.028734
v 0.046530 -0.091302 -0.028734
v 0.046530 -0.091302 -0.028734
v 0.046530 -0.091302 -0.028734
v 0.046530 -0.091302 -0.028734
v 0.051434 -0.050190 0.036626
v 0.051434 -0.050190 0.036626
v 0.051434 -0.050190 0.036626
v 0.051434 -0.050190 0.036626
v 0.051434 -0.050190 0.036626
v 0.053251 -0.048651 0.036249
v 0.053251 -0.048651 0.036249
v 0.053251 -0.048651 0.036249
v 0.053251 -0.048651 0.036249
v 0.051893 -0.088514 -0.033741
v 0.051893 -0.088514 -0.033741
v 0.051893 -0.088514 -0.033741
v 0.051893 -0.088514 -0.033741
v 0.052260 -0.082174 -0.033958
v 0.052260 -0.082174 -0.033958
v 0.052260 -0.082174 -0.033958
v 0.052260 -0.082174 -0.033958
v 0.052260 -0.082174 -0.033958
v 0.052260 -0.082174 -0.033958
v 0.052260 -0.082174 -0.033958
v 0.052260 -0.082174 -0.033958
v 0.052260 -0.082174 -0.033958
v 0.051056 -0.076719 -0.032613
v 0.051056 -0.076719 -0.032613
v 0.051056 -0.076719 -0.032613
v 0.051056 -0.076719 -0.032613
v 0.051056 -0.076719 -0.032613
v 0.051056 -0.076719 -0.032613
v 0.050195 -0.071563 -0.030861
v 0.050195 -0.071563 -0.030861
v 0.050195 -0.071563 -0.030861
v 0.050195 -0.071563 -0.030861
v 0.050195 -0.071563 -0.030861
v 0.050195 -0.071563 -0.030861
v 0.049740 -0.066812 -0.028595
v 0.049740 -0.066812 -0.028595
v 0.049740 -0.066812 -0.028595
v 0.049740 -0.066812 -0.028595
v 0.049740 -0.066812 -0.028595
v 0.049740 -0.066812 -0.028595
v 0.049699 -0.062542 -0.025755
v 0.049699 -0.062542 -0.025755
v 0.049699 -0.062542 -0.025755
v 0.049699 -0.062542 -0.025755
v 0.049699 -0.062542 -0.025755
v 0.049699 -0.062542 -0.025755
v 0.050040 -0.058804 -0.022312
v 0.050040 -0.058804 -0.022312
v 0.050040 -0.058804 -0.022312
v 0.050040 -0.058804 -0.022312
v 0.050040 -0.058804 -0.022312
v 0.050040 -0.058804 -0.022312
v 0.050697 -0.055621 -0.018274
v 0.050697 -0.055621 -0.018274
v 0.050697 -0.055621 -0.018274
v 0.050697 -0.055621 -0.018274
v 0.050697 -0.055621 -0.018274
v 0.050697 -0.055621 -0.018274
v 0.051582 -0.052992 -0.013670
v 0.051582 -0.052992 -0.013670
v 0.051582 -0.052992 -0.013670
v 0.051582 -0.052992 -0.013670
v 0.051582 -0.052992 -0.013670
v 0.051582 -0.052992 -0.013670
v 0.052594 -0.050896 -0.008550
v 0.052594 -0.050896 -0.008550
v 0.052594 -0.050896 -0.008550
v 0.052594 -0.050896 -0.008550
v 0.052594 -0.050896 -0.008550
v 0.052594 -0.050896 -0.008550
v 0.053630 -0.049293 -0.002978
v 0.053630 -0.049293 -0.002978
v 0.053630 -0.049293 -0.002978
v 0.053630 -0.049293 -0.002978
v 0.053630 -0.049293 -0.002978
v 0.053630 -0.049293 -0.002978
v 0.055399 -0.047352 0.009221
v 0.055399 -0.047352 0.009221
v 0.055399 -0.047352 0.009221
v 0.055399 -0.047352 0.009221
v 0.055399 -0.047352 0.009221
v 0.055399 -0.047352 0.009221
v 0.059563 -0.045088 0.035378
v 0.059563 -0.045088 0.035378
v 0.059563 -0.045088 0.035378
v 0.059563 -0.045088 0.035378
v 0.059563 -0.045088 0.035378
v 0.060329 -0.044670 0.035276
v 0.060329 -0.044670 0.035276
v 0.060329 -0.044670 0.035276
v 0.060329 -0.044670 0.035276
v 0.062348 -0.044018 0.035116
v 0.062348 -0.044018 0.035116
v 0.062348 -0.044018 0.035116
v 0.062348 -0.044018 0.035116
v 0.058638 -0.086186 -0.037921
v 0.058638 -0.086186 -0.037921
v 0.058638 -0.086186 -0.037921
v 0.058638 -0.086186 -0.037921
v 0.058638 -0.086186 -0.037921
v 0.055962 -0.086977 -0.036500
v 0.055962 -0.086977 -0.036500
v 0.055962 -0.086977 -0.036500
v 0.055962 -0.086977 -0.036500
v 0.055962 -0.086977 -0.036500
v 0.053734 -0.087818 -0.034989
v 0.053734 -0.087818 -0.034989
v 0.053734 -0.087818 -0.034989
v 0.053734 -0.087818 -0.034989
v 0.053734 -0.087818 -0.034989
v 0.116576 -0.094802 -0.017257
v 0.116576 -0.094802 -0.017257
v 0.116576 -0.094802 -0.017257
v 0.116576 -0.094802 -0.017257
v 0.116087 -0.097102 -0.018322
v 0.116087 -0.097102 -0.018322
v 0.116087 -0.097102 -0.018322
v 0.116087 -0.097102 -0.018322
v 0.116087 -0.097102 -0.018322
v 0.114187 -0.095131 -0.021862
v 0.114187 -0.095131 -0.021862
v 0.114187 -0.095131 -0.021862
v 0.114187 -0.095131 -0.021862
v 0.114187 -0.095131 -0.021862
v 0.114187 -0.095131 -0.021862
v 0.114187 -0.095131 -0.021862
v 0.115268 -0.077610 -0.018248
v 0.115268 -0.077610 -0.018248
v 0.115268 -0.077610 -0.018248
v 0.115268 -0.077610 -0.018248
v 0.115478 -0.075520 -0.016824
v 0.115478 -0.075520 -0.016824
v 0.115478 -0.075520 -0.016824
v 0.115478 -0.075520 -0.016824
v 0.115478 -0.075520 -0.016824
v 0.117258 -0.078267 -0.013245
v 0.117258 -0.078267 -0.013245
v 0.117258 -0.078267 -0.013245
v 0.117258 -0.078267 -0.013245
v 0.117258 -0.078267 -0.013245
v 0.117258 -0.078267 -0.013245
v 0.117258 -0.078267 -0.013245
v 0.117258 -0.078267 -0.013245
v 0.117258 -0.078267 -0.013245
v 0.117258 -0.078267 -0.013245
v 0.112703 -0.058578 0.027269
v 0.112703 -0.058578 0.027269
v 0.112703 -0.058578 0.027269
v 0.112703 -0.058578 0.027269
v 0.112703 -0.058578 0.027269
v 0.112703 -0.058578 0.027269
v 0.112614 -0.058507 0.038658
v 0.112614 -0.058507 0.038658
v 0.112614 -0.058507 0.038658
v 0.112614 -0.058507 0.038658
v 0.114806 -0.061986 0.039509
v 0.114806 -0.061986 0.039509
v 0.114806 -0.061986 0.039509
v 0.114806 -0.061986 0.039509
v 0.114806 -0.061986 0.039509
v 0.116712 -0.065773 0.029577
v 0.116712 -0.065773 0.029577
v 0.116712 -0.065773 0.029577
v 0.116712 -0.065773 0.029577
v 0.116712 -0.065773 0.029577
v 0.116712 -0.065773 0.029577
v 0.116712 -0.065773 0.029577
v 0.116712 -0.065773 0.029577
v 0.112721 -0.058598 0.026806
v 0.112721 -0.058598 0.026806
v 0.112721 -0.058598 0.026806
v 0.112721 -0.058598 0.026806
v 0.112721 -0.058598 0.026806
v 0.112721 -0.058598 0.026806
v 0.112721 -0.058598 0.026806
v 0.116116 -0.064635 0.040157
v 0.116116 -0.064635 0.040157
v 0.116116 -0.064635 0.040157
v 0.116116 -0.064635 0.040157
v 0.116116 -0.064635 0.040157
v 0.116625 -0.065663 0.040408
v 0.116625 -0.065663 0.040408
v 0.116625 -0.065663 0.040408
v 0.116625 -0.065663 0.040408
v 0.116713 -0.065773 0.029514
v 0.116713 -0.065773 0.029514
v 0.116713 -0.065773 0.029514
v 0.116713 -0.065773 0.029514
v 0.116728 -0.065792 0.027646
v 0.116728 -0.065792 0.027646
v 0.116728 -0.065792 0.027646
v 0.116728 -0.065792 0.027646
v 0.116728 -0.065792 0.027646
v 0.116728 -0.065792 0.027646
v 0.113064 -0.058964 0.018086
v 0.113064 -0.058964 0.018086
v 0.113064 -0.058964 0.018086
v 0.113064 -0.058964 0.018086
v 0.113064 -0.058964 0.018086
v 0.117077 -0.066430 0.019420
v 0.117077 -0.066430 0.019420
v 0.117077 -0.066430 0.019420
v 0.117077 -0.066430 0.019420
v 0.117077 -0.066430 0.019420
v 0.113252 -0.059234 0.015541
v 0.113252 -0.059234 0.015541
v 0.113252 -0.059234 0.015541
v 0.113252 -0.059234 0.015541
v 0.113252 -0.059234 0.015541
v 0.113252 -0.059234 0.015541
v 0.118547 -0.072686 -0.000926
v 0.118547 -0.072686 -0.000926
v 0.118547 -0.072686 -0.000926
v 0.118547 -0.072686 -0.000926
v 0.118547 -0.072686 -0.000926
v 0.115503 -0.066142 -0.007437
v 0.115503 -0.066142 -0.007437
v 0.115503 -0.066142 -0.007437
v 0.115503 -0.066142 -0.007437
v 0.115503 -0.066142 -0.007437
v 0.115503 -0.066142 -0.007437
v 0.118532 -0.072310 -0.000482
v 0.118532 -0.072310 -0.000482
v 0.118532 -0.072310 -0.000482
v 0.118532 -0.072310 -0.000482
v 0.118532 -0.072310 -0.000482
v 0.118532 -0.072310 -0.000482
v 0.115260 -0.064434 -0.004715
v 0.115260 -0.064434 -0.004715
v 0.115260 -0.064434 -0.004715
v 0.115260 -0.064434 -0.004715
v 0.115260 -0.064434 -0.004715
v 0.118293 -0.070939 0.002406
v 0.118293 -0.070939 0.002406
v 0.118293 -0.070939 0.002406
v 0.118293 -0.070939 0.002406
v 0.118293 -0.070939 0.002406
v 0.115133 -0.063923 -0.003571
v 0.115133 -0.063923 -0.003571
v 0.115133 -0.063923 -0.003571
v 0.115133 -0.063923 -0.003571
v 0.115133 -0.063923 -0.003571
v 0.118279 -0.070856 0.002580
v 0.118279 -0.070856 0.002580
v 0.118279 -0.070856 0.002580
v 0.118279 -0.070856 0.002580
v 0.118279 -0.070856 0.002580
v 0.114778 -0.062485 -0.000355
v 0.114778 -0.062485 -0.000355
v 0.114778 -0.062485 -0.000355
v 0.114778 -0.062485 -0.000355
v 0.114778 -0.062485 -0.000355
v 0.114778 -0.062485 -0.000355
v 0.117910 -0.068732 0.007055
v 0.117910 -0.068732 0.007055
v 0.117910 -0.068732 0.007055
v 0.117910 -0.068732 0.007055
v 0.117910 -0.068732 0.007055
v 0.117910 -0.068732 0.007055
v 0.114203 -0.060915 0.004747
v 0.114203 -0.060915 0.004747
v 0.114203 -0.060915 0.004747
v 0.114203 -0.060915 0.004747
v 0.114203 -0.060915 0.004747
v 0.114203 -0.060915 0.004747
v 0.117668 -0.068018 0.010204
v 0.117668 -0.068018 0.010204
v 0.117668 -0.068018 0.010204
v 0.117668 -0.068018 0.010204
v 0.117668 -0.068018 0.010204
v 0.114148 -0.060807 0.005301
v 0.114148 -0.060807 0.005301
v 0.114148 -0.060807 0.005301
v 0.114148 -0.060807 0.005301
v 0.114148 -0.060807 0.005301
v 0.117656 -0.067984 0.010357
v 0.117656 -0.067984 0.010357
v 0.117656 -0.067984 0.010357
v 0.117656 -0.067984 0.010357
v 0.117656 -0.067984 0.010357
v 0.113603 -0.059739 0.010793
v 0.113603 -0.059739 0.010793
v 0.113603 -0.059739 0.010793
v 0.113603 -0.059739 0.010793
v 0.113603 -0.059739 0.010793
v 0.113603 -0.059739 0.010793
v 0.117219 -0.066691 0.016058
v 0.117219 -0.066691 0.016058
v 0.117219 -0.066691 0.016058
v 0.117219 -0.066691 0.016058
v 0.117219 -0.066691 0.016058
v 0.117219 -0.066691 0.016058
v 0.117082 -0.066439 0.019304
v 0.117082 -0.066439 0.019304
v 0.117082 -0.066439 0.019304
v 0.117082 -0.066439 0.019304
v 0.118717 -0.077929 -0.006941
v 0.118717 -0.077929 -0.006941
v 0.118717 -0.077929 -0.006941
v 0.118717 -0.077929 -0.006941
v 0.115723 -0.071936 -0.014053
v 0.115723 -0.071936 -0.014053
v 0.115723 -0.071936 -0.014053
v 0.115723 -0.071936 -0.014053
v 0.115723 -0.071936 -0.014053
v 0.115723 -0.071936 -0.014053
v 0.115723 -0.071936 -0.014053
v 0.118744 -0.077531 -0.006642
v 0.118744 -0.077531 -0.006642
v 0.118744 -0.077531 -0.006642
v 0.118744 -0.077531 -0.006642
v 0.118744 -0.077531 -0.006642
v 0.115780 -0.070085 -0.012423
v 0.115780 -0.070085 -0.012423
v 0.115780 -0.070085 -0.012423
v 0.115780 -0.070085 -0.012423
v 0.115780 -0.070085 -0.012423
v 0.115780 -0.070085 -0.012423
v 0.118657 -0.075406 -0.004135
v 0.118657 -0.075406 -0.004135
v 0.118657 -0.075406 -0.004135
v 0.118657 -0.075406 -0.004135
v 0.118657 -0.075406 -0.004135
v 0.115717 -0.068806 -0.010930
v 0.115717 -0.068806 -0.010930
v 0.115717 -0.068806 -0.010930
v 0.115717 -0.068806 -0.010930
v 0.115717 -0.068806 -0.010930
v 0.118651 -0.075251 -0.003953
v 0.118651 -0.075251 -0.003953
v 0.118651 -0.075251 -0.003953
v 0.118651 -0.075251 -0.003953
v 0.118651 -0.075251 -0.003953
v 0.115631 -0.067045 -0.008878
v 0.115631 -0.067045 -0.008878
v 0.115631 -0.067045 -0.008878
v 0.115631 -0.067045 -0.008878
v 0.115631 -0.067045 -0.008878
v 0.115631 -0.067045 -0.008878
v 0.118494 -0.081259 -0.009438
v 0.118494 -0.081259 -0.009438
v 0.118494 -0.081259 -0.009438
v 0.118494 -0.081259 -0.009438
v 0.118494 -0.081259 -0.009438
v 0.118494 -0.081259 -0.009438
v 0.115673 -0.073582 -0.015504
v 0.115673 -0.073582 -0.015504
v 0.115673 -0.073582 -0.015504
v 0.115673 -0.073582 -0.015504
v 0.115673 -0.073582 -0.015504
v 0.116146 -0.086223 -0.017899
v 0.116146 -0.086223 -0.017899
v 0.116146 -0.086223 -0.017899
v 0.116146 -0.086223 -0.017899
v 0.116146 -0.086223 -0.017899
v 0.116146 -0.086223 -0.017899
v 0.116146 -0.086223 -0.017899
v 0.116146 -0.086223 -0.017899
v 0.114171 -0.083870 -0.021458
v 0.114171 -0.083870 -0.021458
v 0.114171 -0.083870 -0.021458
v 0.114171 -0.083870 -0.021458
v 0.114171 -0.083870 -0.021458
v 0.114171 -0.083870 -0.021458
v 0.114513 -0.082284 -0.020764
v 0.114513 -0.082284 -0.020764
v 0.114513 -0.082284 -0.020764
v 0.114513 -0.082284 -0.020764
v 0.114513 -0.082284 -0.020764
v 0.114960 -0.079519 -0.019276
v 0.114960 -0.079519 -0.019276
v 0.114960 -0.079519 -0.019276
v 0.114960 -0.079519 -0.019276
v 0.114960 -0.079519 -0.019276
v 0.118478 -0.081504 -0.009622
v 0.118478 -0.081504 -0.009622
v 0.118478 -0.081504 -0.009622
v 0.118478 -0.081504 -0.009622
v 0.118292 -0.084272 -0.011699
v 0.118292 -0.084272 -0.011699
v 0.118292 -0.084272 -0.011699
v 0.118292 -0.084272 -0.011699
v 0.118292 -0.084272 -0.011699
v 0.118292 -0.084272 -0.011699
v 0.118161 -0.085075 -0.012123
v 0.118161 -0.085075 -0.012123
v 0.118161 -0.085075 -0.012123
v 0.118161 -0.085075 -0.012123
v 0.118161 -0.085075 -0.012123
v 0.118161 -0.085075 -0.012123
v 0.117563 -0.088744 -0.014059
v 0.117563 -0.088744 -0.014059
v 0.117563 -0.088744 -0.014059
v 0.117563 -0.088744 -0.014059
v 0.117508 -0.089085 -0.014239
v 0.117508 -0.089085 -0.014239
v 0.117508 -0.089085 -0.014239
v 0.117508 -0.089085 -0.014239
v 0.117508 -0.089085 -0.014239
v 0.117508 -0.089085 -0.014239
v 0.117508 -0.089085 -0.014239
v 0.112473 -0.093698 -0.024434
v 0.112473 -0.093698 -0.024434
v 0.112473 -0.093698 -0.024434
v 0.112473 -0.093698 -0.024434
v 0.112473 -0.093698 -0.024434
v 0.112473 -0.093698 -0.024434
v 0.113329 -0.087785 -0.023170
v 0.113329 -0.087785 -0.023170
v 0.113329 -0.087785 -0.023170
v 0.113329 -0.087785 -0.023170
v 0.113329 -0.087785 -0.023170
v 0.111935 -0.093249 -0.025241
v 0.111935 -0.093249 -0.025241
v 0.111935 -0.093249 -0.025241
v 0.111935 -0.093249 -0.025241
v 0.111935 -0.093249 -0.025241
v 0.112735 -0.077027 -0.022906
v 0.112735 -0.077027 -0.022906
v 0.112735 -0.077027 -0.022906
v 0.112735 -0.077027 -0.022906
v 0.112735 -0.077027 -0.022906
v 0.112735 -0.077027 -0.022906
v 0.112735 -0.077027 -0.022906
v 0.112735 -0.077027 -0.022906
v 0.112735 -0.077027 -0.022906
v 0.108483 -0.081977 -0.029176
v 0.108483 -0.081977 -0.029176
v 0.108483 -0.081977 -0.029176
v 0.108483 -0.081977 -0.029176
v 0.108483 -0.081977 -0.029176
v 0.108483 -0.081977 -0.029176
v 0.109028 -0.079506 -0.028271
v 0.109028 -0.079506 -0.028271
v 0.109028 -0.079506 -0.028271
v 0.109028 -0.079506 -0.028271
v 0.111845 -0.081605 -0.024993
v 0.111845 -0.081605 -0.024993
v 0.111845 -0.081605 -0.024993
v 0.111845 -0.081605 -0.024993
v 0.111845 -0.081605 -0.024993
v 0.111845 -0.081605 -0.024993
v 0.111845 -0.081605 -0.024993
v 0.111845 -0.081605 -0.024993
v 0.111845 -0.081605 -0.024993
v 0.111845 -0.081605 -0.024993
v 0.111845 -0.081605 -0.024993
v 0.110991 -0.064789 -0.019616
v 0.110991 -0.064789 -0.019616
v 0.110991 -0.064789 -0.019616
v 0.110991 -0.064789 -0.019616
v 0.110991 -0.064789 -0.019616
v 0.110991 -0.064789 -0.019616
v 0.110927 -0.063075 -0.017675
v 0.110927 -0.063075 -0.017675
v 0.110927 -0.063075 -0.017675
v 0.110927 -0.063075 -0.017675
v 0.113592 -0.065788 -0.014392
v 0.113592 -0.065788 -0.014392
v 0.113592 -0.065788 -0.014392
v 0.113592 -0.065788 -0.014392
v 0.113592 -0.065788 -0.014392
v 0.113592 -0.065788 -0.014392
v 0.113592 -0.065788 -0.014392
v 0.113592 -0.065788 -0.014392
v 0.113592 -0.065788 -0.014392
v 0.110559 -0.059288 -0.012405
v 0.110559 -0.059288 -0.012405
v 0.110559 -0.059288 -0.012405
v 0.110559 -0.059288 -0.012405
v 0.110559 -0.059288 -0.012405
v 0.110559 -0.059288 -0.012405
v 0.110232 -0.057873 -0.009463
v 0.110232 -0.057873 -0.009463
v 0.110232 -0.057873 -0.009463
v 0.110232 -0.057873 -0.009463
v 0.112918 -0.060734 -0.006583
v 0.112918 -0.060734 -0.006583
v 0.112918 -0.060734 -0.006583
v 0.112918 -0.060734 -0.006583
v 0.112918 -0.060734 -0.006583
v 0.112918 -0.060734 -0.006583
v 0.112918 -0.060734 -0.006583
v 0.112918 -0.060734 -0.006583
v 0.112918 -0.060734 -0.006583
v 0.112918 -0.060734 -0.006583
v 0.107218 -0.052309 0.029405
v 0.107218 -0.052309 0.029405
v 0.107218 -0.052309 0.029405
v 0.107218 -0.052309 0.029405
v 0.107218 -0.052309 0.029405
v 0.107218 -0.052309 0.029405
v 0.107218 -0.052309 0.029405
v 0.107189 -0.052293 0.037139
v 0.107189 -0.052293 0.037139
v 0.107189 -0.052293 0.037139
v 0.107189 -0.052293 0.037139
v 0.107189 -0.052293 0.037139
v 0.109704 -0.054889 0.037774
v 0.109704 -0.054889 0.037774
v 0.109704 -0.054889 0.037774
v 0.109704 -0.054889 0.037774
v 0.109704 -0.054889 0.037774
v 0.109704 -0.054889 0.037774
v 0.110179 -0.055344 0.025535
v 0.110179 -0.055344 0.025535
v 0.110179 -0.055344 0.025535
v 0.110179 -0.055344 0.025535
v 0.110179 -0.055344 0.025535
v 0.110179 -0.055344 0.025535
v 0.110179 -0.055344 0.025535
v 0.110179 -0.055344 0.025535
v 0.110179 -0.055344 0.025535
v 0.110179 -0.055344 0.025535
v 0.107352 -0.052412 0.024896
v 0.107352 -0.052412 0.024896
v 0.107352 -0.052412 0.024896
v 0.107352 -0.052412 0.024896
v 0.107961 -0.052995 0.012004
v 0.107961 -0.052995 0.012004
v 0.107961 -0.052995 0.012004
v 0.107961 -0.052995 0.012004
v 0.107932 -0.052964 0.012437
v 0.107932 -0.052964 0.012437
v 0.107932 -0.052964 0.012437
v 0.107932 -0.052964 0.012437
v 0.110760 -0.055930 0.013713
v 0.110760 -0.055930 0.013713
v 0.110760 -0.055930 0.013713
v 0.110760 -0.055930 0.013713
v 0.110760 -0.055930 0.013713
v 0.110760 -0.055930 0.013713
v 0.110760 -0.055930 0.013713
v 0.110760 -0.055930 0.013713
v 0.110760 -0.055930 0.013713
v 0.110760 -0.055930 0.013713
v 0.110760 -0.055930 0.013713
v 0.107560 -0.052571 0.017883
v 0.107560 -0.052571 0.017883
v 0.107560 -0.052571 0.017883
v 0.107560 -0.052571 0.017883
v 0.107560 -0.052571 0.017883
v 0.107560 -0.052571 0.017883
v 0.107367 -0.052424 0.024364
v 0.107367 -0.052424 0.024364
v 0.107367 -0.052424 0.024364
v 0.107367 -0.052424 0.024364
v 0.109053 -0.054651 0.000565
v 0.109053 -0.054651 0.000565
v 0.109053 -0.054651 0.000565
v 0.109053 -0.054651 0.000565
v 0.109015 -0.054577 0.000889
v 0.109015 -0.054577 0.000889
v 0.109015 -0.054577 0.000889
v 0.109015 -0.054577 0.000889
v 0.111796 -0.057563 0.002874
v 0.111796 -0.057563 0.002874
v 0.111796 -0.057563 0.002874
v 0.111796 -0.057563 0.002874
v 0.111796 -0.057563 0.002874
v 0.111796 -0.057563 0.002874
v 0.111796 -0.057563 0.002874
v 0.111796 -0.057563 0.002874
v 0.111796 -0.057563 0.002874
v 0.108782 -0.054116 0.002905
v 0.108782 -0.054116 0.002905
v 0.108782 -0.054116 0.002905
v 0.108782 -0.054116 0.002905
v 0.108782 -0.054116 0.002905
v 0.108113 -0.053155 0.009782
v 0.108113 -0.053155 0.009782
v 0.108113 -0.053155 0.009782
v 0.108113 -0.053155 0.009782
v 0.108113 -0.053155 0.009782
v 0.109463 -0.055463 -0.002983
v 0.109463 -0.055463 -0.002983
v 0.109463 -0.055463 -0.002983
v 0.109463 -0.055463 -0.002983
v 0.109463 -0.055463 -0.002983
v 0.109463 -0.055463 -0.002983
v 0.112378 -0.058931 -0.002047
v 0.112378 -0.058931 -0.002047
v 0.112378 -0.058931 -0.002047
v 0.112378 -0.058931 -0.002047
v 0.112378 -0.058931 -0.002047
v 0.112378 -0.058931 -0.002047
v 0.112378 -0.058931 -0.002047
v 0.112378 -0.058931 -0.002047
v 0.109632 -0.055941 -0.004384
v 0.109632 -0.055941 -0.004384
v 0.109632 -0.055941 -0.004384
v 0.109632 -0.055941 -0.004384
v 0.110208 -0.057768 -0.009245
v 0.110208 -0.057768 -0.009245
v 0.110208 -0.057768 -0.009245
v 0.110208 -0.057768 -0.009245
v 0.110073 -0.057184 -0.008031
v 0.110073 -0.057184 -0.008031
v 0.110073 -0.057184 -0.008031
v 0.110073 -0.057184 -0.008031
v 0.110073 -0.057184 -0.008031
v 0.110073 -0.057184 -0.008031
v 0.109665 -0.056033 -0.004655
v 0.109665 -0.056033 -0.004655
v 0.109665 -0.056033 -0.004655
v 0.109665 -0.056033 -0.004655
v 0.110923 -0.062961 -0.017545
v 0.110923 -0.062961 -0.017545
v 0.110923 -0.062961 -0.017545
v 0.110923 -0.062961 -0.017545
v 0.110880 -0.061801 -0.016232
v 0.110880 -0.061801 -0.016232
v 0.110880 -0.061801 -0.016232
v 0.110880 -0.061801 -0.016232
v 0.110880 -0.061801 -0.016232
v 0.110880 -0.061801 -0.016232
v 0.113345 -0.063012 -0.010704
v 0.113345 -0.063012 -0.010704
v 0.113345 -0.063012 -0.010704
v 0.113345 -0.063012 -0.010704
v 0.113345 -0.063012 -0.010704
v 0.113345 -0.063012 -0.010704
v 0.113345 -0.063012 -0.010704
v 0.113345 -0.063012 -0.010704
v 0.110677 -0.060213 -0.013814
v 0.110677 -0.060213 -0.013814
v 0.110677 -0.060213 -0.013814
v 0.110677 -0.060213 -0.013814
v 0.110663 -0.060100 -0.013643
v 0.110663 -0.060100 -0.013643
v 0.110663 -0.060100 -0.013643
v 0.110663 -0.060100 -0.013643
v 0.113599 -0.069064 -0.017645
v 0.113599 -0.069064 -0.017645
v 0.113599 -0.069064 -0.017645
v 0.113599 -0.069064 -0.017645
v 0.113599 -0.069064 -0.017645
v 0.113599 -0.069064 -0.017645
v 0.113599 -0.069064 -0.017645
v 0.113599 -0.069064 -0.017645
v 0.113599 -0.069064 -0.017645
v 0.110924 -0.066354 -0.020938
v 0.110924 -0.066354 -0.020938
v 0.110924 -0.066354 -0.020938
v 0.110924 -0.066354 -0.020938
v 0.110617 -0.070356 -0.023905
v 0.110617 -0.070356 -0.023905
v 0.110617 -0.070356 -0.023905
v 0.110617 -0.070356 -0.023905
v 0.110628 -0.070256 -0.023842
v 0.110628 -0.070256 -0.023842
v 0.110628 -0.070256 -0.023842
v 0.110628 -0.070256 -0.023842
v 0.113321 -0.072824 -0.020473
v 0.113321 -0.072824 -0.020473
v 0.113321 -0.072824 -0.020473
v 0.113321 -0.072824 -0.020473
v 0.113321 -0.072824 -0.020473
v 0.113321 -0.072824 -0.020473
v 0.113321 -0.072824 -0.020473
v 0.113321 -0.072824 -0.020473
v 0.110838 -0.068365 -0.022637
v 0.110838 -0.068365 -0.022637
v 0.110838 -0.068365 -0.022637
v 0.110838 -0.068365 -0.022637
v 0.110838 -0.068365 -0.022637
v 0.110838 -0.068365 -0.022637
v 0.110920 -0.066464 -0.021031
v 0.110920 -0.066464 -0.021031
v 0.110920 -0.066464 -0.021031
v 0.110920 -0.066464 -0.021031
v 0.110415 -0.072178 -0.025065
v 0.110415 -0.072178 -0.025065
v 0.110415 -0.072178 -0.025065
v 0.110415 -0.072178 -0.025065
v 0.110415 -0.072178 -0.025065
v 0.110415 -0.072178 -0.025065
v 0.109997 -0.074646 -0.026257
v 0.109997 -0.074646 -0.026257
v 0.109997 -0.074646 -0.026257
v 0.109997 -0.074646 -0.026257
v 0.109041 -0.079446 -0.028250
v 0.109041 -0.079446 -0.028250
v 0.109041 -0.079446 -0.028250
v 0.109041 -0.079446 -0.028250
v 0.109657 -0.076652 -0.027227
v 0.109657 -0.076652 -0.027227
v 0.109657 -0.076652 -0.027227
v 0.109657 -0.076652 -0.027227
v 0.109657 -0.076652 -0.027227
v 0.109657 -0.076652 -0.027227
v 0.109983 -0.074729 -0.026297
v 0.109983 -0.074729 -0.026297
v 0.109983 -0.074729 -0.026297
v 0.109983 -0.074729 -0.026297
v 0.106405 -0.089828 -0.031382
v 0.106405 -0.089828 -0.031382
v 0.106405 -0.089828 -0.031382
v 0.106405 -0.089828 -0.031382
v 0.108533 -0.090990 -0.029297
v 0.108533 -0.090990 -0.029297
v 0.108533 -0.090990 -0.029297
v 0.108533 -0.090990 -0.029297
v 0.108533 -0.090990 -0.029297
v 0.109289 -0.091492 -0.028395
v 0.109289 -0.091492 -0.028395
v 0.109289 -0.091492 -0.028395
v 0.109289 -0.091492 -0.028395
v 0.109289 -0.091492 -0.028395
v 0.110067 -0.055264 0.037865
v 0.110067 -0.055264 0.037865
v 0.110067 -0.055264 0.037865
v 0.110067 -0.055264 0.037865
v 0.110067 -0.055264 0.037865
v 0.112163 -0.057932 0.038518
v 0.112163 -0.057932 0.038518
v 0.112163 -0.057932 0.038518
v 0.112163 -0.057932 0.038518
v 0.112163 -0.057932 0.038518
v 0.097766 -0.045739 0.035536
v 0.097766 -0.045739 0.035536
v 0.097766 -0.045739 0.035536
v 0.097766 -0.045739 0.035536
v 0.098698 -0.046343 0.035684
v 0.098698 -0.046343 0.035684
v 0.098698 -0.046343 0.035684
v 0.098698 -0.046343 0.035684
v 0.098857 -0.046312 0.022515
v 0.098857 -0.046312 0.022515
v 0.098857 -0.046312 0.022515
v 0.098857 -0.046312 0.022515
v 0.098857 -0.046312 0.022515
v 0.098857 -0.046312 0.022515
v 0.098857 -0.046312 0.022515
v 0.098857 -0.046312 0.022515
v 0.101339 -0.048058 0.036103
v 0.101339 -0.048058 0.036103
v 0.101339 -0.048058 0.036103
v 0.101339 -0.048058 0.036103
v 0.101339 -0.048058 0.036103
v 0.101339 -0.048058 0.036103
v 0.103061 -0.049175 0.036376
v 0.103061 -0.049175 0.036376
v 0.103061 -0.049175 0.036376
v 0.103061 -0.049175 0.036376
v 0.103061 -0.049175 0.036376
v 0.103282 -0.049074 0.023607
v 0.103282 -0.049074 0.023607
v 0.103282 -0.049074 0.023607
v 0.103282 -0.049074 0.023607
v 0.103282 -0.049074 0.023607
v 0.103282 -0.049074 0.023607
v 0.103282 -0.049074 0.023607
v 0.103282 -0.049074 0.023607
v 0.103282 -0.049074 0.023607
v 0.102240 -0.088015 -0.034638
v 0.102240 -0.088015 -0.034638
v 0.102240 -0.088015 -0.034638
v 0.102240 -0.088015 -0.034638
v 0.102240 -0.088015 -0.034638
v 0.102240 -0.088015 -0.034638
v 0.099739 -0.087051 -0.036369
v 0.099739 -0.087051 -0.036369
v 0.099739 -0.087051 -0.036369
v 0.099739 -0.087051 -0.036369
v 0.099739 -0.087051 -0.036369
v 0.100227 -0.074950 -0.035601
v 0.100227 -0.074950 -0.035601
v 0.100227 -0.074950 -0.035601
v 0.100227 -0.074950 -0.035601
v 0.100227 -0.074950 -0.035601
v 0.100227 -0.074950 -0.035601
v 0.100227 -0.074950 -0.035601
v 0.100227 -0.074950 -0.035601
v 0.100227 -0.074950 -0.035601
v 0.100227 -0.074950 -0.035601
v 0.104986 -0.077027 -0.032183
v 0.104986 -0.077027 -0.032183
v 0.104986 -0.077027 -0.032183
v 0.104986 -0.077027 -0.032183
v 0.104986 -0.077027 -0.032183
v 0.104986 -0.077027 -0.032183
v 0.104986 -0.077027 -0.032183
v 0.104986 -0.077027 -0.032183
v 0.104986 -0.077027 -0.032183
v 0.103186 -0.088380 -0.033983
v 0.103186 -0.088380 -0.033983
v 0.103186 -0.088380 -0.033983
v 0.103186 -0.088380 -0.033983
v 0.104016 -0.088699 -0.033409
v 0.104016 -0.088699 -0.033409
v 0.104016 -0.088699 -0.033409
v 0.104016 -0.088699 -0.033409
v 0.104016 -0.088699 -0.033409
v 0.104016 -0.088699 -0.033409
v 0.105213 -0.050571 0.036718
v 0.105213 -0.050571 0.036718
v 0.105213 -0.050571 0.036718
v 0.105213 -0.050571 0.036718
v 0.094963 -0.044687 0.035279
v 0.094963 -0.044687 0.035279
v 0.094963 -0.044687 0.035279
v 0.094963 -0.044687 0.035279
v 0.094963 -0.044687 0.035279
v 0.094098 -0.044115 0.021641
v 0.094098 -0.044115 0.021641
v 0.094098 -0.044115 0.021641
v 0.094098 -0.044115 0.021641
v 0.094098 -0.044115 0.021641
v 0.094098 -0.044115 0.021641
v 0.094098 -0.044115 0.021641
v 0.089094 -0.042521 0.021002
v 0.089094 -0.042521 0.021002
v 0.089094 -0.042521 0.021002
v 0.089094 -0.042521 0.021002
v 0.089094 -0.042521 0.021002
v 0.093927 -0.044298 0.035184
v 0.093927 -0.044298 0.035184
v 0.093927 -0.044298 0.035184
v 0.093927 -0.044298 0.035184
v 0.093927 -0.044298 0.035184
v 0.089039 -0.042463 0.034735
v 0.089039 -0.042463 0.034735
v 0.089039 -0.042463 0.034735
v 0.089039 -0.042463 0.034735
v 0.089039 -0.042463 0.034735
v 0.094132 -0.085510 -0.039137
v 0.094132 -0.085510 -0.039137
v 0.094132 -0.085510 -0.039137
v 0.094132 -0.085510 -0.039137
v 0.094132 -0.085510 -0.039137
v 0.094132 -0.085510 -0.039137
v 0.092741 -0.085171 -0.039745
v 0.092741 -0.085171 -0.039745
v 0.092741 -0.085171 -0.039745
v 0.092741 -0.085171 -0.039745
v 0.092741 -0.085171 -0.039745
v 0.094846 -0.073268 -0.038420
v 0.094846 -0.073268 -0.038420
v 0.094846 -0.073268 -0.038420
v 0.094846 -0.073268 -0.038420
v 0.094846 -0.073268 -0.038420
v 0.094846 -0.073268 -0.038420
v 0.094846 -0.073268 -0.038420
v 0.094846 -0.073268 -0.038420
v 0.094846 -0.073268 -0.038420
v 0.094846 -0.073268 -0.038420
v 0.094846 -0.073268 -0.038420
v 0.092357 -0.085077 -0.039913
v 0.092357 -0.085077 -0.039913
v 0.092357 -0.085077 -0.039913
v 0.092357 -0.085077 -0.039913
v 0.087469 -0.084261 -0.041377
v 0.087469 -0.084261 -0.041377
v 0.087469 -0.084261 -0.041377
v 0.087469 -0.084261 -0.041377
v 0.087469 -0.084261 -0.041377
v 0.087469 -0.084261 -0.041377
v 0.088379 -0.076884 -0.041039
v 0.088379 -0.076884 -0.041039
v 0.088379 -0.076884 -0.041039
v 0.088379 -0.076884 -0.041039
v 0.088908 -0.072138 -0.040338
v 0.088908 -0.072138 -0.040338
v 0.088908 -0.072138 -0.040338
v 0.088908 -0.072138 -0.040338
v 0.097710 -0.086420 -0.037500
v 0.097710 -0.086420 -0.037500
v 0.097710 -0.086420 -0.037500
v 0.097710 -0.086420 -0.037500
v 0.097710 -0.086420 -0.037500
v 0.097330 -0.086303 -0.037712
v 0.097330 -0.086303 -0.037712
v 0.097330 -0.086303 -0.037712
v 0.097330 -0.086303 -0.037712
v 0.097112 -0.086235 -0.037834
v 0.097112 -0.086235 -0.037834
v 0.097112 -0.086235 -0.037834
v 0.097112 -0.086235 -0.037834
v 0.097112 -0.086235 -0.037834
v 0.106683 -0.056799 -0.017405
v 0.106683 -0.056799 -0.017405
v 0.106683 -0.056799 -0.017405
v 0.106683 -0.056799 -0.017405
v 0.106683 -0.056799 -0.017405
v 0.106683 -0.056799 -0.017405
v 0.106683 -0.056799 -0.017405
v 0.106683 -0.056799 -0.017405
v 0.106224 -0.054415 -0.012693
v 0.106224 -0.054415 -0.012693
v 0.106224 -0.054415 -0.012693
v 0.106224 -0.054415 -0.012693
v 0.106224 -0.054415 -0.012693
v 0.106224 -0.054415 -0.012693
v 0.106224 -0.054415 -0.012693
v 0.106224 -0.054415 -0.012693
v 0.106937 -0.063274 -0.025096
v 0.106937 -0.063274 -0.025096
v 0.106937 -0.063274 -0.025096
v 0.106937 -0.063274 -0.025096
v 0.106937 -0.063274 -0.025096
v 0.106937 -0.063274 -0.025096
v 0.106937 -0.063274 -0.025096
v 0.106937 -0.063274 -0.025096
v 0.106943 -0.059748 -0.021552
v 0.106943 -0.059748 -0.021552
v 0.106943 -0.059748 -0.021552
v 0.106943 -0.059748 -0.021552
v 0.106943 -0.059748 -0.021552
v 0.106943 -0.059748 -0.021552
v 0.106943 -0.059748 -0.021552
v 0.106943 -0.059748 -0.021552
v 0.105965 -0.071973 -0.030370
v 0.105965 -0.071973 -0.030370
v 0.105965 -0.071973 -0.030370
v 0.105965 -0.071973 -0.030370
v 0.105965 -0.071973 -0.030370
v 0.105965 -0.071973 -0.030370
v 0.105965 -0.071973 -0.030370
v 0.105965 -0.071973 -0.030370
v 0.106619 -0.067364 -0.028028
v 0.106619 -0.067364 -0.028028
v 0.106619 -0.067364 -0.028028
v 0.106619 -0.067364 -0.028028
v 0.106619 -0.067364 -0.028028
v 0.106619 -0.067364 -0.028028
v 0.106619 -0.067364 -0.028028
v 0.106619 -0.067364 -0.028028
v 0.090283 -0.050251 -0.025676
v 0.090283 -0.050251 -0.025676
v 0.090283 -0.050251 -0.025676
v 0.090283 -0.050251 -0.025676
v 0.090283 -0.050251 -0.025676
v 0.090189 -0.047726 -0.020602
v 0.090189 -0.047726 -0.020602
v 0.090189 -0.047726 -0.020602
v 0.090189 -0.047726 -0.020602
v 0.090189 -0.047726 -0.020602
v 0.096425 -0.051740 -0.023622
v 0.096425 -0.051740 -0.023622
v 0.096425 -0.051740 -0.023622
v 0.096425 -0.051740 -0.023622
v 0.096425 -0.051740 -0.023622
v 0.096425 -0.051740 -0.023622
v 0.096425 -0.051740 -0.023622
v 0.096425 -0.051740 -0.023622
v 0.096135 -0.049300 -0.018376
v 0.096135 -0.049300 -0.018376
v 0.096135 -0.049300 -0.018376
v 0.096135 -0.049300 -0.018376
v 0.096135 -0.049300 -0.018376
v 0.096135 -0.049300 -0.018376
v 0.096135 -0.049300 -0.018376
v 0.090290 -0.053473 -0.030443
v 0.090290 -0.053473 -0.030443
v 0.090290 -0.053473 -0.030443
v 0.090290 -0.053473 -0.030443
v 0.090290 -0.053473 -0.030443
v 0.096560 -0.054804 -0.028162
v 0.096560 -0.054804 -0.028162
v 0.096560 -0.054804 -0.028162
v 0.096560 -0.054804 -0.028162
v 0.096560 -0.054804 -0.028162
v 0.096560 -0.054804 -0.028162
v 0.096560 -0.054804 -0.028162
v 0.096560 -0.054804 -0.028162
v 0.090248 -0.055953 -0.033395
v 0.090248 -0.055953 -0.033395
v 0.090248 -0.055953 -0.033395
v 0.090248 -0.055953 -0.033395
v 0.090248 -0.055953 -0.033395
v 0.096492 -0.058516 -0.031920
v 0.096492 -0.058516 -0.031920
v 0.096492 -0.058516 -0.031920
v 0.096492 -0.058516 -0.031920
v 0.096492 -0.058516 -0.031920
v 0.096492 -0.058516 -0.031920
v 0.096492 -0.058516 -0.031920
v 0.090292 -0.053348 -0.030294
v 0.090292 -0.053348 -0.030294
v 0.090292 -0.053348 -0.030294
v 0.090292 -0.053348 -0.030294
v 0.090292 -0.053348 -0.030294
v 0.090326 -0.051387 -0.027959
v 0.090326 -0.051387 -0.027959
v 0.090326 -0.051387 -0.027959
v 0.090326 -0.051387 -0.027959
v 0.090326 -0.051387 -0.027959
v 0.090287 -0.050358 -0.025892
v 0.090287 -0.050358 -0.025892
v 0.090287 -0.050358 -0.025892
v 0.090287 -0.050358 -0.025892
v 0.096189 -0.062867 -0.034862
v 0.096189 -0.062867 -0.034862
v 0.096189 -0.062867 -0.034862
v 0.096189 -0.062867 -0.034862
v 0.096189 -0.062867 -0.034862
v 0.096189 -0.062867 -0.034862
v 0.096189 -0.062867 -0.034862
v 0.095636 -0.067813 -0.037002
v 0.095636 -0.067813 -0.037002
v 0.095636 -0.067813 -0.037002
v 0.095636 -0.067813 -0.037002
v 0.095636 -0.067813 -0.037002
v 0.095636 -0.067813 -0.037002
v 0.095636 -0.067813 -0.037002
v 0.089488 -0.066511 -0.039073
v 0.089488 -0.066511 -0.039073
v 0.089488 -0.066511 -0.039073
v 0.089488 -0.066511 -0.039073
v 0.089488 -0.066511 -0.039073
v 0.089488 -0.066511 -0.039073
v 0.088915 -0.072068 -0.040328
v 0.088915 -0.072068 -0.040328
v 0.088915 -0.072068 -0.040328
v 0.088915 -0.072068 -0.040328
v 0.088915 -0.072068 -0.040328
v 0.089311 -0.068517 -0.039803
v 0.089311 -0.068517 -0.039803
v 0.089311 -0.068517 -0.039803
v 0.089311 -0.068517 -0.039803
v 0.089311 -0.068517 -0.039803
v 0.089480 -0.066605 -0.039108
v 0.089480 -0.066605 -0.039108
v 0.089480 -0.066605 -0.039108
v 0.089480 -0.066605 -0.039108
v 0.089931 -0.061505 -0.037252
v 0.089931 -0.061505 -0.037252
v 0.089931 -0.061505 -0.037252
v 0.089931 -0.061505 -0.037252
v 0.090179 -0.057162 -0.034235
v 0.090179 -0.057162 -0.034235
v 0.090179 -0.057162 -0.034235
v 0.090179 -0.057162 -0.034235
v 0.090179 -0.057162 -0.034235
v 0.090179 -0.057162 -0.034235
v 0.090187 -0.057032 -0.034145
v 0.090187 -0.057032 -0.034145
v 0.090187 -0.057032 -0.034145
v 0.090187 -0.057032 -0.034145
v 0.095315 -0.046082 -0.006184
v 0.095315 -0.046082 -0.006184
v 0.095315 -0.046082 -0.006184
v 0.095315 -0.046082 -0.006184
v 0.095315 -0.046082 -0.006184
v 0.095315 -0.046082 -0.006184
v 0.095315 -0.046082 -0.006184
v 0.095747 -0.047437 -0.012524
v 0.095747 -0.047437 -0.012524
v 0.095747 -0.047437 -0.012524
v 0.095747 -0.047437 -0.012524
v 0.095747 -0.047437 -0.012524
v 0.095747 -0.047437 -0.012524
v 0.095747 -0.047437 -0.012524
v 0.089899 -0.045151 -0.011602
v 0.089899 -0.045151 -0.011602
v 0.089899 -0.045151 -0.011602
v 0.089899 -0.045151 -0.011602
v 0.089899 -0.045151 -0.011602
v 0.089899 -0.045151 -0.011602
v 0.089781 -0.044640 -0.008049
v 0.089781 -0.044640 -0.008049
v 0.089781 -0.044640 -0.008049
v 0.089781 -0.044640 -0.008049
v 0.089768 -0.044581 -0.007643
v 0.089768 -0.044581 -0.007643
v 0.089768 -0.044581 -0.007643
v 0.089768 -0.044581 -0.007643
v 0.089768 -0.044581 -0.007643
v 0.094534 -0.044580 0.007461
v 0.094534 -0.044580 0.007461
v 0.094534 -0.044580 0.007461
v 0.094534 -0.044580 0.007461
v 0.094534 -0.044580 0.007461
v 0.094534 -0.044580 0.007461
v 0.094534 -0.044580 0.007461
v 0.094534 -0.044580 0.007461
v 0.094534 -0.044580 0.007461
v 0.089486 -0.043357 0.000870
v 0.089486 -0.043357 0.000870
v 0.089486 -0.043357 0.000870
v 0.089486 -0.043357 0.000870
v 0.089486 -0.043357 0.000870
v 0.089380 -0.043129 0.005940
v 0.089380 -0.043129 0.005940
v 0.089380 -0.043129 0.005940
v 0.089380 -0.043129 0.005940
v 0.089380 -0.043129 0.005940
v 0.089369 -0.043106 0.006458
v 0.089369 -0.043106 0.006458
v 0.089369 -0.043106 0.006458
v 0.089369 -0.043106 0.006458
v 0.089101 -0.042528 0.019332
v 0.089101 -0.042528 0.019332
v 0.089101 -0.042528 0.019332
v 0.089101 -0.042528 0.019332
v 0.089101 -0.042528 0.019332
v 0.089101 -0.042528 0.019332
v 0.089097 -0.042523 0.020396
v 0.089097 -0.042523 0.020396
v 0.089097 -0.042523 0.020396
v 0.089097 -0.042523 0.020396
v 0.089097 -0.042523 0.020396
v 0.089097 -0.042523 0.020396
v 0.101153 -0.069678 -0.033987
v 0.101153 -0.069678 -0.033987
v 0.101153 -0.069678 -0.033987
v 0.101153 -0.069678 -0.033987
v 0.101153 -0.069678 -0.033987
v 0.101153 -0.069678 -0.033987
v 0.101783 -0.064885 -0.031743
v 0.101783 -0.064885 -0.031743
v 0.101783 -0.064885 -0.031743
v 0.101783 -0.064885 -0.031743
v 0.101783 -0.064885 -0.031743
v 0.101783 -0.064885 -0.031743
v 0.102103 -0.060651 -0.028799
v 0.102103 -0.060651 -0.028799
v 0.102103 -0.060651 -0.028799
v 0.102103 -0.060651 -0.028799
v 0.102103 -0.060651 -0.028799
v 0.102103 -0.060651 -0.028799
v 0.102134 -0.057020 -0.025135
v 0.102134 -0.057020 -0.025135
v 0.102134 -0.057020 -0.025135
v 0.102134 -0.057020 -0.025135
v 0.102134 -0.057020 -0.025135
v 0.102134 -0.057020 -0.025135
v 0.101918 -0.054005 -0.020776
v 0.101918 -0.054005 -0.020776
v 0.101918 -0.054005 -0.020776
v 0.101918 -0.054005 -0.020776
v 0.101918 -0.054005 -0.020776
v 0.101918 -0.054005 -0.020776
v 0.101515 -0.051587 -0.015778
v 0.101515 -0.051587 -0.015778
v 0.101515 -0.051587 -0.015778
v 0.101515 -0.051587 -0.015778
v 0.101515 -0.051587 -0.015778
v 0.101515 -0.051587 -0.015778
v 0.100995 -0.049724 -0.010220
v 0.100995 -0.049724 -0.010220
v 0.100995 -0.049724 -0.010220
v 0.100995 -0.049724 -0.010220
v 0.100995 -0.049724 -0.010220
v 0.100995 -0.049724 -0.010220
v 0.100428 -0.048355 -0.004198
v 0.100428 -0.048355 -0.004198
v 0.100428 -0.048355 -0.004198
v 0.100428 -0.048355 -0.004198
v 0.100428 -0.048355 -0.004198
v 0.100428 -0.048355 -0.004198
v 0.099417 -0.046809 0.008828
v 0.099417 -0.046809 0.008828
v 0.099417 -0.046809 0.008828
v 0.099417 -0.046809 0.008828
v 0.099417 -0.046809 0.008828
v 0.099417 -0.046809 0.008828
v 0.103896 -0.049602 0.010503
v 0.103896 -0.049602 0.010503
v 0.103896 -0.049602 0.010503
v 0.103896 -0.049602 0.010503
v 0.103896 -0.049602 0.010503
v 0.103896 -0.049602 0.010503
v 0.103896 -0.049602 0.010503
v 0.103896 -0.049602 0.010503
v 0.105641 -0.052562 -0.007471
v 0.105641 -0.052562 -0.007471
v 0.105641 -0.052562 -0.007471
v 0.105641 -0.052562 -0.007471
v 0.105641 -0.052562 -0.007471
v 0.105641 -0.052562 -0.007471
v 0.105641 -0.052562 -0.007471
v 0.105641 -0.052562 -0.007471
v 0.105012 -0.051186 -0.001812
v 0.105012 -0.051186 -0.001812
v 0.105012 -0.051186 -0.001812
v 0.105012 -0.051186 -0.001812
v 0.105012 -0.051186 -0.001812
v 0.105012 -0.051186 -0.001812
v 0.105012 -0.051186 -0.001812
v 0.105012 -0.051186 -0.001812
v 0.105012 -0.051186 -0.001812
v 0.090180 -0.047646 -0.020321
v 0.090180 -0.047646 -0.020321
v 0.090180 -0.047646 -0.020321
v 0.090180 -0.047646 -0.020321
v 0.090180 -0.047646 -0.020321
v 0.089994 -0.045994 -0.014549
v 0.089994 -0.045994 -0.014549
v 0.089994 -0.045994 -0.014549
v 0.089994 -0.045994 -0.014549
v 0.089994 -0.045994 -0.014549
v 0.089983 -0.045898 -0.014211
v 0.089983 -0.045898 -0.014211
v 0.089983 -0.045898 -0.014211
v 0.089983 -0.045898 -0.014211
v 0.080625 -0.041518 0.007920
v 0.080625 -0.041518 0.007920
v 0.080625 -0.041518 0.007920
v 0.080625 -0.041518 0.007920
v 0.080625 -0.041518 0.007920
v 0.080625 -0.041518 0.007920
v 0.080625 -0.041518 0.007920
v 0.080689 -0.041349 0.019887
v 0.080689 -0.041349 0.019887
v 0.080689 -0.041349 0.019887
v 0.080689 -0.041349 0.019887
v 0.080689 -0.041349 0.019887
v 0.080689 -0.041349 0.019887
v 0.080689 -0.041349 0.019887
v 0.080689 -0.041349 0.019887
v 0.080689 -0.041349 0.019887
v 0.080689 -0.041349 0.019887
v 0.084810 -0.056283 -0.035551
v 0.084810 -0.056283 -0.035551
v 0.084810 -0.056283 -0.035551
v 0.084810 -0.056283 -0.035551
v 0.084810 -0.056283 -0.035551
v 0.084810 -0.056283 -0.035551
v 0.084810 -0.056283 -0.035551
v 0.084810 -0.056283 -0.035551
v 0.084810 -0.056283 -0.035551
v 0.084969 -0.052474 -0.031748
v 0.084969 -0.052474 -0.031748
v 0.084969 -0.052474 -0.031748
v 0.084969 -0.052474 -0.031748
v 0.084969 -0.052474 -0.031748
v 0.084969 -0.052474 -0.031748
v 0.085066 -0.049343 -0.027068
v 0.085066 -0.049343 -0.027068
v 0.085066 -0.049343 -0.027068
v 0.085066 -0.049343 -0.027068
v 0.085066 -0.049343 -0.027068
v 0.085066 -0.049343 -0.027068
v 0.085066 -0.049343 -0.027068
v 0.085066 -0.049343 -0.027068
v 0.085066 -0.049343 -0.027068
v 0.079663 -0.048848 -0.027376
v 0.079663 -0.048848 -0.027376
v 0.079663 -0.048848 -0.027376
v 0.079663 -0.048848 -0.027376
v 0.079663 -0.048848 -0.027376
v 0.079663 -0.048848 -0.027376
v 0.085111 -0.046862 -0.021605
v 0.085111 -0.046862 -0.021605
v 0.085111 -0.046862 -0.021605
v 0.085111 -0.046862 -0.021605
v 0.085111 -0.046862 -0.021605
v 0.085111 -0.046862 -0.021605
v 0.085111 -0.046862 -0.021605
v 0.085111 -0.046862 -0.021605
v 0.079377 -0.053192 -0.033510
v 0.079377 -0.053192 -0.033510
v 0.079377 -0.053192 -0.033510
v 0.079377 -0.053192 -0.033510
v 0.079377 -0.053192 -0.033510
v 0.079377 -0.053192 -0.033510
v 0.079440 -0.052228 -0.032150
v 0.079440 -0.052228 -0.032150
v 0.079440 -0.052228 -0.032150
v 0.079440 -0.052228 -0.032150
v 0.079440 -0.052228 -0.032150
v 0.079440 -0.052228 -0.032150
v 0.079656 -0.048958 -0.027531
v 0.079656 -0.048958 -0.027531
v 0.079656 -0.048958 -0.027531
v 0.079656 -0.048958 -0.027531
v 0.079656 -0.048958 -0.027531
v 0.084583 -0.060763 -0.038429
v 0.084583 -0.060763 -0.038429
v 0.084583 -0.060763 -0.038429
v 0.084583 -0.060763 -0.038429
v 0.084583 -0.060763 -0.038429
v 0.084583 -0.060763 -0.038429
v 0.084583 -0.060763 -0.038429
v 0.084583 -0.060763 -0.038429
v 0.084287 -0.065867 -0.040397
v 0.084287 -0.065867 -0.040397
v 0.084287 -0.065867 -0.040397
v 0.084287 -0.065867 -0.040397
v 0.084287 -0.065867 -0.040397
v 0.084287 -0.065867 -0.040397
v 0.084287 -0.065867 -0.040397
v 0.084287 -0.065867 -0.040397
v 0.083928 -0.071507 -0.041542
v 0.083928 -0.071507 -0.041542
v 0.083928 -0.071507 -0.041542
v 0.083928 -0.071507 -0.041542
v 0.083928 -0.071507 -0.041542
v 0.083928 -0.071507 -0.041542
v 0.083928 -0.071507 -0.041542
v 0.083928 -0.071507 -0.041542
v 0.083928 -0.071507 -0.041542
v 0.083928 -0.071507 -0.041542
v 0.083928 -0.071507 -0.041542
v 0.078742 -0.074203 -0.042264
v 0.078742 -0.074203 -0.042264
v 0.078742 -0.074203 -0.042264
v 0.078742 -0.074203 -0.042264
v 0.078742 -0.074203 -0.042264
v 0.078742 -0.074203 -0.042264
v 0.078798 -0.071274 -0.041809
v 0.078798 -0.071274 -0.041809
v 0.078798 -0.071274 -0.041809
v 0.078798 -0.071274 -0.041809
v 0.078798 -0.071274 -0.041809
v 0.078900 -0.066024 -0.040992
v 0.078900 -0.066024 -0.040992
v 0.078900 -0.066024 -0.040992
v 0.078900 -0.066024 -0.040992
v 0.078900 -0.066024 -0.040992
v 0.078900 -0.066024 -0.040992
v 0.078913 -0.065593 -0.040818
v 0.078913 -0.065593 -0.040818
v 0.078913 -0.065593 -0.040818
v 0.078913 -0.065593 -0.040818
v 0.078913 -0.065593 -0.040818
v 0.078913 -0.065593 -0.040818
v 0.085177 -0.084022 -0.041807
v 0.085177 -0.084022 -0.041807
v 0.085177 -0.084022 -0.041807
v 0.085177 -0.084022 -0.041807
v 0.085177 -0.084022 -0.041807
v 0.079067 -0.060504 -0.038758
v 0.079067 -0.060504 -0.038758
v 0.079067 -0.060504 -0.038758
v 0.079067 -0.060504 -0.038758
v 0.079114 -0.058949 -0.038129
v 0.079114 -0.058949 -0.038129
v 0.079114 -0.058949 -0.038129
v 0.079114 -0.058949 -0.038129
v 0.079114 -0.058949 -0.038129
v 0.079244 -0.056099 -0.035842
v 0.079244 -0.056099 -0.035842
v 0.079244 -0.056099 -0.035842
v 0.079244 -0.056099 -0.035842
v 0.079244 -0.056099 -0.035842
v 0.079244 -0.056099 -0.035842
v 0.088101 -0.042269 0.034688
v 0.088101 -0.042269 0.034688
v 0.088101 -0.042269 0.034688
v 0.088101 -0.042269 0.034688
v 0.088101 -0.042269 0.034688
v 0.088101 -0.042269 0.034688
v 0.084933 -0.041614 0.034528
v 0.084933 -0.041614 0.034528
v 0.084933 -0.041614 0.034528
v 0.084933 -0.041614 0.034528
v 0.084933 -0.041614 0.034528
v 0.084933 -0.041614 0.034528
v 0.085114 -0.044977 -0.015482
v 0.085114 -0.044977 -0.015482
v 0.085114 -0.044977 -0.015482
v 0.085114 -0.044977 -0.015482
v 0.085114 -0.044977 -0.015482
v 0.085114 -0.044977 -0.015482
v 0.085114 -0.044977 -0.015482
v 0.085114 -0.044977 -0.015482
v 0.085090 -0.043614 -0.008841
v 0.085090 -0.043614 -0.008841
v 0.085090 -0.043614 -0.008841
v 0.085090 -0.043614 -0.008841
v 0.085090 -0.043614 -0.008841
v 0.085090 -0.043614 -0.008841
v 0.085090 -0.043614 -0.008841
v 0.085090 -0.043614 -0.008841
v 0.085090 -0.043614 -0.008841
v 0.080763 -0.041153 0.034415
v 0.080763 -0.041153 0.034415
v 0.080763 -0.041153 0.034415
v 0.080763 -0.041153 0.034415
v 0.080882 -0.041166 0.034418
v 0.080882 -0.041166 0.034418
v 0.080882 -0.041166 0.034418
v 0.080882 -0.041166 0.034418
v 0.080763 -0.041153 0.033690
v 0.080763 -0.041153 0.033690
v 0.080763 -0.041153 0.033690
v 0.080763 -0.041153 0.033690
v 0.080763 -0.041153 0.033690
v 0.080304 -0.043046 -0.008417
v 0.080304 -0.043046 -0.008417
v 0.080304 -0.043046 -0.008417
v 0.080304 -0.043046 -0.008417
v 0.080304 -0.043046 -0.008417
v 0.085009 -0.042119 0.005403
v 0.085009 -0.042119 0.005403
v 0.085009 -0.042119 0.005403
v 0.085009 -0.042119 0.005403
v 0.085009 -0.042119 0.005403
v 0.085009 -0.042119 0.005403
v 0.080571 -0.041776 0.005161
v 0.080571 -0.041776 0.005161
v 0.080571 -0.041776 0.005161
v 0.080571 -0.041776 0.005161
v 0.080571 -0.041776 0.005161
v 0.080571 -0.041776 0.005161
v 0.078619 -0.083637 -0.042496
v 0.078619 -0.083637 -0.042496
v 0.078619 -0.083637 -0.042496
v 0.078619 -0.083637 -0.042496
v 0.078619 -0.083637 -0.042496
v 0.083079 -0.083838 -0.042137
v 0.083079 -0.083838 -0.042137
v 0.083079 -0.083838 -0.042137
v 0.083079 -0.083838 -0.042137
v 0.083079 -0.083838 -0.042137
v 0.083675 -0.083865 -0.042089
v 0.083675 -0.083865 -0.042089
v 0.083675 -0.083865 -0.042089
v 0.083675 -0.083865 -0.042089
v 0.079870 -0.046647 -0.021963
v 0.079870 -0.046647 -0.021963
v 0.079870 -0.046647 -0.021963
v 0.079870 -0.046647 -0.021963
v 0.079996 -0.045315 -0.018688
v 0.079996 -0.045315 -0.018688
v 0.079996 -0.045315 -0.018688
v 0.079996 -0.045315 -0.018688
v 0.079996 -0.045315 -0.018688
v 0.079996 -0.045315 -0.018688
v 0.080081 -0.044688 -0.015848
v 0.080081 -0.044688 -0.015848
v 0.080081 -0.044688 -0.015848
v 0.080081 -0.044688 -0.015848
v 0.080081 -0.044688 -0.015848
v 0.080281 -0.043215 -0.009181
v 0.080281 -0.043215 -0.009181
v 0.080281 -0.043215 -0.009181
v 0.080281 -0.043215 -0.009181
v 0.080281 -0.043215 -0.009181
v 0.080281 -0.043215 -0.009181
v 0.075848 -0.083656 -0.042464
v 0.075848 -0.083656 -0.042464
v 0.075848 -0.083656 -0.042464
v 0.075848 -0.083656 -0.042464
v 0.075848 -0.083656 -0.042464
v 0.074995 -0.083682 -0.042417
v 0.074995 -0.083682 -0.042417
v 0.074995 -0.083682 -0.042417
v 0.074995 -0.083682 -0.042417
v 0.074995 -0.083682 -0.042417
v 0.074995 -0.083682 -0.042417
v 0.074181 -0.083716 -0.042356
v 0.074181 -0.083716 -0.042356
v 0.074181 -0.083716 -0.042356
v 0.074181 -0.083716 -0.042356
v 0.078665 -0.041069 0.034394
v 0.078665 -0.041069 0.034394
v 0.078665 -0.041069 0.034394
v 0.078665 -0.041069 0.034394
v 0.078665 -0.041069 0.034394
v 0.078665 -0.041069 0.034394
v 0.119754 -0.077630 0.048692
v 0.119754 -0.077630 0.048692
v 0.119754 -0.077630 0.048692
v 0.119754 -0.077630 0.048692
v 0.119754 -0.077630 0.048692
v 0.119806 -0.078839 0.048691
v 0.119806 -0.078839 0.048691
v 0.119806 -0.078839 0.048691
v 0.119806 -0.078839 0.048691
v 0.119806 -0.078839 0.048691
v 0.119806 -0.078839 0.048691
v 0.118961 -0.072853 0.047229
v 0.118961 -0.072853 0.047229
v 0.118961 -0.072853 0.047229
v 0.118961 -0.072853 0.047229
v 0.118961 -0.072853 0.047229
v 0.118961 -0.072853 0.047229
v 0.118961 -0.072853 0.047229
v 0.118961 -0.072853 0.047229
v 0.118961 -0.072853 0.047229
v 0.118961 -0.072853 0.047229
v 0.118961 -0.072853 0.047229
v 0.112714 -0.058662 0.043760
v 0.112714 -0.058662 0.043760
v 0.112714 -0.058662 0.043760
v 0.112714 -0.058662 0.043760
v 0.112714 -0.058662 0.043760
v 0.112714 -0.058662 0.043760
v 0.112714 -0.058662 0.043760
v 0.112714 -0.058662 0.043760
v 0.112714 -0.058662 0.043760
v 0.112714 -0.058662 0.043760
v 0.116524 -0.065450 0.045419
v 0.116524 -0.065450 0.045419
v 0.116524 -0.065450 0.045419
v 0.116524 -0.065450 0.045419
v 0.116524 -0.065450 0.045419
v 0.116524 -0.065450 0.045419
v 0.116524 -0.065450 0.045419
v 0.116524 -0.065450 0.045419
v 0.116524 -0.065450 0.045419
v 0.116692 -0.066029 0.048691
v 0.116692 -0.066029 0.048691
v 0.116692 -0.066029 0.048691
v 0.116692 -0.066029 0.048691
v 0.116692 -0.066029 0.048691
v 0.110320 -0.055568 0.043004
v 0.110320 -0.055568 0.043004
v 0.110320 -0.055568 0.043004
v 0.110320 -0.055568 0.043004
v 0.110320 -0.055568 0.043004
v 0.110320 -0.055568 0.043004
v 0.110320 -0.055568 0.043004
v 0.110320 -0.055568 0.043004
v 0.110320 -0.055568 0.043004
v 0.110320 -0.055568 0.043004
v 0.110320 -0.055568 0.043004
v 0.108188 -0.053260 0.044621
v 0.108188 -0.053260 0.044621
v 0.108188 -0.053260 0.044621
v 0.108188 -0.053260 0.044621
v 0.107482 -0.052577 0.040134
v 0.107482 -0.052577 0.040134
v 0.107482 -0.052577 0.040134
v 0.107482 -0.052577 0.040134
v 0.107482 -0.052577 0.040134
v 0.107736 -0.052822 0.041745
v 0.107736 -0.052822 0.041745
v 0.107736 -0.052822 0.041745
v 0.107736 -0.052822 0.041745
v 0.107736 -0.052822 0.041745
v 0.107736 -0.052822 0.041745
v 0.107833 -0.052917 0.042365
v 0.107833 -0.052917 0.042365
v 0.107833 -0.052917 0.042365
v 0.107833 -0.052917 0.042365
v 0.119011 -0.073466 0.042316
v 0.119011 -0.073466 0.042316
v 0.119011 -0.073466 0.042316
v 0.119011 -0.073466 0.042316
v 0.119011 -0.073466 0.042316
v 0.118692 -0.071982 0.041953
v 0.118692 -0.071982 0.041953
v 0.118692 -0.071982 0.041953
v 0.118692 -0.071982 0.041953
v 0.119548 -0.075960 0.042926
v 0.119548 -0.075960 0.042926
v 0.119548 -0.075960 0.042926
v 0.119548 -0.075960 0.042926
v 0.119548 -0.075960 0.042926
v 0.119871 -0.079905 0.043891
v 0.119871 -0.079905 0.043891
v 0.119871 -0.079905 0.043891
v 0.119871 -0.079905 0.043891
v 0.119871 -0.079905 0.043891
v 0.119871 -0.079905 0.043891
v 0.119871 -0.080332 0.048691
v 0.119871 -0.080332 0.048691
v 0.119871 -0.080332 0.048691
v 0.119871 -0.080332 0.048691
v 0.119887 -0.080699 0.048691
v 0.119887 -0.080699 0.048691
v 0.119887 -0.080699 0.048691
v 0.119887 -0.080699 0.048691
v 0.119887 -0.080699 0.048691
v 0.119887 -0.080699 0.048691
v 0.119994 -0.081396 0.044256
v 0.119994 -0.081396 0.044256
v 0.119994 -0.081396 0.044256
v 0.119994 -0.081396 0.044256
v 0.119994 -0.081396 0.044256
v 0.119986 -0.082989 0.048691
v 0.119986 -0.082989 0.048691
v 0.119986 -0.082989 0.048691
v 0.119986 -0.082989 0.048691
v 0.119986 -0.082989 0.048691
v 0.119741 -0.086873 0.045595
v 0.119741 -0.086873 0.045595
v 0.119741 -0.086873 0.045595
v 0.119741 -0.086873 0.045595
v 0.119741 -0.086873 0.045595
v 0.119741 -0.086873 0.045595
v 0.119746 -0.086774 0.048691
v 0.119746 -0.086774 0.048691
v 0.119746 -0.086774 0.048691
v 0.119746 -0.086774 0.048691
v 0.119746 -0.086774 0.048691
v 0.119746 -0.086774 0.048691
v 0.119558 -0.087923 0.045852
v 0.119558 -0.087923 0.045852
v 0.119558 -0.087923 0.045852
v 0.119558 -0.087923 0.045852
v 0.119558 -0.087923 0.045852
v 0.119493 -0.088279 0.048691
v 0.119493 -0.088279 0.048691
v 0.119493 -0.088279 0.048691
v 0.119493 -0.088279 0.048691
v 0.119493 -0.088279 0.048691
v 0.119256 -0.089655 0.046276
v 0.119256 -0.089655 0.046276
v 0.119256 -0.089655 0.046276
v 0.119256 -0.089655 0.046276
v 0.119256 -0.089655 0.046276
v 0.119247 -0.089743 0.048691
v 0.119247 -0.089743 0.048691
v 0.119247 -0.089743 0.048691
v 0.119247 -0.089743 0.048691
v 0.119247 -0.089743 0.048691
v 0.118796 -0.092285 0.046919
v 0.118796 -0.092285 0.046919
v 0.118796 -0.092285 0.046919
v 0.118796 -0.092285 0.046919
v 0.118796 -0.092285 0.046919
v 0.118796 -0.092285 0.046919
v 0.118884 -0.091901 0.048692
v 0.118884 -0.091901 0.048692
v 0.118884 -0.091901 0.048692
v 0.118884 -0.091901 0.048692
v 0.118884 -0.091901 0.048692
v 0.118884 -0.091901 0.048692
v 0.117691 -0.095880 0.047799
v 0.117691 -0.095880 0.047799
v 0.117691 -0.095880 0.047799
v 0.117691 -0.095880 0.047799
v 0.117691 -0.095880 0.047799
v 0.117691 -0.095880 0.047799
v 0.117712 -0.095937 0.048691
v 0.117712 -0.095937 0.048691
v 0.117712 -0.095937 0.048691
v 0.117712 -0.095937 0.048691
v 0.117712 -0.095937 0.048691
v 0.117505 -0.096650 0.048691
v 0.117505 -0.096650 0.048691
v 0.117505 -0.096650 0.048691
v 0.117505 -0.096650 0.048691
v 0.117505 -0.096650 0.048691
v 0.117181 -0.097539 0.048205
v 0.117181 -0.097539 0.048205
v 0.117181 -0.097539 0.048205
v 0.117181 -0.097539 0.048205
v 0.117181 -0.097539 0.048205
v 0.117430 -0.096841 0.048691
v 0.117430 -0.096841 0.048691
v 0.117430 -0.096841 0.048691
v 0.117430 -0.096841 0.048691
v 0.117430 -0.096841 0.048691
v 0.116374 -0.099528 0.048691
v 0.116374 -0.099528 0.048691
v 0.116374 -0.099528 0.048691
v 0.116374 -0.099528 0.048691
v 0.116374 -0.099528 0.048691
v 0.116374 -0.099528 0.048691
v 0.116374 -0.099528 0.048691
v 0.117428 -0.067671 0.048691
v 0.117428 -0.067671 0.048691
v 0.117428 -0.067671 0.048691
v 0.117428 -0.067671 0.048691
v 0.117428 -0.067671 0.048691
v 0.117428 -0.067671 0.048691
v 0.118473 -0.071164 0.048691
v 0.118473 -0.071164 0.048691
v 0.118473 -0.071164 0.048691
v 0.118473 -0.071164 0.048691
v 0.118914 -0.072637 0.048691
v 0.118914 -0.072637 0.048691
v 0.118914 -0.072637 0.048691
v 0.118914 -0.072637 0.048691
v 0.118914 -0.072637 0.048691
v 0.119003 -0.073165 0.048691
v 0.119003 -0.073165 0.048691
v 0.119003 -0.073165 0.048691
v 0.119003 -0.073165 0.048691
v 0.118409 -0.070666 0.041631
v 0.118409 -0.070666 0.041631
v 0.118409 -0.070666 0.041631
v 0.118409 -0.070666 0.041631
v 0.118409 -0.070666 0.041631
v 0.118409 -0.070666 0.041631
v 0.037810 -0.070094 0.041493
v 0.037810 -0.070094 0.041493
v 0.037810 -0.070094 0.041493
v 0.037810 -0.070094 0.041493
v 0.037810 -0.070094 0.041493
v 0.037379 -0.071730 0.041893
v 0.037379 -0.071730 0.041893
v 0.037379 -0.071730 0.041893
v 0.037379 -0.071730 0.041893
v 0.037379 -0.071730 0.041893
v 0.037379 -0.071730 0.041893
v 0.037333 -0.070930 0.046168
v 0.037333 -0.070930 0.046168
v 0.037333 -0.070930 0.046168
v 0.037333 -0.070930 0.046168
v 0.037333 -0.070930 0.046168
v 0.037333 -0.070930 0.046168
v 0.037333 -0.070930 0.046168
v 0.037333 -0.070930 0.046168
v 0.037333 -0.070930 0.046168
v 0.037225 -0.071637 0.048693
v 0.037225 -0.071637 0.048693
v 0.037225 -0.071637 0.048693
v 0.037225 -0.071637 0.048693
v 0.037225 -0.071637 0.048693
v 0.037570 -0.070395 0.048693
v 0.037570 -0.070395 0.048693
v 0.037570 -0.070395 0.048693
v 0.037570 -0.070395 0.048693
v 0.037570 -0.070395 0.048693
v 0.037570 -0.070395 0.048693
v 0.043492 -0.058109 0.043033
v 0.043492 -0.058109 0.043033
v 0.043492 -0.058109 0.043033
v 0.043492 -0.058109 0.043033
v 0.043492 -0.058109 0.043033
v 0.043492 -0.058109 0.043033
v 0.043492 -0.058109 0.043033
v 0.043492 -0.058109 0.043033
v 0.043492 -0.058109 0.043033
v 0.043492 -0.058109 0.043033
v 0.043492 -0.058109 0.043033
v 0.043492 -0.058109 0.043033
v 0.043492 -0.058109 0.043033
v 0.102123 -0.048294 0.040632
v 0.102123 -0.048294 0.040632
v 0.102123 -0.048294 0.040632
v 0.102123 -0.048294 0.040632
v 0.102123 -0.048294 0.040632
v 0.102123 -0.048294 0.040632
v 0.102123 -0.048294 0.040632
v 0.102123 -0.048294 0.040632
v 0.102123 -0.048294 0.040632
v 0.102123 -0.048294 0.040632
v 0.102123 -0.048294 0.040632
v 0.102123 -0.048294 0.040632
v 0.102123 -0.048294 0.040632
v 0.095760 -0.044797 0.039777
v 0.095760 -0.044797 0.039777
v 0.095760 -0.044797 0.039777
v 0.095760 -0.044797 0.039777
v 0.095760 -0.044797 0.039777
v 0.095760 -0.044797 0.039777
v 0.095760 -0.044797 0.039777
v 0.095760 -0.044797 0.039777
v 0.095760 -0.044797 0.039777
v 0.095760 -0.044797 0.039777
v 0.095760 -0.044797 0.039777
v 0.095760 -0.044797 0.039777
v 0.081666 -0.041227 0.038904
v 0.081666 -0.041227 0.038904
v 0.081666 -0.041227 0.038904
v 0.081666 -0.041227 0.038904
v 0.081666 -0.041227 0.038904
v 0.081666 -0.041227 0.038904
v 0.081666 -0.041227 0.038904
v 0.081666 -0.041227 0.038904
v 0.081666 -0.041227 0.038904
v 0.081666 -0.041227 0.038904
v 0.081666 -0.041227 0.038904
v 0.074356 -0.041211 0.038900
v 0.074356 -0.041211 0.038900
v 0.074356 -0.041211 0.038900
v 0.074356 -0.041211 0.038900
v 0.074356 -0.041211 0.038900
v 0.074356 -0.041211 0.038900
v 0.074356 -0.041211 0.038900
v 0.074356 -0.041211 0.038900
v 0.074356 -0.041211 0.038900
v 0.074356 -0.041211 0.038900
v 0.074356 -0.041211 0.038900
v 0.074356 -0.041211 0.038900
v 0.088869 -0.042427 0.039197
v 0.088869 -0.042427 0.039197
v 0.088869 -0.042427 0.039197
v 0.088869 -0.042427 0.039197
v 0.088869 -0.042427 0.039197
v 0.088869 -0.042427 0.039197
v 0.088869 -0.042427 0.039197
v 0.088869 -0.042427 0.039197
v 0.067147 -0.042378 0.039185
v 0.067147 -0.042378 0.039185
v 0.067147 -0.042378 0.039185
v 0.067147 -0.042378 0.039185
v 0.067147 -0.042378 0.039185
v 0.067147 -0.042378 0.039185
v 0.067147 -0.042378 0.039185
v 0.067147 -0.042378 0.039185
v 0.067147 -0.042378 0.039185
v 0.060245 -0.044715 0.039757
v 0.060245 -0.044715 0.039757
v 0.060245 -0.044715 0.039757
v 0.060245 -0.044715 0.039757
v 0.060245 -0.044715 0.039757
v 0.060245 -0.044715 0.039757
v 0.060245 -0.044715 0.039757
v 0.060245 -0.044715 0.039757
v 0.060245 -0.044715 0.039757
v 0.060245 -0.044715 0.039757
v 0.060245 -0.044715 0.039757
v 0.053864 -0.048180 0.040605
v 0.053864 -0.048180 0.040605
v 0.053864 -0.048180 0.040605
v 0.053864 -0.048180 0.040605
v 0.053864 -0.048180 0.040605
v 0.053864 -0.048180 0.040605
v 0.053864 -0.048180 0.040605
v 0.053864 -0.048180 0.040605
v 0.053864 -0.048180 0.040605
v 0.053864 -0.048180 0.040605
v 0.053864 -0.048180 0.040605
v 0.053864 -0.048180 0.040605
v 0.048217 -0.052690 0.041707
v 0.048217 -0.052690 0.041707
v 0.048217 -0.052690 0.041707
v 0.048217 -0.052690 0.041707
v 0.048217 -0.052690 0.041707
v 0.048217 -0.052690 0.041707
v 0.048217 -0.052690 0.041707
v 0.048217 -0.052690 0.041707
v 0.040140 -0.063619 0.048693
v 0.040140 -0.063619 0.048693
v 0.040140 -0.063619 0.048693
v 0.040140 -0.063619 0.048693
v 0.040140 -0.063619 0.048693
v 0.040171 -0.063557 0.048693
v 0.040171 -0.063557 0.048693
v 0.040171 -0.063557 0.048693
v 0.040171 -0.063557 0.048693
v 0.039834 -0.064258 0.044536
v 0.039834 -0.064258 0.044536
v 0.039834 -0.064258 0.044536
v 0.039834 -0.064258 0.044536
v 0.039834 -0.064258 0.044536
v 0.039834 -0.064258 0.044536
v 0.039834 -0.064258 0.044536
v 0.039834 -0.064258 0.044536
v 0.039834 -0.064258 0.044536
v 0.039834 -0.064258 0.044536
v 0.039834 -0.064258 0.044536
v 0.038145 -0.068328 0.048693
v 0.038145 -0.068328 0.048693
v 0.038145 -0.068328 0.048693
v 0.038145 -0.068328 0.048693
v 0.038145 -0.068328 0.048693
v 0.035913 -0.080997 0.048693
v 0.035913 -0.080997 0.048693
v 0.035913 -0.080997 0.048693
v 0.035913 -0.080997 0.048693
v 0.035913 -0.080997 0.048693
v 0.035931 -0.078976 0.048693
v 0.035931 -0.078976 0.048693
v 0.035931 -0.078976 0.048693
v 0.035931 -0.078976 0.048693
v 0.035931 -0.078976 0.048693
v 0.036024 -0.077916 0.047876
v 0.036024 -0.077916 0.047876
v 0.036024 -0.077916 0.047876
v 0.036024 -0.077916 0.047876
v 0.036024 -0.077916 0.047876
v 0.036024 -0.077916 0.047876
v 0.036024 -0.077916 0.047876
v 0.036024 -0.077916 0.047876
v 0.036024 -0.077916 0.047876
v 0.036107 -0.077724 0.048693
v 0.036107 -0.077724 0.048693
v 0.036107 -0.077724 0.048693
v 0.036107 -0.077724 0.048693
v 0.036107 -0.077724 0.048693
v 0.036698 -0.073533 0.048693
v 0.036698 -0.073533 0.048693
v 0.036698 -0.073533 0.048693
v 0.036698 -0.073533 0.048693
v 0.036698 -0.073533 0.048693
v 0.035991 -0.078680 0.043593
v 0.035991 -0.078680 0.043593
v 0.035991 -0.078680 0.043593
v 0.035991 -0.078680 0.043593
v 0.035991 -0.078680 0.043593
v 0.035856 -0.080073 0.043933
v 0.035856 -0.080073 0.043933
v 0.035856 -0.080073 0.043933
v 0.035856 -0.080073 0.043933
v 0.035856 -0.080073 0.043933
v 0.035856 -0.080073 0.043933
v 0.035856 -0.080073 0.043933
v 0.035910 -0.081253 0.048693
v 0.035910 -0.081253 0.048693
v 0.035910 -0.081253 0.048693
v 0.035910 -0.081253 0.048693
v 0.035910 -0.081253 0.048693
v 0.035910 -0.081253 0.048693
v 0.035850 -0.084151 0.044931
v 0.035850 -0.084151 0.044931
v 0.035850 -0.084151 0.044931
v 0.035850 -0.084151 0.044931
v 0.035850 -0.084151 0.044931
v 0.035850 -0.084151 0.044931
v 0.036780 -0.091278 0.048693
v 0.036780 -0.091278 0.048693
v 0.036780 -0.091278 0.048693
v 0.036780 -0.091278 0.048693
v 0.036780 -0.091278 0.048693
v 0.036780 -0.091278 0.048693
v 0.036653 -0.090459 0.048693
v 0.036653 -0.090459 0.048693
v 0.036653 -0.090459 0.048693
v 0.036653 -0.090459 0.048693
v 0.036409 -0.088188 0.045918
v 0.036409 -0.088188 0.045918
v 0.036409 -0.088188 0.045918
v 0.036409 -0.088188 0.045918
v 0.036409 -0.088188 0.045918
v 0.036409 -0.088188 0.045918
v 0.036012 -0.086325 0.048693
v 0.036012 -0.086325 0.048693
v 0.036012 -0.086325 0.048693
v 0.036012 -0.086325 0.048693
v 0.036012 -0.086325 0.048693
v 0.036012 -0.086325 0.048693
v 0.036012 -0.086325 0.048693
v 0.036073 -0.085762 0.045325
v 0.036073 -0.085762 0.045325
v 0.036073 -0.085762 0.045325
v 0.036073 -0.085762 0.045325
v 0.036073 -0.085762 0.045325
v 0.036073 -0.085762 0.045325
v 0.035929 -0.085241 0.048693
v 0.035929 -0.085241 0.048693
v 0.035929 -0.085241 0.048693
v 0.035929 -0.085241 0.048693
v 0.035929 -0.085241 0.048693
v 0.035929 -0.085241 0.048693
v 0.035880 -0.084610 0.048693
v 0.035880 -0.084610 0.048693
v 0.035880 -0.084610 0.048693
v 0.035880 -0.084610 0.048693
v 0.039423 -0.099528 0.048692
v 0.039423 -0.099528 0.048692
v 0.039423 -0.099528 0.048692
v 0.039423 -0.099528 0.048692
v 0.039423 -0.099528 0.048692
v 0.039423 -0.099528 0.048692
v 0.039401 -0.099476 0.048693
v 0.039401 -0.099476 0.048693
v 0.039401 -0.099476 0.048693
v 0.039401 -0.099476 0.048693
v 0.037191 -0.092766 0.047038
v 0.037191 -0.092766 0.047038
v 0.037191 -0.092766 0.047038
v 0.037191 -0.092766 0.047038
v 0.037191 -0.092766 0.047038
v 0.037191 -0.092766 0.047038
v 0.037191 -0.092766 0.047038
v 0.037191 -0.092766 0.047038
v 0.039052 -0.098646 0.048693
v 0.039052 -0.098646 0.048693
v 0.039052 -0.098646 0.048693
v 0.039052 -0.098646 0.048693
v 0.039052 -0.098646 0.048693
v 0.038171 -0.096293 0.048693
v 0.038171 -0.096293 0.048693
v 0.038171 -0.096293 0.048693
v 0.038171 -0.096293 0.048693
v 0.036936 -0.091993 0.046849
v 0.036936 -0.091993 0.046849
v 0.036936 -0.091993 0.046849
v 0.036936 -0.091993 0.046849
v 0.036936 -0.091993 0.046849
v 0.037009 -0.092215 0.046904
v 0.037009 -0.092215 0.046904
v 0.037009 -0.092215 0.046904
v 0.037009 -0.092215 0.046904
v 0.037009 -0.092215 0.046904
v 0.037148 -0.092606 0.048693
v 0.037148 -0.092606 0.048693
v 0.037148 -0.092606 0.048693
v 0.037148 -0.092606 0.048693
v 0.037148 -0.092606 0.048693
v 0.037148 -0.092606 0.048693
v 0.037825 -0.095047 0.048693
v 0.037825 -0.095047 0.048693
v 0.037825 -0.095047 0.048693
v 0.037825 -0.095047 0.048693
v 0.037825 -0.095047 0.048693
v 0.036251 -0.076014 0.042941
v 0.036251 -0.076014 0.042941
v 0.036251 -0.076014 0.042941
v 0.036251 -0.076014 0.042941
v 0.038603 -0.067083 0.040756
v 0.038603 -0.067083 0.040756
v 0.038603 -0.067083 0.040756
v 0.038603 -0.067083 0.040756
v 0.038603 -0.067083 0.040756
v 0.039603 -0.064996 0.040246
v 0.039603 -0.064996 0.040246
v 0.039603 -0.064996 0.040246
v 0.039603 -0.064996 0.040246
v 0.039603 -0.064996 0.040246
v 0.043048 -0.058740 0.038716
v 0.043048 -0.058740 0.038716
v 0.043048 -0.058740 0.038716
v 0.043048 -0.058740 0.038716
v 0.043048 -0.058740 0.038716
v 0.042956 -0.058855 0.038744
v 0.042956 -0.058855 0.038744
v 0.042956 -0.058855 0.038744
v 0.042956 -0.058855 0.038744
v 0.042877 -0.058979 0.038775
v 0.042877 -0.058979 0.038775
v 0.042877 -0.058979 0.038775
v 0.042877 -0.058979 0.038775
v 0.041268 -0.061524 0.039397
v 0.041268 -0.061524 0.039397
v 0.041268 -0.061524 0.039397
v 0.041268 -0.061524 0.039397
v 0.041268 -0.061524 0.039397
v 0.041268 -0.061524 0.039397
v 0.039907 -0.064363 0.040091
v 0.039907 -0.064363 0.040091
v 0.039907 -0.064363 0.040091
v 0.039907 -0.064363 0.040091
v 0.077638 -0.041129 0.051863
v 0.077638 -0.041129 0.051863
v 0.077638 -0.041129 0.051863
v 0.077638 -0.041129 0.051863
v 0.077638 -0.041129 0.051863
v 0.080842 -0.041455 0.051863
v 0.080842 -0.041455 0.051863
v 0.080842 -0.041455 0.051863
v 0.080842 -0.041455 0.051863
v 0.080842 -0.041455 0.051863
v 0.080842 -0.041455 0.051863
v 0.040596 -0.062735 0.051863
v 0.040596 -0.062735 0.051863
v 0.040596 -0.062735 0.051863
v 0.040596 -0.062735 0.051863
v 0.040596 -0.062735 0.051863
v 0.040596 -0.062735 0.051863
v 0.040596 -0.062735 0.051863
v 0.043329 -0.058759 0.051863
v 0.043329 -0.058759 0.051863
v 0.043329 -0.058759 0.051863
v 0.043329 -0.058759 0.051863
v 0.043329 -0.058759 0.051863
v 0.043329 -0.058759 0.051863
v 0.043329 -0.058759 0.051863
v 0.049703 -0.051622 0.051863
v 0.049703 -0.051622 0.051863
v 0.049703 -0.051622 0.051863
v 0.049703 -0.051622 0.051863
v 0.049703 -0.051622 0.051863
v 0.049703 -0.051622 0.051863
v 0.049703 -0.051622 0.051863
v 0.046138 -0.054891 0.051863
v 0.046138 -0.054891 0.051863
v 0.046138 -0.054891 0.051863
v 0.046138 -0.054891 0.051863
v 0.046138 -0.054891 0.051863
v 0.045734 -0.055261 0.051863
v 0.045734 -0.055261 0.051863
v 0.045734 -0.055261 0.051863
v 0.045734 -0.055261 0.051863
v 0.045734 -0.055261 0.051863
v 0.043810 -0.058060 0.051863
v 0.043810 -0.058060 0.051863
v 0.043810 -0.058060 0.051863
v 0.043810 -0.058060 0.051863
v 0.043810 -0.058060 0.051863
v 0.052463 -0.049091 0.051863
v 0.052463 -0.049091 0.051863
v 0.052463 -0.049091 0.051863
v 0.052463 -0.049091 0.051863
v 0.052463 -0.049091 0.051863
v 0.052463 -0.049091 0.051863
v 0.049900 -0.051442 0.051863
v 0.049900 -0.051442 0.051863
v 0.049900 -0.051442 0.051863
v 0.049900 -0.051442 0.051863
v 0.049900 -0.051442 0.051863
v 0.061919 -0.044163 0.051863
v 0.061919 -0.044163 0.051863
v 0.061919 -0.044163 0.051863
v 0.061919 -0.044163 0.051863
v 0.061919 -0.044163 0.051863
v 0.061919 -0.044163 0.051863
v 0.061919 -0.044163 0.051863
v 0.060355 -0.044640 0.051863
v 0.060355 -0.044640 0.051863
v 0.060355 -0.044640 0.051863
v 0.060355 -0.044640 0.051863
v 0.060355 -0.044640 0.051863
v 0.057513 -0.046243 0.051863
v 0.057513 -0.046243 0.051863
v 0.057513 -0.046243 0.051863
v 0.057513 -0.046243 0.051863
v 0.057513 -0.046243 0.051863
v 0.057513 -0.046243 0.051863
v 0.057513 -0.046243 0.051863
v 0.053389 -0.048569 0.051863
v 0.053389 -0.048569 0.051863
v 0.053389 -0.048569 0.051863
v 0.053389 -0.048569 0.051863
v 0.053389 -0.048569 0.051863
v 0.072821 -0.041607 0.051863
v 0.072821 -0.041607 0.051863
v 0.072821 -0.041607 0.051863
v 0.072821 -0.041607 0.051863
v 0.072821 -0.041607 0.051863
v 0.072821 -0.041607 0.051863
v 0.071204 -0.041768 0.051863
v 0.071204 -0.041768 0.051863
v 0.071204 -0.041768 0.051863
v 0.071204 -0.041768 0.051863
v 0.071204 -0.041768 0.051863
v 0.071204 -0.041768 0.051863
v 0.069074 -0.041979 0.051863
v 0.069074 -0.041979 0.051863
v 0.069074 -0.041979 0.051863
v 0.069074 -0.041979 0.051863
v 0.069074 -0.041979 0.051863
v 0.066496 -0.042766 0.051863
v 0.066496 -0.042766 0.051863
v 0.066496 -0.042766 0.051863
v 0.066496 -0.042766 0.051863
v 0.066496 -0.042766 0.051863
v 0.096560 -0.045174 0.051862
v 0.096560 -0.045174 0.051862
v 0.096560 -0.045174 0.051862
v 0.096560 -0.045174 0.051862
v 0.096560 -0.045174 0.051862
v 0.096560 -0.045174 0.051862
v 0.096560 -0.045174 0.051862
v 0.091407 -0.043460 0.051863
v 0.091407 -0.043460 0.051863
v 0.091407 -0.043460 0.051863
v 0.091407 -0.043460 0.051863
v 0.091407 -0.043460 0.051863
v 0.090352 -0.043109 0.051863
v 0.090352 -0.043109 0.051863
v 0.090352 -0.043109 0.051863
v 0.090352 -0.043109 0.051863
v 0.090352 -0.043109 0.051863
v 0.087381 -0.042121 0.051863
v 0.087381 -0.042121 0.051863
v 0.087381 -0.042121 0.051863
v 0.087381 -0.042121 0.051863
v 0.087381 -0.042121 0.051863
v 0.087381 -0.042121 0.051863
v 0.082316 -0.041605 0.051863
v 0.082316 -0.041605 0.051863
v 0.082316 -0.041605 0.051863
v 0.082316 -0.041605 0.051863
v 0.082316 -0.041605 0.051863
v 0.103377 -0.049332 0.051862
v 0.103377 -0.049332 0.051862
v 0.103377 -0.049332 0.051862
v 0.103377 -0.049332 0.051862
v 0.103377 -0.049332 0.051862
v 0.103377 -0.049332 0.051862
v 0.099737 -0.047112 0.051862
v 0.099737 -0.047112 0.051862
v 0.099737 -0.047112 0.051862
v 0.099737 -0.047112 0.051862
v 0.099737 -0.047112 0.051862
v 0.099258 -0.046820 0.051862
v 0.099258 -0.046820 0.051862
v 0.099258 -0.046820 0.051862
v 0.099258 -0.046820 0.051862
v 0.099258 -0.046820 0.051862
v 0.104554 -0.050049 0.051862
v 0.104554 -0.050049 0.051862
v 0.104554 -0.050049 0.051862
v 0.104554 -0.050049 0.051862
v 0.104554 -0.050049 0.051862
v 0.104554 -0.050049 0.051862
v 0.104554 -0.050049 0.051862
v 0.107182 -0.052290 0.051862
v 0.107182 -0.052290 0.051862
v 0.107182 -0.052290 0.051862
v 0.107182 -0.052290 0.051862
v 0.107182 -0.052290 0.051862
v 0.107182 -0.052290 0.051862
v 0.115215 -0.062735 0.051862
v 0.115215 -0.062735 0.051862
v 0.115215 -0.062735 0.051862
v 0.115215 -0.062735 0.051862
v 0.115215 -0.062735 0.051862
v 0.115215 -0.062735 0.051862
v 0.115215 -0.062735 0.051862
v 0.111657 -0.057211 0.051862
v 0.111657 -0.057211 0.051862
v 0.111657 -0.057211 0.051862
v 0.111657 -0.057211 0.051862
v 0.111657 -0.057211 0.051862
v 0.111657 -0.057211 0.051862
v 0.111657 -0.057211 0.051862
v 0.111635 -0.057178 0.051862
v 0.111635 -0.057178 0.051862
v 0.111635 -0.057178 0.051862
v 0.111635 -0.057178 0.051862
v 0.111635 -0.057178 0.051862
v 0.111635 -0.057178 0.051862
v 0.111635 -0.057178 0.051862
v 0.075848 -0.100973 -0.042464
v 0.075848 -0.100973 -0.042464
v 0.075848 -0.100973 -0.042464
v 0.075848 -0.100973 -0.042464
v 0.075848 -0.100973 -0.042464
v 0.075848 -0.100973 -0.042464
v 0.075848 -0.100973 -0.042464
v 0.075848 -0.100973 -0.042464
v 0.074181 -0.100973 -0.042357
v 0.074181 -0.100973 -0.042357
v 0.074181 -0.100973 -0.042357
v 0.074181 -0.100973 -0.042357
v 0.074181 -0.100973 -0.042357
v 0.074181 -0.100973 -0.042357
v 0.074181 -0.100973 -0.042357
v 0.071528 -0.100973 -0.042049
v 0.071528 -0.100973 -0.042049
v 0.071528 -0.100973 -0.042049
v 0.071528 -0.100973 -0.042049
v 0.071528 -0.100973 -0.042049
v 0.071528 -0.100973 -0.042049
v 0.067597 -0.100973 -0.041278
v 0.067597 -0.100973 -0.041278
v 0.067597 -0.100973 -0.041278
v 0.067597 -0.100973 -0.041278
v 0.067597 -0.100973 -0.041278
v 0.067597 -0.100973 -0.041278
v 0.067597 -0.100973 -0.041278
v 0.067597 -0.100973 -0.041278
v 0.067597 -0.100973 -0.041278
v 0.059737 -0.100973 -0.038504
v 0.059737 -0.100973 -0.038504
v 0.059737 -0.100973 -0.038504
v 0.059737 -0.100973 -0.038504
v 0.059737 -0.100973 -0.038504
v 0.059737 -0.100973 -0.038504
v 0.059737 -0.100973 -0.038504
v 0.059737 -0.100973 -0.038504
v 0.058617 -0.100973 -0.037960
v 0.058617 -0.100973 -0.037960
v 0.058617 -0.100973 -0.037960
v 0.058617 -0.100973 -0.037960
v 0.058617 -0.100973 -0.037960
v 0.058617 -0.100973 -0.037960
v 0.058617 -0.100973 -0.037960
v 0.051787 -0.100973 -0.033513
v 0.051787 -0.100973 -0.033513
v 0.051787 -0.100973 -0.033513
v 0.051787 -0.100973 -0.033513
v 0.051787 -0.100973 -0.033513
v 0.051787 -0.100973 -0.033513
v 0.051787 -0.100973 -0.033513
v 0.056023 -0.100973 -0.036271
v 0.056023 -0.100973 -0.036271
v 0.056023 -0.100973 -0.036271
v 0.056023 -0.100973 -0.036271
v 0.056023 -0.100973 -0.036271
v 0.056023 -0.100973 -0.036271
v 0.050774 -0.100973 -0.032853
v 0.050774 -0.100973 -0.032853
v 0.050774 -0.100973 -0.032853
v 0.050774 -0.100973 -0.032853
v 0.050774 -0.100973 -0.032853
v 0.050774 -0.100973 -0.032853
v 0.050774 -0.100973 -0.032853
v 0.050774 -0.100973 -0.032853
v 0.050774 -0.100973 -0.032853
v 0.050774 -0.100973 -0.032853
v 0.045171 -0.100974 -0.027227
v 0.045171 -0.100974 -0.027227
v 0.045171 -0.100974 -0.027227
v 0.045171 -0.100974 -0.027227
v 0.045171 -0.100974 -0.027227
v 0.045171 -0.100974 -0.027227
v 0.045171 -0.100974 -0.027227
v 0.042757 -0.093925 -0.024024
v 0.042757 -0.093925 -0.024024
v 0.042757 -0.093925 -0.024024
v 0.042757 -0.093925 -0.024024
v 0.042757 -0.093925 -0.024024
v 0.045445 -0.100974 -0.027630
v 0.045445 -0.100974 -0.027630
v 0.045445 -0.100974 -0.027630
v 0.045445 -0.100974 -0.027630
v 0.045445 -0.100974 -0.027630
v 0.045445 -0.100974 -0.027630
v 0.045445 -0.100974 -0.027630
v 0.045445 -0.100974 -0.027630
v 0.043549 -0.093246 -0.025244
v 0.043549 -0.093246 -0.025244
v 0.043549 -0.093246 -0.025244
v 0.043549 -0.093246 -0.025244
v 0.043549 -0.093246 -0.025244
v 0.043549 -0.093246 -0.025244
v 0.039996 -0.100974 -0.019426
v 0.039996 -0.100974 -0.019426
v 0.039996 -0.100974 -0.019426
v 0.039996 -0.100974 -0.019426
v 0.039996 -0.100974 -0.019426
v 0.039996 -0.100974 -0.019426
v 0.039996 -0.100974 -0.019426
v 0.039996 -0.100974 -0.019426
v 0.039996 -0.100974 -0.019426
v 0.040227 -0.096250 -0.019850
v 0.040227 -0.096250 -0.019850
v 0.040227 -0.096250 -0.019850
v 0.040227 -0.096250 -0.019850
v 0.040227 -0.096250 -0.019850
v 0.040227 -0.096250 -0.019850
v 0.040175 -0.100974 -0.019876
v 0.040175 -0.100974 -0.019876
v 0.040175 -0.100974 -0.019876
v 0.040175 -0.100974 -0.019876
v 0.040175 -0.100974 -0.019876
v 0.040175 -0.100974 -0.019876
v 0.040776 -0.095624 -0.020974
v 0.040776 -0.095624 -0.020974
v 0.040776 -0.095624 -0.020974
v 0.040776 -0.095624 -0.020974
v 0.040776 -0.095624 -0.020974
v 0.041101 -0.095346 -0.021473
v 0.041101 -0.095346 -0.021473
v 0.041101 -0.095346 -0.021473
v 0.041101 -0.095346 -0.021473
v 0.041101 -0.095346 -0.021473
v 0.036792 -0.100974 -0.011369
v 0.036792 -0.100974 -0.011369
v 0.036792 -0.100974 -0.011369
v 0.036792 -0.100974 -0.011369
v 0.036792 -0.100974 -0.011369
v 0.036792 -0.100974 -0.011369
v 0.036792 -0.100974 -0.011369
v 0.038426 -0.098338 -0.016101
v 0.038426 -0.098338 -0.016101
v 0.038426 -0.098338 -0.016101
v 0.038426 -0.098338 -0.016101
v 0.038510 -0.098204 -0.016343
v 0.038510 -0.098204 -0.016343
v 0.038510 -0.098204 -0.016343
v 0.038510 -0.098204 -0.016343
v 0.039715 -0.096832 -0.018806
v 0.039715 -0.096832 -0.018806
v 0.039715 -0.096832 -0.018806
v 0.039715 -0.096832 -0.018806
v 0.039715 -0.096832 -0.018806
v 0.038414 -0.067326 0.010854
v 0.038414 -0.067326 0.010854
v 0.038414 -0.067326 0.010854
v 0.038414 -0.067326 0.010854
v 0.038414 -0.067326 0.010854
v 0.038414 -0.067326 0.010854
v 0.038414 -0.067326 0.010854
v 0.039258 -0.065279 0.019485
v 0.039258 -0.065279 0.019485
v 0.039258 -0.065279 0.019485
v 0.039258 -0.065279 0.019485
v 0.039258 -0.065279 0.019485
v 0.039258 -0.065279 0.019485
v 0.042102 -0.059958 0.016563
v 0.042102 -0.059958 0.016563
v 0.042102 -0.059958 0.016563
v 0.042102 -0.059958 0.016563
v 0.042102 -0.059958 0.016563
v 0.042102 -0.059958 0.016563
v 0.042102 -0.059958 0.016563
v 0.042102 -0.059958 0.016563
v 0.042102 -0.059958 0.016563
v 0.038929 -0.068299 -0.004449
v 0.038929 -0.068299 -0.004449
v 0.038929 -0.068299 -0.004449
v 0.038929 -0.068299 -0.004449
v 0.038929 -0.068299 -0.004449
v 0.038929 -0.068299 -0.004449
v 0.038929 -0.068299 -0.004449
v 0.038929 -0.068299 -0.004449
v 0.040624 -0.084909 -0.020369
v 0.040624 -0.084909 -0.020369
v 0.040624 -0.084909 -0.020369
v 0.040624 -0.084909 -0.020369
v 0.040624 -0.084909 -0.020369
v 0.040624 -0.084909 -0.020369
v 0.040624 -0.084909 -0.020369
v 0.040624 -0.084909 -0.020369
v 0.040624 -0.084909 -0.020369
v 0.036499 -0.100974 -0.010200
v 0.036499 -0.100974 -0.010200
v 0.036499 -0.100974 -0.010200
v 0.036499 -0.100974 -0.010200
v 0.036499 -0.100974 -0.010200
v 0.035774 -0.094169 -0.006513
v 0.035774 -0.094169 -0.006513
v 0.035774 -0.094169 -0.006513
v 0.035774 -0.094169 -0.006513
v 0.035774 -0.094169 -0.006513
v 0.035774 -0.094169 -0.006513
v 0.035774 -0.094169 -0.006513
v 0.035774 -0.094169 -0.006513
v 0.035774 -0.094169 -0.006513
v 0.035774 -0.094169 -0.006513
v 0.036173 -0.076599 0.027503
v 0.036173 -0.076599 0.027503
v 0.036173 -0.076599 0.027503
v 0.036173 -0.076599 0.027503
v 0.036173 -0.076599 0.027503
v 0.036173 -0.076599 0.027503
v 0.036234 -0.076129 0.033883
v 0.036234 -0.076129 0.033883
v 0.036234 -0.076129 0.033883
v 0.036234 -0.076129 0.033883
v 0.037534 -0.070161 0.031588
v 0.037534 -0.070161 0.031588
v 0.037534 -0.070161 0.031588
v 0.037534 -0.070161 0.031588
v 0.037534 -0.070161 0.031588
v 0.037534 -0.070161 0.031588
v 0.037534 -0.070161 0.031588
v 0.037534 -0.070161 0.031588
v 0.036235 -0.076127 0.033910
v 0.036235 -0.076127 0.033910
v 0.036235 -0.076127 0.033910
v 0.036235 -0.076127 0.033910
v 0.036235 -0.076127 0.033910
v 0.036235 -0.076127 0.033910
v 0.036236 -0.076120 0.034468
v 0.036236 -0.076120 0.034468
v 0.036236 -0.076120 0.034468
v 0.036236 -0.076120 0.034468
v 0.036236 -0.076120 0.034468
v 0.036068 -0.077497 0.022275
v 0.036068 -0.077497 0.022275
v 0.036068 -0.077497 0.022275
v 0.036068 -0.077497 0.022275
v 0.036068 -0.077497 0.022275
v 0.036135 -0.076925 0.025607
v 0.036135 -0.076925 0.025607
v 0.036135 -0.076925 0.025607
v 0.036135 -0.076925 0.025607
v 0.037270 -0.070954 0.022513
v 0.037270 -0.070954 0.022513
v 0.037270 -0.070954 0.022513
v 0.037270 -0.070954 0.022513
v 0.037270 -0.070954 0.022513
v 0.037270 -0.070954 0.022513
v 0.037270 -0.070954 0.022513
v 0.037270 -0.070954 0.022513
v 0.037270 -0.070954 0.022513
v 0.036155 -0.076747 0.026642
v 0.036155 -0.076747 0.026642
v 0.036155 -0.076747 0.026642
v 0.036155 -0.076747 0.026642
v 0.035990 -0.078250 0.019799
v 0.035990 -0.078250 0.019799
v 0.035990 -0.078250 0.019799
v 0.035990 -0.078250 0.019799
v 0.035990 -0.078250 0.019799
v 0.036769 -0.072882 0.014656
v 0.036769 -0.072882 0.014656
v 0.036769 -0.072882 0.014656
v 0.036769 -0.072882 0.014656
v 0.036769 -0.072882 0.014656
v 0.036769 -0.072882 0.014656
v 0.036769 -0.072882 0.014656
v 0.036769 -0.072882 0.014656
v 0.035948 -0.078658 0.018457
v 0.035948 -0.078658 0.018457
v 0.035948 -0.078658 0.018457
v 0.035948 -0.078658 0.018457
v 0.035690 -0.081730 0.012519
v 0.035690 -0.081730 0.012519
v 0.035690 -0.081730 0.012519
v 0.035690 -0.081730 0.012519
v 0.035760 -0.080757 0.013902
v 0.035760 -0.080757 0.013902
v 0.035760 -0.080757 0.013902
v 0.035760 -0.080757 0.013902
v 0.035760 -0.080757 0.013902
v 0.036162 -0.076200 0.008071
v 0.036162 -0.076200 0.008071
v 0.036162 -0.076200 0.008071
v 0.036162 -0.076200 0.008071
v 0.036162 -0.076200 0.008071
v 0.036162 -0.076200 0.008071
v 0.036162 -0.076200 0.008071
v 0.036162 -0.076200 0.008071
v 0.036162 -0.076200 0.008071
v 0.035763 -0.080731 0.013957
v 0.035763 -0.080731 0.013957
v 0.035763 -0.080731 0.013957
v 0.035763 -0.080731 0.013957
v 0.035763 -0.080731 0.013957
v 0.035932 -0.078808 0.017962
v 0.035932 -0.078808 0.017962
v 0.035932 -0.078808 0.017962
v 0.035932 -0.078808 0.017962
v 0.035932 -0.078808 0.017962
v 0.035416 -0.086207 0.007293
v 0.035416 -0.086207 0.007293
v 0.035416 -0.086207 0.007293
v 0.035416 -0.086207 0.007293
v 0.035416 -0.086207 0.007293
v 0.035426 -0.086028 0.007480
v 0.035426 -0.086028 0.007480
v 0.035426 -0.086028 0.007480
v 0.035426 -0.086028 0.007480
v 0.035656 -0.080967 0.002565
v 0.035656 -0.080967 0.002565
v 0.035656 -0.080967 0.002565
v 0.035656 -0.080967 0.002565
v 0.035656 -0.080967 0.002565
v 0.035656 -0.080967 0.002565
v 0.035656 -0.080967 0.002565
v 0.035656 -0.080967 0.002565
v 0.035512 -0.084481 0.009094
v 0.035512 -0.084481 0.009094
v 0.035512 -0.084481 0.009094
v 0.035512 -0.084481 0.009094
v 0.035512 -0.084481 0.009094
v 0.035512 -0.084481 0.009094
v 0.035512 -0.084481 0.009094
v 0.035584 -0.083193 0.010438
v 0.035584 -0.083193 0.010438
v 0.035584 -0.083193 0.010438
v 0.035584 -0.083193 0.010438
v 0.035584 -0.083193 0.010438
v 0.035305 -0.089249 0.004827
v 0.035305 -0.089249 0.004827
v 0.035305 -0.089249 0.004827
v 0.035305 -0.089249 0.004827
v 0.035305 -0.089249 0.004827
v 0.035305 -0.089249 0.004827
v 0.035305 -0.089249 0.004827
v 0.035472 -0.087056 -0.002183
v 0.035472 -0.087056 -0.002183
v 0.035472 -0.087056 -0.002183
v 0.035472 -0.087056 -0.002183
v 0.035472 -0.087056 -0.002183
v 0.035472 -0.087056 -0.002183
v 0.035472 -0.087056 -0.002183
v 0.035472 -0.087056 -0.002183
v 0.035278 -0.089983 0.004232
v 0.035278 -0.089983 0.004232
v 0.035278 -0.089983 0.004232
v 0.035278 -0.089983 0.004232
v 0.035278 -0.089983 0.004232
v 0.035261 -0.098056 -0.000904
v 0.035261 -0.098056 -0.000904
v 0.035261 -0.098056 -0.000904
v 0.035261 -0.098056 -0.000904
v 0.035261 -0.098056 -0.000904
v 0.035261 -0.098056 -0.000904
v 0.035261 -0.098056 -0.000904
v 0.035218 -0.095973 0.000306
v 0.035218 -0.095973 0.000306
v 0.035218 -0.095973 0.000306
v 0.035218 -0.095973 0.000306
v 0.035228 -0.094961 0.000968
v 0.035228 -0.094961 0.000968
v 0.035228 -0.094961 0.000968
v 0.035228 -0.094961 0.000968
v 0.035228 -0.094961 0.000968
v 0.035228 -0.094961 0.000968
v 0.035228 -0.094961 0.000968
v 0.035262 -0.091604 0.003169
v 0.035262 -0.091604 0.003169
v 0.035262 -0.091604 0.003169
v 0.035262 -0.091604 0.003169
v 0.035262 -0.091604 0.003169
v 0.035323 -0.100974 -0.002598
v 0.035323 -0.100974 -0.002598
v 0.035323 -0.100974 -0.002598
v 0.035323 -0.100974 -0.002598
v 0.035323 -0.100974 -0.002598
v 0.035829 -0.100974 -0.007021
v 0.035829 -0.100974 -0.007021
v 0.035829 -0.100974 -0.007021
v 0.035829 -0.100974 -0.007021
v 0.035829 -0.100974 -0.007021
v 0.035829 -0.100974 -0.007021
v 0.036276 -0.100974 -0.009312
v 0.036276 -0.100974 -0.009312
v 0.036276 -0.100974 -0.009312
v 0.036276 -0.100974 -0.009312
v 0.036276 -0.100974 -0.009312
v 0.039225 -0.086680 -0.017653
v 0.039225 -0.086680 -0.017653
v 0.039225 -0.086680 -0.017653
v 0.039225 -0.086680 -0.017653
v 0.039225 -0.086680 -0.017653
v 0.039225 -0.086680 -0.017653
v 0.038047 -0.088499 -0.014896
v 0.038047 -0.088499 -0.014896
v 0.038047 -0.088499 -0.014896
v 0.038047 -0.088499 -0.014896
v 0.038047 -0.088499 -0.014896
v 0.038047 -0.088499 -0.014896
v 0.037084 -0.090360 -0.012114
v 0.037084 -0.090360 -0.012114
v 0.037084 -0.090360 -0.012114
v 0.037084 -0.090360 -0.012114
v 0.037084 -0.090360 -0.012114
v 0.037084 -0.090360 -0.012114
v 0.037084 -0.090360 -0.012114
v 0.038608 -0.082362 -0.015457
v 0.038608 -0.082362 -0.015457
v 0.038608 -0.082362 -0.015457
v 0.038608 -0.082362 -0.015457
v 0.038608 -0.082362 -0.015457
v 0.038608 -0.082362 -0.015457
v 0.038608 -0.082362 -0.015457
v 0.038608 -0.082362 -0.015457
v 0.038284 -0.078309 -0.013079
v 0.038284 -0.078309 -0.013079
v 0.038284 -0.078309 -0.013079
v 0.038284 -0.078309 -0.013079
v 0.038284 -0.078309 -0.013079
v 0.038284 -0.078309 -0.013079
v 0.038284 -0.078309 -0.013079
v 0.038252 -0.074584 -0.010478
v 0.038252 -0.074584 -0.010478
v 0.038252 -0.074584 -0.010478
v 0.038252 -0.074584 -0.010478
v 0.038252 -0.074584 -0.010478
v 0.038252 -0.074584 -0.010478
v 0.038252 -0.074584 -0.010478
v 0.038252 -0.074584 -0.010478
v 0.038482 -0.071236 -0.007614
v 0.038482 -0.071236 -0.007614
v 0.038482 -0.071236 -0.007614
v 0.038482 -0.071236 -0.007614
v 0.038482 -0.071236 -0.007614
v 0.038482 -0.071236 -0.007614
v 0.038482 -0.071236 -0.007614
v 0.039528 -0.065791 -0.000957
v 0.039528 -0.065791 -0.000957
v 0.039528 -0.065791 -0.000957
v 0.039528 -0.065791 -0.000957
v 0.039528 -0.065791 -0.000957
v 0.039528 -0.065791 -0.000957
v 0.039528 -0.065791 -0.000957
v 0.040212 -0.063719 0.002887
v 0.040212 -0.063719 0.002887
v 0.040212 -0.063719 0.002887
v 0.040212 -0.063719 0.002887
v 0.040212 -0.063719 0.002887
v 0.040212 -0.063719 0.002887
v 0.040212 -0.063719 0.002887
v 0.040212 -0.063719 0.002887
v 0.036647 -0.076011 -0.002477
v 0.036647 -0.076011 -0.002477
v 0.036647 -0.076011 -0.002477
v 0.036647 -0.076011 -0.002477
v 0.036647 -0.076011 -0.002477
v 0.036647 -0.076011 -0.002477
v 0.036647 -0.076011 -0.002477
v 0.037421 -0.070876 0.003580
v 0.037421 -0.070876 0.003580
v 0.037421 -0.070876 0.003580
v 0.037421 -0.070876 0.003580
v 0.037421 -0.070876 0.003580
v 0.037421 -0.070876 0.003580
v 0.037421 -0.070876 0.003580
v 0.036458 -0.082612 -0.007599
v 0.036458 -0.082612 -0.007599
v 0.036458 -0.082612 -0.007599
v 0.036458 -0.082612 -0.007599
v 0.036458 -0.082612 -0.007599
v 0.036458 -0.082612 -0.007599
v 0.036458 -0.082612 -0.007599
v 0.036458 -0.082612 -0.007599
v 0.039713 -0.064444 0.029371
v 0.039713 -0.064444 0.029371
v 0.039713 -0.064444 0.029371
v 0.039713 -0.064444 0.029371
v 0.039713 -0.064444 0.029371
v 0.039713 -0.064444 0.029371
v 0.039713 -0.064444 0.029371
v 0.042749 -0.059107 0.027279
v 0.042749 -0.059107 0.027279
v 0.042749 -0.059107 0.027279
v 0.042749 -0.059107 0.027279
v 0.042749 -0.059107 0.027279
v 0.042749 -0.059107 0.027279
v 0.042749 -0.059107 0.027279
v 0.042749 -0.059107 0.027279
v 0.042749 -0.059107 0.027279
v 0.042749 -0.059107 0.027279
v 0.042749 -0.059107 0.027279
v 0.040911 -0.062073 0.007090
v 0.040911 -0.062073 0.007090
v 0.040911 -0.062073 0.007090
v 0.040911 -0.062073 0.007090
v 0.040911 -0.062073 0.007090
v 0.040911 -0.062073 0.007090
v 0.040911 -0.062073 0.007090
v 0.035851 -0.084153 0.042616
v 0.035851 -0.084153 0.042616
v 0.035851 -0.084153 0.042616
v 0.035851 -0.084153 0.042616
v 0.035851 -0.084153 0.042616
v 0.035785 -0.100977 0.007496
v 0.035785 -0.100977 0.007496
v 0.035785 -0.100977 0.007496
v 0.035785 -0.100977 0.007496
v 0.035785 -0.100977 0.007496
v 0.035813 -0.101162 0.007652
v 0.035813 -0.101162 0.007652
v 0.035813 -0.101162 0.007652
v 0.035813 -0.101162 0.007652
v 0.035847 -0.100536 0.008067
v 0.035847 -0.100536 0.008067
v 0.035847 -0.100536 0.008067
v 0.035847 -0.100536 0.008067
v 0.035847 -0.100536 0.008067
v 0.035847 -0.100536 0.008067
v 0.035847 -0.100536 0.008067
v 0.035847 -0.100536 0.008067
v 0.035330 -0.100978 0.002428
v 0.035330 -0.100978 0.002428
v 0.035330 -0.100978 0.002428
v 0.035330 -0.100978 0.002428
v 0.035330 -0.100978 0.002428
v 0.035330 -0.100978 0.002428
v 0.035257 -0.100979 0.001610
v 0.035257 -0.100979 0.001610
v 0.035257 -0.100979 0.001610
v 0.035257 -0.100979 0.001610
v 0.035257 -0.100979 0.001610
v 0.035257 -0.100979 0.001610
v 0.035257 -0.100979 0.001610
v 0.035274 -0.100988 -0.001668
v 0.035274 -0.100988 -0.001668
v 0.035274 -0.100988 -0.001668
v 0.035274 -0.100988 -0.001668
v 0.035265 -0.100983 -0.000012
v 0.035265 -0.100983 -0.000012
v 0.035265 -0.100983 -0.000012
v 0.035265 -0.100983 -0.000012
v 0.035265 -0.100983 -0.000012
v 0.035986 -0.097967 0.009770
v 0.035986 -0.097967 0.009770
v 0.035986 -0.097967 0.009770
v 0.035986 -0.097967 0.009770
v 0.035986 -0.097967 0.009770
v 0.036092 -0.095995 0.011078
v 0.036092 -0.095995 0.011078
v 0.036092 -0.095995 0.011078
v 0.036092 -0.095995 0.011078
v 0.036092 -0.095995 0.011078
v 0.036092 -0.095995 0.011078
v 0.036106 -0.095565 0.011438
v 0.036106 -0.095565 0.011438
v 0.036106 -0.095565 0.011438
v 0.036106 -0.095565 0.011438
v 0.036166 -0.093685 0.013015
v 0.036166 -0.093685 0.013015
v 0.036166 -0.093685 0.013015
v 0.036166 -0.093685 0.013015
v 0.036166 -0.093685 0.013015
v 0.036204 -0.092503 0.014005
v 0.036204 -0.092503 0.014005
v 0.036204 -0.092503 0.014005
v 0.036204 -0.092503 0.014005
v 0.036204 -0.092503 0.014005
v 0.036204 -0.092503 0.014005
v 0.036204 -0.092503 0.014005
v 0.036219 -0.089859 0.016955
v 0.036219 -0.089859 0.016955
v 0.036219 -0.089859 0.016955
v 0.036219 -0.089859 0.016955
v 0.036219 -0.089859 0.016955
v 0.036219 -0.089859 0.016955
v 0.036219 -0.089859 0.016955
v 0.036219 -0.089859 0.016955
v 0.036217 -0.090148 0.016632
v 0.036217 -0.090148 0.016632
v 0.036217 -0.090148 0.016632
v 0.036217 -0.090148 0.016632
v 0.036217 -0.090148 0.016632
v 0.036210 -0.091443 0.015188
v 0.036210 -0.091443 0.015188
v 0.036210 -0.091443 0.015188
v 0.036210 -0.091443 0.015188
v 0.036179 -0.088260 0.019502
v 0.036179 -0.088260 0.019502
v 0.036179 -0.088260 0.019502
v 0.036179 -0.088260 0.019502
v 0.035812 -0.084462 0.016734
v 0.035812 -0.084462 0.016734
v 0.035812 -0.084462 0.016734
v 0.035812 -0.084462 0.016734
v 0.035812 -0.084462 0.016734
v 0.035812 -0.084462 0.016734
v 0.035812 -0.084462 0.016734
v 0.035812 -0.084462 0.016734
v 0.035855 -0.082087 0.022196
v 0.035855 -0.082087 0.022196
v 0.035855 -0.082087 0.022196
v 0.035855 -0.082087 0.022196
v 0.035855 -0.082087 0.022196
v 0.035855 -0.082087 0.022196
v 0.035855 -0.082087 0.022196
v 0.035855 -0.082087 0.022196
v 0.035855 -0.082087 0.022196
v 0.035855 -0.082087 0.022196
v 0.035862 -0.080719 0.028634
v 0.035862 -0.080719 0.028634
v 0.035862 -0.080719 0.028634
v 0.035862 -0.080719 0.028634
v 0.035862 -0.080719 0.028634
v 0.035862 -0.080719 0.028634
v 0.035862 -0.080719 0.028634
v 0.035862 -0.080719 0.028634
v 0.035862 -0.080719 0.028634
v 0.035862 -0.080719 0.028634
v 0.035857 -0.080160 0.035984
v 0.035857 -0.080160 0.035984
v 0.035857 -0.080160 0.035984
v 0.035857 -0.080160 0.035984
v 0.035857 -0.080160 0.035984
v 0.035857 -0.080160 0.035984
v 0.035857 -0.080160 0.035984
v 0.035857 -0.080160 0.035984
v 0.035857 -0.080160 0.035984
v 0.035857 -0.080160 0.035984
v 0.035877 -0.084305 0.037506
v 0.035877 -0.084305 0.037506
v 0.035877 -0.084305 0.037506
v 0.035877 -0.084305 0.037506
v 0.035877 -0.084305 0.037506
v 0.035976 -0.085031 0.028727
v 0.035976 -0.085031 0.028727
v 0.035976 -0.085031 0.028727
v 0.035976 -0.085031 0.028727
v 0.035946 -0.084806 0.030633
v 0.035946 -0.084806 0.030633
v 0.035946 -0.084806 0.030633
v 0.035946 -0.084806 0.030633
v 0.035946 -0.084806 0.030633
v 0.035932 -0.084694 0.031574
v 0.035932 -0.084694 0.031574
v 0.035932 -0.084694 0.031574
v 0.035932 -0.084694 0.031574
v 0.035932 -0.084694 0.031574
v 0.035895 -0.084410 0.033976
v 0.035895 -0.084410 0.033976
v 0.035895 -0.084410 0.033976
v 0.035895 -0.084410 0.033976
v 0.036040 -0.085724 0.025829
v 0.036040 -0.085724 0.025829
v 0.036040 -0.085724 0.025829
v 0.036040 -0.085724 0.025829
v 0.036040 -0.085724 0.025829
v 0.036040 -0.085724 0.025829
v 0.036068 -0.086020 0.024593
v 0.036068 -0.086020 0.024593
v 0.036068 -0.086020 0.024593
v 0.036068 -0.086020 0.024593
v 0.036164 -0.087635 0.020499
v 0.036164 -0.087635 0.020499
v 0.036164 -0.087635 0.020499
v 0.036164 -0.087635 0.020499
v 0.036156 -0.087490 0.020857
v 0.036156 -0.087490 0.020857
v 0.036156 -0.087490 0.020857
v 0.036156 -0.087490 0.020857
v 0.036156 -0.087490 0.020857
v 0.036074 -0.086081 0.024337
v 0.036074 -0.086081 0.024337
v 0.036074 -0.086081 0.024337
v 0.036074 -0.086081 0.024337
v 0.036363 -0.088645 0.033477
v 0.036363 -0.088645 0.033477
v 0.036363 -0.088645 0.033477
v 0.036363 -0.088645 0.033477
v 0.036363 -0.088645 0.033477
v 0.036363 -0.088645 0.033477
v 0.036363 -0.088645 0.033477
v 0.036363 -0.088645 0.033477
v 0.036363 -0.088645 0.033477
v 0.036363 -0.088645 0.033477
v 0.050342 -0.119179 0.033369
v 0.050342 -0.119179 0.033369
v 0.050342 -0.119179 0.033369
v 0.050342 -0.119179 0.033369
v 0.050342 -0.119179 0.033369
v 0.050342 -0.119179 0.033369
v 0.050342 -0.119179 0.033369
v 0.050342 -0.119179 0.033369
v 0.050349 -0.119142 0.033387
v 0.050349 -0.119142 0.033387
v 0.050349 -0.119142 0.033387
v 0.050349 -0.119142 0.033387
v 0.045086 -0.114529 0.028201
v 0.045086 -0.114529 0.028201
v 0.045086 -0.114529 0.028201
v 0.045086 -0.114529 0.028201
v 0.045086 -0.114529 0.028201
v 0.045086 -0.114529 0.028201
v 0.045086 -0.114529 0.028201
v 0.045086 -0.114529 0.028201
v 0.045086 -0.114529 0.028201
v 0.045086 -0.114529 0.028201
v 0.045086 -0.114529 0.028201
v 0.045086 -0.114529 0.028201
v 0.049966 -0.121390 0.032329
v 0.049966 -0.121390 0.032329
v 0.049966 -0.121390 0.032329
v 0.049966 -0.121390 0.032329
v 0.049966 -0.121390 0.032329
v 0.046292 -0.118801 0.028767
v 0.046292 -0.118801 0.028767
v 0.046292 -0.118801 0.028767
v 0.046292 -0.118801 0.028767
v 0.046292 -0.118801 0.028767
v 0.046292 -0.118801 0.028767
v 0.044646 -0.117299 0.026737
v 0.044646 -0.117299 0.026737
v 0.044646 -0.117299 0.026737
v 0.044646 -0.117299 0.026737
v 0.040450 -0.112699 0.020637
v 0.040450 -0.112699 0.020637
v 0.040450 -0.112699 0.020637
v 0.040450 -0.112699 0.020637
v 0.040450 -0.112699 0.020637
v 0.043101 -0.115889 0.024831
v 0.043101 -0.115889 0.024831
v 0.043101 -0.115889 0.024831
v 0.043101 -0.115889 0.024831
v 0.043101 -0.115889 0.024831
v 0.043101 -0.115889 0.024831
v 0.043517 -0.116269 0.025344
v 0.043517 -0.116269 0.025344
v 0.043517 -0.116269 0.025344
v 0.043517 -0.116269 0.025344
v 0.043517 -0.116269 0.025344
v 0.037910 -0.103770 0.016269
v 0.037910 -0.103770 0.016269
v 0.037910 -0.103770 0.016269
v 0.037910 -0.103770 0.016269
v 0.037910 -0.103770 0.016269
v 0.037910 -0.103770 0.016269
v 0.037910 -0.103770 0.016269
v 0.037910 -0.103770 0.016269
v 0.037910 -0.103770 0.016269
v 0.037910 -0.103770 0.016269
v 0.037581 -0.107339 0.014075
v 0.037581 -0.107339 0.014075
v 0.037581 -0.107339 0.014075
v 0.037581 -0.107339 0.014075
v 0.038143 -0.108747 0.015706
v 0.038143 -0.108747 0.015706
v 0.038143 -0.108747 0.015706
v 0.038143 -0.108747 0.015706
v 0.038143 -0.108747 0.015706
v 0.035917 -0.101792 0.008202
v 0.035917 -0.101792 0.008202
v 0.035917 -0.101792 0.008202
v 0.035917 -0.101792 0.008202
v 0.035917 -0.101792 0.008202
v 0.036742 -0.105239 0.011644
v 0.036742 -0.105239 0.011644
v 0.036742 -0.105239 0.011644
v 0.036742 -0.105239 0.011644
v 0.036742 -0.105239 0.011644
v 0.038107 -0.100122 0.019045
v 0.038107 -0.100122 0.019045
v 0.038107 -0.100122 0.019045
v 0.038107 -0.100122 0.019045
v 0.038107 -0.100122 0.019045
v 0.038107 -0.100122 0.019045
v 0.038107 -0.100122 0.019045
v 0.038107 -0.100122 0.019045
v 0.038031 -0.097158 0.022226
v 0.038031 -0.097158 0.022226
v 0.038031 -0.097158 0.022226
v 0.038031 -0.097158 0.022226
v 0.038031 -0.097158 0.022226
v 0.038031 -0.097158 0.022226
v 0.038031 -0.097158 0.022226
v 0.038031 -0.097158 0.022226
v 0.037769 -0.094936 0.025956
v 0.037769 -0.094936 0.025956
v 0.037769 -0.094936 0.025956
v 0.037769 -0.094936 0.025956
v 0.037769 -0.094936 0.025956
v 0.037769 -0.094936 0.025956
v 0.037769 -0.094936 0.025956
v 0.037769 -0.094936 0.025956
v 0.037769 -0.094936 0.025956
v 0.037769 -0.094936 0.025956
v 0.037769 -0.094936 0.025956
v 0.037441 -0.093446 0.030329
v 0.037441 -0.093446 0.030329
v 0.037441 -0.093446 0.030329
v 0.037441 -0.093446 0.030329
v 0.037441 -0.093446 0.030329
v 0.037441 -0.093446 0.030329
v 0.037441 -0.093446 0.030329
v 0.037441 -0.093446 0.030329
v 0.037165 -0.092608 0.035359
v 0.037165 -0.092608 0.035359
v 0.037165 -0.092608 0.035359
v 0.037165 -0.092608 0.035359
v 0.037165 -0.092608 0.035359
v 0.037165 -0.092608 0.035359
v 0.037165 -0.092608 0.035359
v 0.037165 -0.092608 0.035359
v 0.043871 -0.107311 0.042340
v 0.043871 -0.107311 0.042340
v 0.043871 -0.107311 0.042340
v 0.043871 -0.107311 0.042340
v 0.043871 -0.107311 0.042340
v 0.043871 -0.107311 0.042340
v 0.043871 -0.107311 0.042340
v 0.043871 -0.107311 0.042340
v 0.043871 -0.107311 0.042340
v 0.043699 -0.107065 0.048736
v 0.043699 -0.107065 0.048736
v 0.043699 -0.107065 0.048736
v 0.043699 -0.107065 0.048736
v 0.043699 -0.107065 0.048736
v 0.043699 -0.107065 0.048736
v 0.043699 -0.107065 0.048736
v 0.043620 -0.106956 0.048733
v 0.043620 -0.106956 0.048733
v 0.043620 -0.106956 0.048733
v 0.043620 -0.106956 0.048733
v 0.043620 -0.106956 0.048733
v 0.042708 -0.105699 0.048693
v 0.042708 -0.105699 0.048693
v 0.042708 -0.105699 0.048693
v 0.042708 -0.105699 0.048693
v 0.042708 -0.105699 0.048693
v 0.042708 -0.105699 0.048693
v 0.041390 -0.103342 0.048693
v 0.041390 -0.103342 0.048693
v 0.041390 -0.103342 0.048693
v 0.041390 -0.103342 0.048693
v 0.041390 -0.103342 0.048693
v 0.039836 -0.100252 0.038985
v 0.039836 -0.100252 0.038985
v 0.039836 -0.100252 0.038985
v 0.039836 -0.100252 0.038985
v 0.039836 -0.100252 0.038985
v 0.039836 -0.100252 0.038985
v 0.039836 -0.100252 0.038985
v 0.039836 -0.100252 0.038985
v 0.039836 -0.100252 0.038985
v 0.040185 -0.101188 0.048692
v 0.040185 -0.101188 0.048692
v 0.040185 -0.101188 0.048692
v 0.040185 -0.101188 0.048692
v 0.040185 -0.101188 0.048692
v 0.039619 -0.099955 0.048692
v 0.039619 -0.099955 0.048692
v 0.039619 -0.099955 0.048692
v 0.039619 -0.099955 0.048692
v 0.039619 -0.099955 0.048692
v 0.049033 -0.113430 0.047709
v 0.049033 -0.113430 0.047709
v 0.049033 -0.113430 0.047709
v 0.049033 -0.113430 0.047709
v 0.049033 -0.113430 0.047709
v 0.049033 -0.113430 0.047709
v 0.049000 -0.113411 0.048691
v 0.049000 -0.113411 0.048691
v 0.049000 -0.113411 0.048691
v 0.049000 -0.113411 0.048691
v 0.049000 -0.113411 0.048691
v 0.049000 -0.113411 0.048691
v 0.046176 -0.110339 0.048803
v 0.046176 -0.110339 0.048803
v 0.046176 -0.110339 0.048803
v 0.046176 -0.110339 0.048803
v 0.045690 -0.109810 0.048822
v 0.045690 -0.109810 0.048822
v 0.045690 -0.109810 0.048822
v 0.045690 -0.109810 0.048822
v 0.049224 -0.113595 0.045320
v 0.049224 -0.113595 0.045320
v 0.049224 -0.113595 0.045320
v 0.049224 -0.113595 0.045320
v 0.049224 -0.113595 0.045320
v 0.049224 -0.113595 0.045320
v 0.049224 -0.113595 0.045320
v 0.049224 -0.113595 0.045320
v 0.049268 -0.113632 0.044772
v 0.049268 -0.113632 0.044772
v 0.049268 -0.113632 0.044772
v 0.049268 -0.113632 0.044772
v 0.050288 -0.115637 0.036834
v 0.050288 -0.115637 0.036834
v 0.050288 -0.115637 0.036834
v 0.050288 -0.115637 0.036834
v 0.050254 -0.115417 0.037146
v 0.050254 -0.115417 0.037146
v 0.050254 -0.115417 0.037146
v 0.050254 -0.115417 0.037146
v 0.050254 -0.115417 0.037146
v 0.045080 -0.110096 0.032421
v 0.045080 -0.110096 0.032421
v 0.045080 -0.110096 0.032421
v 0.045080 -0.110096 0.032421
v 0.045080 -0.110096 0.032421
v 0.045080 -0.110096 0.032421
v 0.045080 -0.110096 0.032421
v 0.045080 -0.110096 0.032421
v 0.049970 -0.114676 0.039005
v 0.049970 -0.114676 0.039005
v 0.049970 -0.114676 0.039005
v 0.049970 -0.114676 0.039005
v 0.049970 -0.114676 0.039005
v 0.044690 -0.108693 0.035273
v 0.044690 -0.108693 0.035273
v 0.044690 -0.108693 0.035273
v 0.044690 -0.108693 0.035273
v 0.044690 -0.108693 0.035273
v 0.044690 -0.108693 0.035273
v 0.049928 -0.114565 0.039284
v 0.049928 -0.114565 0.039284
v 0.049928 -0.114565 0.039284
v 0.049928 -0.114565 0.039284
v 0.049928 -0.114565 0.039284
v 0.044239 -0.107793 0.038604
v 0.044239 -0.107793 0.038604
v 0.044239 -0.107793 0.038604
v 0.044239 -0.107793 0.038604
v 0.044239 -0.107793 0.038604
v 0.044239 -0.107793 0.038604
v 0.049870 -0.114414 0.039663
v 0.049870 -0.114414 0.039663
v 0.049870 -0.114414 0.039663
v 0.049870 -0.114414 0.039663
v 0.049870 -0.114414 0.039663
v 0.049418 -0.113762 0.042898
v 0.049418 -0.113762 0.042898
v 0.049418 -0.113762 0.042898
v 0.049418 -0.113762 0.042898
v 0.049418 -0.113762 0.042898
v 0.050306 -0.115751 0.036673
v 0.050306 -0.115751 0.036673
v 0.050306 -0.115751 0.036673
v 0.050306 -0.115751 0.036673
v 0.050306 -0.115751 0.036673
v 0.045251 -0.112044 0.030076
v 0.045251 -0.112044 0.030076
v 0.045251 -0.112044 0.030076
v 0.045251 -0.112044 0.030076
v 0.045251 -0.112044 0.030076
v 0.045251 -0.112044 0.030076
v 0.045251 -0.112044 0.030076
v 0.045251 -0.112044 0.030076
v 0.050472 -0.116839 0.035132
v 0.050472 -0.116839 0.035132
v 0.050472 -0.116839 0.035132
v 0.050472 -0.116839 0.035132
v 0.050472 -0.116839 0.035132
v 0.050422 -0.118709 0.033590
v 0.050422 -0.118709 0.033590
v 0.050422 -0.118709 0.033590
v 0.050422 -0.118709 0.033590
v 0.050461 -0.117248 0.034795
v 0.050461 -0.117248 0.034795
v 0.050461 -0.117248 0.034795
v 0.050461 -0.117248 0.034795
v 0.050461 -0.117248 0.034795
v 0.050463 -0.117159 0.034868
v 0.050463 -0.117159 0.034868
v 0.050463 -0.117159 0.034868
v 0.050463 -0.117159 0.034868
v 0.038283 -0.109097 0.016112
v 0.038283 -0.109097 0.016112
v 0.038283 -0.109097 0.016112
v 0.038283 -0.109097 0.016112
v 0.038283 -0.109097 0.016112
v 0.040937 -0.109353 0.022462
v 0.040937 -0.109353 0.022462
v 0.040937 -0.109353 0.022462
v 0.040937 -0.109353 0.022462
v 0.040937 -0.109353 0.022462
v 0.040937 -0.109353 0.022462
v 0.041131 -0.106311 0.024772
v 0.041131 -0.106311 0.024772
v 0.041131 -0.106311 0.024772
v 0.041131 -0.106311 0.024772
v 0.041131 -0.106311 0.024772
v 0.041131 -0.106311 0.024772
v 0.040989 -0.103878 0.027520
v 0.040989 -0.103878 0.027520
v 0.040989 -0.103878 0.027520
v 0.040989 -0.103878 0.027520
v 0.040989 -0.103878 0.027520
v 0.040989 -0.103878 0.027520
v 0.040625 -0.102085 0.030794
v 0.040625 -0.102085 0.030794
v 0.040625 -0.102085 0.030794
v 0.040625 -0.102085 0.030794
v 0.040625 -0.102085 0.030794
v 0.040625 -0.102085 0.030794
v 0.040192 -0.100903 0.034626
v 0.040192 -0.100903 0.034626
v 0.040192 -0.100903 0.034626
v 0.040192 -0.100903 0.034626
v 0.040192 -0.100903 0.034626
v 0.040192 -0.100903 0.034626
v 0.117022 -0.066615 0.051862
v 0.117022 -0.066615 0.051862
v 0.117022 -0.066615 0.051862
v 0.117022 -0.066615 0.051862
v 0.117022 -0.066615 0.051862
v 0.118502 -0.071156 0.051862
v 0.118502 -0.071156 0.051862
v 0.118502 -0.071156 0.051862
v 0.118502 -0.071156 0.051862
v 0.118502 -0.071156 0.051862
v 0.118502 -0.071156 0.051862
v 0.118502 -0.071156 0.051862
v 0.119884 -0.080338 0.051861
v 0.119884 -0.080338 0.051861
v 0.119884 -0.080338 0.051861
v 0.119884 -0.080338 0.051861
v 0.119884 -0.080338 0.051861
v 0.119884 -0.080338 0.051861
v 0.119884 -0.080338 0.051861
v 0.119884 -0.080338 0.051861
v 0.118707 -0.071784 0.051862
v 0.118707 -0.071784 0.051862
v 0.118707 -0.071784 0.051862
v 0.118707 -0.071784 0.051862
v 0.118707 -0.071784 0.051862
v 0.118707 -0.071784 0.051862
v 0.119250 -0.089749 0.051861
v 0.119250 -0.089749 0.051861
v 0.119250 -0.089749 0.051861
v 0.119250 -0.089749 0.051861
v 0.119250 -0.089749 0.051861
v 0.119250 -0.089749 0.051861
v 0.119250 -0.089749 0.051861
v 0.119250 -0.089749 0.051861
v 0.119979 -0.081030 0.051861
v 0.119979 -0.081030 0.051861
v 0.119979 -0.081030 0.051861
v 0.119979 -0.081030 0.051861
v 0.119979 -0.081030 0.051861
v 0.119979 -0.081030 0.051861
v 0.119191 -0.090456 0.051861
v 0.119191 -0.090456 0.051861
v 0.119191 -0.090456 0.051861
v 0.119191 -0.090456 0.051861
v 0.119191 -0.090456 0.051861
v 0.117228 -0.096778 0.051861
v 0.117228 -0.096778 0.051861
v 0.117228 -0.096778 0.051861
v 0.117228 -0.096778 0.051861
v 0.117228 -0.096778 0.051861
v 0.117228 -0.096778 0.051861
v 0.117228 -0.096778 0.051861
v 0.116374 -0.099528 0.051861
v 0.116374 -0.099528 0.051861
v 0.116374 -0.099528 0.051861
v 0.116374 -0.099528 0.051861
v 0.116374 -0.099528 0.051861
v 0.116374 -0.099528 0.051861
v 0.046310 -0.110228 0.051862
v 0.046310 -0.110228 0.051862
v 0.046310 -0.110228 0.051862
v 0.046310 -0.110228 0.051862
v 0.046310 -0.110228 0.051862
v 0.046310 -0.110228 0.051862
v 0.046310 -0.110228 0.051862
v 0.046310 -0.110228 0.051862
v 0.049000 -0.113411 0.051862
v 0.049000 -0.113411 0.051862
v 0.049000 -0.113411 0.051862
v 0.049000 -0.113411 0.051862
v 0.043573 -0.106991 0.051862
v 0.043573 -0.106991 0.051862
v 0.043573 -0.106991 0.051862
v 0.043573 -0.106991 0.051862
v 0.043573 -0.106991 0.051862
v 0.043573 -0.106991 0.051862
v 0.043540 -0.106952 0.051862
v 0.043540 -0.106952 0.051862
v 0.043540 -0.106952 0.051862
v 0.043540 -0.106952 0.051862
v 0.043540 -0.106952 0.051862
v 0.041393 -0.103506 0.051862
v 0.041393 -0.103506 0.051862
v 0.041393 -0.103506 0.051862
v 0.041393 -0.103506 0.051862
v 0.041393 -0.103506 0.051862
v 0.041393 -0.103506 0.051862
v 0.041327 -0.103377 0.051862
v 0.041327 -0.103377 0.051862
v 0.041327 -0.103377 0.051862
v 0.041327 -0.103377 0.051862
v 0.041327 -0.103377 0.051862
v 0.040135 -0.101084 0.051862
v 0.040135 -0.101084 0.051862
v 0.040135 -0.101084 0.051862
v 0.040135 -0.101084 0.051862
v 0.040135 -0.101084 0.051862
v 0.040135 -0.101084 0.051862
v 0.039423 -0.099528 0.051862
v 0.039423 -0.099528 0.051862
v 0.039423 -0.099528 0.051862
v 0.039423 -0.099528 0.051862
v 0.039423 -0.099528 0.051862
v 0.039423 -0.099528 0.051862
v 0.039423 -0.099528 0.051862
v 0.039423 -0.099528 0.051862
v 0.038644 -0.097013 0.051863
v 0.038644 -0.097013 0.051863
v 0.038644 -0.097013 0.051863
v 0.038644 -0.097013 0.051863
v 0.038644 -0.097013 0.051863
v 0.038644 -0.097013 0.051863
v 0.036614 -0.090465 0.051863
v 0.036614 -0.090465 0.051863
v 0.036614 -0.090465 0.051863
v 0.036614 -0.090465 0.051863
v 0.036614 -0.090465 0.051863
v 0.036614 -0.090465 0.051863
v 0.036614 -0.090465 0.051863
v 0.036614 -0.090465 0.051863
v 0.038015 -0.094986 0.051863
v 0.038015 -0.094986 0.051863
v 0.038015 -0.094986 0.051863
v 0.038015 -0.094986 0.051863
v 0.038015 -0.094986 0.051863
v 0.038015 -0.094986 0.051863
v 0.036612 -0.090459 0.051863
v 0.036612 -0.090459 0.051863
v 0.036612 -0.090459 0.051863
v 0.036612 -0.090459 0.051863
v 0.036612 -0.090459 0.051863
v 0.036549 -0.089701 0.051863
v 0.036549 -0.089701 0.051863
v 0.036549 -0.089701 0.051863
v 0.036549 -0.089701 0.051863
v 0.036549 -0.089701 0.051863
v 0.035827 -0.081020 0.051863
v 0.035827 -0.081020 0.051863
v 0.035827 -0.081020 0.051863
v 0.035827 -0.081020 0.051863
v 0.035827 -0.081020 0.051863
v 0.035827 -0.081020 0.051863
v 0.035827 -0.081020 0.051863
v 0.035827 -0.081020 0.051863
v 0.035924 -0.080310 0.051863
v 0.035924 -0.080310 0.051863
v 0.035924 -0.080310 0.051863
v 0.035924 -0.080310 0.051863
v 0.035924 -0.080310 0.051863
v 0.035924 -0.080310 0.051863
v 0.035924 -0.080310 0.051863
v 0.035830 -0.080997 0.051863
v 0.035830 -0.080997 0.051863
v 0.035830 -0.080997 0.051863
v 0.035830 -0.080997 0.051863
v 0.035830 -0.080997 0.051863
v 0.038880 -0.066389 0.051863
v 0.038880 -0.066389 0.051863
v 0.038880 -0.066389 0.051863
v 0.038880 -0.066389 0.051863
v 0.038880 -0.066389 0.051863
v 0.038880 -0.066389 0.051863
v 0.037307 -0.071188 0.051863
v 0.037307 -0.071188 0.051863
v 0.037307 -0.071188 0.051863
v 0.037307 -0.071188 0.051863
v 0.037307 -0.071188 0.051863
v 0.037307 -0.071188 0.051863
v 0.037165 -0.071622 0.051863
v 0.037165 -0.071622 0.051863
v 0.037165 -0.071622 0.051863
v 0.037165 -0.071622 0.051863
v 0.037165 -0.071622 0.051863
v 0.037069 -0.071917 0.051863
v 0.037069 -0.071917 0.051863
v 0.037069 -0.071917 0.051863
v 0.037069 -0.071917 0.051863
v 0.037069 -0.071917 0.051863
v 0.037069 -0.071917 0.051863
v 0.107182 -0.052290 0.054802
v 0.107182 -0.052290 0.054802
v 0.107182 -0.052290 0.054802
v 0.107182 -0.052290 0.054802
v 0.107182 -0.052290 0.054802
v 0.107182 -0.052290 0.054802
v 0.107182 -0.052290 0.054802
v 0.107182 -0.052290 0.054802
v 0.099870 -0.046893 0.054802
v 0.099870 -0.046893 0.054802
v 0.099870 -0.046893 0.054802
v 0.099870 -0.046893 0.054802
v 0.099870 -0.046893 0.054802
v 0.099870 -0.046893 0.054802
v 0.099870 -0.046893 0.054802
v 0.099870 -0.046893 0.054802
v 0.099870 -0.046893 0.054802
v 0.099870 -0.046893 0.054802
v 0.099870 -0.046893 0.054802
v 0.099870 -0.046893 0.054802
v 0.099870 -0.046893 0.054802
v 0.091492 -0.043207 0.054803
v 0.091492 -0.043207 0.054803
v 0.091492 -0.043207 0.054803
v 0.091492 -0.043207 0.054803
v 0.091492 -0.043207 0.054803
v 0.091492 -0.043207 0.054803
v 0.091492 -0.043207 0.054803
v 0.091492 -0.043207 0.054803
v 0.091492 -0.043207 0.054803
v 0.091492 -0.043207 0.054803
v 0.082343 -0.041343 0.054803
v 0.082343 -0.041343 0.054803
v 0.082343 -0.041343 0.054803
v 0.082343 -0.041343 0.054803
v 0.082343 -0.041343 0.054803
v 0.082343 -0.041343 0.054803
v 0.082343 -0.041343 0.054803
v 0.082343 -0.041343 0.054803
v 0.082343 -0.041343 0.054803
v 0.082343 -0.041343 0.054803
v 0.082343 -0.041343 0.054803
v 0.072801 -0.041410 0.054803
v 0.072801 -0.041410 0.054803
v 0.072801 -0.041410 0.054803
v 0.072801 -0.041410 0.054803
v 0.072801 -0.041410 0.054803
v 0.072801 -0.041410 0.054803
v 0.072801 -0.041410 0.054803
v 0.072801 -0.041410 0.054803
v 0.072801 -0.041410 0.054803
v 0.066438 -0.042577 0.054803
v 0.066438 -0.042577 0.054803
v 0.066438 -0.042577 0.054803
v 0.066438 -0.042577 0.054803
v 0.066438 -0.042577 0.054803
v 0.066438 -0.042577 0.054803
v 0.066438 -0.042577 0.054803
v 0.066438 -0.042577 0.054803
v 0.066438 -0.042577 0.054803
v 0.066438 -0.042577 0.054803
v 0.057398 -0.046039 0.054803
v 0.057398 -0.046039 0.054803
v 0.057398 -0.046039 0.054803
v 0.057398 -0.046039 0.054803
v 0.057398 -0.046039 0.054803
v 0.057398 -0.046039 0.054803
v 0.057398 -0.046039 0.054803
v 0.057398 -0.046039 0.054803
v 0.057398 -0.046039 0.054803
v 0.057398 -0.046039 0.054803
v 0.049732 -0.051260 0.054803
v 0.049732 -0.051260 0.054803
v 0.049732 -0.051260 0.054803
v 0.049732 -0.051260 0.054803
v 0.049732 -0.051260 0.054803
v 0.049732 -0.051260 0.054803
v 0.049732 -0.051260 0.054803
v 0.049732 -0.051260 0.054803
v 0.049732 -0.051260 0.054803
v 0.049732 -0.051260 0.054803
v 0.049732 -0.051260 0.054803
v 0.043613 -0.057924 0.054803
v 0.043613 -0.057924 0.054803
v 0.043613 -0.057924 0.054803
v 0.043613 -0.057924 0.054803
v 0.043613 -0.057924 0.054803
v 0.043613 -0.057924 0.054803
v 0.043613 -0.057924 0.054803
v 0.043613 -0.057924 0.054803
v 0.043613 -0.057924 0.054803
v 0.043613 -0.057924 0.054803
v 0.043613 -0.057924 0.054803
v 0.043613 -0.057924 0.054803
v 0.040596 -0.062735 0.054803
v 0.040596 -0.062735 0.054803
v 0.040596 -0.062735 0.054803
v 0.040596 -0.062735 0.054803
v 0.040596 -0.062735 0.054803
v 0.040596 -0.062735 0.054803
v 0.040596 -0.062735 0.054803
v 0.040596 -0.062735 0.054803
v 0.108035 -0.053226 0.054802
v 0.108035 -0.053226 0.054802
v 0.108035 -0.053226 0.054802
v 0.108035 -0.053226 0.054802
v 0.108035 -0.053226 0.054802
v 0.108035 -0.053226 0.054802
v 0.108035 -0.053226 0.054802
v 0.109480 -0.054812 0.054802
v 0.109480 -0.054812 0.054802
v 0.109480 -0.054812 0.054802
v 0.109480 -0.054812 0.054802
v 0.109480 -0.054812 0.054802
v 0.111635 -0.057178 0.054802
v 0.111635 -0.057178 0.054802
v 0.111635 -0.057178 0.054802
v 0.111635 -0.057178 0.054802
v 0.111635 -0.057178 0.054802
v 0.111635 -0.057178 0.054802
v 0.111635 -0.057178 0.054802
v 0.111635 -0.057178 0.054802
v 0.115215 -0.062735 0.054802
v 0.115215 -0.062735 0.054802
v 0.115215 -0.062735 0.054802
v 0.115215 -0.062735 0.054802
v 0.115215 -0.062735 0.054802
v 0.115215 -0.062735 0.054802
v 0.115215 -0.062735 0.054802
v 0.115215 -0.062735 0.054802
v 0.115215 -0.062735 0.054802
v 0.115073 -0.102262 0.051861
v 0.115073 -0.102262 0.051861
v 0.115073 -0.102262 0.051861
v 0.115073 -0.102262 0.051861
v 0.115073 -0.102262 0.051861
v 0.115073 -0.102262 0.051861
v 0.115073 -0.102262 0.051861
v 0.115073 -0.102262 0.051861
v 0.114999 -0.102224 0.048691
v 0.114999 -0.102224 0.048691
v 0.114999 -0.102224 0.048691
v 0.114999 -0.102224 0.048691
v 0.113904 -0.104370 0.048691
v 0.113904 -0.104370 0.048691
v 0.113904 -0.104370 0.048691
v 0.113904 -0.104370 0.048691
v 0.113904 -0.104370 0.048691
v 0.113586 -0.104899 0.051861
v 0.113586 -0.104899 0.051861
v 0.113586 -0.104899 0.051861
v 0.113586 -0.104899 0.051861
v 0.113586 -0.104899 0.051861
v 0.113586 -0.104899 0.051861
v 0.113586 -0.104899 0.051861
v 0.113586 -0.104899 0.051861
v 0.113586 -0.104899 0.048691
v 0.113586 -0.104899 0.048691
v 0.113586 -0.104899 0.048691
v 0.113586 -0.104899 0.048691
v 0.113586 -0.104899 0.048691
v 0.110450 -0.109376 0.048690
v 0.110450 -0.109376 0.048690
v 0.110450 -0.109376 0.048690
v 0.110450 -0.109376 0.048690
v 0.110450 -0.109376 0.048690
v 0.107982 -0.112205 0.051861
v 0.107982 -0.112205 0.051861
v 0.107982 -0.112205 0.051861
v 0.107982 -0.112205 0.051861
v 0.107982 -0.112205 0.051861
v 0.108114 -0.111941 0.048683
v 0.108114 -0.111941 0.048683
v 0.108114 -0.111941 0.048683
v 0.108114 -0.111941 0.048683
v 0.108114 -0.111941 0.048683
v 0.107829 -0.112334 0.051861
v 0.107829 -0.112334 0.051861
v 0.107829 -0.112334 0.051861
v 0.107829 -0.112334 0.051861
v 0.107829 -0.112334 0.051861
v 0.107829 -0.112334 0.051861
v 0.107829 -0.112334 0.051861
v 0.107829 -0.112334 0.051861
v 0.107787 -0.112300 0.048682
v 0.107787 -0.112300 0.048682
v 0.107787 -0.112300 0.048682
v 0.107787 -0.112300 0.048682
v 0.098989 -0.119402 0.048692
v 0.098989 -0.119402 0.048692
v 0.098989 -0.119402 0.048692
v 0.098989 -0.119402 0.048692
v 0.098989 -0.119402 0.048692
v 0.100633 -0.118283 0.048704
v 0.100633 -0.118283 0.048704
v 0.100633 -0.118283 0.048704
v 0.100633 -0.118283 0.048704
v 0.100663 -0.118323 0.051861
v 0.100663 -0.118323 0.051861
v 0.100663 -0.118323 0.051861
v 0.100663 -0.118323 0.051861
v 0.100663 -0.118323 0.051861
v 0.100663 -0.118323 0.051861
v 0.100663 -0.118323 0.051861
v 0.100663 -0.118323 0.051861
v 0.100663 -0.118323 0.051861
v 0.100987 -0.118042 0.048707
v 0.100987 -0.118042 0.048707
v 0.100987 -0.118042 0.048707
v 0.100987 -0.118042 0.048707
v 0.100987 -0.118042 0.048707
v 0.100817 -0.118242 0.051861
v 0.100817 -0.118242 0.051861
v 0.100817 -0.118242 0.051861
v 0.100817 -0.118242 0.051861
v 0.100817 -0.118242 0.051861
v 0.103050 -0.116639 0.048721
v 0.103050 -0.116639 0.048721
v 0.103050 -0.116639 0.048721
v 0.103050 -0.116639 0.048721
v 0.103050 -0.116639 0.048721
v 0.106693 -0.113501 0.048678
v 0.106693 -0.113501 0.048678
v 0.106693 -0.113501 0.048678
v 0.106693 -0.113501 0.048678
v 0.106693 -0.113501 0.048678
v 0.092360 -0.122594 0.051861
v 0.092360 -0.122594 0.051861
v 0.092360 -0.122594 0.051861
v 0.092360 -0.122594 0.051861
v 0.092360 -0.122594 0.051861
v 0.092360 -0.122594 0.051861
v 0.092360 -0.122594 0.051861
v 0.092352 -0.122576 0.048691
v 0.092352 -0.122576 0.048691
v 0.092352 -0.122576 0.048691
v 0.092352 -0.122576 0.048691
v 0.092352 -0.122576 0.048691
v 0.092352 -0.122576 0.048691
v 0.092682 -0.122507 0.051861
v 0.092682 -0.122507 0.051861
v 0.092682 -0.122507 0.051861
v 0.092682 -0.122507 0.051861
v 0.092682 -0.122507 0.051861
v 0.092682 -0.122507 0.051861
v 0.092682 -0.122507 0.051861
v 0.092682 -0.122507 0.051861
v 0.092732 -0.122447 0.048691
v 0.092732 -0.122447 0.048691
v 0.092732 -0.122447 0.048691
v 0.092732 -0.122447 0.048691
v 0.093346 -0.122239 0.048691
v 0.093346 -0.122239 0.048691
v 0.093346 -0.122239 0.048691
v 0.093346 -0.122239 0.048691
v 0.093464 -0.122187 0.048691
v 0.093464 -0.122187 0.048691
v 0.093464 -0.122187 0.048691
v 0.093464 -0.122187 0.048691
v 0.093464 -0.122187 0.048691
v 0.093464 -0.122187 0.048691
v 0.095001 -0.121514 0.048691
v 0.095001 -0.121514 0.048691
v 0.095001 -0.121514 0.048691
v 0.095001 -0.121514 0.048691
v 0.095001 -0.121514 0.048691
v 0.096971 -0.120470 0.048692
v 0.096971 -0.120470 0.048692
v 0.096971 -0.120470 0.048692
v 0.096971 -0.120470 0.048692
v 0.072465 -0.124985 0.048695
v 0.072465 -0.124985 0.048695
v 0.072465 -0.124985 0.048695
v 0.072465 -0.124985 0.048695
v 0.073998 -0.125094 0.048695
v 0.073998 -0.125094 0.048695
v 0.073998 -0.125094 0.048695
v 0.073998 -0.125094 0.048695
v 0.073998 -0.125094 0.048695
v 0.073995 -0.125156 0.051861
v 0.073995 -0.125156 0.051861
v 0.073995 -0.125156 0.051861
v 0.073995 -0.125156 0.051861
v 0.073995 -0.125156 0.051861
v 0.073995 -0.125156 0.051861
v 0.073995 -0.125156 0.051861
v 0.073995 -0.125156 0.051861
v 0.073995 -0.125156 0.051861
v 0.074260 -0.125113 0.048695
v 0.074260 -0.125113 0.048695
v 0.074260 -0.125113 0.048695
v 0.074260 -0.125113 0.048695
v 0.074260 -0.125113 0.048695
v 0.074076 -0.125173 0.051861
v 0.074076 -0.125173 0.051861
v 0.074076 -0.125173 0.051861
v 0.074076 -0.125173 0.051861
v 0.074076 -0.125173 0.051861
v 0.077640 -0.125354 0.048696
v 0.077640 -0.125354 0.048696
v 0.077640 -0.125354 0.048696
v 0.077640 -0.125354 0.048696
v 0.077640 -0.125354 0.048696
v 0.077640 -0.125354 0.048696
v 0.083113 -0.125001 0.051861
v 0.083113 -0.125001 0.051861
v 0.083113 -0.125001 0.051861
v 0.083113 -0.125001 0.051861
v 0.083113 -0.125001 0.051861
v 0.083113 -0.125001 0.051861
v 0.083113 -0.125001 0.051861
v 0.079017 -0.125267 0.048695
v 0.079017 -0.125267 0.048695
v 0.079017 -0.125267 0.048695
v 0.079017 -0.125267 0.048695
v 0.082996 -0.125017 0.048695
v 0.082996 -0.125017 0.048695
v 0.082996 -0.125017 0.048695
v 0.082996 -0.125017 0.048695
v 0.082996 -0.125017 0.048695
v 0.082996 -0.125017 0.048695
v 0.083305 -0.124974 0.051861
v 0.083305 -0.124974 0.051861
v 0.083305 -0.124974 0.051861
v 0.083305 -0.124974 0.051861
v 0.083305 -0.124974 0.051861
v 0.083305 -0.124974 0.051861
v 0.083302 -0.124956 0.048694
v 0.083302 -0.124956 0.048694
v 0.083302 -0.124956 0.048694
v 0.083302 -0.124956 0.048694
v 0.083302 -0.124956 0.048694
v 0.083882 -0.124891 0.051861
v 0.083882 -0.124891 0.051861
v 0.083882 -0.124891 0.051861
v 0.083882 -0.124891 0.051861
v 0.083882 -0.124891 0.051861
v 0.083715 -0.124874 0.048694
v 0.083715 -0.124874 0.048694
v 0.083715 -0.124874 0.048694
v 0.083715 -0.124874 0.048694
v 0.083715 -0.124874 0.048694
v 0.083715 -0.124874 0.048694
v 0.088220 -0.123977 0.048693
v 0.088220 -0.123977 0.048693
v 0.088220 -0.123977 0.048693
v 0.088220 -0.123977 0.048693
v 0.061375 -0.121796 0.048692
v 0.061375 -0.121796 0.048692
v 0.061375 -0.121796 0.048692
v 0.061375 -0.121796 0.048692
v 0.062649 -0.122340 0.048694
v 0.062649 -0.122340 0.048694
v 0.062649 -0.122340 0.048694
v 0.062649 -0.122340 0.048694
v 0.064854 -0.123155 0.051862
v 0.064854 -0.123155 0.051862
v 0.064854 -0.123155 0.051862
v 0.064854 -0.123155 0.051862
v 0.064854 -0.123155 0.051862
v 0.064854 -0.123155 0.051862
v 0.064854 -0.123155 0.051862
v 0.064854 -0.123155 0.051862
v 0.064854 -0.123155 0.051862
v 0.064854 -0.123155 0.051862
v 0.056382 -0.119152 0.051862
v 0.056382 -0.119152 0.051862
v 0.056382 -0.119152 0.051862
v 0.056382 -0.119152 0.051862
v 0.056382 -0.119152 0.051862
v 0.056382 -0.119152 0.051862
v 0.056385 -0.119148 0.048692
v 0.056385 -0.119148 0.048692
v 0.056385 -0.119148 0.048692
v 0.056385 -0.119148 0.048692
v 0.056525 -0.119245 0.048689
v 0.056525 -0.119245 0.048689
v 0.056525 -0.119245 0.048689
v 0.056525 -0.119245 0.048689
v 0.056525 -0.119245 0.048689
v 0.056420 -0.119181 0.051862
v 0.056420 -0.119181 0.051862
v 0.056420 -0.119181 0.051862
v 0.056420 -0.119181 0.051862
v 0.056420 -0.119181 0.051862
v 0.060396 -0.121281 0.048691
v 0.060396 -0.121281 0.048691
v 0.060396 -0.121281 0.048691
v 0.060396 -0.121281 0.048691
v 0.060396 -0.121281 0.048691
v 0.060396 -0.121281 0.048691
v 0.060683 -0.121432 0.048692
v 0.060683 -0.121432 0.048692
v 0.060683 -0.121432 0.048692
v 0.060683 -0.121432 0.048692
v 0.060683 -0.121432 0.048692
v 0.064867 -0.123092 0.048694
v 0.064867 -0.123092 0.048694
v 0.064867 -0.123092 0.048694
v 0.064867 -0.123092 0.048694
v 0.064867 -0.123092 0.048694
v 0.064873 -0.123094 0.048694
v 0.064873 -0.123094 0.048694
v 0.064873 -0.123094 0.048694
v 0.064873 -0.123094 0.048694
v 0.064873 -0.123094 0.048694
v 0.064944 -0.123198 0.051862
v 0.064944 -0.123198 0.051862
v 0.064944 -0.123198 0.051862
v 0.064944 -0.123198 0.051862
v 0.064944 -0.123198 0.051862
v 0.067373 -0.123942 0.048694
v 0.067373 -0.123942 0.048694
v 0.067373 -0.123942 0.048694
v 0.067373 -0.123942 0.048694
v 0.067373 -0.123942 0.048694
v 0.069515 -0.124380 0.048695
v 0.069515 -0.124380 0.048695
v 0.069515 -0.124380 0.048695
v 0.069515 -0.124380 0.048695
v 0.069515 -0.124380 0.048695
v 0.056161 -0.118992 0.048698
v 0.056161 -0.118992 0.048698
v 0.056161 -0.118992 0.048698
v 0.056161 -0.118992 0.048698
v 0.056161 -0.118992 0.048698
v 0.056161 -0.118992 0.048698
v 0.052700 -0.116288 0.051862
v 0.052700 -0.116288 0.051862
v 0.052700 -0.116288 0.051862
v 0.052700 -0.116288 0.051862
v 0.052700 -0.116288 0.051862
v 0.052700 -0.116288 0.051862
v 0.052700 -0.116288 0.051862
v 0.052700 -0.116288 0.051862
v 0.052551 -0.116478 0.048787
v 0.052551 -0.116478 0.048787
v 0.052551 -0.116478 0.048787
v 0.052551 -0.116478 0.048787
v 0.052293 -0.116298 0.048794
v 0.052293 -0.116298 0.048794
v 0.052293 -0.116298 0.048794
v 0.052293 -0.116298 0.048794
v 0.052293 -0.116298 0.048794
v 0.116374 -0.099528 0.054801
v 0.116374 -0.099528 0.054801
v 0.116374 -0.099528 0.054801
v 0.116374 -0.099528 0.054801
v 0.116374 -0.099528 0.054801
v 0.116374 -0.099528 0.054801
v 0.116374 -0.099528 0.054801
v 0.116374 -0.099528 0.054801
v 0.116374 -0.099528 0.054801
v 0.119191 -0.090456 0.054801
v 0.119191 -0.090456 0.054801
v 0.119191 -0.090456 0.054801
v 0.119191 -0.090456 0.054801
v 0.119191 -0.090456 0.054801
v 0.119191 -0.090456 0.054801
v 0.119191 -0.090456 0.054801
v 0.119191 -0.090456 0.054801
v 0.119191 -0.090456 0.054801
v 0.119191 -0.090456 0.054801
v 0.119980 -0.081031 0.054801
v 0.119980 -0.081031 0.054801
v 0.119980 -0.081031 0.054801
v 0.119980 -0.081031 0.054801
v 0.119980 -0.081031 0.054801
v 0.119980 -0.081031 0.054801
v 0.119980 -0.081031 0.054801
v 0.119980 -0.081031 0.054801
v 0.119980 -0.081031 0.054801
v 0.119980 -0.081031 0.054801
v 0.118707 -0.071784 0.054802
v 0.118707 -0.071784 0.054802
v 0.118707 -0.071784 0.054802
v 0.118707 -0.071784 0.054802
v 0.118707 -0.071784 0.054802
v 0.118707 -0.071784 0.054802
v 0.118707 -0.071784 0.054802
v 0.118707 -0.071784 0.054802
v 0.118707 -0.071784 0.054802
v 0.118707 -0.071784 0.054802
v 0.118707 -0.071784 0.054802
v 0.117022 -0.066615 0.054802
v 0.117022 -0.066615 0.054802
v 0.117022 -0.066615 0.054802
v 0.117022 -0.066615 0.054802
v 0.117022 -0.066615 0.054802
v 0.117022 -0.066615 0.054802
v 0.117022 -0.066615 0.054802
v 0.039423 -0.099528 0.054802
v 0.039423 -0.099528 0.054802
v 0.039423 -0.099528 0.054802
v 0.039423 -0.099528 0.054802
v 0.039423 -0.099528 0.054802
v 0.039423 -0.099528 0.054802
v 0.041491 -0.103257 0.054802
v 0.041491 -0.103257 0.054802
v 0.041491 -0.103257 0.054802
v 0.041491 -0.103257 0.054802
v 0.041491 -0.103257 0.054802
v 0.041491 -0.103257 0.054802
v 0.041491 -0.103257 0.054802
v 0.041491 -0.103257 0.054802
v 0.043540 -0.106952 0.054802
v 0.043540 -0.106952 0.054802
v 0.043540 -0.106952 0.054802
v 0.043540 -0.106952 0.054802
v 0.043540 -0.106952 0.054802
v 0.043540 -0.106952 0.054802
v 0.043540 -0.106952 0.054802
v 0.043540 -0.106952 0.054802
v 0.043540 -0.106952 0.054802
v 0.049000 -0.113411 0.054802
v 0.049000 -0.113411 0.054802
v 0.049000 -0.113411 0.054802
v 0.049000 -0.113411 0.054802
v 0.049000 -0.113411 0.054802
v 0.049000 -0.113411 0.054802
v 0.049000 -0.113411 0.054802
v 0.049000 -0.113411 0.054802
v 0.046261 -0.110170 0.054802
v 0.046261 -0.110170 0.054802
v 0.046261 -0.110170 0.054802
v 0.046261 -0.110170 0.054802
v 0.046261 -0.110170 0.054802
v 0.046261 -0.110170 0.054802
v 0.046261 -0.110170 0.054802
v 0.046261 -0.110170 0.054802
v 0.037258 -0.071199 0.054803
v 0.037258 -0.071199 0.054803
v 0.037258 -0.071199 0.054803
v 0.037258 -0.071199 0.054803
v 0.037258 -0.071199 0.054803
v 0.037258 -0.071199 0.054803
v 0.037258 -0.071199 0.054803
v 0.037258 -0.071199 0.054803
v 0.037262 -0.071173 0.054803
v 0.037262 -0.071173 0.054803
v 0.037262 -0.071173 0.054803
v 0.037262 -0.071173 0.054803
v 0.037262 -0.071173 0.054803
v 0.037262 -0.071173 0.054803
v 0.035852 -0.080301 0.054803
v 0.035852 -0.080301 0.054803
v 0.035852 -0.080301 0.054803
v 0.035852 -0.080301 0.054803
v 0.035852 -0.080301 0.054803
v 0.035852 -0.080301 0.054803
v 0.035852 -0.080301 0.054803
v 0.035854 -0.080326 0.054803
v 0.035854 -0.080326 0.054803
v 0.035854 -0.080326 0.054803
v 0.035854 -0.080326 0.054803
v 0.035854 -0.080326 0.054803
v 0.035854 -0.080326 0.054803
v 0.035854 -0.080326 0.054803
v 0.035854 -0.080326 0.054803
v 0.036473 -0.089707 0.054803
v 0.036473 -0.089707 0.054803
v 0.036473 -0.089707 0.054803
v 0.036473 -0.089707 0.054803
v 0.036473 -0.089707 0.054803
v 0.036473 -0.089707 0.054803
v 0.036473 -0.089707 0.054803
v 0.036473 -0.089707 0.054803
v 0.036479 -0.089732 0.054803
v 0.036479 -0.089732 0.054803
v 0.036479 -0.089732 0.054803
v 0.036479 -0.089732 0.054803
v 0.036479 -0.089732 0.054803
v 0.036479 -0.089732 0.054803
v 0.036479 -0.089732 0.054803
v 0.038426 -0.096999 0.054803
v 0.038426 -0.096999 0.054803
v 0.038426 -0.096999 0.054803
v 0.038426 -0.096999 0.054803
v 0.038426 -0.096999 0.054803
v 0.038426 -0.096999 0.054803
v 0.038426 -0.096999 0.054803
v 0.038426 -0.096999 0.054803
v 0.038446 -0.097075 0.054803
v 0.038446 -0.097075 0.054803
v 0.038446 -0.097075 0.054803
v 0.038446 -0.097075 0.054803
v 0.038446 -0.097075 0.054803
v 0.038446 -0.097075 0.054803
v 0.038446 -0.097075 0.054803
v 0.038446 -0.097075 0.054803
v 0.038446 -0.097075 0.054803
v 0.091107 -0.043087 0.059913
v 0.091107 -0.043087 0.059913
v 0.091107 -0.043087 0.059913
v 0.091107 -0.043087 0.059913
v 0.091483 -0.043229 0.059944
v 0.091483 -0.043229 0.059944
v 0.091483 -0.043229 0.059944
v 0.091483 -0.043229 0.059944
v 0.091483 -0.043229 0.059944
v 0.097146 -0.045513 0.060450
v 0.097146 -0.045513 0.060450
v 0.097146 -0.045513 0.060450
v 0.097146 -0.045513 0.060450
v 0.099840 -0.046951 0.060769
v 0.099840 -0.046951 0.060769
v 0.099840 -0.046951 0.060769
v 0.099840 -0.046951 0.060769
v 0.101004 -0.047572 0.060906
v 0.101004 -0.047572 0.060906
v 0.101004 -0.047572 0.060906
v 0.101004 -0.047572 0.060906
v 0.101004 -0.047572 0.060906
v 0.104254 -0.049896 0.061421
v 0.104254 -0.049896 0.061421
v 0.104254 -0.049896 0.061421
v 0.104254 -0.049896 0.061421
v 0.104254 -0.049896 0.061421
v 0.105274 -0.050625 0.061582
v 0.105274 -0.050625 0.061582
v 0.105274 -0.050625 0.061582
v 0.105274 -0.050625 0.061582
v 0.105274 -0.050625 0.061582
v 0.107182 -0.052290 0.061951
v 0.107182 -0.052290 0.061951
v 0.107182 -0.052290 0.061951
v 0.107182 -0.052290 0.061951
v 0.096211 -0.045014 0.060340
v 0.096211 -0.045014 0.060340
v 0.096211 -0.045014 0.060340
v 0.096211 -0.045014 0.060340
v 0.096211 -0.045014 0.060340
v 0.080996 -0.041258 0.059508
v 0.080996 -0.041258 0.059508
v 0.080996 -0.041258 0.059508
v 0.080996 -0.041258 0.059508
v 0.082335 -0.041412 0.059542
v 0.082335 -0.041412 0.059542
v 0.082335 -0.041412 0.059542
v 0.082335 -0.041412 0.059542
v 0.085749 -0.041805 0.059629
v 0.085749 -0.041805 0.059629
v 0.085749 -0.041805 0.059629
v 0.085749 -0.041805 0.059629
v 0.085749 -0.041805 0.059629
v 0.085749 -0.041805 0.059629
v 0.089279 -0.042650 0.059816
v 0.089279 -0.042650 0.059816
v 0.089279 -0.042650 0.059816
v 0.089279 -0.042650 0.059816
v 0.072811 -0.041489 0.059559
v 0.072811 -0.041489 0.059559
v 0.072811 -0.041489 0.059559
v 0.072811 -0.041489 0.059559
v 0.074978 -0.041220 0.059499
v 0.074978 -0.041220 0.059499
v 0.074978 -0.041220 0.059499
v 0.074978 -0.041220 0.059499
v 0.074978 -0.041220 0.059499
v 0.080517 -0.041203 0.059495
v 0.080517 -0.041203 0.059495
v 0.080517 -0.041203 0.059495
v 0.080517 -0.041203 0.059495
v 0.080517 -0.041203 0.059495
v 0.066458 -0.042655 0.059817
v 0.066458 -0.042655 0.059817
v 0.066458 -0.042655 0.059817
v 0.066458 -0.042655 0.059817
v 0.069495 -0.041899 0.059650
v 0.069495 -0.041899 0.059650
v 0.069495 -0.041899 0.059650
v 0.069495 -0.041899 0.059650
v 0.069495 -0.041899 0.059650
v 0.069495 -0.041899 0.059650
v 0.072601 -0.041515 0.059565
v 0.072601 -0.041515 0.059565
v 0.072601 -0.041515 0.059565
v 0.072601 -0.041515 0.059565
v 0.056690 -0.046512 0.060672
v 0.056690 -0.046512 0.060672
v 0.056690 -0.046512 0.060672
v 0.056690 -0.046512 0.060672
v 0.057437 -0.046112 0.060583
v 0.057437 -0.046112 0.060583
v 0.057437 -0.046112 0.060583
v 0.057437 -0.046112 0.060583
v 0.059409 -0.045057 0.060350
v 0.059409 -0.045057 0.060350
v 0.059409 -0.045057 0.060350
v 0.059409 -0.045057 0.060350
v 0.059409 -0.045057 0.060350
v 0.064237 -0.043208 0.059940
v 0.064237 -0.043208 0.059940
v 0.064237 -0.043208 0.059940
v 0.064237 -0.043208 0.059940
v 0.064237 -0.043208 0.059940
v 0.049831 -0.051241 0.061720
v 0.049831 -0.051241 0.061720
v 0.049831 -0.051241 0.061720
v 0.049831 -0.051241 0.061720
v 0.050508 -0.050603 0.061578
v 0.050508 -0.050603 0.061578
v 0.050508 -0.050603 0.061578
v 0.050508 -0.050603 0.061578
v 0.050508 -0.050603 0.061578
v 0.054778 -0.047536 0.060899
v 0.054778 -0.047536 0.060899
v 0.054778 -0.047536 0.060899
v 0.054778 -0.047536 0.060899
v 0.054778 -0.047536 0.060899
v 0.043634 -0.057941 0.063204
v 0.043634 -0.057941 0.063204
v 0.043634 -0.057941 0.063204
v 0.043634 -0.057941 0.063204
v 0.044159 -0.057299 0.063061
v 0.044159 -0.057299 0.063061
v 0.044159 -0.057299 0.063061
v 0.044159 -0.057299 0.063061
v 0.046713 -0.054174 0.062369
v 0.046713 -0.054174 0.062369
v 0.046713 -0.054174 0.062369
v 0.046713 -0.054174 0.062369
v 0.046713 -0.054174 0.062369
v 0.049769 -0.051299 0.061732
v 0.049769 -0.051299 0.061732
v 0.049769 -0.051299 0.061732
v 0.049769 -0.051299 0.061732
v 0.049769 -0.051299 0.061732
v 0.040597 -0.062735 0.064266
v 0.040597 -0.062735 0.064266
v 0.040597 -0.062735 0.064266
v 0.040597 -0.062735 0.064266
v 0.040597 -0.062735 0.064266
v 0.043355 -0.058284 0.063279
v 0.043355 -0.058284 0.063279
v 0.043355 -0.058284 0.063279
v 0.043355 -0.058284 0.063279
v 0.043355 -0.058284 0.063279
v 0.115013 -0.062391 0.064188
v 0.115013 -0.062391 0.064188
v 0.115013 -0.062391 0.064188
v 0.115013 -0.062391 0.064188
v 0.115215 -0.062735 0.064264
v 0.115215 -0.062735 0.064264
v 0.115215 -0.062735 0.064264
v 0.115215 -0.062735 0.064264
v 0.115215 -0.062735 0.064264
v 0.110768 -0.056090 0.062792
v 0.110768 -0.056090 0.062792
v 0.110768 -0.056090 0.062792
v 0.110768 -0.056090 0.062792
v 0.110768 -0.056090 0.062792
v 0.111590 -0.057211 0.063041
v 0.111590 -0.057211 0.063041
v 0.111590 -0.057211 0.063041
v 0.111590 -0.057211 0.063041
v 0.112817 -0.058886 0.063412
v 0.112817 -0.058886 0.063412
v 0.112817 -0.058886 0.063412
v 0.112817 -0.058886 0.063412
v 0.112817 -0.058886 0.063412
v 0.113500 -0.059818 0.063619
v 0.113500 -0.059818 0.063619
v 0.113500 -0.059818 0.063619
v 0.113500 -0.059818 0.063619
v 0.113500 -0.059818 0.063619
v 0.110300 -0.055594 0.062682
v 0.110300 -0.055594 0.062682
v 0.110300 -0.055594 0.062682
v 0.110300 -0.055594 0.062682
v 0.110300 -0.055594 0.062682
v 0.109525 -0.054773 0.062501
v 0.109525 -0.054773 0.062501
v 0.109525 -0.054773 0.062501
v 0.109525 -0.054773 0.062501
v 0.109525 -0.054773 0.062501
v 0.109525 -0.054773 0.062501
v 0.108052 -0.053212 0.062155
v 0.108052 -0.053212 0.062155
v 0.108052 -0.053212 0.062155
v 0.108052 -0.053212 0.062155
v 0.107445 -0.052569 0.062013
v 0.107445 -0.052569 0.062013
v 0.107445 -0.052569 0.062013
v 0.107445 -0.052569 0.062013
v 0.107445 -0.052569 0.062013
v 0.113586 -0.104899 0.054801
v 0.113586 -0.104899 0.054801
v 0.113586 -0.104899 0.054801
v 0.113586 -0.104899 0.054801
v 0.113586 -0.104899 0.054801
v 0.115064 -0.102277 0.054801
v 0.115064 -0.102277 0.054801
v 0.115064 -0.102277 0.054801
v 0.115064 -0.102277 0.054801
v 0.115064 -0.102277 0.054801
v 0.115064 -0.102277 0.054801
v 0.115073 -0.102262 0.054801
v 0.115073 -0.102262 0.054801
v 0.115073 -0.102262 0.054801
v 0.115073 -0.102262 0.054801
v 0.115073 -0.102262 0.054801
v 0.115729 -0.100885 0.054801
v 0.115729 -0.100885 0.054801
v 0.115729 -0.100885 0.054801
v 0.115729 -0.100885 0.054801
v 0.115729 -0.100885 0.054801
v 0.115729 -0.100885 0.054801
v 0.116904 -0.098255 0.072134
v 0.116904 -0.098255 0.072134
v 0.116904 -0.098255 0.072134
v 0.116904 -0.098255 0.072134
v 0.116904 -0.098255 0.072134
v 0.116375 -0.099528 0.072416
v 0.116375 -0.099528 0.072416
v 0.116375 -0.099528 0.072416
v 0.116375 -0.099528 0.072416
v 0.119539 -0.088418 0.069954
v 0.119539 -0.088418 0.069954
v 0.119539 -0.088418 0.069954
v 0.119539 -0.088418 0.069954
v 0.119127 -0.090443 0.070403
v 0.119127 -0.090443 0.070403
v 0.119127 -0.090443 0.070403
v 0.119127 -0.090443 0.070403
v 0.119127 -0.090443 0.070403
v 0.118569 -0.093186 0.071011
v 0.118569 -0.093186 0.071011
v 0.118569 -0.093186 0.071011
v 0.118569 -0.093186 0.071011
v 0.118569 -0.093186 0.071011
v 0.118195 -0.094325 0.071263
v 0.118195 -0.094325 0.071263
v 0.118195 -0.094325 0.071263
v 0.118195 -0.094325 0.071263
v 0.119790 -0.078055 0.067658
v 0.119790 -0.078055 0.067658
v 0.119790 -0.078055 0.067658
v 0.119790 -0.078055 0.067658
v 0.119916 -0.081033 0.068318
v 0.119916 -0.081033 0.068318
v 0.119916 -0.081033 0.068318
v 0.119916 -0.081033 0.068318
v 0.119990 -0.082780 0.068705
v 0.119990 -0.082780 0.068705
v 0.119990 -0.082780 0.068705
v 0.119990 -0.082780 0.068705
v 0.119990 -0.082780 0.068705
v 0.119990 -0.082780 0.068705
v 0.119711 -0.086262 0.069476
v 0.119711 -0.086262 0.069476
v 0.119711 -0.086262 0.069476
v 0.119711 -0.086262 0.069476
v 0.118872 -0.072455 0.066417
v 0.118872 -0.072455 0.066417
v 0.118872 -0.072455 0.066417
v 0.118872 -0.072455 0.066417
v 0.119129 -0.073996 0.066759
v 0.119129 -0.073996 0.066759
v 0.119129 -0.073996 0.066759
v 0.119129 -0.073996 0.066759
v 0.119129 -0.073996 0.066759
v 0.119784 -0.077917 0.067627
v 0.119784 -0.077917 0.067627
v 0.119784 -0.077917 0.067627
v 0.119784 -0.077917 0.067627
v 0.119784 -0.077917 0.067627
v 0.119784 -0.077917 0.067627
v 0.117373 -0.067519 0.065324
v 0.117373 -0.067519 0.065324
v 0.117373 -0.067519 0.065324
v 0.117373 -0.067519 0.065324
v 0.117373 -0.067519 0.065324
v 0.118130 -0.070011 0.065876
v 0.118130 -0.070011 0.065876
v 0.118130 -0.070011 0.065876
v 0.118130 -0.070011 0.065876
v 0.118671 -0.071795 0.066271
v 0.118671 -0.071795 0.066271
v 0.118671 -0.071795 0.066271
v 0.118671 -0.071795 0.066271
v 0.118671 -0.071795 0.066271
v 0.116975 -0.066636 0.065128
v 0.116975 -0.066636 0.065128
v 0.116975 -0.066636 0.065128
v 0.116975 -0.066636 0.065128
v 0.116975 -0.066636 0.065128
v 0.116749 -0.066136 0.065017
v 0.116749 -0.066136 0.065017
v 0.116749 -0.066136 0.065017
v 0.116749 -0.066136 0.065017
v 0.116749 -0.066136 0.065017
v 0.056420 -0.119181 0.054802
v 0.056420 -0.119181 0.054802
v 0.056420 -0.119181 0.054802
v 0.056420 -0.119181 0.054802
v 0.056420 -0.119181 0.054802
v 0.056420 -0.119181 0.054802
v 0.056420 -0.119181 0.054802
v 0.056420 -0.119181 0.054802
v 0.056420 -0.119181 0.054802
v 0.056420 -0.119181 0.054802
v 0.056420 -0.119181 0.054802
v 0.064944 -0.123198 0.054802
v 0.064944 -0.123198 0.054802
v 0.064944 -0.123198 0.054802
v 0.064944 -0.123198 0.054802
v 0.064944 -0.123198 0.054802
v 0.064944 -0.123198 0.054802
v 0.064944 -0.123198 0.054802
v 0.064944 -0.123198 0.054802
v 0.064944 -0.123198 0.054802
v 0.064944 -0.123198 0.054802
v 0.064944 -0.123198 0.054802
v 0.064944 -0.123198 0.054802
v 0.074076 -0.125173 0.054801
v 0.074076 -0.125173 0.054801
v 0.074076 -0.125173 0.054801
v 0.074076 -0.125173 0.054801
v 0.074076 -0.125173 0.054801
v 0.074076 -0.125173 0.054801
v 0.074076 -0.125173 0.054801
v 0.074076 -0.125173 0.054801
v 0.074076 -0.125173 0.054801
v 0.083113 -0.125002 0.054801
v 0.083113 -0.125002 0.054801
v 0.083113 -0.125002 0.054801
v 0.083113 -0.125002 0.054801
v 0.083113 -0.125002 0.054801
v 0.083113 -0.125002 0.054801
v 0.083113 -0.125002 0.054801
v 0.083113 -0.125002 0.054801
v 0.083113 -0.125002 0.054801
v 0.083882 -0.124891 0.054801
v 0.083882 -0.124891 0.054801
v 0.083882 -0.124891 0.054801
v 0.083882 -0.124891 0.054801
v 0.083882 -0.124891 0.054801
v 0.083882 -0.124891 0.054801
v 0.083882 -0.124891 0.054801
v 0.092683 -0.122507 0.054801
v 0.092683 -0.122507 0.054801
v 0.092683 -0.122507 0.054801
v 0.092683 -0.122507 0.054801
v 0.092683 -0.122507 0.054801
v 0.092683 -0.122507 0.054801
v 0.092683 -0.122507 0.054801
v 0.092683 -0.122507 0.054801
v 0.092683 -0.122507 0.054801
v 0.092683 -0.122507 0.054801
v 0.092683 -0.122507 0.054801
v 0.092683 -0.122507 0.054801
v 0.100817 -0.118242 0.054801
v 0.100817 -0.118242 0.054801
v 0.100817 -0.118242 0.054801
v 0.100817 -0.118242 0.054801
v 0.100817 -0.118242 0.054801
v 0.100817 -0.118242 0.054801
v 0.100817 -0.118242 0.054801
v 0.100817 -0.118242 0.054801
v 0.100817 -0.118242 0.054801
v 0.107982 -0.112205 0.054801
v 0.107982 -0.112205 0.054801
v 0.107982 -0.112205 0.054801
v 0.107982 -0.112205 0.054801
v 0.107982 -0.112205 0.054801
v 0.107982 -0.112205 0.054801
v 0.107982 -0.112205 0.054801
v 0.107982 -0.112205 0.054801
v 0.107982 -0.112205 0.054801
v 0.107982 -0.112205 0.054801
v 0.039424 -0.099528 0.072417
v 0.039424 -0.099528 0.072417
v 0.039424 -0.099528 0.072417
v 0.039424 -0.099528 0.072417
v 0.039424 -0.099528 0.072417
v 0.039736 -0.100230 0.072573
v 0.039736 -0.100230 0.072573
v 0.039736 -0.100230 0.072573
v 0.039736 -0.100230 0.072573
v 0.039736 -0.100230 0.072573
v 0.042138 -0.104784 0.073582
v 0.042138 -0.104784 0.073582
v 0.042138 -0.104784 0.073582
v 0.042138 -0.104784 0.073582
v 0.041550 -0.103669 0.073335
v 0.041550 -0.103669 0.073335
v 0.041550 -0.103669 0.073335
v 0.041550 -0.103669 0.073335
v 0.041550 -0.103669 0.073335
v 0.041369 -0.103326 0.073259
v 0.041369 -0.103326 0.073259
v 0.041369 -0.103326 0.073259
v 0.041369 -0.103326 0.073259
v 0.046148 -0.110264 0.074796
v 0.046148 -0.110264 0.074796
v 0.046148 -0.110264 0.074796
v 0.046148 -0.110264 0.074796
v 0.045305 -0.109333 0.074590
v 0.045305 -0.109333 0.074590
v 0.045305 -0.109333 0.074590
v 0.045305 -0.109333 0.074590
v 0.043768 -0.107125 0.074101
v 0.043768 -0.107125 0.074101
v 0.043768 -0.107125 0.074101
v 0.043768 -0.107125 0.074101
v 0.043768 -0.107125 0.074101
v 0.043768 -0.107125 0.074101
v 0.043613 -0.106902 0.074051
v 0.043613 -0.106902 0.074051
v 0.043613 -0.106902 0.074051
v 0.043613 -0.106902 0.074051
v 0.043613 -0.106902 0.074051
v 0.046266 -0.110394 0.074825
v 0.046266 -0.110394 0.074825
v 0.046266 -0.110394 0.074825
v 0.046266 -0.110394 0.074825
v 0.046266 -0.110394 0.074825
v 0.046266 -0.110394 0.074825
v 0.049000 -0.113411 0.075493
v 0.049000 -0.113411 0.075493
v 0.049000 -0.113411 0.075493
v 0.049000 -0.113411 0.075493
v 0.113587 -0.104899 0.073606
v 0.113587 -0.104899 0.073606
v 0.113587 -0.104899 0.073606
v 0.113587 -0.104899 0.073606
v 0.113587 -0.104899 0.073606
v 0.113587 -0.104899 0.073606
v 0.115032 -0.102260 0.073021
v 0.115032 -0.102260 0.073021
v 0.115032 -0.102260 0.073021
v 0.115032 -0.102260 0.073021
v 0.115032 -0.102260 0.073021
v 0.115561 -0.101295 0.072807
v 0.115561 -0.101295 0.072807
v 0.115561 -0.101295 0.072807
v 0.115561 -0.101295 0.072807
v 0.115561 -0.101295 0.072807
v 0.115750 -0.100895 0.072719
v 0.115750 -0.100895 0.072719
v 0.115750 -0.100895 0.072719
v 0.115750 -0.100895 0.072719
v 0.115750 -0.100895 0.072719
v 0.115750 -0.100895 0.072719
v 0.115977 -0.100416 0.072613
v 0.115977 -0.100416 0.072613
v 0.115977 -0.100416 0.072613
v 0.115977 -0.100416 0.072613
v 0.115977 -0.100416 0.072613
v 0.049724 -0.114098 0.075645
v 0.049724 -0.114098 0.075645
v 0.049724 -0.114098 0.075645
v 0.049724 -0.114098 0.075645
v 0.049724 -0.114098 0.075645
v 0.052199 -0.116134 0.076097
v 0.052199 -0.116134 0.076097
v 0.052199 -0.116134 0.076097
v 0.052199 -0.116134 0.076097
v 0.053652 -0.117329 0.076362
v 0.053652 -0.117329 0.076362
v 0.053652 -0.117329 0.076362
v 0.053652 -0.117329 0.076362
v 0.062938 -0.122457 0.077497
v 0.062938 -0.122457 0.077497
v 0.062938 -0.122457 0.077497
v 0.062938 -0.122457 0.077497
v 0.059140 -0.120663 0.077100
v 0.059140 -0.120663 0.077100
v 0.059140 -0.120663 0.077100
v 0.059140 -0.120663 0.077100
v 0.059140 -0.120663 0.077100
v 0.058222 -0.120229 0.077004
v 0.058222 -0.120229 0.077004
v 0.058222 -0.120229 0.077004
v 0.058222 -0.120229 0.077004
v 0.058222 -0.120229 0.077004
v 0.058222 -0.120229 0.077004
v 0.056464 -0.119113 0.076757
v 0.056464 -0.119113 0.076757
v 0.056464 -0.119113 0.076757
v 0.056464 -0.119113 0.076757
v 0.056464 -0.119113 0.076757
v 0.067919 -0.124087 0.077859
v 0.067919 -0.124087 0.077859
v 0.067919 -0.124087 0.077859
v 0.067919 -0.124087 0.077859
v 0.067919 -0.124087 0.077859
v 0.066877 -0.123746 0.077783
v 0.066877 -0.123746 0.077783
v 0.066877 -0.123746 0.077783
v 0.066877 -0.123746 0.077783
v 0.064969 -0.123122 0.077645
v 0.064969 -0.123122 0.077645
v 0.064969 -0.123122 0.077645
v 0.064969 -0.123122 0.077645
v 0.072984 -0.125053 0.078072
v 0.072984 -0.125053 0.078072
v 0.072984 -0.125053 0.078072
v 0.072984 -0.125053 0.078072
v 0.072984 -0.125053 0.078072
v 0.074080 -0.125117 0.078087
v 0.074080 -0.125117 0.078087
v 0.074080 -0.125117 0.078087
v 0.074080 -0.125117 0.078087
v 0.078117 -0.125354 0.078139
v 0.078117 -0.125354 0.078139
v 0.078117 -0.125354 0.078139
v 0.078117 -0.125354 0.078139
v 0.078117 -0.125354 0.078139
v 0.078117 -0.125354 0.078139
v 0.075093 -0.125177 0.078100
v 0.075093 -0.125177 0.078100
v 0.075093 -0.125177 0.078100
v 0.075093 -0.125177 0.078100
v 0.083446 -0.124954 0.078050
v 0.083446 -0.124954 0.078050
v 0.083446 -0.124954 0.078050
v 0.083446 -0.124954 0.078050
v 0.083417 -0.124960 0.078052
v 0.083417 -0.124960 0.078052
v 0.083417 -0.124960 0.078052
v 0.083417 -0.124960 0.078052
v 0.083112 -0.124983 0.078057
v 0.083112 -0.124983 0.078057
v 0.083112 -0.124983 0.078057
v 0.083112 -0.124983 0.078057
v 0.083878 -0.124867 0.078031
v 0.083878 -0.124867 0.078031
v 0.083878 -0.124867 0.078031
v 0.083878 -0.124867 0.078031
v 0.083878 -0.124867 0.078031
v 0.083878 -0.124867 0.078031
v 0.088097 -0.124011 0.077841
v 0.088097 -0.124011 0.077841
v 0.088097 -0.124011 0.077841
v 0.088097 -0.124011 0.077841
v 0.088097 -0.124011 0.077841
v 0.091524 -0.122858 0.077586
v 0.091524 -0.122858 0.077586
v 0.091524 -0.122858 0.077586
v 0.091524 -0.122858 0.077586
v 0.098061 -0.119943 0.076939
v 0.098061 -0.119943 0.076939
v 0.098061 -0.119943 0.076939
v 0.098061 -0.119943 0.076939
v 0.093275 -0.122269 0.077455
v 0.093275 -0.122269 0.077455
v 0.093275 -0.122269 0.077455
v 0.093275 -0.122269 0.077455
v 0.093275 -0.122269 0.077455
v 0.092671 -0.122472 0.077500
v 0.092671 -0.122472 0.077500
v 0.092671 -0.122472 0.077500
v 0.092671 -0.122472 0.077500
v 0.105676 -0.114359 0.075702
v 0.105676 -0.114359 0.075702
v 0.105676 -0.114359 0.075702
v 0.105676 -0.114359 0.075702
v 0.106801 -0.113398 0.075489
v 0.106801 -0.113398 0.075489
v 0.106801 -0.113398 0.075489
v 0.106801 -0.113398 0.075489
v 0.106801 -0.113398 0.075489
v 0.102639 -0.116952 0.076277
v 0.102639 -0.116952 0.076277
v 0.102639 -0.116952 0.076277
v 0.102639 -0.116952 0.076277
v 0.100771 -0.118172 0.076547
v 0.100771 -0.118172 0.076547
v 0.100771 -0.118172 0.076547
v 0.100771 -0.118172 0.076547
v 0.100771 -0.118172 0.076547
v 0.100771 -0.118172 0.076547
v 0.099034 -0.119307 0.076798
v 0.099034 -0.119307 0.076798
v 0.099034 -0.119307 0.076798
v 0.099034 -0.119307 0.076798
v 0.111224 -0.108271 0.074353
v 0.111224 -0.108271 0.074353
v 0.111224 -0.108271 0.074353
v 0.111224 -0.108271 0.074353
v 0.110429 -0.109405 0.074604
v 0.110429 -0.109405 0.074604
v 0.110429 -0.109405 0.074604
v 0.110429 -0.109405 0.074604
v 0.107929 -0.112156 0.075214
v 0.107929 -0.112156 0.075214
v 0.107929 -0.112156 0.075214
v 0.107929 -0.112156 0.075214
v 0.107929 -0.112156 0.075214
v 0.104643 -0.052005 0.084379
v 0.104643 -0.052005 0.084379
v 0.104643 -0.052005 0.084379
v 0.104643 -0.052005 0.084379
v 0.104643 -0.052005 0.084379
v 0.107594 -0.054736 0.081966
v 0.107594 -0.054736 0.081966
v 0.107594 -0.054736 0.081966
v 0.107594 -0.054736 0.081966
v 0.107594 -0.054736 0.081966
v 0.105825 -0.051764 0.080050
v 0.105825 -0.051764 0.080050
v 0.105825 -0.051764 0.080050
v 0.105825 -0.051764 0.080050
v 0.105825 -0.051764 0.080050
v 0.105825 -0.051764 0.080050
v 0.105825 -0.051764 0.080050
v 0.105825 -0.051764 0.080050
v 0.064261 -0.013044 0.094682
v 0.064261 -0.013044 0.094682
v 0.064261 -0.013044 0.094682
v 0.064261 -0.013044 0.094682
v 0.064261 -0.013044 0.094682
v 0.063910 -0.013361 0.095272
v 0.063910 -0.013361 0.095272
v 0.063910 -0.013361 0.095272
v 0.063910 -0.013361 0.095272
v 0.063910 -0.013361 0.095272
v 0.073879 -0.024135 0.095189
v 0.073879 -0.024135 0.095189
v 0.073879 -0.024135 0.095189
v 0.073879 -0.024135 0.095189
v 0.073879 -0.024135 0.095189
v 0.073879 -0.024135 0.095189
v 0.073879 -0.024135 0.095189
v 0.065710 -0.011734 0.092240
v 0.065710 -0.011734 0.092240
v 0.065710 -0.011734 0.092240
v 0.065710 -0.011734 0.092240
v 0.065350 -0.012060 0.092846
v 0.065350 -0.012060 0.092846
v 0.065350 -0.012060 0.092846
v 0.065350 -0.012060 0.092846
v 0.065350 -0.012060 0.092846
v 0.074821 -0.022239 0.092812
v 0.074821 -0.022239 0.092812
v 0.074821 -0.022239 0.092812
v 0.074821 -0.022239 0.092812
v 0.074821 -0.022239 0.092812
v 0.074821 -0.022239 0.092812
v 0.074821 -0.022239 0.092812
v 0.074821 -0.022239 0.092812
v 0.062603 -0.014542 0.096779
v 0.062603 -0.014542 0.096779
v 0.062603 -0.014542 0.096779
v 0.062603 -0.014542 0.096779
v 0.062150 -0.014951 0.097191
v 0.062150 -0.014951 0.097191
v 0.062150 -0.014951 0.097191
v 0.062150 -0.014951 0.097191
v 0.062150 -0.014951 0.097191
v 0.072619 -0.026251 0.097171
v 0.072619 -0.026251 0.097171
v 0.072619 -0.026251 0.097171
v 0.072619 -0.026251 0.097171
v 0.072619 -0.026251 0.097171
v 0.072619 -0.026251 0.097171
v 0.072619 -0.026251 0.097171
v 0.072619 -0.026251 0.097171
v 0.035722 -0.058967 0.070242
v 0.035722 -0.058967 0.070242
v 0.035722 -0.058967 0.070242
v 0.035722 -0.058967 0.070242
v 0.035722 -0.058967 0.070242
v 0.033945 -0.057095 0.070409
v 0.033945 -0.057095 0.070409
v 0.033945 -0.057095 0.070409
v 0.033945 -0.057095 0.070409
v 0.033945 -0.057095 0.070409
v 0.038059 -0.051875 0.069527
v 0.038059 -0.051875 0.069527
v 0.038059 -0.051875 0.069527
v 0.038059 -0.051875 0.069527
v 0.038059 -0.051875 0.069527
v 0.038059 -0.051875 0.069527
v 0.038059 -0.051875 0.069527
v 0.056681 -0.019861 0.074871
v 0.056681 -0.019861 0.074871
v 0.056681 -0.019861 0.074871
v 0.056681 -0.019861 0.074871
v 0.056880 -0.019682 0.074993
v 0.056880 -0.019682 0.074993
v 0.056880 -0.019682 0.074993
v 0.056880 -0.019682 0.074993
v 0.056880 -0.019682 0.074993
v 0.056880 -0.019682 0.074993
v 0.062243 -0.025312 0.074760
v 0.062243 -0.025312 0.074760
v 0.062243 -0.025312 0.074760
v 0.062243 -0.025312 0.074760
v 0.062243 -0.025312 0.074760
v 0.062243 -0.025312 0.074760
v 0.062243 -0.025312 0.074760
v 0.062243 -0.025312 0.074760
v 0.039755 -0.063620 0.067131
v 0.039755 -0.063620 0.067131
v 0.039755 -0.063620 0.067131
v 0.039755 -0.063620 0.067131
v 0.039755 -0.063620 0.067131
v 0.039755 -0.063620 0.067131
v 0.039384 -0.063080 0.067874
v 0.039384 -0.063080 0.067874
v 0.039384 -0.063080 0.067874
v 0.039384 -0.063080 0.067874
v 0.043745 -0.056432 0.066245
v 0.043745 -0.056432 0.066245
v 0.043745 -0.056432 0.066245
v 0.043745 -0.056432 0.066245
v 0.043745 -0.056432 0.066245
v 0.043745 -0.056432 0.066245
v 0.043745 -0.056432 0.066245
v 0.043745 -0.056432 0.066245
v 0.115811 -0.100413 0.077199
v 0.115811 -0.100413 0.077199
v 0.115811 -0.100413 0.077199
v 0.115811 -0.100413 0.077199
v 0.115791 -0.100493 0.076806
v 0.115791 -0.100493 0.076806
v 0.115791 -0.100493 0.076806
v 0.115791 -0.100493 0.076806
v 0.115791 -0.100493 0.076806
v 0.115791 -0.100493 0.076806
v 0.115791 -0.100493 0.076806
v 0.115791 -0.100493 0.076806
v 0.118424 -0.093508 0.075149
v 0.118424 -0.093508 0.075149
v 0.118424 -0.093508 0.075149
v 0.118424 -0.093508 0.075149
v 0.118424 -0.093508 0.075149
v 0.118424 -0.093508 0.075149
v 0.118424 -0.093508 0.075149
v 0.118424 -0.093508 0.075149
v 0.118424 -0.093508 0.075149
v 0.119821 -0.085420 0.073183
v 0.119821 -0.085420 0.073183
v 0.119821 -0.085420 0.073183
v 0.119821 -0.085420 0.073183
v 0.119821 -0.085420 0.073183
v 0.119821 -0.085420 0.073183
v 0.119821 -0.085420 0.073183
v 0.119821 -0.085420 0.073183
v 0.118537 -0.072275 0.073795
v 0.118537 -0.072275 0.073795
v 0.118537 -0.072275 0.073795
v 0.118537 -0.072275 0.073795
v 0.118537 -0.072275 0.073795
v 0.118537 -0.072275 0.073795
v 0.118537 -0.072275 0.073795
v 0.118537 -0.072275 0.073795
v 0.039799 -0.064316 0.064616
v 0.039799 -0.064316 0.064616
v 0.039799 -0.064316 0.064616
v 0.039799 -0.064316 0.064616
v 0.039769 -0.063836 0.066350
v 0.039769 -0.063836 0.066350
v 0.039769 -0.063836 0.066350
v 0.039769 -0.063836 0.066350
v 0.039769 -0.063836 0.066350
v 0.039769 -0.063836 0.066350
v 0.039769 -0.063836 0.066350
v 0.044187 -0.056979 0.064689
v 0.044187 -0.056979 0.064689
v 0.044187 -0.056979 0.064689
v 0.044187 -0.056979 0.064689
v 0.044187 -0.056979 0.064689
v 0.044187 -0.056979 0.064689
v 0.044187 -0.056979 0.064689
v 0.044187 -0.056979 0.064689
v 0.044187 -0.056979 0.064689
v 0.044187 -0.056979 0.064689
v 0.049863 -0.051020 0.063379
v 0.049863 -0.051020 0.063379
v 0.049863 -0.051020 0.063379
v 0.049863 -0.051020 0.063379
v 0.049863 -0.051020 0.063379
v 0.049863 -0.051020 0.063379
v 0.049863 -0.051020 0.063379
v 0.049863 -0.051020 0.063379
v 0.056684 -0.046333 0.062498
v 0.056684 -0.046333 0.062498
v 0.056684 -0.046333 0.062498
v 0.056684 -0.046333 0.062498
v 0.056684 -0.046333 0.062498
v 0.056684 -0.046333 0.062498
v 0.056684 -0.046333 0.062498
v 0.056684 -0.046333 0.062498
v 0.056684 -0.046333 0.062498
v 0.064337 -0.043118 0.062061
v 0.064337 -0.043118 0.062061
v 0.064337 -0.043118 0.062061
v 0.064337 -0.043118 0.062061
v 0.064337 -0.043118 0.062061
v 0.064337 -0.043118 0.062061
v 0.064337 -0.043118 0.062061
v 0.072466 -0.041409 0.062050
v 0.072466 -0.041409 0.062050
v 0.072466 -0.041409 0.062050
v 0.072466 -0.041409 0.062050
v 0.072466 -0.041409 0.062050
v 0.072466 -0.041409 0.062050
v 0.072466 -0.041409 0.062050
v 0.072466 -0.041409 0.062050
v 0.072466 -0.041409 0.062050
v 0.080747 -0.041190 0.062447
v 0.080747 -0.041190 0.062447
v 0.080747 -0.041190 0.062447
v 0.080747 -0.041190 0.062447
v 0.080747 -0.041190 0.062447
v 0.080747 -0.041190 0.062447
v 0.080747 -0.041190 0.062447
v 0.080747 -0.041190 0.062447
v 0.088888 -0.042453 0.063251
v 0.088888 -0.042453 0.063251
v 0.088888 -0.042453 0.063251
v 0.088888 -0.042453 0.063251
v 0.088888 -0.042453 0.063251
v 0.088888 -0.042453 0.063251
v 0.088888 -0.042453 0.063251
v 0.088888 -0.042453 0.063251
v 0.088888 -0.042453 0.063251
v 0.096593 -0.045179 0.064463
v 0.096593 -0.045179 0.064463
v 0.096593 -0.045179 0.064463
v 0.096593 -0.045179 0.064463
v 0.096593 -0.045179 0.064463
v 0.096593 -0.045179 0.064463
v 0.096593 -0.045179 0.064463
v 0.096593 -0.045179 0.064463
v 0.103559 -0.049299 0.066076
v 0.103559 -0.049299 0.066076
v 0.103559 -0.049299 0.066076
v 0.103559 -0.049299 0.066076
v 0.103559 -0.049299 0.066076
v 0.103559 -0.049299 0.066076
v 0.103559 -0.049299 0.066076
v 0.106675 -0.051844 0.067027
v 0.106675 -0.051844 0.067027
v 0.106675 -0.051844 0.067027
v 0.106675 -0.051844 0.067027
v 0.106675 -0.051844 0.067027
v 0.106675 -0.051844 0.067027
v 0.106675 -0.051844 0.067027
v 0.106675 -0.051844 0.067027
v 0.106675 -0.051844 0.067027
v 0.106675 -0.051844 0.067027
v 0.112010 -0.057790 0.069166
v 0.112010 -0.057790 0.069166
v 0.112010 -0.057790 0.069166
v 0.112010 -0.057790 0.069166
v 0.112010 -0.057790 0.069166
v 0.112010 -0.057790 0.069166
v 0.112010 -0.057790 0.069166
v 0.112010 -0.057790 0.069166
v 0.109502 -0.054682 0.068064
v 0.109502 -0.054682 0.068064
v 0.109502 -0.054682 0.068064
v 0.109502 -0.054682 0.068064
v 0.109502 -0.054682 0.068064
v 0.109502 -0.054682 0.068064
v 0.114180 -0.061138 0.070305
v 0.114180 -0.061138 0.070305
v 0.114180 -0.061138 0.070305
v 0.114180 -0.061138 0.070305
v 0.114180 -0.061138 0.070305
v 0.114180 -0.061138 0.070305
v 0.114180 -0.061138 0.070305
v 0.115999 -0.064691 0.071463
v 0.115999 -0.064691 0.071463
v 0.115999 -0.064691 0.071463
v 0.115999 -0.064691 0.071463
v 0.115999 -0.064691 0.071463
v 0.115999 -0.064691 0.071463
v 0.115999 -0.064691 0.071463
v 0.115999 -0.064691 0.071463
v 0.117454 -0.068415 0.072628
v 0.117454 -0.068415 0.072628
v 0.117454 -0.068415 0.072628
v 0.117454 -0.068415 0.072628
v 0.117454 -0.068415 0.072628
v 0.117454 -0.068415 0.072628
v 0.117454 -0.068415 0.072628
v 0.119674 -0.077259 0.071143
v 0.119674 -0.077259 0.071143
v 0.119674 -0.077259 0.071143
v 0.119674 -0.077259 0.071143
v 0.119674 -0.077259 0.071143
v 0.119674 -0.077259 0.071143
v 0.119674 -0.077259 0.071143
v 0.115618 -0.101175 0.073465
v 0.115618 -0.101175 0.073465
v 0.115618 -0.101175 0.073465
v 0.115618 -0.101175 0.073465
v 0.115618 -0.101175 0.073465
v 0.115618 -0.101175 0.073465
v 0.115897 -0.100076 0.078850
v 0.115897 -0.100076 0.078850
v 0.115897 -0.100076 0.078850
v 0.115897 -0.100076 0.078850
v 0.115897 -0.100076 0.078850
v 0.118252 -0.092396 0.079359
v 0.118252 -0.092396 0.079359
v 0.118252 -0.092396 0.079359
v 0.118252 -0.092396 0.079359
v 0.118252 -0.092396 0.079359
v 0.118252 -0.092396 0.079359
v 0.118252 -0.092396 0.079359
v 0.118252 -0.092396 0.079359
v 0.115745 -0.099434 0.081123
v 0.115745 -0.099434 0.081123
v 0.115745 -0.099434 0.081123
v 0.115745 -0.099434 0.081123
v 0.115745 -0.099434 0.081123
v 0.114960 -0.097852 0.085548
v 0.114960 -0.097852 0.085548
v 0.114960 -0.097852 0.085548
v 0.114960 -0.097852 0.085548
v 0.114960 -0.097852 0.085548
v 0.115030 -0.097975 0.085231
v 0.115030 -0.097975 0.085231
v 0.115030 -0.097975 0.085231
v 0.115030 -0.097975 0.085231
v 0.115030 -0.097975 0.085231
v 0.117422 -0.090928 0.083383
v 0.117422 -0.090928 0.083383
v 0.117422 -0.090928 0.083383
v 0.117422 -0.090928 0.083383
v 0.117422 -0.090928 0.083383
v 0.117422 -0.090928 0.083383
v 0.117422 -0.090928 0.083383
v 0.117422 -0.090928 0.083383
v 0.115663 -0.099085 0.082361
v 0.115663 -0.099085 0.082361
v 0.115663 -0.099085 0.082361
v 0.115663 -0.099085 0.082361
v 0.115663 -0.099085 0.082361
v 0.115722 -0.099334 0.081478
v 0.115722 -0.099334 0.081478
v 0.115722 -0.099334 0.081478
v 0.115722 -0.099334 0.081478
v 0.113822 -0.096411 0.088315
v 0.113822 -0.096411 0.088315
v 0.113822 -0.096411 0.088315
v 0.113822 -0.096411 0.088315
v 0.113822 -0.096411 0.088315
v 0.115754 -0.088988 0.087134
v 0.115754 -0.088988 0.087134
v 0.115754 -0.088988 0.087134
v 0.115754 -0.088988 0.087134
v 0.115754 -0.088988 0.087134
v 0.115754 -0.088988 0.087134
v 0.115754 -0.088988 0.087134
v 0.115754 -0.088988 0.087134
v 0.113384 -0.095944 0.088985
v 0.113384 -0.095944 0.088985
v 0.113384 -0.095944 0.088985
v 0.113384 -0.095944 0.088985
v 0.110596 -0.093108 0.092580
v 0.110596 -0.093108 0.092580
v 0.110596 -0.093108 0.092580
v 0.110596 -0.093108 0.092580
v 0.110798 -0.093304 0.092369
v 0.110798 -0.093304 0.092369
v 0.110798 -0.093304 0.092369
v 0.110798 -0.093304 0.092369
v 0.113168 -0.086499 0.090545
v 0.113168 -0.086499 0.090545
v 0.113168 -0.086499 0.090545
v 0.113168 -0.086499 0.090545
v 0.113168 -0.086499 0.090545
v 0.113168 -0.086499 0.090545
v 0.113168 -0.086499 0.090545
v 0.113168 -0.086499 0.090545
v 0.111956 -0.094423 0.091165
v 0.111956 -0.094423 0.091165
v 0.111956 -0.094423 0.091165
v 0.111956 -0.094423 0.091165
v 0.111956 -0.094423 0.091165
v 0.113222 -0.095771 0.089232
v 0.113222 -0.095771 0.089232
v 0.113222 -0.095771 0.089232
v 0.113222 -0.095771 0.089232
v 0.113222 -0.095771 0.089232
v 0.109606 -0.092152 0.093608
v 0.109606 -0.092152 0.093608
v 0.109606 -0.092152 0.093608
v 0.109606 -0.092152 0.093608
v 0.109606 -0.092152 0.093608
v 0.109664 -0.083417 0.093572
v 0.109664 -0.083417 0.093572
v 0.109664 -0.083417 0.093572
v 0.109664 -0.083417 0.093572
v 0.109664 -0.083417 0.093572
v 0.109664 -0.083417 0.093572
v 0.109664 -0.083417 0.093572
v 0.109664 -0.083417 0.093572
v 0.107267 -0.090011 0.095355
v 0.107267 -0.090011 0.095355
v 0.107267 -0.090011 0.095355
v 0.107267 -0.090011 0.095355
v 0.107267 -0.090011 0.095355
v 0.105304 -0.079727 0.096193
v 0.105304 -0.079727 0.096193
v 0.105304 -0.079727 0.096193
v 0.105304 -0.079727 0.096193
v 0.105304 -0.079727 0.096193
v 0.105304 -0.079727 0.096193
v 0.105304 -0.079727 0.096193
v 0.106526 -0.089332 0.095909
v 0.106526 -0.089332 0.095909
v 0.106526 -0.089332 0.095909
v 0.106526 -0.089332 0.095909
v 0.106526 -0.089332 0.095909
v 0.106526 -0.089332 0.095909
v 0.107032 -0.089796 0.095530
v 0.107032 -0.089796 0.095530
v 0.107032 -0.089796 0.095530
v 0.107032 -0.089796 0.095530
v 0.100195 -0.075439 0.098401
v 0.100195 -0.075439 0.098401
v 0.100195 -0.075439 0.098401
v 0.100195 -0.075439 0.098401
v 0.100195 -0.075439 0.098401
v 0.100195 -0.075439 0.098401
v 0.100195 -0.075439 0.098401
v 0.102582 -0.085826 0.098056
v 0.102582 -0.085826 0.098056
v 0.102582 -0.085826 0.098056
v 0.102582 -0.085826 0.098056
v 0.102582 -0.085826 0.098056
v 0.102582 -0.085826 0.098056
v 0.102838 -0.086054 0.097916
v 0.102838 -0.086054 0.097916
v 0.102838 -0.086054 0.097916
v 0.102838 -0.086054 0.097916
v 0.091480 -0.076021 0.101742
v 0.091480 -0.076021 0.101742
v 0.091480 -0.076021 0.101742
v 0.091480 -0.076021 0.101742
v 0.091736 -0.076248 0.101671
v 0.091736 -0.076248 0.101671
v 0.091736 -0.076248 0.101671
v 0.091736 -0.076248 0.101671
v 0.091736 -0.076248 0.101671
v 0.094476 -0.070585 0.100200
v 0.094476 -0.070585 0.100200
v 0.094476 -0.070585 0.100200
v 0.094476 -0.070585 0.100200
v 0.094476 -0.070585 0.100200
v 0.094476 -0.070585 0.100200
v 0.094476 -0.070585 0.100200
v 0.094476 -0.070585 0.100200
v 0.097335 -0.081208 0.100116
v 0.097335 -0.081208 0.100116
v 0.097335 -0.081208 0.100116
v 0.097335 -0.081208 0.100116
v 0.097335 -0.081208 0.100116
v 0.097608 -0.081448 0.100009
v 0.097608 -0.081448 0.100009
v 0.097608 -0.081448 0.100009
v 0.097608 -0.081448 0.100009
v 0.091174 -0.075750 0.101827
v 0.091174 -0.075750 0.101827
v 0.091174 -0.075750 0.101827
v 0.091174 -0.075750 0.101827
v 0.091174 -0.075750 0.101827
v 0.088307 -0.065218 0.101611
v 0.088307 -0.065218 0.101611
v 0.088307 -0.065218 0.101611
v 0.088307 -0.065218 0.101611
v 0.088307 -0.065218 0.101611
v 0.088307 -0.065218 0.101611
v 0.088307 -0.065218 0.101611
v 0.088307 -0.065218 0.101611
v 0.088307 -0.065218 0.101611
v 0.088307 -0.065218 0.101611
v 0.085397 -0.070518 0.102927
v 0.085397 -0.070518 0.102927
v 0.085397 -0.070518 0.102927
v 0.085397 -0.070518 0.102927
v 0.085397 -0.070518 0.102927
v 0.075238 -0.061024 0.104267
v 0.075238 -0.061024 0.104267
v 0.075238 -0.061024 0.104267
v 0.075238 -0.061024 0.104267
v 0.075238 -0.061024 0.104267
v 0.083789 -0.069061 0.103233
v 0.083789 -0.069061 0.103233
v 0.083789 -0.069061 0.103233
v 0.083789 -0.069061 0.103233
v 0.083789 -0.069061 0.103233
v 0.085163 -0.070306 0.102972
v 0.085163 -0.070306 0.102972
v 0.085163 -0.070306 0.102972
v 0.085163 -0.070306 0.102972
v 0.075269 -0.053208 0.103391
v 0.075269 -0.053208 0.103391
v 0.075269 -0.053208 0.103391
v 0.075269 -0.053208 0.103391
v 0.075269 -0.053208 0.103391
v 0.075269 -0.053208 0.103391
v 0.075269 -0.053208 0.103391
v 0.075269 -0.053208 0.103391
v 0.075269 -0.053208 0.103391
v 0.071997 -0.057818 0.104482
v 0.071997 -0.057818 0.104482
v 0.071997 -0.057818 0.104482
v 0.071997 -0.057818 0.104482
v 0.058540 -0.044078 0.105087
v 0.058540 -0.044078 0.105087
v 0.058540 -0.044078 0.105087
v 0.058540 -0.044078 0.105087
v 0.058540 -0.044078 0.105087
v 0.065717 -0.051607 0.104898
v 0.065717 -0.051607 0.104898
v 0.065717 -0.051607 0.104898
v 0.065717 -0.051607 0.104898
v 0.065717 -0.051607 0.104898
v 0.071835 -0.057658 0.104492
v 0.071835 -0.057658 0.104492
v 0.071835 -0.057658 0.104492
v 0.071835 -0.057658 0.104492
v 0.049556 -0.026320 0.104007
v 0.049556 -0.026320 0.104007
v 0.049556 -0.026320 0.104007
v 0.049556 -0.026320 0.104007
v 0.049556 -0.026320 0.104007
v 0.045532 -0.029951 0.105216
v 0.045532 -0.029951 0.105216
v 0.045532 -0.029951 0.105216
v 0.045532 -0.029951 0.105216
v 0.045532 -0.029951 0.105216
v 0.045532 -0.029951 0.105216
v 0.062198 -0.040020 0.104095
v 0.062198 -0.040020 0.104095
v 0.062198 -0.040020 0.104095
v 0.062198 -0.040020 0.104095
v 0.062198 -0.040020 0.104095
v 0.062198 -0.040020 0.104095
v 0.062198 -0.040020 0.104095
v 0.062198 -0.040020 0.104095
v 0.062198 -0.040020 0.104095
v 0.055427 -0.040813 0.105169
v 0.055427 -0.040813 0.105169
v 0.055427 -0.040813 0.105169
v 0.055427 -0.040813 0.105169
v 0.055427 -0.040813 0.105169
v 0.058460 -0.043995 0.105089
v 0.058460 -0.043995 0.105089
v 0.058460 -0.043995 0.105089
v 0.058460 -0.043995 0.105089
v 0.039767 -0.063816 0.066423
v 0.039767 -0.063816 0.066423
v 0.039767 -0.063816 0.066423
v 0.039767 -0.063816 0.066423
v 0.067206 -0.022630 0.077504
v 0.067206 -0.022630 0.077504
v 0.067206 -0.022630 0.077504
v 0.067206 -0.022630 0.077504
v 0.067206 -0.022630 0.077504
v 0.067206 -0.022630 0.077504
v 0.067206 -0.022630 0.077504
v 0.036562 -0.059846 0.070004
v 0.036562 -0.059846 0.070004
v 0.036562 -0.059846 0.070004
v 0.036562 -0.059846 0.070004
v 0.036562 -0.059846 0.070004
v 0.036562 -0.059846 0.070004
v 0.036412 -0.059688 0.070046
v 0.036412 -0.059688 0.070046
v 0.036412 -0.059688 0.070046
v 0.036412 -0.059688 0.070046
v 0.040562 -0.053905 0.068731
v 0.040562 -0.053905 0.068731
v 0.040562 -0.053905 0.068731
v 0.040562 -0.053905 0.068731
v 0.040562 -0.053905 0.068731
v 0.040562 -0.053905 0.068731
v 0.040562 -0.053905 0.068731
v 0.040562 -0.053905 0.068731
v 0.036358 -0.059632 0.070062
v 0.036358 -0.059632 0.070062
v 0.036358 -0.059632 0.070062
v 0.036358 -0.059632 0.070062
v 0.045686 -0.048904 0.067930
v 0.045686 -0.048904 0.067930
v 0.045686 -0.048904 0.067930
v 0.045686 -0.048904 0.067930
v 0.045686 -0.048904 0.067930
v 0.045686 -0.048904 0.067930
v 0.042929 -0.047281 0.068955
v 0.042929 -0.047281 0.068955
v 0.042929 -0.047281 0.068955
v 0.042929 -0.047281 0.068955
v 0.042929 -0.047281 0.068955
v 0.042929 -0.047281 0.068955
v 0.051655 -0.044837 0.067667
v 0.051655 -0.044837 0.067667
v 0.051655 -0.044837 0.067667
v 0.051655 -0.044837 0.067667
v 0.051655 -0.044837 0.067667
v 0.051655 -0.044837 0.067667
v 0.048459 -0.043415 0.068865
v 0.048459 -0.043415 0.068865
v 0.048459 -0.043415 0.068865
v 0.048459 -0.043415 0.068865
v 0.048459 -0.043415 0.068865
v 0.048459 -0.043415 0.068865
v 0.058248 -0.041766 0.067931
v 0.058248 -0.041766 0.067931
v 0.058248 -0.041766 0.067931
v 0.058248 -0.041766 0.067931
v 0.058248 -0.041766 0.067931
v 0.058248 -0.041766 0.067931
v 0.039995 -0.045158 0.069604
v 0.039995 -0.045158 0.069604
v 0.039995 -0.045158 0.069604
v 0.039995 -0.045158 0.069604
v 0.039995 -0.045158 0.069604
v 0.039995 -0.045158 0.069604
v 0.035320 -0.049447 0.070000
v 0.035320 -0.049447 0.070000
v 0.035320 -0.049447 0.070000
v 0.035320 -0.049447 0.070000
v 0.035320 -0.049447 0.070000
v 0.035320 -0.049447 0.070000
v 0.035320 -0.049447 0.070000
v 0.032598 -0.046752 0.070200
v 0.032598 -0.046752 0.070200
v 0.032598 -0.046752 0.070200
v 0.032598 -0.046752 0.070200
v 0.032598 -0.046752 0.070200
v 0.032598 -0.046752 0.070200
v 0.032598 -0.046752 0.070200
v 0.031166 -0.054167 0.070669
v 0.031166 -0.054167 0.070669
v 0.031166 -0.054167 0.070669
v 0.031166 -0.054167 0.070669
v 0.031166 -0.054167 0.070669
v 0.031132 -0.054131 0.070672
v 0.031132 -0.054131 0.070672
v 0.031132 -0.054131 0.070672
v 0.031132 -0.054131 0.070672
v 0.028610 -0.051475 0.070909
v 0.028610 -0.051475 0.070909
v 0.028610 -0.051475 0.070909
v 0.028610 -0.051475 0.070909
v 0.028610 -0.051475 0.070909
v 0.028286 -0.051118 0.070911
v 0.028286 -0.051118 0.070911
v 0.028286 -0.051118 0.070911
v 0.028286 -0.051118 0.070911
v 0.028286 -0.051118 0.070911
v 0.028286 -0.051118 0.070911
v 0.025466 -0.048016 0.070926
v 0.025466 -0.048016 0.070926
v 0.025466 -0.048016 0.070926
v 0.025466 -0.048016 0.070926
v 0.025466 -0.048016 0.070926
v 0.043419 -0.031821 0.070743
v 0.043419 -0.031821 0.070743
v 0.043419 -0.031821 0.070743
v 0.043419 -0.031821 0.070743
v 0.043419 -0.031821 0.070743
v 0.043419 -0.031821 0.070743
v 0.046949 -0.035062 0.070473
v 0.046949 -0.035062 0.070473
v 0.046949 -0.035062 0.070473
v 0.046949 -0.035062 0.070473
v 0.046949 -0.035062 0.070473
v 0.046949 -0.035062 0.070473
v 0.046949 -0.035062 0.070473
v 0.041977 -0.038728 0.069983
v 0.041977 -0.038728 0.069983
v 0.041977 -0.038728 0.069983
v 0.041977 -0.038728 0.069983
v 0.041977 -0.038728 0.069983
v 0.041977 -0.038728 0.069983
v 0.041977 -0.038728 0.069983
v 0.052023 -0.031596 0.071388
v 0.052023 -0.031596 0.071388
v 0.052023 -0.031596 0.071388
v 0.052023 -0.031596 0.071388
v 0.052023 -0.031596 0.071388
v 0.052023 -0.031596 0.071388
v 0.052023 -0.031596 0.071388
v 0.052371 -0.023747 0.072922
v 0.052371 -0.023747 0.072922
v 0.052371 -0.023747 0.072922
v 0.052371 -0.023747 0.072922
v 0.052371 -0.023747 0.072922
v 0.057143 -0.028333 0.072783
v 0.057143 -0.028333 0.072783
v 0.057143 -0.028333 0.072783
v 0.057143 -0.028333 0.072783
v 0.057143 -0.028333 0.072783
v 0.057143 -0.028333 0.072783
v 0.052582 -0.023557 0.072998
v 0.052582 -0.023557 0.072998
v 0.052582 -0.023557 0.072998
v 0.052582 -0.023557 0.072998
v 0.052582 -0.023557 0.072998
v 0.055101 -0.021286 0.073901
v 0.055101 -0.021286 0.073901
v 0.055101 -0.021286 0.073901
v 0.055101 -0.021286 0.073901
v 0.055101 -0.021286 0.073901
v 0.043634 -0.031626 0.070778
v 0.043634 -0.031626 0.070778
v 0.043634 -0.031626 0.070778
v 0.043634 -0.031626 0.070778
v 0.043634 -0.031626 0.070778
v 0.047946 -0.027737 0.071466
v 0.047946 -0.027737 0.071466
v 0.047946 -0.027737 0.071466
v 0.047946 -0.027737 0.071466
v 0.047946 -0.027737 0.071466
v 0.048602 -0.027146 0.071570
v 0.048602 -0.027146 0.071570
v 0.048602 -0.027146 0.071570
v 0.048602 -0.027146 0.071570
v 0.048602 -0.027146 0.071570
v 0.098214 -0.051152 0.092376
v 0.098214 -0.051152 0.092376
v 0.098214 -0.051152 0.092376
v 0.098214 -0.051152 0.092376
v 0.098214 -0.051152 0.092376
v 0.102102 -0.051833 0.088559
v 0.102102 -0.051833 0.088559
v 0.102102 -0.051833 0.088559
v 0.102102 -0.051833 0.088559
v 0.102102 -0.051833 0.088559
v 0.102102 -0.051833 0.088559
v 0.102102 -0.051833 0.088559
v 0.102102 -0.051833 0.088559
v 0.093419 -0.046835 0.094008
v 0.093419 -0.046835 0.094008
v 0.093419 -0.046835 0.094008
v 0.093419 -0.046835 0.094008
v 0.093419 -0.046835 0.094008
v 0.093419 -0.046835 0.094008
v 0.093484 -0.043903 0.092084
v 0.093484 -0.043903 0.092084
v 0.093484 -0.043903 0.092084
v 0.093484 -0.043903 0.092084
v 0.093484 -0.043903 0.092084
v 0.083847 -0.034511 0.094247
v 0.083847 -0.034511 0.094247
v 0.083847 -0.034511 0.094247
v 0.083847 -0.034511 0.094247
v 0.083847 -0.034511 0.094247
v 0.083847 -0.034511 0.094247
v 0.092427 -0.038729 0.087314
v 0.092427 -0.038729 0.087314
v 0.092427 -0.038729 0.087314
v 0.092427 -0.038729 0.087314
v 0.092427 -0.038729 0.087314
v 0.092427 -0.038729 0.087314
v 0.099888 -0.046074 0.084249
v 0.099888 -0.046074 0.084249
v 0.099888 -0.046074 0.084249
v 0.099888 -0.046074 0.084249
v 0.099888 -0.046074 0.084249
v 0.090971 -0.036854 0.084565
v 0.090971 -0.036854 0.084565
v 0.090971 -0.036854 0.084565
v 0.090971 -0.036854 0.084565
v 0.090971 -0.036854 0.084565
v 0.090971 -0.036854 0.084565
v 0.098003 -0.043777 0.081853
v 0.098003 -0.043777 0.081853
v 0.098003 -0.043777 0.081853
v 0.098003 -0.043777 0.081853
v 0.098003 -0.043777 0.081853
v 0.098003 -0.043777 0.081853
v 0.088824 -0.035620 0.081933
v 0.088824 -0.035620 0.081933
v 0.088824 -0.035620 0.081933
v 0.088824 -0.035620 0.081933
v 0.088824 -0.035620 0.081933
v 0.088824 -0.035620 0.081933
v 0.095561 -0.041996 0.079559
v 0.095561 -0.041996 0.079559
v 0.095561 -0.041996 0.079559
v 0.095561 -0.041996 0.079559
v 0.095561 -0.041996 0.079559
v 0.095561 -0.041996 0.079559
v 0.086197 -0.034903 0.079637
v 0.086197 -0.034903 0.079637
v 0.086197 -0.034903 0.079637
v 0.086197 -0.034903 0.079637
v 0.086197 -0.034903 0.079637
v 0.086197 -0.034903 0.079637
v 0.092715 -0.040655 0.077528
v 0.092715 -0.040655 0.077528
v 0.092715 -0.040655 0.077528
v 0.092715 -0.040655 0.077528
v 0.092715 -0.040655 0.077528
v 0.092715 -0.040655 0.077528
v 0.080227 -0.034452 0.076032
v 0.080227 -0.034452 0.076032
v 0.080227 -0.034452 0.076032
v 0.080227 -0.034452 0.076032
v 0.080227 -0.034452 0.076032
v 0.080227 -0.034452 0.076032
v 0.086332 -0.038936 0.074249
v 0.086332 -0.038936 0.074249
v 0.086332 -0.038936 0.074249
v 0.086332 -0.038936 0.074249
v 0.086332 -0.038936 0.074249
v 0.086332 -0.038936 0.074249
v 0.073840 -0.034884 0.073397
v 0.073840 -0.034884 0.073397
v 0.073840 -0.034884 0.073397
v 0.073840 -0.034884 0.073397
v 0.073840 -0.034884 0.073397
v 0.073840 -0.034884 0.073397
v 0.079452 -0.038244 0.071789
v 0.079452 -0.038244 0.071789
v 0.079452 -0.038244 0.071789
v 0.079452 -0.038244 0.071789
v 0.079452 -0.038244 0.071789
v 0.079452 -0.038244 0.071789
v 0.067319 -0.036026 0.071468
v 0.067319 -0.036026 0.071468
v 0.067319 -0.036026 0.071468
v 0.067319 -0.036026 0.071468
v 0.067319 -0.036026 0.071468
v 0.067319 -0.036026 0.071468
v 0.072348 -0.038492 0.069969
v 0.072348 -0.038492 0.069969
v 0.072348 -0.038492 0.069969
v 0.072348 -0.038492 0.069969
v 0.072348 -0.038492 0.069969
v 0.072348 -0.038492 0.069969
v 0.060823 -0.037827 0.070109
v 0.060823 -0.037827 0.070109
v 0.060823 -0.037827 0.070109
v 0.060823 -0.037827 0.070109
v 0.060823 -0.037827 0.070109
v 0.060823 -0.037827 0.070109
v 0.065218 -0.039662 0.068697
v 0.065218 -0.039662 0.068697
v 0.065218 -0.039662 0.068697
v 0.065218 -0.039662 0.068697
v 0.065218 -0.039662 0.068697
v 0.065218 -0.039662 0.068697
v 0.054485 -0.040279 0.069250
v 0.054485 -0.040279 0.069250
v 0.054485 -0.040279 0.069250
v 0.054485 -0.040279 0.069250
v 0.054485 -0.040279 0.069250
v 0.054485 -0.040279 0.069250
v 0.066031 -0.035407 0.102482
v 0.066031 -0.035407 0.102482
v 0.066031 -0.035407 0.102482
v 0.066031 -0.035407 0.102482
v 0.066031 -0.035407 0.102482
v 0.066031 -0.035407 0.102482
v 0.066031 -0.035407 0.102482
v 0.078455 -0.047886 0.101657
v 0.078455 -0.047886 0.101657
v 0.078455 -0.047886 0.101657
v 0.078455 -0.047886 0.101657
v 0.078455 -0.047886 0.101657
v 0.078455 -0.047886 0.101657
v 0.069550 -0.030770 0.100250
v 0.069550 -0.030770 0.100250
v 0.069550 -0.030770 0.100250
v 0.069550 -0.030770 0.100250
v 0.069550 -0.030770 0.100250
v 0.069550 -0.030770 0.100250
v 0.069550 -0.030770 0.100250
v 0.069550 -0.030770 0.100250
v 0.054438 -0.021913 0.102333
v 0.054438 -0.021913 0.102333
v 0.054438 -0.021913 0.102333
v 0.054438 -0.021913 0.102333
v 0.054438 -0.021913 0.102333
v 0.053985 -0.022323 0.102581
v 0.053985 -0.022323 0.102581
v 0.053985 -0.022323 0.102581
v 0.053985 -0.022323 0.102581
v 0.053600 -0.022670 0.102791
v 0.053600 -0.022670 0.102791
v 0.053600 -0.022670 0.102791
v 0.053600 -0.022670 0.102791
v 0.053600 -0.022670 0.102791
v 0.050007 -0.025912 0.103871
v 0.050007 -0.025912 0.103871
v 0.050007 -0.025912 0.103871
v 0.050007 -0.025912 0.103871
v 0.050007 -0.025912 0.103871
v 0.063501 -0.013731 0.095962
v 0.063501 -0.013731 0.095962
v 0.063501 -0.013731 0.095962
v 0.063501 -0.013731 0.095962
v 0.063501 -0.013731 0.095962
v 0.066474 -0.011040 0.087052
v 0.066474 -0.011040 0.087052
v 0.066474 -0.011040 0.087052
v 0.066474 -0.011040 0.087052
v 0.066474 -0.011040 0.087052
v 0.074837 -0.019976 0.086889
v 0.074837 -0.019976 0.086889
v 0.074837 -0.019976 0.086889
v 0.074837 -0.019976 0.086889
v 0.074837 -0.019976 0.086889
v 0.074837 -0.019976 0.086889
v 0.074837 -0.019976 0.086889
v 0.074837 -0.019976 0.086889
v 0.066334 -0.011165 0.086248
v 0.066334 -0.011165 0.086248
v 0.066334 -0.011165 0.086248
v 0.066334 -0.011165 0.086248
v 0.066334 -0.011165 0.086248
v 0.073583 -0.019975 0.083924
v 0.073583 -0.019975 0.083924
v 0.073583 -0.019975 0.083924
v 0.073583 -0.019975 0.083924
v 0.073583 -0.019975 0.083924
v 0.073583 -0.019975 0.083924
v 0.073583 -0.019975 0.083924
v 0.073583 -0.019975 0.083924
v 0.065979 -0.011483 0.084213
v 0.065979 -0.011483 0.084213
v 0.065979 -0.011483 0.084213
v 0.065979 -0.011483 0.084213
v 0.065979 -0.011483 0.084213
v 0.064091 -0.013183 0.080914
v 0.064091 -0.013183 0.080914
v 0.064091 -0.013183 0.080914
v 0.064091 -0.013183 0.080914
v 0.064476 -0.012837 0.081587
v 0.064476 -0.012837 0.081587
v 0.064476 -0.012837 0.081587
v 0.064476 -0.012837 0.081587
v 0.064476 -0.012837 0.081587
v 0.071736 -0.020554 0.081382
v 0.071736 -0.020554 0.081382
v 0.071736 -0.020554 0.081382
v 0.071736 -0.020554 0.081382
v 0.071736 -0.020554 0.081382
v 0.071736 -0.020554 0.081382
v 0.071736 -0.020554 0.081382
v 0.071736 -0.020554 0.081382
v 0.071736 -0.020554 0.081382
v 0.065509 -0.011907 0.083391
v 0.065509 -0.011907 0.083391
v 0.065509 -0.011907 0.083391
v 0.065509 -0.011907 0.083391
v 0.065509 -0.011907 0.083391
v 0.065886 -0.011567 0.084050
v 0.065886 -0.011567 0.084050
v 0.065886 -0.011567 0.084050
v 0.065886 -0.011567 0.084050
v 0.066653 -0.010880 0.088078
v 0.066653 -0.010880 0.088078
v 0.066653 -0.010880 0.088078
v 0.066653 -0.010880 0.088078
v 0.066423 -0.011088 0.089296
v 0.066423 -0.011088 0.089296
v 0.066423 -0.011088 0.089296
v 0.066423 -0.011088 0.089296
v 0.066423 -0.011088 0.089296
v 0.075232 -0.020762 0.089993
v 0.075232 -0.020762 0.089993
v 0.075232 -0.020762 0.089993
v 0.075232 -0.020762 0.089993
v 0.075232 -0.020762 0.089993
v 0.075232 -0.020762 0.089993
v 0.075232 -0.020762 0.089993
v 0.066276 -0.011222 0.090079
v 0.066276 -0.011222 0.090079
v 0.066276 -0.011222 0.090079
v 0.066276 -0.011222 0.090079
v 0.066276 -0.011222 0.090079
v 0.065942 -0.011525 0.091850
v 0.065942 -0.011525 0.091850
v 0.065942 -0.011525 0.091850
v 0.065942 -0.011525 0.091850
v 0.065942 -0.011525 0.091850
v 0.084018 -0.030129 0.089184
v 0.084018 -0.030129 0.089184
v 0.084018 -0.030129 0.089184
v 0.084018 -0.030129 0.089184
v 0.084018 -0.030129 0.089184
v 0.084018 -0.030129 0.089184
v 0.083069 -0.028762 0.086193
v 0.083069 -0.028762 0.086193
v 0.083069 -0.028762 0.086193
v 0.083069 -0.028762 0.086193
v 0.083069 -0.028762 0.086193
v 0.083069 -0.028762 0.086193
v 0.081322 -0.028133 0.083334
v 0.081322 -0.028133 0.083334
v 0.081322 -0.028133 0.083334
v 0.081322 -0.028133 0.083334
v 0.081322 -0.028133 0.083334
v 0.081322 -0.028133 0.083334
v 0.079027 -0.028072 0.080869
v 0.079027 -0.028072 0.080869
v 0.079027 -0.028072 0.080869
v 0.079027 -0.028072 0.080869
v 0.079027 -0.028072 0.080869
v 0.079027 -0.028072 0.080869
v 0.073673 -0.028920 0.077072
v 0.073673 -0.028920 0.077072
v 0.073673 -0.028920 0.077072
v 0.073673 -0.028920 0.077072
v 0.073673 -0.028920 0.077072
v 0.073673 -0.028920 0.077072
v 0.067929 -0.030509 0.074354
v 0.067929 -0.030509 0.074354
v 0.067929 -0.030509 0.074354
v 0.067929 -0.030509 0.074354
v 0.067929 -0.030509 0.074354
v 0.067929 -0.030509 0.074354
v 0.062086 -0.032602 0.072385
v 0.062086 -0.032602 0.072385
v 0.062086 -0.032602 0.072385
v 0.062086 -0.032602 0.072385
v 0.062086 -0.032602 0.072385
v 0.062086 -0.032602 0.072385
v 0.056275 -0.035117 0.070995
v 0.056275 -0.035117 0.070995
v 0.056275 -0.035117 0.070995
v 0.056275 -0.035117 0.070995
v 0.056275 -0.035117 0.070995
v 0.056275 -0.035117 0.070995
v 0.050587 -0.038032 0.070093
v 0.050587 -0.038032 0.070093
v 0.050587 -0.038032 0.070093
v 0.050587 -0.038032 0.070093
v 0.050587 -0.038032 0.070093
v 0.050587 -0.038032 0.070093
v 0.045121 -0.041363 0.069635
v 0.045121 -0.041363 0.069635
v 0.045121 -0.041363 0.069635
v 0.045121 -0.041363 0.069635
v 0.045121 -0.041363 0.069635
v 0.045121 -0.041363 0.069635
v 0.037173 -0.042618 0.069894
v 0.037173 -0.042618 0.069894
v 0.037173 -0.042618 0.069894
v 0.037173 -0.042618 0.069894
v 0.037173 -0.042618 0.069894
v 0.037173 -0.042618 0.069894
v 0.037173 -0.042618 0.069894
v 0.037173 -0.042618 0.069894
v 0.059599 -0.017255 0.099514
v 0.059599 -0.017255 0.099514
v 0.059599 -0.017255 0.099514
v 0.059599 -0.017255 0.099514
v 0.059599 -0.017255 0.099514
v 0.058696 -0.018070 0.100007
v 0.058696 -0.018070 0.100007
v 0.058696 -0.018070 0.100007
v 0.058696 -0.018070 0.100007
v 0.058216 -0.018503 0.100269
v 0.058216 -0.018503 0.100269
v 0.058216 -0.018503 0.100269
v 0.058216 -0.018503 0.100269
v 0.058216 -0.018503 0.100269
v 0.083157 -0.037083 0.096215
v 0.083157 -0.037083 0.096215
v 0.083157 -0.037083 0.096215
v 0.083157 -0.037083 0.096215
v 0.083157 -0.037083 0.096215
v 0.083157 -0.037083 0.096215
v 0.081121 -0.042460 0.099332
v 0.081121 -0.042460 0.099332
v 0.081121 -0.042460 0.099332
v 0.081121 -0.042460 0.099332
v 0.081121 -0.042460 0.099332
v 0.081121 -0.042460 0.099332
v 0.092528 -0.052942 0.097174
v 0.092528 -0.052942 0.097174
v 0.092528 -0.052942 0.097174
v 0.092528 -0.052942 0.097174
v 0.092528 -0.052942 0.097174
v 0.092528 -0.052942 0.097174
v 0.090802 -0.059128 0.099659
v 0.090802 -0.059128 0.099659
v 0.090802 -0.059128 0.099659
v 0.090802 -0.059128 0.099659
v 0.090802 -0.059128 0.099659
v 0.090802 -0.059128 0.099659
v 0.097896 -0.057572 0.095552
v 0.097896 -0.057572 0.095552
v 0.097896 -0.057572 0.095552
v 0.097896 -0.057572 0.095552
v 0.097896 -0.057572 0.095552
v 0.097896 -0.057572 0.095552
v 0.096636 -0.064111 0.098122
v 0.096636 -0.064111 0.098122
v 0.096636 -0.064111 0.098122
v 0.096636 -0.064111 0.098122
v 0.096636 -0.064111 0.098122
v 0.096636 -0.064111 0.098122
v 0.102871 -0.061730 0.093560
v 0.102871 -0.061730 0.093560
v 0.102871 -0.061730 0.093560
v 0.102871 -0.061730 0.093560
v 0.102871 -0.061730 0.093560
v 0.102871 -0.061730 0.093560
v 0.102049 -0.068598 0.096203
v 0.102049 -0.068598 0.096203
v 0.102049 -0.068598 0.096203
v 0.102049 -0.068598 0.096203
v 0.102049 -0.068598 0.096203
v 0.102049 -0.068598 0.096203
v 0.107327 -0.065384 0.091202
v 0.107327 -0.065384 0.091202
v 0.107327 -0.065384 0.091202
v 0.107327 -0.065384 0.091202
v 0.107327 -0.065384 0.091202
v 0.107327 -0.065384 0.091202
v 0.106894 -0.072550 0.093895
v 0.106894 -0.072550 0.093895
v 0.106894 -0.072550 0.093895
v 0.106894 -0.072550 0.093895
v 0.106894 -0.072550 0.093895
v 0.106894 -0.072550 0.093895
v 0.111157 -0.068518 0.088499
v 0.111157 -0.068518 0.088499
v 0.111157 -0.068518 0.088499
v 0.111157 -0.068518 0.088499
v 0.111157 -0.068518 0.088499
v 0.111157 -0.068518 0.088499
v 0.111045 -0.075946 0.091206
v 0.111045 -0.075946 0.091206
v 0.111045 -0.075946 0.091206
v 0.111045 -0.075946 0.091206
v 0.111045 -0.075946 0.091206
v 0.111045 -0.075946 0.091206
v 0.114280 -0.071135 0.085479
v 0.114280 -0.071135 0.085479
v 0.114280 -0.071135 0.085479
v 0.114280 -0.071135 0.085479
v 0.114280 -0.071135 0.085479
v 0.114280 -0.071135 0.085479
v 0.114406 -0.078786 0.088154
v 0.114406 -0.078786 0.088154
v 0.114406 -0.078786 0.088154
v 0.114406 -0.078786 0.088154
v 0.114406 -0.078786 0.088154
v 0.114406 -0.078786 0.088154
v 0.116654 -0.073258 0.082181
v 0.116654 -0.073258 0.082181
v 0.116654 -0.073258 0.082181
v 0.116654 -0.073258 0.082181
v 0.116654 -0.073258 0.082181
v 0.116654 -0.073258 0.082181
v 0.116924 -0.081092 0.084772
v 0.116924 -0.081092 0.084772
v 0.116924 -0.081092 0.084772
v 0.116924 -0.081092 0.084772
v 0.116924 -0.081092 0.084772
v 0.116924 -0.081092 0.084772
v 0.118285 -0.074935 0.078654
v 0.118285 -0.074935 0.078654
v 0.118285 -0.074935 0.078654
v 0.118285 -0.074935 0.078654
v 0.118285 -0.074935 0.078654
v 0.118285 -0.074935 0.078654
v 0.118601 -0.082912 0.081106
v 0.118601 -0.082912 0.081106
v 0.118601 -0.082912 0.081106
v 0.118601 -0.082912 0.081106
v 0.118601 -0.082912 0.081106
v 0.118601 -0.082912 0.081106
v 0.119243 -0.076235 0.074953
v 0.119243 -0.076235 0.074953
v 0.119243 -0.076235 0.074953
v 0.119243 -0.076235 0.074953
v 0.119243 -0.076235 0.074953
v 0.119243 -0.076235 0.074953
v 0.119513 -0.084319 0.077218
v 0.119513 -0.084319 0.077218
v 0.119513 -0.084319 0.077218
v 0.119513 -0.084319 0.077218
v 0.119513 -0.084319 0.077218
v 0.119513 -0.084319 0.077218
v 0.108675 -0.053882 0.070793
v 0.108675 -0.053882 0.070793
v 0.108675 -0.053882 0.070793
v 0.108675 -0.053882 0.070793
v 0.108675 -0.053882 0.070793
v 0.108675 -0.053882 0.070793
v 0.111148 -0.056888 0.072103
v 0.111148 -0.056888 0.072103
v 0.111148 -0.056888 0.072103
v 0.111148 -0.056888 0.072103
v 0.111148 -0.056888 0.072103
v 0.111148 -0.056888 0.072103
v 0.113280 -0.060144 0.073436
v 0.113280 -0.060144 0.073436
v 0.113280 -0.060144 0.073436
v 0.113280 -0.060144 0.073436
v 0.113280 -0.060144 0.073436
v 0.113280 -0.060144 0.073436
v 0.115065 -0.063612 0.074765
v 0.115065 -0.063612 0.074765
v 0.115065 -0.063612 0.074765
v 0.115065 -0.063612 0.074765
v 0.115065 -0.063612 0.074765
v 0.115065 -0.063612 0.074765
v 0.116499 -0.067256 0.076082
v 0.116499 -0.067256 0.076082
v 0.116499 -0.067256 0.076082
v 0.116499 -0.067256 0.076082
v 0.116499 -0.067256 0.076082
v 0.116499 -0.067256 0.076082
v 0.116499 -0.067256 0.076082
v 0.102645 -0.055032 0.090391
v 0.102645 -0.055032 0.090391
v 0.102645 -0.055032 0.090391
v 0.102645 -0.055032 0.090391
v 0.102645 -0.055032 0.090391
v 0.106609 -0.058440 0.088071
v 0.106609 -0.058440 0.088071
v 0.106609 -0.058440 0.088071
v 0.106609 -0.058440 0.088071
v 0.106609 -0.058440 0.088071
v 0.106609 -0.058440 0.088071
v 0.105797 -0.055134 0.086306
v 0.105797 -0.055134 0.086306
v 0.105797 -0.055134 0.086306
v 0.105797 -0.055134 0.086306
v 0.105797 -0.055134 0.086306
v 0.105797 -0.055134 0.086306
v 0.110022 -0.061357 0.085441
v 0.110022 -0.061357 0.085441
v 0.110022 -0.061357 0.085441
v 0.110022 -0.061357 0.085441
v 0.110022 -0.061357 0.085441
v 0.110022 -0.061357 0.085441
v 0.108978 -0.057958 0.083762
v 0.108978 -0.057958 0.083762
v 0.108978 -0.057958 0.083762
v 0.108978 -0.057958 0.083762
v 0.108978 -0.057958 0.083762
v 0.108978 -0.057958 0.083762
v 0.101215 -0.048810 0.086516
v 0.101215 -0.048810 0.086516
v 0.101215 -0.048810 0.086516
v 0.101215 -0.048810 0.086516
v 0.101215 -0.048810 0.086516
v 0.101215 -0.048810 0.086516
v 0.101215 -0.048810 0.086516
v 0.084198 -0.032131 0.091917
v 0.084198 -0.032131 0.091917
v 0.084198 -0.032131 0.091917
v 0.084198 -0.032131 0.091917
v 0.084198 -0.032131 0.091917
v 0.084198 -0.032131 0.091917
v 0.093204 -0.041150 0.089862
v 0.093204 -0.041150 0.089862
v 0.093204 -0.041150 0.089862
v 0.093204 -0.041150 0.089862
v 0.093204 -0.041150 0.089862
v 0.093204 -0.041150 0.089862
v 0.101632 -0.047854 0.070619
v 0.101632 -0.047854 0.070619
v 0.101632 -0.047854 0.070619
v 0.101632 -0.047854 0.070619
v 0.101632 -0.047854 0.070619
v 0.100037 -0.046626 0.072656
v 0.100037 -0.046626 0.072656
v 0.100037 -0.046626 0.072656
v 0.100037 -0.046626 0.072656
v 0.100037 -0.046626 0.072656
v 0.104688 -0.050134 0.071946
v 0.104688 -0.050134 0.071946
v 0.104688 -0.050134 0.071946
v 0.104688 -0.050134 0.071946
v 0.104688 -0.050134 0.071946
v 0.104688 -0.050134 0.071946
v 0.103058 -0.048722 0.074170
v 0.103058 -0.048722 0.074170
v 0.103058 -0.048722 0.074170
v 0.103058 -0.048722 0.074170
v 0.103058 -0.048722 0.074170
v 0.103058 -0.048722 0.074170
v 0.107446 -0.052723 0.073398
v 0.107446 -0.052723 0.073398
v 0.107446 -0.052723 0.073398
v 0.107446 -0.052723 0.073398
v 0.107446 -0.052723 0.073398
v 0.107446 -0.052723 0.073398
v 0.105765 -0.051149 0.075838
v 0.105765 -0.051149 0.075838
v 0.105765 -0.051149 0.075838
v 0.105765 -0.051149 0.075838
v 0.105765 -0.051149 0.075838
v 0.105765 -0.051149 0.075838
v 0.109860 -0.055618 0.074924
v 0.109860 -0.055618 0.074924
v 0.109860 -0.055618 0.074924
v 0.109860 -0.055618 0.074924
v 0.109860 -0.055618 0.074924
v 0.109860 -0.055618 0.074924
v 0.108091 -0.053920 0.077586
v 0.108091 -0.053920 0.077586
v 0.108091 -0.053920 0.077586
v 0.108091 -0.053920 0.077586
v 0.108091 -0.053920 0.077586
v 0.108091 -0.053920 0.077586
v 0.111914 -0.058783 0.076453
v 0.111914 -0.058783 0.076453
v 0.111914 -0.058783 0.076453
v 0.111914 -0.058783 0.076453
v 0.111914 -0.058783 0.076453
v 0.111914 -0.058783 0.076453
v 0.110024 -0.056992 0.079311
v 0.110024 -0.056992 0.079311
v 0.110024 -0.056992 0.079311
v 0.110024 -0.056992 0.079311
v 0.110024 -0.056992 0.079311
v 0.110024 -0.056992 0.079311
v 0.113616 -0.062170 0.077948
v 0.113616 -0.062170 0.077948
v 0.113616 -0.062170 0.077948
v 0.113616 -0.062170 0.077948
v 0.113616 -0.062170 0.077948
v 0.113616 -0.062170 0.077948
v 0.111592 -0.060298 0.080962
v 0.111592 -0.060298 0.080962
v 0.111592 -0.060298 0.080962
v 0.111592 -0.060298 0.080962
v 0.111592 -0.060298 0.080962
v 0.111592 -0.060298 0.080962
v 0.114975 -0.065734 0.079401
v 0.114975 -0.065734 0.079401
v 0.114975 -0.065734 0.079401
v 0.114975 -0.065734 0.079401
v 0.114975 -0.065734 0.079401
v 0.114975 -0.065734 0.079401
v 0.112820 -0.063782 0.082537
v 0.112820 -0.063782 0.082537
v 0.112820 -0.063782 0.082537
v 0.112820 -0.063782 0.082537
v 0.112820 -0.063782 0.082537
v 0.112820 -0.063782 0.082537
v 0.042532 -0.055436 0.067616
v 0.042532 -0.055436 0.067616
v 0.042532 -0.055436 0.067616
v 0.042532 -0.055436 0.067616
v 0.042532 -0.055436 0.067616
v 0.042532 -0.055436 0.067616
v 0.042532 -0.055436 0.067616
v 0.042532 -0.055436 0.067616
v 0.049323 -0.050675 0.065039
v 0.049323 -0.050675 0.065039
v 0.049323 -0.050675 0.065039
v 0.049323 -0.050675 0.065039
v 0.049323 -0.050675 0.065039
v 0.049323 -0.050675 0.065039
v 0.047911 -0.050015 0.066588
v 0.047911 -0.050015 0.066588
v 0.047911 -0.050015 0.066588
v 0.047911 -0.050015 0.066588
v 0.047911 -0.050015 0.066588
v 0.047911 -0.050015 0.066588
v 0.055992 -0.046132 0.064368
v 0.055992 -0.046132 0.064368
v 0.055992 -0.046132 0.064368
v 0.055992 -0.046132 0.064368
v 0.055992 -0.046132 0.064368
v 0.055992 -0.046132 0.064368
v 0.054281 -0.045694 0.066126
v 0.054281 -0.045694 0.066126
v 0.054281 -0.045694 0.066126
v 0.054281 -0.045694 0.066126
v 0.054281 -0.045694 0.066126
v 0.054281 -0.045694 0.066126
v 0.063452 -0.042982 0.064222
v 0.063452 -0.042982 0.064222
v 0.063452 -0.042982 0.064222
v 0.063452 -0.042982 0.064222
v 0.063452 -0.042982 0.064222
v 0.063452 -0.042982 0.064222
v 0.061376 -0.042600 0.066216
v 0.061376 -0.042600 0.066216
v 0.061376 -0.042600 0.066216
v 0.061376 -0.042600 0.066216
v 0.061376 -0.042600 0.066216
v 0.061376 -0.042600 0.066216
v 0.071359 -0.041242 0.064559
v 0.071359 -0.041242 0.064559
v 0.071359 -0.041242 0.064559
v 0.071359 -0.041242 0.064559
v 0.071359 -0.041242 0.064559
v 0.071359 -0.041242 0.064559
v 0.068889 -0.040733 0.066816
v 0.068889 -0.040733 0.066816
v 0.068889 -0.040733 0.066816
v 0.068889 -0.040733 0.066816
v 0.068889 -0.040733 0.066816
v 0.068889 -0.040733 0.066816
v 0.079404 -0.040885 0.065358
v 0.079404 -0.040885 0.065358
v 0.079404 -0.040885 0.065358
v 0.079404 -0.040885 0.065358
v 0.079404 -0.040885 0.065358
v 0.079404 -0.040885 0.065358
v 0.076549 -0.040058 0.067910
v 0.076549 -0.040058 0.067910
v 0.076549 -0.040058 0.067910
v 0.076549 -0.040058 0.067910
v 0.076549 -0.040058 0.067910
v 0.076549 -0.040058 0.067910
v 0.087313 -0.041889 0.066622
v 0.087313 -0.041889 0.066622
v 0.087313 -0.041889 0.066622
v 0.087313 -0.041889 0.066622
v 0.087313 -0.041889 0.066622
v 0.087313 -0.041889 0.066622
v 0.084117 -0.040552 0.069515
v 0.084117 -0.040552 0.069515
v 0.084117 -0.040552 0.069515
v 0.084117 -0.040552 0.069515
v 0.084117 -0.040552 0.069515
v 0.084117 -0.040552 0.069515
v 0.094815 -0.044230 0.068367
v 0.094815 -0.044230 0.068367
v 0.094815 -0.044230 0.068367
v 0.094815 -0.044230 0.068367
v 0.094815 -0.044230 0.068367
v 0.094815 -0.044230 0.068367
v 0.094815 -0.044230 0.068367
v 0.094815 -0.044230 0.068367
v 0.091358 -0.042204 0.071681
v 0.091358 -0.042204 0.071681
v 0.091358 -0.042204 0.071681
v 0.091358 -0.042204 0.071681
v 0.091358 -0.042204 0.071681
v 0.098000 -0.045018 0.074499
v 0.098000 -0.045018 0.074499
v 0.098000 -0.045018 0.074499
v 0.098000 -0.045018 0.074499
v 0.098000 -0.045018 0.074499
v 0.098000 -0.045018 0.074499
v 0.098000 -0.045018 0.074499
v 0.100977 -0.046894 0.076196
v 0.100977 -0.046894 0.076196
v 0.100977 -0.046894 0.076196
v 0.100977 -0.046894 0.076196
v 0.100977 -0.046894 0.076196
v 0.100977 -0.046894 0.076196
v 0.103616 -0.049133 0.078079
v 0.103616 -0.049133 0.078079
v 0.103616 -0.049133 0.078079
v 0.103616 -0.049133 0.078079
v 0.103616 -0.049133 0.078079
v 0.103616 -0.049133 0.078079
v 0.029791 -0.044114 0.070439
v 0.029791 -0.044114 0.070439
v 0.029791 -0.044114 0.070439
v 0.029791 -0.044114 0.070439
v 0.029791 -0.044114 0.070439
v 0.029791 -0.044114 0.070439
v 0.034068 -0.040255 0.069957
v 0.034068 -0.040255 0.069957
v 0.034068 -0.040255 0.069957
v 0.034068 -0.040255 0.069957
v 0.034068 -0.040255 0.069957
v 0.034333 -0.040016 0.069961
v 0.034333 -0.040016 0.069961
v 0.034333 -0.040016 0.069961
v 0.034333 -0.040016 0.069961
v 0.034551 -0.039820 0.069965
v 0.034551 -0.039820 0.069965
v 0.034551 -0.039820 0.069965
v 0.034551 -0.039820 0.069965
v 0.034551 -0.039820 0.069965
v 0.034551 -0.039820 0.069965
v 0.038990 -0.035815 0.070037
v 0.038990 -0.035815 0.070037
v 0.038990 -0.035815 0.070037
v 0.038990 -0.035815 0.070037
v 0.039358 -0.063043 0.067926
v 0.039358 -0.063043 0.067926
v 0.039358 -0.063043 0.067926
v 0.039358 -0.063043 0.067926
v 0.039071 -0.062626 0.068499
v 0.039071 -0.062626 0.068499
v 0.039071 -0.062626 0.068499
v 0.039071 -0.062626 0.068499
v 0.039071 -0.062626 0.068499
v 0.039071 -0.062626 0.068499
v 0.038236 -0.061701 0.069000
v 0.038236 -0.061701 0.069000
v 0.038236 -0.061701 0.069000
v 0.038236 -0.061701 0.069000
v 0.038189 -0.061648 0.069028
v 0.038189 -0.061648 0.069028
v 0.038189 -0.061648 0.069028
v 0.038189 -0.061648 0.069028
v 0.060841 -0.016111 0.077425
v 0.060841 -0.016111 0.077425
v 0.060841 -0.016111 0.077425
v 0.060841 -0.016111 0.077425
v 0.061017 -0.015953 0.077599
v 0.061017 -0.015953 0.077599
v 0.061017 -0.015953 0.077599
v 0.061017 -0.015953 0.077599
v 0.061017 -0.015953 0.077599
v 0.061017 -0.015953 0.077599
v 0.063750 -0.013490 0.080318
v 0.063750 -0.013490 0.080318
v 0.063750 -0.013490 0.080318
v 0.063750 -0.013490 0.080318
v 0.063750 -0.013490 0.080318
v 0.037275 -0.071205 0.066142
v 0.037275 -0.071205 0.066142
v 0.037275 -0.071205 0.066142
v 0.037275 -0.071205 0.066142
v 0.037275 -0.071205 0.066142
v 0.038748 -0.066717 0.065147
v 0.038748 -0.066717 0.065147
v 0.038748 -0.066717 0.065147
v 0.038748 -0.066717 0.065147
v 0.038748 -0.066717 0.065147
v 0.038748 -0.066717 0.065147
v 0.035936 -0.080114 0.068115
v 0.035936 -0.080114 0.068115
v 0.035936 -0.080114 0.068115
v 0.035936 -0.080114 0.068115
v 0.035936 -0.080114 0.068115
v 0.036188 -0.076514 0.067318
v 0.036188 -0.076514 0.067318
v 0.036188 -0.076514 0.067318
v 0.036188 -0.076514 0.067318
v 0.037069 -0.072030 0.066325
v 0.037069 -0.072030 0.066325
v 0.037069 -0.072030 0.066325
v 0.037069 -0.072030 0.066325
v 0.037069 -0.072030 0.066325
v 0.037069 -0.072030 0.066325
v 0.037167 -0.071535 0.066215
v 0.037167 -0.071535 0.066215
v 0.037167 -0.071535 0.066215
v 0.037167 -0.071535 0.066215
v 0.036309 -0.088254 0.069919
v 0.036309 -0.088254 0.069919
v 0.036309 -0.088254 0.069919
v 0.036309 -0.088254 0.069919
v 0.036309 -0.088254 0.069919
v 0.036561 -0.089719 0.070244
v 0.036561 -0.089719 0.070244
v 0.036561 -0.089719 0.070244
v 0.036561 -0.089719 0.070244
v 0.036561 -0.089719 0.070244
v 0.036061 -0.086805 0.069598
v 0.036061 -0.086805 0.069598
v 0.036061 -0.086805 0.069598
v 0.036061 -0.086805 0.069598
v 0.035813 -0.081879 0.068506
v 0.035813 -0.081879 0.068506
v 0.035813 -0.081879 0.068506
v 0.035813 -0.081879 0.068506
v 0.035813 -0.081879 0.068506
v 0.035813 -0.081879 0.068506
v 0.035921 -0.080331 0.068164
v 0.035921 -0.080331 0.068164
v 0.035921 -0.080331 0.068164
v 0.035921 -0.080331 0.068164
v 0.036982 -0.092176 0.070788
v 0.036982 -0.092176 0.070788
v 0.036982 -0.092176 0.070788
v 0.036982 -0.092176 0.070788
v 0.036982 -0.092176 0.070788
v 0.038203 -0.096199 0.071680
v 0.038203 -0.096199 0.071680
v 0.038203 -0.096199 0.071680
v 0.038203 -0.096199 0.071680
v 0.039419 -0.099517 0.072415
v 0.039419 -0.099517 0.072415
v 0.039419 -0.099517 0.072415
v 0.039419 -0.099517 0.072415
v 0.039331 -0.099314 0.072371
v 0.039331 -0.099314 0.072371
v 0.039331 -0.099314 0.072371
v 0.039331 -0.099314 0.072371
v 0.039331 -0.099314 0.072371
v 0.038574 -0.097420 0.071950
v 0.038574 -0.097420 0.071950
v 0.038574 -0.097420 0.071950
v 0.038574 -0.097420 0.071950
v 0.038574 -0.097420 0.071950
v 0.038444 -0.096994 0.071856
v 0.038444 -0.096994 0.071856
v 0.038444 -0.096994 0.071856
v 0.038444 -0.096994 0.071856
v 0.037676 -0.099428 0.082150
v 0.037676 -0.099428 0.082150
v 0.037676 -0.099428 0.082150
v 0.037676 -0.099428 0.082150
v 0.037676 -0.099428 0.082150
v 0.037676 -0.099428 0.082150
v 0.035831 -0.097618 0.083031
v 0.035831 -0.097618 0.083031
v 0.035831 -0.097618 0.083031
v 0.035831 -0.097618 0.083031
v 0.035831 -0.097618 0.083031
v 0.033789 -0.090598 0.079492
v 0.033789 -0.090598 0.079492
v 0.033789 -0.090598 0.079492
v 0.033789 -0.090598 0.079492
v 0.033789 -0.090598 0.079492
v 0.033789 -0.090598 0.079492
v 0.033789 -0.090598 0.079492
v 0.051246 -0.115354 0.081967
v 0.051246 -0.115354 0.081967
v 0.051246 -0.115354 0.081967
v 0.051246 -0.115354 0.081967
v 0.051246 -0.115354 0.081967
v 0.051246 -0.115354 0.081967
v 0.051246 -0.115354 0.081967
v 0.051246 -0.115354 0.081967
v 0.051246 -0.115354 0.081967
v 0.051246 -0.115354 0.081967
v 0.036002 -0.087426 0.072907
v 0.036002 -0.087426 0.072907
v 0.036002 -0.087426 0.072907
v 0.036002 -0.087426 0.072907
v 0.036002 -0.087426 0.072907
v 0.036002 -0.087426 0.072907
v 0.036002 -0.087426 0.072907
v 0.036002 -0.087426 0.072907
v 0.012176 -0.060011 0.076204
v 0.012176 -0.060011 0.076204
v 0.012176 -0.060011 0.076204
v 0.012176 -0.060011 0.076204
v 0.012453 -0.059760 0.076052
v 0.012453 -0.059760 0.076052
v 0.012453 -0.059760 0.076052
v 0.012453 -0.059760 0.076052
v 0.012453 -0.059760 0.076052
v 0.021661 -0.070054 0.076249
v 0.021661 -0.070054 0.076249
v 0.021661 -0.070054 0.076249
v 0.021661 -0.070054 0.076249
v 0.021661 -0.070054 0.076249
v 0.021661 -0.070054 0.076249
v 0.021661 -0.070054 0.076249
v 0.021661 -0.070054 0.076249
v 0.021661 -0.070054 0.076249
v 0.031377 -0.042721 0.106062
v 0.031377 -0.042721 0.106062
v 0.031377 -0.042721 0.106062
v 0.031377 -0.042721 0.106062
v 0.031377 -0.042721 0.106062
v 0.027472 -0.046243 0.105388
v 0.027472 -0.046243 0.105388
v 0.027472 -0.046243 0.105388
v 0.027472 -0.046243 0.105388
v 0.027472 -0.046243 0.105388
v 0.040102 -0.060329 0.105598
v 0.040102 -0.060329 0.105598
v 0.040102 -0.060329 0.105598
v 0.040102 -0.060329 0.105598
v 0.040102 -0.060329 0.105598
v 0.040102 -0.060329 0.105598
v 0.040102 -0.060329 0.105598
v 0.098738 -0.092383 0.099567
v 0.098738 -0.092383 0.099567
v 0.098738 -0.092383 0.099567
v 0.098738 -0.092383 0.099567
v 0.098738 -0.092383 0.099567
v 0.098738 -0.092383 0.099567
v 0.098738 -0.092383 0.099567
v 0.106748 -0.100204 0.094355
v 0.106748 -0.100204 0.094355
v 0.106748 -0.100204 0.094355
v 0.106748 -0.100204 0.094355
v 0.106748 -0.100204 0.094355
v 0.106748 -0.100204 0.094355
v 0.106748 -0.100204 0.094355
v 0.106748 -0.100204 0.094355
v 0.106748 -0.100204 0.094355
v 0.106748 -0.100204 0.094355
v 0.109335 -0.103022 0.091051
v 0.109335 -0.103022 0.091051
v 0.109335 -0.103022 0.091051
v 0.109335 -0.103022 0.091051
v 0.109335 -0.103022 0.091051
v 0.109335 -0.103022 0.091051
v 0.109335 -0.103022 0.091051
v 0.109335 -0.103022 0.091051
v 0.110951 -0.105134 0.087313
v 0.110951 -0.105134 0.087313
v 0.110951 -0.105134 0.087313
v 0.110951 -0.105134 0.087313
v 0.110951 -0.105134 0.087313
v 0.110951 -0.105134 0.087313
v 0.111673 -0.106616 0.083212
v 0.111673 -0.106616 0.083212
v 0.111673 -0.106616 0.083212
v 0.111673 -0.106616 0.083212
v 0.111673 -0.106616 0.083212
v 0.111673 -0.106616 0.083212
v 0.111673 -0.106616 0.083212
v 0.111673 -0.106616 0.083212
v 0.111684 -0.107605 0.078852
v 0.111684 -0.107605 0.078852
v 0.111684 -0.107605 0.078852
v 0.111684 -0.107605 0.078852
v 0.111684 -0.107605 0.078852
v 0.111684 -0.107605 0.078852
v 0.111684 -0.107605 0.078852
v 0.111684 -0.107605 0.078852
v 0.111684 -0.107605 0.078852
v 0.111684 -0.107605 0.078852
v 0.111684 -0.107605 0.078852
v 0.066599 -0.123672 0.081507
v 0.066599 -0.123672 0.081507
v 0.066599 -0.123672 0.081507
v 0.066599 -0.123672 0.081507
v 0.066599 -0.123672 0.081507
v 0.066599 -0.123672 0.081507
v 0.066599 -0.123672 0.081507
v 0.066599 -0.123672 0.081507
v 0.066599 -0.123672 0.081507
v 0.074980 -0.125185 0.082126
v 0.074980 -0.125185 0.082126
v 0.074980 -0.125185 0.082126
v 0.074980 -0.125185 0.082126
v 0.074980 -0.125185 0.082126
v 0.074980 -0.125185 0.082126
v 0.074980 -0.125185 0.082126
v 0.074980 -0.125185 0.082126
v 0.074980 -0.125185 0.082126
v 0.083322 -0.124385 0.086376
v 0.083322 -0.124385 0.086376
v 0.083322 -0.124385 0.086376
v 0.083322 -0.124385 0.086376
v 0.083322 -0.124385 0.086376
v 0.083322 -0.124385 0.086376
v 0.083528 -0.124865 0.082293
v 0.083528 -0.124865 0.082293
v 0.083528 -0.124865 0.082293
v 0.083528 -0.124865 0.082293
v 0.083528 -0.124865 0.082293
v 0.083528 -0.124865 0.082293
v 0.083528 -0.124865 0.082293
v 0.083528 -0.124865 0.082293
v 0.083528 -0.124865 0.082293
v 0.091070 -0.120942 0.090189
v 0.091070 -0.120942 0.090189
v 0.091070 -0.120942 0.090189
v 0.091070 -0.120942 0.090189
v 0.091070 -0.120942 0.090189
v 0.091070 -0.120942 0.090189
v 0.091728 -0.122178 0.086254
v 0.091728 -0.122178 0.086254
v 0.091728 -0.122178 0.086254
v 0.091728 -0.122178 0.086254
v 0.091728 -0.122178 0.086254
v 0.091728 -0.122178 0.086254
v 0.091806 -0.122748 0.082009
v 0.091806 -0.122748 0.082009
v 0.091806 -0.122748 0.082009
v 0.091806 -0.122748 0.082009
v 0.091806 -0.122748 0.082009
v 0.091806 -0.122748 0.082009
v 0.091806 -0.122748 0.082009
v 0.091806 -0.122748 0.082009
v 0.091806 -0.122748 0.082009
v 0.099447 -0.119017 0.081310
v 0.099447 -0.119017 0.081310
v 0.099447 -0.119017 0.081310
v 0.099447 -0.119017 0.081310
v 0.099447 -0.119017 0.081310
v 0.099447 -0.119017 0.081310
v 0.099447 -0.119017 0.081310
v 0.099447 -0.119017 0.081310
v 0.106154 -0.113888 0.080241
v 0.106154 -0.113888 0.080241
v 0.106154 -0.113888 0.080241
v 0.106154 -0.113888 0.080241
v 0.106154 -0.113888 0.080241
v 0.106154 -0.113888 0.080241
v 0.106154 -0.113888 0.080241
v 0.106154 -0.113888 0.080241
v 0.106154 -0.113888 0.080241
v 0.097351 -0.114870 0.093319
v 0.097351 -0.114870 0.093319
v 0.097351 -0.114870 0.093319
v 0.097351 -0.114870 0.093319
v 0.097351 -0.114870 0.093319
v 0.097351 -0.114870 0.093319
v 0.098812 -0.116990 0.089694
v 0.098812 -0.116990 0.089694
v 0.098812 -0.116990 0.089694
v 0.098812 -0.116990 0.089694
v 0.098812 -0.116990 0.089694
v 0.098812 -0.116990 0.089694
v 0.099453 -0.118317 0.085654
v 0.099453 -0.118317 0.085654
v 0.099453 -0.118317 0.085654
v 0.099453 -0.118317 0.085654
v 0.099453 -0.118317 0.085654
v 0.099453 -0.118317 0.085654
v 0.101496 -0.106562 0.095648
v 0.101496 -0.106562 0.095648
v 0.101496 -0.106562 0.095648
v 0.101496 -0.106562 0.095648
v 0.101496 -0.106562 0.095648
v 0.101496 -0.106562 0.095648
v 0.103985 -0.109489 0.092416
v 0.103985 -0.109489 0.092416
v 0.103985 -0.109489 0.092416
v 0.103985 -0.109489 0.092416
v 0.103985 -0.109489 0.092416
v 0.103985 -0.109489 0.092416
v 0.105521 -0.111623 0.088717
v 0.105521 -0.111623 0.088717
v 0.105521 -0.111623 0.088717
v 0.105521 -0.111623 0.088717
v 0.105521 -0.111623 0.088717
v 0.105521 -0.111623 0.088717
v 0.106184 -0.113038 0.084622
v 0.106184 -0.113038 0.084622
v 0.106184 -0.113038 0.084622
v 0.106184 -0.113038 0.084622
v 0.106184 -0.113038 0.084622
v 0.106184 -0.113038 0.084622
v 0.103194 -0.096654 0.097195
v 0.103194 -0.096654 0.097195
v 0.103194 -0.096654 0.097195
v 0.103194 -0.096654 0.097195
v 0.103194 -0.096654 0.097195
v 0.103194 -0.096654 0.097195
v 0.103194 -0.096654 0.097195
v 0.093492 -0.087436 0.101484
v 0.093492 -0.087436 0.101484
v 0.093492 -0.087436 0.101484
v 0.093492 -0.087436 0.101484
v 0.093492 -0.087436 0.101484
v 0.093492 -0.087436 0.101484
v 0.093492 -0.087436 0.101484
v 0.093492 -0.087436 0.101484
v 0.093492 -0.087436 0.101484
v 0.088594 -0.093066 0.102407
v 0.088594 -0.093066 0.102407
v 0.088594 -0.093066 0.102407
v 0.088594 -0.093066 0.102407
v 0.088594 -0.093066 0.102407
v 0.093718 -0.098305 0.100629
v 0.093718 -0.098305 0.100629
v 0.093718 -0.098305 0.100629
v 0.093718 -0.098305 0.100629
v 0.093718 -0.098305 0.100629
v 0.093718 -0.098305 0.100629
v 0.087601 -0.103326 0.101199
v 0.087601 -0.103326 0.101199
v 0.087601 -0.103326 0.101199
v 0.087601 -0.103326 0.101199
v 0.087601 -0.103326 0.101199
v 0.087601 -0.103326 0.101199
v 0.091725 -0.108021 0.099078
v 0.091725 -0.108021 0.099078
v 0.091725 -0.108021 0.099078
v 0.091725 -0.108021 0.099078
v 0.091725 -0.108021 0.099078
v 0.091725 -0.108021 0.099078
v 0.084405 -0.111968 0.099230
v 0.084405 -0.111968 0.099230
v 0.084405 -0.111968 0.099230
v 0.084405 -0.111968 0.099230
v 0.084405 -0.111968 0.099230
v 0.084405 -0.111968 0.099230
v 0.087455 -0.115874 0.096724
v 0.087455 -0.115874 0.096724
v 0.087455 -0.115874 0.096724
v 0.087455 -0.115874 0.096724
v 0.087455 -0.115874 0.096724
v 0.087455 -0.115874 0.096724
v 0.079184 -0.118291 0.096408
v 0.079184 -0.118291 0.096408
v 0.079184 -0.118291 0.096408
v 0.079184 -0.118291 0.096408
v 0.079184 -0.118291 0.096408
v 0.079184 -0.118291 0.096408
v 0.081258 -0.121222 0.093521
v 0.081258 -0.121222 0.093521
v 0.081258 -0.121222 0.093521
v 0.081258 -0.121222 0.093521
v 0.081258 -0.121222 0.093521
v 0.081258 -0.121222 0.093521
v 0.072523 -0.121733 0.092733
v 0.072523 -0.121733 0.092733
v 0.072523 -0.121733 0.092733
v 0.072523 -0.121733 0.092733
v 0.072523 -0.121733 0.092733
v 0.072523 -0.121733 0.092733
v 0.073850 -0.123643 0.089551
v 0.073850 -0.123643 0.089551
v 0.073850 -0.123643 0.089551
v 0.073850 -0.123643 0.089551
v 0.073850 -0.123643 0.089551
v 0.073850 -0.123643 0.089551
v 0.065293 -0.122161 0.088385
v 0.065293 -0.122161 0.088385
v 0.065293 -0.122161 0.088385
v 0.065293 -0.122161 0.088385
v 0.065293 -0.122161 0.088385
v 0.065293 -0.122161 0.088385
v 0.066129 -0.123208 0.085078
v 0.066129 -0.123208 0.085078
v 0.066129 -0.123208 0.085078
v 0.066129 -0.123208 0.085078
v 0.066129 -0.123208 0.085078
v 0.066129 -0.123208 0.085078
v 0.058238 -0.119993 0.083716
v 0.058238 -0.119993 0.083716
v 0.058238 -0.119993 0.083716
v 0.058238 -0.119993 0.083716
v 0.058238 -0.119993 0.083716
v 0.058238 -0.119993 0.083716
v 0.058238 -0.119993 0.083716
v 0.058238 -0.119993 0.083716
v 0.058773 -0.120493 0.080478
v 0.058773 -0.120493 0.080478
v 0.058773 -0.120493 0.080478
v 0.058773 -0.120493 0.080478
v 0.058773 -0.120493 0.080478
v 0.074629 -0.124737 0.085982
v 0.074629 -0.124737 0.085982
v 0.074629 -0.124737 0.085982
v 0.074629 -0.124737 0.085982
v 0.074629 -0.124737 0.085982
v 0.074629 -0.124737 0.085982
v 0.082612 -0.123229 0.090154
v 0.082612 -0.123229 0.090154
v 0.082612 -0.123229 0.090154
v 0.082612 -0.123229 0.090154
v 0.082612 -0.123229 0.090154
v 0.082612 -0.123229 0.090154
v 0.089672 -0.118866 0.093703
v 0.089672 -0.118866 0.093703
v 0.089672 -0.118866 0.093703
v 0.089672 -0.118866 0.093703
v 0.089672 -0.118866 0.093703
v 0.089672 -0.118866 0.093703
v 0.094991 -0.111883 0.096455
v 0.094991 -0.111883 0.096455
v 0.094991 -0.111883 0.096455
v 0.094991 -0.111883 0.096455
v 0.094991 -0.111883 0.096455
v 0.094991 -0.111883 0.096455
v 0.098054 -0.102825 0.098384
v 0.098054 -0.102825 0.098384
v 0.098054 -0.102825 0.098384
v 0.098054 -0.102825 0.098384
v 0.098054 -0.102825 0.098384
v 0.098054 -0.102825 0.098384
v 0.024825 -0.070042 0.101391
v 0.024825 -0.070042 0.101391
v 0.024825 -0.070042 0.101391
v 0.024825 -0.070042 0.101391
v 0.024825 -0.070042 0.101391
v 0.024825 -0.070042 0.101391
v 0.024825 -0.070042 0.101391
v 0.024825 -0.070042 0.101391
v 0.014296 -0.058124 0.101239
v 0.014296 -0.058124 0.101239
v 0.014296 -0.058124 0.101239
v 0.014296 -0.058124 0.101239
v 0.014296 -0.058124 0.101239
v 0.013949 -0.058438 0.101027
v 0.013949 -0.058438 0.101027
v 0.013949 -0.058438 0.101027
v 0.013949 -0.058438 0.101027
v 0.013949 -0.058438 0.101027
v 0.029967 -0.067093 0.103334
v 0.029967 -0.067093 0.103334
v 0.029967 -0.067093 0.103334
v 0.029967 -0.067093 0.103334
v 0.029967 -0.067093 0.103334
v 0.029967 -0.067093 0.103334
v 0.029967 -0.067093 0.103334
v 0.035201 -0.082262 0.101241
v 0.035201 -0.082262 0.101241
v 0.035201 -0.082262 0.101241
v 0.035201 -0.082262 0.101241
v 0.035201 -0.082262 0.101241
v 0.035201 -0.082262 0.101241
v 0.027256 -0.046438 0.105351
v 0.027256 -0.046438 0.105351
v 0.027256 -0.046438 0.105351
v 0.027256 -0.046438 0.105351
v 0.027256 -0.046438 0.105351
v 0.022976 -0.050298 0.104613
v 0.022976 -0.050298 0.104613
v 0.022976 -0.050298 0.104613
v 0.022976 -0.050298 0.104613
v 0.022976 -0.050298 0.104613
v 0.035087 -0.063847 0.104704
v 0.035087 -0.063847 0.104704
v 0.035087 -0.063847 0.104704
v 0.035087 -0.063847 0.104704
v 0.035087 -0.063847 0.104704
v 0.035087 -0.063847 0.104704
v 0.035087 -0.063847 0.104704
v 0.035087 -0.063847 0.104704
v 0.022706 -0.050541 0.104567
v 0.022706 -0.050541 0.104567
v 0.022706 -0.050541 0.104567
v 0.022706 -0.050541 0.104567
v 0.021816 -0.051344 0.104413
v 0.021816 -0.051344 0.104413
v 0.021816 -0.051344 0.104413
v 0.021816 -0.051344 0.104413
v 0.021816 -0.051344 0.104413
v 0.041224 -0.080316 0.103195
v 0.041224 -0.080316 0.103195
v 0.041224 -0.080316 0.103195
v 0.041224 -0.080316 0.103195
v 0.041224 -0.080316 0.103195
v 0.041224 -0.080316 0.103195
v 0.044882 -0.094390 0.100603
v 0.044882 -0.094390 0.100603
v 0.044882 -0.094390 0.100603
v 0.044882 -0.094390 0.100603
v 0.044882 -0.094390 0.100603
v 0.044882 -0.094390 0.100603
v 0.018568 -0.054273 0.103231
v 0.018568 -0.054273 0.103231
v 0.018568 -0.054273 0.103231
v 0.018568 -0.054273 0.103231
v 0.018568 -0.054273 0.103231
v 0.018253 -0.054557 0.103117
v 0.018253 -0.054557 0.103117
v 0.018253 -0.054557 0.103117
v 0.018253 -0.054557 0.103117
v 0.018253 -0.054557 0.103117
v 0.016083 -0.056514 0.102327
v 0.016083 -0.056514 0.102327
v 0.016083 -0.056514 0.102327
v 0.016083 -0.056514 0.102327
v 0.076551 -0.080823 0.104736
v 0.076551 -0.080823 0.104736
v 0.076551 -0.080823 0.104736
v 0.076551 -0.080823 0.104736
v 0.076551 -0.080823 0.104736
v 0.076551 -0.080823 0.104736
v 0.081231 -0.075811 0.104092
v 0.081231 -0.075811 0.104092
v 0.081231 -0.075811 0.104092
v 0.081231 -0.075811 0.104092
v 0.081231 -0.075811 0.104092
v 0.081231 -0.075811 0.104092
v 0.067729 -0.062526 0.105386
v 0.067729 -0.062526 0.105386
v 0.067729 -0.062526 0.105386
v 0.067729 -0.062526 0.105386
v 0.067729 -0.062526 0.105386
v 0.067729 -0.062526 0.105386
v 0.067729 -0.062526 0.105386
v 0.067729 -0.062526 0.105386
v 0.067729 -0.062526 0.105386
v 0.087600 -0.081881 0.102978
v 0.087600 -0.081881 0.102978
v 0.087600 -0.081881 0.102978
v 0.087600 -0.081881 0.102978
v 0.087600 -0.081881 0.102978
v 0.087600 -0.081881 0.102978
v 0.087600 -0.081881 0.102978
v 0.087600 -0.081881 0.102978
v 0.071158 -0.085212 0.104933
v 0.071158 -0.085212 0.104933
v 0.071158 -0.085212 0.104933
v 0.071158 -0.085212 0.104933
v 0.071158 -0.085212 0.104933
v 0.071158 -0.085212 0.104933
v 0.071158 -0.085212 0.104933
v 0.063193 -0.067018 0.105811
v 0.063193 -0.067018 0.105811
v 0.063193 -0.067018 0.105811
v 0.063193 -0.067018 0.105811
v 0.063193 -0.067018 0.105811
v 0.063193 -0.067018 0.105811
v 0.054151 -0.048388 0.105835
v 0.054151 -0.048388 0.105835
v 0.054151 -0.048388 0.105835
v 0.054151 -0.048388 0.105835
v 0.054151 -0.048388 0.105835
v 0.054151 -0.048388 0.105835
v 0.054151 -0.048388 0.105835
v 0.036392 -0.038197 0.106085
v 0.036392 -0.038197 0.106085
v 0.036392 -0.038197 0.106085
v 0.036392 -0.038197 0.106085
v 0.036392 -0.038197 0.106085
v 0.031806 -0.042334 0.106064
v 0.031806 -0.042334 0.106064
v 0.031806 -0.042334 0.106064
v 0.031806 -0.042334 0.106064
v 0.031806 -0.042334 0.106064
v 0.044969 -0.056565 0.106070
v 0.044969 -0.056565 0.106070
v 0.044969 -0.056565 0.106070
v 0.044969 -0.056565 0.106070
v 0.044969 -0.056565 0.106070
v 0.044969 -0.056565 0.106070
v 0.044969 -0.056565 0.106070
v 0.047157 -0.077794 0.104559
v 0.047157 -0.077794 0.104559
v 0.047157 -0.077794 0.104559
v 0.047157 -0.077794 0.104559
v 0.047157 -0.077794 0.104559
v 0.047157 -0.077794 0.104559
v 0.051785 -0.093483 0.102552
v 0.051785 -0.093483 0.102552
v 0.051785 -0.093483 0.102552
v 0.051785 -0.093483 0.102552
v 0.051785 -0.093483 0.102552
v 0.051785 -0.093483 0.102552
v 0.053245 -0.105465 0.099008
v 0.053245 -0.105465 0.099008
v 0.053245 -0.105465 0.099008
v 0.053245 -0.105465 0.099008
v 0.053245 -0.105465 0.099008
v 0.053245 -0.105465 0.099008
v 0.053245 -0.105465 0.099008
v 0.027477 -0.059249 0.072106
v 0.027477 -0.059249 0.072106
v 0.027477 -0.059249 0.072106
v 0.027477 -0.059249 0.072106
v 0.027477 -0.059249 0.072106
v 0.027477 -0.059249 0.072106
v 0.027477 -0.059249 0.072106
v 0.027477 -0.059249 0.072106
v 0.027477 -0.059249 0.072106
v 0.027477 -0.059249 0.072106
v 0.033253 -0.065957 0.071856
v 0.033253 -0.065957 0.071856
v 0.033253 -0.065957 0.071856
v 0.033253 -0.065957 0.071856
v 0.033253 -0.065957 0.071856
v 0.033253 -0.065957 0.071856
v 0.033253 -0.065957 0.071856
v 0.033253 -0.065957 0.071856
v 0.033253 -0.065957 0.071856
v 0.024321 -0.064591 0.073878
v 0.024321 -0.064591 0.073878
v 0.024321 -0.064591 0.073878
v 0.024321 -0.064591 0.073878
v 0.024321 -0.064591 0.073878
v 0.024321 -0.064591 0.073878
v 0.024321 -0.064591 0.073878
v 0.036462 -0.100322 0.091005
v 0.036462 -0.100322 0.091005
v 0.036462 -0.100322 0.091005
v 0.036462 -0.100322 0.091005
v 0.036462 -0.100322 0.091005
v 0.036462 -0.100322 0.091005
v 0.036462 -0.100322 0.091005
v 0.029392 -0.092771 0.092037
v 0.029392 -0.092771 0.092037
v 0.029392 -0.092771 0.092037
v 0.029392 -0.092771 0.092037
v 0.029392 -0.092771 0.092037
v 0.029392 -0.092771 0.092037
v 0.029392 -0.092771 0.092037
v 0.034049 -0.098327 0.088689
v 0.034049 -0.098327 0.088689
v 0.034049 -0.098327 0.088689
v 0.034049 -0.098327 0.088689
v 0.034049 -0.098327 0.088689
v 0.034049 -0.098327 0.088689
v 0.027242 -0.091461 0.089416
v 0.027242 -0.091461 0.089416
v 0.027242 -0.091461 0.089416
v 0.027242 -0.091461 0.089416
v 0.027242 -0.091461 0.089416
v 0.027242 -0.091461 0.089416
v 0.032238 -0.095847 0.086260
v 0.032238 -0.095847 0.086260
v 0.032238 -0.095847 0.086260
v 0.032238 -0.095847 0.086260
v 0.032238 -0.095847 0.086260
v 0.032238 -0.095847 0.086260
v 0.025808 -0.089542 0.086648
v 0.025808 -0.089542 0.086648
v 0.025808 -0.089542 0.086648
v 0.025808 -0.089542 0.086648
v 0.025808 -0.089542 0.086648
v 0.025808 -0.089542 0.086648
v 0.031028 -0.092938 0.083951
v 0.031028 -0.092938 0.083951
v 0.031028 -0.092938 0.083951
v 0.031028 -0.092938 0.083951
v 0.031028 -0.092938 0.083951
v 0.031028 -0.092938 0.083951
v 0.025085 -0.087069 0.084060
v 0.025085 -0.087069 0.084060
v 0.025085 -0.087069 0.084060
v 0.025085 -0.087069 0.084060
v 0.025085 -0.087069 0.084060
v 0.025085 -0.087069 0.084060
v 0.029909 -0.086419 0.080004
v 0.029909 -0.086419 0.080004
v 0.029909 -0.086419 0.080004
v 0.029909 -0.086419 0.080004
v 0.029909 -0.086419 0.080004
v 0.029909 -0.086419 0.080004
v 0.029909 -0.086419 0.080004
v 0.023830 -0.084323 0.094804
v 0.023830 -0.084323 0.094804
v 0.023830 -0.084323 0.094804
v 0.023830 -0.084323 0.094804
v 0.023830 -0.084323 0.094804
v 0.023830 -0.084323 0.094804
v 0.023830 -0.084323 0.094804
v 0.023830 -0.084323 0.094804
v 0.021502 -0.084238 0.092385
v 0.021502 -0.084238 0.092385
v 0.021502 -0.084238 0.092385
v 0.021502 -0.084238 0.092385
v 0.021502 -0.084238 0.092385
v 0.021502 -0.084238 0.092385
v 0.021502 -0.084238 0.092385
v 0.039332 -0.101920 0.093066
v 0.039332 -0.101920 0.093066
v 0.039332 -0.101920 0.093066
v 0.039332 -0.101920 0.093066
v 0.039332 -0.101920 0.093066
v 0.045934 -0.104225 0.096440
v 0.045934 -0.104225 0.096440
v 0.045934 -0.104225 0.096440
v 0.045934 -0.104225 0.096440
v 0.045934 -0.104225 0.096440
v 0.035844 -0.097938 0.093813
v 0.035844 -0.097938 0.093813
v 0.035844 -0.097938 0.093813
v 0.035844 -0.097938 0.093813
v 0.035844 -0.097938 0.093813
v 0.035844 -0.097938 0.093813
v 0.042242 -0.099517 0.097324
v 0.042242 -0.099517 0.097324
v 0.042242 -0.099517 0.097324
v 0.042242 -0.099517 0.097324
v 0.042242 -0.099517 0.097324
v 0.042242 -0.099517 0.097324
v 0.032050 -0.093619 0.094319
v 0.032050 -0.093619 0.094319
v 0.032050 -0.093619 0.094319
v 0.032050 -0.093619 0.094319
v 0.032050 -0.093619 0.094319
v 0.032050 -0.093619 0.094319
v 0.038190 -0.094440 0.097934
v 0.038190 -0.094440 0.097934
v 0.038190 -0.094440 0.097934
v 0.038190 -0.094440 0.097934
v 0.038190 -0.094440 0.097934
v 0.029292 -0.083640 0.098546
v 0.029292 -0.083640 0.098546
v 0.029292 -0.083640 0.098546
v 0.029292 -0.083640 0.098546
v 0.029292 -0.083640 0.098546
v 0.029292 -0.083640 0.098546
v 0.029292 -0.083640 0.098546
v 0.029292 -0.083640 0.098546
v 0.029292 -0.083640 0.098546
v 0.024882 -0.084251 0.081797
v 0.024882 -0.084251 0.081797
v 0.024882 -0.084251 0.081797
v 0.024882 -0.084251 0.081797
v 0.024882 -0.084251 0.081797
v 0.025036 -0.081252 0.079838
v 0.025036 -0.081252 0.079838
v 0.025036 -0.081252 0.079838
v 0.025036 -0.081252 0.079838
v 0.025036 -0.081252 0.079838
v 0.025036 -0.081252 0.079838
v 0.030018 -0.079551 0.076783
v 0.030018 -0.079551 0.076783
v 0.030018 -0.079551 0.076783
v 0.030018 -0.079551 0.076783
v 0.030018 -0.079551 0.076783
v 0.030018 -0.079551 0.076783
v 0.031145 -0.072663 0.074093
v 0.031145 -0.072663 0.074093
v 0.031145 -0.072663 0.074093
v 0.031145 -0.072663 0.074093
v 0.031145 -0.072663 0.074093
v 0.031145 -0.072663 0.074093
v 0.025254 -0.048208 0.070989
v 0.025254 -0.048208 0.070989
v 0.025254 -0.048208 0.070989
v 0.025254 -0.048208 0.070989
v 0.021043 -0.052007 0.072255
v 0.021043 -0.052007 0.072255
v 0.021043 -0.052007 0.072255
v 0.021043 -0.052007 0.072255
v 0.021043 -0.052007 0.072255
v 0.021043 -0.052007 0.072255
v 0.016408 -0.056190 0.073891
v 0.016408 -0.056190 0.073891
v 0.016408 -0.056190 0.073891
v 0.016408 -0.056190 0.073891
v 0.016408 -0.056190 0.073891
v 0.016660 -0.055963 0.073754
v 0.016660 -0.055963 0.073754
v 0.016660 -0.055963 0.073754
v 0.016660 -0.055963 0.073754
v 0.017398 -0.055297 0.073350
v 0.017398 -0.055297 0.073350
v 0.017398 -0.055297 0.073350
v 0.017398 -0.055297 0.073350
v 0.017398 -0.055297 0.073350
v 0.020804 -0.052223 0.072327
v 0.020804 -0.052223 0.072327
v 0.020804 -0.052223 0.072327
v 0.020804 -0.052223 0.072327
v 0.020804 -0.052223 0.072327
v 0.019603 -0.075460 0.079424
v 0.019603 -0.075460 0.079424
v 0.019603 -0.075460 0.079424
v 0.019603 -0.075460 0.079424
v 0.019603 -0.075460 0.079424
v 0.019603 -0.075460 0.079424
v 0.019603 -0.075460 0.079424
v 0.018899 -0.078034 0.081430
v 0.018899 -0.078034 0.081430
v 0.018899 -0.078034 0.081430
v 0.018899 -0.078034 0.081430
v 0.018899 -0.078034 0.081430
v 0.018899 -0.078034 0.081430
v 0.018899 -0.078034 0.081430
v 0.007497 -0.064236 0.080180
v 0.007497 -0.064236 0.080180
v 0.007497 -0.064236 0.080180
v 0.007497 -0.064236 0.080180
v 0.007497 -0.064236 0.080180
v 0.007497 -0.064236 0.080180
v 0.005236 -0.066279 0.083988
v 0.005236 -0.066279 0.083988
v 0.005236 -0.066279 0.083988
v 0.005236 -0.066279 0.083988
v 0.018542 -0.080394 0.083803
v 0.018542 -0.080394 0.083803
v 0.018542 -0.080394 0.083803
v 0.018542 -0.080394 0.083803
v 0.018542 -0.080394 0.083803
v 0.018542 -0.080394 0.083803
v 0.018542 -0.080394 0.083803
v 0.018542 -0.080394 0.083803
v 0.005055 -0.066443 0.084293
v 0.005055 -0.066443 0.084293
v 0.005055 -0.066443 0.084293
v 0.005055 -0.066443 0.084293
v 0.005055 -0.066443 0.084293
v 0.018736 -0.082347 0.086575
v 0.018736 -0.082347 0.086575
v 0.018736 -0.082347 0.086575
v 0.018736 -0.082347 0.086575
v 0.018736 -0.082347 0.086575
v 0.018736 -0.082347 0.086575
v 0.018736 -0.082347 0.086575
v 0.018736 -0.082347 0.086575
v 0.004650 -0.066811 0.086445
v 0.004650 -0.066811 0.086445
v 0.004650 -0.066811 0.086445
v 0.004650 -0.066811 0.086445
v 0.004650 -0.066811 0.086445
v 0.005458 -0.066078 0.083614
v 0.005458 -0.066078 0.083614
v 0.005458 -0.066078 0.083614
v 0.005458 -0.066078 0.083614
v 0.005458 -0.066078 0.083614
v 0.006677 -0.064977 0.081561
v 0.006677 -0.064977 0.081561
v 0.006677 -0.064977 0.081561
v 0.006677 -0.064977 0.081561
v 0.006677 -0.064977 0.081561
v 0.006891 -0.064784 0.081201
v 0.006891 -0.064784 0.081201
v 0.006891 -0.064784 0.081201
v 0.006891 -0.064784 0.081201
v 0.004676 -0.066791 0.089967
v 0.004676 -0.066791 0.089967
v 0.004676 -0.066791 0.089967
v 0.004676 -0.066791 0.089967
v 0.004676 -0.066791 0.089967
v 0.019719 -0.083645 0.089567
v 0.019719 -0.083645 0.089567
v 0.019719 -0.083645 0.089567
v 0.019719 -0.083645 0.089567
v 0.019719 -0.083645 0.089567
v 0.019719 -0.083645 0.089567
v 0.019719 -0.083645 0.089567
v 0.019719 -0.083645 0.089567
v 0.005018 -0.066484 0.091929
v 0.005018 -0.066484 0.091929
v 0.005018 -0.066484 0.091929
v 0.005018 -0.066484 0.091929
v 0.005018 -0.066484 0.091929
v 0.005514 -0.066038 0.092795
v 0.005514 -0.066038 0.092795
v 0.005514 -0.066038 0.092795
v 0.005514 -0.066038 0.092795
v 0.005514 -0.066038 0.092795
v 0.005270 -0.066257 0.092369
v 0.005270 -0.066257 0.092369
v 0.005270 -0.066257 0.092369
v 0.005270 -0.066257 0.092369
v 0.004587 -0.066871 0.089455
v 0.004587 -0.066871 0.089455
v 0.004587 -0.066871 0.089455
v 0.004587 -0.066871 0.089455
v 0.004587 -0.066871 0.089455
v 0.004345 -0.067088 0.088066
v 0.004345 -0.067088 0.088066
v 0.004345 -0.067088 0.088066
v 0.004345 -0.067088 0.088066
v 0.004345 -0.067088 0.088066
v 0.004557 -0.066895 0.086936
v 0.004557 -0.066895 0.086936
v 0.004557 -0.066895 0.086936
v 0.004557 -0.066895 0.086936
v 0.008304 -0.063507 0.079446
v 0.008304 -0.063507 0.079446
v 0.008304 -0.063507 0.079446
v 0.008304 -0.063507 0.079446
v 0.008576 -0.063262 0.079198
v 0.008576 -0.063262 0.079198
v 0.008576 -0.063262 0.079198
v 0.008576 -0.063262 0.079198
v 0.011399 -0.060712 0.076628
v 0.011399 -0.060712 0.076628
v 0.011399 -0.060712 0.076628
v 0.011399 -0.060712 0.076628
v 0.011399 -0.060712 0.076628
v 0.011399 -0.060712 0.076628
v 0.037051 -0.071459 0.068424
v 0.037051 -0.071459 0.068424
v 0.037051 -0.071459 0.068424
v 0.037051 -0.071459 0.068424
v 0.037051 -0.071459 0.068424
v 0.037051 -0.071459 0.068424
v 0.037051 -0.071459 0.068424
v 0.037051 -0.071459 0.068424
v 0.037051 -0.071459 0.068424
v 0.037051 -0.071459 0.068424
v 0.036553 -0.070388 0.070087
v 0.036553 -0.070388 0.070087
v 0.036553 -0.070388 0.070087
v 0.036553 -0.070388 0.070087
v 0.036553 -0.070388 0.070087
v 0.036553 -0.070388 0.070087
v 0.036553 -0.070388 0.070087
v 0.036553 -0.070388 0.070087
v 0.035771 -0.079397 0.070605
v 0.035771 -0.079397 0.070605
v 0.035771 -0.079397 0.070605
v 0.035771 -0.079397 0.070605
v 0.035771 -0.079397 0.070605
v 0.035771 -0.079397 0.070605
v 0.035771 -0.079397 0.070605
v 0.035771 -0.079397 0.070605
v 0.035771 -0.079397 0.070605
v 0.035103 -0.078065 0.072493
v 0.035103 -0.078065 0.072493
v 0.035103 -0.078065 0.072493
v 0.035103 -0.078065 0.072493
v 0.035103 -0.078065 0.072493
v 0.035103 -0.078065 0.072493
v 0.035053 -0.085863 0.075132
v 0.035053 -0.085863 0.075132
v 0.035053 -0.085863 0.075132
v 0.035053 -0.085863 0.075132
v 0.035053 -0.085863 0.075132
v 0.035053 -0.085863 0.075132
v 0.035053 -0.085863 0.075132
v 0.035303 -0.068556 0.071222
v 0.035303 -0.068556 0.071222
v 0.035303 -0.068556 0.071222
v 0.035303 -0.068556 0.071222
v 0.035303 -0.068556 0.071222
v 0.035303 -0.068556 0.071222
v 0.035303 -0.068556 0.071222
v 0.035303 -0.068556 0.071222
v 0.037707 -0.095293 0.075261
v 0.037707 -0.095293 0.075261
v 0.037707 -0.095293 0.075261
v 0.037707 -0.095293 0.075261
v 0.037707 -0.095293 0.075261
v 0.037707 -0.095293 0.075261
v 0.037707 -0.095293 0.075261
v 0.037707 -0.095293 0.075261
v 0.037707 -0.095293 0.075261
v 0.040851 -0.102747 0.077611
v 0.040851 -0.102747 0.077611
v 0.040851 -0.102747 0.077611
v 0.040851 -0.102747 0.077611
v 0.040851 -0.102747 0.077611
v 0.040851 -0.102747 0.077611
v 0.040851 -0.102747 0.077611
v 0.040851 -0.102747 0.077611
v 0.040851 -0.102747 0.077611
v 0.040851 -0.102747 0.077611
v 0.040851 -0.102747 0.077611
v 0.040851 -0.102747 0.077611
v 0.040851 -0.102747 0.077611
v 0.045389 -0.109526 0.079894
v 0.045389 -0.109526 0.079894
v 0.045389 -0.109526 0.079894
v 0.045389 -0.109526 0.079894
v 0.045389 -0.109526 0.079894
v 0.045389 -0.109526 0.079894
v 0.045389 -0.109526 0.079894
v 0.042948 -0.106239 0.078768
v 0.042948 -0.106239 0.078768
v 0.042948 -0.106239 0.078768
v 0.042948 -0.106239 0.078768
v 0.042948 -0.106239 0.078768
v 0.042948 -0.106239 0.078768
v 0.044570 -0.108692 0.082127
v 0.044570 -0.108692 0.082127
v 0.044570 -0.108692 0.082127
v 0.044570 -0.108692 0.082127
v 0.044570 -0.108692 0.082127
v 0.044570 -0.108692 0.082127
v 0.050379 -0.114439 0.084610
v 0.050379 -0.114439 0.084610
v 0.050379 -0.114439 0.084610
v 0.050379 -0.114439 0.084610
v 0.050379 -0.114439 0.084610
v 0.050379 -0.114439 0.084610
v 0.057371 -0.119002 0.086716
v 0.057371 -0.119002 0.086716
v 0.057371 -0.119002 0.086716
v 0.057371 -0.119002 0.086716
v 0.057371 -0.119002 0.086716
v 0.057371 -0.119002 0.086716
v 0.063983 -0.120380 0.091342
v 0.063983 -0.120380 0.091342
v 0.063983 -0.120380 0.091342
v 0.063983 -0.120380 0.091342
v 0.063983 -0.120380 0.091342
v 0.063983 -0.120380 0.091342
v 0.070576 -0.118935 0.095466
v 0.070576 -0.118935 0.095466
v 0.070576 -0.118935 0.095466
v 0.070576 -0.118935 0.095466
v 0.070576 -0.118935 0.095466
v 0.070576 -0.118935 0.095466
v 0.076368 -0.114440 0.098793
v 0.076368 -0.114440 0.098793
v 0.076368 -0.114440 0.098793
v 0.076368 -0.114440 0.098793
v 0.076368 -0.114440 0.098793
v 0.076368 -0.114440 0.098793
v 0.080560 -0.107202 0.101234
v 0.080560 -0.107202 0.101234
v 0.080560 -0.107202 0.101234
v 0.080560 -0.107202 0.101234
v 0.080560 -0.107202 0.101234
v 0.080560 -0.107202 0.101234
v 0.082713 -0.097880 0.102848
v 0.082713 -0.097880 0.102848
v 0.082713 -0.097880 0.102848
v 0.082713 -0.097880 0.102848
v 0.082713 -0.097880 0.102848
v 0.082713 -0.097880 0.102848
v 0.082818 -0.087200 0.103759
v 0.082818 -0.087200 0.103759
v 0.082818 -0.087200 0.103759
v 0.082818 -0.087200 0.103759
v 0.082818 -0.087200 0.103759
v 0.082818 -0.087200 0.103759
v 0.037192 -0.094559 0.076749
v 0.037192 -0.094559 0.076749
v 0.037192 -0.094559 0.076749
v 0.037192 -0.094559 0.076749
v 0.037192 -0.094559 0.076749
v 0.037192 -0.094559 0.076749
v 0.040163 -0.101965 0.079432
v 0.040163 -0.101965 0.079432
v 0.040163 -0.101965 0.079432
v 0.040163 -0.101965 0.079432
v 0.040163 -0.101965 0.079432
v 0.040163 -0.101965 0.079432
v 0.042185 -0.105435 0.080788
v 0.042185 -0.105435 0.080788
v 0.042185 -0.105435 0.080788
v 0.042185 -0.105435 0.080788
v 0.042185 -0.105435 0.080788
v 0.042185 -0.105435 0.080788
v 0.041036 -0.104293 0.082510
v 0.041036 -0.104293 0.082510
v 0.041036 -0.104293 0.082510
v 0.041036 -0.104293 0.082510
v 0.041036 -0.104293 0.082510
v 0.041036 -0.104293 0.082510
v 0.043349 -0.107481 0.084072
v 0.043349 -0.107481 0.084072
v 0.043349 -0.107481 0.084072
v 0.043349 -0.107481 0.084072
v 0.043349 -0.107481 0.084072
v 0.043349 -0.107481 0.084072
v 0.041680 -0.105845 0.085696
v 0.041680 -0.105845 0.085696
v 0.041680 -0.105845 0.085696
v 0.041680 -0.105845 0.085696
v 0.041680 -0.105845 0.085696
v 0.041680 -0.105845 0.085696
v 0.041680 -0.105845 0.085696
v 0.041680 -0.105845 0.085696
v 0.033579 -0.075817 0.073629
v 0.033579 -0.075817 0.073629
v 0.033579 -0.075817 0.073629
v 0.033579 -0.075817 0.073629
v 0.033579 -0.075817 0.073629
v 0.033579 -0.075817 0.073629
v 0.033073 -0.083237 0.076384
v 0.033073 -0.083237 0.076384
v 0.033073 -0.083237 0.076384
v 0.033073 -0.083237 0.076384
v 0.033073 -0.083237 0.076384
v 0.033073 -0.083237 0.076384
v 0.036386 -0.093551 0.077957
v 0.036386 -0.093551 0.077957
v 0.036386 -0.093551 0.077957
v 0.036386 -0.093551 0.077957
v 0.036386 -0.093551 0.077957
v 0.036386 -0.093551 0.077957
v 0.039117 -0.100872 0.080953
v 0.039117 -0.100872 0.080953
v 0.039117 -0.100872 0.080953
v 0.039117 -0.100872 0.080953
v 0.039117 -0.100872 0.080953
v 0.039460 -0.102770 0.083910
v 0.039460 -0.102770 0.083910
v 0.039460 -0.102770 0.083910
v 0.039460 -0.102770 0.083910
v 0.039460 -0.102770 0.083910
v 0.039460 -0.102770 0.083910
v 0.037450 -0.100847 0.084985
v 0.037450 -0.100847 0.084985
v 0.037450 -0.100847 0.084985
v 0.037450 -0.100847 0.084985
v 0.037450 -0.100847 0.084985
v 0.037450 -0.100847 0.084985
v 0.039556 -0.103764 0.086996
v 0.039556 -0.103764 0.086996
v 0.039556 -0.103764 0.086996
v 0.039556 -0.103764 0.086996
v 0.039556 -0.103764 0.086996
v 0.039556 -0.103764 0.086996
v 0.049660 -0.052577 0.106147
v 0.049660 -0.052577 0.106147
v 0.049660 -0.052577 0.106147
v 0.049660 -0.052577 0.106147
v 0.049660 -0.052577 0.106147
v 0.049660 -0.052577 0.106147
v 0.049660 -0.052577 0.106147
v 0.049660 -0.052577 0.106147
v 0.049660 -0.052577 0.106147
v 0.049660 -0.052577 0.106147
v 0.058220 -0.071099 0.105826
v 0.058220 -0.071099 0.105826
v 0.058220 -0.071099 0.105826
v 0.058220 -0.071099 0.105826
v 0.058220 -0.071099 0.105826
v 0.058220 -0.071099 0.105826
v 0.065140 -0.088851 0.104660
v 0.065140 -0.088851 0.104660
v 0.065140 -0.088851 0.104660
v 0.065140 -0.088851 0.104660
v 0.065140 -0.088851 0.104660
v 0.065140 -0.088851 0.104660
v 0.075994 -0.101670 0.102770
v 0.075994 -0.101670 0.102770
v 0.075994 -0.101670 0.102770
v 0.075994 -0.101670 0.102770
v 0.075994 -0.101670 0.102770
v 0.075994 -0.101670 0.102770
v 0.068639 -0.104266 0.102134
v 0.068639 -0.104266 0.102134
v 0.068639 -0.104266 0.102134
v 0.068639 -0.104266 0.102134
v 0.068639 -0.104266 0.102134
v 0.068639 -0.104266 0.102134
v 0.072835 -0.109731 0.100690
v 0.072835 -0.109731 0.100690
v 0.072835 -0.109731 0.100690
v 0.072835 -0.109731 0.100690
v 0.072835 -0.109731 0.100690
v 0.072835 -0.109731 0.100690
v 0.064753 -0.110752 0.099523
v 0.064753 -0.110752 0.099523
v 0.064753 -0.110752 0.099523
v 0.064753 -0.110752 0.099523
v 0.064753 -0.110752 0.099523
v 0.064753 -0.110752 0.099523
v 0.067982 -0.115254 0.097725
v 0.067982 -0.115254 0.097725
v 0.067982 -0.115254 0.097725
v 0.067982 -0.115254 0.097725
v 0.067982 -0.115254 0.097725
v 0.067982 -0.115254 0.097725
v 0.059721 -0.114404 0.096012
v 0.059721 -0.114404 0.096012
v 0.059721 -0.114404 0.096012
v 0.059721 -0.114404 0.096012
v 0.059721 -0.114404 0.096012
v 0.059721 -0.114404 0.096012
v 0.062134 -0.117794 0.093892
v 0.062134 -0.117794 0.093892
v 0.062134 -0.117794 0.093892
v 0.062134 -0.117794 0.093892
v 0.062134 -0.117794 0.093892
v 0.062134 -0.117794 0.093892
v 0.054291 -0.115090 0.091727
v 0.054291 -0.115090 0.091727
v 0.054291 -0.115090 0.091727
v 0.054291 -0.115090 0.091727
v 0.054291 -0.115090 0.091727
v 0.054291 -0.115090 0.091727
v 0.056074 -0.117389 0.089402
v 0.056074 -0.117389 0.089402
v 0.056074 -0.117389 0.089402
v 0.056074 -0.117389 0.089402
v 0.056074 -0.117389 0.089402
v 0.056074 -0.117389 0.089402
v 0.047356 -0.111071 0.088995
v 0.047356 -0.111071 0.088995
v 0.047356 -0.111071 0.088995
v 0.047356 -0.111071 0.088995
v 0.047356 -0.111071 0.088995
v 0.049099 -0.113030 0.086966
v 0.049099 -0.113030 0.086966
v 0.049099 -0.113030 0.086966
v 0.049099 -0.113030 0.086966
v 0.049099 -0.113030 0.086966
v 0.049099 -0.113030 0.086966
v 0.052853 -0.074708 0.105418
v 0.052853 -0.074708 0.105418
v 0.052853 -0.074708 0.105418
v 0.052853 -0.074708 0.105418
v 0.052853 -0.074708 0.105418
v 0.052853 -0.074708 0.105418
v 0.058622 -0.091636 0.103883
v 0.058622 -0.091636 0.103883
v 0.058622 -0.091636 0.103883
v 0.058622 -0.091636 0.103883
v 0.058622 -0.091636 0.103883
v 0.058622 -0.091636 0.103883
v 0.060931 -0.105531 0.100892
v 0.060931 -0.105531 0.100892
v 0.060931 -0.105531 0.100892
v 0.060931 -0.105531 0.100892
v 0.060931 -0.105531 0.100892
v 0.060931 -0.105531 0.100892
v 0.056747 -0.110263 0.097708
v 0.056747 -0.110263 0.097708
v 0.056747 -0.110263 0.097708
v 0.056747 -0.110263 0.097708
v 0.056747 -0.110263 0.097708
v 0.056747 -0.110263 0.097708
v 0.049203 -0.108451 0.095235
v 0.049203 -0.108451 0.095235
v 0.049203 -0.108451 0.095235
v 0.049203 -0.108451 0.095235
v 0.049203 -0.108451 0.095235
v 0.049203 -0.108451 0.095235
v 0.051998 -0.112098 0.093671
v 0.051998 -0.112098 0.093671
v 0.051998 -0.112098 0.093671
v 0.051998 -0.112098 0.093671
v 0.051998 -0.112098 0.093671
v 0.051998 -0.112098 0.093671
v 0.042447 -0.105480 0.092034
v 0.042447 -0.105480 0.092034
v 0.042447 -0.105480 0.092034
v 0.042447 -0.105480 0.092034
v 0.042447 -0.105480 0.092034
v 0.042447 -0.105480 0.092034
v 0.045134 -0.108547 0.090683
v 0.045134 -0.108547 0.090683
v 0.045134 -0.108547 0.090683
v 0.045134 -0.108547 0.090683
v 0.045134 -0.108547 0.090683
v 0.045134 -0.108547 0.090683
v 0.042145 -0.106321 0.088924
v 0.042145 -0.106321 0.088924
v 0.042145 -0.106321 0.088924
v 0.042145 -0.106321 0.088924
v 0.042145 -0.106321 0.088924
v 0.040967 -0.034070 0.105814
v 0.040967 -0.034070 0.105814
v 0.040967 -0.034070 0.105814
v 0.040967 -0.034070 0.105814
v 0.040967 -0.034070 0.105814
v 0.038821 -0.036006 0.106096
v 0.038821 -0.036006 0.106096
v 0.038821 -0.036006 0.106096
v 0.038821 -0.036006 0.106096
v 0.036501 -0.038098 0.106085
v 0.036501 -0.038098 0.106085
v 0.036501 -0.038098 0.106085
v 0.036501 -0.038098 0.106085
v 0.036501 -0.038098 0.106085
v 0.008665 -0.063201 0.097233
v 0.008665 -0.063201 0.097233
v 0.008665 -0.063201 0.097233
v 0.008665 -0.063201 0.097233
v 0.010156 -0.061857 0.098717
v 0.010156 -0.061857 0.098717
v 0.010156 -0.061857 0.098717
v 0.010156 -0.061857 0.098717
v 0.010156 -0.061857 0.098717
v 0.010156 -0.061857 0.098717
v 0.010156 -0.061857 0.098717
v 0.019804 -0.072640 0.098698
v 0.019804 -0.072640 0.098698
v 0.019804 -0.072640 0.098698
v 0.019804 -0.072640 0.098698
v 0.007248 -0.064477 0.095824
v 0.007248 -0.064477 0.095824
v 0.007248 -0.064477 0.095824
v 0.007248 -0.064477 0.095824
v 0.007248 -0.064477 0.095824
v 0.007248 -0.064477 0.095824
v 0.006923 -0.064769 0.095257
v 0.006923 -0.064769 0.095257
v 0.006923 -0.064769 0.095257
v 0.006923 -0.064769 0.095257
v 0.006673 -0.064995 0.094819
v 0.006673 -0.064995 0.094819
v 0.006673 -0.064995 0.094819
v 0.006673 -0.064995 0.094819
v 0.006673 -0.064995 0.094819
v 0.113457 -0.104978 0.040757
v 0.113457 -0.104978 0.040757
v 0.113457 -0.104978 0.040757
v 0.113457 -0.104978 0.040757
v 0.113457 -0.104978 0.040757
v 0.113457 -0.104978 0.040757
v 0.113457 -0.104978 0.040757
v 0.113457 -0.104978 0.040757
v 0.113457 -0.104978 0.040757
v 0.117306 -0.108541 0.015842
v 0.117306 -0.108541 0.015842
v 0.117306 -0.108541 0.015842
v 0.117306 -0.108541 0.015842
v 0.117441 -0.108308 0.015551
v 0.117441 -0.108308 0.015551
v 0.117441 -0.108308 0.015551
v 0.117441 -0.108308 0.015551
v 0.117441 -0.108308 0.015551
v 0.117441 -0.108308 0.015551
v 0.117441 -0.108308 0.015551
v 0.117441 -0.108308 0.015551
v 0.117040 -0.105584 0.017410
v 0.117040 -0.105584 0.017410
v 0.117040 -0.105584 0.017410
v 0.117040 -0.105584 0.017410
v 0.117040 -0.105584 0.017410
v 0.117040 -0.105584 0.017410
v 0.117040 -0.105584 0.017410
v 0.115256 -0.112066 0.020260
v 0.115256 -0.112066 0.020260
v 0.115256 -0.112066 0.020260
v 0.115256 -0.112066 0.020260
v 0.115256 -0.112066 0.020260
v 0.114253 -0.113425 0.022016
v 0.114253 -0.113425 0.022016
v 0.114253 -0.113425 0.022016
v 0.114253 -0.113425 0.022016
v 0.114253 -0.113425 0.022016
v 0.114253 -0.113425 0.022016
v 0.113869 -0.111651 0.023105
v 0.113869 -0.111651 0.023105
v 0.113869 -0.111651 0.023105
v 0.113869 -0.111651 0.023105
v 0.113869 -0.111651 0.023105
v 0.113738 -0.110947 0.023694
v 0.113738 -0.110947 0.023694
v 0.113738 -0.110947 0.023694
v 0.113738 -0.110947 0.023694
v 0.113738 -0.110947 0.023694
v 0.113738 -0.110947 0.023694
v 0.113738 -0.110947 0.023694
v 0.116993 -0.105171 0.017783
v 0.116993 -0.105171 0.017783
v 0.116993 -0.105171 0.017783
v 0.116993 -0.105171 0.017783
v 0.116993 -0.105171 0.017783
v 0.113677 -0.110621 0.023967
v 0.113677 -0.110621 0.023967
v 0.113677 -0.110621 0.023967
v 0.113677 -0.110621 0.023967
v 0.113677 -0.110621 0.023967
v 0.116982 -0.105077 0.017868
v 0.116982 -0.105077 0.017868
v 0.116982 -0.105077 0.017868
v 0.116982 -0.105077 0.017868
v 0.116982 -0.105077 0.017868
v 0.116982 -0.105077 0.017868
v 0.113426 -0.109272 0.025095
v 0.113426 -0.109272 0.025095
v 0.113426 -0.109272 0.025095
v 0.113426 -0.109272 0.025095
v 0.113426 -0.109272 0.025095
v 0.113426 -0.109272 0.025095
v 0.116743 -0.102983 0.019764
v 0.116743 -0.102983 0.019764
v 0.116743 -0.102983 0.019764
v 0.116743 -0.102983 0.019764
v 0.116743 -0.102983 0.019764
v 0.113340 -0.108596 0.025992
v 0.113340 -0.108596 0.025992
v 0.113340 -0.108596 0.025992
v 0.113340 -0.108596 0.025992
v 0.113340 -0.108596 0.025992
v 0.116699 -0.102246 0.020742
v 0.116699 -0.102246 0.020742
v 0.116699 -0.102246 0.020742
v 0.116699 -0.102246 0.020742
v 0.116699 -0.102246 0.020742
v 0.113305 -0.108323 0.026356
v 0.113305 -0.108323 0.026356
v 0.113305 -0.108323 0.026356
v 0.113305 -0.108323 0.026356
v 0.113305 -0.108323 0.026356
v 0.113305 -0.108323 0.026356
v 0.116628 -0.100161 0.024056
v 0.116628 -0.100161 0.024056
v 0.116628 -0.100161 0.024056
v 0.116628 -0.100161 0.024056
v 0.116628 -0.100161 0.024056
v 0.116628 -0.100161 0.024056
v 0.113193 -0.107445 0.027522
v 0.113193 -0.107445 0.027522
v 0.113193 -0.107445 0.027522
v 0.113193 -0.107445 0.027522
v 0.113193 -0.107445 0.027522
v 0.113193 -0.107445 0.027522
v 0.116619 -0.100922 0.022501
v 0.116619 -0.100922 0.022501
v 0.116619 -0.100922 0.022501
v 0.116619 -0.100922 0.022501
v 0.116619 -0.100922 0.022501
v 0.116619 -0.100922 0.022501
v 0.116679 -0.101910 0.021188
v 0.116679 -0.101910 0.021188
v 0.116679 -0.101910 0.021188
v 0.116679 -0.101910 0.021188
v 0.113207 -0.105714 0.032608
v 0.113207 -0.105714 0.032608
v 0.113207 -0.105714 0.032608
v 0.113207 -0.105714 0.032608
v 0.113207 -0.105714 0.032608
v 0.113207 -0.105714 0.032608
v 0.113191 -0.105845 0.031995
v 0.113191 -0.105845 0.031995
v 0.113191 -0.105845 0.031995
v 0.113191 -0.105845 0.031995
v 0.116727 -0.098825 0.027929
v 0.116727 -0.098825 0.027929
v 0.116727 -0.098825 0.027929
v 0.116727 -0.098825 0.027929
v 0.116727 -0.098825 0.027929
v 0.116727 -0.098825 0.027929
v 0.116727 -0.098825 0.027929
v 0.113150 -0.106164 0.030505
v 0.113150 -0.106164 0.030505
v 0.113150 -0.106164 0.030505
v 0.113150 -0.106164 0.030505
v 0.113150 -0.106164 0.030505
v 0.113150 -0.106164 0.030505
v 0.116634 -0.099609 0.025186
v 0.116634 -0.099609 0.025186
v 0.116634 -0.099609 0.025186
v 0.116634 -0.099609 0.025186
v 0.116634 -0.099609 0.025186
v 0.113168 -0.106715 0.029222
v 0.113168 -0.106715 0.029222
v 0.113168 -0.106715 0.029222
v 0.113168 -0.106715 0.029222
v 0.113168 -0.106715 0.029222
v 0.113175 -0.106920 0.028744
v 0.113175 -0.106920 0.028744
v 0.113175 -0.106920 0.028744
v 0.113175 -0.106920 0.028744
v 0.113250 -0.105378 0.034182
v 0.113250 -0.105378 0.034182
v 0.113250 -0.105378 0.034182
v 0.113250 -0.105378 0.034182
v 0.113250 -0.105378 0.034182
v 0.113250 -0.105378 0.034182
v 0.117003 -0.097780 0.035543
v 0.117003 -0.097780 0.035543
v 0.117003 -0.097780 0.035543
v 0.117003 -0.097780 0.035543
v 0.117003 -0.097780 0.035543
v 0.113426 -0.104996 0.038881
v 0.113426 -0.104996 0.038881
v 0.113426 -0.104996 0.038881
v 0.113426 -0.104996 0.038881
v 0.113426 -0.104996 0.038881
v 0.113426 -0.104996 0.038881
v 0.117050 -0.097705 0.037293
v 0.117050 -0.097705 0.037293
v 0.117050 -0.097705 0.037293
v 0.117050 -0.097705 0.037293
v 0.117050 -0.097705 0.037293
v 0.117050 -0.097705 0.037293
v 0.117050 -0.097705 0.037293
v 0.113443 -0.104987 0.039871
v 0.113443 -0.104987 0.039871
v 0.113443 -0.104987 0.039871
v 0.113443 -0.104987 0.039871
v 0.116767 -0.098484 0.029124
v 0.116767 -0.098484 0.029124
v 0.116767 -0.098484 0.029124
v 0.116767 -0.098484 0.029124
v 0.116802 -0.098367 0.029999
v 0.116802 -0.098367 0.029999
v 0.116802 -0.098367 0.029999
v 0.116802 -0.098367 0.029999
v 0.116802 -0.098367 0.029999
v 0.116957 -0.097852 0.033840
v 0.116957 -0.097852 0.033840
v 0.116957 -0.097852 0.033840
v 0.116957 -0.097852 0.033840
v 0.116957 -0.097852 0.033840
v 0.117133 -0.097575 0.040352
v 0.117133 -0.097575 0.040352
v 0.117133 -0.097575 0.040352
v 0.117133 -0.097575 0.040352
v 0.117141 -0.097569 0.041695
v 0.117141 -0.097569 0.041695
v 0.117141 -0.097569 0.041695
v 0.117141 -0.097569 0.041695
v 0.117141 -0.097569 0.041695
v 0.117141 -0.097569 0.041695
v 0.117141 -0.097569 0.041695
v 0.120192 -0.100977 -0.000529
v 0.120192 -0.100977 -0.000529
v 0.120192 -0.100977 -0.000529
v 0.120192 -0.100977 -0.000529
v 0.120192 -0.100977 -0.000529
v 0.120192 -0.100977 -0.000529
v 0.120260 -0.099242 0.000486
v 0.120260 -0.099242 0.000486
v 0.120260 -0.099242 0.000486
v 0.120260 -0.099242 0.000486
v 0.120260 -0.099242 0.000486
v 0.120260 -0.099242 0.000486
v 0.120119 -0.100983 0.002897
v 0.120119 -0.100983 0.002897
v 0.120119 -0.100983 0.002897
v 0.120119 -0.100983 0.002897
v 0.120119 -0.100983 0.002897
v 0.120152 -0.100963 -0.002166
v 0.120152 -0.100963 -0.002166
v 0.120152 -0.100963 -0.002166
v 0.120152 -0.100963 -0.002166
v 0.119803 -0.100896 -0.005646
v 0.119803 -0.100896 -0.005646
v 0.119803 -0.100896 -0.005646
v 0.119803 -0.100896 -0.005646
v 0.119803 -0.100896 -0.005646
v 0.119803 -0.100896 -0.005646
v 0.120121 -0.096648 -0.003228
v 0.120121 -0.096648 -0.003228
v 0.120121 -0.096648 -0.003228
v 0.120121 -0.096648 -0.003228
v 0.120121 -0.096648 -0.003228
v 0.120121 -0.096648 -0.003228
v 0.120121 -0.096648 -0.003228
v 0.120121 -0.096648 -0.003228
v 0.119180 -0.099328 0.011291
v 0.119180 -0.099328 0.011291
v 0.119180 -0.099328 0.011291
v 0.119180 -0.099328 0.011291
v 0.119180 -0.099328 0.011291
v 0.119180 -0.099328 0.011291
v 0.119180 -0.099328 0.011291
v 0.119180 -0.099328 0.011291
v 0.118772 -0.104906 0.011596
v 0.118772 -0.104906 0.011596
v 0.118772 -0.104906 0.011596
v 0.118772 -0.104906 0.011596
v 0.118970 -0.095332 0.015227
v 0.118970 -0.095332 0.015227
v 0.118970 -0.095332 0.015227
v 0.118970 -0.095332 0.015227
v 0.118970 -0.095332 0.015227
v 0.118970 -0.095332 0.015227
v 0.118970 -0.095332 0.015227
v 0.118970 -0.095332 0.015227
v 0.118970 -0.095332 0.015227
v 0.118957 -0.092533 0.019833
v 0.118957 -0.092533 0.019833
v 0.118957 -0.092533 0.019833
v 0.118957 -0.092533 0.019833
v 0.118957 -0.092533 0.019833
v 0.118957 -0.092533 0.019833
v 0.118957 -0.092533 0.019833
v 0.118957 -0.092533 0.019833
v 0.119075 -0.090831 0.025272
v 0.119075 -0.090831 0.025272
v 0.119075 -0.090831 0.025272
v 0.119075 -0.090831 0.025272
v 0.119075 -0.090831 0.025272
v 0.119075 -0.090831 0.025272
v 0.119075 -0.090831 0.025272
v 0.119075 -0.090831 0.025272
v 0.119224 -0.089991 0.031593
v 0.119224 -0.089991 0.031593
v 0.119224 -0.089991 0.031593
v 0.119224 -0.089991 0.031593
v 0.119224 -0.089991 0.031593
v 0.119224 -0.089991 0.031593
v 0.119224 -0.089991 0.031593
v 0.116484 -0.097655 -0.017329
v 0.116484 -0.097655 -0.017329
v 0.116484 -0.097655 -0.017329
v 0.116484 -0.097655 -0.017329
v 0.116484 -0.097655 -0.017329
v 0.116484 -0.097655 -0.017329
v 0.117563 -0.099158 -0.014632
v 0.117563 -0.099158 -0.014632
v 0.117563 -0.099158 -0.014632
v 0.117563 -0.099158 -0.014632
v 0.117563 -0.099158 -0.014632
v 0.118824 -0.091519 -0.010693
v 0.118824 -0.091519 -0.010693
v 0.118824 -0.091519 -0.010693
v 0.118824 -0.091519 -0.010693
v 0.118824 -0.091519 -0.010693
v 0.118824 -0.091519 -0.010693
v 0.118824 -0.091519 -0.010693
v 0.118824 -0.091519 -0.010693
v 0.118824 -0.091519 -0.010693
v 0.118140 -0.099962 -0.013188
v 0.118140 -0.099962 -0.013188
v 0.118140 -0.099962 -0.013188
v 0.118140 -0.099962 -0.013188
v 0.118140 -0.099962 -0.013188
v 0.118245 -0.100156 -0.012840
v 0.118245 -0.100156 -0.012840
v 0.118245 -0.100156 -0.012840
v 0.118245 -0.100156 -0.012840
v 0.119646 -0.094068 -0.006960
v 0.119646 -0.094068 -0.006960
v 0.119646 -0.094068 -0.006960
v 0.119646 -0.094068 -0.006960
v 0.119646 -0.094068 -0.006960
v 0.119646 -0.094068 -0.006960
v 0.119646 -0.094068 -0.006960
v 0.119685 -0.100873 -0.006828
v 0.119685 -0.100873 -0.006828
v 0.119685 -0.100873 -0.006828
v 0.119685 -0.100873 -0.006828
v 0.119685 -0.100873 -0.006828
v 0.118832 -0.100959 -0.010717
v 0.118832 -0.100959 -0.010717
v 0.118832 -0.100959 -0.010717
v 0.118832 -0.100959 -0.010717
v 0.118832 -0.100959 -0.010717
v 0.118689 -0.100974 -0.011371
v 0.118689 -0.100974 -0.011371
v 0.118689 -0.100974 -0.011371
v 0.118689 -0.100974 -0.011371
v 0.118689 -0.100974 -0.011371
v 0.118689 -0.100974 -0.011371
v 0.120214 -0.100975 -0.001550
v 0.120214 -0.100975 -0.001550
v 0.120214 -0.100975 -0.001550
v 0.120214 -0.100975 -0.001550
v 0.119361 -0.102428 0.009044
v 0.119361 -0.102428 0.009044
v 0.119361 -0.102428 0.009044
v 0.119361 -0.102428 0.009044
v 0.119361 -0.102428 0.009044
v 0.119705 -0.100978 0.007551
v 0.119705 -0.100978 0.007551
v 0.119705 -0.100978 0.007551
v 0.119705 -0.100978 0.007551
v 0.120238 -0.093339 0.004512
v 0.120238 -0.093339 0.004512
v 0.120238 -0.093339 0.004512
v 0.120238 -0.093339 0.004512
v 0.120238 -0.093339 0.004512
v 0.120238 -0.093339 0.004512
v 0.120238 -0.093339 0.004512
v 0.120238 -0.093339 0.004512
v 0.120238 -0.093339 0.004512
v 0.120238 -0.093339 0.004512
v 0.120094 -0.100985 0.004078
v 0.120094 -0.100985 0.004078
v 0.120094 -0.100985 0.004078
v 0.120094 -0.100985 0.004078
v 0.120094 -0.100985 0.004078
v 0.120097 -0.100985 0.003941
v 0.120097 -0.100985 0.003941
v 0.120097 -0.100985 0.003941
v 0.120097 -0.100985 0.003941
v 0.120097 -0.100985 0.003941
v 0.120114 -0.100984 0.003148
v 0.120114 -0.100984 0.003148
v 0.120114 -0.100984 0.003148
v 0.120114 -0.100984 0.003148
v 0.120114 -0.100984 0.003148
v 0.120123 -0.081851 0.002472
v 0.120123 -0.081851 0.002472
v 0.120123 -0.081851 0.002472
v 0.120123 -0.081851 0.002472
v 0.120123 -0.081851 0.002472
v 0.120123 -0.081851 0.002472
v 0.120123 -0.081851 0.002472
v 0.120123 -0.081851 0.002472
v 0.120123 -0.081851 0.002472
v 0.120123 -0.081851 0.002472
v 0.120123 -0.081851 0.002472
v 0.119902 -0.077878 0.008336
v 0.119902 -0.077878 0.008336
v 0.119902 -0.077878 0.008336
v 0.119902 -0.077878 0.008336
v 0.119902 -0.077878 0.008336
v 0.119902 -0.077878 0.008336
v 0.119902 -0.077878 0.008336
v 0.119902 -0.077878 0.008336
v 0.119917 -0.090552 -0.004802
v 0.119917 -0.090552 -0.004802
v 0.119917 -0.090552 -0.004802
v 0.119917 -0.090552 -0.004802
v 0.119917 -0.090552 -0.004802
v 0.120080 -0.087312 -0.002535
v 0.120080 -0.087312 -0.002535
v 0.120080 -0.087312 -0.002535
v 0.120080 -0.087312 -0.002535
v 0.120080 -0.087312 -0.002535
v 0.120080 -0.087312 -0.002535
v 0.120080 -0.087312 -0.002535
v 0.120080 -0.087312 -0.002535
v 0.120080 -0.087312 -0.002535
v 0.119996 -0.081601 0.035597
v 0.119996 -0.081601 0.035597
v 0.119996 -0.081601 0.035597
v 0.119996 -0.081601 0.035597
v 0.119996 -0.081601 0.035597
v 0.119996 -0.081601 0.035597
v 0.119996 -0.081601 0.035597
v 0.119996 -0.081601 0.035597
v 0.119996 -0.081601 0.035597
v 0.119127 -0.073517 0.032504
v 0.119127 -0.073517 0.032504
v 0.119127 -0.073517 0.032504
v 0.119127 -0.073517 0.032504
v 0.119127 -0.073517 0.032504
v 0.119127 -0.073517 0.032504
v 0.119127 -0.073517 0.032504
v 0.119127 -0.073517 0.032504
v 0.119285 -0.074008 0.023366
v 0.119285 -0.074008 0.023366
v 0.119285 -0.074008 0.023366
v 0.119285 -0.074008 0.023366
v 0.119285 -0.074008 0.023366
v 0.119285 -0.074008 0.023366
v 0.119285 -0.074008 0.023366
v 0.119285 -0.074008 0.023366
v 0.119574 -0.075343 0.015273
v 0.119574 -0.075343 0.015273
v 0.119574 -0.075343 0.015273
v 0.119574 -0.075343 0.015273
v 0.119574 -0.075343 0.015273
v 0.119574 -0.075343 0.015273
v 0.119574 -0.075343 0.015273
v 0.119574 -0.075343 0.015273
v 0.120000 -0.081996 0.027502
v 0.120000 -0.081996 0.027502
v 0.120000 -0.081996 0.027502
v 0.120000 -0.081996 0.027502
v 0.120000 -0.081996 0.027502
v 0.120000 -0.081996 0.027502
v 0.120022 -0.083095 0.020341
v 0.120022 -0.083095 0.020341
v 0.120022 -0.083095 0.020341
v 0.120022 -0.083095 0.020341
v 0.120022 -0.083095 0.020341
v 0.120022 -0.083095 0.020341
v 0.120073 -0.085224 0.014202
v 0.120073 -0.085224 0.014202
v 0.120073 -0.085224 0.014202
v 0.120073 -0.085224 0.014202
v 0.120073 -0.085224 0.014202
v 0.120073 -0.085224 0.014202
v 0.120154 -0.088615 0.008996
v 0.120154 -0.088615 0.008996
v 0.120154 -0.088615 0.008996
v 0.120154 -0.088615 0.008996
v 0.120154 -0.088615 0.008996
v 0.120154 -0.088615 0.008996
v 0.119321 -0.089705 0.038692
v 0.119321 -0.089705 0.038692
v 0.119321 -0.089705 0.038692
v 0.119321 -0.089705 0.038692
v 0.119321 -0.089705 0.038692
v 0.119321 -0.089705 0.038692
v 0.119321 -0.089705 0.038692
v 0.119321 -0.089705 0.038692
v 0.119321 -0.089705 0.038692
v 0.119321 -0.089705 0.038692
v 0.106405 -0.100974 -0.031382
v 0.106405 -0.100974 -0.031382
v 0.106405 -0.100974 -0.031382
v 0.106405 -0.100974 -0.031382
v 0.106405 -0.100974 -0.031382
v 0.106405 -0.100974 -0.031382
v 0.106405 -0.100974 -0.031382
v 0.106405 -0.100974 -0.031382
v 0.106405 -0.100974 -0.031382
v 0.106405 -0.100974 -0.031382
v 0.112502 -0.100974 -0.024454
v 0.112502 -0.100974 -0.024454
v 0.112502 -0.100974 -0.024454
v 0.112502 -0.100974 -0.024454
v 0.112502 -0.100974 -0.024454
v 0.112502 -0.100974 -0.024454
v 0.112566 -0.100974 -0.024341
v 0.112566 -0.100974 -0.024341
v 0.112566 -0.100974 -0.024341
v 0.112566 -0.100974 -0.024341
v 0.112566 -0.100974 -0.024341
v 0.112566 -0.100974 -0.024341
v 0.112566 -0.100974 -0.024341
v 0.112566 -0.100974 -0.024341
v 0.117013 -0.100974 -0.016097
v 0.117013 -0.100974 -0.016097
v 0.117013 -0.100974 -0.016097
v 0.117013 -0.100974 -0.016097
v 0.117013 -0.100974 -0.016097
v 0.117013 -0.100974 -0.016097
v 0.118252 -0.100974 -0.012842
v 0.118252 -0.100974 -0.012842
v 0.118252 -0.100974 -0.012842
v 0.118252 -0.100974 -0.012842
v 0.118252 -0.100974 -0.012842
v 0.118252 -0.100974 -0.012842
v 0.116536 -0.100974 -0.017350
v 0.116536 -0.100974 -0.017350
v 0.116536 -0.100974 -0.017350
v 0.116536 -0.100974 -0.017350
v 0.116536 -0.100974 -0.017350
v 0.116536 -0.100974 -0.017350
v 0.103214 -0.100973 -0.034023
v 0.103214 -0.100973 -0.034023
v 0.103214 -0.100973 -0.034023
v 0.103214 -0.100973 -0.034023
v 0.103214 -0.100973 -0.034023
v 0.103214 -0.100973 -0.034023
v 0.099739 -0.100973 -0.036369
v 0.099739 -0.100973 -0.036369
v 0.099739 -0.100973 -0.036369
v 0.099739 -0.100973 -0.036369
v 0.099739 -0.100973 -0.036369
v 0.099739 -0.100973 -0.036369
v 0.103194 -0.100973 -0.034039
v 0.103194 -0.100973 -0.034039
v 0.103194 -0.100973 -0.034039
v 0.103194 -0.100973 -0.034039
v 0.103194 -0.100973 -0.034039
v 0.103194 -0.100973 -0.034039
v 0.103194 -0.100973 -0.034039
v 0.097334 -0.100973 -0.037719
v 0.097334 -0.100973 -0.037719
v 0.097334 -0.100973 -0.037719
v 0.097334 -0.100973 -0.037719
v 0.097334 -0.100973 -0.037719
v 0.097334 -0.100973 -0.037719
v 0.097334 -0.100973 -0.037719
v 0.094162 -0.100973 -0.039205
v 0.094162 -0.100973 -0.039205
v 0.094162 -0.100973 -0.039205
v 0.094162 -0.100973 -0.039205
v 0.094162 -0.100973 -0.039205
v 0.093723 -0.100973 -0.039334
v 0.093723 -0.100973 -0.039334
v 0.093723 -0.100973 -0.039334
v 0.093723 -0.100973 -0.039334
v 0.093723 -0.100973 -0.039334
v 0.093723 -0.100973 -0.039334
v 0.093723 -0.100973 -0.039334
v 0.085184 -0.100973 -0.041848
v 0.085184 -0.100973 -0.041848
v 0.085184 -0.100973 -0.041848
v 0.085184 -0.100973 -0.041848
v 0.085184 -0.100973 -0.041848
v 0.085184 -0.100973 -0.041848
v 0.085184 -0.100973 -0.041848
v 0.085184 -0.100973 -0.041848
v 0.084718 -0.100973 -0.041879
v 0.084718 -0.100973 -0.041879
v 0.084718 -0.100973 -0.041879
v 0.084718 -0.100973 -0.041879
v 0.084718 -0.100973 -0.041879
v 0.084718 -0.100973 -0.041879
v 0.084718 -0.100973 -0.041879
v 0.084718 -0.100973 -0.041879
v 0.060392 -0.127975 -0.038804
v 0.060392 -0.127975 -0.038804
v 0.060392 -0.127975 -0.038804
v 0.060392 -0.127975 -0.038804
v 0.060392 -0.127975 -0.038804
v 0.059737 -0.127975 -0.038504
v 0.059737 -0.127975 -0.038504
v 0.059737 -0.127975 -0.038504
v 0.059737 -0.127975 -0.038504
v 0.059737 -0.127975 -0.038504
v 0.065196 -0.127975 -0.040613
v 0.065196 -0.127975 -0.040613
v 0.065196 -0.127975 -0.040613
v 0.065196 -0.127975 -0.040613
v 0.065196 -0.127975 -0.040613
v 0.067617 -0.127975 -0.041195
v 0.067617 -0.127975 -0.041195
v 0.067617 -0.127975 -0.041195
v 0.067617 -0.127975 -0.041195
v 0.075848 -0.127975 -0.042464
v 0.075848 -0.127975 -0.042464
v 0.075848 -0.127975 -0.042464
v 0.075848 -0.127975 -0.042464
v 0.075848 -0.127975 -0.042464
v 0.075848 -0.127975 -0.042464
v 0.070466 -0.127975 -0.041879
v 0.070466 -0.127975 -0.041879
v 0.070466 -0.127975 -0.041879
v 0.070466 -0.127975 -0.041879
v 0.070466 -0.127975 -0.041879
v 0.070466 -0.127975 -0.041879
v 0.036792 -0.127975 -0.011369
v 0.036792 -0.127975 -0.011369
v 0.036792 -0.127975 -0.011369
v 0.036792 -0.127975 -0.011369
v 0.036792 -0.127975 -0.011369
v 0.038252 -0.127975 -0.015711
v 0.038252 -0.127975 -0.015711
v 0.038252 -0.127975 -0.015711
v 0.038252 -0.127975 -0.015711
v 0.038252 -0.127975 -0.015711
v 0.046669 -0.127975 -0.029000
v 0.046669 -0.127975 -0.029000
v 0.046669 -0.127975 -0.029000
v 0.046669 -0.127975 -0.029000
v 0.046669 -0.127975 -0.029000
v 0.045194 -0.127975 -0.027202
v 0.045194 -0.127975 -0.027202
v 0.045194 -0.127975 -0.027202
v 0.045194 -0.127975 -0.027202
v 0.045194 -0.127975 -0.027202
v 0.045194 -0.127975 -0.027202
v 0.043231 -0.127975 -0.024809
v 0.043231 -0.127975 -0.024809
v 0.043231 -0.127975 -0.024809
v 0.043231 -0.127975 -0.024809
v 0.043231 -0.127975 -0.024809
v 0.040359 -0.127975 -0.020220
v 0.040359 -0.127975 -0.020220
v 0.040359 -0.127975 -0.020220
v 0.040359 -0.127975 -0.020220
v 0.040359 -0.127975 -0.020220
v 0.039988 -0.127975 -0.019427
v 0.039988 -0.127975 -0.019427
v 0.039988 -0.127975 -0.019427
v 0.039988 -0.127975 -0.019427
v 0.039988 -0.127975 -0.019427
v 0.055924 -0.127975 -0.036415
v 0.055924 -0.127975 -0.036415
v 0.055924 -0.127975 -0.036415
v 0.055924 -0.127975 -0.036415
v 0.055924 -0.127975 -0.036415
v 0.055924 -0.127975 -0.036415
v 0.054991 -0.127975 -0.035904
v 0.054991 -0.127975 -0.035904
v 0.054991 -0.127975 -0.035904
v 0.054991 -0.127975 -0.035904
v 0.054991 -0.127975 -0.035904
v 0.051763 -0.127975 -0.033557
v 0.051763 -0.127975 -0.033557
v 0.051763 -0.127975 -0.033557
v 0.051763 -0.127975 -0.033557
v 0.051763 -0.127975 -0.033557
v 0.050609 -0.127975 -0.032718
v 0.050609 -0.127975 -0.032718
v 0.050609 -0.127975 -0.032718
v 0.050609 -0.127975 -0.032718
v 0.036357 -0.127975 -0.009296
v 0.036357 -0.127975 -0.009296
v 0.036357 -0.127975 -0.009296
v 0.036357 -0.127975 -0.009296
v 0.036357 -0.127975 -0.009296
v 0.036357 -0.127975 -0.009296
v 0.035878 -0.127975 -0.007011
v 0.035878 -0.127975 -0.007011
v 0.035878 -0.127975 -0.007011
v 0.035878 -0.127975 -0.007011
v 0.035878 -0.127975 -0.007011
v 0.035681 -0.127975 -0.006072
v 0.035681 -0.127975 -0.006072
v 0.035681 -0.127975 -0.006072
v 0.035681 -0.127975 -0.006072
v 0.035681 -0.127975 -0.006072
v 0.035323 -0.127975 -0.002598
v 0.035323 -0.127975 -0.002598
v 0.035323 -0.127975 -0.002598
v 0.035323 -0.127975 -0.002598
v 0.035323 -0.127975 -0.002598
v 0.035323 -0.127975 -0.002598
v 0.035785 -0.127975 0.007495
v 0.035785 -0.127975 0.007495
v 0.035785 -0.127975 0.007495
v 0.035785 -0.127975 0.007495
v 0.035785 -0.127975 0.007495
v 0.035785 -0.127975 0.007495
v 0.035785 -0.127975 0.007495
v 0.035320 -0.127975 0.003014
v 0.035320 -0.127975 0.003014
v 0.035320 -0.127975 0.003014
v 0.035320 -0.127975 0.003014
v 0.035320 -0.127975 0.003014
v 0.035320 -0.127975 0.002431
v 0.035320 -0.127975 0.002431
v 0.035320 -0.127975 0.002431
v 0.035320 -0.127975 0.002431
v 0.035320 -0.127975 0.002431
v 0.035320 -0.127975 0.002431
v 0.035322 -0.127975 -0.000012
v 0.035322 -0.127975 -0.000012
v 0.035322 -0.127975 -0.000012
v 0.035322 -0.127975 -0.000012
v 0.035322 -0.127975 -0.000012
v 0.037076 -0.127975 0.012763
v 0.037076 -0.127975 0.012763
v 0.037076 -0.127975 0.012763
v 0.037076 -0.127975 0.012763
v 0.037076 -0.127975 0.012763
v 0.037076 -0.127975 0.012763
v 0.038202 -0.127975 0.015683
v 0.038202 -0.127975 0.015683
v 0.038202 -0.127975 0.015683
v 0.038202 -0.127975 0.015683
v 0.038202 -0.127975 0.015683
v 0.038202 -0.127975 0.015683
v 0.038202 -0.127975 0.015683
v 0.038202 -0.127975 0.015683
v 0.043556 -0.127975 0.025318
v 0.043556 -0.127975 0.025318
v 0.043556 -0.127975 0.025318
v 0.043556 -0.127975 0.025318
v 0.043556 -0.127975 0.025318
v 0.043556 -0.127975 0.025318
v 0.043556 -0.127975 0.025318
v 0.041606 -0.127975 0.022601
v 0.041606 -0.127975 0.022601
v 0.041606 -0.127975 0.022601
v 0.041606 -0.127975 0.022601
v 0.041606 -0.127975 0.022601
v 0.039028 -0.127975 0.017826
v 0.039028 -0.127975 0.017826
v 0.039028 -0.127975 0.017826
v 0.039028 -0.127975 0.017826
v 0.048469 -0.127975 0.030980
v 0.048469 -0.127975 0.030980
v 0.048469 -0.127975 0.030980
v 0.048469 -0.127975 0.030980
v 0.048469 -0.127975 0.030980
v 0.048469 -0.127975 0.030980
v 0.051206 -0.127975 0.033255
v 0.051206 -0.127975 0.033255
v 0.051206 -0.127975 0.033255
v 0.051206 -0.127975 0.033255
v 0.051206 -0.127975 0.033255
v 0.051206 -0.127975 0.033255
v 0.051206 -0.127975 0.033255
v 0.051163 -0.122093 0.033306
v 0.051163 -0.122093 0.033306
v 0.051163 -0.122093 0.033306
v 0.051163 -0.122093 0.033306
v 0.051163 -0.122093 0.033306
v 0.051163 -0.122093 0.033306
v 0.050999 -0.122009 0.033188
v 0.050999 -0.122009 0.033188
v 0.050999 -0.122009 0.033188
v 0.050999 -0.122009 0.033188
v 0.044771 -0.127975 0.027009
v 0.044771 -0.127975 0.027009
v 0.044771 -0.127975 0.027009
v 0.044771 -0.127975 0.027009
v 0.044771 -0.127975 0.027009
v 0.057222 -0.127975 0.037359
v 0.057222 -0.127975 0.037359
v 0.057222 -0.127975 0.037359
v 0.057222 -0.127975 0.037359
v 0.057222 -0.127975 0.037359
v 0.057222 -0.127975 0.037359
v 0.060639 -0.127975 0.038962
v 0.060639 -0.127975 0.038962
v 0.060639 -0.127975 0.038962
v 0.060639 -0.127975 0.038962
v 0.060639 -0.127975 0.038962
v 0.060639 -0.127975 0.038962
v 0.060639 -0.127975 0.038962
v 0.060630 -0.126133 0.038975
v 0.060630 -0.126133 0.038975
v 0.060630 -0.126133 0.038975
v 0.060630 -0.126133 0.038975
v 0.060630 -0.126133 0.038975
v 0.059260 -0.125733 0.038408
v 0.059260 -0.125733 0.038408
v 0.059260 -0.125733 0.038408
v 0.059260 -0.125733 0.038408
v 0.059260 -0.125733 0.038408
v 0.057191 -0.124920 0.037262
v 0.057191 -0.124920 0.037262
v 0.057191 -0.124920 0.037262
v 0.057191 -0.124920 0.037262
v 0.057191 -0.124920 0.037262
v 0.052642 -0.127975 0.034448
v 0.052642 -0.127975 0.034448
v 0.052642 -0.127975 0.034448
v 0.052642 -0.127975 0.034448
v 0.052642 -0.127975 0.034448
v 0.054988 -0.124053 0.036041
v 0.054988 -0.124053 0.036041
v 0.054988 -0.124053 0.036041
v 0.054988 -0.124053 0.036041
v 0.054988 -0.124053 0.036041
v 0.054988 -0.124053 0.036041
v 0.053264 -0.123170 0.034808
v 0.053264 -0.123170 0.034808
v 0.053264 -0.123170 0.034808
v 0.053264 -0.123170 0.034808
v 0.067025 -0.127975 0.041255
v 0.067025 -0.127975 0.041255
v 0.067025 -0.127975 0.041255
v 0.067025 -0.127975 0.041255
v 0.068442 -0.127975 0.041598
v 0.068442 -0.127975 0.041598
v 0.068442 -0.127975 0.041598
v 0.068442 -0.127975 0.041598
v 0.068442 -0.127975 0.041598
v 0.068442 -0.127975 0.041598
v 0.068442 -0.127975 0.041598
v 0.065992 -0.127487 0.040899
v 0.065992 -0.127487 0.040899
v 0.065992 -0.127487 0.040899
v 0.065992 -0.127487 0.040899
v 0.065992 -0.127487 0.040899
v 0.062134 -0.127975 0.039664
v 0.062134 -0.127975 0.039664
v 0.062134 -0.127975 0.039664
v 0.062134 -0.127975 0.039664
v 0.062134 -0.127975 0.039664
v 0.063709 -0.127033 0.040248
v 0.063709 -0.127033 0.040248
v 0.063709 -0.127033 0.040248
v 0.063709 -0.127033 0.040248
v 0.063709 -0.127033 0.040248
v 0.063709 -0.127033 0.040248
v 0.061449 -0.126373 0.039313
v 0.061449 -0.126373 0.039313
v 0.061449 -0.126373 0.039313
v 0.061449 -0.126373 0.039313
v 0.079779 -0.125880 0.044927
v 0.079779 -0.125880 0.044927
v 0.079779 -0.125880 0.044927
v 0.079779 -0.125880 0.044927
v 0.079779 -0.125880 0.044927
v 0.079779 -0.125880 0.044927
v 0.080138 -0.126543 0.043691
v 0.080138 -0.126543 0.043691
v 0.080138 -0.126543 0.043691
v 0.080138 -0.126543 0.043691
v 0.080138 -0.126543 0.043691
v 0.080138 -0.126543 0.043691
v 0.084903 -0.126057 0.043160
v 0.084903 -0.126057 0.043160
v 0.084903 -0.126057 0.043160
v 0.084903 -0.126057 0.043160
v 0.084903 -0.126057 0.043160
v 0.084903 -0.126057 0.043160
v 0.084903 -0.126057 0.043160
v 0.097024 -0.120507 0.047794
v 0.097024 -0.120507 0.047794
v 0.097024 -0.120507 0.047794
v 0.097024 -0.120507 0.047794
v 0.097024 -0.120507 0.047794
v 0.097024 -0.120507 0.047794
v 0.093174 -0.122586 0.044176
v 0.093174 -0.122586 0.044176
v 0.093174 -0.122586 0.044176
v 0.093174 -0.122586 0.044176
v 0.093174 -0.122586 0.044176
v 0.093174 -0.122586 0.044176
v 0.093174 -0.122586 0.044176
v 0.093174 -0.122586 0.044176
v 0.097356 -0.120638 0.042690
v 0.097356 -0.120638 0.042690
v 0.097356 -0.120638 0.042690
v 0.097356 -0.120638 0.042690
v 0.097356 -0.120638 0.042690
v 0.097356 -0.120638 0.042690
v 0.097356 -0.120638 0.042690
v 0.101045 -0.118071 0.046518
v 0.101045 -0.118071 0.046518
v 0.101045 -0.118071 0.046518
v 0.101045 -0.118071 0.046518
v 0.101045 -0.118071 0.046518
v 0.101045 -0.118071 0.046518
v 0.101045 -0.118071 0.046518
v 0.101045 -0.118071 0.046518
v 0.101045 -0.118071 0.046518
v 0.108117 -0.111989 0.043401
v 0.108117 -0.111989 0.043401
v 0.108117 -0.111989 0.043401
v 0.108117 -0.111989 0.043401
v 0.108117 -0.111989 0.043401
v 0.108117 -0.111989 0.043401
v 0.108117 -0.111989 0.043401
v 0.108117 -0.111989 0.043401
v 0.108117 -0.111989 0.043401
v 0.108117 -0.111989 0.043401
v 0.108117 -0.111989 0.043401
v 0.108046 -0.112430 0.036685
v 0.108046 -0.112430 0.036685
v 0.108046 -0.112430 0.036685
v 0.108046 -0.112430 0.036685
v 0.108046 -0.112430 0.036685
v 0.108046 -0.112430 0.036685
v 0.108046 -0.112430 0.036685
v 0.108046 -0.112430 0.036685
v 0.108046 -0.112430 0.036685
v 0.108141 -0.113169 0.033887
v 0.108141 -0.113169 0.033887
v 0.108141 -0.113169 0.033887
v 0.108141 -0.113169 0.033887
v 0.108141 -0.113169 0.033887
v 0.108141 -0.113169 0.033887
v 0.108141 -0.113169 0.033887
v 0.108141 -0.113169 0.033887
v 0.108401 -0.114433 0.031570
v 0.108401 -0.114433 0.031570
v 0.108401 -0.114433 0.031570
v 0.108401 -0.114433 0.031570
v 0.108401 -0.114433 0.031570
v 0.108401 -0.114433 0.031570
v 0.108401 -0.114433 0.031570
v 0.108401 -0.114433 0.031570
v 0.108860 -0.116302 0.029746
v 0.108860 -0.116302 0.029746
v 0.108860 -0.116302 0.029746
v 0.108860 -0.116302 0.029746
v 0.108860 -0.116302 0.029746
v 0.108860 -0.116302 0.029746
v 0.108860 -0.116302 0.029746
v 0.108860 -0.116302 0.029746
v 0.108860 -0.116302 0.029746
v 0.111328 -0.116645 0.026262
v 0.111328 -0.116645 0.026262
v 0.111328 -0.116645 0.026262
v 0.111328 -0.116645 0.026262
v 0.111328 -0.116645 0.026262
v 0.111816 -0.116107 0.025553
v 0.111816 -0.116107 0.025553
v 0.111816 -0.116107 0.025553
v 0.111816 -0.116107 0.025553
v 0.111816 -0.116107 0.025553
v 0.111816 -0.116107 0.025553
v 0.104037 -0.122015 0.033544
v 0.104037 -0.122015 0.033544
v 0.104037 -0.122015 0.033544
v 0.104037 -0.122015 0.033544
v 0.104037 -0.122015 0.033544
v 0.104037 -0.122015 0.033544
v 0.102312 -0.121139 0.035307
v 0.102312 -0.121139 0.035307
v 0.102312 -0.121139 0.035307
v 0.102312 -0.121139 0.035307
v 0.102312 -0.121139 0.035307
v 0.102312 -0.121139 0.035307
v 0.102312 -0.121139 0.035307
v 0.102312 -0.121139 0.035307
v 0.103903 -0.122101 0.033662
v 0.103903 -0.122101 0.033662
v 0.103903 -0.122101 0.033662
v 0.103903 -0.122101 0.033662
v 0.102736 -0.122687 0.034467
v 0.102736 -0.122687 0.034467
v 0.102736 -0.122687 0.034467
v 0.102736 -0.122687 0.034467
v 0.102736 -0.122687 0.034467
v 0.107783 -0.119602 0.030251
v 0.107783 -0.119602 0.030251
v 0.107783 -0.119602 0.030251
v 0.107783 -0.119602 0.030251
v 0.107783 -0.119602 0.030251
v 0.107783 -0.119602 0.030251
v 0.109330 -0.118311 0.028510
v 0.109330 -0.118311 0.028510
v 0.109330 -0.118311 0.028510
v 0.109330 -0.118311 0.028510
v 0.094414 -0.126116 0.039180
v 0.094414 -0.126116 0.039180
v 0.094414 -0.126116 0.039180
v 0.094414 -0.126116 0.039180
v 0.094414 -0.126116 0.039180
v 0.094674 -0.126042 0.039078
v 0.094674 -0.126042 0.039078
v 0.094674 -0.126042 0.039078
v 0.094674 -0.126042 0.039078
v 0.094674 -0.126042 0.039078
v 0.094350 -0.124832 0.039642
v 0.094350 -0.124832 0.039642
v 0.094350 -0.124832 0.039642
v 0.094350 -0.124832 0.039642
v 0.094350 -0.124832 0.039642
v 0.094350 -0.124832 0.039642
v 0.094350 -0.124832 0.039642
v 0.094350 -0.124832 0.039642
v 0.095498 -0.125808 0.038757
v 0.095498 -0.125808 0.038757
v 0.095498 -0.125808 0.038757
v 0.095498 -0.125808 0.038757
v 0.095498 -0.125808 0.038757
v 0.098497 -0.123149 0.037655
v 0.098497 -0.123149 0.037655
v 0.098497 -0.123149 0.037655
v 0.098497 -0.123149 0.037655
v 0.098497 -0.123149 0.037655
v 0.098497 -0.123149 0.037655
v 0.098497 -0.123149 0.037655
v 0.098869 -0.124504 0.036964
v 0.098869 -0.124504 0.036964
v 0.098869 -0.124504 0.036964
v 0.098869 -0.124504 0.036964
v 0.098869 -0.124504 0.036964
v 0.099956 -0.124084 0.036386
v 0.099956 -0.124084 0.036386
v 0.099956 -0.124084 0.036386
v 0.099956 -0.124084 0.036386
v 0.099956 -0.124084 0.036386
v 0.090968 -0.127096 0.040525
v 0.090968 -0.127096 0.040525
v 0.090968 -0.127096 0.040525
v 0.090968 -0.127096 0.040525
v 0.090968 -0.127096 0.040525
v 0.089911 -0.126148 0.041210
v 0.089911 -0.126148 0.041210
v 0.089911 -0.126148 0.041210
v 0.089911 -0.126148 0.041210
v 0.089911 -0.126148 0.041210
v 0.089911 -0.126148 0.041210
v 0.089911 -0.126148 0.041210
v 0.090179 -0.127251 0.040736
v 0.090179 -0.127251 0.040736
v 0.090179 -0.127251 0.040736
v 0.090179 -0.127251 0.040736
v 0.086483 -0.127975 0.041722
v 0.086483 -0.127975 0.041722
v 0.086483 -0.127975 0.041722
v 0.086483 -0.127975 0.041722
v 0.086483 -0.127975 0.041722
v 0.086483 -0.127975 0.041722
v 0.086483 -0.127975 0.041722
v 0.085244 -0.127058 0.042306
v 0.085244 -0.127058 0.042306
v 0.085244 -0.127058 0.042306
v 0.085244 -0.127058 0.042306
v 0.085244 -0.127058 0.042306
v 0.085244 -0.127058 0.042306
v 0.085244 -0.127058 0.042306
v 0.085434 -0.127975 0.041903
v 0.085434 -0.127975 0.041903
v 0.085434 -0.127975 0.041903
v 0.085434 -0.127975 0.041903
v 0.081163 -0.127975 0.042637
v 0.081163 -0.127975 0.042637
v 0.081163 -0.127975 0.042637
v 0.081163 -0.127975 0.042637
v 0.081163 -0.127975 0.042637
v 0.080423 -0.127533 0.042887
v 0.080423 -0.127533 0.042887
v 0.080423 -0.127533 0.042887
v 0.080423 -0.127533 0.042887
v 0.080423 -0.127533 0.042887
v 0.080423 -0.127533 0.042887
v 0.080423 -0.127533 0.042887
v 0.080504 -0.127975 0.042660
v 0.080504 -0.127975 0.042660
v 0.080504 -0.127975 0.042660
v 0.080504 -0.127975 0.042660
v 0.080504 -0.127975 0.042660
v 0.076562 -0.127975 0.042796
v 0.076562 -0.127975 0.042796
v 0.076562 -0.127975 0.042796
v 0.076562 -0.127975 0.042796
v 0.076562 -0.127975 0.042796
v 0.075547 -0.127551 0.042926
v 0.075547 -0.127551 0.042926
v 0.075547 -0.127551 0.042926
v 0.075547 -0.127551 0.042926
v 0.075547 -0.127551 0.042926
v 0.075547 -0.127551 0.042926
v 0.075547 -0.127551 0.042926
v 0.075602 -0.127975 0.042697
v 0.075602 -0.127975 0.042697
v 0.075602 -0.127975 0.042697
v 0.075602 -0.127975 0.042697
v 0.071748 -0.127975 0.042298
v 0.071748 -0.127975 0.042298
v 0.071748 -0.127975 0.042298
v 0.071748 -0.127975 0.042298
v 0.071748 -0.127975 0.042298
v 0.070716 -0.127110 0.042424
v 0.070716 -0.127110 0.042424
v 0.070716 -0.127110 0.042424
v 0.070716 -0.127110 0.042424
v 0.070716 -0.127110 0.042424
v 0.070716 -0.127110 0.042424
v 0.070716 -0.127110 0.042424
v 0.070744 -0.127975 0.042086
v 0.070744 -0.127975 0.042086
v 0.070744 -0.127975 0.042086
v 0.070744 -0.127975 0.042086
v 0.066026 -0.126224 0.041400
v 0.066026 -0.126224 0.041400
v 0.066026 -0.126224 0.041400
v 0.066026 -0.126224 0.041400
v 0.066026 -0.126224 0.041400
v 0.066026 -0.126224 0.041400
v 0.066026 -0.126224 0.041400
v 0.061563 -0.124923 0.039896
v 0.061563 -0.124923 0.039896
v 0.061563 -0.124923 0.039896
v 0.061563 -0.124923 0.039896
v 0.061563 -0.124923 0.039896
v 0.061563 -0.124923 0.039896
v 0.061563 -0.124923 0.039896
v 0.061563 -0.124923 0.039896
v 0.057386 -0.123246 0.037967
v 0.057386 -0.123246 0.037967
v 0.057386 -0.123246 0.037967
v 0.057386 -0.123246 0.037967
v 0.057386 -0.123246 0.037967
v 0.057386 -0.123246 0.037967
v 0.057386 -0.123246 0.037967
v 0.057411 -0.121723 0.039074
v 0.057411 -0.121723 0.039074
v 0.057411 -0.121723 0.039074
v 0.057411 -0.121723 0.039074
v 0.057411 -0.121723 0.039074
v 0.057411 -0.121723 0.039074
v 0.057411 -0.121723 0.039074
v 0.057411 -0.121723 0.039074
v 0.057411 -0.121723 0.039074
v 0.057411 -0.121723 0.039074
v 0.053543 -0.121234 0.035670
v 0.053543 -0.121234 0.035670
v 0.053543 -0.121234 0.035670
v 0.053543 -0.121234 0.035670
v 0.053543 -0.121234 0.035670
v 0.053543 -0.121234 0.035670
v 0.057223 -0.120575 0.040636
v 0.057223 -0.120575 0.040636
v 0.057223 -0.120575 0.040636
v 0.057223 -0.120575 0.040636
v 0.057223 -0.120575 0.040636
v 0.057223 -0.120575 0.040636
v 0.057223 -0.120575 0.040636
v 0.057223 -0.120575 0.040636
v 0.056899 -0.119784 0.042627
v 0.056899 -0.119784 0.042627
v 0.056899 -0.119784 0.042627
v 0.056899 -0.119784 0.042627
v 0.056899 -0.119784 0.042627
v 0.056899 -0.119784 0.042627
v 0.056899 -0.119784 0.042627
v 0.056899 -0.119784 0.042627
v 0.056899 -0.119784 0.042627
v 0.056241 -0.119065 0.047500
v 0.056241 -0.119065 0.047500
v 0.056241 -0.119065 0.047500
v 0.056241 -0.119065 0.047500
v 0.056241 -0.119065 0.047500
v 0.056241 -0.119065 0.047500
v 0.056241 -0.119065 0.047500
v 0.056241 -0.119065 0.047500
v 0.056241 -0.119065 0.047500
v 0.060996 -0.121912 0.044139
v 0.060996 -0.121912 0.044139
v 0.060996 -0.121912 0.044139
v 0.060996 -0.121912 0.044139
v 0.060996 -0.121912 0.044139
v 0.060996 -0.121912 0.044139
v 0.060996 -0.121912 0.044139
v 0.060996 -0.121912 0.044139
v 0.060996 -0.121912 0.044139
v 0.060376 -0.121335 0.048628
v 0.060376 -0.121335 0.048628
v 0.060376 -0.121335 0.048628
v 0.060376 -0.121335 0.048628
v 0.060376 -0.121335 0.048628
v 0.065359 -0.123583 0.045322
v 0.065359 -0.123583 0.045322
v 0.065359 -0.123583 0.045322
v 0.065359 -0.123583 0.045322
v 0.065359 -0.123583 0.045322
v 0.065359 -0.123583 0.045322
v 0.065359 -0.123583 0.045322
v 0.065359 -0.123583 0.045322
v 0.065359 -0.123583 0.045322
v 0.069930 -0.124758 0.046136
v 0.069930 -0.124758 0.046136
v 0.069930 -0.124758 0.046136
v 0.069930 -0.124758 0.046136
v 0.069930 -0.124758 0.046136
v 0.069930 -0.124758 0.046136
v 0.069930 -0.124758 0.046136
v 0.079401 -0.125503 0.046552
v 0.079401 -0.125503 0.046552
v 0.079401 -0.125503 0.046552
v 0.079401 -0.125503 0.046552
v 0.079401 -0.125503 0.046552
v 0.079401 -0.125503 0.046552
v 0.079401 -0.125503 0.046552
v 0.088745 -0.124070 0.045339
v 0.088745 -0.124070 0.045339
v 0.088745 -0.124070 0.045339
v 0.088745 -0.124070 0.045339
v 0.088745 -0.124070 0.045339
v 0.088745 -0.124070 0.045339
v 0.088745 -0.124070 0.045339
v 0.084131 -0.125052 0.046142
v 0.084131 -0.125052 0.046142
v 0.084131 -0.125052 0.046142
v 0.084131 -0.125052 0.046142
v 0.084131 -0.125052 0.046142
v 0.084131 -0.125052 0.046142
v 0.061530 -0.123580 0.040874
v 0.061530 -0.123580 0.040874
v 0.061530 -0.123580 0.040874
v 0.061530 -0.123580 0.040874
v 0.061530 -0.123580 0.040874
v 0.061530 -0.123580 0.040874
v 0.061530 -0.123580 0.040874
v 0.065931 -0.125026 0.042281
v 0.065931 -0.125026 0.042281
v 0.065931 -0.125026 0.042281
v 0.065931 -0.125026 0.042281
v 0.065931 -0.125026 0.042281
v 0.065931 -0.125026 0.042281
v 0.070275 -0.125246 0.044493
v 0.070275 -0.125246 0.044493
v 0.070275 -0.125246 0.044493
v 0.070275 -0.125246 0.044493
v 0.070275 -0.125246 0.044493
v 0.070275 -0.125246 0.044493
v 0.070556 -0.126021 0.043242
v 0.070556 -0.126021 0.043242
v 0.070556 -0.126021 0.043242
v 0.070556 -0.126021 0.043242
v 0.070556 -0.126021 0.043242
v 0.075323 -0.126532 0.043719
v 0.075323 -0.126532 0.043719
v 0.075323 -0.126532 0.043719
v 0.075323 -0.126532 0.043719
v 0.075323 -0.126532 0.043719
v 0.075323 -0.126532 0.043719
v 0.075001 -0.125827 0.044941
v 0.075001 -0.125827 0.044941
v 0.075001 -0.125827 0.044941
v 0.075001 -0.125827 0.044941
v 0.075001 -0.125827 0.044941
v 0.075001 -0.125827 0.044941
v 0.074638 -0.125404 0.046551
v 0.074638 -0.125404 0.046551
v 0.074638 -0.125404 0.046551
v 0.074638 -0.125404 0.046551
v 0.074638 -0.125404 0.046551
v 0.074638 -0.125404 0.046551
v 0.074638 -0.125404 0.046551
v 0.097658 -0.121060 0.040560
v 0.097658 -0.121060 0.040560
v 0.097658 -0.121060 0.040560
v 0.097658 -0.121060 0.040560
v 0.097658 -0.121060 0.040560
v 0.097658 -0.121060 0.040560
v 0.093521 -0.122959 0.042228
v 0.093521 -0.122959 0.042228
v 0.093521 -0.122959 0.042228
v 0.093521 -0.122959 0.042228
v 0.093521 -0.122959 0.042228
v 0.093521 -0.122959 0.042228
v 0.089120 -0.124420 0.043541
v 0.089120 -0.124420 0.043541
v 0.089120 -0.124420 0.043541
v 0.089120 -0.124420 0.043541
v 0.089120 -0.124420 0.043541
v 0.089120 -0.124420 0.043541
v 0.084515 -0.125405 0.044453
v 0.084515 -0.125405 0.044453
v 0.084515 -0.125405 0.044453
v 0.084515 -0.125405 0.044453
v 0.084515 -0.125405 0.044453
v 0.084515 -0.125405 0.044453
v 0.098043 -0.121871 0.038868
v 0.098043 -0.121871 0.038868
v 0.098043 -0.121871 0.038868
v 0.098043 -0.121871 0.038868
v 0.098043 -0.121871 0.038868
v 0.098043 -0.121871 0.038868
v 0.093924 -0.123684 0.040702
v 0.093924 -0.123684 0.040702
v 0.093924 -0.123684 0.040702
v 0.093924 -0.123684 0.040702
v 0.093924 -0.123684 0.040702
v 0.093924 -0.123684 0.040702
v 0.089523 -0.125092 0.042150
v 0.089523 -0.125092 0.042150
v 0.089523 -0.125092 0.042150
v 0.089523 -0.125092 0.042150
v 0.089523 -0.125092 0.042150
v 0.089523 -0.125092 0.042150
v 0.101844 -0.119696 0.036700
v 0.101844 -0.119696 0.036700
v 0.101844 -0.119696 0.036700
v 0.101844 -0.119696 0.036700
v 0.101844 -0.119696 0.036700
v 0.101844 -0.119696 0.036700
v 0.101491 -0.118766 0.038584
v 0.101491 -0.118766 0.038584
v 0.101491 -0.118766 0.038584
v 0.101491 -0.118766 0.038584
v 0.101491 -0.118766 0.038584
v 0.101491 -0.118766 0.038584
v 0.101251 -0.118268 0.040921
v 0.101251 -0.118268 0.040921
v 0.101251 -0.118268 0.040921
v 0.101251 -0.118268 0.040921
v 0.101251 -0.118268 0.040921
v 0.101251 -0.118268 0.040921
v 0.109583 -0.127975 0.028351
v 0.109583 -0.127975 0.028351
v 0.109583 -0.127975 0.028351
v 0.109583 -0.127975 0.028351
v 0.111791 -0.127975 0.025530
v 0.111791 -0.127975 0.025530
v 0.111791 -0.127975 0.025530
v 0.111791 -0.127975 0.025530
v 0.111791 -0.127975 0.025530
v 0.111791 -0.127975 0.025530
v 0.111791 -0.127975 0.025530
v 0.111791 -0.127975 0.025530
v 0.091710 -0.127975 0.040276
v 0.091710 -0.127975 0.040276
v 0.091710 -0.127975 0.040276
v 0.091710 -0.127975 0.040276
v 0.091710 -0.127975 0.040276
v 0.091710 -0.127975 0.040276
v 0.101410 -0.127975 0.035458
v 0.101410 -0.127975 0.035458
v 0.101410 -0.127975 0.035458
v 0.101410 -0.127975 0.035458
v 0.101410 -0.127975 0.035458
v 0.101410 -0.127975 0.035458
v 0.103993 -0.127975 0.033486
v 0.103993 -0.127975 0.033486
v 0.103993 -0.127975 0.033486
v 0.103993 -0.127975 0.033486
v 0.103993 -0.127975 0.033486
v 0.103993 -0.127975 0.033486
v 0.103993 -0.127975 0.033486
v 0.096714 -0.127975 0.038176
v 0.096714 -0.127975 0.038176
v 0.096714 -0.127975 0.038176
v 0.096714 -0.127975 0.038176
v 0.096714 -0.127975 0.038176
v 0.096714 -0.127975 0.038176
v 0.094400 -0.127975 0.039147
v 0.094400 -0.127975 0.039147
v 0.094400 -0.127975 0.039147
v 0.094400 -0.127975 0.039147
v 0.094400 -0.127975 0.039147
v 0.094400 -0.127975 0.039147
v 0.105723 -0.127975 0.032165
v 0.105723 -0.127975 0.032165
v 0.105723 -0.127975 0.032165
v 0.105723 -0.127975 0.032165
v 0.105723 -0.127975 0.032165
v 0.117259 -0.127975 0.015822
v 0.117259 -0.127975 0.015822
v 0.117259 -0.127975 0.015822
v 0.117259 -0.127975 0.015822
v 0.117259 -0.127975 0.015822
v 0.117259 -0.127975 0.015822
v 0.117259 -0.127975 0.015822
v 0.117259 -0.127975 0.015822
v 0.115701 -0.127975 0.019414
v 0.115701 -0.127975 0.019414
v 0.115701 -0.127975 0.019414
v 0.115701 -0.127975 0.019414
v 0.112927 -0.127975 0.024077
v 0.112927 -0.127975 0.024077
v 0.112927 -0.127975 0.024077
v 0.112927 -0.127975 0.024077
v 0.112927 -0.127975 0.024077
v 0.119705 -0.127975 0.007551
v 0.119705 -0.127975 0.007551
v 0.119705 -0.127975 0.007551
v 0.119705 -0.127975 0.007551
v 0.119705 -0.127975 0.007551
v 0.119705 -0.127975 0.007551
v 0.119705 -0.127975 0.007551
v 0.119705 -0.127975 0.007551
v 0.119370 -0.127975 0.009223
v 0.119370 -0.127975 0.009223
v 0.119370 -0.127975 0.009223
v 0.119370 -0.127975 0.009223
v 0.117860 -0.127975 0.014435
v 0.117860 -0.127975 0.014435
v 0.117860 -0.127975 0.014435
v 0.117860 -0.127975 0.014435
v 0.119180 -0.127975 -0.009422
v 0.119180 -0.127975 -0.009422
v 0.119180 -0.127975 -0.009422
v 0.119180 -0.127975 -0.009422
v 0.119180 -0.127975 -0.009422
v 0.119180 -0.127975 -0.009422
v 0.118689 -0.127975 -0.011372
v 0.118689 -0.127975 -0.011372
v 0.118689 -0.127975 -0.011372
v 0.118689 -0.127975 -0.011372
v 0.118689 -0.127975 -0.011372
v 0.120016 -0.127975 0.003933
v 0.120016 -0.127975 0.003933
v 0.120016 -0.127975 0.003933
v 0.120016 -0.127975 0.003933
v 0.120016 -0.127975 0.003933
v 0.120016 -0.127975 0.003933
v 0.120084 -0.127975 0.003142
v 0.120084 -0.127975 0.003142
v 0.120084 -0.127975 0.003142
v 0.120084 -0.127975 0.003142
v 0.120084 -0.127975 0.003142
v 0.120084 -0.127975 0.003142
v 0.120235 -0.127975 0.001391
v 0.120235 -0.127975 0.001391
v 0.120235 -0.127975 0.001391
v 0.120235 -0.127975 0.001391
v 0.120235 -0.127975 0.001391
v 0.120117 -0.127975 -0.002167
v 0.120117 -0.127975 -0.002167
v 0.120117 -0.127975 -0.002167
v 0.120117 -0.127975 -0.002167
v 0.120117 -0.127975 -0.002167
v 0.120117 -0.127975 -0.002167
v 0.120117 -0.127975 -0.002167
v 0.120117 -0.127975 -0.002167
v 0.120059 -0.127975 -0.003891
v 0.120059 -0.127975 -0.003891
v 0.120059 -0.127975 -0.003891
v 0.120059 -0.127975 -0.003891
v 0.120059 -0.127975 -0.003891
v 0.117014 -0.127975 -0.016238
v 0.117014 -0.127975 -0.016238
v 0.117014 -0.127975 -0.016238
v 0.117014 -0.127975 -0.016238
v 0.117014 -0.127975 -0.016238
v 0.117057 -0.127975 -0.016115
v 0.117057 -0.127975 -0.016115
v 0.117057 -0.127975 -0.016115
v 0.117057 -0.127975 -0.016115
v 0.117057 -0.127975 -0.016115
v 0.117057 -0.127975 -0.016115
v 0.117057 -0.127975 -0.016115
v 0.114632 -0.127975 -0.021103
v 0.114632 -0.127975 -0.021103
v 0.114632 -0.127975 -0.021103
v 0.114632 -0.127975 -0.021103
v 0.112517 -0.127975 -0.024308
v 0.112517 -0.127975 -0.024308
v 0.112517 -0.127975 -0.024308
v 0.112517 -0.127975 -0.024308
v 0.112517 -0.127975 -0.024308
v 0.112517 -0.127975 -0.024308
v 0.111646 -0.127975 -0.025628
v 0.111646 -0.127975 -0.025628
v 0.111646 -0.127975 -0.025628
v 0.111646 -0.127975 -0.025628
v 0.111646 -0.127975 -0.025628
v 0.108116 -0.127975 -0.029729
v 0.108116 -0.127975 -0.029729
v 0.108116 -0.127975 -0.029729
v 0.108116 -0.127975 -0.029729
v 0.106405 -0.127975 -0.031383
v 0.106405 -0.127975 -0.031383
v 0.106405 -0.127975 -0.031383
v 0.106405 -0.127975 -0.031383
v 0.106405 -0.127975 -0.031383
v 0.106405 -0.127975 -0.031383
v 0.099739 -0.127975 -0.036369
v 0.099739 -0.127975 -0.036369
v 0.099739 -0.127975 -0.036369
v 0.099739 -0.127975 -0.036369
v 0.099739 -0.127975 -0.036369
v 0.102410 -0.127975 -0.034613
v 0.102410 -0.127975 -0.034613
v 0.102410 -0.127975 -0.034613
v 0.102410 -0.127975 -0.034613
v 0.102410 -0.127975 -0.034613
v 0.103164 -0.127975 -0.034003
v 0.103164 -0.127975 -0.034003
v 0.103164 -0.127975 -0.034003
v 0.103164 -0.127975 -0.034003
v 0.103164 -0.127975 -0.034003
v 0.079194 -0.127975 -0.042481
v 0.079194 -0.127975 -0.042481
v 0.079194 -0.127975 -0.042481
v 0.079194 -0.127975 -0.042481
v 0.084579 -0.127975 -0.041952
v 0.084579 -0.127975 -0.041952
v 0.084579 -0.127975 -0.041952
v 0.084579 -0.127975 -0.041952
v 0.084579 -0.127975 -0.041952
v 0.084719 -0.127975 -0.041920
v 0.084719 -0.127975 -0.041920
v 0.084719 -0.127975 -0.041920
v 0.084719 -0.127975 -0.041920
v 0.084719 -0.127975 -0.041920
v 0.084719 -0.127975 -0.041920
v 0.089865 -0.127975 -0.040740
v 0.089865 -0.127975 -0.040740
v 0.089865 -0.127975 -0.040740
v 0.089865 -0.127975 -0.040740
v 0.089865 -0.127975 -0.040740
v 0.093715 -0.127975 -0.039321
v 0.093715 -0.127975 -0.039321
v 0.093715 -0.127975 -0.039321
v 0.093715 -0.127975 -0.039321
v 0.093715 -0.127975 -0.039321
v 0.094946 -0.127975 -0.038867
v 0.094946 -0.127975 -0.038867
v 0.094946 -0.127975 -0.038867
v 0.094946 -0.127975 -0.038867
v 0.094946 -0.127975 -0.038867
v 0.094946 -0.127975 -0.038867
v 0.048767 -0.127975 -0.030671
v 0.048767 -0.127975 -0.030671
v 0.048767 -0.127975 -0.030671
v 0.048767 -0.127975 -0.030671
v 0.048767 -0.127975 -0.030671
v 0.048767 -0.127975 -0.030671
v 0.048767 -0.127975 -0.030671
v 0.078944 -0.127975 -0.042183
v 0.078944 -0.127975 -0.042183
v 0.078944 -0.127975 -0.042183
v 0.078944 -0.127975 -0.042183
v 0.078944 -0.127975 -0.042183
v 0.041816 -0.127975 -0.022124
v 0.041816 -0.127975 -0.022124
v 0.041816 -0.127975 -0.022124
v 0.041816 -0.127975 -0.022124
v 0.041816 -0.127975 -0.022124
v 0.037314 -0.127975 -0.012069
v 0.037314 -0.127975 -0.012069
v 0.037314 -0.127975 -0.012069
v 0.037314 -0.127975 -0.012069
v 0.037314 -0.127975 -0.012069
v 0.089821 -0.127975 -0.040437
v 0.089821 -0.127975 -0.040437
v 0.089821 -0.127975 -0.040437
v 0.089821 -0.127975 -0.040437
v 0.057692 -0.127975 -0.037127
v 0.057692 -0.127975 -0.037127
v 0.057692 -0.127975 -0.037127
v 0.057692 -0.127975 -0.037127
v 0.067985 -0.127975 -0.041054
v 0.067985 -0.127975 -0.041054
v 0.067985 -0.127975 -0.041054
v 0.067985 -0.127975 -0.041054
v 0.067985 -0.127975 -0.041054
v 0.067985 -0.127975 -0.041054
v 0.035568 -0.127975 -0.001192
v 0.035568 -0.127975 -0.001192
v 0.035568 -0.127975 -0.001192
v 0.035568 -0.127975 -0.001192
v 0.035568 -0.127975 -0.001192
v 0.035568 -0.127975 -0.001192
v 0.035568 -0.127975 -0.001192
v 0.036697 -0.127975 0.009767
v 0.036697 -0.127975 0.009767
v 0.036697 -0.127975 0.009767
v 0.036697 -0.127975 0.009767
v 0.036697 -0.127975 0.009767
v 0.036697 -0.127975 0.009767
v 0.099876 -0.127975 -0.035935
v 0.099876 -0.127975 -0.035935
v 0.099876 -0.127975 -0.035935
v 0.099876 -0.127975 -0.035935
v 0.099876 -0.127975 -0.035935
v 0.099876 -0.127975 -0.035935
v 0.076559 -0.127975 0.042183
v 0.076559 -0.127975 0.042183
v 0.076559 -0.127975 0.042183
v 0.076559 -0.127975 0.042183
v 0.076559 -0.127975 0.042183
v 0.076559 -0.127975 0.042183
v 0.076559 -0.127975 0.042183
v 0.065682 -0.127975 0.040438
v 0.065682 -0.127975 0.040438
v 0.065682 -0.127975 0.040438
v 0.065682 -0.127975 0.040438
v 0.065682 -0.127975 0.040438
v 0.113687 -0.127975 0.022124
v 0.113687 -0.127975 0.022124
v 0.113687 -0.127975 0.022124
v 0.113687 -0.127975 0.022124
v 0.113687 -0.127975 0.022124
v 0.118189 -0.127975 0.012070
v 0.118189 -0.127975 0.012070
v 0.118189 -0.127975 0.012070
v 0.118189 -0.127975 0.012070
v 0.118189 -0.127975 0.012070
v 0.118189 -0.127975 0.012070
v 0.119935 -0.127975 0.001192
v 0.119935 -0.127975 0.001192
v 0.119935 -0.127975 0.001192
v 0.119935 -0.127975 0.001192
v 0.119935 -0.127975 0.001192
v 0.118806 -0.127975 -0.009766
v 0.118806 -0.127975 -0.009766
v 0.118806 -0.127975 -0.009766
v 0.118806 -0.127975 -0.009766
v 0.118806 -0.127975 -0.009766
v 0.118806 -0.127975 -0.009766
v 0.108423 -0.127975 -0.028985
v 0.108423 -0.127975 -0.028985
v 0.108423 -0.127975 -0.028985
v 0.108423 -0.127975 -0.028985
v 0.108423 -0.127975 -0.028985
v 0.108423 -0.127975 -0.028985
v 0.040624 -0.127975 0.020059
v 0.040624 -0.127975 0.020059
v 0.040624 -0.127975 0.020059
v 0.040624 -0.127975 0.020059
v 0.040624 -0.127975 0.020059
v 0.047081 -0.127975 0.028985
v 0.047081 -0.127975 0.028985
v 0.047081 -0.127975 0.028985
v 0.047081 -0.127975 0.028985
v 0.047081 -0.127975 0.028985
v 0.055628 -0.127975 0.035936
v 0.055628 -0.127975 0.035936
v 0.055628 -0.127975 0.035936
v 0.055628 -0.127975 0.035936
v 0.055628 -0.127975 0.035936
v 0.106737 -0.127975 0.030671
v 0.106737 -0.127975 0.030671
v 0.106737 -0.127975 0.030671
v 0.106737 -0.127975 0.030671
v 0.106737 -0.127975 0.030671
v 0.114879 -0.127975 -0.020059
v 0.114879 -0.127975 -0.020059
v 0.114879 -0.127975 -0.020059
v 0.114879 -0.127975 -0.020059
v 0.114879 -0.127975 -0.020059
v 0.087518 -0.127975 0.041055
v 0.087518 -0.127975 0.041055
v 0.087518 -0.127975 0.041055
v 0.087518 -0.127975 0.041055
v 0.087518 -0.127975 0.041055
v 0.089253 -0.127975 0.040603
v 0.089253 -0.127975 0.040603
v 0.089253 -0.127975 0.040603
v 0.089253 -0.127975 0.040603
v 0.097811 -0.127975 0.037128
v 0.097811 -0.127975 0.037128
v 0.097811 -0.127975 0.037128
v 0.097811 -0.127975 0.037128
v 0.097811 -0.127975 0.037128
v 0.083862 -0.155875 -0.039227
v 0.083862 -0.155875 -0.039227
v 0.083862 -0.155875 -0.039227
v 0.083862 -0.155875 -0.039227
v 0.083862 -0.155875 -0.039227
v 0.083863 -0.155575 -0.039243
v 0.083863 -0.155575 -0.039243
v 0.083863 -0.155575 -0.039243
v 0.083863 -0.155575 -0.039243
v 0.083862 -0.155275 -0.039227
v 0.083862 -0.155275 -0.039227
v 0.083862 -0.155275 -0.039227
v 0.083862 -0.155275 -0.039227
v 0.084951 -0.156537 -0.039042
v 0.084951 -0.156537 -0.039042
v 0.084951 -0.156537 -0.039042
v 0.084951 -0.156537 -0.039042
v 0.084951 -0.156537 -0.039042
v 0.086142 -0.155575 -0.038803
v 0.086142 -0.155575 -0.038803
v 0.086142 -0.155575 -0.038803
v 0.086142 -0.155575 -0.038803
v 0.086142 -0.155575 -0.038803
v 0.086142 -0.155575 -0.038803
v 0.086142 -0.155575 -0.038803
v 0.086142 -0.155575 -0.038803
v 0.084952 -0.154613 -0.039041
v 0.084952 -0.154613 -0.039041
v 0.084952 -0.154613 -0.039041
v 0.084952 -0.154613 -0.039041
v 0.084952 -0.154613 -0.039041
v 0.086142 -0.154175 -0.038803
v 0.086142 -0.154175 -0.038803
v 0.086142 -0.154175 -0.038803
v 0.086142 -0.154175 -0.038803
v 0.086142 -0.154175 -0.038803
v 0.086142 -0.154175 -0.038803
v 0.086142 -0.154175 -0.038803
v 0.086142 -0.154175 -0.038803
v 0.090314 -0.153151 -0.037660
v 0.090314 -0.153151 -0.037660
v 0.090314 -0.153151 -0.037660
v 0.090314 -0.153151 -0.037660
v 0.092047 -0.152981 -0.036980
v 0.092047 -0.152981 -0.036980
v 0.092047 -0.152981 -0.036980
v 0.094159 -0.158375 -0.036151
v 0.092047 -0.158169 -0.036980
v 0.092047 -0.158169 -0.036980
v 0.092047 -0.158169 -0.036980
v 0.094159 -0.152775 -0.036151
v 0.094159 -0.152775 -0.036151
v 0.090314 -0.158000 -0.037660
v 0.090314 -0.158000 -0.037660
v 0.090314 -0.158000 -0.037660
v 0.090314 -0.158000 -0.037660
v 0.086142 -0.156975 -0.038803
v 0.086142 -0.156975 -0.038803
v 0.086142 -0.156975 -0.038803
v 0.086142 -0.156975 -0.038803
v 0.086142 -0.156975 -0.038803
v 0.086142 -0.156975 -0.038803
v 0.081637 -0.155275 0.039510
v 0.081637 -0.155275 0.039510
v 0.081637 -0.155275 0.039510
v 0.081637 -0.155275 0.039510
v 0.081637 -0.155275 0.039510
v 0.081636 -0.155575 0.039526
v 0.081636 -0.155575 0.039526
v 0.081636 -0.155575 0.039526
v 0.081636 -0.155575 0.039526
v 0.081637 -0.155875 0.039510
v 0.081637 -0.155875 0.039510
v 0.081637 -0.155875 0.039510
v 0.081637 -0.155875 0.039510
v 0.083937 -0.155575 0.039216
v 0.083937 -0.155575 0.039216
v 0.083937 -0.155575 0.039216
v 0.083937 -0.155575 0.039216
v 0.083937 -0.155575 0.039216
v 0.083937 -0.155575 0.039216
v 0.083937 -0.155575 0.039216
v 0.083937 -0.155575 0.039216
v 0.082734 -0.156537 0.039386
v 0.082734 -0.156537 0.039386
v 0.082734 -0.156537 0.039386
v 0.082734 -0.156537 0.039386
v 0.082734 -0.156537 0.039386
v 0.089933 -0.152982 0.037729
v 0.089933 -0.152982 0.037729
v 0.089933 -0.152982 0.037729
v 0.089933 -0.152982 0.037729
v 0.089933 -0.152982 0.037729
v 0.089933 -0.152982 0.037729
v 0.088166 -0.153151 0.038310
v 0.088166 -0.153151 0.038310
v 0.088166 -0.153151 0.038310
v 0.088166 -0.153151 0.038310
v 0.088166 -0.153151 0.038310
v 0.089061 -0.155491 0.038055
v 0.089061 -0.155491 0.038055
v 0.089061 -0.155491 0.038055
v 0.089061 -0.155491 0.038055
v 0.089061 -0.155491 0.038055
v 0.089061 -0.155491 0.038055
v 0.083937 -0.154175 0.039216
v 0.083937 -0.154175 0.039216
v 0.083937 -0.154175 0.039216
v 0.083937 -0.154175 0.039216
v 0.083937 -0.154175 0.039216
v 0.083937 -0.154175 0.039216
v 0.083937 -0.154175 0.039216
v 0.082741 -0.154611 0.039386
v 0.082741 -0.154611 0.039386
v 0.082741 -0.154611 0.039386
v 0.082741 -0.154611 0.039386
v 0.082741 -0.154611 0.039386
v 0.092076 -0.155560 0.037026
v 0.092091 -0.152775 0.037020
v 0.083937 -0.156975 0.039216
v 0.083937 -0.156975 0.039216
v 0.083937 -0.156975 0.039216
v 0.083937 -0.156975 0.039216
v 0.083937 -0.156975 0.039216
v 0.083937 -0.156975 0.039216
v 0.083937 -0.156975 0.039216
v 0.083937 -0.156975 0.039216
v 0.088166 -0.158000 0.038310
v 0.088166 -0.158000 0.038310
v 0.088166 -0.158000 0.038310
v 0.088166 -0.158000 0.038310
v 0.088166 -0.158000 0.038310
v 0.089950 -0.158253 0.037780
v 0.089950 -0.158253 0.037780
v 0.089950 -0.158253 0.037780
v 0.089950 -0.158253 0.037780
v 0.089950 -0.158253 0.037780
v 0.092056 -0.158345 0.037017
v 0.092056 -0.158345 0.037017
v 0.092056 -0.158345 0.037017
v 0.092056 -0.158345 0.037017
v 0.092056 -0.158345 0.037017
v 0.092584 -0.158368 0.036825
v 0.092584 -0.158368 0.036825
v 0.092584 -0.158368 0.036825
v 0.095109 -0.158000 0.035705
v 0.095109 -0.158000 0.035705
v 0.093974 -0.155575 -0.038957
v 0.093974 -0.155575 -0.038957
v 0.093974 -0.155575 -0.038957
v 0.093974 -0.155575 -0.038957
v 0.093974 -0.155575 -0.038957
v 0.093974 -0.155575 -0.038957
v 0.094063 -0.155137 -0.038920
v 0.094063 -0.155137 -0.038920
v 0.094426 -0.154592 -0.038766
v 0.094426 -0.154592 -0.038766
v 0.094907 -0.154175 -0.038555
v 0.094907 -0.154175 -0.038555
v 0.097171 -0.153151 -0.037466
v 0.097171 -0.153151 -0.037466
v 0.097171 -0.153151 -0.037466
v 0.097171 -0.153151 -0.037466
v 0.097171 -0.153151 -0.037466
v 0.099781 -0.152789 -0.035989
v 0.099784 -0.158375 -0.035992
v 0.099784 -0.158375 -0.035992
v 0.097171 -0.158000 -0.037466
v 0.097171 -0.158000 -0.037466
v 0.097171 -0.158000 -0.037466
v 0.094907 -0.156975 -0.038555
v 0.094907 -0.156975 -0.038555
v 0.094907 -0.156975 -0.038555
v 0.094286 -0.156395 -0.038825
v 0.094286 -0.156395 -0.038825
v 0.094063 -0.156015 -0.038920
v 0.094063 -0.156015 -0.038920
v 0.094063 -0.156015 -0.038920
v 0.091748 -0.155575 0.039812
v 0.091748 -0.155575 0.039812
v 0.091748 -0.155575 0.039812
v 0.091748 -0.155575 0.039812
v 0.091748 -0.155575 0.039812
v 0.091748 -0.155575 0.039812
v 0.091839 -0.156013 0.039780
v 0.091839 -0.156013 0.039780
v 0.092208 -0.156557 0.039647
v 0.092208 -0.156557 0.039647
v 0.092702 -0.156975 0.039463
v 0.092702 -0.156975 0.039463
v 0.095024 -0.158000 0.038504
v 0.095024 -0.158000 0.038504
v 0.095024 -0.158000 0.038504
v 0.095024 -0.158000 0.038504
v 0.095024 -0.158000 0.038504
v 0.097716 -0.158375 0.037179
v 0.097716 -0.158375 0.037179
v 0.097716 -0.158375 0.037179
v 0.097716 -0.158375 0.037179
v 0.097809 -0.158360 0.037125
v 0.097716 -0.152775 0.037179
v 0.097716 -0.152775 0.037179
v 0.095024 -0.153151 0.038504
v 0.095024 -0.153151 0.038504
v 0.095024 -0.153151 0.038504
v 0.092702 -0.154175 0.039463
v 0.092702 -0.154175 0.039463
v 0.092702 -0.154175 0.039463
v 0.092066 -0.154757 0.039698
v 0.092066 -0.154757 0.039698
v 0.091838 -0.155138 0.039780
v 0.091838 -0.155138 0.039780
v 0.091838 -0.155138 0.039780
v -0.004724 0.017555 0.105374
v -0.004724 0.017555 0.105374
v -0.004724 0.017555 0.105374
v -0.004724 0.017555 0.105374
v -0.004291 0.017549 0.105378
v -0.004291 0.017549 0.105378
v -0.004291 0.017549 0.105378
v -0.004291 0.017549 0.105378
v -0.004291 0.017549 0.105378
v -0.005166 0.021169 0.104884
v -0.005166 0.021169 0.104884
v -0.005166 0.021169 0.104884
v -0.005166 0.021169 0.104884
v -0.005166 0.021169 0.104884
v -0.005166 0.021169 0.104884
v -0.005166 0.021169 0.104884
v 0.024942 0.008997 0.103485
v 0.024942 0.008997 0.103485
v 0.024942 0.008997 0.103485
v 0.024942 0.008997 0.103485
v 0.024942 0.008997 0.103485
v 0.025405 0.010215 0.103088
v 0.025405 0.010215 0.103088
v 0.025405 0.010215 0.103088
v 0.025405 0.010215 0.103088
v 0.025132 0.010983 0.103107
v 0.025132 0.010983 0.103107
v 0.025132 0.010983 0.103107
v 0.025132 0.010983 0.103107
v 0.025132 0.010983 0.103107
v 0.025132 0.010983 0.103107
v -0.021742 -0.001453 0.104884
v -0.021742 -0.001453 0.104884
v -0.021742 -0.001453 0.104884
v -0.021742 -0.001453 0.104884
v -0.021742 -0.001453 0.104884
v -0.021742 -0.001453 0.104884
v -0.021742 -0.001453 0.104884
v -0.021742 -0.001453 0.104884
v -0.021742 -0.001453 0.104884
v -0.021742 -0.001453 0.104884
v -0.016733 -0.000000 0.105437
v -0.016733 -0.000000 0.105437
v -0.016733 -0.000000 0.105437
v -0.016733 -0.000000 0.105437
v -0.016771 0.000566 0.105434
v -0.016771 0.000566 0.105434
v -0.016771 0.000566 0.105434
v -0.016771 0.000566 0.105434
v -0.016771 0.000566 0.105434
v -0.016771 0.000566 0.105434
v -0.021598 0.002890 0.104884
v -0.021598 0.002890 0.104884
v -0.021598 0.002890 0.104884
v -0.021598 0.002890 0.104884
v -0.021598 0.002890 0.104884
v -0.021598 0.002890 0.104884
v -0.021598 0.002890 0.104884
v -0.016322 -0.002009 0.105441
v -0.016322 -0.002009 0.105441
v -0.016322 -0.002009 0.105441
v -0.016322 -0.002009 0.105441
v -0.016414 -0.001558 0.105440
v -0.016414 -0.001558 0.105440
v -0.016414 -0.001558 0.105440
v -0.016414 -0.001558 0.105440
v -0.016508 -0.001099 0.105439
v -0.016508 -0.001099 0.105439
v -0.016508 -0.001099 0.105439
v -0.016508 -0.001099 0.105439
v -0.016508 -0.001099 0.105439
v -0.015547 -0.004234 0.105441
v -0.015547 -0.004234 0.105441
v -0.015547 -0.004234 0.105441
v -0.015547 -0.004234 0.105441
v -0.015547 -0.004234 0.105441
v -0.021022 -0.005738 0.104884
v -0.021022 -0.005738 0.104884
v -0.021022 -0.005738 0.104884
v -0.021022 -0.005738 0.104884
v -0.021022 -0.005738 0.104884
v -0.021022 -0.005738 0.104884
v -0.014959 -0.005925 0.105441
v -0.014959 -0.005925 0.105441
v -0.014959 -0.005925 0.105441
v -0.014959 -0.005925 0.105441
v -0.014959 -0.005925 0.105441
v -0.019465 -0.009795 0.104884
v -0.019465 -0.009795 0.104884
v -0.019465 -0.009795 0.104884
v -0.019465 -0.009795 0.104884
v -0.019465 -0.009795 0.104884
v -0.019465 -0.009795 0.104884
v -0.019465 -0.009795 0.104884
v -0.014281 -0.007182 0.105441
v -0.014281 -0.007182 0.105441
v -0.014281 -0.007182 0.105441
v -0.014281 -0.007182 0.105441
v -0.012967 -0.009619 0.105441
v -0.012967 -0.009619 0.105441
v -0.012967 -0.009619 0.105441
v -0.012967 -0.009619 0.105441
v -0.012967 -0.009619 0.105441
v -0.017135 -0.013462 0.104884
v -0.017135 -0.013462 0.104884
v -0.017135 -0.013462 0.104884
v -0.017135 -0.013462 0.104884
v -0.017135 -0.013462 0.104884
v -0.017135 -0.013462 0.104884
v -0.017135 -0.013462 0.104884
v -0.012703 -0.009984 0.105440
v -0.012703 -0.009984 0.105440
v -0.012703 -0.009984 0.105440
v -0.012703 -0.009984 0.105440
v -0.011292 -0.011934 0.105432
v -0.011292 -0.011934 0.105432
v -0.011292 -0.011934 0.105432
v -0.011292 -0.011934 0.105432
v -0.011292 -0.011934 0.105432
v -0.014124 -0.016594 0.104884
v -0.014124 -0.016594 0.104884
v -0.014124 -0.016594 0.104884
v -0.014124 -0.016594 0.104884
v -0.014124 -0.016594 0.104884
v -0.014124 -0.016594 0.104884
v -0.014124 -0.016594 0.104884
v -0.010735 -0.012705 0.105429
v -0.010735 -0.012705 0.105429
v -0.010735 -0.012705 0.105429
v -0.010735 -0.012705 0.105429
v -0.010735 -0.012705 0.105429
v -0.009468 -0.014455 0.105421
v -0.009468 -0.014455 0.105421
v -0.009468 -0.014455 0.105421
v -0.009468 -0.014455 0.105421
v -0.009468 -0.014455 0.105421
v -0.010551 -0.019067 0.104884
v -0.010551 -0.019067 0.104884
v -0.010551 -0.019067 0.104884
v -0.010551 -0.019067 0.104884
v -0.010551 -0.019067 0.104884
v -0.010551 -0.019067 0.104884
v -0.010551 -0.019067 0.104884
v -0.010551 -0.019067 0.104884
v -0.010551 -0.019067 0.104884
v -0.010551 -0.019067 0.104884
v -0.010551 -0.019067 0.104884
v -0.010551 -0.019067 0.104884
v -0.010551 -0.019067 0.104884
v -0.008642 -0.015687 0.105378
v -0.008642 -0.015687 0.105378
v -0.008642 -0.015687 0.105378
v -0.008642 -0.015687 0.105378
v -0.007313 -0.020525 0.104875
v -0.007313 -0.020525 0.104875
v -0.007313 -0.020525 0.104875
v -0.007313 -0.020525 0.104875
v -0.007313 -0.020525 0.104875
v -0.007162 -0.020230 0.104949
v -0.007162 -0.020230 0.104949
v -0.007162 -0.020230 0.104949
v -0.007162 -0.020230 0.104949
v -0.007138 -0.019319 0.105089
v -0.007138 -0.019319 0.105089
v -0.007138 -0.019319 0.105089
v -0.007138 -0.019319 0.105089
v -0.007121 -0.018689 0.105186
v -0.007121 -0.018689 0.105186
v -0.007121 -0.018689 0.105186
v -0.007121 -0.018689 0.105186
v -0.007121 -0.018689 0.105186
v -0.007713 -0.017071 0.105329
v -0.007713 -0.017071 0.105329
v -0.007713 -0.017071 0.105329
v -0.007713 -0.017071 0.105329
v -0.007941 -0.021749 0.104572
v -0.007941 -0.021749 0.104572
v -0.007941 -0.021749 0.104572
v -0.007941 -0.021749 0.104572
v -0.009353 -0.023050 0.104074
v -0.009353 -0.023050 0.104074
v -0.009353 -0.023050 0.104074
v -0.009353 -0.023050 0.104074
v -0.009353 -0.023050 0.104074
v -0.011279 -0.024046 0.103443
v -0.011279 -0.024046 0.103443
v -0.011279 -0.024046 0.103443
v -0.011279 -0.024046 0.103443
v -0.011279 -0.024046 0.103443
v -0.011893 -0.024363 0.103242
v -0.011893 -0.024363 0.103242
v -0.011893 -0.024363 0.103242
v -0.011893 -0.024363 0.103242
v -0.019337 -0.025681 0.100482
v -0.019337 -0.025681 0.100482
v -0.019337 -0.025681 0.100482
v -0.019337 -0.025681 0.100482
v -0.019337 -0.025681 0.100482
v -0.019337 -0.025681 0.100482
v -0.018547 -0.025596 0.100792
v -0.018547 -0.025596 0.100792
v -0.018547 -0.025596 0.100792
v -0.018547 -0.025596 0.100792
v -0.017777 -0.020886 0.103107
v -0.017777 -0.020886 0.103107
v -0.017777 -0.020886 0.103107
v -0.017777 -0.020886 0.103107
v -0.017777 -0.020886 0.103107
v -0.017777 -0.020886 0.103107
v -0.017777 -0.020886 0.103107
v -0.017777 -0.020886 0.103107
v -0.017777 -0.020886 0.103107
v -0.017777 -0.020886 0.103107
v -0.016339 -0.025359 0.101659
v -0.016339 -0.025359 0.101659
v -0.016339 -0.025359 0.101659
v -0.016339 -0.025359 0.101659
v -0.014970 -0.025212 0.102195
v -0.014970 -0.025212 0.102195
v -0.014970 -0.025212 0.102195
v -0.014970 -0.025212 0.102195
v -0.014970 -0.025212 0.102195
v -0.014970 -0.025212 0.102195
v -0.013279 -0.023998 0.103107
v -0.013279 -0.023998 0.103107
v -0.013279 -0.023998 0.103107
v -0.013279 -0.023998 0.103107
v -0.013279 -0.023998 0.103107
v -0.013279 -0.023998 0.103107
v -0.013812 -0.024892 0.102589
v -0.013812 -0.024892 0.102589
v -0.013812 -0.024892 0.102589
v -0.013812 -0.024892 0.102589
v -0.012318 -0.024480 0.103098
v -0.012318 -0.024480 0.103098
v -0.012318 -0.024480 0.103098
v -0.012318 -0.024480 0.103098
v -0.012318 -0.024480 0.103098
v -0.025955 -0.026203 0.096360
v -0.025955 -0.026203 0.096360
v -0.025955 -0.026203 0.096360
v -0.025955 -0.026203 0.096360
v -0.025488 -0.026081 0.096803
v -0.025488 -0.026081 0.096803
v -0.025488 -0.026081 0.096803
v -0.025488 -0.026081 0.096803
v -0.025488 -0.026081 0.096803
v -0.025488 -0.026081 0.096803
v -0.027919 -0.024000 0.096361
v -0.027919 -0.024000 0.096361
v -0.027919 -0.024000 0.096361
v -0.027919 -0.024000 0.096361
v -0.027919 -0.024000 0.096361
v -0.027919 -0.024000 0.096361
v -0.027919 -0.024000 0.096361
v -0.027919 -0.024000 0.096361
v -0.027919 -0.024000 0.096361
v -0.025607 -0.020118 0.100188
v -0.025607 -0.020118 0.100188
v -0.025607 -0.020118 0.100188
v -0.025607 -0.020118 0.100188
v -0.025607 -0.020118 0.100188
v -0.025607 -0.020118 0.100188
v -0.025607 -0.020118 0.100188
v -0.025607 -0.020118 0.100188
v -0.025607 -0.020118 0.100188
v -0.025607 -0.020118 0.100188
v -0.029002 -0.022784 0.096361
v -0.029002 -0.022784 0.096361
v -0.029002 -0.022784 0.096361
v -0.029002 -0.022784 0.096361
v -0.029002 -0.022784 0.096361
v -0.023966 -0.025901 0.097925
v -0.023966 -0.025901 0.097925
v -0.023966 -0.025901 0.097925
v -0.023966 -0.025901 0.097925
v -0.023211 -0.025812 0.098482
v -0.023211 -0.025812 0.098482
v -0.023211 -0.025812 0.098482
v -0.023211 -0.025812 0.098482
v -0.023211 -0.025812 0.098482
v -0.023211 -0.025812 0.098482
v -0.021107 -0.024798 0.100188
v -0.021107 -0.024798 0.100188
v -0.021107 -0.024798 0.100188
v -0.021107 -0.024798 0.100188
v -0.021107 -0.024798 0.100188
v -0.021107 -0.024798 0.100188
v -0.021985 -0.025770 0.099115
v -0.021985 -0.025770 0.099115
v -0.021985 -0.025770 0.099115
v -0.021985 -0.025770 0.099115
v -0.019936 -0.025701 0.100173
v -0.019936 -0.025701 0.100173
v -0.019936 -0.025701 0.100173
v -0.019936 -0.025701 0.100173
v -0.019936 -0.025701 0.100173
v -0.031718 -0.018511 0.096361
v -0.031718 -0.018511 0.096361
v -0.031718 -0.018511 0.096361
v -0.031718 -0.018511 0.096361
v -0.031718 -0.018511 0.096361
v -0.029090 -0.014637 0.100188
v -0.029090 -0.014637 0.100188
v -0.029090 -0.014637 0.100188
v -0.029090 -0.014637 0.100188
v -0.029090 -0.014637 0.100188
v -0.029090 -0.014637 0.100188
v -0.029090 -0.014637 0.100188
v -0.032946 -0.016577 0.096361
v -0.032946 -0.016577 0.096361
v -0.032946 -0.016577 0.096361
v -0.032946 -0.016577 0.096361
v -0.032946 -0.016577 0.096361
v -0.034521 -0.012472 0.096361
v -0.034521 -0.012472 0.096361
v -0.034521 -0.012472 0.096361
v -0.034521 -0.012472 0.096361
v -0.034521 -0.012472 0.096361
v -0.031415 -0.008574 0.100189
v -0.031415 -0.008574 0.100189
v -0.031415 -0.008574 0.100189
v -0.031415 -0.008574 0.100189
v -0.031415 -0.008574 0.100189
v -0.031415 -0.008574 0.100189
v -0.031415 -0.008574 0.100189
v -0.035580 -0.009711 0.096361
v -0.035580 -0.009711 0.096361
v -0.035580 -0.009711 0.096361
v -0.035580 -0.009711 0.096361
v -0.035580 -0.009711 0.096361
v -0.036199 -0.006033 0.096361
v -0.036199 -0.006033 0.096361
v -0.036199 -0.006033 0.096361
v -0.036199 -0.006033 0.096361
v -0.036199 -0.006033 0.096361
v -0.036199 -0.006033 0.096361
v -0.032492 -0.002171 0.100189
v -0.032492 -0.002171 0.100189
v -0.032492 -0.002171 0.100189
v -0.032492 -0.002171 0.100189
v -0.032492 -0.002171 0.100189
v -0.032492 -0.002171 0.100189
v -0.032492 -0.002171 0.100189
v -0.036800 -0.002458 0.096361
v -0.036800 -0.002458 0.096361
v -0.036800 -0.002458 0.096361
v -0.036800 -0.002458 0.096361
v -0.036698 0.000602 0.096361
v -0.036698 0.000602 0.096361
v -0.036698 0.000602 0.096361
v -0.036698 0.000602 0.096361
v -0.036698 0.000602 0.096361
v -0.036698 0.000602 0.096361
v -0.032277 0.004319 0.100189
v -0.032277 0.004319 0.100189
v -0.032277 0.004319 0.100189
v -0.032277 0.004319 0.100189
v -0.032277 0.004319 0.100189
v -0.032277 0.004319 0.100189
v -0.032277 0.004319 0.100189
v -0.036556 0.004892 0.096361
v -0.036556 0.004892 0.096361
v -0.036556 0.004892 0.096361
v -0.036556 0.004892 0.096361
v -0.036003 0.007223 0.096361
v -0.036003 0.007223 0.096361
v -0.036003 0.007223 0.096361
v -0.036003 0.007223 0.096361
v -0.036003 0.007223 0.096361
v -0.036003 0.007223 0.096361
v -0.030778 0.010637 0.100189
v -0.030778 0.010637 0.100189
v -0.030778 0.010637 0.100189
v -0.030778 0.010637 0.100189
v -0.030778 0.010637 0.100189
v -0.030778 0.010637 0.100189
v -0.030778 0.010637 0.100189
v -0.034858 0.012048 0.096361
v -0.034858 0.012048 0.096361
v -0.034858 0.012048 0.096361
v -0.034858 0.012048 0.096361
v -0.034133 0.013617 0.096361
v -0.034133 0.013617 0.096361
v -0.034133 0.013617 0.096361
v -0.034133 0.013617 0.096361
v -0.034133 0.013617 0.096361
v -0.034133 0.013617 0.096361
v -0.028055 0.016533 0.100189
v -0.028055 0.016533 0.100189
v -0.028055 0.016533 0.100189
v -0.028055 0.016533 0.100189
v -0.028055 0.016533 0.100189
v -0.028055 0.016533 0.100189
v -0.028055 0.016533 0.100189
v -0.031775 0.018724 0.096361
v -0.031775 0.018724 0.096361
v -0.031775 0.018724 0.096361
v -0.031775 0.018724 0.096361
v -0.031147 0.019582 0.096361
v -0.031147 0.019582 0.096361
v -0.031147 0.019582 0.096361
v -0.031147 0.019582 0.096361
v -0.031147 0.019582 0.096361
v -0.031147 0.019582 0.096361
v -0.024217 0.021770 0.100189
v -0.024217 0.021770 0.100189
v -0.024217 0.021770 0.100189
v -0.024217 0.021770 0.100189
v -0.024217 0.021770 0.100189
v -0.024217 0.021770 0.100189
v -0.024217 0.021770 0.100189
v -0.027428 0.024657 0.096361
v -0.027428 0.024657 0.096361
v -0.027428 0.024657 0.096361
v -0.027428 0.024657 0.096361
v -0.027134 0.024924 0.096361
v -0.027134 0.024924 0.096361
v -0.027134 0.024924 0.096361
v -0.027134 0.024924 0.096361
v -0.027134 0.024924 0.096361
v -0.019416 0.026143 0.100189
v -0.019416 0.026143 0.100189
v -0.019416 0.026143 0.100189
v -0.019416 0.026143 0.100189
v -0.019416 0.026143 0.100189
v -0.019416 0.026143 0.100189
v -0.019416 0.026143 0.100189
v -0.019416 0.026143 0.100189
v -0.022187 0.029429 0.096361
v -0.022187 0.029429 0.096361
v -0.022187 0.029429 0.096361
v -0.022187 0.029429 0.096361
v -0.022187 0.029429 0.096361
v -0.013843 0.029475 0.100189
v -0.013843 0.029475 0.100189
v -0.013843 0.029475 0.100189
v -0.013843 0.029475 0.100189
v -0.013843 0.029475 0.100189
v -0.013843 0.029475 0.100189
v -0.013843 0.029475 0.100189
v -0.016478 0.032905 0.096361
v -0.016478 0.032905 0.096361
v -0.016478 0.032905 0.096361
v -0.016478 0.032905 0.096361
v -0.016478 0.032905 0.096361
v -0.021990 0.029608 0.096361
v -0.021990 0.029608 0.096361
v -0.021990 0.029608 0.096361
v -0.021990 0.029608 0.096361
v -0.021990 0.029608 0.096361
v -0.007720 0.031636 0.100189
v -0.007720 0.031636 0.100189
v -0.007720 0.031636 0.100189
v -0.007720 0.031636 0.100189
v -0.007720 0.031636 0.100189
v -0.007720 0.031636 0.100189
v -0.007720 0.031636 0.100189
v -0.010249 0.035299 0.096361
v -0.010249 0.035299 0.096361
v -0.010249 0.035299 0.096361
v -0.010249 0.035299 0.096361
v -0.010249 0.035299 0.096361
v -0.015679 0.033383 0.096361
v -0.015679 0.033383 0.096361
v -0.015679 0.033383 0.096361
v -0.015679 0.033383 0.096361
v -0.015679 0.033383 0.096361
v -0.001290 0.032539 0.100189
v -0.001290 0.032539 0.100189
v -0.001290 0.032539 0.100189
v -0.001290 0.032539 0.100189
v -0.001290 0.032539 0.100189
v -0.001290 0.032539 0.100189
v -0.001290 0.032539 0.100189
v -0.003702 0.036538 0.096361
v -0.003702 0.036538 0.096361
v -0.003702 0.036538 0.096361
v -0.003702 0.036538 0.096361
v -0.003702 0.036538 0.096361
v -0.008744 0.035830 0.096361
v -0.008744 0.035830 0.096361
v -0.008744 0.035830 0.096361
v -0.008744 0.035830 0.096361
v -0.008744 0.035830 0.096361
v 0.005192 0.032148 0.100189
v 0.005192 0.032148 0.100189
v 0.005192 0.032148 0.100189
v 0.005192 0.032148 0.100189
v 0.005192 0.032148 0.100189
v 0.005192 0.032148 0.100189
v 0.005192 0.032148 0.100189
v 0.002955 0.036586 0.096361
v 0.002955 0.036586 0.096361
v 0.002955 0.036586 0.096361
v 0.002955 0.036586 0.096361
v 0.002955 0.036586 0.096361
v -0.001461 0.036853 0.096361
v -0.001461 0.036853 0.096361
v -0.001461 0.036853 0.096361
v -0.001461 0.036853 0.096361
v -0.001461 0.036853 0.096361
v 0.011467 0.030479 0.100189
v 0.011467 0.030479 0.100189
v 0.011467 0.030479 0.100189
v 0.011467 0.030479 0.100189
v 0.011467 0.030479 0.100189
v 0.011467 0.030479 0.100189
v 0.011467 0.030479 0.100189
v 0.009511 0.035444 0.096361
v 0.009511 0.035444 0.096361
v 0.009511 0.035444 0.096361
v 0.009511 0.035444 0.096361
v 0.009511 0.035444 0.096361
v 0.009511 0.035444 0.096361
v 0.005880 0.036410 0.096361
v 0.005880 0.036410 0.096361
v 0.005880 0.036410 0.096361
v 0.005880 0.036410 0.096361
v 0.005880 0.036410 0.096361
v 0.017287 0.027598 0.100188
v 0.017287 0.027598 0.100188
v 0.017287 0.027598 0.100188
v 0.017287 0.027598 0.100188
v 0.017287 0.027598 0.100188
v 0.017287 0.027598 0.100188
v 0.017287 0.027598 0.100188
v 0.015756 0.033148 0.096361
v 0.015756 0.033148 0.096361
v 0.015756 0.033148 0.096361
v 0.015756 0.033148 0.096361
v 0.015756 0.033148 0.096361
v 0.015756 0.033148 0.096361
v 0.012987 0.034519 0.096361
v 0.012987 0.034519 0.096361
v 0.012987 0.034519 0.096361
v 0.012987 0.034519 0.096361
v 0.026624 0.025493 0.096360
v 0.026624 0.025493 0.096360
v 0.026624 0.025493 0.096360
v 0.026624 0.025493 0.096360
v 0.026624 0.025493 0.096360
v 0.026624 0.025493 0.096360
v 0.026624 0.025493 0.096360
v 0.025390 0.026750 0.096361
v 0.025390 0.026750 0.096361
v 0.025390 0.026750 0.096361
v 0.025390 0.026750 0.096361
v 0.022419 0.023619 0.100188
v 0.022419 0.023619 0.100188
v 0.022419 0.023619 0.100188
v 0.022419 0.023619 0.100188
v 0.022419 0.023619 0.100188
v 0.022419 0.023619 0.100188
v 0.022419 0.023619 0.100188
v 0.022419 0.023619 0.100188
v 0.022419 0.023619 0.100188
v 0.022419 0.023619 0.100188
v 0.022419 0.023619 0.100188
v 0.022419 0.023619 0.100188
v 0.021493 0.029772 0.096361
v 0.021493 0.029772 0.096361
v 0.021493 0.029772 0.096361
v 0.021493 0.029772 0.096361
v 0.021493 0.029772 0.096361
v 0.021493 0.029772 0.096361
v 0.019578 0.031256 0.096361
v 0.019578 0.031256 0.096361
v 0.019578 0.031256 0.096361
v 0.019578 0.031256 0.096361
v 0.026751 0.015779 0.101196
v 0.026751 0.015779 0.101196
v 0.026751 0.015779 0.101196
v 0.026751 0.015779 0.101196
v 0.026751 0.015779 0.101196
v 0.026841 0.018278 0.100161
v 0.026841 0.018278 0.100161
v 0.026841 0.018278 0.100161
v 0.026841 0.018278 0.100161
v 0.026659 0.018702 0.100188
v 0.026659 0.018702 0.100188
v 0.026659 0.018702 0.100188
v 0.026659 0.018702 0.100188
v 0.026659 0.018702 0.100188
v 0.026864 0.018902 0.099902
v 0.026864 0.018902 0.099902
v 0.026864 0.018902 0.099902
v 0.026864 0.018902 0.099902
v 0.026864 0.018902 0.099902
v 0.026874 0.019184 0.099786
v 0.026874 0.019184 0.099786
v 0.026874 0.019184 0.099786
v 0.026874 0.019184 0.099786
v 0.026913 0.020270 0.099335
v 0.026913 0.020270 0.099335
v 0.026913 0.020270 0.099335
v 0.026913 0.020270 0.099335
v 0.026913 0.020270 0.099335
v 0.027234 0.024871 0.096360
v 0.027234 0.024871 0.096360
v 0.027234 0.024871 0.096360
v 0.027234 0.024871 0.096360
v 0.026972 0.023230 0.097673
v 0.026972 0.023230 0.097673
v 0.026972 0.023230 0.097673
v 0.026972 0.023230 0.097673
v 0.026972 0.023230 0.097673
v 0.026958 0.022545 0.098058
v 0.026958 0.022545 0.098058
v 0.026958 0.022545 0.098058
v 0.026958 0.022545 0.098058
v 0.026958 0.022545 0.098058
v 0.022453 0.015751 0.103107
v 0.022453 0.015751 0.103107
v 0.022453 0.015751 0.103107
v 0.022453 0.015751 0.103107
v 0.022453 0.015751 0.103107
v 0.022453 0.015751 0.103107
v 0.022453 0.015751 0.103107
v 0.022453 0.015751 0.103107
v 0.022453 0.015751 0.103107
v 0.022453 0.015751 0.103107
v 0.026588 0.014850 0.101519
v 0.026588 0.014850 0.101519
v 0.026588 0.014850 0.101519
v 0.026588 0.014850 0.101519
v 0.026588 0.014850 0.101519
v 0.025778 0.011198 0.102768
v 0.025778 0.011198 0.102768
v 0.025778 0.011198 0.102768
v 0.025778 0.011198 0.102768
v 0.025822 0.011313 0.102731
v 0.025822 0.011313 0.102731
v 0.025822 0.011313 0.102731
v 0.025822 0.011313 0.102731
v 0.025822 0.011313 0.102731
v 0.025822 0.011313 0.102731
v 0.026092 0.012025 0.102499
v 0.026092 0.012025 0.102499
v 0.026092 0.012025 0.102499
v 0.026092 0.012025 0.102499
v 0.022025 0.005668 0.104674
v 0.022025 0.005668 0.104674
v 0.022025 0.005668 0.104674
v 0.022025 0.005668 0.104674
v 0.022214 0.005823 0.104613
v 0.022214 0.005823 0.104613
v 0.022214 0.005823 0.104613
v 0.022214 0.005823 0.104613
v 0.022214 0.005823 0.104613
v 0.019968 0.008726 0.104884
v 0.019968 0.008726 0.104884
v 0.019968 0.008726 0.104884
v 0.019968 0.008726 0.104884
v 0.019968 0.008726 0.104884
v 0.019968 0.008726 0.104884
v 0.019968 0.008726 0.104884
v 0.019968 0.008726 0.104884
v 0.019968 0.008726 0.104884
v 0.019968 0.008726 0.104884
v 0.019968 0.008726 0.104884
v 0.023515 0.006885 0.104192
v 0.023515 0.006885 0.104192
v 0.023515 0.006885 0.104192
v 0.023515 0.006885 0.104192
v 0.023515 0.006885 0.104192
v 0.017261 0.006465 0.105354
v 0.017261 0.006465 0.105354
v 0.017261 0.006465 0.105354
v 0.017261 0.006465 0.105354
v 0.017261 0.006465 0.105354
v 0.018986 0.005461 0.105218
v 0.018986 0.005461 0.105218
v 0.018986 0.005461 0.105218
v 0.018986 0.005461 0.105218
v 0.018986 0.005461 0.105218
v 0.021113 0.005385 0.104874
v 0.021113 0.005385 0.104874
v 0.021113 0.005385 0.104874
v 0.021113 0.005385 0.104874
v 0.021113 0.005385 0.104874
v 0.020576 0.005217 0.104992
v 0.020576 0.005217 0.104992
v 0.020576 0.005217 0.104992
v 0.016515 0.007141 0.105367
v 0.016515 0.007141 0.105367
v 0.016515 0.007141 0.105367
v 0.016515 0.007141 0.105367
v 0.016515 0.007141 0.105367
v 0.017839 0.012514 0.104884
v 0.017839 0.012514 0.104884
v 0.017839 0.012514 0.104884
v 0.017839 0.012514 0.104884
v 0.017839 0.012514 0.104884
v 0.017839 0.012514 0.104884
v 0.017839 0.012514 0.104884
v 0.013797 0.009604 0.105415
v 0.013797 0.009604 0.105415
v 0.013797 0.009604 0.105415
v 0.013797 0.009604 0.105415
v 0.012652 0.010640 0.105435
v 0.012652 0.010640 0.105435
v 0.012652 0.010640 0.105435
v 0.012652 0.010640 0.105435
v 0.012652 0.010640 0.105435
v 0.015002 0.015805 0.104884
v 0.015002 0.015805 0.104884
v 0.015002 0.015805 0.104884
v 0.015002 0.015805 0.104884
v 0.015002 0.015805 0.104884
v 0.015002 0.015805 0.104884
v 0.015002 0.015805 0.104884
v 0.015002 0.015805 0.104884
v 0.012354 0.010911 0.105440
v 0.012354 0.010911 0.105440
v 0.012354 0.010911 0.105440
v 0.012354 0.010911 0.105440
v 0.007674 0.020395 0.104884
v 0.007674 0.020395 0.104884
v 0.007674 0.020395 0.104884
v 0.007674 0.020395 0.104884
v 0.007674 0.020395 0.104884
v 0.007674 0.020395 0.104884
v 0.007674 0.020395 0.104884
v 0.008616 0.013751 0.105441
v 0.008616 0.013751 0.105441
v 0.008616 0.013751 0.105441
v 0.008616 0.013751 0.105441
v 0.008616 0.013751 0.105441
v 0.011568 0.018467 0.104884
v 0.011568 0.018467 0.104884
v 0.011568 0.018467 0.104884
v 0.011568 0.018467 0.104884
v 0.011568 0.018467 0.104884
v 0.011568 0.018467 0.104884
v 0.008923 0.013574 0.105441
v 0.008923 0.013574 0.105441
v 0.008923 0.013574 0.105441
v 0.008923 0.013574 0.105441
v 0.008923 0.013574 0.105441
v 0.011214 0.011796 0.105440
v 0.011214 0.011796 0.105440
v 0.011214 0.011796 0.105440
v 0.011214 0.011796 0.105440
v 0.001904 0.016861 0.105432
v 0.001904 0.016861 0.105432
v 0.001904 0.016861 0.105432
v 0.001904 0.016861 0.105432
v 0.001904 0.016861 0.105432
v 0.002661 0.016575 0.105434
v 0.002661 0.016575 0.105434
v 0.002661 0.016575 0.105434
v 0.002661 0.016575 0.105434
v 0.003475 0.021512 0.104884
v 0.003475 0.021512 0.104884
v 0.003475 0.021512 0.104884
v 0.003475 0.021512 0.104884
v 0.003475 0.021512 0.104884
v 0.003475 0.021512 0.104884
v 0.003475 0.021512 0.104884
v 0.003475 0.021512 0.104884
v 0.005646 0.015447 0.105440
v 0.005646 0.015447 0.105440
v 0.005646 0.015447 0.105440
v 0.005646 0.015447 0.105440
v 0.005646 0.015447 0.105440
v 0.005646 0.015447 0.105440
v 0.005683 0.015433 0.105441
v 0.005683 0.015433 0.105441
v 0.005683 0.015433 0.105441
v 0.005683 0.015433 0.105441
v 0.000764 0.017079 0.105424
v 0.000764 0.017079 0.105424
v 0.000764 0.017079 0.105424
v 0.000764 0.017079 0.105424
v 0.000764 0.017079 0.105424
v -0.000863 0.021773 0.104884
v -0.000863 0.021773 0.104884
v -0.000863 0.021773 0.104884
v -0.000863 0.021773 0.104884
v -0.000863 0.021773 0.104884
v -0.000863 0.021773 0.104884
v -0.000863 0.021773 0.104884
v -0.000863 0.021773 0.104884
v -0.000702 0.017358 0.105414
v -0.000702 0.017358 0.105414
v -0.000702 0.017358 0.105414
v -0.000702 0.017358 0.105414
v -0.001505 0.017511 0.105409
v -0.001505 0.017511 0.105409
v -0.001505 0.017511 0.105409
v -0.001505 0.017511 0.105409
v -0.005324 0.017454 0.105366
v -0.005324 0.017454 0.105366
v -0.005324 0.017454 0.105366
v -0.005324 0.017454 0.105366
v -0.005324 0.017454 0.105366
v -0.005324 0.017454 0.105366
v -0.009263 0.019723 0.104884
v -0.009263 0.019723 0.104884
v -0.009263 0.019723 0.104884
v -0.009263 0.019723 0.104884
v -0.009263 0.019723 0.104884
v -0.009263 0.019723 0.104884
v -0.009263 0.019723 0.104884
v -0.009263 0.019723 0.104884
v -0.007467 0.017092 0.105337
v -0.007467 0.017092 0.105337
v -0.007467 0.017092 0.105337
v -0.007467 0.017092 0.105337
v -0.012478 0.014458 0.105294
v -0.012478 0.014458 0.105294
v -0.012478 0.014458 0.105294
v -0.012478 0.014458 0.105294
v -0.011326 0.015245 0.105300
v -0.011326 0.015245 0.105300
v -0.011326 0.015245 0.105300
v -0.011326 0.015245 0.105300
v -0.012992 0.017493 0.104884
v -0.012992 0.017493 0.104884
v -0.012992 0.017493 0.104884
v -0.012992 0.017493 0.104884
v -0.012992 0.017493 0.104884
v -0.012992 0.017493 0.104884
v -0.012992 0.017493 0.104884
v -0.012992 0.017493 0.104884
v -0.010118 0.016070 0.105305
v -0.010118 0.016070 0.105305
v -0.010118 0.016070 0.105305
v -0.010118 0.016070 0.105305
v -0.010118 0.016070 0.105305
v -0.007943 0.016908 0.105331
v -0.007943 0.016908 0.105331
v -0.007943 0.016908 0.105331
v -0.007943 0.016908 0.105331
v -0.014198 0.012579 0.105307
v -0.014198 0.012579 0.105307
v -0.014198 0.012579 0.105307
v -0.014198 0.012579 0.105307
v -0.014198 0.012579 0.105307
v -0.016205 0.014568 0.104884
v -0.016205 0.014568 0.104884
v -0.016205 0.014568 0.104884
v -0.016205 0.014568 0.104884
v -0.016205 0.014568 0.104884
v -0.016205 0.014568 0.104884
v -0.015622 0.010112 0.105340
v -0.015622 0.010112 0.105340
v -0.015622 0.010112 0.105340
v -0.015622 0.010112 0.105340
v -0.015622 0.010112 0.105340
v -0.018773 0.011063 0.104884
v -0.018773 0.011063 0.104884
v -0.018773 0.011063 0.104884
v -0.018773 0.011063 0.104884
v -0.018773 0.011063 0.104884
v -0.018773 0.011063 0.104884
v -0.018773 0.011063 0.104884
v -0.015867 0.009362 0.105351
v -0.015867 0.009362 0.105351
v -0.015867 0.009362 0.105351
v -0.015867 0.009362 0.105351
v -0.015867 0.009362 0.105351
v -0.016290 0.008065 0.105369
v -0.016290 0.008065 0.105369
v -0.016290 0.008065 0.105369
v -0.016290 0.008065 0.105369
v -0.016290 0.008065 0.105369
v -0.020595 0.007118 0.104884
v -0.020595 0.007118 0.104884
v -0.020595 0.007118 0.104884
v -0.020595 0.007118 0.104884
v -0.020595 0.007118 0.104884
v -0.020595 0.007118 0.104884
v -0.020595 0.007118 0.104884
v -0.020595 0.007118 0.104884
v -0.016569 0.007209 0.105381
v -0.016569 0.007209 0.105381
v -0.016569 0.007209 0.105381
v -0.016569 0.007209 0.105381
v -0.016886 0.002280 0.105425
v -0.016886 0.002280 0.105425
v -0.016886 0.002280 0.105425
v -0.016886 0.002280 0.105425
v -0.016985 0.003757 0.105417
v -0.016985 0.003757 0.105417
v -0.016985 0.003757 0.105417
v -0.016985 0.003757 0.105417
v -0.016985 0.003757 0.105417
v -0.016738 0.005804 0.105396
v -0.016738 0.005804 0.105396
v -0.016738 0.005804 0.105396
v -0.016738 0.005804 0.105396
v 0.018882 0.019892 0.103107
v 0.018882 0.019892 0.103107
v 0.018882 0.019892 0.103107
v 0.018882 0.019892 0.103107
v 0.018882 0.019892 0.103107
v 0.018882 0.019892 0.103107
v 0.014559 0.023243 0.103107
v 0.014559 0.023243 0.103107
v 0.014559 0.023243 0.103107
v 0.014559 0.023243 0.103107
v 0.014559 0.023243 0.103107
v 0.014559 0.023243 0.103107
v 0.009658 0.025670 0.103107
v 0.009658 0.025670 0.103107
v 0.009658 0.025670 0.103107
v 0.009658 0.025670 0.103107
v 0.009658 0.025670 0.103107
v 0.009658 0.025670 0.103107
v 0.004373 0.027076 0.103108
v 0.004373 0.027076 0.103108
v 0.004373 0.027076 0.103108
v 0.004373 0.027076 0.103108
v 0.004373 0.027076 0.103108
v 0.004373 0.027076 0.103108
v -0.001086 0.027405 0.103108
v -0.001086 0.027405 0.103108
v -0.001086 0.027405 0.103108
v -0.001086 0.027405 0.103108
v -0.001086 0.027405 0.103108
v -0.001086 0.027405 0.103108
v -0.006502 0.026644 0.103108
v -0.006502 0.026644 0.103108
v -0.006502 0.026644 0.103108
v -0.006502 0.026644 0.103108
v -0.006502 0.026644 0.103108
v -0.006502 0.026644 0.103108
v -0.011659 0.024825 0.103108
v -0.011659 0.024825 0.103108
v -0.011659 0.024825 0.103108
v -0.011659 0.024825 0.103108
v -0.011659 0.024825 0.103108
v -0.011659 0.024825 0.103108
v -0.016353 0.022018 0.103108
v -0.016353 0.022018 0.103108
v -0.016353 0.022018 0.103108
v -0.016353 0.022018 0.103108
v -0.016353 0.022018 0.103108
v -0.016353 0.022018 0.103108
v -0.020396 0.018335 0.103108
v -0.020396 0.018335 0.103108
v -0.020396 0.018335 0.103108
v -0.020396 0.018335 0.103108
v -0.020396 0.018335 0.103108
v -0.020396 0.018335 0.103108
v -0.023629 0.013924 0.103108
v -0.023629 0.013924 0.103108
v -0.023629 0.013924 0.103108
v -0.023629 0.013924 0.103108
v -0.023629 0.013924 0.103108
v -0.023629 0.013924 0.103108
v -0.025922 0.008959 0.103108
v -0.025922 0.008959 0.103108
v -0.025922 0.008959 0.103108
v -0.025922 0.008959 0.103108
v -0.025922 0.008959 0.103108
v -0.025922 0.008959 0.103108
v -0.027184 0.003638 0.103108
v -0.027184 0.003638 0.103108
v -0.027184 0.003638 0.103108
v -0.027184 0.003638 0.103108
v -0.027184 0.003638 0.103108
v -0.027184 0.003638 0.103108
v -0.027365 -0.001828 0.103108
v -0.027365 -0.001828 0.103108
v -0.027365 -0.001828 0.103108
v -0.027365 -0.001828 0.103108
v -0.027365 -0.001828 0.103108
v -0.027365 -0.001828 0.103108
v -0.026459 -0.007221 0.103107
v -0.026459 -0.007221 0.103107
v -0.026459 -0.007221 0.103107
v -0.026459 -0.007221 0.103107
v -0.026459 -0.007221 0.103107
v -0.026459 -0.007221 0.103107
v -0.024500 -0.012328 0.103107
v -0.024500 -0.012328 0.103107
v -0.024500 -0.012328 0.103107
v -0.024500 -0.012328 0.103107
v -0.024500 -0.012328 0.103107
v -0.024500 -0.012328 0.103107
v -0.021567 -0.016944 0.103107
v -0.021567 -0.016944 0.103107
v -0.021567 -0.016944 0.103107
v -0.021567 -0.016944 0.103107
v -0.021567 -0.016944 0.103107
v -0.021567 -0.016944 0.103107
v -0.040058 0.000661 0.091891
v -0.040058 0.000661 0.091891
v -0.040058 0.000661 0.091891
v -0.040058 0.000661 0.091891
v -0.040058 0.000661 0.091891
v -0.040058 0.000661 0.091891
v -0.040058 0.000661 0.091891
v -0.039279 0.007886 0.091892
v -0.039279 0.007886 0.091892
v -0.039279 0.007886 0.091892
v -0.039279 0.007886 0.091892
v -0.039279 0.007886 0.091892
v -0.039279 0.007886 0.091892
v -0.039279 0.007886 0.091892
v -0.037208 0.014852 0.091892
v -0.037208 0.014852 0.091892
v -0.037208 0.014852 0.091892
v -0.037208 0.014852 0.091892
v -0.037208 0.014852 0.091892
v -0.037208 0.014852 0.091892
v -0.037208 0.014852 0.091892
v -0.033913 0.021329 0.091892
v -0.033913 0.021329 0.091892
v -0.033913 0.021329 0.091892
v -0.033913 0.021329 0.091892
v -0.033913 0.021329 0.091892
v -0.033913 0.021329 0.091892
v -0.033913 0.021329 0.091892
v 0.028936 0.027708 0.091891
v 0.028936 0.027708 0.091891
v 0.028936 0.027708 0.091891
v 0.028936 0.027708 0.091891
v 0.028936 0.027708 0.091891
v 0.028936 0.027708 0.091891
v 0.028936 0.027708 0.091891
v 0.028936 0.027708 0.091891
v 0.028936 0.027708 0.091891
v 0.028936 0.027708 0.091891
v -0.037678 -0.013617 0.091891
v -0.037678 -0.013617 0.091891
v -0.037678 -0.013617 0.091891
v -0.037678 -0.013617 0.091891
v -0.037678 -0.013617 0.091891
v -0.037678 -0.013617 0.091891
v -0.037678 -0.013617 0.091891
v -0.039549 -0.014293 0.086778
v -0.039549 -0.014293 0.086778
v -0.039549 -0.014293 0.086778
v -0.039549 -0.014293 0.086778
v -0.039549 -0.014293 0.086778
v -0.039549 -0.014293 0.086778
v -0.039549 -0.014293 0.086778
v -0.036317 -0.021202 0.086778
v -0.036317 -0.021202 0.086778
v -0.036317 -0.021202 0.086778
v -0.036317 -0.021202 0.086778
v -0.036317 -0.021202 0.086778
v -0.036317 -0.021202 0.086778
v -0.036317 -0.021202 0.086778
v -0.036317 -0.021202 0.086778
v -0.029502 0.027105 0.091892
v -0.029502 0.027105 0.091892
v -0.029502 0.027105 0.091892
v -0.029502 0.027105 0.091892
v -0.029502 0.027105 0.091892
v -0.029502 0.027105 0.091892
v -0.029502 0.027105 0.091892
v -0.029502 0.027105 0.091892
v -0.030967 0.028451 0.086779
v -0.030967 0.028451 0.086779
v -0.030967 0.028451 0.086779
v -0.030967 0.028451 0.086779
v -0.030967 0.028451 0.086779
v -0.030967 0.028451 0.086779
v -0.030967 0.028451 0.086779
v -0.030967 0.028451 0.086779
v -0.035598 0.022389 0.086779
v -0.035598 0.022389 0.086779
v -0.035598 0.022389 0.086779
v -0.035598 0.022389 0.086779
v -0.035598 0.022389 0.086779
v -0.035598 0.022389 0.086779
v 0.003222 0.039933 0.091891
v 0.003222 0.039933 0.091891
v 0.003222 0.039933 0.091891
v 0.003222 0.039933 0.091891
v 0.003222 0.039933 0.091891
v 0.003222 0.039933 0.091891
v 0.003222 0.039933 0.091891
v 0.003382 0.041917 0.086779
v 0.003382 0.041917 0.086779
v 0.003382 0.041917 0.086779
v 0.003382 0.041917 0.086779
v 0.003382 0.041917 0.086779
v 0.003382 0.041917 0.086779
v 0.003382 0.041917 0.086779
v 0.003382 0.041917 0.086779
v -0.004246 0.041838 0.086779
v -0.004246 0.041838 0.086779
v -0.004246 0.041838 0.086779
v -0.004246 0.041838 0.086779
v -0.004246 0.041838 0.086779
v -0.004246 0.041838 0.086779
v 0.030374 0.029084 0.086778
v 0.030374 0.029084 0.086778
v 0.030374 0.029084 0.086778
v 0.030374 0.029084 0.086778
v 0.030374 0.029084 0.086778
v 0.030374 0.029084 0.086778
v 0.030374 0.029084 0.086778
v 0.030374 0.029084 0.086778
v 0.030374 0.029084 0.086778
v 0.030374 0.029084 0.086778
v 0.024620 0.034093 0.086778
v 0.024620 0.034093 0.086778
v 0.024620 0.034093 0.086778
v 0.024620 0.034093 0.086778
v 0.024620 0.034093 0.086778
v 0.024620 0.034093 0.086778
v -0.036902 -0.021544 0.081334
v -0.036902 -0.021544 0.081334
v -0.036902 -0.021544 0.081334
v -0.036902 -0.021544 0.081334
v -0.036902 -0.021544 0.081334
v -0.032403 -0.027855 0.081334
v -0.032403 -0.027855 0.081334
v -0.032403 -0.027855 0.081334
v -0.032403 -0.027855 0.081334
v -0.032403 -0.027855 0.081334
v -0.032403 -0.027855 0.081334
v -0.032403 -0.027855 0.081334
v -0.036902 0.021312 0.081335
v -0.036902 0.021312 0.081335
v -0.036902 0.021312 0.081335
v -0.036902 0.021312 0.081335
v -0.036902 0.021312 0.081335
v -0.036902 0.021312 0.081335
v -0.036902 0.021312 0.081335
v -0.039685 0.015841 0.081335
v -0.039685 0.015841 0.081335
v -0.039685 0.015841 0.081335
v -0.039685 0.015841 0.081335
v -0.039685 0.015841 0.081335
v -0.039685 0.015841 0.081335
v -0.039056 0.015590 0.086779
v -0.039056 0.015590 0.086779
v -0.039056 0.015590 0.086779
v -0.039056 0.015590 0.086779
v -0.039056 0.015590 0.086779
v -0.039056 0.015590 0.086779
v 0.028859 0.027431 0.092337
v 0.028859 0.027431 0.092337
v 0.028859 0.027431 0.092337
v 0.028859 0.027431 0.092337
v 0.029112 0.027494 0.091881
v 0.029112 0.027494 0.091881
v 0.029112 0.027494 0.091881
v 0.029112 0.027494 0.091881
v 0.029112 0.027494 0.091881
v 0.033018 0.026489 0.085524
v 0.033018 0.026489 0.085524
v 0.033018 0.026489 0.085524
v 0.033018 0.026489 0.085524
v 0.033018 0.026489 0.085524
v 0.033032 0.026481 0.085500
v 0.033032 0.026481 0.085500
v 0.033032 0.026481 0.085500
v 0.033032 0.026481 0.085500
v 0.030862 0.029553 0.081334
v 0.030862 0.029553 0.081334
v 0.030862 0.029553 0.081334
v 0.030862 0.029553 0.081334
v 0.030862 0.029553 0.081334
v 0.030862 0.029553 0.081334
v 0.030862 0.029553 0.081334
v 0.030862 0.029553 0.081334
v 0.030862 0.029553 0.081334
v 0.030862 0.029553 0.081334
v 0.030862 0.029553 0.081334
v 0.033015 0.026491 0.085525
v 0.033015 0.026491 0.085525
v 0.033015 0.026491 0.085525
v 0.033015 0.026491 0.085525
v 0.033015 0.026491 0.085525
v 0.034857 0.024640 0.082532
v 0.034857 0.024640 0.082532
v 0.034857 0.024640 0.082532
v 0.034857 0.024640 0.082532
v 0.034932 0.024564 0.082409
v 0.034932 0.024564 0.082409
v 0.034932 0.024564 0.082409
v 0.034932 0.024564 0.082409
v 0.035402 0.023929 0.081333
v 0.035402 0.023929 0.081333
v 0.035402 0.023929 0.081333
v 0.035402 0.023929 0.081333
v 0.035402 0.023929 0.081333
v 0.030303 0.027674 0.089782
v 0.030303 0.027674 0.089782
v 0.030303 0.027674 0.089782
v 0.030303 0.027674 0.089782
v 0.030303 0.027674 0.089782
v 0.031022 0.027509 0.088624
v 0.031022 0.027509 0.088624
v 0.031022 0.027509 0.088624
v 0.031022 0.027509 0.088624
v 0.031535 0.027390 0.087797
v 0.031535 0.027390 0.087797
v 0.031535 0.027390 0.087797
v 0.031535 0.027390 0.087797
v 0.032203 0.026985 0.086772
v 0.032203 0.026985 0.086772
v 0.032203 0.026985 0.086772
v 0.032203 0.026985 0.086772
v 0.032203 0.026985 0.086772
v 0.032203 0.026985 0.086772
v 0.030067 0.027729 0.090163
v 0.030067 0.027729 0.090163
v 0.030067 0.027729 0.090163
v 0.030067 0.027729 0.090163
v 0.027772 0.026147 0.094810
v 0.027772 0.026147 0.094810
v 0.027772 0.026147 0.094810
v 0.027772 0.026147 0.094810
v 0.027934 0.026530 0.094345
v 0.027934 0.026530 0.094345
v 0.027934 0.026530 0.094345
v 0.027934 0.026530 0.094345
v 0.027934 0.026530 0.094345
v 0.027934 0.026530 0.094345
v 0.028472 0.027055 0.093176
v 0.028472 0.027055 0.093176
v 0.028472 0.027055 0.093176
v 0.028472 0.027055 0.093176
v 0.028472 0.027055 0.093176
v -0.028841 -0.028230 0.091251
v -0.028841 -0.028230 0.091251
v -0.028841 -0.028230 0.091251
v -0.028841 -0.028230 0.091251
v -0.028726 -0.027915 0.091887
v -0.028726 -0.027915 0.091887
v -0.028726 -0.027915 0.091887
v -0.028726 -0.027915 0.091887
v -0.030380 -0.026117 0.091891
v -0.030380 -0.026117 0.091891
v -0.030380 -0.026117 0.091891
v -0.030380 -0.026117 0.091891
v -0.030380 -0.026117 0.091891
v -0.030380 -0.026117 0.091891
v -0.030380 -0.026117 0.091891
v -0.030380 -0.026117 0.091891
v -0.028699 -0.027841 0.092036
v -0.028699 -0.027841 0.092036
v -0.028699 -0.027841 0.092036
v -0.028699 -0.027841 0.092036
v -0.028699 -0.027841 0.092036
v -0.027601 -0.026872 0.094349
v -0.027601 -0.026872 0.094349
v -0.027601 -0.026872 0.094349
v -0.027601 -0.026872 0.094349
v -0.027512 -0.026836 0.094457
v -0.027512 -0.026836 0.094457
v -0.027512 -0.026836 0.094457
v -0.027512 -0.026836 0.094457
v -0.027512 -0.026836 0.094457
v -0.026103 -0.026264 0.096179
v -0.026103 -0.026264 0.096179
v -0.026103 -0.026264 0.096179
v -0.026103 -0.026264 0.096179
v -0.031889 -0.027414 0.086778
v -0.031889 -0.027414 0.086778
v -0.031889 -0.027414 0.086778
v -0.031889 -0.027414 0.086778
v -0.031889 -0.027414 0.086778
v -0.031889 -0.027414 0.086778
v -0.031889 -0.027414 0.086778
v -0.031889 -0.027414 0.086778
v -0.031889 -0.027414 0.086778
v -0.028875 -0.030566 0.086777
v -0.028875 -0.030566 0.086777
v -0.028875 -0.030566 0.086777
v -0.028875 -0.030566 0.086777
v -0.028875 -0.030566 0.086777
v -0.028875 -0.030566 0.086777
v -0.028875 -0.030566 0.086777
v -0.028891 -0.030538 0.086832
v -0.028891 -0.030538 0.086832
v -0.028891 -0.030538 0.086832
v -0.028891 -0.030538 0.086832
v -0.028891 -0.030538 0.086832
v -0.028973 -0.029977 0.087878
v -0.028973 -0.029977 0.087878
v -0.028973 -0.029977 0.087878
v -0.028973 -0.029977 0.087878
v -0.029118 -0.028983 0.089729
v -0.029118 -0.028983 0.089729
v -0.029118 -0.028983 0.089729
v -0.029118 -0.028983 0.089729
v -0.029111 -0.028965 0.089766
v -0.029111 -0.028965 0.089766
v -0.029111 -0.028965 0.089766
v -0.029111 -0.028965 0.089766
v -0.029111 -0.028965 0.089766
v -0.029111 -0.028965 0.089766
v -0.029111 -0.028965 0.089766
v -0.027245 -0.032918 0.081333
v -0.027245 -0.032918 0.081333
v -0.027245 -0.032918 0.081333
v -0.027245 -0.032918 0.081333
v -0.027453 -0.032702 0.082038
v -0.027453 -0.032702 0.082038
v -0.027453 -0.032702 0.082038
v -0.027453 -0.032702 0.082038
v -0.030109 -0.030107 0.081334
v -0.030109 -0.030107 0.081334
v -0.030109 -0.030107 0.081334
v -0.030109 -0.030107 0.081334
v -0.030109 -0.030107 0.081334
v -0.030109 -0.030107 0.081334
v -0.030109 -0.030107 0.081334
v -0.030109 -0.030107 0.081334
v -0.030109 -0.030107 0.081334
v -0.030109 -0.030107 0.081334
v -0.030109 -0.030107 0.081334
v -0.027819 -0.032322 0.083276
v -0.027819 -0.032322 0.083276
v -0.027819 -0.032322 0.083276
v -0.027819 -0.032322 0.083276
v -0.027819 -0.032322 0.083276
v -0.027819 -0.032322 0.083276
v -0.027819 -0.032322 0.083276
v -0.028146 -0.031778 0.084360
v -0.028146 -0.031778 0.084360
v -0.028146 -0.031778 0.084360
v -0.028146 -0.031778 0.084360
v 0.025016 0.034642 0.081334
v 0.025016 0.034642 0.081334
v 0.025016 0.034642 0.081334
v 0.025016 0.034642 0.081334
v 0.025016 0.034642 0.081334
v 0.025016 0.034642 0.081334
v 0.030166 0.030159 0.081334
v 0.030166 0.030159 0.081334
v 0.030166 0.030159 0.081334
v 0.030166 0.030159 0.081334
v 0.030166 0.030159 0.081334
v 0.021277 0.036856 0.081334
v 0.021277 0.036856 0.081334
v 0.021277 0.036856 0.081334
v 0.021277 0.036856 0.081334
v 0.021277 0.036856 0.081334
v 0.021277 0.036856 0.081334
v 0.018056 0.037979 0.086778
v 0.018056 0.037979 0.086778
v 0.018056 0.037979 0.086778
v 0.018056 0.037979 0.086778
v 0.018056 0.037979 0.086778
v 0.018056 0.037979 0.086778
v 0.018056 0.037979 0.086778
v 0.018056 0.037979 0.086778
v 0.011073 0.041270 0.081334
v 0.011073 0.041270 0.081334
v 0.011073 0.041270 0.081334
v 0.011073 0.041270 0.081334
v 0.011073 0.041270 0.081334
v 0.011073 0.041270 0.081334
v 0.011073 0.041270 0.081334
v 0.011059 0.041273 0.081334
v 0.011059 0.041273 0.081334
v 0.011059 0.041273 0.081334
v 0.011059 0.041273 0.081334
v 0.011059 0.041273 0.081334
v 0.011059 0.041273 0.081334
v -0.004315 0.042512 0.081334
v -0.004315 0.042512 0.081334
v -0.004315 0.042512 0.081334
v -0.004315 0.042512 0.081334
v -0.004315 0.042512 0.081334
v -0.004315 0.042512 0.081334
v 0.000002 0.042556 0.081334
v 0.000002 0.042556 0.081334
v 0.000002 0.042556 0.081334
v 0.000002 0.042556 0.081334
v 0.000002 0.042556 0.081334
v 0.000002 0.042556 0.081334
v 0.003436 0.042592 0.081334
v 0.003436 0.042592 0.081334
v 0.003436 0.042592 0.081334
v 0.003436 0.042592 0.081334
v 0.003436 0.042592 0.081334
v -0.011046 0.041203 0.081334
v -0.011046 0.041203 0.081334
v -0.011046 0.041203 0.081334
v -0.011046 0.041203 0.081334
v -0.011046 0.041203 0.081334
v -0.011046 0.041203 0.081334
v -0.011734 0.040383 0.086779
v -0.011734 0.040383 0.086779
v -0.011734 0.040383 0.086779
v -0.011734 0.040383 0.086779
v -0.011734 0.040383 0.086779
v -0.011734 0.040383 0.086779
v -0.011734 0.040383 0.086779
v -0.011734 0.040383 0.086779
v -0.011923 0.041033 0.081334
v -0.011923 0.041033 0.081334
v -0.011923 0.041033 0.081334
v -0.011923 0.041033 0.081334
v -0.011923 0.041033 0.081334
v -0.019140 0.038204 0.081335
v -0.019140 0.038204 0.081335
v -0.019140 0.038204 0.081335
v -0.019140 0.038204 0.081335
v -0.019140 0.038204 0.081335
v -0.019140 0.038204 0.081335
v -0.018836 0.037598 0.086779
v -0.018836 0.037598 0.086779
v -0.018836 0.037598 0.086779
v -0.018836 0.037598 0.086779
v -0.018836 0.037598 0.086779
v -0.018836 0.037598 0.086779
v -0.021283 0.036874 0.081335
v -0.021283 0.036874 0.081335
v -0.021283 0.036874 0.081335
v -0.021283 0.036874 0.081335
v -0.021283 0.036874 0.081335
v -0.021283 0.036874 0.081335
v -0.025726 0.034118 0.081335
v -0.025726 0.034118 0.081335
v -0.025726 0.034118 0.081335
v -0.025726 0.034118 0.081335
v -0.025726 0.034118 0.081335
v -0.025726 0.034118 0.081335
v -0.030130 0.030121 0.081335
v -0.030130 0.030121 0.081335
v -0.030130 0.030121 0.081335
v -0.030130 0.030121 0.081335
v -0.030130 0.030121 0.081335
v -0.030130 0.030121 0.081335
v -0.031466 0.028909 0.081335
v -0.031466 0.028909 0.081335
v -0.031466 0.028909 0.081335
v -0.031466 0.028909 0.081335
v -0.031466 0.028909 0.081335
v -0.036171 0.022749 0.081335
v -0.036171 0.022749 0.081335
v -0.036171 0.022749 0.081335
v -0.036171 0.022749 0.081335
v -0.036171 0.022749 0.081335
v -0.036171 0.022749 0.081335
v -0.041120 0.011014 0.081334
v -0.041120 0.011014 0.081334
v -0.041120 0.011014 0.081334
v -0.041120 0.011014 0.081334
v -0.041120 0.011014 0.081334
v -0.041230 0.008278 0.086779
v -0.041230 0.008278 0.086779
v -0.041230 0.008278 0.086779
v -0.041230 0.008278 0.086779
v -0.041230 0.008278 0.086779
v -0.041230 0.008278 0.086779
v -0.041230 0.008278 0.086779
v -0.041230 0.008278 0.086779
v -0.041894 0.008411 0.081334
v -0.041894 0.008411 0.081334
v -0.041894 0.008411 0.081334
v -0.041894 0.008411 0.081334
v -0.041894 0.008411 0.081334
v -0.042724 0.000705 0.081334
v -0.042724 0.000705 0.081334
v -0.042724 0.000705 0.081334
v -0.042724 0.000705 0.081334
v -0.042724 0.000705 0.081334
v -0.042724 0.000705 0.081334
v -0.042047 0.000694 0.086779
v -0.042047 0.000694 0.086779
v -0.042047 0.000694 0.086779
v -0.042047 0.000694 0.086779
v -0.042047 0.000694 0.086779
v -0.042047 0.000694 0.086779
v -0.042672 0.000004 0.081334
v -0.042672 0.000004 0.081334
v -0.042672 0.000004 0.081334
v -0.042672 0.000004 0.081334
v -0.042672 0.000004 0.081334
v -0.042672 0.000004 0.081334
v -0.042149 -0.007025 0.081334
v -0.042149 -0.007025 0.081334
v -0.042149 -0.007025 0.081334
v -0.042149 -0.007025 0.081334
v -0.042149 -0.007025 0.081334
v -0.042149 -0.007025 0.081334
v -0.042149 -0.007025 0.081334
v -0.041104 -0.011015 0.081334
v -0.041104 -0.011015 0.081334
v -0.041104 -0.011015 0.081334
v -0.041104 -0.011015 0.081334
v -0.041104 -0.011015 0.081334
v -0.040186 -0.014523 0.081334
v -0.040186 -0.014523 0.081334
v -0.040186 -0.014523 0.081334
v -0.040186 -0.014523 0.081334
v -0.040186 -0.014523 0.081334
v -0.040186 -0.014523 0.081334
v -0.040186 -0.014523 0.081334
v -0.036989 -0.021357 0.081334
v -0.036989 -0.021357 0.081334
v -0.036989 -0.021357 0.081334
v -0.036989 -0.021357 0.081334
v -0.036989 -0.021357 0.081334
v 0.017202 0.036182 0.091891
v 0.017202 0.036182 0.091891
v 0.017202 0.036182 0.091891
v 0.017202 0.036182 0.091891
v 0.017202 0.036182 0.091891
v 0.017202 0.036182 0.091891
v 0.017202 0.036182 0.091891
v 0.023455 0.032480 0.091891
v 0.023455 0.032480 0.091891
v 0.023455 0.032480 0.091891
v 0.023455 0.032480 0.091891
v 0.023455 0.032480 0.091891
v 0.023455 0.032480 0.091891
v 0.023455 0.032480 0.091891
v -0.025318 0.033577 0.086779
v -0.025318 0.033577 0.086779
v -0.025318 0.033577 0.086779
v -0.025318 0.033577 0.086779
v -0.025318 0.033577 0.086779
v -0.025318 0.033577 0.086779
v -0.024120 0.031988 0.091892
v -0.024120 0.031988 0.091892
v -0.024120 0.031988 0.091892
v -0.024120 0.031988 0.091892
v -0.024120 0.031988 0.091892
v -0.024120 0.031988 0.091892
v -0.017945 0.035819 0.091892
v -0.017945 0.035819 0.091892
v -0.017945 0.035819 0.091892
v -0.017945 0.035819 0.091892
v -0.017945 0.035819 0.091892
v -0.017945 0.035819 0.091892
v -0.017945 0.035819 0.091892
v -0.041481 -0.006913 0.086779
v -0.041481 -0.006913 0.086779
v -0.041481 -0.006913 0.086779
v -0.041481 -0.006913 0.086779
v -0.041481 -0.006913 0.086779
v -0.041481 -0.006913 0.086779
v -0.039518 -0.006586 0.091891
v -0.039518 -0.006586 0.091891
v -0.039518 -0.006586 0.091891
v -0.039518 -0.006586 0.091891
v -0.039518 -0.006586 0.091891
v -0.039518 -0.006586 0.091891
v -0.034598 -0.020199 0.091891
v -0.034598 -0.020199 0.091891
v -0.034598 -0.020199 0.091891
v -0.034598 -0.020199 0.091891
v -0.034598 -0.020199 0.091891
v -0.034598 -0.020199 0.091891
v -0.034598 -0.020199 0.091891
v 0.010383 0.038694 0.091891
v 0.010383 0.038694 0.091891
v 0.010383 0.038694 0.091891
v 0.010383 0.038694 0.091891
v 0.010383 0.038694 0.091891
v 0.010383 0.038694 0.091891
v 0.010898 0.040616 0.086778
v 0.010898 0.040616 0.086778
v 0.010898 0.040616 0.086778
v 0.010898 0.040616 0.086778
v 0.010898 0.040616 0.086778
v 0.018347 0.038591 0.081334
v 0.018347 0.038591 0.081334
v 0.018347 0.038591 0.081334
v 0.018347 0.038591 0.081334
v 0.018347 0.038591 0.081334
v -0.004045 0.039858 0.091892
v -0.004045 0.039858 0.091892
v -0.004045 0.039858 0.091892
v -0.004045 0.039858 0.091892
v -0.004045 0.039858 0.091892
v -0.004045 0.039858 0.091892
v -0.004045 0.039858 0.091892
v -0.011179 0.038472 0.091892
v -0.011179 0.038472 0.091892
v -0.011179 0.038472 0.091892
v -0.011179 0.038472 0.091892
v -0.011179 0.038472 0.091892
v -0.011179 0.038472 0.091892
v -0.011179 0.038472 0.091892
v -0.028581 -0.031055 0.085801
v -0.028581 -0.031055 0.085801
v -0.028581 -0.031055 0.085801
v -0.028581 -0.031055 0.085801
v -0.011042 -0.041216 0.072249
v -0.011042 -0.041216 0.072249
v -0.011042 -0.041216 0.072249
v -0.011042 -0.041216 0.072249
v -0.011042 -0.041216 0.072249
v -0.009709 -0.041612 0.071936
v -0.009709 -0.041612 0.071936
v -0.009709 -0.041612 0.071936
v -0.009709 -0.041612 0.071936
v -0.009709 -0.041612 0.071936
v -0.008595 -0.042270 0.073922
v -0.008595 -0.042270 0.073922
v -0.008595 -0.042270 0.073922
v -0.008595 -0.042270 0.073922
v -0.008595 -0.042270 0.073922
v -0.008595 -0.042270 0.073922
v -0.008595 -0.042270 0.073922
v 0.041216 0.011045 0.074836
v 0.041216 0.011045 0.074836
v 0.041216 0.011045 0.074836
v 0.041216 0.011045 0.074836
v 0.040877 0.012447 0.075189
v 0.040877 0.012447 0.075189
v 0.040877 0.012447 0.075189
v 0.040877 0.012447 0.075189
v 0.040877 0.012447 0.075189
v 0.040877 0.012447 0.075189
v 0.041240 0.011708 0.075922
v 0.041240 0.011708 0.075922
v 0.041240 0.011708 0.075922
v 0.041240 0.011708 0.075922
v 0.041240 0.011708 0.075922
v 0.041240 0.011708 0.075922
v 0.050907 -0.004217 0.077935
v 0.050907 -0.004217 0.077935
v 0.050907 -0.004217 0.077935
v 0.050907 -0.004217 0.077935
v 0.050907 -0.004217 0.077935
v 0.050907 -0.004217 0.077935
v 0.053385 -0.007331 0.077732
v 0.053385 -0.007331 0.077732
v 0.053385 -0.007331 0.077732
v 0.053385 -0.007331 0.077732
v 0.050754 -0.012652 0.074939
v 0.050754 -0.012652 0.074939
v 0.050754 -0.012652 0.074939
v 0.050754 -0.012652 0.074939
v 0.050754 -0.012652 0.074939
v 0.050754 -0.012652 0.074939
v 0.050754 -0.012652 0.074939
v 0.050754 -0.012652 0.074939
v 0.050754 -0.012652 0.074939
v 0.050754 -0.012652 0.074939
v -0.025837 -0.028317 0.095169
v -0.025837 -0.028317 0.095169
v -0.025837 -0.028317 0.095169
v -0.025837 -0.028317 0.095169
v -0.025837 -0.028317 0.095169
v -0.025837 -0.028317 0.095169
v -0.025837 -0.028317 0.095169
v -0.025837 -0.028317 0.095169
v -0.025837 -0.028317 0.095169
v -0.025837 -0.028317 0.095169
v -0.026313 -0.033815 0.081281
v -0.026313 -0.033815 0.081281
v -0.026313 -0.033815 0.081281
v -0.026313 -0.033815 0.081281
v -0.026313 -0.033815 0.081281
v -0.026313 -0.033815 0.081281
v -0.026313 -0.033815 0.081281
v -0.026313 -0.033815 0.081281
v -0.026313 -0.033815 0.081281
v -0.026995 -0.033123 0.080320
v -0.026995 -0.033123 0.080320
v -0.026995 -0.033123 0.080320
v -0.026995 -0.033123 0.080320
v -0.027743 -0.032293 0.084969
v -0.027743 -0.032293 0.084969
v -0.027743 -0.032293 0.084969
v -0.027743 -0.032293 0.084969
v -0.027743 -0.032293 0.084969
v -0.026205 -0.033876 0.086494
v -0.026205 -0.033876 0.086494
v -0.026205 -0.033876 0.086494
v -0.026205 -0.033876 0.086494
v -0.026205 -0.033876 0.086494
v -0.026205 -0.033876 0.086494
v -0.026205 -0.033876 0.086494
v -0.026205 -0.033876 0.086494
v -0.028197 -0.030809 0.088650
v -0.028197 -0.030809 0.088650
v -0.028197 -0.030809 0.088650
v -0.028197 -0.030809 0.088650
v -0.028197 -0.030809 0.088650
v -0.028197 -0.030809 0.088650
v -0.028197 -0.030809 0.088650
v -0.025099 -0.031729 0.093246
v -0.025099 -0.031729 0.093246
v -0.025099 -0.031729 0.093246
v -0.025099 -0.031729 0.093246
v -0.025099 -0.031729 0.093246
v -0.025099 -0.031729 0.093246
v -0.025099 -0.031729 0.093246
v -0.025099 -0.031729 0.093246
v -0.025099 -0.031729 0.093246
v -0.025099 -0.031729 0.093246
v -0.022049 -0.029103 0.097693
v -0.022049 -0.029103 0.097693
v -0.022049 -0.029103 0.097693
v -0.022049 -0.029103 0.097693
v -0.022049 -0.029103 0.097693
v -0.022049 -0.029103 0.097693
v -0.022049 -0.029103 0.097693
v -0.023949 -0.027433 0.097201
v -0.023949 -0.027433 0.097201
v -0.023949 -0.027433 0.097201
v -0.023949 -0.027433 0.097201
v -0.023949 -0.027433 0.097201
v -0.019698 -0.031249 0.098031
v -0.019698 -0.031249 0.098031
v -0.019698 -0.031249 0.098031
v -0.019698 -0.031249 0.098031
v -0.019698 -0.031249 0.098031
v -0.019698 -0.031249 0.098031
v -0.017020 -0.033694 0.098416
v -0.017020 -0.033694 0.098416
v -0.017020 -0.033694 0.098416
v -0.017020 -0.033694 0.098416
v -0.017020 -0.033694 0.098416
v -0.017665 -0.033105 0.098324
v -0.017665 -0.033105 0.098324
v -0.017665 -0.033105 0.098324
v -0.017665 -0.033105 0.098324
v -0.019717 -0.033892 0.096679
v -0.019717 -0.033892 0.096679
v -0.019717 -0.033892 0.096679
v -0.019717 -0.033892 0.096679
v -0.019717 -0.033892 0.096679
v -0.019717 -0.033892 0.096679
v -0.019717 -0.033892 0.096679
v -0.019717 -0.033892 0.096679
v -0.012506 -0.038026 0.098660
v -0.012506 -0.038026 0.098660
v -0.012506 -0.038026 0.098660
v -0.012506 -0.038026 0.098660
v -0.012506 -0.038026 0.098660
v -0.010578 -0.039876 0.098765
v -0.010578 -0.039876 0.098765
v -0.010578 -0.039876 0.098765
v -0.010578 -0.039876 0.098765
v -0.010578 -0.039876 0.098765
v -0.010875 -0.039590 0.098749
v -0.010875 -0.039590 0.098749
v -0.010875 -0.039590 0.098749
v -0.010875 -0.039590 0.098749
v -0.012924 -0.040420 0.097291
v -0.012924 -0.040420 0.097291
v -0.012924 -0.040420 0.097291
v -0.012924 -0.040420 0.097291
v -0.012924 -0.040420 0.097291
v -0.012924 -0.040420 0.097291
v -0.012924 -0.040420 0.097291
v -0.002236 -0.048380 0.098789
v -0.002236 -0.048380 0.098789
v -0.002236 -0.048380 0.098789
v -0.002236 -0.048380 0.098789
v -0.005785 -0.047660 0.097407
v -0.005785 -0.047660 0.097407
v -0.005785 -0.047660 0.097407
v -0.005785 -0.047660 0.097407
v -0.005785 -0.047660 0.097407
v -0.005785 -0.047660 0.097407
v -0.005785 -0.047660 0.097407
v -0.005785 -0.047660 0.097407
v -0.005785 -0.047660 0.097407
v -0.003877 -0.046707 0.098784
v -0.003877 -0.046707 0.098784
v -0.003877 -0.046707 0.098784
v -0.003877 -0.046707 0.098784
v -0.004985 -0.045577 0.098781
v -0.004985 -0.045577 0.098781
v -0.004985 -0.045577 0.098781
v -0.004985 -0.045577 0.098781
v -0.004985 -0.045577 0.098781
v 0.056140 -0.010792 0.077506
v 0.056140 -0.010792 0.077506
v 0.056140 -0.010792 0.077506
v 0.056140 -0.010792 0.077506
v 0.056140 -0.010792 0.077506
v 0.053902 -0.007980 0.077689
v 0.053902 -0.007980 0.077689
v 0.053902 -0.007980 0.077689
v 0.053902 -0.007980 0.077689
v 0.053902 -0.007980 0.077689
v 0.053902 -0.007980 0.077689
v 0.046593 0.002102 0.078366
v 0.046593 0.002102 0.078366
v 0.046593 0.002102 0.078366
v 0.046593 0.002102 0.078366
v 0.046593 0.002102 0.078366
v 0.046593 0.002102 0.078366
v 0.046964 0.001559 0.078329
v 0.046964 0.001559 0.078329
v 0.046964 0.001559 0.078329
v 0.046964 0.001559 0.078329
v 0.046126 -0.005074 0.075486
v 0.046126 -0.005074 0.075486
v 0.046126 -0.005074 0.075486
v 0.046126 -0.005074 0.075486
v 0.046126 -0.005074 0.075486
v 0.046126 -0.005074 0.075486
v 0.046126 -0.005074 0.075486
v 0.046126 -0.005074 0.075486
v 0.047805 0.000326 0.078245
v 0.047805 0.000326 0.078245
v 0.047805 0.000326 0.078245
v 0.047805 0.000326 0.078245
v 0.044112 0.006263 0.078244
v 0.044112 0.006263 0.078244
v 0.044112 0.006263 0.078244
v 0.044112 0.006263 0.078244
v 0.044112 0.006263 0.078244
v 0.044112 0.006263 0.078244
v 0.044492 0.005625 0.078263
v 0.044492 0.005625 0.078263
v 0.044492 0.005625 0.078263
v 0.044492 0.005625 0.078263
v 0.044527 -0.001529 0.075472
v 0.044527 -0.001529 0.075472
v 0.044527 -0.001529 0.075472
v 0.044527 -0.001529 0.075472
v 0.044527 -0.001529 0.075472
v 0.044527 -0.001529 0.075472
v 0.044527 -0.001529 0.075472
v 0.044527 -0.001529 0.075472
v 0.045333 0.004215 0.078304
v 0.045333 0.004215 0.078304
v 0.045333 0.004215 0.078304
v 0.045333 0.004215 0.078304
v 0.043346 0.007667 0.077941
v 0.043346 0.007667 0.077941
v 0.043346 0.007667 0.077941
v 0.043346 0.007667 0.077941
v 0.043391 0.001533 0.074947
v 0.043391 0.001533 0.074947
v 0.043391 0.001533 0.074947
v 0.043391 0.001533 0.074947
v 0.043391 0.001533 0.074947
v 0.043391 0.001533 0.074947
v 0.043391 0.001533 0.074947
v 0.043391 0.001533 0.074947
v 0.042617 0.009003 0.077653
v 0.042617 0.009003 0.077653
v 0.042617 0.009003 0.077653
v 0.042617 0.009003 0.077653
v 0.042572 0.009089 0.077609
v 0.042572 0.009089 0.077609
v 0.042572 0.009089 0.077609
v 0.042572 0.009089 0.077609
v 0.042572 0.009089 0.077609
v 0.042572 0.009089 0.077609
v 0.042572 0.009089 0.077609
v 0.041851 0.008422 0.074176
v 0.041851 0.008422 0.074176
v 0.041851 0.008422 0.074176
v 0.041851 0.008422 0.074176
v 0.041851 0.008422 0.074176
v 0.041851 0.008422 0.074176
v 0.042437 -0.004993 0.071063
v 0.042437 -0.004993 0.071063
v 0.042437 -0.004993 0.071063
v 0.042437 -0.004993 0.071063
v 0.042437 -0.004993 0.071063
v 0.042512 -0.003708 0.071354
v 0.042512 -0.003708 0.071354
v 0.042512 -0.003708 0.071354
v 0.042512 -0.003708 0.071354
v 0.042512 -0.003708 0.071354
v 0.042616 -0.004106 0.071717
v 0.042616 -0.004106 0.071717
v 0.042616 -0.004106 0.071717
v 0.042616 -0.004106 0.071717
v 0.042616 -0.004106 0.071717
v 0.042616 -0.004106 0.071717
v 0.042616 -0.004106 0.071717
v 0.042616 -0.004106 0.071717
v 0.042730 0.000000 0.072196
v 0.042730 0.000000 0.072196
v 0.042730 0.000000 0.072196
v 0.042730 0.000000 0.072196
v 0.042730 0.000000 0.072196
v 0.042637 0.003907 0.073652
v 0.042637 0.003907 0.073652
v 0.042637 0.003907 0.073652
v 0.042637 0.003907 0.073652
v 0.042637 0.003907 0.073652
v 0.042637 0.003907 0.073652
v 0.042637 0.003907 0.073652
v 0.042680 0.002054 0.072668
v 0.042680 0.002054 0.072668
v 0.042680 0.002054 0.072668
v 0.042680 0.002054 0.072668
v 0.042680 0.002054 0.072668
v 0.042417 0.004357 0.073208
v 0.042417 0.004357 0.073208
v 0.042417 0.004357 0.073208
v 0.042417 0.004357 0.073208
v 0.042417 0.004357 0.073208
v 0.042417 0.004357 0.073208
v 0.042105 0.007871 0.074766
v 0.042105 0.007871 0.074766
v 0.042105 0.007871 0.074766
v 0.042105 0.007871 0.074766
v 0.042105 0.007871 0.074766
v 0.042105 0.007871 0.074766
v 0.042105 0.007871 0.074766
v 0.042105 0.007871 0.074766
v 0.042043 0.007628 0.073976
v 0.042043 0.007628 0.073976
v 0.042043 0.007628 0.073976
v 0.042043 0.007628 0.073976
v 0.041510 -0.010137 0.069935
v 0.041510 -0.010137 0.069935
v 0.041510 -0.010137 0.069935
v 0.041510 -0.010137 0.069935
v 0.041510 -0.010137 0.069935
v 0.041510 -0.010137 0.069935
v 0.041151 -0.011995 0.070150
v 0.041151 -0.011995 0.070150
v 0.041151 -0.011995 0.070150
v 0.041151 -0.011995 0.070150
v 0.041151 -0.011995 0.070150
v 0.041151 -0.011995 0.070150
v 0.041151 -0.011995 0.070150
v 0.041151 -0.011995 0.070150
v 0.041228 -0.011045 0.069750
v 0.041228 -0.011045 0.069750
v 0.041228 -0.011045 0.069750
v 0.041228 -0.011045 0.069750
v 0.038287 -0.019484 0.068947
v 0.038287 -0.019484 0.068947
v 0.038287 -0.019484 0.068947
v 0.038287 -0.019484 0.068947
v 0.038287 -0.019484 0.068947
v 0.038287 -0.019484 0.068947
v 0.038287 -0.019484 0.068947
v 0.038287 -0.019484 0.068947
v 0.038287 -0.019484 0.068947
v 0.038287 -0.019484 0.068947
v 0.039935 -0.015198 0.068904
v 0.039935 -0.015198 0.068904
v 0.039935 -0.015198 0.068904
v 0.039935 -0.015198 0.068904
v 0.039935 -0.015198 0.068904
v 0.041090 -0.011486 0.069660
v 0.041090 -0.011486 0.069660
v 0.041090 -0.011486 0.069660
v 0.041090 -0.011486 0.069660
v 0.041090 -0.011486 0.069660
v 0.034104 -0.026302 0.068147
v 0.034104 -0.026302 0.068147
v 0.034104 -0.026302 0.068147
v 0.034104 -0.026302 0.068147
v 0.034104 -0.026302 0.068147
v 0.034104 -0.026302 0.068147
v 0.034104 -0.026302 0.068147
v 0.035469 -0.023828 0.067495
v 0.035469 -0.023828 0.067495
v 0.035469 -0.023828 0.067495
v 0.035469 -0.023828 0.067495
v 0.035469 -0.023828 0.067495
v 0.035474 -0.023821 0.067495
v 0.035474 -0.023821 0.067495
v 0.035474 -0.023821 0.067495
v 0.035474 -0.023821 0.067495
v 0.035474 -0.023821 0.067495
v 0.036965 -0.021341 0.067853
v 0.036965 -0.021341 0.067853
v 0.036965 -0.021341 0.067853
v 0.036965 -0.021341 0.067853
v 0.037678 -0.020154 0.068025
v 0.037678 -0.020154 0.068025
v 0.037678 -0.020154 0.068025
v 0.037678 -0.020154 0.068025
v 0.037678 -0.020154 0.068025
v 0.038254 -0.018890 0.068249
v 0.038254 -0.018890 0.068249
v 0.038254 -0.018890 0.068249
v 0.038254 -0.018890 0.068249
v 0.038254 -0.018890 0.068249
v 0.028631 -0.032000 0.067495
v 0.028631 -0.032000 0.067495
v 0.028631 -0.032000 0.067495
v 0.028631 -0.032000 0.067495
v 0.028631 -0.032000 0.067495
v 0.028631 -0.032000 0.067495
v 0.028953 -0.031740 0.067495
v 0.028953 -0.031740 0.067495
v 0.028953 -0.031740 0.067495
v 0.028953 -0.031740 0.067495
v 0.028727 -0.032199 0.067839
v 0.028727 -0.032199 0.067839
v 0.028727 -0.032199 0.067839
v 0.028727 -0.032199 0.067839
v 0.028727 -0.032199 0.067839
v 0.028727 -0.032199 0.067839
v 0.028727 -0.032199 0.067839
v 0.028727 -0.032199 0.067839
v 0.032269 -0.028230 0.067495
v 0.032269 -0.028230 0.067495
v 0.032269 -0.028230 0.067495
v 0.032269 -0.028230 0.067495
v 0.032269 -0.028230 0.067495
v 0.034017 -0.025826 0.067495
v 0.034017 -0.025826 0.067495
v 0.034017 -0.025826 0.067495
v 0.034017 -0.025826 0.067495
v 0.025020 -0.034908 0.067495
v 0.025020 -0.034908 0.067495
v 0.025020 -0.034908 0.067495
v 0.025020 -0.034908 0.067495
v 0.025020 -0.034908 0.067495
v 0.022325 -0.036957 0.068100
v 0.022325 -0.036957 0.068100
v 0.022325 -0.036957 0.068100
v 0.022325 -0.036957 0.068100
v 0.022325 -0.036957 0.068100
v 0.022325 -0.036957 0.068100
v 0.022325 -0.036957 0.068100
v 0.022325 -0.036957 0.068100
v 0.022031 -0.036709 0.067495
v 0.022031 -0.036709 0.067495
v 0.022031 -0.036709 0.067495
v 0.022031 -0.036709 0.067495
v 0.014492 -0.040110 0.067747
v 0.014492 -0.040110 0.067747
v 0.014492 -0.040110 0.067747
v 0.014492 -0.040110 0.067747
v 0.014492 -0.040110 0.067747
v 0.016529 -0.039403 0.067495
v 0.016529 -0.039403 0.067495
v 0.016529 -0.039403 0.067495
v 0.016529 -0.039403 0.067495
v 0.016529 -0.039403 0.067495
v 0.015120 -0.040420 0.068903
v 0.015120 -0.040420 0.068903
v 0.015120 -0.040420 0.068903
v 0.015120 -0.040420 0.068903
v 0.015120 -0.040420 0.068903
v 0.015120 -0.040420 0.068903
v 0.015120 -0.040420 0.068903
v 0.015120 -0.040420 0.068903
v 0.015120 -0.040420 0.068903
v 0.016535 -0.039401 0.067495
v 0.016535 -0.039401 0.067495
v 0.016535 -0.039401 0.067495
v 0.016535 -0.039401 0.067495
v 0.016535 -0.039401 0.067495
v 0.020694 -0.037515 0.067495
v 0.020694 -0.037515 0.067495
v 0.020694 -0.037515 0.067495
v 0.020694 -0.037515 0.067495
v 0.007378 -0.042489 0.070167
v 0.007378 -0.042489 0.070167
v 0.007378 -0.042489 0.070167
v 0.007378 -0.042489 0.070167
v 0.007378 -0.042489 0.070167
v 0.007378 -0.042489 0.070167
v 0.007378 -0.042489 0.070167
v 0.011055 -0.041254 0.068181
v 0.011055 -0.041254 0.068181
v 0.011055 -0.041254 0.068181
v 0.011055 -0.041254 0.068181
v 0.011055 -0.041254 0.068181
v 0.011055 -0.041254 0.068181
v 0.011404 -0.041180 0.068129
v 0.011404 -0.041180 0.068129
v 0.011404 -0.041180 0.068129
v 0.011404 -0.041180 0.068129
v -0.001597 -0.042614 0.070299
v -0.001597 -0.042614 0.070299
v -0.001597 -0.042614 0.070299
v -0.001597 -0.042614 0.070299
v -0.001597 -0.042614 0.070299
v 0.000002 -0.042666 0.069997
v 0.000002 -0.042666 0.069997
v 0.000002 -0.042666 0.069997
v 0.000002 -0.042666 0.069997
v 0.000002 -0.042666 0.069997
v -0.000622 -0.043111 0.071841
v -0.000622 -0.043111 0.071841
v -0.000622 -0.043111 0.071841
v -0.000622 -0.043111 0.071841
v -0.000622 -0.043111 0.071841
v -0.000622 -0.043111 0.071841
v -0.000622 -0.043111 0.071841
v -0.000622 -0.043111 0.071841
v -0.000622 -0.043111 0.071841
v 0.001335 -0.042709 0.069745
v 0.001335 -0.042709 0.069745
v 0.001335 -0.042709 0.069745
v 0.001335 -0.042709 0.069745
v 0.001335 -0.042709 0.069745
v 0.006446 -0.042241 0.068872
v 0.006446 -0.042241 0.068872
v 0.006446 -0.042241 0.068872
v 0.006446 -0.042241 0.068872
v 0.006446 -0.042241 0.068872
v 0.006446 -0.042241 0.068872
v -0.004100 -0.042533 0.070771
v -0.004100 -0.042533 0.070771
v -0.004100 -0.042533 0.070771
v -0.004100 -0.042533 0.070771
v -0.004100 -0.042533 0.070771
v -0.014608 -0.040155 0.073085
v -0.014608 -0.040155 0.073085
v -0.014608 -0.040155 0.073085
v -0.014608 -0.040155 0.073085
v -0.014608 -0.040155 0.073085
v -0.014608 -0.040155 0.073085
v -0.016243 -0.039982 0.076450
v -0.016243 -0.039982 0.076450
v -0.016243 -0.039982 0.076450
v -0.016243 -0.039982 0.076450
v -0.016243 -0.039982 0.076450
v -0.016243 -0.039982 0.076450
v -0.016243 -0.039982 0.076450
v -0.016243 -0.039982 0.076450
v -0.017516 -0.038889 0.073929
v -0.017516 -0.038889 0.073929
v -0.017516 -0.038889 0.073929
v -0.017516 -0.038889 0.073929
v -0.017516 -0.038889 0.073929
v -0.024421 -0.035049 0.076945
v -0.024421 -0.035049 0.076945
v -0.024421 -0.035049 0.076945
v -0.024421 -0.035049 0.076945
v -0.024421 -0.035049 0.076945
v -0.022684 -0.036212 0.075824
v -0.022684 -0.036212 0.075824
v -0.022684 -0.036212 0.075824
v -0.022684 -0.036212 0.075824
v -0.022684 -0.036212 0.075824
v -0.023225 -0.036251 0.079523
v -0.023225 -0.036251 0.079523
v -0.023225 -0.036251 0.079523
v -0.023225 -0.036251 0.079523
v -0.023225 -0.036251 0.079523
v -0.023225 -0.036251 0.079523
v -0.023225 -0.036251 0.079523
v -0.023225 -0.036251 0.079523
v -0.023225 -0.036251 0.079523
v -0.021346 -0.036971 0.075272
v -0.021346 -0.036971 0.075272
v -0.021346 -0.036971 0.075272
v -0.021346 -0.036971 0.075272
v -0.021346 -0.036971 0.075272
v -0.021346 -0.036971 0.075272
v -0.019450 -0.038047 0.074490
v -0.019450 -0.038047 0.074490
v -0.019450 -0.038047 0.074490
v -0.019450 -0.038047 0.074490
v -0.026902 -0.033197 0.080136
v -0.026902 -0.033197 0.080136
v -0.026902 -0.033197 0.080136
v -0.026902 -0.033197 0.080136
v -0.026902 -0.033197 0.080136
v -0.026110 -0.033825 0.078571
v -0.026110 -0.033825 0.078571
v -0.026110 -0.033825 0.078571
v -0.026110 -0.033825 0.078571
v -0.026110 -0.033825 0.078571
v -0.024833 -0.034773 0.077211
v -0.024833 -0.034773 0.077211
v -0.024833 -0.034773 0.077211
v -0.024833 -0.034773 0.077211
v -0.014381 -0.043337 0.081326
v -0.014381 -0.043337 0.081326
v -0.014381 -0.043337 0.081326
v -0.014381 -0.043337 0.081326
v -0.014381 -0.043337 0.081326
v -0.014381 -0.043337 0.081326
v -0.010652 -0.046929 0.081780
v -0.010652 -0.046929 0.081780
v -0.010652 -0.046929 0.081780
v -0.010652 -0.046929 0.081780
v -0.010652 -0.046929 0.081780
v -0.010652 -0.046929 0.081780
v -0.017497 -0.042011 0.083528
v -0.017497 -0.042011 0.083528
v -0.017497 -0.042011 0.083528
v -0.017497 -0.042011 0.083528
v -0.017497 -0.042011 0.083528
v -0.017497 -0.042011 0.083528
v -0.013540 -0.046084 0.084145
v -0.013540 -0.046084 0.084145
v -0.013540 -0.046084 0.084145
v -0.013540 -0.046084 0.084145
v -0.013540 -0.046084 0.084145
v -0.013540 -0.046084 0.084145
v -0.020230 -0.040201 0.086008
v -0.020230 -0.040201 0.086008
v -0.020230 -0.040201 0.086008
v -0.020230 -0.040201 0.086008
v -0.020230 -0.040201 0.086008
v -0.020230 -0.040201 0.086008
v -0.015992 -0.044711 0.086849
v -0.015992 -0.044711 0.086849
v -0.015992 -0.044711 0.086849
v -0.015992 -0.044711 0.086849
v -0.015992 -0.044711 0.086849
v -0.015992 -0.044711 0.086849
v -0.022405 -0.037822 0.088607
v -0.022405 -0.037822 0.088607
v -0.022405 -0.037822 0.088607
v -0.022405 -0.037822 0.088607
v -0.022405 -0.037822 0.088607
v -0.022405 -0.037822 0.088607
v -0.017786 -0.042679 0.089697
v -0.017786 -0.042679 0.089697
v -0.017786 -0.042679 0.089697
v -0.017786 -0.042679 0.089697
v -0.017786 -0.042679 0.089697
v -0.017786 -0.042679 0.089697
v -0.023990 -0.034941 0.091062
v -0.023990 -0.034941 0.091062
v -0.023990 -0.034941 0.091062
v -0.023990 -0.034941 0.091062
v -0.023990 -0.034941 0.091062
v -0.023990 -0.034941 0.091062
v -0.018897 -0.040063 0.092358
v -0.018897 -0.040063 0.092358
v -0.018897 -0.040063 0.092358
v -0.018897 -0.040063 0.092358
v -0.018897 -0.040063 0.092358
v -0.018897 -0.040063 0.092358
v -0.019490 -0.037080 0.094679
v -0.019490 -0.037080 0.094679
v -0.019490 -0.037080 0.094679
v -0.019490 -0.037080 0.094679
v -0.019490 -0.037080 0.094679
v -0.019490 -0.037080 0.094679
v -0.023720 -0.036523 0.084237
v -0.023720 -0.036523 0.084237
v -0.023720 -0.036523 0.084237
v -0.023720 -0.036523 0.084237
v -0.023720 -0.036523 0.084237
v -0.023720 -0.036523 0.084237
v -0.020775 -0.038694 0.082074
v -0.020775 -0.038694 0.082074
v -0.020775 -0.038694 0.082074
v -0.020775 -0.038694 0.082074
v -0.020775 -0.038694 0.082074
v -0.020775 -0.038694 0.082074
v -0.013996 -0.041793 0.078382
v -0.013996 -0.041793 0.078382
v -0.013996 -0.041793 0.078382
v -0.013996 -0.041793 0.078382
v -0.013996 -0.041793 0.078382
v -0.013996 -0.041793 0.078382
v -0.013996 -0.041793 0.078382
v 0.043503 -0.008709 0.073239
v 0.043503 -0.008709 0.073239
v 0.043503 -0.008709 0.073239
v 0.043503 -0.008709 0.073239
v 0.043503 -0.008709 0.073239
v 0.043503 -0.008709 0.073239
v 0.044454 -0.011680 0.073299
v 0.044454 -0.011680 0.073299
v 0.044454 -0.011680 0.073299
v 0.044454 -0.011680 0.073299
v 0.044454 -0.011680 0.073299
v 0.044454 -0.011680 0.073299
v 0.041452 -0.015712 0.071514
v 0.041452 -0.015712 0.071514
v 0.041452 -0.015712 0.071514
v 0.041452 -0.015712 0.071514
v 0.041452 -0.015712 0.071514
v 0.041452 -0.015712 0.071514
v 0.041995 -0.018105 0.071655
v 0.041995 -0.018105 0.071655
v 0.041995 -0.018105 0.071655
v 0.041995 -0.018105 0.071655
v 0.041995 -0.018105 0.071655
v 0.041995 -0.018105 0.071655
v 0.038411 -0.022347 0.070257
v 0.038411 -0.022347 0.070257
v 0.038411 -0.022347 0.070257
v 0.038411 -0.022347 0.070257
v 0.038411 -0.022347 0.070257
v 0.038411 -0.022347 0.070257
v 0.038789 -0.024206 0.070495
v 0.038789 -0.024206 0.070495
v 0.038789 -0.024206 0.070495
v 0.038789 -0.024206 0.070495
v 0.038789 -0.024206 0.070495
v 0.038789 -0.024206 0.070495
v 0.034421 -0.028423 0.069474
v 0.034421 -0.028423 0.069474
v 0.034421 -0.028423 0.069474
v 0.034421 -0.028423 0.069474
v 0.034421 -0.028423 0.069474
v 0.034421 -0.028423 0.069474
v 0.034851 -0.029834 0.069800
v 0.034851 -0.029834 0.069800
v 0.034851 -0.029834 0.069800
v 0.034851 -0.029834 0.069800
v 0.034851 -0.029834 0.069800
v 0.034851 -0.029834 0.069800
v 0.029520 -0.033737 0.069215
v 0.029520 -0.033737 0.069215
v 0.029520 -0.033737 0.069215
v 0.029520 -0.033737 0.069215
v 0.029520 -0.033737 0.069215
v 0.029520 -0.033737 0.069215
v 0.030182 -0.034819 0.069598
v 0.030182 -0.034819 0.069598
v 0.030182 -0.034819 0.069598
v 0.030182 -0.034819 0.069598
v 0.030182 -0.034819 0.069598
v 0.030182 -0.034819 0.069598
v 0.023780 -0.038116 0.069532
v 0.023780 -0.038116 0.069532
v 0.023780 -0.038116 0.069532
v 0.023780 -0.038116 0.069532
v 0.023780 -0.038116 0.069532
v 0.023780 -0.038116 0.069532
v 0.024807 -0.039015 0.069919
v 0.024807 -0.039015 0.069919
v 0.024807 -0.039015 0.069919
v 0.024807 -0.039015 0.069919
v 0.024807 -0.039015 0.069919
v 0.024807 -0.039015 0.069919
v 0.017354 -0.041475 0.070413
v 0.017354 -0.041475 0.070413
v 0.017354 -0.041475 0.070413
v 0.017354 -0.041475 0.070413
v 0.017354 -0.041475 0.070413
v 0.017354 -0.041475 0.070413
v 0.018841 -0.042373 0.070762
v 0.018841 -0.042373 0.070762
v 0.018841 -0.042373 0.070762
v 0.018841 -0.042373 0.070762
v 0.018841 -0.042373 0.070762
v 0.018841 -0.042373 0.070762
v 0.010447 -0.043790 0.071817
v 0.010447 -0.043790 0.071817
v 0.010447 -0.043790 0.071817
v 0.010447 -0.043790 0.071817
v 0.010447 -0.043790 0.071817
v 0.010447 -0.043790 0.071817
v 0.012451 -0.044903 0.072112
v 0.012451 -0.044903 0.072112
v 0.012451 -0.044903 0.072112
v 0.012451 -0.044903 0.072112
v 0.012451 -0.044903 0.072112
v 0.012451 -0.044903 0.072112
v 0.003266 -0.045048 0.073737
v 0.003266 -0.045048 0.073737
v 0.003266 -0.045048 0.073737
v 0.003266 -0.045048 0.073737
v 0.003266 -0.045048 0.073737
v 0.003266 -0.045048 0.073737
v 0.005806 -0.046610 0.073991
v 0.005806 -0.046610 0.073991
v 0.005806 -0.046610 0.073991
v 0.005806 -0.046610 0.073991
v 0.005806 -0.046610 0.073991
v 0.005806 -0.046610 0.073991
v -0.003977 -0.045229 0.076222
v -0.003977 -0.045229 0.076222
v -0.003977 -0.045229 0.076222
v -0.003977 -0.045229 0.076222
v -0.003977 -0.045229 0.076222
v -0.003977 -0.045229 0.076222
v -0.000925 -0.047468 0.076479
v -0.000925 -0.047468 0.076479
v -0.000925 -0.047468 0.076479
v -0.000925 -0.047468 0.076479
v -0.000925 -0.047468 0.076479
v -0.000925 -0.047468 0.076479
v -0.000925 -0.047468 0.076479
v -0.000925 -0.047468 0.076479
v -0.011035 -0.044282 0.079401
v -0.011035 -0.044282 0.079401
v -0.011035 -0.044282 0.079401
v -0.011035 -0.044282 0.079401
v -0.011035 -0.044282 0.079401
v -0.006589 -0.043498 0.075438
v -0.006589 -0.043498 0.075438
v -0.006589 -0.043498 0.075438
v -0.006589 -0.043498 0.075438
v -0.006589 -0.043498 0.075438
v -0.006589 -0.043498 0.075438
v 0.001074 -0.043897 0.073072
v 0.001074 -0.043897 0.073072
v 0.001074 -0.043897 0.073072
v 0.001074 -0.043897 0.073072
v 0.001074 -0.043897 0.073072
v 0.001074 -0.043897 0.073072
v 0.008717 -0.043004 0.071204
v 0.008717 -0.043004 0.071204
v 0.008717 -0.043004 0.071204
v 0.008717 -0.043004 0.071204
v 0.008717 -0.043004 0.071204
v 0.008717 -0.043004 0.071204
v 0.016089 -0.040837 0.069813
v 0.016089 -0.040837 0.069813
v 0.016089 -0.040837 0.069813
v 0.016089 -0.040837 0.069813
v 0.016089 -0.040837 0.069813
v 0.016089 -0.040837 0.069813
v 0.022943 -0.037433 0.068935
v 0.022943 -0.037433 0.068935
v 0.022943 -0.037433 0.068935
v 0.022943 -0.037433 0.068935
v 0.022943 -0.037433 0.068935
v 0.022943 -0.037433 0.068935
v 0.029042 -0.032854 0.068637
v 0.029042 -0.032854 0.068637
v 0.029042 -0.032854 0.068637
v 0.029042 -0.032854 0.068637
v 0.029042 -0.032854 0.068637
v 0.029042 -0.032854 0.068637
v 0.034196 -0.027224 0.068939
v 0.034196 -0.027224 0.068939
v 0.034196 -0.027224 0.068939
v 0.034196 -0.027224 0.068939
v 0.034196 -0.027224 0.068939
v 0.034196 -0.027224 0.068939
v 0.038283 -0.020739 0.069773
v 0.038283 -0.020739 0.069773
v 0.038283 -0.020739 0.069773
v 0.038283 -0.020739 0.069773
v 0.038283 -0.020739 0.069773
v 0.038283 -0.020739 0.069773
v 0.041216 -0.013628 0.071063
v 0.041216 -0.013628 0.071063
v 0.041216 -0.013628 0.071063
v 0.041216 -0.013628 0.071063
v 0.041216 -0.013628 0.071063
v 0.041216 -0.013628 0.071063
v 0.042932 -0.006125 0.072782
v 0.042932 -0.006125 0.072782
v 0.042932 -0.006125 0.072782
v 0.042932 -0.006125 0.072782
v 0.042932 -0.006125 0.072782
v 0.042932 -0.006125 0.072782
v 0.041846 0.010498 0.076889
v 0.041846 0.010498 0.076889
v 0.041846 0.010498 0.076889
v 0.041846 0.010498 0.076889
v 0.041595 0.010985 0.076640
v 0.041595 0.010985 0.076640
v 0.041595 0.010985 0.076640
v 0.041595 0.010985 0.076640
v 0.032025 -0.037349 0.069917
v 0.032025 -0.037349 0.069917
v 0.032025 -0.037349 0.069917
v 0.032025 -0.037349 0.069917
v 0.032025 -0.037349 0.069917
v 0.032025 -0.037349 0.069917
v 0.032025 -0.037349 0.069917
v 0.036459 -0.032919 0.070023
v 0.036459 -0.032919 0.070023
v 0.036459 -0.032919 0.070023
v 0.036459 -0.032919 0.070023
v 0.036459 -0.032919 0.070023
v 0.036459 -0.032919 0.070023
v 0.036459 -0.032919 0.070023
v 0.022091 -0.044936 0.070972
v 0.022091 -0.044936 0.070972
v 0.022091 -0.044936 0.070972
v 0.022091 -0.044936 0.070972
v 0.022091 -0.044936 0.070972
v 0.022091 -0.044936 0.070972
v 0.022091 -0.044936 0.070972
v 0.022091 -0.044936 0.070972
v 0.027219 -0.041358 0.070230
v 0.027219 -0.041358 0.070230
v 0.027219 -0.041358 0.070230
v 0.027219 -0.041358 0.070230
v 0.027219 -0.041358 0.070230
v 0.027219 -0.041358 0.070230
v 0.044291 -0.023131 0.071500
v 0.044291 -0.023131 0.071500
v 0.044291 -0.023131 0.071500
v 0.044291 -0.023131 0.071500
v 0.044291 -0.023131 0.071500
v 0.044291 -0.023131 0.071500
v 0.044291 -0.023131 0.071500
v 0.040539 -0.028148 0.070546
v 0.040539 -0.028148 0.070546
v 0.040539 -0.028148 0.070546
v 0.040539 -0.028148 0.070546
v 0.040539 -0.028148 0.070546
v 0.040539 -0.028148 0.070546
v 0.047710 -0.017941 0.072934
v 0.047710 -0.017941 0.072934
v 0.047710 -0.017941 0.072934
v 0.047710 -0.017941 0.072934
v 0.047710 -0.017941 0.072934
v 0.047710 -0.017941 0.072934
v 0.047710 -0.017941 0.072934
v 0.047710 -0.017941 0.072934
v -0.007075 -0.052438 0.092966
v -0.007075 -0.052438 0.092966
v -0.007075 -0.052438 0.092966
v -0.007075 -0.052438 0.092966
v -0.007075 -0.052438 0.092966
v -0.007075 -0.052438 0.092966
v -0.007075 -0.052438 0.092966
v -0.007075 -0.052438 0.092966
v -0.007075 -0.052438 0.092966
v -0.006602 -0.050163 0.095385
v -0.006602 -0.050163 0.095385
v -0.006602 -0.050163 0.095385
v -0.006602 -0.050163 0.095385
v -0.006602 -0.050163 0.095385
v -0.006602 -0.050163 0.095385
v -0.006602 -0.050163 0.095385
v -0.004400 -0.055781 0.084103
v -0.004400 -0.055781 0.084103
v -0.004400 -0.055781 0.084103
v -0.004400 -0.055781 0.084103
v -0.004400 -0.055781 0.084103
v -0.004400 -0.055781 0.084103
v -0.004400 -0.055781 0.084103
v -0.004400 -0.055781 0.084103
v -0.002174 -0.055578 0.081604
v -0.002174 -0.055578 0.081604
v -0.002174 -0.055578 0.081604
v -0.002174 -0.055578 0.081604
v -0.002174 -0.055578 0.081604
v -0.002174 -0.055578 0.081604
v -0.002174 -0.055578 0.081604
v -0.002174 -0.055578 0.081604
v -0.006098 -0.055416 0.087021
v -0.006098 -0.055416 0.087021
v -0.006098 -0.055416 0.087021
v -0.006098 -0.055416 0.087021
v -0.006098 -0.055416 0.087021
v -0.006098 -0.055416 0.087021
v -0.006098 -0.055416 0.087021
v -0.006098 -0.055416 0.087021
v -0.006991 -0.054279 0.090116
v -0.006991 -0.054279 0.090116
v -0.006991 -0.054279 0.090116
v -0.006991 -0.054279 0.090116
v -0.006991 -0.054279 0.090116
v -0.006991 -0.054279 0.090116
v 0.011240 -0.050898 0.073894
v 0.011240 -0.050898 0.073894
v 0.011240 -0.050898 0.073894
v 0.011240 -0.050898 0.073894
v 0.011240 -0.050898 0.073894
v 0.011240 -0.050898 0.073894
v 0.011240 -0.050898 0.073894
v 0.011240 -0.050898 0.073894
v 0.011240 -0.050898 0.073894
v 0.005712 -0.053244 0.076261
v 0.005712 -0.053244 0.076261
v 0.005712 -0.053244 0.076261
v 0.005712 -0.053244 0.076261
v 0.005712 -0.053244 0.076261
v 0.005712 -0.053244 0.076261
v 0.000333 -0.055017 0.079513
v 0.000333 -0.055017 0.079513
v 0.000333 -0.055017 0.079513
v 0.000333 -0.055017 0.079513
v 0.000333 -0.055017 0.079513
v 0.000333 -0.055017 0.079513
v 0.000333 -0.055017 0.079513
v 0.000333 -0.055017 0.079513
v 0.000333 -0.055017 0.079513
v -0.006515 -0.051066 0.081779
v -0.006515 -0.051066 0.081779
v -0.006515 -0.051066 0.081779
v -0.006515 -0.051066 0.081779
v -0.006515 -0.051066 0.081779
v -0.006515 -0.051066 0.081779
v -0.009104 -0.050740 0.084236
v -0.009104 -0.050740 0.084236
v -0.009104 -0.050740 0.084236
v -0.009104 -0.050740 0.084236
v -0.009104 -0.050740 0.084236
v -0.009104 -0.050740 0.084236
v -0.011209 -0.049856 0.087080
v -0.011209 -0.049856 0.087080
v -0.011209 -0.049856 0.087080
v -0.011209 -0.049856 0.087080
v -0.011209 -0.049856 0.087080
v -0.011209 -0.049856 0.087080
v -0.012570 -0.048243 0.090089
v -0.012570 -0.048243 0.090089
v -0.012570 -0.048243 0.090089
v -0.012570 -0.048243 0.090089
v -0.012570 -0.048243 0.090089
v -0.012570 -0.048243 0.090089
v -0.013170 -0.045975 0.092876
v -0.013170 -0.045975 0.092876
v -0.013170 -0.045975 0.092876
v -0.013170 -0.045975 0.092876
v -0.013170 -0.045975 0.092876
v -0.013170 -0.045975 0.092876
v -0.013226 -0.043304 0.095267
v -0.013226 -0.043304 0.095267
v -0.013226 -0.043304 0.095267
v -0.013226 -0.043304 0.095267
v -0.013226 -0.043304 0.095267
v -0.013226 -0.043304 0.095267
v -0.003666 -0.051018 0.079702
v -0.003666 -0.051018 0.079702
v -0.003666 -0.051018 0.079702
v -0.003666 -0.051018 0.079702
v -0.003666 -0.051018 0.079702
v -0.007522 -0.047392 0.079750
v -0.007522 -0.047392 0.079750
v -0.007522 -0.047392 0.079750
v -0.007522 -0.047392 0.079750
v -0.007522 -0.047392 0.079750
v 0.016734 -0.048115 0.072172
v 0.016734 -0.048115 0.072172
v 0.016734 -0.048115 0.072172
v 0.016734 -0.048115 0.072172
v 0.016734 -0.048115 0.072172
v 0.016734 -0.048115 0.072172
v 0.013105 -0.021877 0.106400
v 0.013105 -0.021877 0.106400
v 0.013105 -0.021877 0.106400
v 0.013105 -0.021877 0.106400
v 0.013105 -0.021877 0.106400
v 0.013105 -0.021877 0.106400
v 0.013105 -0.021877 0.106400
v 0.013105 -0.021877 0.106400
v -0.002996 0.014858 0.105876
v -0.002996 0.014858 0.105876
v -0.002996 0.014858 0.105876
v -0.002996 0.014858 0.105876
v -0.002996 0.014858 0.105876
v -0.002996 0.014858 0.105876
v -0.002996 0.014858 0.105876
v -0.002996 0.014858 0.105876
v -0.002996 0.014858 0.105876
v -0.002996 0.014858 0.105876
v -0.001483 -0.041920 0.101342
v -0.001483 -0.041920 0.101342
v -0.001483 -0.041920 0.101342
v -0.001483 -0.041920 0.101342
v -0.001483 -0.041920 0.101342
v -0.001483 -0.041920 0.101342
v -0.001483 -0.041920 0.101342
v -0.001483 -0.041920 0.101342
v -0.001483 -0.041920 0.101342
v -0.009237 -0.034191 0.101361
v -0.009237 -0.034191 0.101361
v -0.009237 -0.034191 0.101361
v -0.009237 -0.034191 0.101361
v -0.009237 -0.034191 0.101361
v -0.009237 -0.034191 0.101361
v -0.009237 -0.034191 0.101361
v -0.009237 -0.034191 0.101361
v -0.009237 -0.034191 0.101361
v -0.009237 -0.034191 0.101361
v -0.009237 -0.034191 0.101361
v -0.009237 -0.034191 0.101361
v -0.009237 -0.034191 0.101361
v -0.016785 -0.027148 0.101020
v -0.016785 -0.027148 0.101020
v -0.016785 -0.027148 0.101020
v -0.016785 -0.027148 0.101020
v -0.016785 -0.027148 0.101020
v -0.016785 -0.027148 0.101020
v -0.016785 -0.027148 0.101020
v -0.016785 -0.027148 0.101020
v -0.006817 -0.028264 0.103519
v -0.006817 -0.028264 0.103519
v -0.006817 -0.028264 0.103519
v -0.006817 -0.028264 0.103519
v -0.006817 -0.028264 0.103519
v -0.006817 -0.028264 0.103519
v -0.006817 -0.028264 0.103519
v -0.003819 -0.022531 0.105080
v -0.003819 -0.022531 0.105080
v -0.003819 -0.022531 0.105080
v -0.003819 -0.022531 0.105080
v -0.003819 -0.022531 0.105080
v -0.003819 -0.022531 0.105080
v -0.003819 -0.022531 0.105080
v -0.003819 -0.022531 0.105080
v -0.003819 -0.022531 0.105080
v -0.000275 -0.017104 0.106129
v -0.000275 -0.017104 0.106129
v -0.000275 -0.017104 0.106129
v -0.000275 -0.017104 0.106129
v -0.000275 -0.017104 0.106129
v -0.000275 -0.017104 0.106129
v -0.000275 -0.017104 0.106129
v -0.000275 -0.017104 0.106129
v -0.000275 -0.017104 0.106129
v -0.000275 -0.017104 0.106129
v -0.000275 -0.017104 0.106129
v -0.009193 -0.008353 0.106091
v -0.009193 -0.008353 0.106091
v -0.009193 -0.008353 0.106091
v -0.009193 -0.008353 0.106091
v -0.009193 -0.008353 0.106091
v -0.009193 -0.008353 0.106091
v -0.009193 -0.008353 0.106091
v -0.009193 -0.008353 0.106091
v -0.009193 -0.008353 0.106091
v -0.009193 -0.008353 0.106091
v -0.009193 -0.008353 0.106091
v -0.009193 -0.008353 0.106091
v -0.005182 -0.002898 0.106739
v -0.005182 -0.002898 0.106739
v -0.005182 -0.002898 0.106739
v -0.005182 -0.002898 0.106739
v -0.005182 -0.002898 0.106739
v -0.005182 -0.002898 0.106739
v -0.005182 -0.002898 0.106739
v -0.005182 -0.002898 0.106739
v -0.005182 -0.002898 0.106739
v -0.013458 0.005303 0.105978
v -0.013458 0.005303 0.105978
v -0.013458 0.005303 0.105978
v -0.013458 0.005303 0.105978
v -0.013458 0.005303 0.105978
v -0.013458 0.005303 0.105978
v -0.013458 0.005303 0.105978
v -0.013458 0.005303 0.105978
v -0.013458 0.005303 0.105978
v -0.008601 0.010492 0.106180
v -0.008601 0.010492 0.106180
v -0.008601 0.010492 0.106180
v -0.008601 0.010492 0.106180
v -0.008601 0.010492 0.106180
v -0.008601 0.010492 0.106180
v -0.008601 0.010492 0.106180
v -0.008601 0.010492 0.106180
v -0.008601 0.010492 0.106180
v -0.008601 0.010492 0.106180
v -0.008601 0.010492 0.106180
v -0.008601 0.010492 0.106180
v -0.008601 0.010492 0.106180
v 0.010583 0.009636 0.105820
v 0.010583 0.009636 0.105820
v 0.010583 0.009636 0.105820
v 0.010583 0.009636 0.105820
v 0.010583 0.009636 0.105820
v 0.010583 0.009636 0.105820
v 0.010583 0.009636 0.105820
v 0.010583 0.009636 0.105820
v 0.010583 0.009636 0.105820
v 0.010583 0.009636 0.105820
v 0.010583 0.009636 0.105820
v 0.010583 0.009636 0.105820
v 0.010583 0.009636 0.105820
v 0.004781 0.006166 0.106607
v 0.004781 0.006166 0.106607
v 0.004781 0.006166 0.106607
v 0.004781 0.006166 0.106607
v 0.004781 0.006166 0.106607
v 0.004781 0.006166 0.106607
v 0.004781 0.006166 0.106607
v 0.004781 0.006166 0.106607
v 0.027471 -0.009783 0.105513
v 0.027471 -0.009783 0.105513
v 0.027471 -0.009783 0.105513
v 0.027471 -0.009783 0.105513
v 0.027471 -0.009783 0.105513
v 0.027471 -0.009783 0.105513
v 0.027471 -0.009783 0.105513
v 0.027471 -0.009783 0.105513
v 0.027471 -0.009783 0.105513
v 0.027471 -0.009783 0.105513
v 0.027471 -0.009783 0.105513
v 0.027471 -0.009783 0.105513
v 0.038188 -0.003573 0.102638
v 0.038188 -0.003573 0.102638
v 0.038188 -0.003573 0.102638
v 0.038188 -0.003573 0.102638
v 0.038188 -0.003573 0.102638
v 0.038188 -0.003573 0.102638
v 0.038188 -0.003573 0.102638
v 0.038188 -0.003573 0.102638
v 0.038188 -0.003573 0.102638
v 0.038188 -0.003573 0.102638
v 0.038188 -0.003573 0.102638
v 0.038188 -0.003573 0.102638
v 0.032752 -0.006478 0.104338
v 0.032752 -0.006478 0.104338
v 0.032752 -0.006478 0.104338
v 0.032752 -0.006478 0.104338
v 0.032752 -0.006478 0.104338
v 0.032752 -0.006478 0.104338
v 0.043677 -0.001111 0.100286
v 0.043677 -0.001111 0.100286
v 0.043677 -0.001111 0.100286
v 0.043677 -0.001111 0.100286
v 0.043677 -0.001111 0.100286
v 0.043677 -0.001111 0.100286
v 0.043677 -0.001111 0.100286
v 0.043677 -0.001111 0.100286
v 0.043677 -0.001111 0.100286
v 0.043677 -0.001111 0.100286
v 0.043677 -0.001111 0.100286
v 0.029938 0.015311 0.100203
v 0.029938 0.015311 0.100203
v 0.029938 0.015311 0.100203
v 0.029938 0.015311 0.100203
v 0.029938 0.015311 0.100203
v 0.029938 0.015311 0.100203
v 0.029938 0.015311 0.100203
v 0.029938 0.015311 0.100203
v 0.036468 0.015485 0.096907
v 0.036468 0.015485 0.096907
v 0.036468 0.015485 0.096907
v 0.036468 0.015485 0.096907
v 0.036468 0.015485 0.096907
v 0.036468 0.015485 0.096907
v 0.036468 0.015485 0.096907
v 0.036468 0.015485 0.096907
v 0.031081 0.022047 0.096047
v 0.031081 0.022047 0.096047
v 0.031081 0.022047 0.096047
v 0.031081 0.022047 0.096047
v 0.031081 0.022047 0.096047
v 0.031081 0.022047 0.096047
v 0.031081 0.022047 0.096047
v 0.034399 0.021269 0.094061
v 0.034399 0.021269 0.094061
v 0.034399 0.021269 0.094061
v 0.034399 0.021269 0.094061
v 0.034399 0.021269 0.094061
v 0.034399 0.021269 0.094061
v 0.034399 0.021269 0.094061
v 0.034399 0.021269 0.094061
v 0.030027 0.026523 0.092321
v 0.030027 0.026523 0.092321
v 0.030027 0.026523 0.092321
v 0.030027 0.026523 0.092321
v 0.030027 0.026523 0.092321
v 0.030027 0.026523 0.092321
v 0.030027 0.026523 0.092321
v 0.030027 0.026523 0.092321
v 0.033279 0.024957 0.090228
v 0.033279 0.024957 0.090228
v 0.033279 0.024957 0.090228
v 0.033279 0.024957 0.090228
v 0.033279 0.024957 0.090228
v 0.033279 0.024957 0.090228
v 0.033279 0.024957 0.090228
v 0.031504 0.027014 0.089030
v 0.031504 0.027014 0.089030
v 0.031504 0.027014 0.089030
v 0.031504 0.027014 0.089030
v 0.031504 0.027014 0.089030
v 0.031504 0.027014 0.089030
v 0.036172 0.022938 0.087904
v 0.036172 0.022938 0.087904
v 0.036172 0.022938 0.087904
v 0.036172 0.022938 0.087904
v 0.036172 0.022938 0.087904
v 0.036172 0.022938 0.087904
v 0.036172 0.022938 0.087904
v 0.035651 0.023742 0.083468
v 0.035651 0.023742 0.083468
v 0.035651 0.023742 0.083468
v 0.035651 0.023742 0.083468
v 0.035651 0.023742 0.083468
v 0.035651 0.023742 0.083468
v 0.035651 0.023742 0.083468
v 0.035651 0.023742 0.083468
v 0.037826 0.020605 0.081510
v 0.037826 0.020605 0.081510
v 0.037826 0.020605 0.081510
v 0.037826 0.020605 0.081510
v 0.037826 0.020605 0.081510
v 0.037826 0.020605 0.081510
v 0.037826 0.020605 0.081510
v 0.037826 0.020605 0.081510
v 0.037826 0.020605 0.081510
v 0.037826 0.020605 0.081510
v 0.036348 0.022459 0.079437
v 0.036348 0.022459 0.079437
v 0.036348 0.022459 0.079437
v 0.036348 0.022459 0.079437
v 0.036348 0.022459 0.079437
v 0.036294 0.022553 0.079503
v 0.036294 0.022553 0.079503
v 0.036294 0.022553 0.079503
v 0.036294 0.022553 0.079503
v 0.036294 0.022553 0.079503
v 0.036088 0.022881 0.079830
v 0.036088 0.022881 0.079830
v 0.036088 0.022881 0.079830
v 0.036088 0.022881 0.079830
v 0.036088 0.022881 0.079830
v 0.036088 0.022881 0.079830
v 0.038119 0.019276 0.077473
v 0.038119 0.019276 0.077473
v 0.038119 0.019276 0.077473
v 0.038119 0.019276 0.077473
v 0.038119 0.019276 0.077473
v 0.038119 0.019276 0.077473
v 0.037990 0.019561 0.077580
v 0.037990 0.019561 0.077580
v 0.037990 0.019561 0.077580
v 0.037990 0.019561 0.077580
v 0.039585 0.017184 0.079732
v 0.039585 0.017184 0.079732
v 0.039585 0.017184 0.079732
v 0.039585 0.017184 0.079732
v 0.039585 0.017184 0.079732
v 0.039585 0.017184 0.079732
v 0.039585 0.017184 0.079732
v 0.039585 0.017184 0.079732
v 0.039585 0.017184 0.079732
v 0.039585 0.017184 0.079732
v 0.039585 0.017184 0.079732
v 0.039585 0.017184 0.079732
v 0.037467 0.020545 0.078081
v 0.037467 0.020545 0.078081
v 0.037467 0.020545 0.078081
v 0.037467 0.020545 0.078081
v 0.037467 0.020545 0.078081
v 0.036992 0.021357 0.078657
v 0.036992 0.021357 0.078657
v 0.036992 0.021357 0.078657
v 0.036992 0.021357 0.078657
v 0.039734 0.015719 0.076131
v 0.039734 0.015719 0.076131
v 0.039734 0.015719 0.076131
v 0.039734 0.015719 0.076131
v 0.039734 0.015719 0.076131
v 0.041772 0.014107 0.081145
v 0.041772 0.014107 0.081145
v 0.041772 0.014107 0.081145
v 0.041772 0.014107 0.081145
v 0.041772 0.014107 0.081145
v 0.041772 0.014107 0.081145
v 0.041772 0.014107 0.081145
v 0.041772 0.014107 0.081145
v 0.044566 0.010304 0.081707
v 0.044566 0.010304 0.081707
v 0.044566 0.010304 0.081707
v 0.044566 0.010304 0.081707
v 0.044566 0.010304 0.081707
v 0.044566 0.010304 0.081707
v 0.044566 0.010304 0.081707
v 0.044566 0.010304 0.081707
v 0.047892 0.005956 0.081700
v 0.047892 0.005956 0.081700
v 0.047892 0.005956 0.081700
v 0.047892 0.005956 0.081700
v 0.047892 0.005956 0.081700
v 0.047892 0.005956 0.081700
v 0.047892 0.005956 0.081700
v 0.047892 0.005956 0.081700
v 0.055681 -0.003549 0.081084
v 0.055681 -0.003549 0.081084
v 0.055681 -0.003549 0.081084
v 0.055681 -0.003549 0.081084
v 0.055681 -0.003549 0.081084
v 0.055681 -0.003549 0.081084
v 0.055681 -0.003549 0.081084
v 0.055681 -0.003549 0.081084
v 0.039567 0.015165 0.094851
v 0.039567 0.015165 0.094851
v 0.039567 0.015165 0.094851
v 0.039567 0.015165 0.094851
v 0.039567 0.015165 0.094851
v 0.039567 0.015165 0.094851
v 0.037480 0.020114 0.091777
v 0.037480 0.020114 0.091777
v 0.037480 0.020114 0.091777
v 0.037480 0.020114 0.091777
v 0.037480 0.020114 0.091777
v 0.037480 0.020114 0.091777
v 0.042415 0.014471 0.092446
v 0.042415 0.014471 0.092446
v 0.042415 0.014471 0.092446
v 0.042415 0.014471 0.092446
v 0.042415 0.014471 0.092446
v 0.042415 0.014471 0.092446
v 0.040153 0.018465 0.089196
v 0.040153 0.018465 0.089196
v 0.040153 0.018465 0.089196
v 0.040153 0.018465 0.089196
v 0.040153 0.018465 0.089196
v 0.040153 0.018465 0.089196
v 0.044809 0.013248 0.089686
v 0.044809 0.013248 0.089686
v 0.044809 0.013248 0.089686
v 0.044809 0.013248 0.089686
v 0.044809 0.013248 0.089686
v 0.044809 0.013248 0.089686
v 0.042222 0.016214 0.086485
v 0.042222 0.016214 0.086485
v 0.042222 0.016214 0.086485
v 0.042222 0.016214 0.086485
v 0.042222 0.016214 0.086485
v 0.042222 0.016214 0.086485
v 0.046505 0.011348 0.086768
v 0.046505 0.011348 0.086768
v 0.046505 0.011348 0.086768
v 0.046505 0.011348 0.086768
v 0.046505 0.011348 0.086768
v 0.046505 0.011348 0.086768
v 0.043648 0.013430 0.083942
v 0.043648 0.013430 0.083942
v 0.043648 0.013430 0.083942
v 0.043648 0.013430 0.083942
v 0.043648 0.013430 0.083942
v 0.043648 0.013430 0.083942
v 0.047471 0.008841 0.084050
v 0.047471 0.008841 0.084050
v 0.047471 0.008841 0.084050
v 0.047471 0.008841 0.084050
v 0.047471 0.008841 0.084050
v 0.047471 0.008841 0.084050
v 0.038557 0.020403 0.085482
v 0.038557 0.020403 0.085482
v 0.038557 0.020403 0.085482
v 0.038557 0.020403 0.085482
v 0.038557 0.020403 0.085482
v 0.038557 0.020403 0.085482
v 0.040396 0.017410 0.083191
v 0.040396 0.017410 0.083191
v 0.040396 0.017410 0.083191
v 0.040396 0.017410 0.083191
v 0.040396 0.017410 0.083191
v 0.040396 0.017410 0.083191
v -0.000502 0.001967 0.106910
v -0.000502 0.001967 0.106910
v -0.000502 0.001967 0.106910
v -0.000502 0.001967 0.106910
v -0.000502 0.001967 0.106910
v -0.000502 0.001967 0.106910
v 0.022409 -0.013465 0.106228
v 0.022409 -0.013465 0.106228
v 0.022409 -0.013465 0.106228
v 0.022409 -0.013465 0.106228
v 0.022409 -0.013465 0.106228
v 0.022409 -0.013465 0.106228
v 0.022409 -0.013465 0.106228
v 0.017609 -0.017504 0.106520
v 0.017609 -0.017504 0.106520
v 0.017609 -0.017504 0.106520
v 0.017609 -0.017504 0.106520
v 0.017609 -0.017504 0.106520
v 0.017609 -0.017504 0.106520
v 0.017609 -0.017504 0.106520
v 0.008921 -0.026554 0.105865
v 0.008921 -0.026554 0.105865
v 0.008921 -0.026554 0.105865
v 0.008921 -0.026554 0.105865
v 0.008921 -0.026554 0.105865
v 0.008921 -0.026554 0.105865
v 0.005078 -0.031496 0.104886
v 0.005078 -0.031496 0.104886
v 0.005078 -0.031496 0.104886
v 0.005078 -0.031496 0.104886
v 0.005078 -0.031496 0.104886
v 0.005078 -0.031496 0.104886
v 0.005078 -0.031496 0.104886
v 0.005078 -0.031496 0.104886
v 0.001598 -0.036645 0.103412
v 0.001598 -0.036645 0.103412
v 0.001598 -0.036645 0.103412
v 0.001598 -0.036645 0.103412
v 0.001598 -0.036645 0.103412
v 0.001598 -0.036645 0.103412
v 0.001598 -0.036645 0.103412
v 0.001598 -0.036645 0.103412
v 0.056247 -0.001353 0.083523
v 0.056247 -0.001353 0.083523
v 0.056247 -0.001353 0.083523
v 0.056247 -0.001353 0.083523
v 0.056247 -0.001353 0.083523
v 0.056247 -0.001353 0.083523
v 0.056247 -0.001353 0.083523
v 0.056247 -0.001353 0.083523
v 0.055391 0.001443 0.089523
v 0.055391 0.001443 0.089523
v 0.055391 0.001443 0.089523
v 0.055391 0.001443 0.089523
v 0.055391 0.001443 0.089523
v 0.055391 0.001443 0.089523
v 0.055391 0.001443 0.089523
v 0.055391 0.001443 0.089523
v 0.056236 0.000402 0.086402
v 0.056236 0.000402 0.086402
v 0.056236 0.000402 0.086402
v 0.056236 0.000402 0.086402
v 0.056236 0.000402 0.086402
v 0.056236 0.000402 0.086402
v 0.056236 0.000402 0.086402
v 0.053722 0.001712 0.092453
v 0.053722 0.001712 0.092453
v 0.053722 0.001712 0.092453
v 0.053722 0.001712 0.092453
v 0.053722 0.001712 0.092453
v 0.053722 0.001712 0.092453
v 0.053722 0.001712 0.092453
v 0.053722 0.001712 0.092453
v 0.051517 0.001424 0.094954
v 0.051517 0.001424 0.094954
v 0.051517 0.001424 0.094954
v 0.051517 0.001424 0.094954
v 0.051517 0.001424 0.094954
v 0.051517 0.001424 0.094954
v 0.051517 0.001424 0.094954
v 0.049027 0.000788 0.097043
v 0.049027 0.000788 0.097043
v 0.049027 0.000788 0.097043
v 0.049027 0.000788 0.097043
v 0.049027 0.000788 0.097043
v 0.049027 0.000788 0.097043
v 0.049027 0.000788 0.097043
v 0.049027 0.000788 0.097043
v -0.021336 -0.036951 0.067495
v -0.021336 -0.036951 0.067495
v -0.021336 -0.036951 0.067495
v -0.021336 -0.036951 0.067495
v -0.021336 -0.036951 0.067495
v -0.021336 -0.036951 0.067495
v -0.022446 -0.036360 0.067495
v -0.022446 -0.036360 0.067495
v -0.022446 -0.036360 0.067495
v -0.022446 -0.036360 0.067495
v -0.022446 -0.036360 0.067495
v -0.026878 -0.033218 0.067495
v -0.026878 -0.033218 0.067495
v -0.026878 -0.033218 0.067495
v -0.026878 -0.033218 0.067495
v -0.030181 -0.030178 0.067495
v -0.030181 -0.030178 0.067495
v -0.030181 -0.030178 0.067495
v -0.030181 -0.030178 0.067495
v -0.030181 -0.030178 0.067495
v -0.030181 -0.030178 0.067495
v -0.030181 -0.030178 0.067495
v -0.030181 -0.030178 0.067495
v -0.030181 -0.030178 0.067495
v -0.030181 -0.030178 0.067495
v -0.030181 -0.030178 0.067495
v -0.030181 -0.030178 0.067495
v -0.030181 -0.030178 0.067495
v -0.030181 -0.030178 0.067495
v -0.030181 -0.030178 0.067495
v -0.030181 -0.030178 0.067495
v -0.030181 -0.030178 0.067495
v -0.030181 -0.030178 0.067495
v -0.030181 -0.030178 0.067495
v -0.030181 -0.030178 0.067495
v -0.030181 -0.030178 0.067495
v -0.030181 -0.030178 0.067495
v -0.030181 -0.030178 0.067495
v -0.030181 -0.030178 0.067495
v -0.030181 -0.030178 0.067495
v -0.011043 -0.041205 0.067495
v -0.011043 -0.041205 0.067495
v -0.011043 -0.041205 0.067495
v -0.011043 -0.041205 0.067495
v -0.011043 -0.041205 0.067495
v -0.011043 -0.041205 0.067495
v -0.012567 -0.040840 0.067495
v -0.012567 -0.040840 0.067495
v -0.012567 -0.040840 0.067495
v -0.012567 -0.040840 0.067495
v -0.012567 -0.040840 0.067495
v -0.017651 -0.038914 0.067495
v -0.017651 -0.038914 0.067495
v -0.017651 -0.038914 0.067495
v -0.017651 -0.038914 0.067495
v -0.017651 -0.038914 0.067495
v -0.000002 -0.042651 0.067495
v -0.000002 -0.042651 0.067495
v -0.000002 -0.042651 0.067495
v -0.000002 -0.042651 0.067495
v -0.000002 -0.042651 0.067495
v -0.000002 -0.042651 0.067495
v 0.003547 -0.042582 0.067495
v 0.003547 -0.042582 0.067495
v 0.003547 -0.042582 0.067495
v 0.003547 -0.042582 0.067495
v 0.008921 -0.041788 0.067495
v 0.008921 -0.041788 0.067495
v 0.008921 -0.041788 0.067495
v 0.008921 -0.041788 0.067495
v 0.008921 -0.041788 0.067495
v 0.011037 -0.041194 0.067495
v 0.011037 -0.041194 0.067495
v 0.011037 -0.041194 0.067495
v 0.011037 -0.041194 0.067495
v 0.011037 -0.041194 0.067495
v 0.011037 -0.041194 0.067495
v -0.001885 -0.042688 0.067495
v -0.001885 -0.042688 0.067495
v -0.001885 -0.042688 0.067495
v -0.001885 -0.042688 0.067495
v -0.001885 -0.042688 0.067495
v -0.007286 -0.042104 0.067495
v -0.007286 -0.042104 0.067495
v -0.007286 -0.042104 0.067495
v -0.007286 -0.042104 0.067495
v -0.007286 -0.042104 0.067495
v 0.014151 -0.040318 0.067495
v 0.014151 -0.040318 0.067495
v 0.014151 -0.040318 0.067495
v 0.014151 -0.040318 0.067495
v -0.030875 -0.029539 0.067495
v -0.030875 -0.029539 0.067495
v -0.030875 -0.029539 0.067495
v -0.030875 -0.029539 0.067495
v -0.030875 -0.029539 0.067495
v -0.034374 -0.025383 0.067495
v -0.034374 -0.025383 0.067495
v -0.034374 -0.025383 0.067495
v -0.034374 -0.025383 0.067495
v -0.034374 -0.025383 0.067495
v -0.034374 -0.025383 0.067495
v -0.034374 -0.025383 0.067495
v -0.034374 -0.025383 0.067495
v -0.034374 -0.025383 0.067495
v -0.034374 -0.025383 0.067495
v -0.034374 -0.025383 0.067495
v -0.034374 -0.025383 0.067495
v -0.034374 -0.025383 0.067495
v -0.034374 -0.025383 0.067495
v -0.034374 -0.025383 0.067495
v -0.034374 -0.025383 0.067495
v -0.034374 -0.025383 0.067495
v -0.034374 -0.025383 0.067495
v -0.034374 -0.025383 0.067495
v -0.034374 -0.025383 0.067495
v -0.034374 -0.025383 0.067495
v -0.034374 -0.025383 0.067495
v -0.034374 -0.025383 0.067495
v -0.034374 -0.025383 0.067495
v -0.034374 -0.025383 0.067495
v -0.034374 -0.025383 0.067495
v -0.034374 -0.025383 0.067495
v -0.034374 -0.025383 0.067495
v -0.034374 -0.025383 0.067495
v -0.034374 -0.025383 0.067495
v -0.034374 -0.025383 0.067495
v -0.034374 -0.025383 0.067495
v -0.034374 -0.025383 0.067495
v -0.036976 -0.021346 0.067495
v -0.036976 -0.021346 0.067495
v -0.036976 -0.021346 0.067495
v -0.036976 -0.021346 0.067495
v -0.036976 -0.021346 0.067495
v -0.037317 -0.020816 0.067495
v -0.037317 -0.020816 0.067495
v -0.037317 -0.020816 0.067495
v -0.037317 -0.020816 0.067495
v -0.037317 -0.020816 0.067495
v -0.041355 -0.010753 0.067495
v -0.041355 -0.010753 0.067495
v -0.041355 -0.010753 0.067495
v -0.041355 -0.010753 0.067495
v -0.041355 -0.010753 0.067495
v -0.041256 -0.011053 0.067495
v -0.041256 -0.011053 0.067495
v -0.041256 -0.011053 0.067495
v -0.041256 -0.011053 0.067495
v -0.041256 -0.011053 0.067495
v -0.039656 -0.015913 0.067495
v -0.039656 -0.015913 0.067495
v -0.039656 -0.015913 0.067495
v -0.039656 -0.015913 0.067495
v -0.038352 0.018842 0.067495
v -0.038352 0.018842 0.067495
v -0.038352 0.018842 0.067495
v -0.038352 0.018842 0.067495
v -0.038352 0.018842 0.067495
v -0.040432 0.013824 0.067495
v -0.040432 0.013824 0.067495
v -0.040432 0.013824 0.067495
v -0.040432 0.013824 0.067495
v -0.040432 0.013824 0.067495
v -0.041191 0.011037 0.067495
v -0.041191 0.011037 0.067495
v -0.041191 0.011037 0.067495
v -0.041191 0.011037 0.067495
v -0.041191 0.011037 0.067495
v -0.041860 0.008582 0.067495
v -0.041860 0.008582 0.067495
v -0.041860 0.008582 0.067495
v -0.041860 0.008582 0.067495
v -0.041860 0.008582 0.067495
v -0.042610 0.003202 0.067495
v -0.042610 0.003202 0.067495
v -0.042610 0.003202 0.067495
v -0.042610 0.003202 0.067495
v -0.042610 0.003202 0.067495
v -0.042730 0.000000 0.067494
v -0.042730 0.000000 0.067494
v -0.042730 0.000000 0.067494
v -0.042730 0.000000 0.067494
v -0.042730 0.000000 0.067494
v -0.042385 -0.005419 0.067495
v -0.042385 -0.005419 0.067495
v -0.042385 -0.005419 0.067495
v -0.042385 -0.005419 0.067495
v -0.030155 0.030156 0.067495
v -0.030155 0.030156 0.067495
v -0.030155 0.030156 0.067495
v -0.030155 0.030156 0.067495
v -0.030155 0.030156 0.067495
v -0.032374 0.027889 0.067495
v -0.032374 0.027889 0.067495
v -0.032374 0.027889 0.067495
v -0.032374 0.027889 0.067495
v -0.032374 0.027889 0.067495
v -0.035651 0.023556 0.067495
v -0.035651 0.023556 0.067495
v -0.035651 0.023556 0.067495
v -0.035651 0.023556 0.067495
v -0.035651 0.023556 0.067495
v -0.036931 0.021322 0.067495
v -0.036931 0.021322 0.067495
v -0.036931 0.021322 0.067495
v -0.036931 0.021322 0.067495
v -0.011039 0.041205 0.067495
v -0.011039 0.041205 0.067495
v -0.011039 0.041205 0.067495
v -0.011039 0.041205 0.067495
v -0.011039 0.041205 0.067495
v -0.014683 0.040128 0.067495
v -0.014683 0.040128 0.067495
v -0.014683 0.040128 0.067495
v -0.014683 0.040128 0.067495
v -0.014683 0.040128 0.067495
v -0.019656 0.037941 0.067495
v -0.019656 0.037941 0.067495
v -0.019656 0.037941 0.067495
v -0.019656 0.037941 0.067495
v -0.019656 0.037941 0.067495
v -0.021324 0.036937 0.067495
v -0.021324 0.036937 0.067495
v -0.021324 0.036937 0.067495
v -0.021324 0.036937 0.067495
v -0.021324 0.036937 0.067495
v -0.024311 0.035140 0.067495
v -0.024311 0.035140 0.067495
v -0.024311 0.035140 0.067495
v -0.024311 0.035140 0.067495
v -0.024311 0.035140 0.067495
v -0.028574 0.031772 0.067495
v -0.028574 0.031772 0.067495
v -0.028574 0.031772 0.067495
v -0.028574 0.031772 0.067495
v 0.006728 0.042197 0.067495
v 0.006728 0.042197 0.067495
v 0.006728 0.042197 0.067495
v 0.006728 0.042197 0.067495
v 0.001320 0.042710 0.067495
v 0.001320 0.042710 0.067495
v 0.001320 0.042710 0.067495
v 0.001320 0.042710 0.067495
v 0.001320 0.042710 0.067495
v 0.000002 0.042667 0.067495
v 0.000002 0.042667 0.067495
v 0.000002 0.042667 0.067495
v 0.000002 0.042667 0.067495
v 0.000002 0.042667 0.067495
v -0.004110 0.042532 0.067495
v -0.004110 0.042532 0.067495
v -0.004110 0.042532 0.067495
v -0.004110 0.042532 0.067495
v -0.004110 0.042532 0.067495
v -0.009473 0.041667 0.067495
v -0.009473 0.041667 0.067495
v -0.009473 0.041667 0.067495
v -0.009473 0.041667 0.067495
v 0.021347 0.036971 0.067495
v 0.021347 0.036971 0.067495
v 0.021347 0.036971 0.067495
v 0.021347 0.036971 0.067495
v 0.021347 0.036971 0.067495
v 0.017133 0.039145 0.067495
v 0.017133 0.039145 0.067495
v 0.017133 0.039145 0.067495
v 0.017133 0.039145 0.067495
v 0.017133 0.039145 0.067495
v 0.012028 0.041002 0.067495
v 0.012028 0.041002 0.067495
v 0.012028 0.041002 0.067495
v 0.012028 0.041002 0.067495
v 0.012028 0.041002 0.067495
v 0.011048 0.041223 0.067495
v 0.011048 0.041223 0.067495
v 0.011048 0.041223 0.067495
v 0.011048 0.041223 0.067495
v 0.011048 0.041223 0.067495
v 0.011048 0.041223 0.067495
v 0.011048 0.041223 0.067495
v 0.011048 0.041223 0.067495
v 0.011048 0.041223 0.067495
v 0.011048 0.041223 0.067495
v 0.011048 0.041223 0.067495
v 0.011048 0.041223 0.067495
v 0.011048 0.041223 0.067495
v 0.011048 0.041223 0.067495
v 0.011048 0.041223 0.067495
v 0.011048 0.041223 0.067495
v 0.011048 0.041223 0.067495
v 0.011048 0.041223 0.067495
v 0.011048 0.041223 0.067495
v 0.011048 0.041223 0.067495
v 0.011048 0.041223 0.067495
v 0.011048 0.041223 0.067495
v 0.011048 0.041223 0.067495
v 0.011048 0.041223 0.067495
v 0.011048 0.041223 0.067495
v 0.011048 0.041223 0.067495
v 0.011048 0.041223 0.067495
v 0.011048 0.041223 0.067495
v 0.011048 0.041223 0.067495
v 0.011048 0.041223 0.067495
v 0.030199 0.030198 0.067495
v 0.030199 0.030198 0.067495
v 0.030199 0.030198 0.067495
v 0.030199 0.030198 0.067495
v 0.030199 0.030198 0.067495
v 0.030199 0.030198 0.067495
v 0.030199 0.030198 0.067495
v 0.026435 0.033572 0.067495
v 0.026435 0.033572 0.067495
v 0.026435 0.033572 0.067495
v 0.026435 0.033572 0.067495
v 0.026435 0.033572 0.067495
v 0.021962 0.036654 0.067495
v 0.021962 0.036654 0.067495
v 0.021962 0.036654 0.067495
v 0.021962 0.036654 0.067495
v 0.030481 0.029946 0.067495
v 0.030481 0.029946 0.067495
v 0.030481 0.029946 0.067495
v 0.030481 0.029946 0.067495
v 0.030481 0.029946 0.067495
v 0.034034 0.025837 0.067495
v 0.034034 0.025837 0.067495
v 0.034034 0.025837 0.067495
v 0.034034 0.025837 0.067495
v 0.034034 0.025837 0.067495
v 0.037002 0.021363 0.067495
v 0.037002 0.021363 0.067495
v 0.037002 0.021363 0.067495
v 0.037002 0.021363 0.067495
v 0.037002 0.021363 0.067495
v 0.037002 0.021363 0.067495
v 0.037002 0.021363 0.067495
v 0.037002 0.021363 0.067495
v 0.037036 0.021312 0.067495
v 0.037036 0.021312 0.067495
v 0.037036 0.021312 0.067495
v 0.037036 0.021312 0.067495
v 0.037454 0.020567 0.067495
v 0.037454 0.020567 0.067495
v 0.037454 0.020567 0.067495
v 0.037454 0.020567 0.067495
v 0.037454 0.020567 0.067495
v 0.039656 0.015914 0.067495
v 0.039656 0.015914 0.067495
v 0.039656 0.015914 0.067495
v 0.039656 0.015914 0.067495
v 0.039656 0.015914 0.067495
v 0.041256 0.011054 0.067495
v 0.041256 0.011054 0.067495
v 0.041256 0.011054 0.067495
v 0.041256 0.011054 0.067495
v 0.041256 0.011054 0.067495
v 0.041256 0.011054 0.067495
v 0.041355 0.010753 0.067495
v 0.041355 0.010753 0.067495
v 0.041355 0.010753 0.067495
v 0.041355 0.010753 0.067495
v 0.041355 0.010753 0.067495
v 0.041355 0.010753 0.067495
v 0.042385 0.005419 0.067495
v 0.042385 0.005419 0.067495
v 0.042385 0.005419 0.067495
v 0.042385 0.005419 0.067495
v 0.042385 0.005419 0.067495
v 0.042730 0.000000 0.067495
v 0.042730 0.000000 0.067495
v 0.042730 0.000000 0.067495
v 0.042730 0.000000 0.067495
v 0.042730 0.000000 0.067495
v 0.042730 0.000000 0.067495
v 0.042584 -0.003522 0.067495
v 0.042584 -0.003522 0.067495
v 0.042584 -0.003522 0.067495
v 0.042584 -0.003522 0.067495
v 0.042584 -0.003522 0.067495
v 0.041793 -0.008897 0.067495
v 0.041793 -0.008897 0.067495
v 0.041793 -0.008897 0.067495
v 0.041793 -0.008897 0.067495
v 0.041793 -0.008897 0.067495
v 0.041193 -0.011037 0.067495
v 0.041193 -0.011037 0.067495
v 0.041193 -0.011037 0.067495
v 0.041193 -0.011037 0.067495
v 0.041193 -0.011037 0.067495
v 0.041193 -0.011037 0.067495
v 0.040327 -0.014128 0.067495
v 0.040327 -0.014128 0.067495
v 0.040327 -0.014128 0.067495
v 0.040327 -0.014128 0.067495
v 0.040327 -0.014128 0.067495
v 0.040327 -0.014128 0.067495
v 0.038208 -0.019130 0.067495
v 0.038208 -0.019130 0.067495
v 0.038208 -0.019130 0.067495
v 0.038208 -0.019130 0.067495
v 0.038208 -0.019130 0.067495
v 0.036931 -0.021321 0.067495
v 0.036931 -0.021321 0.067495
v 0.036931 -0.021321 0.067495
v 0.036931 -0.021321 0.067495
v 0.036931 -0.021321 0.067495
usemtl dark
f 99 110 114
f 103 120 125
f 111 101 131
f 132 106 126
f 133 127 137
f 143 102 148
f 147 100 115
f 146 113 98
f 97 112 150
f 96 149 95
f 144 154 107
f 105 153 159
f 104 158 121
f 163 173 161
f 166 179 184
f 174 164 190
f 191 169 185
f 192 186 196
f 160 197 162
f 165 198 202
f 203 207 170
f 168 206 212
f 167 211 180
f 214 220 243
f 235 219 249
f 239 250 255
f 257 261 239
f 246 262 267
f 232 266 213
f 275 280 239
f 237 279 284
f 239 285 257
f 289 298 231
f 239 299 305
f 231 304 274
f 317 322 239
f 244 323 326
f 241 325 290
f 332 338 238
f 230 337 342
f 242 343 318
f 348 353 239
f 233 352 357
f 240 358 333
f 256 363 245
f 234 362 367
f 236 368 347
f 381 142 386
f 385 138 145
f 380 389 139
f 141 390 395
f 140 394 151
f 152 397 156
f 155 396 400
f 157 402 118
f 401 405 116
f 117 406 411
f 119 412 124
f 122 410 416
f 123 417 136
f 135 415 422
f 134 421 130
f 128 420 426
f 129 427 109
f 108 425 431
f 457 461 201
f 200 460 468
f 199 467 205
f 204 466 210
f 209 465 473
f 208 472 178
f 471 476 175
f 176 477 481
f 177 482 181
f 182 483 486
f 183 487 193
f 195 488 492
f 194 491 187
f 188 493 496
f 189 497 171
f 172 498 502
f 378 377 20
f 376 375 18
f 17 374 373
f 16 372 371
f 294 442 439
f 440 437 295
f 297 438 435
f 296 434 300
f 436 432 301
f 302 433 428
f 303 430 308
f 306 429 423
f 424 418 307
f 309 419 413
f 310 414 408
f 407 404 59
f 403 399 57
f 56 398 392
f 58 393 37
f 36 391 384
f 35 382 19
f 21 383 387
f 22 388 379
f 215 454 227
f 229 455 453
f 228 452 451
f 450 449 226
f 225 448 447
f 224 446 444
f 445 513 85
f 514 511 86
f 87 512 509
f 83 508 88
f 90 510 506
f 89 505 91
f 507 503 92
f 93 504 499
f 94 501 74
f 71 500 494
f 495 489 72
f 73 490 484
f 75 485 478
f 474 470 270
f 268 469 463
f 269 464 218
f 217 462 459
f 216 458 456
f 409 60 311
f 312 61 79
f 313 80 276
f 278 81 54
f 277 53 281
f 282 55 51
f 283 52 288
f 287 50 49
f 286 48 260
f 258 47 45
f 259 46 265
f 263 44 77
f 264 78 273
f 272 76 480
f 271 479 475
f 443 84 223
f 221 82 39
f 222 40 251
f 248 38 43
f 247 42 254
f 252 41 69
f 253 70 361
f 360 68 67
f 359 66 366
f 364 65 63
f 365 64 346
f 344 62 33
f 345 34 351
f 349 32 29
f 350 30 354
f 355 31 10
f 356 11 329
f 331 12 8
f 330 7 334
f 335 9 1
f 336 2 339
f 341 3 24
f 340 23 314
f 316 25 27
f 315 26 319
f 321 28 5
f 320 4 324
f 328 6 14
f 327 13 291
f 292 15 369
f 293 370 441
usemtl white
f 516 525 533
f 532 524 541
f 531 536 546
f 544 535 551
f 537 555 552
f 547 553 557
f 548 561 566
f 565 560 573
f 563 568 576
f 577 569 582
f 584 572 589
f 581 587 594
f 585 598 591
f 590 597 603
f 595 605 611
f 609 604 616
f 608 614 621
f 617 612 624
f 622 628 635
f 638 642 651
f 652 646 656
f 625 662 631
f 632 663 668
f 629 666 658
f 657 665 673
f 653 669 648
f 680 683 691
f 690 681 693
f 689 692 699
f 700 695 703
f 701 705 709
f 710 706 713
f 715 707 720
f 718 722 639
f 641 725 729
f 640 728 647
f 732 740 743
f 745 741 749
f 746 752 755
f 753 748 758
f 754 762 766
f 764 761 770
f 765 771 775
f 779 773 781
f 776 780 785
f 788 782 792
f 789 794 797
f 801 795 803
f 798 802 808
f 812 804 814
f 811 813 819
f 820 815 824
f 822 826 830
f 832 828 675
f 833 677 836
f 837 678 688
f 842 847 852
f 853 849 860
f 856 861 865
f 867 862 871
f 869 874 735
f 731 870 876
f 730 875 737
f 857 883 846
f 841 881 887
f 843 888 893
f 892 884 897
f 889 896 902
f 901 895 906
f 910 898 913
f 908 912 920
f 922 929 522
f 519 927 933
f 518 931 526
f 937 945 950
f 948 941 954
f 520 958 921
f 926 961 964
f 925 963 971
f 974 966 955
f 970 952 975
f 977 957 942
f 980 995 999
f 997 992 1007
f 998 1008 1010
f 1011 1009 1020
f 1012 1021 1024
f 1022 1019 1032
f 1023 1033 1035
f 1041 1051 1056
f 1055 1050 1062
f 1067 1077 1080
f 1078 1075 1085
f 1079 1087 1090
f 1089 1086 1096
f 1097 1088 1105
f 1095 1103 1106
f 1104 1117 1107
f 1108 1118 1123
f 1109 1124 1127
f 1125 1122 1052
f 1126 1054 1131
f 1130 1053 1043
f 1132 1044 1135
f 1141 1146 1152
f 1153 1161 1165
f 979 1142 994
f 993 1140 1151
f 996 1157 1170
f 1169 1156 1166
f 1034 1175 1038
f 1037 1174 1181
f 1036 1180 1183
f 1182 1179 1192
f 1184 1194 1196
f 1195 1193 1205
f 1197 1206 1209
f 1207 1204 1215
f 1208 1217 1219
f 1218 1216 1228
f 1220 1229 1232
f 1230 1227 1240
f 1231 1241 1064
f 1066 1242 1248
f 1065 1247 1076
f 1252 1060 1049
f 1258 1264 1191
f 1189 1262 1201
f 1202 1263 1267
f 1203 1269 1214
f 1004 1275 1018
f 1016 1274 1279
f 1257 1190 1287
f 1286 1188 1178
f 1285 1177 1292
f 1291 1176 1171
f 1293 1173 1282
f 1281 1172 1031
f 1280 1030 1017
f 1244 1297 1072
f 1073 1298 1302
f 1308 1249 1314
f 1315 1251 1047
f 1316 1048 1321
f 1319 1046 1120
f 1320 1121 1326
f 1325 1119 1116
f 1324 1115 1332
f 1331 1114 1102
f 1330 1101 1305
f 1304 1100 1084
f 1303 1083 1074
f 1164 1159 1338
f 1163 1334 1168
f 1167 1333 986
f 991 1335 1342
f 990 1341 1348
f 1347 1353 989
f 988 1352 1358
f 987 1357 1003
f 1006 1359 1363
f 1005 1362 1276
f 1213 1268 1224
f 1225 1270 1367
f 1226 1368 1237
f 1238 1369 1372
f 1239 1373 1243
f 1245 1374 1378
f 1246 1379 1299
f 1384 1387 1393
f 1399 1403 1407
f 1416 1307 1311
f 1420 1425 1431
f 1422 1436 1438
f 1339 1441 1346
f 1344 1437 1434
f 1345 1435 1351
f 1349 1433 1446
f 1350 1448 1356
f 1355 1447 1455
f 1460 1271 1452
f 1454 1273 1361
f 1453 1360 1354
f 1466 1288 1459
f 1461 1289 1277
f 1462 1278 1272
f 1473 1259 1481
f 1482 1260 1256
f 1480 1254 1467
f 1468 1255 1283
f 1469 1284 1290
f 1486 1365 1476
f 1474 1364 1265
f 1475 1266 1261
f 1493 1294 1501
f 1502 1295 1377
f 1500 1375 1487
f 1489 1376 1371
f 1488 1370 1366
f 1318 1322 1508
f 1509 1323 1329
f 1506 1327 1494
f 1495 1328 1300
f 1496 1301 1296
f 1317 1507 1310
f 1312 1510 1517
f 1313 1518 1419
f 1522 1526 1530
f 1529 1525 1541
f 1543 1548 1552
f 1556 1560 1564
f 1565 1561 1574
f 1567 1575 1577
f 1578 1576 1587
f 1588 1592 1580
f 1579 1591 1595
f 1581 1596 1527
f 1532 1597 1602
f 1528 1601 1521
f 1410 1404 1562
f 1563 1405 1606
f 1566 1607 1557
f 1611 1615 1619
f 1621 1616 1629
f 1620 1627 1630
f 1631 1628 1638
f 1632 1639 1406
f 1409 1640 1645
f 1408 1644 1400
f 1610 1618 1649
f 1648 1617 1654
f 1650 1655 1663
f 1667 1671 1674
f 1677 1672 1685
f 1676 1683 1651
f 1652 1684 1688
f 1653 1689 1662
f 1666 1673 1692
f 1693 1675 1695
f 1694 1696 1706
f 1711 1718 1721
f 1720 1717 1730
f 1719 1729 1699
f 1698 1728 1734
f 1697 1733 1707
f 1722 1736 1712
f 1713 1737 1747
f 1710 1742 1754
f 1755 1743 1758
f 1760 1767 1772
f 1770 1779 1746
f 1745 1778 1783
f 1744 1782 1759
f 1785 1791 1799
f 1798 1790 1804
f 1761 1773 1807
f 1808 1774 1750
f 1806 1749 1802
f 1801 1748 1738
f 1800 1735 1794
f 1542 1549 1531
f 1534 1553 1813
f 1535 1814 1819
f 1820 1786 1826
f 1825 1784 1797
f 1824 1796 1835
f 1834 1795 1741
f 1833 1740 1841
f 1840 1739 1725
f 1839 1724 1847
f 1846 1723 1702
f 1845 1701 1852
f 1851 1700 1678
f 1853 1679 1857
f 1858 1680 1656
f 1859 1657 1863
f 1864 1658 1622
f 1865 1623 1869
f 1870 1624 1633
f 1871 1634 1875
f 1876 1635 1411
f 1877 1412 1881
f 1882 1413 1568
f 1883 1569 1887
f 1888 1570 1582
f 1889 1583 1390
f 1391 1584 1536
f 1392 1537 1382
f 1381 1533 1818
f 1893 1898 1511
f 1515 1901 1904
f 1516 1905 1418
f 1907 1914 1832
f 1829 1911 1917
f 1828 1916 1822
f 1426 1910 1432
f 1430 1906 1831
f 1429 1830 1445
f 1444 1827 1838
f 1443 1837 1451
f 1450 1836 1844
f 1449 1843 1458
f 1457 1842 1850
f 1456 1849 1464
f 1463 1848 1854
f 1465 1855 1477
f 1478 1856 1860
f 1479 1861 1470
f 1471 1862 1866
f 1472 1867 1483
f 1484 1868 1872
f 1485 1873 1497
f 1498 1874 1878
f 1499 1879 1490
f 1491 1880 1884
f 1492 1885 1503
f 1504 1886 1890
f 1505 1891 1512
f 1513 1892 1395
f 1514 1396 1897
f 1896 1394 1388
f 1922 1927 1935
f 1939 1945 1948
f 1959 1964 1966
f 1971 1982 1960
f 1961 1968 1973
f 1974 1970 1988
f 1975 1989 1991
f 1972 1996 1985
f 1984 1995 2000
f 1983 1999 2007
f 2009 2001 2011
f 2008 2010 2017
f 2022 2031 2034
f 2033 2029 2042
f 2032 2041 2045
f 2043 2040 2051
f 2044 2052 2055
f 2053 2050 2062
f 2054 2063 2066
f 2065 2061 2075
f 2064 2074 2078
f 2076 2073 2084
f 2077 2085 2088
f 2087 2083 2096
f 2086 2095 2099
f 2097 2094 2018
f 2098 2019 2103
f 2104 2020 2012
f 2108 2115 2118
f 2119 2116 2126
f 2120 2128 2131
f 2129 2127 2137
f 2130 2138 2141
f 2140 2136 2149
f 2139 2148 2023
f 2021 2147 2030
f 2107 2150 2114
f 2117 2151 1953
f 2113 1952 2160
f 2159 1947 1944
f 2162 2173 2177
f 2163 2178 1946
f 1949 2179 2183
f 1950 2184 1940
f 2152 2186 1955
f 1954 2185 2191
f 1951 2189 2165
f 2168 2190 2197
f 2167 2196 2204
f 1921 1934 2205
f 2203 2210 2166
f 2164 2206 1936
f 2161 1933 2172
f 2169 1931 2215
f 2174 2217 2222
f 2220 2212 2226
f 1938 2182 2235
f 2241 2246 2250
f 2261 2267 2270
f 2280 2285 2288
f 2302 2307 2312
f 2319 2328 2303
f 2332 2336 2339
f 2337 2335 2352
f 2340 2353 2320
f 2318 2351 2357
f 2317 2356 2327
f 2360 2364 2366
f 2367 2365 2378
f 2369 2379 2342
f 2341 2377 2384
f 2338 2383 2331
f 2361 2368 2388
f 2389 2370 2391
f 2390 2394 2402
f 2286 2406 2290
f 2289 2405 2412
f 2287 2411 2395
f 2393 2410 2416
f 2392 2415 2401
f 2266 2419 2268
f 2269 2420 2425
f 2271 2426 2431
f 2429 2424 2437
f 2430 2438 2442
f 2443 2454 2262
f 2458 2462 2464
f 2466 2463 2475
f 2468 2477 2446
f 2444 2476 2480
f 2445 2481 2455
f 2459 2465 2486
f 2487 2467 2232
f 2485 2229 2491
f 2245 2494 2248
f 2249 2495 2499
f 2253 2501 2231
f 2230 2500 2505
f 2228 2504 2490
f 2256 2171 2221
f 2509 2239 2511
f 2514 2242 2251
f 2513 2247 2517
f 2519 2252 2219
f 2518 2218 2225
f 2233 2181 2257
f 2254 2180 2175
f 2255 2176 2170
f 1937 2234 1941
f 1942 2236 2469
f 1943 2471 2157
f 2156 2470 2448
f 2158 2450 2111
f 2263 2272 2447
f 2449 2274 2123
f 2451 2125 2112
f 2434 2028 2145
f 2433 2144 2273
f 2276 2146 2135
f 2275 2134 2124
f 2039 2026 2295
f 2296 2027 2432
f 2291 2427 2281
f 2282 2428 2441
f 2374 2071 2396
f 2397 2072 2058
f 2398 2059 2292
f 2294 2060 2049
f 2293 2048 2038
f 2006 2015 2346
f 2347 2016 2092
f 2345 2091 2371
f 2372 2093 2081
f 2373 2082 2070
f 2301 2309 2315
f 2316 2311 2521
f 2321 2523 2527
f 2005 2344 1981
f 1979 2343 2322
f 1980 2323 1957
f 1958 2324 2529
f 1956 2528 1963
f 2533 2536 2544
f 2549 2552 2560
f 2299 2326 2564
f 2568 2576 2583
f 2244 2240 2594
f 2598 2587 2601
f 2605 2591 2238
f 2604 2237 2507
f 2561 2556 2298
f 2297 2553 2606
f 2300 2609 2306
f 2530 2538 2611
f 2615 2624 2627
f 2629 2626 2635
f 2640 2646 2654
f 2655 2647 2662
f 2660 2667 2648
f 2652 2668 2672
f 2649 2671 2675
f 2573 2681 2580
f 2579 2680 2684
f 2581 2685 2690
f 2439 2697 2279
f 2277 2694 2703
f 2278 2704 2283
f 2452 2712 2260
f 2258 2711 2719
f 2259 2721 2265
f 2440 2436 2698
f 2696 2435 2422
f 2695 2421 2718
f 2722 2423 2418
f 2720 2417 2264
f 2489 2730 2483
f 2482 2727 2734
f 2484 2736 2456
f 2488 2502 2728
f 2729 2503 2498
f 2726 2496 2592
f 2595 2497 2493
f 2593 2492 2243
f 2453 2479 2714
f 2713 2478 2474
f 2710 2472 2735
f 2737 2473 2460
f 2738 2461 2457
f 2742 2747 2750
f 2752 2748 2760
f 2768 2771 2779
f 2781 2773 2785
f 2767 2792 2769
f 2770 2793 2797
f 2772 2798 2753
f 2749 2796 2801
f 2751 2802 2743
f 2803 2812 2821
f 2676 2827 2651
f 2650 2826 2830
f 2653 2832 2813
f 2811 2831 2836
f 2810 2835 2820
f 2822 2839 2805
f 2806 2840 2846
f 2804 2845 2784
f 2782 2844 2849
f 2783 2850 2780
f 2854 2861 2870
f 2868 2874 2853
f 2852 2873 2878
f 2851 2877 2883
f 2885 2879 2893
f 2882 2892 2898
f 2897 2901 2880
f 2881 2902 2906
f 2884 2908 2618
f 2617 2907 2914
f 2616 2913 2625
f 2687 2641 2577
f 2578 2642 2656
f 2582 2657 2915
f 2916 2658 2814
f 2917 2815 2921
f 2922 2816 2807
f 2923 2808 2928
f 2929 2809 2788
f 2927 2786 2934
f 2935 2787 2776
f 2933 2775 2941
f 2940 2774 2756
f 2939 2755 2947
f 2946 2754 2763
f 2945 2762 2953
f 2952 2761 2864
f 2951 2863 2959
f 2958 2862 2857
f 2957 2855 2964
f 2965 2856 2888
f 2963 2886 2540
f 2541 2887 2621
f 2539 2620 2614
f 2610 2619 2628
f 2333 2975 2350
f 2348 2972 2562
f 2349 2565 2355
f 2354 2563 2325
f 2399 2983 2387
f 2385 2980 2990
f 2386 2992 2358
f 2359 2993 2363
f 2334 2330 2976
f 2974 2329 2381
f 2973 2380 2988
f 2989 2382 2375
f 2991 2376 2362
f 2400 2414 2984
f 2982 2413 2408
f 2981 2407 2702
f 2705 2409 2403
f 2706 2404 2284
f 2746 2998 2759
f 2758 2997 3003
f 2757 3002 2860
f 2858 3001 3006
f 2859 3007 2869
f 2599 2569 2588
f 2589 2570 2584
f 2590 2585 2723
f 2724 2586 2918
f 2725 2919 2731
f 2732 2920 2924
f 2733 2925 2707
f 2709 2926 2932
f 2708 2930 2716
f 2717 2931 2938
f 2715 2937 2693
f 2692 2936 2944
f 2691 2943 2701
f 2700 2942 2950
f 2699 2949 2979
f 2978 2948 2956
f 2977 2955 2987
f 2986 2954 2962
f 2985 2961 2971
f 2970 2960 2968
f 2969 2967 2559
f 2558 2966 2543
f 2557 2542 2547
f 2550 2545 2537
f 3011 3022 2903
f 2777 3029 2764
f 2766 3033 3039
f 2765 3038 2791
f 2790 3037 3048
f 2789 3044 2794
f 2795 3046 2799
f 3053 3057 3041
f 3045 3062 2740
f 3047 2741 2800
f 3028 3068 3036
f 3035 3067 3073
f 3034 3072 3040
f 3042 3074 3078
f 3043 3079 3054
f 2778 2847 3031
f 3032 2848 2843
f 3030 2842 3087
f 2833 3093 2818
f 2819 3095 3086
f 2817 3084 2837
f 2838 3085 2841
f 2673 3104 2824
f 2825 3106 3092
f 2823 3091 2828
f 2829 3094 2834
f 3110 3117 3097
f 3096 3116 3121
f 3099 3123 3090
f 3089 3122 3129
f 3088 3128 3082
f 2674 2670 3105
f 3101 2669 2663
f 3103 2665 3134
f 3127 3137 3080
f 3081 3138 3142
f 3083 3143 3027
f 3026 3141 3149
f 3025 3148 3066
f 2633 2623 3155
f 3153 2622 2911
f 3154 2912 3161
f 3005 3169 2867
f 2865 3165 3175
f 2866 3178 2872
f 3004 2999 3167
f 3168 3000 2996
f 3166 2995 3060
f 3059 2994 2744
f 3061 2745 2739
f 3181 3183 3189
f 3190 3184 3156
f 3191 3158 3021
f 3024 3159 2910
f 3023 2909 2904
f 3173 3196 3199
f 3198 3194 3207
f 3197 3206 3010
f 2905 2899 3012
f 3013 2900 2894
f 3014 2895 3201
f 3202 2896 2890
f 3200 2889 3174
f 3177 2891 2876
f 3176 2875 2871
f 3213 3111 3216
f 3218 3112 3100
f 3217 3098 3220
f 3222 3102 3133
f 3052 3225 3055
f 3056 3226 3230
f 3058 3232 3164
f 3163 3231 3236
f 3162 3235 3170
f 3171 3237 3242
f 3172 3243 3195
f 1128 1134 3019
f 1098 1112 3205
f 982 3245 3252
f 985 3254 1145
f 1144 3249 3256
f 1143 3255 1149
f 1026 3125 1015
f 1014 3124 3119
f 1013 3118 1000
f 1002 3120 3115
f 1001 3114 984
f 983 3113 3108
f 981 3107 3244
f 3247 3109 3209
f 3144 3139 1025
f 1028 3140 3135
f 1029 3136 3126
f 1027 1040 3146
f 3145 1039 1186
f 3147 1187 3065
f 3063 1185 1198
f 3064 1200 3070
f 3069 1199 1211
f 3071 1212 3077
f 3076 1210 1223
f 3075 1222 3050
f 3049 1221 1233
f 3051 1235 3223
f 3224 1236 3229
f 3227 1234 1068
f 3228 1069 3233
f 3234 1070 3238
f 3241 1071 1082
f 3240 1081 1093
f 1099 3208 1094
f 1091 3203 3192
f 1092 3193 3239
f 1129 3020 1113
f 1110 3015 3008
f 1111 3009 3204
f 1133 1139 3018
f 3016 1137 3259
f 3017 3262 3187
f 3188 3264 3180
f 3265 3270 3276
f 978 943 3293
f 3295 946 3299
f 3297 944 936
f 3302 939 3308
f 976 3287 972
f 973 3290 3320
f 969 3318 923
f 3325 935 3317
f 3313 934 928
f 3319 930 924
f 3330 3336 3315
f 3314 3335 3339
f 3316 3340 3324
f 2308 3328 2313
f 2314 3329 3312
f 2310 3311 2520
f 2524 3321 3291
f 2522 3289 2526
f 2525 3288 1962
f 3343 3348 3281
f 3344 3282 3351
f 3352 3286 3271
f 3354 3272 3358
f 3275 3364 3360
f 3359 3363 3370
f 3355 3366 3371
f 3374 3368 3380
f 3373 3378 3385
f 3384 3377 3392
f 3381 3387 3394
f 3397 3388 3401
f 3393 3398 3404
f 3407 3399 3410
f 3403 3408 3416
f 3418 3409 3422
f 3414 3419 3428
f 3420 3434 3430
f 3429 3433 3440
f 3425 3438 3444
f 3442 3437 3447
f 3443 3448 3456
f 3462 3464 3279
f 3465 3469 3280
f 3284 3472 3475
f 3285 3476 3267
f 3349 3482 3283
f 3277 3479 3304
f 3278 3305 3461
f 3458 3301 3307
f 3477 1993 3303
f 3300 1992 1990
f 3298 1986 3294
f 3296 1987 1969
f 3292 1967 1965
f 3484 3489 3497
f 3506 3510 3500
f 899 885 3519
f 571 558 3531
f 2554 2551 3533
f 2531 2613 3544
f 3185 3182 3558
f 3554 3179 3263
f 3552 3261 3573
f 3572 3260 1138
f 3571 1136 1045
f 2612 2630 3543
f 3545 2631 2636
f 3541 2634 3581
f 3578 2632 3152
f 3575 3150 3560
f 3562 3151 3160
f 3559 3157 3186
f 3529 2546 3549
f 3551 2548 2535
f 3550 2534 2532
f 3536 3331 3327
f 3326 2304 3535
f 3539 2305 2608
f 3534 2607 2555
f 523 3333 539
f 538 3332 3537
f 540 3538 556
f 554 3532 559
f 932 3322 527
f 528 3323 3337
f 529 3338 3334
f 613 3540 626
f 627 3542 3582
f 623 3579 660
f 661 3580 667
f 615 602 3547
f 3546 601 596
f 3548 600 3528
f 3527 599 586
f 3530 588 570
f 664 3577 672
f 671 3576 3561
f 670 3557 650
f 702 711 3569
f 3570 712 714
f 3574 716 3553
f 3555 717 636
f 3556 637 649
f 3589 839 3565
f 3564 835 687
f 3563 686 698
f 799 809 3596
f 3598 810 818
f 3599 821 3583
f 3586 823 831
f 3588 834 838
f 800 3597 790
f 787 3592 3612
f 786 3611 778
f 744 3605 733
f 736 3606 3621
f 747 757 3610
f 3608 756 767
f 3609 768 777
f 886 880 3520
f 3526 882 855
f 3524 854 3615
f 3617 858 866
f 3620 868 734
f 3626 3628 3639
f 3640 3630 916
f 3641 918 3515
f 3514 917 911
f 3521 914 900
f 3501 3513 3633
f 3632 3511 3644
f 3635 3646 3623
f 3651 3654 3662
f 3663 3657 3669
f 3665 3671 3496
f 3494 3670 3674
f 3499 3676 3505
f 3659 3678 3687
f 3650 3661 3694
f 3693 3658 3686
f 3690 3685 3697
f 3703 3710 3716
f 3715 3709 3722
f 3714 3720 3729
f 3724 3717 3731
f 3728 3735 3700
f 3698 3730 3738
f 3696 3736 3689
f 3745 3749 3757
f 3756 3748 3762
f 3755 3761 3766
f 3713 3768 3701
f 3706 3770 3773
f 3704 3772 3778
f 3782 3774 3752
f 3777 3750 3783
f 3784 3751 3763
f 3495 3488 3664
f 3666 3493 3791
f 3660 3788 3679
f 3485 3498 3792
f 3794 3502 3634
f 3796 3637 3799
f 3522 3803 3809
f 3808 3813 3517
f 3518 3814 3820
f 3516 3818 3642
f 3636 3815 3821
f 3638 3822 3800
f 3804 3523 1544
f 1546 3525 3616
f 1547 3618 1550
f 1551 3619 1811
f 1815 3622 3607
f 1812 3604 1817
f 1899 1895 3594
f 3593 1894 1386
f 3595 1389 3614
f 3613 1385 1383
f 3603 1380 1816
f 1042 1058 3568
f 3567 1057 1063
f 3566 1059 3590
f 3591 1061 1253
f 1250 1309 3587
f 3585 1306 1415
f 3584 1414 3600
f 3602 1417 1903
f 3601 1902 1900
f 3829 3832 723
f 919 3840 905
f 909 3842 3847
f 3853 864 3859
f 3857 859 848
f 3858 851 3865
f 3864 850 844
f 3862 840 3867
f 3871 845 894
f 3868 891 3848
f 3844 890 904
f 3843 903 907
f 3872 739 3880
f 3878 738 878
f 3879 879 3854
f 3852 877 873
f 3851 872 863
f 3886 807 3893
f 3892 806 796
f 3890 791 3896
f 793 783 3900
f 3901 784 774
f 3897 772 3904
f 3902 769 759
f 3903 763 3876
f 3875 760 751
f 3874 750 742
f 3826 719 3911
f 721 708 3912
f 3907 704 696
f 3908 697 3915
f 3914 694 684
f 3916 685 3922
f 3921 682 679
f 3919 674 3924
f 3928 676 829
f 3927 827 3888
f 3884 825 817
f 3883 816 805
f 3930 606 3939
f 3940 607 620
f 3938 618 3944
f 3945 619 634
f 3943 633 3951
f 3949 630 659
f 3947 654 3955
f 3956 655 645
f 3954 643 3833
f 3834 644 726
f 3835 727 724
f 3959 564 3966
f 3963 562 574
f 3967 578 3971
f 3968 575 579
f 3972 583 3935
f 3932 580 592
f 3933 593 610
f 3978 3981 515
f 517 534 3979
f 3975 530 545
f 3974 542 3960
f 3962 543 550
f 3961 549 567
f 3988 938 951
f 3986 949 3995
f 521 3982 959
f 960 3983 4000
f 962 4004 965
f 968 4005 3998
f 967 3994 956
f 953 3993 947
f 3246 4009 3253
f 3251 4007 4020
f 4026 1148 4015
f 4018 1150 3257
f 4019 3258 3250
f 1343 1336 4031
f 4032 1337 1158
f 4036 1160 4023
f 4025 1162 1155
f 4024 1154 1147
f 1340 4030 1442
f 1440 4029 4044
f 1439 4041 1423
f 1421 4037 1427
f 1428 4039 4051
f 4058 1920 4062
f 4059 1919 1912
f 4063 1913 4046
f 4048 1915 1908
f 4049 1909 1424
f 1805 1792 4070
f 4071 1793 1787
f 4074 1789 4056
f 4052 1788 1821
f 4054 1823 1918
f 4080 4086 4089
f 4087 4085 4098
f 4100 1766 4090
f 4092 1768 1762
f 4094 1764 4068
f 4066 1763 1810
f 4065 1809 1803
f 4103 4110 4117
f 4118 4113 4122
f 4121 4126 4079
f 4075 4125 4130
f 4076 4131 4084
f 4105 4138 4142
f 4141 4144 4104
f 4108 4146 4150
f 4109 4151 4115
f 4158 4162 4166
f 1608 1646 4178
f 4096 4082 4189
f 4134 4195 4205
f 4211 4214 4217
f 4218 4215 4226
f 4219 4227 3483
f 3486 4228 3490
f 3491 4229 4233
f 3492 4234 3790
f 4238 4243 4247
f 4246 4242 4256
f 4245 4255 4209
f 4239 4248 4261
f 4260 4244 4266
f 4259 4265 4273
f 4277 4280 4285
f 4287 4281 4294
f 4288 4295 4262
f 4263 4296 4300
f 4264 4301 4272
f 4303 4307 4313
f 4314 4308 4319
f 4315 4324 4286
f 4283 4322 4328
f 4284 4330 4276
f 4302 4312 4332
f 4331 4311 4340
f 4333 4341 4347
f 4355 4360 4197
f 4198 4361 4366
f 4196 4365 4342
f 4339 4363 4370
f 4338 4369 4346
f 4378 4357 4381
f 4379 4356 4199
f 4383 4201 4386
f 4389 4204 4194
f 4128 4124 4395
f 4393 4123 4114
f 4391 4111 4400
f 4401 4112 4149
f 4398 4147 4407
f 4408 4148 4145
f 4405 4143 4139
f 1756 4185 1753
f 1751 4183 4414
f 1752 4415 1708
f 1757 1780 4186
f 4188 1781 1776
f 4187 1775 4095
f 4097 1777 1769
f 4099 1771 1765
f 1731 1726 4420
f 4422 1727 1714
f 1732 4421 1705
f 1703 4419 4428
f 1704 4430 1690
f 4434 1668 4427
f 4429 1669 1664
f 4431 1665 1691
f 1659 1686 4435
f 4437 1687 1682
f 4436 1681 1670
f 1636 1625 4442
f 4443 1626 1614
f 1637 4444 1641
f 1642 4445 4449
f 1643 4453 1398
f 4174 4459 4464
f 4404 4475 4397
f 4396 4473 4409
f 4399 4411 4390
f 4392 4413 4182
f 4394 4184 4127
f 4129 4190 4083
f 1647 1661 4180
f 4177 1660 4438
f 4175 4433 4460
f 4458 4432 4426
f 4457 4424 4471
f 4472 4425 4417
f 4474 4418 4410
f 4412 4423 1715
f 4416 1716 1709
f 3487 3793 4220
f 4223 3795 3798
f 4222 3797 4478
f 4140 4136 4406
f 4403 4132 4203
f 4402 4202 4470
f 4469 4200 4345
f 4468 4344 4455
f 4454 4343 4316
f 4456 4317 4461
f 4462 4318 4289
f 4463 4290 4152
f 4153 4291 4267
f 4154 4268 4159
f 4160 4269 4250
f 1545 1540 3806
f 3802 1539 4492
f 3805 4493 3810
f 3801 3824 4480
f 4479 3823 3816
f 4481 3817 4484
f 4486 3819 3811
f 4487 3812 3807
f 1538 1523 4490
f 4491 1524 1520
f 4489 1519 1600
f 4496 1603 4450
f 4452 1604 1402
f 4451 1401 1397
f 1572 1559 4500
f 4498 1558 1554
f 4499 1555 1605
f 1593 1589 4170
f 4172 1590 1586
f 4210 4216 4249
f 4252 4221 4477
f 4251 4476 4161
f 4164 4482 4485
f 4163 4483 4167
f 4173 4488 1599
f 4171 1598 1594
f 1585 1573 4169
f 4168 1571 4497
f 4165 4495 4157
f 4156 4494 4448
f 4155 4447 4467
f 4466 4446 4440
f 4465 4439 4176
f 4181 4441 1613
f 4179 1612 1609
f 4501 3695 3682
f 4509 4511 4519
f 4507 4517 4528
f 4353 4532 4358
f 4359 4533 4362
f 4375 4539 4354
f 4351 4537 4543
f 4352 4544 4531
f 4535 4526 4367
f 4368 4527 4516
f 4364 4515 4371
f 4373 4518 4546
f 4372 4545 4348
f 4350 4547 4552
f 4349 4551 4337
f 4550 4557 4335
f 4334 4556 4561
f 4336 4562 4306
f 4304 4560 4566
f 4305 4567 4309
f 4310 4568 4325
f 4572 4326 4580
f 4582 4329 4323
f 4581 4320 4585
f 4586 4321 4565
f 4575 4590 4598
f 4600 4282 4576
f 4574 4279 4275
f 4573 4274 4327
f 4257 4271 4605
f 4604 4270 4299
f 4601 4297 4593
f 4595 4298 4293
f 4594 4292 4278
f 4258 4606 4236
f 4235 4603 4616
f 4237 4620 4241
f 4627 4231 4224
f 4225 4213 4629
f 4628 4212 4208
f 4625 4206 4617
f 4618 4207 4253
f 4619 4254 4240
f 3789 4232 3681
f 3677 4230 4626
f 3680 4630 3688
f 3683 4621 4631
f 3684 4632 4502
f 4636 4640 4612
f 4613 4641 4647
f 4611 4646 4624
f 4623 4645 4651
f 4622 4650 4633
f 4637 4614 4654
f 4655 4615 4602
f 4656 4609 4661
f 4589 4664 4597
f 4599 4665 4670
f 4596 4669 4610
f 4607 4668 4673
f 4608 4674 4660
f 4652 4649 4678
f 4687 4695 4708
f 4711 4689 4720
f 4719 4688 4710
f 4716 4705 4723
f 4730 4734 4702
f 4704 4735 4738
f 4703 4737 4722
f 4747 4752 4756
f 4520 4512 4761
f 4522 4764 4745
f 4746 4765 4768
f 4748 4769 4753
f 4564 4558 4774
f 4775 4559 4554
f 4772 4553 4742
f 4744 4555 4549
f 4743 4548 4521
f 4563 4773 4571
f 4570 4771 4782
f 4569 4779 4587
f 4676 4672 4793
f 4792 4671 4667
f 4666 4591 4787
f 4788 4592 4577
f 4794 4579 4783
f 4781 4578 4584
f 4780 4583 4588
f 4648 4642 4677
f 4684 4644 4801
f 4686 4802 4807
f 4643 4639 4799
f 4798 4638 4657
f 4800 4658 4789
f 4790 4659 4662
f 4791 4663 4675
f 3727 3699 4505
f 3725 4504 4681
f 4679 4503 4634
f 4680 4635 4653
f 3740 3754 4809
f 4817 4823 4831
f 4835 4843 4851
f 4850 4842 4858
f 4848 4856 4863
f 4866 4872 4877
f 4878 4882 4867
f 4868 4884 4829
f 4865 4826 4885
f 4886 4828 4819
f 4887 4821 4893
f 4898 4901 4911
f 4913 4902 4916
f 4912 4914 4922
f 4923 4915 4925
f 4924 4926 4933
f 4934 4927 4936
f 4935 4937 4818
f 4820 4938 4941
f 4822 4942 4894
f 4897 4910 4947
f 4946 4909 4954
f 4948 4958 4960
f 4696 4965 4709
f 4707 4964 4970
f 4706 4969 4957
f 4956 4968 4974
f 4955 4973 4959
f 4979 4726 4984
f 4987 4728 4701
f 4986 4699 4992
f 4993 4700 4953
f 4991 4952 4998
f 4997 4951 4906
f 4999 4908 5004
f 5003 4907 4919
f 5005 4920 5009
f 5010 4921 4930
f 5011 4932 4853
f 4852 4931 4814
f 4854 4815 4837
f 4839 4816 4830
f 3753 3775 4808
f 4810 3776 3771
f 4806 3769 4685
f 4682 3767 3711
f 4683 3712 3726
f 4757 4977 4749
f 4751 4980 4985
f 4750 4982 4777
f 4778 4983 4990
f 4776 4989 4785
f 4784 4988 4994
f 4786 4996 4796
f 4795 4995 5000
f 4797 5002 4805
f 4804 5001 5008
f 4803 5007 4813
f 4812 5006 4847
f 4811 4846 3741
f 3744 4849 4864
f 940 3992 3310
f 3306 3989 5012
f 3309 5014 3459
f 3460 5015 5018
f 3273 3269 5030
f 5024 3268 5036
f 3266 3474 5035
f 5034 3473 3471
f 5032 3468 5017
f 5023 3470 3467
f 5022 3466 3463
f 3412 3400 5039
f 5040 3402 3389
f 5041 3390 5048
f 3391 3376 5050
f 5051 3379 3367
f 5046 3365 5025
f 5029 3369 3361
f 5031 3362 3274
f 3411 5038 3423
f 3424 5042 5055
f 3421 5054 3435
f 3431 5052 5058
f 3432 5063 3439
f 3436 5057 3446
f 3450 5059 5068
f 3449 5067 3457
f 4883 4880 5077
f 5076 4879 4873
f 5072 4871 5079
f 4881 5070 4825
f 4827 5075 5086
f 4824 5082 4832
f 5087 5092 4834
f 4833 5090 4840
f 4838 5089 5098
f 4836 5095 4845
f 4841 5093 5100
f 4844 5103 4859
f 4857 5099 5107
f 4855 5106 4862
f 4860 5104 5115
f 4861 5117 3743
f 5119 3758 5110
f 5113 3760 3746
f 5114 3747 3742
f 5129 3781 5134
f 5133 3780 3785
f 5135 3787 5120
f 5118 3786 3764
f 5123 3765 3759
f 3721 3707 5124
f 5125 3708 3702
f 5127 3705 3779
f 5131 5142 3723
f 3718 5139 5146
f 3719 5147 3734
f 3733 5145 5153
f 3732 5152 3739
f 5160 3655 5167
f 5163 3653 3648
f 5166 3652 5155
f 5149 3649 3692
f 5148 3691 3737
f 915 3629 3838
f 3839 3631 3627
f 3837 3625 5173
f 5171 3624 3647
f 5169 3645 5179
f 5175 3643 3508
f 5176 3512 5181
f 5180 3509 3503
f 5184 3507 5190
f 5188 3504 3675
f 5186 3672 5159
f 5161 3673 3667
f 5162 3668 3656
f 5194 3980 3977
f 5192 3976 5210
f 5206 3973 3957
f 5207 3958 3965
f 3937 5218 3929
f 3931 5220 5200
f 3934 5208 3970
f 3969 5205 3964
f 3953 5226 3946
f 3948 5231 5212
f 3950 5217 3942
f 3941 5216 3936
f 3952 3830 5225
f 5227 3831 3828
f 5223 3827 5241
f 3825 3910 5239
f 5238 3909 3917
f 5233 3913 5249
f 5251 3918 3923
f 3920 3926 5246
f 5245 3925 3887
f 5244 3885 5260
f 3889 3894 5261
f 5255 3891 3898
f 5254 3895 5270
f 5272 3899 3906
f 5271 3905 3877
f 3873 3881 5267
f 5268 3882 3855
f 5263 3850 5282
f 5284 3856 3861
f 5283 3860 3866
f 3841 5292 3846
f 3845 5291 5275
f 3849 5276 3869
f 3870 5277 3863
f 3985 5197 5298
f 3984 5297 4003
f 5296 5303 4001
f 4002 5304 5307
f 4006 5312 3999
f 3997 5311 5316
f 3996 5315 3987
f 5065 5328 3454
f 3451 5326 5331
f 5330 5325 5337
f 5336 5322 5344
f 5335 5343 5351
f 5349 5342 5356
f 5354 5339 5360
f 5352 5359 5363
f 5362 5357 5368
f 5364 5373 5375
f 5383 5386 5395
f 5396 5387 5401
f 5389 5397 5402
f 5404 5400 5408
f 5405 5409 5367
f 5372 5411 5414
f 5374 5415 5376
f 5419 5424 5430
f 5433 5427 5441
f 5432 5440 5443
f 5445 5448 5434
f 5435 5449 5453
f 5436 5454 5388
f 5394 5456 5460
f 5393 5459 5380
f 5464 5468 5478
f 5477 5466 5480
f 5473 5479 5485
f 5486 5481 5489
f 5487 5492 5495
f 5494 5505 5499
f 5498 5504 5507
f 5501 5509 5516
f 5517 5511 5521
f 5515 5518 5524
f 5525 5522 5531
f 5526 5533 5418
f 5417 5528 5534
f 5423 5537 5428
f 5540 5542 5553
f 5560 5562 5567
f 5557 5566 5572
f 5573 5569 5577
f 5575 5580 5552
f 5546 5579 5583
f 5547 5584 5539
f 5544 5588 5554
f 5555 5590 5594
f 5551 5592 5598
f 5599 5593 5602
f 5601 5604 5474
f 5476 5606 5610
f 5475 5609 5461
f 5563 5561 5614
f 5613 5559 5623
f 5617 5624 5628
f 5081 4876 5620
f 5618 4875 5632
f 5625 5634 5629
f 5642 5069 5060
f 5643 5062 5646
f 5061 5053 5645
f 5650 5056 5043
f 5651 5045 5660
f 5044 5049 5659
f 5656 5047 5026
f 5657 5027 5673
f 5028 5037 5674
f 5667 5033 5021
f 5666 5020 5681
f 5019 5016 5680
f 5677 5013 3991
f 5676 3990 5320
f 5685 5116 5105
f 5687 5109 5694
f 5108 5101 5688
f 5689 5102 5094
f 5695 5096 5698
f 5078 5705 5071
f 5074 5706 5716
f 5073 5715 5085
f 5084 5714 5703
f 5083 5702 5091
f 5088 5699 5097
f 5723 5730 5174
f 5178 5731 5168
f 5170 5734 5286
f 5172 5288 3836
f 5177 5182 5726
f 5727 5183 5189
f 5724 5187 5740
f 5738 5185 5158
f 5736 5156 5744
f 5157 5165 5749
f 5748 5164 5154
f 5745 5150 5752
f 5151 5143 5753
f 5754 5144 5138
f 5757 5140 5762
f 5764 5141 5128
f 5763 5126 5767
f 5772 5130 5136
f 5768 5132 5774
f 5137 5122 5776
f 5775 5121 5111
f 5777 5112 5682
f 5785 5788 5219
f 5791 5795 5202
f 5796 5799 5204
f 5209 5803 5806
f 5211 5808 5193
f 5191 5807 5810
f 5195 5812 5814
f 5221 5790 5201
f 5199 5789 5820
f 5203 5821 5792
f 5823 5827 5228
f 5229 5828 5831
f 5232 5834 5213
f 5214 5835 5837
f 5215 5838 5782
f 5237 5844 5846
f 5240 5847 5222
f 5224 5848 5851
f 5230 5853 5824
f 5247 5857 5860
f 5250 5862 5234
f 5236 5864 5868
f 5235 5867 5843
f 5871 5875 5256
f 5257 5876 5878
f 5259 5880 5243
f 5242 5879 5883
f 5248 5886 5858
f 5889 5892 5264
f 5269 5895 5253
f 5252 5893 5896
f 5258 5900 5872
f 5904 5908 5280
f 5278 5907 5910
f 5281 5911 5262
f 5265 5912 5916
f 5266 5917 5890
f 5290 5923 5274
f 5273 5922 5925
f 5279 5928 5903
f 5932 5934 5318
f 5941 5944 5309
f 5308 5943 5947
f 5310 5951 5314
f 5313 5950 5953
f 5317 5956 5931
f 5939 5305 5960
f 5961 5306 5301
f 5957 5300 5965
f 5967 5302 5295
f 5964 5294 5971
f 5970 5293 5975
f 5976 5299 5198
f 5974 5196 5817
f 5980 5346 5985
f 5984 5345 5324
f 5982 5323 5988
f 5990 5329 5995
f 5994 5327 5064
f 5996 5066 5636
f 5999 6006 5638
f 6009 6013 5647
f 5648 6014 6020
f 5644 6019 5641
f 5639 6017 6022
f 5640 6023 6002
f 6028 6032 5661
f 5662 6033 6039
f 5658 6034 5649
f 5653 6035 6041
f 5652 6040 6010
f 5671 6047 6050
f 5672 6052 5655
f 5654 6051 6056
f 5663 6058 6029
f 6063 6067 5670
f 5669 6066 6071
f 5668 6070 6045
f 6060 5664 6076
f 6077 5665 5679
f 6075 5678 6081
f 6078 5675 5319
f 6082 5321 5937
f 5558 6086 5621
f 5622 6087 5711
f 5619 5710 5080
f 5556 5571 6085
f 6092 5574 5549
f 6091 5548 6096
f 5550 5597 6098
f 6102 5600 5470
f 6103 5471 6106
f 5472 5484 6108
f 6114 5488 5497
f 6113 5496 6116
f 6119 5500 5512
f 6120 5513 6124
f 5514 5523 6126
f 6129 5527 5420
f 6130 5421 6132
f 5422 5431 6133
f 6139 5437 5391
f 6140 5392 6145
f 5390 5403 6144
f 6148 5406 5370
f 6149 5371 6154
f 5369 5358 6153
f 6157 5361 5340
f 6159 5341 5978
f 6165 5684 6167
f 6171 5686 5692
f 5696 6172 6177
f 5697 6180 5693
f 5691 6176 6182
f 5690 6181 6169
f 6186 6191 5720
f 5713 6190 6195
f 5717 6198 5704
f 5700 6193 6201
f 5701 6202 6175
f 6185 5719 6207
f 6204 5718 5707
f 6206 5708 6211
f 6218 5981 6221
f 6220 5979 5983
f 6222 5987 6226
f 6225 5986 5989
f 6228 5992 6231
f 6230 5991 5997
f 6232 5998 6237
f 6236 5993 5635
f 6239 5637 6004
f 6213 5709 6242
f 6245 5712 6088
f 6244 6083 6248
f 6249 6084 6251
f 6255 6261 6095
f 6094 6260 6267
f 6097 6268 6093
f 6090 6265 6273
f 6089 6272 6253
f 6274 6280 6100
f 6099 6279 6283
f 6101 6284 6256
f 6277 6105 6289
f 6287 6104 6107
f 6290 6109 6292
f 6115 6298 6112
f 6111 6296 6303
f 6110 6302 6293
f 6306 6312 6122
f 6117 6310 6314
f 6118 6315 6300
f 6307 6123 6319
f 6318 6121 6125
f 6320 6127 6324
f 6326 6128 6131
f 6327 6135 6330
f 6333 6339 6137
f 6136 6337 6343
f 6134 6342 6329
f 6347 6151 6351
f 6350 6147 6152
f 6346 6357 6150
f 6146 6355 6362
f 6143 6359 6138
f 6142 6360 6366
f 6141 6365 6335
f 5977 6214 6158
f 6160 6215 6369
f 6370 6375 6161
f 6155 6373 6377
f 6156 6378 6353
f 6384 6387 6396
f 6402 6407 6415
f 6417 6422 6428
f 6434 6439 6445
f 6455 6459 6465
f 6469 6472 6482
f 6491 6495 6498
f 6506 6514 6516
f 6011 6042 6529
f 6055 6049 6540
f 5919 6543 6548
f 5905 5901 6556
f 6558 5902 5927
f 6566 5888 5915
f 6562 5914 6559
f 6561 5918 5913
f 6557 5909 5906
f 5873 5869 6573
f 6575 5870 5899
f 6571 5898 6569
f 6567 5897 5894
f 6565 5891 5887
f 6579 5882 6576
f 6578 5884 5881
f 6574 5877 5874
f 5841 5865 6589
f 6590 5866 5863
f 6587 5861 6584
f 6582 5859 5855
f 6583 5856 5885
f 6599 5826 5854
f 6596 5850 6592
f 6594 5852 5849
f 6591 5845 5842
f 5783 5840 6607
f 6606 5839 5836
f 6604 5833 6601
f 6600 5832 5830
f 6598 5829 5825
f 5797 5793 6615
f 6616 5794 5822
f 6613 5818 6608
f 6611 5819 5787
f 6610 5786 5784
f 5798 6617 5800
f 5801 6618 6621
f 5802 6624 5805
f 5804 6623 5809
f 5811 6626 6629
f 5813 6630 5815
f 5963 5969 6635
f 6634 5968 5972
f 6636 5973 5816
f 5948 5945 6640
f 6641 5946 5942
f 6639 5940 6650
f 6647 5938 5958
f 6648 5959 5966
f 5949 6642 5952
f 5954 6644 6653
f 5955 6654 5929
f 5930 6655 5933
f 5935 6657 6660
f 5936 6663 6080
f 6668 6061 6665
f 6664 6059 6074
f 6662 6073 6079
f 6048 6046 6539
f 6535 6044 6068
f 6536 6072 6672
f 6670 6069 6064
f 6671 6065 6062
f 6038 6031 6678
f 6008 6525 6012
f 6238 6510 6234
f 6235 6513 6685
f 6233 6684 6229
f 6240 6005 6511
f 6512 6007 6000
f 6515 6001 6518
f 6521 6003 6025
f 6520 6024 6018
f 6507 6517 6688
f 6690 6519 6695
f 6689 6694 6703
f 6708 6712 6717
f 6718 6713 6724
f 6719 6725 6691
f 6692 6726 6729
f 6693 6730 6702
f 6707 6715 6735
f 6734 6714 6741
f 6732 6739 6747
f 6751 6755 6759
f 6758 6754 6765
f 6761 6767 6736
f 6737 6768 6772
f 6738 6773 6746
f 6750 6757 6778
f 6777 6756 6784
f 6775 6783 6791
f 6796 6803 6779
f 6782 6804 6808
f 6781 6807 6790
f 6813 6820 6792
f 6795 6821 6825
f 6794 6824 6801
f 6828 6833 6836
f 6837 6834 6844
f 6840 6846 6809
f 6810 6847 6850
f 6811 6851 6818
f 6829 6838 6856
f 6855 6835 6863
f 6853 6859 6870
f 6876 6880 6858
f 6860 6881 6884
f 6861 6885 6871
f 6888 6897 6874
f 6903 6908 6890
f 6887 6907 6911
f 6889 6912 6898
f 6914 6922 6929
f 6924 6921 6936
f 6926 6937 6941
f 6944 6552 6550
f 6551 6554 5926
f 6549 5924 5921
f 6485 6475 6948
f 6958 6962 6969
f 6968 6961 6974
f 6973 6453 6967
f 6966 6452 6461
f 6970 6463 6979
f 6978 6462 6981
f 6980 6983 6991
f 6990 6982 6993
f 6992 6994 7000
f 7009 7017 7023
f 7029 7032 7014
f 7015 7033 7036
f 7016 7037 7018
f 7021 7038 7044
f 7020 7043 7048
f 7050 7057 7068
f 6460 7028 6466
f 6464 7027 7011
f 6467 7013 6985
f 6984 7012 7005
f 6986 7007 6997
f 7075 7077 7083
f 7084 7078 7088
f 7087 7092 6480
f 6479 7091 7094
f 6481 7096 6468
f 7051 7098 7058
f 7059 7099 7103
f 7062 7107 7072
f 7071 7104 7108
f 7076 7111 7079
f 7116 7119 7131
f 7130 7118 7134
f 7129 7132 7139
f 7144 7150 7158
f 7157 7149 7163
f 7154 7161 7169
f 7170 7162 7176
f 7166 7172 7181
f 7182 7174 7188
f 7178 7184 7193
f 7195 7186 7200
f 7190 7196 7205
f 7207 7198 7212
f 7202 7209 7217
f 7218 7210 7225
f 7214 7221 7229
f 7230 7222 7237
f 7226 7234 7240
f 6940 6901 6925
f 6927 6902 6886
f 6932 6891 7245
f 6875 6857 6892
f 6894 6862 7252
f 6893 7251 7246
f 7250 7253 7261
f 7247 7257 7265
f 7267 7271 7249
f 7248 7270 7277
f 7244 7276 6931
f 6928 7274 7279
f 6930 7280 6915
f 6435 6447 7284
f 7291 7297 7303
f 7302 7295 7313
f 7304 7314 7318
f 7320 7325 7333
f 7332 7324 7338
f 7337 7342 7310
f 7308 7339 7344
f 7307 7343 7315
f 7290 7348 7296
f 7301 7350 7355
f 7300 7354 7362
f 7360 7351 7365
f 7359 7364 7371
f 7361 7377 7298
f 7299 7378 7384
f 7294 7380 7311
f 7312 7381 7390
f 7309 7386 7335
f 7336 7387 7396
f 7329 7392 6950
f 6951 7393 7402
f 6946 7398 6483
f 6484 7399 7408
f 6478 7404 7085
f 7086 7405 7414
f 7082 7410 7073
f 7074 7411 7420
f 7070 7417 7061
f 7060 7416 7426
f 7056 7425 7067
f 7066 7424 7432
f 7063 7430 7436
f 7441 7447 7260
f 7258 7446 7450
f 7259 7451 7266
f 7376 7147 7383
f 7382 7146 7159
f 7379 7155 7388
f 7389 7156 7171
f 7385 7167 7394
f 7395 7168 7183
f 7391 7179 7400
f 7401 7180 7194
f 7397 7191 7406
f 7407 7192 7206
f 7403 7203 7412
f 7413 7204 7219
f 7409 7215 7418
f 7419 7216 7231
f 7415 7228 7423
f 7422 7227 7243
f 7421 7242 7429
f 6406 7287 6414
f 6410 7286 6449
f 6411 6450 7458
f 7455 6448 7465
f 7456 7466 7468
f 7467 7464 7476
f 7469 7478 7480
f 7479 7477 7488
f 7481 7490 7492
f 7491 7489 7499
f 7494 7502 7504
f 7503 7501 7511
f 7506 7514 7516
f 7515 7513 7523
f 7518 7526 7528
f 7527 7525 7535
f 7530 7538 7540
f 7539 7537 7547
f 7544 7549 7552
f 7553 7550 7559
f 7556 7561 7565
f 7566 7562 7571
f 7568 7573 6674
f 6675 7574 6531
f 6676 6532 6037
f 6036 6530 6043
f 6440 7444 6446
f 6443 7443 7263
f 6444 7264 7463
f 7461 7262 7255
f 7462 7256 7474
f 7473 7254 6864
f 7475 6866 7486
f 7485 6865 6839
f 7487 6842 7498
f 7497 6841 6812
f 7500 6815 7510
f 7509 6814 6793
f 7512 6798 7522
f 7521 6797 6780
f 7524 6786 7534
f 7533 6785 6760
f 7536 6763 7546
f 7545 6762 6740
f 7548 6742 7557
f 7558 6743 6716
f 7560 6720 7569
f 7570 6721 6696
f 7572 6698 6527
f 6526 6697 6523
f 6528 6524 6016
f 6015 6522 6021
f 5962 6633 6646
f 6645 6632 7577
f 6649 7580 6638
f 6637 7579 7583
f 6643 7586 6652
f 6651 7585 7589
f 6656 7592 6659
f 6658 7591 7595
f 6661 7598 6667
f 6666 7597 7601
f 6669 7605 6534
f 7117 7608 7120
f 7123 7610 7613
f 7124 7614 7617
f 7620 7616 7625
f 7622 7626 7630
f 6382 6395 7639
f 6431 7141 7642
f 7643 7142 7133
f 7644 7135 7648
f 7649 7136 7121
f 7651 7122 7635
f 7638 7125 7618
f 7640 7619 6383
f 6385 7621 7629
f 6386 7631 6388
f 7656 7663 7665
f 7664 7662 7672
f 7667 7675 7677
f 7676 7674 7684
f 7679 7687 7689
f 7688 7686 7696
f 7691 7699 7701
f 7700 7698 7708
f 7703 7711 7713
f 7712 7710 7721
f 7714 7723 7725
f 7724 7722 7734
f 6503 7738 7748
f 7745 7737 7750
f 7749 7752 7758
f 7757 7751 7762
f 7761 7764 7769
f 7770 7765 7774
f 7773 7778 7782
f 7781 7777 7786
f 7785 7790 7794
f 7792 7789 7798
f 7796 7803 7806
f 7804 7801 7811
f 7808 7815 7818
f 7816 7813 7825
f 7819 7827 7829
f 7655 7821 7659
f 7660 7823 7832
f 7661 7835 7671
f 7670 7833 7837
f 7673 7841 7683
f 7682 7840 7844
f 7685 7846 7694
f 7695 7847 6394
f 7697 6399 7707
f 7706 6398 6389
f 7709 6391 7719
f 7718 6390 7632
f 7720 7634 7733
f 7731 7633 7627
f 6945 6488 6553
f 6555 6490 6496
f 6560 6501 6564
f 6563 6500 7744
f 6568 7746 6570
f 6572 7747 7756
f 6577 7759 6580
f 6581 7760 7768
f 6585 7772 6588
f 6586 7771 7780
f 6593 7784 6597
f 6595 7783 7793
f 6602 7797 6605
f 6603 7795 7805
f 6609 7809 6614
f 6612 7807 7817
f 6619 7822 6622
f 6620 7820 7654
f 6625 7658 6628
f 6627 7657 7666
f 6631 7669 7576
f 7575 7668 7678
f 7578 7681 7582
f 7581 7680 7690
f 7584 7693 7588
f 7587 7692 7702
f 7590 7704 7593
f 7594 7705 7715
f 7596 7717 7600
f 7599 7716 7728
f 6421 6401 6427
f 6426 6400 6413
f 6430 6416 7140
f 7137 6412 7459
f 7138 7460 7127
f 7126 7457 7470
f 7128 7472 7114
f 7113 7471 7482
f 7115 7484 7607
f 7606 7483 7493
f 7609 7496 7612
f 7611 7495 7505
f 7615 7508 7624
f 7623 7507 7517
f 7628 7520 7732
f 7730 7519 7529
f 7735 7532 7727
f 7726 7531 7541
f 7729 7542 7602
f 7603 7543 7551
f 7604 7554 6533
f 6537 7555 7564
f 6538 7567 6054
f 6053 7563 6673
f 6057 6679 6027
f 6026 6677 6030
f 7851 7854 7435
f 7857 7859 7438
f 7439 7860 7863
f 7440 7864 7064
f 7065 7865 7869
f 7069 7871 7052
f 7233 7004 7239
f 7238 7001 6995
f 7241 6998 7428
f 7427 6996 7006
f 7431 7010 7437
f 7433 7008 7022
f 7434 7024 7849
f 7848 7019 7047
f 6494 7875 6497
f 6499 7876 7878
f 6502 7879 7736
f 7740 7882 7885
f 7742 7886 7890
f 6473 7891 6947
f 6949 7893 7895
f 6952 7900 7331
f 7330 7899 7903
f 7334 7904 7321
f 7889 6955 7741
f 7739 6954 6963
f 7743 6965 7754
f 7753 6964 6975
f 7755 6977 7766
f 7763 6976 6987
f 7767 6989 7776
f 7775 6988 6999
f 7779 7003 7788
f 7787 7002 7232
f 7791 7236 7800
f 7799 7235 7220
f 7802 7224 7812
f 7810 7223 7208
f 7814 7213 7826
f 7824 7211 7197
f 7828 7201 7831
f 7830 7199 7185
f 7834 7189 7838
f 7836 7187 7173
f 7839 7177 7843
f 7842 7175 7160
f 7845 7165 6393
f 6392 7164 7151
f 6397 7153 7641
f 7637 7152 7148
f 7636 7145 7653
f 7652 7143 7375
f 7650 7374 7647
f 7646 7373 7358
f 7645 7356 6432
f 6433 7357 7370
f 6429 7368 6418
f 5722 7906 5729
f 5732 7910 7912
f 5733 7914 5285
f 5287 7916 6542
f 5289 6544 5920
f 5735 5742 7917
f 7919 7922 5737
f 5741 7924 7928
f 5739 7926 5721
f 5725 7930 7933
f 5728 7935 7909
f 5756 5761 7940
f 7937 5759 7943
f 7936 7948 5755
f 5750 7946 7951
f 5751 7953 5743
f 5747 7954 7957
f 5746 7956 7918
f 7942 5758 7961
f 7962 5760 5766
f 7963 5769 7965
f 5683 6162 5778
f 5781 6164 7972
f 7970 7977 5780
f 5779 7973 7981
f 5773 7978 5765
f 5771 7979 7984
f 5770 7983 7966
f 7992 7994 8001
f 6243 6247 8011
f 7949 7938 8017
f 8026 8030 8040
f 8041 8047 8054
f 6822 6819 8063
f 6752 6749 8071
f 6731 6745 8080
f 8079 6744 6771
f 8076 6769 8073
f 8074 6770 6766
f 8072 6764 6753
f 6733 8082 6705
f 6704 8081 8086
f 6706 8087 6710
f 6711 8088 8093
f 6709 8092 6722
f 6504 6687 8103
f 8102 6686 6699
f 8107 6701 8096
f 8095 6700 6728
f 8094 6727 6723
f 6376 6372 8101
f 8100 6371 6216
f 6227 6682 6223
f 6224 6683 6219
f 6217 6681 8106
f 8104 6680 6508
f 8105 6509 6505
f 6258 6254 8108
f 8111 6257 6285
f 8113 6286 6282
f 6276 6288 8117
f 6291 6294 8120
f 8121 6295 6304
f 8122 6305 6297
f 8127 8123 8132
f 8133 8125 6299
f 8135 6301 6317
f 6316 6311 8134
f 8136 6313 6308
f 8137 6309 6321
f 8142 8129 8147
f 8149 8131 8140
f 8148 8139 8155
f 8154 8138 6323
f 8153 6322 6325
f 6328 6332 8157
f 8156 6331 6344
f 8158 6345 6338
f 6336 6367 8165
f 8166 6368 6361
f 6358 6349 8174
f 8173 6348 6352
f 8175 6354 6379
f 8181 8145 8185
f 8187 8146 8151
f 8186 8150 8191
f 8193 8152 8161
f 8192 8160 8164
f 8163 8159 6341
f 8162 6340 6334
f 8200 8183 8203
f 8205 8184 8189
f 8204 8188 8209
f 8211 8190 8195
f 8210 8194 8215
f 8217 8196 8169
f 8216 8168 8172
f 8171 8167 6364
f 8170 6363 6356
f 8224 8201 8065
f 8068 8202 8206
f 8069 8207 8075
f 8078 8208 8213
f 8077 8212 8083
f 8085 8214 8219
f 8084 8218 8089
f 8091 8220 8178
f 8090 8177 8099
f 8098 8176 6381
f 8097 6380 6374
f 8230 8241 8244
f 8242 8239 8252
f 8243 8253 8257
f 8254 8250 8264
f 8255 8265 8269
f 8266 8262 8276
f 8267 8277 8281
f 8278 8274 8288
f 8279 8289 8293
f 8290 8285 8299
f 8291 8301 8305
f 8302 8297 8313
f 8303 8315 8318
f 6748 6776 8070
f 8066 6774 6787
f 8067 6789 8227
f 8226 6788 6806
f 8225 6805 6802
f 6281 6275 8112
f 8116 6278 8119
f 8115 8118 8323
f 8326 8124 8128
f 8325 8126 8329
f 8332 8130 8143
f 8331 8141 8335
f 8338 8144 8180
f 8337 8179 8341
f 8344 8182 8199
f 8343 8197 8348
f 8350 8198 8223
f 8349 8221 8061
f 8062 8222 6799
f 8064 6800 6823
f 8354 8359 8365
f 8371 8357 8380
f 8384 8388 8397
f 8399 8389 8401
f 8400 8407 8398
f 8393 8406 8375
f 8392 8374 8412
f 8409 8370 8379
f 8411 8381 8419
f 8404 8421 8372
f 8373 8422 8427
f 8369 8426 8356
f 8358 8428 8433
f 8355 8431 8360
f 6849 6845 8236
f 8233 6843 6832
f 8438 8441 8450
f 6827 6854 8463
f 8460 6852 6869
f 6895 6909 8451
f 8452 6910 6906
f 8468 8435 8474
f 8476 8436 8448
f 8475 8447 8479
f 8480 8449 6904
f 8483 6905 6900
f 8486 8490 8498
f 8446 6883 6879
f 8443 6878 8455
f 8454 6877 6873
f 8453 6872 6896
f 8046 8383 8053
f 8051 8382 8395
f 8052 8396 8504
f 8501 8394 8413
f 8502 8414 8510
f 8507 8410 8418
f 8509 8420 8518
f 7034 7031 8523
f 8521 7030 7025
f 7026 6457 8522
f 8524 6458 8538
f 8520 8536 8544
f 8547 8553 8561
f 8565 8555 8571
f 8562 8567 8572
f 8574 8569 8580
f 8577 8582 8585
f 8586 8583 8592
f 8589 8594 8598
f 8605 8615 8559
f 8621 8623 8631
f 8633 8625 8635
f 8632 8634 8642
f 8644 8636 8647
f 8643 8646 8651
f 8595 8662 8600
f 8601 8663 8665
f 8602 8669 8675
f 8674 8668 8032
f 8676 8035 8680
f 8683 7045 7040
f 7035 8529 7042
f 7039 8528 8688
f 7041 8689 8684
f 8029 8695 8039
f 8037 8693 8540
f 8036 8539 8681
f 8682 8543 8535
f 8694 8699 8542
f 8541 8698 8702
f 8545 8704 8525
f 8527 8706 8710
f 8526 8709 8687
f 8712 8723 8729
f 8735 8741 8748
f 8746 8736 8754
f 8745 8751 8758
f 8734 8764 8739
f 8740 8765 8769
f 8738 8767 8719
f 8720 8768 8772
f 8721 8773 8726
f 8777 8782 8790
f 8791 8787 8612
f 8604 8794 8614
f 8617 8796 8800
f 8616 8799 8792
f 8778 8806 8784
f 8783 8805 8810
f 8781 8809 8749
f 8750 8811 8813
f 8752 8814 8759
f 8731 8820 8715
f 8714 8819 8823
f 8716 8824 8826
f 8554 8611 8568
f 8570 8613 8788
f 8566 8785 8578
f 8579 8786 8753
f 8581 8756 8591
f 8590 8755 8737
f 8593 8743 8661
f 8660 8742 8722
f 8664 8724 8666
f 8667 8725 8713
f 8670 8718 8034
f 8033 8717 8828
f 8038 8830 8025
f 7911 7908 8834
f 6541 7915 6547
f 6546 7913 8837
f 6545 8836 6943
f 6942 8835 6486
f 7877 7874 8844
f 8843 7873 6492
f 7907 7934 8833
f 8832 7932 7929
f 8831 7927 8853
f 7931 7925 8854
f 8851 7923 7921
f 8850 7920 7958
f 7947 8016 7952
f 6493 6489 8845
f 8842 6487 8840
f 8841 8838 8859
f 8860 8839 8857
f 8858 8855 8864
f 6953 7888 8875
f 8873 7887 7883
f 6456 6454 8537
f 8533 6451 6972
f 8532 6971 6959
f 7941 7960 8879
f 8881 7964 7967
f 8882 7968 7985
f 6166 6168 8891
f 7986 7980 8883
f 8885 7982 7974
f 8886 7975 8888
f 8889 7976 7969
f 8890 7971 6163
f 6170 6184 8896
f 8895 6183 6179
f 8894 6178 6173
f 6194 6189 8901
f 6192 6187 8904
f 8905 6188 6208
f 8907 6209 8008
f 8005 6205 6210
f 8009 6212 6241
f 6203 6196 8910
f 8911 6197 8902
f 8913 8903 8915
f 8917 8906 8006
f 8918 8007 8920
f 8924 8012 8309
f 8925 8310 8928
f 8931 8314 8298
f 8929 8296 8933
f 8937 8300 8286
f 8935 8284 8939
f 8943 8287 8273
f 8942 8272 8946
f 8949 8275 8261
f 8948 8260 8952
f 8955 8263 8249
f 8954 8248 8959
f 8961 8251 8238
f 8960 8237 8964
f 8967 8240 8229
f 8966 8228 8458
f 8461 8231 6830
f 8462 6831 6826
f 6246 6250 8010
f 8014 6252 6270
f 8013 6269 8311
f 8312 6271 6264
f 8308 6263 8316
f 7939 7944 8018
f 8019 7945 8880
f 8020 8884 8968
f 8970 8887 8892
f 8971 8893 8974
f 8977 8898 8980
f 8979 8982 8987
f 8989 8985 8993
f 8990 8994 8998
f 7884 7881 8874
f 8872 7880 8848
f 8871 8846 9007
f 9008 8847 8863
f 9006 8861 9013
f 9014 8862 8870
f 9012 8868 7999
f 8000 8869 9023
f 7998 9022 7989
f 7987 9021 9026
f 7988 9027 9029
f 7993 7991 9036
f 9035 7990 9033
f 9037 9034 9042
f 8478 9053 8473
f 8471 9052 9061
f 8472 9062 8466
f 8464 9059 9067
f 8465 9068 9072
f 9069 9065 9079
f 9070 9080 9084
f 9081 9077 9091
f 9082 9092 9096
f 9093 9088 9102
f 9095 9104 9109
f 9106 9099 9114
f 9107 9115 9122
f 9119 9112 9127
f 9117 9125 9131
f 8491 8044 8499
f 8494 8043 8056
f 8495 8057 9137
f 9134 8055 8505
f 9135 8506 9143
f 9140 8503 8511
f 9141 8512 9149
f 9146 8508 8517
f 9148 8519 9156
f 9154 8513 9162
f 9153 9161 9169
f 9166 9159 9175
f 9164 9173 9180
f 9177 9170 9184
f 9178 9186 9005
f 8997 9130 9004
f 9003 9129 9124
f 9001 9123 9176
f 9179 9126 9111
f 9181 9113 9165
f 9167 9116 9100
f 9168 9101 9152
f 9157 9103 9089
f 9155 9087 9147
f 9151 9090 9076
f 9150 9075 9142
f 9145 9078 9064
f 9144 9063 9136
f 9139 9066 9058
f 9138 9057 8496
f 8500 9060 9051
f 8497 9048 8484
f 6174 6200 8900
f 8897 6199 8908
f 8899 8909 8981
f 8983 8912 8914
f 8984 8916 8992
f 8996 8919 8922
f 8995 8921 9128
f 9132 8923 8926
f 9133 8927 9118
f 9121 8930 8934
f 9120 8932 9105
f 9110 8936 8940
f 9108 8938 9094
f 9098 8941 8945
f 9097 8944 9083
f 9086 8947 8951
f 9085 8950 9071
f 9074 8953 8958
f 9073 8956 8467
f 8469 8957 8962
f 8470 8963 8437
f 8440 8965 8457
f 8439 8456 8442
f 8444 8459 6867
f 8445 6868 6882
f 6960 6957 8534
f 8531 6956 8878
f 8530 8876 8678
f 8679 8877 9011
f 8677 9009 8672
f 8673 9010 9017
f 8671 9015 8597
f 8599 9016 8004
f 8596 8002 8587
f 8588 8003 7997
f 8584 7996 8576
f 8575 7995 9040
f 8573 9039 8563
f 8560 9038 9043
f 8564 9046 8548
f 6899 6938 8481
f 8482 6939 6935
f 8477 6933 9047
f 9054 6934 6918
f 9056 6920 9189
f 9188 9194 9055
f 9049 9192 9196
f 9050 9197 8485
f 6266 6259 8317
f 8320 6262 8110
f 8319 8109 8304
f 8307 8114 8322
f 8306 8321 8292
f 8295 8324 8328
f 8294 8327 8280
f 8283 8330 8334
f 8282 8333 8268
f 8271 8336 8340
f 8270 8339 8256
f 8259 8342 8347
f 8258 8345 8245
f 8247 8346 8059
f 8246 8058 8232
f 8234 8060 6816
f 8235 6817 6848
f 9202 8655 9205
f 9208 8657 9212
f 9216 9222 8606
f 8608 9223 9227
f 8607 9226 8795
f 9201 9220 8654
f 8652 9219 8609
f 8653 8610 8645
f 8640 8603 8557
f 8641 8558 8630
f 8629 8556 8552
f 8628 8550 8618
f 7959 7955 8852
f 8849 7950 8015
f 8856 8021 8865
f 8866 8022 8969
f 8867 8972 9018
f 9019 8973 8975
f 9020 8976 9024
f 9025 8978 8986
f 9028 8988 9030
f 9031 8991 8999
f 9032 9000 9041
f 9045 9002 9183
f 9044 9182 8546
f 8549 9185 9171
f 8551 9172 8619
f 8620 9174 9158
f 8622 9160 8624
f 8627 9163 8515
f 8626 8514 8637
f 8639 8516 8417
f 8638 8416 8649
f 8648 8415 8376
f 8650 8378 8658
f 8656 8377 8351
f 8659 8353 9214
f 9213 8352 8364
f 9215 8366 9210
f 5334 5350 9233
f 9243 9246 9256
f 9242 9255 9263
f 9268 9260 9272
f 9273 9261 9252
f 9274 9253 9280
f 9281 9254 9284
f 9279 9282 9290
f 9291 9283 9294
f 9289 9292 9301
f 9302 9293 9304
f 9303 9306 9313
f 9312 9305 9316
f 9311 9314 9322
f 9327 9335 9337
f 9338 9336 9321
f 9339 9323 9343
f 9344 9324 9315
f 9351 9355 9357
f 9358 9356 9367
f 9359 9368 9370
f 9371 9369 9378
f 9372 9379 9328
f 9325 9377 9382
f 9326 9383 9334
f 9386 9391 9400
f 9399 9390 9403
f 9398 9401 9410
f 9360 9413 9352
f 9349 9412 9417
f 9350 9418 9389
f 9388 9416 9422
f 9387 9421 9392
f 9411 9402 9236
f 9237 9404 9426
f 9238 9427 9430
f 9432 3441 3455
f 9431 3453 9239
f 9235 3452 5333
f 9234 5332 5338
f 9437 9444 9451
f 9455 9459 9467
f 9257 9248 9472
f 9473 9249 9481
f 9317 9308 9487
f 9484 9307 9295
f 9489 9297 9476
f 9475 9296 9286
f 9474 9285 9258
f 9374 9329 9496
f 9497 9330 9341
f 9495 9340 9485
f 9486 9342 9345
f 9488 9346 9318
f 9373 9493 9361
f 9363 9494 9505
f 9362 9504 9415
f 9511 9425 9503
f 9502 9423 9420
f 9501 9419 9414
f 1928 1923 9516
f 9521 1924 2211
f 9519 2207 9524
f 9526 2208 9528
f 9525 9527 9537
f 9539 9532 9542
f 9464 9458 9549
f 9461 9555 9551
f 9545 9553 9559
f 9546 9561 9534
f 9533 9560 9567
f 9531 9562 9541
f 9445 9438 9469
f 9470 9439 9570
f 9466 9568 9454
f 9572 9577 9581
f 9579 9591 9585
f 9588 9594 9598
f 9587 9597 9603
f 2121 2132 9608
f 9610 2133 2143
f 2046 9617 2035
f 2037 9621 9611
f 2036 9609 2025
f 2024 9607 2142
f 9625 2198 2192
f 9627 2193 9630
f 2209 2201 9529
f 9530 2202 2195
f 9535 2200 9548
f 9547 2199 9626
f 9550 9628 9465
f 9468 9629 9634
f 9471 9635 9447
f 2194 2187 9631
f 9632 2188 2153
f 9633 2154 9606
f 9612 2155 2109
f 9613 2110 2122
f 3342 3350 9639
f 9645 3353 3356
f 9646 3357 3372
f 3347 9653 3481
f 3480 9651 1978
f 3478 1976 1994
f 2105 9658 2100
f 2101 9660 9664
f 2102 9666 2090
f 2106 2014 9659
f 9657 2013 2004
f 9656 2003 9650
f 9648 2002 1997
f 9649 1998 1977
f 3346 3341 9652
f 9654 3345 9640
f 9655 9641 9661
f 9663 9643 9675
f 9662 9673 9669
f 9671 9677 9682
f 9670 9681 9622
f 9624 9683 9688
f 9623 9687 9614
f 9615 9689 9694
f 9616 9695 9638
f 9636 9693 9589
f 9637 9590 9448
f 9446 9586 9602
f 9443 9601 9450
f 9696 3415 9435
f 9434 3413 3427
f 9433 3426 3445
f 3382 3395 9700
f 9702 3396 3406
f 9701 3405 3417
f 9436 9429 9699
f 9698 9428 9407
f 9697 9406 9512
f 9509 9405 9393
f 9510 9394 9424
f 2047 2057 9619
f 9618 2056 2068
f 9620 2069 9668
f 9667 2067 2080
f 9665 2079 2089
f 9483 9575 9477
f 9478 9576 9582
f 9479 9584 9492
f 9491 9583 9691
f 9490 9690 9499
f 9500 9692 9685
f 9498 9684 9506
f 9508 9686 9679
f 9507 9678 9513
f 9515 9680 9674
f 9514 9672 9703
f 9705 9676 9644
f 9704 9642 3383
f 3386 9647 3375
f 9710 2508 2510
f 2512 2516 9715
f 9714 2515 2224
f 9711 2223 9716
f 9718 2227 2214
f 9720 2216 9726
f 9732 9538 9736
f 9740 9540 9544
f 9739 9543 9563
f 2213 1930 9722
f 9728 1932 1926
f 9724 1925 9742
f 9744 1929 9518
f 9745 9520 9733
f 9731 9517 9523
f 9730 9522 9536
f 2506 9708 2603
f 2602 9706 9750
f 9759 2574 9761
f 9762 2575 2567
f 9765 2571 9752
f 9748 2566 2596
f 9749 2597 2600
f 2572 9754 2677
f 2679 9755 9772
f 2678 9770 2682
f 2683 9771 2689
f 2688 9767 9777
f 2686 9776 2639
f 2637 9775 9781
f 2638 9785 2645
f 2643 9782 9791
f 2644 9793 2661
f 3214 9798 3212
f 3211 9795 4012
f 3210 4010 3248
f 3215 3219 9799
f 9800 3221 3131
f 9797 3130 9787
f 9788 3132 2664
f 9792 2666 2659
f 9802 9809 4040
f 9803 4042 9812
f 9813 4043 4028
f 9814 4033 9817
f 4008 9822 4021
f 4017 9821 9830
f 9818 4034 9827
f 9828 4035 4022
f 9829 4027 4016
f 9835 4135 9838
f 9839 4137 4102
f 4067 9844 4093
f 4091 9843 9850
f 4088 9848 4077
f 4081 9849 9856
f 4078 9855 4120
f 4119 9854 9861
f 4116 9859 4101
f 4107 9860 9865
f 4106 9864 9840
f 4038 9808 4050
f 4047 9807 9870
f 4045 9869 4060
f 4064 9871 9877
f 4061 9876 4057
f 4053 9875 9881
f 4055 9882 4073
f 4072 9880 9886
f 4069 9885 9845
f 4133 9834 4192
f 4191 9833 9889
f 4193 9891 4388
f 4387 9890 9897
f 4385 9895 4382
f 4384 9896 9902
f 4380 9901 4377
f 4376 9900 9908
f 9911 4508 9920
f 9919 4506 4525
f 9918 4523 9923
f 9925 4524 4534
f 9924 4529 9930
f 9931 4530 4542
f 9929 4540 9905
f 9906 4541 4536
f 9907 4538 4374
f 4767 9915 9934
f 4766 4763 9914
f 9913 4762 4514
f 9912 4513 4510
f 4727 4981 9943
f 9940 4978 4758
f 9941 4760 9937
f 9936 4759 4755
f 9935 4754 4770
f 9948 4739 9956
f 9957 4740 4736
f 4729 9944 4733
f 4731 9942 9960
f 4732 9961 9955
f 9966 9970 9979
f 9981 9986 9967
f 9965 9984 4715
f 9964 4712 9988
f 9989 4713 4721
f 9987 4717 9949
f 9951 4718 4725
f 9950 4724 4741
f 9994 9998 10007
f 10008 10014 9995
f 9993 10012 10019
f 9992 10017 10021
f 10022 10018 10030
f 10020 10026 9971
f 9972 10027 10033
f 9973 10034 9982
f 10036 10041 10050
f 10035 10048 10052
f 10053 10049 10061
f 10051 10057 9999
f 10001 10058 10065
f 10000 10064 10009
f 10071 10076 10079
f 5379 5457 10087
f 5447 5444 10096
f 10097 10099 5450
f 5451 10100 10086
f 5446 10085 5452
f 5455 10088 5458
f 5407 5399 10111
f 10109 5398 5384
f 10110 5385 5382
f 5416 10119 5378
f 5377 10118 5365
f 9232 5347 10123
f 10125 5348 5355
f 10120 5353 5366
f 9347 9385 10132
f 10130 9384 9397
f 10129 9396 10124
f 10121 9395 9408
f 10122 9409 9231
f 9381 9376 10141
f 10140 9375 9366
f 10138 9365 10134
f 10131 9364 9353
f 10133 9354 9348
f 9380 10139 9331
f 9333 10142 10150
f 9332 10148 9320
f 9276 9287 10157
f 10158 9288 9298
f 10159 9299 10146
f 10149 9300 9310
f 10147 9309 9319
f 10156 10162 9275
f 9277 10164 10169
f 9278 10170 9271
f 9270 10168 9265
f 10175 10182 10188
f 10186 10180 10193
f 10176 10195 10152
f 10155 10199 10203
f 10154 10202 10161
f 10207 10212 10216
f 10218 10213 10223
f 10219 10225 10227
f 10229 10226 10237
f 10230 10238 10240
f 10208 10217 10248
f 10247 10214 10253
f 10245 10252 10259
f 10258 10251 10266
f 10264 10249 10271
f 10263 10269 10276
f 10277 10270 10282
f 10281 10267 10287
f 10280 10285 10293
f 10294 10286 10299
f 10298 10284 10306
f 10295 10303 10308
f 10307 10302 10313
f 10312 10301 10322
f 10311 10319 10324
f 10323 10318 10042
f 10040 10317 10333
f 10039 10329 10046
f 10047 10330 10060
f 10059 10328 10341
f 10056 10336 10062
f 10029 10015 10344
f 10345 10016 10010
f 10348 10011 10335
f 10338 10013 10006
f 10337 10005 10063
f 9980 4694 9985
f 9983 4690 4714
f 4975 4971 10350
f 10351 4972 4966
f 4967 4698 10354
f 10353 4697 4691
f 10355 4692 10359
f 10360 4693 9977
f 10361 9978 10031
f 4976 10352 4963
f 4961 10349 10365
f 4962 10367 4950
f 4929 4918 10375
f 10374 4917 4904
f 10376 4905 10369
f 10368 4903 4900
f 10366 4899 4949
f 4890 4895 10384
f 10385 4896 4945
f 10382 4943 10377
f 10378 4944 4940
f 10373 4939 4928
f 4888 5630 4869
f 4870 5631 4874
f 5568 5564 10386
f 10387 5565 5615
f 10383 5612 4889
f 4891 5616 5626
f 4892 5627 5633
f 5589 5545 10398
f 5543 5541 10396
f 10394 5538 5582
f 10399 5586 10404
f 10403 5585 5581
f 5608 5605 10413
f 10408 5603 5595
f 10409 5596 5591
f 5467 5463 10420
f 10424 5503 5493
f 10429 5532 10439
f 10438 5529 5520
f 10437 5519 5510
f 5442 5439 10092
f 10091 5438 5426
f 10093 5429 10433
f 10432 5425 5536
f 10428 5535 5530
f 5587 10397 10407
f 10405 10395 10445
f 10406 10447 10450
f 5462 5611 10416
f 10415 5607 10411
f 10414 10410 10454
f 10456 10412 10453
f 10455 10452 10462
f 10469 10073 10476
f 10475 10072 10068
f 10474 10067 10483
f 10464 10467 10459
f 10457 10465 10472
f 10458 10473 10419
f 10417 10471 10477
f 10418 10478 5465
f 5469 10479 5482
f 10484 10102 10494
f 10493 10101 10098
f 10490 10095 10500
f 10499 10094 10434
f 10496 10431 10506
f 10505 10430 10440
f 10502 10436 10426
f 10425 10435 5508
f 10423 5506 5502
f 10508 10486 10518
f 10517 10485 10495
f 10514 10492 10524
f 10523 10491 10501
f 10520 10498 10083
f 10082 10497 10507
f 10078 10504 10070
f 10069 10503 10427
f 10066 10422 10482
f 10481 10421 5491
f 10480 5490 5483
f 10228 10510 10221
f 10220 10509 10519
f 10215 10516 10255
f 10254 10515 10525
f 10250 10522 10273
f 10272 10521 10084
f 10268 10081 10289
f 10288 10080 10077
f 10283 10075 10305
f 10304 10074 10470
f 10300 10468 10321
f 10320 10466 10463
f 10316 10461 10332
f 10331 10460 10451
f 10327 10449 10340
f 10339 10448 10446
f 10334 10444 10347
f 10174 10151 10181
f 10184 10153 10145
f 10183 10143 10529
f 10531 10144 10137
f 10530 10136 10537
f 10536 10135 10128
f 10535 10127 10543
f 10542 10126 10117
f 10541 10116 10114
f 10112 10115 5412
f 10113 5413 5410
f 5381 10089 10106
f 10107 10090 10103
f 10108 10104 10538
f 10539 10105 10487
f 10540 10488 10532
f 10533 10489 10511
f 10534 10513 10527
f 10526 10512 10232
f 10528 10233 10178
f 10177 10231 10242
f 10179 10243 10192
f 10032 10025 10362
f 10364 10028 10343
f 10363 10342 10356
f 10357 10346 10442
f 10358 10443 10371
f 10370 10441 10391
f 10372 10392 10379
f 10381 10393 10402
f 10380 10401 10389
f 10388 10400 5576
f 10390 5578 5570
f 10547 10553 10198
f 10257 10265 10559
f 10567 10573 10191
f 10189 10241 10566
f 10564 10239 10235
f 10565 10236 10580
f 10234 10224 10579
f 10577 10222 10210
f 10578 10211 10585
f 10584 10209 10205
f 10586 10206 10561
f 10560 10204 10246
f 10558 10244 10256
f 10197 10552 10201
f 10546 10196 10591
f 10590 10194 10172
f 10589 10171 10572
f 10574 10173 10187
f 10571 10185 10190
f 9240 9262 10596
f 10595 9259 9267
f 10598 9269 10603
f 10602 9266 10608
f 10607 9264 10166
f 10606 10165 10554
f 10555 10167 10163
f 10551 10160 10200
f 10613 9578 9574
f 9573 9482 10612
f 10611 9480 9247
f 10614 9251 10620
f 9241 10597 9244
f 9245 10599 10623
f 9250 10624 10619
f 10627 10635 9565
f 9580 10615 9592
f 9593 10616 10639
f 9595 10641 9599
f 9596 10640 10644
f 9600 10646 9604
f 9605 10647 9453
f 9449 10645 10650
f 9452 10652 9442
f 9440 10651 10659
f 9441 10660 9571
f 9566 9558 10629
f 10628 9557 9552
f 10630 9554 10663
f 10664 9556 9462
f 10665 9463 10658
f 10657 9460 9457
f 10656 9456 9569
f 10668 9725 9743
f 10670 9747 10677
f 10669 10681 9729
f 9723 10680 10686
f 9727 10687 9721
f 9719 10685 10692
f 9717 10690 9712
f 9713 10691 10696
f 9709 10695 10702
f 9564 10634 9741
f 9738 10633 10676
f 9737 10675 9735
f 9734 10674 9746
f 10707 9757 10710
f 10711 9758 9760
f 10712 9763 10716
f 10717 9764 10699
f 10701 9766 9753
f 10700 9751 9707
f 10718 9823 4011
f 10721 4014 10725
f 10724 4013 9796
f 10726 9801 10732
f 10730 9794 9786
f 10731 9789 10735
f 10736 9790 9780
f 10737 9783 10741
f 9756 10706 9773
f 9769 10705 10748
f 10742 9784 10746
f 10745 9779 9774
f 10747 9778 9768
f 10753 9888 9883
f 10722 10727 10758
f 9862 9857 10761
f 10765 9858 9853
f 10764 9852 10751
f 10750 9851 9847
f 10749 9846 9887
f 9863 10762 9866
f 9867 10763 10767
f 9868 10768 9842
f 10759 10728 10771
f 10777 9805 10782
f 10781 9804 9816
f 10779 9815 9819
f 9884 9878 10754
f 10755 9879 9874
f 10752 9873 10776
f 10775 9872 9810
f 10778 9811 9806
f 10791 9910 9904
f 9903 9899 10788
f 10787 9898 9892
f 10790 9893 10769
f 10770 9894 9837
f 10766 9836 9841
f 9917 9922 10797
f 10795 9921 9928
f 10793 9927 10789
f 10786 9926 9933
f 10785 9932 9909
f 10729 10733 10773
f 10774 10734 10740
f 10772 10739 10800
f 10798 10738 10743
f 10799 10744 10703
f 9820 9831 10780
f 10783 9832 9824
f 10784 9825 10756
f 10757 9826 10719
f 10760 10720 10723
f 10807 10309 10315
f 10314 10326 10806
f 10805 10325 10045
f 10804 10044 10815
f 10811 10043 10037
f 10600 10818 10592
f 10593 10819 10822
f 10594 10823 10621
f 10622 10825 10617
f 10829 10642 10638
f 10827 10637 10824
f 10821 10636 10609
f 10826 10610 10618
f 10625 10662 10836
f 10833 10661 10653
f 10835 10654 10828
f 10831 10655 10649
f 10830 10648 10643
f 10704 10708 10802
f 10803 10709 10715
f 10801 10714 10839
f 10838 10713 10697
f 10842 10698 10693
f 9959 10847 9952
f 9953 10848 10850
f 9954 10851 9991
f 9990 10849 9968
f 9969 10852 9974
f 9975 10853 10855
f 9976 10856 10024
f 10038 10054 10812
f 10814 10055 10004
f 10813 10003 10858
f 10857 10002 9997
f 10854 9996 10023
f 10544 10861 10548
f 10549 10862 10816
f 10550 10817 10604
f 10605 10820 10601
f 10678 10866 10684
f 10683 10865 10841
f 10682 10840 10688
f 10689 10843 10694
f 10275 10872 10260
f 10261 10873 10875
f 10562 10879 10568
f 10569 10881 10859
f 10570 10860 10587
f 10588 10863 10545
f 10679 10667 10868
f 10867 10666 10673
f 10864 10672 10834
f 10832 10671 10631
f 10837 10632 10626
f 9958 9962 10844
f 10846 9963 9947
f 10845 9946 10796
f 10794 9945 9939
f 10792 9938 9916
f 10274 10279 10871
f 10869 10278 10290
f 10870 10292 10809
f 10808 10291 10296
f 10810 10297 10310
f 10563 10576 10882
f 10880 10575 10582
f 10878 10581 10874
f 10876 10583 10556
f 10877 10557 10262
f 10887 10891 10895
f 10899 10885 10901
f 10903 10886 10894
f 10902 10893 10912
f 10913 10920 10905
f 10907 10921 10924
f 10908 10925 10928
f 10906 10938 10944
f 10904 10943 10900
f 10949 10953 10957
f 10948 10956 10960
f 10958 10955 10969
f 10974 10981 10986
f 10982 10980 10993
f 10984 10994 10965
f 10962 10992 10999
f 10959 10998 10947
f 10970 11008 10961
f 10963 11009 11012
f 10964 11013 10983
f 10985 11014 11017
f 10987 11018 10975
f 10976 11019 11024
f 11000 11023 11027
f 10892 10888 10909
f 10911 10890 11033
f 10910 11030 10914
f 10919 11035 11037
f 10918 11036 11039
f 11038 11040 10915
f 10916 11041 11042
f 10917 11043 10922
f 11047 10933 11044
f 11045 10934 10926
f 11046 10927 10923
f 10929 11048 10930
f 10932 11049 11052
f 10931 11051 10937
f 10936 11050 11055
f 10935 11054 10941
f 11053 11056 10940
f 10942 11057 11060
f 10939 11058 10896
f 10898 11059 11034
f 10897 11031 10883
f 10884 11032 10889
f 10954 10950 10966
f 10968 10951 11063
f 10967 11061 11002
f 11007 11066 11068
f 11006 11067 11070
f 11069 11072 11005
f 11003 11071 11076
f 11004 11077 11011
f 11081 11022 11075
f 11073 11020 11015
f 11074 11016 11010
f 11082 11029 11079
f 11078 11028 11025
f 11080 11026 11021
f 11001 11084 10973
f 10971 11083 11085
f 10972 11086 10977
f 10978 11087 11088
f 10979 11089 10989
f 11090 11091 10990
f 10991 11092 11095
f 10988 11093 10995
f 10997 11094 11065
f 10996 11062 10945
f 10946 11064 10952
f 11098 11102 11111
f 11116 11120 11126
f 11131 11139 11146
f 11130 11145 11153
f 11157 11161 11134
f 11133 11160 11165
f 11135 11166 11140
f 11156 11132 11169
f 11170 11136 11175
f 11171 11177 11181
f 11180 11176 11186
f 11182 11187 11192
f 11193 11188 11196
f 11197 11189 11202
f 11198 11204 11209
f 11208 11203 11213
f 11214 11205 11220
f 11212 11218 11225
f 11226 11219 11230
f 11231 11221 11244
f 11229 11238 11247
f 11253 11256 11240
f 11242 11257 11260
f 11261 11266 11243
f 11241 11265 11270
f 11239 11269 11248
f 11271 11249 11275
f 11279 11252 11237
f 11277 11233 11283
f 11284 11234 11288
f 11294 11297 11301
f 11298 11312 11303
f 11302 11311 11314
f 11305 11317 11319
f 11320 11318 11327
f 11321 11328 11332
f 11337 11340 11350
f 11351 11342 11355
f 11352 11358 11367
f 11343 11370 11356
f 11357 11371 11374
f 11359 11375 11378
f 11379 11377 11386
f 11380 11387 11391
f 11366 11353 11396
f 11397 11354 11401
f 11395 11400 11409
f 11408 11399 11413
f 11412 11398 11417
f 11414 11418 11426
f 11425 11416 11432
f 11430 11415 11435
f 11431 11436 11443
f 11442 11433 11447
f 11448 11434 11450
f 11449 11451 11459
f 11460 11453 11465
f 11464 11452 11467
f 11466 11468 11476
f 11477 11470 11483
f 11481 11469 11484
f 11482 11485 11493
f 11494 11487 11500
f 11498 11486 11501
f 11499 11502 11510
f 11511 11503 11514
f 11516 11504 11518
f 11515 11517 11528
f 11530 11540 11521
f 11520 11539 11546
f 11519 11543 11529
f 11547 11556 11533
f 11534 11557 11563
f 11531 11560 11541
f 11565 11575 11551
f 11550 11574 11580
f 11548 11577 11558
f 11582 11588 11569
f 11570 11589 11596
f 11564 11594 11573
f 11600 11607 11587
f 11586 11606 11614
f 11583 11611 11590
f 11617 11623 11603
f 11604 11624 11631
f 11599 11629 11605
f 11635 11641 11654
f 11647 11640 11657
f 11648 11658 11622
f 11621 11656 11664
f 11618 11662 11625
f 11670 11674 11679
f 11678 11673 11684
f 11677 11683 11655
f 11649 11682 11687
f 11650 11688 11691
f 11696 11636 11702
f 11700 11634 11651
f 11701 11653 11707
f 11706 11652 11693
f 11717 11722 11669
f 11119 11726 11125
f 11124 11725 11732
f 11123 11731 11715
f 11711 11730 11735
f 11716 11736 11721
f 11740 11744 11751
f 11752 11745 11760
f 11754 11761 11115
f 11748 11764 11767
f 11738 11750 11776
f 11772 11749 11770
f 11773 11771 11778
f 11762 11746 11781
f 11782 11747 11788
f 11780 11785 11792
f 11793 11786 11797
f 11798 11787 11805
f 11796 11804 11810
f 11815 11820 11825
f 11826 11821 11831
f 11827 11832 11801
f 11803 11833 11837
f 11802 11836 11809
f 11842 11846 11855
f 11854 11845 11860
f 11853 11857 11813
f 11814 11859 11864
f 11816 11865 11822
f 11840 11850 11868
f 11867 11849 11876
f 11869 11878 11881
f 11110 11100 11874
f 11875 11101 11884
f 11877 11886 11880
f 11097 11109 11893
f 11889 11107 11900
f 11891 11901 11904
f 11909 11912 11919
f 11920 11913 11923
f 11921 11924 11897
f 11899 11926 11930
f 11898 11929 11903
f 11906 11917 11933
f 11935 11918 11941
f 11931 11939 11943
f 11946 11940 11953
f 11942 11951 11956
f 11955 11950 11961
f 11962 11952 11967
f 11963 11968 11974
f 11143 11979 11152
f 11151 11978 11984
f 11150 11983 11971
f 11969 11982 11987
f 11970 11988 11975
f 11114 11121 11753
f 11755 11122 11709
f 11756 11710 11791
f 11790 11708 11991
f 11789 11990 11808
f 11806 11989 11996
f 11807 11997 11830
f 11829 11995 12005
f 11828 12004 11819
f 11817 12001 12010
f 11818 12011 11856
f 11851 12007 12016
f 11852 12017 11879
f 11872 12015 12023
f 11873 12024 11108
f 11105 12021 12029
f 11106 12030 11896
f 11894 12028 12035
f 11895 12036 11916
f 11915 12034 12042
f 11914 12041 11938
f 11936 12040 12047
f 11937 12048 11949
f 11947 12046 12053
f 11948 12054 11966
f 11965 12052 12060
f 11964 12059 11149
f 11148 12058 12065
f 11147 12064 11127
f 11128 12066 12070
f 11129 12071 11172
f 11174 12072 12077
f 11173 12076 11183
f 11184 12078 12082
f 11185 12083 11199
f 11201 12084 11307
f 11200 11306 11215
f 11216 11308 11322
f 11217 11323 11235
f 11236 11324 11333
f 11232 11329 11285
f 11668 11676 11714
f 11713 11675 11646
f 11712 11645 11994
f 11992 11644 11619
f 11993 11620 12000
f 11998 11616 11601
f 11999 11602 12006
f 12003 11598 11585
f 12002 11584 12012
f 12008 11581 11567
f 12009 11568 12018
f 12013 11566 11552
f 12014 11553 12022
f 12019 11549 11535
f 12020 11536 12027
f 12026 11532 11524
f 12025 11523 12033
f 12032 11522 11507
f 12031 11506 12039
f 12038 11505 11490
f 12037 11489 12045
f 12044 11488 11473
f 12043 11472 12051
f 12049 11471 11455
f 12050 11456 12057
f 12056 11454 11438
f 12055 11437 12061
f 12063 11439 11420
f 12062 11419 12067
f 12069 11421 11403
f 12068 11402 12073
f 12075 11404 11361
f 12074 11360 12079
f 12081 11362 11382
f 12080 11381 11300
f 11304 11383 11392
f 11299 11388 11290
f 11441 11445 12089
f 11458 11462 12097
f 11475 11479 12104
f 11492 11496 12111
f 11643 11639 12118
f 12125 12136 12141
f 12146 12155 12166
f 12168 12176 12187
f 12119 12189 12200
f 12143 12208 12211
f 12219 12228 12232
f 12238 12242 12121
f 12244 12249 12255
f 12246 12257 12268
f 12251 12271 12259
f 12260 12272 12274
f 12262 12276 12279
f 12285 12290 12194
f 12193 12289 12292
f 12196 12294 12299
f 12122 12243 12195
f 12188 12239 12301
f 12192 12303 12284
f 11697 12307 11637
f 11638 12308 12314
f 11633 12309 12113
f 12115 12310 12316
f 12114 12315 12235
f 12323 12326 12332
f 12333 12327 12339
f 12344 12349 11349
f 11347 12348 12352
f 11348 12353 11335
f 12360 12368 12373
f 12374 12377 12361
f 12362 12378 12381
f 12357 12380 12384
f 12390 12395 12404
f 12403 12394 12414
f 12399 12410 12418
f 12423 12203 12428
f 12427 12202 12191
f 12426 12190 12253
f 12258 12197 12300
f 12256 12296 12265
f 12420 12433 12443
f 12446 12453 12181
f 12463 12185 12469
f 12467 12184 12174
f 12468 12175 12471
f 12473 12179 12452
f 12459 12479 12485
f 12484 12478 12493
f 12481 12490 12498
f 12501 12495 12510
f 12514 12521 12157
f 12522 12528 12158
f 12153 12525 12533
f 12154 12534 12164
f 12162 12530 12220
f 12224 12539 12543
f 12542 12538 12552
f 12541 12549 12558
f 12560 12556 12570
f 12577 12580 12131
f 12132 12581 12584
f 12135 12588 12137
f 12138 12589 12592
f 12139 12593 12205
f 12440 12601 12604
f 12614 12619 12622
f 12508 12516 12611
f 12609 12513 12156
f 12610 12159 12615
f 12616 12160 12149
f 12632 12634 12086
f 12568 12573 12628
f 12630 12576 12130
f 12633 12134 12636
f 12635 12133 12123
f 12642 12356 12328
f 12329 12358 12387
f 12331 12389 12322
f 12421 12444 12199
f 12198 12441 12605
f 12201 12608 12120
f 12117 12607 11661
f 12116 11660 11642
f 11615 11608 12650
f 12651 11610 12596
f 12652 12597 12655
f 12656 12598 12437
f 11609 11630 12595
f 12599 11632 11626
f 12600 11628 12603
f 12602 11627 11663
f 12606 11665 11659
f 11591 11612 12170
f 12172 11613 12647
f 12173 12649 12178
f 12177 12648 12653
f 12180 12654 12445
f 12449 12657 12438
f 12450 12439 12658
f 12661 12442 12432
f 12666 11571 11593
f 12460 12486 12182
f 12183 12488 12664
f 12186 12668 12167
f 12169 12669 11595
f 12171 11597 11592
f 12674 11555 11576
f 12499 12503 12482
f 12483 12504 12670
f 12487 12675 12663
f 12665 12676 11578
f 12667 11579 11572
f 12509 12612 12500
f 12502 12613 12621
f 12505 12626 12671
f 12672 12627 11561
f 12673 11562 11554
f 11509 11513 12151
f 12150 11512 11526
f 12152 11527 12618
f 12617 11525 11542
f 12620 11544 12623
f 12624 11545 11537
f 12625 11538 11559
f 12218 12231 12161
f 12163 12234 12107
f 12165 12109 12145
f 12148 12112 11497
f 12147 11495 11508
f 12225 12544 12229
f 12230 12546 12099
f 12233 12101 12106
f 12110 12105 11480
f 12108 11478 11491
f 12557 12561 12540
f 12545 12564 12093
f 12547 12094 12100
f 12103 12098 11463
f 12102 11461 11474
f 12569 12629 12559
f 12562 12631 12085
f 12563 12087 12092
f 12096 12091 11446
f 12095 11444 11457
f 11440 12088 11427
f 11428 12090 12638
f 11429 12639 11423
f 11422 12637 12126
f 11424 12129 11411
f 12644 11393 11407
f 12419 12680 12400
f 12398 12679 12366
f 12406 12369 12215
f 12213 12367 12359
f 12210 12354 12142
f 12144 12355 12641
f 12140 12640 12124
f 12127 12643 11405
f 12128 11406 11410
f 11394 12645 11363
f 11364 12646 12330
f 11365 12334 11345
f 11346 12335 12340
f 11344 12337 12341
f 12682 12686 12694
f 12699 12704 12711
f 12714 12720 12729
f 12346 12736 12351
f 12415 12397 12747
f 12746 12396 12393
f 12745 12392 12755
f 12363 12678 12759
f 12758 12677 12417
f 12757 12416 12409
f 12364 12762 12371
f 12372 12765 12773
f 12388 12382 12776
f 12770 12379 12375
f 12771 12376 12370
f 12336 12324 12779
f 12734 12345 12783
f 12786 12347 12343
f 12781 12342 12338
f 12787 12795 12740
f 12788 12742 12799
f 12794 11338 12739
f 12741 11339 11336
f 12735 11334 12350
f 12805 12810 12818
f 12806 12820 12822
f 12827 12832 12840
f 9207 12844 12855
f 12853 12843 12856
f 12854 12857 12861
f 7892 6474 12865
f 12867 6477 12732
f 12866 12730 12870
f 12871 12731 12721
f 12876 12883 12888
f 12887 12882 12894
f 12898 12904 12909
f 12911 12905 12917
f 12920 12925 12932
f 12934 12928 12937
f 12698 12710 12943
f 12949 12954 12961
f 12962 12955 12967
f 12964 12968 12977
f 12970 12982 12978
f 12973 12979 12984
f 12974 12985 12993
f 12997 12987 13000
f 12994 12998 12945
f 12951 12966 13007
f 13005 12965 13015
f 13002 13012 13017
f 13029 13033 13013
f 13011 13032 13036
f 13010 13035 13016
f 13046 13051 13025
f 13022 13050 13054
f 13024 13055 13058
f 13057 13061 13023
f 13028 13064 13067
f 13027 13066 13030
f 13076 13079 13083
f 13087 13080 13091
f 13088 13093 13044
f 13041 13092 13096
f 13042 13097 13049
f 13075 13082 13101
f 13102 13086 13110
f 13100 13109 13114
f 13117 13122 13129
f 13132 13124 13136
f 13133 13138 13105
f 13104 13137 13141
f 13108 13142 13113
f 13149 13154 13127
f 13126 13152 13157
f 13128 13158 13116
f 13161 13165 13173
f 13175 13166 13179
f 13178 13181 13144
f 13145 13182 13185
f 13148 13188 13150
f 12697 12690 13172
f 13171 12689 13192
f 13174 13193 13162
f 12681 12693 13199
f 13198 12692 13208
f 13195 13204 13210
f 13216 13219 13228
f 13231 13222 13233
f 13232 13235 13203
f 13202 13234 13239
f 13205 13241 13211
f 12756 13245 12748
f 12749 13246 13248
f 12752 13250 13225
f 13226 13251 13253
f 13227 13255 13215
f 13257 13264 13272
f 13273 13265 13280
f 13269 13276 13284
f 13285 13277 13292
f 13281 13288 13295
f 13296 13289 13301
f 13297 13302 13308
f 13309 13303 13311
f 13310 13314 12782
f 12784 13315 13317
f 12785 13319 12737
f 12738 13321 12814
f 12743 12816 12800
f 12801 12819 12811
f 12325 12321 12780
f 12778 12320 12386
f 12777 12385 13307
f 13305 12383 12774
f 13306 12775 13294
f 13293 12772 12764
f 13298 12768 13283
f 13282 12767 13323
f 13286 13327 13271
f 13270 13326 13329
f 13274 13332 13258
f 13259 13333 13335
f 12916 12877 12910
f 12912 12880 12893
f 12908 12891 13343
f 13344 12892 13353
f 13342 13351 13355
f 13356 13352 13365
f 13354 13363 13367
f 13368 13364 13377
f 13366 13375 13379
f 13380 13376 13389
f 13378 13387 13391
f 13392 13388 13401
f 13390 13400 13404
f 13403 13399 13413
f 13402 13412 13418
f 13416 13411 13425
f 13414 13423 13430
f 13429 13421 13437
f 13426 13434 13442
f 13441 13433 13449
f 13438 13445 13453
f 13454 13446 13463
f 13450 13458 13466
f 12365 12760 12763
f 12766 12761 12411
f 12769 12412 13324
f 13325 12413 12744
f 13328 12751 13331
f 13330 12750 13224
f 13334 13230 13337
f 13336 13229 13201
f 13341 13207 13471
f 13470 13206 12691
f 13474 12695 13476
f 13477 12696 13170
f 13480 13176 13482
f 13483 13177 13143
f 13486 13146 13488
f 13489 13147 13125
f 13492 13130 13496
f 13497 13131 13103
f 13498 13107 13503
f 13502 13106 13081
f 13504 13085 13509
f 13508 13084 13040
f 13510 13045 13515
f 13514 13043 13020
f 13516 13026 13521
f 13520 13021 13008
f 13522 13014 13527
f 13526 13009 12959
f 13528 12963 12931
f 12929 12960 12972
f 12930 12976 12942
f 12941 12975 12995
f 12938 12991 13530
f 12946 12713 12996
f 12992 12712 13536
f 12990 13533 13529
f 7868 13540 13545
f 7049 13556 7850
f 7852 13557 13559
f 7853 13563 7856
f 7855 13562 13537
f 7858 13539 7862
f 7861 13538 7867
f 13567 7102 13576
f 13574 7101 7055
f 13572 7054 13549
f 13548 7053 7872
f 13544 7870 7866
f 7089 13580 7093
f 7095 13584 12724
f 7097 12727 6470
f 6471 12728 6476
f 7090 7081 13581
f 13579 7080 7112
f 13578 7110 13569
f 13566 7109 7106
f 13565 7105 7100
f 8802 8798 13592
f 13590 8797 9229
f 13593 9230 13597
f 9228 9224 13595
f 13596 9225 9217
f 13600 9218 12847
f 12849 9221 9203
f 12850 9204 9206
f 8732 13608 8763
f 8762 13607 13612
f 8766 13614 8771
f 8770 13613 8774
f 8816 13623 8760
f 8761 13625 13605
f 8757 13602 8744
f 8747 13609 8733
f 8815 8812 13622
f 13619 8808 8803
f 13620 8804 13626
f 13628 8807 8779
f 13631 8780 13588
f 13586 8776 8789
f 13591 8793 8801
f 8701 8697 13637
f 13635 8696 8031
f 13633 8027 13643
f 13645 8028 8024
f 13644 8023 8829
f 8821 8818 13652
f 13651 8817 8730
f 13656 13610 13665
f 13666 13611 13606
f 13662 13604 13672
f 13671 13603 13624
f 13668 13618 13674
f 13675 13621 13627
f 13678 13629 13680
f 13682 13630 13587
f 13685 13589 13687
f 13688 13594 13598
f 13691 13599 12837
f 12838 13601 12848
f 12842 12851 12828
f 12829 12852 12860
f 13263 13657 13278
f 13279 13658 13667
f 13275 13663 13290
f 13291 13664 13673
f 13287 13669 13299
f 13300 13670 13676
f 13304 13677 13312
f 13313 13679 13681
f 13316 13683 13318
f 13320 13684 13686
f 13322 13689 12815
f 12817 13690 12836
f 12821 12839 12823
f 12824 12841 12833
f 13650 13695 13456
f 13457 13696 13700
f 13459 13701 13467
f 12921 12901 12926
f 12927 12902 12915
f 12924 12913 13524
f 13525 12914 13347
f 13523 13345 13518
f 13519 13346 13359
f 13517 13357 13512
f 13513 13358 13371
f 13511 13369 13506
f 13507 13370 13383
f 13505 13381 13500
f 13501 13382 13395
f 13499 13393 13494
f 13495 13394 13407
f 13493 13406 13491
f 13490 13405 13419
f 13487 13417 13485
f 13484 13415 13431
f 13481 13428 13479
f 13478 13427 13443
f 13475 13440 13473
f 13472 13439 13455
f 13469 13451 13339
f 13340 13452 13468
f 13338 13465 13262
f 13260 13464 13698
f 13261 13699 13268
f 13266 13697 13692
f 13267 13694 13661
f 13659 13693 13647
f 13660 13649 13617
f 13616 13648 8728
f 13615 8727 8775
f 7046 8685 13551
f 13552 8686 8690
f 13553 8692 13706
f 13705 8691 8711
f 13704 8707 13639
f 13640 8708 8705
f 13636 8703 8700
f 12895 12715 12889
f 12890 12716 12733
f 12886 12726 13350
f 13349 12725 13585
f 13348 13582 13361
f 13362 13583 13571
f 13360 13568 13373
f 13374 13570 13577
f 13372 13573 13385
f 13386 13575 13550
f 13384 13546 13397
f 13398 13547 13543
f 13396 13542 13410
f 13409 13541 13564
f 13408 13561 13424
f 13422 13560 13558
f 13420 13555 13436
f 13435 13554 13707
f 13432 13702 13447
f 13448 13703 13638
f 13444 13632 13461
f 13462 13634 13646
f 13460 13642 13655
f 13654 13641 8827
f 13653 8825 8822
f 8045 8492 13715
f 11841 11871 13724
f 12797 11368 11341
f 12845 9209 13726
f 12846 13727 12858
f 12859 13728 12863
f 13737 12835 12830
f 13748 12812 12807
f 13751 12809 13738
f 13736 12808 12826
f 13735 12825 12834
f 11369 12798 11373
f 11372 12796 12789
f 11376 12792 11384
f 13753 11295 11293
f 12813 13749 12803
f 12804 13750 11292
f 12802 11289 12790
f 12791 11291 11389
f 12793 11390 11385
f 13756 11280 13745
f 13747 11282 11287
f 13742 11286 11330
f 11331 11325 13743
f 13744 11326 11316
f 13741 11315 13755
f 13752 11313 11309
f 13754 11310 11296
f 11254 11251 13767
f 13766 11250 11274
f 13765 11273 13762
f 13760 11272 11278
f 13759 11276 11281
f 11224 11228 13778
f 13775 11227 11246
f 11245 11267 13774
f 13776 11268 11264
f 13773 11263 13770
f 13768 11262 11258
f 13769 11259 11255
f 11154 11168 13789
f 13788 11167 11179
f 13784 11178 11191
f 11190 11194 13783
f 13787 11195 11207
f 13786 11206 11211
f 11144 11138 13798
f 13797 11137 11163
f 13796 11162 13790
f 13793 11164 11159
f 13792 11158 11155
f 11972 11985 13804
f 13805 11986 11980
f 13807 11981 11977
f 13816 11907 11934
f 11932 11944 13814
f 13815 11945 11958
f 13813 11957 13810
f 13809 11954 11960
f 13808 11959 11973
f 11927 11925 13820
f 13818 11922 11911
f 13817 11910 11908
f 11870 11883 13723
f 13722 11882 11887
f 13718 11885 11103
f 11104 11099 13719
f 13717 11096 11890
f 13716 11888 13823
f 13824 11892 11905
f 13821 11902 11928
f 11811 11839 13834
f 13833 11838 11835
f 13829 11834 11824
f 11847 13842 11861
f 11862 13845 13827
f 11858 13826 11863
f 11866 13828 11823
f 11775 11779 13857
f 13854 11777 11769
f 11765 11784 13838
f 11783 11795 13837
f 13836 11794 11800
f 13835 11799 11812
f 11117 11113 13864
f 13862 11112 11759
f 13861 11758 13876
f 13874 11757 11742
f 13872 11741 13853
f 13858 11743 11739
f 13856 11737 11774
f 11718 11734 13882
f 13877 11733 11728
f 13881 11729 13870
f 13863 11727 11723
f 13865 11724 11118
f 11685 11680 13891
f 13893 11681 11672
f 13890 11671 11667
f 11686 13892 11689
f 11690 13894 13897
f 11692 13899 11703
f 11699 13906 11694
f 11695 13907 12305
f 12306 13908 12311
f 12312 13909 13912
f 12313 13915 12319
f 12302 12241 13922
f 13921 12240 12237
f 13923 13927 13936
f 12304 13926 12286
f 12283 13925 13937
f 12282 13935 12288
f 13940 12264 13930
f 13933 12267 12297
f 13931 12295 13938
f 13939 12298 12293
f 13934 12291 12287
f 12252 12248 13953
f 12250 13948 12270
f 13963 13966 13973
f 13971 13979 13960
f 13958 13978 12281
f 13957 12280 13954
f 13951 12277 12275
f 13947 12273 12269
f 13983 13988 13996
f 13994 13987 14004
f 13995 14005 13964
f 13962 14003 14009
f 13961 14008 13965
f 12940 13532 13999
f 13998 13531 13534
f 14002 13535 12709
f 12708 12703 14001
f 14000 12702 14015
f 13997 14012 13984
f 12903 12923 14023
f 14022 12922 12933
f 12881 12919 14030
f 14029 12918 12906
f 12719 12896 14035
f 14036 12897 12885
f 14043 12875 12722
f 7894 12868 7897
f 7898 12869 12873
f 7896 12872 7901
f 7902 12874 14041
f 7905 14046 7322
f 11698 11705 13905
f 13904 11704 13900
f 13910 13903 13913
f 13911 13901 14050
f 13918 14053 14057
f 14056 14052 14061
f 14060 14065 14069
f 14068 14064 14073
f 14071 14077 14080
f 14082 14078 14090
f 14079 14086 14092
f 14093 14087 14102
f 14091 14098 14026
f 14027 14099 14040
f 14025 14037 12879
f 12878 14034 12884
f 12236 12317 13919
f 13920 12318 13914
f 13924 13917 13929
f 13928 13916 14055
f 13932 14059 13942
f 13941 14058 14067
f 13945 14070 14103
f 14105 14072 14081
f 14106 14083 14110
f 14111 14084 14096
f 14109 14094 14018
f 14019 14095 14032
f 14017 14028 12899
f 12900 14031 12907
f 12935 12939 14024
f 14020 12936 13992
f 14021 13993 14114
f 14113 13991 13959
f 14112 13956 14108
f 14107 13955 13952
f 14104 13950 13946
f 13944 13949 12247
f 13943 12245 12266
f 11976 11141 13806
f 13811 11142 13795
f 13812 13800 13819
f 13822 13801 14115
f 13825 14117 13720
f 13721 14118 13839
f 13725 13840 11843
f 11844 13843 11848
f 13849 14126 9191
f 13713 8489 14128
f 8493 8487 14130
f 14131 8488 9199
f 14134 9200 14123
f 14121 9198 9193
f 14124 9195 9190
f 14138 8386 8049
f 8385 14137 8391
f 8387 14135 14144
f 8390 14147 8402
f 8432 14149 8361
f 8363 14150 13733
f 8362 13731 8368
f 8367 13730 9211
f 8434 8429 14152
f 14153 8430 8424
f 14155 8425 14142
f 14141 8423 8405
f 14148 8408 8403
f 12831 12862 13739
f 13740 12864 13729
f 13746 13732 13757
f 13758 13734 14151
f 13761 14154 13763
f 13764 14156 14143
f 13771 14145 13777
f 13779 14146 14136
f 13781 14140 13710
f 13709 14139 8050
f 13708 8048 8042
f 11210 11222 13785
f 13791 11223 13772
f 13794 13780 13799
f 13802 13782 13711
f 13803 13712 14116
f 14119 13714 14129
f 14120 14132 13841
f 13844 14133 14122
f 13846 14127 13831
f 13830 14125 13848
f 13832 13850 11763
f 11766 13851 11768
f 7323 14047 7327
f 7326 14045 14157
f 7328 14158 7340
f 7347 7289 14167
f 14171 7293 14178
f 6419 14180 6423
f 6425 14183 14193
f 6420 7369 14181
f 14187 7372 7366
f 14185 7363 14166
f 14168 7367 7352
f 14169 7353 7349
f 7292 7305 14176
f 14177 7306 7319
f 14173 7317 14163
f 14159 7316 7345
f 14160 7346 7341
f 6437 14198 6442
f 6438 14196 13885
f 6441 13887 7445
f 7273 7269 13868
f 13867 7268 7453
f 13869 7454 13880
f 13878 7452 7448
f 13879 7449 7442
f 6436 7285 14197
f 14202 7288 6408
f 14200 6405 14189
f 14191 6409 6404
f 14190 6403 6424
f 11666 11720 13889
f 13888 11719 13883
f 13895 13886 13898
f 13896 13884 14195
f 13902 14201 14051
f 14049 14199 14188
f 14054 14194 14063
f 14062 14192 14182
f 14066 14186 14075
f 14074 14184 14165
f 14076 14170 14088
f 14089 14172 14179
f 14085 14175 14101
f 14100 14174 14164
f 14097 14162 14039
f 14038 14161 14048
f 14033 14042 12717
f 12718 14044 12723
f 9187 6919 13847
f 13855 6923 6916
f 13852 6913 13871
f 13873 6917 7282
f 13875 7283 13860
f 13859 7281 7275
f 13866 7278 7272
f 12754 12391 12405
f 14204 13238 14211
f 14210 13237 13223
f 14209 13220 14215
f 14216 13221 13218
f 14214 13214 14220
f 14223 13217 13256
f 14222 13254 13252
f 12753 12401 13243
f 14244 12685 14251
f 14250 12684 13200
f 14249 13197 14256
f 14255 13196 13213
f 14254 13209 14205
f 14206 13212 13242
f 14203 13240 13236
f 14262 14267 13184
f 13187 14268 14271
f 13189 14272 13153
f 13155 14273 14278
f 13151 14276 13156
f 13186 13183 14264
f 14259 13180 13167
f 14263 13169 14284
f 14281 13168 13164
f 14280 13160 14286
f 14287 13163 13194
f 14285 13190 14245
f 14246 13191 12688
f 14243 12687 12683
f 13159 14279 13118
f 13115 14277 14292
f 13119 14293 13123
f 13249 13247 14221
f 14218 13244 12407
f 14219 12408 14296
f 14295 12402 12214
f 14294 12212 14301
f 14300 12209 12207
f 14299 12206 14334
f 14332 12204 12590
f 14333 12594 14339
f 14337 12591 12586
f 12575 14343 12579
f 12582 14344 14349
f 12578 14347 12583
f 12585 14348 14352
f 12587 14353 14338
f 12217 14357 12227
f 12226 14356 14363
f 12223 14362 12537
f 12535 14361 14367
f 12536 14368 12551
f 12550 14366 14373
f 12548 14371 12554
f 12555 14372 14378
f 12553 14377 12567
f 12565 14376 14381
f 12566 14383 12572
f 12571 14382 14386
f 12574 14387 14342
f 12519 14392 12527
f 12526 14391 14397
f 12524 14396 12532
f 12531 14395 14402
f 12529 14400 12216
f 12221 14401 14405
f 12222 14406 14358
f 12476 14411 12492
f 12491 14409 14416
f 12489 14415 12497
f 12496 14414 14421
f 12494 14419 12506
f 12511 14420 14425
f 12507 14424 12515
f 12517 14426 14431
f 12512 14429 12520
f 12523 14430 14435
f 12518 14434 14390
f 12454 14440 12474
f 12472 14439 14446
f 12470 14443 12465
f 12464 14442 14448
f 12466 14449 12462
f 12461 14447 14454
f 12458 14452 12477
f 12480 14453 14458
f 12475 14457 14410
f 12435 14465 12662
f 12660 14464 14470
f 12659 14469 12451
f 12448 14468 14475
f 12447 14473 12455
f 12457 14474 14505
f 12456 14504 14441
f 12430 14509 12424
f 12425 14511 14517
f 12422 14515 12434
f 12436 14516 14521
f 12431 14520 14463
f 12261 12278 13976
f 12429 12254 14508
f 14512 12263 13977
f 14510 13975 14524
f 14526 13980 13972
f 14525 13970 14529
f 14531 13974 13968
f 14530 13967 14535
f 14536 13969 14010
f 14537 14011 14006
f 14007 13989 14538
f 14539 13990 13985
f 14534 13981 14542
f 14543 13982 14546
f 14548 13986 14014
f 14547 14013 14551
f 14552 14016 12705
f 14553 12706 14557
f 12707 12701 14559
f 14558 12700 12947
f 14556 12944 14562
f 12948 12999 14563
f 14565 13001 12988
f 14564 12986 14568
f 14569 12989 12980
f 14570 12981 14573
f 12983 12971 14576
f 14574 12969 12957
f 14575 12958 14581
f 14580 12956 12953
f 14579 12952 14586
f 14585 12950 13006
f 14584 13004 14591
f 13003 13019 14590
f 14589 13018 13038
f 14592 13039 14598
f 13037 13034 14597
f 14595 13031 13069
f 14596 13070 14603
f 14602 13068 13065
f 14601 13063 14608
f 14607 13062 13060
f 14606 13059 13056
f 14444 14438 14479
f 14213 14217 14241
f 14355 14351 14500
f 14309 14506 14523
f 14354 14499 14341
f 14462 14307 14466
f 14467 14312 14472
f 14461 14518 14305
f 14306 14519 14513
f 14311 14514 14507
f 14522 14527 14308
f 14310 14528 14533
f 14303 14532 14540
f 14541 14545 14330
f 14317 14544 14549
f 14321 14550 14554
f 14316 14571 14578
f 14594 14599 14324
f 14325 14600 14605
f 14322 14604 13053
f 14471 14304 14478
f 14501 14329 14336
f 14477 14335 14340
f 14555 14561 14331
f 14326 14560 14566
f 14328 14567 14572
f 14577 14582 14314
f 14315 14583 14587
f 14318 14588 14593
f 13052 13047 14302
f 14320 13048 13095
f 14319 13094 13089
f 13090 13078 14323
f 14313 13077 13071
f 14327 13073 14298
f 14297 13072 14229
f 14230 13074 13099
f 14228 13098 13111
f 14269 14265 14234
f 14235 14266 14260
f 14238 14261 14283
f 14282 14288 14227
f 14236 14289 14247
f 14239 14248 14253
f 14482 14393 14436
f 13121 14291 14233
f 14232 14290 14274
f 14240 14275 14270
f 14252 14257 14226
f 14242 14258 14208
f 14225 14207 14212
f 14350 14345 14498
f 14502 14346 14388
f 14503 14389 14385
f 14384 14379 14476
f 14481 14380 14375
f 14480 14374 14369
f 14370 14365 14494
f 14483 14364 14359
f 14497 14360 14408
f 14407 14403 14484
f 14488 14404 14398
f 14491 14399 14394
f 14437 14433 14490
f 14485 14432 14427
f 14496 14428 14423
f 14422 14417 14489
f 14492 14418 14413
f 14487 14412 14460
f 14459 14455 14486
f 14495 14456 14451
f 14493 14450 14445
f 13112 13139 14231
f 14237 13140 13135
f 14224 13134 13120
