# LBR Med 7 link_5
mtllib material.lib

v 0.065996 -0.008172 0.010000
v 0.024872 -0.002529 0.010000
v 0.066500 0.000000 0.010000
v 0.024872 0.002529 0.010000
v 0.065996 0.008172 0.010000
v 0.064491 0.016220 0.010000
v 0.023853 0.007484 0.010000
v 0.062009 0.024023 0.010000
v 0.021859 0.012133 0.010000
v 0.058587 0.031461 0.010000
v 0.054277 0.038422 0.010000
v 0.018969 0.016284 0.010000
v 0.049144 0.044801 0.010000
v 0.043266 0.050500 0.010000
v 0.015303 0.019769 0.010000
v 0.036732 0.055435 0.010000
v 0.011010 0.022445 0.010000
v 0.029642 0.059528 0.010000
v 0.022102 0.062720 0.010000
v 0.006266 0.024202 0.010000
v 0.014227 0.064960 0.010000
v 0.006136 0.066216 0.010000
v 0.001266 0.024968 0.010000
v -0.002048 0.066468 0.010000
v -0.003786 0.024712 0.010000
v -0.010201 0.065713 0.010000
v -0.018199 0.063961 0.010000
v -0.008683 0.023444 0.010000
v -0.025921 0.061240 0.010000
v -0.013224 0.021216 0.010000
v -0.033250 0.057591 0.010000
v -0.040075 0.053068 0.010000
v -0.017224 0.018120 0.010000
v -0.046293 0.047741 0.010000
v -0.051809 0.041690 0.010000
v -0.020519 0.014282 0.010000
v -0.056539 0.035008 0.010000
v -0.022974 0.009859 0.010000
v -0.060413 0.027794 0.010000
v -0.063371 0.020160 0.010000
v -0.024488 0.005032 0.010000
v -0.065368 0.012219 0.010000
v -0.066374 0.004094 0.010000
v -0.025000 0.000000 0.010000
v -0.066374 -0.004094 0.010000
v -0.024488 -0.005032 0.010000
v -0.065368 -0.012219 0.010000
v -0.063371 -0.020160 0.010000
v -0.022974 -0.009859 0.010000
v -0.060413 -0.027794 0.010000
v -0.056539 -0.035008 0.010000
v -0.020519 -0.014282 0.010000
v -0.051809 -0.041690 0.010000
v -0.017224 -0.018120 0.010000
v -0.046293 -0.047741 0.010000
v -0.040075 -0.053068 0.010000
v -0.013224 -0.021216 0.010000
v -0.033250 -0.057591 0.010000
v -0.025921 -0.061240 0.010000
v -0.008683 -0.023444 0.010000
v -0.018199 -0.063961 0.010000
v -0.003786 -0.024712 0.010000
v -0.010201 -0.065713 0.010000
v -0.002048 -0.066468 0.010000
v 0.001266 -0.024968 0.010000
v 0.006136 -0.066216 0.010000
v 0.006266 -0.024202 0.010000
v 0.014227 -0.064960 0.010000
v 0.022102 -0.062720 0.010000
v 0.011010 -0.022445 0.010000
v 0.029642 -0.059528 0.010000
v 0.036732 -0.055435 0.010000
v 0.015303 -0.019769 0.010000
v 0.043266 -0.050500 0.010000
v 0.018969 -0.016284 0.010000
v 0.049144 -0.044801 0.010000
v 0.054277 -0.038422 0.010000
v 0.021859 -0.012133 0.010000
v 0.058587 -0.031461 0.010000
v 0.062009 -0.024023 0.010000
v 0.023853 -0.007484 0.010000
v 0.064491 -0.016220 0.010000
v 0.041606 -0.053396 0.010010
v 0.043266 -0.050500 0.010010
v 0.047867 -0.048288 0.010010
v 0.049144 -0.044801 0.010010
v 0.047955 -0.048206 0.010010
v 0.048042 -0.048123 0.010010
v 0.048128 -0.048039 0.010010
v 0.053565 -0.041890 0.010010
v 0.054277 -0.038422 0.010010
v 0.058222 -0.035131 0.010010
v 0.058587 -0.031461 0.010010
v 0.062031 -0.027860 0.010010
v 0.062009 -0.024023 0.010010
v 0.064936 -0.020183 0.010010
v 0.064491 -0.016220 0.010010
v 0.066895 -0.012211 0.010010
v 0.065996 -0.008172 0.010010
v 0.067879 -0.004062 0.010010
v 0.066500 0.000000 0.010010
v 0.067873 0.004146 0.010010
v 0.065996 0.008172 0.010010
v 0.066879 0.012294 0.010010
v 0.064491 0.016220 0.010010
v 0.064911 0.020262 0.010010
v 0.062009 0.024023 0.010010
v 0.061997 0.027936 0.010010
v 0.058587 0.031461 0.010010
v 0.058179 0.035202 0.010010
v 0.054277 0.038422 0.010010
v 0.053514 0.041956 0.010010
v 0.049144 0.044801 0.010010
v 0.048068 0.048098 0.010010
v 0.043266 0.050500 0.010010
v 0.041923 0.053539 0.010010
v 0.036732 0.055435 0.010010
v 0.035167 0.058201 0.010010
v 0.029642 0.059528 0.010010
v 0.027898 0.062014 0.010010
v 0.022102 0.062720 0.010010
v 0.020223 0.064923 0.010010
v 0.014227 0.064960 0.010010
v 0.012253 0.066887 0.010010
v 0.006136 0.066216 0.010010
v 0.004104 0.067876 0.010010
v -0.002048 0.066468 0.010010
v -0.004104 0.067876 0.010010
v -0.010201 0.065713 0.010010
v -0.012253 0.066887 0.010010
v -0.018199 0.063961 0.010010
v -0.020223 0.064923 0.010010
v -0.025921 0.061240 0.010010
v -0.027898 0.062014 0.010010
v -0.033250 0.057591 0.010010
v -0.035167 0.058201 0.010010
v -0.040075 0.053068 0.010010
v -0.041923 0.053539 0.010010
v -0.046293 0.047741 0.010010
v -0.048068 0.048098 0.010010
v -0.051809 0.041690 0.010010
v -0.053514 0.041956 0.010010
v -0.056539 0.035008 0.010010
v -0.058179 0.035202 0.010010
v -0.060413 0.027794 0.010010
v -0.061997 0.027936 0.010010
v -0.063371 0.020160 0.010010
v -0.064911 0.020262 0.010010
v -0.065368 0.012219 0.010010
v -0.066879 0.012294 0.010010
v -0.066374 0.004094 0.010010
v -0.067873 0.004146 0.010010
v -0.067879 -0.004062 0.010010
v -0.066374 -0.004094 0.010010
v -0.066895 -0.012211 0.010010
v -0.065368 -0.012219 0.010010
v -0.064936 -0.020183 0.010010
v -0.063371 -0.020160 0.010010
v -0.062031 -0.027860 0.010010
v -0.060413 -0.027794 0.010010
v -0.058222 -0.035131 0.010010
v -0.056539 -0.035008 0.010010
v -0.053565 -0.041890 0.010010
v -0.051809 -0.041690 0.010010
v -0.048128 -0.048039 0.010010
v -0.046293 -0.047741 0.010010
v -0.048042 -0.048123 0.010010
v -0.047955 -0.048206 0.010010
v -0.047867 -0.048288 0.010010
v -0.041606 -0.053396 0.010010
v -0.040075 -0.053068 0.010010
v -0.034805 -0.057757 0.010010
v -0.033250 -0.057591 0.010010
v -0.027551 -0.061317 0.010010
v -0.025921 -0.061240 0.010010
v -0.019939 -0.064028 0.010010
v -0.018199 -0.063961 0.010010
v -0.012068 -0.065855 0.010010
v -0.010201 -0.065713 0.010010
v -0.004040 -0.066774 0.010010
v -0.002048 -0.066468 0.010010
v 0.004040 -0.066774 0.010010
v 0.006136 -0.066216 0.010010
v 0.012068 -0.065855 0.010010
v 0.014227 -0.064960 0.010010
v 0.019939 -0.064028 0.010010
v 0.022102 -0.062720 0.010010
v 0.027551 -0.061317 0.010010
v 0.029642 -0.059528 0.010010
v 0.034805 -0.057757 0.010010
v 0.036732 -0.055435 0.010010
v 0.047867 -0.048288 0.015500
v 0.047955 -0.048206 0.015500
v 0.048042 -0.048123 0.015500
v 0.048128 -0.048039 0.015500
v -0.048128 -0.048039 0.015500
v -0.048042 -0.048123 0.015500
v -0.047955 -0.048206 0.015500
v -0.047867 -0.048288 0.015500
v 0.053565 -0.041890 0.015500
v 0.058222 -0.035131 0.015500
v 0.062031 -0.027860 0.015500
v 0.064936 -0.020183 0.015500
v 0.066895 -0.012211 0.015500
v 0.067879 -0.004062 0.015500
v 0.067873 0.004146 0.015500
v 0.066879 0.012294 0.015500
v 0.064911 0.020262 0.015500
v 0.061997 0.027936 0.015500
v 0.058179 0.035202 0.015500
v 0.053514 0.041956 0.015500
v 0.048068 0.048098 0.015500
v 0.041923 0.053539 0.015500
v 0.035167 0.058201 0.015500
v 0.027898 0.062014 0.015500
v 0.020223 0.064923 0.015500
v 0.012253 0.066887 0.015500
v 0.004104 0.067876 0.015500
v -0.004104 0.067876 0.015500
v -0.012253 0.066887 0.015500
v -0.020223 0.064923 0.015500
v -0.027898 0.062014 0.015500
v -0.035167 0.058201 0.015500
v -0.041923 0.053539 0.015500
v -0.048068 0.048098 0.015500
v -0.053514 0.041956 0.015500
v -0.058179 0.035202 0.015500
v -0.061997 0.027936 0.015500
v -0.064911 0.020262 0.015500
v -0.066879 0.012294 0.015500
v -0.067873 0.004146 0.015500
v -0.067879 -0.004062 0.015500
v -0.066895 -0.012211 0.015500
v -0.064936 -0.020183 0.015500
v -0.062031 -0.027860 0.015500
v -0.058222 -0.035131 0.015500
v -0.053565 -0.041890 0.015500
v -0.041606 -0.053396 0.015500
v -0.034804 -0.057757 0.015500
v -0.027551 -0.061317 0.015500
v -0.019939 -0.064028 0.015500
v -0.012068 -0.065855 0.015500
v -0.004040 -0.066774 0.015500
v 0.004040 -0.066774 0.015500
v 0.012068 -0.065855 0.015500
v 0.019939 -0.064028 0.015500
v 0.027551 -0.061317 0.015500
v 0.034804 -0.057757 0.015500
v 0.041606 -0.053396 0.015500
v -0.038096 -0.081153 0.128268
v -0.037030 -0.081639 0.126694
v -0.038555 -0.082739 0.135745
v -0.037576 -0.084022 0.137749
v -0.038973 -0.083437 0.139936
v -0.038046 -0.084926 0.143260
v -0.039826 -0.084258 0.146449
v -0.038624 -0.085635 0.148745
v -0.040829 -0.084785 0.152801
v -0.039291 -0.086151 0.154194
v -0.041920 -0.085056 0.158988
v -0.040024 -0.086480 0.159607
v -0.040802 -0.086630 0.164984
v -0.037086 -0.089005 0.165844
v -0.037843 -0.088953 0.171576
v -0.033916 -0.091068 0.172720
v -0.034641 -0.090770 0.178822
v -0.030502 -0.092602 0.180193
v -0.031180 -0.092003 0.186646
v -0.026822 -0.093529 0.188166
v -0.027437 -0.092567 0.194923
v -0.022874 -0.093771 0.196488
v -0.026526 -0.091678 0.202279
v -0.023407 -0.092386 0.203471
v -0.020501 -0.092952 0.204432
v -0.018122 -0.094760 0.197787
v -0.017823 -0.093398 0.205194
v -0.015388 -0.093744 0.205788
v -0.013272 -0.095514 0.198787
v -0.013602 -0.093964 0.206166
v -0.010096 -0.094313 0.206768
v -0.009176 -0.095962 0.199383
v -0.006938 -0.094535 0.207154
v -0.005029 -0.096245 0.199762
v -0.006845 -0.094541 0.207163
v -0.000001 -0.094734 0.207500
v -0.000859 -0.096363 0.199920
v 0.003315 -0.096315 0.199855
v -0.000837 -0.097586 0.192298
v 0.003231 -0.097534 0.192244
v -0.000816 -0.098427 0.184683
v 0.003149 -0.098373 0.184641
v -0.000796 -0.098919 0.177125
v 0.003072 -0.098863 0.177093
v -0.000777 -0.099095 0.169667
v 0.003000 -0.099038 0.169645
v -0.000760 -0.098989 0.162351
v 0.002934 -0.098933 0.162338
v -0.000745 -0.098637 0.155214
v 0.002875 -0.098581 0.155209
v -0.000732 -0.098074 0.148292
v 0.002825 -0.098018 0.148295
v -0.000721 -0.097332 0.141612
v 0.002784 -0.097276 0.141619
v -0.000714 -0.096439 0.135162
v 0.002754 -0.096382 0.135175
v -0.000707 -0.094278 0.122882
v 0.002729 -0.094220 0.122899
v -0.000713 -0.091711 0.111282
v 0.002752 -0.091651 0.111303
v -0.000725 -0.089559 0.102927
v 0.002797 -0.089496 0.102948
v -0.000742 -0.087236 0.094784
v 0.002862 -0.087171 0.094805
v -0.000783 -0.082178 0.078837
v 0.003020 -0.082107 0.078856
v -0.000810 -0.078650 0.068321
v 0.003127 -0.078576 0.068338
v -0.000834 -0.075193 0.057842
v 0.003220 -0.075118 0.057857
v -0.000852 -0.072017 0.047348
v 0.003287 -0.071941 0.047360
v -0.000861 -0.069373 0.036792
v 0.003321 -0.069297 0.036801
v -0.000861 -0.068341 0.031484
v 0.003323 -0.068267 0.031490
v -0.000859 -0.067556 0.026159
v 0.003315 -0.067483 0.026163
v -0.000854 -0.067058 0.020826
v 0.003295 -0.066987 0.020828
v 0.007431 -0.066672 0.020837
v 0.011539 -0.066115 0.020853
v 0.015602 -0.065320 0.020877
v 0.015680 -0.065787 0.026260
v 0.019692 -0.064741 0.026321
v 0.019721 -0.065483 0.031724
v 0.023647 -0.064190 0.031836
v 0.023605 -0.065174 0.037256
v 0.027411 -0.063642 0.037433
v 0.027088 -0.066216 0.048273
v 0.030713 -0.064448 0.048568
v 0.030075 -0.067650 0.059376
v 0.033485 -0.065676 0.059795
v 0.032571 -0.069308 0.070578
v 0.035747 -0.067163 0.071113
v 0.034644 -0.071063 0.081886
v 0.037586 -0.068787 0.082519
v 0.035915 -0.074790 0.098720
v 0.038619 -0.072487 0.099440
v 0.037973 -0.075418 0.107600
v 0.038974 -0.073950 0.105893
v 0.038338 -0.076692 0.113286
v -0.038027 -0.079122 0.120761
v -0.037063 -0.078557 0.115667
v -0.033703 -0.084048 0.125985
v -0.033783 -0.081057 0.114851
v -0.030212 -0.086224 0.125339
v -0.030324 -0.083319 0.114107
v -0.026575 -0.088155 0.124760
v -0.026704 -0.085329 0.113441
v -0.022813 -0.089835 0.124251
v -0.022946 -0.087078 0.112856
v -0.018957 -0.091249 0.123820
v -0.019081 -0.088552 0.112359
v -0.014986 -0.092406 0.123464
v -0.015096 -0.089757 0.111951
v -0.011041 -0.090676 0.111637
v -0.011219 -0.088479 0.103291
v -0.007748 -0.089049 0.103099
v -0.007925 -0.086702 0.094955
v -0.004244 -0.089409 0.102977
v -0.004342 -0.087080 0.094835
v -0.038028 -0.079121 0.120756
v -0.038338 -0.076693 0.113288
v -0.037451 -0.075871 0.107453
v -0.038973 -0.073951 0.105897
v -0.038974 -0.073950 0.105893
v -0.038095 -0.072957 0.099293
v -0.040910 -0.067914 0.091376
v -0.039826 -0.066834 0.083065
v -0.043164 -0.061809 0.076980
v -0.044240 -0.058950 0.069698
v -0.045199 -0.056337 0.062300
v -0.042208 -0.059126 0.061229
v -0.041065 -0.062829 0.072209
v -0.036436 -0.069713 0.082261
v -0.034800 -0.075657 0.098448
v -0.031298 -0.078104 0.097680
v -0.030708 -0.080816 0.105839
v -0.027067 -0.082907 0.105150
v -0.043148 -0.055937 0.050068
v -0.046672 -0.052064 0.047112
v -0.043807 -0.053472 0.038703
v -0.047276 -0.050386 0.039361
v -0.047662 -0.049188 0.031483
v -0.044016 -0.052573 0.032949
v -0.047833 -0.048503 0.023516
v -0.044144 -0.051924 0.027157
v -0.044193 -0.051546 0.021337
v -0.040283 -0.054839 0.026953
v -0.040283 -0.054462 0.021231
v -0.036208 -0.057492 0.026775
v -0.036170 -0.057109 0.021140
v -0.031936 -0.059869 0.026620
v -0.031870 -0.059471 0.021060
v -0.027486 -0.061952 0.026489
v -0.027402 -0.061536 0.020993
v -0.022880 -0.063725 0.026381
v -0.022790 -0.063289 0.020938
v -0.018136 -0.065176 0.026295
v -0.018052 -0.064719 0.020895
v -0.013217 -0.065817 0.020862
v -0.009126 -0.066472 0.020843
v -0.005000 -0.066886 0.020830
v 0.019605 -0.064290 0.020908
v 0.023624 -0.063464 0.026397
v 0.027470 -0.062673 0.031972
v 0.031096 -0.061894 0.037640
v 0.034200 -0.062473 0.048904
v 0.036745 -0.063503 0.060263
v 0.038766 -0.064829 0.071701
v 0.040364 -0.066333 0.083205
v 0.040910 -0.067914 0.091376
v 0.023534 -0.063031 0.020946
v 0.027375 -0.061548 0.020993
v 0.031114 -0.059848 0.021048
v 0.031184 -0.060248 0.026596
v 0.034788 -0.058326 0.026720
v 0.034758 -0.059003 0.032311
v 0.038199 -0.056871 0.032517
v 0.038057 -0.057794 0.038143
v 0.041313 -0.055464 0.038441
v 0.040719 -0.057949 0.049702
v 0.043732 -0.055423 0.050163
v 0.042776 -0.058610 0.061345
v 0.045987 -0.054053 0.054762
v 0.045199 -0.056337 0.062300
v 0.034739 -0.057938 0.021111
v 0.038259 -0.056207 0.026861
v 0.041491 -0.054555 0.032747
v 0.044408 -0.052962 0.038771
v 0.046672 -0.052064 0.047112
v 0.038239 -0.055828 0.021184
v 0.041602 -0.053525 0.021265
v 0.044819 -0.051038 0.021355
v 0.044762 -0.051418 0.027194
v 0.047833 -0.048503 0.023516
v 0.047662 -0.049188 0.031483
v 0.044626 -0.052065 0.033002
v 0.047275 -0.050386 0.039361
v 0.044240 -0.058950 0.069698
v 0.041617 -0.062316 0.072340
v 0.039845 -0.061144 0.060780
v 0.043164 -0.061809 0.076980
v 0.037587 -0.078121 0.115809
v 0.038027 -0.079121 0.120757
v 0.037564 -0.081219 0.126817
v 0.038096 -0.081152 0.128266
v 0.038555 -0.082739 0.135743
v 0.038973 -0.083437 0.139936
v 0.038126 -0.083609 0.137833
v 0.034824 -0.083275 0.126213
v 0.034890 -0.080255 0.115114
v 0.035284 -0.077633 0.106881
v 0.038606 -0.084512 0.143314
v 0.039826 -0.084258 0.146448
v 0.039195 -0.085220 0.148760
v 0.040829 -0.084785 0.152800
v 0.039872 -0.085734 0.154162
v 0.040829 -0.084785 0.152800
v 0.041920 -0.085056 0.158987
v 0.040615 -0.086063 0.159519
v 0.043042 -0.085108 0.165034
v 0.041402 -0.086214 0.164835
v 0.042211 -0.086197 0.170113
v 0.038335 -0.088244 0.165567
v 0.039108 -0.088201 0.171174
v 0.035157 -0.090113 0.166250
v 0.035887 -0.090046 0.172165
v 0.031876 -0.091818 0.166880
v 0.032556 -0.091729 0.173081
v 0.028500 -0.093353 0.167455
v 0.029123 -0.093244 0.173915
v 0.025037 -0.094714 0.167971
v 0.025597 -0.094589 0.174663
v 0.021496 -0.095898 0.168423
v 0.021987 -0.095759 0.175320
v 0.017888 -0.096900 0.168810
v 0.018303 -0.096749 0.175881
v 0.014223 -0.097718 0.169128
v 0.014558 -0.097558 0.176342
v 0.010512 -0.098349 0.169374
v 0.010762 -0.098181 0.176700
v 0.006767 -0.098789 0.169547
v 0.006929 -0.098617 0.176951
v 0.045185 -0.084680 0.176817
v 0.043021 -0.086021 0.175358
v 0.039892 -0.087974 0.176767
v 0.036637 -0.089773 0.178084
v 0.033262 -0.091414 0.179302
v 0.029775 -0.092892 0.180412
v 0.026187 -0.094203 0.181407
v 0.022506 -0.095344 0.182281
v 0.018744 -0.096310 0.183028
v 0.014915 -0.097099 0.183642
v 0.011030 -0.097707 0.184118
v 0.007103 -0.098133 0.184452
v 0.043806 -0.085693 0.180576
v 0.046841 -0.083720 0.188381
v 0.044543 -0.085222 0.185771
v 0.046943 -0.083620 0.189427
v 0.042578 -0.085986 0.193062
v 0.041411 -0.086980 0.187898
v 0.038343 -0.087885 0.196065
v 0.038123 -0.088597 0.189890
v 0.034686 -0.090071 0.191735
v 0.033977 -0.090864 0.185526
v 0.030442 -0.092281 0.186922
v 0.038191 -0.087947 0.196164
v 0.035053 -0.089142 0.198092
v 0.031111 -0.091398 0.193420
v 0.032045 -0.090148 0.199735
v 0.029195 -0.090986 0.201122
v 0.027409 -0.092575 0.194933
v 0.026526 -0.091678 0.202280
v 0.023592 -0.093598 0.196262
v 0.025699 -0.091876 0.202612
v 0.019530 -0.093121 0.204719
v 0.013149 -0.094015 0.206254
v 0.015671 -0.095173 0.198333
v 0.019674 -0.094465 0.197398
v 0.019204 -0.095557 0.190213
v 0.023044 -0.094631 0.189274
v 0.011598 -0.095718 0.199058
v 0.006621 -0.094555 0.207187
v 0.007473 -0.096100 0.199567
v -0.026610 -0.091658 0.202245
v -0.029257 -0.090968 0.201093
v -0.031859 -0.091138 0.193088
v -0.032087 -0.090134 0.199714
v -0.035076 -0.089134 0.198078
v -0.036093 -0.089492 0.191008
v -0.038193 -0.087946 0.196162
v -0.038344 -0.087884 0.196064
v -0.040123 -0.087638 0.188706
v -0.042575 -0.085987 0.193063
v -0.043934 -0.085582 0.186203
v -0.046943 -0.083620 0.189427
v -0.046912 -0.083652 0.189078
v -0.046878 -0.083686 0.188729
v -0.046841 -0.083720 0.188381
v -0.045181 -0.084681 0.176818
v -0.043194 -0.086076 0.180935
v -0.039381 -0.088269 0.183014
v -0.035372 -0.090247 0.184923
v -0.043042 -0.085108 0.165035
v -0.041605 -0.086607 0.170329
v -0.042410 -0.086421 0.175645
v -0.040202 -0.055496 0.032653
v -0.036167 -0.058164 0.032392
v -0.031926 -0.060558 0.032165
v -0.027498 -0.062661 0.031973
v -0.022905 -0.064455 0.031813
v -0.018166 -0.065925 0.031686
v -0.013286 -0.066292 0.026231
v -0.040039 -0.056410 0.038319
v -0.036045 -0.059095 0.037981
v -0.031838 -0.061508 0.037686
v -0.027438 -0.063630 0.037434
v -0.022868 -0.065441 0.037226
v -0.018143 -0.066927 0.037059
v -0.013313 -0.067057 0.031590
v -0.009177 -0.066958 0.026193
v -0.005029 -0.067381 0.026169
v -0.039476 -0.058905 0.049530
v -0.035569 -0.061619 0.049052
v -0.031442 -0.064058 0.048634
v -0.027115 -0.066204 0.048275
v -0.022612 -0.068036 0.047975
v -0.017947 -0.069541 0.047734
v -0.013300 -0.068072 0.036933
v -0.009192 -0.068757 0.036858
v -0.009199 -0.067733 0.031534
v -0.005038 -0.069192 0.036811
v -0.005041 -0.068162 0.031498
v -0.038634 -0.062103 0.060569
v -0.034822 -0.064820 0.059978
v -0.030788 -0.067261 0.059459
v -0.026554 -0.069404 0.059010
v -0.022148 -0.071231 0.058635
v -0.017578 -0.072731 0.058331
v -0.013160 -0.070701 0.047552
v -0.037587 -0.065777 0.071461
v -0.033874 -0.068464 0.070788
v -0.029943 -0.070871 0.070193
v -0.025818 -0.072980 0.069677
v -0.021529 -0.074773 0.069243
v -0.017081 -0.076243 0.068891
v -0.012889 -0.073885 0.058100
v -0.009097 -0.071394 0.047444
v -0.004987 -0.071834 0.047376
v -0.034176 -0.078467 0.106609
v -0.034158 -0.086392 0.137268
v -0.030587 -0.088531 0.136829
v -0.026882 -0.090429 0.136435
v -0.023060 -0.092078 0.136091
v -0.019153 -0.093466 0.135798
v -0.015134 -0.094601 0.135557
v -0.010956 -0.093287 0.123191
v -0.007624 -0.091222 0.111450
v -0.004176 -0.091567 0.111332
v -0.034570 -0.087295 0.142952
v -0.030946 -0.089432 0.142672
v -0.027191 -0.091328 0.142421
v -0.023320 -0.092975 0.142201
v -0.019366 -0.094362 0.142015
v -0.015301 -0.095496 0.141862
v -0.011060 -0.095466 0.135372
v -0.007563 -0.093810 0.123028
v -0.004142 -0.094141 0.122925
v -0.035087 -0.088010 0.148658
v -0.031403 -0.090152 0.148579
v -0.027589 -0.092053 0.148510
v -0.023660 -0.093704 0.148450
v -0.019649 -0.095094 0.148400
v -0.015523 -0.096232 0.148359
v -0.011181 -0.096360 0.141744
v -0.007634 -0.095979 0.135262
v -0.004180 -0.096304 0.135192
v -0.035690 -0.088534 0.154379
v -0.031944 -0.090683 0.154549
v -0.028066 -0.092591 0.154703
v -0.024071 -0.094248 0.154840
v -0.019992 -0.095643 0.154957
v -0.015796 -0.096786 0.155054
v -0.011343 -0.097099 0.148327
v -0.007717 -0.096873 0.141674
v -0.004225 -0.097198 0.141630
v -0.036362 -0.088866 0.160109
v -0.032553 -0.091018 0.160571
v -0.028607 -0.092928 0.160987
v -0.024541 -0.094588 0.161353
v -0.020389 -0.095986 0.161666
v -0.016111 -0.097132 0.161925
v -0.011543 -0.097657 0.155129
v -0.007829 -0.097613 0.148309
v -0.004287 -0.097939 0.148297
v -0.038614 -0.088707 0.177302
v -0.032818 -0.072329 0.081534
v -0.027611 -0.080283 0.096993
v -0.023276 -0.084728 0.104547
v -0.033215 -0.091149 0.166632
v -0.029838 -0.092947 0.173751
v -0.026213 -0.094195 0.181401
v -0.022339 -0.094815 0.189460
v -0.028993 -0.074667 0.080888
v -0.024984 -0.076711 0.080326
v -0.020823 -0.078443 0.079852
v -0.016511 -0.079862 0.079465
v -0.012521 -0.077372 0.068622
v -0.008655 -0.078046 0.068463
v -0.008910 -0.074574 0.057964
v -0.004744 -0.078473 0.068362
v -0.004884 -0.075011 0.057878
v -0.023762 -0.082184 0.096392
v -0.019367 -0.086264 0.104035
v -0.029202 -0.093051 0.167342
v -0.025062 -0.094705 0.167968
v -0.020830 -0.096098 0.168500
v -0.016465 -0.097242 0.168942
v -0.011776 -0.098006 0.162125
v -0.007968 -0.098174 0.155174
v -0.004363 -0.098502 0.155202
v -0.025623 -0.094580 0.174658
v -0.021814 -0.095536 0.182430
v -0.017685 -0.095872 0.190535
v -0.012945 -0.096678 0.191361
v -0.008946 -0.097157 0.191854
v -0.019784 -0.083789 0.095883
v -0.015670 -0.085102 0.095465
v -0.012098 -0.080950 0.079169
v -0.008361 -0.081597 0.078994
v -0.004582 -0.082007 0.078883
v -0.021308 -0.095956 0.175432
v -0.016849 -0.097086 0.176073
v -0.012037 -0.098113 0.169282
v -0.008130 -0.098524 0.162244
v -0.004452 -0.098853 0.162319
v -0.015331 -0.087520 0.103614
v -0.011472 -0.086105 0.095146
v -0.017258 -0.096639 0.183283
v -0.012626 -0.097480 0.183940
v -0.008723 -0.097979 0.184331
v -0.004902 -0.097460 0.192167
v -0.012322 -0.097948 0.176566
v -0.008311 -0.098631 0.169485
v -0.004552 -0.098958 0.169613
v -0.008510 -0.098460 0.176860
v -0.004779 -0.098295 0.184580
v -0.004661 -0.098784 0.177047
v 0.007474 -0.067162 0.026181
v 0.011602 -0.066596 0.026213
v 0.007492 -0.067940 0.031517
v 0.011627 -0.067365 0.031565
v 0.015709 -0.066544 0.031633
v 0.007487 -0.068967 0.036836
v 0.011617 -0.068384 0.036899
v 0.015692 -0.067554 0.036989
v 0.019694 -0.066480 0.037108
v 0.007410 -0.071606 0.047412
v 0.011496 -0.071016 0.047503
v 0.015525 -0.070175 0.047634
v 0.019478 -0.069089 0.047806
v 0.023338 -0.067767 0.048019
v 0.007258 -0.074785 0.057923
v 0.011260 -0.074199 0.058038
v 0.015206 -0.073362 0.058205
v 0.019077 -0.072280 0.058422
v 0.022857 -0.070963 0.058689
v 0.026528 -0.069416 0.059008
v 0.007050 -0.078252 0.068415
v 0.010938 -0.077679 0.068550
v 0.014774 -0.076861 0.068744
v 0.018540 -0.075802 0.068996
v 0.022218 -0.074510 0.069306
v 0.025792 -0.072992 0.069674
v 0.029248 -0.071254 0.070098
v 0.006810 -0.081795 0.078940
v 0.010568 -0.081244 0.079089
v 0.014278 -0.080457 0.079303
v 0.017924 -0.079437 0.079581
v 0.021490 -0.078190 0.079921
v 0.024959 -0.076722 0.080323
v 0.028317 -0.075039 0.080786
v 0.031550 -0.073150 0.081307
v 0.006454 -0.086884 0.094897
v 0.010020 -0.086377 0.095059
v 0.013545 -0.085651 0.095291
v 0.017016 -0.084709 0.095590
v 0.020419 -0.083556 0.095957
v 0.023738 -0.082194 0.096389
v 0.026961 -0.080630 0.096884
v 0.030073 -0.078870 0.097439
v 0.033063 -0.076920 0.098052
v 0.006309 -0.089222 0.103040
v 0.009797 -0.088738 0.103204
v 0.013249 -0.088045 0.103438
v 0.016651 -0.087145 0.103740
v 0.019990 -0.086041 0.104109
v 0.023252 -0.084738 0.104544
v 0.026426 -0.083239 0.105041
v 0.029498 -0.081551 0.105598
v 0.032454 -0.079680 0.106212
v 0.006208 -0.091388 0.111393
v 0.009642 -0.090924 0.111552
v 0.013042 -0.090260 0.111779
v 0.016398 -0.089397 0.112073
v 0.019695 -0.088338 0.112431
v 0.022923 -0.087087 0.112853
v 0.026068 -0.085648 0.113334
v 0.029119 -0.084025 0.113874
v 0.032064 -0.082226 0.114468
v 0.006157 -0.093969 0.122978
v 0.009566 -0.093525 0.123117
v 0.012945 -0.092888 0.123314
v 0.016282 -0.092060 0.123570
v 0.019568 -0.091045 0.123882
v 0.022790 -0.089844 0.124249
v 0.025938 -0.088462 0.124667
v 0.029000 -0.086903 0.125136
v 0.031966 -0.085172 0.125652
v 0.006214 -0.096135 0.135228
v 0.009656 -0.095699 0.135322
v 0.013070 -0.095074 0.135456
v 0.016444 -0.094262 0.135629
v 0.019770 -0.093266 0.135840
v 0.023037 -0.092087 0.136089
v 0.026234 -0.090730 0.136373
v 0.029352 -0.089199 0.136691
v 0.032380 -0.087498 0.137041
v 0.035308 -0.085632 0.137423
v 0.006282 -0.097030 0.141653
v 0.009762 -0.096594 0.141713
v 0.013213 -0.095969 0.141798
v 0.016626 -0.095158 0.141908
v 0.019991 -0.094162 0.142042
v 0.023297 -0.092985 0.142200
v 0.026534 -0.091629 0.142381
v 0.029693 -0.090099 0.142583
v 0.032765 -0.088400 0.142807
v 0.035739 -0.086535 0.143051
v 0.006374 -0.097770 0.148303
v 0.009904 -0.097333 0.148319
v 0.013406 -0.096706 0.148342
v 0.016868 -0.095892 0.148371
v 0.020282 -0.094894 0.148407
v 0.023636 -0.093713 0.148449
v 0.026922 -0.092354 0.148499
v 0.030131 -0.090821 0.148555
v 0.033251 -0.089117 0.148617
v 0.036276 -0.087249 0.148685
v 0.006487 -0.098332 0.155188
v 0.010079 -0.097893 0.155149
v 0.013641 -0.097263 0.155095
v 0.017164 -0.096445 0.155025
v 0.020635 -0.095442 0.154940
v 0.024046 -0.094257 0.154840
v 0.027387 -0.092893 0.154728
v 0.030649 -0.091354 0.154603
v 0.033823 -0.089645 0.154466
v 0.036900 -0.087770 0.154319
v 0.006619 -0.098683 0.162281
v 0.010283 -0.098242 0.162179
v 0.013916 -0.097610 0.162034
v 0.017506 -0.096790 0.161847
v 0.021043 -0.095785 0.161621
v 0.024516 -0.094597 0.161355
v 0.027917 -0.093231 0.161053
v 0.031236 -0.091690 0.160716
v 0.034464 -0.089978 0.160347
v 0.037593 -0.088101 0.159947
v 0.007285 -0.097304 0.192006
v 0.011310 -0.096896 0.191586
v 0.015288 -0.096313 0.190986
v 0.027459 -0.061964 0.026489
v 0.031178 -0.060941 0.032130
v 0.034648 -0.059941 0.037876
v 0.037539 -0.060303 0.049282
v 0.026795 -0.093538 0.188174
v 0.041586 -0.053901 0.027018
v 0.037388 -0.089291 0.183997
v 0.040667 -0.087566 0.182343
v 0.037931 -0.076744 0.134924
v 0.039179 -0.078479 0.136433
v 0.038514 -0.077077 0.130896
v 0.038546 -0.076861 0.129228
v 0.037512 -0.075875 0.131062
v 0.038214 -0.075699 0.125402
v 0.037163 -0.074527 0.125597
v 0.038336 -0.074970 0.121922
v 0.038122 -0.074150 0.119989
v 0.038558 -0.072814 0.114567
v 0.038228 -0.072457 0.114672
v 0.038515 -0.070646 0.109458
v 0.037143 -0.071317 0.114922
v 0.037444 -0.069503 0.109736
v 0.036019 -0.070244 0.115165
v 0.036335 -0.068421 0.110006
v 0.034962 -0.069324 0.115381
v 0.035295 -0.067488 0.110246
v 0.033881 -0.068460 0.115593
v 0.034229 -0.066606 0.110482
v 0.032780 -0.067652 0.115803
v 0.033144 -0.065775 0.110715
v 0.031662 -0.066899 0.116010
v 0.032041 -0.064993 0.110944
v 0.030531 -0.066199 0.116215
v 0.030924 -0.064260 0.111171
v 0.029390 -0.065549 0.116418
v 0.029797 -0.063573 0.111394
v 0.028243 -0.064945 0.116618
v 0.028661 -0.062929 0.111613
v 0.027092 -0.064385 0.116815
v 0.027519 -0.062324 0.111828
v 0.025938 -0.063865 0.117008
v 0.026371 -0.061757 0.112038
v 0.024784 -0.063382 0.117196
v 0.025221 -0.061225 0.112242
v 0.023630 -0.062932 0.117378
v 0.024067 -0.060724 0.112441
v 0.022475 -0.062512 0.117555
v 0.022909 -0.060253 0.112632
v 0.021321 -0.062120 0.117724
v 0.021749 -0.059810 0.112815
v 0.020166 -0.061754 0.117886
v 0.020585 -0.059393 0.112991
v 0.019010 -0.061411 0.118039
v 0.019417 -0.059000 0.113157
v 0.017852 -0.061090 0.118184
v 0.018244 -0.058631 0.113314
v 0.016691 -0.060790 0.118320
v 0.017066 -0.058284 0.113461
v 0.015526 -0.060510 0.118446
v 0.015883 -0.057959 0.113599
v 0.014357 -0.060249 0.118563
v 0.014692 -0.057656 0.113726
v 0.013183 -0.060007 0.118670
v 0.013495 -0.057375 0.113842
v 0.012003 -0.059785 0.118767
v 0.012290 -0.057116 0.113948
v 0.011077 -0.056879 0.114043
v 0.012727 -0.053939 0.109220
v 0.011473 -0.053662 0.109323
v 0.013307 -0.050241 0.104611
v 0.011996 -0.049916 0.104720
v 0.014021 -0.046007 0.100149
v 0.012641 -0.045626 0.100265
v 0.014875 -0.041168 0.095819
v 0.013410 -0.040720 0.095942
v 0.015854 -0.035790 0.091722
v 0.014293 -0.035267 0.091854
v 0.016791 -0.030785 0.088424
v 0.015136 -0.030190 0.088566
v 0.017815 -0.025449 0.085330
v 0.016058 -0.024776 0.085483
v 0.019117 -0.018861 0.081957
v 0.017230 -0.018090 0.082125
v 0.020534 -0.011943 0.078781
v 0.018505 -0.011068 0.078966
v 0.022752 -0.001633 0.074376
v 0.020500 -0.000600 0.074586
v 0.024191 0.004718 0.071667
v 0.021794 0.005850 0.071889
v 0.025711 0.011135 0.068804
v 0.023160 0.012369 0.069035
v 0.027311 0.017569 0.065704
v 0.024599 0.018906 0.065939
v 0.028990 0.023960 0.062285
v 0.026108 0.025400 0.062520
v 0.029561 0.026061 0.061061
v 0.026622 0.027536 0.061293
v 0.030693 0.030162 0.058464
v 0.027647 0.031714 0.058691
v 0.032364 0.036007 0.054154
v 0.029172 0.037688 0.054369
v 0.034004 0.041372 0.049277
v 0.030685 0.043199 0.049475
v 0.035612 0.046093 0.043763
v 0.032185 0.048078 0.043935
v 0.036404 0.048146 0.040750
v 0.032930 0.050214 0.040906
v 0.037189 0.049952 0.037564
v 0.033672 0.052104 0.037702
v 0.038352 0.052120 0.032468
v 0.034779 0.054401 0.032576
v 0.039497 0.053529 0.027032
v 0.035880 0.055939 0.027105
v 0.040626 0.054071 0.021336
v 0.036975 0.056610 0.021373
v 0.039168 -0.070435 0.107200
v 0.038962 -0.068746 0.104356
v 0.037927 -0.067583 0.104662
v 0.036854 -0.066474 0.104960
v 0.035846 -0.065508 0.105226
v 0.034812 -0.064588 0.105486
v 0.033755 -0.063712 0.105742
v 0.032679 -0.062881 0.105994
v 0.031585 -0.062092 0.106241
v 0.030477 -0.061344 0.106484
v 0.029356 -0.060635 0.106721
v 0.028224 -0.059963 0.106953
v 0.027082 -0.059326 0.107179
v 0.025932 -0.058722 0.107399
v 0.024773 -0.058150 0.107611
v 0.023606 -0.057608 0.107815
v 0.022432 -0.057095 0.108011
v 0.021249 -0.056609 0.108198
v 0.020058 -0.056150 0.108375
v 0.018859 -0.055717 0.108543
v 0.017651 -0.055310 0.108700
v 0.016433 -0.054929 0.108846
v 0.015207 -0.054573 0.108982
v 0.013972 -0.054243 0.109107
v 0.041231 -0.065290 0.092501
v 0.039542 -0.066782 0.099368
v 0.038567 -0.065581 0.099706
v 0.037552 -0.064423 0.100034
v 0.036593 -0.063405 0.100328
v 0.035606 -0.062423 0.100615
v 0.034593 -0.061479 0.100896
v 0.033555 -0.060572 0.101171
v 0.032494 -0.059702 0.101440
v 0.031412 -0.058868 0.101703
v 0.030310 -0.058069 0.101959
v 0.029191 -0.057304 0.102208
v 0.028055 -0.056573 0.102450
v 0.026902 -0.055874 0.102684
v 0.025735 -0.055208 0.102909
v 0.024553 -0.054573 0.103126
v 0.023356 -0.053969 0.103333
v 0.022145 -0.053395 0.103530
v 0.020921 -0.052853 0.103717
v 0.019683 -0.052341 0.103893
v 0.018432 -0.051859 0.104059
v 0.017169 -0.051408 0.104214
v 0.015893 -0.050988 0.104358
v 0.014606 -0.050598 0.104490
v 0.043673 -0.060177 0.077708
v 0.041753 -0.064107 0.089269
v 0.041018 -0.062743 0.089692
v 0.040232 -0.064782 0.094498
v 0.039339 -0.063520 0.094871
v 0.045683 -0.055506 0.062641
v 0.044535 -0.057181 0.072125
v 0.043763 -0.058961 0.076627
v 0.043110 -0.060543 0.080546
v 0.042655 -0.058986 0.081076
v 0.041875 -0.060710 0.085005
v 0.041226 -0.059250 0.085474
v 0.040235 -0.061395 0.090108
v 0.039404 -0.060063 0.090515
v 0.038404 -0.062289 0.095235
v 0.037515 -0.061194 0.095560
v 0.046483 -0.053374 0.055019
v 0.046410 -0.053233 0.061424
v 0.045310 -0.055485 0.067686
v 0.044456 -0.055366 0.072812
v 0.043470 -0.057291 0.077223
v 0.043114 -0.055588 0.077817
v 0.042143 -0.057412 0.081602
v 0.041570 -0.055823 0.082119
v 0.040524 -0.057791 0.085935
v 0.039833 -0.056462 0.086345
v 0.038603 -0.058864 0.090878
v 0.037762 -0.057683 0.091232
v 0.036591 -0.060126 0.095878
v 0.035636 -0.059088 0.096188
v 0.047114 -0.051553 0.047289
v 0.047702 -0.050837 0.053973
v 0.047061 -0.051990 0.057694
v 0.046970 -0.051022 0.062365
v 0.045474 -0.053512 0.068475
v 0.045558 -0.051458 0.069264
v 0.044307 -0.053494 0.073498
v 0.044077 -0.051568 0.074173
v 0.042688 -0.053852 0.078401
v 0.042233 -0.052244 0.078920
v 0.040989 -0.054363 0.082580
v 0.040350 -0.052897 0.083026
v 0.039093 -0.055139 0.086744
v 0.038301 -0.053823 0.087130
v 0.036880 -0.056520 0.091576
v 0.035958 -0.055378 0.091909
v 0.034648 -0.058079 0.096489
v 0.033630 -0.057100 0.096783
v 0.047525 -0.050132 0.039429
v 0.049150 -0.048531 0.045275
v 0.048950 -0.048828 0.046522
v 0.048332 -0.049781 0.050251
v 0.049753 -0.047138 0.051418
v 0.048815 -0.048335 0.055077
v 0.049812 -0.045654 0.056191
v 0.048608 -0.047126 0.059755
v 0.049201 -0.044476 0.060775
v 0.047787 -0.046237 0.064241
v 0.047993 -0.043906 0.065067
v 0.045449 -0.047316 0.070732
v 0.045250 -0.045256 0.071398
v 0.043417 -0.047935 0.075353
v 0.042956 -0.046074 0.075909
v 0.041112 -0.048978 0.079908
v 0.040436 -0.047333 0.080371
v 0.038884 -0.049964 0.083871
v 0.038052 -0.048509 0.084267
v 0.036558 -0.051232 0.087861
v 0.035606 -0.049964 0.088205
v 0.033989 -0.053167 0.092543
v 0.032944 -0.052102 0.092843
v 0.031505 -0.055235 0.097344
v 0.030402 -0.054351 0.097612
v 0.047825 -0.049031 0.031510
v 0.050447 -0.046423 0.035185
v 0.050023 -0.047153 0.038997
v 0.049524 -0.047958 0.042773
v 0.051593 -0.045041 0.043993
v 0.051011 -0.045711 0.046491
v 0.052727 -0.042635 0.047728
v 0.052310 -0.043031 0.048957
v 0.053742 -0.039776 0.050172
v 0.052180 -0.041229 0.053764
v 0.053048 -0.038277 0.054797
v 0.051297 -0.040059 0.058266
v 0.051768 -0.037199 0.059202
v 0.049880 -0.039309 0.062549
v 0.049991 -0.036594 0.063377
v 0.048017 -0.039018 0.066621
v 0.047811 -0.036492 0.067339
v 0.044519 -0.041021 0.072642
v 0.043974 -0.038872 0.073215
v 0.041741 -0.042311 0.076944
v 0.040980 -0.040431 0.077421
v 0.038839 -0.044057 0.081233
v 0.037915 -0.042443 0.081632
v 0.036183 -0.045650 0.085007
v 0.035147 -0.044259 0.085350
v 0.033539 -0.047507 0.088849
v 0.032426 -0.046325 0.089150
v 0.030737 -0.050065 0.093408
v 0.029578 -0.049096 0.093674
v 0.028116 -0.052680 0.098118
v 0.026937 -0.051894 0.098357
v 0.048043 -0.048302 0.023532
v 0.051072 -0.045240 0.027435
v 0.050943 -0.045496 0.029390
v 0.050796 -0.045780 0.031333
v 0.053567 -0.042343 0.032324
v 0.053026 -0.043166 0.036301
v 0.055417 -0.039606 0.037443
v 0.054543 -0.040699 0.041404
v 0.056505 -0.037045 0.042611
v 0.055226 -0.038395 0.046469
v 0.056591 -0.035029 0.047560
v 0.055467 -0.036084 0.050038
v 0.056465 -0.032685 0.051077
v 0.055784 -0.033292 0.052278
v 0.056478 -0.029831 0.053253
v 0.054222 -0.031976 0.056728
v 0.054489 -0.028674 0.057612
v 0.052158 -0.031203 0.060930
v 0.052050 -0.028112 0.061716
v 0.049691 -0.030997 0.064894
v 0.049264 -0.028157 0.065580
v 0.046923 -0.031361 0.068650
v 0.046233 -0.028797 0.069243
v 0.042502 -0.034582 0.074263
v 0.041575 -0.032469 0.074739
v 0.039144 -0.036727 0.078295
v 0.038071 -0.034926 0.078693
v 0.035817 -0.039305 0.082365
v 0.034647 -0.037796 0.082701
v 0.032878 -0.041584 0.085984
v 0.031650 -0.040311 0.086277
v 0.030051 -0.044075 0.089708
v 0.028792 -0.043014 0.089967
v 0.027154 -0.047271 0.094170
v 0.025893 -0.046417 0.094400
v 0.024508 -0.050427 0.098803
v 0.023261 -0.049746 0.099011
v 0.051232 -0.044915 0.024481
v 0.051353 -0.044666 0.021503
v 0.051436 -0.044502 0.018507
v 0.054417 -0.040862 0.021952
v 0.054535 -0.040641 0.018738
v 0.057223 -0.036793 0.022413
v 0.057360 -0.036536 0.018977
v 0.059743 -0.032479 0.022873
v 0.059888 -0.032210 0.019214
v 0.061772 -0.028349 0.023279
v 0.061919 -0.028088 0.019425
v 0.063522 -0.024055 0.023666
v 0.063671 -0.023821 0.019625
v 0.064977 -0.019623 0.024030
v 0.065133 -0.019430 0.019813
v 0.066124 -0.015079 0.024368
v 0.066294 -0.014939 0.019987
v 0.066951 -0.010451 0.024677
v 0.067145 -0.010371 0.020146
v 0.067450 -0.005770 0.024958
v 0.067682 -0.005752 0.020290
v 0.067620 -0.001064 0.025211
v 0.067900 -0.001108 0.020420
v 0.067457 0.003636 0.025438
v 0.067799 0.003537 0.020535
v 0.066967 0.008302 0.025641
v 0.067381 0.008157 0.020639
v 0.066154 0.012906 0.025822
v 0.066649 0.012729 0.020730
v 0.065027 0.017424 0.025984
v 0.065609 0.017229 0.020812
v 0.063597 0.021830 0.026130
v 0.064270 0.021635 0.020886
v 0.061876 0.026103 0.026262
v 0.062639 0.025927 0.020952
v 0.059877 0.030224 0.026383
v 0.060729 0.030085 0.021012
v 0.057617 0.034174 0.026494
v 0.058550 0.034091 0.021067
v 0.055111 0.037937 0.026597
v 0.056115 0.037927 0.021119
v 0.052376 0.041500 0.026694
v 0.053440 0.041579 0.021167
v 0.049430 0.044851 0.026785
v 0.050538 0.045031 0.021212
v 0.046289 0.047978 0.026871
v 0.047424 0.048272 0.021256
v 0.042973 0.050873 0.026954
v 0.044115 0.051289 0.021297
v 0.033177 0.058898 0.021408
v 0.029251 0.060927 0.021440
v 0.025212 0.062692 0.021470
v 0.024348 0.061659 0.027296
v 0.020329 0.063054 0.027347
v 0.019593 0.061060 0.032927
v 0.015644 0.062113 0.032989
v 0.015053 0.059295 0.038230
v 0.011210 0.060042 0.038292
v 0.010917 0.057778 0.041570
v 0.007154 0.058274 0.041621
v 0.006963 0.055751 0.044720
v 0.003409 0.058560 0.041651
v 0.003317 0.056022 0.044753
v -0.000390 0.058643 0.041660
v -0.000380 0.056100 0.044762
v -0.004052 0.055983 0.044748
v -0.003835 0.050365 0.050403
v -0.007310 0.050086 0.050360
v -0.006914 0.043958 0.055330
v -0.010205 0.043548 0.055256
v -0.009644 0.037090 0.059620
v -0.012759 0.036564 0.059515
v -0.012280 0.032145 0.062131
v -0.015283 0.031495 0.061999
v -0.014989 0.029267 0.063229
v -0.017933 0.028479 0.063072
v -0.016904 0.021772 0.066492
v -0.019672 0.020887 0.066313
v -0.018527 0.014202 0.069400
v -0.021118 0.013238 0.069205
v -0.019875 0.006650 0.072052
v -0.022292 0.005628 0.071844
v -0.020968 -0.000803 0.074544
v -0.023214 -0.001863 0.074331
v -0.020951 -0.012137 0.078741
v -0.022946 -0.013139 0.078535
v -0.021362 -0.019911 0.081734
v -0.023189 -0.020883 0.081532
v -0.021610 -0.027208 0.084943
v -0.023282 -0.028130 0.084746
v -0.021950 -0.033144 0.087882
v -0.023500 -0.034019 0.087685
v -0.022203 -0.038616 0.091029
v -0.023645 -0.039434 0.090831
v -0.022216 -0.044257 0.094982
v -0.023557 -0.044992 0.094784
v -0.022258 -0.049231 0.099168
v -0.023521 -0.049884 0.098969
v -0.022397 -0.053511 0.103490
v -0.023605 -0.054091 0.103291
v -0.022675 -0.057199 0.107971
v -0.023849 -0.057718 0.107774
v -0.023149 -0.060349 0.112593
v -0.024306 -0.060825 0.112400
v -0.023869 -0.063022 0.117341
v -0.025023 -0.063479 0.117157
v -0.024877 -0.065282 0.122208
v -0.026038 -0.065744 0.122038
v -0.024705 -0.065762 0.124030
v -0.027198 -0.066247 0.121864
v -0.028357 -0.066794 0.121686
v -0.027330 -0.064498 0.116775
v -0.028481 -0.065067 0.116577
v -0.027755 -0.062446 0.111784
v -0.028896 -0.063059 0.111568
v -0.028459 -0.060099 0.106906
v -0.029589 -0.060778 0.106673
v -0.029424 -0.057459 0.102158
v -0.030540 -0.058231 0.101907
v -0.030632 -0.054531 0.097557
v -0.031730 -0.055422 0.097288
v -0.032087 -0.051279 0.093073
v -0.033163 -0.052320 0.092782
v -0.033763 -0.047755 0.088785
v -0.034812 -0.048976 0.088468
v -0.035367 -0.044544 0.085280
v -0.036389 -0.045941 0.084934
v -0.037122 -0.041182 0.081932
v -0.038113 -0.042775 0.081551
v -0.039353 -0.037104 0.078209
v -0.040302 -0.038949 0.077780
v -0.041777 -0.032903 0.074643
v -0.042678 -0.035022 0.074161
v -0.045567 -0.026780 0.069684
v -0.046389 -0.029326 0.069123
v -0.048022 -0.023089 0.066694
v -0.048790 -0.025906 0.066091
v -0.050611 -0.019422 0.063627
v -0.051321 -0.022521 0.062989
v -0.053333 -0.015811 0.060430
v -0.053980 -0.019201 0.059768
v -0.056188 -0.012295 0.057051
v -0.056766 -0.015981 0.056379
v -0.057141 -0.011153 0.055871
v -0.057695 -0.014936 0.055198
v -0.058926 -0.008935 0.053392
v -0.059433 -0.012903 0.052725
v -0.061302 -0.005808 0.049351
v -0.061737 -0.010022 0.048708
v -0.063316 -0.002990 0.044880
v -0.063676 -0.007410 0.044284
v -0.064967 -0.000584 0.039934
v -0.065253 -0.005162 0.039409
v -0.065657 0.000424 0.037273
v -0.065905 -0.004213 0.036793
v -0.066257 0.001274 0.034484
v -0.066467 -0.003405 0.034057
v -0.066989 0.002209 0.030066
v -0.067141 -0.002504 0.029730
v -0.067518 0.002666 0.025393
v -0.067612 -0.002038 0.025160
v -0.067846 0.002577 0.020513
v -0.067881 -0.002069 0.020394
v -0.067597 -0.006712 0.020262
v -0.066995 -0.011321 0.020114
v -0.066079 -0.015875 0.019952
v -0.065913 -0.016027 0.024300
v -0.064701 -0.020550 0.023957
v -0.064382 -0.021059 0.027998
v -0.062887 -0.025458 0.027469
v -0.062441 -0.026183 0.031200
v -0.060695 -0.030370 0.030493
v -0.060353 -0.030902 0.032806
v -0.058382 -0.034836 0.031982
v -0.058034 -0.035356 0.034159
v -0.055883 -0.038994 0.033236
v -0.055186 -0.039979 0.037328
v -0.052992 -0.043212 0.036286
v -0.052338 -0.044116 0.040172
v -0.050007 -0.047172 0.038989
v -0.049510 -0.047976 0.042765
v -0.047525 -0.050132 0.039429
v -0.047114 -0.051553 0.047289
v 0.021078 0.064189 0.021495
v 0.016248 0.064190 0.027390
v 0.011658 0.062923 0.033039
v 0.007348 0.060567 0.038338
v 0.003503 0.060870 0.038365
v -0.000401 0.060958 0.038372
v -0.004164 0.058519 0.041647
v -0.007722 0.055671 0.044710
v -0.010785 0.049630 0.050291
v -0.013497 0.042971 0.055156
v -0.015878 0.035881 0.059385
v -0.018285 0.030689 0.061843
v -0.020873 0.027530 0.062893
v -0.022427 0.019846 0.066113
v -0.023691 0.012126 0.068989
v -0.024683 0.004466 0.071618
v -0.025428 -0.003050 0.074099
v -0.024907 -0.014248 0.078314
v -0.024979 -0.021946 0.081316
v -0.024918 -0.029129 0.084535
v -0.025014 -0.034959 0.087475
v -0.025054 -0.040306 0.090621
v -0.024872 -0.045770 0.094575
v -0.024763 -0.050572 0.098759
v -0.024798 -0.054701 0.103082
v -0.025014 -0.058266 0.107568
v -0.025459 -0.061332 0.112201
v -0.026177 -0.063970 0.116968
v 0.016865 0.065412 0.021517
v 0.012589 0.066361 0.021535
v 0.008267 0.067031 0.021547
v 0.007953 0.065688 0.027448
v 0.003948 0.067420 0.021555
v 0.003795 0.066047 0.027463
v -0.000452 0.067533 0.021557
v -0.000435 0.066151 0.027467
v -0.004632 0.065995 0.027461
v -0.004453 0.063777 0.033092
v -0.008478 0.063396 0.033068
v -0.008148 0.060476 0.038330
v -0.012006 0.059906 0.038281
v -0.011694 0.057649 0.041557
v -0.015439 0.056898 0.041483
v -0.015040 0.054450 0.044568
v -0.018678 0.053533 0.044467
v -0.017722 0.048166 0.050083
v -0.021176 0.047145 0.049947
v -0.020077 0.041297 0.054883
v -0.023354 0.040183 0.054715
v -0.022108 0.034009 0.059055
v -0.025206 0.032804 0.058859
v -0.024269 0.028572 0.061465
v -0.027233 0.027246 0.061247
v -0.026707 0.025117 0.062473
v -0.029581 0.023639 0.062235
v -0.027867 0.017272 0.065653
v -0.030529 0.015727 0.065395
v -0.028739 0.009438 0.068500
v -0.031192 0.007853 0.068227
v -0.029347 0.001713 0.071111
v -0.031597 0.000117 0.070830
v -0.029719 -0.005816 0.073583
v -0.031775 -0.007397 0.073299
v -0.028693 -0.016786 0.077823
v -0.030500 -0.018215 0.077553
v -0.028422 -0.024346 0.080838
v -0.030061 -0.025679 0.080576
v -0.028060 -0.031352 0.084070
v -0.029554 -0.032573 0.083815
v -0.027920 -0.037029 0.087015
v -0.029303 -0.038154 0.086764
v -0.027763 -0.042206 0.090163
v -0.029056 -0.043230 0.089915
v -0.027411 -0.047453 0.094121
v -0.028633 -0.048354 0.093876
v -0.027183 -0.052054 0.098308
v -0.028357 -0.052847 0.098068
v -0.027142 -0.056016 0.102636
v -0.028291 -0.056721 0.102401
v -0.027319 -0.059455 0.107133
v -0.004817 0.067364 0.021554
v -0.009164 0.066915 0.021545
v -0.008817 0.065581 0.027444
v -0.012976 0.064908 0.027417
v -0.012485 0.062775 0.033030
v -0.016464 0.061915 0.032977
v -0.015845 0.059113 0.038215
v -0.019656 0.058093 0.038132
v -0.019164 0.055931 0.041391
v -0.022859 0.054743 0.041282
v -0.022293 0.052404 0.044348
v -0.025877 0.051057 0.044212
v -0.024610 0.045922 0.049793
v -0.028014 0.044489 0.049621
v -0.026611 0.038872 0.054529
v -0.029837 0.037358 0.054326
v -0.028280 0.031409 0.058646
v -0.031318 0.029816 0.058415
v -0.030164 0.025732 0.061011
v -0.033047 0.024023 0.060758
v -0.032409 0.021972 0.061980
v -0.035176 0.020111 0.061707
v -0.033135 0.014005 0.065119
v -0.035670 0.012103 0.064824
v -0.033581 0.006106 0.067936
v -0.035891 0.004195 0.067626
v -0.033777 -0.001626 0.070530
v -0.035873 -0.003514 0.070210
v -0.033758 -0.009107 0.072995
v -0.035655 -0.010944 0.072672
v -0.032239 -0.019746 0.077265
v -0.033901 -0.021378 0.076959
v -0.031635 -0.027097 0.080297
v -0.033138 -0.028597 0.080000
v -0.030989 -0.033863 0.083545
v -0.032361 -0.035218 0.083259
v -0.030634 -0.039336 0.086499
v -0.031909 -0.040570 0.086218
v -0.030306 -0.044300 0.089653
v -0.031508 -0.045414 0.089378
v -0.029821 -0.049294 0.093620
v -0.030973 -0.050269 0.093352
v -0.029508 -0.053672 0.097817
v -0.013478 0.066187 0.021531
v -0.017097 0.063976 0.027381
v -0.020405 0.060812 0.032913
v -0.023430 0.056843 0.038036
v -0.026514 0.053329 0.041159
v -0.029417 0.049486 0.044063
v -0.031376 0.042839 0.049435
v -0.033018 0.035632 0.054108
v -0.034304 0.028018 0.058168
v -0.035867 0.022115 0.060488
v -0.037864 0.018053 0.061417
v -0.038118 0.010021 0.064511
v -0.038108 0.002123 0.067296
v -0.037872 -0.005546 0.069870
v -0.037454 -0.012905 0.072327
v -0.035477 -0.023105 0.076632
v -0.034562 -0.030174 0.079684
v -0.033665 -0.036634 0.082955
v -0.033125 -0.041853 0.085922
v -0.032661 -0.046567 0.089089
v -0.017742 0.065182 0.021513
v -0.021940 0.063901 0.021490
v -0.026056 0.062349 0.021464
v -0.030073 0.060529 0.021434
v -0.029094 0.059634 0.027226
v -0.032922 0.057674 0.027161
v -0.031870 0.056035 0.032657
v -0.035528 0.053949 0.032554
v -0.034407 0.051679 0.037674
v -0.037904 0.049477 0.037534
v -0.037112 0.047689 0.040716
v -0.040470 0.045332 0.040548
v -0.039633 0.043383 0.043541
v -0.042848 0.040873 0.043345
v -0.041058 0.036529 0.048796
v -0.044088 0.033961 0.048558
v -0.042127 0.029131 0.053365
v -0.044954 0.026514 0.053088
v -0.042777 0.021356 0.057332
v -0.045374 0.018709 0.057018
v -0.043766 0.015171 0.059574
v -0.046146 0.012454 0.059228
v -0.045273 0.010697 0.060432
v -0.047458 0.007864 0.060057
v -0.044763 0.002715 0.063440
v -0.046685 -0.000054 0.063031
v -0.044037 -0.005026 0.066164
v -0.045721 -0.007693 0.065731
v -0.043148 -0.012438 0.068700
v -0.044621 -0.014972 0.068253
v -0.042147 -0.019455 0.071143
v -0.043440 -0.021829 0.070691
v -0.039601 -0.028789 0.075517
v -0.040750 -0.030821 0.075094
v -0.038301 -0.035295 0.078613
v -0.033974 0.058445 0.021401
v -0.036639 0.055461 0.027091
v -0.039076 0.051617 0.032445
v -0.041292 0.047032 0.037385
v -0.043711 0.042734 0.040371
v -0.045934 0.038126 0.043138
v -0.046985 0.031159 0.048305
v -0.047639 0.023674 0.052792
v -0.047821 0.015854 0.056682
v -0.048364 0.009546 0.058858
v -0.049465 0.004853 0.059654
v -0.048430 -0.002973 0.062591
v -0.047233 -0.010483 0.065264
v -0.045930 -0.017603 0.067771
v -0.044583 -0.024276 0.070205
v -0.037743 0.056105 0.021366
v -0.041362 0.053515 0.021328
v -0.044814 0.050683 0.021288
v -0.043673 0.050293 0.026937
v -0.046954 0.047350 0.026854
v -0.045777 0.046224 0.032207
v -0.048893 0.043171 0.032078
v -0.047668 0.041421 0.037063
v -0.050615 0.038261 0.036888
v -0.049761 0.036824 0.039985
v -0.052528 0.033520 0.039775
v -0.051639 0.031926 0.042687
v -0.054211 0.028486 0.042438
v -0.052290 0.024872 0.047750
v -0.054651 0.021401 0.047441
v -0.052494 0.017343 0.052138
v -0.054616 0.013873 0.051772
v -0.052176 0.009549 0.055934
v -0.054038 0.006123 0.055512
v -0.052229 0.003193 0.058027
v -0.053836 -0.000220 0.057558
v -0.052869 -0.001647 0.058745
v -0.054229 -0.005100 0.058230
v -0.051326 -0.009199 0.061599
v -0.052447 -0.012469 0.061039
v -0.049689 -0.016367 0.064216
v -0.048085 0.047619 0.021247
v -0.050056 0.044176 0.026766
v -0.051828 0.039888 0.031942
v -0.053374 0.034874 0.036702
v -0.055094 0.029995 0.039549
v -0.056567 0.024832 0.042171
v -0.056785 0.017727 0.047107
v -0.056503 0.010218 0.051374
v -0.055663 0.002539 0.055053
v -0.055200 -0.003766 0.057045
v -0.055339 -0.008658 0.057667
v -0.051156 0.044334 0.021203
v -0.054013 0.040839 0.021157
v -0.056639 0.037148 0.021108
v -0.059022 0.033275 0.021056
v -0.058105 0.033371 0.026472
v -0.060313 0.029385 0.026359
v -0.059345 0.028761 0.031477
v -0.061360 0.024670 0.031297
v -0.060314 0.023453 0.036056
v -0.062113 0.019274 0.035802
v -0.061363 0.018212 0.038757
v -0.062908 0.013940 0.038441
v -0.062114 0.012739 0.041217
v -0.063386 0.008399 0.040833
v -0.061608 0.005666 0.045905
v -0.062623 0.001380 0.045418
v -0.060550 -0.001645 0.049933
v -0.061146 0.029237 0.021000
v -0.062255 0.025231 0.026236
v -0.063098 0.020415 0.031099
v -0.063622 0.014942 0.035522
v -0.064148 0.009532 0.038092
v -0.064342 0.003948 0.040407
v -0.063000 0.025050 0.020939
v -0.064571 0.020733 0.020871
v -0.065849 0.016305 0.020796
v -0.065286 0.016498 0.025952
v -0.066348 0.011960 0.025786
v -0.065682 0.011499 0.030638
v -0.066500 0.006887 0.030368
v -0.065708 0.005914 0.034867
v -0.066826 0.011788 0.020712
v -0.067095 0.007341 0.025600
v -0.067493 0.007205 0.020618
v -0.064855 -0.020348 0.019775
v -0.063184 -0.024956 0.023588
v -0.061099 -0.029700 0.026908
v -0.058681 -0.034363 0.029754
v -0.056173 -0.038547 0.031135
v -0.053531 -0.042391 0.032310
v -0.050429 -0.046443 0.035178
v -0.063332 -0.024715 0.019585
v -0.061521 -0.028954 0.019382
v -0.059435 -0.033043 0.019170
v -0.059291 -0.033311 0.022787
v -0.056952 -0.037215 0.022366
v -0.056731 -0.037615 0.025719
v -0.054197 -0.041249 0.025116
v -0.053954 -0.041684 0.028236
v -0.051052 -0.045263 0.027430
v -0.050924 -0.045519 0.029384
v -0.047825 -0.049030 0.031510
v -0.050777 -0.045802 0.031327
v -0.057087 -0.036962 0.018953
v -0.054377 -0.040915 0.021945
v -0.051212 -0.044938 0.024477
v -0.054495 -0.040694 0.018735
v -0.051332 -0.044690 0.021500
v -0.048043 -0.048302 0.023532
v -0.051414 -0.044527 0.018506
v -0.046483 -0.053374 0.055020
v -0.048323 -0.049798 0.050244
v -0.048938 -0.048845 0.046514
v -0.049137 -0.048549 0.045267
v -0.050987 -0.045750 0.046475
v -0.051566 -0.045082 0.043977
v -0.053322 -0.042184 0.045111
v -0.054332 -0.041053 0.041281
v -0.056153 -0.037755 0.042385
v -0.057191 -0.036504 0.038365
v -0.058978 -0.032802 0.039376
v -0.059953 -0.031491 0.035058
v -0.061613 -0.027425 0.035919
v -0.062060 -0.026770 0.033597
v -0.063478 -0.022466 0.034342
v -0.063895 -0.021830 0.031867
v -0.065038 -0.017340 0.032489
v -0.065566 -0.016531 0.028491
v -0.066426 -0.011908 0.028944
v -0.066806 -0.011414 0.024615
v -0.067374 -0.006743 0.024902
v -0.045683 -0.055506 0.062641
v -0.047055 -0.052006 0.057687
v -0.047694 -0.050854 0.053966
v -0.049735 -0.047175 0.051402
v -0.050678 -0.046090 0.047713
v -0.052155 -0.043347 0.048833
v -0.052561 -0.042957 0.047603
v -0.053986 -0.039959 0.048724
v -0.054919 -0.039067 0.046239
v -0.056326 -0.035741 0.047337
v -0.057770 -0.034235 0.043461
v -0.059152 -0.030515 0.044493
v -0.060517 -0.028894 0.040344
v -0.061778 -0.024809 0.041259
v -0.062986 -0.023183 0.036732
v -0.064052 -0.018799 0.037490
v -0.064586 -0.018022 0.035037
v -0.065366 -0.013474 0.035677
v -0.065854 -0.012749 0.033061
v -0.066332 -0.008097 0.033583
v -0.066953 -0.007224 0.029356
v -0.043673 -0.060177 0.077708
v -0.045309 -0.055498 0.067681
v -0.046406 -0.053247 0.061418
v -0.047876 -0.049666 0.058707
v -0.048801 -0.048370 0.055062
v -0.049717 -0.045933 0.056079
v -0.050922 -0.044582 0.052479
v -0.051979 -0.041821 0.053546
v -0.053487 -0.040408 0.049945
v -0.054648 -0.037283 0.051028
v -0.055234 -0.036767 0.049817
v -0.056277 -0.033401 0.050866
v -0.057517 -0.032229 0.048392
v -0.058463 -0.028555 0.049391
v -0.060271 -0.026622 0.045469
v -0.061105 -0.022589 0.046382
v -0.062741 -0.020581 0.042114
v -0.063385 -0.016245 0.042903
v -0.064792 -0.014308 0.038189
v -0.065194 -0.009756 0.038828
v -0.065807 -0.008863 0.036262
v -0.041231 -0.065290 0.092501
v -0.041758 -0.064116 0.089266
v -0.042475 -0.062179 0.084527
v -0.043113 -0.060554 0.080543
v -0.042662 -0.059007 0.081069
v -0.043474 -0.057314 0.077215
v -0.043153 -0.055761 0.077757
v -0.044326 -0.053686 0.073429
v -0.044127 -0.051936 0.074047
v -0.045559 -0.049733 0.069896
v -0.045478 -0.047736 0.070591
v -0.047960 -0.044395 0.064898
v -0.048068 -0.042000 0.065700
v -0.049837 -0.039861 0.062372
v -0.049981 -0.037162 0.063209
v -0.052015 -0.034859 0.059911
v -0.052154 -0.031836 0.060761
v -0.054453 -0.029364 0.057434
v -0.054536 -0.026007 0.058272
v -0.057095 -0.023370 0.054847
v -0.057068 -0.019694 0.055643
v -0.057964 -0.018746 0.054461
v -0.039168 -0.070435 0.107200
v -0.039555 -0.066799 0.099364
v -0.040243 -0.064799 0.094493
v -0.041028 -0.062762 0.089686
v -0.040316 -0.061530 0.090066
v -0.041294 -0.059398 0.085427
v -0.040661 -0.058066 0.085849
v -0.041683 -0.056124 0.082023
v -0.041114 -0.054666 0.082485
v -0.042333 -0.052578 0.078814
v -0.041824 -0.050955 0.079321
v -0.043501 -0.048317 0.075235
v -0.043059 -0.046461 0.075796
v -0.045015 -0.043591 0.071906
v -0.044616 -0.041464 0.072519
v -0.047866 -0.037018 0.067194
v -0.047537 -0.034464 0.067880
v -0.049756 -0.031583 0.064746
v -0.049370 -0.028756 0.065440
v -0.051815 -0.025652 0.062298
v -0.039168 -0.070436 0.107204
v -0.038530 -0.070662 0.109455
v -0.038975 -0.068762 0.104352
v -0.038667 -0.065701 0.099672
v -0.039432 -0.063646 0.094834
v -0.038584 -0.062519 0.095167
v -0.039564 -0.060313 0.090439
v -0.038772 -0.059111 0.090804
v -0.039980 -0.056737 0.086261
v -0.039250 -0.055412 0.086663
v -0.040487 -0.053201 0.082935
v -0.039800 -0.051733 0.083369
v -0.041242 -0.049318 0.079809
v -0.040583 -0.047674 0.080277
v -0.042522 -0.044586 0.076333
v -0.041886 -0.042701 0.076842
v -0.044097 -0.039317 0.073099
v -0.041150 -0.040828 0.077322
v -0.043455 -0.037175 0.073644
v -0.038558 -0.072814 0.114568
v -0.038243 -0.072473 0.114668
v -0.037554 -0.069616 0.109709
v -0.037255 -0.071430 0.114898
v -0.036547 -0.068621 0.109956
v -0.036234 -0.070441 0.115119
v -0.035512 -0.067677 0.110197
v -0.035183 -0.069509 0.115336
v -0.034452 -0.066784 0.110434
v -0.034107 -0.068634 0.115549
v -0.033370 -0.065942 0.110667
v -0.033009 -0.067814 0.115760
v -0.032270 -0.065151 0.110897
v -0.031894 -0.067050 0.115968
v -0.031156 -0.064408 0.111124
v -0.030766 -0.066339 0.116173
v -0.029636 -0.065685 0.116375
v -0.029521 -0.067393 0.121505
v -0.029707 -0.068832 0.126723
v -0.029747 -0.068976 0.127311
v -0.030844 -0.069476 0.126566
v -0.031977 -0.070184 0.126406
v -0.030657 -0.068033 0.121325
v -0.031792 -0.068733 0.121141
v -0.038136 -0.074166 0.119986
v -0.038336 -0.074970 0.121922
v -0.038336 -0.074971 0.121926
v -0.038547 -0.076861 0.129231
v -0.038228 -0.075715 0.125399
v -0.037155 -0.073113 0.120190
v -0.039180 -0.078479 0.136433
v -0.038527 -0.077093 0.130894
v -0.037616 -0.075993 0.131045
v -0.037272 -0.074642 0.125577
v -0.036277 -0.073628 0.125749
v -0.036138 -0.072118 0.120387
v -0.035089 -0.071182 0.120580
v -0.037931 -0.076744 0.134924
v -0.034180 -0.072609 0.131007
v -0.035663 -0.073966 0.131333
v -0.036661 -0.074950 0.131191
v -0.033092 -0.070952 0.126244
v -0.034183 -0.071782 0.126082
v -0.032912 -0.069490 0.120956
v -0.034012 -0.070306 0.120769
v -0.019161 -0.062858 0.121317
v -0.022557 -0.064463 0.122534
v -0.023716 -0.064856 0.122373
v -0.013180 -0.060302 0.119268
v -0.014600 -0.060301 0.118540
v -0.015767 -0.060566 0.118421
v -0.016931 -0.060851 0.118293
v -0.016128 -0.058025 0.113571
v -0.017311 -0.058354 0.113432
v -0.016686 -0.055006 0.108817
v -0.017901 -0.055393 0.108668
v -0.017431 -0.051499 0.104183
v -0.018692 -0.051956 0.104026
v -0.018355 -0.047492 0.099697
v -0.019673 -0.048035 0.099532
v -0.019461 -0.042923 0.095342
v -0.020850 -0.043567 0.095168
v -0.020732 -0.037854 0.091214
v -0.010022 -0.059253 0.118515
v -0.012248 -0.059829 0.118748
v -0.013426 -0.060056 0.118649
v -0.013743 -0.057431 0.113819
v -0.014939 -0.057717 0.113700
v -0.014228 -0.054309 0.109082
v -0.015462 -0.054645 0.108955
v -0.014873 -0.050676 0.104464
v -0.016158 -0.051072 0.104329
v -0.015669 -0.046520 0.099993
v -0.017020 -0.046987 0.099851
v -0.016622 -0.041772 0.095654
v -0.018051 -0.042324 0.095504
v -0.017715 -0.036498 0.091546
v -0.019235 -0.037148 0.091386
v -0.018762 -0.031592 0.088236
v -0.020369 -0.032335 0.088066
v -0.019906 -0.026365 0.085127
v -0.006757 -0.058440 0.117959
v -0.010110 -0.056708 0.114111
v -0.011329 -0.056926 0.114024
v -0.012540 -0.057168 0.113927
v -0.003402 -0.057925 0.117617
v -0.006408 -0.056196 0.114308
v -0.007649 -0.056342 0.114253
v -0.008884 -0.056513 0.114187
v -0.007924 -0.053036 0.109550
v -0.009202 -0.053235 0.109478
v -0.008285 -0.049184 0.104963
v -0.009622 -0.049416 0.104886
v -0.008729 -0.044771 0.100523
v -0.010138 -0.045041 0.100442
v -0.009258 -0.039723 0.096219
v -0.010754 -0.040037 0.096131
v -0.009863 -0.034107 0.092152
v -0.011459 -0.034472 0.092058
v -0.010441 -0.028877 0.088887
v -0.012132 -0.029288 0.088784
v -0.011072 -0.023298 0.085831
v -0.012868 -0.023761 0.085720
v -0.011873 -0.016405 0.082511
v -0.013802 -0.016931 0.082387
v -0.012745 -0.009164 0.079393
v -0.014818 -0.009756 0.079256
v -0.014107 0.001637 0.075072
v -0.016408 0.000943 0.074916
v -0.014991 0.008294 0.072405
v -0.017439 0.007537 0.072239
v -0.015923 0.015023 0.069574
v 0.000000 -0.057747 0.117500
v -0.002652 -0.055911 0.114414
v -0.003908 -0.055980 0.114389
v -0.005161 -0.056075 0.114353
v -0.004049 -0.052614 0.109697
v -0.005346 -0.052725 0.109659
v -0.004232 -0.048695 0.105122
v -0.005589 -0.048823 0.105080
v -0.004458 -0.044204 0.100695
v -0.005887 -0.044352 0.100650
v -0.004726 -0.039065 0.096403
v -0.006242 -0.039237 0.096355
v -0.005032 -0.033349 0.092353
v -0.006648 -0.033546 0.092300
v -0.005324 -0.028024 0.089104
v -0.007035 -0.028245 0.089047
v -0.005643 -0.022344 0.086068
v -0.007457 -0.022591 0.086006
v -0.006048 -0.015324 0.082775
v -0.007994 -0.015603 0.082705
v -0.006488 -0.007949 0.079688
v -0.008577 -0.008262 0.079610
v -0.007175 0.003052 0.075410
v -0.009488 0.002688 0.075320
v -0.007621 0.009832 0.072766
v -0.010078 0.009437 0.072670
v -0.008091 0.016686 0.069954
v -0.010701 0.016259 0.069853
v -0.008585 0.023560 0.066883
v -0.011357 0.023102 0.066778
v -0.009103 0.030391 0.063467
v -0.012044 0.029903 0.063361
v -0.009281 0.032645 0.062237
v 0.002979 -0.057883 0.117590
v 0.001131 -0.055863 0.114431
v -0.000131 -0.055853 0.114435
v -0.001392 -0.055869 0.114429
v -0.000135 -0.052466 0.109748
v -0.001442 -0.052484 0.109742
v -0.000141 -0.048522 0.105177
v -0.001507 -0.048544 0.105170
v -0.000149 -0.044005 0.100755
v -0.001587 -0.044030 0.100747
v -0.000158 -0.038836 0.096468
v -0.001682 -0.038865 0.096460
v -0.000168 -0.033086 0.092424
v -0.001791 -0.033119 0.092415
v -0.000178 -0.027729 0.089181
v -0.001894 -0.027766 0.089172
v -0.000188 -0.022015 0.086153
v -0.002008 -0.022056 0.086142
v -0.000202 -0.014953 0.082870
v -0.002151 -0.014999 0.082858
v -0.000216 -0.007534 0.079794
v -0.002307 -0.007586 0.079780
v -0.000239 0.003532 0.075532
v -0.002551 0.003472 0.075516
v -0.000254 0.010352 0.072897
v -0.002708 0.010288 0.072880
v -0.000269 0.017247 0.070092
v -0.002875 0.017177 0.070074
v -0.000286 0.024161 0.067026
v -0.003050 0.024087 0.067008
v -0.000303 0.031032 0.063612
v -0.003234 0.030953 0.063593
v -0.000309 0.033299 0.062381
v -0.003297 0.033218 0.062363
v -0.000321 0.037780 0.059763
v -0.003426 0.037694 0.059745
v -0.000340 0.044303 0.055394
v -0.003626 0.044209 0.055376
v -0.000360 0.050469 0.050419
v 0.005925 -0.058282 0.117853
v 0.004902 -0.056054 0.114362
v 0.003649 -0.055964 0.114395
v 0.002391 -0.055900 0.114418
v 0.003780 -0.052595 0.109704
v 0.002477 -0.052521 0.109729
v 0.003951 -0.048672 0.105129
v 0.002589 -0.048587 0.105157
v 0.004161 -0.044178 0.100702
v 0.002727 -0.044079 0.100732
v 0.004411 -0.039036 0.096412
v 0.002890 -0.038922 0.096444
v 0.004697 -0.033315 0.092362
v 0.003077 -0.033184 0.092397
v 0.004970 -0.027986 0.089114
v 0.003255 -0.027839 0.089153
v 0.005267 -0.022301 0.086079
v 0.003450 -0.022137 0.086121
v 0.005645 -0.015276 0.082787
v 0.003697 -0.015091 0.082834
v 0.006055 -0.007895 0.079701
v 0.003965 -0.007688 0.079754
v 0.006697 0.003114 0.075425
v 0.004384 0.003354 0.075486
v 0.007112 0.009900 0.072783
v 0.004656 0.010159 0.072848
v 0.007551 0.016759 0.069971
v 0.004942 0.017039 0.070040
v 0.008012 0.023639 0.066901
v 0.005243 0.023939 0.066972
v 0.008495 0.030475 0.063485
v 0.005559 0.030795 0.063557
v 0.008661 0.032730 0.062255
v 0.005668 0.033057 0.062327
v 0.009000 0.037180 0.059638
v 0.005890 0.037524 0.059709
v 0.009524 0.043646 0.055273
v 0.006234 0.044023 0.055342
v 0.010066 0.049739 0.050308
v 0.006591 0.050158 0.050371
v 0.010628 0.055283 0.044664
v 0.006151 -0.056169 0.114318
v 0.006757 -0.058440 0.117959
v 0.007393 -0.056310 0.114265
v 0.008629 -0.056476 0.114202
v 0.008938 -0.053191 0.109494
v 0.010210 -0.053413 0.109414
v 0.010676 -0.049624 0.104817
v 0.012401 -0.060021 0.119063
v 0.009857 -0.056666 0.114128
v 0.013180 -0.060302 0.119268
v 0.019161 -0.062858 0.121317
v 0.024705 -0.065762 0.124030
v 0.022317 -0.064385 0.122566
v 0.029747 -0.068976 0.127311
v 0.029457 -0.068699 0.126757
v 0.025797 -0.065646 0.122073
v 0.024636 -0.065191 0.122243
v 0.030608 -0.069337 0.126598
v 0.032866 -0.071423 0.129819
v 0.031744 -0.070033 0.126439
v 0.032863 -0.070788 0.126278
v 0.032681 -0.069328 0.120995
v 0.033786 -0.070132 0.120808
v 0.034180 -0.072609 0.131007
v 0.033959 -0.071606 0.126115
v 0.034868 -0.070996 0.120619
v 0.035452 -0.073770 0.131362
v 0.036458 -0.074741 0.131221
v 0.023476 -0.064772 0.122407
v 0.001172 -0.052478 0.109744
v -0.018091 -0.061155 0.118155
v -0.018487 -0.058705 0.113282
v -0.019108 -0.055805 0.108509
v -0.019940 -0.052444 0.103858
v -0.020975 -0.048615 0.099355
v -0.021560 -0.062199 0.117690
v -0.020405 -0.061828 0.117853
v -0.019249 -0.061480 0.118008
v -0.019659 -0.059079 0.113123
v -0.035246 -0.072675 0.125917
v 0.054236 -0.041197 0.025125
v 0.056998 -0.037198 0.025786
v 0.059487 -0.032936 0.026444
v 0.061492 -0.028836 0.027026
v 0.063221 -0.024560 0.027582
v 0.064652 -0.020132 0.028103
v 0.065771 -0.015582 0.028588
v 0.066563 -0.010942 0.029033
v 0.067020 -0.006246 0.029437
v 0.067137 -0.001528 0.029803
v 0.066915 0.003181 0.030131
v 0.066358 0.007847 0.030426
v 0.065472 0.012442 0.030690
v 0.064269 0.016937 0.030928
v 0.062762 0.021307 0.031142
v 0.060965 0.025530 0.031336
v 0.058896 0.029586 0.031513
v 0.056572 0.033456 0.031676
v 0.054012 0.037127 0.031828
v 0.051236 0.040586 0.031971
v 0.048263 0.043821 0.032105
v 0.045112 0.046826 0.032233
v 0.041802 0.049594 0.032353
v 0.053992 -0.041633 0.028247
v 0.056686 -0.037732 0.029081
v 0.059119 -0.033554 0.029909
v 0.061079 -0.029518 0.030642
v 0.062766 -0.025295 0.031342
v 0.064158 -0.020911 0.032000
v 0.065234 -0.016398 0.032611
v 0.065981 -0.011790 0.033173
v 0.066389 -0.007124 0.033685
v 0.066452 -0.002436 0.034149
v 0.066171 0.002239 0.034566
v 0.065552 0.006865 0.034942
v 0.064602 0.011412 0.035279
v 0.063334 0.015850 0.035583
v 0.061763 0.020152 0.035857
v 0.059907 0.024296 0.036106
v 0.057784 0.028261 0.036334
v 0.055415 0.032032 0.036545
v 0.052820 0.035593 0.036741
v 0.050020 0.038934 0.036925
v 0.047036 0.042045 0.037098
v 0.043890 0.044921 0.037262
v 0.040601 0.047558 0.037417
v 0.053794 -0.041972 0.030298
v 0.056429 -0.038147 0.031229
v 0.058810 -0.034040 0.032155
v 0.060729 -0.030063 0.032973
v 0.062378 -0.025892 0.033755
v 0.063733 -0.021557 0.034490
v 0.064774 -0.017088 0.035174
v 0.065485 -0.012523 0.035803
v 0.065856 -0.007898 0.036377
v 0.065882 -0.003252 0.036897
v 0.065563 0.001378 0.037366
v 0.064905 0.005958 0.037788
v 0.063917 0.010454 0.038167
v 0.062613 0.014836 0.038509
v 0.061007 0.019077 0.038819
v 0.059120 0.023154 0.039101
v 0.056971 0.027048 0.039359
v 0.054580 0.030742 0.039597
v 0.051972 0.034222 0.039819
v 0.049166 0.037478 0.040027
v 0.046185 0.040503 0.040223
v 0.043051 0.043291 0.040408
v 0.039784 0.045839 0.040584
v 0.056132 -0.038602 0.033339
v 0.057580 -0.035757 0.038577
v 0.058075 -0.033481 0.043679
v 0.057733 -0.031481 0.048604
v 0.057228 -0.029140 0.052059
v 0.056925 -0.026259 0.054167
v 0.054524 -0.025307 0.058437
v 0.051729 -0.024995 0.062447
v 0.048647 -0.025321 0.066219
v 0.045377 -0.026258 0.069795
v 0.040522 -0.030396 0.075184
v 0.036898 -0.033172 0.079068
v 0.033401 -0.036336 0.083019
v 0.030363 -0.039087 0.086555
v 0.027490 -0.042000 0.090213
v 0.024602 -0.045605 0.094619
v 0.021994 -0.049101 0.099207
v 0.052368 -0.044073 0.040188
v 0.053507 -0.041849 0.045236
v 0.054260 -0.039314 0.048953
v 0.054864 -0.036615 0.051247
v 0.053736 -0.035186 0.055788
v 0.052060 -0.034240 0.060091
v 0.049931 -0.033817 0.064159
v 0.047449 -0.033933 0.068016
v 0.043302 -0.036721 0.073755
v 0.040114 -0.038565 0.077871
v 0.036907 -0.040856 0.082008
v 0.034045 -0.042902 0.085675
v 0.031263 -0.045180 0.089436
v 0.028383 -0.048165 0.093927
v 0.025734 -0.051143 0.098585
v 0.050701 -0.046051 0.047730
v 0.051046 -0.044284 0.052598
v 0.050666 -0.042802 0.057291
v 0.049611 -0.041941 0.061679
v 0.048074 -0.041495 0.065862
v 0.044942 -0.043153 0.072035
v 0.042399 -0.044196 0.076440
v 0.039679 -0.045690 0.080813
v 0.037152 -0.047069 0.084646
v 0.034599 -0.048721 0.088534
v 0.031860 -0.051067 0.093131
v 0.029272 -0.053499 0.097870
v 0.047887 -0.049633 0.058721
v 0.047436 -0.048688 0.063309
v 0.045550 -0.049325 0.070042
v 0.043789 -0.049769 0.074773
v 0.041710 -0.050618 0.079423
v 0.039649 -0.051429 0.083457
v 0.037457 -0.052520 0.087503
v 0.034993 -0.054260 0.092232
v 0.032582 -0.056152 0.097068
v 0.042471 -0.062169 0.084530
v 0.037044 -0.073000 0.120212
v 0.035924 -0.071920 0.120428
v 0.058451 -0.034574 0.034347
v 0.060319 -0.030666 0.035239
v 0.061921 -0.026561 0.036091
v 0.063233 -0.022286 0.036893
v 0.064232 -0.017877 0.037639
v 0.064903 -0.013369 0.038326
v 0.065235 -0.008801 0.038953
v 0.065222 -0.004213 0.039522
v 0.064866 0.000358 0.040036
v 0.064171 0.004876 0.040499
v 0.063149 0.009307 0.040916
v 0.061812 0.013621 0.041292
v 0.060178 0.017790 0.041633
v 0.058267 0.021791 0.041943
v 0.056099 0.025605 0.042228
v 0.053696 0.029216 0.042491
v 0.051081 0.032610 0.042736
v 0.048278 0.035778 0.042966
v 0.045307 0.038714 0.043182
v 0.042193 0.041412 0.043386
v 0.038954 0.043872 0.043580
v 0.059318 -0.032009 0.039580
v 0.059405 -0.029723 0.044700
v 0.058626 -0.027777 0.049590
v 0.057736 -0.025481 0.052979
v 0.057112 -0.022611 0.055017
v 0.054318 -0.021904 0.059203
v 0.051192 -0.021878 0.063125
v 0.047840 -0.022511 0.066813
v 0.044359 -0.023764 0.070309
v 0.039348 -0.028376 0.075601
v 0.035631 -0.031474 0.079420
v 0.032083 -0.034933 0.083319
v 0.029021 -0.037917 0.086817
v 0.026147 -0.041035 0.090446
v 0.023282 -0.044836 0.094826
v 0.020707 -0.048492 0.099393
v 0.036067 -0.073426 0.125784
v 0.035028 -0.072485 0.125951
v 0.060801 -0.028063 0.040538
v 0.062003 -0.023945 0.041441
v 0.062901 -0.019691 0.042282
v 0.063478 -0.015338 0.043058
v 0.063722 -0.010925 0.043767
v 0.063629 -0.006493 0.044412
v 0.063199 -0.002081 0.044996
v 0.062439 0.002275 0.045523
v 0.061359 0.006540 0.045999
v 0.059974 0.010684 0.046430
v 0.058302 0.014679 0.046821
v 0.056363 0.018503 0.047179
v 0.054180 0.022136 0.047507
v 0.051776 0.025563 0.047811
v 0.049174 0.028774 0.048093
v 0.046398 0.031758 0.048358
v 0.043471 0.034512 0.048608
v 0.040416 0.037031 0.048844
v 0.037254 0.039318 0.049067
v 0.060467 -0.025798 0.045663
v 0.059248 -0.023949 0.050511
v 0.057974 -0.021739 0.053833
v 0.057028 -0.018918 0.055802
v 0.053866 -0.018497 0.059909
v 0.050438 -0.018786 0.063753
v 0.046847 -0.019748 0.067363
v 0.043185 -0.021331 0.070787
v 0.038058 -0.026420 0.075992
v 0.034274 -0.029842 0.079751
v 0.030697 -0.033591 0.083602
v 0.027627 -0.036804 0.087065
v 0.024765 -0.040121 0.090666
v 0.021935 -0.044111 0.095021
v 0.019402 -0.047920 0.099567
v 0.061239 -0.021740 0.046562
v 0.061704 -0.017587 0.047392
v 0.061850 -0.013376 0.048153
v 0.061673 -0.009148 0.048846
v 0.061172 -0.004942 0.049476
v 0.060356 -0.000793 0.050046
v 0.059232 0.003264 0.050563
v 0.057819 0.007200 0.051032
v 0.056133 0.010988 0.051459
v 0.054195 0.014606 0.051850
v 0.052027 0.018037 0.052210
v 0.049653 0.021264 0.052544
v 0.047096 0.024279 0.052855
v 0.044380 0.027074 0.053146
v 0.041527 0.029644 0.053421
v 0.038560 0.031989 0.053679
v 0.035499 0.034109 0.053924
v 0.031558 -0.068583 0.121179
v 0.030421 -0.067895 0.121363
v 0.029272 -0.067261 0.121544
v 0.028117 -0.066677 0.121723
v 0.026958 -0.066140 0.121900
v 0.059583 -0.020032 0.051365
v 0.057932 -0.017951 0.054620
v 0.056669 -0.015215 0.056523
v 0.053170 -0.015115 0.060560
v 0.049472 -0.015743 0.064332
v 0.045673 -0.017051 0.067874
v 0.041861 -0.018975 0.071233
v 0.036659 -0.024538 0.076358
v 0.032833 -0.028280 0.080063
v 0.029249 -0.032315 0.083869
v 0.026187 -0.035750 0.087299
v 0.023349 -0.039260 0.090873
v 0.020564 -0.043430 0.095205
v 0.018080 -0.047385 0.099730
v 0.059619 -0.016063 0.052150
v 0.059353 -0.012080 0.052868
v 0.058784 -0.008120 0.053522
v 0.057919 -0.004217 0.054117
v 0.056769 -0.000404 0.054658
v 0.055347 0.003292 0.055151
v 0.053672 0.006846 0.055602
v 0.051762 0.010236 0.056016
v 0.049641 0.013445 0.056399
v 0.047328 0.016461 0.056753
v 0.044849 0.019274 0.057084
v 0.042224 0.021877 0.057394
v 0.039475 0.024267 0.057686
v 0.036624 0.026443 0.057961
v 0.033691 0.028407 0.058221
v 0.057604 -0.014151 0.055342
v 0.056034 -0.011537 0.057183
v 0.052233 -0.011785 0.061159
v 0.048301 -0.012774 0.064868
v 0.044329 -0.014439 0.068348
v 0.040397 -0.016708 0.071648
v 0.035158 -0.022740 0.076701
v 0.031315 -0.026797 0.080356
v 0.027744 -0.031108 0.084121
v 0.024704 -0.034760 0.087520
v 0.021901 -0.038454 0.091068
v 0.019171 -0.042795 0.095376
v 0.016741 -0.046887 0.099881
v 0.056991 -0.010375 0.056002
v 0.056100 -0.006656 0.056605
v 0.054939 -0.003022 0.057155
v 0.053523 0.000498 0.057658
v 0.051868 0.003881 0.058119
v 0.049994 0.007108 0.058544
v 0.047919 0.010163 0.058937
v 0.045666 0.013033 0.059302
v 0.043256 0.015708 0.059643
v 0.040709 0.018184 0.059962
v 0.038047 0.020457 0.060263
v 0.035290 0.022526 0.060546
v 0.032455 0.024393 0.060812
v 0.055131 -0.007914 0.057787
v 0.051066 -0.008534 0.061709
v 0.046935 -0.009897 0.065364
v 0.042823 -0.011928 0.068789
v 0.038803 -0.014543 0.072037
v 0.033564 -0.021032 0.077024
v 0.029727 -0.025396 0.080631
v 0.026187 -0.029975 0.084357
v 0.023182 -0.033833 0.087727
v 0.020425 -0.037703 0.091250
v 0.017756 -0.042206 0.095536
v 0.015388 -0.046428 0.100021
v 0.053967 -0.004376 0.058340
v 0.052558 -0.000948 0.058846
v 0.050918 0.002347 0.059311
v 0.049065 0.005490 0.059740
v 0.047019 0.008465 0.060137
v 0.044801 0.011260 0.060506
v 0.042431 0.013867 0.060851
v 0.039929 0.016280 0.061175
v 0.037315 0.018495 0.061479
v 0.034609 0.020512 0.061765
v 0.031828 0.022333 0.062034
v 0.049678 -0.005385 0.062217
v 0.045386 -0.007131 0.065823
v 0.041169 -0.009529 0.069200
v 0.037090 -0.012489 0.072400
v 0.031886 -0.019421 0.077326
v 0.028075 -0.024081 0.080891
v 0.024583 -0.028916 0.084580
v 0.021625 -0.032971 0.087921
v 0.018923 -0.037009 0.091420
v 0.016324 -0.041663 0.095684
v 0.048085 -0.002357 0.062685
v 0.046301 0.000532 0.063118
v 0.044345 0.003268 0.063521
v 0.042234 0.005841 0.063897
v 0.039986 0.008242 0.064248
v 0.037619 0.010467 0.064577
v 0.035152 0.012511 0.064887
v 0.032601 0.014376 0.065177
v 0.029983 0.016061 0.065449
v 0.043669 -0.004491 0.066250
v 0.039380 -0.007255 0.069583
v 0.035270 -0.010554 0.072740
v 0.030132 -0.017911 0.077610
v 0.026368 -0.022855 0.081134
v 0.022939 -0.027933 0.084788
v 0.020039 -0.032176 0.088102
v 0.017398 -0.036371 0.091578
v 0.041798 -0.001989 0.066647
v 0.039789 0.000365 0.067018
v 0.037658 0.002565 0.067366
v 0.035421 0.004604 0.067692
v 0.033093 0.006481 0.067998
v 0.030689 0.008194 0.068285
v 0.028224 0.009745 0.068554
v 0.037467 -0.005114 0.069942
v 0.033354 -0.008742 0.073060
v 0.028311 -0.016504 0.077877
v 0.024612 -0.021719 0.081362
v 0.021260 -0.027028 0.084983
v 0.018426 -0.031447 0.088270
v 0.035447 -0.003112 0.070278
v 0.033332 -0.001253 0.070594
v 0.031137 0.000460 0.070890
v 0.028873 0.002025 0.071167
v 0.026554 0.003444 0.071426
v 0.031356 -0.007059 0.073359
v 0.026432 -0.015203 0.078127
v 0.022814 -0.020675 0.081575
v 0.019550 -0.026200 0.085163
v 0.029285 -0.005506 0.073640
v 0.027154 -0.004084 0.073903
v 0.024973 -0.002794 0.074148
v 0.024505 -0.014010 0.078361
v 0.020980 -0.019722 0.081774
v 0.022536 -0.012923 0.078579
v 0.032139 0.058100 0.027175
v 0.028289 0.060007 0.027238
v 0.031102 0.056435 0.032677
v 0.027335 0.058223 0.032770
v 0.023494 0.059764 0.032854
v 0.030067 0.054015 0.037831
v 0.026389 0.055686 0.037950
v 0.022653 0.057121 0.038057
v 0.018870 0.058323 0.038151
v 0.029377 0.052044 0.041052
v 0.025762 0.053640 0.041185
v 0.022098 0.055007 0.041306
v 0.018396 0.056149 0.041411
v 0.014666 0.057071 0.041500
v 0.028689 0.049830 0.044095
v 0.025139 0.051354 0.044242
v 0.021548 0.052655 0.044374
v 0.017927 0.053740 0.044489
v 0.014285 0.054614 0.044587
v 0.027313 0.044803 0.049658
v 0.023901 0.046192 0.049826
v 0.020463 0.047373 0.049977
v 0.017006 0.048353 0.050109
v 0.013539 0.049139 0.050220
v 0.025939 0.039160 0.054569
v 0.022677 0.040429 0.054752
v 0.019397 0.041504 0.054915
v 0.016108 0.042393 0.055058
v 0.012816 0.043104 0.055178
v 0.024567 0.033069 0.058901
v 0.021465 0.034235 0.059093
v 0.018351 0.035221 0.059265
v 0.015232 0.036035 0.059414
v 0.012114 0.036686 0.059539
v 0.023653 0.028824 0.061508
v 0.020664 0.029932 0.061703
v 0.017664 0.030869 0.061877
v 0.014661 0.031642 0.062028
v 0.011659 0.032260 0.062155
v 0.023196 0.026657 0.062735
v 0.020265 0.027740 0.062932
v 0.017324 0.028655 0.063106
v 0.014379 0.029411 0.063258
v 0.011436 0.030015 0.063385
v 0.021858 0.020074 0.066156
v 0.019100 0.021083 0.066352
v 0.016330 0.021936 0.066526
v 0.013557 0.022643 0.066677
v 0.010783 0.023208 0.066802
v 0.020584 0.013450 0.069247
v 0.017989 0.014383 0.069438
v 0.015383 0.015175 0.069608
v 0.012773 0.015832 0.069754
v 0.010161 0.016358 0.069876
v 0.019372 0.006844 0.072092
v 0.016933 0.007704 0.072275
v 0.014483 0.008435 0.072437
v 0.012028 0.009041 0.072576
v 0.009570 0.009528 0.072692
v 0.018225 0.000309 0.074777
v 0.015933 0.001096 0.074949
v 0.013630 0.001766 0.075101
v 0.011321 0.002323 0.075232
v 0.009009 0.002771 0.075340
v 0.016455 -0.010297 0.079135
v 0.014390 -0.009626 0.079286
v 0.012314 -0.009053 0.079419
v 0.010232 -0.008575 0.079533
v 0.008145 -0.008190 0.079627
v 0.015324 -0.017409 0.082278
v 0.013404 -0.016815 0.082414
v 0.011473 -0.016307 0.082534
v 0.009535 -0.015882 0.082636
v 0.007592 -0.015539 0.082721
v 0.014284 -0.024180 0.085621
v 0.012497 -0.023659 0.085744
v 0.010699 -0.023212 0.085852
v 0.008893 -0.022837 0.085944
v 0.007082 -0.022534 0.086020
v 0.013466 -0.029661 0.088693
v 0.011783 -0.029198 0.088807
v 0.010090 -0.028800 0.088906
v 0.008388 -0.028466 0.088990
v 0.006681 -0.028195 0.089060
v 0.012717 -0.034801 0.091973
v 0.011129 -0.034392 0.092078
v 0.009532 -0.034039 0.092170
v 0.007926 -0.033742 0.092248
v 0.006314 -0.033501 0.092312
v 0.011933 -0.040320 0.096052
v 0.010445 -0.039968 0.096150
v 0.008947 -0.039664 0.096235
v 0.007441 -0.039407 0.096307
v 0.005929 -0.039198 0.096366
v 0.011249 -0.045284 0.100368
v 0.009848 -0.044982 0.100459
v 0.008436 -0.044720 0.100539
v 0.007018 -0.044499 0.100606
v 0.005592 -0.044318 0.100660
v 0.009346 -0.049365 0.104903
v 0.007659 -0.052998 0.109563
v 0.008008 -0.049140 0.104977
v 0.006662 -0.048950 0.105039
v 0.005309 -0.048793 0.105090
v 0.006372 -0.052834 0.109621
v 0.012118 0.065068 0.027424
v 0.007647 0.063494 0.033074
v 0.003647 0.063825 0.033095
v -0.000418 0.063920 0.033102
v -0.004278 0.060827 0.038361
v -0.007933 0.058188 0.041613
v -0.011386 0.055161 0.044650
v -0.014257 0.048992 0.050199
v -0.016789 0.042224 0.055031
v -0.018996 0.035032 0.059231
v -0.021283 0.029717 0.061664
v -0.023801 0.026412 0.062692
v -0.025162 0.018643 0.065892
v -0.026234 0.010861 0.068754
v -0.027038 0.003162 0.071374
v -0.027599 -0.004368 0.073850
v -0.026825 -0.015464 0.078077
v -0.026725 -0.023101 0.081085
v -0.026513 -0.030203 0.084310
v -0.026489 -0.035963 0.087252
v -0.026428 -0.041230 0.090399
v -0.026157 -0.046591 0.094353
v -0.025984 -0.051296 0.098539
v -0.025978 -0.055343 0.102863
v -0.026171 -0.058845 0.107354
v -0.026609 -0.061872 0.111995
v 0.005078 -0.052700 0.109668
v 0.003138 0.050400 0.050408
v 0.002966 0.044241 0.055382
v 0.002801 0.037723 0.059751
v 0.002695 0.033245 0.062369
v 0.002643 0.030979 0.063599
v 0.002492 0.024112 0.067014
v 0.002348 0.017201 0.070080
v 0.002211 0.010309 0.072886
v 0.002082 0.003492 0.075521
v 0.001882 -0.007568 0.079785
v 0.001754 -0.014983 0.082862
v 0.001636 -0.022042 0.086146
v 0.001543 -0.027753 0.089175
v 0.001458 -0.033107 0.092418
v 0.001369 -0.038855 0.096463
v 0.001292 -0.044021 0.100750
v 0.001226 -0.048537 0.105173
v -0.006533 0.037465 0.059697
v -0.006287 0.033001 0.062314
v -0.006166 0.030740 0.063545
v -0.005816 0.023887 0.066960
v -0.005482 0.016991 0.070028
v -0.005164 0.010115 0.072836
v -0.004863 0.003312 0.075475
v -0.004398 -0.007724 0.079745
v -0.004100 -0.015123 0.082826
v -0.003826 -0.022165 0.086114
v -0.003610 -0.027864 0.089146
v -0.003413 -0.033206 0.092391
v -0.003205 -0.038941 0.096438
v -0.003024 -0.044096 0.100727
v -0.002871 -0.048601 0.105152
v -0.002747 -0.052534 0.109725
v -0.021166 0.062786 0.027337
v -0.024294 0.059465 0.032837
v -0.027155 0.055360 0.037926
v -0.030118 0.051685 0.041022
v -0.032900 0.047687 0.043900
v -0.034683 0.040966 0.049235
v -0.036139 0.033689 0.053875
v -0.037222 0.026010 0.057906
v -0.038606 0.020004 0.060202
v -0.040456 0.015796 0.061110
v -0.040461 0.007760 0.064177
v -0.040215 -0.000109 0.066944
v -0.039760 -0.007715 0.069506
v -0.039143 -0.014982 0.071959
v -0.036957 -0.024921 0.076284
v -0.035901 -0.031820 0.079349
v -0.034895 -0.038104 0.082633
v -0.034279 -0.043180 0.085609
v -0.025170 0.061338 0.027285
v -0.014131 0.022508 0.066647
v -0.013313 0.015707 0.069726
v -0.012536 0.008925 0.072549
v -0.011799 0.002217 0.075207
v -0.010663 -0.008666 0.079511
v -0.009936 -0.015963 0.082617
v -0.009267 -0.022909 0.085926
v -0.008741 -0.028530 0.088974
v -0.008259 -0.033799 0.092233
v -0.007753 -0.039456 0.096293
v -0.007312 -0.044541 0.100593
v -0.006941 -0.048986 0.105027
v -0.006638 -0.052866 0.109610
v -0.028121 0.057873 0.032751
v -0.030819 0.053639 0.037805
v -0.033656 0.049806 0.040875
v -0.036311 0.045653 0.043726
v -0.037916 0.038864 0.049022
v -0.039182 0.031522 0.053627
v -0.040053 0.023790 0.057627
v -0.041246 0.017688 0.059898
v -0.042932 0.013343 0.060782
v -0.042682 0.005322 0.063821
v -0.042197 -0.002494 0.066567
v -0.041523 -0.010016 0.069117
v -0.040711 -0.017169 0.071565
v -0.038334 -0.026819 0.075913
v -0.037149 -0.033530 0.078992
v -0.036049 -0.039622 0.082293
v -0.018697 0.000131 0.074739
v -0.016881 -0.010448 0.079101
v -0.015720 -0.017542 0.082247
v -0.014652 -0.024297 0.085593
v -0.013813 -0.029765 0.088668
v -0.013044 -0.034892 0.091949
v -0.012240 -0.040399 0.096031
v -0.011538 -0.045351 0.100348
v -0.010950 -0.049682 0.104798
v -0.010472 -0.053462 0.109396
v -0.040228 0.052999 0.027016
v -0.042499 0.049041 0.032329
v -0.044553 0.044346 0.037228
v -0.046815 0.039897 0.040183
v -0.048872 0.035141 0.042919
v -0.049727 0.028128 0.048036
v -0.050160 0.020614 0.052477
v -0.050096 0.012797 0.056322
v -0.050398 0.006454 0.058459
v -0.051275 0.001677 0.059218
v -0.049982 -0.006027 0.062115
v -0.048559 -0.013381 0.064761
v -0.047067 -0.020315 0.067253
v -0.018926 -0.011241 0.078929
v -0.017622 -0.018242 0.082092
v -0.019505 -0.019031 0.081920
v -0.016423 -0.024909 0.085452
v -0.018176 -0.025598 0.085297
v -0.015480 -0.030307 0.088538
v -0.017131 -0.030916 0.088394
v -0.014617 -0.035370 0.091828
v -0.016175 -0.035906 0.091693
v -0.013714 -0.040809 0.095918
v -0.015176 -0.041267 0.095792
v -0.012928 -0.045702 0.100242
v -0.014305 -0.046091 0.100123
v -0.012268 -0.049981 0.104698
v -0.013576 -0.050312 0.104587
v -0.011733 -0.053717 0.109303
v -0.012985 -0.054000 0.109198
v -0.052960 0.040780 0.026674
v -0.054561 0.036385 0.031798
v -0.055924 0.031269 0.036503
v -0.057436 0.026259 0.039307
v -0.058684 0.020978 0.041881
v -0.058670 0.013866 0.046744
v -0.058134 0.006397 0.050939
v -0.057030 -0.001184 0.054550
v -0.056307 -0.007419 0.056485
v -0.055649 0.037175 0.026576
v -0.057073 0.032671 0.031644
v -0.058244 0.027457 0.036289
v -0.059533 0.022325 0.039045
v -0.060540 0.016940 0.041565
v -0.060285 0.009838 0.046344
v -0.059489 0.002434 0.050460
v -0.058122 -0.005018 0.053998
v -0.021175 -0.052963 0.103679
v -0.020305 -0.056243 0.108339
v -0.021494 -0.056707 0.108160
v -0.020826 -0.059477 0.112955
v -0.063917 0.020929 0.026101
v -0.064544 0.016017 0.030880
v -0.064825 0.010479 0.035212
v -0.065069 0.005016 0.037704
v -0.021989 -0.059900 0.112778
v -0.022714 -0.062597 0.117519
v -0.063699 -0.011848 0.043625
v -0.061847 -0.014258 0.048000
v -0.061634 -0.018452 0.047226
v -0.059637 -0.016895 0.051991
v -0.059538 -0.020847 0.051194
v -0.059142 -0.024749 0.050326
v -0.057948 -0.022518 0.053662
v -0.056854 -0.027006 0.053983
v -0.054139 -0.032649 0.056538
v -0.051685 -0.037800 0.059012
v -0.049538 -0.042474 0.061495
v -0.047731 -0.046708 0.064067
v -0.045554 -0.051669 0.069185
v -0.044458 -0.055391 0.072802
v -0.043765 -0.058972 0.076623
v -0.054381 -0.022620 0.059047
v -0.052090 -0.028755 0.061558
v -0.049958 -0.034396 0.064001
v -0.048040 -0.039535 0.066467
v -0.045300 -0.045686 0.071262
v -0.043855 -0.050144 0.074651
v -0.042774 -0.054182 0.078292
v -0.042198 -0.057572 0.081550
v -0.041883 -0.060730 0.084998
v -0.047048 -0.031904 0.068520
v -0.039024 -0.044403 0.081146
v -0.037349 -0.047373 0.084567
v -0.039843 -0.046030 0.080723
v -0.035813 -0.050232 0.088133
v -0.038230 -0.048809 0.084187
v -0.039048 -0.050267 0.083787
v -0.034206 -0.053398 0.092478
v -0.036749 -0.051497 0.087788
v -0.037636 -0.052788 0.087427
v -0.038469 -0.054094 0.087051
v -0.032808 -0.056352 0.097008
v -0.035196 -0.054489 0.092166
v -0.036152 -0.055613 0.091841
v -0.037066 -0.056759 0.091505
v -0.037940 -0.057926 0.091159
v -0.031645 -0.059043 0.101647
v -0.033843 -0.057300 0.096723
v -0.034855 -0.058285 0.096428
v -0.035836 -0.059300 0.096124
v -0.036785 -0.060345 0.095813
v -0.037702 -0.061418 0.095494
v -0.030716 -0.061501 0.106432
v -0.032715 -0.059879 0.101385
v -0.033771 -0.060757 0.101115
v -0.034804 -0.061671 0.100838
v -0.035813 -0.062623 0.100556
v -0.036794 -0.063612 0.100267
v -0.037746 -0.064638 0.099973
v -0.030040 -0.063717 0.111346
v -0.031813 -0.062251 0.106190
v -0.032903 -0.063049 0.105942
v -0.033975 -0.063890 0.105690
v -0.035028 -0.064775 0.105433
v -0.036057 -0.065704 0.105171
v -0.037060 -0.066679 0.104905
v -0.038033 -0.067698 0.104632
v -0.057653 -0.026246 0.052794
v -0.057090 -0.029884 0.051861
v -0.056354 -0.030557 0.053056
v -0.053610 -0.035836 0.055587
v -0.051179 -0.040637 0.058067
v -0.049100 -0.044987 0.060585
v -0.047393 -0.048930 0.063214
v -0.045472 -0.053540 0.068464
v -0.044536 -0.057193 0.072120
v -0.055612 -0.033992 0.052069
v -0.061374 -0.029217 0.023196
v -0.059040 -0.033759 0.026321
v -0.056425 -0.038139 0.028996
v -0.053757 -0.042021 0.030286
v -0.052883 -0.038900 0.054586
v -0.050517 -0.043353 0.057086
v -0.048540 -0.047386 0.059651
v -0.046963 -0.051053 0.062352
v 0.047991 -0.048353 0.023528
v 0.047939 -0.048403 0.023524
v 0.047926 -0.048416 0.023523
v 0.047879 -0.048460 0.023519
v 0.047698 -0.049154 0.031489
v 0.047332 -0.050332 0.039375
v 0.046777 -0.051959 0.047150
v 0.046115 -0.053919 0.054816
v 0.045342 -0.056179 0.062371
v 0.044426 -0.058734 0.069804
v 0.043409 -0.061513 0.077135
v 0.042342 -0.064439 0.084393
v 0.043588 -0.061165 0.077300
v 0.042546 -0.063976 0.084615
v 0.043625 -0.061059 0.077348
v 0.042581 -0.063834 0.084679
v 0.043703 -0.060618 0.077536
v 0.042605 -0.063251 0.084923
v 0.047785 -0.049070 0.031504
v 0.047744 -0.049110 0.031497
v 0.047734 -0.049120 0.031495
v 0.047464 -0.050197 0.039412
v 0.047402 -0.050261 0.039394
v 0.047387 -0.050277 0.039390
v 0.047013 -0.051688 0.047244
v 0.046905 -0.051818 0.047199
v 0.046877 -0.051850 0.047188
v 0.046382 -0.053558 0.054953
v 0.045605 -0.055734 0.062554
v 0.044712 -0.058102 0.070080
v 0.040177 -0.069531 0.102041
v 0.041499 -0.065948 0.092266
v 0.041542 -0.066674 0.091973
v 0.041511 -0.066853 0.091895
v 0.041283 -0.067439 0.091622
v 0.039100 -0.073713 0.114295
v 0.039649 -0.071262 0.106936
v 0.039802 -0.072248 0.106587
v 0.040302 -0.070436 0.101703
v 0.039774 -0.072497 0.106493
v 0.040274 -0.070663 0.101612
v 0.039484 -0.073310 0.106170
v 0.040008 -0.071405 0.101296
v 0.038952 -0.074856 0.117974
v 0.038897 -0.075933 0.121650
v 0.038940 -0.076939 0.125317
v 0.039091 -0.078138 0.125007
v 0.039209 -0.079086 0.128685
v 0.039160 -0.079393 0.128617
v 0.039360 -0.080252 0.132290
v 0.038942 -0.081240 0.132120
v 0.039296 -0.081862 0.135827
v 0.039081 -0.077871 0.128970
v 0.039415 -0.079946 0.132348
v 0.039706 -0.080716 0.135989
v 0.039316 -0.078729 0.132602
v 0.039641 -0.079510 0.136208
v 0.038755 -0.080385 0.128410
v 0.039047 -0.078442 0.124931
v 0.039063 -0.077106 0.121320
v 0.038659 -0.079427 0.124689
v 0.038654 -0.078370 0.120966
v 0.038741 -0.077220 0.117248
v 0.039091 -0.076281 0.117542
v 0.039243 -0.075083 0.113851
v 0.039274 -0.074806 0.113944
v 0.038913 -0.075987 0.113541
v 0.046264 -0.053734 0.054888
v 0.045497 -0.055953 0.062467
v 0.044610 -0.058414 0.069949
v 0.046233 -0.053776 0.054872
v 0.045466 -0.056005 0.062445
v 0.044575 -0.058488 0.069917
v 0.039126 -0.075992 0.117631
v 0.039024 -0.077403 0.121237
v 0.040105 -0.080287 0.140247
v 0.040073 -0.080245 0.139997
v 0.039701 -0.079264 0.140443
v 0.040041 -0.080199 0.139747
v 0.040010 -0.080152 0.139497
v 0.040071 -0.081385 0.139568
v 0.040042 -0.081341 0.139315
v 0.039953 -0.081848 0.139514
v 0.039925 -0.081804 0.139259
v 0.039523 -0.082697 0.139439
v 0.039495 -0.082656 0.139181
v 0.039468 -0.082613 0.138923
v 0.039414 -0.082526 0.138406
v 0.039844 -0.081670 0.138493
v 0.039792 -0.081577 0.137981
v 0.039906 -0.081108 0.138044
v 0.039838 -0.080978 0.137363
v 0.039784 -0.079776 0.137569
v 0.039697 -0.079612 0.136754
v 0.039759 -0.080819 0.136540
v 0.039648 -0.081292 0.136469
v 0.039221 -0.082163 0.136360
v 0.039297 -0.082315 0.137195
v 0.039363 -0.082437 0.137887
v 0.039726 -0.081449 0.137296
v 0.040129 -0.081474 0.140074
v 0.040100 -0.081430 0.139822
v 0.039982 -0.081892 0.139769
v 0.039704 -0.082588 0.139967
v 0.039551 -0.082739 0.139697
v 0.039979 -0.080105 0.139247
v 0.039918 -0.080008 0.138745
v 0.040014 -0.081295 0.139062
v 0.039959 -0.081203 0.138553
v 0.039898 -0.081760 0.139004
v 0.039860 -0.079911 0.138242
v 0.046803 -0.082090 0.176324
v 0.048565 -0.081293 0.187912
v 0.047548 -0.082508 0.182219
v 0.047943 -0.082678 0.188136
v 0.047182 -0.083188 0.182341
v 0.047061 -0.083357 0.182376
v 0.046262 -0.083558 0.176533
v 0.046144 -0.083736 0.176568
v 0.045758 -0.083682 0.173617
v 0.045641 -0.083867 0.173651
v 0.045233 -0.083762 0.170687
v 0.045117 -0.083955 0.170720
v 0.044144 -0.083777 0.164777
v 0.044033 -0.083990 0.164804
v 0.042936 -0.083814 0.158795
v 0.042489 -0.084506 0.158878
v 0.041426 -0.084177 0.152719
v 0.046615 -0.083850 0.182494
v 0.044674 -0.084517 0.170838
v 0.045199 -0.084406 0.173772
v 0.045701 -0.084256 0.176689
v 0.043587 -0.084610 0.164910
v 0.040450 -0.083592 0.146411
v 0.041872 -0.083404 0.152673
v 0.040891 -0.082737 0.146420
v 0.041968 -0.083140 0.152668
v 0.040976 -0.082445 0.146434
v 0.042122 -0.082116 0.152690
v 0.041041 -0.081335 0.146526
v 0.041981 -0.081138 0.152764
v 0.043269 -0.082647 0.158740
v 0.044503 -0.082073 0.164665
v 0.044427 -0.082935 0.164700
v 0.045554 -0.082994 0.170584
v 0.046093 -0.082944 0.173504
v 0.046610 -0.082844 0.176415
v 0.043041 -0.083577 0.158776
v 0.048684 -0.081184 0.189020
v 0.048324 -0.082140 0.189149
v 0.048647 -0.081219 0.188650
v 0.048013 -0.082614 0.188783
v 0.048608 -0.081256 0.188281
v 0.047730 -0.082970 0.189287
v 0.048901 -0.080747 0.193627
v 0.048267 -0.082133 0.193758
v 0.047156 -0.083180 0.193869
v 0.048682 -0.080310 0.198211
v 0.048050 -0.081691 0.198289
v 0.046950 -0.082741 0.198290
v 0.046854 -0.082650 0.199207
v 0.047308 -0.081201 0.203287
v 0.046044 -0.082166 0.204055
v 0.046049 -0.080721 0.208168
v 0.044741 -0.081694 0.208764
v 0.044297 -0.080256 0.212866
v 0.043127 -0.081274 0.212934
v 0.042052 -0.079809 0.217380
v 0.041109 -0.080868 0.216956
v 0.040708 -0.080798 0.217653
v 0.040747 -0.079592 0.219556
v 0.038460 -0.080445 0.221131
v 0.039339 -0.079383 0.221648
v 0.036217 -0.078990 0.225580
v 0.039861 -0.078027 0.221882
v 0.036197 -0.077583 0.226427
v 0.048583 -0.080220 0.199158
v 0.047738 -0.079739 0.204183
v 0.046384 -0.079269 0.209063
v 0.044707 -0.078852 0.213387
v 0.042610 -0.078448 0.217556
v 0.042197 -0.078378 0.218274
v 0.032693 -0.078629 0.229176
v 0.032590 -0.077233 0.229999
v 0.028783 -0.078304 0.232407
v 0.028610 -0.076919 0.233194
v 0.024591 -0.078023 0.235190
v 0.024623 -0.076664 0.235781
v 0.020129 -0.077788 0.237521
v 0.020398 -0.076448 0.237970
v 0.019828 -0.076423 0.238227
v 0.015404 -0.077598 0.239391
v 0.015046 -0.076242 0.240052
v 0.010515 -0.077460 0.240753
v 0.010107 -0.076112 0.241366
v 0.005498 -0.077374 0.241596
v 0.005048 -0.076033 0.242159
v 0.000461 -0.077343 0.241908
v -0.000023 -0.076007 0.242420
v -0.004570 -0.077364 0.241693
v -0.005088 -0.076033 0.242155
v -0.007083 -0.077395 0.241388
v -0.007921 -0.077409 0.241257
v -0.004910 -0.078440 0.240707
v -0.009785 -0.078519 0.239939
v -0.009591 -0.077440 0.240949
v -0.014363 -0.078644 0.238728
v -0.016077 -0.077622 0.239159
v -0.018778 -0.078815 0.237071
v -0.019200 -0.077746 0.237934
v -0.019093 -0.078829 0.236933
v -0.023734 -0.077973 0.235684
v -0.023211 -0.079042 0.234867
v -0.025195 -0.078060 0.234826
v -0.027614 -0.079331 0.232050
v -0.028006 -0.078247 0.232971
v -0.031341 -0.079637 0.229065
v -0.033183 -0.078675 0.228720
v -0.034758 -0.079980 0.225705
v -0.035548 -0.078916 0.226322
v -0.034903 -0.079996 0.225546
v -0.036116 -0.078979 0.225694
v -0.037218 -0.079107 0.224409
v -0.036175 -0.077581 0.226451
v -0.039407 -0.077966 0.222510
v -0.010139 -0.076112 0.241359
v -0.014882 -0.076237 0.240105
v -0.019457 -0.076406 0.238390
v -0.019786 -0.076421 0.238246
v -0.024051 -0.076632 0.236108
v -0.028618 -0.076920 0.233188
v -0.032480 -0.077224 0.230099
v -0.036021 -0.077565 0.226620
v -0.042187 -0.078377 0.218291
v -0.041555 -0.079723 0.218240
v -0.038776 -0.079306 0.222421
v -0.038019 -0.080383 0.221742
v -0.043887 -0.080165 0.213785
v -0.044521 -0.078812 0.213798
v -0.045752 -0.080631 0.209078
v -0.046386 -0.079270 0.209056
v -0.047736 -0.079737 0.204198
v -0.047441 -0.081268 0.202605
v -0.048574 -0.080213 0.199229
v -0.047943 -0.081593 0.199294
v -0.048577 -0.080215 0.199206
v -0.048033 -0.081674 0.198459
v -0.048170 -0.081839 0.196778
v -0.046849 -0.082645 0.199253
v -0.047154 -0.083133 0.194347
v -0.048263 -0.082086 0.194243
v -0.047730 -0.082970 0.189287
v -0.048324 -0.082140 0.189149
v -0.048897 -0.080700 0.194121
v -0.048684 -0.081184 0.189020
v -0.046847 -0.082643 0.199272
v -0.046042 -0.082165 0.204068
v -0.044744 -0.081695 0.208757
v -0.042947 -0.081234 0.213334
v -0.040699 -0.080796 0.217669
v -0.000022 -0.078413 0.240963
v 0.004872 -0.078439 0.240711
v 0.009754 -0.078518 0.239945
v 0.014519 -0.078649 0.238677
v 0.019134 -0.078831 0.236915
v 0.019686 -0.078857 0.236666
v 0.023761 -0.079074 0.234553
v 0.027607 -0.079330 0.232055
v 0.031446 -0.079646 0.228971
v 0.034924 -0.079998 0.225522
v -0.048565 -0.081293 0.187912
v -0.048209 -0.082245 0.188058
v -0.048608 -0.081256 0.188281
v -0.048001 -0.082626 0.188672
v -0.048647 -0.081219 0.188650
v -0.047622 -0.083073 0.188217
v -0.040106 -0.080289 0.140247
v -0.040327 -0.080575 0.141828
v -0.039702 -0.079263 0.140443
v -0.040555 -0.080844 0.143403
v -0.040765 -0.080324 0.146665
v -0.040796 -0.081097 0.144970
v -0.041046 -0.081333 0.146530
v -0.040976 -0.082447 0.146439
v -0.041306 -0.081553 0.148081
v -0.041213 -0.082645 0.148009
v -0.041573 -0.081756 0.149625
v -0.041458 -0.082827 0.149570
v -0.042126 -0.082115 0.152689
v -0.041968 -0.083141 0.152668
v -0.043272 -0.082646 0.158741
v -0.043042 -0.083577 0.158778
v -0.044428 -0.082935 0.164700
v -0.044144 -0.083778 0.164777
v -0.046604 -0.082845 0.176417
v -0.046256 -0.083559 0.176535
v -0.045770 -0.084183 0.176671
v -0.043665 -0.084522 0.164893
v -0.042569 -0.084409 0.158864
v -0.041508 -0.084070 0.152709
v -0.041007 -0.083807 0.149579
v -0.040129 -0.081475 0.140075
v -0.040323 -0.081744 0.141677
v -0.040530 -0.081996 0.143272
v -0.040748 -0.082230 0.144860
v -0.040535 -0.083475 0.146412
v -0.040767 -0.083650 0.148000
v -0.039704 -0.082590 0.139968
v -0.039898 -0.082842 0.141590
v -0.040100 -0.083072 0.143206
v -0.040313 -0.083283 0.144814
v -0.046796 -0.082088 0.176326
v -0.044503 -0.082073 0.164665
v -0.041981 -0.081138 0.152764
v -0.039642 -0.079510 0.136213
v -0.039673 -0.079570 0.136515
v -0.039704 -0.079630 0.136817
v -0.039736 -0.079689 0.137117
v -0.039764 -0.080834 0.136603
v -0.039793 -0.080893 0.136907
v -0.039653 -0.081308 0.136533
v -0.039681 -0.081366 0.136837
v -0.039225 -0.082176 0.136425
v -0.039253 -0.082232 0.136732
v -0.039282 -0.082287 0.137039
v -0.039311 -0.082342 0.137346
v -0.039739 -0.081479 0.137445
v -0.039769 -0.081535 0.137748
v -0.039883 -0.081065 0.137813
v -0.039945 -0.081177 0.138414
v -0.039903 -0.079982 0.138607
v -0.040002 -0.080139 0.139429
v -0.040034 -0.081328 0.139246
v -0.039917 -0.081793 0.139189
v -0.039830 -0.081645 0.138352
v -0.039400 -0.082502 0.138264
v -0.039340 -0.082396 0.137652
v -0.039707 -0.080717 0.135994
v -0.039736 -0.080776 0.136299
v -0.039625 -0.081250 0.136227
v -0.039297 -0.081862 0.135832
v -0.039198 -0.082119 0.136117
v -0.039488 -0.082644 0.139111
v -0.039834 -0.079866 0.138013
v -0.039801 -0.079808 0.137715
v -0.039768 -0.079749 0.137417
v -0.039823 -0.080950 0.137209
v -0.039710 -0.081423 0.137141
v -0.039852 -0.081008 0.137511
v -0.047880 -0.048459 0.023519
v -0.047699 -0.049154 0.031489
v -0.047332 -0.050331 0.039376
v -0.046778 -0.051958 0.047150
v -0.046879 -0.051848 0.047189
v -0.046235 -0.053774 0.054874
v -0.046264 -0.053734 0.054889
v -0.045498 -0.055953 0.062467
v -0.045605 -0.055734 0.062554
v -0.044388 -0.058926 0.072576
v -0.043703 -0.060617 0.077536
v -0.042232 -0.064147 0.087378
v -0.043625 -0.061059 0.077348
v -0.042230 -0.064778 0.087115
v -0.043590 -0.061159 0.077303
v -0.042199 -0.064924 0.087050
v -0.043410 -0.061510 0.077136
v -0.041987 -0.065432 0.086809
v -0.046116 -0.053918 0.054818
v -0.045468 -0.056002 0.062447
v -0.044291 -0.059278 0.072427
v -0.045343 -0.056178 0.062372
v -0.044257 -0.059358 0.072391
v -0.044096 -0.059638 0.072261
v -0.040618 -0.069435 0.096455
v -0.041286 -0.067434 0.091624
v -0.041513 -0.066844 0.091899
v -0.041542 -0.066674 0.091973
v -0.041499 -0.065948 0.092266
v -0.039488 -0.073304 0.106174
v -0.038917 -0.075981 0.113545
v -0.038658 -0.078364 0.120968
v -0.038759 -0.080379 0.128413
v -0.039163 -0.079377 0.128623
v -0.039027 -0.077387 0.121241
v -0.039063 -0.077105 0.121320
v -0.039274 -0.074806 0.113946
v -0.038897 -0.075932 0.121650
v -0.039100 -0.073713 0.114297
v -0.039209 -0.079086 0.128688
v -0.039081 -0.077871 0.128972
v -0.039648 -0.071262 0.106939
v -0.040803 -0.067752 0.097156
v -0.046382 -0.053558 0.054954
v -0.047013 -0.051688 0.047244
v -0.047465 -0.050197 0.039412
v -0.047785 -0.049070 0.031504
v -0.047991 -0.048353 0.023528
v -0.047939 -0.048403 0.023524
v -0.047744 -0.049110 0.031497
v -0.047735 -0.049119 0.031495
v -0.047403 -0.050261 0.039395
v -0.047388 -0.050276 0.039391
v -0.046905 -0.051818 0.047199
v -0.047926 -0.048415 0.023523
v -0.040863 -0.068763 0.096756
v -0.040890 -0.068570 0.096837
v -0.039776 -0.072484 0.106500
v -0.039802 -0.072248 0.106589
v -0.039245 -0.075069 0.113858
v 0.007134 -0.060700 0.141736
v 0.004190 -0.062650 0.141171
v 0.000000 -0.060700 0.141237
v 0.000000 -0.062650 0.141000
v -0.004190 -0.062650 0.141171
v 0.014130 -0.060700 0.143223
v 0.012458 -0.062650 0.142530
v 0.008352 -0.062650 0.141682
v 0.016482 -0.062650 0.143709
v 0.020850 -0.060700 0.145669
v 0.020397 -0.062650 0.145212
v 0.024176 -0.062650 0.147028
v 0.027165 -0.060700 0.149027
v 0.027795 -0.062650 0.149145
v 0.031230 -0.062650 0.151550
v 0.032951 -0.060700 0.153231
v 0.035076 -0.062650 0.154792
v 0.038096 -0.060700 0.158199
v 0.038587 -0.062650 0.158393
v 0.041730 -0.062650 0.162320
v 0.042499 -0.060700 0.163834
v 0.044475 -0.062650 0.166534
v 0.046074 -0.060700 0.170028
v 0.046796 -0.062650 0.170997
v 0.048754 -0.060700 0.176659
v 0.048670 -0.062650 0.175664
v 0.050080 -0.062650 0.180492
v 0.050484 -0.060700 0.183598
v 0.051013 -0.062650 0.185434
v 0.051231 -0.060700 0.190711
v 0.051500 -0.062650 0.192450
v 0.050982 -0.060700 0.197858
v 0.051026 -0.062650 0.199468
v 0.049740 -0.060700 0.204902
v 0.049601 -0.062650 0.206355
v 0.047530 -0.060700 0.211703
v 0.047251 -0.062650 0.212984
v 0.044395 -0.060700 0.218131
v 0.044019 -0.062650 0.219231
v 0.040395 -0.060700 0.224060
v 0.039967 -0.062650 0.224979
v 0.035610 -0.060700 0.229375
v 0.035169 -0.062650 0.230122
v 0.030131 -0.060700 0.233972
v 0.029715 -0.062650 0.234563
v 0.024066 -0.060700 0.237762
v 0.023707 -0.062650 0.238219
v 0.017533 -0.060700 0.240671
v 0.017256 -0.062650 0.241023
v 0.010658 -0.060700 0.242642
v 0.010484 -0.062650 0.242922
v 0.003576 -0.060700 0.243638
v 0.003517 -0.062650 0.243880
v -0.003576 -0.060700 0.243638
v -0.003517 -0.062650 0.243880
v -0.010484 -0.062650 0.242922
v -0.010658 -0.060700 0.242642
v -0.017256 -0.062650 0.241023
v -0.017533 -0.060700 0.240671
v -0.023707 -0.062650 0.238219
v -0.024066 -0.060700 0.237762
v -0.029715 -0.062650 0.234563
v -0.030131 -0.060700 0.233972
v -0.035169 -0.062650 0.230122
v -0.035610 -0.060700 0.229375
v -0.039967 -0.062650 0.224979
v -0.040395 -0.060700 0.224060
v -0.044019 -0.062650 0.219231
v -0.044395 -0.060700 0.218131
v -0.047251 -0.062650 0.212984
v -0.047530 -0.060700 0.211703
v -0.049601 -0.062650 0.206355
v -0.049740 -0.060700 0.204902
v -0.051026 -0.062650 0.199468
v -0.050982 -0.060700 0.197858
v -0.051500 -0.062650 0.192450
v -0.051231 -0.060700 0.190711
v -0.051013 -0.062650 0.185434
v -0.050484 -0.060700 0.183598
v -0.050080 -0.062650 0.180492
v -0.048754 -0.060700 0.176659
v -0.048670 -0.062650 0.175664
v -0.046796 -0.062650 0.170996
v -0.046074 -0.060700 0.170028
v -0.044475 -0.062650 0.166534
v -0.042499 -0.060700 0.163834
v -0.041730 -0.062650 0.162320
v -0.038096 -0.060700 0.158199
v -0.038587 -0.062650 0.158393
v -0.035076 -0.062650 0.154792
v -0.032951 -0.060700 0.153231
v -0.031230 -0.062650 0.151550
v -0.027165 -0.060700 0.149027
v -0.027795 -0.062650 0.149145
v -0.024176 -0.062650 0.147028
v -0.020850 -0.060700 0.145669
v -0.020397 -0.062650 0.145212
v -0.016482 -0.062650 0.143709
v -0.014130 -0.060700 0.143223
v -0.012458 -0.062650 0.142530
v -0.007134 -0.060700 0.141736
v -0.008352 -0.062650 0.141682
v -0.037260 -0.075597 0.143645
v -0.038004 -0.076860 0.140672
v -0.038921 -0.078120 0.139974
v -0.037771 -0.076662 0.138496
v -0.034010 -0.072841 0.134393
v -0.031506 -0.070836 0.132129
v -0.031669 -0.071144 0.134011
v -0.028108 -0.068855 0.131189
v -0.028223 -0.069155 0.132970
v -0.025092 -0.067541 0.130827
v -0.025246 -0.068079 0.134242
v -0.021912 -0.066768 0.132223
v -0.021962 -0.067029 0.133872
v -0.018474 -0.065922 0.132091
v -0.018505 -0.066218 0.133702
v -0.014883 -0.065312 0.132200
v -0.014898 -0.065645 0.133792
v -0.008917 -0.064625 0.132068
v -0.008918 -0.065034 0.133660
v -0.005839 -0.064737 0.133123
v -0.005837 -0.065118 0.134733
v -0.002719 -0.064972 0.134423
v -0.002718 -0.065328 0.136474
v 0.000000 -0.065243 0.135977
v 0.000000 -0.065379 0.137639
v -0.002715 -0.065356 0.138551
v 0.000000 -0.065177 0.139290
v -0.002713 -0.065123 0.139564
v 0.000000 -0.064833 0.140047
v -0.002710 -0.064579 0.140446
v 0.000000 -0.064250 0.140636
v -0.002708 -0.064075 0.140814
v 0.000000 -0.063481 0.140945
v -0.002706 -0.063483 0.141017
v -0.005814 -0.063493 0.141277
v -0.008900 -0.063509 0.141726
v -0.008905 -0.064121 0.141530
v -0.014961 -0.064200 0.143000
v -0.014964 -0.064766 0.142667
v -0.018670 -0.064852 0.143991
v -0.018665 -0.065582 0.143225
v -0.022254 -0.065738 0.144885
v -0.022237 -0.066275 0.144040
v -0.025687 -0.066528 0.146043
v -0.025625 -0.067379 0.144321
v -0.028905 -0.067879 0.146706
v -0.028816 -0.068640 0.144892
v -0.032717 -0.068904 0.149601
v -0.032587 -0.069647 0.148266
v -0.035164 -0.072724 0.146392
v -0.032492 -0.070316 0.146702
v -0.032395 -0.070821 0.145031
v -0.028742 -0.069067 0.143328
v -0.028667 -0.069353 0.141690
v -0.025496 -0.068163 0.140892
v -0.025438 -0.068291 0.139273
v -0.022096 -0.067339 0.138747
v -0.022052 -0.067326 0.137141
v -0.018563 -0.066586 0.136907
v -0.018534 -0.066444 0.135309
v -0.014914 -0.065904 0.135386
v -0.034820 -0.072985 0.144200
v -0.034685 -0.073209 0.142278
v -0.034377 -0.073262 0.138351
v -0.032078 -0.071497 0.139641
v -0.031819 -0.071363 0.135896
v -0.028423 -0.069517 0.136518
v -0.032452 -0.068375 0.149948
v -0.028985 -0.066798 0.148328
v -0.025712 -0.065900 0.146830
v -0.022267 -0.064942 0.145601
v -0.018671 -0.064258 0.144304
v -0.014958 -0.063554 0.143180
v -0.018670 -0.063586 0.144472
v -0.022274 -0.063619 0.146043
v -0.025747 -0.063651 0.147886
v -0.029069 -0.063683 0.149990
v -0.031239 -0.064059 0.151539
v -0.029059 -0.064434 0.149873
v -0.031403 -0.065393 0.151326
v -0.029046 -0.065124 0.149640
v -0.029018 -0.066069 0.149048
v -0.025732 -0.065032 0.147487
v -0.031586 -0.066163 0.151083
v 0.000000 -0.064508 0.132723
v -0.002721 -0.064559 0.132810
v -0.005840 -0.064278 0.131530
v -0.008916 -0.064154 0.130489
v -0.014867 -0.064917 0.130611
v -0.018442 -0.065564 0.130479
v -0.021800 -0.066058 0.128918
v -0.025003 -0.067173 0.129117
v -0.027982 -0.068486 0.129412
v -0.002722 -0.064069 0.131217
v 0.000000 -0.063454 0.129556
v -0.002723 -0.063522 0.129643
v -0.002725 -0.062928 0.128085
v -0.005844 -0.063192 0.128394
v -0.005845 -0.062584 0.126847
v -0.008913 -0.063065 0.127367
v -0.008908 -0.061820 0.124292
v -0.014810 -0.063435 0.125882
v -0.014787 -0.062856 0.124322
v -0.018327 -0.064178 0.125664
v -0.018283 -0.063624 0.124073
v -0.021667 -0.065132 0.125626
v -0.002726 -0.062295 0.126542
v 0.000000 -0.060839 0.123415
v -0.002728 -0.060934 0.123497
v -0.002729 -0.060209 0.121995
v -0.005846 -0.060563 0.122283
v -0.005845 -0.059829 0.120787
v -0.008899 -0.060445 0.121266
v -0.002729 -0.059457 0.120506
v -0.014762 -0.062238 0.122773
v -0.008904 -0.061148 0.122773
v -0.024907 -0.066747 0.127413
v -0.021736 -0.065620 0.127269
v -0.018369 -0.064688 0.127263
v -0.014850 -0.064469 0.129028
v -0.008915 -0.063631 0.128922
v -0.005842 -0.063759 0.129955
v -0.034946 -0.072616 0.146072
v -0.032296 -0.071177 0.143283
v -0.028591 -0.069515 0.139999
v -0.025377 -0.068312 0.137618
v -0.022008 -0.067218 0.135513
v -0.034201 -0.073106 0.136371
v -0.005846 -0.061267 0.123791
v -0.032191 -0.071399 0.141481
v -0.028510 -0.069565 0.138271
v -0.025314 -0.068237 0.135938
v -0.008920 -0.065361 0.135265
v -0.005835 -0.065431 0.136775
v -0.008920 -0.065603 0.137292
v -0.005831 -0.065417 0.138837
v -0.008918 -0.065519 0.139329
v -0.005827 -0.065165 0.139841
v -0.008915 -0.065235 0.140318
v -0.005822 -0.064605 0.140713
v -0.008910 -0.064647 0.141174
v -0.005819 -0.064093 0.141077
v -0.014930 -0.066072 0.136979
v -0.014948 -0.066105 0.138962
v -0.014961 -0.065812 0.140920
v -0.014964 -0.065433 0.141859
v -0.018592 -0.066628 0.138490
v -0.022140 -0.067240 0.140322
v -0.025555 -0.067908 0.142460
v -0.018627 -0.066494 0.140438
v -0.018655 -0.066036 0.142329
v -0.022192 -0.066920 0.142228
v -0.025741 -0.064375 0.147751
v -0.022271 -0.064317 0.145891
v 0.036720 -0.075407 0.135633
v 0.036983 -0.075757 0.138012
v 0.033362 -0.072122 0.132230
v 0.033583 -0.072511 0.134425
v 0.031355 -0.070505 0.130485
v 0.031548 -0.070921 0.132596
v 0.027866 -0.068114 0.127860
v 0.028014 -0.068583 0.129853
v 0.024819 -0.066333 0.125924
v 0.024931 -0.066858 0.127835
v 0.021605 -0.064667 0.124193
v 0.021685 -0.065257 0.126033
v 0.018243 -0.063106 0.122688
v 0.018294 -0.063765 0.124467
v 0.014741 -0.061666 0.121425
v 0.014769 -0.062395 0.123157
v 0.011863 -0.060654 0.120605
v 0.011877 -0.061432 0.122309
v 0.008896 -0.059801 0.119956
v 0.008900 -0.060622 0.121639
v 0.005845 -0.059161 0.119488
v 0.005846 -0.060014 0.121158
v 0.002730 -0.058774 0.119212
v 0.002729 -0.059647 0.120874
v 0.002727 -0.062049 0.125966
v 0.002728 -0.061285 0.124252
v 0.002728 -0.060483 0.122555
v 0.005846 -0.061608 0.124549
v 0.005846 -0.060829 0.122845
v 0.008910 -0.062144 0.125055
v 0.008905 -0.061403 0.123339
v 0.011903 -0.062858 0.125763
v 0.011891 -0.062168 0.124028
v 0.014820 -0.063709 0.126664
v 0.014796 -0.063077 0.124904
v 0.018388 -0.064925 0.128064
v 0.018343 -0.064374 0.126261
v 0.021830 -0.066257 0.129742
v 0.021761 -0.065790 0.127884
v 0.025133 -0.067701 0.131680
v 0.025037 -0.067318 0.129756
v 0.028276 -0.069276 0.133858
v 0.028152 -0.068976 0.131855
v 0.031888 -0.071436 0.136835
v 0.031727 -0.071237 0.134715
v 0.033972 -0.072918 0.138834
v 0.033787 -0.072784 0.136630
v 0.037457 -0.075962 0.142793
v 0.037230 -0.075951 0.140404
v 0.002722 -0.064069 0.131217
v 0.002724 -0.063449 0.129447
v 0.002725 -0.062773 0.127697
v 0.005842 -0.063690 0.129758
v 0.005844 -0.063043 0.128005
v 0.008916 -0.064091 0.130292
v 0.008915 -0.063493 0.128532
v 0.011932 -0.064626 0.131041
v 0.011923 -0.064093 0.129270
v 0.014881 -0.065266 0.132001
v 0.014863 -0.064810 0.130214
v 0.018501 -0.066185 0.133500
v 0.018466 -0.065838 0.131687
v 0.022002 -0.067199 0.135308
v 0.021950 -0.066970 0.133460
v 0.025370 -0.068307 0.137409
v 0.025298 -0.068205 0.135515
v 0.028581 -0.069527 0.139785
v 0.028489 -0.069562 0.137834
v 0.032283 -0.071212 0.143060
v 0.032164 -0.071435 0.141023
v 0.034427 -0.072374 0.145280
v 0.034289 -0.072725 0.143178
v 0.035272 -0.072873 0.146250
v 0.002719 -0.064972 0.134423
v 0.002721 -0.064559 0.132810
v 0.005839 -0.064737 0.133123
v 0.005840 -0.064278 0.131530
v 0.008918 -0.065034 0.133660
v 0.008917 -0.064625 0.132068
v 0.011946 -0.065430 0.134416
v 0.011939 -0.065090 0.132824
v 0.014914 -0.065904 0.135386
v 0.014898 -0.065645 0.133792
v 0.018563 -0.066586 0.136907
v 0.018534 -0.066444 0.135309
v 0.022096 -0.067339 0.138747
v 0.022052 -0.067326 0.137141
v 0.025496 -0.068163 0.140892
v 0.025438 -0.068291 0.139273
v 0.028742 -0.069067 0.143328
v 0.028667 -0.069353 0.141690
v 0.032492 -0.070316 0.146702
v 0.032395 -0.070821 0.145031
v 0.033819 -0.070783 0.148156
v 0.002718 -0.065275 0.136061
v 0.002715 -0.065356 0.138551
v 0.002713 -0.065123 0.139564
v 0.002710 -0.064579 0.140446
v 0.002707 -0.063687 0.140967
v 0.005816 -0.063699 0.141228
v 0.005822 -0.064605 0.140713
v 0.005827 -0.065165 0.139841
v 0.005831 -0.065417 0.138837
v 0.005836 -0.065387 0.136364
v 0.005837 -0.065118 0.134733
v 0.008902 -0.063719 0.141678
v 0.011953 -0.063745 0.142314
v 0.014959 -0.063775 0.143136
v 0.018671 -0.063815 0.144431
v 0.014964 -0.064766 0.142667
v 0.018670 -0.064852 0.143991
v 0.014964 -0.065433 0.141859
v 0.018665 -0.065582 0.143225
v 0.014961 -0.065812 0.140920
v 0.018655 -0.066036 0.142329
v 0.014945 -0.066118 0.138566
v 0.018620 -0.066541 0.140052
v 0.014930 -0.066072 0.136979
v 0.018592 -0.066628 0.138490
v 0.022273 -0.063856 0.146007
v 0.022267 -0.064942 0.145601
v 0.022254 -0.065738 0.144885
v 0.022237 -0.066275 0.144040
v 0.022182 -0.067004 0.141853
v 0.022140 -0.067240 0.140322
v 0.025745 -0.063897 0.147854
v 0.025732 -0.065032 0.147487
v 0.025712 -0.065900 0.146830
v 0.025687 -0.066528 0.146043
v 0.025612 -0.067506 0.143959
v 0.025555 -0.067908 0.142460
v 0.029066 -0.063938 0.149963
v 0.029046 -0.065124 0.149640
v 0.029018 -0.066069 0.149048
v 0.028985 -0.066798 0.148328
v 0.028888 -0.068053 0.146357
v 0.028816 -0.068640 0.144892
v 0.031250 -0.064238 0.151524
v 0.031484 -0.065776 0.151217
v 0.032498 -0.068469 0.149888
v 0.032587 -0.069647 0.148266
v 0.005845 -0.062347 0.126269
v 0.008913 -0.062842 0.126786
v 0.011914 -0.063502 0.127511
v 0.014843 -0.064288 0.128435
v 0.018429 -0.065415 0.129873
v 0.021893 -0.066653 0.131602
v 0.025220 -0.067999 0.133602
v 0.028388 -0.069474 0.135854
v 0.032033 -0.071505 0.138942
v 0.034138 -0.072902 0.141022
v 0.008920 -0.065361 0.135265
v 0.008920 -0.065574 0.136885
v 0.008918 -0.065519 0.139329
v 0.008915 -0.065235 0.140318
v 0.008910 -0.064647 0.141174
v 0.011953 -0.065685 0.136015
v 0.011960 -0.065822 0.137621
v 0.011965 -0.065654 0.140025
v 0.011964 -0.065326 0.140991
v 0.011960 -0.064702 0.141826
v 0.039066 -0.076751 0.148498
v 0.039590 -0.077843 0.147742
v 0.040418 -0.079655 0.146565
v 0.041626 -0.080333 0.152310
v 0.042437 -0.080628 0.155928
v 0.043275 -0.080830 0.159564
v 0.042070 -0.078712 0.156640
v 0.043064 -0.078878 0.160115
v 0.041838 -0.077545 0.157108
v 0.042928 -0.077686 0.160483
v 0.041607 -0.076382 0.157592
v 0.042793 -0.076496 0.160866
v 0.041208 -0.074217 0.158499
v 0.042565 -0.074281 0.161590
v 0.040864 -0.071935 0.159383
v 0.042384 -0.071953 0.162298
v 0.040597 -0.069146 0.160211
v 0.042280 -0.069129 0.162950
v 0.040489 -0.066128 0.160718
v 0.042298 -0.066104 0.163318
v 0.040503 -0.064664 0.160814
v 0.042348 -0.064647 0.163374
v 0.040530 -0.063841 0.160831
v 0.042384 -0.063831 0.163377
v 0.037589 -0.073678 0.150699
v 0.038539 -0.075670 0.149270
v 0.040752 -0.077316 0.153767
v 0.041090 -0.078455 0.153193
v 0.036689 -0.071594 0.152098
v 0.035822 -0.069026 0.153483
v 0.035198 -0.066149 0.154491
v 0.035057 -0.064683 0.154738
v 0.038548 -0.066143 0.158227
v 0.038515 -0.064675 0.158373
v 0.035039 -0.063850 0.154794
v 0.038528 -0.063848 0.158405
v 0.045622 -0.063797 0.168785
v 0.044084 -0.063816 0.166032
v 0.044041 -0.064624 0.166040
v 0.043968 -0.066070 0.166018
v 0.043856 -0.069081 0.165764
v 0.043832 -0.071916 0.165272
v 0.043876 -0.074276 0.164729
v 0.043955 -0.076532 0.164177
v 0.044005 -0.077746 0.163889
v 0.044055 -0.078960 0.163615
v 0.044126 -0.080942 0.163215
v 0.048186 -0.063746 0.174541
v 0.050031 -0.063679 0.180553
v 0.049991 -0.064406 0.180594
v 0.050846 -0.065562 0.185612
v 0.049904 -0.065722 0.180659
v 0.049673 -0.068454 0.180777
v 0.047812 -0.068771 0.174606
v 0.047571 -0.071537 0.174510
v 0.045312 -0.069004 0.168649
v 0.045190 -0.071830 0.168301
v 0.049392 -0.071130 0.180899
v 0.049991 -0.073538 0.186498
v 0.049102 -0.073488 0.181032
v 0.048773 -0.075819 0.181201
v 0.047120 -0.076248 0.174305
v 0.046987 -0.077507 0.174270
v 0.045076 -0.076498 0.167522
v 0.045053 -0.077730 0.167323
v 0.048368 -0.078345 0.181432
v 0.048577 -0.077083 0.181310
v 0.048002 -0.080379 0.181659
v 0.046596 -0.080800 0.174246
v 0.044974 -0.080970 0.166879
v 0.038821 -0.069128 0.157554
v 0.039287 -0.071857 0.156529
v 0.039822 -0.074077 0.155456
v 0.040415 -0.076183 0.154357
v 0.045576 -0.064594 0.168803
v 0.048141 -0.064514 0.174574
v 0.045488 -0.066024 0.168807
v 0.048045 -0.065898 0.174614
v 0.045123 -0.074208 0.167911
v 0.047351 -0.073921 0.174398
v 0.045028 -0.078963 0.167139
v 0.046845 -0.078764 0.174248
v -0.040481 -0.086920 0.195066
v -0.040361 -0.086395 0.199339
v -0.039785 -0.085875 0.203575
v -0.038758 -0.085365 0.207727
v -0.037293 -0.084872 0.211747
v -0.035406 -0.084400 0.215589
v -0.033119 -0.083955 0.219211
v -0.030457 -0.083543 0.222572
v -0.027450 -0.083167 0.225633
v -0.024133 -0.082832 0.228359
v -0.020540 -0.082542 0.230722
v -0.016720 -0.082300 0.232690
v -0.012738 -0.082111 0.234236
v -0.008553 -0.081971 0.235370
v -0.004301 -0.081888 0.236049
v -0.000017 -0.081860 0.236276
v 0.004324 -0.081888 0.236047
v 0.003552 -0.086064 0.229359
v 0.007035 -0.086132 0.228802
v 0.005459 -0.089669 0.221891
v 0.010453 -0.086245 0.227878
v 0.008112 -0.089757 0.221174
v 0.013752 -0.086403 0.226598
v 0.010673 -0.089879 0.220181
v 0.016896 -0.086601 0.224978
v 0.013113 -0.090033 0.218924
v 0.019849 -0.086840 0.223036
v 0.015404 -0.090218 0.217416
v 0.022577 -0.087115 0.220793
v 0.017522 -0.090432 0.215676
v 0.025050 -0.087424 0.218276
v 0.019441 -0.090672 0.213722
v 0.027240 -0.087764 0.215512
v 0.021140 -0.090935 0.211577
v 0.029121 -0.088130 0.212533
v 0.022600 -0.091219 0.209265
v 0.030673 -0.088518 0.209372
v 0.023804 -0.091520 0.206812
v 0.031878 -0.088924 0.206066
v 0.024740 -0.091835 0.204247
v -0.032723 -0.089343 0.202651
v -0.031878 -0.088924 0.206066
v -0.024740 -0.091835 0.204247
v -0.023804 -0.091520 0.206812
v -0.022600 -0.091219 0.209265
v -0.015895 -0.093644 0.205814
v -0.021140 -0.090935 0.211577
v -0.014868 -0.093444 0.207440
v -0.019441 -0.090672 0.213722
v -0.013673 -0.093259 0.208948
v -0.017522 -0.090432 0.215676
v -0.012323 -0.093090 0.210322
v -0.015404 -0.090218 0.217416
v -0.010834 -0.092940 0.211547
v -0.009222 -0.092810 0.212607
v -0.007506 -0.092701 0.213491
v -0.005708 -0.092616 0.214188
v -0.008121 -0.089757 0.221171
v -0.005459 -0.089669 0.221891
v -0.007035 -0.086132 0.228802
v -0.003537 -0.086063 0.229361
v -0.003840 -0.092554 0.214694
v -0.002745 -0.089616 0.222325
v -0.000011 -0.086040 0.229548
v 0.003840 -0.092554 0.214694
v 0.001933 -0.092516 0.214999
v -0.000003 -0.092504 0.215101
v -0.000007 -0.089598 0.222470
v -0.001931 -0.092516 0.214999
v 0.010834 -0.092940 0.211547
v 0.009222 -0.092810 0.212607
v 0.007506 -0.092701 0.213491
v 0.014868 -0.093444 0.207440
v 0.013673 -0.093259 0.208948
v 0.012323 -0.093090 0.210322
v 0.032723 -0.089343 0.202651
v 0.039785 -0.085875 0.203575
v 0.040361 -0.086395 0.199339
v 0.040481 -0.086920 0.195066
v 0.038758 -0.085365 0.207727
v 0.037293 -0.084872 0.211747
v 0.035406 -0.084400 0.215589
v 0.033119 -0.083955 0.219211
v 0.030457 -0.083543 0.222572
v 0.027450 -0.083167 0.225633
v 0.024133 -0.082832 0.228359
v 0.020543 -0.082542 0.230721
v 0.016720 -0.082300 0.232690
v 0.012708 -0.082109 0.234246
v 0.008553 -0.081971 0.235370
v -0.030673 -0.088518 0.209372
v -0.029121 -0.088130 0.212533
v -0.027240 -0.087764 0.215512
v -0.025050 -0.087424 0.218276
v -0.022577 -0.087115 0.220793
v -0.019849 -0.086840 0.223036
v -0.013112 -0.090033 0.218924
v -0.016894 -0.086601 0.224979
v -0.010673 -0.089879 0.220181
v -0.013752 -0.086403 0.226598
v 0.002753 -0.089616 0.222324
v 0.005705 -0.092616 0.214189
v -0.010471 -0.086246 0.227872
v 0.050580 -0.072036 0.192739
v 0.050034 -0.072036 0.199914
v 0.048476 -0.072036 0.206938
v 0.045937 -0.072036 0.213670
v 0.042469 -0.072036 0.219974
v 0.038141 -0.072036 0.225722
v 0.033041 -0.072036 0.230798
v 0.027273 -0.072036 0.235098
v 0.020953 -0.072036 0.238537
v 0.014208 -0.072036 0.241044
v 0.007177 -0.072036 0.242569
v -0.000016 -0.072036 0.243081
v -0.007177 -0.072036 0.242569
v -0.014208 -0.072036 0.241044
v -0.020953 -0.072036 0.238537
v -0.027273 -0.072036 0.235098
v -0.033057 -0.072036 0.230784
v -0.038141 -0.072036 0.225722
v -0.042469 -0.072036 0.219974
v -0.045937 -0.072036 0.213670
v -0.048476 -0.072036 0.206938
v -0.050034 -0.072036 0.199914
v -0.050580 -0.072036 0.192739
v -0.049994 -0.073519 0.186495
v -0.050849 -0.065522 0.185609
v -0.049113 -0.077995 0.186066
v -0.048716 -0.080008 0.186426
v -0.048554 -0.080107 0.185233
v -0.048947 -0.078087 0.184905
v -0.049339 -0.076742 0.185860
v -0.049171 -0.076831 0.184720
v -0.049551 -0.075485 0.185667
v -0.049380 -0.075571 0.184547
v -0.049901 -0.073168 0.185347
v -0.049728 -0.073249 0.184263
v -0.050202 -0.070836 0.185072
v -0.050029 -0.070910 0.184023
v -0.050480 -0.068229 0.184818
v -0.050308 -0.068290 0.183802
v -0.050697 -0.065601 0.184616
v -0.050528 -0.065638 0.183622
v -0.050700 -0.065560 0.184613
v -0.050531 -0.065597 0.183620
v -0.050780 -0.064321 0.184533
v -0.050612 -0.064343 0.183544
v -0.050818 -0.063629 0.184492
v -0.050651 -0.063642 0.183502
v -0.049499 -0.063703 0.178526
v -0.049775 -0.063692 0.179537
v -0.050031 -0.063679 0.180553
v -0.049734 -0.064426 0.179577
v -0.049991 -0.064406 0.180594
v -0.049647 -0.065733 0.179638
v -0.049905 -0.065700 0.180658
v -0.049643 -0.065776 0.179640
v -0.049902 -0.065743 0.180660
v -0.049410 -0.068523 0.179736
v -0.049672 -0.068465 0.180778
v -0.049133 -0.071203 0.179823
v -0.049392 -0.071130 0.180899
v -0.048850 -0.073567 0.179917
v -0.049102 -0.073488 0.181032
v -0.048532 -0.075900 0.180044
v -0.048773 -0.075819 0.181201
v -0.048342 -0.077165 0.180131
v -0.048577 -0.077083 0.181310
v -0.048141 -0.078427 0.180230
v -0.048368 -0.078345 0.181432
v -0.047789 -0.080464 0.180420
v -0.048002 -0.080379 0.181659
v -0.047807 -0.063756 0.173561
v -0.048186 -0.063746 0.174541
v -0.048544 -0.063736 0.175527
v -0.048141 -0.064514 0.174574
v -0.048500 -0.064498 0.175562
v -0.048047 -0.065876 0.174614
v -0.048407 -0.065850 0.175607
v -0.048043 -0.065920 0.174615
v -0.048403 -0.065894 0.175608
v -0.047811 -0.068782 0.174606
v -0.048168 -0.068735 0.175621
v -0.047571 -0.071537 0.174510
v -0.047917 -0.071476 0.175563
v -0.047351 -0.073921 0.174398
v -0.047680 -0.073857 0.175494
v -0.047120 -0.076248 0.174305
v -0.047427 -0.076187 0.175447
v -0.046987 -0.077507 0.174270
v -0.047280 -0.077448 0.175437
v -0.046845 -0.078764 0.174248
v -0.047124 -0.078708 0.175440
v -0.046596 -0.080800 0.174246
v -0.046849 -0.080746 0.175478
v -0.047096 -0.080685 0.176712
v -0.047335 -0.080617 0.177947
v -0.047653 -0.078578 0.177831
v -0.047903 -0.078505 0.179030
v -0.048095 -0.077242 0.178953
v -0.045622 -0.063797 0.168785
v -0.046097 -0.063790 0.169723
v -0.046554 -0.063782 0.170669
v -0.046051 -0.064583 0.169744
v -0.046507 -0.064571 0.170693
v -0.045961 -0.065984 0.169755
v -0.046415 -0.065965 0.170711
v -0.045958 -0.066030 0.169754
v -0.046412 -0.066010 0.170711
v -0.045768 -0.068983 0.169624
v -0.046209 -0.068948 0.170607
v -0.045620 -0.071791 0.169322
v -0.046037 -0.071749 0.170348
v -0.045521 -0.074174 0.168981
v -0.045910 -0.074133 0.170056
v -0.045437 -0.076472 0.168644
v -0.045791 -0.076439 0.169770
v -0.045393 -0.077710 0.168474
v -0.045727 -0.077682 0.169627
v -0.045345 -0.078948 0.168318
v -0.045657 -0.078925 0.169499
v -0.045253 -0.080961 0.168104
v -0.045530 -0.080945 0.169329
v -0.045803 -0.080920 0.170557
v -0.046073 -0.080888 0.171785
v -0.046337 -0.080847 0.173015
v -0.046559 -0.078814 0.173058
v -0.042969 -0.063826 0.164251
v -0.043535 -0.063821 0.165136
v -0.044084 -0.063816 0.166032
v -0.043494 -0.064632 0.165140
v -0.044041 -0.064624 0.166040
v -0.043428 -0.066059 0.165108
v -0.043969 -0.066046 0.166018
v -0.043426 -0.066106 0.165106
v -0.043966 -0.066093 0.166017
v -0.043343 -0.069112 0.164816
v -0.043856 -0.069093 0.165763
v -0.043358 -0.071934 0.164274
v -0.043832 -0.071916 0.165272
v -0.043445 -0.074285 0.163678
v -0.043876 -0.074276 0.164729
v -0.043571 -0.076529 0.163070
v -0.043955 -0.076532 0.164177
v -0.043649 -0.077734 0.162750
v -0.044005 -0.077746 0.163889
v -0.043726 -0.078942 0.162446
v -0.044055 -0.078960 0.163615
v -0.043842 -0.080914 0.161996
v -0.044126 -0.080942 0.163215
v -0.044410 -0.080960 0.164435
v -0.044693 -0.080969 0.165656
v -0.044707 -0.078970 0.165962
v -0.045028 -0.078963 0.167139
v -0.045053 -0.077730 0.167323
v -0.039879 -0.063844 0.160009
v -0.040530 -0.063841 0.160831
v -0.041165 -0.063838 0.161667
v -0.040503 -0.064664 0.160814
v -0.041134 -0.064659 0.161655
v -0.040488 -0.066104 0.160721
v -0.041107 -0.066097 0.161575
v -0.040489 -0.066151 0.160716
v -0.041107 -0.066144 0.161571
v -0.040598 -0.069157 0.160209
v -0.041169 -0.069155 0.161113
v -0.040864 -0.071935 0.159383
v -0.041378 -0.071948 0.160348
v -0.041208 -0.074217 0.158499
v -0.041665 -0.074247 0.159524
v -0.041607 -0.076382 0.157592
v -0.042004 -0.076429 0.158679
v -0.041838 -0.077545 0.157108
v -0.042201 -0.077601 0.158230
v -0.042070 -0.078712 0.156640
v -0.042401 -0.078777 0.157795
v -0.042437 -0.080628 0.155928
v -0.042714 -0.080706 0.157138
v -0.042994 -0.080773 0.158350
v -0.043275 -0.080830 0.159563
v -0.043558 -0.080877 0.160779
v -0.043396 -0.078914 0.161279
v -0.036475 -0.063850 0.156196
v -0.037173 -0.063850 0.156919
v -0.037858 -0.063849 0.157655
v -0.037171 -0.064680 0.156877
v -0.037850 -0.064678 0.157619
v -0.037241 -0.066124 0.156699
v -0.037900 -0.066122 0.157458
v -0.037245 -0.066171 0.156690
v -0.037903 -0.066169 0.157451
v -0.037645 -0.069109 0.155894
v -0.038237 -0.069126 0.156718
v -0.038256 -0.071773 0.154736
v -0.038774 -0.071819 0.155629
v -0.038929 -0.073944 0.153537
v -0.039376 -0.074015 0.154494
v -0.039658 -0.076007 0.152309
v -0.040036 -0.076100 0.153331
v -0.040067 -0.077120 0.151648
v -0.040408 -0.077223 0.152706
v -0.040477 -0.078241 0.151002
v -0.040782 -0.078353 0.152096
v -0.041127 -0.080093 0.150005
v -0.041374 -0.080218 0.151157
v -0.041626 -0.080333 0.152310
v -0.041892 -0.080442 0.153514
v -0.041414 -0.078551 0.154339
v -0.041741 -0.078637 0.155488
v -0.041475 -0.077479 0.155991
v -0.032789 -0.063846 0.152802
v -0.033551 -0.063848 0.153451
v -0.034301 -0.063849 0.154115
v -0.033586 -0.064683 0.153384
v -0.034328 -0.064683 0.154054
v -0.033776 -0.066125 0.153095
v -0.034490 -0.066126 0.153789
v -0.033785 -0.066170 0.153082
v -0.034498 -0.066172 0.153777
v -0.034582 -0.068968 0.151916
v -0.035206 -0.069004 0.152692
v -0.035636 -0.071437 0.150376
v -0.036163 -0.071519 0.151233
v -0.036703 -0.073453 0.148836
v -0.037145 -0.073570 0.149765
v -0.037812 -0.075395 0.147268
v -0.038173 -0.075538 0.148266
v -0.038420 -0.076453 0.146420
v -0.038740 -0.076608 0.147457
v -0.039024 -0.077526 0.145586
v -0.039304 -0.077690 0.146662
v -0.039975 -0.079312 0.144284
v -0.040193 -0.079489 0.145424
v -0.040418 -0.079655 0.146565
v -0.040649 -0.079812 0.147710
v -0.039881 -0.077986 0.148825
v -0.040177 -0.078119 0.149912
v -0.039730 -0.077007 0.150594
v -0.032015 -0.063845 0.152169
v -0.032068 -0.064681 0.152092
v -0.032317 -0.066121 0.151751
v -0.032329 -0.066166 0.151735
v -0.033319 -0.068884 0.150393
v -0.034581 -0.071249 0.148682
v -0.035828 -0.073189 0.146998
v -0.037104 -0.075077 0.145285
v -0.036264 -0.073326 0.147914
v -0.037455 -0.075241 0.146274
v -0.037797 -0.076113 0.144359
v -0.038106 -0.076289 0.145387
v -0.038483 -0.077167 0.143446
v -0.038750 -0.077352 0.144514
v -0.039561 -0.078926 0.142015
v -0.039764 -0.079124 0.143148
v -0.040885 -0.079957 0.148856
v -0.035039 -0.063850 0.154794
v -0.035764 -0.063850 0.155488
v -0.035057 -0.064683 0.154738
v -0.035775 -0.064682 0.155437
v -0.035194 -0.066126 0.154496
v -0.035888 -0.066126 0.155217
v -0.035201 -0.066173 0.154485
v -0.035893 -0.066173 0.155207
v -0.035825 -0.069036 0.153478
v -0.036438 -0.069064 0.154274
v -0.036689 -0.071594 0.152098
v -0.037214 -0.071661 0.152971
v -0.037589 -0.073678 0.150699
v -0.038035 -0.073776 0.151639
v -0.038539 -0.075670 0.149270
v -0.038909 -0.075793 0.150278
v -0.039066 -0.076751 0.148498
v -0.039395 -0.076884 0.149544
v -0.039589 -0.077843 0.147742
v -0.036479 -0.064681 0.156150
v -0.036570 -0.066126 0.155951
v -0.036575 -0.066172 0.155942
v -0.037044 -0.069089 0.155079
v -0.037736 -0.071720 0.153850
v -0.038481 -0.073865 0.152585
v -0.039282 -0.075905 0.151291
v -0.038528 -0.063848 0.158405
v -0.039211 -0.063846 0.159200
v -0.038515 -0.064675 0.158373
v -0.039193 -0.064672 0.159173
v -0.038547 -0.066119 0.158231
v -0.039208 -0.066115 0.159048
v -0.038549 -0.066166 0.158224
v -0.039210 -0.066162 0.159042
v -0.038823 -0.069139 0.157550
v -0.039424 -0.069149 0.158427
v -0.039287 -0.071857 0.156529
v -0.039818 -0.071890 0.157473
v -0.039822 -0.074077 0.155456
v -0.040286 -0.074133 0.156465
v -0.040415 -0.076183 0.154357
v -0.040812 -0.076259 0.155431
v -0.040752 -0.077316 0.153767
v -0.041112 -0.077402 0.154877
v -0.041090 -0.078455 0.153193
v -0.039856 -0.064668 0.159987
v -0.039855 -0.066110 0.159878
v -0.039856 -0.066157 0.159873
v -0.040016 -0.069155 0.159313
v -0.040344 -0.071916 0.158424
v -0.040749 -0.074179 0.157479
v -0.041210 -0.076325 0.156509
v -0.042384 -0.063831 0.163377
v -0.041783 -0.063835 0.162516
v -0.042163 -0.080541 0.154720
v -0.045128 -0.063804 0.167857
v -0.044615 -0.063810 0.166939
v -0.047409 -0.063765 0.172589
v -0.046991 -0.063774 0.171625
v -0.044974 -0.080970 0.166879
v -0.049201 -0.063715 0.177521
v -0.048883 -0.063726 0.176521
v -0.050258 -0.063667 0.181533
v -0.050218 -0.064386 0.181574
v -0.050134 -0.065667 0.181642
v -0.050131 -0.065709 0.181644
v -0.049903 -0.068408 0.181782
v -0.049623 -0.071058 0.181937
v -0.049328 -0.073410 0.182106
v -0.048991 -0.075738 0.182314
v -0.048789 -0.077002 0.182444
v -0.048573 -0.078263 0.182588
v -0.048196 -0.080293 0.182849
v -0.048381 -0.080202 0.184040
v -0.050464 -0.063655 0.182516
v -0.050425 -0.064365 0.182557
v -0.050342 -0.065633 0.182629
v -0.050339 -0.065675 0.182632
v -0.050115 -0.068349 0.182790
v -0.049835 -0.070985 0.182978
v -0.049536 -0.073330 0.183183
v -0.049193 -0.075656 0.183429
v -0.048987 -0.076918 0.183581
v -0.048766 -0.078176 0.183746
v -0.047567 -0.080544 0.179183
v -0.049457 -0.064445 0.178565
v -0.049158 -0.064464 0.177558
v -0.048839 -0.064482 0.176557
v -0.049367 -0.065765 0.178622
v -0.049067 -0.065795 0.177612
v -0.048747 -0.065823 0.176606
v -0.049364 -0.065808 0.178624
v -0.049064 -0.065838 0.177613
v -0.048744 -0.065867 0.176608
v -0.049129 -0.068578 0.178700
v -0.048827 -0.068633 0.177668
v -0.048507 -0.068685 0.176642
v -0.048856 -0.071275 0.178751
v -0.048560 -0.071344 0.177683
v -0.048247 -0.071412 0.176621
v -0.048581 -0.073644 0.178805
v -0.048296 -0.073718 0.177698
v -0.047995 -0.073789 0.176594
v -0.048275 -0.075977 0.178890
v -0.048005 -0.076052 0.177740
v -0.047722 -0.076122 0.176592
v -0.047563 -0.077384 0.176607
v -0.047834 -0.077316 0.177779
v -0.047393 -0.078645 0.176635
v -0.046945 -0.064558 0.171651
v -0.046851 -0.065945 0.171675
v -0.047363 -0.064544 0.172618
v -0.047269 -0.065923 0.172648
v -0.047762 -0.064530 0.173592
v -0.047667 -0.065900 0.173627
v -0.046848 -0.065990 0.171676
v -0.047265 -0.065968 0.172648
v -0.047664 -0.065945 0.173628
v -0.046635 -0.068911 0.171597
v -0.047044 -0.068870 0.172594
v -0.047436 -0.068828 0.173597
v -0.046442 -0.071701 0.171381
v -0.046832 -0.071650 0.172418
v -0.047209 -0.071596 0.173461
v -0.046288 -0.074087 0.171135
v -0.046654 -0.074036 0.172218
v -0.047009 -0.073981 0.173306
v -0.046137 -0.076400 0.170898
v -0.046475 -0.076355 0.172031
v -0.046803 -0.076304 0.173166
v -0.046053 -0.077648 0.170784
v -0.046373 -0.077607 0.171943
v -0.046684 -0.077560 0.173105
v -0.045964 -0.078895 0.170683
v -0.046265 -0.078858 0.171869
v -0.044571 -0.064615 0.166951
v -0.044493 -0.066033 0.166938
v -0.045083 -0.064605 0.167872
v -0.044999 -0.066018 0.167868
v -0.045576 -0.064594 0.168803
v -0.045489 -0.066001 0.168807
v -0.044490 -0.066079 0.166937
v -0.044997 -0.066064 0.167867
v -0.045486 -0.066047 0.168806
v -0.044355 -0.069070 0.166717
v -0.044841 -0.069044 0.167678
v -0.045312 -0.069015 0.168648
v -0.044295 -0.071892 0.166276
v -0.044748 -0.071864 0.167285
v -0.045190 -0.071830 0.168300
v -0.044300 -0.074260 0.165785
v -0.044715 -0.074237 0.166846
v -0.045123 -0.074208 0.167911
v -0.044334 -0.076528 0.165288
v -0.044708 -0.076517 0.166403
v -0.045076 -0.076498 0.167522
v -0.044359 -0.077748 0.165031
v -0.044708 -0.077743 0.166175
v -0.044383 -0.078969 0.164787
v -0.041749 -0.064653 0.162508
v -0.041710 -0.066089 0.162442
v -0.042348 -0.064647 0.163374
v -0.042299 -0.066080 0.163320
v -0.042930 -0.064640 0.164251
v -0.042871 -0.066070 0.164209
v -0.041710 -0.066136 0.162438
v -0.042298 -0.066127 0.163317
v -0.042870 -0.066117 0.164206
v -0.041730 -0.069150 0.162026
v -0.042280 -0.069141 0.162948
v -0.042818 -0.069128 0.163878
v -0.041885 -0.071953 0.161320
v -0.042384 -0.071953 0.162298
v -0.042876 -0.071946 0.163283
v -0.042117 -0.074268 0.160554
v -0.042565 -0.074281 0.161590
v -0.043008 -0.074287 0.162631
v -0.042399 -0.076467 0.159771
v -0.042793 -0.076496 0.160866
v -0.043183 -0.076517 0.161966
v -0.042565 -0.077648 0.159355
v -0.042928 -0.077686 0.160483
v -0.043289 -0.077715 0.161615
v -0.042732 -0.078832 0.158954
v -0.043064 -0.078878 0.160115
v -0.035109 -0.071347 0.149525
v -0.033953 -0.068928 0.151150
v -0.033061 -0.066168 0.152401
v -0.033051 -0.066123 0.152416
v -0.032832 -0.064682 0.152730
v 0.000000 -0.060700 0.167500
v -0.005032 -0.060700 0.168012
v -0.009859 -0.060700 0.169526
v -0.014282 -0.060700 0.171981
v -0.018120 -0.060700 0.175276
v -0.021216 -0.060700 0.179276
v -0.023444 -0.060700 0.183817
v -0.024712 -0.060700 0.188714
v -0.024968 -0.060700 0.193766
v -0.024202 -0.060700 0.198766
v -0.022445 -0.060700 0.203510
v -0.019769 -0.060700 0.207803
v -0.016284 -0.060700 0.211469
v -0.012133 -0.060700 0.214359
v -0.007484 -0.060700 0.216353
v -0.002529 -0.060700 0.217372
v 0.002529 -0.060700 0.217372
v 0.007484 -0.060700 0.216353
v 0.012133 -0.060700 0.214359
v 0.016284 -0.060700 0.211469
v 0.019769 -0.060700 0.207803
v 0.022445 -0.060700 0.203510
v 0.024202 -0.060700 0.198766
v 0.024968 -0.060700 0.193766
v 0.024712 -0.060700 0.188714
v 0.023444 -0.060700 0.183817
v 0.021216 -0.060700 0.179276
v 0.018120 -0.060700 0.175276
v 0.014282 -0.060700 0.171981
v 0.009859 -0.060700 0.169526
v 0.005032 -0.060700 0.168012
v 0.000000 -0.070700 0.167500
v -0.005032 -0.070700 0.168012
v 0.005032 -0.070700 0.168012
v 0.009859 -0.070700 0.169526
v -0.009859 -0.070700 0.169526
v 0.014282 -0.070700 0.171981
v -0.014282 -0.070700 0.171981
v 0.018120 -0.070700 0.175276
v -0.018120 -0.070700 0.175276
v 0.021216 -0.070700 0.179276
v 0.023444 -0.070700 0.183817
v 0.024712 -0.070700 0.188714
v 0.024968 -0.070700 0.193766
v 0.024202 -0.070700 0.198766
v 0.022445 -0.070700 0.203510
v 0.019769 -0.070700 0.207803
v 0.016284 -0.070700 0.211469
v 0.012133 -0.070700 0.214359
v 0.007484 -0.070700 0.216353
v 0.002529 -0.070700 0.217372
v -0.002529 -0.070700 0.217372
v -0.007484 -0.070700 0.216353
v -0.021216 -0.070700 0.179276
v -0.012133 -0.070700 0.214359
v -0.016284 -0.070700 0.211469
v -0.019769 -0.070700 0.207803
v -0.022445 -0.070700 0.203510
v -0.023444 -0.070700 0.183817
v -0.024202 -0.070700 0.198766
v -0.024712 -0.070700 0.188714
v -0.024968 -0.070700 0.193766
v -0.025000 0.000000 -0.000000
v -0.024488 -0.005032 -0.000000
v -0.022974 -0.009859 -0.000000
v -0.020519 -0.014282 -0.000000
v -0.017224 -0.018120 -0.000000
v -0.013224 -0.021216 -0.000000
v -0.008683 -0.023444 -0.000000
v -0.003786 -0.024712 -0.000000
v 0.001266 -0.024968 -0.000000
v 0.006266 -0.024202 -0.000000
v 0.011010 -0.022445 -0.000000
v 0.015303 -0.019769 -0.000000
v 0.018969 -0.016284 -0.000000
v 0.021859 -0.012133 -0.000000
v 0.023853 -0.007484 -0.000000
v 0.024872 -0.002529 -0.000000
v 0.024872 0.002529 -0.000000
v 0.023853 0.007484 -0.000000
v 0.021859 0.012133 -0.000000
v 0.018969 0.016284 -0.000000
v 0.015303 0.019769 -0.000000
v 0.011010 0.022445 -0.000000
v 0.006266 0.024202 -0.000000
v 0.001266 0.024968 -0.000000
v -0.003786 0.024712 -0.000000
v -0.008683 0.023444 -0.000000
v -0.013224 0.021216 -0.000000
v -0.017224 0.018120 -0.000000
v -0.020519 0.014282 -0.000000
v -0.022974 0.009859 -0.000000
v -0.024488 0.005032 -0.000000

usemtl body
f 1 2 3
f 3 2 4
f 3 4 5
f 5 4 6
f 6 4 7
f 6 7 8
f 8 7 9
f 8 9 10
f 10 9 11
f 11 9 12
f 11 12 13
f 13 12 14
f 14 12 15
f 14 15 16
f 16 15 17
f 16 17 18
f 18 17 19
f 19 17 20
f 19 20 21
f 21 20 22
f 22 20 23
f 22 23 24
f 24 23 25
f 24 25 26
f 26 25 27
f 27 25 28
f 27 28 29
f 29 28 30
f 29 30 31
f 31 30 32
f 32 30 33
f 32 33 34
f 34 33 35
f 35 33 36
f 35 36 37
f 37 36 38
f 37 38 39
f 39 38 40
f 40 38 41
f 40 41 42
f 42 41 43
f 43 41 44
f 43 44 45
f 45 44 46
f 45 46 47
f 47 46 48
f 48 46 49
f 48 49 50
f 50 49 51
f 51 49 52
f 51 52 53
f 53 52 54
f 53 54 55
f 55 54 56
f 56 54 57
f 56 57 58
f 58 57 59
f 59 57 60
f 59 60 61
f 61 60 62
f 61 62 63
f 63 62 64
f 64 62 65
f 64 65 66
f 66 65 67
f 66 67 68
f 68 67 69
f 69 67 70
f 69 70 71
f 71 70 72
f 72 70 73
f 72 73 74
f 74 73 75
f 74 75 76
f 76 75 77
f 77 75 78
f 77 78 79
f 79 78 80
f 80 78 81
f 80 81 82
f 82 81 2
f 82 2 1
f 83 84 85
f 85 84 86
f 85 86 87
f 87 86 88
f 88 86 89
f 89 86 90
f 90 86 91
f 90 91 92
f 92 91 93
f 92 93 94
f 94 93 95
f 94 95 96
f 96 95 97
f 96 97 98
f 98 97 99
f 98 99 100
f 100 99 101
f 100 101 102
f 102 101 103
f 102 103 104
f 104 103 105
f 104 105 106
f 106 105 107
f 106 107 108
f 108 107 109
f 108 109 110
f 110 109 111
f 110 111 112
f 112 111 113
f 112 113 114
f 114 113 115
f 114 115 116
f 116 115 117
f 116 117 118
f 118 117 119
f 118 119 120
f 120 119 121
f 120 121 122
f 122 121 123
f 122 123 124
f 124 123 125
f 124 125 126
f 126 125 127
f 126 127 128
f 128 127 129
f 128 129 130
f 130 129 131
f 130 131 132
f 132 131 133
f 132 133 134
f 134 133 135
f 134 135 136
f 136 135 137
f 136 137 138
f 138 137 139
f 138 139 140
f 140 139 141
f 140 141 142
f 142 141 143
f 142 143 144
f 144 143 145
f 144 145 146
f 146 145 147
f 146 147 148
f 148 147 149
f 148 149 150
f 150 149 151
f 150 151 152
f 152 151 153
f 153 151 154
f 153 154 155
f 155 154 156
f 155 156 157
f 157 156 158
f 157 158 159
f 159 158 160
f 159 160 161
f 161 160 162
f 161 162 163
f 163 162 164
f 163 164 165
f 165 164 166
f 165 166 167
f 167 166 168
f 168 166 169
f 169 166 170
f 170 166 171
f 170 171 172
f 172 171 173
f 172 173 174
f 174 173 175
f 174 175 176
f 176 175 177
f 176 177 178
f 178 177 179
f 178 179 180
f 180 179 181
f 180 181 182
f 182 181 183
f 182 183 184
f 184 183 185
f 184 185 186
f 186 185 187
f 186 187 188
f 188 187 189
f 188 189 190
f 190 189 191
f 190 191 83
f 83 191 84
f 192 85 193
f 193 85 87
f 193 87 194
f 194 87 88
f 194 88 89
f 89 195 194
f 196 165 197
f 197 165 167
f 197 167 168
f 197 168 198
f 198 168 169
f 198 169 199
f 89 90 195
f 195 90 200
f 200 90 92
f 200 92 201
f 201 92 94
f 201 94 202
f 202 94 96
f 202 96 203
f 203 96 98
f 203 98 204
f 204 98 100
f 204 100 205
f 205 100 102
f 205 102 206
f 206 102 104
f 206 104 207
f 207 104 106
f 207 106 208
f 208 106 108
f 208 108 209
f 209 108 110
f 209 110 210
f 210 110 112
f 210 112 211
f 211 112 114
f 211 114 212
f 212 114 116
f 212 116 213
f 213 116 118
f 213 118 214
f 214 118 120
f 214 120 215
f 215 120 122
f 215 122 216
f 216 122 124
f 216 124 217
f 217 124 126
f 217 126 218
f 218 126 128
f 218 128 219
f 219 128 220
f 220 128 130
f 220 130 221
f 221 130 132
f 221 132 222
f 222 132 134
f 222 134 223
f 223 134 136
f 223 136 224
f 224 136 138
f 224 138 225
f 225 138 140
f 225 140 226
f 226 140 142
f 226 142 227
f 227 142 144
f 227 144 228
f 228 144 146
f 228 146 229
f 229 146 148
f 229 148 230
f 230 148 150
f 230 150 231
f 231 150 152
f 231 152 232
f 232 152 153
f 232 153 233
f 233 153 155
f 233 155 234
f 234 155 157
f 234 157 235
f 235 157 159
f 235 159 236
f 236 159 161
f 236 161 237
f 237 161 163
f 237 163 196
f 196 163 165
f 169 170 199
f 199 170 238
f 238 170 172
f 238 172 239
f 239 172 174
f 239 174 240
f 240 174 176
f 240 176 241
f 241 176 178
f 241 178 242
f 242 178 180
f 242 180 243
f 243 180 244
f 244 180 182
f 244 182 245
f 245 182 184
f 245 184 246
f 246 184 186
f 246 186 247
f 247 186 188
f 247 188 248
f 248 188 190
f 248 190 249
f 249 190 83
f 249 83 192
f 192 83 85
f 250 251 252
f 252 251 253
f 252 253 254
f 254 253 255
f 254 255 256
f 256 255 257
f 256 257 258
f 258 257 259
f 258 259 260
f 260 259 261
f 260 261 262
f 262 261 263
f 262 263 264
f 264 263 265
f 264 265 266
f 266 265 267
f 266 267 268
f 268 267 269
f 268 269 270
f 270 269 271
f 270 271 272
f 272 271 273
f 273 271 274
f 274 271 275
f 274 275 276
f 276 275 277
f 277 275 278
f 277 278 279
f 279 278 280
f 280 278 281
f 280 281 282
f 282 281 283
f 282 283 284
f 284 283 285
f 285 283 286
f 285 286 287
f 287 286 288
f 287 288 289
f 289 288 290
f 289 290 291
f 291 290 292
f 291 292 293
f 293 292 294
f 293 294 295
f 295 294 296
f 295 296 297
f 297 296 298
f 297 298 299
f 299 298 300
f 299 300 301
f 301 300 302
f 301 302 303
f 303 302 304
f 303 304 305
f 305 304 306
f 305 306 307
f 307 306 308
f 307 308 309
f 309 308 310
f 309 310 311
f 311 310 312
f 311 312 313
f 313 312 314
f 313 314 315
f 315 314 316
f 315 316 317
f 317 316 318
f 317 318 319
f 319 318 320
f 319 320 321
f 321 320 322
f 321 322 323
f 323 322 324
f 323 324 325
f 325 324 326
f 325 326 327
f 327 326 328
f 327 328 329
f 329 328 244
f 329 244 330
f 330 244 245
f 330 245 331
f 331 245 332
f 331 332 333
f 333 332 334
f 333 334 335
f 335 334 336
f 335 336 337
f 337 336 338
f 337 338 339
f 339 338 340
f 339 340 341
f 341 340 342
f 341 342 343
f 343 342 344
f 343 344 345
f 345 344 346
f 345 346 347
f 347 346 348
f 347 348 349
f 349 348 350
f 349 350 351
f 250 352 251
f 251 352 353
f 251 353 354
f 354 353 355
f 354 355 356
f 356 355 357
f 356 357 358
f 358 357 359
f 358 359 360
f 360 359 361
f 360 361 362
f 362 361 363
f 362 363 364
f 364 363 365
f 364 365 366
f 366 365 367
f 366 367 368
f 368 367 369
f 368 369 370
f 370 369 371
f 370 371 310
f 310 371 312
f 352 372 353
f 353 372 373
f 353 373 374
f 374 373 375
f 374 375 376
f 374 376 377
f 377 376 378
f 377 378 379
f 379 378 380
f 379 380 381
f 382 383 381
f 381 383 384
f 381 384 379
f 379 384 385
f 379 385 386
f 386 385 387
f 386 387 388
f 388 387 389
f 388 389 359
f 359 389 361
f 383 382 390
f 390 382 391
f 390 391 392
f 392 391 393
f 392 393 394
f 392 394 395
f 395 394 396
f 395 396 397
f 397 396 398
f 397 398 399
f 399 398 400
f 399 400 401
f 401 400 402
f 401 402 403
f 403 402 404
f 403 404 405
f 405 404 406
f 405 406 407
f 407 406 408
f 407 408 409
f 409 408 410
f 409 410 411
f 411 410 242
f 411 242 412
f 412 242 243
f 412 243 413
f 413 243 328
f 413 328 326
f 396 199 398
f 398 199 238
f 398 238 400
f 400 238 239
f 400 239 402
f 402 239 404
f 239 240 404
f 404 240 406
f 406 240 408
f 408 240 241
f 408 241 410
f 410 241 242
f 243 244 328
f 245 246 332
f 332 246 414
f 332 414 334
f 334 414 415
f 334 415 336
f 336 415 416
f 336 416 338
f 338 416 417
f 338 417 340
f 340 417 418
f 340 418 342
f 342 418 419
f 342 419 344
f 344 419 420
f 344 420 346
f 346 420 421
f 346 421 348
f 348 421 422
f 348 422 350
f 414 246 423
f 423 246 247
f 423 247 424
f 424 247 425
f 424 425 426
f 426 425 427
f 426 427 428
f 428 427 429
f 428 429 430
f 430 429 431
f 430 431 432
f 432 431 433
f 432 433 434
f 434 433 435
f 434 435 436
f 247 248 425
f 425 248 437
f 425 437 427
f 427 437 438
f 427 438 429
f 429 438 439
f 429 439 431
f 431 439 440
f 431 440 433
f 433 440 441
f 433 441 435
f 437 248 442
f 442 248 249
f 442 249 443
f 443 249 444
f 443 444 445
f 445 444 446
f 445 446 447
f 249 192 444
f 444 192 446
f 445 447 448
f 448 447 449
f 448 449 440
f 440 449 441
f 436 450 434
f 434 450 451
f 434 451 452
f 452 451 420
f 452 420 419
f 450 453 451
f 451 453 421
f 451 421 420
f 453 422 421
f 349 351 454
f 454 351 455
f 454 455 456
f 456 455 457
f 456 457 458
f 459 460 458
f 458 460 461
f 458 461 456
f 456 461 462
f 456 462 454
f 454 462 463
f 454 463 349
f 349 463 347
f 460 459 464
f 464 459 465
f 464 465 466
f 466 465 467
f 466 467 468
f 468 467 469
f 468 469 470
f 468 470 471
f 471 470 472
f 471 472 473
f 473 472 474
f 473 474 475
f 475 474 476
f 475 476 477
f 477 476 478
f 477 478 479
f 479 478 480
f 479 480 481
f 481 480 482
f 481 482 483
f 483 482 484
f 483 484 485
f 485 484 486
f 485 486 487
f 487 486 488
f 487 488 489
f 489 488 490
f 489 490 491
f 491 490 492
f 491 492 493
f 493 492 494
f 493 494 295
f 295 494 293
f 472 495 474
f 474 495 496
f 474 496 476
f 476 496 497
f 476 497 478
f 478 497 498
f 478 498 480
f 480 498 499
f 480 499 482
f 482 499 500
f 482 500 484
f 484 500 501
f 484 501 486
f 486 501 502
f 486 502 488
f 488 502 503
f 488 503 490
f 490 503 504
f 490 504 492
f 492 504 505
f 492 505 494
f 494 505 506
f 494 506 293
f 293 506 291
f 496 495 507
f 507 495 508
f 507 508 509
f 509 508 510
f 509 510 511
f 509 511 512
f 512 511 513
f 512 513 514
f 514 513 515
f 514 515 516
f 516 515 517
f 516 517 500
f 500 517 501
f 513 518 515
f 515 518 519
f 515 519 520
f 520 519 521
f 520 521 522
f 520 522 523
f 523 522 524
f 523 524 525
f 525 524 526
f 525 526 527
f 528 529 527
f 527 529 530
f 527 530 525
f 525 530 531
f 525 531 532
f 532 531 503
f 532 503 502
f 529 528 533
f 533 528 534
f 533 534 535
f 535 534 287
f 535 287 289
f 534 285 287
f 272 536 270
f 270 536 537
f 270 537 538
f 538 537 539
f 538 539 540
f 538 540 541
f 541 540 542
f 541 542 543
f 541 543 544
f 544 543 545
f 544 545 546
f 546 545 547
f 546 547 548
f 549 550 548
f 548 550 546
f 550 551 546
f 546 551 552
f 546 552 544
f 544 552 553
f 544 553 541
f 541 553 554
f 541 554 538
f 538 554 268
f 538 268 270
f 555 556 551
f 551 556 557
f 551 557 552
f 552 557 553
f 556 555 262
f 262 555 260
f 395 397 558
f 558 397 399
f 558 399 559
f 559 399 401
f 559 401 560
f 560 401 403
f 560 403 561
f 561 403 405
f 561 405 562
f 562 405 407
f 562 407 563
f 563 407 409
f 563 409 564
f 564 409 411
f 564 411 412
f 392 395 565
f 565 395 558
f 565 558 566
f 566 558 559
f 566 559 567
f 567 559 560
f 567 560 568
f 568 560 561
f 568 561 569
f 569 561 562
f 569 562 570
f 570 562 563
f 570 563 571
f 571 563 564
f 571 564 572
f 572 564 412
f 572 412 573
f 573 412 413
f 573 413 326
f 390 392 574
f 574 392 565
f 574 565 575
f 575 565 566
f 575 566 576
f 576 566 567
f 576 567 577
f 577 567 568
f 577 568 578
f 578 568 569
f 578 569 579
f 579 569 570
f 579 570 580
f 580 570 571
f 580 571 581
f 581 571 582
f 581 582 583
f 583 582 584
f 583 584 322
f 322 584 324
f 383 390 585
f 585 390 574
f 585 574 586
f 586 574 575
f 586 575 587
f 587 575 576
f 587 576 588
f 588 576 577
f 588 577 589
f 589 577 578
f 589 578 590
f 590 578 579
f 590 579 591
f 591 579 580
f 591 580 581
f 384 383 592
f 592 383 585
f 592 585 593
f 593 585 586
f 593 586 594
f 594 586 587
f 594 587 595
f 595 587 588
f 595 588 596
f 596 588 589
f 596 589 597
f 597 589 590
f 597 590 598
f 598 590 591
f 598 591 599
f 599 591 581
f 599 581 600
f 600 581 583
f 600 583 320
f 320 583 322
f 379 386 377
f 377 386 601
f 377 601 374
f 374 601 355
f 374 355 353
f 253 251 602
f 602 251 354
f 602 354 603
f 603 354 356
f 603 356 604
f 604 356 358
f 604 358 605
f 605 358 360
f 605 360 606
f 606 360 362
f 606 362 607
f 607 362 364
f 607 364 608
f 608 364 366
f 608 366 609
f 609 366 368
f 609 368 610
f 610 368 370
f 610 370 308
f 308 370 310
f 255 253 611
f 611 253 602
f 611 602 612
f 612 602 603
f 612 603 613
f 613 603 604
f 613 604 614
f 614 604 605
f 614 605 615
f 615 605 606
f 615 606 616
f 616 606 607
f 616 607 617
f 617 607 608
f 617 608 618
f 618 608 609
f 618 609 619
f 619 609 610
f 619 610 306
f 306 610 308
f 257 255 620
f 620 255 611
f 620 611 621
f 621 611 612
f 621 612 622
f 622 612 613
f 622 613 623
f 623 613 614
f 623 614 624
f 624 614 615
f 624 615 625
f 625 615 616
f 625 616 626
f 626 616 617
f 626 617 627
f 627 617 618
f 627 618 628
f 628 618 619
f 628 619 304
f 304 619 306
f 259 257 629
f 629 257 620
f 629 620 630
f 630 620 621
f 630 621 631
f 631 621 622
f 631 622 632
f 632 622 623
f 632 623 633
f 633 623 624
f 633 624 634
f 634 624 625
f 634 625 635
f 635 625 626
f 635 626 636
f 636 626 627
f 636 627 637
f 637 627 628
f 637 628 302
f 302 628 304
f 261 259 638
f 638 259 629
f 638 629 639
f 639 629 630
f 639 630 640
f 640 630 631
f 640 631 641
f 641 631 632
f 641 632 642
f 642 632 633
f 642 633 643
f 643 633 634
f 643 634 644
f 644 634 635
f 644 635 645
f 645 635 636
f 645 636 646
f 646 636 637
f 646 637 300
f 300 637 302
f 262 264 556
f 556 264 647
f 556 647 557
f 557 647 553
f 384 592 385
f 385 592 648
f 385 648 387
f 387 648 649
f 387 649 389
f 389 649 650
f 389 650 361
f 361 650 363
f 648 592 593
f 357 355 601
f 357 601 388
f 388 601 386
f 261 638 263
f 263 638 651
f 263 651 265
f 265 651 652
f 265 652 267
f 267 652 653
f 267 653 269
f 269 653 654
f 269 654 271
f 271 654 275
f 651 638 639
f 554 553 647
f 554 647 266
f 266 647 264
f 648 593 655
f 655 593 594
f 655 594 656
f 656 594 595
f 656 595 657
f 657 595 596
f 657 596 658
f 658 596 597
f 658 597 659
f 659 597 598
f 659 598 660
f 660 598 661
f 660 661 662
f 662 661 663
f 662 663 316
f 316 663 318
f 648 655 649
f 649 655 664
f 649 664 650
f 650 664 665
f 650 665 363
f 363 665 365
f 664 655 656
f 357 388 359
f 651 639 666
f 666 639 640
f 666 640 667
f 667 640 641
f 667 641 668
f 668 641 642
f 668 642 669
f 669 642 643
f 669 643 670
f 670 643 644
f 670 644 671
f 671 644 645
f 671 645 672
f 672 645 646
f 672 646 298
f 298 646 300
f 651 666 652
f 652 666 673
f 652 673 653
f 653 673 674
f 653 674 654
f 654 674 675
f 654 675 275
f 275 675 676
f 275 676 278
f 278 676 677
f 278 677 281
f 281 677 283
f 673 666 667
f 554 266 268
f 664 656 678
f 678 656 657
f 678 657 679
f 679 657 658
f 679 658 680
f 680 658 659
f 680 659 681
f 681 659 660
f 681 660 682
f 682 660 662
f 682 662 314
f 314 662 316
f 673 667 683
f 683 667 668
f 683 668 684
f 684 668 669
f 684 669 685
f 685 669 670
f 685 670 686
f 686 670 671
f 686 671 687
f 687 671 672
f 687 672 296
f 296 672 298
f 679 688 678
f 678 688 665
f 678 665 664
f 367 365 688
f 688 365 665
f 688 679 689
f 689 679 680
f 689 680 681
f 684 690 683
f 683 690 674
f 683 674 673
f 674 690 675
f 675 690 691
f 675 691 676
f 676 691 692
f 676 692 677
f 677 692 693
f 677 693 283
f 283 693 286
f 690 684 694
f 694 684 685
f 694 685 695
f 695 685 686
f 695 686 696
f 696 686 687
f 696 687 294
f 294 687 296
f 584 582 572
f 572 582 571
f 584 572 573
f 663 661 599
f 599 661 598
f 663 599 600
f 681 369 689
f 689 369 367
f 689 367 688
f 369 681 371
f 371 681 682
f 371 682 312
f 312 682 314
f 695 697 694
f 694 697 691
f 694 691 690
f 691 697 692
f 692 697 698
f 692 698 693
f 693 698 288
f 693 288 286
f 697 695 699
f 699 695 696
f 699 696 292
f 292 696 294
f 584 573 324
f 324 573 326
f 663 600 318
f 318 600 320
f 292 290 699
f 699 290 698
f 699 698 697
f 290 288 698
f 327 329 700
f 700 329 330
f 700 330 701
f 701 330 331
f 701 331 333
f 325 327 702
f 702 327 700
f 702 700 703
f 703 700 701
f 703 701 704
f 704 701 333
f 704 333 335
f 323 325 705
f 705 325 702
f 705 702 706
f 706 702 703
f 706 703 707
f 707 703 704
f 707 704 708
f 708 704 335
f 708 335 337
f 321 323 709
f 709 323 705
f 709 705 710
f 710 705 706
f 710 706 711
f 711 706 707
f 711 707 712
f 712 707 708
f 712 708 713
f 713 708 337
f 713 337 339
f 319 321 714
f 714 321 709
f 714 709 715
f 715 709 710
f 715 710 716
f 716 710 711
f 716 711 717
f 717 711 712
f 717 712 718
f 718 712 713
f 718 713 719
f 719 713 339
f 719 339 341
f 317 319 720
f 720 319 714
f 720 714 721
f 721 714 715
f 721 715 722
f 722 715 716
f 722 716 723
f 723 716 717
f 723 717 724
f 724 717 718
f 724 718 725
f 725 718 719
f 725 719 726
f 726 719 341
f 726 341 343
f 315 317 727
f 727 317 720
f 727 720 728
f 728 720 721
f 728 721 729
f 729 721 722
f 729 722 730
f 730 722 723
f 730 723 731
f 731 723 724
f 731 724 732
f 732 724 725
f 732 725 733
f 733 725 726
f 733 726 734
f 734 726 343
f 734 343 345
f 313 315 735
f 735 315 727
f 735 727 736
f 736 727 728
f 736 728 737
f 737 728 729
f 737 729 738
f 738 729 730
f 738 730 739
f 739 730 731
f 739 731 740
f 740 731 732
f 740 732 741
f 741 732 733
f 741 733 742
f 742 733 734
f 742 734 743
f 743 734 345
f 743 345 347
f 311 313 744
f 744 313 735
f 744 735 745
f 745 735 736
f 745 736 746
f 746 736 737
f 746 737 747
f 747 737 738
f 747 738 748
f 748 738 739
f 748 739 749
f 749 739 740
f 749 740 750
f 750 740 741
f 750 741 751
f 751 741 742
f 751 742 752
f 752 742 743
f 752 743 463
f 463 743 347
f 309 311 753
f 753 311 744
f 753 744 754
f 754 744 745
f 754 745 755
f 755 745 746
f 755 746 756
f 756 746 747
f 756 747 757
f 757 747 748
f 757 748 758
f 758 748 749
f 758 749 759
f 759 749 750
f 759 750 760
f 760 750 751
f 760 751 761
f 761 751 752
f 761 752 462
f 462 752 463
f 307 309 762
f 762 309 753
f 762 753 763
f 763 753 754
f 763 754 764
f 764 754 755
f 764 755 765
f 765 755 756
f 765 756 766
f 766 756 757
f 766 757 767
f 767 757 758
f 767 758 768
f 768 758 759
f 768 759 769
f 769 759 760
f 769 760 770
f 770 760 761
f 770 761 461
f 461 761 462
f 305 307 771
f 771 307 762
f 771 762 772
f 772 762 763
f 772 763 773
f 773 763 764
f 773 764 774
f 774 764 765
f 774 765 775
f 775 765 766
f 775 766 776
f 776 766 767
f 776 767 777
f 777 767 768
f 777 768 778
f 778 768 769
f 778 769 779
f 779 769 770
f 779 770 780
f 780 770 461
f 780 461 460
f 303 305 781
f 781 305 771
f 781 771 782
f 782 771 772
f 782 772 783
f 783 772 773
f 783 773 784
f 784 773 774
f 784 774 785
f 785 774 775
f 785 775 786
f 786 775 776
f 786 776 787
f 787 776 777
f 787 777 788
f 788 777 778
f 788 778 789
f 789 778 779
f 789 779 790
f 790 779 780
f 790 780 464
f 464 780 460
f 301 303 791
f 791 303 781
f 791 781 792
f 792 781 782
f 792 782 793
f 793 782 783
f 793 783 794
f 794 783 784
f 794 784 795
f 795 784 785
f 795 785 796
f 796 785 786
f 796 786 797
f 797 786 787
f 797 787 798
f 798 787 788
f 798 788 799
f 799 788 789
f 799 789 800
f 800 789 790
f 800 790 466
f 466 790 464
f 299 301 801
f 801 301 791
f 801 791 802
f 802 791 792
f 802 792 803
f 803 792 793
f 803 793 804
f 804 793 794
f 804 794 805
f 805 794 795
f 805 795 806
f 806 795 796
f 806 796 807
f 807 796 797
f 807 797 808
f 808 797 798
f 808 798 809
f 809 798 799
f 809 799 810
f 810 799 800
f 810 800 468
f 468 800 466
f 297 299 811
f 811 299 801
f 811 801 812
f 812 801 802
f 812 802 813
f 813 802 803
f 813 803 814
f 814 803 804
f 814 804 815
f 815 804 805
f 815 805 816
f 816 805 806
f 816 806 817
f 817 806 807
f 817 807 818
f 818 807 808
f 818 808 819
f 819 808 809
f 819 809 820
f 820 809 810
f 820 810 471
f 471 810 468
f 295 297 493
f 493 297 811
f 493 811 491
f 491 811 812
f 491 812 489
f 489 812 813
f 489 813 487
f 487 813 814
f 487 814 485
f 485 814 815
f 485 815 483
f 483 815 816
f 483 816 481
f 481 816 817
f 481 817 479
f 479 817 818
f 479 818 477
f 477 818 819
f 477 819 475
f 475 819 820
f 475 820 473
f 473 820 471
f 289 291 821
f 821 291 506
f 821 506 822
f 822 506 505
f 822 505 823
f 823 505 504
f 823 504 531
f 531 504 503
f 533 535 821
f 821 535 289
f 533 821 822
f 533 822 529
f 529 822 823
f 529 823 530
f 530 823 531
f 414 423 415
f 415 423 824
f 415 824 416
f 416 824 825
f 416 825 417
f 417 825 826
f 417 826 418
f 418 826 827
f 418 827 419
f 419 827 452
f 523 525 532
f 532 502 828
f 828 502 501
f 828 501 517
f 424 426 824
f 824 426 825
f 826 825 428
f 428 825 426
f 516 500 499
f 517 520 828
f 828 520 523
f 828 523 532
f 520 517 515
f 423 424 824
f 437 442 438
f 438 442 829
f 438 829 439
f 439 829 448
f 439 448 440
f 826 428 430
f 826 430 827
f 827 430 432
f 827 432 452
f 452 432 434
f 516 499 830
f 830 499 498
f 830 498 831
f 831 498 497
f 831 497 507
f 507 497 496
f 512 514 830
f 830 514 516
f 512 830 831
f 443 445 829
f 829 445 448
f 512 831 509
f 509 831 507
f 442 443 829
f 832 833 834
f 834 833 835
f 834 835 836
f 836 835 837
f 836 837 838
f 838 837 839
f 838 839 840
f 840 839 841
f 840 841 842
f 842 841 843
f 842 843 844
f 844 843 845
f 844 845 846
f 846 845 847
f 846 847 848
f 848 847 849
f 848 849 850
f 850 849 851
f 850 851 852
f 852 851 853
f 852 853 854
f 854 853 855
f 854 855 856
f 856 855 857
f 856 857 858
f 858 857 859
f 858 859 860
f 860 859 861
f 860 861 862
f 862 861 863
f 862 863 864
f 864 863 865
f 864 865 866
f 866 865 867
f 866 867 868
f 868 867 869
f 868 869 870
f 870 869 871
f 870 871 872
f 872 871 873
f 872 873 874
f 874 873 875
f 874 875 876
f 876 875 877
f 876 877 878
f 878 877 879
f 878 879 880
f 880 879 881
f 880 881 882
f 882 881 883
f 882 883 884
f 884 883 885
f 884 885 886
f 886 885 887
f 886 887 888
f 888 887 889
f 888 889 890
f 890 889 891
f 890 891 892
f 892 891 893
f 892 893 894
f 894 893 895
f 894 895 896
f 896 895 897
f 896 897 898
f 898 897 899
f 898 899 900
f 900 899 901
f 900 901 902
f 902 901 903
f 902 903 904
f 904 903 905
f 904 905 906
f 906 905 907
f 906 907 908
f 908 907 909
f 908 909 910
f 910 909 911
f 910 911 912
f 912 911 913
f 912 913 914
f 914 913 915
f 914 915 916
f 916 915 917
f 916 917 918
f 918 917 919
f 918 919 920
f 920 919 921
f 920 921 922
f 922 921 923
f 922 923 924
f 924 923 925
f 924 925 926
f 926 925 927
f 926 927 928
f 928 927 929
f 928 929 930
f 930 929 931
f 930 931 932
f 932 931 933
f 932 933 934
f 934 933 935
f 934 935 936
f 936 935 937
f 936 937 938
f 938 937 213
f 938 213 214
f 835 839 837
f 841 939 843
f 843 939 940
f 843 940 845
f 845 940 941
f 845 941 847
f 847 941 942
f 847 942 849
f 849 942 943
f 849 943 851
f 851 943 944
f 851 944 853
f 853 944 945
f 853 945 855
f 855 945 946
f 855 946 857
f 857 946 947
f 857 947 859
f 859 947 948
f 859 948 861
f 861 948 949
f 861 949 863
f 863 949 950
f 863 950 865
f 865 950 951
f 865 951 867
f 867 951 952
f 867 952 869
f 869 952 953
f 869 953 871
f 871 953 954
f 871 954 873
f 873 954 955
f 873 955 875
f 875 955 956
f 875 956 877
f 877 956 957
f 877 957 879
f 879 957 958
f 879 958 881
f 881 958 959
f 881 959 883
f 883 959 960
f 883 960 885
f 885 960 961
f 885 961 887
f 887 961 962
f 887 962 889
f 889 962 891
f 939 963 940
f 940 963 964
f 940 964 941
f 941 964 965
f 941 965 942
f 942 965 966
f 942 966 943
f 943 966 967
f 943 967 944
f 944 967 968
f 944 968 945
f 945 968 969
f 945 969 946
f 946 969 970
f 946 970 947
f 947 970 971
f 947 971 948
f 948 971 972
f 948 972 949
f 949 972 973
f 949 973 950
f 950 973 974
f 950 974 951
f 951 974 975
f 951 975 952
f 952 975 976
f 952 976 953
f 953 976 977
f 953 977 954
f 954 977 978
f 954 978 955
f 955 978 979
f 955 979 956
f 956 979 980
f 956 980 957
f 957 980 981
f 957 981 958
f 958 981 982
f 958 982 959
f 959 982 983
f 959 983 960
f 960 983 984
f 960 984 961
f 961 984 985
f 961 985 962
f 962 985 986
f 962 986 891
f 891 986 893
f 987 988 963
f 963 988 989
f 963 989 990
f 990 989 991
f 990 991 965
f 965 991 966
f 992 993 987
f 987 993 994
f 987 994 995
f 995 994 996
f 995 996 997
f 997 996 998
f 997 998 999
f 999 998 1000
f 999 1000 1001
f 1001 1000 1002
f 1001 1002 967
f 967 1002 968
f 1003 1004 992
f 992 1004 1005
f 992 1005 993
f 993 1005 1006
f 993 1006 1007
f 1007 1006 1008
f 1007 1008 1009
f 1009 1008 1010
f 1009 1010 1011
f 1011 1010 1012
f 1011 1012 1013
f 1013 1012 1014
f 1013 1014 1015
f 1015 1014 1016
f 1015 1016 969
f 969 1016 970
f 1017 1018 1003
f 1003 1018 1019
f 1003 1019 1004
f 1004 1019 1020
f 1004 1020 1021
f 1021 1020 1022
f 1021 1022 1023
f 1023 1022 1024
f 1023 1024 1025
f 1025 1024 1026
f 1025 1026 1027
f 1027 1026 1028
f 1027 1028 1029
f 1029 1028 1030
f 1029 1030 1031
f 1031 1030 1032
f 1031 1032 1033
f 1033 1032 1034
f 1033 1034 971
f 971 1034 972
f 1035 1036 1017
f 1017 1036 1037
f 1017 1037 1038
f 1038 1037 1039
f 1038 1039 1040
f 1040 1039 1041
f 1040 1041 1042
f 1042 1041 1043
f 1042 1043 1044
f 1044 1043 1045
f 1044 1045 1046
f 1046 1045 1047
f 1046 1047 1048
f 1048 1047 1049
f 1048 1049 1050
f 1050 1049 1051
f 1050 1051 1052
f 1052 1051 1053
f 1052 1053 1054
f 1054 1053 1055
f 1054 1055 1056
f 1056 1055 1057
f 1056 1057 1058
f 1058 1057 1059
f 1058 1059 974
f 974 1059 975
f 1060 1061 1035
f 1035 1061 1062
f 1035 1062 1063
f 1063 1062 1064
f 1063 1064 1065
f 1065 1064 1066
f 1065 1066 1067
f 1067 1066 1068
f 1067 1068 1069
f 1069 1068 1070
f 1069 1070 1071
f 1071 1070 1072
f 1071 1072 1073
f 1073 1072 1074
f 1073 1074 1075
f 1075 1074 1076
f 1075 1076 1077
f 1077 1076 1078
f 1077 1078 1079
f 1079 1078 1080
f 1079 1080 1081
f 1081 1080 1082
f 1081 1082 1083
f 1083 1082 1084
f 1083 1084 1085
f 1085 1084 1086
f 1085 1086 1087
f 1087 1086 1088
f 1087 1088 1089
f 1089 1088 1090
f 1089 1090 977
f 977 1090 978
f 1091 1092 1060
f 1060 1092 1093
f 1060 1093 1094
f 1094 1093 1095
f 1094 1095 1096
f 1096 1095 1097
f 1096 1097 1098
f 1098 1097 1099
f 1098 1099 1100
f 1100 1099 1101
f 1100 1101 1102
f 1102 1101 1103
f 1102 1103 1104
f 1104 1103 1105
f 1104 1105 1106
f 1106 1105 1107
f 1106 1107 1108
f 1108 1107 1109
f 1108 1109 1110
f 1110 1109 1111
f 1110 1111 1112
f 1112 1111 1113
f 1112 1113 1114
f 1114 1113 1115
f 1114 1115 1116
f 1116 1115 1117
f 1116 1117 1118
f 1118 1117 1119
f 1118 1119 1120
f 1120 1119 1121
f 1120 1121 1122
f 1122 1121 1123
f 1122 1123 1124
f 1124 1123 1125
f 1124 1125 1126
f 1126 1125 1127
f 1126 1127 980
f 980 1127 981
f 1092 1091 1128
f 1128 1091 195
f 1128 195 1129
f 1129 195 1130
f 1129 1130 1131
f 1131 1130 1132
f 1131 1132 1133
f 1133 1132 1134
f 1133 1134 1135
f 1135 1134 1136
f 1135 1136 1137
f 1137 1136 1138
f 1137 1138 1139
f 1139 1138 1140
f 1139 1140 1141
f 1141 1140 1142
f 1141 1142 1143
f 1143 1142 1144
f 1143 1144 1145
f 1145 1144 1146
f 1145 1146 1147
f 1147 1146 1148
f 1147 1148 1149
f 1149 1148 1150
f 1149 1150 1151
f 1151 1150 1152
f 1151 1152 1153
f 1153 1152 1154
f 1153 1154 1155
f 1155 1154 1156
f 1155 1156 1157
f 1157 1156 1158
f 1157 1158 1159
f 1159 1158 1160
f 1159 1160 1161
f 1161 1160 1162
f 1161 1162 1163
f 1163 1162 1164
f 1163 1164 1165
f 1165 1164 1166
f 1165 1166 1167
f 1167 1166 1168
f 1167 1168 1169
f 1169 1168 1170
f 1169 1170 1171
f 1171 1170 1172
f 1171 1172 1173
f 1173 1172 1174
f 1173 1174 1175
f 1175 1174 1176
f 1175 1176 935
f 935 1176 937
f 195 200 1130
f 1130 200 1132
f 200 201 1132
f 1132 201 1134
f 1134 201 1136
f 1136 201 202
f 1136 202 1138
f 1138 202 1140
f 202 203 1140
f 1140 203 1142
f 1142 203 1144
f 1144 203 204
f 1144 204 1146
f 1146 204 205
f 1146 205 1148
f 1148 205 1150
f 205 206 1150
f 1150 206 1152
f 1152 206 1154
f 1154 206 207
f 1154 207 1156
f 1156 207 1158
f 207 208 1158
f 1158 208 1160
f 1160 208 1162
f 1162 208 209
f 1162 209 1164
f 1164 209 210
f 1164 210 1166
f 1166 210 1168
f 210 211 1168
f 1168 211 1170
f 1170 211 1172
f 1172 211 212
f 1172 212 1174
f 1174 212 1176
f 212 213 1176
f 1176 213 937
f 938 214 1177
f 1177 214 215
f 1177 215 1178
f 1178 215 1179
f 1178 1179 1180
f 1180 1179 1181
f 1180 1181 1182
f 1182 1181 1183
f 1182 1183 1184
f 1184 1183 1185
f 1184 1185 1186
f 1186 1185 1187
f 1186 1187 1188
f 1188 1187 1189
f 1188 1189 1190
f 1190 1189 1191
f 1190 1191 1192
f 1192 1191 1193
f 1192 1193 1194
f 1194 1193 1195
f 1194 1195 1196
f 1196 1195 1197
f 1196 1197 1198
f 1198 1197 1199
f 1198 1199 1200
f 1200 1199 1201
f 1200 1201 1202
f 1202 1201 1203
f 1202 1203 1204
f 1204 1203 1205
f 1204 1205 1206
f 1206 1205 1207
f 1206 1207 1208
f 1208 1207 1209
f 1208 1209 1210
f 1210 1209 1211
f 1210 1211 1212
f 1212 1211 1213
f 1212 1213 1214
f 1214 1213 1215
f 1214 1215 1216
f 1216 1215 1217
f 1216 1217 1218
f 1218 1217 1219
f 1218 1219 1220
f 1220 1219 1221
f 1220 1221 1222
f 1222 1221 1223
f 1222 1223 1224
f 1224 1223 1225
f 1224 1225 1226
f 1226 1225 1227
f 1226 1227 1228
f 1228 1227 1229
f 1228 1229 1230
f 1230 1229 1231
f 1230 1231 1232
f 1232 1231 1233
f 1232 1233 1234
f 1234 1233 1235
f 1234 1235 1236
f 1236 1235 1237
f 1236 1237 1238
f 1238 1237 1239
f 1238 1239 1240
f 1240 1239 1241
f 1240 1241 1242
f 1242 1241 1243
f 1242 1243 1244
f 1244 1243 1245
f 1244 1245 1246
f 1246 1245 1247
f 1246 1247 1248
f 1248 1247 1249
f 1248 1249 1250
f 1250 1249 1251
f 1250 1251 1252
f 1252 1251 1253
f 1252 1253 1254
f 1254 1253 1255
f 1254 1255 1256
f 1256 1255 1257
f 1256 1257 1258
f 1258 1257 1259
f 1258 1259 1260
f 1260 1259 1261
f 1260 1261 1262
f 1262 1261 1263
f 1262 1263 1264
f 1264 1263 1265
f 1264 1265 1266
f 1266 1265 1267
f 1266 1267 1268
f 1268 1267 1269
f 1268 1269 1270
f 1270 1269 1271
f 1270 1271 1272
f 1272 1271 1273
f 1272 1273 1274
f 1274 1273 1275
f 1274 1275 1276
f 1276 1275 1277
f 1276 1277 1278
f 1278 1277 1279
f 1278 1279 1280
f 1280 1279 1281
f 1280 1281 1282
f 1282 1281 1283
f 1282 1283 1284
f 1284 1283 1285
f 1284 1285 1286
f 1286 1285 1287
f 1286 1287 1288
f 1288 1287 1289
f 1288 1289 1290
f 1290 1289 232
f 1290 232 1291
f 1291 232 233
f 1291 233 1292
f 1292 233 1293
f 1292 1293 1294
f 1294 1293 1295
f 1294 1295 1296
f 1296 1295 1297
f 1296 1297 1298
f 1298 1297 1299
f 1298 1299 1300
f 1300 1299 1301
f 1300 1301 1302
f 1302 1301 1303
f 1302 1303 1304
f 1304 1303 1305
f 1304 1305 1306
f 1306 1305 1307
f 1306 1307 1308
f 1308 1307 1309
f 1308 1309 1310
f 215 216 1179
f 1179 216 1311
f 1179 1311 1181
f 1181 1311 1312
f 1181 1312 1183
f 1183 1312 1313
f 1183 1313 1185
f 1185 1313 1314
f 1185 1314 1187
f 1187 1314 1315
f 1187 1315 1189
f 1189 1315 1316
f 1189 1316 1191
f 1191 1316 1317
f 1191 1317 1193
f 1193 1317 1318
f 1193 1318 1195
f 1195 1318 1319
f 1195 1319 1197
f 1197 1319 1320
f 1197 1320 1199
f 1199 1320 1321
f 1199 1321 1201
f 1201 1321 1322
f 1201 1322 1203
f 1203 1322 1323
f 1203 1323 1205
f 1205 1323 1324
f 1205 1324 1207
f 1207 1324 1325
f 1207 1325 1209
f 1209 1325 1326
f 1209 1326 1211
f 1211 1326 1327
f 1211 1327 1213
f 1213 1327 1328
f 1213 1328 1215
f 1215 1328 1329
f 1215 1329 1217
f 1217 1329 1330
f 1217 1330 1219
f 1219 1330 1331
f 1219 1331 1221
f 1221 1331 1332
f 1221 1332 1223
f 1223 1332 1333
f 1223 1333 1225
f 1225 1333 1334
f 1225 1334 1227
f 1227 1334 1335
f 1227 1335 1229
f 1229 1335 1336
f 1229 1336 1231
f 1231 1336 1337
f 1231 1337 1233
f 1233 1337 1338
f 1233 1338 1235
f 1235 1338 1237
f 1311 216 1339
f 1339 216 217
f 1339 217 1340
f 1340 217 1341
f 1340 1341 1342
f 1342 1341 1343
f 1342 1343 1344
f 1344 1343 1345
f 1344 1345 1346
f 1346 1345 1347
f 1346 1347 1348
f 1348 1347 1349
f 1348 1349 1350
f 1350 1349 1351
f 1350 1351 1352
f 1352 1351 1353
f 1352 1353 1354
f 1354 1353 1355
f 1354 1355 1356
f 1356 1355 1357
f 1356 1357 1358
f 1358 1357 1359
f 1358 1359 1360
f 1360 1359 1361
f 1360 1361 1362
f 1362 1361 1363
f 1362 1363 1364
f 1364 1363 1365
f 1364 1365 1366
f 1366 1365 1367
f 1366 1367 1368
f 1368 1367 1369
f 1368 1369 1370
f 1370 1369 1371
f 1370 1371 1372
f 1372 1371 1373
f 1372 1373 1374
f 1374 1373 1375
f 1374 1375 1376
f 1376 1375 1377
f 1376 1377 1378
f 1378 1377 1379
f 1378 1379 1380
f 1380 1379 1381
f 1380 1381 1382
f 1382 1381 1383
f 1382 1383 1384
f 1384 1383 1385
f 1384 1385 1386
f 1386 1385 1387
f 1386 1387 1388
f 1388 1387 1389
f 1388 1389 1390
f 1390 1389 1243
f 1390 1243 1241
f 217 218 1341
f 1341 218 1343
f 1343 218 1345
f 1345 218 219
f 1345 219 1391
f 1391 219 1392
f 1391 1392 1393
f 1393 1392 1394
f 1393 1394 1395
f 1395 1394 1396
f 1395 1396 1397
f 1397 1396 1398
f 1397 1398 1399
f 1399 1398 1400
f 1399 1400 1401
f 1401 1400 1402
f 1401 1402 1403
f 1403 1402 1404
f 1403 1404 1405
f 1405 1404 1406
f 1405 1406 1407
f 1407 1406 1408
f 1407 1408 1409
f 1409 1408 1410
f 1409 1410 1411
f 1411 1410 1412
f 1411 1412 1413
f 1413 1412 1414
f 1413 1414 1415
f 1415 1414 1416
f 1415 1416 1417
f 1417 1416 1418
f 1417 1418 1419
f 1419 1418 1420
f 1419 1420 1421
f 1421 1420 1422
f 1421 1422 1423
f 1423 1422 1424
f 1423 1424 1425
f 1425 1424 1426
f 1425 1426 1427
f 1427 1426 1428
f 1427 1428 1429
f 1429 1428 1430
f 1429 1430 1431
f 1431 1430 1432
f 1431 1432 1433
f 1433 1432 1247
f 1433 1247 1245
f 219 220 1392
f 1392 220 1434
f 1392 1434 1394
f 1394 1434 1435
f 1394 1435 1396
f 1396 1435 1436
f 1396 1436 1398
f 1398 1436 1437
f 1398 1437 1400
f 1400 1437 1438
f 1400 1438 1402
f 1402 1438 1439
f 1402 1439 1404
f 1404 1439 1440
f 1404 1440 1406
f 1406 1440 1441
f 1406 1441 1408
f 1408 1441 1442
f 1408 1442 1410
f 1410 1442 1443
f 1410 1443 1412
f 1412 1443 1444
f 1412 1444 1414
f 1414 1444 1445
f 1414 1445 1416
f 1416 1445 1446
f 1416 1446 1418
f 1418 1446 1447
f 1418 1447 1420
f 1420 1447 1448
f 1420 1448 1422
f 1422 1448 1449
f 1422 1449 1424
f 1424 1449 1450
f 1424 1450 1426
f 1426 1450 1451
f 1426 1451 1428
f 1428 1451 1452
f 1428 1452 1430
f 1430 1452 1453
f 1430 1453 1432
f 1432 1453 1249
f 1432 1249 1247
f 1434 220 1454
f 1454 220 221
f 1454 221 1455
f 1455 221 222
f 1455 222 1456
f 1456 222 1457
f 1456 1457 1458
f 1458 1457 1459
f 1458 1459 1460
f 1460 1459 1461
f 1460 1461 1462
f 1462 1461 1463
f 1462 1463 1464
f 1464 1463 1465
f 1464 1465 1466
f 1466 1465 1467
f 1466 1467 1468
f 1468 1467 1469
f 1468 1469 1470
f 1470 1469 1471
f 1470 1471 1472
f 1472 1471 1473
f 1472 1473 1474
f 1474 1473 1475
f 1474 1475 1476
f 1476 1475 1477
f 1476 1477 1478
f 1478 1477 1479
f 1478 1479 1480
f 1480 1479 1481
f 1480 1481 1482
f 1482 1481 1483
f 1482 1483 1484
f 1484 1483 1485
f 1484 1485 1486
f 1486 1485 1487
f 1486 1487 1488
f 1488 1487 1257
f 1488 1257 1255
f 222 223 1457
f 1457 223 1489
f 1457 1489 1459
f 1459 1489 1490
f 1459 1490 1461
f 1461 1490 1491
f 1461 1491 1463
f 1463 1491 1492
f 1463 1492 1465
f 1465 1492 1493
f 1465 1493 1467
f 1467 1493 1494
f 1467 1494 1469
f 1469 1494 1495
f 1469 1495 1471
f 1471 1495 1496
f 1471 1496 1473
f 1473 1496 1497
f 1473 1497 1475
f 1475 1497 1498
f 1475 1498 1477
f 1477 1498 1499
f 1477 1499 1479
f 1479 1499 1500
f 1479 1500 1481
f 1481 1500 1501
f 1481 1501 1483
f 1483 1501 1502
f 1483 1502 1485
f 1485 1502 1503
f 1485 1503 1487
f 1487 1503 1259
f 1487 1259 1257
f 1489 223 1504
f 1504 223 224
f 1504 224 1505
f 1505 224 1506
f 1505 1506 1507
f 1507 1506 1508
f 1507 1508 1509
f 1509 1508 1510
f 1509 1510 1511
f 1511 1510 1512
f 1511 1512 1513
f 1513 1512 1514
f 1513 1514 1515
f 1515 1514 1516
f 1515 1516 1517
f 1517 1516 1518
f 1517 1518 1519
f 1519 1518 1520
f 1519 1520 1521
f 1521 1520 1522
f 1521 1522 1523
f 1523 1522 1524
f 1523 1524 1525
f 1525 1524 1526
f 1525 1526 1527
f 1527 1526 1528
f 1527 1528 1529
f 1529 1528 1265
f 1529 1265 1263
f 224 225 1506
f 1506 225 1530
f 1506 1530 1508
f 1508 1530 1531
f 1508 1531 1510
f 1510 1531 1532
f 1510 1532 1512
f 1512 1532 1533
f 1512 1533 1514
f 1514 1533 1534
f 1514 1534 1516
f 1516 1534 1535
f 1516 1535 1518
f 1518 1535 1536
f 1518 1536 1520
f 1520 1536 1537
f 1520 1537 1522
f 1522 1537 1538
f 1522 1538 1524
f 1524 1538 1539
f 1524 1539 1526
f 1526 1539 1540
f 1526 1540 1528
f 1528 1540 1267
f 1528 1267 1265
f 1530 225 1541
f 1541 225 226
f 1541 226 1542
f 1542 226 227
f 1542 227 1543
f 1543 227 1544
f 1543 1544 1545
f 1545 1544 1546
f 1545 1546 1547
f 1547 1546 1548
f 1547 1548 1549
f 1549 1548 1550
f 1549 1550 1551
f 1551 1550 1552
f 1551 1552 1553
f 1553 1552 1554
f 1553 1554 1555
f 1555 1554 1556
f 1555 1556 1557
f 1557 1556 1275
f 1557 1275 1273
f 227 228 1544
f 1544 228 1558
f 1544 1558 1546
f 1546 1558 1559
f 1546 1559 1548
f 1548 1559 1560
f 1548 1560 1550
f 1550 1560 1561
f 1550 1561 1552
f 1552 1561 1562
f 1552 1562 1554
f 1554 1562 1563
f 1554 1563 1556
f 1556 1563 1277
f 1556 1277 1275
f 1558 228 1564
f 1564 228 229
f 1564 229 1565
f 1565 229 1566
f 1565 1566 1567
f 1567 1566 1568
f 1567 1568 1569
f 1569 1568 1570
f 1569 1570 1571
f 1571 1570 1283
f 1571 1283 1281
f 229 230 1566
f 1566 230 1572
f 1566 1572 1568
f 1568 1572 1573
f 1568 1573 1570
f 1570 1573 1285
f 1570 1285 1283
f 1572 230 1574
f 1574 230 231
f 1574 231 1289
f 1289 231 232
f 233 234 1293
f 1293 234 1575
f 1293 1575 1295
f 1295 1575 1576
f 1295 1576 1297
f 1297 1576 1577
f 1297 1577 1299
f 1299 1577 1578
f 1299 1578 1301
f 1301 1578 1579
f 1301 1579 1303
f 1303 1579 1580
f 1303 1580 1305
f 1305 1580 1581
f 1305 1581 1307
f 1307 1581 1309
f 1575 234 1582
f 1582 234 235
f 1582 235 1583
f 1583 235 1584
f 1583 1584 1585
f 1585 1584 1586
f 1585 1586 1587
f 1587 1586 1588
f 1587 1588 1589
f 1589 1588 1590
f 1589 1590 1591
f 1591 1590 1592
f 1591 1592 1593
f 1593 1592 1309
f 1593 1309 1581
f 235 236 1584
f 1584 236 1594
f 1584 1594 1586
f 1586 1594 1595
f 1586 1595 1588
f 1588 1595 1596
f 1588 1596 1590
f 1590 1596 1592
f 236 237 1594
f 1594 237 1597
f 1594 1597 1595
f 1595 1597 1598
f 1595 1598 1596
f 1596 1598 1599
f 1596 1599 1592
f 1597 237 1600
f 1600 237 196
f 1600 196 1599
f 1601 1602 1310
f 1310 1602 1603
f 1310 1603 1604
f 1604 1603 1605
f 1604 1605 1606
f 1606 1605 1607
f 1606 1607 1608
f 1608 1607 1609
f 1608 1609 1610
f 1610 1609 1611
f 1610 1611 1612
f 1612 1611 1613
f 1612 1613 1614
f 1614 1613 1615
f 1614 1615 1616
f 1616 1615 1617
f 1616 1617 1618
f 1618 1617 1619
f 1618 1619 1620
f 1620 1619 1621
f 1620 1621 1291
f 1291 1621 1288
f 1291 1288 1290
f 1622 1623 1601
f 1601 1623 1624
f 1601 1624 1602
f 1602 1624 1625
f 1602 1625 1626
f 1626 1625 1627
f 1626 1627 1628
f 1628 1627 1629
f 1628 1629 1630
f 1630 1629 1631
f 1630 1631 1632
f 1632 1631 1633
f 1632 1633 1634
f 1634 1633 1635
f 1634 1635 1636
f 1636 1635 1637
f 1636 1637 1638
f 1638 1637 1639
f 1638 1639 1640
f 1640 1639 1641
f 1640 1641 1642
f 1642 1641 1284
f 1642 1284 1286
f 1643 1644 1622
f 1622 1644 1645
f 1622 1645 1623
f 1623 1645 1646
f 1623 1646 1647
f 1647 1646 1648
f 1647 1648 1649
f 1649 1648 1650
f 1649 1650 1651
f 1651 1650 1652
f 1651 1652 1653
f 1653 1652 1654
f 1653 1654 1655
f 1655 1654 1656
f 1655 1656 1657
f 1657 1656 1658
f 1657 1658 1659
f 1659 1658 1660
f 1659 1660 1661
f 1661 1660 1662
f 1661 1662 1663
f 1663 1662 1280
f 1663 1280 1282
f 1664 1665 1643
f 1643 1665 1666
f 1643 1666 1667
f 1667 1666 1668
f 1667 1668 1669
f 1669 1668 1670
f 1669 1670 1671
f 1671 1670 1672
f 1671 1672 1673
f 1673 1672 1674
f 1673 1674 1675
f 1675 1674 1676
f 1675 1676 1677
f 1677 1676 1678
f 1677 1678 1679
f 1679 1678 1680
f 1679 1680 1681
f 1681 1680 1682
f 1681 1682 1683
f 1683 1682 1684
f 1683 1684 1685
f 1685 1684 1270
f 1685 1270 1272
f 1686 1687 1664
f 1664 1687 1688
f 1664 1688 1689
f 1689 1688 1690
f 1689 1690 1691
f 1691 1690 1692
f 1691 1692 1693
f 1693 1692 1694
f 1693 1694 1695
f 1695 1694 1696
f 1695 1696 1697
f 1697 1696 1698
f 1697 1698 1699
f 1699 1698 1700
f 1699 1700 1701
f 1701 1700 1702
f 1701 1702 1703
f 1703 1702 1704
f 1703 1704 1705
f 1705 1704 1264
f 1705 1264 1266
f 1706 1707 1686
f 1686 1707 1708
f 1686 1708 1687
f 1687 1708 1709
f 1687 1709 1710
f 1710 1709 1711
f 1710 1711 1712
f 1712 1711 1713
f 1712 1713 1714
f 1714 1713 1715
f 1714 1715 1716
f 1716 1715 1717
f 1716 1717 1718
f 1718 1717 1719
f 1718 1719 1720
f 1720 1719 1721
f 1720 1721 1722
f 1722 1721 1723
f 1722 1723 1724
f 1724 1723 1258
f 1724 1258 1260
f 1706 1725 1707
f 1707 1725 1726
f 1707 1726 1727
f 1727 1726 1728
f 1727 1728 1729
f 1729 1728 1730
f 1729 1730 1731
f 1731 1730 1732
f 1731 1732 1733
f 1733 1732 1734
f 1733 1734 1735
f 1735 1734 1736
f 1735 1736 1737
f 1737 1736 1738
f 1737 1738 1739
f 1739 1738 1740
f 1739 1740 1741
f 1741 1740 1742
f 1741 1742 1238
f 1238 1742 1743
f 1238 1743 1744
f 1744 1743 1745
f 1744 1745 1746
f 1746 1745 1747
f 1746 1747 1748
f 1748 1747 1740
f 1748 1740 1738
f 1726 1725 1749
f 1749 1725 1750
f 1749 1750 1751
f 1752 1753 1751
f 1751 1753 1754
f 1751 1754 1749
f 1749 1754 1728
f 1749 1728 1726
f 1755 1756 1752
f 1752 1756 1757
f 1752 1757 1758
f 1758 1757 1759
f 1758 1759 1760
f 1760 1759 1761
f 1760 1761 1732
f 1732 1761 1734
f 1755 1762 1756
f 1756 1762 1757
f 1763 1764 1762
f 1762 1764 1765
f 1762 1765 1757
f 1757 1765 1759
f 1744 1746 1763
f 1763 1746 1766
f 1763 1766 1767
f 1767 1766 1768
f 1767 1768 1769
f 1769 1768 1736
f 1769 1736 1734
f 1744 1236 1238
f 1770 1771 1236
f 1236 1771 1772
f 1236 1772 1234
f 1234 1772 1232
f 1773 1774 1770
f 1770 1774 1775
f 1770 1775 1776
f 1776 1775 1777
f 1776 1777 1778
f 1778 1777 1779
f 1778 1779 1780
f 1780 1779 1781
f 1780 1781 1782
f 1782 1781 1783
f 1782 1783 1784
f 1784 1783 1785
f 1784 1785 1786
f 1786 1785 1787
f 1786 1787 1220
f 1220 1787 1218
f 1788 1789 1773
f 1773 1789 1790
f 1773 1790 1774
f 1774 1790 1791
f 1774 1791 1792
f 1792 1791 1793
f 1792 1793 1794
f 1794 1793 1795
f 1794 1795 1796
f 1796 1795 1797
f 1796 1797 1798
f 1798 1797 1799
f 1798 1799 1800
f 1800 1799 1801
f 1800 1801 1802
f 1802 1801 1803
f 1802 1803 1804
f 1804 1803 1805
f 1804 1805 1216
f 1216 1805 1214
f 1806 1807 1788
f 1788 1807 1808
f 1788 1808 1789
f 1789 1808 1809
f 1789 1809 1790
f 1790 1809 1791
f 1810 1811 1806
f 1806 1811 1812
f 1806 1812 1813
f 1813 1812 1814
f 1813 1814 1815
f 1815 1814 1816
f 1815 1816 1817
f 1817 1816 1818
f 1817 1818 1819
f 1819 1818 1820
f 1819 1820 1821
f 1821 1820 1822
f 1821 1822 1823
f 1823 1822 1824
f 1823 1824 1825
f 1825 1824 1826
f 1825 1826 1827
f 1827 1826 1828
f 1827 1828 1829
f 1829 1828 1830
f 1829 1830 1831
f 1831 1830 1832
f 1831 1832 1833
f 1833 1832 1834
f 1833 1834 1835
f 1835 1834 1836
f 1835 1836 1206
f 1206 1836 1204
f 1837 1838 1810
f 1810 1838 1839
f 1810 1839 1840
f 1840 1839 1841
f 1840 1841 1842
f 1842 1841 1843
f 1842 1843 1844
f 1844 1843 1845
f 1844 1845 1846
f 1846 1845 1847
f 1846 1847 1848
f 1848 1847 1849
f 1848 1849 1850
f 1850 1849 1851
f 1850 1851 1852
f 1852 1851 1853
f 1852 1853 1854
f 1854 1853 1855
f 1854 1855 1856
f 1856 1855 1857
f 1856 1857 1858
f 1858 1857 1859
f 1858 1859 1860
f 1860 1859 1861
f 1860 1861 1862
f 1862 1861 1863
f 1862 1863 1864
f 1864 1863 1865
f 1864 1865 1866
f 1866 1865 1867
f 1866 1867 1868
f 1868 1867 1869
f 1868 1869 1200
f 1200 1869 1198
f 1870 1871 1837
f 1837 1871 1872
f 1837 1872 1873
f 1873 1872 1874
f 1873 1874 1875
f 1875 1874 1876
f 1875 1876 1877
f 1877 1876 1878
f 1877 1878 1879
f 1879 1878 1880
f 1879 1880 1881
f 1881 1880 1882
f 1881 1882 1883
f 1883 1882 1884
f 1883 1884 1885
f 1885 1884 1886
f 1885 1886 1887
f 1887 1886 1888
f 1887 1888 1889
f 1889 1888 1890
f 1889 1890 1891
f 1891 1890 1892
f 1891 1892 1893
f 1893 1892 1894
f 1893 1894 1895
f 1895 1894 1896
f 1895 1896 1897
f 1897 1896 1898
f 1897 1898 1899
f 1899 1898 1900
f 1899 1900 1901
f 1901 1900 1902
f 1901 1902 1903
f 1903 1902 1904
f 1903 1904 1905
f 1905 1904 1906
f 1905 1906 1907
f 1907 1906 1908
f 1907 1908 1194
f 1194 1908 1192
f 1909 1910 1870
f 1870 1910 1911
f 1870 1911 1912
f 1912 1911 1913
f 1912 1913 1914
f 1914 1913 1915
f 1914 1915 1916
f 1916 1915 1917
f 1916 1917 1918
f 1918 1917 1919
f 1918 1919 1920
f 1920 1919 1921
f 1920 1921 1922
f 1922 1921 1923
f 1922 1923 1924
f 1924 1923 1925
f 1924 1925 1926
f 1926 1925 1927
f 1926 1927 1928
f 1928 1927 1929
f 1928 1929 1930
f 1930 1929 1931
f 1930 1931 1932
f 1932 1931 1933
f 1932 1933 1934
f 1934 1933 1935
f 1934 1935 1936
f 1936 1935 1937
f 1936 1937 1938
f 1938 1937 1939
f 1938 1939 1940
f 1940 1939 1941
f 1940 1941 1942
f 1942 1941 1943
f 1942 1943 1944
f 1944 1943 1945
f 1944 1945 1946
f 1946 1945 1947
f 1946 1947 1948
f 1948 1947 1949
f 1948 1949 1188
f 1188 1949 1186
f 1910 1909 1950
f 1950 1909 1951
f 1950 1951 1952
f 1952 1951 1953
f 1952 1953 1954
f 1954 1953 1955
f 1954 1955 1956
f 1956 1955 894
f 1956 894 896
f 1957 888 1951
f 1951 888 1958
f 1951 1958 1953
f 1953 1958 1955
f 888 1957 886
f 886 1957 1959
f 886 1959 884
f 884 1959 1960
f 884 1960 882
f 882 1960 880
f 1961 1962 1960
f 1960 1962 872
f 1960 872 874
f 1963 1964 1961
f 1961 1964 1965
f 1961 1965 1966
f 1966 1965 864
f 1966 864 866
f 1964 1963 1967
f 1967 1963 1968
f 1967 1968 1969
f 1969 1968 1970
f 1969 1970 1971
f 1971 1970 1972
f 1971 1972 850
f 850 1972 848
f 1968 1973 1970
f 1970 1973 1974
f 1970 1974 1972
f 1972 1974 1975
f 1972 1975 848
f 848 1975 846
f 1974 1973 1976
f 1976 1973 832
f 1976 832 1977
f 1977 832 836
f 1977 836 838
f 836 832 834
f 1961 1966 1978
f 1978 1966 866
f 1978 866 868
f 874 876 1960
f 1960 876 878
f 1960 878 880
f 1870 1912 1871
f 1871 1912 1979
f 1871 1979 1872
f 1872 1979 1874
f 1838 1837 1873
f 1811 1810 1840
f 1807 1806 1813
f 1770 1776 1980
f 1980 1776 1778
f 1980 1778 1981
f 1981 1778 1780
f 1981 1780 1982
f 1982 1780 1782
f 1982 1782 1983
f 1983 1782 1784
f 1983 1784 1984
f 1984 1784 1786
f 1984 1786 1222
f 1222 1786 1220
f 1985 1770 1986
f 1986 1770 1987
f 1986 1987 1988
f 1988 1987 1981
f 1988 1981 1982
f 1747 1745 1743
f 1620 1291 1292
f 1763 1767 1764
f 1764 1767 1989
f 1764 1989 1765
f 1765 1989 1759
f 1128 1129 1990
f 1990 1129 1131
f 1990 1131 1991
f 1991 1131 1133
f 1991 1133 1992
f 1992 1133 1135
f 1992 1135 1993
f 1993 1135 1137
f 1993 1137 1994
f 1994 1137 1139
f 1994 1139 1995
f 1995 1139 1141
f 1995 1141 1996
f 1996 1141 1143
f 1996 1143 1997
f 1997 1143 1145
f 1997 1145 1998
f 1998 1145 1147
f 1998 1147 1999
f 1999 1147 1149
f 1999 1149 2000
f 2000 1149 1151
f 2000 1151 2001
f 2001 1151 1153
f 2001 1153 2002
f 2002 1153 1155
f 2002 1155 2003
f 2003 1155 1157
f 2003 1157 2004
f 2004 1157 1159
f 2004 1159 2005
f 2005 1159 1161
f 2005 1161 2006
f 2006 1161 1163
f 2006 1163 2007
f 2007 1163 1165
f 2007 1165 2008
f 2008 1165 1167
f 2008 1167 2009
f 2009 1167 1169
f 2009 1169 2010
f 2010 1169 1171
f 2010 1171 2011
f 2011 1171 1173
f 2011 1173 2012
f 2012 1173 1175
f 2012 1175 933
f 933 1175 935
f 1092 1128 2013
f 2013 1128 1990
f 2013 1990 2014
f 2014 1990 1991
f 2014 1991 2015
f 2015 1991 1992
f 2015 1992 2016
f 2016 1992 1993
f 2016 1993 2017
f 2017 1993 1994
f 2017 1994 2018
f 2018 1994 1995
f 2018 1995 2019
f 2019 1995 1996
f 2019 1996 2020
f 2020 1996 1997
f 2020 1997 2021
f 2021 1997 1998
f 2021 1998 2022
f 2022 1998 1999
f 2022 1999 2023
f 2023 1999 2000
f 2023 2000 2024
f 2024 2000 2001
f 2024 2001 2025
f 2025 2001 2002
f 2025 2002 2026
f 2026 2002 2003
f 2026 2003 2027
f 2027 2003 2004
f 2027 2004 2028
f 2028 2004 2005
f 2028 2005 2029
f 2029 2005 2006
f 2029 2006 2030
f 2030 2006 2007
f 2030 2007 2031
f 2031 2007 2008
f 2031 2008 2032
f 2032 2008 2009
f 2032 2009 2033
f 2033 2009 2010
f 2033 2010 2034
f 2034 2010 2011
f 2034 2011 2035
f 2035 2011 2012
f 2035 2012 931
f 931 2012 933
f 1093 1092 2036
f 2036 1092 2013
f 2036 2013 2037
f 2037 2013 2014
f 2037 2014 2038
f 2038 2014 2015
f 2038 2015 2039
f 2039 2015 2016
f 2039 2016 2040
f 2040 2016 2017
f 2040 2017 2041
f 2041 2017 2018
f 2041 2018 2042
f 2042 2018 2019
f 2042 2019 2043
f 2043 2019 2020
f 2043 2020 2044
f 2044 2020 2021
f 2044 2021 2045
f 2045 2021 2022
f 2045 2022 2046
f 2046 2022 2023
f 2046 2023 2047
f 2047 2023 2024
f 2047 2024 2048
f 2048 2024 2025
f 2048 2025 2049
f 2049 2025 2026
f 2049 2026 2050
f 2050 2026 2027
f 2050 2027 2051
f 2051 2027 2028
f 2051 2028 2052
f 2052 2028 2029
f 2052 2029 2053
f 2053 2029 2030
f 2053 2030 2054
f 2054 2030 2031
f 2054 2031 2055
f 2055 2031 2032
f 2055 2032 2056
f 2056 2032 2033
f 2056 2033 2057
f 2057 2033 2034
f 2057 2034 2058
f 2058 2034 2035
f 2058 2035 929
f 929 2035 931
f 1093 2036 1095
f 1095 2036 2059
f 1095 2059 1097
f 1097 2059 2060
f 1097 2060 1099
f 1099 2060 2061
f 1099 2061 1101
f 1101 2061 2062
f 1101 2062 1103
f 1103 2062 2063
f 1103 2063 1105
f 1105 2063 2064
f 1105 2064 1107
f 1107 2064 2065
f 1107 2065 1109
f 1109 2065 2066
f 1109 2066 1111
f 1111 2066 2067
f 1111 2067 1113
f 1113 2067 2068
f 1113 2068 1115
f 1115 2068 2069
f 1115 2069 1117
f 1117 2069 2070
f 1117 2070 1119
f 1119 2070 2071
f 1119 2071 1121
f 1121 2071 2072
f 1121 2072 1123
f 1123 2072 2073
f 1123 2073 1125
f 1125 2073 2074
f 1125 2074 1127
f 1127 2074 2075
f 1127 2075 981
f 981 2075 982
f 2059 2036 2037
f 1062 1061 2076
f 2076 1061 1096
f 2076 1096 1098
f 1062 2076 1064
f 1064 2076 2077
f 1064 2077 1066
f 1066 2077 2078
f 1066 2078 1068
f 1068 2078 2079
f 1068 2079 1070
f 1070 2079 2080
f 1070 2080 1072
f 1072 2080 2081
f 1072 2081 1074
f 1074 2081 2082
f 1074 2082 1076
f 1076 2082 2083
f 1076 2083 1078
f 1078 2083 2084
f 1078 2084 1080
f 1080 2084 2085
f 1080 2085 1082
f 1082 2085 2086
f 1082 2086 1084
f 1084 2086 2087
f 1084 2087 1086
f 1086 2087 2088
f 1086 2088 1088
f 1088 2088 2089
f 1088 2089 1090
f 1090 2089 2090
f 1090 2090 978
f 978 2090 979
f 2077 2076 1098
f 1037 1036 2091
f 2091 1036 1065
f 2091 1065 1067
f 1037 2091 1039
f 1039 2091 2092
f 1039 2092 1041
f 1041 2092 2093
f 1041 2093 1043
f 1043 2093 2094
f 1043 2094 1045
f 1045 2094 2095
f 1045 2095 1047
f 1047 2095 2096
f 1047 2096 1049
f 1049 2096 2097
f 1049 2097 1051
f 1051 2097 2098
f 1051 2098 1053
f 1053 2098 2099
f 1053 2099 1055
f 1055 2099 2100
f 1055 2100 1057
f 1057 2100 2101
f 1057 2101 1059
f 1059 2101 2102
f 1059 2102 975
f 975 2102 976
f 2092 2091 1067
f 1019 1018 2103
f 2103 1018 1040
f 2103 1040 1042
f 1019 2103 1020
f 1020 2103 2104
f 1020 2104 1022
f 1022 2104 2105
f 1022 2105 1024
f 1024 2105 2106
f 1024 2106 1026
f 1026 2106 2107
f 1026 2107 1028
f 1028 2107 2108
f 1028 2108 1030
f 1030 2108 2109
f 1030 2109 1032
f 1032 2109 2110
f 1032 2110 1034
f 1034 2110 2111
f 1034 2111 972
f 972 2111 973
f 2104 2103 1042
f 1005 1004 1021
f 1005 1021 1006
f 1006 1021 1023
f 1006 1023 1008
f 1008 1023 1025
f 1008 1025 1010
f 1010 1025 1027
f 1010 1027 1012
f 1012 1027 1029
f 1012 1029 1014
f 1014 1029 1031
f 1014 1031 1016
f 1016 1031 1033
f 1016 1033 970
f 970 1033 971
f 994 993 1007
f 994 1007 996
f 996 1007 1009
f 996 1009 998
f 998 1009 1011
f 998 1011 1000
f 1000 1011 1013
f 1000 1013 1002
f 1002 1013 1015
f 1002 1015 968
f 968 1015 969
f 997 989 2112
f 2112 989 988
f 2112 988 987
f 964 963 990
f 991 989 999
f 999 989 997
f 965 964 990
f 840 842 2113
f 2113 842 844
f 2113 844 2114
f 2114 844 846
f 2114 846 1975
f 987 995 2112
f 2112 995 997
f 1017 1038 1018
f 1018 1038 1040
f 1035 1063 1036
f 1036 1063 1065
f 1060 1094 1061
f 1061 1094 1096
f 2059 2037 2115
f 2115 2037 2038
f 2115 2038 2116
f 2116 2038 2039
f 2116 2039 2117
f 2117 2039 2040
f 2117 2040 2118
f 2118 2040 2041
f 2118 2041 2119
f 2119 2041 2042
f 2119 2042 2120
f 2120 2042 2043
f 2120 2043 2121
f 2121 2043 2044
f 2121 2044 2122
f 2122 2044 2045
f 2122 2045 2123
f 2123 2045 2046
f 2123 2046 2124
f 2124 2046 2047
f 2124 2047 2125
f 2125 2047 2048
f 2125 2048 2126
f 2126 2048 2049
f 2126 2049 2127
f 2127 2049 2050
f 2127 2050 2128
f 2128 2050 2051
f 2128 2051 2129
f 2129 2051 2052
f 2129 2052 2130
f 2130 2052 2053
f 2130 2053 2131
f 2131 2053 2054
f 2131 2054 2132
f 2132 2054 2055
f 2132 2055 2133
f 2133 2055 2056
f 2133 2056 2134
f 2134 2056 2057
f 2134 2057 2135
f 2135 2057 2058
f 2135 2058 927
f 927 2058 929
f 2059 2115 2060
f 2060 2115 2136
f 2060 2136 2061
f 2061 2136 2137
f 2061 2137 2062
f 2062 2137 2138
f 2062 2138 2063
f 2063 2138 2139
f 2063 2139 2064
f 2064 2139 2140
f 2064 2140 2065
f 2065 2140 2141
f 2065 2141 2066
f 2066 2141 2142
f 2066 2142 2067
f 2067 2142 2143
f 2067 2143 2068
f 2068 2143 2144
f 2068 2144 2069
f 2069 2144 2145
f 2069 2145 2070
f 2070 2145 2146
f 2070 2146 2071
f 2071 2146 2147
f 2071 2147 2072
f 2072 2147 2148
f 2072 2148 2073
f 2073 2148 2149
f 2073 2149 2074
f 2074 2149 2150
f 2074 2150 2075
f 2075 2150 2151
f 2075 2151 982
f 982 2151 983
f 2136 2115 2116
f 2077 1098 1100
f 2077 1100 2078
f 2078 1100 1102
f 2078 1102 2079
f 2079 1102 1104
f 2079 1104 2080
f 2080 1104 1106
f 2080 1106 2081
f 2081 1106 1108
f 2081 1108 2082
f 2082 1108 1110
f 2082 1110 2083
f 2083 1110 1112
f 2083 1112 2084
f 2084 1112 1114
f 2084 1114 2085
f 2085 1114 1116
f 2085 1116 2086
f 2086 1116 1118
f 2086 1118 2087
f 2087 1118 1120
f 2087 1120 2088
f 2088 1120 1122
f 2088 1122 2089
f 2089 1122 1124
f 2089 1124 2090
f 2090 1124 1126
f 2090 1126 979
f 979 1126 980
f 2092 1067 1069
f 2092 1069 2093
f 2093 1069 1071
f 2093 1071 2094
f 2094 1071 1073
f 2094 1073 2095
f 2095 1073 1075
f 2095 1075 2096
f 2096 1075 1077
f 2096 1077 2097
f 2097 1077 1079
f 2097 1079 2098
f 2098 1079 1081
f 2098 1081 2099
f 2099 1081 1083
f 2099 1083 2100
f 2100 1083 1085
f 2100 1085 2101
f 2101 1085 1087
f 2101 1087 2102
f 2102 1087 1089
f 2102 1089 976
f 976 1089 977
f 2104 1042 1044
f 2104 1044 2105
f 2105 1044 1046
f 2105 1046 2106
f 2106 1046 1048
f 2106 1048 2107
f 2107 1048 1050
f 2107 1050 2108
f 2108 1050 1052
f 2108 1052 2109
f 2109 1052 1054
f 2109 1054 2110
f 2110 1054 1056
f 2110 1056 2111
f 2111 1056 1058
f 2111 1058 973
f 973 1058 974
f 991 999 1001
f 967 966 1001
f 1001 966 991
f 2114 2152 2113
f 2113 2152 838
f 2113 838 840
f 1976 1977 2152
f 2152 1977 838
f 2152 2114 2153
f 2153 2114 1975
f 2153 1975 1974
f 2136 2116 2154
f 2154 2116 2117
f 2154 2117 2155
f 2155 2117 2118
f 2155 2118 2156
f 2156 2118 2119
f 2156 2119 2157
f 2157 2119 2120
f 2157 2120 2158
f 2158 2120 2121
f 2158 2121 2159
f 2159 2121 2122
f 2159 2122 2160
f 2160 2122 2123
f 2160 2123 2161
f 2161 2123 2124
f 2161 2124 2162
f 2162 2124 2125
f 2162 2125 2163
f 2163 2125 2126
f 2163 2126 2164
f 2164 2126 2127
f 2164 2127 2165
f 2165 2127 2128
f 2165 2128 2166
f 2166 2128 2129
f 2166 2129 2167
f 2167 2129 2130
f 2167 2130 2168
f 2168 2130 2131
f 2168 2131 2169
f 2169 2131 2132
f 2169 2132 2170
f 2170 2132 2133
f 2170 2133 2171
f 2171 2133 2134
f 2171 2134 2172
f 2172 2134 2135
f 2172 2135 925
f 925 2135 927
f 2136 2154 2137
f 2137 2154 2173
f 2137 2173 2138
f 2138 2173 2174
f 2138 2174 2139
f 2139 2174 2175
f 2139 2175 2140
f 2140 2175 2176
f 2140 2176 2141
f 2141 2176 2177
f 2141 2177 2142
f 2142 2177 2178
f 2142 2178 2143
f 2143 2178 2179
f 2143 2179 2144
f 2144 2179 2180
f 2144 2180 2145
f 2145 2180 2181
f 2145 2181 2146
f 2146 2181 2182
f 2146 2182 2147
f 2147 2182 2183
f 2147 2183 2148
f 2148 2183 2184
f 2148 2184 2149
f 2149 2184 2185
f 2149 2185 2150
f 2150 2185 2186
f 2150 2186 2151
f 2151 2186 2187
f 2151 2187 983
f 983 2187 984
f 2173 2154 2155
f 1971 850 852
f 2152 2153 1976
f 1976 2153 1974
f 2173 2155 2188
f 2188 2155 2156
f 2188 2156 2189
f 2189 2156 2157
f 2189 2157 2190
f 2190 2157 2158
f 2190 2158 2191
f 2191 2158 2159
f 2191 2159 2192
f 2192 2159 2160
f 2192 2160 2193
f 2193 2160 2161
f 2193 2161 2194
f 2194 2161 2162
f 2194 2162 2195
f 2195 2162 2163
f 2195 2163 2196
f 2196 2163 2164
f 2196 2164 2197
f 2197 2164 2165
f 2197 2165 2198
f 2198 2165 2166
f 2198 2166 2199
f 2199 2166 2167
f 2199 2167 2200
f 2200 2167 2168
f 2200 2168 2201
f 2201 2168 2169
f 2201 2169 2202
f 2202 2169 2170
f 2202 2170 2203
f 2203 2170 2171
f 2203 2171 2204
f 2204 2171 2172
f 2204 2172 923
f 923 2172 925
f 1971 852 2205
f 2205 852 854
f 2205 854 2206
f 2206 854 856
f 2206 856 2207
f 2207 856 858
f 2207 858 2208
f 2208 858 860
f 2208 860 2209
f 2209 860 862
f 2209 862 1965
f 1965 862 864
f 2189 2210 2188
f 2188 2210 2174
f 2188 2174 2173
f 2174 2210 2175
f 2175 2210 2211
f 2175 2211 2176
f 2176 2211 2212
f 2176 2212 2177
f 2177 2212 2213
f 2177 2213 2178
f 2178 2213 2214
f 2178 2214 2179
f 2179 2214 2215
f 2179 2215 2180
f 2180 2215 2216
f 2180 2216 2181
f 2181 2216 2217
f 2181 2217 2182
f 2182 2217 2218
f 2182 2218 2183
f 2183 2218 2219
f 2183 2219 2184
f 2184 2219 2220
f 2184 2220 2185
f 2185 2220 2221
f 2185 2221 2186
f 2186 2221 2222
f 2186 2222 2187
f 2187 2222 2223
f 2187 2223 984
f 984 2223 985
f 2210 2189 2224
f 2224 2189 2190
f 2224 2190 2225
f 2225 2190 2191
f 2225 2191 2226
f 2226 2191 2192
f 2226 2192 2227
f 2227 2192 2193
f 2227 2193 2228
f 2228 2193 2194
f 2228 2194 2229
f 2229 2194 2195
f 2229 2195 2230
f 2230 2195 2196
f 2230 2196 2231
f 2231 2196 2197
f 2231 2197 2232
f 2232 2197 2198
f 2232 2198 2233
f 2233 2198 2199
f 2233 2199 2234
f 2234 2199 2200
f 2234 2200 2235
f 2235 2200 2201
f 2235 2201 2236
f 2236 2201 2202
f 2236 2202 2237
f 2237 2202 2203
f 2237 2203 2238
f 2238 2203 2204
f 2238 2204 921
f 921 2204 923
f 2206 1967 2205
f 2205 1967 1969
f 2205 1969 1971
f 1967 2206 1964
f 1964 2206 2207
f 1964 2207 2208
f 2225 2239 2224
f 2224 2239 2211
f 2224 2211 2210
f 2211 2239 2212
f 2212 2239 2240
f 2212 2240 2213
f 2213 2240 2241
f 2213 2241 2214
f 2214 2241 2242
f 2214 2242 2215
f 2215 2242 2243
f 2215 2243 2216
f 2216 2243 2244
f 2216 2244 2217
f 2217 2244 2245
f 2217 2245 2218
f 2218 2245 2246
f 2218 2246 2219
f 2219 2246 2247
f 2219 2247 2220
f 2220 2247 2248
f 2220 2248 2221
f 2221 2248 2249
f 2221 2249 2222
f 2222 2249 2250
f 2222 2250 2223
f 2223 2250 2251
f 2223 2251 985
f 985 2251 986
f 2239 2225 2252
f 2252 2225 2226
f 2252 2226 2253
f 2253 2226 2227
f 2253 2227 2254
f 2254 2227 2228
f 2254 2228 2255
f 2255 2228 2229
f 2255 2229 2256
f 2256 2229 2230
f 2256 2230 2257
f 2257 2230 2231
f 2257 2231 2258
f 2258 2231 2232
f 2258 2232 2259
f 2259 2232 2233
f 2259 2233 2260
f 2260 2233 2234
f 2260 2234 2261
f 2261 2234 2235
f 2261 2235 2262
f 2262 2235 2236
f 2262 2236 2263
f 2263 2236 2237
f 2263 2237 2264
f 2264 2237 2238
f 2264 2238 919
f 919 2238 921
f 2208 2209 1964
f 1964 2209 1965
f 2253 2265 2252
f 2252 2265 2240
f 2252 2240 2239
f 2240 2265 2241
f 2241 2265 2266
f 2241 2266 2242
f 2242 2266 2267
f 2242 2267 2243
f 2243 2267 2268
f 2243 2268 2244
f 2244 2268 2269
f 2244 2269 2245
f 2245 2269 2270
f 2245 2270 2246
f 2246 2270 2271
f 2246 2271 2247
f 2247 2271 2272
f 2247 2272 2248
f 2248 2272 2273
f 2248 2273 2249
f 2249 2273 2274
f 2249 2274 2250
f 2250 2274 2275
f 2250 2275 2251
f 2251 2275 2276
f 2251 2276 986
f 986 2276 893
f 2265 2253 2277
f 2277 2253 2254
f 2277 2254 2278
f 2278 2254 2255
f 2278 2255 2279
f 2279 2255 2256
f 2279 2256 2280
f 2280 2256 2257
f 2280 2257 2281
f 2281 2257 2258
f 2281 2258 2282
f 2282 2258 2259
f 2282 2259 2283
f 2283 2259 2260
f 2283 2260 2284
f 2284 2260 2261
f 2284 2261 2285
f 2285 2261 2262
f 2285 2262 2286
f 2286 2262 2263
f 2286 2263 2287
f 2287 2263 2264
f 2287 2264 917
f 917 2264 919
f 2278 2288 2277
f 2277 2288 2266
f 2277 2266 2265
f 2266 2288 2267
f 2267 2288 2289
f 2267 2289 2268
f 2268 2289 2290
f 2268 2290 2269
f 2269 2290 2291
f 2269 2291 2270
f 2270 2291 2292
f 2270 2292 2271
f 2271 2292 2293
f 2271 2293 2272
f 2272 2293 2294
f 2272 2294 2273
f 2273 2294 2295
f 2273 2295 2274
f 2274 2295 2296
f 2274 2296 2275
f 2275 2296 2297
f 2275 2297 2276
f 2276 2297 895
f 2276 895 893
f 2288 2278 2298
f 2298 2278 2279
f 2298 2279 2299
f 2299 2279 2280
f 2299 2280 2300
f 2300 2280 2281
f 2300 2281 2301
f 2301 2281 2282
f 2301 2282 2302
f 2302 2282 2283
f 2302 2283 2303
f 2303 2283 2284
f 2303 2284 2304
f 2304 2284 2285
f 2304 2285 2305
f 2305 2285 2286
f 2305 2286 2306
f 2306 2286 2287
f 2306 2287 915
f 915 2287 917
f 1978 868 1962
f 1962 868 870
f 1962 870 872
f 1961 1978 1962
f 2288 2298 2289
f 2289 2298 2307
f 2289 2307 2290
f 2290 2307 2308
f 2290 2308 2291
f 2291 2308 2309
f 2291 2309 2292
f 2292 2309 2310
f 2292 2310 2293
f 2293 2310 2311
f 2293 2311 2294
f 2294 2311 2312
f 2294 2312 2295
f 2295 2312 2313
f 2295 2313 2296
f 2296 2313 2314
f 2296 2314 2297
f 2297 2314 897
f 2297 897 895
f 2307 2298 2299
f 2307 2299 2315
f 2315 2299 2300
f 2315 2300 2316
f 2316 2300 2301
f 2316 2301 2317
f 2317 2301 2302
f 2317 2302 2318
f 2318 2302 2303
f 2318 2303 2319
f 2319 2303 2304
f 2319 2304 2320
f 2320 2304 2305
f 2320 2305 2321
f 2321 2305 2306
f 2321 2306 913
f 913 2306 915
f 2307 2315 2308
f 2308 2315 2322
f 2308 2322 2309
f 2309 2322 2323
f 2309 2323 2310
f 2310 2323 2324
f 2310 2324 2311
f 2311 2324 2325
f 2311 2325 2312
f 2312 2325 2326
f 2312 2326 2313
f 2313 2326 2327
f 2313 2327 2314
f 2314 2327 899
f 2314 899 897
f 2322 2315 2316
f 2322 2316 2328
f 2328 2316 2317
f 2328 2317 2329
f 2329 2317 2318
f 2329 2318 2330
f 2330 2318 2319
f 2330 2319 2331
f 2331 2319 2320
f 2331 2320 2332
f 2332 2320 2321
f 2332 2321 911
f 911 2321 913
f 2322 2328 2323
f 2323 2328 2333
f 2323 2333 2324
f 2324 2333 2334
f 2324 2334 2325
f 2325 2334 2335
f 2325 2335 2326
f 2326 2335 2336
f 2326 2336 2327
f 2327 2336 901
f 2327 901 899
f 2333 2328 2329
f 2333 2329 2337
f 2337 2329 2330
f 2337 2330 2338
f 2338 2330 2331
f 2338 2331 2339
f 2339 2331 2332
f 2339 2332 909
f 909 2332 911
f 2333 2337 2334
f 2334 2337 2340
f 2334 2340 2335
f 2335 2340 2341
f 2335 2341 2336
f 2336 2341 903
f 2336 903 901
f 2340 2337 2338
f 2340 2338 2342
f 2342 2338 2339
f 2342 2339 907
f 907 2339 909
f 2340 2342 2341
f 2341 2342 905
f 2341 905 903
f 905 2342 907
f 1958 888 890
f 936 938 2343
f 2343 938 1177
f 2343 1177 2344
f 2344 1177 1178
f 2344 1178 1180
f 934 936 2345
f 2345 936 2343
f 2345 2343 2346
f 2346 2343 2344
f 2346 2344 2347
f 2347 2344 1180
f 2347 1180 1182
f 932 934 2348
f 2348 934 2345
f 2348 2345 2349
f 2349 2345 2346
f 2349 2346 2350
f 2350 2346 2347
f 2350 2347 2351
f 2351 2347 1182
f 2351 1182 1184
f 930 932 2352
f 2352 932 2348
f 2352 2348 2353
f 2353 2348 2349
f 2353 2349 2354
f 2354 2349 2350
f 2354 2350 2355
f 2355 2350 2351
f 2355 2351 2356
f 2356 2351 1184
f 2356 1184 1186
f 928 930 2357
f 2357 930 2352
f 2357 2352 2358
f 2358 2352 2353
f 2358 2353 2359
f 2359 2353 2354
f 2359 2354 2360
f 2360 2354 2355
f 2360 2355 2361
f 2361 2355 2356
f 2361 2356 1949
f 1949 2356 1186
f 926 928 2362
f 2362 928 2357
f 2362 2357 2363
f 2363 2357 2358
f 2363 2358 2364
f 2364 2358 2359
f 2364 2359 2365
f 2365 2359 2360
f 2365 2360 2366
f 2366 2360 2361
f 2366 2361 1947
f 1947 2361 1949
f 924 926 2367
f 2367 926 2362
f 2367 2362 2368
f 2368 2362 2363
f 2368 2363 2369
f 2369 2363 2364
f 2369 2364 2370
f 2370 2364 2365
f 2370 2365 2371
f 2371 2365 2366
f 2371 2366 1945
f 1945 2366 1947
f 922 924 2372
f 2372 924 2367
f 2372 2367 2373
f 2373 2367 2368
f 2373 2368 2374
f 2374 2368 2369
f 2374 2369 2375
f 2375 2369 2370
f 2375 2370 2376
f 2376 2370 2371
f 2376 2371 1943
f 1943 2371 1945
f 920 922 2377
f 2377 922 2372
f 2377 2372 2378
f 2378 2372 2373
f 2378 2373 2379
f 2379 2373 2374
f 2379 2374 2380
f 2380 2374 2375
f 2380 2375 2381
f 2381 2375 2376
f 2381 2376 1941
f 1941 2376 1943
f 918 920 2382
f 2382 920 2377
f 2382 2377 2383
f 2383 2377 2378
f 2383 2378 2384
f 2384 2378 2379
f 2384 2379 2385
f 2385 2379 2380
f 2385 2380 2386
f 2386 2380 2381
f 2386 2381 1939
f 1939 2381 1941
f 916 918 2387
f 2387 918 2382
f 2387 2382 2388
f 2388 2382 2383
f 2388 2383 2389
f 2389 2383 2384
f 2389 2384 2390
f 2390 2384 2385
f 2390 2385 2391
f 2391 2385 2386
f 2391 2386 1937
f 1937 2386 1939
f 914 916 2392
f 2392 916 2387
f 2392 2387 2393
f 2393 2387 2388
f 2393 2388 2394
f 2394 2388 2389
f 2394 2389 2395
f 2395 2389 2390
f 2395 2390 2396
f 2396 2390 2391
f 2396 2391 1935
f 1935 2391 1937
f 912 914 2397
f 2397 914 2392
f 2397 2392 2398
f 2398 2392 2393
f 2398 2393 2399
f 2399 2393 2394
f 2399 2394 2400
f 2400 2394 2395
f 2400 2395 2401
f 2401 2395 2396
f 2401 2396 1933
f 1933 2396 1935
f 910 912 2402
f 2402 912 2397
f 2402 2397 2403
f 2403 2397 2398
f 2403 2398 2404
f 2404 2398 2399
f 2404 2399 2405
f 2405 2399 2400
f 2405 2400 2406
f 2406 2400 2401
f 2406 2401 1931
f 1931 2401 1933
f 908 910 2407
f 2407 910 2402
f 2407 2402 2408
f 2408 2402 2403
f 2408 2403 2409
f 2409 2403 2404
f 2409 2404 2410
f 2410 2404 2405
f 2410 2405 2411
f 2411 2405 2406
f 2411 2406 1929
f 1929 2406 1931
f 906 908 2412
f 2412 908 2407
f 2412 2407 2413
f 2413 2407 2408
f 2413 2408 2414
f 2414 2408 2409
f 2414 2409 2415
f 2415 2409 2410
f 2415 2410 2416
f 2416 2410 2411
f 2416 2411 1927
f 1927 2411 1929
f 904 906 2417
f 2417 906 2412
f 2417 2412 2418
f 2418 2412 2413
f 2418 2413 2419
f 2419 2413 2414
f 2419 2414 2420
f 2420 2414 2415
f 2420 2415 2421
f 2421 2415 2416
f 2421 2416 1925
f 1925 2416 1927
f 902 904 2422
f 2422 904 2417
f 2422 2417 2423
f 2423 2417 2418
f 2423 2418 2424
f 2424 2418 2419
f 2424 2419 2425
f 2425 2419 2420
f 2425 2420 2426
f 2426 2420 2421
f 2426 2421 1923
f 1923 2421 1925
f 900 902 2427
f 2427 902 2422
f 2427 2422 2428
f 2428 2422 2423
f 2428 2423 2429
f 2429 2423 2424
f 2429 2424 2430
f 2430 2424 2425
f 2430 2425 2431
f 2431 2425 2426
f 2431 2426 1921
f 1921 2426 1923
f 898 900 2432
f 2432 900 2427
f 2432 2427 2433
f 2433 2427 2428
f 2433 2428 2434
f 2434 2428 2429
f 2434 2429 2435
f 2435 2429 2430
f 2435 2430 2436
f 2436 2430 2431
f 2436 2431 1919
f 1919 2431 1921
f 896 898 2437
f 2437 898 2432
f 2437 2432 2438
f 2438 2432 2433
f 2438 2433 2439
f 2439 2433 2434
f 2439 2434 2440
f 2440 2434 2435
f 2440 2435 2441
f 2441 2435 2436
f 2441 2436 1917
f 1917 2436 1919
f 896 2437 1956
f 1956 2437 2442
f 1956 2442 1954
f 1954 2442 2443
f 1954 2443 1952
f 1952 2443 1950
f 2442 2437 2438
f 892 894 1955
f 890 892 1958
f 1958 892 1955
f 2442 2438 2444
f 2444 2438 2439
f 2444 2439 2445
f 2445 2439 2440
f 2445 2440 2446
f 2446 2440 2441
f 2446 2441 1915
f 1915 2441 1917
f 2442 2444 2443
f 2443 2444 2447
f 2443 2447 1950
f 1950 2447 1910
f 2447 2444 2445
f 1311 1339 1312
f 1312 1339 2448
f 1312 2448 1313
f 1313 2448 2449
f 1313 2449 1314
f 1314 2449 2450
f 1314 2450 1315
f 1315 2450 2451
f 1315 2451 1316
f 1316 2451 2452
f 1316 2452 1317
f 1317 2452 2453
f 1317 2453 1318
f 1318 2453 2454
f 1318 2454 1319
f 1319 2454 2455
f 1319 2455 1320
f 1320 2455 2456
f 1320 2456 1321
f 1321 2456 2457
f 1321 2457 1322
f 1322 2457 2458
f 1322 2458 1323
f 1323 2458 2459
f 1323 2459 1324
f 1324 2459 2460
f 1324 2460 1325
f 1325 2460 2461
f 1325 2461 1326
f 1326 2461 2462
f 1326 2462 1327
f 1327 2462 2463
f 1327 2463 1328
f 1328 2463 2464
f 1328 2464 1329
f 1329 2464 2465
f 1329 2465 1330
f 1330 2465 2466
f 1330 2466 1331
f 1331 2466 2467
f 1331 2467 1332
f 1332 2467 2468
f 1332 2468 1333
f 1333 2468 2469
f 1333 2469 1334
f 1334 2469 2470
f 1334 2470 1335
f 1335 2470 2471
f 1335 2471 1336
f 1336 2471 2472
f 1336 2472 1337
f 1337 2472 2473
f 1337 2473 1338
f 1338 2473 1239
f 1338 1239 1237
f 2447 2445 2474
f 2474 2445 2446
f 2474 2446 1913
f 1913 2446 1915
f 1911 1910 2474
f 2474 1910 2447
f 1911 2474 1913
f 1340 1342 2448
f 2448 1342 2449
f 2450 2449 1344
f 1344 2449 1342
f 1188 1190 1948
f 1948 1190 2475
f 1948 2475 1946
f 1946 2475 2476
f 1946 2476 1944
f 1944 2476 2477
f 1944 2477 1942
f 1942 2477 2478
f 1942 2478 1940
f 1940 2478 2479
f 1940 2479 1938
f 1938 2479 2480
f 1938 2480 1936
f 1936 2480 2481
f 1936 2481 1934
f 1934 2481 2482
f 1934 2482 1932
f 1932 2482 2483
f 1932 2483 1930
f 1930 2483 2484
f 1930 2484 1928
f 1928 2484 2485
f 1928 2485 1926
f 1926 2485 2486
f 1926 2486 1924
f 1924 2486 2487
f 1924 2487 1922
f 1922 2487 2488
f 1922 2488 1920
f 1920 2488 2489
f 1920 2489 1918
f 1918 2489 2490
f 1918 2490 1916
f 1916 2490 2491
f 1916 2491 1914
f 1914 2491 1979
f 1914 1979 1912
f 1339 1340 2448
f 2450 1344 1346
f 2450 1346 2451
f 2451 1346 1348
f 2451 1348 2452
f 2452 1348 1350
f 2452 1350 2453
f 2453 1350 1352
f 2453 1352 2454
f 2454 1352 1354
f 2454 1354 2455
f 2455 1354 1356
f 2455 1356 2456
f 2456 1356 1358
f 2456 1358 2457
f 2457 1358 1360
f 2457 1360 2458
f 2458 1360 1362
f 2458 1362 2459
f 2459 1362 1364
f 2459 1364 2460
f 2460 1364 1366
f 2460 1366 2461
f 2461 1366 1368
f 2461 1368 2462
f 2462 1368 1370
f 2462 1370 2463
f 2463 1370 1372
f 2463 1372 2464
f 2464 1372 1374
f 2464 1374 2465
f 2465 1374 1376
f 2465 1376 2466
f 2466 1376 1378
f 2466 1378 2467
f 2467 1378 1380
f 2467 1380 2468
f 2468 1380 1382
f 2468 1382 2469
f 2469 1382 1384
f 2469 1384 2470
f 2470 1384 1386
f 2470 1386 2471
f 2471 1386 1388
f 2471 1388 2472
f 2472 1388 1390
f 2472 1390 2473
f 2473 1390 1241
f 2473 1241 1239
f 2475 1190 1192
f 2476 2475 1908
f 1908 2475 1192
f 2477 2476 1906
f 1906 2476 1908
f 1906 1904 2477
f 2477 1904 1902
f 2477 1902 2478
f 2478 1902 1900
f 2478 1900 2479
f 2479 1900 1898
f 2479 1898 2480
f 2480 1898 1896
f 2480 1896 2481
f 2481 1896 2482
f 2483 2482 1894
f 1894 2482 1896
f 1894 1892 2483
f 2483 1892 1890
f 2483 1890 2484
f 2484 1890 1888
f 2484 1888 2485
f 2485 1888 1886
f 2485 1886 2486
f 2486 1886 1884
f 2486 1884 2487
f 2487 1884 1882
f 2487 1882 2488
f 2488 1882 1880
f 2488 1880 2489
f 2489 1880 1878
f 2489 1878 2490
f 2490 1878 1876
f 2490 1876 2491
f 2491 1876 1874
f 2491 1874 1979
f 1345 1391 1347
f 1347 1391 1393
f 1347 1393 1349
f 1349 1393 1395
f 1349 1395 1351
f 1351 1395 1397
f 1351 1397 1353
f 1353 1397 1399
f 1353 1399 1355
f 1355 1399 1401
f 1355 1401 1357
f 1357 1401 1403
f 1357 1403 1359
f 1359 1403 1405
f 1359 1405 1361
f 1361 1405 1407
f 1361 1407 1363
f 1363 1407 1409
f 1363 1409 1365
f 1365 1409 1411
f 1365 1411 1367
f 1367 1411 1413
f 1367 1413 1369
f 1369 1413 1415
f 1369 1415 1371
f 1371 1415 1417
f 1371 1417 1373
f 1373 1417 1419
f 1373 1419 1375
f 1375 1419 1421
f 1375 1421 1377
f 1377 1421 1423
f 1377 1423 1379
f 1379 1423 1425
f 1379 1425 1381
f 1381 1425 1427
f 1381 1427 1383
f 1383 1427 1429
f 1383 1429 1385
f 1385 1429 1431
f 1385 1431 1387
f 1387 1431 1433
f 1387 1433 1389
f 1389 1433 1245
f 1389 1245 1243
f 1194 1196 1907
f 1907 1196 2492
f 1907 2492 1905
f 1905 2492 2493
f 1905 2493 1903
f 1903 2493 2494
f 1903 2494 1901
f 1901 2494 2495
f 1901 2495 1899
f 1899 2495 2496
f 1899 2496 1897
f 1897 2496 2497
f 1897 2497 1895
f 1895 2497 2498
f 1895 2498 1893
f 1893 2498 2499
f 1893 2499 1891
f 1891 2499 2500
f 1891 2500 1889
f 1889 2500 2501
f 1889 2501 1887
f 1887 2501 2502
f 1887 2502 1885
f 1885 2502 2503
f 1885 2503 1883
f 1883 2503 2504
f 1883 2504 1881
f 1881 2504 2505
f 1881 2505 1879
f 1879 2505 2506
f 1879 2506 1877
f 1877 2506 2507
f 1877 2507 1875
f 1875 2507 1838
f 1875 1838 1873
f 2492 1196 1198
f 2493 2492 1869
f 1869 2492 1198
f 2494 2493 1867
f 1867 2493 1869
f 2495 2494 1865
f 1865 2494 1867
f 2496 2495 1863
f 1863 2495 1865
f 2497 2496 1861
f 1861 2496 1863
f 2498 2497 1859
f 1859 2497 1861
f 2499 2498 1857
f 1857 2498 1859
f 2500 2499 1855
f 1855 2499 1857
f 2501 2500 1853
f 1853 2500 1855
f 2502 2501 1851
f 1851 2501 1853
f 2503 2502 1849
f 1849 2502 1851
f 2504 2503 1847
f 1847 2503 1849
f 2505 2504 1845
f 1845 2504 1847
f 2506 2505 1843
f 1843 2505 1845
f 2507 2506 1841
f 1841 2506 1843
f 1838 2507 1839
f 1839 2507 1841
f 1455 2508 1454
f 1454 2508 1435
f 1454 1435 1434
f 1435 2508 1436
f 1436 2508 2509
f 1436 2509 1437
f 1437 2509 2510
f 1437 2510 1438
f 1438 2510 2511
f 1438 2511 1439
f 1439 2511 2512
f 1439 2512 1440
f 1440 2512 2513
f 1440 2513 1441
f 1441 2513 2514
f 1441 2514 1442
f 1442 2514 2515
f 1442 2515 1443
f 1443 2515 2516
f 1443 2516 1444
f 1444 2516 2517
f 1444 2517 1445
f 1445 2517 2518
f 1445 2518 1446
f 1446 2518 2519
f 1446 2519 1447
f 1447 2519 2520
f 1447 2520 1448
f 1448 2520 2521
f 1448 2521 1449
f 1449 2521 2522
f 1449 2522 1450
f 1450 2522 2523
f 1450 2523 1451
f 1451 2523 2524
f 1451 2524 1452
f 1452 2524 2525
f 1452 2525 1453
f 1453 2525 1251
f 1453 1251 1249
f 2508 1455 2526
f 2526 1455 1456
f 2526 1456 1458
f 1868 1200 1202
f 1866 1868 2527
f 2527 1868 1202
f 2527 1202 1204
f 1864 1866 2528
f 2528 1866 2527
f 2528 2527 1836
f 1836 2527 1204
f 1862 1864 2529
f 2529 1864 2528
f 2529 2528 1834
f 1834 2528 1836
f 1860 1862 2530
f 2530 1862 2529
f 2530 2529 1832
f 1832 2529 1834
f 1858 1860 2531
f 2531 1860 2530
f 2531 2530 1830
f 1830 2530 1832
f 1856 1858 2532
f 2532 1858 2531
f 2532 2531 1828
f 1828 2531 1830
f 1854 1856 2533
f 2533 1856 2532
f 2533 2532 1826
f 1826 2532 1828
f 1852 1854 2534
f 2534 1854 2533
f 2534 2533 1824
f 1824 2533 1826
f 1850 1852 2535
f 2535 1852 2534
f 2535 2534 1822
f 1822 2534 1824
f 1848 1850 2536
f 2536 1850 2535
f 2536 2535 1820
f 1820 2535 1822
f 1846 1848 2537
f 2537 1848 2536
f 2537 2536 1818
f 1818 2536 1820
f 1844 1846 2538
f 2538 1846 2537
f 2538 2537 1816
f 1816 2537 1818
f 1842 1844 2539
f 2539 1844 2538
f 2539 2538 1814
f 1814 2538 1816
f 1840 1842 1811
f 1811 1842 2539
f 1811 2539 1812
f 1812 2539 1814
f 1458 2540 2526
f 2526 2540 2509
f 2526 2509 2508
f 2509 2540 2510
f 2510 2540 2541
f 2510 2541 2511
f 2511 2541 2542
f 2511 2542 2512
f 2512 2542 2543
f 2512 2543 2513
f 2513 2543 2544
f 2513 2544 2514
f 2514 2544 2545
f 2514 2545 2515
f 2515 2545 2546
f 2515 2546 2516
f 2516 2546 2547
f 2516 2547 2517
f 2517 2547 2548
f 2517 2548 2518
f 2518 2548 2549
f 2518 2549 2519
f 2519 2549 2550
f 2519 2550 2520
f 2520 2550 2551
f 2520 2551 2521
f 2521 2551 2552
f 2521 2552 2522
f 2522 2552 2553
f 2522 2553 2523
f 2523 2553 2554
f 2523 2554 2524
f 2524 2554 2555
f 2524 2555 2525
f 2525 2555 1253
f 2525 1253 1251
f 2541 2540 1460
f 1460 2540 1458
f 1206 1208 1835
f 1835 1208 2556
f 1835 2556 1833
f 1833 2556 2557
f 1833 2557 1831
f 1831 2557 2558
f 1831 2558 1829
f 1829 2558 2559
f 1829 2559 1827
f 1827 2559 2560
f 1827 2560 1825
f 1825 2560 2561
f 1825 2561 1823
f 1823 2561 2562
f 1823 2562 1821
f 1821 2562 2563
f 1821 2563 1819
f 1819 2563 2564
f 1819 2564 1817
f 1817 2564 2565
f 1817 2565 1815
f 1815 2565 1807
f 1815 1807 1813
f 1489 1504 1490
f 1490 1504 2566
f 1490 2566 1491
f 1491 2566 2567
f 1491 2567 1492
f 1492 2567 2568
f 1492 2568 1493
f 1493 2568 2569
f 1493 2569 1494
f 1494 2569 2570
f 1494 2570 1495
f 1495 2570 2571
f 1495 2571 1496
f 1496 2571 2572
f 1496 2572 1497
f 1497 2572 2573
f 1497 2573 1498
f 1498 2573 2574
f 1498 2574 1499
f 1499 2574 2575
f 1499 2575 1500
f 1500 2575 2576
f 1500 2576 1501
f 1501 2576 2577
f 1501 2577 1502
f 1502 2577 2578
f 1502 2578 1503
f 1503 2578 1261
f 1503 1261 1259
f 2541 1460 1462
f 2541 1462 2542
f 2542 1462 1464
f 2542 1464 2543
f 2543 1464 1466
f 2543 1466 2544
f 2544 1466 1468
f 2544 1468 2545
f 2545 1468 1470
f 2545 1470 2546
f 2546 1470 1472
f 2546 1472 2547
f 2547 1472 1474
f 2547 1474 2548
f 2548 1474 1476
f 2548 1476 2549
f 2549 1476 1478
f 2549 1478 2550
f 2550 1478 1480
f 2550 1480 2551
f 2551 1480 1482
f 2551 1482 2552
f 2552 1482 1484
f 2552 1484 2553
f 2553 1484 1486
f 2553 1486 2554
f 2554 1486 1488
f 2554 1488 2555
f 2555 1488 1255
f 2555 1255 1253
f 2556 1208 1210
f 2557 2556 2579
f 2579 2556 1210
f 2579 1210 1212
f 2558 2557 2580
f 2580 2557 2579
f 2580 2579 2581
f 2581 2579 1212
f 2581 1212 1214
f 2559 2558 2582
f 2582 2558 2580
f 2582 2580 2583
f 2583 2580 2581
f 2583 2581 1805
f 1805 2581 1214
f 2560 2559 2584
f 2584 2559 2582
f 2584 2582 2585
f 2585 2582 2583
f 2585 2583 1803
f 1803 2583 1805
f 2561 2560 2586
f 2586 2560 2584
f 2586 2584 2587
f 2587 2584 2585
f 2587 2585 1801
f 1801 2585 1803
f 2562 2561 2588
f 2588 2561 2586
f 2588 2586 2589
f 2589 2586 2587
f 2589 2587 1799
f 1799 2587 1801
f 2563 2562 2590
f 2590 2562 2588
f 2590 2588 2591
f 2591 2588 2589
f 2591 2589 1797
f 1797 2589 1799
f 2564 2563 2592
f 2592 2563 2590
f 2592 2590 2593
f 2593 2590 2591
f 2593 2591 1795
f 1795 2591 1797
f 2565 2564 2594
f 2594 2564 2592
f 2594 2592 2595
f 2595 2592 2593
f 2595 2593 1793
f 1793 2593 1795
f 1807 2565 1808
f 1808 2565 2594
f 1808 2594 1809
f 1809 2594 2595
f 1809 2595 1791
f 1791 2595 1793
f 1504 1505 2566
f 2566 1505 1507
f 2566 1507 2567
f 2567 1507 1509
f 2567 1509 2568
f 2568 1509 1511
f 2568 1511 2569
f 2569 1511 1513
f 2569 1513 2570
f 2570 1513 1515
f 2570 1515 2571
f 2571 1515 1517
f 2571 1517 2572
f 2572 1517 1519
f 2572 1519 2573
f 2573 1519 1521
f 2573 1521 2574
f 2574 1521 1523
f 2574 1523 2575
f 2575 1523 1525
f 2575 1525 2576
f 2576 1525 1527
f 2576 1527 2577
f 2577 1527 1529
f 2577 1529 2578
f 2578 1529 1263
f 2578 1263 1261
f 1216 1218 1804
f 1804 1218 1787
f 1804 1787 1802
f 1802 1787 1785
f 1802 1785 1800
f 1800 1785 1783
f 1800 1783 1798
f 1798 1783 1781
f 1798 1781 1796
f 1796 1781 1779
f 1796 1779 1794
f 1794 1779 1777
f 1794 1777 1792
f 1792 1777 1775
f 1792 1775 1774
f 1542 2596 1541
f 1541 2596 1531
f 1541 1531 1530
f 1531 2596 1532
f 1532 2596 2597
f 1532 2597 1533
f 1533 2597 2598
f 1533 2598 1534
f 1534 2598 2599
f 1534 2599 1535
f 1535 2599 2600
f 1535 2600 1536
f 1536 2600 2601
f 1536 2601 1537
f 1537 2601 2602
f 1537 2602 1538
f 1538 2602 2603
f 1538 2603 1539
f 1539 2603 2604
f 1539 2604 1540
f 1540 2604 1269
f 1540 1269 1267
f 2596 1542 2605
f 2605 1542 1543
f 2605 1543 1545
f 1981 1987 1980
f 1980 1987 1770
f 1545 2606 2605
f 2605 2606 2597
f 2605 2597 2596
f 2597 2606 2598
f 2598 2606 2607
f 2598 2607 2599
f 2599 2607 2608
f 2599 2608 2600
f 2600 2608 2609
f 2600 2609 2601
f 2601 2609 2610
f 2601 2610 2602
f 2602 2610 2611
f 2602 2611 2603
f 2603 2611 2612
f 2603 2612 2604
f 2604 2612 1271
f 2604 1271 1269
f 2607 2606 1547
f 1547 2606 1545
f 1984 1222 1224
f 1983 1984 2613
f 2613 1984 1224
f 2613 1224 1226
f 1982 1983 2614
f 2614 1983 2613
f 2614 2613 2615
f 2615 2613 1226
f 2615 1226 1228
f 1982 2614 1988
f 1988 2614 2616
f 1988 2616 1986
f 1986 2616 1985
f 2616 2614 2615
f 1558 1564 1559
f 1559 1564 2617
f 1559 2617 1560
f 1560 2617 2618
f 1560 2618 1561
f 1561 2618 2619
f 1561 2619 1562
f 1562 2619 2620
f 1562 2620 1563
f 1563 2620 1279
f 1563 1279 1277
f 2607 1547 1549
f 2607 1549 2608
f 2608 1549 1551
f 2608 1551 2609
f 2609 1551 1553
f 2609 1553 2610
f 2610 1553 1555
f 2610 1555 2611
f 2611 1555 1557
f 2611 1557 2612
f 2612 1557 1273
f 2612 1273 1271
f 2616 2615 2621
f 2621 2615 1228
f 2621 1228 1230
f 2616 2621 1985
f 1985 2621 2622
f 1985 2622 1771
f 1771 2622 1772
f 2622 2621 1230
f 1770 1985 1771
f 1564 1565 2617
f 2617 1565 1567
f 2617 1567 2618
f 2618 1567 1569
f 2618 1569 2619
f 2619 1569 1571
f 2619 1571 2620
f 2620 1571 1281
f 2620 1281 1279
f 1772 2622 1232
f 1232 2622 1230
f 1289 1287 1574
f 1574 1287 1573
f 1574 1573 1572
f 1287 1285 1573
f 1286 1288 1621
f 1286 1621 1642
f 1642 1621 1619
f 1642 1619 1640
f 1640 1619 1617
f 1640 1617 1638
f 1638 1617 1615
f 1638 1615 1636
f 1636 1615 1613
f 1636 1613 1634
f 1634 1613 1611
f 1634 1611 1632
f 1632 1611 1609
f 1632 1609 1630
f 1630 1609 1607
f 1630 1607 1628
f 1628 1607 1605
f 1628 1605 1626
f 1626 1605 1603
f 1626 1603 1602
f 1282 1284 1641
f 1282 1641 1663
f 1663 1641 1639
f 1663 1639 1661
f 1661 1639 1637
f 1661 1637 1659
f 1659 1637 1635
f 1659 1635 1657
f 1657 1635 1633
f 1657 1633 1655
f 1655 1633 1631
f 1655 1631 1653
f 1653 1631 1629
f 1653 1629 1651
f 1651 1629 1627
f 1651 1627 1649
f 1649 1627 1625
f 1649 1625 1647
f 1647 1625 1624
f 1647 1624 1623
f 1278 1280 1662
f 1276 1278 2623
f 2623 1278 1662
f 2623 1662 1660
f 1274 1276 2624
f 2624 1276 2623
f 2624 2623 2625
f 2625 2623 1660
f 2625 1660 1658
f 1272 1274 2626
f 2626 1274 2624
f 2626 2624 2627
f 2627 2624 2625
f 2627 2625 2628
f 2628 2625 1658
f 2628 1658 1656
f 1272 2626 1685
f 1685 2626 2629
f 1685 2629 1683
f 1683 2629 2630
f 1683 2630 1681
f 1681 2630 2631
f 1681 2631 1679
f 1679 2631 2632
f 1679 2632 1677
f 1677 2632 2633
f 1677 2633 1675
f 1675 2633 2634
f 1675 2634 1673
f 1673 2634 2635
f 1673 2635 1671
f 1671 2635 2636
f 1671 2636 1669
f 1669 2636 2637
f 1669 2637 1667
f 1667 2637 1643
f 2629 2626 2627
f 1268 1270 1684
f 1266 1268 2638
f 2638 1268 1684
f 2638 1684 1682
f 1266 2638 1705
f 1705 2638 2639
f 1705 2639 1703
f 1703 2639 2640
f 1703 2640 1701
f 1701 2640 2641
f 1701 2641 1699
f 1699 2641 2642
f 1699 2642 1697
f 1697 2642 2643
f 1697 2643 1695
f 1695 2643 2644
f 1695 2644 1693
f 1693 2644 2645
f 1693 2645 1691
f 1691 2645 2646
f 1691 2646 1689
f 1689 2646 1665
f 1689 1665 1664
f 2639 2638 1682
f 1262 1264 1704
f 1260 1262 2647
f 2647 1262 1704
f 2647 1704 1702
f 1260 2647 1724
f 1724 2647 1702
f 1724 1702 1722
f 1722 1702 1700
f 1722 1700 1720
f 1720 1700 1698
f 1720 1698 1718
f 1718 1698 1696
f 1718 1696 1716
f 1716 1696 1694
f 1716 1694 1714
f 1714 1694 1692
f 1714 1692 1712
f 1712 1692 1690
f 1712 1690 1710
f 1710 1690 1688
f 1710 1688 1687
f 1256 1258 1723
f 1254 1256 2648
f 2648 1256 1723
f 2648 1723 1721
f 1252 1254 2649
f 2649 1254 2648
f 2649 2648 2650
f 2650 2648 1721
f 2650 1721 1719
f 1250 1252 2651
f 2651 1252 2649
f 2651 2649 2652
f 2652 2649 2650
f 2652 2650 2653
f 2653 2650 1719
f 2653 1719 1717
f 1248 1250 2654
f 2654 1250 2651
f 2654 2651 2655
f 2655 2651 2652
f 2655 2652 2656
f 2656 2652 2653
f 2656 2653 2657
f 2657 2653 1717
f 2657 1717 1715
f 1246 1248 2658
f 2658 1248 2654
f 2658 2654 2659
f 2659 2654 2655
f 2659 2655 2660
f 2660 2655 2656
f 2660 2656 2661
f 2661 2656 2657
f 2661 2657 2662
f 2662 2657 1715
f 2662 1715 1713
f 1244 1246 2663
f 2663 1246 2658
f 2663 2658 2664
f 2664 2658 2659
f 2664 2659 2665
f 2665 2659 2660
f 2665 2660 2666
f 2666 2660 2661
f 2666 2661 2667
f 2667 2661 2662
f 2667 2662 2668
f 2668 2662 1713
f 2668 1713 1711
f 1242 1244 2669
f 2669 1244 2663
f 2669 2663 2670
f 2670 2663 2664
f 2670 2664 2671
f 2671 2664 2665
f 2671 2665 2672
f 2672 2665 2666
f 2672 2666 2673
f 2673 2666 2667
f 2673 2667 2674
f 2674 2667 2668
f 2674 2668 2675
f 2675 2668 1711
f 2675 1711 1709
f 1240 1242 2676
f 2676 1242 2669
f 2676 2669 2677
f 2677 2669 2670
f 2677 2670 2678
f 2678 2670 2671
f 2678 2671 2679
f 2679 2671 2672
f 2679 2672 2680
f 2680 2672 2673
f 2680 2673 2681
f 2681 2673 2674
f 2681 2674 2682
f 2682 2674 2675
f 2682 2675 2683
f 2683 2675 1709
f 2683 1709 1708
f 1238 1240 1741
f 1741 1240 2676
f 1741 2676 1739
f 1739 2676 2677
f 1739 2677 1737
f 1737 2677 2678
f 1737 2678 1735
f 1735 2678 2679
f 1735 2679 1733
f 1733 2679 2680
f 1733 2680 1731
f 1731 2680 2681
f 1731 2681 1729
f 1729 2681 2682
f 1729 2682 1727
f 1727 2682 2683
f 1727 2683 1707
f 1707 2683 1708
f 1747 1743 1742
f 1747 1742 1740
f 1620 1292 1294
f 1620 1294 1618
f 1618 1294 1296
f 1618 1296 1616
f 1616 1296 1298
f 1616 1298 1614
f 1614 1298 1300
f 1614 1300 1612
f 1612 1300 1302
f 1612 1302 1610
f 1610 1302 1304
f 1610 1304 1608
f 1608 1304 1306
f 1608 1306 1606
f 1606 1306 1308
f 1606 1308 1604
f 1604 1308 1310
f 2629 2627 2684
f 2684 2627 2628
f 2684 2628 2685
f 2685 2628 1656
f 2685 1656 1654
f 2629 2684 2630
f 2630 2684 2686
f 2630 2686 2631
f 2631 2686 2687
f 2631 2687 2632
f 2632 2687 2688
f 2632 2688 2633
f 2633 2688 2689
f 2633 2689 2634
f 2634 2689 2690
f 2634 2690 2635
f 2635 2690 2691
f 2635 2691 2636
f 2636 2691 2692
f 2636 2692 2637
f 2637 2692 1643
f 2686 2684 2685
f 2639 1682 1680
f 2639 1680 2640
f 2640 1680 1678
f 2640 1678 2641
f 2641 1678 1676
f 2641 1676 2642
f 2642 1676 1674
f 2642 1674 2643
f 2643 1674 1672
f 2643 1672 2644
f 2644 1672 1670
f 2644 1670 2645
f 2645 1670 1668
f 2645 1668 2646
f 2646 1668 1666
f 2646 1666 1665
f 1766 1746 1748
f 1736 1768 1738
f 1738 1768 1748
f 1768 1766 1748
f 2686 2685 2693
f 2693 2685 1654
f 2693 1654 1652
f 1583 2694 1582
f 1582 2694 1576
f 1582 1576 1575
f 1576 2694 1577
f 1577 2694 2695
f 1577 2695 1578
f 1578 2695 2696
f 1578 2696 1579
f 1579 2696 2697
f 1579 2697 1580
f 1580 2697 1593
f 1580 1593 1581
f 2695 2694 1585
f 1585 2694 1583
f 1652 2698 2693
f 2693 2698 2687
f 2693 2687 2686
f 2687 2698 2688
f 2688 2698 2699
f 2688 2699 2689
f 2689 2699 2700
f 2689 2700 2690
f 2690 2700 2701
f 2690 2701 2691
f 2691 2701 1644
f 2691 1644 2692
f 2692 1644 1643
f 2699 2698 1650
f 1650 2698 1652
f 1769 1734 1761
f 1760 1732 1730
f 1767 1769 1989
f 1989 1769 1761
f 1989 1761 1759
f 2695 1585 1587
f 2695 1587 2696
f 2696 1587 1589
f 2696 1589 2697
f 2697 1589 1591
f 2697 1591 1593
f 2699 1650 1648
f 2699 1648 2700
f 2700 1648 1646
f 2700 1646 2701
f 2701 1646 1645
f 2701 1645 1644
f 1760 1730 1754
f 1754 1730 1728
f 1760 1754 1758
f 1758 1754 1753
f 1758 1753 1752
f 1599 1598 1600
f 1600 1598 1597
f 1091 2702 195
f 195 2702 2703
f 195 2703 194
f 194 2703 2704
f 194 2704 193
f 193 2704 2705
f 193 2705 192
f 192 2705 446
f 446 2705 2706
f 446 2706 447
f 447 2706 2707
f 447 2707 449
f 449 2707 2708
f 449 2708 441
f 441 2708 2709
f 441 2709 435
f 435 2709 2710
f 435 2710 436
f 436 2710 2711
f 436 2711 450
f 450 2711 453
f 453 2711 2712
f 453 2712 2713
f 2713 2712 2714
f 2713 2714 2715
f 2715 2714 2716
f 2715 2716 2717
f 2717 2716 2718
f 2717 2718 2719
f 2719 2718 987
f 2719 987 963
f 1091 1060 2702
f 2702 1060 2720
f 2702 2720 2703
f 2703 2720 2721
f 2703 2721 2704
f 2704 2721 2722
f 2704 2722 2705
f 2705 2722 2706
f 1060 1035 2720
f 2720 1035 2723
f 2720 2723 2721
f 2721 2723 2724
f 2721 2724 2722
f 2722 2724 2725
f 2722 2725 2706
f 2706 2725 2707
f 1035 1017 2723
f 2723 1017 2726
f 2723 2726 2724
f 2724 2726 2727
f 2724 2727 2725
f 2725 2727 2728
f 2725 2728 2707
f 2707 2728 2708
f 2726 1017 2729
f 2729 1017 1003
f 2729 1003 2730
f 2730 1003 992
f 2730 992 2731
f 2731 992 987
f 2731 987 2718
f 939 2732 963
f 963 2732 2733
f 963 2733 2719
f 2719 2733 2734
f 2719 2734 2717
f 2717 2734 2735
f 2717 2735 2715
f 2715 2735 2736
f 2715 2736 2713
f 2713 2736 422
f 2713 422 453
f 841 2737 939
f 939 2737 2738
f 939 2738 2732
f 2732 2738 2739
f 2732 2739 2740
f 2740 2739 2741
f 2740 2741 2742
f 2742 2741 2743
f 2742 2743 2744
f 2744 2743 350
f 2744 350 422
f 2737 841 2745
f 2745 841 839
f 2745 839 2746
f 2746 839 2747
f 2746 2747 2748
f 2748 2747 2749
f 2748 2749 2750
f 2750 2749 2751
f 2750 2751 2752
f 2752 2751 2753
f 2752 2753 458
f 839 835 2747
f 2747 835 2754
f 2747 2754 2749
f 2749 2754 2755
f 2749 2755 2751
f 2751 2755 2756
f 2751 2756 2753
f 2754 835 2757
f 2757 835 833
f 2757 833 2758
f 2758 2756 2757
f 2757 2756 2755
f 2757 2755 2754
f 458 457 2752
f 2752 457 2759
f 2752 2759 2750
f 2750 2759 2760
f 2750 2760 2748
f 2748 2760 2761
f 2748 2761 2746
f 2746 2761 2745
f 2759 457 2762
f 2762 457 455
f 2762 455 2763
f 2763 455 2764
f 2763 2764 2765
f 2765 2764 2766
f 2765 2766 2767
f 2767 2766 2739
f 2767 2739 2738
f 455 351 2764
f 2764 351 2768
f 2764 2768 2766
f 2766 2768 2741
f 2766 2741 2739
f 351 350 2768
f 2768 350 2743
f 2768 2743 2741
f 422 2736 2744
f 2744 2736 2735
f 2744 2735 2742
f 2742 2735 2734
f 2742 2734 2740
f 2740 2734 2733
f 2740 2733 2732
f 2727 2726 2769
f 2769 2726 2729
f 2769 2729 2770
f 2770 2729 2730
f 2770 2730 2771
f 2771 2730 2731
f 2771 2731 2716
f 2716 2731 2718
f 2709 2708 2728
f 2728 2727 2772
f 2772 2727 2769
f 2772 2769 2773
f 2773 2769 2770
f 2773 2770 2774
f 2774 2770 2771
f 2774 2771 2714
f 2714 2771 2716
f 2710 2709 2772
f 2772 2709 2728
f 2710 2772 2773
f 2711 2710 2773
f 2711 2773 2774
f 2712 2711 2774
f 2712 2774 2714
f 2738 2737 2767
f 2767 2737 2775
f 2767 2775 2765
f 2765 2775 2776
f 2765 2776 2763
f 2763 2776 2762
f 2775 2737 2745
f 2776 2775 2761
f 2761 2775 2745
f 2776 2761 2760
f 2759 2762 2760
f 2760 2762 2776
f 2777 2778 2779
f 2779 2778 2780
f 2779 2780 2781
f 2781 2780 2782
f 2781 2782 2783
f 2783 2782 2784
f 2783 2784 2785
f 2785 2784 2786
f 2785 2786 2787
f 2787 2786 458
f 2787 458 2788
f 2788 458 2789
f 2788 2789 2790
f 2790 2789 2791
f 2790 2791 2792
f 2792 2791 2793
f 2792 2793 2794
f 2794 2793 2795
f 2794 2795 2779
f 2779 2795 833
f 833 2795 2758
f 2758 2795 2796
f 2758 2796 2756
f 2756 2796 2797
f 2756 2797 2753
f 2753 2797 2798
f 2753 2798 458
f 458 2798 2799
f 458 2799 2800
f 2800 2799 2801
f 2800 2801 2791
f 2791 2801 2793
f 2777 2802 2778
f 2778 2802 2803
f 2778 2803 2780
f 2780 2803 2782
f 2803 2802 2804
f 2804 2802 2805
f 2804 2805 2806
f 2806 2805 459
f 2806 459 2786
f 2786 459 458
f 2779 2807 2808
f 2808 2807 2809
f 2808 2809 2810
f 2810 2809 2811
f 2810 2811 2790
f 2790 2811 2788
f 2779 2808 2812
f 2812 2808 2810
f 2812 2810 2792
f 2792 2810 2790
f 2782 2803 2804
f 2786 2784 2806
f 2806 2784 2804
f 2784 2782 2804
f 2807 2779 2781
f 2795 2793 2796
f 2796 2793 2801
f 2796 2801 2797
f 2797 2801 2799
f 2797 2799 2798
f 2789 458 2800
f 2788 2811 2787
f 2787 2811 2785
f 2807 2781 2783
f 2811 2809 2785
f 2785 2809 2783
f 2792 2794 2812
f 2812 2794 2779
f 2809 2807 2783
f 2800 2791 2789
f 2813 2814 2815
f 2815 2814 2816
f 2815 2816 2817
f 2817 2816 2818
f 2817 2818 2819
f 2819 2818 2820
f 2819 2820 2821
f 2821 2820 2822
f 2821 2822 2823
f 2823 2822 2824
f 2823 2824 2825
f 2825 2824 2826
f 2825 2826 2827
f 2827 2826 2828
f 2827 2828 2829
f 2829 2828 469
f 2829 469 467
f 2818 2816 2830
f 2830 2816 508
f 2830 508 495
f 472 2831 495
f 495 2831 2832
f 495 2832 2833
f 2833 2832 2822
f 2833 2822 2820
f 2831 472 2834
f 2834 472 470
f 2834 470 2828
f 2828 470 469
f 467 465 2829
f 2829 465 2835
f 2829 2835 2836
f 2836 2835 2837
f 2836 2837 2838
f 2838 2837 2839
f 2838 2839 2840
f 2840 2839 2841
f 2840 2841 2842
f 2842 2841 2779
f 2779 2841 2777
f 2777 2841 2802
f 2802 2841 2839
f 2802 2839 2837
f 465 459 2835
f 2835 459 2805
f 2835 2805 2837
f 2837 2805 2802
f 2840 2842 2843
f 2843 2842 2844
f 2843 2844 2845
f 2845 2844 2846
f 2845 2846 2823
f 2823 2846 2821
f 2844 2813 2846
f 2846 2813 2847
f 2846 2847 2821
f 2821 2847 2819
f 2819 2847 2848
f 2848 2847 2813
f 2848 2813 2815
f 495 2833 2830
f 2830 2833 2820
f 2830 2820 2818
f 2848 2815 2817
f 2848 2817 2819
f 2824 2822 2832
f 2834 2828 2826
f 2827 2849 2825
f 2825 2849 2845
f 2825 2845 2823
f 2845 2849 2843
f 2843 2849 2838
f 2843 2838 2840
f 2829 2836 2827
f 2827 2836 2849
f 2836 2838 2849
f 2831 2834 2826
f 2831 2826 2824
f 2832 2831 2824
f 2850 2851 2852
f 2852 2851 2853
f 2852 2853 2854
f 2854 2853 2816
f 2854 2816 2814
f 2851 2855 2853
f 2853 2855 508
f 2853 508 2816
f 2855 510 508
f 2850 2856 2851
f 2851 2856 2857
f 2851 2857 2855
f 2855 2857 2858
f 2855 2858 510
f 2856 2859 2857
f 2857 2859 2860
f 2857 2860 2858
f 2858 2860 2861
f 2861 2860 2862
f 2862 2860 2863
f 2862 2863 2864
f 2864 2863 2865
f 2864 2865 2866
f 2866 2865 2867
f 2866 2867 2868
f 2868 2867 2869
f 2868 2869 2870
f 2870 2869 2871
f 2871 2869 2872
f 2871 2872 2873
f 2873 2872 2874
f 2873 2874 2875
f 2875 2874 2876
f 2875 2876 2877
f 2859 2878 2860
f 2860 2878 2863
f 2878 2879 2863
f 2863 2879 2865
f 2879 2880 2865
f 2865 2880 2867
f 2880 2881 2867
f 2867 2881 2869
f 2881 2882 2869
f 2869 2882 2883
f 2869 2883 2872
f 2872 2883 2876
f 2872 2876 2874
f 2875 2877 2884
f 2884 2877 2885
f 2884 2885 2886
f 2886 2885 2887
f 2886 2887 2888
f 2888 2887 2889
f 2888 2889 2890
f 2890 2889 2891
f 2890 2891 2892
f 2890 2892 2893
f 2893 2892 2894
f 2893 2894 2895
f 2895 2894 2896
f 2895 2896 2897
f 2897 2896 2898
f 2897 2898 2899
f 2899 2898 2900
f 2899 2900 2901
f 2901 2900 2902
f 2901 2902 2903
f 2903 2902 2904
f 2903 2904 2905
f 2905 2904 2906
f 2906 2904 2907
f 2906 2907 2908
f 2908 2907 2909
f 2908 2909 2910
f 2910 2909 2911
f 2910 2911 2912
f 2912 2911 2913
f 2912 2913 2914
f 2914 2913 2915
f 2914 2915 2916
f 2916 2915 2917
f 2916 2917 2918
f 2918 2917 2919
f 2918 2919 2920
f 2920 2919 2921
f 2920 2921 2922
f 2922 2921 2923
f 2922 2923 2924
f 2924 2923 2925
f 2924 2925 2926
f 2902 2927 2904
f 2904 2927 2907
f 2927 2928 2907
f 2907 2928 2909
f 2928 2929 2909
f 2909 2929 2911
f 2929 2930 2911
f 2911 2930 2913
f 2930 2931 2913
f 2913 2931 2915
f 2931 2932 2915
f 2915 2932 2917
f 2932 2933 2917
f 2917 2933 2919
f 2933 2934 2919
f 2919 2934 2921
f 2934 2925 2921
f 2921 2925 2923
f 2935 2936 2926
f 2926 2936 2937
f 2926 2937 2924
f 2924 2937 2938
f 2924 2938 2922
f 2936 2935 2939
f 2939 2935 2940
f 2939 2940 2941
f 2941 2940 2942
f 2941 2942 2943
f 2941 2943 2944
f 2944 2943 2945
f 2944 2945 2946
f 2946 2945 2947
f 2946 2947 2948
f 2948 2947 2949
f 2948 2949 2950
f 2950 2949 2951
f 2951 2949 2952
f 2951 2952 2953
f 2953 2952 2954
f 2954 2952 2955
f 2954 2955 2956
f 2947 2955 2949
f 2949 2955 2952
f 2953 547 2951
f 2948 2950 2946
f 2946 2950 2957
f 2946 2957 2944
f 2944 2957 2958
f 2944 2958 2941
f 2941 2958 2959
f 2941 2959 2960
f 2941 2960 2939
f 2939 2960 2961
f 2939 2961 2936
f 2936 2961 2938
f 2936 2938 2937
f 2903 2905 2901
f 2901 2905 2962
f 2901 2962 2899
f 2899 2962 2963
f 2899 2963 2897
f 2897 2963 2964
f 2897 2964 2895
f 2895 2964 2965
f 2895 2965 2893
f 2893 2965 2966
f 2893 2966 2890
f 2890 2966 2967
f 2890 2967 2968
f 2890 2968 2888
f 2888 2968 2969
f 2888 2969 2886
f 2886 2969 2970
f 2886 2970 2884
f 2884 2970 2971
f 2884 2971 2875
f 2875 2971 2873
f 2972 2973 2974
f 2974 2973 2975
f 2974 2975 2976
f 2976 2975 2954
f 2976 2954 2956
f 2973 2977 2975
f 2975 2977 548
f 2975 548 2953
f 2953 548 547
f 550 549 2977
f 2977 549 548
f 2953 2954 2975
f 2978 2979 2980
f 2980 2979 2981
f 2980 2981 2982
f 2982 2981 2983
f 2982 2983 2984
f 2984 2983 2985
f 2984 2985 2986
f 2986 2985 2987
f 2986 2987 2988
f 2988 2987 2989
f 2988 2989 2990
f 2990 2989 2991
f 2990 2991 2992
f 2992 2991 2993
f 2992 2993 2994
f 2994 2993 2995
f 2994 2995 2996
f 2996 2995 2997
f 2996 2997 2973
f 2973 2997 2977
f 2977 2997 2998
f 2977 2998 550
f 550 2998 551
f 551 2998 555
f 555 2998 2999
f 555 2999 260
f 260 2999 3000
f 260 3000 258
f 258 3000 3001
f 258 3001 3002
f 3002 3001 2991
f 3002 2991 2989
f 2978 3003 2979
f 2979 3003 3004
f 2979 3004 2981
f 2981 3004 3005
f 2981 3005 2983
f 2983 3005 3006
f 2983 3006 2985
f 2985 3006 3007
f 2985 3007 2987
f 2987 3007 3008
f 2987 3008 2989
f 2989 3008 3002
f 3003 3009 3004
f 3004 3009 3010
f 3004 3010 3005
f 3005 3010 3011
f 3005 3011 3006
f 3006 3011 3012
f 3006 3012 3007
f 3007 3012 256
f 3007 256 3008
f 3008 256 3002
f 3009 254 3010
f 3010 254 3011
f 254 256 3011
f 3011 256 3012
f 256 258 3002
f 2973 2972 2996
f 2996 2972 3013
f 2996 3013 2994
f 2994 3013 3014
f 2994 3014 2992
f 2992 3014 3015
f 2992 3015 2990
f 2990 3015 2988
f 3015 2982 2988
f 2988 2982 2986
f 2986 2982 2984
f 2991 3001 2993
f 2993 3001 3000
f 2993 3000 2995
f 2995 3000 2999
f 2995 2999 2997
f 2997 2999 2998
f 3016 3017 1755
f 1755 3017 3018
f 1755 3018 3019
f 3019 3018 3020
f 3019 3020 3021
f 3021 3020 3022
f 3021 3022 3023
f 3023 3022 3024
f 3023 3024 3025
f 3025 3024 252
f 3025 252 3026
f 3026 252 3027
f 3026 3027 3028
f 3028 3027 3029
f 3028 3029 3030
f 3030 3029 3031
f 3030 3031 3032
f 3032 3031 3033
f 3032 3033 2980
f 2980 3033 2978
f 2978 3033 3003
f 3003 3033 3034
f 3003 3034 3035
f 3035 3034 3036
f 3035 3036 3037
f 3037 3036 3038
f 3037 3038 254
f 254 3038 252
f 252 3038 3027
f 3016 3039 3017
f 3017 3039 3040
f 3017 3040 3018
f 3018 3040 3020
f 3040 3039 3041
f 3041 3039 3042
f 3041 3042 3043
f 3043 3042 252
f 3043 252 3024
f 3037 254 3044
f 3044 254 3009
f 3044 3009 3035
f 3035 3009 3003
f 3032 2980 3045
f 3045 2980 1755
f 3045 1755 3046
f 3046 1755 3047
f 3046 3047 3048
f 3048 3047 3021
f 3048 3021 3023
f 3029 3027 3038
f 3035 3037 3044
f 3020 3040 3041
f 3024 3022 3043
f 3043 3022 3041
f 3022 3020 3041
f 3047 1755 3019
f 3036 3034 3031
f 3031 3034 3033
f 3021 3047 3019
f 3023 3025 3049
f 3049 3025 3026
f 3049 3026 3028
f 3023 3049 3048
f 3048 3049 3050
f 3048 3050 3046
f 3046 3050 3045
f 3050 3049 3028
f 3030 3032 3045
f 3045 3050 3030
f 3030 3050 3028
f 3031 3029 3036
f 3036 3029 3038
f 198 199 3051
f 3051 199 396
f 3051 396 394
f 3051 394 3052
f 3052 394 393
f 3052 393 3053
f 3053 393 3054
f 3053 3054 3055
f 3055 3054 3056
f 3055 3056 3057
f 3057 3056 3058
f 3057 3058 3059
f 3059 3058 3060
f 3059 3060 1622
f 1622 3060 1643
f 1643 3060 3061
f 1643 3061 3062
f 3062 3061 3063
f 3062 3063 3064
f 3064 3063 3065
f 3064 3065 3066
f 3066 3065 3067
f 3066 3067 3068
f 3068 3067 380
f 3068 380 378
f 393 391 3054
f 3054 391 3069
f 3054 3069 3056
f 3056 3069 3070
f 3056 3070 3058
f 3058 3070 3071
f 3058 3071 3060
f 3060 3071 3061
f 391 382 3069
f 3069 382 3072
f 3069 3072 3070
f 3070 3072 3073
f 3070 3073 3071
f 3071 3073 3063
f 3071 3063 3061
f 382 381 3072
f 3072 381 3074
f 3072 3074 3073
f 3073 3074 3065
f 3073 3065 3063
f 381 380 3074
f 3074 380 3067
f 3074 3067 3065
f 376 3075 378
f 378 3075 3076
f 378 3076 3068
f 3068 3076 3077
f 3068 3077 3066
f 3066 3077 3078
f 3066 3078 3064
f 3064 3078 3079
f 3064 3079 3062
f 3062 3079 1664
f 3062 1664 1643
f 3075 376 3080
f 3080 376 375
f 3080 375 3081
f 3081 375 373
f 3081 373 3082
f 3082 373 372
f 3082 372 352
f 3082 352 3083
f 3083 352 250
f 3083 250 252
f 252 3042 3083
f 3083 3042 3084
f 3083 3084 3085
f 3085 3084 3086
f 3085 3086 3087
f 3087 3086 3088
f 3087 3088 3089
f 3089 3088 1725
f 3089 1725 1706
f 3042 3039 3084
f 3084 3039 3090
f 3084 3090 3086
f 3086 3090 3088
f 3039 3016 3090
f 3090 3016 3091
f 3090 3091 3088
f 3088 3091 1751
f 3088 1751 1750
f 3016 1755 3091
f 3091 1755 1752
f 3091 1752 1751
f 1750 1725 3088
f 3089 1706 3092
f 3092 1706 1686
f 3092 1686 3093
f 3093 1686 1664
f 3093 1664 3079
f 3059 1622 3094
f 3094 1622 1601
f 3094 1601 3095
f 3095 1601 1310
f 3095 1310 3096
f 3096 1310 1309
f 3096 1309 3097
f 3097 1309 1592
f 3097 1592 3098
f 3098 1592 1599
f 3098 1599 196
f 196 197 3098
f 3098 197 3099
f 3098 3099 3100
f 3100 3099 3101
f 3100 3101 3102
f 3102 3101 3103
f 3102 3103 3104
f 3104 3103 3055
f 3104 3055 3057
f 197 198 3099
f 3099 198 3105
f 3099 3105 3101
f 3101 3105 3052
f 3101 3052 3103
f 3103 3052 3053
f 3103 3053 3055
f 3105 198 3051
f 3105 3051 3052
f 3087 3089 3092
f 3097 3098 3100
f 3096 3097 3100
f 3096 3100 3102
f 3095 3096 3102
f 3095 3102 3104
f 3094 3095 3104
f 3094 3104 3057
f 3059 3094 3057
f 3077 3076 3106
f 3106 3076 3075
f 3106 3075 3080
f 3078 3077 3107
f 3107 3077 3106
f 3107 3106 3108
f 3108 3106 3080
f 3108 3080 3081
f 3079 3078 3093
f 3093 3078 3107
f 3093 3107 3109
f 3109 3107 3108
f 3109 3108 3110
f 3110 3108 3081
f 3110 3081 3085
f 3085 3081 3082
f 3085 3082 3083
f 3092 3093 3109
f 3092 3109 3087
f 3087 3109 3110
f 3087 3110 3085
f 3111 3112 3113
f 3113 3112 3114
f 3113 3114 3115
f 3116 3117 3111
f 3111 3117 3118
f 3111 3118 3112
f 3117 3116 3119
f 3119 3116 3120
f 3119 3120 3121
f 3121 3120 3122
f 3122 3120 3123
f 3122 3123 3124
f 3124 3123 3125
f 3125 3123 3126
f 3125 3126 3127
f 3127 3126 3128
f 3127 3128 3129
f 3129 3128 3130
f 3130 3128 3131
f 3130 3131 3132
f 3132 3131 3133
f 3132 3133 3134
f 3134 3133 3135
f 3134 3135 3136
f 3136 3135 3137
f 3137 3135 3138
f 3137 3138 3139
f 3139 3138 3140
f 3139 3140 3141
f 3141 3140 3142
f 3141 3142 3143
f 3143 3142 3144
f 3143 3144 3145
f 3145 3144 3146
f 3145 3146 3147
f 3147 3146 3148
f 3147 3148 3149
f 3149 3148 3150
f 3149 3150 3151
f 3151 3150 3152
f 3151 3152 3153
f 3153 3152 3154
f 3153 3154 3155
f 3155 3154 3156
f 3155 3156 3157
f 3157 3156 3158
f 3157 3158 3159
f 3159 3158 3160
f 3159 3160 3161
f 3161 3160 3162
f 3161 3162 3163
f 3163 3162 3164
f 3163 3164 3165
f 3165 3164 3166
f 3166 3164 3167
f 3166 3167 3168
f 3168 3167 3169
f 3168 3169 3170
f 3170 3169 3171
f 3170 3171 3172
f 3172 3171 3173
f 3172 3173 3174
f 3174 3173 3175
f 3174 3175 3176
f 3176 3175 3177
f 3176 3177 3178
f 3178 3177 3179
f 3178 3179 3180
f 3180 3179 3181
f 3180 3181 3182
f 3182 3181 3183
f 3182 3183 3184
f 3184 3183 3185
f 3184 3185 3186
f 3186 3185 3187
f 3186 3187 3188
f 3188 3187 3189
f 3188 3189 3190
f 3190 3189 3191
f 3190 3191 3192
f 3192 3191 3193
f 3193 3191 3194
f 3193 3194 3195
f 3195 3194 3196
f 3195 3196 3197
f 3197 3196 3198
f 3197 3198 3199
f 3199 3198 3200
f 3200 3198 3201
f 3200 3201 3202
f 3202 3201 3203
f 3202 3203 3204
f 3204 3203 3205
f 3205 3203 3206
f 3205 3206 3207
f 3207 3206 3208
f 3208 3206 3209
f 3208 3209 3210
f 3210 3209 3211
f 3210 3211 3212
f 3212 3211 3115
f 3115 3211 3113
f 3213 3214 2980
f 2980 3214 3215
f 2980 3215 1762
f 1762 3215 3216
f 1762 3216 1763
f 1763 3216 3217
f 1763 3217 3218
f 3218 3217 3219
f 3218 3219 3220
f 3220 3219 3221
f 3220 3221 3222
f 3222 3221 3223
f 3222 3223 3224
f 3224 3223 3225
f 3224 3225 3226
f 3226 3225 3227
f 3226 3227 3228
f 3228 3227 3229
f 3228 3229 3230
f 3230 3229 3231
f 3230 3231 3232
f 3232 3231 3233
f 3232 3233 3234
f 3234 3233 3235
f 3234 3235 3236
f 3236 3235 3237
f 3237 3235 3238
f 3237 3238 3239
f 3239 3238 3240
f 3239 3240 3241
f 3241 3240 3242
f 3241 3242 3243
f 3243 3242 3244
f 3243 3244 3245
f 3245 3244 3246
f 3245 3246 3114
f 3114 3246 3115
f 3115 3246 3247
f 3115 3247 3212
f 3212 3247 3248
f 3212 3248 3210
f 3210 3248 3249
f 3210 3249 3250
f 3250 3249 3251
f 3250 3251 3252
f 3252 3251 3253
f 3252 3253 3254
f 3254 3253 3255
f 3254 3255 3256
f 3256 3255 3257
f 3256 3257 3258
f 3258 3257 3259
f 3258 3259 3260
f 3260 3259 3261
f 3260 3261 3262
f 3262 3261 3263
f 3262 3263 3264
f 3264 3263 3265
f 3264 3265 3266
f 3266 3265 3267
f 3266 3267 3268
f 3268 3267 3269
f 3268 3269 3270
f 3270 3269 3271
f 3270 3271 3272
f 3272 3271 3273
f 3272 3273 3229
f 3229 3273 3231
f 3262 3274 3213
f 3213 3274 3275
f 3213 3275 3276
f 3276 3275 3277
f 3276 3277 3278
f 3278 3277 3279
f 3278 3279 3221
f 3221 3279 3223
f 3260 3280 3258
f 3258 3280 3281
f 3258 3281 3256
f 3256 3281 3282
f 3256 3282 3254
f 3254 3282 3283
f 3254 3283 3252
f 3252 3283 3284
f 3252 3284 3250
f 3250 3284 3285
f 3250 3285 3210
f 3210 3285 3208
f 3208 3285 3286
f 3208 3286 3207
f 3207 3286 3287
f 3207 3287 3205
f 3205 3287 3288
f 3205 3288 3204
f 3204 3288 3289
f 3204 3289 3202
f 3202 3289 3290
f 3290 3289 3291
f 3290 3291 3292
f 3292 3291 3293
f 3292 3293 3294
f 3294 3293 3295
f 3294 3295 3282
f 3282 3295 3283
f 3280 3296 3281
f 3281 3296 3294
f 3281 3294 3282
f 3296 3292 3294
f 3236 3297 3234
f 3234 3297 3298
f 3234 3298 3232
f 3232 3298 3299
f 3232 3299 3230
f 3230 3299 3300
f 3230 3300 3228
f 3228 3300 3301
f 3228 3301 3226
f 3226 3301 3302
f 3226 3302 3224
f 3224 3302 3303
f 3224 3303 3222
f 3222 3303 3304
f 3222 3304 3220
f 3220 3304 3305
f 3220 3305 3218
f 3218 3305 1744
f 3218 1744 1763
f 3298 3297 3306
f 3306 3297 3307
f 3306 3307 3308
f 3308 3307 3309
f 3308 3309 3310
f 3310 3309 3311
f 3310 3311 3312
f 3312 3311 3313
f 3312 3313 3314
f 3314 3313 3315
f 3314 3315 3316
f 3316 3315 3317
f 3316 3317 3318
f 3318 3317 1770
f 3318 1770 1236
f 3309 3307 3319
f 3319 3307 3320
f 3319 3320 3321
f 3321 3320 3322
f 3321 3322 3323
f 3323 3322 3324
f 3323 3324 3325
f 3325 3324 1806
f 3325 1806 1788
f 3322 3320 3326
f 3326 3320 1837
f 3326 1837 1810
f 3326 1810 3324
f 3324 1810 1806
f 1788 1773 3325
f 3325 1773 3327
f 3325 3327 3328
f 3328 3327 3315
f 3328 3315 3313
f 1773 1770 3327
f 3327 1770 3317
f 3327 3317 3315
f 1744 3305 1236
f 1236 3305 3329
f 1236 3329 3318
f 3318 3329 3330
f 3318 3330 3316
f 3316 3330 3331
f 3316 3331 3314
f 3314 3331 3332
f 3314 3332 3312
f 3312 3332 3333
f 3312 3333 3310
f 3310 3333 3334
f 3310 3334 3308
f 3308 3334 3306
f 1762 1755 2980
f 3274 3262 3335
f 3335 3262 3264
f 3335 3264 3336
f 3336 3264 3266
f 3336 3266 3337
f 3337 3266 3268
f 3337 3268 3338
f 3338 3268 3270
f 3338 3270 3339
f 3339 3270 3272
f 3339 3272 3227
f 3227 3272 3229
f 3215 3214 3216
f 3216 3214 3340
f 3216 3340 3217
f 3217 3340 3219
f 3330 3329 3304
f 3304 3329 3305
f 3323 3325 3328
f 3322 3326 3324
f 3321 3341 3319
f 3319 3341 3311
f 3319 3311 3309
f 3328 3313 3341
f 3341 3313 3311
f 3328 3341 3323
f 3323 3341 3321
f 3332 3331 3302
f 3302 3331 3303
f 3304 3303 3330
f 3330 3303 3331
f 3221 3219 3278
f 3278 3219 3340
f 3278 3340 3276
f 3276 3340 3213
f 3277 3275 3342
f 3342 3275 3274
f 3342 3274 3336
f 3336 3274 3335
f 3279 3277 3343
f 3343 3277 3342
f 3343 3342 3337
f 3337 3342 3336
f 3223 3279 3344
f 3344 3279 3343
f 3344 3343 3338
f 3338 3343 3337
f 3333 3332 3301
f 3301 3332 3302
f 3306 3334 3299
f 3299 3334 3300
f 3301 3300 3333
f 3333 3300 3334
f 3344 3338 3339
f 3344 3339 3225
f 3225 3339 3227
f 3298 3306 3299
f 3233 3345 3346
f 3346 3345 3347
f 3346 3347 3348
f 3348 3347 3349
f 3348 3349 3350
f 3350 3349 3351
f 3350 3351 3352
f 3352 3351 3353
f 3352 3353 3354
f 3354 3353 3249
f 3354 3249 3247
f 3247 3249 3248
f 3345 3355 3347
f 3347 3355 3356
f 3347 3356 3349
f 3349 3356 3357
f 3349 3357 3351
f 3351 3357 3358
f 3351 3358 3353
f 3353 3358 3251
f 3353 3251 3249
f 3233 3231 3345
f 3345 3231 3273
f 3345 3273 3355
f 3355 3273 3271
f 3355 3271 3359
f 3359 3271 3269
f 3359 3269 3360
f 3360 3269 3267
f 3360 3267 3361
f 3361 3267 3265
f 3361 3265 3259
f 3259 3265 3263
f 3259 3263 3261
f 3355 3359 3356
f 3356 3359 3362
f 3356 3362 3357
f 3357 3362 3363
f 3357 3363 3358
f 3358 3363 3253
f 3358 3253 3251
f 3359 3360 3362
f 3362 3360 3364
f 3362 3364 3363
f 3363 3364 3255
f 3363 3255 3253
f 3360 3361 3364
f 3364 3361 3257
f 3364 3257 3255
f 3361 3259 3257
f 3238 3235 3346
f 3346 3235 3233
f 3238 3346 3348
f 3240 3238 3348
f 3240 3348 3350
f 3240 3350 3242
f 3242 3350 3352
f 3242 3352 3244
f 3244 3352 3354
f 3244 3354 3246
f 3246 3354 3247
f 3295 3293 3365
f 3365 3293 3291
f 3365 3291 3288
f 3288 3291 3289
f 3283 3295 3366
f 3366 3295 3365
f 3366 3365 3287
f 3287 3365 3288
f 3286 3285 3284
f 3287 3286 3366
f 3366 3286 3284
f 3366 3284 3283
f 3223 3344 3225
f 3340 3214 3213
f 833 832 2779
f 2779 832 3367
f 2779 3367 3368
f 3368 3367 3369
f 3368 3369 3370
f 3370 3369 3371
f 3370 3371 3372
f 3372 3371 3373
f 3372 3373 3374
f 3374 3373 3375
f 3374 3375 3376
f 3376 3375 3377
f 3376 3377 3378
f 3378 3377 3379
f 3378 3379 3380
f 3380 3379 3381
f 3380 3381 3382
f 3382 3381 3383
f 3382 3383 3384
f 3384 3383 3385
f 3384 3385 3386
f 3386 3385 3387
f 3386 3387 3388
f 3388 3387 3389
f 3388 3389 3390
f 3390 3389 1837
f 3390 1837 3320
f 832 1973 3367
f 3367 1973 3369
f 1973 1968 3369
f 3369 1968 3371
f 1968 1963 3371
f 3371 1963 3373
f 1963 1961 3373
f 3373 1961 3375
f 1961 1960 3375
f 3375 1960 3377
f 3377 1960 3379
f 3379 1960 1959
f 3379 1959 3381
f 3381 1959 3383
f 1959 1957 3383
f 3383 1957 1951
f 3383 1951 3385
f 3385 1951 3387
f 1951 1909 3387
f 3387 1909 1870
f 3387 1870 3389
f 3389 1870 1837
f 3307 3391 3320
f 3320 3391 3392
f 3320 3392 3393
f 3393 3392 3394
f 3393 3394 3395
f 3395 3394 3396
f 3395 3396 3397
f 3397 3396 3398
f 3397 3398 3399
f 3399 3398 3400
f 3399 3400 3401
f 3401 3400 3402
f 3401 3402 3403
f 3403 3402 3404
f 3403 3404 3405
f 3405 3404 3406
f 3405 3406 3407
f 3407 3406 3408
f 3407 3408 3409
f 3409 3408 3410
f 3409 3410 3411
f 3411 3410 3412
f 3411 3412 3413
f 3413 3412 3414
f 3413 3414 3415
f 3415 3414 2779
f 3415 2779 3368
f 3297 3416 3307
f 3307 3416 3417
f 3307 3417 3418
f 3418 3417 3419
f 3418 3419 3420
f 3420 3419 3421
f 3420 3421 3422
f 3422 3421 3423
f 3422 3423 3424
f 3424 3423 3425
f 3424 3425 3426
f 3426 3425 3427
f 3426 3427 3428
f 3428 3427 3429
f 3428 3429 3430
f 3430 3429 3431
f 3430 3431 3432
f 3432 3431 3433
f 3432 3433 3434
f 3434 3433 3435
f 3434 3435 3436
f 3436 3435 3437
f 3436 3437 3438
f 3438 3437 3439
f 3438 3439 3414
f 3414 3439 2779
f 3236 3440 3297
f 3297 3440 3441
f 3297 3441 3416
f 3416 3441 3442
f 3416 3442 3443
f 3443 3442 3444
f 3443 3444 3445
f 3445 3444 3446
f 3445 3446 3447
f 3447 3446 3448
f 3447 3448 3449
f 3449 3448 3450
f 3449 3450 3451
f 3451 3450 3452
f 3451 3452 3453
f 3453 3452 3454
f 3453 3454 3455
f 3455 3454 3456
f 3455 3456 3457
f 3457 3456 3458
f 3457 3458 3459
f 3459 3458 3460
f 3459 3460 3439
f 3440 3236 3461
f 3461 3236 3237
f 3461 3237 3462
f 3462 3237 3239
f 3462 3239 3463
f 3463 3239 3241
f 3463 3241 3464
f 3464 3241 3243
f 3464 3243 3465
f 3465 3243 3245
f 3465 3245 3112
f 3112 3245 3114
f 3112 3118 3465
f 3465 3118 3466
f 3465 3466 3464
f 3464 3466 3467
f 3464 3467 3463
f 3463 3467 3468
f 3463 3468 3462
f 3462 3468 3469
f 3462 3469 3461
f 3461 3469 3470
f 3461 3470 3440
f 3440 3470 3471
f 3440 3471 3441
f 3441 3471 3442
f 3466 3118 3472
f 3472 3118 3117
f 3472 3117 3473
f 3473 3117 3119
f 3473 3119 3474
f 3474 3119 3475
f 3474 3475 3476
f 3476 3475 3477
f 3476 3477 3478
f 3478 3477 3479
f 3478 3479 3480
f 3480 3479 3481
f 3480 3481 3482
f 3482 3481 3483
f 3482 3483 3484
f 3484 3483 3485
f 3484 3485 3448
f 3448 3485 3450
f 3119 3121 3475
f 3475 3121 3486
f 3475 3486 3477
f 3477 3486 3487
f 3477 3487 3479
f 3479 3487 3488
f 3479 3488 3481
f 3481 3488 3489
f 3481 3489 3483
f 3483 3489 3490
f 3483 3490 3485
f 3485 3490 3491
f 3485 3491 3450
f 3450 3491 3452
f 3121 3122 3486
f 3486 3122 3492
f 3486 3492 3487
f 3487 3492 3493
f 3487 3493 3488
f 3488 3493 3494
f 3488 3494 3489
f 3489 3494 3495
f 3489 3495 3490
f 3490 3495 3496
f 3490 3496 3491
f 3491 3496 3497
f 3491 3497 3452
f 3452 3497 3454
f 3122 3124 3492
f 3492 3124 3498
f 3492 3498 3493
f 3493 3498 3499
f 3493 3499 3494
f 3494 3499 3500
f 3494 3500 3495
f 3495 3500 3501
f 3495 3501 3496
f 3496 3501 3502
f 3496 3502 3497
f 3497 3502 3503
f 3497 3503 3454
f 3454 3503 3456
f 3124 3125 3498
f 3498 3125 3504
f 3498 3504 3499
f 3499 3504 3505
f 3499 3505 3500
f 3500 3505 3506
f 3500 3506 3501
f 3501 3506 3502
f 3502 3506 3507
f 3507 3506 3460
f 3507 3460 3458
f 3320 3393 3390
f 3390 3393 3395
f 3390 3395 3388
f 3388 3395 3397
f 3388 3397 3386
f 3386 3397 3399
f 3386 3399 3384
f 3384 3399 3401
f 3384 3401 3382
f 3382 3401 3403
f 3382 3403 3380
f 3380 3403 3405
f 3380 3405 3378
f 3378 3405 3407
f 3378 3407 3376
f 3376 3407 3409
f 3376 3409 3374
f 3374 3409 3411
f 3374 3411 3372
f 3372 3411 3413
f 3372 3413 3370
f 3370 3413 3415
f 3370 3415 3368
f 3459 3439 3437
f 3391 3307 3418
f 3503 3502 3507
f 3394 3392 3508
f 3508 3392 3391
f 3508 3391 3420
f 3420 3391 3418
f 3396 3394 3509
f 3509 3394 3508
f 3509 3508 3422
f 3422 3508 3420
f 3398 3396 3510
f 3510 3396 3509
f 3510 3509 3424
f 3424 3509 3422
f 3400 3398 3511
f 3511 3398 3510
f 3511 3510 3426
f 3426 3510 3424
f 3402 3400 3512
f 3512 3400 3511
f 3512 3511 3428
f 3428 3511 3426
f 3404 3402 3513
f 3513 3402 3512
f 3513 3512 3430
f 3430 3512 3428
f 3406 3404 3514
f 3514 3404 3513
f 3514 3513 3432
f 3432 3513 3430
f 3408 3406 3515
f 3515 3406 3514
f 3515 3514 3434
f 3434 3514 3432
f 3410 3408 3516
f 3516 3408 3515
f 3516 3515 3436
f 3436 3515 3434
f 3412 3410 3517
f 3517 3410 3516
f 3517 3516 3438
f 3438 3516 3436
f 3438 3414 3517
f 3517 3414 3412
f 3419 3417 3443
f 3443 3417 3416
f 3421 3419 3445
f 3445 3419 3443
f 3423 3421 3447
f 3447 3421 3445
f 3425 3423 3449
f 3449 3423 3447
f 3427 3425 3451
f 3451 3425 3449
f 3429 3427 3453
f 3453 3427 3451
f 3431 3429 3455
f 3455 3429 3453
f 3433 3431 3457
f 3457 3431 3455
f 3435 3433 3459
f 3459 3433 3457
f 3437 3435 3459
f 3444 3442 3518
f 3518 3442 3471
f 3518 3471 3519
f 3519 3471 3470
f 3519 3470 3520
f 3520 3470 3469
f 3520 3469 3521
f 3521 3469 3468
f 3521 3468 3522
f 3522 3468 3467
f 3522 3467 3472
f 3472 3467 3466
f 3446 3444 3523
f 3523 3444 3518
f 3523 3518 3524
f 3524 3518 3519
f 3524 3519 3525
f 3525 3519 3520
f 3525 3520 3526
f 3526 3520 3521
f 3526 3521 3527
f 3527 3521 3522
f 3527 3522 3473
f 3473 3522 3472
f 3448 3446 3484
f 3484 3446 3523
f 3484 3523 3482
f 3482 3523 3524
f 3482 3524 3480
f 3480 3524 3525
f 3480 3525 3478
f 3478 3525 3526
f 3478 3526 3476
f 3476 3526 3527
f 3476 3527 3474
f 3474 3527 3473
f 3458 3456 3507
f 3507 3456 3503
f 3439 3528 2779
f 2779 3528 3529
f 2779 3529 3530
f 3530 3529 3531
f 3530 3531 2842
f 2842 3531 3532
f 2842 3532 3533
f 3533 3532 3534
f 3533 3534 3535
f 3535 3534 3536
f 3535 3536 3537
f 3537 3536 3538
f 3537 3538 3539
f 3539 3538 3540
f 3539 3540 3541
f 3541 3540 3542
f 3541 3542 3543
f 3543 3542 3544
f 3543 3544 3545
f 3545 3544 3546
f 3545 3546 3547
f 3547 3546 3548
f 3547 3548 3549
f 3549 3548 3550
f 3549 3550 3551
f 3551 3550 3130
f 3551 3130 3132
f 3460 3552 3439
f 3439 3552 3553
f 3439 3553 3528
f 3528 3553 3554
f 3528 3554 3555
f 3555 3554 3534
f 3555 3534 3532
f 3552 3460 3556
f 3556 3460 3506
f 3556 3506 3557
f 3557 3506 3505
f 3557 3505 3558
f 3558 3505 3559
f 3558 3559 3560
f 3560 3559 3561
f 3560 3561 3546
f 3546 3561 3548
f 3505 3504 3559
f 3559 3504 3125
f 3559 3125 3562
f 3562 3125 3127
f 3562 3127 3563
f 3563 3127 3129
f 3563 3129 3550
f 3550 3129 3130
f 3134 3564 3132
f 3132 3564 3565
f 3132 3565 3551
f 3551 3565 3566
f 3551 3566 3549
f 3549 3566 3567
f 3549 3567 3547
f 3547 3567 3568
f 3547 3568 3545
f 3545 3568 3569
f 3545 3569 3543
f 3543 3569 3570
f 3543 3570 3541
f 3541 3570 3571
f 3541 3571 3539
f 3539 3571 3572
f 3539 3572 3537
f 3537 3572 3573
f 3537 3573 3535
f 3535 3573 3574
f 3535 3574 3533
f 3533 3574 2844
f 3533 2844 2842
f 3564 3134 3575
f 3575 3134 3136
f 3575 3136 3576
f 3576 3136 3137
f 3576 3137 3139
f 3576 3139 3577
f 3577 3139 3578
f 3577 3578 3579
f 3579 3578 3580
f 3579 3580 3581
f 3581 3580 3582
f 3581 3582 3583
f 3583 3582 3584
f 3583 3584 3568
f 3568 3584 3569
f 3580 3578 3585
f 3585 3578 3586
f 3585 3586 3587
f 3587 3586 3588
f 3587 3588 3589
f 3589 3588 3590
f 3589 3590 3591
f 3591 3590 3592
f 3591 3592 3571
f 3571 3592 3572
f 2814 3593 3586
f 3586 3593 3594
f 3586 3594 3588
f 3588 3594 3590
f 3593 2814 3595
f 3595 2814 2813
f 3595 2813 3596
f 3596 2813 2844
f 3596 2844 3597
f 3597 2844 3574
f 3597 3574 3573
f 2842 2779 3530
f 3561 3559 3562
f 3561 3562 3563
f 3557 3558 3598
f 3598 3558 3560
f 3598 3560 3544
f 3544 3560 3546
f 3556 3557 3599
f 3599 3557 3598
f 3599 3598 3542
f 3542 3598 3544
f 3552 3556 3600
f 3600 3556 3599
f 3600 3599 3540
f 3540 3599 3542
f 3553 3552 3601
f 3601 3552 3600
f 3601 3600 3538
f 3538 3600 3540
f 3531 3529 3555
f 3555 3529 3528
f 3548 3561 3563
f 3548 3563 3550
f 3553 3601 3554
f 3554 3601 3536
f 3554 3536 3534
f 3536 3601 3538
f 3532 3531 3555
f 3566 3565 3602
f 3602 3565 3564
f 3602 3564 3603
f 3603 3564 3575
f 3603 3575 3576
f 3567 3566 3604
f 3604 3566 3602
f 3604 3602 3605
f 3605 3602 3603
f 3605 3603 3577
f 3577 3603 3576
f 3568 3567 3583
f 3583 3567 3604
f 3583 3604 3581
f 3581 3604 3605
f 3581 3605 3579
f 3579 3605 3577
f 3570 3569 3606
f 3606 3569 3584
f 3606 3584 3607
f 3607 3584 3582
f 3607 3582 3585
f 3585 3582 3580
f 3571 3570 3591
f 3591 3570 3606
f 3591 3606 3589
f 3589 3606 3607
f 3589 3607 3587
f 3587 3607 3585
f 3573 3572 3608
f 3608 3572 3592
f 3608 3592 3609
f 3609 3592 3590
f 3609 3590 3594
f 3596 3597 3608
f 3608 3597 3573
f 3596 3608 3609
f 3594 3593 3609
f 3609 3593 3596
f 3593 3595 3596
f 547 545 2951
f 2951 545 3610
f 2951 3610 2950
f 2950 3610 3611
f 2950 3611 2957
f 2957 3611 2958
f 2958 3611 3612
f 2958 3612 2959
f 2959 3612 3613
f 2959 3613 2960
f 2960 3613 3614
f 2960 3614 2961
f 2961 3614 3615
f 2961 3615 2938
f 2938 3615 3616
f 2938 3616 2922
f 2922 3616 3617
f 2922 3617 2920
f 2920 3617 2918
f 2918 3617 3618
f 2918 3618 2916
f 2916 3618 3619
f 2916 3619 2914
f 2914 3619 3620
f 2914 3620 2912
f 2912 3620 3621
f 2912 3621 2910
f 2910 3621 3622
f 2910 3622 2908
f 2908 3622 2906
f 2906 3622 3623
f 2906 3623 2905
f 2905 3623 3624
f 2905 3624 2962
f 2962 3624 3625
f 2962 3625 3626
f 3626 3625 3627
f 3626 3627 3628
f 3628 3627 3629
f 3628 3629 3630
f 3630 3629 3631
f 3630 3631 3632
f 3632 3631 3633
f 3632 3633 3634
f 3634 3633 3635
f 3634 3635 3636
f 3636 3635 3637
f 3636 3637 3638
f 3638 3637 3639
f 3638 3639 3640
f 3640 3639 3641
f 3640 3641 3642
f 3642 3641 3643
f 3642 3643 3644
f 3644 3643 3645
f 3644 3645 3646
f 3646 3645 3647
f 3646 3647 3648
f 3648 3647 3649
f 3648 3649 526
f 526 3649 527
f 527 3649 3647
f 527 3647 3645
f 545 543 3610
f 3610 543 3611
f 543 542 3611
f 3611 542 540
f 3611 540 539
f 3611 539 3650
f 3650 539 537
f 3650 537 536
f 536 272 3650
f 3650 272 3651
f 3650 3651 3613
f 3613 3651 3614
f 3651 272 3652
f 3652 272 273
f 3652 273 274
f 3652 274 3653
f 3653 274 276
f 3653 276 3654
f 3654 276 3655
f 3654 3655 3656
f 3656 3655 3657
f 3656 3657 3658
f 3658 3657 3659
f 3658 3659 3660
f 3660 3659 3661
f 3660 3661 3662
f 3662 3661 3663
f 3662 3663 3664
f 3664 3663 284
f 3664 284 3665
f 3665 284 3666
f 3665 3666 3667
f 3667 3666 3668
f 3667 3668 3669
f 3669 3668 3670
f 3669 3670 3624
f 3624 3670 3625
f 276 277 3655
f 3655 277 3657
f 277 279 3657
f 3657 279 3659
f 279 280 3659
f 3659 280 3661
f 280 282 3661
f 3661 282 3663
f 282 284 3663
f 284 285 3666
f 3666 285 3671
f 3666 3671 3668
f 3668 3671 3672
f 3668 3672 3670
f 3670 3672 3673
f 3670 3673 3625
f 3625 3673 3627
f 534 3674 285
f 285 3674 3675
f 285 3675 3676
f 3676 3675 3677
f 3676 3677 3678
f 3678 3677 3672
f 3678 3672 3671
f 528 3679 534
f 534 3679 3680
f 534 3680 3681
f 3681 3680 3635
f 3681 3635 3633
f 527 3682 528
f 528 3682 3683
f 528 3683 3684
f 3684 3683 3641
f 3684 3641 3639
f 526 524 3648
f 3648 524 3685
f 3648 3685 3686
f 3686 3685 3687
f 3686 3687 2864
f 2864 3687 2862
f 2862 3687 2861
f 2861 3687 3688
f 2861 3688 2858
f 2858 3688 511
f 2858 511 510
f 524 522 3685
f 3685 522 521
f 3685 521 519
f 3685 519 3687
f 3687 519 518
f 3687 518 3688
f 3688 518 513
f 3688 513 511
f 2864 2866 3686
f 3686 2866 3689
f 3686 3689 3648
f 3648 3689 3646
f 2866 2868 3689
f 3689 2868 3690
f 3689 3690 3646
f 3646 3690 3644
f 2868 2870 3690
f 3690 2870 3691
f 3690 3691 3644
f 3644 3691 3642
f 2870 2871 3691
f 3691 2871 2873
f 3691 2873 3692
f 3692 2873 2971
f 3692 2971 3693
f 3693 2971 2970
f 3693 2970 3694
f 3694 2970 2969
f 3694 2969 3695
f 3695 2969 2968
f 3695 2968 3696
f 3696 2968 2967
f 3696 2967 3697
f 3697 2967 2966
f 3697 2966 2965
f 3697 2965 3698
f 3698 2965 2964
f 3698 2964 3699
f 3699 2964 2963
f 3699 2963 3626
f 3626 2963 2962
f 3682 527 3645
f 3671 285 3678
f 3678 285 3676
f 3613 3612 3650
f 3650 3612 3611
f 3651 3652 3700
f 3700 3652 3653
f 3700 3653 3701
f 3701 3653 3654
f 3701 3654 3702
f 3702 3654 3656
f 3702 3656 3703
f 3703 3656 3658
f 3703 3658 3704
f 3704 3658 3660
f 3704 3660 3705
f 3705 3660 3662
f 3705 3662 3706
f 3706 3662 3664
f 3706 3664 3665
f 3615 3614 3700
f 3700 3614 3651
f 3615 3700 3701
f 3616 3615 3701
f 3616 3701 3702
f 3617 3616 3702
f 3617 3702 3703
f 3617 3703 3618
f 3618 3703 3704
f 3618 3704 3619
f 3619 3704 3705
f 3619 3705 3707
f 3707 3705 3706
f 3707 3706 3708
f 3708 3706 3665
f 3708 3665 3667
f 3619 3707 3620
f 3620 3707 3709
f 3620 3709 3621
f 3621 3709 3622
f 3709 3707 3708
f 3673 3677 3710
f 3710 3677 3675
f 3710 3675 3674
f 3677 3673 3672
f 3629 3627 3710
f 3710 3627 3673
f 3629 3710 3674
f 3699 3626 3628
f 3696 3634 3695
f 3695 3634 3636
f 3695 3636 3694
f 3694 3636 3638
f 3694 3638 3693
f 3693 3638 3640
f 3693 3640 3692
f 3692 3640 3642
f 3692 3642 3691
f 3634 3696 3632
f 3632 3696 3697
f 3632 3697 3630
f 3630 3697 3698
f 3630 3698 3628
f 3628 3698 3699
f 3635 3680 3637
f 3637 3680 3679
f 3637 3679 3639
f 3639 3679 3684
f 534 3681 3711
f 3711 3681 3633
f 3711 3633 3631
f 3683 3682 3643
f 3643 3682 3645
f 3683 3643 3641
f 3679 528 3684
f 534 3711 3674
f 3674 3711 3631
f 3674 3631 3629
f 3624 3623 3669
f 3669 3623 3712
f 3669 3712 3667
f 3667 3712 3708
f 3623 3622 3712
f 3712 3622 3709
f 3712 3709 3708
f 3139 3141 3578
f 3578 3141 3713
f 3578 3713 3586
f 3586 3713 2850
f 3586 2850 2852
f 3141 3143 3713
f 3713 3143 3714
f 3713 3714 2859
f 2859 3714 2878
f 2878 3714 2879
f 2879 3714 3715
f 2879 3715 2880
f 2880 3715 3716
f 2880 3716 2881
f 2881 3716 2882
f 2882 3716 3717
f 2882 3717 2883
f 2883 3717 2876
f 2876 3717 3718
f 2876 3718 2877
f 2877 3718 3719
f 2877 3719 2885
f 2885 3719 2887
f 2887 3719 3720
f 2887 3720 2889
f 2889 3720 3721
f 2889 3721 2891
f 2891 3721 2892
f 2892 3721 2894
f 2894 3721 3722
f 2894 3722 2896
f 2896 3722 3723
f 2896 3723 2898
f 2898 3723 3724
f 2898 3724 2900
f 2900 3724 2902
f 2902 3724 3725
f 2902 3725 2927
f 2927 3725 3726
f 2927 3726 2928
f 2928 3726 2929
f 2929 3726 3727
f 2929 3727 2930
f 2930 3727 2931
f 2931 3727 3728
f 2931 3728 2932
f 2932 3728 3729
f 2932 3729 2933
f 2933 3729 2934
f 2934 3729 3730
f 2934 3730 2925
f 2925 3730 2926
f 2926 3730 3731
f 2926 3731 2935
f 2935 3731 3732
f 2935 3732 2940
f 2940 3732 2942
f 2942 3732 3733
f 2942 3733 2943
f 2943 3733 3734
f 2943 3734 2945
f 2945 3734 2947
f 2947 3734 2955
f 2955 3734 3735
f 2955 3735 2956
f 2956 3735 3736
f 2956 3736 2976
f 2976 3736 2974
f 2974 3736 2972
f 3143 3145 3714
f 3714 3145 3715
f 3145 3147 3715
f 3715 3147 3716
f 3147 3149 3716
f 3716 3149 3717
f 3149 3151 3717
f 3717 3151 3718
f 3151 3153 3718
f 3718 3153 3719
f 3153 3155 3719
f 3719 3155 3720
f 3155 3157 3720
f 3720 3157 3721
f 3157 3159 3721
f 3721 3159 3722
f 3159 3161 3722
f 3722 3161 3723
f 3161 3163 3723
f 3723 3163 3724
f 3163 3165 3724
f 3724 3165 3725
f 3165 3166 3725
f 3725 3166 3726
f 3166 3168 3726
f 3726 3168 3727
f 3168 3170 3727
f 3727 3170 3728
f 3170 3172 3728
f 3728 3172 3729
f 3172 3174 3729
f 3729 3174 3730
f 3174 3176 3730
f 3730 3176 3731
f 3176 3178 3731
f 3731 3178 3732
f 3178 3180 3732
f 3732 3180 3733
f 3180 3182 3733
f 3733 3182 3734
f 3182 3184 3734
f 3734 3184 3735
f 3184 3186 3735
f 3735 3186 3737
f 3735 3737 3736
f 3186 3188 3737
f 2859 2856 3713
f 3713 2856 2850
f 2852 2854 3586
f 3586 2854 2814
f 3736 3738 2972
f 2972 3738 3739
f 2972 3739 3740
f 3740 3739 3738
f 3740 3738 3741
f 3741 3738 3742
f 3741 3742 3743
f 3743 3742 3744
f 3743 3744 3745
f 3745 3744 3746
f 3745 3746 3747
f 3747 3746 3748
f 3747 3748 3749
f 3749 3748 3750
f 3749 3750 3751
f 3751 3750 3752
f 3751 3752 3753
f 3753 3752 3754
f 3753 3754 3755
f 3755 3754 3756
f 3755 3756 3757
f 3757 3756 3758
f 3757 3758 3759
f 3759 3758 3188
f 3759 3188 3190
f 3737 3748 3736
f 3736 3748 3746
f 3736 3746 3744
f 3188 3756 3737
f 3737 3756 3754
f 3737 3754 3752
f 3192 3760 3190
f 3190 3760 3761
f 3190 3761 3762
f 3762 3761 3763
f 3762 3763 3764
f 3764 3763 3765
f 3764 3765 3766
f 3766 3765 3767
f 3766 3767 3768
f 3768 3767 3769
f 3768 3769 3770
f 3770 3769 3771
f 3770 3771 3772
f 3772 3771 3773
f 3772 3773 3774
f 3774 3773 3775
f 3774 3775 3776
f 3776 3775 3777
f 3776 3777 3778
f 3778 3777 3779
f 3778 3779 3780
f 3780 3779 3781
f 3780 3781 3782
f 3782 3781 3013
f 3782 3013 2972
f 3193 3783 3192
f 3192 3783 3784
f 3192 3784 3785
f 3785 3784 3786
f 3785 3786 3787
f 3787 3786 3788
f 3787 3788 3789
f 3789 3788 3790
f 3789 3790 3791
f 3791 3790 3792
f 3791 3792 3793
f 3793 3792 3794
f 3793 3794 3795
f 3795 3794 3796
f 3795 3796 3797
f 3797 3796 3798
f 3797 3798 3799
f 3799 3798 3800
f 3799 3800 3801
f 3801 3800 3802
f 3801 3802 3803
f 3803 3802 3804
f 3803 3804 3805
f 3805 3804 3013
f 3805 3013 3806
f 3806 3013 3807
f 3806 3807 3808
f 3808 3807 3809
f 3808 3809 3810
f 3810 3809 3777
f 3810 3777 3775
f 3195 3811 3193
f 3193 3811 3812
f 3193 3812 3813
f 3813 3812 3814
f 3813 3814 3815
f 3815 3814 3816
f 3815 3816 3817
f 3817 3816 3818
f 3817 3818 3819
f 3819 3818 3820
f 3819 3820 3821
f 3821 3820 3822
f 3821 3822 3823
f 3823 3822 3824
f 3823 3824 3825
f 3825 3824 3826
f 3825 3826 3827
f 3827 3826 3828
f 3827 3828 3829
f 3829 3828 3830
f 3829 3830 3831
f 3831 3830 3832
f 3831 3832 3833
f 3833 3832 3014
f 3833 3014 3834
f 3834 3014 3013
f 3834 3013 3835
f 3835 3013 3836
f 3835 3836 3837
f 3837 3836 3802
f 3837 3802 3800
f 3197 3838 3195
f 3195 3838 3839
f 3195 3839 3840
f 3840 3839 3841
f 3840 3841 3842
f 3842 3841 3843
f 3842 3843 3844
f 3844 3843 3845
f 3844 3845 3846
f 3846 3845 3847
f 3846 3847 3848
f 3848 3847 3849
f 3848 3849 3850
f 3850 3849 3851
f 3850 3851 3852
f 3852 3851 3853
f 3852 3853 3854
f 3854 3853 3855
f 3854 3855 3856
f 3856 3855 3857
f 3856 3857 3858
f 3858 3857 3859
f 3858 3859 3860
f 3860 3859 3014
f 3860 3014 3861
f 3861 3014 3862
f 3861 3862 3863
f 3863 3862 3864
f 3863 3864 3865
f 3865 3864 3828
f 3865 3828 3826
f 3199 3866 3197
f 3197 3866 3867
f 3197 3867 3868
f 3868 3867 3869
f 3868 3869 3870
f 3870 3869 3871
f 3870 3871 3872
f 3872 3871 3873
f 3872 3873 3874
f 3874 3873 3875
f 3874 3875 3876
f 3876 3875 3877
f 3876 3877 3878
f 3878 3877 3879
f 3878 3879 3880
f 3880 3879 3881
f 3880 3881 3882
f 3882 3881 3883
f 3882 3883 3884
f 3884 3883 3885
f 3884 3885 3886
f 3886 3885 3887
f 3886 3887 3888
f 3888 3887 3015
f 3888 3015 3889
f 3889 3015 3014
f 3889 3014 3890
f 3890 3014 3891
f 3890 3891 3892
f 3892 3891 3857
f 3892 3857 3855
f 3200 3893 3199
f 3199 3893 3894
f 3199 3894 3895
f 3895 3894 3896
f 3895 3896 3897
f 3897 3896 3898
f 3897 3898 3899
f 3899 3898 3900
f 3899 3900 3901
f 3901 3900 3902
f 3901 3902 3903
f 3903 3902 3904
f 3903 3904 3905
f 3905 3904 3906
f 3905 3906 3907
f 3907 3906 3908
f 3907 3908 3909
f 3909 3908 3910
f 3909 3910 3911
f 3911 3910 3912
f 3911 3912 3913
f 3913 3912 3914
f 3913 3914 3915
f 3915 3914 3015
f 3915 3015 3916
f 3916 3015 3917
f 3916 3917 3918
f 3918 3917 3919
f 3918 3919 3920
f 3920 3919 3883
f 3920 3883 3881
f 3202 3921 3200
f 3200 3921 3922
f 3200 3922 3923
f 3923 3922 3924
f 3923 3924 3925
f 3925 3924 3926
f 3925 3926 3927
f 3927 3926 3928
f 3927 3928 3929
f 3929 3928 3930
f 3929 3930 3931
f 3931 3930 3932
f 3931 3932 3933
f 3933 3932 3934
f 3933 3934 3935
f 3935 3934 3936
f 3935 3936 3937
f 3937 3936 3938
f 3937 3938 3939
f 3939 3938 3940
f 3939 3940 3941
f 3941 3940 3942
f 3941 3942 3943
f 3943 3942 2982
f 3943 2982 3944
f 3944 2982 3945
f 3944 3945 3946
f 3946 3945 3947
f 3946 3947 3948
f 3948 3947 3910
f 3948 3910 3908
f 3921 3202 3949
f 3949 3202 3290
f 3949 3290 3950
f 3950 3290 3292
f 3950 3292 3951
f 3951 3292 3296
f 3951 3296 3952
f 3952 3296 3280
f 3952 3280 3953
f 3953 3280 3260
f 3953 3260 3954
f 3954 3260 3262
f 3954 3262 3955
f 3955 3262 3956
f 3955 3956 3957
f 3957 3956 3958
f 3957 3958 3934
f 3934 3958 3936
f 3262 3213 3956
f 3956 3213 3959
f 3956 3959 3958
f 3958 3959 3960
f 3958 3960 3936
f 3936 3960 3938
f 3213 2980 3959
f 3959 2980 3961
f 3959 3961 3960
f 3960 3961 3962
f 3960 3962 3938
f 3938 3962 3940
f 3961 2980 3963
f 3963 2980 2982
f 3963 2982 3964
f 3964 2982 3942
f 3964 3942 3940
f 2982 3015 3945
f 3945 3015 3965
f 3945 3965 3947
f 3947 3965 3912
f 3947 3912 3910
f 3200 3966 3967
f 3967 3966 3968
f 3967 3968 3969
f 3969 3968 3970
f 3969 3970 3971
f 3971 3970 3972
f 3971 3972 3973
f 3973 3972 3974
f 3973 3974 3975
f 3975 3974 3976
f 3975 3976 3977
f 3977 3976 3978
f 3977 3978 3979
f 3979 3978 3980
f 3979 3980 3981
f 3981 3980 3982
f 3981 3982 3983
f 3983 3982 3984
f 3983 3984 3946
f 3946 3984 3944
f 3200 3967 3893
f 3893 3967 3969
f 3893 3969 3985
f 3985 3969 3971
f 3985 3971 3986
f 3986 3971 3973
f 3986 3973 3987
f 3987 3973 3975
f 3987 3975 3988
f 3988 3975 3977
f 3988 3977 3989
f 3989 3977 3979
f 3989 3979 3990
f 3990 3979 3981
f 3990 3981 3991
f 3991 3981 3983
f 3991 3983 3948
f 3948 3983 3946
f 3199 3992 3993
f 3993 3992 3994
f 3993 3994 3995
f 3995 3994 3996
f 3995 3996 3997
f 3997 3996 3998
f 3997 3998 3999
f 3999 3998 4000
f 3999 4000 4001
f 4001 4000 4002
f 4001 4002 4003
f 4003 4002 4004
f 4003 4004 4005
f 4005 4004 4006
f 4005 4006 4007
f 4007 4006 4008
f 4007 4008 4009
f 4009 4008 4010
f 4009 4010 3918
f 3918 4010 3916
f 3199 3993 3866
f 3866 3993 3995
f 3866 3995 4011
f 4011 3995 3997
f 4011 3997 4012
f 4012 3997 3999
f 4012 3999 4013
f 4013 3999 4001
f 4013 4001 4014
f 4014 4001 4003
f 4014 4003 4015
f 4015 4003 4005
f 4015 4005 4016
f 4016 4005 4007
f 4016 4007 4017
f 4017 4007 4009
f 4017 4009 3920
f 3920 4009 3918
f 4018 3197 4019
f 4019 3197 3868
f 4019 3868 3870
f 3015 3887 4020
f 4020 3887 3885
f 4020 3885 3919
f 3919 3885 3883
f 4021 3195 4022
f 4022 3195 3840
f 4022 3840 3842
f 4023 3193 4024
f 4024 3193 3813
f 4024 3813 3815
f 3014 3832 4025
f 4025 3832 3830
f 4025 3830 3864
f 3864 3830 3828
f 3836 3013 3804
f 4026 3192 4027
f 4027 3192 3785
f 4027 3785 3787
f 3190 3762 4028
f 4028 3762 3764
f 4028 3764 4029
f 4029 3764 3766
f 4029 3766 4030
f 4030 3766 3768
f 4030 3768 4031
f 4031 3768 3770
f 4031 3770 4032
f 4032 3770 3772
f 4032 3772 4033
f 4033 3772 3774
f 4033 3774 4034
f 4034 3774 3776
f 4034 3776 4035
f 4035 3776 3778
f 4035 3778 4036
f 4036 3778 3780
f 4036 3780 4037
f 4037 3780 3782
f 4037 3782 4038
f 4038 3782 2972
f 4038 2972 4039
f 4039 2972 3740
f 4039 3740 3741
f 3190 4028 4040
f 4040 4028 4029
f 4040 4029 4041
f 4041 4029 4030
f 4041 4030 4042
f 4042 4030 4031
f 4042 4031 4043
f 4043 4031 4032
f 4043 4032 4044
f 4044 4032 4033
f 4044 4033 4045
f 4045 4033 4034
f 4045 4034 4046
f 4046 4034 4035
f 4046 4035 4047
f 4047 4035 4036
f 4047 4036 4048
f 4048 4036 4037
f 4048 4037 4049
f 4049 4037 4038
f 4049 4038 4039
f 3809 3807 4050
f 4050 3807 3013
f 4050 3013 3781
f 3756 3188 3758
f 3748 3737 3750
f 3750 3737 3752
f 3738 3736 3742
f 3742 3736 3744
f 3763 3761 4051
f 4051 3761 3760
f 4051 3760 4052
f 4052 3760 4026
f 4052 4026 4053
f 4053 4026 4027
f 4053 4027 3787
f 3765 3763 4054
f 4054 3763 4051
f 4054 4051 4055
f 4055 4051 4052
f 4055 4052 4056
f 4056 4052 4053
f 4056 4053 3789
f 3789 4053 3787
f 3767 3765 4057
f 4057 3765 4054
f 4057 4054 4058
f 4058 4054 4055
f 4058 4055 4059
f 4059 4055 4056
f 4059 4056 3791
f 3791 4056 3789
f 3769 3767 4060
f 4060 3767 4057
f 4060 4057 4061
f 4061 4057 4058
f 4061 4058 4062
f 4062 4058 4059
f 4062 4059 3793
f 3793 4059 3791
f 3771 3769 4063
f 4063 3769 4060
f 4063 4060 4064
f 4064 4060 4061
f 4064 4061 4065
f 4065 4061 4062
f 4065 4062 3795
f 3795 4062 3793
f 3773 3771 4066
f 4066 3771 4063
f 4066 4063 4067
f 4067 4063 4064
f 4067 4064 4068
f 4068 4064 4065
f 4068 4065 3797
f 3797 4065 3795
f 3775 3773 4069
f 4069 3773 4066
f 4069 4066 4070
f 4070 4066 4067
f 4070 4067 4071
f 4071 4067 4068
f 4071 4068 3799
f 3799 4068 3797
f 4050 3781 3779
f 4050 3779 3809
f 3809 3779 3777
f 3799 3801 4071
f 4071 3801 4072
f 4071 4072 4070
f 4070 4072 4073
f 4070 4073 4069
f 4069 4073 3810
f 4069 3810 3775
f 3801 3803 4072
f 4072 3803 4074
f 4072 4074 4073
f 4073 4074 3808
f 4073 3808 3810
f 3803 3805 4074
f 4074 3805 3806
f 4074 3806 3808
f 3802 3836 3804
f 3192 4026 3760
f 3815 3817 4075
f 4075 3817 4076
f 4075 4076 4077
f 4077 4076 4078
f 4077 4078 4079
f 4079 4078 4080
f 4079 4080 3786
f 3786 4080 3788
f 3817 3819 4076
f 4076 3819 4081
f 4076 4081 4078
f 4078 4081 4082
f 4078 4082 4080
f 4080 4082 4083
f 4080 4083 3788
f 3788 4083 3790
f 3819 3821 4081
f 4081 3821 4084
f 4081 4084 4082
f 4082 4084 4085
f 4082 4085 4083
f 4083 4085 4086
f 4083 4086 3790
f 3790 4086 3792
f 3821 3823 4084
f 4084 3823 4087
f 4084 4087 4085
f 4085 4087 4088
f 4085 4088 4086
f 4086 4088 4089
f 4086 4089 3792
f 3792 4089 3794
f 3823 3825 4087
f 4087 3825 4090
f 4087 4090 4088
f 4088 4090 4091
f 4088 4091 4089
f 4089 4091 4092
f 4089 4092 3794
f 3794 4092 3796
f 3825 3827 4090
f 4090 3827 4093
f 4090 4093 4091
f 4091 4093 4094
f 4091 4094 4092
f 4092 4094 4095
f 4092 4095 3796
f 3796 4095 3798
f 3827 3829 4093
f 4093 3829 4096
f 4093 4096 4094
f 4094 4096 4097
f 4094 4097 4095
f 4095 4097 4098
f 4095 4098 3798
f 3798 4098 3800
f 3829 3831 4096
f 4096 3831 4099
f 4096 4099 4097
f 4097 4099 4100
f 4097 4100 4098
f 4098 4100 3837
f 4098 3837 3800
f 3831 3833 4099
f 4099 3833 3834
f 4099 3834 4100
f 4100 3834 3835
f 4100 3835 3837
f 4023 4024 4075
f 4075 4024 3815
f 4023 4075 4077
f 3193 4023 3783
f 3783 4023 4077
f 3783 4077 4079
f 3842 3844 4101
f 4101 3844 4102
f 4101 4102 4103
f 4103 4102 4104
f 4103 4104 4105
f 4105 4104 4106
f 4105 4106 3814
f 3814 4106 3816
f 3844 3846 4102
f 4102 3846 4107
f 4102 4107 4104
f 4104 4107 4108
f 4104 4108 4106
f 4106 4108 4109
f 4106 4109 3816
f 3816 4109 3818
f 3846 3848 4107
f 4107 3848 4110
f 4107 4110 4108
f 4108 4110 4111
f 4108 4111 4109
f 4109 4111 4112
f 4109 4112 3818
f 3818 4112 3820
f 3848 3850 4110
f 4110 3850 4113
f 4110 4113 4111
f 4111 4113 4114
f 4111 4114 4112
f 4112 4114 4115
f 4112 4115 3820
f 3820 4115 3822
f 3850 3852 4113
f 4113 3852 4116
f 4113 4116 4114
f 4114 4116 4117
f 4114 4117 4115
f 4115 4117 4118
f 4115 4118 3822
f 3822 4118 3824
f 3852 3854 4116
f 4116 3854 4119
f 4116 4119 4117
f 4117 4119 4120
f 4117 4120 4118
f 4118 4120 4121
f 4118 4121 3824
f 3824 4121 3826
f 3854 3856 4119
f 4119 3856 4122
f 4119 4122 4120
f 4120 4122 4123
f 4120 4123 4121
f 4121 4123 3865
f 4121 3865 3826
f 3856 3858 4122
f 4122 3858 4124
f 4122 4124 4123
f 4123 4124 3863
f 4123 3863 3865
f 3858 3860 4124
f 4124 3860 3861
f 4124 3861 3863
f 3857 3891 3859
f 3859 3891 3014
f 4021 4022 4101
f 4101 4022 3842
f 4021 4101 4103
f 3195 4021 3811
f 3811 4021 4103
f 3811 4103 4105
f 3870 3872 4125
f 4125 3872 4126
f 4125 4126 4127
f 4127 4126 4128
f 4127 4128 4129
f 4129 4128 4130
f 4129 4130 3841
f 3841 4130 3843
f 3872 3874 4126
f 4126 3874 4131
f 4126 4131 4128
f 4128 4131 4132
f 4128 4132 4130
f 4130 4132 4133
f 4130 4133 3843
f 3843 4133 3845
f 3874 3876 4131
f 4131 3876 4134
f 4131 4134 4132
f 4132 4134 4135
f 4132 4135 4133
f 4133 4135 4136
f 4133 4136 3845
f 3845 4136 3847
f 3876 3878 4134
f 4134 3878 4137
f 4134 4137 4135
f 4135 4137 4138
f 4135 4138 4136
f 4136 4138 4139
f 4136 4139 3847
f 3847 4139 3849
f 3878 3880 4137
f 4137 3880 4140
f 4137 4140 4138
f 4138 4140 4141
f 4138 4141 4139
f 4139 4141 4142
f 4139 4142 3849
f 3849 4142 3851
f 3880 3882 4140
f 4140 3882 4143
f 4140 4143 4141
f 4141 4143 4144
f 4141 4144 4142
f 4142 4144 4145
f 4142 4145 3851
f 3851 4145 3853
f 3882 3884 4143
f 4143 3884 4146
f 4143 4146 4144
f 4144 4146 4147
f 4144 4147 4145
f 4145 4147 4148
f 4145 4148 3853
f 3853 4148 3855
f 3884 3886 4146
f 4146 3886 4149
f 4146 4149 4147
f 4147 4149 4150
f 4147 4150 4148
f 4148 4150 3892
f 4148 3892 3855
f 3886 3888 4149
f 4149 3888 3889
f 4149 3889 4150
f 4150 3889 3890
f 4150 3890 3892
f 4018 4019 4125
f 4125 4019 3870
f 4018 4125 4127
f 3197 4018 3838
f 3838 4018 4127
f 3838 4127 4129
f 3994 3992 3897
f 3897 3992 3895
f 3996 3994 3899
f 3899 3994 3897
f 3998 3996 3901
f 3901 3996 3899
f 4000 3998 3903
f 3903 3998 3901
f 4002 4000 3905
f 3905 4000 3903
f 4004 4002 3907
f 3907 4002 3905
f 4006 4004 3909
f 3909 4004 3907
f 4008 4006 3911
f 3911 4006 3909
f 4010 4008 3913
f 3913 4008 3911
f 3916 4010 3915
f 3915 4010 3913
f 3912 3965 3914
f 3914 3965 3015
f 3992 3199 3895
f 3968 3966 3925
f 3925 3966 3923
f 3970 3968 3927
f 3927 3968 3925
f 3972 3970 3929
f 3929 3970 3927
f 3974 3972 3931
f 3931 3972 3929
f 3976 3974 3933
f 3933 3974 3931
f 3978 3976 3935
f 3935 3976 3933
f 3980 3978 3937
f 3937 3978 3935
f 3982 3980 3939
f 3939 3980 3937
f 3984 3982 3941
f 3941 3982 3939
f 3944 3984 3943
f 3943 3984 3941
f 3966 3200 3923
f 3962 3961 3963
f 3954 3955 4151
f 4151 3955 3957
f 4151 3957 3932
f 3932 3957 3934
f 3953 3954 4152
f 4152 3954 4151
f 4152 4151 3930
f 3930 4151 3932
f 3952 3953 4153
f 4153 3953 4152
f 4153 4152 3928
f 3928 4152 3930
f 3951 3952 4154
f 4154 3952 4153
f 4154 4153 3926
f 3926 4153 3928
f 3921 3949 3950
f 3950 3951 4155
f 4155 3951 4154
f 4155 4154 3924
f 3924 4154 3926
f 4020 3919 3917
f 4020 3917 3015
f 4025 3864 3862
f 4025 3862 3014
f 4040 4041 3759
f 3759 4041 3757
f 4041 4042 3757
f 3757 4042 3755
f 4042 4043 3755
f 3755 4043 3753
f 4043 4044 3753
f 3753 4044 3751
f 4044 4045 3751
f 3751 4045 3749
f 4045 4046 3749
f 3749 4046 3747
f 4046 4047 3747
f 3747 4047 3745
f 4047 4048 3745
f 3745 4048 3743
f 4048 4049 3743
f 3743 4049 3741
f 4049 4039 3741
f 3190 4040 3759
f 4079 3786 3784
f 3783 4079 3784
f 4105 3814 3812
f 3811 4105 3812
f 4129 3841 3839
f 3838 4129 3839
f 3866 4011 3867
f 3867 4011 3869
f 4011 4012 3869
f 3869 4012 3871
f 4012 4013 3871
f 3871 4013 3873
f 4013 4014 3873
f 3873 4014 3875
f 4014 4015 3875
f 3875 4015 3877
f 4015 4016 3877
f 3877 4016 3879
f 4016 4017 3879
f 3879 4017 3881
f 4017 3920 3881
f 3893 3985 3894
f 3894 3985 3896
f 3985 3986 3896
f 3896 3986 3898
f 3986 3987 3898
f 3898 3987 3900
f 3987 3988 3900
f 3900 3988 3902
f 3988 3989 3902
f 3902 3989 3904
f 3989 3990 3904
f 3904 3990 3906
f 3990 3991 3906
f 3906 3991 3908
f 3991 3948 3908
f 4155 3924 3922
f 3964 3940 3962
f 3950 4155 3921
f 3921 4155 3922
f 3963 3964 3962
f 3111 3113 4156
f 4156 3113 3211
f 4156 3211 4157
f 4157 3211 3209
f 4157 3209 4158
f 4158 3209 3206
f 4158 3206 3203
f 4158 3203 4159
f 4159 3203 3201
f 4159 3201 4160
f 4160 3201 3198
f 4160 3198 3196
f 4160 3196 4161
f 4161 3196 3194
f 4161 3194 4162
f 4162 3194 3191
f 4162 3191 4163
f 4163 3191 3189
f 4163 3189 3187
f 4163 3187 4164
f 4164 3187 3185
f 4164 3185 4165
f 4165 3185 3183
f 4165 3183 3181
f 4165 3181 4166
f 4166 3181 3179
f 4166 3179 4167
f 4167 3179 3177
f 4167 3177 3175
f 4167 3175 4168
f 4168 3175 3173
f 4168 3173 4169
f 4169 3173 3171
f 4169 3171 3169
f 4169 3169 4170
f 4170 3169 3167
f 4170 3167 4171
f 4171 3167 3164
f 4171 3164 4172
f 4172 3164 3162
f 4172 3162 3160
f 4172 3160 4173
f 4173 3160 3158
f 4173 3158 4174
f 4174 3158 3156
f 4174 3156 3154
f 4174 3154 4175
f 4175 3154 3152
f 4175 3152 4176
f 4176 3152 3150
f 4176 3150 3148
f 4176 3148 4177
f 4177 3148 3146
f 4177 3146 4178
f 4178 3146 3144
f 4178 3144 3142
f 4178 3142 4179
f 4179 3142 3140
f 4179 3140 4180
f 4180 3140 3138
f 4180 3138 3135
f 4180 3135 4181
f 4181 3135 3133
f 4181 3133 4182
f 4182 3133 3131
f 4182 3131 4183
f 4183 3131 3128
f 4183 3128 3126
f 4183 3126 4184
f 4184 3126 3123
f 4184 3123 4185
f 4185 3123 3120
f 4185 3120 3116
f 4185 3116 4186
f 4186 3116 3111
f 4186 3111 4156
f 4187 4188 4189
f 4189 4188 4190
f 4190 4188 4191
f 4190 4191 4192
f 4192 4191 4193
f 4192 4193 4194
f 4194 4193 4195
f 4194 4195 4196
f 4196 4195 4197
f 4197 4195 4198
f 4198 4195 4199
f 4199 4195 4200
f 4200 4195 4201
f 4201 4195 4202
f 4202 4195 4203
f 4203 4195 4204
f 4204 4195 4205
f 4205 4195 4206
f 4206 4195 4207
f 4207 4195 4208
f 4208 4195 4209
f 4208 4209 4210
f 4210 4209 4211
f 4211 4209 4212
f 4212 4209 4213
f 4213 4209 4214
f 4213 4214 4215
f 4215 4214 4216
f 4215 4216 4217
f 4189 4156 4187
f 4187 4156 4157
f 4187 4157 4188
f 4188 4157 4158
f 4188 4158 4191
f 4191 4158 4159
f 4191 4159 4193
f 4193 4159 4160
f 4193 4160 4195
f 4195 4160 4161
f 4195 4161 4209
f 4209 4161 4162
f 4209 4162 4214
f 4214 4162 4163
f 4214 4163 4216
f 4216 4163 4164
f 4216 4164 4217
f 4217 4164 4165
f 4217 4165 4215
f 4215 4165 4166
f 4215 4166 4213
f 4213 4166 4167
f 4213 4167 4212
f 4212 4167 4168
f 4212 4168 4211
f 4211 4168 4169
f 4211 4169 4210
f 4210 4169 4170
f 4210 4170 4208
f 4208 4170 4171
f 4208 4171 4207
f 4207 4171 4172
f 4207 4172 4206
f 4206 4172 4173
f 4206 4173 4205
f 4205 4173 4174
f 4205 4174 4204
f 4204 4174 4175
f 4204 4175 4203
f 4203 4175 4176
f 4203 4176 4202
f 4202 4176 4177
f 4202 4177 4201
f 4201 4177 4178
f 4201 4178 4200
f 4200 4178 4179
f 4200 4179 4199
f 4199 4179 4180
f 4199 4180 4198
f 4198 4180 4181
f 4198 4181 4197
f 4197 4181 4182
f 4197 4182 4196
f 4196 4182 4183
f 4196 4183 4194
f 4194 4183 4184
f 4194 4184 4192
f 4192 4184 4185
f 4192 4185 4190
f 4190 4185 4186
f 4190 4186 4189
f 4189 4186 4156
f 5 101 3
f 3 101 99
f 3 99 1
f 1 99 97
f 1 97 82
f 82 97 95
f 82 95 80
f 80 95 93
f 80 93 79
f 79 93 91
f 79 91 77
f 77 91 86
f 77 86 76
f 76 86 84
f 76 84 74
f 74 84 191
f 74 191 72
f 72 191 189
f 72 189 71
f 71 189 187
f 71 187 69
f 69 187 185
f 69 185 68
f 68 185 183
f 68 183 66
f 66 183 181
f 66 181 64
f 64 181 179
f 64 179 63
f 63 179 177
f 63 177 61
f 61 177 175
f 61 175 59
f 59 175 173
f 59 173 58
f 58 173 171
f 58 171 56
f 56 171 166
f 56 166 55
f 55 166 164
f 55 164 53
f 53 164 162
f 53 162 51
f 51 162 160
f 51 160 50
f 50 160 158
f 50 158 48
f 48 158 156
f 48 156 47
f 47 156 154
f 47 154 45
f 45 154 151
f 45 151 43
f 43 151 149
f 43 149 42
f 42 149 147
f 42 147 40
f 40 147 145
f 40 145 39
f 39 145 143
f 39 143 37
f 37 143 141
f 37 141 35
f 35 141 139
f 35 139 34
f 34 139 137
f 34 137 32
f 32 137 135
f 32 135 31
f 31 135 133
f 31 133 29
f 29 133 131
f 29 131 27
f 27 131 129
f 27 129 26
f 26 129 127
f 26 127 24
f 24 127 125
f 24 125 22
f 22 125 123
f 22 123 21
f 21 123 121
f 21 121 19
f 19 121 119
f 19 119 18
f 18 119 117
f 18 117 16
f 16 117 115
f 16 115 14
f 14 115 113
f 14 113 13
f 13 113 111
f 13 111 11
f 11 111 109
f 11 109 10
f 10 109 107
f 10 107 8
f 8 107 105
f 8 105 6
f 6 105 103
f 6 103 5
f 5 103 101
f 41 4218 44
f 44 4218 4219
f 44 4219 46
f 46 4219 4220
f 46 4220 49
f 49 4220 4221
f 49 4221 52
f 52 4221 4222
f 52 4222 54
f 54 4222 4223
f 54 4223 57
f 57 4223 4224
f 57 4224 60
f 60 4224 4225
f 60 4225 62
f 62 4225 4226
f 62 4226 65
f 65 4226 4227
f 65 4227 67
f 67 4227 4228
f 67 4228 70
f 70 4228 4229
f 70 4229 73
f 73 4229 4230
f 73 4230 75
f 75 4230 4231
f 75 4231 78
f 78 4231 4232
f 78 4232 81
f 81 4232 4233
f 81 4233 2
f 2 4233 4234
f 2 4234 4
f 4 4234 4235
f 4 4235 7
f 7 4235 4236
f 7 4236 9
f 9 4236 4237
f 9 4237 12
f 12 4237 4238
f 12 4238 15
f 15 4238 4239
f 15 4239 17
f 17 4239 4240
f 17 4240 20
f 20 4240 4241
f 20 4241 23
f 23 4241 4242
f 23 4242 25
f 25 4242 4243
f 25 4243 28
f 28 4243 4244
f 28 4244 30
f 30 4244 4245
f 30 4245 33
f 33 4245 4246
f 33 4246 36
f 36 4246 4247
f 36 4247 38
f 38 4247 4248
f 38 4248 41
f 41 4248 4218
f 4218 4248 4219
f 4219 4248 4247
f 4219 4247 4220
f 4220 4247 4246
f 4220 4246 4221
f 4221 4246 4245
f 4221 4245 4222
f 4222 4245 4244
f 4222 4244 4243
f 4243 4242 4222
f 4222 4242 4241
f 4222 4241 4240
f 4240 4239 4222
f 4222 4239 4238
f 4222 4238 4237
f 4237 4236 4222
f 4222 4236 4235
f 4222 4235 4234
f 4234 4233 4222
f 4222 4233 4232
f 4222 4232 4223
f 4223 4232 4231
f 4223 4231 4230
f 4230 4229 4223
f 4223 4229 4228
f 4223 4228 4224
f 4224 4228 4227
f 4224 4227 4225
f 4225 4227 4226
