# LBR Med 7 link_6
mtllib material.lib

v -0.048085 0.077031 0.091000
v -0.048500 0.070700 0.091000
v -0.034488 0.042431 0.091000
v -0.048085 0.064369 0.091000
v -0.046847 0.058147 0.091000
v -0.044808 0.052140 0.091000
v -0.035238 0.042632 0.091000
v -0.042002 0.046450 0.091000
v -0.035988 0.042431 0.091000
v -0.038478 0.041175 0.091000
v -0.036537 0.041882 0.091000
v -0.036738 0.041132 0.091000
v -0.036537 0.040382 0.091000
v -0.035988 0.039833 0.091000
v -0.034295 0.036405 0.091000
v -0.035238 0.039632 0.091000
v -0.034488 0.039833 0.091000
v -0.033939 0.040382 0.091000
v -0.029525 0.032222 0.091000
v -0.033738 0.041132 0.091000
v -0.024250 0.028698 0.091000
v -0.033939 0.041882 0.091000
v -0.018560 0.025892 0.091000
v -0.012553 0.023853 0.091000
v -0.006331 0.022615 0.091000
v 0.000000 0.022200 0.091000
v 0.006331 0.022615 0.091000
v 0.012553 0.023853 0.091000
v 0.018560 0.025892 0.091000
v 0.024250 0.028698 0.091000
v 0.029525 0.032222 0.091000
v 0.034295 0.036405 0.091000
v 0.038478 0.041175 0.091000
v 0.042002 0.046450 0.091000
v 0.044808 0.052140 0.091000
v 0.046847 0.058147 0.091000
v 0.048085 0.064369 0.091000
v 0.048500 0.070700 0.091000
v 0.048085 0.077031 0.091000
v 0.046847 0.083253 0.091000
v 0.044808 0.089260 0.091000
v 0.042002 0.094950 0.091000
v 0.038478 0.100225 0.091000
v 0.034295 0.104995 0.091000
v 0.029525 0.109178 0.091000
v 0.024250 0.112702 0.091000
v 0.018560 0.115508 0.091000
v 0.012553 0.117547 0.091000
v 0.006331 0.118785 0.091000
v 0.000000 0.119200 0.091000
v -0.006331 0.118785 0.091000
v -0.012553 0.117547 0.091000
v -0.018560 0.115508 0.091000
v -0.024250 0.112702 0.091000
v -0.029525 0.109178 0.091000
v -0.034295 0.104995 0.091000
v -0.038478 0.100225 0.091000
v -0.042002 0.094950 0.091000
v -0.044808 0.089260 0.091000
v -0.046847 0.083253 0.091000
v -0.036738 0.041132 0.096000
v -0.034488 0.039833 0.096000
v -0.036537 0.041882 0.096000
v -0.033939 0.040382 0.096000
v -0.035988 0.042431 0.096000
v -0.033738 0.041132 0.096000
v -0.035238 0.042632 0.096000
v -0.033939 0.041882 0.096000
v -0.034488 0.042431 0.096000
v -0.035238 0.039632 0.096000
v -0.036537 0.040382 0.096000
v -0.035988 0.039833 0.096000
v -0.034150 0.109872 0.081100
v -0.038000 0.106150 0.081100
v -0.037720 0.106122 0.081100
v -0.041156 0.102432 0.081100
v -0.041862 0.101115 0.081100
v -0.043944 0.098442 0.081100
v -0.045344 0.095628 0.081100
v -0.046348 0.094207 0.081100
v -0.048111 0.089748 0.081100
v -0.048349 0.089756 0.081100
v -0.049922 0.085141 0.081100
v -0.050119 0.083568 0.081100
v -0.051054 0.080409 0.081100
v -0.051337 0.077185 0.081100
v -0.051738 0.075592 0.081100
v -0.051745 0.070700 0.081100
v -0.051969 0.070722 0.081100
v -0.051742 0.065851 0.081100
v -0.051337 0.064215 0.081100
v -0.051062 0.061033 0.081100
v -0.050119 0.057832 0.081100
v -0.049934 0.056301 0.081100
v -0.048111 0.051652 0.081100
v -0.048365 0.051685 0.081100
v -0.046366 0.047228 0.081100
v -0.045344 0.045772 0.081100
v -0.043958 0.042979 0.081100
v -0.041862 0.040285 0.081100
v -0.041160 0.038974 0.081100
v -0.037720 0.035278 0.081100
v -0.038000 0.035250 0.081100
v -0.034177 0.031551 0.081100
v -0.032983 0.030830 0.081100
v -0.029993 0.028260 0.081100
v -0.027726 0.027011 0.081100
v -0.025492 0.025413 0.081100
v -0.022032 0.023880 0.081100
v -0.020718 0.023040 0.081100
v -0.015990 0.021488 0.081100
v -0.015724 0.021168 0.081100
v -0.010577 0.019820 0.081100
v -0.009696 0.019872 0.081100
v -0.005320 0.019005 0.081100
v -0.003249 0.019057 0.081100
v 0.000001 0.018731 0.081100
v 0.003249 0.019057 0.081100
v 0.005322 0.019005 0.081100
v 0.009696 0.019872 0.081100
v 0.010578 0.019820 0.081100
v 0.015990 0.021488 0.081100
v 0.015725 0.021168 0.081100
v 0.020719 0.023040 0.081100
v 0.022032 0.023880 0.081100
v 0.025492 0.025413 0.081100
v 0.027726 0.027011 0.081100
v 0.029994 0.028260 0.081100
v 0.032983 0.030830 0.081100
v 0.034177 0.031551 0.081100
v 0.037720 0.035278 0.081100
v 0.038000 0.035250 0.081100
v 0.041160 0.038974 0.081100
v 0.041862 0.040285 0.081100
v 0.043957 0.042978 0.081100
v 0.045344 0.045772 0.081100
v 0.046365 0.047227 0.081100
v 0.048111 0.051652 0.081100
v 0.048364 0.051684 0.081100
v 0.049934 0.056300 0.081100
v 0.050119 0.057832 0.081100
v 0.051061 0.061032 0.081100
v 0.051337 0.064215 0.081100
v 0.051742 0.065850 0.081100
v 0.051745 0.070700 0.081100
v 0.051969 0.070721 0.081100
v 0.051738 0.075592 0.081100
v 0.051337 0.077185 0.081100
v 0.051054 0.080409 0.081100
v 0.050119 0.083568 0.081100
v 0.049922 0.085140 0.081100
v 0.048111 0.089748 0.081100
v 0.048349 0.089755 0.081100
v 0.046348 0.094207 0.081100
v 0.045344 0.095628 0.081100
v 0.043945 0.098442 0.081100
v 0.041862 0.101115 0.081100
v 0.041156 0.102432 0.081100
v 0.037720 0.106122 0.081100
v 0.038000 0.106150 0.081100
v 0.034181 0.109846 0.081100
v 0.032983 0.110570 0.081100
v 0.030014 0.113125 0.081100
v 0.027726 0.114389 0.081100
v 0.025499 0.115983 0.081100
v 0.022032 0.117520 0.081100
v 0.020733 0.118354 0.081100
v 0.015990 0.119912 0.081100
v 0.015774 0.120217 0.081100
v 0.010623 0.121571 0.081100
v 0.009696 0.121528 0.081100
v 0.005346 0.122393 0.081100
v 0.003249 0.122343 0.081100
v 0.000054 0.122669 0.081100
v -0.003249 0.122343 0.081100
v -0.005251 0.122402 0.081100
v -0.009696 0.121528 0.081100
v -0.010542 0.121588 0.081100
v -0.015990 0.119912 0.081100
v -0.015701 0.120240 0.081100
v -0.020713 0.118363 0.081100
v -0.022032 0.117520 0.081100
v -0.025481 0.115994 0.081100
v -0.027726 0.114389 0.081100
v -0.029958 0.113164 0.081100
v -0.032983 0.110570 0.081100
v 0.033226 0.113769 0.053291
v 0.029688 0.115749 0.055674
v 0.033223 0.113765 0.053316
v 0.029686 0.115744 0.055699
v 0.025932 0.117571 0.057847
v 0.025931 0.117566 0.057872
v 0.021963 0.119201 0.059763
v 0.021963 0.119196 0.059789
v 0.017789 0.120597 0.061404
v 0.017789 0.120601 0.061379
v 0.013495 0.121722 0.062631
v 0.013493 0.121718 0.062657
v 0.009029 0.122559 0.063513
v 0.009029 0.122555 0.063538
v 0.004539 0.123068 0.064003
v 0.004539 0.123072 0.063978
v 0.000000 0.123259 0.064055
v 0.000000 0.123263 0.064030
v -0.004539 0.123072 0.063978
v -0.004539 0.123068 0.064003
v -0.009029 0.122559 0.063513
v -0.009029 0.122555 0.063538
v -0.013494 0.121718 0.062657
v -0.013495 0.121722 0.062631
v -0.017789 0.120601 0.061379
v -0.017789 0.120597 0.061404
v -0.021963 0.119201 0.059763
v -0.021962 0.119196 0.059789
v -0.025932 0.117571 0.057847
v -0.025930 0.117566 0.057872
v -0.029688 0.115749 0.055674
v -0.029686 0.115744 0.055699
v -0.033223 0.113765 0.053316
v -0.033226 0.113769 0.053291
v -0.033280 0.113724 0.053236
v -0.033334 0.113680 0.053181
v -0.033450 0.113578 0.053087
v -0.033389 0.113635 0.053126
v -0.033443 0.113590 0.053071
v -0.033710 0.114042 0.050624
v -0.035117 0.112894 0.049161
v -0.036131 0.111613 0.049553
v -0.036643 0.111751 0.047263
v -0.036638 0.110973 0.049749
v -0.036711 0.111664 0.047290
v -0.036968 0.111338 0.047391
v -0.038362 0.110367 0.045492
v -0.037033 0.111256 0.047416
v -0.037098 0.111174 0.047441
v -0.037228 0.111011 0.047490
v -0.038264 0.109714 0.047863
v -0.038349 0.110282 0.045799
v -0.038517 0.109397 0.047950
v -0.039384 0.108974 0.046163
v -0.041515 0.106859 0.044830
v -0.041649 0.107418 0.042706
v -0.042647 0.106782 0.040904
v -0.033725 0.114046 0.050555
v -0.033752 0.114036 0.050489
v -0.033822 0.113994 0.050368
v -0.033972 0.113892 0.050148
v -0.034294 0.113650 0.049746
v -0.034630 0.113386 0.049367
v -0.034971 0.113110 0.049003
v -0.046013 0.103572 0.036795
v -0.045914 0.103298 0.037911
v -0.043739 0.105165 0.041369
v -0.043661 0.104900 0.042414
v -0.045746 0.102826 0.039848
v -0.046772 0.101772 0.038376
v -0.047387 0.101043 0.037636
v -0.046974 0.102291 0.036183
v -0.047798 0.100722 0.036677
v -0.047804 0.101642 0.034325
v -0.048012 0.101231 0.034458
v -0.048888 0.100380 0.032710
v -0.048800 0.099619 0.034984
v -0.049027 0.100114 0.032742
v -0.049061 0.099058 0.035167
v -0.049682 0.098271 0.034186
v -0.049777 0.098459 0.033302
v -0.050956 0.096669 0.031836
v -0.050016 0.098936 0.031040
v -0.050877 0.097860 0.029485
v -0.050032 0.098966 0.030900
v -0.049417 0.099736 0.031886
v -0.051210 0.097116 0.029569
v -0.051894 0.096449 0.027679
v -0.051224 0.096189 0.031587
v -0.052347 0.095198 0.028152
v -0.052803 0.093852 0.028662
v -0.052791 0.095134 0.025995
v -0.053316 0.093043 0.027648
v -0.053426 0.093183 0.026801
v -0.054555 0.090992 0.025076
v -0.054750 0.091391 0.023249
v -0.055159 0.091317 0.021109
v -0.053768 0.093620 0.024057
v -0.053713 0.093550 0.024505
v -0.055819 0.088749 0.022259
v -0.056257 0.089369 0.018617
v -0.056976 0.086980 0.018787
v -0.057305 0.087164 0.016518
v -0.057528 0.085466 0.018129
v -0.057841 0.086344 0.014744
v -0.058326 0.083839 0.016081
v -0.059112 0.083370 0.011979
v -0.058772 0.083318 0.014199
v -0.059369 0.081602 0.013261
v -0.057400 0.087213 0.015857
v -0.060079 0.081562 0.008624
v -0.061881 0.076923 0.002686
v -0.061090 0.078842 0.005907
v -0.060768 0.078998 0.008046
v -0.060435 0.079142 0.010159
v -0.062131 0.074604 0.004423
v -0.062416 0.074249 0.002398
v -0.062596 0.074619 -0.000263
v -0.062679 0.073817 0.000386
v -0.062915 0.073297 -0.001608
v -0.063338 0.070094 -0.001299
v -0.063161 0.072294 -0.003239
v -0.063545 0.069923 -0.006273
v -0.063699 0.067791 -0.004231
v -0.063709 0.067483 -0.009396
v -0.063853 0.065426 -0.007252
v -0.063760 0.062990 -0.010374
v -0.063608 0.064966 -0.012618
v -0.063378 0.060517 -0.013555
v -0.063198 0.062406 -0.015895
v -0.062898 0.060908 -0.017245
v -0.062461 0.059860 -0.019153
v -0.062588 0.058943 -0.017917
v -0.061717 0.055654 -0.019850
v -0.062691 0.058063 -0.016725
v -0.061417 0.057358 -0.022356
v -0.060975 0.055268 -0.022640
v -0.060480 0.053272 -0.022952
v -0.060094 0.054880 -0.025528
v -0.059400 0.053388 -0.026712
v -0.057713 0.051298 -0.030112
v -0.058940 0.050977 -0.026292
v -0.057641 0.050899 -0.030009
v -0.057167 0.048380 -0.029354
v -0.056555 0.049792 -0.032040
v -0.054982 0.045773 -0.032784
v -0.054954 0.045822 -0.032886
v -0.053799 0.044507 -0.034455
v -0.054192 0.047060 -0.035537
v -0.052954 0.045517 -0.036977
v -0.052480 0.045316 -0.037768
v -0.052038 0.042784 -0.036735
v -0.051666 0.043765 -0.038179
v -0.050335 0.041861 -0.039162
v -0.050547 0.043546 -0.040034
v -0.049584 0.042637 -0.041003
v -0.047472 0.041096 -0.043170
v -0.047608 0.040984 -0.042888
v -0.046442 0.038758 -0.042933
v -0.046403 0.038329 -0.042677
v -0.044489 0.039066 -0.045768
v -0.044319 0.036997 -0.044470
v -0.042225 0.037704 -0.047512
v -0.042095 0.035716 -0.046204
v -0.039776 0.036361 -0.049231
v -0.039750 0.035803 -0.048850
v -0.036894 0.034896 -0.051106
v -0.039690 0.034457 -0.047918
v -0.036874 0.033088 -0.049790
v -0.048742 0.040008 -0.040428
v -0.048436 0.040279 -0.041111
v -0.050254 0.041215 -0.038819
v -0.058974 0.050865 -0.026096
v -0.056811 0.086879 0.019908
v 0.033710 0.114042 0.050624
v 0.033443 0.113590 0.053071
v 0.033450 0.113578 0.053087
v 0.033389 0.113635 0.053126
v 0.033334 0.113679 0.053181
v 0.033280 0.113724 0.053236
v 0.041508 0.106865 0.044838
v 0.036635 0.110977 0.049748
v 0.036129 0.111616 0.049552
v 0.035116 0.112896 0.049161
v 0.034971 0.113110 0.049003
v 0.034629 0.113386 0.049367
v 0.043652 0.104909 0.042425
v 0.042624 0.106044 0.043090
v 0.041509 0.106873 0.044808
v 0.039379 0.108980 0.046162
v 0.041643 0.107427 0.042704
v 0.038357 0.110370 0.045497
v 0.042647 0.106782 0.040904
v 0.042774 0.106599 0.040957
v 0.043731 0.105177 0.041365
v 0.044827 0.104268 0.039637
v 0.045736 0.102837 0.039861
v 0.045906 0.103313 0.037906
v 0.046003 0.103582 0.036809
v 0.046965 0.102308 0.036177
v 0.047804 0.101642 0.034325
v 0.047789 0.100740 0.036671
v 0.048003 0.101249 0.034452
v 0.048790 0.099639 0.034978
v 0.048877 0.100393 0.032727
v 0.049017 0.100134 0.032736
v 0.049402 0.099755 0.031910
v 0.049767 0.098481 0.033295
v 0.050006 0.098958 0.031033
v 0.050719 0.097263 0.031627
v 0.050874 0.097864 0.029489
v 0.050970 0.097718 0.029349
v 0.051894 0.096449 0.027679
v 0.051645 0.095981 0.029983
v 0.051908 0.096410 0.027693
v 0.052544 0.094631 0.028367
v 0.052785 0.095142 0.026006
v 0.052819 0.095031 0.026071
v 0.053704 0.093581 0.024492
v 0.053417 0.093214 0.026789
v 0.054263 0.091723 0.025256
v 0.053300 0.093066 0.027677
v 0.054546 0.091005 0.025092
v 0.046763 0.101788 0.038371
v 0.047376 0.101056 0.037652
v 0.049060 0.099058 0.035166
v 0.049668 0.098287 0.034205
v 0.051213 0.096202 0.031602
v 0.052800 0.093851 0.028661
v 0.055818 0.088749 0.022259
v 0.055082 0.090160 0.023778
v 0.054561 0.092055 0.022964
v 0.056793 0.086913 0.019950
v 0.056194 0.088775 0.020093
v 0.055392 0.090453 0.021495
v 0.055159 0.091317 0.021109
v 0.053753 0.093644 0.024087
v 0.057457 0.085607 0.018307
v 0.056967 0.087020 0.018768
v 0.056248 0.089385 0.018636
v 0.057858 0.084800 0.017291
v 0.057709 0.085187 0.017528
v 0.057296 0.087204 0.016498
v 0.058047 0.085323 0.015287
v 0.058323 0.083839 0.016080
v 0.058764 0.083363 0.014175
v 0.059332 0.081669 0.013346
v 0.059104 0.083415 0.011953
v 0.059788 0.081322 0.010991
v 0.060079 0.081562 0.008624
v 0.060122 0.081277 0.008803
v 0.060762 0.079041 0.008018
v 0.060421 0.079154 0.010173
v 0.061330 0.076859 0.007275
v 0.062806 0.072357 0.001575
v 0.062413 0.074280 0.002374
v 0.061881 0.076923 0.002686
v 0.061083 0.078890 0.005874
v 0.063338 0.070094 -0.001299
v 0.062913 0.073323 -0.001630
v 0.062676 0.073845 0.000363
v 0.062596 0.074619 -0.000263
v 0.063699 0.067791 -0.004231
v 0.063545 0.069923 -0.006273
v 0.063161 0.072294 -0.003239
v 0.063709 0.067483 -0.009396
v 0.063853 0.065426 -0.007252
v 0.063760 0.062990 -0.010374
v 0.063608 0.064966 -0.012618
v 0.063378 0.060517 -0.013555
v 0.063198 0.062406 -0.015895
v 0.062896 0.060925 -0.017268
v 0.062461 0.059860 -0.019153
v 0.062587 0.058954 -0.017931
v 0.061717 0.055654 -0.019850
v 0.062691 0.058063 -0.016725
v 0.060480 0.053272 -0.022952
v 0.060968 0.055302 -0.022692
v 0.061417 0.057358 -0.022356
v 0.060207 0.054439 -0.024824
v 0.058974 0.050865 -0.026096
v 0.059392 0.053416 -0.026759
v 0.058932 0.051003 -0.026338
v 0.058531 0.052242 -0.028500
v 0.058068 0.049755 -0.027925
v 0.058485 0.052376 -0.028732
v 0.057632 0.050923 -0.030052
v 0.057695 0.051274 -0.030142
v 0.056701 0.049464 -0.031416
v 0.056555 0.049792 -0.032039
v 0.055744 0.047875 -0.032595
v 0.054176 0.047044 -0.035557
v 0.054763 0.046161 -0.033589
v 0.053785 0.044492 -0.034474
v 0.054982 0.045773 -0.032784
v 0.057167 0.048380 -0.029354
v 0.053155 0.045229 -0.036357
v 0.052027 0.042774 -0.036748
v 0.052465 0.045302 -0.037787
v 0.052103 0.043218 -0.036939
v 0.051426 0.044057 -0.038839
v 0.050241 0.041205 -0.038832
v 0.048742 0.040008 -0.040428
v 0.049575 0.042646 -0.041026
v 0.050325 0.041871 -0.039186
v 0.050535 0.043536 -0.040048
v 0.048427 0.040287 -0.041132
v 0.046393 0.038322 -0.042686
v 0.047599 0.040992 -0.042907
v 0.046433 0.038764 -0.042950
v 0.047472 0.041096 -0.043170
v 0.045524 0.039397 -0.044662
v 0.044480 0.039061 -0.045775
v 0.044310 0.036992 -0.044477
v 0.043306 0.037550 -0.046125
v 0.042087 0.035712 -0.046209
v 0.042218 0.037699 -0.047518
v 0.039745 0.035805 -0.048857
v 0.039770 0.036358 -0.049235
v 0.036895 0.034896 -0.051106
v 0.036874 0.033088 -0.049789
v 0.039684 0.034454 -0.047922
v 0.060094 0.054880 -0.025528
v 0.057841 0.086344 0.014744
v 0.057382 0.087248 0.015902
v 0.050019 0.098982 0.030921
v 0.036643 0.111751 0.047263
v 0.036708 0.111668 0.047289
v 0.036965 0.111342 0.047390
v 0.037030 0.111260 0.047415
v 0.037095 0.111178 0.047440
v 0.037225 0.111015 0.047489
v 0.038345 0.110287 0.045797
v 0.038259 0.109719 0.047861
v 0.034294 0.113650 0.049746
v 0.033972 0.113892 0.050149
v 0.033822 0.113994 0.050369
v 0.033756 0.114032 0.050489
v 0.033727 0.114044 0.050554
v -0.036311 0.032915 -0.050035
v -0.036337 0.034714 -0.051339
v -0.035412 0.034422 -0.051713
v -0.035385 0.032640 -0.050427
v -0.033493 0.033851 -0.052443
v -0.033467 0.032103 -0.051195
v -0.031609 0.033334 -0.053105
v -0.031580 0.031617 -0.051898
v -0.029390 0.032071 -0.053333
v -0.029377 0.031098 -0.052656
v -0.025232 0.031851 -0.055003
v -0.024900 0.030187 -0.054012
v -0.020329 0.030961 -0.056143
v -0.020313 0.029443 -0.055160
v -0.015395 0.030267 -0.057030
v -0.015383 0.028843 -0.056137
v -0.010380 0.028439 -0.056867
v -0.010389 0.029762 -0.057677
v -0.005201 0.028234 -0.057350
v -0.005206 0.029448 -0.058080
v 0.000000 0.029342 -0.058215
v -0.029399 0.032776 -0.053820
v 0.000000 0.028244 -0.057558
v 0.005206 0.029448 -0.058080
v 0.005201 0.028234 -0.057350
v 0.010380 0.028439 -0.056867
v 0.010389 0.029762 -0.057677
v 0.015383 0.028843 -0.056137
v 0.015395 0.030267 -0.057030
v 0.020329 0.030961 -0.056143
v 0.025232 0.031851 -0.055003
v 0.024900 0.030187 -0.054012
v 0.020313 0.029443 -0.055160
v 0.029399 0.032776 -0.053820
v 0.029390 0.032071 -0.053333
v 0.029377 0.031098 -0.052656
v 0.031580 0.031617 -0.051898
v 0.031609 0.033334 -0.053105
v 0.033493 0.033851 -0.052443
v 0.035412 0.034422 -0.051713
v 0.035385 0.032640 -0.050427
v 0.033467 0.032103 -0.051195
v 0.036311 0.032915 -0.050035
v 0.036337 0.034714 -0.051339
v -0.038057 0.024588 -0.045531
v -0.039136 0.026778 -0.046205
v -0.038126 0.031903 -0.051253
v -0.039278 0.032387 -0.050450
v -0.041507 0.033552 -0.048998
v -0.040348 0.032198 -0.049202
v -0.042616 0.031571 -0.046256
v -0.040134 0.026642 -0.045036
v -0.042268 0.026178 -0.042270
v -0.039925 0.021212 -0.040668
v -0.041918 0.020906 -0.038102
v -0.039736 0.016138 -0.036493
v -0.041591 0.015979 -0.034127
v -0.039647 0.013515 -0.034500
v -0.041433 0.013431 -0.032234
v -0.039606 0.012122 -0.033613
v -0.041358 0.012078 -0.031393
v -0.039568 0.010600 -0.032964
v -0.041290 0.010600 -0.030779
v -0.041197 0.010000 -0.030728
v -0.043273 0.010600 -0.027923
v -0.043996 0.010000 -0.026565
v -0.045059 0.010600 -0.024939
v -0.046378 0.010000 -0.022146
v -0.046639 0.010600 -0.021842
v -0.048007 0.010600 -0.018645
v -0.048147 0.011787 -0.019129
v -0.049335 0.011712 -0.015726
v -0.049509 0.012727 -0.016341
v -0.050470 0.012589 -0.012828
v -0.050863 0.014373 -0.014122
v -0.051601 0.014121 -0.010471
v -0.052461 0.017344 -0.013011
v -0.052990 0.016879 -0.009151
v -0.053956 0.020100 -0.011635
v -0.054270 0.019418 -0.007575
v -0.055271 0.022479 -0.009766
v -0.055355 0.021577 -0.005521
v -0.056471 0.024732 -0.007550
v -0.056299 0.023572 -0.003106
v -0.057421 0.026521 -0.004747
v -0.056939 0.025085 -0.000095
v -0.058040 0.027795 -0.001338
v -0.057164 0.026068 0.003530
v -0.058208 0.028516 0.002685
v -0.056827 0.026505 0.007763
v -0.057684 0.028472 0.007333
v -0.055690 0.026240 0.012563
v -0.056425 0.027959 0.012426
v -0.053733 0.025567 0.017720
v -0.054218 0.026795 0.017798
v -0.050820 0.024334 0.023034
v -0.051169 0.025379 0.023246
v -0.047127 0.022888 0.028290
v -0.047342 0.023761 0.028587
v -0.042785 0.021228 0.033348
v -0.042879 0.021931 0.033688
v -0.038000 0.020237 0.038795
v -0.042949 0.022516 0.034007
v -0.043009 0.023095 0.034358
v -0.047681 0.025354 0.029298
v -0.047807 0.026070 0.029700
v -0.052007 0.028331 0.024288
v -0.052199 0.029186 0.024739
v -0.055782 0.031495 0.019003
v -0.056040 0.032501 0.019493
v -0.058897 0.034849 0.013517
v -0.059213 0.036015 0.014033
v -0.061314 0.038379 0.007882
v -0.061678 0.039720 0.008409
v -0.063038 0.042048 0.002166
v -0.063436 0.043576 0.002695
v -0.064114 0.045818 -0.003577
v -0.064532 0.047544 -0.003053
v -0.064612 0.049662 -0.009312
v -0.065037 0.051591 -0.008794
v -0.064607 0.053560 -0.015016
v -0.065026 0.055698 -0.014502
v -0.064961 0.057934 -0.016794
v -0.065388 0.057774 -0.013754
v -0.065588 0.060187 -0.013884
v -0.065681 0.059757 -0.012764
v -0.065897 0.061610 -0.011539
v -0.065917 0.056940 -0.005967
v -0.065968 0.062477 -0.010937
v -0.066054 0.058481 -0.004624
v -0.066107 0.064775 -0.007989
v -0.066113 0.059865 -0.003121
v -0.066099 0.061089 -0.001491
v -0.065564 0.056099 0.003789
v -0.065501 0.056897 0.005060
v -0.064327 0.051948 0.010230
v -0.064221 0.052607 0.011425
v -0.062343 0.047765 0.016415
v -0.062204 0.048316 0.017514
v -0.059599 0.043645 0.022237
v -0.059440 0.044115 0.023223
v -0.056146 0.039674 0.027588
v -0.055808 0.040466 0.029323
v -0.051942 0.036237 0.033158
v -0.051624 0.036911 0.034657
v -0.047368 0.032903 0.037948
v -0.047031 0.033719 0.039714
v -0.042603 0.029866 0.042454
v -0.042422 0.030621 0.043979
v -0.038000 0.027065 0.046695
v -0.042214 0.031392 0.045715
v -0.038000 0.028680 0.049805
v -0.042000 0.032112 0.047526
v -0.041807 0.032718 0.049213
v -0.045792 0.035877 0.045623
v -0.045394 0.036434 0.047526
v -0.049281 0.039816 0.043568
v -0.048685 0.040329 0.045710
v -0.052396 0.043971 0.041333
v -0.051626 0.044431 0.043744
v -0.055055 0.048322 0.038937
v -0.054146 0.048713 0.041645
v -0.057229 0.052880 0.036393
v -0.056225 0.053188 0.039422
v -0.058895 0.057609 0.033750
v -0.057842 0.057819 0.037114
v -0.060057 0.062471 0.031056
v -0.058996 0.062573 0.034759
v -0.060739 0.067429 0.028352
v -0.059703 0.067415 0.032392
v -0.060974 0.072446 0.025671
v -0.059987 0.072313 0.030038
v -0.060795 0.077492 0.023034
v -0.059872 0.077236 0.027717
v -0.060235 0.082538 0.020457
v -0.059384 0.082158 0.025441
v -0.058546 0.087054 0.023220
v -0.058531 0.081685 0.030287
v -0.057764 0.086449 0.028335
v -0.057548 0.081061 0.035775
v -0.056858 0.085670 0.034114
v -0.056611 0.080407 0.041017
v -0.055988 0.084867 0.039619
v -0.055738 0.079767 0.045994
v -0.055170 0.084087 0.044829
v -0.054948 0.079169 0.050702
v -0.054419 0.083360 0.049744
v -0.054383 0.078732 0.054291
v -0.053873 0.082830 0.053481
v -0.053880 0.078329 0.057729
v -0.053378 0.082343 0.057053
v -0.053047 0.077591 0.064225
v -0.052544 0.081464 0.063779
v -0.052581 0.077086 0.068634
v -0.052073 0.080878 0.068327
v -0.052088 0.076354 0.074639
v -0.051582 0.080055 0.074498
v -0.051771 0.075577 0.080500
v -0.051299 0.079208 0.080500
v -0.039003 0.021300 -0.041749
v -0.038028 0.020495 -0.042099
v -0.038889 0.016184 -0.037483
v -0.038006 0.015563 -0.037931
v -0.038838 0.013540 -0.035445
v -0.038001 0.013212 -0.036132
v -0.038815 0.012135 -0.034536
v -0.038000 0.011961 -0.035340
v -0.038795 0.010600 -0.033871
v -0.038000 0.010000 -0.034603
v -0.048321 0.010000 -0.017507
v -0.049185 0.010600 -0.015268
v -0.049797 0.010000 -0.012712
v -0.050126 0.010600 -0.011817
v -0.050798 0.010000 -0.007805
v -0.050825 0.010600 -0.008310
v -0.051454 0.011505 -0.005151
v -0.050993 0.011571 -0.008720
v -0.051657 0.012329 -0.005659
v -0.051187 0.012456 -0.009261
v -0.052090 0.013879 -0.006787
v -0.051279 0.010600 -0.004763
v -0.051317 0.010000 -0.002820
v -0.051668 0.011441 -0.001561
v -0.051878 0.012208 -0.002036
v -0.051849 0.012090 0.001589
v -0.052312 0.013426 0.000613
v -0.052044 0.013208 0.004302
v -0.053030 0.015583 0.002446
v -0.052517 0.015164 0.006285
v -0.053590 0.017471 0.004558
v -0.052791 0.016822 0.008578
v -0.053846 0.018932 0.007169
v -0.052690 0.018037 0.011395
v -0.053771 0.020111 0.010238
v -0.052154 0.018949 0.014699
v -0.053113 0.020789 0.013925
v -0.050929 0.019389 0.018591
v -0.051717 0.020993 0.018169
v -0.048886 0.019400 0.022961
v -0.049472 0.020777 0.022835
v -0.045989 0.019041 0.027617
v -0.046328 0.020089 0.027704
v -0.042288 0.018256 0.032331
v -0.042445 0.019108 0.032559
v -0.038000 0.017233 0.036997
v -0.042567 0.019815 0.032785
v -0.042680 0.020522 0.033048
v -0.051486 0.010600 -0.001192
v -0.051347 0.010000 0.002201
v -0.051633 0.011379 0.002034
v -0.051445 0.010600 0.002384
v -0.051349 0.011319 0.005617
v -0.051155 0.010600 0.005949
v -0.050888 0.010000 0.007193
v -0.049947 0.010000 0.012112
v -0.050619 0.010600 0.009485
v -0.050817 0.011258 0.009174
v -0.051043 0.011860 0.008793
v -0.050265 0.011742 0.012343
v -0.050742 0.012768 0.011602
v -0.049701 0.012539 0.015195
v -0.050657 0.014302 0.013894
v -0.049287 0.013854 0.017657
v -0.050234 0.015488 0.016586
v -0.048439 0.014813 0.020554
v -0.049250 0.016234 0.019825
v -0.046939 0.015357 0.023975
v -0.047619 0.016688 0.023535
v -0.044725 0.015628 0.027796
v -0.045171 0.016753 0.027660
v -0.041714 0.015551 0.031901
v -0.041924 0.016474 0.032000
v -0.042121 0.017406 0.032149
v -0.048529 0.010000 0.016921
v -0.049839 0.010600 0.012975
v -0.050039 0.011197 0.012689
v -0.046644 0.010000 0.021581
v -0.047562 0.010600 0.019751
v -0.048818 0.010600 0.016403
v -0.049016 0.011132 0.016147
v -0.049237 0.011621 0.015843
v -0.044310 0.010000 0.026039
v -0.046076 0.010600 0.023004
v -0.046246 0.010998 0.022834
v -0.047751 0.011066 0.019534
v -0.046433 0.011365 0.022633
v -0.047959 0.011494 0.019278
v -0.046821 0.012061 0.022210
v -0.048395 0.012303 0.018736
v -0.047609 0.013401 0.021374
v -0.044369 0.010600 0.026147
v -0.042987 0.010000 0.028170
v -0.042447 0.010600 0.029163
v -0.041676 0.010000 0.030076
v -0.040321 0.010600 0.032039
v -0.040467 0.010000 0.031687
v -0.039414 0.010000 0.032989
v -0.038000 0.010600 0.034760
v -0.038573 0.010000 0.033966
v -0.038000 0.010300 0.034682
v -0.038000 0.010000 0.034603
v -0.038000 0.013975 0.035709
v -0.041021 0.012927 0.031861
v -0.040780 0.012124 0.031913
v -0.040547 0.011373 0.031980
v -0.042882 0.011589 0.028865
v -0.042656 0.011112 0.029026
v -0.044662 0.011237 0.025891
v -0.044509 0.010930 0.026030
v -0.041489 0.014639 0.031847
v -0.041251 0.013740 0.031837
v -0.043803 0.013515 0.028252
v -0.043333 0.012523 0.028550
v -0.045620 0.012953 0.025020
v -0.044980 0.011821 0.025597
v -0.038000 0.022885 0.041087
v -0.043116 0.024776 0.035612
v -0.043095 0.024228 0.035161
v -0.043059 0.023667 0.034742
v -0.047910 0.026774 0.030155
v -0.038000 0.025150 0.043759
v -0.043012 0.027420 0.038506
v -0.043047 0.027063 0.038038
v -0.043076 0.026693 0.037582
v -0.047976 0.030364 0.033707
v -0.048018 0.029931 0.033144
v -0.052557 0.033707 0.028856
v -0.052597 0.033060 0.028034
v -0.056605 0.036993 0.023286
v -0.056597 0.036200 0.022370
v -0.059920 0.040272 0.017232
v -0.059837 0.039298 0.016272
v -0.062410 0.043477 0.010824
v -0.062234 0.042287 0.009882
v -0.064051 0.046493 0.004242
v -0.063777 0.045065 0.003386
v -0.064892 0.049222 -0.002342
v -0.042769 0.029057 0.040993
v -0.042877 0.028430 0.039971
v -0.047586 0.032253 0.036695
v -0.047772 0.031548 0.035471
v -0.052212 0.035488 0.031683
v -0.052325 0.035081 0.030958
v -0.056287 0.039236 0.026733
v -0.056404 0.038766 0.025889
v -0.059731 0.043136 0.021266
v -0.059833 0.042583 0.020313
v -0.062449 0.047161 0.015340
v -0.062518 0.046499 0.014295
v -0.064393 0.051220 0.009071
v -0.064417 0.050210 0.007697
v -0.065581 0.054983 0.002286
v -0.065526 0.053729 0.000895
v -0.038000 0.030044 0.053035
v -0.041617 0.033288 0.050963
v -0.045002 0.036949 0.049473
v -0.048099 0.040793 0.047876
v -0.050867 0.044836 0.046159
v -0.053249 0.049046 0.044337
v -0.055234 0.053432 0.042417
v -0.056799 0.057960 0.040427
v -0.057943 0.062601 0.038395
v -0.058673 0.067323 0.036346
v -0.059004 0.072097 0.034303
v -0.058950 0.076893 0.032279
v -0.041401 0.033917 0.053101
v -0.038000 0.032163 0.059715
v -0.041200 0.034501 0.055331
v -0.041016 0.035041 0.057655
v -0.044147 0.038011 0.054227
v -0.043777 0.038469 0.056705
v -0.046825 0.041716 0.053065
v -0.046279 0.042097 0.055719
v -0.049222 0.045608 0.051848
v -0.048521 0.045909 0.054707
v -0.051306 0.049638 0.050593
v -0.050480 0.049850 0.053686
v -0.053081 0.053814 0.049296
v -0.052164 0.053927 0.052648
v -0.054529 0.058103 0.047966
v -0.053557 0.058108 0.051593
v -0.055640 0.062482 0.046607
v -0.054646 0.062369 0.050517
v -0.056406 0.066927 0.045225
v -0.055417 0.066690 0.049417
v -0.056824 0.071413 0.043828
v -0.055861 0.071045 0.048294
v -0.056891 0.075914 0.042423
v -0.055969 0.075412 0.047151
v -0.040855 0.035536 0.060065
v -0.038000 0.033635 0.066569
v -0.040744 0.035898 0.062056
v -0.040649 0.036229 0.064095
v -0.043245 0.039166 0.061338
v -0.043068 0.039425 0.063465
v -0.045511 0.042645 0.060611
v -0.045264 0.042835 0.062835
v -0.047548 0.046310 0.059897
v -0.047242 0.046435 0.062229
v -0.049340 0.050101 0.059212
v -0.048984 0.050164 0.061663
v -0.050897 0.054023 0.058548
v -0.050500 0.054026 0.061129
v -0.052202 0.058040 0.057893
v -0.051770 0.057984 0.060612
v -0.053238 0.062129 0.057229
v -0.052779 0.062013 0.060093
v -0.053989 0.066266 0.056544
v -0.053507 0.066085 0.059554
v -0.054437 0.070428 0.055826
v -0.053940 0.070178 0.058983
v -0.054570 0.074591 0.055075
v -0.054067 0.074267 0.058374
v -0.038000 0.034593 0.073515
v -0.040507 0.036803 0.068302
v -0.042812 0.039867 0.067833
v -0.044916 0.043145 0.067375
v -0.046818 0.046620 0.066951
v -0.048493 0.050231 0.066579
v -0.049945 0.053984 0.066250
v -0.051154 0.057838 0.065949
v -0.052103 0.061761 0.065656
v -0.052776 0.065725 0.065349
v -0.053162 0.069700 0.065012
v -0.053253 0.073663 0.064637
v -0.038000 0.035204 0.080500
v -0.040396 0.037566 0.075904
v -0.040441 0.037148 0.071406
v -0.040404 0.037966 0.080500
v -0.042608 0.040891 0.080500
v -0.044600 0.043963 0.080500
v -0.046377 0.047180 0.080500
v -0.047912 0.050491 0.080500
v -0.048076 0.050310 0.075245
v -0.049442 0.053871 0.075149
v -0.049691 0.053933 0.069915
v -0.050860 0.057713 0.069727
v -0.049216 0.053913 0.080500
v -0.050556 0.057533 0.075074
v -0.051766 0.061564 0.069551
v -0.050275 0.057418 0.080500
v -0.051407 0.061265 0.075010
v -0.052396 0.065454 0.069364
v -0.051085 0.060990 0.080500
v -0.051987 0.065038 0.074942
v -0.052744 0.069353 0.069154
v -0.051642 0.064609 0.080500
v -0.051943 0.068259 0.080500
v -0.051986 0.071921 0.080500
v -0.050573 0.082798 0.080500
v -0.049596 0.086327 0.080500
v -0.048374 0.089779 0.080500
v -0.046955 0.093044 0.080500
v -0.047061 0.093979 0.073830
v -0.045381 0.097132 0.073656
v -0.045652 0.098292 0.066580
v -0.043702 0.101370 0.066220
v -0.043948 0.102421 0.060840
v -0.041763 0.105437 0.060333
v -0.042136 0.107356 0.052140
v -0.040223 0.109804 0.051555
v -0.042367 0.108472 0.047775
v -0.042126 0.108879 0.047441
v -0.044109 0.107133 0.045291
v -0.045316 0.096205 0.080500
v -0.043495 0.100158 0.073481
v -0.041573 0.104308 0.065849
v -0.039925 0.107752 0.059896
v -0.039394 0.110837 0.051284
v -0.040268 0.110438 0.049358
v -0.038567 0.111842 0.051082
v -0.038339 0.109799 0.058984
v -0.039125 0.108723 0.059686
v -0.038981 0.107491 0.065361
v -0.039771 0.106554 0.065522
v -0.038160 0.108166 0.066423
v -0.039642 0.105241 0.073131
v -0.038853 0.106152 0.073047
v -0.038042 0.106959 0.073548
v -0.043464 0.099246 0.080500
v -0.041421 0.103043 0.073297
v -0.041409 0.102153 0.080500
v -0.039624 0.104374 0.080500
v -0.038823 0.105295 0.080500
v -0.038000 0.106173 0.080800
v -0.038000 0.106196 0.080500
v -0.044704 0.105211 0.048570
v -0.046186 0.105168 0.042864
v -0.046854 0.101821 0.049365
v -0.047223 0.102843 0.044991
v -0.048781 0.098304 0.050167
v -0.049195 0.099227 0.045907
v -0.050457 0.094668 0.050978
v -0.050911 0.095493 0.046836
v -0.051900 0.090816 0.051816
v -0.052391 0.091541 0.047803
v -0.053043 0.086864 0.052653
v -0.053564 0.087491 0.048775
v -0.048328 0.102952 0.040119
v -0.049751 0.100489 0.040276
v -0.050503 0.100455 0.037016
v -0.051520 0.096621 0.041366
v -0.052167 0.097838 0.035535
v -0.053050 0.092533 0.042507
v -0.053754 0.093602 0.036871
v -0.054271 0.088349 0.043664
v -0.055032 0.089272 0.038234
v -0.052655 0.097677 0.033552
v -0.054492 0.094712 0.030887
v -0.054634 0.094795 0.029947
v -0.056417 0.091915 0.026336
v -0.057995 0.089123 0.022830
v -0.056666 0.091164 0.026429
v -0.055834 0.090228 0.032483
v -0.059362 0.086509 0.019543
v -0.060511 0.084161 0.016586
v -0.061436 0.082165 0.014070
v -0.061804 0.077628 0.017689
v -0.062217 0.080394 0.011837
v -0.062769 0.077544 0.012247
v -0.062055 0.072458 0.020695
v -0.063088 0.072269 0.015639
v -0.061876 0.067319 0.023758
v -0.062963 0.067029 0.019099
v -0.061223 0.062244 0.026854
v -0.062340 0.061858 0.022599
v -0.060054 0.057272 0.029943
v -0.061165 0.056795 0.026096
v -0.058336 0.052445 0.032977
v -0.059398 0.051888 0.029533
v -0.056059 0.047803 0.035898
v -0.057024 0.047179 0.032846
v -0.053248 0.043386 0.038646
v -0.054069 0.042710 0.035965
v -0.049940 0.039182 0.041203
v -0.050578 0.038470 0.038866
v -0.046233 0.035202 0.043548
v -0.046661 0.034462 0.041524
v -0.063525 0.077158 0.007750
v -0.063966 0.071859 0.010961
v -0.064523 0.074282 0.004112
v -0.064748 0.071140 0.006274
v -0.063885 0.066553 0.014793
v -0.064706 0.065805 0.010481
v -0.063287 0.061319 0.018669
v -0.064130 0.060545 0.014737
v -0.062109 0.056199 0.022547
v -0.062949 0.055402 0.018995
v -0.060302 0.051241 0.026362
v -0.061109 0.050426 0.023190
v -0.057848 0.046492 0.030044
v -0.058587 0.045664 0.027245
v -0.054773 0.041995 0.033515
v -0.055406 0.041163 0.031079
v -0.051127 0.037737 0.036748
v -0.065237 0.070364 0.002888
v -0.065246 0.071710 0.000850
v -0.065639 0.069316 -0.000445
v -0.065734 0.069363 -0.002133
v -0.065800 0.068672 -0.002077
v -0.065930 0.067936 -0.003675
v -0.065806 0.063425 0.002799
v -0.065941 0.062736 0.001326
v -0.065259 0.058256 0.007722
v -0.065398 0.057614 0.006374
v -0.064080 0.053203 0.012649
v -0.066024 0.067069 -0.005056
v -0.066040 0.061960 -0.000108
v -0.064108 0.055731 -0.019650
v -0.064141 0.051385 -0.015313
v -0.064140 0.047700 -0.009635
v -0.063648 0.044066 -0.003928
v -0.062592 0.040497 0.001789
v -0.060906 0.037019 0.007485
v -0.058541 0.033667 0.013112
v -0.055490 0.030478 0.018603
v -0.051787 0.027465 0.023906
v -0.047537 0.024631 0.028946
v -0.063128 0.052230 -0.021003
v -0.063045 0.053564 -0.022469
v -0.062502 0.049341 -0.020793
v -0.061141 0.049448 -0.025750
v -0.061844 0.046458 -0.020357
v -0.060494 0.046324 -0.025016
v -0.061159 0.043590 -0.019722
v -0.059687 0.042586 -0.023879
v -0.060305 0.040154 -0.018720
v -0.058855 0.038893 -0.022495
v -0.059425 0.036757 -0.017485
v -0.057910 0.034881 -0.020713
v -0.058426 0.033064 -0.015880
v -0.056938 0.030954 -0.018689
v -0.057400 0.029445 -0.014043
v -0.055937 0.027125 -0.016449
v -0.056347 0.025913 -0.011999
v -0.054913 0.023408 -0.014014
v -0.060290 0.049193 -0.028181
v -0.058764 0.045059 -0.029013
v -0.056859 0.044959 -0.033746
v -0.056835 0.043292 -0.032451
v -0.054958 0.042978 -0.036363
v -0.054653 0.040588 -0.035092
v -0.052989 0.041146 -0.038791
v -0.052307 0.037397 -0.037066
v -0.051012 0.039504 -0.040976
v -0.049856 0.033705 -0.038229
v -0.050517 0.039041 -0.041425
v -0.049044 0.038036 -0.042940
v -0.047873 0.035055 -0.042336
v -0.047096 0.036724 -0.044702
v -0.045181 0.035550 -0.046285
v -0.045101 0.030611 -0.042506
v -0.047273 0.029575 -0.038681
v -0.049170 0.028516 -0.034780
v -0.051572 0.032358 -0.034057
v -0.050809 0.027463 -0.030811
v -0.053068 0.030995 -0.029710
v -0.052233 0.026401 -0.026669
v -0.054294 0.029666 -0.025316
v -0.053392 0.025369 -0.022479
v -0.055252 0.028376 -0.020892
v -0.054286 0.024371 -0.018256
v -0.043367 0.012010 -0.028499
v -0.045172 0.011936 -0.025482
v -0.046767 0.011861 -0.022354
v -0.043473 0.013300 -0.029289
v -0.045300 0.013158 -0.026224
v -0.046913 0.013014 -0.023052
v -0.048307 0.012871 -0.019785
v -0.043694 0.015729 -0.031067
v -0.045569 0.015459 -0.027896
v -0.047221 0.015184 -0.024623
v -0.048648 0.014911 -0.021261
v -0.049878 0.014637 -0.017724
v -0.044148 0.020429 -0.034807
v -0.046121 0.019912 -0.031416
v -0.047853 0.019385 -0.027935
v -0.049347 0.018862 -0.024373
v -0.050638 0.018337 -0.020638
v -0.051676 0.017831 -0.016845
v -0.044629 0.025461 -0.038739
v -0.046704 0.024685 -0.035123
v -0.048520 0.023892 -0.031426
v -0.050087 0.023105 -0.027656
v -0.051444 0.022314 -0.023712
v -0.052541 0.021547 -0.019718
v -0.053380 0.020809 -0.015687
v -0.050285 0.011640 -0.012250
v -0.053875 0.035729 -0.032526
v -0.055170 0.034096 -0.027942
v -0.056192 0.032503 -0.023325
v -0.056017 0.038643 -0.030329
v -0.057988 0.041071 -0.027486
v -0.057104 0.036740 -0.025532
v -0.052327 0.013648 -0.003088
v -0.053263 0.016434 -0.005280
v -0.053277 0.016003 -0.001411
v -0.054318 0.018759 -0.003519
v -0.057567 0.027971 -0.009395
v -0.058636 0.031284 -0.011039
v -0.059678 0.034660 -0.012462
v -0.060594 0.037760 -0.013542
v -0.061484 0.040894 -0.014403
v -0.062198 0.043507 -0.014933
v -0.062883 0.046132 -0.015279
v -0.063533 0.048762 -0.015416
v -0.051571 0.011975 0.005204
v -0.054094 0.018113 0.000526
v -0.055155 0.020693 -0.001285
v -0.058518 0.029531 -0.006193
v -0.059585 0.032592 -0.007427
v -0.060524 0.035399 -0.008347
v -0.061434 0.038232 -0.009061
v -0.062163 0.040593 -0.009482
v -0.062861 0.042962 -0.009733
v -0.063523 0.045334 -0.009793
v -0.065403 0.053467 -0.008065
v -0.065699 0.055260 -0.007121
v -0.065182 0.050830 -0.001441
v -0.051521 0.012990 0.007969
v -0.051730 0.014738 0.010102
v -0.051679 0.016161 0.012589
v -0.051165 0.017134 0.015620
v -0.050106 0.017802 0.019145
v -0.048269 0.018037 0.023196
v -0.045592 0.017891 0.027599
v -0.054659 0.019815 0.002944
v -0.055810 0.022422 0.001336
v -0.054978 0.021271 0.005782
v -0.056086 0.023651 0.004566
v -0.055843 0.024349 0.008414
v -0.054922 0.024528 0.012841
v -0.053116 0.024086 0.017740
v -0.050448 0.023290 0.022894
v -0.046895 0.022015 0.028049
v -0.059111 0.030546 -0.002379
v -0.060051 0.033064 -0.003135
v -0.059123 0.030753 0.002094
v -0.060960 0.035602 -0.003699
v -0.060004 0.033004 0.001680
v -0.058508 0.030449 0.007064
v -0.061686 0.037714 -0.004008
v -0.060706 0.034875 0.001481
v -0.059162 0.032091 0.006970
v -0.057005 0.029387 0.012426
v -0.062381 0.039832 -0.004163
v -0.061376 0.036750 0.001422
v -0.059783 0.033735 0.007000
v -0.057554 0.030815 0.012534
v -0.054675 0.028024 0.017966
v -0.063037 0.041952 -0.004144
v -0.062007 0.038626 0.001519
v -0.060367 0.035380 0.007167
v -0.058068 0.032243 0.012758
v -0.055100 0.029253 0.018231
v -0.051492 0.026424 0.023534
v -0.065394 0.052340 -0.000356
v -0.064370 0.049082 0.006417
v -0.062549 0.045589 0.013051
v -0.059903 0.041984 0.019385
v -0.056497 0.038262 0.025062
v -0.052422 0.034650 0.030243
v -0.047852 0.031171 0.034872
v -0.042971 0.027767 0.038985
v -0.064249 0.047839 0.005258
v -0.065086 0.058828 0.009096
v -0.065638 0.064034 0.004301
v -0.064655 0.059789 0.011896
v -0.065218 0.065038 0.007368
v -0.063906 0.053740 0.013894
v -0.062034 0.048819 0.018630
v -0.063474 0.054658 0.016428
v -0.061615 0.049695 0.020896
v -0.059052 0.044949 0.025223
v -0.056750 0.062567 0.042562
v -0.057502 0.067148 0.040864
v -0.057880 0.071775 0.039159
v -0.057893 0.076421 0.037460
v -0.055621 0.058059 0.044241
v -0.054115 0.053653 0.045885
v -0.052239 0.049373 0.047477
v -0.050011 0.045253 0.048999
v -0.047437 0.041283 0.050451
v -0.044559 0.037505 0.051816
v -0.053798 0.062240 0.054293
v -0.054562 0.066452 0.053439
v -0.055016 0.070692 0.052555
v -0.055146 0.074939 0.051641
v -0.052736 0.058081 0.055125
v -0.051393 0.053997 0.055942
v -0.049786 0.050011 0.056758
v -0.047930 0.046155 0.057580
v -0.045815 0.042424 0.058416
v -0.043458 0.038876 0.059250
v -0.052294 0.068826 0.074861
v -0.052805 0.073238 0.068911
v -0.054823 0.022217 0.009242
v -0.061988 0.041029 0.009075
v -0.059480 0.037155 0.014664
v -0.056256 0.033485 0.020076
v -0.052359 0.030026 0.025262
v -0.062515 0.044581 0.011887
v -0.059941 0.041168 0.018276
v -0.056563 0.037721 0.024254
v -0.052500 0.034193 0.029541
v -0.047920 0.030777 0.034283
v -0.054036 0.022650 0.013304
v -0.052468 0.022612 0.017881
v -0.049973 0.022031 0.022816
v -0.046646 0.021141 0.027862
v -0.059690 0.038254 0.015412
v -0.056537 0.035346 0.021522
v -0.052599 0.032366 0.027253
v -0.048051 0.029362 0.032468
v -0.043099 0.026312 0.037137
v -0.056423 0.034438 0.020754
v -0.052481 0.030842 0.025859
v -0.047988 0.027461 0.030663
v -0.048275 0.050256 0.070133
v -0.046633 0.046724 0.070394
v -0.044764 0.043332 0.070704
v -0.042698 0.040136 0.071049
v -0.046478 0.046889 0.075372
v -0.046290 0.014150 0.024461
v -0.052561 0.031624 0.026525
v -0.048057 0.028760 0.031825
v -0.043118 0.025819 0.036604
v -0.044646 0.043597 0.075531
v -0.042616 0.040488 0.075713
v -0.042547 0.010863 0.029102
v -0.040430 0.010995 0.032015
v -0.044255 0.014519 0.028003
v -0.048037 0.028125 0.031221
v -0.040373 0.010801 0.032031
v -0.043124 0.025307 0.036094
v -0.052326 0.072605 0.074761
v -0.050815 0.083692 0.074342
v -0.049793 0.087249 0.074175
v -0.048524 0.090713 0.074002
v -0.051287 0.084597 0.067996
v -0.050232 0.088229 0.067647
v -0.048915 0.091761 0.067289
v -0.047395 0.095085 0.066935
v -0.051750 0.085265 0.063307
v -0.050672 0.088978 0.062817
v -0.049319 0.092588 0.062317
v -0.047753 0.095988 0.061826
v -0.045955 0.099269 0.061334
v -0.052565 0.086290 0.056354
v -0.051448 0.090152 0.055641
v -0.050038 0.093913 0.054923
v -0.048400 0.097460 0.054225
v -0.046518 0.100887 0.053530
v -0.044417 0.104187 0.052839
v 0.040404 0.037966 0.080500
v 0.038000 0.035204 0.080500
v 0.038000 0.034206 0.070292
v 0.038000 0.033431 0.065429
v 0.040441 0.037148 0.071406
v 0.040396 0.037566 0.075904
v 0.042608 0.040891 0.080500
v 0.044600 0.043964 0.080500
v 0.046377 0.047180 0.080500
v 0.047912 0.050491 0.080500
v 0.048076 0.050310 0.075245
v 0.049216 0.053913 0.080500
v 0.049442 0.053872 0.075149
v 0.050275 0.057418 0.080500
v 0.050556 0.057533 0.075074
v 0.051085 0.060990 0.080500
v 0.051407 0.061265 0.075010
v 0.051642 0.064609 0.080500
v 0.051987 0.065039 0.074942
v 0.051943 0.068259 0.080500
v 0.052294 0.068825 0.074861
v 0.052326 0.072605 0.074761
v 0.052805 0.073238 0.068911
v 0.052088 0.076354 0.074639
v 0.052581 0.077086 0.068634
v 0.051582 0.080055 0.074498
v 0.052073 0.080878 0.068327
v 0.050815 0.083692 0.074342
v 0.051287 0.084597 0.067996
v 0.049793 0.087249 0.074175
v 0.050232 0.088229 0.067647
v 0.048524 0.090713 0.074002
v 0.048915 0.091761 0.067289
v 0.047061 0.093979 0.073830
v 0.047395 0.095085 0.066935
v 0.045381 0.097132 0.073656
v 0.045652 0.098292 0.066580
v 0.043495 0.100158 0.073481
v 0.043702 0.101370 0.066220
v 0.041421 0.103043 0.073297
v 0.041573 0.104308 0.065849
v 0.039642 0.105241 0.073131
v 0.039771 0.106554 0.065522
v 0.038160 0.108166 0.066423
v 0.038981 0.107491 0.065361
v 0.039125 0.108723 0.059686
v 0.039925 0.107752 0.059896
v 0.040223 0.109804 0.051555
v 0.042136 0.107356 0.052140
v 0.042367 0.108472 0.047775
v 0.044704 0.105211 0.048570
v 0.043922 0.107302 0.045499
v 0.045928 0.105421 0.043177
v 0.047223 0.102843 0.044991
v 0.047998 0.103308 0.040560
v 0.049195 0.099227 0.045907
v 0.049751 0.100489 0.040276
v 0.051520 0.096621 0.041366
v 0.052167 0.097838 0.035535
v 0.053754 0.093602 0.036871
v 0.054160 0.095516 0.030850
v 0.054492 0.094712 0.030887
v 0.056665 0.091164 0.026429
v 0.055834 0.090228 0.032483
v 0.057764 0.086450 0.028335
v 0.056858 0.085670 0.034114
v 0.058531 0.081685 0.030287
v 0.057548 0.081061 0.035775
v 0.058950 0.076893 0.032279
v 0.057893 0.076421 0.037459
v 0.057880 0.071766 0.039162
v 0.056823 0.071405 0.043831
v 0.057502 0.067148 0.040863
v 0.056406 0.066927 0.045225
v 0.056750 0.062567 0.042562
v 0.055640 0.062482 0.046606
v 0.055621 0.058060 0.044241
v 0.054529 0.058103 0.047966
v 0.054115 0.053653 0.045885
v 0.053081 0.053814 0.049296
v 0.052239 0.049373 0.047477
v 0.051306 0.049638 0.050593
v 0.049221 0.045608 0.051849
v 0.048520 0.045909 0.054708
v 0.046279 0.042097 0.055719
v 0.045815 0.042424 0.058416
v 0.043777 0.038469 0.056705
v 0.043458 0.038877 0.059250
v 0.041016 0.035042 0.057654
v 0.040855 0.035536 0.060065
v 0.038000 0.032446 0.060833
v 0.040744 0.035898 0.062056
v 0.040649 0.036229 0.064095
v 0.043068 0.039426 0.063465
v 0.042812 0.039867 0.067833
v 0.044916 0.043145 0.067375
v 0.044764 0.043332 0.070704
v 0.046632 0.046723 0.070394
v 0.046477 0.046888 0.075372
v 0.048275 0.050256 0.070133
v 0.040507 0.036803 0.068301
v 0.038000 0.031269 0.056581
v 0.038000 0.029931 0.052743
v 0.041200 0.034501 0.055331
v 0.041402 0.033917 0.053101
v 0.044147 0.038011 0.054227
v 0.044559 0.037505 0.051816
v 0.046825 0.041716 0.053065
v 0.047437 0.041283 0.050451
v 0.050011 0.045252 0.049000
v 0.050866 0.044836 0.046159
v 0.053249 0.049046 0.044337
v 0.054146 0.048714 0.041645
v 0.055234 0.053432 0.042417
v 0.056225 0.053188 0.039422
v 0.056799 0.057960 0.040427
v 0.057842 0.057819 0.037114
v 0.057943 0.062601 0.038395
v 0.058996 0.062573 0.034759
v 0.058673 0.067324 0.036346
v 0.059703 0.067415 0.032392
v 0.059003 0.072087 0.034307
v 0.059987 0.072302 0.030043
v 0.059872 0.077236 0.027717
v 0.060795 0.077492 0.023034
v 0.059384 0.082158 0.025441
v 0.060235 0.082538 0.020457
v 0.058546 0.087054 0.023220
v 0.058911 0.087392 0.020654
v 0.057518 0.089992 0.023922
v 0.038000 0.028451 0.049320
v 0.041617 0.033289 0.050963
v 0.045002 0.036949 0.049472
v 0.048099 0.040793 0.047876
v 0.051625 0.044430 0.043744
v 0.055055 0.048322 0.038937
v 0.057229 0.052880 0.036393
v 0.058895 0.057609 0.033750
v 0.060057 0.062471 0.031055
v 0.060739 0.067429 0.028352
v 0.060974 0.072435 0.025677
v 0.061804 0.077628 0.017689
v 0.061100 0.082901 0.014998
v 0.060107 0.085003 0.017647
v 0.038000 0.026832 0.046298
v 0.042214 0.031392 0.045715
v 0.042000 0.032112 0.047525
v 0.041807 0.032718 0.049213
v 0.045394 0.036434 0.047526
v 0.038000 0.025079 0.043663
v 0.042603 0.029866 0.042454
v 0.042422 0.030621 0.043979
v 0.046233 0.035202 0.043548
v 0.045792 0.035877 0.045623
v 0.049281 0.039817 0.043568
v 0.048685 0.040329 0.045710
v 0.052396 0.043971 0.041334
v 0.038000 0.023195 0.041408
v 0.042971 0.027767 0.038984
v 0.042877 0.028431 0.039970
v 0.042769 0.029057 0.040993
v 0.047368 0.032903 0.037948
v 0.047031 0.033720 0.039714
v 0.051127 0.037738 0.036748
v 0.050579 0.038470 0.038865
v 0.054069 0.042710 0.035966
v 0.049941 0.039182 0.041203
v 0.053247 0.043385 0.038646
v 0.038000 0.021191 0.039532
v 0.043118 0.025820 0.036603
v 0.043100 0.026312 0.037137
v 0.043077 0.026693 0.037581
v 0.047976 0.030364 0.033706
v 0.047920 0.030777 0.034283
v 0.052422 0.034650 0.030243
v 0.052326 0.035082 0.030958
v 0.056286 0.039236 0.026733
v 0.056146 0.039674 0.027588
v 0.059599 0.043645 0.022237
v 0.059440 0.044115 0.023223
v 0.062034 0.048819 0.018629
v 0.061616 0.049695 0.020896
v 0.063474 0.054658 0.016428
v 0.062949 0.055402 0.018995
v 0.064130 0.060545 0.014737
v 0.063287 0.061319 0.018669
v 0.063885 0.066553 0.014793
v 0.062963 0.067029 0.019099
v 0.063089 0.072255 0.015649
v 0.062055 0.072445 0.020703
v 0.062769 0.077544 0.012247
v 0.061923 0.081072 0.012693
v 0.038000 0.019096 0.038026
v 0.043095 0.024229 0.035161
v 0.043117 0.024776 0.035612
v 0.043124 0.025307 0.036094
v 0.048058 0.028760 0.031825
v 0.048051 0.029362 0.032468
v 0.052597 0.033061 0.028034
v 0.052557 0.033707 0.028856
v 0.056563 0.037721 0.024254
v 0.056497 0.038262 0.025062
v 0.059903 0.041984 0.019385
v 0.059833 0.042584 0.020313
v 0.062449 0.047161 0.015340
v 0.062343 0.047765 0.016415
v 0.064221 0.052608 0.011425
v 0.064080 0.053203 0.012649
v 0.065259 0.058256 0.007722
v 0.065086 0.058828 0.009096
v 0.065638 0.064034 0.004301
v 0.065218 0.065039 0.007367
v 0.065238 0.070348 0.002902
v 0.064748 0.071124 0.006286
v 0.065137 0.072142 0.001399
v 0.064362 0.074784 0.004747
v 0.038000 0.016952 0.036863
v 0.042879 0.021931 0.033688
v 0.042949 0.022516 0.034007
v 0.043010 0.023095 0.034357
v 0.047807 0.026070 0.029700
v 0.047911 0.026774 0.030155
v 0.052359 0.030026 0.025262
v 0.052481 0.030842 0.025858
v 0.056423 0.034438 0.020755
v 0.056537 0.035346 0.021522
v 0.059690 0.038254 0.015412
v 0.059837 0.039298 0.016272
v 0.062410 0.043477 0.010823
v 0.062515 0.044581 0.011887
v 0.064370 0.049082 0.006417
v 0.064417 0.050210 0.007697
v 0.065581 0.054984 0.002286
v 0.065564 0.056099 0.003789
v 0.066099 0.061089 -0.001491
v 0.066040 0.061960 -0.000108
v 0.065992 0.067428 -0.004598
v 0.065930 0.067918 -0.003658
v 0.065666 0.069748 -0.001642
v 0.065801 0.068655 -0.002061
v 0.065639 0.069300 -0.000430
v 0.065806 0.063425 0.002798
v 0.038000 0.014803 0.035988
v 0.042445 0.019108 0.032559
v 0.042567 0.019815 0.032785
v 0.042681 0.020522 0.033047
v 0.047128 0.022888 0.028290
v 0.047342 0.023761 0.028587
v 0.051493 0.026424 0.023534
v 0.051787 0.027466 0.023906
v 0.055490 0.030478 0.018603
v 0.055782 0.031495 0.019004
v 0.058541 0.033667 0.013112
v 0.058898 0.034849 0.013517
v 0.061314 0.038379 0.007882
v 0.061678 0.039720 0.008409
v 0.063436 0.043576 0.002694
v 0.063778 0.045065 0.003386
v 0.064892 0.049222 -0.002343
v 0.065182 0.050830 -0.001442
v 0.065699 0.055260 -0.007121
v 0.065917 0.056940 -0.005967
v 0.065898 0.061591 -0.011517
v 0.066054 0.058481 -0.004624
v 0.066109 0.065112 -0.007557
v 0.066113 0.059865 -0.003121
v 0.038000 0.010600 0.034760
v 0.041925 0.016475 0.032000
v 0.042122 0.017406 0.032149
v 0.042289 0.018256 0.032330
v 0.046328 0.020089 0.027704
v 0.046647 0.021142 0.027862
v 0.050448 0.023290 0.022893
v 0.050820 0.024334 0.023034
v 0.054218 0.026795 0.017798
v 0.054675 0.028024 0.017966
v 0.057005 0.029387 0.012426
v 0.057555 0.030815 0.012534
v 0.059783 0.033735 0.007000
v 0.060367 0.035380 0.007166
v 0.062008 0.038626 0.001518
v 0.062592 0.040497 0.001789
v 0.063648 0.044066 -0.003928
v 0.064114 0.045818 -0.003577
v 0.064612 0.049662 -0.009312
v 0.065037 0.051591 -0.008794
v 0.065027 0.055683 -0.014482
v 0.065389 0.057758 -0.013733
v 0.065045 0.058189 -0.016463
v 0.065649 0.060473 -0.013515
v 0.038000 0.010300 0.034682
v 0.040321 0.010600 0.032039
v 0.040373 0.010801 0.032030
v 0.040430 0.010995 0.032015
v 0.042657 0.011112 0.029026
v 0.042882 0.011589 0.028865
v 0.044980 0.011821 0.025597
v 0.045620 0.012953 0.025020
v 0.046821 0.012061 0.022210
v 0.047609 0.013401 0.021374
v 0.048395 0.012303 0.018735
v 0.049287 0.013854 0.017657
v 0.050657 0.014302 0.013894
v 0.051679 0.016161 0.012588
v 0.052791 0.016822 0.008578
v 0.053846 0.018932 0.007169
v 0.054659 0.019815 0.002944
v 0.055810 0.022422 0.001336
v 0.056299 0.023572 -0.003106
v 0.057421 0.026521 -0.004747
v 0.057567 0.027969 -0.009389
v 0.058636 0.031281 -0.011031
v 0.058426 0.033064 -0.015880
v 0.059425 0.036757 -0.017485
v 0.058855 0.038893 -0.022495
v 0.059687 0.042586 -0.023879
v 0.058764 0.045059 -0.029013
v 0.060494 0.046324 -0.025016
v 0.060403 0.049351 -0.027974
v 0.061141 0.049448 -0.025750
v 0.063154 0.053767 -0.022204
v 0.062502 0.049341 -0.020793
v 0.063128 0.052230 -0.021003
v 0.062884 0.046123 -0.015263
v 0.063534 0.048751 -0.015399
v 0.062861 0.042962 -0.009733
v 0.063523 0.045334 -0.009794
v 0.062381 0.039832 -0.004163
v 0.063037 0.041952 -0.004144
v 0.061376 0.036750 0.001422
v 0.038000 0.010000 0.034603
v 0.041035 0.010000 0.030944
v 0.042447 0.010600 0.029163
v 0.043712 0.010000 0.027031
v 0.044369 0.010600 0.026147
v 0.046016 0.010000 0.022890
v 0.046076 0.010600 0.023004
v 0.047562 0.010600 0.019751
v 0.046246 0.010998 0.022834
v 0.047751 0.011066 0.019534
v 0.046433 0.011365 0.022633
v 0.047959 0.011494 0.019278
v 0.047933 0.010000 0.018544
v 0.049438 0.010000 0.014045
v 0.048818 0.010600 0.016403
v 0.049016 0.011132 0.016147
v 0.049237 0.011621 0.015842
v 0.049701 0.012539 0.015194
v 0.050521 0.010000 0.009435
v 0.049839 0.010600 0.012975
v 0.050039 0.011197 0.012688
v 0.050265 0.011742 0.012343
v 0.050742 0.012768 0.011602
v 0.051730 0.014738 0.010101
v 0.051175 0.010000 0.004745
v 0.051155 0.010600 0.005949
v 0.051349 0.011319 0.005617
v 0.050619 0.010600 0.009485
v 0.050817 0.011258 0.009174
v 0.051395 0.010000 0.000005
v 0.051445 0.010600 0.002384
v 0.051633 0.011379 0.002034
v 0.051849 0.012090 0.001590
v 0.051878 0.012208 -0.002037
v 0.052327 0.013648 -0.003088
v 0.052090 0.013879 -0.006787
v 0.052990 0.016879 -0.009151
v 0.052461 0.017344 -0.013011
v 0.053380 0.020809 -0.015687
v 0.052541 0.021547 -0.019718
v 0.053391 0.025369 -0.022479
v 0.052238 0.026397 -0.026652
v 0.053075 0.030988 -0.029687
v 0.051572 0.032358 -0.034057
v 0.052307 0.037397 -0.037066
v 0.050517 0.039041 -0.041425
v 0.051083 0.039560 -0.040902
v 0.049105 0.038079 -0.042882
v 0.049856 0.033705 -0.038229
v 0.047873 0.035055 -0.042336
v 0.049170 0.028516 -0.034780
v 0.047273 0.029575 -0.038681
v 0.048520 0.023892 -0.031426
v 0.046704 0.024685 -0.035123
v 0.047853 0.019385 -0.027935
v 0.046121 0.019912 -0.031416
v 0.047221 0.015184 -0.024623
v 0.045569 0.015459 -0.027896
v 0.046913 0.013014 -0.023052
v 0.045300 0.013158 -0.026224
v 0.046767 0.011861 -0.022354
v 0.045172 0.011936 -0.025482
v 0.046639 0.010600 -0.021842
v 0.045059 0.010600 -0.024939
v 0.046017 0.010000 -0.022887
v 0.043710 0.010000 -0.027033
v 0.051176 0.010000 -0.004734
v 0.051486 0.010600 -0.001192
v 0.051668 0.011441 -0.001561
v 0.050523 0.010000 -0.009424
v 0.050825 0.010600 -0.008310
v 0.050993 0.011571 -0.008720
v 0.051279 0.010600 -0.004763
v 0.051454 0.011505 -0.005151
v 0.049441 0.010000 -0.014035
v 0.050126 0.010600 -0.011818
v 0.050285 0.011640 -0.012250
v 0.047935 0.010000 -0.018537
v 0.049185 0.010600 -0.015267
v 0.049336 0.011712 -0.015724
v 0.048007 0.010600 -0.018645
v 0.048147 0.011787 -0.019129
v 0.048307 0.012871 -0.019785
v 0.049510 0.012727 -0.016339
v 0.048648 0.014911 -0.021261
v 0.049879 0.014637 -0.017720
v 0.049347 0.018862 -0.024373
v 0.050640 0.018336 -0.020630
v 0.050087 0.023105 -0.027656
v 0.051447 0.022311 -0.023700
v 0.050809 0.027463 -0.030811
v 0.043273 0.010600 -0.027923
v 0.041032 0.010000 -0.030947
v 0.041290 0.010600 -0.030779
v 0.039568 0.010600 -0.032964
v 0.039606 0.012122 -0.033613
v 0.038815 0.012135 -0.034536
v 0.038838 0.013540 -0.035445
v 0.038001 0.013212 -0.036132
v 0.038006 0.015563 -0.037931
v 0.038000 0.010000 -0.034603
v 0.038795 0.010600 -0.033871
v 0.038000 0.011961 -0.035340
v 0.038889 0.016184 -0.037483
v 0.038026 0.020078 -0.041743
v 0.039003 0.021300 -0.041749
v 0.038057 0.024588 -0.045531
v 0.039136 0.026778 -0.046205
v 0.038126 0.031903 -0.051253
v 0.039278 0.032387 -0.050450
v 0.041527 0.033562 -0.048985
v 0.040348 0.032198 -0.049202
v 0.042616 0.031571 -0.046256
v 0.042268 0.026178 -0.042270
v 0.044629 0.025461 -0.038739
v 0.044148 0.020429 -0.034807
v 0.045222 0.035574 -0.046253
v 0.045101 0.030611 -0.042506
v 0.047146 0.036756 -0.044658
v 0.053069 0.041217 -0.038696
v 0.054664 0.040573 -0.035056
v 0.053884 0.035718 -0.032497
v 0.055170 0.034096 -0.027942
v 0.054294 0.029666 -0.025317
v 0.055252 0.028376 -0.020892
v 0.054286 0.024371 -0.018256
v 0.054913 0.023408 -0.014014
v 0.053956 0.020100 -0.011635
v 0.054270 0.019418 -0.007575
v 0.053263 0.016434 -0.005280
v 0.053277 0.016003 -0.001409
v 0.052312 0.013426 0.000614
v 0.052044 0.013208 0.004302
v 0.051571 0.011975 0.005204
v 0.051043 0.011860 0.008793
v 0.055048 0.043067 -0.036245
v 0.056835 0.043292 -0.032451
v 0.056017 0.038643 -0.030329
v 0.057104 0.036740 -0.025532
v 0.056192 0.032503 -0.023325
v 0.056938 0.030954 -0.018689
v 0.055937 0.027125 -0.016449
v 0.056347 0.025913 -0.011999
v 0.055271 0.022479 -0.009766
v 0.055355 0.021576 -0.005517
v 0.054318 0.018758 -0.003517
v 0.054094 0.018113 0.000526
v 0.053030 0.015583 0.002446
v 0.052517 0.015164 0.006285
v 0.051521 0.012990 0.007968
v 0.056959 0.045070 -0.033600
v 0.057988 0.041071 -0.027486
v 0.057910 0.034881 -0.020713
v 0.057400 0.029445 -0.014044
v 0.056471 0.024730 -0.007545
v 0.055155 0.020693 -0.001285
v 0.053590 0.017471 0.004558
v 0.064207 0.055959 -0.019354
v 0.064141 0.051373 -0.015295
v 0.064607 0.053546 -0.014997
v 0.066001 0.062788 -0.010537
v 0.065682 0.059739 -0.012742
v 0.065403 0.053467 -0.008065
v 0.064533 0.047544 -0.003053
v 0.063038 0.042048 0.002166
v 0.060906 0.037019 0.007485
v 0.058069 0.032243 0.012758
v 0.055100 0.029253 0.018232
v 0.051169 0.025380 0.023245
v 0.046895 0.022015 0.028049
v 0.063966 0.071844 0.010972
v 0.063302 0.077742 0.008488
v 0.052205 0.098288 0.034314
v 0.050104 0.100935 0.037613
v 0.042007 0.108980 0.047566
v 0.040213 0.110484 0.049414
v 0.039394 0.110837 0.051284
v 0.038339 0.109799 0.058984
v 0.038567 0.111842 0.051082
v 0.038853 0.106152 0.073047
v 0.038042 0.106959 0.073548
v 0.039624 0.104374 0.080500
v 0.041409 0.102153 0.080500
v 0.043464 0.099246 0.080500
v 0.045316 0.096205 0.080500
v 0.046955 0.093044 0.080500
v 0.048374 0.089779 0.080500
v 0.049596 0.086327 0.080500
v 0.050573 0.082798 0.080500
v 0.051299 0.079208 0.080500
v 0.051771 0.075577 0.080500
v 0.051986 0.071921 0.080500
v 0.038823 0.105295 0.080500
v 0.038000 0.106196 0.080500
v 0.038000 0.106173 0.080800
v 0.042547 0.010863 0.029102
v 0.044509 0.010930 0.026029
v 0.040547 0.011373 0.031980
v 0.040780 0.012124 0.031913
v 0.041021 0.012927 0.031861
v 0.043803 0.013515 0.028251
v 0.044255 0.014519 0.028003
v 0.046939 0.015357 0.023974
v 0.047619 0.016688 0.023535
v 0.049250 0.016234 0.019825
v 0.050106 0.017802 0.019145
v 0.051165 0.017134 0.015619
v 0.052155 0.018950 0.014699
v 0.053771 0.020111 0.010238
v 0.054823 0.022217 0.009242
v 0.056086 0.023651 0.004566
v 0.057164 0.026068 0.003530
v 0.058040 0.027795 -0.001338
v 0.059111 0.030546 -0.002379
v 0.059585 0.032592 -0.007427
v 0.060524 0.035399 -0.008347
v 0.060595 0.037755 -0.013530
v 0.061485 0.040887 -0.014390
v 0.061158 0.043590 -0.019722
v 0.061844 0.046458 -0.020357
v 0.043334 0.012523 0.028550
v 0.041252 0.013740 0.031837
v 0.041490 0.014639 0.031847
v 0.041714 0.015552 0.031900
v 0.045171 0.016753 0.027660
v 0.045593 0.017891 0.027599
v 0.048886 0.019401 0.022961
v 0.049472 0.020777 0.022834
v 0.051717 0.020993 0.018168
v 0.052468 0.022612 0.017881
v 0.054036 0.022650 0.013304
v 0.054922 0.024528 0.012840
v 0.056827 0.026505 0.007763
v 0.057685 0.028472 0.007333
v 0.059123 0.030753 0.002094
v 0.060004 0.033004 0.001680
v 0.060960 0.035602 -0.003699
v 0.061686 0.037714 -0.004009
v 0.062163 0.040593 -0.009482
v 0.044725 0.015628 0.027796
v 0.045989 0.019041 0.027617
v 0.042785 0.021228 0.033347
v 0.047537 0.024631 0.028946
v 0.047681 0.025354 0.029298
v 0.052007 0.028331 0.024288
v 0.043059 0.023667 0.034742
v 0.047988 0.027461 0.030662
v 0.048037 0.028125 0.031220
v 0.052561 0.031625 0.026524
v 0.048019 0.029931 0.033144
v 0.043047 0.027063 0.038038
v 0.043012 0.027421 0.038506
v 0.047772 0.031548 0.035471
v 0.047586 0.032253 0.036695
v 0.051942 0.036237 0.033158
v 0.051624 0.036911 0.034657
v 0.055406 0.041163 0.031080
v 0.054772 0.041994 0.033516
v 0.058587 0.045664 0.027245
v 0.057848 0.046492 0.030043
v 0.060302 0.051242 0.026362
v 0.059398 0.051888 0.029533
v 0.061165 0.056795 0.026096
v 0.060054 0.057272 0.029943
v 0.061223 0.062244 0.026853
v 0.047852 0.031172 0.034872
v 0.046662 0.034462 0.041524
v 0.043245 0.039166 0.061338
v 0.045511 0.042645 0.060611
v 0.047930 0.046154 0.057580
v 0.050480 0.049851 0.053686
v 0.052164 0.053927 0.052648
v 0.053557 0.058108 0.051593
v 0.054646 0.062370 0.050517
v 0.055417 0.066690 0.049417
v 0.055860 0.071039 0.048296
v 0.056891 0.075914 0.042423
v 0.056611 0.080407 0.041017
v 0.055988 0.084867 0.039619
v 0.055032 0.089272 0.038234
v 0.042698 0.040136 0.071049
v 0.042616 0.040488 0.075713
v 0.044663 0.011237 0.025890
v 0.046290 0.014150 0.024461
v 0.048269 0.018037 0.023196
v 0.049974 0.022031 0.022816
v 0.052199 0.029187 0.024738
v 0.056255 0.033485 0.020077
v 0.059480 0.037155 0.014664
v 0.062234 0.042287 0.009881
v 0.064249 0.047839 0.005258
v 0.065527 0.053729 0.000895
v 0.052600 0.032366 0.027253
v 0.056604 0.036992 0.023286
v 0.059941 0.041169 0.018276
v 0.062518 0.046499 0.014295
v 0.064327 0.051948 0.010230
v 0.065398 0.057614 0.006374
v 0.052500 0.034193 0.029541
v 0.052212 0.035488 0.031683
v 0.045264 0.042835 0.062835
v 0.046818 0.046619 0.066952
v 0.048493 0.050232 0.066579
v 0.049691 0.053933 0.069915
v 0.044647 0.043597 0.075531
v 0.048439 0.014813 0.020554
v 0.050929 0.019389 0.018591
v 0.053116 0.024086 0.017740
v 0.053733 0.025566 0.017720
v 0.055690 0.026240 0.012562
v 0.056039 0.032501 0.019493
v 0.056597 0.036200 0.022371
v 0.056404 0.038766 0.025890
v 0.055808 0.040466 0.029323
v 0.047548 0.046310 0.059897
v 0.049786 0.050011 0.056758
v 0.051394 0.053997 0.055942
v 0.052736 0.058081 0.055125
v 0.053798 0.062240 0.054293
v 0.054563 0.066452 0.053439
v 0.055015 0.070687 0.052556
v 0.055969 0.075412 0.047151
v 0.055738 0.079767 0.045994
v 0.055170 0.084087 0.044829
v 0.054271 0.088349 0.043664
v 0.053050 0.092533 0.042507
v 0.047241 0.046435 0.062229
v 0.048984 0.050164 0.061663
v 0.049340 0.050102 0.059212
v 0.050500 0.054026 0.061129
v 0.050897 0.054023 0.058548
v 0.051770 0.057984 0.060612
v 0.052202 0.058040 0.057892
v 0.052779 0.062013 0.060093
v 0.053238 0.062129 0.057229
v 0.053507 0.066086 0.059554
v 0.053989 0.066266 0.056544
v 0.053940 0.070174 0.058983
v 0.054436 0.070423 0.055827
v 0.054570 0.074591 0.055075
v 0.055146 0.074939 0.051641
v 0.054383 0.078732 0.054291
v 0.054948 0.079170 0.050702
v 0.053873 0.082830 0.053481
v 0.054419 0.083360 0.049744
v 0.053043 0.086864 0.052653
v 0.053564 0.087491 0.048775
v 0.051900 0.090816 0.051816
v 0.052391 0.091541 0.047803
v 0.050457 0.094668 0.050978
v 0.050911 0.095493 0.046836
v 0.048781 0.098304 0.050167
v 0.046854 0.101821 0.049365
v 0.056059 0.047803 0.035897
v 0.057024 0.047179 0.032846
v 0.058336 0.052445 0.032977
v 0.059052 0.044949 0.025223
v 0.059731 0.043136 0.021266
v 0.059920 0.040272 0.017232
v 0.059213 0.036015 0.014032
v 0.056425 0.027960 0.012426
v 0.058508 0.030449 0.007064
v 0.053113 0.020789 0.013925
v 0.050234 0.015488 0.016586
v 0.052690 0.018037 0.011395
v 0.054978 0.021271 0.005782
v 0.056939 0.025085 -0.000095
v 0.058518 0.029531 -0.006193
v 0.059678 0.034656 -0.012452
v 0.060305 0.040154 -0.018720
v 0.055843 0.024349 0.008414
v 0.058208 0.028516 0.002685
v 0.060051 0.033064 -0.003135
v 0.061434 0.038232 -0.009061
v 0.062198 0.043500 -0.014918
v 0.059162 0.032091 0.006969
v 0.061988 0.041029 0.009075
v 0.064051 0.046493 0.004242
v 0.065394 0.052340 -0.000356
v 0.062549 0.045589 0.013051
v 0.064393 0.051220 0.009071
v 0.065501 0.056897 0.005059
v 0.065941 0.062736 0.001326
v 0.062204 0.048316 0.017514
v 0.063906 0.053740 0.013894
v 0.064655 0.059789 0.011896
v 0.064706 0.065805 0.010481
v 0.061110 0.050426 0.023190
v 0.062109 0.056200 0.022546
v 0.062340 0.061858 0.022598
v 0.061876 0.067319 0.023758
v 0.049945 0.053985 0.066250
v 0.050860 0.057714 0.069727
v 0.060706 0.034875 0.001481
v 0.051154 0.057838 0.065949
v 0.052103 0.061761 0.065656
v 0.052776 0.065725 0.065349
v 0.051766 0.061564 0.069551
v 0.052396 0.065454 0.069364
v 0.053162 0.069697 0.065012
v 0.054067 0.074267 0.058374
v 0.053880 0.078329 0.057729
v 0.053378 0.082343 0.057053
v 0.052565 0.086290 0.056354
v 0.051448 0.090152 0.055641
v 0.050038 0.093913 0.054923
v 0.048400 0.097460 0.054225
v 0.046518 0.100887 0.053530
v 0.044417 0.104187 0.052839
v 0.064140 0.047700 -0.009635
v 0.052744 0.069351 0.069154
v 0.053253 0.073663 0.064637
v 0.053047 0.077591 0.064225
v 0.052544 0.081464 0.063779
v 0.051750 0.085265 0.063307
v 0.050672 0.088978 0.062817
v 0.049319 0.092588 0.062317
v 0.047753 0.095988 0.061826
v 0.045955 0.099269 0.061334
v 0.043948 0.102421 0.060840
v 0.041763 0.105437 0.060333
v 0.051657 0.012329 -0.005659
v 0.051187 0.012456 -0.009261
v 0.050470 0.012589 -0.012828
v 0.051601 0.014121 -0.010471
v 0.050863 0.014373 -0.014122
v 0.051676 0.017831 -0.016845
v 0.043367 0.012010 -0.028499
v 0.041358 0.012078 -0.031393
v 0.043473 0.013300 -0.029289
v 0.041433 0.013431 -0.032234
v 0.039647 0.013515 -0.034500
v 0.043694 0.015729 -0.031067
v 0.041591 0.015979 -0.034127
v 0.039736 0.016138 -0.036493
v 0.041918 0.020906 -0.038102
v 0.040134 0.026642 -0.045036
v 0.039925 0.021212 -0.040668
v 0.036826 0.010000 -0.035849
v 0.035183 0.010600 -0.037608
v 0.035179 0.012552 -0.038459
v 0.032152 0.012586 -0.041023
v 0.035177 0.014638 -0.039815
v 0.032151 0.014731 -0.042296
v 0.035178 0.016071 -0.040867
v 0.032151 0.016209 -0.043293
v 0.035180 0.018321 -0.042610
v 0.032154 0.018530 -0.044956
v 0.035187 0.021110 -0.044825
v 0.032162 0.021400 -0.047086
v 0.035208 0.026155 -0.048790
v 0.032183 0.026570 -0.050934
v 0.033682 0.030628 -0.053074
v 0.031847 0.030169 -0.053739
v 0.029747 0.029686 -0.054448
v 0.028952 0.026949 -0.052896
v 0.027394 0.029194 -0.055177
v 0.025549 0.027288 -0.054649
v 0.024803 0.028709 -0.055908
v 0.021982 0.027586 -0.056185
v 0.021984 0.028247 -0.056619
v 0.018954 0.027825 -0.057288
v 0.021973 0.022110 -0.052608
v 0.018295 0.022286 -0.053970
v 0.018291 0.019168 -0.052082
v 0.014499 0.022431 -0.055083
v 0.014495 0.019272 -0.053234
v 0.010613 0.022543 -0.055936
v 0.010611 0.019353 -0.054116
v 0.006663 0.022620 -0.056522
v 0.006661 0.019408 -0.054723
v 0.002672 0.022662 -0.056840
v 0.002671 0.019439 -0.055051
v -0.001336 0.022668 -0.056885
v -0.001336 0.019443 -0.055098
v -0.005336 0.022638 -0.056658
v -0.005334 0.019421 -0.054863
v -0.009302 0.022573 -0.056161
v -0.009300 0.019374 -0.054349
v -0.013212 0.022472 -0.055397
v -0.013209 0.019302 -0.053558
v -0.017041 0.022338 -0.054370
v -0.017037 0.019205 -0.052495
v -0.020766 0.022172 -0.053087
v -0.020762 0.019085 -0.051169
v -0.025534 0.021902 -0.050994
v -0.025529 0.018891 -0.049003
v -0.030030 0.021580 -0.048487
v -0.030024 0.018659 -0.046407
v -0.032854 0.021338 -0.046599
v -0.032846 0.018485 -0.044451
v -0.035524 0.021075 -0.044550
v -0.035514 0.018296 -0.042328
v -0.035508 0.016054 -0.040578
v -0.035506 0.014627 -0.039521
v -0.032841 0.014711 -0.041763
v -0.032842 0.012579 -0.040473
v -0.030022 0.012607 -0.042602
v -0.030025 0.010600 -0.041842
v -0.027182 0.010000 -0.043614
v -0.031773 0.010000 -0.040392
v 0.035400 0.010000 -0.037256
v 0.033719 0.010000 -0.038783
v 0.032154 0.010600 -0.040229
v 0.031780 0.010000 -0.040387
v 0.028930 0.010600 -0.042606
v 0.027194 0.010000 -0.043606
v 0.025531 0.010600 -0.044726
v 0.022168 0.010000 -0.046364
v 0.021977 0.010600 -0.046575
v 0.018291 0.010600 -0.048142
v 0.018289 0.012691 -0.048773
v 0.014493 0.012709 -0.050023
v 0.014493 0.015064 -0.051022
v 0.010608 0.015101 -0.051951
v 0.010609 0.016755 -0.052744
v 0.006660 0.016792 -0.053370
v 0.016862 0.010000 -0.048547
v 0.014493 0.010600 -0.049418
v 0.010608 0.012722 -0.050981
v 0.006660 0.015126 -0.052589
v 0.002670 0.016813 -0.053708
v 0.011361 0.010000 -0.050121
v 0.010609 0.010600 -0.050395
v 0.006659 0.012732 -0.051639
v 0.002670 0.015139 -0.052935
v -0.001335 0.016815 -0.053757
v 0.006660 0.010600 -0.051067
v 0.005724 0.010000 -0.051074
v 0.002670 0.012737 -0.051995
v 0.002670 0.010600 -0.051431
v -0.001335 0.012738 -0.052046
v -0.001335 0.010600 -0.051483
v -0.005333 0.012734 -0.051791
v -0.005333 0.010600 -0.051223
v -0.009298 0.012726 -0.051234
v -0.009298 0.010600 -0.050654
v -0.013206 0.012714 -0.050375
v -0.013207 0.010600 -0.049778
v -0.017035 0.012697 -0.049222
v -0.017036 0.010600 -0.048600
v -0.020760 0.012677 -0.047781
v -0.020762 0.010600 -0.047130
v -0.025528 0.012645 -0.045427
v -0.022155 0.010000 -0.046370
v -0.025531 0.010600 -0.044726
v 0.000007 0.010000 -0.051394
v -0.005710 0.010000 -0.051075
v -0.011347 0.010000 -0.050124
v -0.016849 0.010000 -0.048552
v -0.032844 0.010600 -0.039667
v -0.033715 0.010000 -0.038787
v -0.035507 0.010600 -0.037303
v -0.035398 0.010000 -0.037258
v -0.036826 0.010000 -0.035849
v -0.035506 0.012548 -0.038158
v -0.035552 0.026104 -0.048525
v -0.032876 0.026480 -0.050471
v -0.030049 0.026827 -0.052265
v -0.025549 0.027288 -0.054649
v -0.020779 0.027675 -0.056639
v -0.018951 0.027825 -0.057289
v -0.012705 0.027190 -0.058367
v -0.037475 0.031701 -0.051540
v -0.036509 0.031410 -0.051953
v -0.035240 0.031047 -0.052472
v -0.033682 0.030628 -0.053074
v -0.031846 0.030169 -0.053740
v -0.029746 0.029686 -0.054448
v -0.027393 0.029194 -0.055178
v -0.024801 0.028709 -0.055909
v -0.021981 0.028247 -0.056620
v -0.006379 0.026862 -0.059056
v 0.000000 0.026848 -0.059345
v 0.006380 0.026862 -0.059056
v 0.012707 0.027190 -0.058367
v 0.035240 0.031047 -0.052471
v 0.036509 0.031410 -0.051953
v 0.037475 0.031701 -0.051540
v 0.028927 0.012617 -0.043351
v 0.028926 0.014816 -0.044552
v 0.025527 0.014893 -0.046564
v 0.025527 0.016448 -0.047470
v 0.021971 0.014960 -0.048321
v 0.021971 0.016548 -0.049191
v 0.018289 0.015017 -0.049809
v 0.018290 0.016632 -0.050647
v 0.014493 0.016702 -0.051834
v 0.028926 0.016335 -0.045500
v 0.028928 0.018721 -0.047094
v 0.028934 0.021665 -0.049151
v 0.025528 0.012645 -0.045426
v 0.021974 0.012670 -0.047239
v 0.025529 0.018891 -0.049002
v 0.025534 0.021902 -0.050994
v 0.021971 0.019041 -0.050671
v -0.001335 0.015141 -0.052984
v -0.005333 0.015132 -0.052737
v -0.009298 0.015110 -0.052196
v -0.013206 0.015078 -0.051363
v -0.017035 0.015034 -0.050244
v -0.020760 0.014980 -0.048847
v -0.025527 0.014893 -0.046564
v -0.030021 0.014789 -0.043826
v -0.005333 0.016801 -0.053515
v -0.009298 0.016770 -0.052985
v -0.013207 0.016722 -0.052169
v -0.017035 0.016657 -0.051073
v -0.020760 0.016578 -0.049705
v -0.025527 0.016448 -0.047470
v -0.030021 0.016295 -0.044790
v -0.032842 0.016179 -0.042772
v -0.034175 0.031508 0.080500
v -0.029991 0.028220 0.080500
v -0.026061 0.025702 0.080500
v -0.029964 0.027705 0.073843
v -0.026040 0.025269 0.074378
v -0.029945 0.027086 0.068626
v -0.026026 0.024763 0.069575
v -0.029932 0.026183 0.063454
v -0.026016 0.024032 0.064805
v -0.029926 0.025181 0.059285
v -0.026012 0.023217 0.060950
v -0.029925 0.023873 0.055216
v -0.026013 0.022148 0.057172
v -0.029927 0.023077 0.053239
v -0.026015 0.021492 0.055329
v -0.029931 0.022166 0.051319
v -0.026020 0.020738 0.053531
v -0.029936 0.021121 0.049477
v -0.026025 0.019867 0.051796
v -0.029944 0.019921 0.047741
v -0.026033 0.018859 0.050145
v -0.029954 0.018549 0.046148
v -0.026042 0.017693 0.048613
v -0.029966 0.016990 0.044743
v -0.026054 0.016349 0.047240
v -0.029981 0.015245 0.043569
v -0.026068 0.014817 0.046074
v -0.029998 0.013332 0.042657
v -0.026083 0.013100 0.045164
v -0.030025 0.010600 0.041842
v -0.026108 0.010600 0.044391
v -0.029455 0.010000 0.042116
v -0.024606 0.010000 0.045121
v -0.034153 0.030886 0.073143
v -0.034137 0.030119 0.067388
v -0.034126 0.028995 0.061694
v -0.034120 0.027748 0.057117
v -0.034119 0.026131 0.052667
v -0.034120 0.025152 0.050516
v -0.034123 0.024036 0.048437
v -0.034127 0.022764 0.046456
v -0.034133 0.021313 0.044607
v -0.034140 0.019670 0.042934
v -0.034150 0.017829 0.041487
v -0.034161 0.015806 0.040300
v -0.034175 0.013635 0.039384
v -0.034196 0.010600 0.038508
v -0.033938 0.010000 0.038595
v -0.021977 0.010600 0.046575
v -0.019447 0.010000 0.047573
v -0.017665 0.010600 0.048376
v -0.014049 0.010000 0.049436
v -0.013207 0.010600 0.049778
v -0.008490 0.010000 0.050688
v -0.008640 0.010600 0.050770
v -0.004003 0.010600 0.051344
v -0.004002 0.012467 0.052031
v 0.000668 0.012453 0.052181
v 0.000668 0.013621 0.053100
v 0.005331 0.013667 0.052828
v 0.000668 0.014563 0.054251
v 0.005331 0.014632 0.053979
v 0.000668 0.015308 0.055540
v 0.005330 0.015400 0.055272
v 0.000668 0.015900 0.056907
v 0.005329 0.016014 0.056645
v 0.000667 0.016375 0.058319
v 0.005329 0.016509 0.058066
v 0.000667 0.016760 0.059758
v 0.005328 0.016913 0.059516
v 0.000667 0.017077 0.061214
v 0.005328 0.017247 0.060985
v 0.000667 0.017338 0.062681
v 0.005327 0.017523 0.062467
v 0.000667 0.017739 0.065633
v 0.005326 0.017951 0.065451
v 0.000667 0.018026 0.068600
v 0.005325 0.018258 0.068452
v 0.000667 0.018279 0.072233
v 0.005324 0.018530 0.072130
v 0.000666 0.018475 0.075870
v 0.005323 0.018737 0.075813
v 0.000666 0.018704 0.080500
v 0.005322 0.018973 0.080500
v 0.009926 0.019656 0.080500
v 0.014455 0.020750 0.080500
v 0.018868 0.022244 0.080500
v 0.023129 0.024127 0.080500
v 0.027205 0.026385 0.080500
v 0.031063 0.028997 0.080500
v 0.034671 0.031945 0.080500
v 0.034650 0.031310 0.073049
v 0.034637 0.030524 0.067223
v 0.034626 0.029370 0.061459
v 0.031006 0.026849 0.063037
v 0.031000 0.025789 0.058771
v 0.027151 0.023750 0.060498
v 0.027152 0.022616 0.056641
v 0.023096 0.021067 0.058402
v 0.023099 0.020500 0.056643
v 0.018858 0.019313 0.058222
v 0.018861 0.018774 0.056592
v 0.014462 0.017925 0.057924
v 0.014465 0.017397 0.056398
v 0.009940 0.016850 0.057423
v 0.009942 0.016303 0.055979
v -0.002824 0.010000 0.051316
v 0.000668 0.010600 0.051496
v 0.005332 0.012478 0.051911
v 0.009951 0.012541 0.051223
v 0.009948 0.013784 0.052138
v 0.014480 0.013971 0.051037
v 0.014476 0.015086 0.052190
v 0.018883 0.015467 0.050691
v 0.018876 0.016515 0.052022
v 0.023123 0.017157 0.050163
v 0.023115 0.018193 0.051657
v 0.027172 0.019147 0.049492
v 0.027164 0.020207 0.051165
v 0.031011 0.021510 0.048759
v 0.031005 0.022610 0.050634
v 0.034624 0.024287 0.048052
v 0.034622 0.025430 0.050153
v 0.002887 0.010000 0.051313
v 0.005333 0.010600 0.051223
v 0.009954 0.010600 0.050529
v 0.014486 0.012643 0.050124
v 0.018891 0.014227 0.049535
v 0.023132 0.015948 0.048809
v 0.027182 0.017925 0.047943
v 0.031019 0.020252 0.046996
v 0.034628 0.022984 0.046052
v 0.008552 0.010000 0.050677
v 0.014109 0.010000 0.049419
v 0.014494 0.010600 0.049418
v 0.018900 0.012781 0.048624
v 0.023144 0.014549 0.047648
v 0.027194 0.016523 0.046562
v 0.031029 0.018815 0.045384
v 0.034634 0.021500 0.044188
v 0.018914 0.010600 0.047901
v 0.019505 0.010000 0.047549
v 0.023178 0.010600 0.045989
v 0.024661 0.010000 0.045091
v 0.027251 0.010600 0.043699
v 0.029505 0.010000 0.042081
v 0.031073 0.013404 0.041878
v 0.031100 0.010600 0.041049
v 0.034673 0.013675 0.038946
v 0.033575 0.010000 0.038914
v 0.034693 0.010600 0.038061
v 0.035156 0.010000 0.037495
v 0.036425 0.010000 0.036264
v 0.031689 0.010000 0.040462
v 0.037375 0.010000 0.035281
v 0.034660 0.015881 0.039863
v 0.034650 0.017941 0.041051
v 0.034641 0.019820 0.042504
v 0.034620 0.026434 0.052327
v 0.034621 0.028092 0.056828
v -0.003991 0.018854 0.080500
v -0.003992 0.018620 0.075838
v -0.008617 0.019171 0.075717
v -0.008619 0.018944 0.071960
v -0.013171 0.019852 0.071587
v -0.013172 0.019483 0.067675
v -0.017610 0.020669 0.066925
v -0.017611 0.020149 0.063565
v -0.021900 0.021536 0.062380
v -0.021902 0.020671 0.058854
v -0.008615 0.019419 0.080500
v -0.013170 0.020121 0.075509
v -0.017611 0.021133 0.071062
v -0.021901 0.022190 0.065965
v -0.013171 0.020396 0.080500
v -0.017615 0.021463 0.075214
v -0.021907 0.022774 0.070389
v -0.017621 0.021777 0.080500
v -0.021915 0.023184 0.074836
v -0.021929 0.023550 0.080500
v -0.021958 0.012902 0.047316
v -0.017653 0.012738 0.049093
v -0.013200 0.012610 0.050479
v -0.008637 0.012519 0.051462
v -0.021946 0.014450 0.048226
v -0.017645 0.014147 0.050004
v -0.013196 0.013911 0.051393
v -0.008636 0.013744 0.052378
v -0.004001 0.013647 0.052949
v -0.021936 0.015801 0.049385
v -0.017638 0.015348 0.051160
v -0.013192 0.014995 0.052546
v -0.008634 0.014746 0.053530
v -0.004000 0.014601 0.054100
v -0.021927 0.016960 0.050732
v -0.017632 0.016356 0.052484
v -0.013188 0.015885 0.053855
v -0.008632 0.015552 0.054827
v -0.004000 0.015359 0.055391
v -0.021919 0.017949 0.052212
v -0.017627 0.017200 0.053923
v -0.013185 0.016616 0.055261
v -0.008630 0.016202 0.056210
v -0.003999 0.015963 0.056761
v -0.021913 0.018794 0.053789
v -0.017622 0.017909 0.055439
v -0.013183 0.017220 0.056730
v -0.008629 0.016732 0.057646
v -0.003999 0.016449 0.058178
v -0.021908 0.019516 0.055433
v -0.017619 0.018508 0.057008
v -0.013180 0.017723 0.058240
v -0.008628 0.017167 0.059116
v -0.003998 0.016845 0.059624
v -0.021905 0.020136 0.057126
v -0.017616 0.019018 0.058615
v -0.013178 0.018146 0.059779
v -0.008626 0.017528 0.060607
v -0.003997 0.017171 0.061087
v -0.017613 0.019453 0.060247
v -0.013174 0.019067 0.064492
v -0.008621 0.018642 0.068209
v -0.003993 0.018418 0.072176
v -0.013176 0.018503 0.061338
v -0.008625 0.017831 0.062112
v -0.003997 0.017441 0.062562
v -0.008623 0.018301 0.065150
v -0.003995 0.018155 0.068518
v -0.003996 0.017857 0.065532
v 0.009946 0.014806 0.053290
v 0.009944 0.015633 0.054591
v 0.009938 0.017302 0.058903
v 0.009937 0.017679 0.060406
v 0.009936 0.017994 0.061924
v 0.009933 0.018487 0.064990
v 0.009931 0.018846 0.068079
v 0.009929 0.019165 0.071869
v 0.009928 0.019402 0.075667
v 0.014472 0.016006 0.053503
v 0.014468 0.016766 0.054917
v 0.014460 0.018370 0.059480
v 0.014458 0.018747 0.061058
v 0.014455 0.019345 0.064254
v 0.014453 0.019787 0.067483
v 0.014453 0.020180 0.071452
v 0.014453 0.020465 0.075433
v 0.018870 0.017397 0.053471
v 0.018865 0.018142 0.055003
v 0.018856 0.019774 0.059879
v 0.018853 0.020515 0.063252
v 0.018853 0.021070 0.066671
v 0.018856 0.021566 0.070884
v 0.018860 0.021917 0.075114
v 0.023114 0.023743 0.074713
v 0.027182 0.025930 0.074233
v 0.031036 0.028458 0.073677
v 0.023103 0.023308 0.070171
v 0.027166 0.025393 0.069318
v 0.031019 0.027804 0.068333
v 0.023097 0.022684 0.065653
v 0.027155 0.024615 0.064438
v 0.023094 0.021987 0.061996
v 0.023103 0.019844 0.054922
v 0.023108 0.019082 0.053253
v 0.027158 0.021125 0.052930
v 0.023157 0.012955 0.046738
v 0.027225 0.013163 0.044483
v 0.027208 0.014933 0.045393
v 0.031041 0.017189 0.043969
v 0.027154 0.021922 0.054761
v 0.030999 0.024408 0.054610
v 0.031056 0.015379 0.042791
v 0.031002 0.023569 0.052592
v -0.037846 0.112343 0.051693
v -0.036808 0.113044 0.052546
v -0.035470 0.113909 0.053596
v -0.035709 0.111497 0.062174
v -0.033848 0.114901 0.054797
v -0.033006 0.113789 0.062065
v -0.031959 0.115986 0.056105
v -0.030149 0.115901 0.061964
v -0.029822 0.117126 0.057474
v -0.027451 0.118288 0.058860
v -0.025625 0.118696 0.061830
v -0.024866 0.119434 0.060217
v -0.022082 0.120528 0.061499
v -0.025552 0.117638 0.067539
v -0.020773 0.119990 0.067463
v -0.025502 0.116755 0.073278
v -0.020731 0.119114 0.073236
v -0.025480 0.116130 0.079052
v -0.020713 0.118495 0.079043
v -0.025480 0.116029 0.080500
v -0.020712 0.118397 0.080500
v -0.016993 0.119845 0.080500
v -0.016993 0.119941 0.079038
v -0.013171 0.121099 0.079034
v -0.013184 0.121714 0.073190
v -0.009281 0.122575 0.073175
v -0.009300 0.123444 0.067351
v -0.005334 0.124003 0.067333
v -0.006567 0.124172 0.065503
v -0.003296 0.124443 0.065710
v -0.001336 0.124258 0.067325
v 0.000000 0.124547 0.065703
v 0.002671 0.124207 0.067326
v 0.003299 0.124442 0.065710
v 0.006661 0.123850 0.067338
v 0.006574 0.124171 0.065502
v 0.009817 0.123736 0.065083
v 0.010611 0.123191 0.067359
v 0.013013 0.123142 0.064459
v 0.014498 0.122233 0.067390
v 0.016129 0.122402 0.063644
v 0.018299 0.120982 0.067431
v 0.019160 0.121525 0.062651
v 0.021991 0.119447 0.067480
v 0.022053 0.120493 0.061743
v 0.025627 0.118695 0.061830
v 0.024881 0.119427 0.060209
v 0.027464 0.118282 0.058853
v 0.029050 0.116639 0.061928
v 0.029831 0.117121 0.057468
v 0.032307 0.114334 0.062039
v 0.031966 0.115982 0.056101
v 0.033852 0.114899 0.054794
v 0.035380 0.111793 0.062160
v 0.035472 0.113907 0.053594
v 0.036809 0.113044 0.052546
v 0.037846 0.112343 0.051694
v -0.035601 0.110380 0.067771
v -0.032909 0.112691 0.067697
v -0.030057 0.114825 0.067629
v -0.035524 0.109469 0.073406
v -0.032842 0.111790 0.073365
v -0.029991 0.113937 0.073328
v -0.035490 0.108820 0.079077
v -0.035489 0.108707 0.080500
v -0.032813 0.111040 0.080500
v -0.032813 0.111149 0.079069
v -0.029958 0.113203 0.080500
v -0.029960 0.113307 0.079062
v -0.013171 0.121004 0.080500
v -0.009272 0.121960 0.079031
v -0.005323 0.123134 0.073165
v -0.009271 0.121867 0.080500
v -0.005317 0.122427 0.080500
v -0.001331 0.122683 0.080500
v -0.001331 0.122776 0.079028
v 0.002662 0.122724 0.079028
v 0.002662 0.122632 0.080500
v 0.006640 0.122274 0.080500
v 0.006640 0.122367 0.079029
v 0.006647 0.122981 0.073168
v 0.002665 0.123338 0.073161
v 0.014455 0.120650 0.080500
v 0.010579 0.121613 0.080500
v 0.010579 0.121706 0.079032
v 0.010589 0.122321 0.073179
v 0.018246 0.119394 0.080500
v 0.018246 0.119490 0.079040
v 0.014455 0.120745 0.079035
v 0.018262 0.120108 0.073219
v 0.014469 0.121361 0.073197
v 0.021929 0.117850 0.080500
v 0.021929 0.117948 0.079045
v 0.021948 0.118569 0.073246
v 0.028887 0.113938 0.080500
v 0.025498 0.116019 0.080500
v 0.025497 0.116121 0.079052
v 0.025514 0.116748 0.073278
v 0.025559 0.117634 0.067539
v 0.032120 0.111594 0.080500
v 0.032120 0.111702 0.079067
v 0.028886 0.114043 0.079059
v 0.032147 0.112341 0.073356
v 0.028910 0.114674 0.073315
v 0.032213 0.113240 0.067680
v 0.028967 0.115564 0.067605
v 0.035164 0.109008 0.080500
v 0.035164 0.109121 0.079076
v 0.035197 0.109769 0.073401
v 0.035273 0.110678 0.067761
v 0.022100 0.120522 0.061492
v -0.009807 0.123738 0.065085
v -0.013211 0.122585 0.067379
v -0.017009 0.120558 0.073211
v -0.013000 0.123145 0.064462
v -0.016114 0.122406 0.063649
v -0.017043 0.121431 0.067416
v -0.019143 0.121530 0.062657
v -0.005317 0.122520 0.079029
v -0.001333 0.123390 0.073160
v -0.019546 0.010000 -0.015587
v -0.016448 0.010000 -0.018827
v -0.012822 0.010000 -0.021461
v -0.008784 0.010000 -0.023406
v -0.004464 0.010000 -0.024598
v 0.000000 0.010000 -0.025000
v 0.004464 0.010000 -0.024598
v 0.008784 0.010000 -0.023406
v 0.012822 0.010000 -0.021461
v 0.016448 0.010000 -0.018827
v 0.019546 0.010000 -0.015587
v 0.022015 0.010000 -0.011847
v 0.023776 0.010000 -0.007725
v 0.024774 0.010000 -0.003356
v 0.024975 0.010000 0.001122
v 0.024373 0.010000 0.005563
v 0.022988 0.010000 0.009826
v 0.020864 0.010000 0.013772
v 0.018070 0.010000 0.017277
v 0.014695 0.010000 0.020225
v 0.010847 0.010000 0.022524
v 0.006651 0.010000 0.024099
v 0.002241 0.010000 0.024899
v -0.002241 0.010000 0.024899
v -0.006651 0.010000 0.024099
v -0.010847 0.010000 0.022524
v -0.014695 0.010000 0.020225
v -0.018070 0.010000 0.017277
v -0.020864 0.010000 0.013772
v -0.022988 0.010000 0.009826
v -0.024373 0.010000 0.005563
v -0.024975 0.010000 0.001122
v -0.024774 0.010000 -0.003356
v -0.023776 0.010000 -0.007725
v -0.022015 0.010000 -0.011847
v 0.000000 0.000000 -0.025000
v 0.004464 0.000000 -0.024598
v -0.004464 0.000000 -0.024598
v 0.008784 0.000000 -0.023406
v -0.008784 0.000000 -0.023406
v 0.012822 0.000000 -0.021461
v -0.012822 0.000000 -0.021461
v 0.016448 0.000000 -0.018827
v 0.019546 0.000000 -0.015587
v 0.022015 0.000000 -0.011847
v 0.023776 0.000000 -0.007725
v 0.024774 0.000000 -0.003356
v 0.024975 0.000000 0.001122
v 0.024373 0.000000 0.005563
v 0.022988 0.000000 0.009826
v 0.020864 0.000000 0.013772
v 0.018070 0.000000 0.017277
v -0.016448 0.000000 -0.018827
v 0.014695 0.000000 0.020225
v 0.010847 0.000000 0.022524
v 0.006651 0.000000 0.024099
v 0.002241 0.000000 0.024899
v -0.002241 0.000000 0.024899
v -0.006651 0.000000 0.024099
v -0.010847 0.000000 0.022524
v -0.014695 0.000000 0.020225
v -0.018070 0.000000 0.017277
v -0.019546 0.000000 -0.015587
v -0.020864 0.000000 0.013772
v -0.022015 0.000000 -0.011847
v -0.022988 0.000000 0.009826
v -0.023776 0.000000 -0.007725
v -0.024373 0.000000 0.005563
v -0.024774 0.000000 -0.003356
v -0.024975 0.000000 0.001122
v -0.030497 0.116784 0.057034
v -0.034678 0.114402 0.054163
v -0.037279 0.111114 0.050065
v -0.038568 0.111848 0.051059
v -0.037621 0.110857 0.049750
v -0.039344 0.109438 0.048008
v -0.040775 0.110023 0.048816
v -0.041268 0.107817 0.046014
v -0.043177 0.107970 0.046291
v -0.043183 0.106119 0.043922
v -0.045727 0.105617 0.043389
v -0.045059 0.104333 0.041716
v -0.047768 0.101477 0.038176
v -0.048380 0.102894 0.040015
v -0.048648 0.100464 0.036916
v -0.051091 0.099726 0.036077
v -0.050203 0.098551 0.034535
v -0.051757 0.096465 0.031930
v -0.052454 0.097954 0.033866
v -0.051994 0.096129 0.031510
v -0.053814 0.096044 0.031479
v -0.054962 0.091499 0.025710
v -0.056466 0.091847 0.026221
v -0.057607 0.086677 0.019651
v -0.058805 0.087604 0.020889
v -0.058231 0.085438 0.018092
v -0.059828 0.085584 0.018346
v -0.059089 0.083664 0.015857
v -0.060741 0.083685 0.015956
v -0.059837 0.082048 0.013822
v -0.061538 0.081951 0.013770
v -0.061483 0.078205 0.008972
v -0.062213 0.080415 0.011833
v -0.063374 0.077566 0.008235
v -0.026027 0.118943 0.059607
v -0.021266 0.120827 0.061815
v -0.016235 0.122379 0.063588
v -0.010963 0.123547 0.064858
v -0.005523 0.124281 0.065567
v 0.000000 0.124551 0.065678
v -0.064335 0.074876 0.004832
v -0.063212 0.073260 0.002717
v -0.061720 0.077603 0.008212
v -0.065092 0.072326 0.001601
v -0.063782 0.071086 -0.000042
v -0.065641 0.069895 -0.001486
v -0.064455 0.066622 -0.005727
v -0.065985 0.067505 -0.004532
v -0.066108 0.065099 -0.007606
v -0.064493 0.064296 -0.008703
v -0.065989 0.062686 -0.010699
v -0.064283 0.061911 -0.011763
v -0.065606 0.060287 -0.013787
v -0.063794 0.059513 -0.014854
v -0.064943 0.057895 -0.016876
v -0.063022 0.057147 -0.017915
v -0.064010 0.055529 -0.019944
v -0.061995 0.054825 -0.020930
v -0.062843 0.053211 -0.022960
v -0.060727 0.052519 -0.023937
v -0.061478 0.050950 -0.025913
v -0.059207 0.050180 -0.026995
v -0.059916 0.048701 -0.028858
v -0.058574 0.049293 -0.028158
v -0.058077 0.046367 -0.031923
v -0.057255 0.047576 -0.030410
v -0.055575 0.045606 -0.033004
v -0.055947 0.043993 -0.035052
v -0.055224 0.045220 -0.033513
v -0.053516 0.041632 -0.038178
v -0.052501 0.042495 -0.037117
v -0.050815 0.039367 -0.041192
v -0.049239 0.039757 -0.040759
v -0.048088 0.037395 -0.043832
v -0.045694 0.037291 -0.044067
v -0.045413 0.035706 -0.046107
v -0.043782 0.036133 -0.045630
v -0.042833 0.034258 -0.048070
v -0.041753 0.035007 -0.047158
v -0.040390 0.033010 -0.049771
v -0.039570 0.033889 -0.048681
v -0.038126 0.031919 -0.051264
v -0.037601 0.032935 -0.049986
v -0.037347 0.032822 -0.050142
v -0.037080 0.032719 -0.050284
v -0.036804 0.032628 -0.050414
v -0.034351 0.030824 -0.052826
v -0.033092 0.031578 -0.051914
v -0.030169 0.029798 -0.054318
v -0.029280 0.030661 -0.053251
v -0.025621 0.028872 -0.055696
v -0.024807 0.029764 -0.054589
v -0.020745 0.028082 -0.056915
v -0.020226 0.029031 -0.055722
v -0.015641 0.027466 -0.057921
v -0.015314 0.028442 -0.056684
v -0.010470 0.027055 -0.058667
v -0.010331 0.028046 -0.057404
v -0.005251 0.026853 -0.059147
v -0.005176 0.027846 -0.057879
v 0.000000 0.026865 -0.059355
v 0.000000 0.027858 -0.058084
v 0.005522 0.124281 0.065567
v 0.010962 0.123547 0.064859
v 0.016233 0.122379 0.063588
v 0.021264 0.120827 0.061816
v 0.026026 0.118944 0.059608
v 0.030497 0.116785 0.057034
v 0.034678 0.114402 0.054163
v 0.037279 0.111114 0.050065
v 0.038568 0.111848 0.051059
v 0.037621 0.110857 0.049750
v 0.039344 0.109438 0.048007
v 0.040590 0.110176 0.049005
v 0.041269 0.107816 0.046014
v 0.042781 0.108316 0.046718
v 0.043184 0.106118 0.043921
v 0.045106 0.106211 0.044122
v 0.045061 0.104331 0.041714
v 0.047527 0.103805 0.041145
v 0.047768 0.101477 0.038176
v 0.050011 0.101040 0.037712
v 0.048650 0.100461 0.036913
v 0.050204 0.098550 0.034533
v 0.052522 0.097861 0.033750
v 0.051757 0.096465 0.031930
v 0.051997 0.096124 0.031505
v 0.055023 0.094211 0.029184
v 0.055142 0.091192 0.025325
v 0.057384 0.090244 0.024207
v 0.057607 0.086677 0.019651
v 0.059438 0.086367 0.019332
v 0.058235 0.085430 0.018081
v 0.059091 0.083660 0.015853
v 0.060334 0.084544 0.017037
v 0.059837 0.082048 0.013822
v 0.061133 0.082842 0.014893
v 0.061830 0.081295 0.012942
v 0.061488 0.078191 0.008955
v 0.062431 0.079903 0.011186
v 0.061720 0.077603 0.008212
v 0.063491 0.077258 0.007846
v 0.063212 0.073260 0.002717
v 0.064375 0.074753 0.004677
v 0.065080 0.072371 0.001658
v 0.064207 0.068880 -0.002847
v 0.065947 0.067863 -0.004075
v 0.064455 0.066622 -0.005727
v 0.066048 0.063368 -0.009824
v 0.064493 0.064296 -0.008702
v 0.064283 0.061911 -0.011763
v 0.063794 0.059513 -0.014854
v 0.065254 0.058890 -0.015590
v 0.065771 0.061122 -0.012710
v 0.064491 0.056665 -0.018469
v 0.063022 0.057147 -0.017915
v 0.063510 0.054477 -0.021312
v 0.061995 0.054826 -0.020930
v 0.060727 0.052519 -0.023937
v 0.061009 0.050244 -0.026836
v 0.059207 0.050180 -0.026995
v 0.060239 0.049145 -0.028276
v 0.059340 0.047939 -0.029858
v 0.058576 0.049298 -0.028150
v 0.057217 0.047534 -0.030466
v 0.057139 0.045283 -0.033351
v 0.055576 0.045610 -0.032999
v 0.054375 0.042428 -0.037122
v 0.052504 0.042497 -0.037113
v 0.051046 0.039547 -0.040951
v 0.049039 0.039605 -0.040963
v 0.047583 0.037059 -0.044284
v 0.045695 0.037292 -0.044066
v 0.044216 0.035015 -0.047043
v 0.043784 0.036134 -0.045629
v 0.041754 0.035008 -0.047157
v 0.041034 0.033330 -0.049334
v 0.039570 0.033889 -0.048681
v 0.038126 0.031919 -0.051264
v 0.037602 0.032936 -0.049986
v 0.037347 0.032822 -0.050141
v 0.037081 0.032720 -0.050284
v 0.036804 0.032628 -0.050413
v 0.034361 0.030827 -0.052822
v 0.033092 0.031578 -0.051914
v 0.030187 0.029802 -0.054312
v 0.029280 0.030661 -0.053251
v 0.025643 0.028876 -0.055690
v 0.024806 0.029764 -0.054589
v 0.020768 0.028085 -0.056910
v 0.020227 0.029032 -0.055721
v 0.015658 0.027467 -0.057918
v 0.015315 0.028442 -0.056684
v 0.010481 0.027055 -0.058665
v 0.010331 0.028046 -0.057404
v 0.005257 0.026853 -0.059146
v 0.005177 0.027846 -0.057879
v 0.000000 0.027858 -0.058084
v -0.037339 0.111768 0.047750
v -0.035423 0.112591 0.050743
v -0.037008 0.111804 0.047332
v -0.035263 0.113031 0.048932
v -0.035354 0.113043 0.049038
v -0.035431 0.113019 0.049152
v -0.037258 0.111841 0.047598
v -0.037143 0.111853 0.047452
v -0.039978 0.111507 0.047055
v -0.038811 0.114097 0.043157
v -0.040168 0.112819 0.042409
v -0.040374 0.114233 0.037528
v -0.041478 0.111161 0.042881
v -0.041730 0.112526 0.038039
v -0.042622 0.109667 0.043292
v -0.042908 0.110985 0.038489
v -0.044011 0.107763 0.043801
v -0.044333 0.109021 0.039054
v -0.045961 0.106609 0.039738
v -0.044678 0.110365 0.034049
v -0.046346 0.107876 0.034810
v -0.045124 0.112099 0.027548
v -0.046841 0.109509 0.028412
v -0.045585 0.113883 0.020620
v -0.047353 0.111187 0.021602
v -0.046156 0.116052 0.011486
v -0.047990 0.113217 0.012636
v -0.046590 0.117625 0.003893
v -0.048479 0.114681 0.005198
v -0.047002 0.118978 -0.004046
v -0.048946 0.115926 -0.002566
v -0.047385 0.119982 -0.012308
v -0.049385 0.116830 -0.010628
v -0.047703 0.120454 -0.020133
v -0.049754 0.117223 -0.018247
v -0.047982 0.120315 -0.028149
v -0.050082 0.117022 -0.026036
v -0.048172 0.119580 -0.034770
v -0.050311 0.116257 -0.032456
v -0.048252 0.118947 -0.038079
v -0.050409 0.115620 -0.035660
v -0.048320 0.118105 -0.041366
v -0.050493 0.114780 -0.038840
v -0.048373 0.117028 -0.044608
v -0.050562 0.113714 -0.041974
v -0.048411 0.115687 -0.047775
v -0.050612 0.112394 -0.045033
v -0.048429 0.114057 -0.050829
v -0.050642 0.110797 -0.047981
v -0.048427 0.112116 -0.053726
v -0.050648 0.108901 -0.050775
v -0.048402 0.109851 -0.056412
v -0.050628 0.106693 -0.053365
v -0.048352 0.107261 -0.058827
v -0.050578 0.104174 -0.055693
v -0.048275 0.104365 -0.060914
v -0.050499 0.101362 -0.057704
v -0.048174 0.101200 -0.062627
v -0.050389 0.098293 -0.059356
v -0.048048 0.097821 -0.063943
v -0.050252 0.095017 -0.060625
v -0.047903 0.094284 -0.064863
v -0.050091 0.091591 -0.061514
v -0.047742 0.090641 -0.065409
v -0.049910 0.088064 -0.062042
v -0.047568 0.086936 -0.065614
v -0.049715 0.084477 -0.062242
v -0.047404 0.083606 -0.065541
v -0.049529 0.081253 -0.062172
v -0.047233 0.080267 -0.065252
v -0.049336 0.078020 -0.061896
v -0.046875 0.073597 -0.064122
v -0.048928 0.071563 -0.060808
v -0.046567 0.068138 -0.062720
v -0.048575 0.066275 -0.059458
v -0.046248 0.062729 -0.060961
v -0.048209 0.061037 -0.057762
v -0.045729 0.054352 -0.057572
v -0.047611 0.052922 -0.054493
v -0.045187 0.046165 -0.053523
v -0.046984 0.044993 -0.050588
v -0.044623 0.038206 -0.048893
v -0.046326 0.037286 -0.046124
v -0.039070 0.116646 0.034581
v -0.040592 0.115737 0.032385
v -0.042000 0.113981 0.032934
v -0.043215 0.112391 0.033426
v -0.039199 0.118014 0.029992
v -0.040867 0.117675 0.025700
v -0.042346 0.115857 0.026300
v -0.043611 0.114206 0.026847
v -0.039325 0.119430 0.025178
v -0.039445 0.120875 0.020131
v -0.041142 0.119670 0.018559
v -0.039556 0.122323 0.014849
v -0.041466 0.122108 0.009108
v -0.039655 0.123746 0.009336
v -0.039740 0.125108 0.003594
v -0.041698 0.123893 0.001218
v -0.039811 0.126371 -0.002375
v -0.041903 0.125451 -0.007073
v -0.039866 0.127488 -0.008568
v -0.039906 0.128403 -0.014977
v -0.042078 0.126646 -0.015747
v -0.039930 0.129045 -0.021593
v -0.042209 0.127268 -0.024007
v -0.039940 0.129323 -0.028400
v -0.042310 0.127239 -0.032518
v -0.039935 0.129118 -0.035364
v -0.042366 0.126549 -0.039584
v -0.039914 0.128282 -0.042428
v -0.042384 0.125919 -0.043129
v -0.039897 0.127569 -0.045967
v -0.042394 0.125063 -0.046658
v -0.039874 0.126624 -0.049486
v -0.042396 0.123952 -0.050147
v -0.039847 0.125420 -0.052960
v -0.042388 0.122556 -0.053563
v -0.039813 0.123926 -0.056353
v -0.042368 0.120846 -0.056866
v -0.039773 0.122117 -0.059623
v -0.042337 0.118798 -0.060004
v -0.039726 0.119972 -0.062719
v -0.042292 0.116397 -0.062918
v -0.039670 0.117478 -0.065580
v -0.042234 0.113643 -0.065543
v -0.039608 0.114641 -0.068141
v -0.042163 0.110555 -0.067813
v -0.039538 0.111483 -0.070344
v -0.042079 0.107173 -0.069679
v -0.039462 0.108049 -0.072142
v -0.041985 0.103556 -0.071114
v -0.039383 0.104397 -0.073516
v -0.041882 0.099768 -0.072120
v -0.039301 0.100586 -0.074473
v -0.039218 0.096673 -0.075037
v -0.041773 0.095866 -0.072721
v -0.039135 0.092701 -0.075245
v -0.041660 0.091897 -0.072954
v -0.039053 0.088700 -0.075137
v -0.041557 0.088331 -0.072884
v -0.041452 0.084756 -0.072582
v -0.043720 0.086899 -0.070486
v -0.043590 0.083402 -0.070186
v -0.045445 0.085485 -0.068307
v -0.045296 0.082058 -0.068011
v -0.038973 0.084694 -0.074749
v -0.038895 0.080698 -0.074114
v -0.041239 0.077623 -0.071380
v -0.038819 0.076720 -0.073262
v -0.041063 0.071791 -0.069882
v -0.038674 0.068845 -0.070990
v -0.040886 0.066020 -0.067998
v -0.038539 0.061104 -0.068071
v -0.040610 0.057093 -0.064362
v -0.038416 0.053519 -0.064591
v -0.040336 0.048381 -0.060005
v -0.038305 0.046113 -0.060604
v -0.040066 0.039918 -0.055003
v -0.038208 0.038907 -0.056150
v -0.041721 0.039439 -0.052985
v -0.043069 0.038923 -0.051175
v -0.049744 0.042856 -0.045372
v -0.048616 0.043779 -0.047619
v -0.049319 0.051445 -0.051380
v -0.049987 0.059291 -0.054527
v -0.050395 0.064357 -0.056158
v -0.050789 0.069469 -0.057455
v -0.051243 0.075712 -0.058497
v -0.051458 0.078838 -0.058760
v -0.051663 0.081955 -0.058823
v -0.051879 0.085423 -0.058627
v -0.052078 0.088834 -0.058115
v -0.052254 0.092149 -0.057256
v -0.052404 0.095319 -0.056031
v -0.052521 0.098293 -0.054438
v -0.052605 0.101021 -0.052500
v -0.052654 0.103468 -0.050257
v -0.052671 0.105618 -0.047762
v -0.052659 0.107469 -0.045069
v -0.052621 0.109033 -0.042225
v -0.052559 0.110331 -0.039273
v -0.052479 0.111385 -0.036246
v -0.052381 0.112222 -0.033172
v -0.052269 0.112864 -0.030072
v -0.052008 0.113657 -0.023853
v -0.051639 0.113919 -0.016294
v -0.051228 0.113607 -0.008884
v -0.050742 0.112804 -0.001028
v -0.050228 0.111668 0.006553
v -0.049694 0.110315 0.013829
v -0.049001 0.108425 0.022615
v -0.048445 0.106856 0.029300
v -0.047908 0.105324 0.035586
v -0.047490 0.104136 0.040433
v -0.041249 0.109900 0.047486
v -0.051773 0.041001 -0.040827
v -0.050795 0.041928 -0.043108
v -0.051600 0.049191 -0.046652
v -0.050499 0.050321 -0.049025
v -0.052366 0.056628 -0.049613
v -0.051217 0.057963 -0.052079
v -0.052833 0.061431 -0.051144
v -0.051655 0.062898 -0.053660
v -0.053284 0.066277 -0.052359
v -0.052078 0.067878 -0.054916
v -0.053802 0.072194 -0.053328
v -0.052564 0.073959 -0.055923
v -0.054047 0.075157 -0.053569
v -0.052794 0.077003 -0.056175
v -0.054281 0.078111 -0.053622
v -0.053014 0.080039 -0.056233
v -0.054527 0.081400 -0.053429
v -0.053245 0.083418 -0.056039
v -0.054753 0.084635 -0.052938
v -0.053457 0.086741 -0.055538
v -0.054952 0.087780 -0.052120
v -0.053645 0.089971 -0.054700
v -0.055119 0.090792 -0.050958
v -0.053803 0.093063 -0.053506
v -0.055249 0.093620 -0.049451
v -0.053927 0.095964 -0.051957
v -0.055340 0.096220 -0.047619
v -0.054014 0.098629 -0.050072
v -0.055392 0.098558 -0.045500
v -0.054065 0.101021 -0.047892
v -0.055407 0.100618 -0.043144
v -0.054080 0.103126 -0.045467
v -0.055388 0.102398 -0.040598
v -0.054064 0.104943 -0.042848
v -0.055340 0.103910 -0.037910
v -0.054021 0.106481 -0.040082
v -0.055267 0.105172 -0.035115
v -0.053953 0.107762 -0.037209
v -0.055171 0.106207 -0.032247
v -0.053864 0.108807 -0.034262
v -0.055057 0.107037 -0.029331
v -0.053758 0.109640 -0.031267
v -0.054926 0.107684 -0.026387
v -0.053636 0.110286 -0.028245
v -0.054626 0.108515 -0.020471
v -0.053355 0.111098 -0.022177
v -0.054203 0.108864 -0.013259
v -0.052958 0.111405 -0.014792
v -0.053736 0.108669 -0.006169
v -0.052518 0.111152 -0.007541
v -0.053189 0.108014 0.001370
v -0.052001 0.110424 0.000158
v -0.052613 0.107038 0.008666
v -0.051456 0.109368 0.007598
v -0.052018 0.105851 0.015687
v -0.050891 0.108099 0.014748
v -0.051249 0.104170 0.024188
v -0.050159 0.106313 0.023394
v -0.050633 0.102764 0.030671
v -0.049573 0.104826 0.029980
v -0.050038 0.101386 0.036780
v -0.049006 0.103371 0.036179
v -0.055780 0.043951 -0.035376
v -0.054741 0.045434 -0.038628
v -0.053580 0.046931 -0.041857
v -0.055658 0.052178 -0.041275
v -0.054437 0.053953 -0.044631
v -0.056219 0.056532 -0.042636
v -0.054960 0.058488 -0.046061
v -0.056760 0.060927 -0.043707
v -0.055466 0.063064 -0.047190
v -0.057383 0.066292 -0.044549
v -0.056047 0.068652 -0.048084
v -0.057677 0.068978 -0.044749
v -0.056322 0.071450 -0.048301
v -0.057958 0.071657 -0.044778
v -0.056584 0.074239 -0.048340
v -0.058252 0.074639 -0.044584
v -0.056859 0.077345 -0.048147
v -0.058522 0.077575 -0.044123
v -0.057111 0.080401 -0.047675
v -0.058759 0.080433 -0.043368
v -0.057333 0.083375 -0.046896
v -0.058958 0.083173 -0.042305
v -0.057519 0.086225 -0.045794
v -0.059113 0.085752 -0.040934
v -0.057663 0.088905 -0.044370
v -0.059220 0.088131 -0.039271
v -0.057764 0.091373 -0.042641
v -0.059280 0.090278 -0.037352
v -0.057820 0.093598 -0.040643
v -0.059297 0.092179 -0.035217
v -0.057835 0.095564 -0.038421
v -0.059274 0.093833 -0.032912
v -0.057813 0.097270 -0.036020
v -0.059215 0.095250 -0.030474
v -0.057758 0.098726 -0.033483
v -0.059127 0.096444 -0.027938
v -0.057675 0.099949 -0.030844
v -0.059012 0.097435 -0.025331
v -0.057567 0.100960 -0.028134
v -0.058875 0.098244 -0.022675
v -0.057438 0.101778 -0.025374
v -0.058718 0.098891 -0.019990
v -0.057292 0.102427 -0.022585
v -0.058359 0.099769 -0.014577
v -0.056956 0.103289 -0.016971
v -0.057855 0.100243 -0.007952
v -0.056484 0.103716 -0.010111
v -0.057299 0.100225 -0.001408
v -0.055964 0.103630 -0.003347
v -0.056650 0.099801 0.005583
v -0.055357 0.103117 0.003867
v -0.055971 0.099080 0.012380
v -0.054720 0.102295 0.010867
v -0.055272 0.098158 0.018948
v -0.054064 0.101270 0.017620
v -0.054374 0.096817 0.026936
v -0.053220 0.099794 0.025819
v -0.056756 0.050414 -0.037896
v -0.059248 0.050740 -0.032220
v -0.060684 0.052495 -0.029531
v -0.061466 0.056952 -0.030142
v -0.062157 0.054652 -0.026482
v -0.061836 0.059183 -0.030263
v -0.062544 0.056767 -0.026577
v -0.062188 0.061408 -0.030241
v -0.062912 0.058875 -0.026538
v -0.062558 0.063886 -0.030029
v -0.063298 0.061224 -0.026316
v -0.062895 0.066328 -0.029596
v -0.063651 0.063539 -0.025885
v -0.063194 0.068708 -0.028923
v -0.063963 0.065796 -0.025226
v -0.063445 0.070996 -0.027998
v -0.064226 0.067967 -0.024330
v -0.063641 0.073158 -0.026822
v -0.064432 0.070019 -0.023197
v -0.063779 0.075161 -0.025409
v -0.064578 0.071924 -0.021840
v -0.063861 0.076981 -0.023786
v -0.064665 0.073656 -0.020285
v -0.063888 0.078605 -0.021986
v -0.064695 0.075206 -0.018564
v -0.063866 0.080032 -0.020045
v -0.064674 0.076571 -0.016708
v -0.063800 0.081269 -0.017991
v -0.064607 0.077757 -0.014746
v -0.063695 0.082328 -0.015853
v -0.064499 0.078777 -0.012703
v -0.063555 0.083226 -0.013651
v -0.064353 0.079645 -0.010600
v -0.063386 0.083976 -0.011405
v -0.064176 0.080376 -0.008454
v -0.063191 0.084596 -0.009127
v -0.063972 0.080984 -0.006277
v -0.062738 0.085502 -0.004522
v -0.063496 0.081886 -0.001874
v -0.062095 0.086123 0.001147
v -0.062817 0.082532 0.003553
v -0.061380 0.086340 0.006783
v -0.062059 0.082799 0.008954
v -0.060542 0.086242 0.012844
v -0.063039 0.054683 -0.023362
v -0.063419 0.056692 -0.023309
v -0.063818 0.058930 -0.023078
v -0.064183 0.061135 -0.022649
v -0.064505 0.063286 -0.022004
v -0.064776 0.065357 -0.021133
v -0.064989 0.067317 -0.020038
v -0.065141 0.069137 -0.018730
v -0.065232 0.070795 -0.017234
v -0.065264 0.072281 -0.015581
v -0.065244 0.073593 -0.013799
v -0.064220 0.056629 -0.019797
v -0.064925 0.060769 -0.018735
v -0.064594 0.058724 -0.019369
v -0.065423 0.064604 -0.016829
v -0.065204 0.062738 -0.017888
v -0.065674 0.067921 -0.014132
v -0.065580 0.066338 -0.015569
v -0.065688 0.070601 -0.010837
v -0.065708 0.069343 -0.012545
v -0.065502 0.072654 -0.007157
v -0.065618 0.071701 -0.009034
v -0.065157 0.074171 -0.003254
v -0.065347 0.073473 -0.005226
v -0.065063 0.075724 -0.009957
v -0.065175 0.074737 -0.011917
v -0.064419 0.075659 0.002796
v -0.064936 0.074760 -0.001254
v -0.064729 0.077283 -0.005880
v -0.064913 0.076568 -0.007940
v -0.063308 0.079454 0.005649
v -0.062514 0.079766 0.010844
v -0.058948 0.089227 0.017127
v -0.059772 0.089667 0.010970
v -0.057820 0.096451 0.007339
v -0.058513 0.096789 0.000574
v -0.056351 0.095007 0.020306
v -0.055397 0.093798 0.028076
v -0.052545 0.098549 0.032087
v -0.051625 0.100671 0.031374
v -0.042108 0.047751 -0.057865
v -0.043542 0.047084 -0.055945
v -0.042488 0.056301 -0.062124
v -0.044001 0.055477 -0.060112
v -0.042861 0.065055 -0.065684
v -0.044444 0.064066 -0.063598
v -0.043093 0.070710 -0.067531
v -0.044718 0.069614 -0.065407
v -0.043321 0.076421 -0.069002
v -0.044984 0.075214 -0.066849
v -0.043846 0.090387 -0.070560
v -0.045589 0.088903 -0.068382
v -0.043982 0.094268 -0.070340
v -0.045743 0.092706 -0.068170
v -0.044111 0.098083 -0.069761
v -0.045887 0.096444 -0.067607
v -0.044230 0.101787 -0.068787
v -0.046018 0.100074 -0.066658
v -0.044336 0.105324 -0.067395
v -0.046133 0.103541 -0.065301
v -0.044426 0.108631 -0.065583
v -0.046229 0.106784 -0.063535
v -0.044499 0.111654 -0.063377
v -0.046303 0.109750 -0.061382
v -0.044553 0.114352 -0.060825
v -0.046355 0.112399 -0.058892
v -0.044590 0.116705 -0.057990
v -0.046386 0.114713 -0.056125
v -0.044609 0.118715 -0.054934
v -0.046397 0.116692 -0.053140
v -0.044613 0.120396 -0.051716
v -0.046389 0.118349 -0.049996
v -0.044603 0.121771 -0.048384
v -0.046366 0.119708 -0.046738
v -0.044580 0.122868 -0.044978
v -0.046328 0.120796 -0.043405
v -0.044546 0.123716 -0.041530
v -0.046277 0.121641 -0.040029
v -0.044503 0.124344 -0.038064
v -0.046216 0.122270 -0.036632
v -0.044391 0.125042 -0.031144
v -0.046065 0.122982 -0.029845
v -0.044215 0.125100 -0.022794
v -0.045838 0.123073 -0.021642
v -0.044005 0.124518 -0.014672
v -0.045573 0.122538 -0.013650
v -0.043742 0.123375 -0.006127
v -0.045250 0.121453 -0.005228
v -0.043448 0.121875 0.002056
v -0.044896 0.120015 0.002852
v -0.043130 0.120150 0.009859
v -0.044519 0.118355 0.010564
v -0.042700 0.117790 0.019218
v -0.044018 0.116076 0.019830
v -0.052269 0.101996 0.024997
v -0.053076 0.103574 0.016645
v -0.053701 0.104680 0.009756
v -0.054307 0.105577 0.002606
v -0.054884 0.106161 -0.004771
v -0.055378 0.106301 -0.011699
v -0.055825 0.105911 -0.018735
v -0.056144 0.105063 -0.024500
v -0.056282 0.104415 -0.027367
v -0.056404 0.103590 -0.030204
v -0.056506 0.102567 -0.032993
v -0.056585 0.101324 -0.035710
v -0.056637 0.099840 -0.038322
v -0.056657 0.098096 -0.040795
v -0.056643 0.096082 -0.043084
v -0.056589 0.093801 -0.045142
v -0.056493 0.091266 -0.046922
v -0.056356 0.088511 -0.048387
v -0.056180 0.085580 -0.049518
v -0.055969 0.082520 -0.050316
v -0.055731 0.079374 -0.050798
v -0.055470 0.076177 -0.050991
v -0.055222 0.073305 -0.050944
v -0.054962 0.070424 -0.050715
v -0.054412 0.064671 -0.049783
v -0.053934 0.059959 -0.048611
v -0.053438 0.055290 -0.047130
v -0.052626 0.048060 -0.044262
v -0.057353 0.054587 -0.039186
v -0.057930 0.058798 -0.040198
v -0.059894 0.054580 -0.033108
v -0.058594 0.063938 -0.040985
v -0.060639 0.059267 -0.033780
v -0.058907 0.066512 -0.041167
v -0.060990 0.061613 -0.033922
v -0.059206 0.069079 -0.041186
v -0.061325 0.063952 -0.033916
v -0.059520 0.071937 -0.040990
v -0.061677 0.066559 -0.033711
v -0.059807 0.074751 -0.040538
v -0.061998 0.069125 -0.033273
v -0.060061 0.077491 -0.039806
v -0.062282 0.071627 -0.032582
v -0.060273 0.080120 -0.038780
v -0.062521 0.074029 -0.031626
v -0.060437 0.082598 -0.037460
v -0.062707 0.076298 -0.030404
v -0.060552 0.084884 -0.035863
v -0.062837 0.078397 -0.028931
v -0.060617 0.086952 -0.034020
v -0.062913 0.080301 -0.027236
v -0.060636 0.088787 -0.031972
v -0.062937 0.081997 -0.025356
v -0.060612 0.090388 -0.029760
v -0.062914 0.083484 -0.023326
v -0.060552 0.091762 -0.027421
v -0.062850 0.084768 -0.021179
v -0.060458 0.092925 -0.024985
v -0.062748 0.085864 -0.018943
v -0.060337 0.093896 -0.022481
v -0.062615 0.086788 -0.016641
v -0.060191 0.094693 -0.019929
v -0.062453 0.087556 -0.014293
v -0.060025 0.095336 -0.017346
v -0.062268 0.088185 -0.011915
v -0.059643 0.096226 -0.012135
v -0.061839 0.089089 -0.007107
v -0.059106 0.096743 -0.005747
v -0.061232 0.089679 -0.001197
v -0.057095 0.095826 0.013928
v -0.060559 0.089842 0.004670
v -0.064020 0.078784 0.000435
v -0.064517 0.077882 -0.003792
v 0.040066 0.039918 -0.055003
v 0.038208 0.038907 -0.056150
v 0.038305 0.046113 -0.060604
v 0.040336 0.048381 -0.060005
v 0.038416 0.053519 -0.064591
v 0.040610 0.057093 -0.064362
v 0.038539 0.061104 -0.068071
v 0.040886 0.066020 -0.067998
v 0.038674 0.068845 -0.070990
v 0.041063 0.071791 -0.069882
v 0.038819 0.076720 -0.073262
v 0.041239 0.077623 -0.071380
v 0.038895 0.080698 -0.074114
v 0.041452 0.084756 -0.072582
v 0.038973 0.084694 -0.074749
v 0.039053 0.088700 -0.075137
v 0.041557 0.088331 -0.072884
v 0.039135 0.092701 -0.075245
v 0.041660 0.091897 -0.072954
v 0.039218 0.096673 -0.075037
v 0.041773 0.095866 -0.072721
v 0.039301 0.100586 -0.074473
v 0.041882 0.099768 -0.072120
v 0.039383 0.104397 -0.073516
v 0.041985 0.103556 -0.071114
v 0.039462 0.108049 -0.072142
v 0.042079 0.107173 -0.069679
v 0.039538 0.111483 -0.070344
v 0.042163 0.110555 -0.067813
v 0.039608 0.114641 -0.068141
v 0.042234 0.113643 -0.065543
v 0.039670 0.117478 -0.065580
v 0.042292 0.116397 -0.062918
v 0.039726 0.119972 -0.062719
v 0.042337 0.118798 -0.060004
v 0.039773 0.122117 -0.059623
v 0.042368 0.120846 -0.056866
v 0.039813 0.123926 -0.056353
v 0.042388 0.122556 -0.053563
v 0.039847 0.125420 -0.052960
v 0.042396 0.123952 -0.050147
v 0.039874 0.126624 -0.049487
v 0.042394 0.125063 -0.046658
v 0.039897 0.127569 -0.045967
v 0.042384 0.125919 -0.043129
v 0.039914 0.128282 -0.042428
v 0.042366 0.126549 -0.039584
v 0.039935 0.129118 -0.035364
v 0.042310 0.127239 -0.032518
v 0.039940 0.129323 -0.028400
v 0.042209 0.127268 -0.024007
v 0.039930 0.129045 -0.021593
v 0.042078 0.126646 -0.015747
v 0.039906 0.128403 -0.014977
v 0.039866 0.127488 -0.008568
v 0.041903 0.125451 -0.007073
v 0.039811 0.126371 -0.002375
v 0.041698 0.123893 0.001218
v 0.039740 0.125108 0.003594
v 0.039655 0.123746 0.009336
v 0.041466 0.122108 0.009108
v 0.039556 0.122323 0.014849
v 0.041142 0.119670 0.018559
v 0.039445 0.120875 0.020131
v 0.039325 0.119430 0.025178
v 0.040867 0.117675 0.025700
v 0.039199 0.118014 0.029992
v 0.039070 0.116646 0.034581
v 0.038811 0.114097 0.043157
v 0.040374 0.114233 0.037528
v 0.040592 0.115737 0.032385
v 0.042346 0.115857 0.026300
v 0.042700 0.117790 0.019218
v 0.044018 0.116076 0.019830
v 0.044519 0.118355 0.010564
v 0.046156 0.116052 0.011486
v 0.046590 0.117625 0.003893
v 0.048479 0.114681 0.005198
v 0.048946 0.115926 -0.002566
v 0.050742 0.112804 -0.001028
v 0.051228 0.113607 -0.008884
v 0.052518 0.111152 -0.007541
v 0.052958 0.111405 -0.014792
v 0.054203 0.108864 -0.013259
v 0.054626 0.108515 -0.020471
v 0.055825 0.105911 -0.018735
v 0.056144 0.105063 -0.024500
v 0.057292 0.102427 -0.022585
v 0.057438 0.101778 -0.025374
v 0.058875 0.098244 -0.022675
v 0.059012 0.097435 -0.025331
v 0.060337 0.093896 -0.022481
v 0.060458 0.092925 -0.024985
v 0.062748 0.085864 -0.018943
v 0.062850 0.084768 -0.021179
v 0.063800 0.081269 -0.017991
v 0.063866 0.080032 -0.020045
v 0.064672 0.076584 -0.016721
v 0.064693 0.075218 -0.018576
v 0.065264 0.072284 -0.015583
v 0.065231 0.070798 -0.017237
v 0.065672 0.067938 -0.014150
v 0.065578 0.066355 -0.015589
v 0.039978 0.111507 0.047055
v 0.040168 0.112819 0.042409
v 0.041730 0.112526 0.038039
v 0.042000 0.113981 0.032934
v 0.043215 0.112391 0.033426
v 0.043611 0.114206 0.026847
v 0.045124 0.112099 0.027548
v 0.045585 0.113883 0.020620
v 0.047353 0.111187 0.021602
v 0.047990 0.113217 0.012636
v 0.049694 0.110315 0.013829
v 0.050228 0.111668 0.006553
v 0.051456 0.109368 0.007598
v 0.052001 0.110424 0.000158
v 0.053189 0.108014 0.001370
v 0.053736 0.108669 -0.006169
v 0.054884 0.106161 -0.004771
v 0.055378 0.106301 -0.011699
v 0.056484 0.103716 -0.010111
v 0.056956 0.103289 -0.016971
v 0.058359 0.099769 -0.014577
v 0.058718 0.098891 -0.019990
v 0.060025 0.095336 -0.017346
v 0.060191 0.094693 -0.019929
v 0.062453 0.087556 -0.014293
v 0.062615 0.086788 -0.016641
v 0.063555 0.083226 -0.013651
v 0.063695 0.082328 -0.015853
v 0.064495 0.078793 -0.012718
v 0.064604 0.077772 -0.014760
v 0.065175 0.074740 -0.011920
v 0.065243 0.073596 -0.013802
v 0.065686 0.070616 -0.010853
v 0.065706 0.069359 -0.012562
v 0.041249 0.109900 0.047486
v 0.041478 0.111161 0.042881
v 0.042622 0.109667 0.043291
v 0.042908 0.110985 0.038489
v 0.044333 0.109021 0.039054
v 0.044678 0.110365 0.034049
v 0.046346 0.107876 0.034810
v 0.046841 0.109509 0.028412
v 0.048445 0.106856 0.029300
v 0.049001 0.108425 0.022615
v 0.050159 0.106313 0.023394
v 0.050891 0.108099 0.014748
v 0.052018 0.105851 0.015687
v 0.052613 0.107038 0.008666
v 0.053701 0.104680 0.009756
v 0.054307 0.105577 0.002606
v 0.055357 0.103117 0.003867
v 0.055964 0.103630 -0.003347
v 0.057299 0.100225 -0.001408
v 0.057855 0.100243 -0.007952
v 0.059106 0.096743 -0.005747
v 0.059643 0.096226 -0.012135
v 0.061839 0.089089 -0.007107
v 0.062268 0.088185 -0.011915
v 0.063191 0.084596 -0.009127
v 0.063386 0.083976 -0.011405
v 0.064173 0.080395 -0.008469
v 0.064350 0.079663 -0.010615
v 0.064912 0.076571 -0.007942
v 0.065063 0.075727 -0.009960
v 0.065501 0.072668 -0.007170
v 0.065616 0.071715 -0.009048
v 0.044011 0.107763 0.043801
v 0.045961 0.106609 0.039738
v 0.047908 0.105324 0.035586
v 0.049573 0.104826 0.029980
v 0.051249 0.104170 0.024188
v 0.053076 0.103574 0.016645
v 0.054720 0.102295 0.010867
v 0.056650 0.099801 0.005583
v 0.058513 0.096789 0.000574
v 0.061232 0.089679 -0.001197
v 0.062738 0.085502 -0.004522
v 0.063968 0.081004 -0.006293
v 0.064729 0.077286 -0.005883
v 0.065345 0.073485 -0.005236
v 0.047490 0.104136 0.040433
v 0.049006 0.103371 0.036179
v 0.050633 0.102764 0.030671
v 0.052269 0.101996 0.024997
v 0.054064 0.101270 0.017620
v 0.055971 0.099080 0.012380
v 0.057820 0.096451 0.007339
v 0.060559 0.089842 0.004670
v 0.062095 0.086123 0.001147
v 0.063492 0.081908 -0.001890
v 0.064516 0.077885 -0.003794
v 0.065155 0.074182 -0.003263
v 0.050038 0.101386 0.036780
v 0.051625 0.100671 0.031374
v 0.052545 0.098549 0.032087
v 0.053220 0.099794 0.025819
v 0.054374 0.096817 0.026936
v 0.055272 0.098158 0.018948
v 0.056351 0.095007 0.020306
v 0.057095 0.095826 0.013928
v 0.058948 0.089227 0.017127
v 0.059772 0.089667 0.010970
v 0.060542 0.086242 0.012844
v 0.061380 0.086340 0.006783
v 0.062055 0.082826 0.008938
v 0.062812 0.082557 0.003536
v 0.063308 0.079457 0.005647
v 0.064019 0.078786 0.000433
v 0.064418 0.075667 0.002790
v 0.064935 0.074770 -0.001262
v 0.055397 0.093798 0.028076
v 0.061165 0.082802 0.014755
v 0.062514 0.079769 0.010842
v 0.065202 0.062756 -0.017911
v 0.065421 0.064621 -0.016850
v 0.065141 0.069139 -0.018733
v 0.064662 0.073667 -0.020297
v 0.063888 0.078605 -0.021986
v 0.062914 0.083484 -0.023326
v 0.060552 0.091762 -0.027421
v 0.059127 0.096444 -0.027938
v 0.057567 0.100960 -0.028134
v 0.056282 0.104415 -0.027367
v 0.054926 0.107684 -0.026387
v 0.053355 0.111098 -0.022177
v 0.051639 0.113919 -0.016294
v 0.049385 0.116830 -0.010628
v 0.047002 0.118978 -0.004046
v 0.044896 0.120015 0.002852
v 0.043130 0.120150 0.009859
v 0.064592 0.058743 -0.019394
v 0.064923 0.060787 -0.018759
v 0.064776 0.065359 -0.021136
v 0.064989 0.067319 -0.020041
v 0.064430 0.070028 -0.023207
v 0.064576 0.071933 -0.021851
v 0.063779 0.075161 -0.025409
v 0.063861 0.076981 -0.023786
v 0.062913 0.080301 -0.027236
v 0.062937 0.081997 -0.025356
v 0.060636 0.088787 -0.031972
v 0.060612 0.090388 -0.029760
v 0.059274 0.093833 -0.032912
v 0.059215 0.095250 -0.030474
v 0.057758 0.098726 -0.033483
v 0.057675 0.099949 -0.030844
v 0.056506 0.102567 -0.032993
v 0.056404 0.103590 -0.030204
v 0.055171 0.106207 -0.032247
v 0.055057 0.107037 -0.029331
v 0.053758 0.109640 -0.031267
v 0.053636 0.110286 -0.028245
v 0.052269 0.112864 -0.030072
v 0.052008 0.113657 -0.023853
v 0.050082 0.117022 -0.026036
v 0.049754 0.117223 -0.018247
v 0.047703 0.120454 -0.020133
v 0.047385 0.119982 -0.012308
v 0.045573 0.122538 -0.013650
v 0.045250 0.121453 -0.005228
v 0.043742 0.123375 -0.006127
v 0.043448 0.121875 0.002056
v 0.064217 0.056647 -0.019824
v 0.063419 0.056694 -0.023312
v 0.063038 0.054685 -0.023365
v 0.062911 0.058878 -0.026542
v 0.062543 0.056769 -0.026580
v 0.062188 0.061408 -0.030241
v 0.061836 0.059183 -0.030263
v 0.061325 0.063952 -0.033916
v 0.060990 0.061613 -0.033922
v 0.059206 0.069079 -0.041186
v 0.058907 0.066512 -0.041167
v 0.057958 0.071657 -0.044778
v 0.057677 0.068978 -0.044749
v 0.056584 0.074239 -0.048340
v 0.056322 0.071450 -0.048301
v 0.055470 0.076177 -0.050991
v 0.055222 0.073305 -0.050944
v 0.054281 0.078111 -0.053622
v 0.054047 0.075157 -0.053569
v 0.053014 0.080039 -0.056233
v 0.052794 0.077003 -0.056175
v 0.051663 0.081955 -0.058823
v 0.051458 0.078838 -0.058760
v 0.049715 0.084477 -0.062242
v 0.049529 0.081253 -0.062172
v 0.047568 0.086936 -0.065614
v 0.047404 0.083606 -0.065541
v 0.045589 0.088903 -0.068382
v 0.045445 0.085485 -0.068307
v 0.043846 0.090387 -0.070560
v 0.043720 0.086899 -0.070486
v 0.062157 0.054653 -0.026483
v 0.060684 0.052495 -0.029531
v 0.059248 0.050740 -0.032220
v 0.054741 0.045434 -0.038628
v 0.056756 0.050414 -0.037896
v 0.057353 0.054587 -0.039186
v 0.057930 0.058798 -0.040198
v 0.056760 0.060927 -0.043707
v 0.057383 0.066292 -0.044549
v 0.056047 0.068652 -0.048084
v 0.051773 0.041001 -0.040827
v 0.053580 0.046931 -0.041857
v 0.054437 0.053953 -0.044631
v 0.055658 0.052178 -0.041275
v 0.054960 0.058488 -0.046061
v 0.056219 0.056532 -0.042636
v 0.055466 0.063064 -0.047190
v 0.049744 0.042856 -0.045372
v 0.050795 0.041928 -0.043108
v 0.051600 0.049191 -0.046652
v 0.052626 0.048060 -0.044262
v 0.052366 0.056628 -0.049613
v 0.053438 0.055290 -0.047130
v 0.052833 0.061431 -0.051144
v 0.053934 0.059959 -0.048611
v 0.053284 0.066277 -0.052359
v 0.054412 0.064671 -0.049783
v 0.053802 0.072194 -0.053328
v 0.054962 0.070424 -0.050715
v 0.046326 0.037286 -0.046124
v 0.046984 0.044993 -0.050588
v 0.048616 0.043779 -0.047619
v 0.047611 0.052922 -0.054493
v 0.049319 0.051445 -0.051380
v 0.048209 0.061037 -0.057762
v 0.049987 0.059291 -0.054527
v 0.048575 0.066275 -0.059458
v 0.050395 0.064357 -0.056158
v 0.048928 0.071563 -0.060808
v 0.050789 0.069469 -0.057455
v 0.049336 0.078020 -0.061896
v 0.051243 0.075712 -0.058497
v 0.043069 0.038923 -0.051175
v 0.044623 0.038206 -0.048893
v 0.045187 0.046165 -0.053523
v 0.045729 0.054352 -0.057572
v 0.046248 0.062729 -0.060961
v 0.046567 0.068138 -0.062720
v 0.046875 0.073597 -0.064122
v 0.047233 0.080267 -0.065252
v 0.041721 0.039439 -0.052985
v 0.050499 0.050321 -0.049025
v 0.051217 0.057963 -0.052079
v 0.051655 0.062898 -0.053660
v 0.052078 0.067878 -0.054916
v 0.052564 0.073959 -0.055923
v 0.044005 0.124518 -0.014672
v 0.044215 0.125100 -0.022794
v 0.044391 0.125042 -0.031144
v 0.044503 0.124344 -0.038064
v 0.044546 0.123716 -0.041530
v 0.044580 0.122868 -0.044978
v 0.044603 0.121771 -0.048384
v 0.044613 0.120396 -0.051716
v 0.044609 0.118715 -0.054934
v 0.044590 0.116705 -0.057990
v 0.044553 0.114352 -0.060825
v 0.044499 0.111654 -0.063377
v 0.044426 0.108631 -0.065583
v 0.044336 0.105324 -0.067395
v 0.044230 0.101787 -0.068787
v 0.044111 0.098083 -0.069761
v 0.043982 0.094268 -0.070340
v 0.043590 0.083402 -0.070186
v 0.045296 0.082058 -0.068011
v 0.043321 0.076421 -0.069002
v 0.044984 0.075214 -0.066849
v 0.043093 0.070710 -0.067531
v 0.044718 0.069614 -0.065407
v 0.042861 0.065055 -0.065684
v 0.044444 0.064066 -0.063598
v 0.042488 0.056301 -0.062124
v 0.044001 0.055477 -0.060112
v 0.042108 0.047751 -0.057865
v 0.043542 0.047084 -0.055945
v 0.045838 0.123073 -0.021642
v 0.046065 0.122982 -0.029845
v 0.046216 0.122270 -0.036632
v 0.046277 0.121641 -0.040029
v 0.046328 0.120796 -0.043405
v 0.046366 0.119708 -0.046738
v 0.046389 0.118349 -0.049996
v 0.046397 0.116692 -0.053140
v 0.046386 0.114713 -0.056125
v 0.046355 0.112399 -0.058892
v 0.046303 0.109750 -0.061382
v 0.046229 0.106784 -0.063535
v 0.046133 0.103541 -0.065301
v 0.046018 0.100074 -0.066658
v 0.045887 0.096444 -0.067607
v 0.045743 0.092706 -0.068170
v 0.047742 0.090641 -0.065409
v 0.049910 0.088064 -0.062042
v 0.051879 0.085423 -0.058627
v 0.053245 0.083418 -0.056039
v 0.054527 0.081400 -0.053429
v 0.055731 0.079374 -0.050798
v 0.056859 0.077345 -0.048147
v 0.058252 0.074639 -0.044584
v 0.059520 0.071937 -0.040990
v 0.061677 0.066559 -0.033711
v 0.062558 0.063886 -0.030029
v 0.063297 0.061228 -0.026321
v 0.063818 0.058932 -0.023081
v 0.064182 0.061137 -0.022652
v 0.064505 0.063289 -0.022007
v 0.047903 0.094284 -0.064863
v 0.050091 0.091591 -0.061514
v 0.052078 0.088834 -0.058115
v 0.053457 0.086741 -0.055538
v 0.054753 0.084635 -0.052938
v 0.055969 0.082520 -0.050316
v 0.057111 0.080401 -0.047675
v 0.058522 0.077575 -0.044123
v 0.059807 0.074751 -0.040538
v 0.061998 0.069125 -0.033273
v 0.062895 0.066328 -0.029596
v 0.063650 0.063543 -0.025891
v 0.048048 0.097821 -0.063943
v 0.050252 0.095017 -0.060625
v 0.052254 0.092149 -0.057256
v 0.053645 0.089971 -0.054700
v 0.054952 0.087780 -0.052120
v 0.056180 0.085580 -0.049518
v 0.057333 0.083375 -0.046896
v 0.058759 0.080433 -0.043368
v 0.060061 0.077491 -0.039806
v 0.062282 0.071627 -0.032582
v 0.063194 0.068708 -0.028923
v 0.063962 0.065802 -0.025234
v 0.048174 0.101200 -0.062627
v 0.050389 0.098293 -0.059356
v 0.052404 0.095319 -0.056031
v 0.053803 0.093063 -0.053506
v 0.055119 0.090792 -0.050958
v 0.056356 0.088511 -0.048387
v 0.057519 0.086225 -0.045794
v 0.058958 0.083173 -0.042305
v 0.060273 0.080120 -0.038780
v 0.062521 0.074029 -0.031626
v 0.063445 0.070996 -0.027998
v 0.064224 0.067974 -0.024339
v 0.048275 0.104365 -0.060914
v 0.050499 0.101362 -0.057704
v 0.052521 0.098293 -0.054438
v 0.053927 0.095964 -0.051957
v 0.055249 0.093620 -0.049451
v 0.056493 0.091266 -0.046922
v 0.057663 0.088905 -0.044370
v 0.059113 0.085752 -0.040934
v 0.060437 0.082598 -0.037460
v 0.062707 0.076298 -0.030404
v 0.063641 0.073158 -0.026822
v 0.048352 0.107261 -0.058827
v 0.050578 0.104174 -0.055693
v 0.052605 0.101021 -0.052500
v 0.054014 0.098629 -0.050072
v 0.055340 0.096220 -0.047619
v 0.056589 0.093801 -0.045142
v 0.057764 0.091373 -0.042641
v 0.059220 0.088131 -0.039271
v 0.060552 0.084884 -0.035863
v 0.062837 0.078397 -0.028931
v 0.048402 0.109851 -0.056412
v 0.050628 0.106693 -0.053365
v 0.052654 0.103468 -0.050257
v 0.054065 0.101021 -0.047892
v 0.055392 0.098558 -0.045500
v 0.056643 0.096082 -0.043084
v 0.057820 0.093598 -0.040643
v 0.059280 0.090278 -0.037352
v 0.060617 0.086952 -0.034020
v 0.048427 0.112116 -0.053726
v 0.050648 0.108901 -0.050775
v 0.052671 0.105618 -0.047762
v 0.054080 0.103126 -0.045467
v 0.055407 0.100618 -0.043144
v 0.056657 0.098096 -0.040795
v 0.057835 0.095564 -0.038421
v 0.059297 0.092179 -0.035217
v 0.048429 0.114057 -0.050829
v 0.050642 0.110797 -0.047981
v 0.052659 0.107469 -0.045069
v 0.054064 0.104943 -0.042848
v 0.055388 0.102398 -0.040598
v 0.056637 0.099840 -0.038322
v 0.057813 0.097270 -0.036020
v 0.048411 0.115687 -0.047775
v 0.050612 0.112394 -0.045033
v 0.052621 0.109033 -0.042225
v 0.054021 0.106481 -0.040082
v 0.055340 0.103910 -0.037910
v 0.056585 0.101324 -0.035710
v 0.048373 0.117028 -0.044608
v 0.050562 0.113714 -0.041974
v 0.052559 0.110331 -0.039273
v 0.053953 0.107762 -0.037209
v 0.055267 0.105172 -0.035115
v 0.048320 0.118105 -0.041366
v 0.050493 0.114780 -0.038840
v 0.052479 0.111385 -0.036246
v 0.053864 0.108807 -0.034262
v 0.048252 0.118947 -0.038079
v 0.050409 0.115620 -0.035660
v 0.052381 0.112222 -0.033172
v 0.048172 0.119580 -0.034770
v 0.050311 0.116257 -0.032456
v 0.047982 0.120315 -0.028149
v 0.058594 0.063938 -0.040985
v 0.060639 0.059267 -0.033780
v 0.061466 0.056952 -0.030142
v 0.059894 0.054580 -0.033108
v 0.036271 0.034749 -0.054504
v 0.034299 0.035150 -0.055923
v 0.030100 0.035883 -0.058521
v 0.030068 0.030611 -0.054939
v 0.025591 0.036521 -0.060774
v 0.025564 0.031156 -0.057257
v 0.020802 0.037059 -0.062661
v 0.020779 0.031614 -0.059198
v 0.017711 0.037339 -0.063634
v 0.017692 0.031852 -0.060199
v 0.014534 0.037576 -0.064452
v 0.014518 0.032053 -0.061041
v 0.011294 0.037767 -0.065108
v 0.011282 0.032215 -0.061716
v 0.008006 0.037911 -0.065599
v 0.007997 0.032336 -0.062220
v 0.004683 0.038005 -0.065921
v 0.004678 0.032417 -0.062552
v 0.001340 0.038050 -0.066074
v 0.001338 0.032455 -0.062710
v -0.002009 0.038045 -0.066057
v -0.002007 0.032451 -0.062692
v -0.005350 0.037990 -0.065870
v -0.005344 0.032404 -0.062499
v -0.008667 0.037886 -0.065514
v -0.008657 0.032315 -0.062133
v -0.011947 0.037733 -0.064990
v -0.011933 0.032186 -0.061594
v -0.015175 0.037533 -0.064301
v -0.015158 0.032016 -0.060885
v -0.018338 0.037287 -0.063451
v -0.018318 0.031807 -0.060010
v -0.021424 0.036997 -0.062443
v -0.021402 0.031560 -0.058973
v -0.024420 0.036665 -0.061281
v -0.024395 0.031278 -0.057778
v -0.027316 0.036293 -0.059972
v -0.027287 0.030961 -0.056431
v -0.030100 0.035883 -0.058521
v -0.030068 0.030611 -0.054939
v -0.032241 0.035528 -0.057263
v -0.034299 0.035150 -0.055923
v -0.036271 0.034749 -0.054505
v -0.036327 0.039988 -0.058015
v -0.036458 0.050490 -0.064186
v -0.036391 0.045361 -0.061316
v -0.034349 0.040435 -0.059408
v -0.036531 0.055734 -0.066839
v -0.036610 0.061092 -0.069254
v -0.036695 0.066561 -0.071405
v -0.034605 0.061663 -0.070622
v -0.034683 0.067160 -0.072767
v -0.032518 0.062204 -0.071913
v -0.032589 0.067728 -0.074052
v -0.030352 0.062714 -0.073122
v -0.030417 0.068263 -0.075256
v -0.027539 0.063307 -0.074515
v -0.027597 0.068886 -0.076641
v -0.024618 0.063847 -0.075771
v -0.024669 0.069453 -0.077890
v -0.021597 0.064330 -0.076883
v -0.021642 0.069962 -0.078996
v -0.018487 0.064754 -0.077848
v -0.018525 0.070408 -0.079955
v -0.015299 0.065115 -0.078661
v -0.015331 0.070788 -0.080763
v -0.012045 0.065410 -0.079319
v -0.012070 0.071098 -0.081417
v -0.008739 0.065636 -0.079819
v -0.008758 0.071336 -0.081914
v -0.005395 0.065790 -0.080159
v -0.005406 0.071499 -0.082252
v -0.002026 0.065872 -0.080337
v -0.002031 0.071585 -0.082429
v 0.001351 0.065879 -0.080354
v 0.001354 0.071592 -0.082445
v 0.004722 0.065812 -0.080208
v 0.004732 0.071522 -0.082300
v 0.008073 0.065673 -0.079900
v 0.008090 0.071375 -0.081994
v 0.011388 0.065461 -0.079432
v 0.011412 0.071152 -0.081529
v 0.014653 0.065180 -0.078805
v 0.014683 0.070856 -0.080906
v 0.017855 0.064831 -0.078023
v 0.017892 0.070489 -0.080129
v 0.020972 0.064421 -0.077092
v 0.021015 0.070058 -0.079203
v 0.025799 0.063637 -0.075285
v 0.025853 0.069233 -0.077407
v 0.030352 0.062714 -0.073122
v 0.030417 0.068263 -0.075256
v 0.034605 0.061663 -0.070622
v 0.034683 0.067160 -0.072767
v 0.036610 0.061092 -0.069254
v 0.036695 0.066561 -0.071405
v 0.036786 0.072139 -0.073255
v 0.036882 0.077819 -0.074758
v 0.036984 0.083591 -0.075849
v 0.037091 0.089434 -0.076440
v 0.037172 0.093704 -0.076495
v 0.037254 0.097962 -0.076177
v 0.037321 0.101383 -0.075608
v 0.037388 0.104739 -0.074730
v 0.035321 0.105482 -0.075756
v 0.035382 0.108725 -0.074496
v 0.031007 0.110088 -0.076277
v 0.031057 0.113160 -0.074591
v 0.026384 0.114350 -0.076056
v 0.026423 0.117204 -0.073980
v 0.021475 0.118206 -0.075147
v 0.021504 0.120814 -0.072734
v 0.018303 0.121333 -0.073312
v 0.018326 0.123687 -0.070634
v 0.015038 0.124124 -0.071102
v 0.015054 0.126224 -0.068207
v 0.011699 0.126574 -0.068571
v 0.011710 0.128430 -0.065504
v 0.008301 0.128693 -0.065769
v 0.008307 0.130318 -0.062568
v 0.004859 0.130493 -0.062738
v 0.004863 0.131905 -0.059434
v 0.001391 0.131989 -0.059513
v 0.001392 0.133205 -0.056130
v -0.002088 0.133195 -0.056121
v -0.002089 0.135098 -0.049189
v -0.005562 0.134990 -0.049098
v -0.005565 0.136281 -0.042030
v -0.009015 0.136065 -0.041861
v -0.009016 0.136794 -0.035277
v -0.012427 0.136458 -0.035037
v -0.012425 0.136801 -0.028432
v -0.015782 0.136334 -0.028130
v -0.015775 0.136334 -0.021531
v -0.019066 0.135725 -0.021176
v -0.019051 0.135418 -0.014602
v -0.022262 0.134655 -0.014205
v -0.022210 0.133480 -0.002605
v -0.025325 0.132507 -0.002200
v -0.025202 0.130155 0.012128
v -0.028204 0.128918 0.012501
v -0.028000 0.125855 0.026635
v -0.030873 0.124330 0.026948
v -0.030647 0.121546 0.038128
v -0.032842 0.120125 0.038331
v -0.032516 0.116591 0.052146
v -0.034604 0.114969 0.052277
v -0.036608 0.113251 0.052416
v -0.036992 0.117008 0.038776
v -0.037279 0.120123 0.027818
v -0.037569 0.123806 0.014062
v -0.037766 0.126948 0.000173
v -0.037860 0.128851 -0.011060
v -0.037892 0.129600 -0.017426
v -0.037910 0.130060 -0.023820
v -0.037916 0.130173 -0.030229
v -0.037909 0.129865 -0.036632
v -0.037889 0.128956 -0.043516
v -0.037853 0.127320 -0.050264
v -0.037829 0.126183 -0.053545
v -0.037801 0.124810 -0.056734
v -0.037767 0.123183 -0.059802
v -0.037728 0.121291 -0.062713
v -0.037683 0.119128 -0.065427
v -0.037633 0.116695 -0.067902
v -0.037577 0.114008 -0.070097
v -0.037517 0.111094 -0.071977
v -0.037454 0.107990 -0.073523
v -0.037388 0.104739 -0.074730
v -0.037321 0.101383 -0.075608
v -0.037254 0.097962 -0.076177
v -0.035197 0.098704 -0.077308
v -0.035121 0.094436 -0.077683
v -0.032992 0.095130 -0.078804
v -0.032923 0.090829 -0.078844
v -0.030723 0.091470 -0.079937
v -0.030640 0.085549 -0.079494
v -0.027796 0.086267 -0.080804
v -0.027726 0.080377 -0.079855
v -0.024783 0.081002 -0.081069
v -0.024724 0.075174 -0.079677
v -0.021690 0.075708 -0.080772
v -0.036786 0.072139 -0.073255
v -0.034766 0.072767 -0.074605
v -0.032665 0.073362 -0.075878
v -0.030487 0.073924 -0.077070
v -0.027659 0.074578 -0.078442
v -0.036882 0.077819 -0.074758
v -0.034855 0.078477 -0.076085
v -0.032747 0.079101 -0.077336
v -0.030561 0.079691 -0.078507
v -0.036984 0.083591 -0.075849
v -0.034948 0.084280 -0.077139
v -0.032833 0.084933 -0.078355
v -0.037091 0.089434 -0.076441
v -0.035047 0.090150 -0.077678
v -0.037172 0.093704 -0.076495
v -0.030347 0.118111 0.052023
v -0.027799 0.123187 0.037894
v -0.025021 0.127236 0.026352
v -0.022102 0.131259 0.011798
v -0.019006 0.134332 -0.002956
v -0.015762 0.136068 -0.014937
v -0.012419 0.136832 -0.021818
v -0.009014 0.137159 -0.028661
v -0.005565 0.137024 -0.035439
v -0.002090 0.136396 -0.042119
v 0.001393 0.135108 -0.049198
v 0.004865 0.133119 -0.056052
v 0.008313 0.131729 -0.059267
v 0.011719 0.130054 -0.062310
v 0.015068 0.128080 -0.065151
v 0.018345 0.125791 -0.067755
v 0.021530 0.123175 -0.070077
v 0.026459 0.119829 -0.071616
v 0.031104 0.116035 -0.072584
v 0.035441 0.111818 -0.072900
v 0.037454 0.107990 -0.073523
v -0.027530 0.119865 0.051880
v -0.024842 0.124670 0.037683
v -0.021943 0.128465 0.026101
v -0.018913 0.132223 0.011512
v -0.015725 0.135056 -0.003252
v -0.012408 0.136599 -0.015209
v -0.009009 0.137214 -0.022036
v -0.005564 0.137403 -0.028817
v -0.002090 0.137146 -0.035525
v 0.001394 0.136407 -0.042127
v 0.004869 0.135019 -0.049123
v 0.008317 0.132941 -0.055889
v 0.011727 0.131463 -0.059014
v 0.015080 0.129705 -0.061964
v 0.018362 0.127650 -0.064710
v 0.021554 0.125285 -0.067215
v 0.026492 0.122205 -0.069001
v 0.031148 0.118681 -0.070281
v 0.035496 0.114718 -0.070975
v 0.037517 0.111094 -0.071977
v -0.024492 0.119927 0.058809
v -0.024603 0.121447 0.051751
v -0.018382 0.122605 0.058655
v -0.021481 0.121361 0.058727
v -0.021578 0.122852 0.051637
v -0.021787 0.125989 0.037496
v -0.015208 0.123655 0.058595
v -0.011970 0.124505 0.058546
v -0.008683 0.125152 0.058509
v -0.008723 0.126574 0.051335
v -0.005384 0.127006 0.051300
v -0.005436 0.129899 0.036945
v -0.002042 0.130114 0.036915
v -0.002057 0.132321 0.025323
v 0.001371 0.132340 0.025319
v 0.001381 0.134756 0.010769
v 0.004828 0.134607 0.010812
v 0.004852 0.136448 -0.003814
v 0.008295 0.136169 -0.003702
v 0.008315 0.137070 -0.015448
v 0.011731 0.136690 -0.015255
v 0.011740 0.136918 -0.021867
v 0.015108 0.136443 -0.021594
v 0.015116 0.136436 -0.028196
v 0.018422 0.135885 -0.027837
v 0.018425 0.135600 -0.034417
v 0.021651 0.134993 -0.033970
v 0.021648 0.134370 -0.040507
v 0.026638 0.133291 -0.039612
v 0.026625 0.132169 -0.046596
v 0.031349 0.130988 -0.045489
v 0.031321 0.129259 -0.052299
v 0.035753 0.127996 -0.050982
v 0.035730 0.126850 -0.054275
v 0.037829 0.126183 -0.053545
v 0.037801 0.124810 -0.056734
v -0.005359 0.125592 0.058484
v -0.002022 0.127233 0.051281
v 0.001361 0.130133 0.036912
v 0.004793 0.132175 0.025352
v 0.008254 0.134294 0.010903
v 0.011703 0.135747 -0.003532
v 0.015096 0.136184 -0.014997
v 0.018413 0.135855 -0.021252
v 0.021648 0.135237 -0.027409
v 0.026642 0.133842 -0.033107
v 0.031365 0.132033 -0.038542
v 0.035785 0.129665 -0.044213
v 0.037853 0.127320 -0.050264
v -0.002013 0.125824 0.058471
v 0.001342 0.125845 0.058470
v 0.004691 0.125655 0.058481
v 0.008020 0.125257 0.058503
v 0.008057 0.126676 0.051327
v 0.011368 0.126081 0.051375
v 0.011478 0.129027 0.037067
v 0.014773 0.128277 0.037173
v 0.014879 0.130602 0.025668
v 0.018135 0.129730 0.025845
v 0.018266 0.132398 0.011460
v 0.021468 0.131464 0.011737
v 0.021572 0.133661 -0.002680
v 0.026544 0.132085 -0.002023
v 0.026606 0.133409 -0.013546
v 0.031328 0.131750 -0.012654
v 0.031353 0.132296 -0.019113
v 0.035789 0.130545 -0.018022
v 0.035806 0.130937 -0.024445
v 0.037910 0.130060 -0.023819
v 0.037916 0.130173 -0.030229
v 0.011316 0.124651 0.058538
v 0.014631 0.125286 0.051439
v 0.018006 0.127344 0.037305
v 0.021315 0.128692 0.026055
v 0.026415 0.129676 0.012273
v 0.031255 0.130222 -0.001236
v 0.035760 0.129868 -0.011624
v 0.037892 0.129600 -0.017426
v 0.014565 0.123841 0.058585
v 0.017753 0.122830 0.058643
v 0.020868 0.121625 0.058712
v 0.025670 0.119303 0.058844
v 0.025786 0.120835 0.051801
v 0.030347 0.118111 0.052023
v 0.030648 0.121546 0.038128
v 0.034958 0.118611 0.038547
v 0.035224 0.121607 0.027510
v 0.037279 0.120123 0.027818
v 0.037569 0.123806 0.014062
v 0.034604 0.114969 0.052277
v 0.036992 0.117008 0.038776
v 0.036608 0.113251 0.052416
v 0.037766 0.126948 0.000173
v 0.037860 0.128851 -0.011060
v 0.037909 0.129865 -0.036632
v 0.037889 0.128956 -0.043516
v 0.037767 0.123183 -0.059802
v 0.037728 0.121291 -0.062713
v 0.037683 0.119128 -0.065427
v 0.037633 0.116695 -0.067902
v 0.037577 0.114008 -0.070097
v 0.036531 0.055734 -0.066839
v 0.036458 0.050490 -0.064186
v 0.036391 0.045361 -0.061316
v 0.036327 0.039988 -0.058015
v 0.034349 0.040435 -0.059408
v 0.030140 0.041254 -0.061959
v 0.025624 0.041969 -0.064170
v 0.020829 0.042572 -0.066021
v 0.017734 0.042887 -0.066976
v 0.014553 0.043153 -0.067779
v 0.011310 0.043368 -0.068423
v 0.008017 0.043529 -0.068904
v 0.004690 0.043636 -0.069220
v 0.001342 0.043686 -0.069370
v -0.002012 0.043681 -0.069353
v -0.005357 0.043619 -0.069170
v -0.008679 0.043501 -0.068820
v -0.011963 0.043329 -0.068307
v -0.015195 0.043104 -0.067631
v -0.018362 0.042828 -0.066796
v -0.021452 0.042502 -0.065807
v -0.024452 0.042130 -0.064667
v -0.027351 0.041713 -0.063382
v -0.030140 0.041254 -0.061959
v -0.032285 0.040857 -0.060724
v 0.034406 0.045846 -0.062695
v 0.030187 0.046736 -0.065219
v 0.025663 0.047515 -0.067407
v 0.020861 0.048173 -0.069236
v 0.017761 0.048517 -0.070180
v 0.014576 0.048808 -0.070974
v 0.011327 0.049042 -0.071610
v 0.008030 0.049219 -0.072085
v 0.004697 0.049335 -0.072397
v 0.001344 0.049391 -0.072546
v -0.002015 0.049385 -0.072529
v -0.005366 0.049317 -0.072348
v -0.008693 0.049188 -0.072003
v -0.011981 0.049000 -0.071495
v -0.015218 0.048754 -0.070827
v -0.018390 0.048452 -0.070003
v -0.021484 0.048097 -0.069025
v -0.024489 0.047691 -0.067898
v -0.027393 0.047236 -0.066627
v -0.030187 0.046736 -0.065219
v -0.032337 0.046305 -0.063997
v -0.034406 0.045846 -0.062695
v 0.034466 0.051005 -0.065559
v 0.030237 0.051953 -0.068071
v 0.025704 0.052783 -0.070247
v 0.020894 0.053486 -0.072065
v 0.017790 0.053853 -0.073003
v 0.014599 0.054164 -0.073792
v 0.011346 0.054415 -0.074424
v 0.008043 0.054604 -0.074896
v 0.004705 0.054729 -0.075206
v 0.001346 0.054789 -0.075354
v -0.002019 0.054782 -0.075337
v -0.005375 0.054709 -0.075157
v -0.008707 0.054572 -0.074814
v -0.012001 0.054370 -0.074310
v -0.015243 0.054107 -0.073647
v -0.018419 0.053784 -0.072827
v -0.021518 0.053404 -0.071855
v -0.024528 0.052971 -0.070735
v -0.027437 0.052486 -0.069472
v -0.030237 0.051953 -0.068071
v -0.032392 0.051493 -0.066855
v -0.034466 0.051005 -0.065559
v 0.034533 0.056278 -0.068210
v 0.030292 0.057278 -0.070715
v 0.025749 0.058155 -0.072885
v 0.020931 0.058899 -0.074697
v 0.017821 0.059288 -0.075632
v 0.014625 0.059618 -0.076417
v 0.011366 0.059885 -0.077046
v 0.008057 0.060085 -0.077516
v 0.004713 0.060218 -0.077825
v 0.001348 0.060281 -0.077972
v -0.002022 0.060274 -0.077956
v -0.005384 0.060197 -0.077776
v -0.008722 0.060050 -0.077435
v -0.012022 0.059837 -0.076933
v -0.015270 0.059557 -0.076272
v -0.018452 0.059215 -0.075456
v -0.021556 0.058813 -0.074488
v -0.024571 0.058354 -0.073371
v -0.027486 0.057841 -0.072112
v -0.030292 0.057278 -0.070715
v -0.032452 0.056793 -0.069503
v -0.034533 0.056278 -0.068210
v 0.034766 0.072767 -0.074605
v 0.030487 0.073924 -0.077070
v 0.025911 0.074942 -0.079200
v 0.021062 0.075809 -0.080977
v 0.017932 0.076262 -0.081893
v 0.014716 0.076648 -0.082662
v 0.011437 0.076959 -0.083277
v 0.008108 0.077194 -0.083737
v 0.004743 0.077349 -0.084040
v 0.001357 0.077423 -0.084183
v -0.002035 0.077414 -0.084167
v -0.005418 0.077324 -0.083992
v -0.008777 0.077153 -0.083658
v -0.012097 0.076903 -0.083167
v -0.015364 0.076576 -0.082520
v -0.018566 0.076177 -0.081721
v 0.034855 0.078477 -0.076085
v 0.030561 0.079691 -0.078507
v 0.025972 0.080759 -0.080599
v 0.021112 0.081668 -0.082345
v 0.017974 0.082145 -0.083244
v 0.014750 0.082549 -0.083999
v 0.011464 0.082876 -0.084604
v 0.008127 0.083123 -0.085055
v 0.004754 0.083285 -0.085352
v 0.001360 0.083363 -0.085493
v -0.002040 0.083354 -0.085477
v -0.005431 0.083260 -0.085305
v -0.008798 0.083080 -0.084977
v -0.012126 0.082817 -0.084495
v -0.015401 0.082474 -0.083860
v -0.018610 0.082055 -0.083075
v -0.021741 0.081563 -0.082144
v 0.034948 0.084280 -0.077139
v 0.030640 0.085549 -0.079494
v 0.026038 0.086667 -0.081528
v 0.021165 0.087619 -0.083225
v 0.018018 0.088118 -0.084099
v 0.014787 0.088541 -0.084833
v 0.011492 0.088884 -0.085421
v 0.008147 0.089142 -0.085859
v 0.004766 0.089312 -0.086148
v 0.001363 0.089394 -0.086285
v -0.002045 0.089385 -0.086269
v -0.005444 0.089285 -0.086102
v -0.008819 0.089097 -0.085784
v -0.012156 0.088822 -0.085315
v -0.015439 0.088463 -0.084698
v -0.018656 0.088024 -0.083935
v -0.021795 0.087508 -0.083029
v -0.024845 0.086921 -0.081984
v 0.035047 0.090150 -0.077678
v 0.030723 0.091470 -0.079937
v 0.026107 0.092634 -0.081888
v 0.021221 0.093624 -0.083516
v 0.018065 0.094144 -0.084355
v 0.014825 0.094585 -0.085059
v 0.011522 0.094942 -0.085623
v 0.008168 0.095210 -0.086044
v 0.004778 0.095388 -0.086321
v 0.001367 0.095473 -0.086453
v -0.002050 0.095463 -0.086438
v -0.005458 0.095360 -0.086277
v -0.008842 0.095164 -0.085972
v -0.012187 0.094877 -0.085522
v -0.015479 0.094503 -0.084930
v -0.018705 0.094046 -0.084198
v -0.021852 0.093509 -0.083329
v -0.024911 0.092898 -0.082326
v -0.027870 0.092217 -0.081194
v 0.035121 0.094436 -0.077683
v 0.030786 0.095787 -0.079853
v 0.026159 0.096977 -0.081728
v 0.021263 0.097991 -0.083293
v 0.018101 0.098523 -0.084099
v 0.014854 0.098974 -0.084776
v 0.011544 0.099340 -0.085318
v 0.008184 0.099615 -0.085723
v 0.004787 0.099797 -0.085989
v 0.001370 0.099883 -0.086116
v -0.002054 0.099874 -0.086102
v -0.005469 0.099768 -0.085947
v -0.008859 0.099567 -0.085653
v -0.012211 0.099274 -0.085221
v -0.015509 0.098891 -0.084652
v -0.018741 0.098423 -0.083948
v -0.021895 0.097873 -0.083113
v -0.024960 0.097248 -0.082149
v -0.027926 0.096551 -0.081061
v -0.030786 0.095787 -0.079853
v 0.035197 0.098704 -0.077308
v 0.030850 0.100075 -0.079374
v 0.026212 0.101284 -0.081160
v 0.021305 0.102314 -0.082651
v 0.018137 0.102855 -0.083420
v 0.014884 0.103314 -0.084065
v 0.011567 0.103686 -0.084582
v 0.008200 0.103965 -0.084968
v 0.004797 0.104150 -0.085222
v 0.001372 0.104239 -0.085343
v -0.002058 0.104229 -0.085329
v -0.005480 0.104121 -0.085182
v -0.008877 0.103917 -0.084902
v -0.012235 0.103619 -0.084489
v -0.015540 0.103229 -0.083946
v -0.018779 0.102753 -0.083276
v -0.021939 0.102195 -0.082479
v -0.025011 0.101559 -0.081561
v -0.027984 0.100851 -0.080524
v -0.030850 0.100075 -0.079374
v -0.033062 0.099409 -0.078375
v 0.035259 0.102129 -0.076687
v 0.030903 0.103507 -0.078660
v 0.026256 0.104723 -0.080368
v 0.021341 0.105760 -0.081793
v 0.018166 0.106304 -0.082528
v 0.014908 0.106766 -0.083145
v 0.011586 0.107141 -0.083640
v 0.008213 0.107422 -0.084009
v 0.004805 0.107609 -0.084252
v 0.001375 0.107698 -0.084367
v -0.002062 0.107688 -0.084354
v -0.005489 0.107579 -0.084214
v -0.008891 0.107374 -0.083945
v -0.012255 0.107073 -0.083551
v -0.015565 0.106681 -0.083032
v -0.018809 0.106201 -0.082390
v -0.021975 0.105639 -0.081629
v -0.025052 0.104999 -0.080751
v -0.028031 0.104287 -0.079760
v -0.030903 0.103507 -0.078661
v -0.033119 0.102837 -0.077706
v -0.035259 0.102129 -0.076687
v 0.035548 0.117390 -0.068742
v 0.035595 0.119808 -0.066235
v 0.035636 0.121962 -0.063495
v 0.035672 0.123847 -0.060563
v 0.035704 0.125473 -0.057479
v 0.035804 0.130622 -0.037306
v 0.035811 0.130985 -0.030881
v 0.035674 0.128099 -0.000325
v 0.035492 0.125126 0.013656
v 0.030956 0.106857 -0.077633
v 0.026342 0.111294 -0.077820
v 0.021443 0.115367 -0.077281
v 0.018279 0.118734 -0.075750
v 0.015020 0.121776 -0.073797
v 0.011687 0.124478 -0.071477
v 0.008293 0.126839 -0.068842
v 0.004856 0.128868 -0.065942
v 0.001390 0.130577 -0.062819
v -0.002086 0.131980 -0.059504
v -0.005558 0.133091 -0.056026
v -0.009011 0.134785 -0.048923
v -0.012426 0.135748 -0.041613
v -0.015785 0.136020 -0.034722
v -0.019075 0.135763 -0.027757
v -0.022279 0.135010 -0.020755
v -0.025384 0.133785 -0.013746
v -0.028343 0.131418 -0.001743
v -0.031100 0.127554 0.012914
v -0.033087 0.123011 0.027220
v -0.034958 0.118611 0.038547
v 0.031188 0.121076 -0.067716
v 0.031223 0.123211 -0.064929
v 0.031254 0.125087 -0.061959
v 0.031280 0.126710 -0.058843
v 0.031303 0.128096 -0.055614
v 0.031371 0.132498 -0.032074
v 0.031366 0.132564 -0.025590
v 0.031100 0.127554 0.012914
v 0.030873 0.124330 0.026948
v 0.026299 0.108072 -0.079258
v 0.021376 0.109108 -0.080614
v 0.018196 0.109653 -0.081315
v 0.014932 0.110116 -0.081903
v 0.011605 0.110491 -0.082374
v 0.008227 0.110773 -0.082726
v 0.004812 0.110959 -0.082958
v 0.001377 0.111049 -0.083068
v -0.002065 0.111039 -0.083055
v -0.005497 0.110930 -0.082921
v -0.008906 0.110724 -0.082665
v -0.012275 0.110423 -0.082289
v -0.015590 0.110030 -0.081795
v -0.018840 0.109550 -0.081183
v -0.022011 0.108988 -0.080458
v -0.025094 0.108348 -0.079622
v -0.028078 0.107636 -0.078679
v -0.030956 0.106857 -0.077633
v -0.033176 0.106188 -0.076725
v -0.035321 0.105482 -0.075756
v 0.026521 0.124326 -0.066174
v 0.026546 0.126193 -0.063171
v 0.026568 0.127817 -0.060028
v 0.026587 0.129210 -0.056776
v 0.026602 0.130388 -0.053441
v 0.026639 0.134006 -0.026582
v 0.026627 0.133844 -0.020057
v 0.026225 0.126701 0.026461
v 0.026037 0.124096 0.037765
v 0.021410 0.112323 -0.079109
v 0.018253 0.115903 -0.077914
v 0.015000 0.119183 -0.076257
v 0.011673 0.122135 -0.074187
v 0.008285 0.124745 -0.071757
v 0.004851 0.127014 -0.069021
v 0.001389 0.128951 -0.066025
v -0.002085 0.130567 -0.062810
v -0.005555 0.131877 -0.059407
v -0.009004 0.132894 -0.055846
v -0.012421 0.134485 -0.048666
v -0.015784 0.135336 -0.041286
v -0.019078 0.135485 -0.034333
v -0.022289 0.135095 -0.027315
v -0.025404 0.134196 -0.020269
v -0.028409 0.132814 -0.013229
v -0.031255 0.130222 -0.001236
v -0.033334 0.126377 0.013273
v -0.035224 0.121607 0.027510
v 0.021574 0.127146 -0.064185
v 0.021592 0.128770 -0.061020
v 0.021607 0.130169 -0.057749
v 0.021619 0.131360 -0.054397
v 0.021638 0.133185 -0.047521
v 0.021639 0.135162 -0.020845
v 0.021622 0.134818 -0.014290
v 0.021164 0.126232 0.037462
v 0.020962 0.123111 0.051616
v 0.018225 0.112865 -0.079775
v 0.014955 0.113325 -0.080334
v 0.011623 0.113698 -0.080782
v 0.008240 0.113979 -0.081117
v 0.004820 0.114165 -0.081337
v 0.001379 0.114254 -0.081441
v -0.002068 0.114244 -0.081430
v -0.005506 0.114135 -0.081302
v -0.008920 0.113930 -0.081059
v -0.012294 0.113631 -0.080702
v -0.015615 0.113240 -0.080231
v -0.018870 0.112763 -0.079650
v -0.022047 0.112204 -0.078961
v -0.025134 0.111568 -0.078166
v -0.028124 0.110861 -0.077271
v -0.031007 0.110088 -0.076277
v -0.033232 0.109426 -0.075415
v -0.035382 0.108725 -0.074496
v 0.014978 0.116358 -0.078446
v 0.011657 0.119547 -0.076663
v 0.008275 0.122405 -0.074477
v 0.004846 0.124922 -0.071941
v 0.001388 0.127098 -0.069105
v -0.002083 0.128942 -0.066016
v -0.005551 0.130465 -0.062711
v -0.008999 0.131683 -0.059223
v -0.012411 0.132607 -0.055580
v -0.015777 0.134096 -0.048327
v -0.019076 0.134833 -0.040883
v -0.022293 0.134859 -0.033871
v -0.025415 0.134334 -0.026804
v -0.028431 0.133289 -0.019721
v -0.031328 0.131750 -0.012654
v -0.033502 0.129191 -0.000795
v -0.035492 0.125126 0.013656
v 0.018377 0.129274 -0.061533
v 0.018389 0.130677 -0.058252
v 0.015090 0.131111 -0.058675
v 0.018400 0.131875 -0.054892
v 0.015098 0.132315 -0.055307
v 0.011733 0.132671 -0.055640
v 0.018415 0.133723 -0.048000
v 0.015110 0.134181 -0.048402
v 0.011742 0.134553 -0.048724
v 0.008324 0.134833 -0.048964
v 0.018423 0.134940 -0.040969
v 0.015117 0.135426 -0.041358
v 0.011747 0.135819 -0.041669
v 0.008327 0.136116 -0.041901
v 0.004871 0.136313 -0.042054
v 0.015118 0.136116 -0.034791
v 0.011746 0.136881 -0.028484
v 0.008322 0.137275 -0.022072
v 0.004864 0.137322 -0.015575
v 0.001388 0.136581 -0.003867
v -0.002072 0.134740 0.010774
v -0.005476 0.132120 0.025363
v -0.008808 0.129491 0.037002
v -0.012025 0.125938 0.051386
v 0.018399 0.135558 -0.014674
v 0.018356 0.134487 -0.003019
v 0.015060 0.135184 -0.003304
v 0.014987 0.133185 0.011228
v 0.011561 0.131304 0.025527
v 0.008136 0.129588 0.036988
v 0.004713 0.127068 0.051295
v 0.017833 0.124294 0.051520
v 0.011641 0.116727 -0.078872
v 0.008252 0.117005 -0.079190
v 0.004827 0.117189 -0.079400
v 0.001381 0.117277 -0.079499
v -0.002071 0.117268 -0.079488
v -0.005514 0.117160 -0.079366
v -0.008933 0.116957 -0.079135
v -0.012313 0.116661 -0.078795
v -0.015639 0.116274 -0.078348
v -0.018899 0.115802 -0.077795
v -0.022081 0.115249 -0.077140
v -0.025174 0.114621 -0.076385
v -0.028168 0.113923 -0.075534
v -0.031057 0.113160 -0.074591
v -0.033287 0.112507 -0.073773
v -0.035441 0.111818 -0.072900
v 0.011749 0.136534 -0.035091
v 0.008328 0.136849 -0.035315
v 0.004871 0.137057 -0.035463
v 0.001394 0.137157 -0.035533
v 0.011645 0.133819 0.011042
v 0.008264 0.119821 -0.076967
v 0.004840 0.122584 -0.074669
v 0.001386 0.125007 -0.072029
v -0.002082 0.127089 -0.069096
v -0.005547 0.128840 -0.065915
v -0.008993 0.130272 -0.062523
v -0.012404 0.131399 -0.058953
v -0.015764 0.132233 -0.055230
v -0.019067 0.133621 -0.047910
v -0.022290 0.134245 -0.040404
v -0.025419 0.134149 -0.033339
v -0.028444 0.133488 -0.026229
v -0.031352 0.132296 -0.019113
v -0.033582 0.130835 -0.012156
v -0.035674 0.128099 -0.000325
v 0.004834 0.120003 -0.077167
v 0.001383 0.120090 -0.077262
v -0.002074 0.120080 -0.077251
v -0.005522 0.119974 -0.077135
v -0.008946 0.119774 -0.076915
v -0.012330 0.119481 -0.076590
v -0.015661 0.119100 -0.076164
v -0.018926 0.118634 -0.075637
v -0.022113 0.118089 -0.075013
v -0.025211 0.117471 -0.074293
v -0.028210 0.116785 -0.073482
v -0.031104 0.116035 -0.072584
v -0.033338 0.115394 -0.071805
v -0.035496 0.114718 -0.070975
v 0.008326 0.137217 -0.028699
v 0.004868 0.137512 -0.022206
v 0.001391 0.137442 -0.015635
v -0.002082 0.136566 -0.003861
v -0.005516 0.134557 0.010826
v -0.008871 0.131738 0.025440
v -0.012142 0.128892 0.037086
v -0.015277 0.125103 0.051454
v 0.004870 0.137439 -0.028840
v 0.001393 0.137545 -0.028907
v -0.002090 0.137533 -0.028899
v 0.008195 0.131829 0.025422
v 0.004759 0.129957 0.036936
v 0.001348 0.127254 0.051280
v 0.001385 0.122670 -0.074760
v -0.002079 0.124997 -0.072019
v -0.005542 0.126987 -0.068992
v -0.008986 0.128647 -0.065723
v -0.012396 0.129991 -0.062247
v -0.015755 0.131030 -0.058597
v -0.019051 0.131778 -0.054799
v -0.022279 0.133067 -0.047415
v -0.025415 0.133578 -0.039853
v -0.028447 0.133359 -0.032739
v -0.031366 0.132564 -0.025590
v -0.033609 0.131445 -0.018585
v -0.035760 0.129868 -0.011624
v 0.001393 0.137625 -0.022270
v -0.002087 0.137428 -0.015628
v -0.005543 0.136404 -0.003796
v -0.008936 0.134211 0.010927
v -0.012229 0.131177 0.025553
v -0.015425 0.128105 0.037197
v -0.018465 0.124073 0.051538
v -0.002089 0.137612 -0.022263
v -0.005561 0.137474 -0.022185
v -0.002077 0.122661 -0.074749
v -0.005529 0.122556 -0.074638
v -0.008958 0.122358 -0.074427
v -0.012347 0.122070 -0.074116
v -0.015682 0.121694 -0.073708
v -0.018952 0.121235 -0.073203
v -0.022143 0.120699 -0.072605
v -0.025245 0.120091 -0.071917
v -0.028249 0.119416 -0.071140
v -0.031148 0.118681 -0.070281
v -0.033386 0.118052 -0.069536
v -0.035548 0.117390 -0.068742
v -0.005536 0.124894 -0.071912
v -0.008978 0.126793 -0.068795
v -0.012386 0.128366 -0.065441
v -0.015745 0.129625 -0.061885
v -0.019041 0.130581 -0.058158
v -0.022261 0.131247 -0.054287
v -0.025403 0.132439 -0.046844
v -0.028443 0.132839 -0.039231
v -0.031371 0.132498 -0.032074
v -0.033624 0.131772 -0.025036
v -0.035789 0.130545 -0.018023
v -0.005556 0.137282 -0.015555
v -0.008980 0.136096 -0.003673
v -0.012318 0.133704 0.011076
v -0.015536 0.130441 0.025701
v -0.018644 0.127135 0.037334
v -0.008968 0.124699 -0.071708
v -0.012361 0.124414 -0.071409
v -0.015701 0.124043 -0.071015
v -0.018974 0.123590 -0.070530
v -0.022170 0.123062 -0.069954
v -0.025276 0.122463 -0.069290
v -0.028285 0.121799 -0.068543
v -0.031188 0.121076 -0.067716
v -0.033429 0.120458 -0.066999
v -0.035595 0.119808 -0.066235
v -0.009002 0.137004 -0.015415
v -0.012379 0.135646 -0.003491
v -0.012374 0.126511 -0.068505
v -0.015718 0.126143 -0.068124
v -0.018995 0.125696 -0.067653
v -0.022194 0.125173 -0.067096
v -0.025304 0.124581 -0.066453
v -0.028316 0.123925 -0.065730
v -0.031223 0.123211 -0.064929
v -0.033467 0.122602 -0.064234
v -0.035636 0.121962 -0.063495
v -0.015732 0.128001 -0.065070
v -0.019028 0.129179 -0.061437
v -0.022248 0.130058 -0.057637
v -0.025381 0.130646 -0.053698
v -0.028429 0.131744 -0.046201
v -0.031365 0.132034 -0.038542
v -0.033628 0.131761 -0.031496
v -0.035806 0.130937 -0.024445
v -0.015648 0.133040 0.011271
v -0.018778 0.129535 0.025884
v -0.019013 0.127555 -0.064611
v -0.022215 0.127035 -0.064069
v -0.025328 0.126447 -0.063443
v -0.028344 0.125795 -0.062739
v -0.031254 0.125087 -0.061959
v -0.033500 0.124482 -0.061283
v -0.035672 0.123847 -0.060563
v -0.022233 0.128659 -0.060906
v -0.025366 0.129465 -0.057038
v -0.028404 0.129981 -0.053034
v -0.031349 0.130988 -0.045489
v -0.033622 0.131346 -0.037944
v -0.035811 0.130985 -0.030881
v -0.025349 0.128070 -0.060295
v -0.028367 0.127419 -0.059606
v -0.031280 0.126710 -0.058843
v -0.033529 0.126107 -0.058182
v -0.035704 0.125473 -0.057479
v -0.028387 0.128809 -0.056362
v -0.031303 0.128096 -0.055614
v -0.033554 0.127488 -0.054966
v -0.035730 0.126850 -0.054275
v -0.031321 0.129259 -0.052299
v -0.033605 0.130343 -0.044871
v -0.035804 0.130622 -0.037306
v -0.033574 0.128643 -0.051661
v -0.035753 0.127996 -0.050982
v -0.035785 0.129665 -0.044213
v -0.037711 0.111487 0.047427
v -0.039442 0.110026 0.045849
v -0.042900 0.107176 0.041941
v -0.041396 0.108401 0.043817
v -0.042281 0.107196 0.044145
v -0.040649 0.108477 0.046269
v -0.045218 0.104823 0.039759
v -0.046017 0.103510 0.040140
v -0.047529 0.102649 0.036196
v -0.047033 0.102840 0.037766
v -0.048762 0.100717 0.035813
v -0.051472 0.097868 0.030126
v -0.054806 0.092885 0.023791
v -0.055453 0.091532 0.022951
v -0.057657 0.087817 0.017335
v -0.058534 0.085571 0.016058
v -0.059522 0.083931 0.012747
v -0.059831 0.082088 0.013799
v -0.060270 0.082105 0.010990
v -0.061657 0.078129 0.007857
v -0.062262 0.077505 0.004170
v -0.063168 0.073781 0.002305
v -0.063642 0.072818 -0.001519
v -0.063794 0.072219 -0.002584
v -0.064231 0.069552 -0.005992
v -0.064391 0.066854 -0.009436
v -0.064240 0.064186 -0.012843
v -0.063757 0.061529 -0.016234
v -0.063652 0.060919 -0.016657
v -0.063362 0.059050 -0.017362
v -0.062913 0.058856 -0.019647
v -0.061212 0.054514 -0.023758
v -0.061894 0.055393 -0.021791
v -0.061766 0.056275 -0.022942
v -0.060481 0.053497 -0.025544
v -0.058905 0.051075 -0.028592
v -0.058687 0.051261 -0.029355
v -0.054764 0.046476 -0.035484
v -0.052508 0.042546 -0.037142
v -0.052411 0.044117 -0.038505
v -0.049942 0.041964 -0.041263
v -0.049887 0.041920 -0.041319
v -0.047143 0.039851 -0.043970
v -0.044180 0.037910 -0.046455
v -0.043858 0.037128 -0.046273
v -0.040975 0.036075 -0.048804
v -0.037625 0.034350 -0.051012
v -0.037617 0.033877 -0.050671
v -0.037609 0.033406 -0.050329
v -0.060149 0.082692 0.010796
v 0.037609 0.033406 -0.050329
v 0.037617 0.033877 -0.050671
v 0.037625 0.034350 -0.051011
v 0.040997 0.036087 -0.048789
v 0.043859 0.037128 -0.046272
v 0.044209 0.037928 -0.046432
v 0.047171 0.039870 -0.043945
v 0.049897 0.041928 -0.041310
v 0.052510 0.042544 -0.037136
v 0.054677 0.046383 -0.035603
v 0.056757 0.048753 -0.032566
v 0.057925 0.048857 -0.029621
v 0.058626 0.051176 -0.029464
v 0.058907 0.051069 -0.028582
v 0.060483 0.053490 -0.025533
v 0.061896 0.055385 -0.021778
v 0.061751 0.056246 -0.022980
v 0.062162 0.056797 -0.021698
v 0.062887 0.058787 -0.019734
v 0.063363 0.059040 -0.017347
v 0.063654 0.060902 -0.016634
v 0.063723 0.061394 -0.016406
v 0.064243 0.064206 -0.012818
v 0.064391 0.066753 -0.009565
v 0.064390 0.066891 -0.009389
v 0.064238 0.069482 -0.006080
v 0.063827 0.072063 -0.002784
v 0.063643 0.072813 -0.001514
v 0.062266 0.077495 0.004157
v 0.063169 0.073776 0.002310
v 0.062067 0.077871 0.005153
v 0.060211 0.082555 0.010621
v 0.061659 0.078117 0.007864
v 0.057953 0.087259 0.016585
v 0.058320 0.085469 0.017497
v 0.057531 0.087018 0.019485
v 0.057137 0.088776 0.018638
v 0.054854 0.092806 0.023690
v 0.057712 0.087712 0.017202
v 0.054771 0.092943 0.023865
v 0.052263 0.096566 0.029200
v 0.051481 0.097852 0.030105
v 0.048764 0.100713 0.035815
v 0.047575 0.102599 0.036133
v 0.045220 0.104821 0.039759
v 0.042916 0.107161 0.041922
v 0.041397 0.108400 0.043817
v 0.040650 0.108476 0.046269
v 0.039442 0.110025 0.045849
v 0.037711 0.111487 0.047427
v 0.044195 0.037920 -0.046443
v 0.037339 0.111768 0.047750
v 0.035426 0.112588 0.050742
v 0.036806 0.033091 -0.050756
v 0.036809 0.033556 -0.051097
v 0.032485 0.032740 -0.053087
v 0.036812 0.034023 -0.051436
v 0.032062 0.032464 -0.053116
v 0.028044 0.031640 -0.054507
v 0.029285 0.031084 -0.053546
v 0.023512 0.030708 -0.055713
v 0.018890 0.029940 -0.056710
v 0.015336 0.028871 -0.056948
v 0.014183 0.029336 -0.057494
v 0.009434 0.028902 -0.058058
v 0.004683 0.028644 -0.058394
v -0.000065 0.028560 -0.058504
v -0.004808 0.028649 -0.058388
v -0.009547 0.028911 -0.058047
v -0.014283 0.029347 -0.057480
v -0.015336 0.028871 -0.056948
v -0.018970 0.029952 -0.056694
v -0.023568 0.030718 -0.055700
v -0.028077 0.031647 -0.054498
v -0.029285 0.031084 -0.053546
v -0.032495 0.032743 -0.053084
v -0.036811 0.034023 -0.051436
v -0.033200 0.032272 -0.052355
v -0.036808 0.033556 -0.051097
v -0.036806 0.033091 -0.050756
v -0.037310 0.034974 -0.051006
v -0.036578 0.034677 -0.051386
v -0.032280 0.033398 -0.053023
v -0.027882 0.032302 -0.054426
v -0.023392 0.031372 -0.055617
v -0.018814 0.030603 -0.056601
v -0.014146 0.029996 -0.057378
v -0.009431 0.029559 -0.057937
v -0.004712 0.029298 -0.058272
v 0.000011 0.029211 -0.058383
v 0.004737 0.029299 -0.058270
v -0.040646 0.036691 -0.048808
v -0.043812 0.038503 -0.046489
v -0.046763 0.040435 -0.044016
v -0.049489 0.042492 -0.041383
v -0.051993 0.044674 -0.038591
v -0.054280 0.046964 -0.035660
v -0.056342 0.049319 -0.032646
v -0.059847 0.054192 -0.026408
v -0.058196 0.051729 -0.029561
v -0.061269 0.056717 -0.023176
v -0.062426 0.059311 -0.019856
v -0.063259 0.061940 -0.016492
v -0.063742 0.064581 -0.013111
v -0.063891 0.067234 -0.009716
v -0.063734 0.069897 -0.006306
v -0.063294 0.072569 -0.002887
v -0.061766 0.077826 0.003842
v -0.059660 0.082984 0.010444
v -0.057179 0.088078 0.016964
v -0.054342 0.093110 0.023405
v -0.051027 0.098052 0.029730
v -0.047107 0.102791 0.035796
v -0.042505 0.107278 0.041539
v -0.037344 0.111558 0.047017
v 0.009468 0.029562 -0.057933
v 0.014193 0.030001 -0.057371
v 0.018843 0.030607 -0.056595
v 0.023408 0.031375 -0.055613
v 0.027889 0.032304 -0.054424
v 0.032282 0.033399 -0.053022
v 0.036579 0.034677 -0.051386
v 0.037311 0.034974 -0.051006
v 0.040668 0.036703 -0.048793
v 0.043857 0.038531 -0.046453
v 0.046814 0.040471 -0.043970
v 0.049533 0.042528 -0.041338
v 0.052018 0.044698 -0.038560
v 0.054288 0.046973 -0.035649
v 0.056356 0.049337 -0.032622
v 0.058213 0.051752 -0.029531
v 0.059860 0.054214 -0.026380
v 0.061274 0.056725 -0.023166
v 0.062420 0.059295 -0.019877
v 0.063257 0.061931 -0.016502
v 0.063745 0.064603 -0.013083
v 0.063891 0.067261 -0.009680
v 0.063732 0.069907 -0.006293
v 0.063300 0.072543 -0.002920
v 0.061779 0.077788 0.003793
v 0.059661 0.082982 0.010441
v 0.057163 0.088109 0.017003
v 0.054310 0.093163 0.023473
v 0.051008 0.098074 0.029758
v 0.047111 0.102787 0.035791
v 0.042516 0.107268 0.041526
v 0.037344 0.111558 0.047017
v 0.037008 0.111804 0.047332
v -0.037488 0.111288 0.048826
v -0.037223 0.033477 -0.050734
v 0.037223 0.033477 -0.050734
v 0.037488 0.111285 0.048836
v 0.037470 0.111697 0.047484
v 0.037258 0.111841 0.047598
v 0.037386 0.111730 0.047368
v 0.037143 0.111853 0.047452
v 0.037284 0.111725 0.047263
v 0.037496 0.111599 0.047132
v 0.037625 0.111574 0.047276
v 0.040290 0.109424 0.044593
v 0.041155 0.108705 0.043678
v 0.042843 0.107252 0.041827
v 0.045243 0.105027 0.038994
v 0.045148 0.105078 0.038877
v 0.047371 0.102800 0.035969
v 0.047245 0.102815 0.035866
v 0.049283 0.100483 0.032883
v 0.040201 0.109464 0.044477
v 0.040091 0.109465 0.044372
v 0.045027 0.105088 0.038773
v 0.042636 0.107302 0.041606
v 0.040954 0.108749 0.043456
v 0.041065 0.108747 0.043561
v 0.052875 0.095658 0.026710
v 0.051153 0.098095 0.029828
v 0.049415 0.100462 0.032984
v 0.047470 0.102741 0.036086
v 0.056414 0.089815 0.019235
v 0.054465 0.093177 0.023537
v 0.053017 0.095626 0.026810
v 0.051291 0.098069 0.029929
v 0.051395 0.097996 0.030046
v 0.049516 0.100396 0.033101
v 0.058619 0.085559 0.013790
v 0.057325 0.088117 0.017063
v 0.056564 0.089773 0.019332
v 0.054611 0.093141 0.023635
v 0.054718 0.093056 0.023752
v 0.053123 0.095547 0.026926
v 0.060584 0.081261 0.008289
v 0.059828 0.082986 0.010497
v 0.058773 0.085512 0.013885
v 0.057476 0.088073 0.017159
v 0.057585 0.087980 0.017276
v 0.056672 0.089682 0.019449
v 0.062807 0.075163 0.000485
v 0.061950 0.077786 0.003842
v 0.060741 0.081209 0.008382
v 0.059983 0.082936 0.010591
v 0.060093 0.082837 0.010707
v 0.058882 0.085416 0.014002
v 0.063475 0.072532 -0.002882
v 0.063908 0.069890 -0.006264
v 0.064069 0.067236 -0.009660
v 0.063924 0.064569 -0.013072
v 0.063436 0.061888 -0.016503
v 0.062597 0.059242 -0.019889
v 0.061448 0.056665 -0.023187
v 0.060031 0.054146 -0.026410
v 0.058380 0.051679 -0.029568
v 0.056519 0.049259 -0.032666
v 0.058535 0.051551 -0.029554
v 0.056670 0.049125 -0.032658
v 0.058637 0.051390 -0.029486
v 0.056770 0.048962 -0.032595
v 0.054689 0.046585 -0.035639
v 0.052405 0.044297 -0.038570
v 0.049901 0.042113 -0.041367
v 0.047161 0.040042 -0.044020
v 0.047077 0.040217 -0.044063
v 0.044103 0.038266 -0.046561
v 0.043985 0.038425 -0.046534
v 0.040787 0.036592 -0.048879
v 0.054446 0.046889 -0.035699
v 0.052171 0.044609 -0.038618
v 0.049678 0.042433 -0.041403
v 0.046951 0.040371 -0.044043
v 0.038557 0.035429 -0.050369
v 0.037466 0.034805 -0.051117
v 0.038663 0.035264 -0.050404
v 0.037581 0.034577 -0.051119
v 0.038735 0.035080 -0.050370
v 0.040972 0.036247 -0.048877
v 0.044182 0.038087 -0.046522
v 0.060293 0.053866 -0.026318
v 0.061715 0.056396 -0.023083
v 0.062869 0.058988 -0.019771
v 0.063712 0.061650 -0.016371
v 0.064201 0.064347 -0.012924
v 0.064347 0.067030 -0.009498
v 0.064185 0.069697 -0.006089
v 0.063749 0.072351 -0.002696
v 0.063079 0.074993 0.000680
v 0.063637 0.072465 -0.002804
v 0.062968 0.075102 0.000570
v 0.062219 0.077624 0.004044
v 0.062109 0.077729 0.003931
v 0.060851 0.081108 0.008497
v 0.042751 0.107298 0.041711
v 0.064072 0.069816 -0.006191
v 0.064234 0.067154 -0.009596
v 0.064089 0.064479 -0.013017
v 0.063600 0.061789 -0.016457
v 0.062760 0.059134 -0.019852
v 0.061608 0.056548 -0.023160
v 0.060189 0.054023 -0.026390
v 0.054593 0.046751 -0.035698
v 0.052311 0.044466 -0.038624
v 0.049812 0.042285 -0.041416
v 0.040898 0.036429 -0.048912
v 0.035433 0.113017 0.049150
v 0.035356 0.113041 0.049036
v 0.035265 0.113030 0.048930
v 0.037211 0.034337 -0.051324
v 0.037150 0.034524 -0.051352
v 0.037057 0.034695 -0.051308
v 0.036693 0.034492 -0.051518
v 0.036778 0.034254 -0.051536
v -0.037285 0.111725 0.047263
v -0.037387 0.111730 0.047368
v -0.037471 0.111697 0.047484
v -0.037625 0.111574 0.047276
v -0.037496 0.111599 0.047132
v 0.032467 0.032903 -0.053168
v 0.032422 0.033094 -0.053186
v 0.032355 0.033271 -0.053131
v 0.027950 0.032175 -0.054535
v 0.018884 0.030478 -0.056710
v 0.023459 0.031245 -0.055726
v 0.028008 0.031998 -0.054593
v 0.014224 0.029872 -0.057487
v 0.018922 0.030302 -0.056773
v 0.014253 0.029697 -0.057552
v 0.018949 0.030113 -0.056766
v 0.014273 0.029509 -0.057547
v 0.009522 0.029072 -0.058113
v 0.004764 0.028810 -0.058453
v 0.000011 0.028722 -0.058566
v -0.004739 0.028809 -0.058454
v -0.009484 0.029069 -0.058117
v -0.014225 0.029504 -0.057554
v -0.018920 0.030109 -0.056771
v -0.023524 0.030876 -0.055780
v -0.028040 0.031806 -0.054581
v -0.032466 0.032903 -0.053168
v -0.036778 0.034254 -0.051536
v -0.032420 0.033094 -0.053187
v -0.036693 0.034492 -0.051518
v -0.032353 0.033271 -0.053132
v -0.027944 0.032173 -0.054537
v -0.023443 0.031242 -0.055730
v -0.018855 0.030473 -0.056715
v -0.014176 0.029867 -0.057493
v -0.009451 0.029430 -0.058053
v -0.004722 0.029168 -0.058388
v 0.000011 0.029081 -0.058499
v 0.004748 0.029169 -0.058387
v 0.009489 0.029433 -0.058049
v 0.023540 0.030879 -0.055776
v 0.023507 0.031069 -0.055787
v 0.028047 0.031807 -0.054579
v 0.009508 0.029259 -0.058116
v 0.004757 0.028996 -0.058454
v 0.000011 0.028908 -0.058567
v -0.004732 0.028995 -0.058455
v -0.009471 0.029256 -0.058119
v -0.014205 0.029692 -0.057558
v -0.018893 0.030297 -0.056779
v -0.023491 0.031066 -0.055791
v -0.028001 0.031996 -0.054595
v -0.040084 0.109471 0.044380
v -0.040194 0.109470 0.044484
v -0.040283 0.109430 0.044601
v -0.045233 0.105036 0.039006
v -0.042832 0.107262 0.041840
v -0.049523 0.100389 0.033092
v -0.047466 0.102745 0.036091
v -0.045138 0.105088 0.038889
v -0.042740 0.107307 0.041723
v -0.042625 0.107312 0.041618
v -0.053152 0.095504 0.026871
v -0.051414 0.097973 0.030016
v -0.049422 0.100455 0.032975
v -0.047368 0.102804 0.035974
v -0.047241 0.102819 0.035871
v -0.045018 0.105097 0.038785
v -0.056227 0.090484 0.020471
v -0.054751 0.093003 0.023683
v -0.053047 0.095583 0.026754
v -0.051310 0.098045 0.029899
v -0.051173 0.098072 0.029799
v -0.049289 0.100476 0.032874
v -0.059299 0.084549 0.012894
v -0.057601 0.087949 0.017237
v -0.056119 0.090573 0.020354
v -0.054644 0.093087 0.023566
v -0.054498 0.093124 0.023468
v -0.052905 0.095615 0.026655
v -0.060845 0.081122 0.008516
v -0.060092 0.082839 0.010710
v -0.059190 0.084646 0.012777
v -0.057493 0.088042 0.017120
v -0.057341 0.088086 0.017023
v -0.055970 0.090613 0.020257
v -0.063066 0.075037 0.000737
v -0.062206 0.077663 0.004093
v -0.060735 0.081224 0.008400
v -0.059982 0.082938 0.010594
v -0.059827 0.082988 0.010500
v -0.059036 0.084694 0.012683
v -0.064187 0.069687 -0.006102
v -0.063744 0.072377 -0.002663
v -0.062955 0.075146 0.000626
v -0.062095 0.077768 0.003980
v -0.061936 0.077824 0.003891
v -0.060578 0.081276 0.008308
v -0.064347 0.067002 -0.009533
v -0.064075 0.063435 -0.014091
v -0.063714 0.061658 -0.016360
v -0.062875 0.059004 -0.019751
v -0.061711 0.056388 -0.023094
v -0.059750 0.053012 -0.027411
v -0.061604 0.056539 -0.023170
v -0.059647 0.053170 -0.027481
v -0.061443 0.056656 -0.023198
v -0.059490 0.053295 -0.027499
v -0.058363 0.051655 -0.029598
v -0.056505 0.049240 -0.032690
v -0.056656 0.049107 -0.032682
v -0.054584 0.046743 -0.035709
v -0.054681 0.046577 -0.035650
v -0.052379 0.044273 -0.038600
v -0.058620 0.051366 -0.029517
v -0.058518 0.051527 -0.029584
v -0.056756 0.048944 -0.032619
v -0.049857 0.042077 -0.041413
v -0.046144 0.039343 -0.044915
v -0.044136 0.038059 -0.046558
v -0.040950 0.036235 -0.048892
v -0.037580 0.034577 -0.051119
v -0.040876 0.036417 -0.048927
v -0.037466 0.034805 -0.051117
v -0.040765 0.036580 -0.048895
v -0.043939 0.038397 -0.046569
v -0.044058 0.038238 -0.046597
v -0.045938 0.039675 -0.044934
v -0.049634 0.042398 -0.041449
v -0.052145 0.044585 -0.038649
v -0.054438 0.046881 -0.035710
v -0.062603 0.059258 -0.019868
v -0.063438 0.061896 -0.016493
v -0.063798 0.063662 -0.014233
v -0.063603 0.061797 -0.016447
v -0.063963 0.063569 -0.014181
v -0.064069 0.067208 -0.009695
v -0.064234 0.067127 -0.009631
v -0.063910 0.069879 -0.006277
v -0.063469 0.072557 -0.002849
v -0.062794 0.075207 0.000542
v -0.063631 0.072491 -0.002770
v -0.064074 0.069806 -0.006205
v -0.062766 0.059150 -0.019832
v -0.052286 0.044442 -0.038654
v -0.049768 0.042250 -0.041462
v -0.046061 0.039520 -0.044957
v -0.037208 0.034336 -0.051326
v -0.037147 0.034523 -0.051353
v -0.037055 0.034694 -0.051309
v -0.045118 0.096435 0.081552
v -0.046827 0.093086 0.081300
v -0.047988 0.090577 0.081552
v -0.048941 0.087982 0.081300
v -0.050101 0.084406 0.081552
v -0.050501 0.082682 0.081300
v -0.051424 0.078019 0.081552
v -0.051491 0.077226 0.081300
v -0.051936 0.071516 0.081552
v -0.051893 0.071736 0.081300
v -0.051709 0.066215 0.081300
v -0.044182 0.097937 0.081300
v -0.041537 0.101887 0.081552
v -0.041037 0.102479 0.081300
v -0.037301 0.106847 0.081552
v -0.037426 0.106661 0.081300
v -0.033392 0.110435 0.081300
v -0.028979 0.113760 0.081300
v -0.024238 0.116596 0.081300
v -0.019222 0.118912 0.081300
v -0.013989 0.120682 0.081300
v -0.008597 0.121886 0.081300
v -0.003107 0.122510 0.081300
v 0.002417 0.122547 0.081300
v -0.002447 0.122584 0.081552
v 0.004075 0.122482 0.081552
v -0.032476 0.111237 0.081552
v -0.027140 0.114988 0.081552
v -0.021375 0.118040 0.081552
v -0.015273 0.120346 0.081552
v -0.008930 0.121869 0.081552
v 0.007915 0.121996 0.081300
v 0.010533 0.121563 0.081552
v 0.013322 0.120864 0.081300
v 0.016825 0.119842 0.081552
v 0.018579 0.119164 0.081300
v 0.022851 0.117345 0.081552
v 0.023625 0.116915 0.081300
v 0.028517 0.114113 0.081552
v 0.028403 0.114142 0.081300
v 0.032860 0.110876 0.081300
v 0.036944 0.107156 0.081300
v 0.040610 0.103022 0.081300
v 0.043816 0.098523 0.081300
v 0.046525 0.093708 0.081300
v 0.048707 0.088632 0.081300
v 0.050337 0.083353 0.081300
v 0.051397 0.077931 0.081300
v 0.050507 0.082826 0.081552
v 0.051628 0.076400 0.081552
v 0.033734 0.110197 0.081552
v 0.038418 0.105658 0.081552
v 0.042496 0.100567 0.081552
v 0.045905 0.095005 0.081552
v 0.048589 0.089060 0.081552
v 0.051874 0.072427 0.081300
v 0.051936 0.069884 0.081552
v 0.051764 0.066903 0.081300
v 0.051424 0.063381 0.081552
v 0.051067 0.061423 0.081300
v 0.050101 0.056994 0.081552
v 0.049792 0.056047 0.081300
v 0.047988 0.050823 0.081552
v 0.047952 0.050838 0.081300
v 0.045569 0.045853 0.081300
v 0.042670 0.041150 0.081300
v 0.039287 0.036782 0.081300
v 0.035459 0.032798 0.081300
v 0.031230 0.029244 0.081300
v 0.026646 0.026159 0.081300
v 0.021761 0.023579 0.081300
v 0.016629 0.021533 0.081300
v 0.021375 0.023360 0.081552
v 0.015273 0.021054 0.081552
v 0.045118 0.044965 0.081552
v 0.041537 0.039513 0.081552
v 0.037301 0.034553 0.081552
v 0.032476 0.030163 0.081552
v 0.027140 0.026412 0.081552
v 0.011309 0.020044 0.081300
v 0.008930 0.019531 0.081552
v 0.005860 0.019129 0.081300
v 0.002447 0.018816 0.081552
v 0.000345 0.018798 0.081300
v -0.004075 0.018918 0.081552
v -0.005173 0.019055 0.081300
v -0.010533 0.019837 0.081552
v -0.010633 0.019898 0.081300
v -0.015973 0.021316 0.081300
v -0.021132 0.023294 0.081300
v -0.026051 0.025808 0.081300
v -0.030675 0.028832 0.081300
v -0.034952 0.032330 0.081300
v -0.038832 0.036262 0.081300
v -0.042273 0.040585 0.081300
v -0.045234 0.045249 0.081300
v -0.042496 0.040833 0.081552
v -0.045905 0.046395 0.081552
v -0.016825 0.021558 0.081552
v -0.022851 0.024055 0.081552
v -0.028517 0.027287 0.081552
v -0.033734 0.031203 0.081552
v -0.038418 0.035742 0.081552
v -0.047683 0.050201 0.081300
v -0.048589 0.052340 0.081552
v -0.049592 0.055386 0.081300
v -0.050507 0.058574 0.081552
v -0.050939 0.060744 0.081300
v -0.051628 0.065000 0.081552
v -0.048085 0.077031 0.087700
v -0.048500 0.070700 0.087700
v -0.048085 0.064369 0.087700
v -0.046847 0.058147 0.087700
v -0.044808 0.052140 0.087700
v -0.042002 0.046450 0.087700
v -0.038478 0.041175 0.087700
v -0.034295 0.036405 0.087700
v -0.029525 0.032222 0.087700
v -0.024250 0.028698 0.087700
v -0.018560 0.025892 0.087700
v -0.012553 0.023853 0.087700
v -0.006331 0.022615 0.087700
v 0.000000 0.022200 0.087700
v 0.006331 0.022615 0.087700
v 0.012553 0.023853 0.087700
v 0.018560 0.025892 0.087700
v 0.024250 0.028698 0.087700
v 0.029525 0.032222 0.087700
v 0.034295 0.036405 0.087700
v 0.038478 0.041175 0.087700
v 0.042002 0.046450 0.087700
v 0.044808 0.052140 0.087700
v 0.046847 0.058147 0.087700
v 0.048085 0.064369 0.087700
v 0.048500 0.070700 0.087700
v 0.048085 0.077031 0.087700
v 0.046847 0.083253 0.087700
v 0.044808 0.089260 0.087700
v 0.042002 0.094950 0.087700
v 0.038478 0.100225 0.087700
v 0.034295 0.104995 0.087700
v 0.029525 0.109178 0.087700
v 0.024250 0.112702 0.087700
v 0.018560 0.115508 0.087700
v 0.012553 0.117547 0.087700
v 0.006331 0.118785 0.087700
v 0.000000 0.119200 0.087700
v -0.006331 0.118785 0.087700
v -0.012553 0.117547 0.087700
v -0.018560 0.115508 0.087700
v -0.024250 0.112702 0.087700
v -0.029525 0.109178 0.087700
v -0.034295 0.104995 0.087700
v -0.038478 0.100225 0.087700
v -0.042002 0.094950 0.087700
v -0.044808 0.089260 0.087700
v -0.046847 0.083253 0.087700
v -0.044575 0.096125 0.087500
v -0.047411 0.090338 0.087500
v -0.044993 0.089337 0.087500
v -0.049498 0.084241 0.087500
v -0.047041 0.083304 0.087500
v -0.050805 0.077931 0.087500
v -0.048283 0.077057 0.087500
v -0.051310 0.071506 0.087500
v -0.048700 0.070700 0.087500
v -0.051007 0.065069 0.087500
v -0.048283 0.064343 0.087500
v -0.049899 0.058720 0.087500
v -0.047041 0.058096 0.087500
v -0.048004 0.052561 0.087500
v -0.044993 0.052063 0.087500
v -0.045352 0.046687 0.087500
v -0.042175 0.046350 0.087500
v -0.041985 0.041193 0.087500
v -0.038636 0.041053 0.087500
v -0.037956 0.036163 0.087500
v -0.034436 0.036264 0.087500
v -0.033328 0.031678 0.087500
v -0.029647 0.032064 0.087500
v -0.028174 0.027809 0.087500
v -0.024350 0.028525 0.087500
v -0.022576 0.024616 0.087500
v -0.018637 0.025707 0.087500
v -0.016622 0.022150 0.087500
v -0.012604 0.023659 0.087500
v -0.010406 0.020449 0.087500
v -0.006357 0.022417 0.087500
v -0.004026 0.019541 0.087500
v 0.000000 0.022000 0.087500
v 0.002417 0.019440 0.087500
v 0.006357 0.022417 0.087500
v 0.008823 0.020147 0.087500
v 0.012604 0.023659 0.087500
v 0.015089 0.021652 0.087500
v 0.018637 0.025707 0.087500
v 0.021118 0.023930 0.087500
v 0.024350 0.028525 0.087500
v 0.026813 0.026945 0.087500
v 0.029647 0.032064 0.087500
v 0.032085 0.030651 0.087500
v 0.034436 0.036264 0.087500
v 0.036852 0.034988 0.087500
v 0.038636 0.041053 0.087500
v 0.041037 0.039888 0.087500
v 0.042175 0.046350 0.087500
v 0.044575 0.045275 0.087500
v 0.044993 0.052063 0.087500
v 0.047411 0.051062 0.087500
v 0.049498 0.057159 0.087500
v 0.047041 0.058096 0.087500
v 0.050805 0.063469 0.087500
v 0.048283 0.064343 0.087500
v 0.051310 0.069894 0.087500
v 0.048700 0.070700 0.087500
v 0.051007 0.076331 0.087500
v 0.048283 0.077057 0.087500
v 0.049899 0.082680 0.087500
v 0.047041 0.083304 0.087500
v 0.048004 0.088839 0.087500
v 0.044993 0.089337 0.087500
v 0.045352 0.094713 0.087500
v 0.042175 0.095050 0.087500
v 0.041985 0.100207 0.087500
v 0.038636 0.100347 0.087500
v 0.037956 0.105237 0.087500
v 0.034436 0.105136 0.087500
v 0.033328 0.109722 0.087500
v 0.029647 0.109336 0.087500
v 0.028174 0.113591 0.087500
v 0.024350 0.112875 0.087500
v 0.022576 0.116784 0.087500
v 0.018637 0.115693 0.087500
v 0.016622 0.119250 0.087500
v 0.012604 0.117741 0.087500
v 0.010406 0.120951 0.087500
v 0.006357 0.118983 0.087500
v 0.004026 0.121859 0.087500
v 0.000000 0.119400 0.087500
v -0.002417 0.121960 0.087500
v -0.006357 0.118983 0.087500
v -0.008823 0.121253 0.087500
v -0.012604 0.117741 0.087500
v -0.015089 0.119748 0.087500
v -0.018637 0.115693 0.087500
v -0.021118 0.117470 0.087500
v -0.024350 0.112875 0.087500
v -0.026813 0.114455 0.087500
v -0.029647 0.109336 0.087500
v -0.032085 0.110749 0.087500
v -0.034436 0.105136 0.087500
v -0.036852 0.106412 0.087500
v -0.038636 0.100347 0.087500
v -0.041037 0.101512 0.087500
v -0.042175 0.095050 0.087500
v -0.043450 0.092308 0.087600
v -0.044395 0.090294 0.087600
v -0.045247 0.088238 0.087600
v -0.044462 0.090323 0.087527
v -0.045315 0.088264 0.087527
v -0.046073 0.086168 0.087527
v -0.046733 0.084039 0.087527
v -0.047296 0.081883 0.087527
v -0.047225 0.081866 0.087600
v -0.047687 0.079689 0.087600
v -0.048049 0.077493 0.087600
v -0.048310 0.075283 0.087600
v -0.048121 0.077504 0.087527
v -0.048383 0.075290 0.087527
v -0.048542 0.073067 0.087527
v -0.048600 0.070839 0.087527
v -0.048555 0.068611 0.087527
v -0.048482 0.068614 0.087600
v -0.048335 0.066394 0.087600
v -0.048087 0.064182 0.087600
v -0.047738 0.061984 0.087600
v -0.048160 0.064172 0.087527
v -0.047810 0.061971 0.087527
v -0.040076 0.098063 0.087600
v -0.041288 0.096197 0.087600
v -0.042414 0.094278 0.087600
v -0.041351 0.096236 0.087527
v -0.042478 0.094313 0.087527
v -0.043516 0.092341 0.087527
v -0.035944 0.103301 0.087600
v -0.037401 0.101619 0.087600
v -0.038779 0.099872 0.087600
v -0.037458 0.101666 0.087527
v -0.038838 0.099916 0.087527
v -0.040137 0.098105 0.087527
v -0.032807 0.106457 0.087600
v -0.034412 0.104915 0.087600
v -0.034464 0.104967 0.087527
v -0.035999 0.103351 0.087527
v -0.027593 0.110619 0.087600
v -0.029394 0.109312 0.087600
v -0.031133 0.107923 0.087600
v -0.029438 0.109370 0.087527
v -0.031180 0.107979 0.087527
v -0.032857 0.106511 0.087527
v -0.021857 0.114026 0.087600
v -0.023820 0.112978 0.087600
v -0.025734 0.111842 0.087600
v -0.023856 0.113042 0.087527
v -0.025772 0.111904 0.087527
v -0.027634 0.110679 0.087527
v -0.015708 0.116614 0.087600
v -0.017797 0.115846 0.087600
v -0.019848 0.114982 0.087600
v -0.017823 0.115914 0.087527
v -0.019878 0.115049 0.087527
v -0.021890 0.114091 0.087527
v -0.009262 0.118335 0.087600
v -0.011437 0.117860 0.087600
v -0.013587 0.117286 0.087600
v -0.011454 0.117931 0.087527
v -0.013607 0.117356 0.087527
v -0.015732 0.116683 0.087527
v -0.002642 0.119155 0.087600
v -0.004860 0.118983 0.087600
v -0.007069 0.118709 0.087600
v -0.004868 0.119056 0.087527
v -0.007079 0.118782 0.087527
v -0.009276 0.118406 0.087527
v 0.004029 0.119059 0.087600
v 0.001808 0.119193 0.087600
v -0.000417 0.119225 0.087600
v 0.001811 0.119266 0.087527
v -0.000418 0.119298 0.087527
v -0.002646 0.119228 0.087527
v 0.008442 0.118487 0.087600
v 0.006242 0.118824 0.087600
v 0.006251 0.118896 0.087527
v 0.004035 0.119132 0.087527
v 0.014916 0.116877 0.087600
v 0.012783 0.117513 0.087600
v 0.010624 0.118050 0.087600
v 0.012803 0.117583 0.087527
v 0.010640 0.118121 0.087527
v 0.008455 0.118559 0.087527
v 0.021109 0.114395 0.087600
v 0.019083 0.115317 0.087600
v 0.017018 0.116145 0.087600
v 0.019112 0.115384 0.087527
v 0.017043 0.116214 0.087527
v 0.014939 0.116947 0.087527
v 0.026902 0.111087 0.087600
v 0.025022 0.112278 0.087600
v 0.023090 0.113382 0.087600
v 0.025060 0.112341 0.087527
v 0.023125 0.113446 0.087527
v 0.021141 0.114461 0.087527
v 0.032187 0.107016 0.087600
v 0.030488 0.108453 0.087600
v 0.028726 0.109811 0.087600
v 0.030534 0.108510 0.087527
v 0.028769 0.109870 0.087527
v 0.026943 0.111148 0.087527
v 0.036864 0.102258 0.087600
v 0.035378 0.103915 0.087600
v 0.033818 0.105502 0.087600
v 0.035432 0.103965 0.087527
v 0.033869 0.105554 0.087527
v 0.032236 0.107071 0.087527
v 0.040844 0.096904 0.087600
v 0.039600 0.098749 0.087600
v 0.038272 0.100535 0.087600
v 0.039659 0.098791 0.087527
v 0.038330 0.100580 0.087527
v 0.036920 0.102306 0.087527
v 0.043072 0.093052 0.087600
v 0.042002 0.095004 0.087600
v 0.042066 0.095040 0.087527
v 0.040905 0.096943 0.087527
v 0.045731 0.086934 0.087600
v 0.044939 0.089013 0.087600
v 0.044052 0.091054 0.087600
v 0.045006 0.089041 0.087527
v 0.044118 0.091085 0.087527
v 0.043137 0.093086 0.087527
v 0.047525 0.080508 0.087600
v 0.047026 0.082676 0.087600
v 0.046427 0.084820 0.087600
v 0.047097 0.082695 0.087527
v 0.046497 0.084841 0.087527
v 0.045800 0.086958 0.087527
v 0.048421 0.073897 0.087600
v 0.048224 0.076114 0.087600
v 0.047925 0.078319 0.087600
v 0.048297 0.076122 0.087527
v 0.047997 0.078330 0.087527
v 0.047597 0.080523 0.087527
v 0.048402 0.067226 0.087600
v 0.048511 0.069448 0.087600
v 0.048517 0.071674 0.087600
v 0.048584 0.069446 0.087527
v 0.048590 0.071675 0.087527
v 0.048494 0.073902 0.087527
v 0.047468 0.060620 0.087600
v 0.047881 0.062807 0.087600
v 0.048192 0.065010 0.087600
v 0.047953 0.062795 0.087527
v 0.048265 0.065002 0.087527
v 0.048475 0.067220 0.087527
v 0.045637 0.054205 0.087600
v 0.046345 0.056314 0.087600
v 0.046956 0.058454 0.087600
v 0.046415 0.056293 0.087527
v 0.047027 0.058436 0.087527
v 0.047540 0.060605 0.087527
v 0.043934 0.050094 0.087600
v 0.044833 0.052130 0.087600
v 0.044901 0.052102 0.087527
v 0.045706 0.054180 0.087527
v 0.040693 0.044263 0.087600
v 0.041862 0.046156 0.087600
v 0.042943 0.048101 0.087600
v 0.041925 0.046119 0.087527
v 0.043008 0.048067 0.087527
v 0.044001 0.050063 0.087527
v 0.036682 0.038931 0.087600
v 0.038100 0.040646 0.087600
v 0.039438 0.042425 0.087600
v 0.038158 0.040601 0.087527
v 0.039498 0.042382 0.087527
v 0.040754 0.044223 0.087527
v 0.031979 0.034200 0.087600
v 0.033618 0.035705 0.087600
v 0.035187 0.037283 0.087600
v 0.033669 0.035652 0.087527
v 0.035240 0.037232 0.087527
v 0.036738 0.038883 0.087527
v 0.026670 0.030159 0.087600
v 0.028501 0.031425 0.087600
v 0.030271 0.032773 0.087600
v 0.028544 0.031365 0.087527
v 0.030317 0.032715 0.087527
v 0.032027 0.034145 0.087527
v 0.020858 0.026884 0.087600
v 0.022845 0.027887 0.087600
v 0.024784 0.028979 0.087600
v 0.022879 0.027822 0.087527
v 0.024821 0.028916 0.087527
v 0.026710 0.030098 0.087527
v 0.014651 0.024438 0.087600
v 0.016757 0.025158 0.087600
v 0.018827 0.025974 0.087600
v 0.016782 0.025089 0.087527
v 0.018856 0.025907 0.087527
v 0.020889 0.026818 0.087527
v 0.010352 0.023290 0.087600
v 0.012515 0.023815 0.087600
v 0.012534 0.023744 0.087527
v 0.014673 0.024368 0.087527
v 0.003752 0.022318 0.087600
v 0.005966 0.022541 0.087600
v 0.008168 0.022866 0.087600
v 0.005975 0.022469 0.087527
v 0.008180 0.022793 0.087527
v 0.010368 0.023219 0.087527
v -0.002919 0.022261 0.087600
v -0.000695 0.022178 0.087600
v 0.001530 0.022197 0.087600
v -0.000697 0.022105 0.087527
v 0.001532 0.022124 0.087527
v 0.003758 0.022245 0.087527
v -0.009535 0.023119 0.087600
v -0.007344 0.022732 0.087600
v -0.005137 0.022446 0.087600
v -0.007355 0.022660 0.087527
v -0.005145 0.022373 0.087527
v -0.002924 0.022188 0.087527
v -0.015971 0.024877 0.087600
v -0.013853 0.024193 0.087600
v -0.011707 0.023606 0.087600
v -0.013874 0.024123 0.087527
v -0.011724 0.023535 0.087527
v -0.009550 0.023047 0.087527
v -0.022105 0.027500 0.087600
v -0.020101 0.026532 0.087600
v -0.018055 0.025657 0.087600
v -0.020132 0.026466 0.087527
v -0.018082 0.025589 0.087527
v -0.015995 0.024808 0.087527
v -0.027821 0.030940 0.087600
v -0.025969 0.029707 0.087600
v -0.024062 0.028559 0.087600
v -0.026008 0.029645 0.087527
v -0.024099 0.028496 0.087527
v -0.022138 0.027435 0.087527
v -0.031346 0.033656 0.087600
v -0.029615 0.032258 0.087600
v -0.029659 0.032200 0.087527
v -0.027863 0.030880 0.087527
v -0.036131 0.038305 0.087600
v -0.034607 0.036683 0.087600
v -0.033011 0.035132 0.087600
v -0.034660 0.036631 0.087527
v -0.033061 0.035078 0.087527
v -0.031393 0.033600 0.087527
v -0.040232 0.043567 0.087600
v -0.038946 0.041751 0.087600
v -0.037578 0.039996 0.087600
v -0.039005 0.041707 0.087527
v -0.037635 0.039949 0.087527
v -0.036185 0.038256 0.087527
v -0.043574 0.049341 0.087600
v -0.042548 0.047366 0.087600
v -0.041434 0.045440 0.087600
v -0.042613 0.047331 0.087527
v -0.041496 0.045402 0.087527
v -0.040293 0.043526 0.087527
v -0.046091 0.055519 0.087600
v -0.045347 0.053422 0.087600
v -0.044507 0.051361 0.087600
v -0.045415 0.053396 0.087527
v -0.044574 0.051332 0.087527
v -0.043639 0.049309 0.087527
v -0.047288 0.059805 0.087600
v -0.046739 0.057648 0.087600
v -0.047359 0.059788 0.087527
v -0.046809 0.057629 0.087527
v -0.046161 0.055496 0.087527
v -0.048527 0.070839 0.087600
v -0.048469 0.073064 0.087600
v -0.046003 0.086145 0.087600
v -0.046663 0.084019 0.087600
v -0.047759 0.079703 0.087527
v -0.048408 0.066387 0.087527

usemtl body
f 1 2 3
f 3 2 4
f 3 4 5
f 5 6 3
f 3 6 7
f 7 6 8
f 7 8 9
f 9 8 10
f 9 10 11
f 11 10 12
f 12 10 13
f 13 10 14
f 14 10 15
f 14 15 16
f 16 15 17
f 17 15 18
f 18 15 19
f 18 19 20
f 20 19 21
f 20 21 22
f 22 21 23
f 22 23 24
f 24 25 22
f 22 25 26
f 22 26 27
f 27 28 22
f 22 28 29
f 22 29 30
f 30 31 22
f 22 31 32
f 22 32 33
f 33 34 22
f 22 34 35
f 22 35 36
f 36 37 22
f 22 37 38
f 22 38 39
f 39 40 22
f 22 40 41
f 22 41 42
f 42 43 22
f 22 43 44
f 22 44 45
f 45 46 22
f 22 46 47
f 22 47 48
f 48 49 22
f 22 49 50
f 22 50 51
f 51 52 22
f 22 52 53
f 22 53 54
f 54 55 22
f 22 55 56
f 22 56 3
f 3 56 57
f 3 57 58
f 58 59 3
f 3 59 60
f 3 60 1
f 61 62 63
f 63 62 64
f 63 64 65
f 65 64 66
f 65 66 67
f 67 66 68
f 67 68 69
f 62 61 70
f 70 61 71
f 70 71 72
f 65 9 63
f 63 9 11
f 63 11 61
f 61 11 12
f 61 12 71
f 71 12 13
f 71 13 72
f 72 13 14
f 72 14 70
f 70 14 16
f 70 16 62
f 62 16 17
f 62 17 64
f 64 17 18
f 64 18 66
f 66 18 20
f 66 20 68
f 68 20 22
f 68 22 69
f 69 22 3
f 69 3 67
f 67 3 7
f 67 7 65
f 65 7 9
f 73 74 75
f 75 74 76
f 75 76 77
f 77 76 78
f 77 78 79
f 79 78 80
f 79 80 81
f 81 80 82
f 81 82 83
f 81 83 84
f 84 83 85
f 84 85 86
f 86 85 87
f 86 87 88
f 88 87 89
f 88 89 90
f 88 90 91
f 91 90 92
f 91 92 93
f 93 92 94
f 93 94 95
f 95 94 96
f 95 96 97
f 95 97 98
f 98 97 99
f 98 99 100
f 100 99 101
f 100 101 102
f 102 101 103
f 102 103 104
f 102 104 105
f 105 104 106
f 105 106 107
f 107 106 108
f 107 108 109
f 109 108 110
f 109 110 111
f 111 110 112
f 111 112 113
f 111 113 114
f 114 113 115
f 114 115 116
f 116 115 117
f 116 117 118
f 118 117 119
f 118 119 120
f 120 119 121
f 120 121 122
f 122 121 123
f 122 123 124
f 122 124 125
f 125 124 126
f 125 126 127
f 127 126 128
f 127 128 129
f 129 128 130
f 129 130 131
f 131 130 132
f 131 132 133
f 131 133 134
f 134 133 135
f 134 135 136
f 136 135 137
f 136 137 138
f 138 137 139
f 138 139 140
f 138 140 141
f 141 140 142
f 141 142 143
f 143 142 144
f 143 144 145
f 145 144 146
f 145 146 147
f 145 147 148
f 148 147 149
f 148 149 150
f 150 149 151
f 150 151 152
f 152 151 153
f 152 153 154
f 152 154 155
f 155 154 156
f 155 156 157
f 157 156 158
f 157 158 159
f 159 158 160
f 159 160 161
f 159 161 162
f 162 161 163
f 162 163 164
f 164 163 165
f 164 165 166
f 166 165 167
f 166 167 168
f 168 167 169
f 168 169 170
f 168 170 171
f 171 170 172
f 171 172 173
f 173 172 174
f 173 174 175
f 175 174 176
f 175 176 177
f 177 176 178
f 177 178 179
f 179 178 180
f 179 180 181
f 179 181 182
f 182 181 183
f 182 183 184
f 184 183 185
f 184 185 186
f 186 185 73
f 186 73 75
f 187 188 189
f 189 188 190
f 190 188 191
f 190 191 192
f 192 191 193
f 192 193 194
f 194 193 195
f 195 193 196
f 195 196 197
f 195 197 198
f 198 197 199
f 198 199 200
f 200 199 201
f 201 199 202
f 201 202 203
f 203 202 204
f 203 204 205
f 203 205 206
f 206 205 207
f 206 207 208
f 208 207 209
f 209 207 210
f 209 210 211
f 209 211 212
f 212 211 213
f 212 213 214
f 214 213 215
f 214 215 216
f 216 215 217
f 216 217 218
f 218 217 219
f 219 217 220
f 220 221 219
f 219 221 222
f 219 222 223
f 223 222 224
f 223 224 225
f 225 226 223
f 223 226 227
f 223 227 228
f 228 227 229
f 228 229 230
f 230 229 231
f 230 231 232
f 232 231 233
f 232 233 234
f 234 233 235
f 234 235 230
f 230 235 236
f 230 236 237
f 237 236 238
f 237 238 239
f 239 238 240
f 239 240 241
f 241 240 242
f 241 242 243
f 243 242 233
f 233 242 240
f 233 240 238
f 244 245 226
f 226 245 246
f 226 246 247
f 247 248 226
f 226 248 227
f 248 249 227
f 227 249 250
f 227 250 229
f 229 233 231
f 251 252 243
f 243 252 253
f 243 253 254
f 254 253 252
f 254 252 255
f 255 252 256
f 255 256 257
f 257 256 258
f 257 258 259
f 259 258 260
f 259 260 261
f 261 260 262
f 261 262 263
f 263 262 264
f 263 264 265
f 265 264 266
f 266 264 267
f 266 267 268
f 268 267 269
f 268 269 270
f 270 269 271
f 271 269 272
f 272 269 267
f 272 267 264
f 252 251 258
f 258 251 260
f 262 272 264
f 268 270 273
f 273 270 274
f 273 274 275
f 275 274 276
f 275 276 277
f 277 276 278
f 277 278 279
f 279 278 280
f 279 280 281
f 281 280 282
f 281 282 283
f 283 282 284
f 284 282 285
f 284 285 278
f 278 285 280
f 274 278 276
f 281 283 286
f 286 283 287
f 286 287 288
f 288 287 289
f 288 289 290
f 290 289 291
f 290 291 292
f 292 291 293
f 292 293 294
f 294 293 295
f 294 295 292
f 287 296 289
f 289 296 291
f 291 297 293
f 293 297 295
f 298 299 297
f 297 299 300
f 297 300 301
f 301 300 302
f 302 300 299
f 302 299 298
f 302 298 303
f 303 298 304
f 303 304 305
f 305 304 306
f 305 306 307
f 307 306 308
f 307 308 309
f 304 308 306
f 307 309 310
f 310 309 311
f 310 311 312
f 312 311 313
f 313 311 314
f 313 314 315
f 315 314 316
f 315 316 317
f 317 316 318
f 317 318 319
f 319 318 320
f 319 320 321
f 318 322 320
f 320 322 323
f 320 323 324
f 324 323 325
f 324 325 326
f 326 325 327
f 326 327 328
f 328 327 329
f 328 329 330
f 330 329 331
f 330 331 332
f 332 331 333
f 332 333 334
f 334 333 335
f 334 335 336
f 336 335 337
f 336 337 338
f 338 337 339
f 338 339 340
f 340 339 341
f 340 341 342
f 342 341 343
f 342 343 344
f 344 343 345
f 344 345 346
f 346 345 347
f 346 347 348
f 348 347 349
f 348 349 350
f 350 349 351
f 350 351 352
f 352 351 353
f 352 353 354
f 354 353 355
f 322 325 323
f 327 331 329
f 331 335 333
f 337 341 339
f 343 347 345
f 354 350 352
f 346 356 344
f 344 356 357
f 344 357 342
f 342 357 356
f 342 356 358
f 342 358 340
f 340 358 338
f 338 334 336
f 330 359 328
f 328 359 326
f 359 324 326
f 319 321 317
f 317 321 315
f 305 307 303
f 303 307 302
f 301 295 297
f 290 360 288
f 288 360 286
f 273 275 268
f 268 275 266
f 263 265 259
f 259 265 257
f 254 241 243
f 237 239 230
f 230 239 223
f 230 223 228
f 230 232 234
f 235 233 236
f 236 233 238
f 258 256 252
f 263 259 261
f 282 280 285
f 361 362 363
f 363 362 364
f 363 364 365
f 363 365 189
f 189 365 366
f 189 366 187
f 367 368 363
f 363 368 369
f 363 369 370
f 370 369 371
f 370 371 372
f 373 374 367
f 367 374 375
f 367 375 376
f 376 375 377
f 376 377 378
f 378 377 379
f 379 377 374
f 379 374 380
f 380 374 373
f 380 373 381
f 381 373 382
f 381 382 380
f 380 382 379
f 373 383 382
f 382 383 384
f 382 384 385
f 385 384 386
f 385 386 387
f 387 386 388
f 387 388 389
f 389 388 390
f 389 390 391
f 391 390 392
f 391 392 393
f 393 392 394
f 393 394 395
f 395 394 396
f 395 396 397
f 397 396 398
f 397 398 399
f 399 398 400
f 399 400 401
f 401 400 402
f 401 402 403
f 403 402 404
f 403 404 405
f 405 404 406
f 405 406 407
f 407 406 408
f 407 408 409
f 384 383 410
f 410 383 411
f 410 411 386
f 386 411 388
f 388 411 390
f 390 411 412
f 390 412 392
f 392 412 413
f 392 413 394
f 394 413 396
f 413 414 396
f 396 414 398
f 415 402 414
f 414 402 400
f 414 400 398
f 402 415 404
f 404 415 408
f 404 408 406
f 416 417 409
f 409 417 418
f 409 418 407
f 407 418 405
f 419 420 416
f 416 420 421
f 416 421 417
f 417 421 422
f 417 422 418
f 418 422 423
f 418 423 405
f 405 423 403
f 424 425 419
f 419 425 426
f 419 426 420
f 420 426 421
f 427 428 424
f 424 428 429
f 424 429 425
f 425 429 426
f 428 427 430
f 430 427 431
f 430 431 432
f 432 431 433
f 432 433 434
f 434 433 435
f 434 435 436
f 436 435 437
f 436 437 438
f 438 437 439
f 438 439 440
f 433 439 435
f 435 439 437
f 441 442 440
f 440 442 443
f 440 443 444
f 444 443 436
f 444 436 438
f 445 446 441
f 441 446 447
f 441 447 442
f 442 447 448
f 442 448 443
f 449 450 445
f 445 450 451
f 445 451 446
f 446 451 448
f 446 448 447
f 450 449 452
f 452 449 453
f 452 453 454
f 452 454 455
f 455 454 456
f 455 456 457
f 457 456 458
f 457 458 459
f 459 458 460
f 459 460 461
f 461 460 462
f 462 460 458
f 462 458 456
f 463 464 461
f 461 464 465
f 461 465 459
f 464 463 466
f 466 463 467
f 466 467 468
f 468 467 469
f 468 469 470
f 470 469 471
f 470 471 472
f 472 471 473
f 472 473 474
f 474 473 475
f 474 475 476
f 476 475 477
f 476 477 478
f 478 477 479
f 478 479 480
f 480 479 481
f 481 479 477
f 481 477 482
f 482 477 475
f 482 475 473
f 469 467 471
f 471 467 482
f 471 482 473
f 478 480 483
f 483 480 484
f 483 484 485
f 485 484 486
f 485 486 487
f 487 486 484
f 487 484 488
f 489 490 488
f 488 490 491
f 488 491 487
f 487 491 492
f 487 492 485
f 490 489 493
f 493 489 494
f 493 494 495
f 495 494 496
f 495 496 497
f 497 496 498
f 497 498 499
f 499 498 500
f 499 500 501
f 501 500 502
f 501 502 503
f 503 502 504
f 503 504 505
f 505 504 506
f 506 504 507
f 507 504 508
f 508 504 502
f 496 494 498
f 498 494 500
f 503 499 501
f 495 497 490
f 490 497 492
f 490 492 491
f 485 478 483
f 470 472 468
f 468 472 509
f 468 509 466
f 466 509 464
f 509 465 464
f 436 510 434
f 434 510 430
f 434 430 432
f 430 510 429
f 429 510 511
f 429 511 426
f 426 422 421
f 403 399 401
f 397 512 395
f 395 512 393
f 391 387 389
f 385 379 382
f 513 514 378
f 378 514 515
f 378 515 516
f 516 515 368
f 516 368 517
f 517 368 518
f 517 518 378
f 378 518 519
f 378 519 376
f 376 519 520
f 376 520 367
f 367 520 368
f 514 513 369
f 369 513 371
f 372 521 370
f 370 521 363
f 521 522 363
f 363 522 361
f 522 523 361
f 361 523 524
f 361 524 525
f 410 386 384
f 377 375 374
f 428 430 429
f 440 444 438
f 493 495 490
f 368 520 518
f 518 520 519
f 517 378 516
f 515 514 368
f 368 514 369
f 355 353 526
f 526 353 527
f 526 527 528
f 526 528 529
f 529 528 530
f 529 530 531
f 531 530 532
f 531 532 533
f 533 532 534
f 533 534 535
f 535 534 536
f 535 536 537
f 537 536 538
f 537 538 539
f 539 538 540
f 539 540 541
f 541 540 542
f 542 540 543
f 542 543 544
f 544 543 545
f 544 545 546
f 532 547 534
f 534 547 536
f 544 546 548
f 548 546 549
f 548 549 550
f 550 549 551
f 551 549 552
f 551 552 553
f 553 552 554
f 553 554 555
f 556 557 555
f 555 557 558
f 555 558 553
f 559 560 556
f 556 560 561
f 556 561 557
f 560 559 562
f 562 559 563
f 562 563 564
f 565 566 564
f 564 566 567
f 564 567 562
f 566 565 568
f 568 565 569
f 568 569 507
f 507 569 506
f 562 561 560
f 570 571 572
f 572 571 573
f 572 573 574
f 574 573 575
f 574 575 576
f 576 575 577
f 576 577 578
f 578 577 579
f 578 579 580
f 580 579 581
f 580 581 582
f 582 581 583
f 582 583 584
f 584 583 585
f 584 585 586
f 586 585 587
f 586 587 588
f 588 587 589
f 588 589 590
f 590 589 591
f 590 591 592
f 592 591 593
f 592 593 594
f 594 593 595
f 594 595 596
f 596 595 597
f 596 597 598
f 598 597 599
f 598 599 600
f 600 599 601
f 600 601 602
f 602 601 603
f 602 603 604
f 604 603 605
f 604 605 606
f 606 605 607
f 606 607 608
f 608 607 609
f 608 609 610
f 610 609 611
f 610 611 612
f 612 611 613
f 612 613 614
f 614 613 615
f 614 615 616
f 616 615 617
f 616 617 618
f 618 617 619
f 618 619 620
f 620 619 621
f 620 621 622
f 622 621 623
f 622 623 624
f 624 623 625
f 624 625 626
f 626 625 627
f 626 627 628
f 628 627 629
f 628 629 630
f 630 629 631
f 630 631 632
f 632 631 633
f 632 633 634
f 634 633 635
f 634 635 636
f 636 635 637
f 636 637 638
f 638 637 639
f 638 639 640
f 640 639 641
f 640 641 642
f 642 641 643
f 642 643 644
f 644 643 645
f 644 645 646
f 646 645 647
f 646 647 648
f 648 647 649
f 648 649 650
f 650 649 651
f 650 651 652
f 652 651 653
f 652 653 654
f 654 653 655
f 654 655 656
f 656 655 657
f 656 657 658
f 658 657 659
f 658 659 660
f 660 659 661
f 660 661 662
f 662 661 663
f 662 663 664
f 664 663 665
f 664 665 666
f 666 665 667
f 666 667 668
f 668 667 669
f 668 669 670
f 670 669 671
f 670 671 672
f 672 671 673
f 672 673 674
f 674 673 675
f 674 675 676
f 676 675 677
f 676 677 678
f 678 677 679
f 678 679 680
f 680 679 681
f 680 681 682
f 682 681 683
f 682 683 684
f 684 683 685
f 684 685 686
f 686 685 687
f 686 687 688
f 688 687 689
f 688 689 690
f 690 689 691
f 690 691 692
f 692 691 693
f 692 693 694
f 694 693 695
f 694 695 696
f 696 695 697
f 696 697 698
f 698 697 699
f 698 699 700
f 700 699 701
f 700 701 702
f 702 701 703
f 702 703 704
f 704 703 705
f 704 705 706
f 706 705 707
f 706 707 708
f 708 707 709
f 708 709 710
f 710 709 711
f 710 711 712
f 712 711 713
f 712 713 714
f 714 713 715
f 714 715 716
f 716 715 717
f 716 717 718
f 718 717 719
f 718 719 720
f 720 719 721
f 720 721 722
f 722 721 723
f 722 723 724
f 724 723 87
f 724 87 85
f 571 570 725
f 725 570 726
f 725 726 727
f 727 726 728
f 727 728 729
f 729 728 730
f 729 730 731
f 731 730 732
f 731 732 733
f 733 732 734
f 733 734 587
f 587 734 589
f 593 735 595
f 595 735 597
f 597 735 736
f 736 735 737
f 736 737 738
f 738 737 739
f 738 739 740
f 740 739 741
f 740 741 742
f 742 741 743
f 742 743 744
f 744 743 745
f 744 745 601
f 601 745 603
f 741 739 746
f 746 739 747
f 746 747 741
f 741 747 748
f 741 748 749
f 749 748 750
f 749 750 751
f 751 750 752
f 751 752 753
f 753 752 754
f 753 754 755
f 755 754 756
f 755 756 757
f 757 756 758
f 757 758 759
f 759 758 760
f 759 760 761
f 761 760 762
f 761 762 763
f 763 762 764
f 763 764 765
f 765 764 766
f 765 766 767
f 767 766 768
f 767 768 769
f 769 768 770
f 769 770 771
f 771 770 627
f 771 627 772
f 772 627 625
f 772 625 623
f 748 747 773
f 773 747 774
f 773 774 775
f 775 774 776
f 775 776 777
f 777 776 778
f 777 778 779
f 779 778 774
f 774 778 776
f 780 781 779
f 779 781 782
f 779 782 783
f 783 782 784
f 783 784 785
f 785 784 786
f 785 786 787
f 787 786 788
f 787 788 789
f 789 788 790
f 789 790 791
f 791 790 792
f 791 792 793
f 793 792 794
f 793 794 795
f 795 794 796
f 795 796 797
f 797 796 770
f 797 770 798
f 798 770 768
f 798 768 766
f 799 800 780
f 780 800 801
f 780 801 782
f 782 801 784
f 802 803 799
f 799 803 804
f 799 804 800
f 800 804 805
f 800 805 801
f 801 805 806
f 801 806 784
f 784 806 786
f 807 808 802
f 802 808 809
f 802 809 810
f 810 809 811
f 810 811 812
f 812 811 813
f 812 813 814
f 814 813 815
f 814 815 788
f 788 815 790
f 808 807 816
f 816 807 817
f 816 817 818
f 818 817 819
f 818 819 820
f 820 819 821
f 820 821 822
f 820 822 823
f 823 822 824
f 823 824 825
f 825 824 826
f 827 828 823
f 823 828 829
f 823 829 830
f 830 829 831
f 830 831 832
f 832 831 833
f 832 833 834
f 834 833 809
f 834 809 808
f 770 835 827
f 827 835 836
f 827 836 828
f 828 836 837
f 828 837 838
f 838 837 839
f 838 839 840
f 840 839 813
f 840 813 811
f 841 842 627
f 627 842 843
f 627 843 844
f 844 843 845
f 844 845 631
f 631 845 633
f 846 847 841
f 841 847 848
f 841 848 849
f 849 848 850
f 849 850 851
f 851 850 852
f 851 852 853
f 853 852 854
f 853 854 855
f 855 854 856
f 855 856 857
f 857 856 858
f 857 858 859
f 859 858 860
f 859 860 861
f 861 860 862
f 861 862 643
f 643 862 645
f 675 673 846
f 846 673 863
f 846 863 864
f 864 863 865
f 864 865 866
f 866 865 867
f 866 867 868
f 868 867 869
f 868 869 870
f 870 869 871
f 870 871 872
f 872 871 873
f 872 873 874
f 874 873 875
f 874 875 876
f 876 875 877
f 876 877 878
f 878 877 655
f 878 655 653
f 677 879 679
f 679 879 880
f 679 880 681
f 681 880 881
f 681 881 683
f 683 881 882
f 683 882 685
f 685 882 883
f 685 883 687
f 687 883 884
f 687 884 689
f 689 884 885
f 689 885 691
f 691 885 886
f 691 886 693
f 693 886 887
f 693 887 695
f 695 887 888
f 695 888 697
f 697 888 889
f 697 889 699
f 699 889 890
f 699 890 701
f 701 890 703
f 880 879 891
f 891 879 892
f 891 892 893
f 893 892 894
f 893 894 895
f 895 894 896
f 895 896 897
f 897 896 898
f 897 898 899
f 899 898 900
f 899 900 901
f 901 900 902
f 901 902 903
f 903 902 904
f 903 904 905
f 905 904 906
f 905 906 907
f 907 906 908
f 907 908 909
f 909 908 910
f 909 910 911
f 911 910 912
f 911 912 913
f 913 912 914
f 913 914 707
f 707 914 709
f 894 892 915
f 915 892 916
f 915 916 917
f 917 916 918
f 917 918 919
f 919 918 920
f 919 920 921
f 921 920 922
f 921 922 923
f 923 922 924
f 923 924 925
f 925 924 926
f 925 926 927
f 927 926 928
f 927 928 929
f 929 928 930
f 929 930 931
f 931 930 932
f 931 932 933
f 933 932 934
f 933 934 935
f 935 934 936
f 935 936 937
f 937 936 938
f 937 938 713
f 713 938 715
f 916 939 918
f 918 939 940
f 918 940 920
f 920 940 941
f 920 941 922
f 922 941 942
f 922 942 924
f 924 942 943
f 924 943 926
f 926 943 944
f 926 944 928
f 928 944 945
f 928 945 930
f 930 945 946
f 930 946 932
f 932 946 947
f 932 947 934
f 934 947 948
f 934 948 936
f 936 948 949
f 936 949 938
f 938 949 950
f 938 950 715
f 715 950 717
f 951 952 939
f 939 952 953
f 939 953 940
f 940 953 941
f 952 951 954
f 954 951 103
f 954 103 101
f 954 101 955
f 955 101 99
f 955 99 956
f 956 99 97
f 956 97 957
f 957 97 958
f 957 958 959
f 959 958 960
f 959 960 961
f 961 960 962
f 961 962 946
f 946 962 947
f 97 96 958
f 958 96 963
f 958 963 960
f 960 963 964
f 960 964 962
f 962 964 965
f 962 965 947
f 947 965 948
f 96 94 963
f 963 94 966
f 963 966 964
f 964 966 967
f 964 967 965
f 965 967 968
f 965 968 948
f 948 968 949
f 94 92 966
f 966 92 969
f 966 969 967
f 967 969 970
f 967 970 968
f 968 970 971
f 968 971 949
f 949 971 950
f 969 92 972
f 972 92 90
f 972 90 973
f 973 90 89
f 973 89 974
f 974 89 87
f 974 87 723
f 724 85 975
f 975 85 83
f 975 83 976
f 976 83 82
f 976 82 977
f 977 82 978
f 977 978 979
f 979 978 980
f 979 980 981
f 981 980 982
f 981 982 983
f 983 982 984
f 983 984 985
f 985 984 986
f 985 986 987
f 987 986 988
f 987 988 989
f 82 80 978
f 978 80 990
f 978 990 980
f 980 990 991
f 980 991 982
f 982 991 992
f 982 992 984
f 984 992 993
f 984 993 986
f 986 993 994
f 986 994 995
f 995 994 996
f 996 994 997
f 997 994 998
f 997 998 999
f 999 998 1000
f 999 1000 1001
f 1001 1000 1002
f 1001 1002 1003
f 1003 1002 1004
f 1003 1004 1001
f 80 78 990
f 990 78 1005
f 990 1005 991
f 991 1005 1006
f 991 1006 992
f 992 1006 1000
f 992 1000 993
f 993 1000 998
f 993 998 994
f 78 76 1005
f 1005 76 1007
f 1005 1007 1006
f 1006 1007 1002
f 1006 1002 1000
f 1007 76 1008
f 1008 76 74
f 1008 74 1009
f 1009 74 1010
f 1009 1010 1011
f 1011 1004 1009
f 1009 1004 1008
f 1001 997 999
f 995 988 986
f 987 989 1012
f 1012 989 1013
f 1012 1013 1014
f 1014 1013 1015
f 1014 1015 1016
f 1016 1015 1017
f 1016 1017 1018
f 1018 1017 1019
f 1018 1019 1020
f 1020 1019 1021
f 1020 1021 1022
f 1022 1021 1023
f 1022 1023 714
f 714 1023 712
f 1013 1024 1015
f 1015 1024 1017
f 1017 1024 1025
f 1025 1024 1026
f 1025 1026 1027
f 1027 1026 1028
f 1027 1028 1029
f 1029 1028 1030
f 1029 1030 1031
f 1031 1030 1032
f 1031 1032 710
f 710 1032 708
f 1026 1033 1028
f 1028 1033 1030
f 1030 1033 1034
f 1034 1033 1035
f 1034 1035 1036
f 1037 1038 1036
f 1036 1038 1039
f 1036 1039 1034
f 1034 1039 1032
f 1034 1032 1030
f 1040 702 1037
f 1037 702 704
f 1037 704 1038
f 1038 704 706
f 1038 706 1039
f 1039 706 708
f 1039 708 1032
f 1040 1041 702
f 702 1041 700
f 1041 1042 700
f 700 1042 1043
f 700 1043 698
f 698 1043 696
f 1042 1044 1043
f 1043 1044 1045
f 1043 1045 1046
f 1046 1045 1047
f 1046 1047 1048
f 1048 1047 1049
f 1048 1049 1050
f 1050 1049 1051
f 1050 1051 1052
f 1052 1051 1053
f 1052 1053 1054
f 1054 1053 1055
f 1054 1055 1056
f 1056 1055 1057
f 1056 1057 1058
f 1058 1057 1059
f 1058 1059 1060
f 1060 1059 1061
f 1060 1061 1062
f 1062 1061 1063
f 1062 1063 676
f 676 1063 674
f 1044 1064 1045
f 1045 1064 1065
f 1045 1065 1047
f 1047 1065 1049
f 1064 1066 1065
f 1065 1066 1067
f 1065 1067 1068
f 1068 1067 1069
f 1068 1069 1070
f 1070 1069 1071
f 1070 1071 1072
f 1072 1071 1073
f 1072 1073 1074
f 1074 1073 1075
f 1074 1075 1076
f 1076 1075 1077
f 1076 1077 1078
f 1078 1077 1079
f 1078 1079 1080
f 1080 1079 670
f 1080 670 672
f 1067 1066 1081
f 1081 1066 1082
f 1081 1082 1083
f 1083 1082 1084
f 1083 1084 1085
f 1085 1084 1086
f 1085 1086 1087
f 1087 1086 1088
f 1087 1088 1089
f 1089 1088 1090
f 1089 1090 1091
f 1091 1090 662
f 1091 662 664
f 1084 1092 1086
f 1086 1092 1088
f 656 658 1092
f 1092 658 1093
f 1092 1093 1088
f 1088 1093 1090
f 654 650 652
f 648 1094 646
f 646 1094 1095
f 646 1095 644
f 644 1095 1096
f 644 1096 642
f 642 1096 1097
f 642 1097 640
f 640 1097 1098
f 640 1098 638
f 638 1098 1099
f 638 1099 636
f 636 1099 1100
f 636 1100 634
f 634 1100 1101
f 634 1101 632
f 632 1101 1102
f 632 1102 630
f 630 1102 1103
f 630 1103 628
f 628 1103 626
f 1095 1094 1104
f 1104 1094 1105
f 1104 1105 1106
f 1106 1105 1107
f 1106 1107 1108
f 1108 1107 1109
f 1108 1109 1110
f 1110 1109 1111
f 1110 1111 1112
f 1112 1111 1113
f 1112 1113 1114
f 1114 1113 1115
f 1114 1115 1116
f 1116 1115 1117
f 1116 1117 1118
f 1118 1117 1119
f 1118 1119 1120
f 1120 1119 1121
f 1120 1121 606
f 606 1121 604
f 1105 1122 1107
f 1107 1122 1109
f 1109 1122 1123
f 1123 1122 1124
f 1123 1124 1125
f 1125 1124 1126
f 1125 1126 1127
f 1127 1126 1128
f 1127 1128 1129
f 1129 1128 1130
f 1129 1130 1131
f 1131 1130 1132
f 1131 1132 1133
f 1133 1132 1130
f 1131 1133 1134
f 1134 1133 1135
f 1134 1135 1136
f 574 576 1136
f 1136 576 1137
f 1136 1137 1134
f 1134 1137 1138
f 1134 1138 1131
f 1131 1138 1139
f 1131 1139 1140
f 1140 1139 1141
f 1140 1141 1142
f 1142 1141 1143
f 1142 1143 1144
f 1144 1143 1145
f 1144 1145 1146
f 1146 1145 1147
f 1146 1147 1119
f 1119 1147 1121
f 587 585 733
f 733 585 731
f 585 583 731
f 731 583 729
f 583 581 729
f 729 581 727
f 581 579 727
f 727 579 725
f 575 573 571
f 579 577 725
f 725 577 571
f 577 575 571
f 586 588 1148
f 1148 588 590
f 1148 590 1149
f 1149 590 592
f 1149 592 1150
f 1150 592 594
f 1150 594 596
f 584 586 1151
f 1151 586 1148
f 1151 1148 1152
f 1152 1148 1149
f 1152 1149 1153
f 1153 1149 1150
f 1153 1150 1154
f 1154 1150 596
f 1154 596 598
f 582 584 1155
f 1155 584 1151
f 1155 1151 1156
f 1156 1151 1152
f 1156 1152 1157
f 1157 1152 1153
f 1157 1153 1158
f 1158 1153 1154
f 1158 1154 1159
f 1159 1154 598
f 1159 598 600
f 580 582 1160
f 1160 582 1155
f 1160 1155 1161
f 1161 1155 1156
f 1161 1156 1162
f 1162 1156 1157
f 1162 1157 1163
f 1163 1157 1158
f 1163 1158 1164
f 1164 1158 1159
f 1164 1159 1165
f 1165 1159 600
f 1165 600 602
f 1137 576 578
f 578 580 1166
f 1166 580 1160
f 1166 1160 1167
f 1167 1160 1161
f 1167 1161 1168
f 1168 1161 1162
f 1168 1162 1169
f 1169 1162 1163
f 1169 1163 1170
f 1170 1163 1164
f 1170 1164 1171
f 1171 1164 1165
f 1171 1165 1172
f 1172 1165 602
f 1172 602 604
f 1167 1138 1166
f 1166 1138 1137
f 1166 1137 578
f 1138 1167 1139
f 1139 1167 1168
f 1139 1168 1141
f 1141 1168 1169
f 1141 1169 1143
f 1143 1169 1170
f 1143 1170 1145
f 1145 1170 1171
f 1145 1171 1147
f 1147 1171 1172
f 1147 1172 1121
f 1121 1172 604
f 1129 1131 1140
f 597 736 1173
f 1173 736 738
f 1173 738 742
f 742 738 740
f 1129 1140 1174
f 1174 1140 1142
f 1174 1142 1175
f 1175 1142 1144
f 1175 1144 1176
f 1176 1144 1146
f 1176 1146 1117
f 1117 1146 1119
f 1129 1174 1127
f 1127 1174 1177
f 1127 1177 1125
f 1125 1177 1178
f 1125 1178 1123
f 1123 1178 1111
f 1123 1111 1109
f 1177 1174 1175
f 597 1173 599
f 599 1173 744
f 599 744 601
f 744 1173 742
f 1177 1175 1179
f 1179 1175 1176
f 1179 1176 1115
f 1115 1176 1117
f 741 749 743
f 743 749 1180
f 743 1180 745
f 745 1180 1181
f 745 1181 603
f 603 1181 605
f 1115 1113 1179
f 1179 1113 1178
f 1179 1178 1177
f 1113 1111 1178
f 750 748 775
f 775 748 773
f 749 751 1180
f 1180 751 1182
f 1180 1182 1181
f 1181 1182 1183
f 1181 1183 605
f 605 1183 607
f 606 608 1120
f 1120 608 1184
f 1120 1184 1118
f 1118 1184 1185
f 1118 1185 1116
f 1116 1185 1186
f 1116 1186 1114
f 1114 1186 1187
f 1114 1187 1112
f 1112 1187 1188
f 1112 1188 1110
f 1110 1188 1189
f 1110 1189 1108
f 1108 1189 1190
f 1108 1190 1106
f 1106 1190 1191
f 1106 1191 1104
f 1104 1191 1095
f 750 775 1192
f 1192 775 777
f 1192 777 783
f 783 777 779
f 751 753 1182
f 1182 753 1193
f 1182 1193 1183
f 1183 1193 1194
f 1183 1194 607
f 607 1194 609
f 608 610 1184
f 1184 610 1195
f 1184 1195 1185
f 1185 1195 1196
f 1185 1196 1186
f 1186 1196 1197
f 1186 1197 1187
f 1187 1197 1198
f 1187 1198 1188
f 1188 1198 1199
f 1188 1199 1189
f 1189 1199 1200
f 1189 1200 1190
f 1190 1200 1201
f 1190 1201 1191
f 1191 1201 1096
f 1191 1096 1095
f 649 647 1202
f 1202 647 645
f 1202 645 862
f 651 649 1203
f 1203 649 1202
f 1203 1202 1204
f 1204 1202 862
f 1204 862 860
f 780 782 781
f 783 1205 1192
f 1192 1205 752
f 1192 752 750
f 752 1205 754
f 754 1205 1206
f 754 1206 756
f 756 1206 1207
f 756 1207 758
f 758 1207 1208
f 758 1208 760
f 760 1208 1209
f 760 1209 762
f 762 1209 1210
f 762 1210 764
f 764 1210 1211
f 764 1211 766
f 766 1211 798
f 1206 1205 785
f 785 1205 783
f 1193 753 755
f 1194 1193 1212
f 1212 1193 755
f 1212 755 757
f 609 1194 1213
f 1213 1194 1212
f 1213 1212 1214
f 1214 1212 757
f 1214 757 759
f 609 1213 611
f 611 1213 1215
f 611 1215 613
f 613 1215 1216
f 613 1216 615
f 615 1216 1217
f 615 1217 617
f 617 1217 1218
f 617 1218 619
f 619 1218 1219
f 619 1219 621
f 621 1219 1220
f 621 1220 623
f 623 1220 772
f 1215 1213 1214
f 1195 610 612
f 1196 1195 1221
f 1221 1195 612
f 1221 612 614
f 1197 1196 1222
f 1222 1196 1221
f 1222 1221 1223
f 1223 1221 614
f 1223 614 616
f 1198 1197 1224
f 1224 1197 1222
f 1224 1222 1225
f 1225 1222 1223
f 1225 1223 1226
f 1226 1223 616
f 1226 616 618
f 1199 1198 1227
f 1227 1198 1224
f 1227 1224 1228
f 1228 1224 1225
f 1228 1225 1229
f 1229 1225 1226
f 1229 1226 1230
f 1230 1226 618
f 1230 618 620
f 1200 1199 1231
f 1231 1199 1227
f 1231 1227 1232
f 1232 1227 1228
f 1232 1228 1233
f 1233 1228 1229
f 1233 1229 1234
f 1234 1229 1230
f 1234 1230 1235
f 1235 1230 620
f 1235 620 622
f 1201 1200 1236
f 1236 1200 1231
f 1236 1231 1237
f 1237 1231 1232
f 1237 1232 1238
f 1238 1232 1233
f 1238 1233 1239
f 1239 1233 1234
f 1239 1234 1240
f 1240 1234 1235
f 1240 1235 1241
f 1241 1235 622
f 1241 622 624
f 1096 1201 1097
f 1097 1201 1236
f 1097 1236 1098
f 1098 1236 1237
f 1098 1237 1099
f 1099 1237 1238
f 1099 1238 1100
f 1100 1238 1239
f 1100 1239 1101
f 1101 1239 1240
f 1101 1240 1102
f 1102 1240 1241
f 1102 1241 1103
f 1103 1241 624
f 1103 624 626
f 861 643 641
f 1204 1242 1203
f 1203 1242 653
f 1203 653 651
f 653 1242 878
f 878 1242 1243
f 878 1243 876
f 876 1243 1244
f 876 1244 874
f 874 1244 1245
f 874 1245 872
f 872 1245 1246
f 872 1246 870
f 870 1246 1247
f 870 1247 868
f 868 1247 1248
f 868 1248 866
f 866 1248 1249
f 866 1249 864
f 864 1249 846
f 1242 1204 1250
f 1250 1204 860
f 1250 860 858
f 657 655 877
f 657 877 659
f 659 877 875
f 659 875 661
f 661 875 873
f 661 873 663
f 663 873 871
f 663 871 665
f 665 871 869
f 665 869 667
f 667 869 867
f 667 867 669
f 669 867 865
f 669 865 671
f 671 865 863
f 671 863 673
f 1093 658 660
f 662 1090 660
f 660 1090 1093
f 1089 1251 1087
f 1087 1251 1252
f 1087 1252 1085
f 1085 1252 1083
f 1251 1253 1252
f 1252 1253 1254
f 1252 1254 1083
f 1083 1254 1081
f 1251 1089 1255
f 1255 1089 1091
f 1255 1091 1256
f 1256 1091 664
f 1256 664 666
f 1253 1071 1254
f 1254 1071 1069
f 1254 1069 1081
f 1081 1069 1067
f 1253 1251 1257
f 1257 1251 1255
f 1257 1255 1258
f 1258 1255 1256
f 1258 1256 1259
f 1259 1256 666
f 1259 666 668
f 1071 1253 1073
f 1073 1253 1257
f 1073 1257 1075
f 1075 1257 1258
f 1075 1258 1077
f 1077 1258 1259
f 1077 1259 1079
f 1079 1259 668
f 1079 668 670
f 1070 1051 1068
f 1068 1051 1049
f 1068 1049 1065
f 1051 1070 1053
f 1053 1070 1072
f 1053 1072 1055
f 1055 1072 1074
f 1055 1074 1057
f 1057 1074 1076
f 1057 1076 1059
f 1059 1076 1078
f 1059 1078 1061
f 1061 1078 1080
f 1061 1080 1063
f 1063 1080 672
f 1063 672 674
f 1050 692 1048
f 1048 692 694
f 1048 694 1046
f 1046 694 696
f 1046 696 1043
f 692 1050 690
f 690 1050 1052
f 690 1052 688
f 688 1052 1054
f 688 1054 686
f 686 1054 1056
f 686 1056 684
f 684 1056 1058
f 684 1058 682
f 682 1058 1060
f 682 1060 680
f 680 1060 1062
f 680 1062 678
f 678 1062 676
f 887 1260 888
f 888 1260 1261
f 888 1261 889
f 889 1261 1262
f 889 1262 890
f 890 1262 1263
f 890 1263 703
f 703 1263 705
f 1260 907 1261
f 1261 907 909
f 1261 909 1262
f 1262 909 911
f 1262 911 1263
f 1263 911 913
f 1263 913 705
f 705 913 707
f 1260 887 1264
f 1264 887 886
f 1264 886 1265
f 1265 886 885
f 1265 885 1266
f 1266 885 884
f 1266 884 1267
f 1267 884 883
f 1267 883 1268
f 1268 883 882
f 1268 882 1269
f 1269 882 881
f 1269 881 891
f 891 881 880
f 907 1260 905
f 905 1260 1264
f 905 1264 903
f 903 1264 1265
f 903 1265 901
f 901 1265 1266
f 901 1266 899
f 899 1266 1267
f 899 1267 897
f 897 1267 1268
f 897 1268 895
f 895 1268 1269
f 895 1269 893
f 893 1269 891
f 908 1270 910
f 910 1270 1271
f 910 1271 912
f 912 1271 1272
f 912 1272 914
f 914 1272 1273
f 914 1273 709
f 709 1273 711
f 1270 931 1271
f 1271 931 933
f 1271 933 1272
f 1272 933 935
f 1272 935 1273
f 1273 935 937
f 1273 937 711
f 711 937 713
f 1270 908 1274
f 1274 908 906
f 1274 906 1275
f 1275 906 904
f 1275 904 1276
f 1276 904 902
f 1276 902 1277
f 1277 902 900
f 1277 900 1278
f 1278 900 898
f 1278 898 1279
f 1279 898 896
f 1279 896 915
f 915 896 894
f 931 1270 929
f 929 1270 1274
f 929 1274 927
f 927 1274 1275
f 927 1275 925
f 925 1275 1276
f 925 1276 923
f 923 1276 1277
f 923 1277 921
f 921 1277 1278
f 921 1278 919
f 919 1278 1279
f 919 1279 917
f 917 1279 915
f 969 972 970
f 970 972 1280
f 970 1280 971
f 971 1280 1281
f 971 1281 950
f 950 1281 717
f 1207 1206 787
f 787 1206 785
f 1215 1214 1282
f 1282 1214 759
f 1282 759 761
f 861 641 1283
f 1283 641 639
f 1283 639 1284
f 1284 639 637
f 1284 637 1285
f 1285 637 635
f 1285 635 1286
f 1286 635 633
f 1286 633 845
f 1242 1250 1243
f 1243 1250 1287
f 1243 1287 1244
f 1244 1287 1288
f 1244 1288 1245
f 1245 1288 1289
f 1245 1289 1246
f 1246 1289 1290
f 1246 1290 1247
f 1247 1290 1291
f 1247 1291 1248
f 1248 1291 847
f 1248 847 1249
f 1249 847 846
f 1287 1250 858
f 961 946 945
f 805 804 810
f 810 804 803
f 810 803 802
f 806 805 812
f 812 805 810
f 786 806 814
f 814 806 812
f 814 788 786
f 1207 787 789
f 1207 789 1208
f 1208 789 791
f 1208 791 1209
f 1209 791 793
f 1209 793 1210
f 1210 793 795
f 1210 795 1211
f 1211 795 797
f 1211 797 798
f 761 1292 1282
f 1282 1292 1216
f 1282 1216 1215
f 1216 1292 1217
f 1217 1292 1293
f 1217 1293 1218
f 1218 1293 1294
f 1218 1294 1219
f 1219 1294 1295
f 1219 1295 1220
f 1220 1295 771
f 1220 771 772
f 1293 1292 763
f 763 1292 761
f 1284 1296 1283
f 1283 1296 859
f 1283 859 861
f 859 1296 857
f 857 1296 1297
f 857 1297 855
f 855 1297 1298
f 855 1298 853
f 853 1298 1299
f 853 1299 851
f 851 1299 1300
f 851 1300 849
f 849 1300 841
f 1296 1284 1301
f 1301 1284 1285
f 1301 1285 1302
f 1302 1285 1286
f 1302 1286 1303
f 1303 1286 845
f 1303 845 843
f 1287 858 856
f 1287 856 1288
f 1288 856 854
f 1288 854 1289
f 1289 854 852
f 1289 852 1290
f 1290 852 850
f 1290 850 1291
f 1291 850 848
f 1291 848 847
f 961 945 1304
f 1304 945 944
f 1304 944 1305
f 1305 944 943
f 1305 943 1306
f 1306 943 942
f 1306 942 1307
f 1307 942 941
f 1307 941 953
f 961 1304 959
f 959 1304 1308
f 959 1308 957
f 957 1308 956
f 1308 1304 1305
f 840 811 833
f 833 811 809
f 813 839 815
f 815 839 1309
f 815 1309 790
f 790 1309 792
f 1294 1293 765
f 765 1293 763
f 1296 1301 1297
f 1297 1301 1310
f 1297 1310 1298
f 1298 1310 1311
f 1298 1311 1299
f 1299 1311 1312
f 1299 1312 1300
f 1300 1312 841
f 1310 1301 1302
f 1308 1305 1313
f 1313 1305 1306
f 1313 1306 1314
f 1314 1306 1307
f 1314 1307 952
f 952 1307 953
f 808 816 834
f 834 816 1315
f 834 1315 832
f 832 1315 1316
f 832 1316 830
f 830 1316 823
f 838 840 831
f 831 840 833
f 839 837 1309
f 1309 837 1317
f 1309 1317 792
f 792 1317 794
f 1295 1294 767
f 767 1294 765
f 1310 1302 1318
f 1318 1302 1303
f 1318 1303 842
f 842 1303 843
f 955 956 1313
f 1313 956 1308
f 955 1313 1314
f 816 818 1315
f 1315 818 1319
f 1315 1319 1316
f 1316 1319 823
f 828 838 829
f 829 838 831
f 837 836 1317
f 1317 836 835
f 1317 835 794
f 794 835 796
f 771 1295 769
f 769 1295 767
f 844 631 629
f 1310 1318 1311
f 1311 1318 1320
f 1311 1320 1312
f 1312 1320 841
f 1320 1318 842
f 954 955 1314
f 954 1314 952
f 823 1319 820
f 820 1319 818
f 770 796 835
f 627 844 629
f 841 1320 842
f 972 973 1280
f 1280 973 1321
f 1280 1321 1281
f 1281 1321 719
f 1281 719 717
f 973 974 1321
f 1321 974 721
f 1321 721 719
f 723 721 974
f 722 724 1322
f 1322 724 975
f 1322 975 1323
f 1323 975 976
f 1323 976 1324
f 1324 976 977
f 1324 977 979
f 720 722 1325
f 1325 722 1322
f 1325 1322 1326
f 1326 1322 1323
f 1326 1323 1327
f 1327 1323 1324
f 1327 1324 1328
f 1328 1324 979
f 1328 979 981
f 718 720 1329
f 1329 720 1325
f 1329 1325 1330
f 1330 1325 1326
f 1330 1326 1331
f 1331 1326 1327
f 1331 1327 1332
f 1332 1327 1328
f 1332 1328 1333
f 1333 1328 981
f 1333 981 983
f 1022 714 716
f 716 718 1334
f 1334 718 1329
f 1334 1329 1335
f 1335 1329 1330
f 1335 1330 1336
f 1336 1330 1331
f 1336 1331 1337
f 1337 1331 1332
f 1337 1332 1338
f 1338 1332 1333
f 1338 1333 1339
f 1339 1333 983
f 1339 983 985
f 1031 710 712
f 1031 712 1023
f 1020 1022 1334
f 1334 1022 716
f 1020 1334 1335
f 1029 1031 1023
f 1029 1023 1021
f 1018 1020 1335
f 1018 1335 1336
f 1027 1029 1021
f 1027 1021 1019
f 1017 1025 1019
f 1019 1025 1027
f 1018 1336 1016
f 1016 1336 1337
f 1016 1337 1014
f 1014 1337 1338
f 1014 1338 1012
f 1012 1338 1339
f 1012 1339 987
f 987 1339 985
f 1004 1002 1008
f 1008 1002 1007
f 133 132 1340
f 1340 132 1341
f 1340 1341 1342
f 1343 1344 1342
f 1342 1344 1345
f 1342 1345 1340
f 1340 1345 1346
f 1340 1346 133
f 133 1346 135
f 135 1346 1347
f 135 1347 137
f 137 1347 1348
f 137 1348 1349
f 1349 1348 1350
f 1349 1350 1351
f 1351 1350 1352
f 1351 1352 1353
f 1353 1352 1354
f 1353 1354 1355
f 1355 1354 1356
f 1355 1356 1357
f 1357 1356 1358
f 1357 1358 1359
f 1359 1358 1360
f 1359 1360 1361
f 1361 1360 1362
f 1361 1362 1363
f 1363 1362 1364
f 1363 1364 1365
f 1365 1364 1366
f 1365 1366 1367
f 1367 1366 1368
f 1367 1368 1369
f 1369 1368 1370
f 1369 1370 1371
f 1371 1370 1372
f 1371 1372 1373
f 1373 1372 1374
f 1373 1374 1375
f 1375 1374 1376
f 1375 1376 1377
f 1377 1376 1378
f 1377 1378 1379
f 1379 1378 1380
f 1379 1380 1381
f 1381 1380 1382
f 1381 1382 1383
f 1383 1382 1384
f 1383 1384 1385
f 1385 1384 1386
f 1385 1386 1387
f 1387 1386 1388
f 1387 1388 1389
f 1389 1388 1390
f 1389 1390 1391
f 1391 1390 1392
f 1392 1390 1393
f 1392 1393 1394
f 1394 1393 1395
f 1394 1395 1396
f 1396 1395 1397
f 1396 1397 1398
f 1398 1397 1399
f 1398 1399 1400
f 1400 1399 1401
f 1400 1401 1402
f 1402 1401 1403
f 1402 1403 1404
f 1404 1403 1405
f 1404 1405 1406
f 1406 1405 1407
f 1406 1407 1408
f 1408 1407 1409
f 1408 1409 1410
f 1410 1409 1411
f 1410 1411 1412
f 1412 1411 1413
f 1412 1413 1414
f 1414 1413 1415
f 1414 1415 1416
f 1416 1415 1417
f 1416 1417 1418
f 1418 1417 1419
f 1418 1419 1420
f 1420 1419 1421
f 1420 1421 1422
f 1422 1421 1423
f 1422 1423 1424
f 1424 1423 1425
f 1424 1425 1426
f 1426 1425 1427
f 1426 1427 1428
f 1428 1427 1429
f 1428 1429 1430
f 1430 1429 1431
f 1430 1431 1432
f 1432 1431 1433
f 1432 1433 1434
f 1434 1433 1435
f 1434 1435 1436
f 1436 1435 1437
f 1436 1437 1438
f 1438 1437 1439
f 1438 1439 1350
f 1350 1439 1352
f 1344 1343 1440
f 1440 1343 1430
f 1440 1430 1432
f 1430 1441 1428
f 1428 1441 1442
f 1428 1442 1443
f 1443 1442 1444
f 1443 1444 1445
f 1445 1444 1446
f 1445 1446 1447
f 1447 1446 1448
f 1447 1448 1449
f 1449 1448 1450
f 1449 1450 1451
f 1451 1450 1452
f 1451 1452 1453
f 1453 1452 1454
f 1453 1454 1455
f 1455 1454 1456
f 1455 1456 1457
f 1457 1456 1458
f 1457 1458 1459
f 1459 1458 1460
f 1459 1460 1461
f 1461 1460 1462
f 1461 1462 1463
f 1463 1462 1464
f 1463 1464 1465
f 1465 1464 1466
f 1465 1466 1467
f 1467 1466 1468
f 1467 1468 1469
f 1442 1470 1444
f 1444 1470 1471
f 1444 1471 1446
f 1446 1471 1472
f 1446 1472 1448
f 1448 1472 1473
f 1448 1473 1450
f 1450 1473 1474
f 1450 1474 1452
f 1452 1474 1475
f 1452 1475 1454
f 1454 1475 1476
f 1454 1476 1456
f 1456 1476 1477
f 1456 1477 1458
f 1458 1477 1478
f 1458 1478 1460
f 1460 1478 1479
f 1460 1479 1462
f 1462 1479 1480
f 1462 1480 1464
f 1464 1480 1481
f 1464 1481 1466
f 1466 1481 1482
f 1466 1482 1483
f 1484 1485 1470
f 1470 1485 1486
f 1470 1486 1487
f 1487 1486 1488
f 1487 1488 1472
f 1472 1488 1473
f 1489 1490 1484
f 1484 1490 1491
f 1484 1491 1485
f 1485 1491 1492
f 1485 1492 1493
f 1493 1492 1494
f 1493 1494 1495
f 1495 1494 1496
f 1495 1496 1474
f 1474 1496 1475
f 1497 1498 1489
f 1489 1498 1499
f 1489 1499 1500
f 1500 1499 1501
f 1500 1501 1502
f 1502 1501 1503
f 1502 1503 1504
f 1504 1503 1505
f 1504 1505 1506
f 1506 1505 1507
f 1506 1507 1494
f 1494 1507 1496
f 1508 1509 1497
f 1497 1509 1510
f 1497 1510 1511
f 1511 1510 1512
f 1511 1512 1513
f 1513 1512 1514
f 1513 1514 1515
f 1515 1514 1516
f 1515 1516 1517
f 1517 1516 1518
f 1517 1518 1519
f 1519 1518 1520
f 1519 1520 1521
f 1521 1520 1522
f 1521 1522 1523
f 1523 1522 1524
f 1523 1524 1525
f 1525 1524 1526
f 1525 1526 1527
f 1527 1526 1528
f 1527 1528 1529
f 1529 1528 1530
f 1529 1530 1481
f 1481 1530 1531
f 1481 1531 1482
f 1532 1533 1508
f 1508 1533 1534
f 1508 1534 1535
f 1535 1534 1536
f 1535 1536 1537
f 1537 1536 1538
f 1537 1538 1539
f 1539 1538 1540
f 1539 1540 1541
f 1541 1540 1542
f 1541 1542 1543
f 1543 1542 1544
f 1543 1544 1545
f 1545 1544 1546
f 1545 1546 1547
f 1547 1546 1548
f 1547 1548 1549
f 1549 1548 1550
f 1549 1550 1551
f 1551 1550 1552
f 1551 1552 1553
f 1553 1552 1554
f 1553 1554 1555
f 1556 1557 1532
f 1532 1557 1558
f 1532 1558 1559
f 1559 1558 1560
f 1559 1560 1561
f 1561 1560 1562
f 1561 1562 1563
f 1563 1562 1564
f 1563 1564 1565
f 1565 1564 1566
f 1565 1566 1567
f 1567 1566 1568
f 1567 1568 1569
f 1569 1568 1570
f 1569 1570 1571
f 1571 1570 1572
f 1571 1572 1573
f 1573 1572 1574
f 1573 1574 1575
f 1575 1574 1576
f 1575 1576 1577
f 1577 1576 1578
f 1577 1578 1579
f 1579 1578 1580
f 1579 1580 1581
f 1581 1580 1550
f 1581 1550 1548
f 1582 1583 1556
f 1556 1583 1584
f 1556 1584 1585
f 1585 1584 1586
f 1585 1586 1587
f 1587 1586 1588
f 1587 1588 1589
f 1589 1588 1590
f 1589 1590 1591
f 1591 1590 1592
f 1591 1592 1593
f 1593 1592 1594
f 1593 1594 1595
f 1595 1594 1596
f 1595 1596 1597
f 1597 1596 1598
f 1597 1598 1599
f 1599 1598 1600
f 1599 1600 1601
f 1601 1600 1602
f 1601 1602 1603
f 1603 1602 1604
f 1603 1604 1605
f 1605 1604 1574
f 1605 1574 1572
f 1606 1607 1582
f 1582 1607 1608
f 1582 1608 1609
f 1609 1608 1610
f 1609 1610 1611
f 1611 1610 1612
f 1611 1612 1613
f 1613 1612 1614
f 1613 1614 1615
f 1615 1614 1616
f 1615 1616 1617
f 1617 1616 1618
f 1617 1618 1619
f 1619 1618 1620
f 1619 1620 1621
f 1621 1620 1622
f 1621 1622 1623
f 1623 1622 1624
f 1623 1624 1625
f 1625 1624 1626
f 1625 1626 1627
f 1627 1626 1628
f 1627 1628 1629
f 1630 1631 1606
f 1606 1631 1632
f 1606 1632 1633
f 1633 1632 1634
f 1633 1634 1635
f 1635 1634 1636
f 1635 1636 1637
f 1637 1636 1638
f 1637 1638 1639
f 1639 1638 1640
f 1639 1640 1641
f 1641 1640 1642
f 1641 1642 1643
f 1643 1642 1644
f 1643 1644 1645
f 1645 1644 1646
f 1645 1646 1647
f 1647 1646 1648
f 1647 1648 1649
f 1649 1648 1650
f 1649 1650 1651
f 1651 1650 1652
f 1651 1652 1653
f 1653 1652 1654
f 1653 1654 1655
f 1655 1654 1656
f 1655 1656 1657
f 1657 1656 1658
f 1657 1658 1659
f 1659 1658 1660
f 1659 1660 1661
f 1661 1660 1662
f 1661 1662 1663
f 1663 1662 1664
f 1663 1664 1665
f 1665 1664 1666
f 1665 1666 1667
f 1667 1666 1668
f 1667 1668 1669
f 1669 1668 1620
f 1669 1620 1618
f 1630 1670 1631
f 1631 1670 1671
f 1631 1671 1672
f 1672 1671 1673
f 1672 1673 1674
f 1674 1673 1675
f 1674 1675 1676
f 1676 1675 1677
f 1676 1677 1678
f 1678 1677 1679
f 1678 1679 1680
f 1680 1679 1681
f 1680 1681 1638
f 1638 1681 1640
f 1675 1682 1677
f 1677 1682 1679
f 1683 1684 1682
f 1682 1684 1685
f 1682 1685 1679
f 1679 1685 1686
f 1679 1686 1681
f 1681 1686 1687
f 1681 1687 1640
f 1640 1687 1642
f 1688 1689 1683
f 1683 1689 1690
f 1683 1690 1685
f 1685 1690 1691
f 1685 1691 1686
f 1686 1691 1692
f 1686 1692 1687
f 1687 1692 1693
f 1687 1693 1642
f 1642 1693 1644
f 1694 1695 1688
f 1688 1695 1696
f 1688 1696 1697
f 1697 1696 1698
f 1697 1698 1689
f 1689 1698 1690
f 1699 1700 1694
f 1694 1700 1701
f 1694 1701 1702
f 1702 1701 1703
f 1702 1703 1704
f 1704 1703 1705
f 1704 1705 1706
f 1706 1705 1707
f 1706 1707 1708
f 1708 1707 1709
f 1708 1709 1710
f 1710 1709 1711
f 1710 1711 1712
f 1712 1711 1713
f 1712 1713 1714
f 1714 1713 1715
f 1714 1715 1716
f 1716 1715 1717
f 1717 1715 1718
f 1717 1718 1719
f 1719 1718 1720
f 1719 1720 1721
f 1721 1720 1722
f 1721 1722 1723
f 1723 1722 1724
f 1723 1724 1725
f 1725 1724 1726
f 1725 1726 1727
f 1727 1726 1728
f 1727 1728 1729
f 1729 1728 1730
f 1729 1730 1731
f 1731 1730 1732
f 1731 1732 1733
f 1733 1732 1734
f 1733 1734 1735
f 1736 1737 1699
f 1699 1737 1738
f 1699 1738 1701
f 1701 1738 1703
f 1739 1740 1736
f 1736 1740 1741
f 1736 1741 1742
f 1742 1741 1743
f 1742 1743 1737
f 1737 1743 1738
f 1744 1745 1739
f 1739 1745 1746
f 1739 1746 1740
f 1740 1746 1741
f 1747 1748 1744
f 1744 1748 1749
f 1744 1749 1745
f 1745 1749 1746
f 1734 1732 1747
f 1747 1732 1750
f 1747 1750 1748
f 1748 1750 1751
f 1748 1751 1749
f 1749 1751 1752
f 1749 1752 1753
f 1753 1752 1754
f 1753 1754 1755
f 1755 1754 1756
f 1755 1756 1757
f 1757 1756 1758
f 1757 1758 1759
f 1759 1758 1760
f 1759 1760 1711
f 1711 1760 1713
f 1733 1735 1761
f 1761 1735 1762
f 1761 1762 1763
f 1763 1762 1764
f 1763 1764 1765
f 1765 1764 1766
f 1765 1766 1767
f 1767 1766 1768
f 1767 1768 1769
f 1762 1770 1764
f 1764 1770 1771
f 1764 1771 1766
f 1766 1771 1772
f 1766 1772 1768
f 1770 1772 1771
f 1767 1769 1773
f 1773 1769 1774
f 1773 1774 1775
f 1775 1774 1776
f 1775 1776 1777
f 1777 1776 1778
f 1777 1778 1779
f 1779 1778 1780
f 1779 1780 1781
f 1781 1780 1782
f 1781 1782 1783
f 1783 1782 1784
f 1783 1784 1785
f 1785 1784 1725
f 1785 1725 1727
f 1780 1786 1782
f 1782 1786 1787
f 1782 1787 1784
f 1784 1787 1723
f 1784 1723 1725
f 1786 1788 1787
f 1787 1788 1719
f 1787 1719 1721
f 1788 1717 1719
f 1716 1789 1714
f 1714 1789 1790
f 1714 1790 1791
f 1791 1790 1792
f 1791 1792 1793
f 1793 1792 1794
f 1793 1794 1795
f 1795 1794 1796
f 1795 1796 1797
f 1797 1796 1798
f 1797 1798 1799
f 1799 1798 1800
f 1799 1800 1801
f 1801 1800 1802
f 1801 1802 1803
f 1803 1802 1804
f 1803 1804 1698
f 1698 1804 1690
f 1789 1805 1790
f 1790 1805 1806
f 1790 1806 1807
f 1807 1806 1808
f 1807 1808 1809
f 1809 1808 1810
f 1809 1810 1811
f 1811 1810 1812
f 1811 1812 1813
f 1813 1812 1814
f 1813 1814 1815
f 1815 1814 1816
f 1815 1816 1817
f 1817 1816 1818
f 1817 1818 1819
f 1819 1818 1692
f 1819 1692 1691
f 1805 1820 1806
f 1806 1820 1656
f 1806 1656 1821
f 1821 1656 1654
f 1821 1654 1822
f 1822 1654 1652
f 1822 1652 1823
f 1823 1652 1650
f 1823 1650 1824
f 1824 1650 1648
f 1824 1648 1825
f 1825 1648 1646
f 1825 1646 1826
f 1826 1646 1644
f 1826 1644 1693
f 1820 1658 1656
f 1660 1827 1662
f 1662 1827 1828
f 1662 1828 1664
f 1664 1828 1666
f 1828 1827 1829
f 1829 1827 1628
f 1829 1628 1626
f 1830 1602 1629
f 1629 1602 1831
f 1629 1831 1627
f 1627 1831 1832
f 1627 1832 1625
f 1625 1832 1833
f 1625 1833 1623
f 1623 1833 1834
f 1623 1834 1621
f 1621 1834 1835
f 1621 1835 1619
f 1619 1835 1836
f 1619 1836 1617
f 1617 1836 1837
f 1617 1837 1615
f 1615 1837 1838
f 1615 1838 1613
f 1613 1838 1839
f 1613 1839 1611
f 1611 1839 1583
f 1611 1583 1609
f 1609 1583 1582
f 1830 1604 1602
f 1604 1576 1574
f 1578 1554 1580
f 1580 1554 1552
f 1580 1552 1550
f 1553 1555 1840
f 1840 1555 1841
f 1840 1841 1528
f 1528 1841 1530
f 1841 1531 1530
f 1483 1468 1466
f 1400 1402 1469
f 1469 1402 1404
f 1469 1404 1467
f 1467 1404 1465
f 1400 1842 1398
f 1398 1842 1843
f 1398 1843 1396
f 1396 1843 1394
f 1391 1844 1389
f 1389 1844 1845
f 1389 1845 1387
f 1387 1845 1846
f 1387 1846 1847
f 1847 1846 1848
f 1848 1846 1845
f 1387 1847 1385
f 1385 1847 1383
f 1381 1383 1849
f 1849 1383 1850
f 1849 1850 1381
f 1381 1850 1851
f 1381 1851 1379
f 1379 1851 1852
f 1379 1852 1377
f 1377 1852 1853
f 1377 1853 1375
f 1375 1853 1854
f 1375 1854 1373
f 1373 1854 1855
f 1373 1855 1371
f 1371 1855 1856
f 1371 1856 1369
f 1369 1856 1857
f 1369 1857 1367
f 1367 1857 1858
f 1367 1858 1365
f 1365 1858 1859
f 1365 1859 1363
f 1363 1859 1860
f 1363 1860 1361
f 1361 1860 1861
f 1361 1861 1359
f 1359 1861 146
f 1359 146 144
f 1851 1850 1862
f 1862 1850 1863
f 1862 1863 1864
f 1864 160 1862
f 1862 160 1851
f 160 158 1851
f 1851 158 1852
f 1852 158 1853
f 1853 158 156
f 1853 156 1854
f 1854 156 154
f 1854 154 1855
f 1855 154 153
f 1855 153 1856
f 1856 153 1857
f 153 151 1857
f 1857 151 1858
f 151 149 1858
f 1858 149 1859
f 149 147 1859
f 1859 147 1860
f 1860 147 1861
f 1861 147 146
f 1359 144 1357
f 1357 144 142
f 1357 142 1355
f 1355 142 1353
f 142 140 1353
f 1353 140 1351
f 140 139 1351
f 1351 139 1349
f 139 137 1349
f 1737 1736 1742
f 1689 1688 1697
f 1632 1631 1865
f 1865 1631 1672
f 1865 1672 1866
f 1866 1672 1674
f 1866 1674 1676
f 1633 1867 1606
f 1606 1867 1868
f 1606 1868 1869
f 1869 1868 1870
f 1869 1870 1871
f 1871 1870 1872
f 1871 1872 1873
f 1873 1872 1874
f 1873 1874 1875
f 1875 1874 1876
f 1875 1876 1877
f 1877 1876 1878
f 1877 1878 1879
f 1879 1878 1880
f 1879 1880 1881
f 1881 1880 1882
f 1881 1882 1883
f 1883 1882 1884
f 1883 1884 1885
f 1885 1884 1886
f 1885 1886 1887
f 1887 1886 1888
f 1887 1888 1889
f 1889 1888 1659
f 1889 1659 1661
f 1633 1635 1867
f 1867 1635 1890
f 1867 1890 1868
f 1868 1890 1870
f 1869 1891 1606
f 1606 1891 1892
f 1606 1892 1893
f 1893 1892 1894
f 1893 1894 1895
f 1895 1894 1896
f 1895 1896 1897
f 1897 1896 1898
f 1897 1898 1899
f 1899 1898 1900
f 1899 1900 1901
f 1901 1900 1902
f 1901 1902 1903
f 1903 1902 1904
f 1903 1904 1905
f 1905 1904 1906
f 1905 1906 1907
f 1907 1906 1908
f 1907 1908 1665
f 1665 1908 1663
f 1869 1871 1891
f 1891 1871 1909
f 1891 1909 1892
f 1892 1909 1894
f 1607 1606 1893
f 1893 1895 1607
f 1607 1895 1910
f 1607 1910 1608
f 1608 1910 1610
f 1586 1584 1839
f 1839 1584 1583
f 1557 1556 1911
f 1911 1556 1585
f 1911 1585 1587
f 1557 1911 1912
f 1912 1911 1587
f 1912 1587 1589
f 1558 1557 1913
f 1913 1557 1912
f 1913 1912 1914
f 1914 1912 1589
f 1914 1589 1591
f 1533 1532 1915
f 1915 1532 1559
f 1915 1559 1561
f 1533 1915 1916
f 1916 1915 1561
f 1916 1561 1563
f 1509 1508 1535
f 1534 1533 1917
f 1917 1533 1916
f 1917 1916 1918
f 1918 1916 1563
f 1918 1563 1565
f 1535 1537 1509
f 1509 1537 1919
f 1509 1919 1510
f 1510 1919 1512
f 1511 1920 1497
f 1497 1920 1921
f 1497 1921 1498
f 1498 1921 1922
f 1498 1922 1923
f 1923 1922 1924
f 1923 1924 1925
f 1925 1924 1926
f 1925 1926 1927
f 1927 1926 1928
f 1927 1928 1929
f 1929 1928 1930
f 1929 1930 1931
f 1931 1930 1932
f 1931 1932 1933
f 1933 1932 1934
f 1933 1934 1478
f 1478 1934 1479
f 1511 1513 1920
f 1920 1513 1935
f 1920 1935 1921
f 1921 1935 1922
f 1490 1489 1500
f 1501 1499 1923
f 1923 1499 1498
f 1500 1502 1490
f 1490 1502 1936
f 1490 1936 1491
f 1491 1936 1492
f 1471 1470 1487
f 1488 1486 1493
f 1493 1486 1485
f 1472 1471 1487
f 1426 1428 1443
f 1426 1443 1445
f 1431 1429 1937
f 1937 1429 1427
f 1937 1427 1938
f 1938 1427 1425
f 1938 1425 1939
f 1939 1425 1423
f 1939 1423 1940
f 1940 1423 1421
f 1940 1421 1941
f 1941 1421 1419
f 1941 1419 1942
f 1942 1419 1417
f 1942 1417 1943
f 1943 1417 1415
f 1943 1415 1944
f 1944 1415 1413
f 1944 1413 1945
f 1945 1413 1411
f 1945 1411 1946
f 1946 1411 1409
f 1946 1409 1947
f 1947 1409 1407
f 1947 1407 1948
f 1948 1407 1405
f 1948 1405 1949
f 1949 1405 1403
f 1949 1403 1399
f 1399 1403 1401
f 1432 1434 1440
f 1440 1434 1950
f 1440 1950 1344
f 1344 1950 1951
f 1344 1951 1345
f 1345 1951 1346
f 1632 1865 1634
f 1634 1865 1952
f 1634 1952 1636
f 1636 1952 1680
f 1636 1680 1638
f 1952 1865 1866
f 1635 1637 1890
f 1890 1637 1953
f 1890 1953 1870
f 1870 1953 1872
f 1871 1873 1909
f 1909 1873 1954
f 1909 1954 1894
f 1894 1954 1896
f 1895 1897 1910
f 1910 1897 1955
f 1910 1955 1610
f 1610 1955 1612
f 1588 1586 1838
f 1838 1586 1839
f 1558 1913 1560
f 1560 1913 1956
f 1560 1956 1562
f 1562 1956 1957
f 1562 1957 1564
f 1564 1957 1958
f 1564 1958 1566
f 1566 1958 1959
f 1566 1959 1568
f 1568 1959 1960
f 1568 1960 1570
f 1570 1960 1961
f 1570 1961 1572
f 1572 1961 1605
f 1956 1913 1914
f 1534 1917 1536
f 1536 1917 1962
f 1536 1962 1538
f 1538 1962 1963
f 1538 1963 1540
f 1540 1963 1964
f 1540 1964 1542
f 1542 1964 1965
f 1542 1965 1544
f 1544 1965 1966
f 1544 1966 1546
f 1546 1966 1967
f 1546 1967 1548
f 1548 1967 1581
f 1962 1917 1918
f 1537 1539 1919
f 1919 1539 1968
f 1919 1968 1512
f 1512 1968 1514
f 1513 1515 1935
f 1935 1515 1969
f 1935 1969 1922
f 1922 1969 1924
f 1503 1501 1925
f 1925 1501 1923
f 1502 1504 1936
f 1936 1504 1506
f 1936 1506 1492
f 1492 1506 1494
f 1473 1488 1495
f 1495 1488 1493
f 1424 1426 1445
f 1424 1445 1447
f 1431 1937 1433
f 1433 1937 1970
f 1433 1970 1435
f 1435 1970 1971
f 1435 1971 1437
f 1437 1971 1972
f 1437 1972 1439
f 1439 1972 1973
f 1439 1973 1352
f 1352 1973 1354
f 1970 1937 1938
f 1434 1436 1950
f 1950 1436 1974
f 1950 1974 1951
f 1951 1974 1347
f 1951 1347 1346
f 1676 1678 1866
f 1866 1678 1952
f 1678 1680 1952
f 1637 1639 1953
f 1953 1639 1975
f 1953 1975 1872
f 1872 1975 1874
f 1873 1875 1954
f 1954 1875 1976
f 1954 1976 1896
f 1896 1976 1898
f 1955 1897 1977
f 1977 1897 1899
f 1977 1899 1901
f 1612 1955 1978
f 1978 1955 1977
f 1978 1977 1979
f 1979 1977 1901
f 1979 1901 1903
f 1590 1588 1837
f 1837 1588 1838
f 1956 1914 1980
f 1980 1914 1591
f 1980 1591 1593
f 1962 1918 1981
f 1981 1918 1565
f 1981 1565 1567
f 1539 1541 1968
f 1968 1541 1982
f 1968 1982 1514
f 1514 1982 1516
f 1515 1517 1969
f 1969 1517 1983
f 1969 1983 1924
f 1924 1983 1926
f 1505 1503 1927
f 1927 1503 1925
f 1474 1473 1495
f 1422 1424 1447
f 1422 1447 1449
f 1970 1938 1984
f 1984 1938 1939
f 1984 1939 1985
f 1985 1939 1940
f 1985 1940 1986
f 1986 1940 1941
f 1986 1941 1987
f 1987 1941 1942
f 1987 1942 1988
f 1988 1942 1943
f 1988 1943 1989
f 1989 1943 1944
f 1989 1944 1990
f 1990 1944 1945
f 1990 1945 1991
f 1991 1945 1946
f 1991 1946 1992
f 1992 1946 1947
f 1992 1947 1993
f 1993 1947 1948
f 1993 1948 1994
f 1994 1948 1949
f 1994 1949 1995
f 1995 1949 1399
f 1995 1399 1397
f 1347 1974 1438
f 1438 1974 1436
f 1348 1347 1438
f 1348 1438 1350
f 1971 1996 1997
f 1997 1996 1998
f 1997 1998 1999
f 1999 1998 2000
f 1999 2000 2001
f 2001 2000 2002
f 2001 2002 2003
f 2003 2002 2004
f 2003 2004 2005
f 2005 2004 2006
f 2005 2006 2007
f 2007 2006 2008
f 2007 2008 2009
f 2009 2008 2010
f 2009 2010 2011
f 2011 2010 2012
f 2011 2012 2013
f 2013 2012 2014
f 2013 2014 2015
f 2015 2014 2016
f 2015 2016 2017
f 2017 2016 2018
f 2017 2018 2019
f 2019 2018 2020
f 2019 2020 2021
f 2021 2020 1395
f 2021 1395 2022
f 2022 1395 1393
f 2022 1393 1390
f 1996 1984 1998
f 1998 1984 1985
f 1998 1985 2000
f 2000 1985 1986
f 2000 1986 2002
f 2002 1986 1987
f 2002 1987 2004
f 2004 1987 1988
f 2004 1988 2006
f 2006 1988 1989
f 2006 1989 2008
f 2008 1989 1990
f 2008 1990 2010
f 2010 1990 1991
f 2010 1991 2012
f 2012 1991 1992
f 2012 1992 2014
f 2014 1992 1993
f 2014 1993 2016
f 2016 1993 1994
f 2016 1994 2018
f 2018 1994 1995
f 2018 1995 2020
f 2020 1995 1397
f 2020 1397 1395
f 1984 1996 1970
f 1970 1996 1971
f 1422 1449 1420
f 1420 1449 1451
f 1420 1451 1418
f 1418 1451 1453
f 1418 1453 1416
f 1416 1453 1455
f 1416 1455 1414
f 1414 1455 1457
f 1414 1457 1412
f 1412 1457 1459
f 1412 1459 1410
f 1410 1459 1461
f 1410 1461 1408
f 1408 1461 1463
f 1408 1463 1406
f 1406 1463 1465
f 1406 1465 1404
f 1496 1507 2023
f 2023 1507 2024
f 2023 2024 2025
f 2025 2024 1931
f 2025 1931 1933
f 1507 1505 2024
f 2024 1505 1929
f 2024 1929 1931
f 1505 1927 1929
f 1926 1983 2026
f 2026 1983 1519
f 2026 1519 1521
f 1983 1517 1519
f 1516 1982 2027
f 2027 1982 1543
f 2027 1543 1545
f 1982 1541 1543
f 1963 1981 2028
f 2028 1981 1567
f 2028 1567 1569
f 1981 1963 1962
f 1957 1980 2029
f 2029 1980 1593
f 2029 1593 1595
f 1980 1957 1956
f 1592 1590 1836
f 1836 1590 1837
f 1614 1978 2030
f 2030 1978 1979
f 2030 1979 2031
f 2031 1979 1903
f 2031 1903 1905
f 1978 1614 1612
f 1898 1976 2032
f 2032 1976 1877
f 2032 1877 1879
f 1976 1875 1877
f 1874 1975 2033
f 2033 1975 1641
f 2033 1641 1643
f 1975 1639 1641
f 1874 2033 1876
f 1876 2033 2034
f 1876 2034 1878
f 1878 2034 2035
f 1878 2035 1880
f 1880 2035 2036
f 1880 2036 1882
f 1882 2036 2037
f 1882 2037 1884
f 1884 2037 2038
f 1884 2038 1886
f 1886 2038 2039
f 1886 2039 1888
f 1888 2039 1657
f 1888 1657 1659
f 2034 2033 1643
f 1898 2032 1900
f 1900 2032 2040
f 1900 2040 1902
f 1902 2040 2041
f 1902 2041 1904
f 1904 2041 2042
f 1904 2042 1906
f 1906 2042 2043
f 1906 2043 1908
f 1908 2043 2044
f 1908 2044 1663
f 1663 2044 1661
f 2040 2032 1879
f 1614 2030 1616
f 1616 2030 2045
f 1616 2045 1618
f 1618 2045 1669
f 2045 2030 2031
f 1594 1592 1835
f 1835 1592 1836
f 1957 2029 1958
f 1958 2029 2046
f 1958 2046 1959
f 1959 2046 2047
f 1959 2047 1960
f 1960 2047 2048
f 1960 2048 1961
f 1961 2048 1603
f 1961 1603 1605
f 2046 2029 1595
f 1963 2028 1964
f 1964 2028 2049
f 1964 2049 1965
f 1965 2049 2050
f 1965 2050 1966
f 1966 2050 2051
f 1966 2051 1967
f 1967 2051 2052
f 1967 2052 1581
f 1581 2052 1579
f 2049 2028 1569
f 1516 2027 1518
f 1518 2027 2053
f 1518 2053 1520
f 1520 2053 2054
f 1520 2054 1522
f 1522 2054 2055
f 1522 2055 1524
f 1524 2055 2056
f 1524 2056 1526
f 1526 2056 1840
f 1526 1840 1528
f 2053 2027 1545
f 1926 2026 1928
f 1928 2026 2057
f 1928 2057 1930
f 1930 2057 2058
f 1930 2058 1932
f 1932 2058 2059
f 1932 2059 1934
f 1934 2059 2060
f 1934 2060 1479
f 1479 2060 1480
f 2057 2026 1521
f 1476 1475 2023
f 2023 1475 1496
f 1476 2023 2025
f 1971 1997 1972
f 1972 1997 2061
f 1972 2061 1973
f 1973 2061 2062
f 1973 2062 1354
f 1354 2062 1356
f 2061 1997 1999
f 1683 1685 1684
f 2035 2034 1645
f 1645 2034 1643
f 2041 2040 1881
f 1881 2040 1879
f 2045 2031 2063
f 2063 2031 1905
f 2063 1905 1907
f 1596 1594 1834
f 1834 1594 1835
f 2047 2046 1597
f 1597 2046 1595
f 2050 2049 1571
f 1571 2049 1569
f 2054 2053 1547
f 1547 2053 1545
f 2058 2057 1523
f 1523 2057 1521
f 1477 1476 2025
f 1477 2025 1933
f 2061 1999 2064
f 2064 1999 2001
f 2064 2001 2065
f 2065 2001 2003
f 2065 2003 2066
f 2066 2003 2005
f 2066 2005 2007
f 1819 1691 1804
f 1804 1691 1690
f 1826 1693 1818
f 1818 1693 1692
f 2036 2035 1647
f 1647 2035 1645
f 2042 2041 1883
f 1883 2041 1881
f 1667 1669 2063
f 2063 1669 2045
f 1667 2063 1907
f 1622 1620 1668
f 1598 1596 1833
f 1833 1596 1834
f 2048 2047 1599
f 1599 2047 1597
f 2051 2050 1573
f 1573 2050 1571
f 2055 2054 1549
f 1549 2054 1547
f 2059 2058 1525
f 1525 2058 1523
f 1478 1477 1933
f 2061 2064 2062
f 2062 2064 2067
f 2062 2067 1356
f 1356 2067 1358
f 2067 2064 2065
f 2067 2065 2068
f 2068 2065 2066
f 2068 2066 2069
f 2069 2066 2007
f 2069 2007 2070
f 2070 2007 2009
f 2070 2009 2071
f 2071 2009 2011
f 2071 2011 2072
f 2072 2011 2013
f 2072 2013 2073
f 2073 2013 2015
f 2073 2015 2074
f 2074 2015 2017
f 2074 2017 2075
f 2075 2017 2019
f 2075 2019 2076
f 2076 2019 2021
f 2076 2021 2077
f 2077 2021 2022
f 2077 2022 2078
f 2078 2022 1390
f 2078 1390 1388
f 2060 2059 1527
f 1527 2059 1525
f 2056 2055 1551
f 1551 2055 1549
f 2052 2051 1575
f 1575 2051 1573
f 1601 1603 2048
f 2048 1599 1601
f 1600 1598 1832
f 1832 1598 1833
f 1622 1668 2079
f 2079 1668 1666
f 2079 1666 1828
f 1667 1907 1665
f 2043 2042 1885
f 1885 2042 1883
f 2037 2036 1649
f 1649 2036 1647
f 1825 1826 1816
f 1816 1826 1818
f 1817 1819 1802
f 1802 1819 1804
f 1803 1698 1696
f 1803 1696 1694
f 1694 1696 1695
f 1815 1817 1800
f 1800 1817 1802
f 1824 1825 1814
f 1814 1825 1816
f 2038 2037 1651
f 1651 2037 1649
f 2044 2043 1887
f 1887 2043 1885
f 1622 2079 1624
f 1624 2079 1829
f 1624 1829 1626
f 1829 2079 1828
f 1602 1600 1831
f 1831 1600 1832
f 1579 2052 1577
f 1577 2052 1575
f 1840 2056 1553
f 1553 2056 1551
f 1480 2060 1529
f 1529 2060 1527
f 2067 2068 1358
f 1358 2068 2080
f 1358 2080 1360
f 1360 2080 1362
f 2080 2068 2069
f 1699 1701 1700
f 1803 1694 1702
f 1803 1702 1801
f 1801 1702 1704
f 1801 1704 1799
f 1799 1704 1706
f 1799 1706 1797
f 1797 1706 1708
f 1797 1708 1795
f 1795 1708 1710
f 1795 1710 1793
f 1793 1710 1712
f 1793 1712 1791
f 1791 1712 1714
f 1813 1815 1798
f 1798 1815 1800
f 1823 1824 1812
f 1812 1824 1814
f 2039 2038 1653
f 1653 2038 1651
f 1661 2044 1889
f 1889 2044 1887
f 1481 1480 1529
f 2080 2069 2081
f 2081 2069 2070
f 2081 2070 2082
f 2082 2070 2071
f 2082 2071 2083
f 2083 2071 2072
f 2083 2072 2084
f 2084 2072 2073
f 2084 2073 2085
f 2085 2073 2074
f 2085 2074 2086
f 2086 2074 2075
f 2086 2075 2087
f 2087 2075 2076
f 2087 2076 2088
f 2088 2076 2077
f 2088 2077 2089
f 2089 2077 2078
f 2089 2078 2090
f 2090 2078 1388
f 2090 1388 1386
f 1703 1738 2091
f 2091 1738 1743
f 2091 1743 2092
f 2092 1743 1741
f 2092 1741 2093
f 2093 1741 1746
f 2093 1746 1753
f 1753 1746 1749
f 1811 1813 1796
f 1796 1813 1798
f 1822 1823 1810
f 1810 1823 1812
f 1657 2039 1655
f 1655 2039 1653
f 1821 1822 1808
f 1808 1822 1810
f 1809 1811 1794
f 1794 1811 1796
f 1705 2091 2094
f 2094 2091 2092
f 2094 2092 2095
f 2095 2092 2093
f 2095 2093 1755
f 1755 2093 1753
f 2091 1705 1703
f 1705 2094 1707
f 1707 2094 2096
f 1707 2096 1709
f 1709 2096 1759
f 1709 1759 1711
f 2096 2094 2095
f 1807 1809 1792
f 1792 1809 1794
f 1806 1821 1808
f 1755 1757 2095
f 2095 1757 2096
f 1757 1759 2096
f 1790 1807 1792
f 1718 1715 1713
f 1720 1718 1760
f 1760 1718 1713
f 1722 1720 1758
f 1758 1720 1760
f 1724 1722 1756
f 1756 1722 1758
f 1726 1724 1754
f 1754 1724 1756
f 1728 1726 1752
f 1752 1726 1754
f 1730 1728 1751
f 1751 1728 1752
f 1732 1730 1750
f 1750 1730 1751
f 1731 1733 2097
f 2097 1733 1761
f 2097 1761 2098
f 2098 1761 1763
f 2098 1763 1765
f 1729 1731 2099
f 2099 1731 2097
f 2099 2097 2100
f 2100 2097 2098
f 2100 2098 2101
f 2101 2098 1765
f 2101 1765 1767
f 1727 1729 2102
f 2102 1729 2099
f 2102 2099 2103
f 2103 2099 2100
f 2103 2100 2104
f 2104 2100 2101
f 2104 2101 1773
f 1773 2101 1767
f 1787 1721 1723
f 1727 2102 1785
f 1785 2102 2105
f 1785 2105 1783
f 1783 2105 2106
f 1783 2106 1781
f 1781 2106 1779
f 2105 2102 2103
f 2105 2103 2107
f 2107 2103 2104
f 2107 2104 1775
f 1775 2104 1773
f 2105 2107 2106
f 2106 2107 1777
f 2106 1777 1779
f 1777 2107 1775
f 1364 1362 2081
f 2081 1362 2080
f 1364 2081 2082
f 1366 1364 2082
f 1366 2082 2083
f 1368 1366 2083
f 1368 2083 2084
f 1370 1368 2084
f 1370 2084 2085
f 1370 2085 1372
f 1372 2085 2086
f 1372 2086 1374
f 1374 2086 2087
f 1374 2087 1376
f 1376 2087 2088
f 1376 2088 1378
f 1378 2088 2089
f 1378 2089 1380
f 1380 2089 2090
f 1380 2090 1382
f 1382 2090 1386
f 1382 1386 1384
f 1770 2108 1772
f 1772 2108 2109
f 1772 2109 2110
f 2110 2109 2111
f 2110 2111 2112
f 2112 2111 2113
f 2112 2113 2114
f 2114 2113 2115
f 2114 2115 2116
f 2116 2115 2117
f 2116 2117 2118
f 2118 2117 2119
f 2118 2119 2120
f 2120 2119 2121
f 2120 2121 2122
f 2122 2121 2123
f 2123 2121 2124
f 2124 2121 2125
f 2124 2125 2126
f 2126 2125 2127
f 2126 2127 2128
f 2128 2127 2129
f 2128 2129 2130
f 2130 2129 2131
f 2131 2129 2132
f 2131 2132 2133
f 2133 2132 2134
f 2133 2134 2135
f 2135 2134 2136
f 2135 2136 2137
f 2137 2136 2138
f 2137 2138 2139
f 2139 2138 2140
f 2139 2140 2141
f 2141 2140 2142
f 2141 2142 2143
f 2143 2142 2144
f 2143 2144 2145
f 2145 2144 2146
f 2145 2146 2147
f 2147 2146 2148
f 2147 2148 2149
f 2149 2148 2150
f 2149 2150 2151
f 2151 2150 2152
f 2151 2152 2153
f 2153 2152 2154
f 2153 2154 2155
f 2155 2154 2156
f 2155 2156 2157
f 2157 2156 2158
f 2157 2158 2159
f 2159 2158 2160
f 2159 2160 2161
f 2161 2160 2162
f 2161 2162 726
f 726 2162 728
f 728 2162 2163
f 728 2163 2164
f 2164 2163 2165
f 2164 2165 2166
f 2166 2165 2167
f 2166 2167 2168
f 2168 2167 2169
f 2168 2169 2170
f 2108 2171 2109
f 2109 2171 2172
f 2109 2172 2173
f 2173 2172 2174
f 2173 2174 2175
f 2175 2174 2176
f 2175 2176 2177
f 2177 2176 2178
f 2177 2178 2179
f 2179 2178 2180
f 2179 2180 2181
f 2181 2180 2182
f 2181 2182 2183
f 2183 2182 2184
f 2183 2184 2185
f 2185 2184 2186
f 2185 2186 2140
f 2140 2186 2142
f 2178 2187 2180
f 2180 2187 2188
f 2180 2188 2182
f 2182 2188 2189
f 2182 2189 2184
f 2184 2189 2190
f 2184 2190 2186
f 2186 2190 2191
f 2186 2191 2142
f 2142 2191 2144
f 2187 2192 2188
f 2188 2192 2193
f 2188 2193 2189
f 2189 2193 2194
f 2189 2194 2190
f 2190 2194 2195
f 2190 2195 2191
f 2191 2195 2196
f 2191 2196 2144
f 2144 2196 2146
f 2193 2192 2197
f 2197 2192 2198
f 2197 2198 2199
f 2199 2198 2200
f 2199 2200 2201
f 2201 2200 2202
f 2201 2202 2203
f 2203 2202 2204
f 2203 2204 2205
f 2205 2204 2206
f 2205 2206 2207
f 2207 2206 2208
f 2207 2208 2209
f 2209 2208 2210
f 2209 2210 2211
f 2211 2210 2212
f 2211 2212 2213
f 2213 2212 2214
f 2213 2214 2215
f 2215 2214 2169
f 2215 2169 2167
f 2198 2216 2200
f 2200 2216 2202
f 2216 2217 2202
f 2202 2217 2204
f 2204 2217 2206
f 2206 2217 2218
f 2206 2218 2208
f 2208 2218 2219
f 2208 2219 2210
f 2210 2219 2212
f 2219 2214 2212
f 2168 2170 2220
f 2220 2170 2221
f 2220 2221 2222
f 2222 2221 2223
f 2222 2223 2224
f 734 732 2224
f 2224 732 2222
f 2222 732 2225
f 2225 732 730
f 2225 730 2164
f 2164 730 728
f 726 570 2161
f 2161 570 2226
f 2161 2226 2159
f 2159 2226 2227
f 2159 2227 2157
f 2157 2227 2228
f 2157 2228 2155
f 2155 2228 2229
f 2155 2229 2153
f 2153 2229 2230
f 2153 2230 2151
f 2151 2230 2231
f 2151 2231 2232
f 572 2233 570
f 570 2233 2234
f 570 2234 2226
f 2226 2234 2235
f 2226 2235 2227
f 2227 2235 2236
f 2227 2236 2237
f 2227 2237 2228
f 2228 2237 2238
f 2228 2238 2229
f 2229 2238 2239
f 2229 2239 2240
f 2229 2240 2230
f 2230 2240 2241
f 2230 2241 2231
f 2242 2147 2232
f 2232 2147 2149
f 2232 2149 2151
f 2243 2143 2242
f 2242 2143 2145
f 2242 2145 2147
f 2143 2243 2141
f 2141 2243 2244
f 2141 2244 2139
f 2139 2244 2137
f 2244 2245 2137
f 2137 2245 2135
f 2245 2131 2135
f 2135 2131 2133
f 2122 2246 2120
f 2120 2246 2247
f 2120 2247 1776
f 1776 2247 2248
f 1776 2248 1778
f 2120 1776 2118
f 2118 1776 1774
f 2118 1774 2116
f 2116 1774 1769
f 2116 1769 2114
f 2114 1769 2112
f 1769 1768 2112
f 2112 1768 2110
f 1768 1772 2110
f 2109 2173 2111
f 2111 2173 2249
f 2111 2249 2250
f 2250 2249 2251
f 2250 2251 2252
f 2252 2251 2253
f 2252 2253 2254
f 2254 2253 2255
f 2254 2255 2256
f 2256 2255 2257
f 2256 2257 2136
f 2136 2257 2138
f 2111 2250 2113
f 2113 2250 2258
f 2113 2258 2115
f 2115 2258 2259
f 2115 2259 2117
f 2117 2259 2260
f 2117 2260 2119
f 2119 2260 2125
f 2119 2125 2121
f 2173 2175 2249
f 2249 2175 2261
f 2249 2261 2251
f 2251 2261 2262
f 2251 2262 2253
f 2253 2262 2181
f 2253 2181 2255
f 2255 2181 2183
f 2255 2183 2257
f 2257 2183 2185
f 2257 2185 2138
f 2138 2185 2140
f 2250 2252 2258
f 2258 2252 2263
f 2258 2263 2259
f 2259 2263 2264
f 2259 2264 2260
f 2260 2264 2127
f 2260 2127 2125
f 2175 2177 2261
f 2261 2177 2179
f 2261 2179 2262
f 2262 2179 2181
f 2252 2254 2263
f 2263 2254 2265
f 2263 2265 2264
f 2264 2265 2132
f 2264 2132 2127
f 2127 2132 2129
f 2134 2132 2265
f 2134 2265 2256
f 2256 2265 2254
f 2134 2256 2136
f 2195 2194 2199
f 2199 2194 2197
f 2194 2193 2197
f 2195 2199 2266
f 2266 2199 2201
f 2266 2201 2267
f 2267 2201 2203
f 2267 2203 2268
f 2268 2203 2205
f 2268 2205 2269
f 2269 2205 2207
f 2269 2207 2270
f 2270 2207 2209
f 2270 2209 2271
f 2271 2209 2211
f 2271 2211 2272
f 2272 2211 2213
f 2272 2213 2273
f 2273 2213 2167
f 2273 2167 2165
f 2195 2266 2196
f 2196 2266 2274
f 2196 2274 2146
f 2146 2274 2148
f 2274 2266 2267
f 2274 2267 2275
f 2275 2267 2268
f 2275 2268 2276
f 2276 2268 2269
f 2276 2269 2277
f 2277 2269 2270
f 2277 2270 2278
f 2278 2270 2271
f 2278 2271 2279
f 2279 2271 2272
f 2279 2272 2280
f 2280 2272 2273
f 2280 2273 2281
f 2281 2273 2165
f 2281 2165 2163
f 2150 2148 2275
f 2275 2148 2274
f 2150 2275 2276
f 2152 2150 2276
f 2152 2276 2277
f 2154 2152 2277
f 2154 2277 2278
f 2167 2213 2215
f 2154 2278 2156
f 2156 2278 2279
f 2156 2279 2158
f 2158 2279 2280
f 2158 2280 2160
f 2160 2280 2281
f 2160 2281 2162
f 2162 2281 2163
f 2168 2220 2166
f 2166 2220 2225
f 2166 2225 2164
f 2222 2225 2220
f 103 951 104
f 104 951 2282
f 104 2282 106
f 106 2282 2283
f 106 2283 2284
f 2284 2283 2285
f 2284 2285 2286
f 2286 2285 2287
f 2286 2287 2288
f 2288 2287 2289
f 2288 2289 2290
f 2290 2289 2291
f 2290 2291 2292
f 2292 2291 2293
f 2292 2293 2294
f 2294 2293 2295
f 2294 2295 2296
f 2296 2295 2297
f 2296 2297 2298
f 2298 2297 2299
f 2298 2299 2300
f 2300 2299 2301
f 2300 2301 2302
f 2302 2301 2303
f 2302 2303 2304
f 2304 2303 2305
f 2304 2305 2306
f 2306 2305 2307
f 2306 2307 2308
f 2308 2307 2309
f 2308 2309 2310
f 2310 2309 2311
f 2310 2311 2312
f 2312 2311 2313
f 2312 2313 2314
f 951 939 2282
f 2282 939 2315
f 2282 2315 2283
f 2283 2315 2285
f 939 916 2315
f 2315 916 2316
f 2315 2316 2285
f 2285 2316 2287
f 916 892 2316
f 2316 892 2317
f 2316 2317 2287
f 2287 2317 2289
f 892 879 2317
f 2317 879 2318
f 2317 2318 2289
f 2289 2318 2291
f 879 677 2318
f 2318 677 2319
f 2318 2319 2291
f 2291 2319 2293
f 677 675 2319
f 2319 675 2320
f 2319 2320 2293
f 2293 2320 2295
f 675 846 2320
f 2320 846 2321
f 2320 2321 2295
f 2295 2321 2297
f 2321 846 2322
f 2322 846 841
f 2322 841 2323
f 2323 841 627
f 2323 627 2324
f 2324 627 2325
f 2324 2325 2303
f 2303 2325 2305
f 627 770 2325
f 2325 770 2326
f 2325 2326 2305
f 2305 2326 2307
f 770 827 2326
f 2326 827 2327
f 2326 2327 2307
f 2307 2327 2309
f 827 823 2327
f 2327 823 2328
f 2327 2328 2309
f 2309 2328 2311
f 823 825 2328
f 2328 825 826
f 2328 826 2329
f 2328 2329 2311
f 2311 2329 2313
f 2312 2314 2330
f 2330 2314 2331
f 2330 2331 2332
f 2332 2331 2333
f 2332 2333 2334
f 2334 2333 2335
f 2334 2335 2336
f 2336 2335 2337
f 2336 2337 2338
f 2338 2337 2339
f 2338 2339 2340
f 2340 2339 2341
f 2340 2341 2342
f 2342 2341 2343
f 2342 2343 2344
f 2344 2343 2345
f 2344 2345 2346
f 2346 2345 2347
f 2346 2347 2348
f 2348 2347 2349
f 2348 2349 2350
f 2350 2349 2351
f 2350 2351 2352
f 2352 2351 2353
f 2352 2353 2354
f 2354 2353 2355
f 2354 2355 2356
f 2356 2355 2357
f 2356 2357 2358
f 2358 2357 2359
f 2358 2359 2360
f 2360 2359 2361
f 2360 2361 2362
f 2362 2361 2363
f 2362 2363 2364
f 2364 2363 2365
f 2364 2365 119
f 119 2365 2366
f 119 2366 121
f 121 2366 2367
f 121 2367 123
f 123 2367 2368
f 123 2368 124
f 124 2368 2369
f 124 2369 126
f 126 2369 2370
f 126 2370 128
f 128 2370 2371
f 128 2371 130
f 130 2371 2372
f 130 2372 132
f 132 2372 1341
f 1341 2372 2373
f 1341 2373 1342
f 1342 2373 2374
f 1342 2374 2375
f 2375 2374 2376
f 2375 2376 2377
f 2377 2376 2378
f 2377 2378 2379
f 2379 2378 2380
f 2379 2380 2381
f 2381 2380 2382
f 2381 2382 2383
f 2383 2382 2384
f 2383 2384 2385
f 2385 2384 2386
f 2385 2386 2387
f 2387 2386 2349
f 2387 2349 2347
f 2335 2388 2337
f 2337 2388 2389
f 2337 2389 2339
f 2339 2389 2390
f 2339 2390 2341
f 2341 2390 2391
f 2341 2391 2392
f 2392 2391 2393
f 2392 2393 2394
f 2394 2393 2395
f 2394 2395 2396
f 2396 2395 2397
f 2396 2397 2398
f 2398 2397 2399
f 2398 2399 2400
f 2400 2399 2401
f 2400 2401 2402
f 2402 2401 2403
f 2402 2403 2404
f 2404 2403 1470
f 2404 1470 1442
f 2388 2405 2389
f 2389 2405 2406
f 2389 2406 2390
f 2390 2406 2407
f 2390 2407 2391
f 2391 2407 2408
f 2391 2408 2393
f 2393 2408 2409
f 2393 2409 2395
f 2395 2409 2410
f 2395 2410 2397
f 2397 2410 2411
f 2397 2411 2399
f 2399 2411 2412
f 2399 2412 2401
f 2401 2412 2413
f 2401 2413 2403
f 2403 2413 1489
f 2403 1489 1484
f 2405 2414 2406
f 2406 2414 2407
f 2414 2415 2407
f 2407 2415 2416
f 2407 2416 2408
f 2408 2416 2417
f 2408 2417 2409
f 2409 2417 2418
f 2409 2418 2410
f 2410 2418 2419
f 2410 2419 2411
f 2411 2419 2420
f 2411 2420 2412
f 2412 2420 2421
f 2412 2421 2413
f 2413 2421 1497
f 2413 1497 1489
f 2416 2415 2422
f 2422 2415 2423
f 2422 2423 2424
f 2424 2423 2425
f 2424 2425 2426
f 2426 2425 2427
f 2426 2427 2428
f 2428 2427 2429
f 2428 2429 2430
f 2430 2429 2431
f 2430 2431 2432
f 2432 2431 2433
f 2432 2433 2434
f 2427 2435 2429
f 2429 2435 2431
f 2432 2434 1606
f 1606 2434 2436
f 1606 2436 1630
f 1630 2436 1670
f 1606 1582 2432
f 2432 1582 2430
f 2430 1582 2437
f 2437 1582 1556
f 2437 1556 2438
f 2438 1556 1532
f 2438 1532 2439
f 2439 1532 1508
f 2439 1508 2421
f 2421 1508 1497
f 1484 1470 2403
f 2404 1442 2440
f 2440 1442 1441
f 2440 1441 2441
f 2441 1441 2375
f 2441 2375 2377
f 1441 1430 2375
f 2375 1430 1343
f 2375 1343 1342
f 119 117 2364
f 2364 117 2442
f 2364 2442 2443
f 2443 2442 2444
f 2443 2444 2445
f 2445 2444 2446
f 2445 2446 2447
f 2447 2446 2448
f 2447 2448 2449
f 2449 2448 2450
f 2449 2450 2451
f 2451 2450 2294
f 2451 2294 2296
f 117 115 2442
f 2442 115 2452
f 2442 2452 2444
f 2444 2452 2453
f 2444 2453 2446
f 2446 2453 2454
f 2446 2454 2448
f 2448 2454 2455
f 2448 2455 2450
f 2450 2455 2292
f 2450 2292 2294
f 115 113 2452
f 2452 113 2456
f 2452 2456 2453
f 2453 2456 2457
f 2453 2457 2454
f 2454 2457 2458
f 2454 2458 2455
f 2455 2458 2290
f 2455 2290 2292
f 113 112 2456
f 2456 112 2459
f 2456 2459 2457
f 2457 2459 2460
f 2457 2460 2458
f 2458 2460 2288
f 2458 2288 2290
f 112 110 2459
f 2459 110 2461
f 2459 2461 2460
f 2460 2461 2286
f 2460 2286 2288
f 110 108 2461
f 2461 108 2284
f 2461 2284 2286
f 108 106 2284
f 2303 2301 2324
f 2324 2301 2323
f 2297 2321 2322
f 2301 2299 2323
f 2323 2299 2322
f 2299 2297 2322
f 2310 2312 2462
f 2462 2312 2330
f 2462 2330 2463
f 2463 2330 2332
f 2463 2332 2464
f 2464 2332 2334
f 2464 2334 2465
f 2465 2334 2336
f 2465 2336 2338
f 2308 2310 2466
f 2466 2310 2462
f 2466 2462 2467
f 2467 2462 2463
f 2467 2463 2468
f 2468 2463 2464
f 2468 2464 2469
f 2469 2464 2465
f 2469 2465 2470
f 2470 2465 2338
f 2470 2338 2340
f 2306 2308 2471
f 2471 2308 2466
f 2471 2466 2472
f 2472 2466 2467
f 2472 2467 2473
f 2473 2467 2468
f 2473 2468 2474
f 2474 2468 2469
f 2474 2469 2475
f 2475 2469 2470
f 2475 2470 2342
f 2342 2470 2340
f 2304 2306 2476
f 2476 2306 2471
f 2476 2471 2477
f 2477 2471 2472
f 2477 2472 2478
f 2478 2472 2473
f 2478 2473 2479
f 2479 2473 2474
f 2479 2474 2480
f 2480 2474 2475
f 2480 2475 2344
f 2344 2475 2342
f 2302 2304 2481
f 2481 2304 2476
f 2481 2476 2482
f 2482 2476 2477
f 2482 2477 2483
f 2483 2477 2478
f 2483 2478 2484
f 2484 2478 2479
f 2484 2479 2485
f 2485 2479 2480
f 2485 2480 2346
f 2346 2480 2344
f 2300 2302 2486
f 2486 2302 2481
f 2486 2481 2487
f 2487 2481 2482
f 2487 2482 2488
f 2488 2482 2483
f 2488 2483 2489
f 2489 2483 2484
f 2489 2484 2490
f 2490 2484 2485
f 2490 2485 2348
f 2348 2485 2346
f 2298 2300 2491
f 2491 2300 2486
f 2491 2486 2492
f 2492 2486 2487
f 2492 2487 2493
f 2493 2487 2488
f 2493 2488 2494
f 2494 2488 2489
f 2494 2489 2495
f 2495 2489 2490
f 2495 2490 2350
f 2350 2490 2348
f 2296 2298 2496
f 2496 2298 2491
f 2496 2491 2497
f 2497 2491 2492
f 2497 2492 2498
f 2498 2492 2493
f 2498 2493 2499
f 2499 2493 2494
f 2499 2494 2500
f 2500 2494 2495
f 2500 2495 2352
f 2352 2495 2350
f 2296 2496 2451
f 2451 2496 2501
f 2451 2501 2449
f 2449 2501 2502
f 2449 2502 2447
f 2447 2502 2503
f 2447 2503 2445
f 2445 2503 2504
f 2445 2504 2443
f 2443 2504 2362
f 2443 2362 2364
f 2501 2496 2497
f 2501 2497 2505
f 2505 2497 2498
f 2505 2498 2506
f 2506 2498 2499
f 2506 2499 2507
f 2507 2499 2500
f 2507 2500 2354
f 2354 2500 2352
f 2501 2505 2502
f 2502 2505 2508
f 2502 2508 2503
f 2503 2508 2509
f 2503 2509 2504
f 2504 2509 2360
f 2504 2360 2362
f 2508 2505 2506
f 2508 2506 2510
f 2510 2506 2507
f 2510 2507 2356
f 2356 2507 2354
f 2508 2510 2509
f 2509 2510 2358
f 2509 2358 2360
f 2358 2510 2356
f 2341 2392 2343
f 2343 2392 2511
f 2343 2511 2345
f 2345 2511 2512
f 2345 2512 2347
f 2347 2512 2387
f 2349 2386 2351
f 2351 2386 2513
f 2351 2513 2353
f 2353 2513 2514
f 2353 2514 2355
f 2355 2514 2515
f 2355 2515 2357
f 2357 2515 2516
f 2357 2516 2359
f 2359 2516 2517
f 2359 2517 2361
f 2361 2517 2518
f 2361 2518 2363
f 2363 2518 2519
f 2363 2519 2365
f 2365 2519 2366
f 2392 2394 2511
f 2511 2394 2520
f 2511 2520 2512
f 2512 2520 2521
f 2512 2521 2387
f 2387 2521 2385
f 2386 2384 2513
f 2513 2384 2522
f 2513 2522 2514
f 2514 2522 2523
f 2514 2523 2515
f 2515 2523 2524
f 2515 2524 2516
f 2516 2524 2525
f 2516 2525 2517
f 2517 2525 2526
f 2517 2526 2518
f 2518 2526 2527
f 2518 2527 2519
f 2519 2527 2367
f 2519 2367 2366
f 2394 2396 2520
f 2520 2396 2528
f 2520 2528 2521
f 2521 2528 2529
f 2521 2529 2385
f 2385 2529 2383
f 2384 2382 2522
f 2522 2382 2530
f 2522 2530 2523
f 2523 2530 2531
f 2523 2531 2524
f 2524 2531 2532
f 2524 2532 2525
f 2525 2532 2533
f 2525 2533 2526
f 2526 2533 2534
f 2526 2534 2527
f 2527 2534 2368
f 2527 2368 2367
f 2368 2534 2369
f 2369 2534 2535
f 2369 2535 2370
f 2370 2535 2536
f 2370 2536 2371
f 2371 2536 2537
f 2371 2537 2372
f 2372 2537 2373
f 2534 2533 2535
f 2535 2533 2538
f 2535 2538 2536
f 2536 2538 2539
f 2536 2539 2537
f 2537 2539 2540
f 2537 2540 2373
f 2373 2540 2374
f 2533 2532 2538
f 2538 2532 2541
f 2538 2541 2539
f 2539 2541 2542
f 2539 2542 2540
f 2540 2542 2376
f 2540 2376 2374
f 2532 2531 2541
f 2541 2531 2543
f 2541 2543 2542
f 2542 2543 2378
f 2542 2378 2376
f 2531 2530 2543
f 2543 2530 2380
f 2543 2380 2378
f 2530 2382 2380
f 2383 2529 2544
f 2544 2529 2545
f 2544 2545 2546
f 2546 2545 2400
f 2546 2400 2402
f 2529 2528 2545
f 2545 2528 2398
f 2545 2398 2400
f 2528 2396 2398
f 2417 2422 2547
f 2547 2422 2424
f 2547 2424 2548
f 2548 2424 2426
f 2548 2426 2428
f 2417 2416 2422
f 2417 2547 2418
f 2418 2547 2549
f 2418 2549 2419
f 2419 2549 2550
f 2419 2550 2420
f 2420 2550 2439
f 2420 2439 2421
f 2549 2547 2548
f 2383 2544 2381
f 2381 2544 2551
f 2381 2551 2379
f 2379 2551 2552
f 2379 2552 2377
f 2377 2552 2441
f 2551 2544 2546
f 2549 2548 2553
f 2553 2548 2428
f 2553 2428 2437
f 2437 2428 2430
f 2551 2546 2554
f 2554 2546 2402
f 2554 2402 2404
f 2549 2553 2550
f 2550 2553 2438
f 2550 2438 2439
f 2438 2553 2437
f 2551 2554 2552
f 2552 2554 2440
f 2552 2440 2441
f 2440 2554 2404
f 996 997 2555
f 2555 997 2556
f 2556 997 2557
f 2557 997 2558
f 2557 2558 2559
f 2559 2558 2560
f 2559 2560 2561
f 2561 2560 2562
f 2561 2562 2563
f 2563 2562 2564
f 2564 2562 2565
f 2564 2565 2566
f 2566 2565 2567
f 2567 2565 2568
f 2567 2568 2569
f 2569 2568 2570
f 2569 2570 2571
f 2571 2570 2572
f 2571 2572 2573
f 2573 2572 2574
f 2573 2574 2575
f 2575 2574 181
f 2575 181 2576
f 2576 181 180
f 2576 180 2577
f 2577 180 2578
f 2577 2578 2579
f 2579 2578 2580
f 2579 2580 2581
f 2581 2580 2582
f 2581 2582 2583
f 2583 2582 2584
f 2584 2582 2585
f 2584 2585 2586
f 2586 2585 2587
f 2586 2587 2588
f 2588 2587 2589
f 2588 2589 2590
f 2590 2589 2591
f 2591 2589 2592
f 2591 2592 2593
f 2593 2592 2594
f 2593 2594 2595
f 2595 2594 2596
f 2595 2596 2597
f 2597 2596 2598
f 2597 2598 2599
f 2599 2598 2600
f 2599 2600 2601
f 2601 2600 2602
f 2602 2600 2603
f 2602 2603 2604
f 2604 2603 2605
f 2604 2605 2606
f 2606 2605 2607
f 2607 2605 2608
f 2607 2608 2609
f 2609 2608 1847
f 2609 1847 2610
f 2610 1847 2611
f 2611 1847 1848
f 997 1001 2558
f 2558 1001 2612
f 2558 2612 2560
f 2560 2612 2613
f 2560 2613 2562
f 2562 2613 2614
f 2562 2614 2565
f 2565 2614 2568
f 1001 1004 2612
f 2612 1004 2615
f 2612 2615 2613
f 2613 2615 2616
f 2613 2616 2614
f 2614 2616 2617
f 2614 2617 2568
f 2568 2617 2570
f 2615 1004 2618
f 2618 1004 1011
f 2618 1011 2619
f 2619 1011 1010
f 2619 1010 74
f 74 73 2619
f 2619 73 2618
f 185 2620 73
f 73 2620 2621
f 73 2621 2618
f 2618 2621 2616
f 2618 2616 2615
f 183 2574 185
f 185 2574 2622
f 185 2622 2620
f 2620 2622 2623
f 2620 2623 2621
f 2621 2623 2617
f 2621 2617 2616
f 183 181 2574
f 2578 180 2624
f 2624 180 178
f 2624 178 2578
f 2578 178 2625
f 2578 2625 2580
f 2580 2625 2626
f 2580 2626 2582
f 2582 2626 2585
f 2625 178 2627
f 2627 178 176
f 2627 176 2628
f 2628 176 2629
f 2628 2629 2630
f 2630 2629 174
f 2630 174 2631
f 2631 174 2632
f 2631 2632 172
f 172 2632 174
f 176 174 2629
f 170 2633 172
f 172 2633 2634
f 172 2634 2631
f 2631 2634 2635
f 2631 2635 2636
f 2636 2635 2589
f 2636 2589 2587
f 169 2637 170
f 170 2637 2638
f 170 2638 2633
f 2633 2638 2639
f 2633 2639 2634
f 2634 2639 2640
f 2634 2640 2635
f 2635 2640 2592
f 2635 2592 2589
f 167 2641 169
f 169 2641 2642
f 169 2642 2643
f 2643 2642 2644
f 2643 2644 2645
f 2645 2644 2596
f 2645 2596 2594
f 165 2646 167
f 167 2646 2647
f 167 2647 2642
f 2642 2647 2648
f 2642 2648 2644
f 2644 2648 2598
f 2644 2598 2596
f 163 2649 165
f 165 2649 2650
f 165 2650 2646
f 2646 2650 2651
f 2646 2651 2647
f 2647 2651 2652
f 2647 2652 2648
f 2648 2652 2653
f 2648 2653 2598
f 2598 2653 2600
f 161 2654 163
f 163 2654 2655
f 163 2655 2656
f 2656 2655 2657
f 2656 2657 2658
f 2658 2657 2659
f 2658 2659 2660
f 2660 2659 2605
f 2660 2605 2603
f 160 2661 161
f 161 2661 2662
f 161 2662 2655
f 2655 2662 2663
f 2655 2663 2657
f 2657 2663 2664
f 2657 2664 2659
f 2659 2664 2608
f 2659 2608 2605
f 160 1864 2661
f 2661 1864 1863
f 2661 1863 1850
f 1383 2663 1850
f 1850 2663 2662
f 1850 2662 2661
f 2663 1383 2664
f 2664 1383 1847
f 2664 1847 2608
f 2601 2665 2599
f 2599 2665 2597
f 2583 2666 2581
f 2581 2666 2667
f 2581 2667 2579
f 2579 2667 2668
f 2579 2668 2577
f 2577 2668 2573
f 2577 2573 2575
f 2666 2669 2667
f 2667 2669 2670
f 2667 2670 2671
f 2671 2670 2672
f 2671 2672 2569
f 2569 2672 2567
f 2572 2570 2623
f 2623 2570 2617
f 2574 2572 2622
f 2622 2572 2623
f 2577 2575 2576
f 2671 2569 2571
f 2671 2571 2668
f 2668 2571 2573
f 2667 2671 2668
f 2625 2627 2673
f 2673 2627 2628
f 2673 2628 2630
f 2630 2674 2673
f 2673 2674 2626
f 2673 2626 2625
f 2587 2585 2674
f 2674 2585 2626
f 2631 2636 2630
f 2630 2636 2674
f 2636 2587 2674
f 2639 2638 2643
f 2643 2638 2637
f 2643 2637 169
f 2640 2639 2645
f 2645 2639 2643
f 2592 2640 2594
f 2594 2640 2645
f 167 2642 2641
f 2651 2650 2656
f 2656 2650 2649
f 2656 2649 163
f 2652 2651 2658
f 2658 2651 2656
f 2653 2652 2660
f 2660 2652 2658
f 2600 2653 2603
f 2603 2653 2660
f 161 2655 2654
f 2611 1848 367
f 367 1848 1845
f 367 1845 1844
f 1844 1391 367
f 367 1391 373
f 373 1391 1392
f 373 1392 383
f 383 1392 1394
f 383 1394 411
f 411 1394 1843
f 411 1843 412
f 412 1843 413
f 413 1843 1842
f 413 1842 414
f 414 1842 1400
f 414 1400 415
f 415 1400 408
f 408 1400 409
f 409 1400 1469
f 409 1469 416
f 416 1469 419
f 419 1469 1468
f 419 1468 424
f 424 1468 427
f 427 1468 1483
f 427 1483 431
f 431 1483 433
f 433 1483 1482
f 433 1482 439
f 439 1482 1531
f 439 1531 440
f 440 1531 1841
f 440 1841 1555
f 440 1555 441
f 441 1555 1554
f 441 1554 445
f 445 1554 1578
f 445 1578 449
f 449 1578 1576
f 449 1576 453
f 453 1576 1604
f 453 1604 1830
f 453 1830 454
f 454 1830 1629
f 454 1629 456
f 456 1629 1628
f 456 1628 462
f 462 1628 1827
f 462 1827 461
f 461 1827 1660
f 461 1660 463
f 463 1660 1658
f 463 1658 467
f 467 1658 482
f 482 1658 1820
f 482 1820 481
f 481 1820 1805
f 481 1805 480
f 480 1805 1789
f 480 1789 484
f 484 1789 1716
f 484 1716 488
f 488 1716 489
f 489 1716 1717
f 489 1717 1788
f 489 1788 494
f 494 1788 1786
f 494 1786 500
f 500 1786 502
f 502 1786 1780
f 502 1780 508
f 508 1780 1778
f 508 1778 507
f 507 1778 2248
f 507 2248 2247
f 2246 566 2247
f 2247 566 568
f 2247 568 507
f 566 2246 567
f 567 2246 2122
f 567 2122 2123
f 567 2123 562
f 562 2123 2124
f 562 2124 561
f 561 2124 2126
f 561 2126 557
f 557 2126 2128
f 557 2128 2130
f 557 2130 558
f 558 2130 2131
f 558 2131 553
f 553 2131 2245
f 553 2245 551
f 551 2245 2244
f 551 2244 550
f 550 2244 2243
f 550 2243 548
f 367 363 2611
f 2611 363 2610
f 2610 363 2609
f 2609 363 2607
f 2607 363 189
f 2607 189 2606
f 2606 189 190
f 2606 190 2604
f 2604 190 2602
f 2602 190 192
f 2602 192 2601
f 2601 192 194
f 2601 194 2665
f 2665 194 2597
f 2597 194 195
f 2597 195 2595
f 2595 195 198
f 2595 198 2593
f 2593 198 2591
f 2591 198 200
f 2591 200 2590
f 2590 200 201
f 2590 201 2588
f 2588 201 203
f 2588 203 2586
f 2586 203 2584
f 2584 203 206
f 2584 206 2583
f 2583 206 208
f 2583 208 2666
f 2666 208 209
f 2666 209 2669
f 2669 209 2670
f 2670 209 212
f 2670 212 2672
f 2672 212 214
f 2672 214 2567
f 2567 214 2566
f 2566 214 216
f 2566 216 2564
f 2564 216 218
f 2564 218 2563
f 2563 218 2561
f 2561 218 219
f 2561 219 2559
f 2559 219 223
f 2559 223 2557
f 2557 223 2556
f 2556 223 239
f 2556 239 2555
f 2555 239 996
f 996 239 995
f 995 239 241
f 995 241 988
f 988 241 989
f 989 241 254
f 989 254 1013
f 1013 254 255
f 1013 255 1024
f 1024 255 257
f 1024 257 265
f 1024 265 1026
f 1026 265 266
f 1026 266 1033
f 1033 266 275
f 1033 275 277
f 1033 277 1035
f 1035 277 279
f 1035 279 281
f 1035 281 1036
f 1036 281 286
f 1036 286 1037
f 1037 286 360
f 1037 360 290
f 1037 290 1040
f 1040 290 292
f 1040 292 1041
f 1041 292 295
f 1041 295 1042
f 1042 295 301
f 1042 301 1044
f 1044 301 1064
f 1064 301 302
f 1064 302 1066
f 1066 302 307
f 1066 307 1082
f 1082 307 1084
f 1084 307 310
f 1084 310 1092
f 1092 310 312
f 1092 312 656
f 656 312 313
f 656 313 654
f 654 313 650
f 650 313 315
f 650 315 648
f 648 315 321
f 648 321 1094
f 1094 321 320
f 1094 320 1105
f 1105 320 324
f 1105 324 1122
f 1122 324 359
f 1122 359 330
f 1122 330 1124
f 1124 330 332
f 1124 332 1126
f 1126 332 334
f 1126 334 1128
f 1128 334 338
f 1128 338 1130
f 1130 338 358
f 1130 358 356
f 1130 356 1133
f 1133 356 346
f 1133 346 1135
f 1135 346 1136
f 1136 346 348
f 1136 348 350
f 1136 350 574
f 574 350 354
f 574 354 572
f 572 354 355
f 572 355 2233
f 2233 355 2234
f 2234 355 526
f 2234 526 529
f 2234 529 2235
f 2235 529 531
f 2235 531 2236
f 2236 531 2237
f 2237 531 533
f 2237 533 2238
f 2238 533 535
f 2238 535 2239
f 2239 535 537
f 2239 537 2240
f 2240 537 2241
f 2241 537 539
f 2241 539 2231
f 2231 539 541
f 2231 541 2232
f 2232 541 542
f 2232 542 2242
f 2242 542 544
f 2242 544 2243
f 2243 544 548
f 589 734 2675
f 2675 734 2224
f 2675 2224 2676
f 2676 2224 2223
f 2676 2223 2221
f 2221 2170 2676
f 2676 2170 2677
f 2677 2170 2169
f 2677 2169 2214
f 2677 2214 2678
f 2678 2214 2219
f 2678 2219 2218
f 2678 2218 2679
f 2679 2218 2217
f 2679 2217 2680
f 2680 2217 2216
f 2680 2216 2198
f 2680 2198 2681
f 2681 2198 2192
f 2681 2192 2682
f 2682 2192 2187
f 2682 2187 2178
f 2682 2178 2683
f 2683 2178 2176
f 2683 2176 2174
f 2683 2174 2684
f 2684 2174 2172
f 2684 2172 2171
f 2171 2108 2684
f 2684 2108 2685
f 2685 2108 1770
f 2685 1770 1762
f 1762 1735 2685
f 2685 1735 2686
f 2686 1735 1734
f 2686 1734 1747
f 2686 1747 2687
f 2687 1747 1744
f 2687 1744 1739
f 2687 1739 2688
f 2688 1739 1736
f 2688 1736 1699
f 2688 1699 2689
f 2689 1699 1694
f 2689 1694 2690
f 2690 1694 1688
f 2690 1688 1683
f 2690 1683 2691
f 2691 1683 1682
f 2691 1682 1675
f 2691 1675 2692
f 2692 1675 1673
f 2692 1673 1671
f 2692 1671 2693
f 2693 1671 1670
f 2693 1670 2436
f 2436 2434 2693
f 2693 2434 2433
f 2693 2433 2431
f 2693 2431 2694
f 2694 2431 2435
f 2694 2435 2427
f 2427 2425 2694
f 2694 2425 2695
f 2695 2425 2423
f 2695 2423 2696
f 2696 2423 2415
f 2696 2415 2414
f 2696 2414 2697
f 2697 2414 2405
f 2697 2405 2388
f 2697 2388 2698
f 2698 2388 2335
f 2698 2335 2699
f 2699 2335 2333
f 2699 2333 2331
f 2699 2331 2700
f 2700 2331 2314
f 2700 2314 2701
f 2701 2314 2313
f 2701 2313 2329
f 2701 2329 2702
f 2702 2329 826
f 2702 826 824
f 824 822 2702
f 2702 822 821
f 2702 821 2703
f 2703 821 819
f 2703 819 817
f 817 807 2703
f 2703 807 2704
f 2704 807 802
f 2704 802 799
f 2704 799 2705
f 2705 799 780
f 2705 780 779
f 2705 779 2706
f 2706 779 774
f 2706 774 747
f 2706 747 2707
f 2707 747 739
f 2707 739 737
f 2707 737 2708
f 2708 737 735
f 2708 735 593
f 2708 593 2709
f 2709 593 591
f 2709 591 2675
f 2675 591 589
f 2710 2711 2712
f 2712 2711 2713
f 2712 2713 2714
f 2714 2713 2715
f 2714 2715 2716
f 2716 2715 2717
f 2716 2717 2718
f 2718 2719 2716
f 2716 2719 2720
f 2716 2720 2721
f 2721 2722 2716
f 2716 2722 2723
f 2716 2723 2724
f 2724 2725 2716
f 2716 2725 2726
f 2716 2726 2727
f 2727 2726 2728
f 2727 2728 2729
f 2729 2730 2727
f 2727 2730 2731
f 2727 2731 2732
f 2732 2733 2727
f 2727 2733 2734
f 2727 2734 2735
f 2735 2736 2727
f 2727 2736 2737
f 2737 2736 2738
f 2737 2738 2739
f 2739 2738 2740
f 2739 2740 2741
f 2741 2740 2742
f 2741 2742 2743
f 2743 2742 2744
f 2712 2680 2710
f 2710 2680 2681
f 2710 2681 2711
f 2711 2681 2682
f 2711 2682 2713
f 2713 2682 2683
f 2713 2683 2715
f 2715 2683 2684
f 2715 2684 2717
f 2717 2684 2685
f 2717 2685 2718
f 2718 2685 2686
f 2718 2686 2719
f 2719 2686 2687
f 2719 2687 2720
f 2720 2687 2688
f 2720 2688 2721
f 2721 2688 2689
f 2721 2689 2722
f 2722 2689 2690
f 2722 2690 2723
f 2723 2690 2691
f 2723 2691 2724
f 2724 2691 2692
f 2724 2692 2725
f 2725 2692 2693
f 2725 2693 2726
f 2726 2693 2694
f 2726 2694 2728
f 2728 2694 2695
f 2728 2695 2729
f 2729 2695 2696
f 2729 2696 2730
f 2730 2696 2697
f 2730 2697 2731
f 2731 2697 2698
f 2731 2698 2732
f 2732 2698 2699
f 2732 2699 2733
f 2733 2699 2700
f 2733 2700 2734
f 2734 2700 2701
f 2734 2701 2735
f 2735 2701 2702
f 2735 2702 2736
f 2736 2702 2703
f 2736 2703 2738
f 2738 2703 2704
f 2738 2704 2740
f 2740 2704 2705
f 2740 2705 2742
f 2742 2705 2706
f 2742 2706 2744
f 2744 2706 2707
f 2744 2707 2743
f 2743 2707 2708
f 2743 2708 2741
f 2741 2708 2709
f 2741 2709 2739
f 2739 2709 2675
f 2739 2675 2737
f 2737 2675 2676
f 2737 2676 2727
f 2727 2676 2677
f 2727 2677 2716
f 2716 2677 2678
f 2716 2678 2714
f 2714 2678 2679
f 2714 2679 2712
f 2712 2679 2680
f 217 2745 220
f 220 2745 2746
f 220 2746 221
f 221 2746 222
f 222 2746 224
f 224 2746 225
f 225 2746 2747
f 2747 2746 2748
f 2747 2748 2749
f 2749 2748 2750
f 2750 2748 2751
f 2750 2751 2752
f 2752 2751 2753
f 2752 2753 2754
f 2754 2753 2755
f 2754 2755 2756
f 2756 2755 2757
f 2757 2755 2758
f 2757 2758 2759
f 2759 2758 2760
f 2759 2760 2761
f 2761 2760 2762
f 2762 2760 2763
f 2762 2763 2764
f 2764 2763 2765
f 2764 2765 2766
f 2766 2765 2767
f 2766 2767 2768
f 2768 2767 2769
f 2768 2769 2770
f 2770 2769 2771
f 2770 2771 2772
f 2772 2771 2773
f 2772 2773 2774
f 2774 2773 2775
f 2774 2775 2776
f 2776 2775 2777
f 2776 2777 2778
f 2745 217 2779
f 2779 217 215
f 2779 215 213
f 2779 213 2780
f 2780 213 211
f 2780 211 2781
f 2781 211 210
f 2781 210 2782
f 2782 210 207
f 2782 207 2783
f 2783 207 205
f 2783 205 2784
f 2784 205 204
f 2785 2786 2778
f 2778 2786 2787
f 2778 2787 2776
f 2785 2788 2786
f 2786 2788 2789
f 2789 2788 2790
f 2789 2790 2791
f 2791 2790 2792
f 2791 2792 2793
f 2791 2793 2794
f 2794 2793 2795
f 2794 2795 2796
f 2796 2795 2797
f 2796 2797 2798
f 2798 2797 2799
f 2798 2799 2800
f 2800 2799 2801
f 2800 2801 2802
f 2802 2801 2803
f 2802 2803 2804
f 2804 2803 2805
f 2804 2805 2806
f 2806 2805 2807
f 2806 2807 2808
f 2808 2807 2809
f 2808 2809 2810
f 2810 2809 2811
f 2811 2809 2812
f 2811 2812 2813
f 2813 2812 2814
f 2813 2814 2815
f 2815 2814 2816
f 2815 2816 2817
f 2817 2816 2818
f 2817 2818 2819
f 2819 2818 2820
f 2819 2820 2821
f 2821 2820 2822
f 2821 2822 2823
f 2823 2822 2824
f 2823 2824 2825
f 2825 2824 2826
f 2825 2826 2827
f 2827 2826 2828
f 2828 2826 2829
f 2829 2826 2830
f 2830 2826 2831
f 2830 2831 2832
f 2832 2831 2833
f 2832 2833 2834
f 2834 2833 2835
f 2834 2835 2836
f 2836 2835 2837
f 2836 2837 2838
f 2838 2837 2839
f 2838 2839 2840
f 2840 2839 2841
f 2840 2841 2842
f 2842 2841 2843
f 2842 2843 2844
f 2844 2843 2845
f 2844 2845 2846
f 204 202 2784
f 2784 202 2847
f 2847 202 199
f 2847 199 2848
f 2848 199 197
f 2848 197 2849
f 2849 197 196
f 2849 196 2850
f 2850 196 193
f 2850 193 2851
f 2851 193 191
f 2851 191 188
f 2851 188 2852
f 2852 188 187
f 2852 187 2853
f 2853 187 366
f 2853 366 365
f 365 364 2853
f 2853 364 362
f 2853 362 2854
f 2853 2854 2855
f 2855 2854 2856
f 2855 2856 2857
f 2855 2857 2858
f 2858 2857 2859
f 2858 2859 2860
f 2860 2859 2861
f 2860 2861 2862
f 2862 2861 2863
f 2862 2863 2864
f 2864 2863 2865
f 2864 2865 2866
f 2866 2865 2867
f 2866 2867 2868
f 2866 2868 2869
f 2869 2868 2870
f 2869 2870 2871
f 2869 2871 2872
f 2872 2871 2873
f 2872 2873 2874
f 2874 2873 2875
f 2874 2875 2876
f 2876 2875 2877
f 2876 2877 2878
f 2876 2878 2879
f 2879 2878 2880
f 2879 2880 2881
f 2881 2880 2882
f 2882 2880 2883
f 2882 2883 2884
f 2884 2883 2885
f 2884 2885 2886
f 2886 2885 2887
f 2886 2887 2888
f 2888 2887 2889
f 2889 2887 2890
f 2889 2890 2891
f 2891 2890 2892
f 2891 2892 2893
f 2893 2892 2894
f 2893 2894 2895
f 2896 2897 2895
f 2895 2897 2898
f 2895 2898 2893
f 2897 2896 2899
f 2899 2896 2900
f 2899 2900 2901
f 2901 2900 2902
f 2901 2902 2903
f 2901 2903 2904
f 2904 2903 2905
f 2904 2905 2906
f 2906 2905 2907
f 2907 2905 2908
f 2907 2908 2909
f 2907 2909 2910
f 2910 2909 2911
f 2910 2911 2912
f 2912 2911 2913
f 2912 2913 2914
f 2914 2913 2915
f 2914 2915 2916
f 2916 2915 2917
f 2916 2917 2918
f 2918 2917 2919
f 2918 2919 2920
f 2918 2920 2921
f 2921 2920 2922
f 2921 2922 2923
f 2923 2922 2924
f 2923 2924 2925
f 2925 2926 2923
f 2923 2926 2927
f 2923 2927 2928
f 2928 2927 2929
f 2928 2929 2930
f 2930 2929 2931
f 2930 2931 2932
f 2932 2931 2933
f 2932 2933 2934
f 2934 2933 2935
f 2934 2935 2936
f 2936 2935 2937
f 2936 2937 2938
f 2938 2937 2939
f 2938 2939 2940
f 2940 2939 2941
f 2940 2941 2845
f 2845 2941 2942
f 2845 2942 2846
f 2747 2943 2944
f 2944 2943 226
f 2944 226 225
f 225 2747 2944
f 2945 250 2946
f 2946 250 249
f 2946 249 248
f 2946 248 2947
f 2947 248 247
f 2947 247 2948
f 2948 247 246
f 2948 246 245
f 245 244 2948
f 2948 244 226
f 2948 226 2943
f 2943 2949 2948
f 2948 2949 2947
f 2949 2950 2947
f 2947 2950 2946
f 2950 2945 2946
f 2751 2748 2951
f 2951 2748 2952
f 2951 2952 2953
f 2953 2952 2954
f 2953 2954 2955
f 2955 2954 2956
f 2955 2956 2957
f 2957 2956 2958
f 2957 2958 2959
f 2959 2958 2960
f 2959 2960 2961
f 2961 2960 2962
f 2961 2962 2963
f 2963 2962 2964
f 2963 2964 2965
f 2965 2964 2966
f 2965 2966 2967
f 2967 2966 2968
f 2967 2968 2969
f 2969 2968 2970
f 2969 2970 2971
f 2971 2970 2972
f 2971 2972 2973
f 2973 2972 2974
f 2973 2974 2975
f 2975 2974 2976
f 2975 2976 2977
f 2977 2976 2978
f 2977 2978 2979
f 2979 2978 2980
f 2979 2980 2981
f 2981 2980 2982
f 2981 2982 2983
f 2983 2982 2984
f 2983 2984 2985
f 2985 2984 2986
f 2985 2986 2987
f 2987 2986 2988
f 2987 2988 2989
f 2989 2988 2990
f 2989 2990 2991
f 2991 2990 2992
f 2991 2992 2993
f 2993 2992 2994
f 2993 2994 2995
f 2995 2994 2996
f 2995 2996 2997
f 2997 2996 2998
f 2997 2998 2999
f 2999 2998 3000
f 2999 3000 3001
f 3001 3000 3002
f 3001 3002 3003
f 3003 3002 3004
f 3003 3004 3005
f 3005 3004 3006
f 3005 3006 3007
f 3007 3006 3008
f 3007 3008 3009
f 3009 3008 3010
f 3009 3010 3011
f 3011 3010 3012
f 3011 3012 3013
f 3013 3012 3014
f 3013 3014 3015
f 3015 3014 3016
f 3015 3016 3017
f 3017 3016 3018
f 3017 3018 3019
f 3019 3018 3020
f 3019 3020 3021
f 3021 3020 3022
f 3021 3022 3023
f 3023 3022 3024
f 3023 3024 3025
f 3025 3024 2820
f 3025 2820 2818
f 2952 3026 2954
f 2954 3026 3027
f 2954 3027 2956
f 2956 3027 3028
f 2956 3028 2958
f 2958 3028 3029
f 2958 3029 2960
f 2960 3029 2962
f 3026 3030 3027
f 3027 3030 3031
f 3027 3031 3028
f 3028 3031 3032
f 3028 3032 3029
f 3029 3032 3033
f 3029 3033 2962
f 2962 3033 2964
f 3030 3034 3031
f 3031 3034 3035
f 3031 3035 3036
f 3036 3035 3037
f 3036 3037 3038
f 3038 3037 3039
f 3038 3039 3040
f 3038 3040 3041
f 3041 3040 3042
f 3041 3042 3043
f 3043 3042 3044
f 3043 3044 3045
f 3043 3045 3046
f 3046 3045 3047
f 3046 3047 3048
f 3048 3047 3049
f 3048 3049 3050
f 3050 3049 3051
f 3050 3051 3052
f 3052 3051 3053
f 3052 3053 3054
f 3054 3053 3055
f 3054 3055 3056
f 3056 3055 3057
f 3056 3057 3058
f 3058 3057 3059
f 3058 3059 3060
f 3060 3059 3061
f 3060 3061 3062
f 3062 3061 3063
f 3062 3063 3064
f 3064 3063 3065
f 3064 3065 3066
f 3066 3065 3067
f 3066 3067 3068
f 3068 3067 3069
f 3068 3069 3070
f 3070 3069 3071
f 3070 3071 3072
f 3072 3071 3073
f 3072 3073 3074
f 3074 3073 3075
f 3074 3075 3076
f 3076 3075 3077
f 3076 3077 3078
f 3076 3078 3079
f 3079 3078 3080
f 3079 3080 3081
f 3081 3080 3082
f 3081 3082 3083
f 3083 3082 3084
f 3083 3084 3085
f 3085 3084 3086
f 3085 3086 3087
f 3087 3086 3088
f 3087 3088 3010
f 3010 3088 3012
f 3082 3089 3084
f 3084 3089 3090
f 3084 3090 3091
f 3091 3090 3092
f 3091 3092 3093
f 3093 3092 3094
f 3093 3094 3095
f 3095 3094 3096
f 3095 3096 3097
f 3097 3096 3098
f 3097 3098 3099
f 3099 3098 3100
f 3099 3100 3101
f 3101 3100 3102
f 3101 3102 2824
f 2824 3102 2826
f 3101 2824 3103
f 3103 2824 2822
f 3103 2822 3104
f 3104 2822 3024
f 3104 3024 3022
f 2822 2820 3024
f 2816 3105 2818
f 2818 3105 3106
f 2818 3106 3023
f 3023 3106 3107
f 3023 3107 3021
f 3021 3107 3108
f 3021 3108 3019
f 3019 3108 3109
f 3019 3109 3017
f 3017 3109 3110
f 3017 3110 3015
f 3015 3110 3111
f 3015 3111 3013
f 3013 3111 3112
f 3013 3112 3011
f 3011 3112 3113
f 3011 3113 3009
f 3009 3113 3114
f 3009 3114 3007
f 3007 3114 3115
f 3007 3115 3005
f 3005 3115 3116
f 3005 3116 3003
f 3003 3116 3117
f 3003 3117 3001
f 3001 3117 3118
f 3001 3118 2999
f 2999 3118 3119
f 2999 3119 2997
f 2997 3119 3120
f 2997 3120 2995
f 2995 3120 3121
f 2995 3121 2993
f 2993 3121 3122
f 2993 3122 2991
f 2991 3122 3123
f 2991 3123 2989
f 2989 3123 3124
f 2989 3124 2987
f 2987 3124 3125
f 2987 3125 2985
f 2985 3125 3126
f 2985 3126 2983
f 2983 3126 3127
f 2983 3127 2981
f 2981 3127 3128
f 2981 3128 2979
f 2979 3128 3129
f 2979 3129 2977
f 2977 3129 3130
f 2977 3130 2975
f 2975 3130 3131
f 2975 3131 2973
f 2973 3131 3132
f 2973 3132 2971
f 2971 3132 3133
f 2971 3133 2969
f 2969 3133 3134
f 2969 3134 2967
f 2967 3134 3135
f 2967 3135 2965
f 2965 3135 3136
f 2965 3136 2963
f 2963 3136 3137
f 2963 3137 2961
f 2961 3137 2755
f 2961 2755 2959
f 2959 2755 2753
f 2959 2753 2957
f 2957 2753 3138
f 2957 3138 2955
f 2955 3138 2953
f 2814 3139 2816
f 2816 3139 3140
f 2816 3140 3105
f 3105 3140 3141
f 3105 3141 3142
f 3142 3141 3143
f 3142 3143 3144
f 3144 3143 3145
f 3144 3145 3146
f 3146 3145 3147
f 3146 3147 3148
f 3148 3147 3149
f 3148 3149 3150
f 3150 3149 3151
f 3150 3151 3152
f 3152 3151 3153
f 3152 3153 3154
f 3154 3153 3155
f 3154 3155 3156
f 3156 3155 3157
f 3156 3157 3158
f 3158 3157 3159
f 3158 3159 3160
f 3160 3159 3161
f 3160 3161 3162
f 3162 3161 3163
f 3162 3163 3164
f 3164 3163 3165
f 3164 3165 3166
f 3166 3165 3167
f 3166 3167 3168
f 3168 3167 3169
f 3168 3169 3170
f 3170 3169 3171
f 3170 3171 3172
f 3172 3171 3173
f 3172 3173 3174
f 3174 3173 3175
f 3174 3175 3176
f 3176 3175 3177
f 3176 3177 3178
f 3178 3177 3179
f 3178 3179 3180
f 3180 3179 3181
f 3180 3181 3182
f 3182 3181 3183
f 3182 3183 3184
f 3184 3183 3185
f 3184 3185 3186
f 3186 3185 3187
f 3186 3187 3188
f 3188 3187 3189
f 3188 3189 3190
f 3190 3189 3191
f 3190 3191 3192
f 3192 3191 3193
f 3192 3193 3194
f 3194 3193 3195
f 3194 3195 3196
f 3196 3195 3197
f 3196 3197 3198
f 3198 3197 3199
f 3198 3199 3200
f 3200 3199 2758
f 3200 2758 3136
f 3136 2758 3137
f 2812 3201 2814
f 2814 3201 3202
f 2814 3202 3203
f 3203 3202 3204
f 3203 3204 3205
f 3205 3204 3206
f 3205 3206 3207
f 3207 3206 3208
f 3207 3208 3209
f 3209 3208 3210
f 3209 3210 3211
f 3211 3210 3212
f 3211 3212 3213
f 3213 3212 3214
f 3213 3214 3215
f 3215 3214 3216
f 3215 3216 3217
f 3217 3216 3218
f 3217 3218 3219
f 3219 3218 3220
f 3219 3220 3221
f 3221 3220 3222
f 3221 3222 3223
f 3223 3222 3224
f 3223 3224 3225
f 3225 3224 3226
f 3225 3226 3227
f 3227 3226 3228
f 3227 3228 3229
f 3229 3228 3230
f 3229 3230 3231
f 3231 3230 3232
f 3231 3232 3233
f 3233 3232 3234
f 3233 3234 3235
f 3235 3234 3236
f 3235 3236 3237
f 3237 3236 3238
f 3237 3238 3239
f 3239 3238 3240
f 3239 3240 3241
f 3241 3240 3242
f 3241 3242 3243
f 3243 3242 3244
f 3243 3244 3245
f 3245 3244 3246
f 3245 3246 3247
f 3247 3246 3248
f 3247 3248 3249
f 3249 3248 3250
f 3249 3250 3251
f 3251 3250 3252
f 3251 3252 3253
f 3253 3252 3254
f 3253 3254 3255
f 3255 3254 3256
f 3255 3256 3257
f 3257 3256 2765
f 3257 2765 2763
f 3201 2812 3258
f 3258 2812 2809
f 3258 2809 3259
f 3259 2809 2807
f 3259 2807 3260
f 3260 2807 2805
f 3260 2805 3261
f 3261 2805 3262
f 3261 3262 3263
f 3263 3262 3264
f 3263 3264 3265
f 3265 3264 3266
f 3265 3266 3267
f 3267 3266 3268
f 3267 3268 3269
f 3269 3268 3270
f 3269 3270 3271
f 3271 3270 3272
f 3271 3272 3273
f 3273 3272 3274
f 3273 3274 3275
f 3275 3274 3276
f 3275 3276 3277
f 3277 3276 3278
f 3277 3278 3279
f 3279 3278 3280
f 3279 3280 3281
f 3281 3280 3282
f 3281 3282 3283
f 3283 3282 3284
f 3283 3284 3285
f 3285 3284 3286
f 3285 3286 3287
f 3287 3286 3288
f 3287 3288 3289
f 3289 3288 3290
f 3289 3290 3291
f 3291 3290 3292
f 3291 3292 3293
f 3293 3292 3294
f 3293 3294 3295
f 3295 3294 3296
f 3295 3296 3297
f 3297 3296 3298
f 3297 3298 3299
f 3299 3298 3300
f 3299 3300 3301
f 3301 3300 2775
f 3301 2775 2773
f 2805 2803 3262
f 3262 2803 3302
f 3262 3302 3264
f 3264 3302 3303
f 3264 3303 3266
f 3266 3303 3304
f 3266 3304 3268
f 3268 3304 3305
f 3268 3305 3270
f 3270 3305 3306
f 3270 3306 3272
f 3272 3306 3307
f 3272 3307 3274
f 3274 3307 3308
f 3274 3308 3276
f 3276 3308 3309
f 3276 3309 3278
f 3278 3309 3310
f 3278 3310 3280
f 3280 3310 3311
f 3280 3311 3282
f 3282 3311 3312
f 3282 3312 3284
f 3284 3312 3286
f 2803 2801 3302
f 3302 2801 3303
f 2799 3313 2801
f 2801 3313 3304
f 2801 3304 3303
f 2797 3314 2799
f 2799 3314 3315
f 2799 3315 3313
f 3313 3315 3304
f 2795 3316 2797
f 2797 3316 3317
f 2797 3317 3314
f 3314 3317 3306
f 3314 3306 3305
f 2793 3318 2795
f 2795 3318 3319
f 2795 3319 3316
f 3316 3319 3308
f 3316 3308 3307
f 2792 3320 2793
f 2793 3320 3321
f 2793 3321 3318
f 3318 3321 3310
f 3318 3310 3309
f 2790 3322 2792
f 2792 3322 3323
f 2792 3323 3320
f 3320 3323 3312
f 3320 3312 3311
f 2788 3324 2790
f 2790 3324 3325
f 2790 3325 3322
f 3322 3325 3326
f 3322 3326 3327
f 3327 3326 3288
f 3327 3288 3286
f 2785 3328 2788
f 2788 3328 3329
f 2788 3329 3324
f 3324 3329 3330
f 3324 3330 3331
f 3331 3330 3292
f 3331 3292 3290
f 3328 2785 3332
f 3332 2785 2778
f 3332 2778 3333
f 3333 2778 2777
f 3333 2777 3300
f 3300 2777 2775
f 2773 2771 3301
f 3301 2771 3334
f 3301 3334 3335
f 3335 3334 3336
f 3335 3336 3337
f 3337 3336 3248
f 3337 3248 3246
f 2771 2769 3334
f 3334 2769 2767
f 3334 2767 3338
f 3338 2767 3339
f 3338 3339 3254
f 3254 3339 3256
f 2767 2765 3339
f 3339 2765 3256
f 3257 2763 3340
f 3340 2763 2760
f 3340 2760 3341
f 3341 2760 3197
f 3341 3197 3195
f 3197 2760 3199
f 3199 2760 2758
f 2758 2755 3137
f 2753 2751 3138
f 3138 2751 2951
f 3138 2951 2953
f 3099 3101 3342
f 3342 3101 3103
f 3342 3103 3343
f 3343 3103 3104
f 3343 3104 3022
f 3097 3099 3344
f 3344 3099 3342
f 3344 3342 3345
f 3345 3342 3343
f 3345 3343 3020
f 3020 3343 3022
f 3095 3097 3346
f 3346 3097 3344
f 3346 3344 3347
f 3347 3344 3345
f 3347 3345 3018
f 3018 3345 3020
f 3093 3095 3348
f 3348 3095 3346
f 3348 3346 3349
f 3349 3346 3347
f 3349 3347 3016
f 3016 3347 3018
f 3086 3084 3091
f 3091 3093 3350
f 3350 3093 3348
f 3350 3348 3351
f 3351 3348 3349
f 3351 3349 3014
f 3014 3349 3016
f 3081 3083 3352
f 3352 3083 3085
f 3352 3085 3353
f 3353 3085 3087
f 3353 3087 3008
f 3008 3087 3010
f 3079 3081 3354
f 3354 3081 3352
f 3354 3352 3355
f 3355 3352 3353
f 3355 3353 3006
f 3006 3353 3008
f 3076 3079 3356
f 3356 3079 3354
f 3356 3354 3357
f 3357 3354 3355
f 3357 3355 3004
f 3004 3355 3006
f 3074 3076 3358
f 3358 3076 3356
f 3358 3356 3359
f 3359 3356 3357
f 3359 3357 3002
f 3002 3357 3004
f 3072 3074 3360
f 3360 3074 3358
f 3360 3358 3361
f 3361 3358 3359
f 3361 3359 3000
f 3000 3359 3002
f 3070 3072 3362
f 3362 3072 3360
f 3362 3360 3363
f 3363 3360 3361
f 3363 3361 2998
f 2998 3361 3000
f 3068 3070 3364
f 3364 3070 3362
f 3364 3362 3365
f 3365 3362 3363
f 3365 3363 2996
f 2996 3363 2998
f 3066 3068 3366
f 3366 3068 3364
f 3366 3364 3367
f 3367 3364 3365
f 3367 3365 2994
f 2994 3365 2996
f 3064 3066 3368
f 3368 3066 3366
f 3368 3366 3369
f 3369 3366 3367
f 3369 3367 2992
f 2992 3367 2994
f 3062 3064 3370
f 3370 3064 3368
f 3370 3368 3371
f 3371 3368 3369
f 3371 3369 2990
f 2990 3369 2992
f 3060 3062 3372
f 3372 3062 3370
f 3372 3370 3373
f 3373 3370 3371
f 3373 3371 2988
f 2988 3371 2990
f 3058 3060 3374
f 3374 3060 3372
f 3374 3372 3375
f 3375 3372 3373
f 3375 3373 2986
f 2986 3373 2988
f 3056 3058 3376
f 3376 3058 3374
f 3376 3374 3377
f 3377 3374 3375
f 3377 3375 2984
f 2984 3375 2986
f 3054 3056 3378
f 3378 3056 3376
f 3378 3376 3379
f 3379 3376 3377
f 3379 3377 2982
f 2982 3377 2984
f 3052 3054 3380
f 3380 3054 3378
f 3380 3378 3381
f 3381 3378 3379
f 3381 3379 2980
f 2980 3379 2982
f 3050 3052 3382
f 3382 3052 3380
f 3382 3380 3383
f 3383 3380 3381
f 3383 3381 2978
f 2978 3381 2980
f 3048 3050 3384
f 3384 3050 3382
f 3384 3382 3385
f 3385 3382 3383
f 3385 3383 2976
f 2976 3383 2978
f 3046 3048 3386
f 3386 3048 3384
f 3386 3384 3387
f 3387 3384 3385
f 3387 3385 2974
f 2974 3385 2976
f 3043 3046 3388
f 3388 3046 3386
f 3388 3386 3389
f 3389 3386 3387
f 3389 3387 2972
f 2972 3387 2974
f 3041 3043 3390
f 3390 3043 3388
f 3390 3388 3391
f 3391 3388 3389
f 3391 3389 2970
f 2970 3389 2972
f 3038 3041 3392
f 3392 3041 3390
f 3392 3390 3393
f 3393 3390 3391
f 3393 3391 2968
f 2968 3391 2970
f 3032 3031 3036
f 3036 3038 3394
f 3394 3038 3392
f 3394 3392 3395
f 3395 3392 3393
f 3395 3393 2966
f 2966 3393 2968
f 3088 3086 3350
f 3350 3086 3091
f 3088 3350 3351
f 3033 3032 3394
f 3394 3032 3036
f 3033 3394 3395
f 2966 2964 3395
f 3395 2964 3033
f 3014 3012 3351
f 3351 3012 3088
f 2818 3023 3025
f 3198 3200 3135
f 3135 3200 3136
f 3196 3198 3134
f 3134 3198 3135
f 3194 3196 3133
f 3133 3196 3134
f 3192 3194 3132
f 3132 3194 3133
f 3190 3192 3131
f 3131 3192 3132
f 3188 3190 3130
f 3130 3190 3131
f 3186 3188 3129
f 3129 3188 3130
f 3184 3186 3128
f 3128 3186 3129
f 3182 3184 3127
f 3127 3184 3128
f 3180 3182 3126
f 3126 3182 3127
f 3178 3180 3125
f 3125 3180 3126
f 3176 3178 3124
f 3124 3178 3125
f 3174 3176 3123
f 3123 3176 3124
f 3172 3174 3122
f 3122 3174 3123
f 3170 3172 3121
f 3121 3172 3122
f 3168 3170 3120
f 3120 3170 3121
f 3166 3168 3119
f 3119 3168 3120
f 3164 3166 3118
f 3118 3166 3119
f 3162 3164 3117
f 3117 3164 3118
f 3160 3162 3116
f 3116 3162 3117
f 3158 3160 3115
f 3115 3160 3116
f 3156 3158 3114
f 3114 3158 3115
f 3154 3156 3113
f 3113 3156 3114
f 3152 3154 3112
f 3112 3154 3113
f 3150 3152 3111
f 3111 3152 3112
f 3148 3150 3110
f 3110 3150 3111
f 3146 3148 3109
f 3109 3148 3110
f 3144 3146 3108
f 3108 3146 3109
f 3142 3144 3107
f 3107 3144 3108
f 3105 3142 3106
f 3106 3142 3107
f 3195 3193 3396
f 3396 3193 3397
f 3396 3397 3257
f 3257 3397 3255
f 3193 3191 3397
f 3397 3191 3398
f 3397 3398 3255
f 3255 3398 3253
f 3191 3189 3398
f 3398 3189 3399
f 3398 3399 3253
f 3253 3399 3251
f 3189 3187 3399
f 3399 3187 3400
f 3399 3400 3251
f 3251 3400 3249
f 3187 3185 3400
f 3400 3185 3401
f 3400 3401 3249
f 3249 3401 3247
f 3185 3183 3401
f 3401 3183 3402
f 3401 3402 3247
f 3247 3402 3245
f 3183 3181 3402
f 3402 3181 3403
f 3402 3403 3245
f 3245 3403 3243
f 3181 3179 3403
f 3403 3179 3404
f 3403 3404 3243
f 3243 3404 3241
f 3179 3177 3404
f 3404 3177 3405
f 3404 3405 3241
f 3241 3405 3239
f 3177 3175 3405
f 3405 3175 3406
f 3405 3406 3239
f 3239 3406 3237
f 3175 3173 3406
f 3406 3173 3407
f 3406 3407 3237
f 3237 3407 3235
f 3173 3171 3407
f 3407 3171 3408
f 3407 3408 3235
f 3235 3408 3233
f 3171 3169 3408
f 3408 3169 3409
f 3408 3409 3233
f 3233 3409 3231
f 3169 3167 3409
f 3409 3167 3410
f 3409 3410 3231
f 3231 3410 3229
f 3167 3165 3410
f 3410 3165 3411
f 3410 3411 3229
f 3229 3411 3227
f 3165 3163 3411
f 3411 3163 3412
f 3411 3412 3227
f 3227 3412 3225
f 3163 3161 3412
f 3412 3161 3413
f 3412 3413 3225
f 3225 3413 3223
f 3161 3159 3413
f 3413 3159 3414
f 3413 3414 3223
f 3223 3414 3221
f 3159 3157 3414
f 3414 3157 3415
f 3414 3415 3221
f 3221 3415 3219
f 3157 3155 3415
f 3415 3155 3416
f 3415 3416 3219
f 3219 3416 3217
f 3155 3153 3416
f 3416 3153 3417
f 3416 3417 3217
f 3217 3417 3215
f 3153 3151 3417
f 3417 3151 3418
f 3417 3418 3215
f 3215 3418 3213
f 3151 3149 3418
f 3418 3149 3419
f 3418 3419 3213
f 3213 3419 3211
f 3149 3147 3419
f 3419 3147 3420
f 3419 3420 3211
f 3211 3420 3209
f 3147 3145 3420
f 3420 3145 3421
f 3420 3421 3209
f 3209 3421 3207
f 3145 3143 3421
f 3421 3143 3422
f 3421 3422 3207
f 3207 3422 3205
f 3143 3141 3422
f 3422 3141 3423
f 3422 3423 3205
f 3205 3423 3203
f 3141 3140 3423
f 3423 3140 3139
f 3423 3139 3203
f 3203 3139 2814
f 3340 3341 3396
f 3396 3341 3195
f 3340 3396 3257
f 3201 3258 3202
f 3202 3258 3204
f 3206 3204 3424
f 3424 3204 3258
f 3424 3258 3259
f 3208 3206 3425
f 3425 3206 3424
f 3425 3424 3426
f 3426 3424 3259
f 3426 3259 3260
f 3210 3208 3427
f 3427 3208 3425
f 3427 3425 3428
f 3428 3425 3426
f 3428 3426 3261
f 3261 3426 3260
f 3212 3210 3429
f 3429 3210 3427
f 3429 3427 3430
f 3430 3427 3428
f 3430 3428 3263
f 3263 3428 3261
f 3214 3212 3431
f 3431 3212 3429
f 3431 3429 3432
f 3432 3429 3430
f 3432 3430 3265
f 3265 3430 3263
f 3216 3214 3433
f 3433 3214 3431
f 3433 3431 3434
f 3434 3431 3432
f 3434 3432 3267
f 3267 3432 3265
f 3218 3216 3435
f 3435 3216 3433
f 3435 3433 3436
f 3436 3433 3434
f 3436 3434 3269
f 3269 3434 3267
f 3220 3218 3437
f 3437 3218 3435
f 3437 3435 3438
f 3438 3435 3436
f 3438 3436 3271
f 3271 3436 3269
f 3222 3220 3439
f 3439 3220 3437
f 3439 3437 3440
f 3440 3437 3438
f 3440 3438 3273
f 3273 3438 3271
f 3224 3222 3441
f 3441 3222 3439
f 3441 3439 3442
f 3442 3439 3440
f 3442 3440 3275
f 3275 3440 3273
f 3226 3224 3443
f 3443 3224 3441
f 3443 3441 3444
f 3444 3441 3442
f 3444 3442 3277
f 3277 3442 3275
f 3228 3226 3445
f 3445 3226 3443
f 3445 3443 3446
f 3446 3443 3444
f 3446 3444 3279
f 3279 3444 3277
f 3230 3228 3447
f 3447 3228 3445
f 3447 3445 3448
f 3448 3445 3446
f 3448 3446 3281
f 3281 3446 3279
f 3232 3230 3449
f 3449 3230 3447
f 3449 3447 3450
f 3450 3447 3448
f 3450 3448 3283
f 3283 3448 3281
f 3234 3232 3451
f 3451 3232 3449
f 3451 3449 3452
f 3452 3449 3450
f 3452 3450 3285
f 3285 3450 3283
f 3236 3234 3453
f 3453 3234 3451
f 3453 3451 3454
f 3454 3451 3452
f 3454 3452 3287
f 3287 3452 3285
f 3238 3236 3455
f 3455 3236 3453
f 3455 3453 3456
f 3456 3453 3454
f 3456 3454 3289
f 3289 3454 3287
f 3240 3238 3457
f 3457 3238 3455
f 3457 3455 3458
f 3458 3455 3456
f 3458 3456 3291
f 3291 3456 3289
f 3242 3240 3459
f 3459 3240 3457
f 3459 3457 3460
f 3460 3457 3458
f 3460 3458 3293
f 3293 3458 3291
f 3244 3242 3461
f 3461 3242 3459
f 3461 3459 3462
f 3462 3459 3460
f 3462 3460 3295
f 3295 3460 3293
f 3246 3244 3463
f 3463 3244 3461
f 3463 3461 3464
f 3464 3461 3462
f 3464 3462 3297
f 3297 3462 3295
f 3248 3336 3250
f 3250 3336 3465
f 3250 3465 3252
f 3252 3465 3338
f 3252 3338 3254
f 3336 3334 3465
f 3465 3334 3338
f 3337 3463 3466
f 3466 3463 3464
f 3466 3464 3299
f 3299 3464 3297
f 3463 3337 3246
f 3301 3335 3466
f 3466 3335 3337
f 3301 3466 3299
f 3300 3298 3332
f 3332 3298 3467
f 3332 3467 3328
f 3328 3467 3468
f 3328 3468 3329
f 3329 3468 3330
f 3468 3467 3296
f 3296 3467 3298
f 3330 3468 3294
f 3294 3468 3296
f 3294 3292 3330
f 3331 3290 3326
f 3326 3290 3288
f 3327 3286 3312
f 3314 3305 3315
f 3315 3305 3304
f 3316 3307 3317
f 3317 3307 3306
f 3318 3309 3319
f 3319 3309 3308
f 3320 3311 3321
f 3321 3311 3310
f 3322 3327 3323
f 3323 3327 3312
f 3324 3331 3325
f 3325 3331 3326
f 3332 3333 3300
f 2921 2923 3469
f 3469 2923 3470
f 3469 3470 3471
f 3469 3471 3472
f 3472 3471 3473
f 3472 3473 3474
f 3474 3473 3475
f 3474 3475 3476
f 3476 3475 3477
f 3476 3477 3478
f 3478 3477 3479
f 3478 3479 3480
f 3480 3479 3481
f 3480 3481 3482
f 3482 3481 3483
f 3482 3483 3484
f 3482 3484 3485
f 3485 3484 3486
f 3485 3486 3487
f 3487 3486 3488
f 3487 3488 3489
f 3489 3488 3490
f 3489 3490 3491
f 3491 3490 3492
f 3491 3492 3493
f 3493 3492 3494
f 3493 3494 3495
f 3495 3494 3496
f 3495 3496 3497
f 3497 3496 3498
f 3497 3498 3499
f 3499 3498 3500
f 3499 3500 3501
f 3501 3500 3502
f 3501 3502 3503
f 3503 3502 3504
f 3503 3504 3505
f 3505 3504 3506
f 3505 3506 3507
f 3507 3506 3508
f 3507 3508 3509
f 3509 3508 3510
f 3509 3510 3511
f 3511 3510 3512
f 3511 3512 3513
f 3513 3512 3514
f 3513 3514 3515
f 3515 3514 3516
f 3515 3516 3517
f 3517 3516 3518
f 3517 3518 3519
f 3519 3518 3520
f 3519 3520 3521
f 3521 3520 3522
f 3521 3522 3523
f 3521 3523 3524
f 3524 3523 3525
f 3524 3525 3526
f 3526 3525 3527
f 3526 3527 3528
f 3526 3528 3529
f 3529 3528 3530
f 3529 3530 3531
f 3531 3530 3532
f 3531 3532 3533
f 3531 3533 3534
f 3534 3533 3535
f 3534 3535 3536
f 3537 3538 3536
f 3536 3538 3539
f 3536 3539 3534
f 3534 3539 3540
f 3534 3540 3541
f 3541 3540 3542
f 3541 3542 3543
f 3543 3542 3544
f 3543 3544 3545
f 3545 3544 3546
f 3545 3546 3547
f 3547 3546 3548
f 3547 3548 3549
f 3549 3548 3550
f 3549 3550 3551
f 3551 3550 3552
f 3551 3552 3553
f 3553 3552 3554
f 3553 3554 3555
f 3555 3554 3556
f 3555 3556 3557
f 3557 3556 3558
f 3557 3558 3559
f 3559 3558 3560
f 3559 3560 3561
f 3561 3560 3562
f 3561 3562 3563
f 3563 3562 3564
f 3563 3564 3565
f 3565 3564 3566
f 3565 3566 3567
f 3567 3566 3568
f 3567 3568 3569
f 3569 3568 3570
f 3569 3570 3571
f 3571 3570 2893
f 3571 2893 2898
f 2855 3572 3537
f 3537 3572 3573
f 3537 3573 3538
f 3538 3573 3574
f 3538 3574 3575
f 3575 3574 3576
f 3575 3576 3577
f 3577 3576 3578
f 3577 3578 3579
f 3579 3578 3580
f 3579 3580 3581
f 3581 3580 3582
f 3581 3582 3583
f 3583 3582 3584
f 3583 3584 3585
f 3585 3584 3586
f 3585 3586 3587
f 3587 3586 3588
f 3587 3588 3589
f 3589 3588 3590
f 3589 3590 3591
f 3591 3590 3592
f 3591 3592 3593
f 3593 3592 3594
f 3593 3594 3595
f 3595 3594 3596
f 3595 3596 3597
f 3597 3596 3598
f 3597 3598 3599
f 3599 3598 3600
f 3599 3600 3601
f 3601 3600 3602
f 3601 3602 3603
f 3603 3602 3604
f 3603 3604 3605
f 3605 3604 2893
f 3605 2893 3570
f 2855 2858 3572
f 3572 2858 3606
f 3572 3606 3607
f 3607 3606 3608
f 3607 3608 3609
f 3609 3608 3610
f 3609 3610 3611
f 3611 3610 3612
f 3611 3612 3613
f 3613 3612 3614
f 3613 3614 3615
f 3615 3614 3616
f 3615 3616 3617
f 3617 3616 3618
f 3617 3618 3619
f 3619 3618 3620
f 3619 3620 3621
f 3621 3620 3622
f 3621 3622 3623
f 3623 3622 3624
f 3623 3624 3625
f 3625 3624 3626
f 3625 3626 3627
f 3627 3626 3628
f 3627 3628 3629
f 3629 3628 3630
f 3629 3630 3631
f 3631 3630 3632
f 3631 3632 3633
f 3633 3632 3634
f 3633 3634 3635
f 3635 3634 3636
f 3635 3636 3637
f 3637 3636 2891
f 3637 2891 3604
f 3604 2891 2893
f 2858 2860 3606
f 3606 2860 3608
f 3608 2860 3638
f 3638 2860 2862
f 3638 2862 3610
f 3610 2862 3639
f 3610 3639 3612
f 3612 3639 3640
f 3612 3640 3614
f 3614 3640 3641
f 3614 3641 3616
f 3616 3641 3642
f 3616 3642 3618
f 3618 3642 3643
f 3618 3643 3620
f 3620 3643 3644
f 3620 3644 3622
f 3622 3644 3645
f 3622 3645 3624
f 3624 3645 3646
f 3624 3646 3626
f 3626 3646 3647
f 3626 3647 3628
f 3628 3647 3648
f 3628 3648 3630
f 3630 3648 3649
f 3630 3649 3632
f 3632 3649 3650
f 3632 3650 3634
f 3634 3650 3651
f 3634 3651 3636
f 3636 3651 2891
f 2862 2864 3639
f 3639 2864 3652
f 3639 3652 3640
f 3640 3652 3653
f 3640 3653 3641
f 3641 3653 3654
f 3641 3654 3642
f 3642 3654 3655
f 3642 3655 3643
f 3643 3655 3656
f 3643 3656 3644
f 3644 3656 3657
f 3644 3657 3645
f 3645 3657 3658
f 3645 3658 3646
f 3646 3658 3659
f 3646 3659 3647
f 3647 3659 3660
f 3647 3660 3648
f 3648 3660 3661
f 3648 3661 3649
f 3649 3661 3662
f 3649 3662 3650
f 3650 3662 3663
f 3650 3663 3651
f 3651 3663 2891
f 2864 2866 3652
f 3652 2866 3653
f 3653 2866 3664
f 3664 2866 2869
f 3664 2869 3665
f 3665 2869 3666
f 3665 3666 3667
f 3667 3666 3668
f 3667 3668 3669
f 3669 3668 3670
f 3669 3670 3671
f 3671 3670 3672
f 3671 3672 3673
f 3673 3672 3674
f 3673 3674 3675
f 3675 3674 3676
f 3675 3676 3677
f 3677 3676 3678
f 3677 3678 3679
f 3679 3678 3680
f 3679 3680 3681
f 3681 3680 2889
f 3681 2889 3663
f 3663 2889 2891
f 2869 2872 3666
f 3666 2872 3668
f 3668 2872 3682
f 3682 2872 2874
f 3682 2874 3670
f 3670 2874 3672
f 2874 2876 3672
f 3672 2876 2879
f 3672 2879 3674
f 3674 2879 2881
f 3674 2881 3683
f 3683 2881 2882
f 3683 2882 3676
f 3676 2882 2884
f 3676 2884 3684
f 3684 2884 2886
f 3684 2886 3678
f 3678 2886 2888
f 3678 2888 3680
f 3680 2888 2889
f 2897 3685 2898
f 2898 3685 3686
f 2898 3686 3571
f 3571 3686 3687
f 3571 3687 3569
f 3569 3687 3688
f 3569 3688 3567
f 3567 3688 3689
f 3567 3689 3565
f 3565 3689 3690
f 3565 3690 3563
f 3563 3690 3691
f 3563 3691 3561
f 3561 3691 3692
f 3561 3692 3559
f 3559 3692 3693
f 3559 3693 3557
f 3557 3693 3694
f 3557 3694 3555
f 3555 3694 3695
f 3555 3695 3553
f 3553 3695 3696
f 3553 3696 3551
f 3551 3696 3697
f 3551 3697 3549
f 3549 3697 3698
f 3549 3698 3547
f 3547 3698 3699
f 3547 3699 3545
f 3545 3699 3700
f 3545 3700 3543
f 3543 3700 3701
f 3543 3701 3541
f 3541 3701 3531
f 3541 3531 3534
f 2899 3702 2897
f 2897 3702 3703
f 2897 3703 3685
f 3685 3703 3704
f 3685 3704 3705
f 3705 3704 3706
f 3705 3706 3707
f 3707 3706 3708
f 3707 3708 3709
f 3709 3708 3710
f 3709 3710 3711
f 3711 3710 3712
f 3711 3712 3713
f 3713 3712 3714
f 3713 3714 3715
f 3715 3714 3716
f 3715 3716 3717
f 3717 3716 3718
f 3717 3718 3719
f 3719 3718 3720
f 3719 3720 3721
f 3721 3720 3722
f 3721 3722 3723
f 3723 3722 3724
f 3723 3724 3725
f 3725 3724 3726
f 3725 3726 3727
f 3727 3726 3728
f 3727 3728 3729
f 3729 3728 3730
f 3729 3730 3731
f 3731 3730 3732
f 3731 3732 3733
f 3733 3732 3526
f 3733 3526 3529
f 3702 2899 3734
f 3734 2899 2901
f 3734 2901 3735
f 3735 2901 3736
f 3735 3736 3737
f 3737 3736 3738
f 3737 3738 3739
f 3739 3738 3740
f 3739 3740 3741
f 3741 3740 3742
f 3741 3742 3743
f 3743 3742 3744
f 3743 3744 3745
f 3745 3744 3746
f 3745 3746 3747
f 3747 3746 3748
f 3747 3748 3749
f 3749 3748 3750
f 3749 3750 3751
f 3751 3750 3752
f 3751 3752 3753
f 3753 3752 3754
f 3753 3754 3755
f 3755 3754 3756
f 3755 3756 3757
f 3757 3756 3758
f 3757 3758 3759
f 3759 3758 3760
f 3759 3760 3761
f 3761 3760 3762
f 3761 3762 3763
f 3763 3762 3764
f 3763 3764 3487
f 3487 3764 3485
f 3736 2901 3765
f 3765 2901 2904
f 3765 2904 3766
f 3766 2904 2906
f 3766 2906 3767
f 3767 2906 2907
f 3767 2907 2910
f 2912 3768 2910
f 2910 3768 3769
f 2910 3769 3767
f 3767 3769 3770
f 3767 3770 3771
f 3771 3770 3772
f 3771 3772 3773
f 3773 3772 3774
f 3773 3774 3748
f 3748 3774 3750
f 2914 3775 2912
f 2912 3775 3776
f 2912 3776 3768
f 3768 3776 3777
f 3768 3777 3778
f 3778 3777 3779
f 3778 3779 3780
f 3780 3779 3781
f 3780 3781 3772
f 3772 3781 3774
f 2916 3782 2914
f 2914 3782 3783
f 2914 3783 3775
f 3775 3783 3784
f 3775 3784 3785
f 3785 3784 3786
f 3785 3786 3787
f 3787 3786 3788
f 3787 3788 3789
f 3789 3788 3790
f 3789 3790 3791
f 3791 3790 3792
f 3791 3792 3793
f 3793 3792 3752
f 3793 3752 3750
f 2918 3794 2916
f 2916 3794 3795
f 2916 3795 3796
f 3796 3795 3797
f 3796 3797 3798
f 3798 3797 3799
f 3798 3799 3800
f 3800 3799 3801
f 3800 3801 3802
f 3802 3801 3803
f 3802 3803 3804
f 3804 3803 3805
f 3804 3805 3806
f 3806 3805 3758
f 3806 3758 3756
f 2921 3807 2918
f 2918 3807 3808
f 2918 3808 3794
f 3794 3808 3809
f 3794 3809 3795
f 3795 3809 3810
f 3795 3810 3797
f 3797 3810 3811
f 3797 3811 3799
f 3799 3811 3812
f 3799 3812 3801
f 3801 3812 3813
f 3801 3813 3803
f 3803 3813 3814
f 3803 3814 3805
f 3805 3814 3760
f 3805 3760 3758
f 3807 2921 3815
f 3815 2921 3469
f 3815 3469 3472
f 2916 3796 3782
f 3782 3796 3798
f 3782 3798 3816
f 3816 3798 3800
f 3816 3800 3817
f 3817 3800 3802
f 3817 3802 3818
f 3818 3802 3804
f 3818 3804 3819
f 3819 3804 3806
f 3819 3806 3820
f 3820 3806 3756
f 3820 3756 3754
f 3654 3653 3664
f 3574 3573 3607
f 3607 3573 3572
f 3540 3539 3575
f 3575 3539 3538
f 3733 3529 3701
f 3701 3529 3531
f 3526 3732 3524
f 3524 3732 3821
f 3524 3821 3521
f 3521 3821 3822
f 3521 3822 3519
f 3519 3822 3823
f 3519 3823 3517
f 3517 3823 3824
f 3517 3824 3515
f 3515 3824 3825
f 3515 3825 3513
f 3513 3825 3826
f 3513 3826 3511
f 3511 3826 3827
f 3511 3827 3509
f 3509 3827 3828
f 3509 3828 3507
f 3507 3828 3829
f 3507 3829 3505
f 3505 3829 3830
f 3505 3830 3503
f 3503 3830 3831
f 3503 3831 3501
f 3501 3831 3832
f 3501 3832 3499
f 3499 3832 3833
f 3499 3833 3497
f 3497 3833 3834
f 3497 3834 3495
f 3495 3834 3835
f 3495 3835 3493
f 3493 3835 3836
f 3493 3836 3491
f 3491 3836 3837
f 3491 3837 3489
f 3489 3837 3763
f 3489 3763 3487
f 3482 3485 3838
f 3838 3485 3764
f 3838 3764 3839
f 3839 3764 3762
f 3839 3762 3814
f 3814 3762 3760
f 3480 3482 3840
f 3840 3482 3838
f 3840 3838 3841
f 3841 3838 3839
f 3841 3839 3813
f 3813 3839 3814
f 3478 3480 3842
f 3842 3480 3840
f 3842 3840 3843
f 3843 3840 3841
f 3843 3841 3812
f 3812 3841 3813
f 3476 3478 3844
f 3844 3478 3842
f 3844 3842 3845
f 3845 3842 3843
f 3845 3843 3811
f 3811 3843 3812
f 3474 3476 3846
f 3846 3476 3844
f 3846 3844 3847
f 3847 3844 3845
f 3847 3845 3810
f 3810 3845 3811
f 3472 3474 3848
f 3848 3474 3846
f 3848 3846 3849
f 3849 3846 3847
f 3849 3847 3809
f 3809 3847 3810
f 3576 3574 3609
f 3609 3574 3607
f 3542 3540 3577
f 3577 3540 3575
f 3731 3733 3700
f 3700 3733 3701
f 3732 3730 3821
f 3821 3730 3850
f 3821 3850 3822
f 3822 3850 3851
f 3822 3851 3823
f 3823 3851 3852
f 3823 3852 3824
f 3824 3852 3853
f 3824 3853 3825
f 3825 3853 3854
f 3825 3854 3826
f 3826 3854 3855
f 3826 3855 3827
f 3827 3855 3856
f 3827 3856 3828
f 3828 3856 3857
f 3828 3857 3829
f 3829 3857 3858
f 3829 3858 3830
f 3830 3858 3859
f 3830 3859 3831
f 3831 3859 3860
f 3831 3860 3832
f 3832 3860 3861
f 3832 3861 3833
f 3833 3861 3862
f 3833 3862 3834
f 3834 3862 3863
f 3834 3863 3835
f 3835 3863 3864
f 3835 3864 3836
f 3836 3864 3865
f 3836 3865 3837
f 3837 3865 3761
f 3837 3761 3763
f 3807 3815 3848
f 3848 3815 3472
f 3807 3848 3849
f 3809 3808 3849
f 3849 3808 3807
f 3761 3865 3759
f 3759 3865 3866
f 3759 3866 3757
f 3757 3866 3867
f 3757 3867 3755
f 3755 3867 3868
f 3755 3868 3753
f 3753 3868 3869
f 3753 3869 3751
f 3751 3869 3870
f 3751 3870 3749
f 3749 3870 3871
f 3749 3871 3747
f 3747 3871 3872
f 3747 3872 3745
f 3745 3872 3873
f 3745 3873 3743
f 3743 3873 3874
f 3743 3874 3741
f 3741 3874 3875
f 3741 3875 3739
f 3739 3875 3876
f 3739 3876 3737
f 3737 3876 3877
f 3737 3877 3735
f 3735 3877 3878
f 3735 3878 3734
f 3734 3878 3879
f 3734 3879 3702
f 3702 3879 3880
f 3702 3880 3703
f 3703 3880 3704
f 3865 3864 3866
f 3866 3864 3881
f 3866 3881 3867
f 3867 3881 3882
f 3867 3882 3868
f 3868 3882 3883
f 3868 3883 3869
f 3869 3883 3884
f 3869 3884 3870
f 3870 3884 3885
f 3870 3885 3871
f 3871 3885 3886
f 3871 3886 3872
f 3872 3886 3887
f 3872 3887 3873
f 3873 3887 3888
f 3873 3888 3874
f 3874 3888 3889
f 3874 3889 3875
f 3875 3889 3890
f 3875 3890 3876
f 3876 3890 3891
f 3876 3891 3877
f 3877 3891 3892
f 3877 3892 3878
f 3878 3892 3879
f 3864 3863 3881
f 3881 3863 3893
f 3881 3893 3882
f 3882 3893 3894
f 3882 3894 3883
f 3883 3894 3895
f 3883 3895 3884
f 3884 3895 3896
f 3884 3896 3885
f 3885 3896 3897
f 3885 3897 3886
f 3886 3897 3898
f 3886 3898 3887
f 3887 3898 3899
f 3887 3899 3888
f 3888 3899 3900
f 3888 3900 3889
f 3889 3900 3901
f 3889 3901 3890
f 3890 3901 3902
f 3890 3902 3891
f 3891 3902 3903
f 3891 3903 3892
f 3892 3903 3904
f 3892 3904 3879
f 3879 3904 3880
f 3863 3862 3893
f 3893 3862 3905
f 3893 3905 3894
f 3894 3905 3906
f 3894 3906 3895
f 3895 3906 3907
f 3895 3907 3896
f 3896 3907 3908
f 3896 3908 3897
f 3897 3908 3909
f 3897 3909 3898
f 3898 3909 3910
f 3898 3910 3899
f 3899 3910 3911
f 3899 3911 3900
f 3900 3911 3912
f 3900 3912 3901
f 3901 3912 3913
f 3901 3913 3902
f 3902 3913 3914
f 3902 3914 3903
f 3903 3914 3915
f 3903 3915 3904
f 3904 3915 3916
f 3904 3916 3880
f 3880 3916 3704
f 3862 3861 3905
f 3905 3861 3917
f 3905 3917 3906
f 3906 3917 3918
f 3906 3918 3907
f 3907 3918 3919
f 3907 3919 3908
f 3908 3919 3920
f 3908 3920 3909
f 3909 3920 3921
f 3909 3921 3910
f 3910 3921 3922
f 3910 3922 3911
f 3911 3922 3923
f 3911 3923 3912
f 3912 3923 3924
f 3912 3924 3913
f 3913 3924 3925
f 3913 3925 3914
f 3914 3925 3926
f 3914 3926 3915
f 3915 3926 3927
f 3915 3927 3916
f 3916 3927 3706
f 3916 3706 3704
f 3861 3860 3917
f 3917 3860 3928
f 3917 3928 3918
f 3918 3928 3929
f 3918 3929 3919
f 3919 3929 3930
f 3919 3930 3920
f 3920 3930 3931
f 3920 3931 3921
f 3921 3931 3932
f 3921 3932 3922
f 3922 3932 3933
f 3922 3933 3923
f 3923 3933 3934
f 3923 3934 3924
f 3924 3934 3935
f 3924 3935 3925
f 3925 3935 3936
f 3925 3936 3926
f 3926 3936 3937
f 3926 3937 3927
f 3927 3937 3708
f 3927 3708 3706
f 3860 3859 3928
f 3928 3859 3938
f 3928 3938 3929
f 3929 3938 3939
f 3929 3939 3930
f 3930 3939 3940
f 3930 3940 3931
f 3931 3940 3941
f 3931 3941 3932
f 3932 3941 3942
f 3932 3942 3933
f 3933 3942 3943
f 3933 3943 3934
f 3934 3943 3944
f 3934 3944 3935
f 3935 3944 3945
f 3935 3945 3936
f 3936 3945 3946
f 3936 3946 3937
f 3937 3946 3710
f 3937 3710 3708
f 3859 3858 3938
f 3938 3858 3947
f 3938 3947 3939
f 3939 3947 3948
f 3939 3948 3940
f 3940 3948 3949
f 3940 3949 3941
f 3941 3949 3950
f 3941 3950 3942
f 3942 3950 3951
f 3942 3951 3943
f 3943 3951 3952
f 3943 3952 3944
f 3944 3952 3953
f 3944 3953 3945
f 3945 3953 3954
f 3945 3954 3946
f 3946 3954 3712
f 3946 3712 3710
f 3858 3857 3947
f 3947 3857 3955
f 3947 3955 3948
f 3948 3955 3956
f 3948 3956 3949
f 3949 3956 3957
f 3949 3957 3950
f 3950 3957 3958
f 3950 3958 3951
f 3951 3958 3959
f 3951 3959 3952
f 3952 3959 3960
f 3952 3960 3953
f 3953 3960 3961
f 3953 3961 3954
f 3954 3961 3714
f 3954 3714 3712
f 3857 3856 3955
f 3955 3856 3962
f 3955 3962 3956
f 3956 3962 3963
f 3956 3963 3957
f 3957 3963 3964
f 3957 3964 3958
f 3958 3964 3965
f 3958 3965 3959
f 3959 3965 3966
f 3959 3966 3960
f 3960 3966 3967
f 3960 3967 3961
f 3961 3967 3716
f 3961 3716 3714
f 3856 3855 3962
f 3962 3855 3968
f 3962 3968 3963
f 3963 3968 3969
f 3963 3969 3964
f 3964 3969 3970
f 3964 3970 3965
f 3965 3970 3971
f 3965 3971 3966
f 3966 3971 3972
f 3966 3972 3967
f 3967 3972 3718
f 3967 3718 3716
f 3855 3854 3968
f 3968 3854 3973
f 3968 3973 3969
f 3969 3973 3974
f 3969 3974 3970
f 3970 3974 3975
f 3970 3975 3971
f 3971 3975 3976
f 3971 3976 3972
f 3972 3976 3720
f 3972 3720 3718
f 3854 3853 3973
f 3973 3853 3977
f 3973 3977 3974
f 3974 3977 3978
f 3974 3978 3975
f 3975 3978 3979
f 3975 3979 3976
f 3976 3979 3722
f 3976 3722 3720
f 3853 3852 3977
f 3977 3852 3980
f 3977 3980 3978
f 3978 3980 3981
f 3978 3981 3979
f 3979 3981 3724
f 3979 3724 3722
f 3852 3851 3980
f 3980 3851 3982
f 3980 3982 3981
f 3981 3982 3726
f 3981 3726 3724
f 3851 3850 3982
f 3982 3850 3728
f 3982 3728 3726
f 3850 3730 3728
f 3729 3731 3699
f 3699 3731 3700
f 3544 3542 3579
f 3579 3542 3577
f 3578 3576 3611
f 3611 3576 3609
f 3638 3610 3608
f 3580 3578 3613
f 3613 3578 3611
f 3546 3544 3581
f 3581 3544 3579
f 3727 3729 3698
f 3698 3729 3699
f 3582 3580 3615
f 3615 3580 3613
f 3548 3546 3583
f 3583 3546 3581
f 3725 3727 3697
f 3697 3727 3698
f 3723 3725 3696
f 3696 3725 3697
f 3550 3548 3585
f 3585 3548 3583
f 3584 3582 3617
f 3617 3582 3615
f 3586 3584 3619
f 3619 3584 3617
f 3552 3550 3587
f 3587 3550 3585
f 3721 3723 3695
f 3695 3723 3696
f 3752 3792 3754
f 3754 3792 3820
f 3792 3790 3820
f 3820 3790 3819
f 3790 3788 3819
f 3819 3788 3818
f 3788 3786 3818
f 3818 3786 3817
f 3783 3782 3816
f 3786 3784 3817
f 3817 3784 3816
f 3784 3783 3816
f 3719 3721 3694
f 3694 3721 3695
f 3554 3552 3589
f 3589 3552 3587
f 3588 3586 3621
f 3621 3586 3619
f 3655 3654 3665
f 3665 3654 3664
f 3656 3655 3667
f 3667 3655 3665
f 3590 3588 3623
f 3623 3588 3621
f 3556 3554 3591
f 3591 3554 3589
f 3717 3719 3693
f 3693 3719 3694
f 3750 3774 3793
f 3793 3774 3781
f 3793 3781 3791
f 3791 3781 3779
f 3791 3779 3789
f 3789 3779 3777
f 3789 3777 3787
f 3787 3777 3776
f 3787 3776 3785
f 3785 3776 3775
f 3773 3748 3746
f 3715 3717 3692
f 3692 3717 3693
f 3558 3556 3593
f 3593 3556 3591
f 3592 3590 3625
f 3625 3590 3623
f 3657 3656 3669
f 3669 3656 3667
f 3682 3670 3668
f 3658 3657 3671
f 3671 3657 3669
f 3594 3592 3627
f 3627 3592 3625
f 3560 3558 3595
f 3595 3558 3593
f 3713 3715 3691
f 3691 3715 3692
f 3773 3746 3983
f 3983 3746 3744
f 3983 3744 3984
f 3984 3744 3742
f 3984 3742 3985
f 3985 3742 3740
f 3985 3740 3765
f 3765 3740 3738
f 3765 3738 3736
f 3772 3770 3780
f 3780 3770 3769
f 3780 3769 3778
f 3778 3769 3768
f 3659 3658 3673
f 3673 3658 3671
f 3596 3594 3629
f 3629 3594 3627
f 3562 3560 3597
f 3597 3560 3595
f 3711 3713 3690
f 3690 3713 3691
f 3773 3983 3771
f 3771 3983 3986
f 3771 3986 3767
f 3767 3986 3766
f 3986 3983 3984
f 3660 3659 3675
f 3675 3659 3673
f 3598 3596 3631
f 3631 3596 3629
f 3564 3562 3599
f 3599 3562 3597
f 3709 3711 3689
f 3689 3711 3690
f 3766 3986 3984
f 3766 3984 3985
f 3683 3676 3674
f 3661 3660 3677
f 3677 3660 3675
f 3600 3598 3633
f 3633 3598 3631
f 3566 3564 3601
f 3601 3564 3599
f 3707 3709 3688
f 3688 3709 3689
f 3765 3766 3985
f 3684 3678 3676
f 3662 3661 3679
f 3679 3661 3677
f 3602 3600 3635
f 3635 3600 3633
f 3568 3566 3603
f 3603 3566 3601
f 3705 3707 3687
f 3687 3707 3688
f 3663 3662 3681
f 3681 3662 3679
f 3604 3602 3637
f 3637 3602 3635
f 3570 3568 3605
f 3605 3568 3603
f 3685 3705 3686
f 3686 3705 3687
f 3470 2923 3987
f 3987 2923 2928
f 3987 2928 3988
f 3988 2928 2930
f 3988 2930 3989
f 3989 2930 3990
f 3989 3990 3991
f 3991 3990 3992
f 3991 3992 3993
f 3993 3992 3994
f 3993 3994 3995
f 3995 3994 3996
f 3995 3996 3997
f 3997 3996 3998
f 3997 3998 3999
f 3999 3998 4000
f 3999 4000 4001
f 4001 4000 4002
f 4001 4002 4003
f 4003 4002 4004
f 4003 4004 4005
f 4005 4004 4006
f 4005 4006 4007
f 4007 4006 4008
f 4007 4008 4009
f 4009 4008 4010
f 4009 4010 4011
f 4011 4010 4012
f 4011 4012 4013
f 4013 4012 4014
f 4013 4014 4015
f 4015 4014 4016
f 4015 4016 4017
f 4017 4016 4018
f 4017 4018 4019
f 4019 4018 4020
f 4019 4020 4021
f 4021 4020 4022
f 4021 4022 4023
f 4023 4022 4024
f 4023 4024 4025
f 4025 4024 4026
f 4025 4026 4027
f 4027 4026 2831
f 4027 2831 4028
f 4028 2831 4029
f 4028 4029 4030
f 4030 4029 3102
f 4030 3102 3100
f 2930 2932 3990
f 3990 2932 3992
f 2932 2934 3992
f 3992 2934 3994
f 3994 2934 3996
f 3996 2934 2936
f 3996 2936 3998
f 3998 2936 2938
f 3998 2938 4000
f 4000 2938 4002
f 2938 2940 4002
f 4002 2940 4004
f 4004 2940 4006
f 4006 2940 2845
f 4006 2845 4008
f 4008 2845 2843
f 4008 2843 4010
f 4010 2843 4012
f 2843 2841 4012
f 4012 2841 4014
f 2841 2839 4014
f 4014 2839 4016
f 4016 2839 4018
f 4018 2839 2837
f 4018 2837 4020
f 4020 2837 4022
f 2837 2835 4022
f 4022 2835 4024
f 2835 2833 4024
f 4024 2833 4026
f 2833 2831 4026
f 2831 2826 4029
f 4029 2826 3102
f 3098 4031 3100
f 3100 4031 4032
f 3100 4032 4030
f 4030 4032 4033
f 4030 4033 4028
f 4028 4033 4027
f 4031 3098 4034
f 4034 3098 3096
f 4034 3096 4035
f 4035 3096 4036
f 4035 4036 4037
f 4037 4036 4038
f 4037 4038 4039
f 4039 4038 4040
f 4039 4040 4041
f 4041 4040 4042
f 4041 4042 4043
f 4043 4042 4044
f 4043 4044 4045
f 4045 4044 4046
f 4045 4046 4047
f 4047 4046 4048
f 4047 4048 4049
f 4049 4048 4050
f 4049 4050 4051
f 4051 4050 4052
f 4051 4052 4053
f 4053 4052 4054
f 4053 4054 4055
f 4055 4054 4056
f 4055 4056 4057
f 4057 4056 4058
f 4057 4058 4059
f 4059 4058 4060
f 4059 4060 4061
f 4061 4060 4062
f 4061 4062 4063
f 4063 4062 4064
f 4063 4064 4065
f 4065 4064 4066
f 4065 4066 4067
f 4067 4066 4068
f 4067 4068 4069
f 4069 4068 4070
f 4069 4070 4071
f 4071 4070 4072
f 4071 4072 4073
f 4073 4072 4074
f 4073 4074 4075
f 4075 4074 4076
f 4075 4076 4077
f 4077 4076 4078
f 4077 4078 4079
f 4079 4078 4080
f 4079 4080 4081
f 4081 4080 4082
f 4081 4082 3475
f 3475 4082 3477
f 3477 4082 4083
f 3477 4083 3479
f 3479 4083 4084
f 3479 4084 3481
f 3481 4084 4085
f 3481 4085 3483
f 3483 4085 4086
f 3483 4086 3484
f 3484 4086 3486
f 3486 4086 4087
f 3486 4087 3488
f 3488 4087 4088
f 3488 4088 3490
f 3490 4088 4089
f 3490 4089 4090
f 4090 4089 4091
f 4090 4091 4092
f 4092 4091 4093
f 4092 4093 4094
f 4094 4093 4095
f 4094 4095 4096
f 4096 4095 4097
f 4096 4097 4098
f 4098 4097 4099
f 4098 4099 4100
f 4100 4099 4101
f 4100 4101 4102
f 4102 4101 4103
f 4102 4103 4104
f 4104 4103 4105
f 4104 4105 4106
f 4106 4105 4107
f 4106 4107 4108
f 4108 4107 4109
f 4108 4109 4110
f 4110 4109 4111
f 4110 4111 4112
f 4112 4111 4113
f 4112 4113 4114
f 4114 4113 4115
f 4114 4115 4116
f 4116 4115 4117
f 4116 4117 4118
f 4118 4117 4119
f 4118 4119 4120
f 4120 4119 4121
f 4120 4121 4122
f 4122 4121 4123
f 4122 4123 4124
f 4124 4123 4125
f 4124 4125 4126
f 4126 4125 4127
f 4126 4127 4128
f 4128 4127 4129
f 4128 4129 4130
f 4130 4129 4131
f 4130 4131 4132
f 4132 4131 4133
f 4132 4133 2746
f 2746 4133 4134
f 2746 4134 2748
f 2748 4134 2952
f 2952 4134 4135
f 2952 4135 3026
f 3026 4135 4136
f 3026 4136 3030
f 3030 4136 3034
f 3034 4136 3035
f 3035 4136 4137
f 3035 4137 3037
f 3037 4137 3039
f 3039 4137 4138
f 3039 4138 3040
f 3040 4138 3042
f 3042 4138 4139
f 3042 4139 3044
f 3044 4139 3045
f 3045 4139 4140
f 3045 4140 3047
f 3047 4140 4141
f 3047 4141 3049
f 3049 4141 4142
f 3049 4142 3051
f 3051 4142 4143
f 3051 4143 3053
f 3053 4143 4144
f 3053 4144 3055
f 3055 4144 4145
f 3055 4145 3057
f 3057 4145 4146
f 3057 4146 3059
f 3059 4146 4147
f 3059 4147 3061
f 3061 4147 4148
f 3061 4148 3063
f 3063 4148 4149
f 3063 4149 3065
f 3065 4149 4150
f 3065 4150 3067
f 3067 4150 4151
f 3067 4151 3069
f 3069 4151 4152
f 3069 4152 3071
f 3071 4152 4153
f 3071 4153 3073
f 3073 4153 4154
f 3073 4154 3075
f 3075 4154 4155
f 3075 4155 3077
f 3077 4155 4156
f 3077 4156 4157
f 4157 4156 4158
f 4157 4158 4159
f 4159 4158 4160
f 4159 4160 4161
f 4161 4160 4162
f 4161 4162 4163
f 4163 4162 4164
f 4163 4164 4165
f 4165 4164 4166
f 4165 4166 4167
f 4167 4166 4168
f 4167 4168 4048
f 4048 4168 4050
f 3096 3094 4036
f 4036 3094 4169
f 4036 4169 4038
f 4038 4169 4170
f 4038 4170 4040
f 4040 4170 4171
f 4040 4171 4042
f 4042 4171 4172
f 4042 4172 4044
f 4044 4172 4173
f 4044 4173 4046
f 4046 4173 4167
f 4046 4167 4048
f 3094 3092 4169
f 4169 3092 4174
f 4169 4174 4170
f 4170 4174 4175
f 4170 4175 4171
f 4171 4175 4176
f 4171 4176 4172
f 4172 4176 4177
f 4172 4177 4173
f 4173 4177 4165
f 4173 4165 4167
f 3092 3090 4174
f 4174 3090 4178
f 4174 4178 4175
f 4175 4178 4179
f 4175 4179 4176
f 4176 4179 4180
f 4176 4180 4177
f 4177 4180 4163
f 4177 4163 4165
f 3090 3089 4178
f 4178 3089 4181
f 4178 4181 4179
f 4179 4181 4182
f 4179 4182 4180
f 4180 4182 4161
f 4180 4161 4163
f 3089 3082 4181
f 4181 3082 3080
f 4181 3080 4183
f 4183 3080 3078
f 4183 3078 4157
f 4157 3078 3077
f 2746 2745 4132
f 4132 2745 4184
f 4132 4184 4130
f 4130 4184 4185
f 4130 4185 4128
f 4128 4185 4186
f 4128 4186 4126
f 4126 4186 4187
f 4126 4187 4124
f 4124 4187 4188
f 4124 4188 4122
f 4122 4188 4189
f 4122 4189 4120
f 4120 4189 4190
f 4120 4190 4118
f 4118 4190 4191
f 4118 4191 4116
f 4116 4191 4192
f 4116 4192 4114
f 4114 4192 4193
f 4114 4193 4112
f 4112 4193 4194
f 4112 4194 4110
f 4110 4194 4195
f 4110 4195 4108
f 4108 4195 4196
f 4108 4196 4106
f 4106 4196 4197
f 4106 4197 4104
f 4104 4197 4198
f 4104 4198 4102
f 4102 4198 4199
f 4102 4199 4100
f 4100 4199 4200
f 4100 4200 4098
f 4098 4200 4201
f 4098 4201 4096
f 4096 4201 4202
f 4096 4202 4094
f 4094 4202 4203
f 4094 4203 4092
f 4092 4203 4204
f 4092 4204 4090
f 4090 4204 3492
f 4090 3492 3490
f 2745 2779 4184
f 4184 2779 4205
f 4184 4205 4185
f 4185 4205 4206
f 4185 4206 4186
f 4186 4206 4207
f 4186 4207 4187
f 4187 4207 4208
f 4187 4208 4188
f 4188 4208 4209
f 4188 4209 4189
f 4189 4209 4210
f 4189 4210 4190
f 4190 4210 4211
f 4190 4211 4191
f 4191 4211 4212
f 4191 4212 4192
f 4192 4212 4213
f 4192 4213 4193
f 4193 4213 4214
f 4193 4214 4194
f 4194 4214 4215
f 4194 4215 4195
f 4195 4215 4216
f 4195 4216 4196
f 4196 4216 4217
f 4196 4217 4197
f 4197 4217 4218
f 4197 4218 4198
f 4198 4218 4219
f 4198 4219 4199
f 4199 4219 4220
f 4199 4220 4200
f 4200 4220 4221
f 4200 4221 4201
f 4201 4221 4222
f 4201 4222 4202
f 4202 4222 4223
f 4202 4223 4203
f 4203 4223 4224
f 4203 4224 4204
f 4204 4224 3494
f 4204 3494 3492
f 2780 4225 2779
f 2779 4225 4226
f 2779 4226 4205
f 4205 4226 4206
f 2781 4227 2780
f 2780 4227 4228
f 2780 4228 4225
f 4225 4228 4229
f 4225 4229 4226
f 4226 4229 4230
f 4226 4230 4206
f 4206 4230 4207
f 4227 2781 4231
f 4231 2781 2782
f 4231 2782 4232
f 4232 2782 4233
f 4232 4233 4234
f 4234 4233 4235
f 4234 4235 4236
f 4236 4235 4237
f 4236 4237 4238
f 4238 4237 4239
f 4238 4239 4240
f 4240 4239 4241
f 4240 4241 4242
f 4242 4241 4243
f 4242 4243 4244
f 4244 4243 4245
f 4244 4245 4246
f 4246 4245 4247
f 4246 4247 4248
f 4248 4247 4249
f 4248 4249 4250
f 4250 4249 4251
f 4250 4251 4252
f 4252 4251 4253
f 4252 4253 4254
f 4254 4253 4255
f 4254 4255 4256
f 4256 4255 4257
f 4256 4257 4258
f 4258 4257 4259
f 4258 4259 4260
f 4260 4259 3508
f 4260 3508 3506
f 2782 2783 4233
f 4233 2783 4261
f 4233 4261 4235
f 4235 4261 4262
f 4235 4262 4237
f 4237 4262 4263
f 4237 4263 4239
f 4239 4263 4264
f 4239 4264 4241
f 4241 4264 4265
f 4241 4265 4243
f 4243 4265 4266
f 4243 4266 4245
f 4245 4266 4267
f 4245 4267 4247
f 4247 4267 4268
f 4247 4268 4249
f 4249 4268 4269
f 4249 4269 4251
f 4251 4269 4270
f 4251 4270 4253
f 4253 4270 4271
f 4253 4271 4255
f 4255 4271 4272
f 4255 4272 4257
f 4257 4272 4273
f 4257 4273 4259
f 4259 4273 3510
f 4259 3510 3508
f 4261 2783 4274
f 4274 2783 2784
f 4274 2784 4275
f 4275 2784 2847
f 4275 2847 4276
f 4276 2847 4277
f 4276 4277 4278
f 4278 4277 4279
f 4278 4279 4280
f 4280 4279 4281
f 4280 4281 4282
f 4282 4281 4283
f 4282 4283 4284
f 4284 4283 4285
f 4284 4285 4286
f 4286 4285 4287
f 4286 4287 4288
f 4288 4287 4289
f 4288 4289 4290
f 4290 4289 4291
f 4290 4291 4292
f 4292 4291 4293
f 4292 4293 4294
f 4294 4293 3518
f 4294 3518 3516
f 2847 2848 4277
f 4277 2848 4295
f 4277 4295 4279
f 4279 4295 4296
f 4279 4296 4281
f 4281 4296 4297
f 4281 4297 4283
f 4283 4297 4298
f 4283 4298 4285
f 4285 4298 4299
f 4285 4299 4287
f 4287 4299 4300
f 4287 4300 4289
f 4289 4300 4301
f 4289 4301 4291
f 4291 4301 4302
f 4291 4302 4293
f 4293 4302 3520
f 4293 3520 3518
f 4295 2848 4303
f 4303 2848 2849
f 4303 2849 4304
f 4304 2849 2850
f 4304 2850 4305
f 4305 2850 4306
f 4305 4306 4307
f 4307 4306 4308
f 4307 4308 4309
f 4309 4308 4310
f 4309 4310 4311
f 4311 4310 4312
f 4311 4312 4313
f 4313 4312 3532
f 4313 3532 3530
f 2850 2851 4306
f 4306 2851 2852
f 4306 2852 4308
f 4308 2852 4314
f 4308 4314 4310
f 4310 4314 4315
f 4310 4315 4312
f 4312 4315 3533
f 4312 3533 3532
f 2852 2853 4314
f 4314 2853 4316
f 4314 4316 4315
f 4315 4316 3537
f 4315 3537 3536
f 2853 2855 4316
f 4316 2855 3537
f 3536 3535 4315
f 4315 3535 3533
f 3530 3528 4313
f 4313 3528 3527
f 4313 3527 4317
f 4317 3527 3525
f 4317 3525 3523
f 4317 3523 4318
f 4318 3523 3522
f 4318 3522 4302
f 4302 3522 3520
f 4294 3516 4319
f 4319 3516 3514
f 4319 3514 4320
f 4320 3514 3512
f 4320 3512 4273
f 4273 3512 3510
f 4260 3506 4321
f 4321 3506 3504
f 4321 3504 4322
f 4322 3504 3502
f 4322 3502 4323
f 4323 3502 3500
f 4323 3500 4324
f 4324 3500 3498
f 4324 3498 4325
f 4325 3498 3496
f 4325 3496 4224
f 4224 3496 3494
f 4081 3475 4326
f 4326 3475 3473
f 4326 3473 4327
f 4327 3473 3471
f 4327 3471 4328
f 4328 3471 3470
f 4328 3470 4329
f 4329 3470 3987
f 4329 3987 4330
f 4330 3987 3988
f 4330 3988 4331
f 4331 3988 3989
f 4331 3989 4332
f 4332 3989 3991
f 4332 3991 4333
f 4333 3991 3993
f 4333 3993 4334
f 4334 3993 3995
f 4334 3995 4335
f 4335 3995 3997
f 4335 3997 4336
f 4336 3997 3999
f 4336 3999 4337
f 4337 3999 4001
f 4337 4001 4338
f 4338 4001 4003
f 4338 4003 4339
f 4339 4003 4005
f 4339 4005 4340
f 4340 4005 4007
f 4340 4007 4341
f 4341 4007 4009
f 4341 4009 4342
f 4342 4009 4011
f 4342 4011 4343
f 4343 4011 4013
f 4343 4013 4344
f 4344 4013 4015
f 4344 4015 4345
f 4345 4015 4017
f 4345 4017 4346
f 4346 4017 4019
f 4346 4019 4347
f 4347 4019 4021
f 4347 4021 4348
f 4348 4021 4023
f 4348 4023 4349
f 4349 4023 4025
f 4349 4025 4350
f 4350 4025 4027
f 4350 4027 4033
f 4328 4329 4351
f 4351 4329 4330
f 4351 4330 4352
f 4352 4330 4331
f 4352 4331 4353
f 4353 4331 4332
f 4353 4332 4354
f 4354 4332 4333
f 4354 4333 4355
f 4355 4333 4334
f 4355 4334 4356
f 4356 4334 4335
f 4356 4335 4357
f 4357 4335 4336
f 4357 4336 4358
f 4358 4336 4337
f 4358 4337 4359
f 4359 4337 4338
f 4359 4338 4360
f 4360 4338 4339
f 4360 4339 4361
f 4361 4339 4340
f 4361 4340 4362
f 4362 4340 4341
f 4362 4341 4363
f 4363 4341 4342
f 4363 4342 4364
f 4364 4342 4343
f 4364 4343 4365
f 4365 4343 4344
f 4365 4344 4366
f 4366 4344 4345
f 4366 4345 4367
f 4367 4345 4346
f 4367 4346 4368
f 4368 4346 4347
f 4368 4347 4369
f 4369 4347 4348
f 4369 4348 4370
f 4370 4348 4349
f 4370 4349 4371
f 4371 4349 4350
f 4371 4350 4372
f 4372 4350 4033
f 4372 4033 4032
f 4327 4328 4373
f 4373 4328 4351
f 4373 4351 4374
f 4374 4351 4352
f 4374 4352 4375
f 4375 4352 4353
f 4375 4353 4376
f 4376 4353 4354
f 4376 4354 4377
f 4377 4354 4355
f 4377 4355 4378
f 4378 4355 4356
f 4378 4356 4379
f 4379 4356 4357
f 4379 4357 4380
f 4380 4357 4358
f 4380 4358 4381
f 4381 4358 4359
f 4381 4359 4382
f 4382 4359 4360
f 4382 4360 4383
f 4383 4360 4361
f 4383 4361 4384
f 4384 4361 4362
f 4384 4362 4385
f 4385 4362 4363
f 4385 4363 4386
f 4386 4363 4364
f 4386 4364 4387
f 4387 4364 4365
f 4387 4365 4388
f 4388 4365 4366
f 4388 4366 4389
f 4389 4366 4367
f 4389 4367 4390
f 4390 4367 4368
f 4390 4368 4391
f 4391 4368 4369
f 4391 4369 4392
f 4392 4369 4370
f 4392 4370 4393
f 4393 4370 4371
f 4393 4371 4394
f 4394 4371 4372
f 4394 4372 4031
f 4031 4372 4032
f 4079 4081 4326
f 4326 4327 4395
f 4395 4327 4373
f 4395 4373 4396
f 4396 4373 4374
f 4396 4374 4397
f 4397 4374 4375
f 4397 4375 4398
f 4398 4375 4376
f 4398 4376 4399
f 4399 4376 4377
f 4399 4377 4400
f 4400 4377 4378
f 4400 4378 4401
f 4401 4378 4379
f 4401 4379 4402
f 4402 4379 4380
f 4402 4380 4403
f 4403 4380 4381
f 4403 4381 4404
f 4404 4381 4382
f 4404 4382 4405
f 4405 4382 4383
f 4405 4383 4406
f 4406 4383 4384
f 4406 4384 4407
f 4407 4384 4385
f 4407 4385 4408
f 4408 4385 4386
f 4408 4386 4409
f 4409 4386 4387
f 4409 4387 4410
f 4410 4387 4388
f 4410 4388 4411
f 4411 4388 4389
f 4411 4389 4412
f 4412 4389 4390
f 4412 4390 4413
f 4413 4390 4391
f 4413 4391 4414
f 4414 4391 4392
f 4414 4392 4415
f 4415 4392 4393
f 4415 4393 4416
f 4416 4393 4394
f 4416 4394 4034
f 4034 4394 4031
f 4083 4082 4417
f 4417 4082 4080
f 4417 4080 4418
f 4418 4080 4078
f 4418 4078 4419
f 4419 4078 4076
f 4419 4076 4420
f 4420 4076 4074
f 4420 4074 4421
f 4421 4074 4072
f 4421 4072 4422
f 4422 4072 4070
f 4422 4070 4423
f 4423 4070 4068
f 4423 4068 4424
f 4424 4068 4066
f 4424 4066 4425
f 4425 4066 4064
f 4425 4064 4426
f 4426 4064 4062
f 4426 4062 4427
f 4427 4062 4060
f 4427 4060 4428
f 4428 4060 4058
f 4428 4058 4429
f 4429 4058 4056
f 4429 4056 4430
f 4430 4056 4054
f 4430 4054 4431
f 4431 4054 4052
f 4431 4052 4432
f 4432 4052 4050
f 4432 4050 4168
f 4084 4083 4433
f 4433 4083 4417
f 4433 4417 4434
f 4434 4417 4418
f 4434 4418 4435
f 4435 4418 4419
f 4435 4419 4436
f 4436 4419 4420
f 4436 4420 4437
f 4437 4420 4421
f 4437 4421 4438
f 4438 4421 4422
f 4438 4422 4439
f 4439 4422 4423
f 4439 4423 4440
f 4440 4423 4424
f 4440 4424 4441
f 4441 4424 4425
f 4441 4425 4442
f 4442 4425 4426
f 4442 4426 4443
f 4443 4426 4427
f 4443 4427 4444
f 4444 4427 4428
f 4444 4428 4445
f 4445 4428 4429
f 4445 4429 4446
f 4446 4429 4430
f 4446 4430 4447
f 4447 4430 4431
f 4447 4431 4448
f 4448 4431 4432
f 4448 4432 4449
f 4449 4432 4168
f 4449 4168 4166
f 4085 4084 4450
f 4450 4084 4433
f 4450 4433 4451
f 4451 4433 4434
f 4451 4434 4452
f 4452 4434 4435
f 4452 4435 4453
f 4453 4435 4436
f 4453 4436 4454
f 4454 4436 4437
f 4454 4437 4455
f 4455 4437 4438
f 4455 4438 4456
f 4456 4438 4439
f 4456 4439 4457
f 4457 4439 4440
f 4457 4440 4458
f 4458 4440 4441
f 4458 4441 4459
f 4459 4441 4442
f 4459 4442 4460
f 4460 4442 4443
f 4460 4443 4461
f 4461 4443 4444
f 4461 4444 4462
f 4462 4444 4445
f 4462 4445 4463
f 4463 4445 4446
f 4463 4446 4464
f 4464 4446 4447
f 4464 4447 4465
f 4465 4447 4448
f 4465 4448 4466
f 4466 4448 4449
f 4466 4449 4467
f 4467 4449 4166
f 4467 4166 4164
f 4086 4085 4468
f 4468 4085 4450
f 4468 4450 4469
f 4469 4450 4451
f 4469 4451 4470
f 4470 4451 4452
f 4470 4452 4471
f 4471 4452 4453
f 4471 4453 4472
f 4472 4453 4454
f 4472 4454 4473
f 4473 4454 4455
f 4473 4455 4474
f 4474 4455 4456
f 4474 4456 4475
f 4475 4456 4457
f 4475 4457 4476
f 4476 4457 4458
f 4476 4458 4477
f 4477 4458 4459
f 4477 4459 4478
f 4478 4459 4460
f 4478 4460 4479
f 4479 4460 4461
f 4479 4461 4480
f 4480 4461 4462
f 4480 4462 4481
f 4481 4462 4463
f 4481 4463 4482
f 4482 4463 4464
f 4482 4464 4483
f 4483 4464 4465
f 4483 4465 4484
f 4484 4465 4466
f 4484 4466 4485
f 4485 4466 4467
f 4485 4467 4486
f 4486 4467 4164
f 4486 4164 4162
f 4087 4086 4487
f 4487 4086 4468
f 4487 4468 4488
f 4488 4468 4469
f 4488 4469 4489
f 4489 4469 4470
f 4489 4470 4490
f 4490 4470 4471
f 4490 4471 4491
f 4491 4471 4472
f 4491 4472 4492
f 4492 4472 4473
f 4492 4473 4493
f 4493 4473 4474
f 4493 4474 4494
f 4494 4474 4475
f 4494 4475 4495
f 4495 4475 4476
f 4495 4476 4496
f 4496 4476 4477
f 4496 4477 4497
f 4497 4477 4478
f 4497 4478 4498
f 4498 4478 4479
f 4498 4479 4499
f 4499 4479 4480
f 4499 4480 4500
f 4500 4480 4481
f 4500 4481 4501
f 4501 4481 4482
f 4501 4482 4502
f 4502 4482 4483
f 4502 4483 4503
f 4503 4483 4484
f 4503 4484 4504
f 4504 4484 4485
f 4504 4485 4505
f 4505 4485 4486
f 4505 4486 4506
f 4506 4486 4162
f 4506 4162 4160
f 4088 4087 4507
f 4507 4087 4487
f 4507 4487 4508
f 4508 4487 4488
f 4508 4488 4509
f 4509 4488 4489
f 4509 4489 4510
f 4510 4489 4490
f 4510 4490 4511
f 4511 4490 4491
f 4511 4491 4512
f 4512 4491 4492
f 4512 4492 4513
f 4513 4492 4493
f 4513 4493 4514
f 4514 4493 4494
f 4514 4494 4515
f 4515 4494 4495
f 4515 4495 4516
f 4516 4495 4496
f 4516 4496 4517
f 4517 4496 4497
f 4517 4497 4518
f 4518 4497 4498
f 4518 4498 4519
f 4519 4498 4499
f 4519 4499 4520
f 4520 4499 4500
f 4520 4500 4521
f 4521 4500 4501
f 4521 4501 4522
f 4522 4501 4502
f 4522 4502 4523
f 4523 4502 4503
f 4523 4503 4524
f 4524 4503 4504
f 4524 4504 4525
f 4525 4504 4505
f 4525 4505 4526
f 4526 4505 4506
f 4526 4506 4527
f 4527 4506 4160
f 4527 4160 4158
f 4089 4088 4528
f 4528 4088 4507
f 4528 4507 4529
f 4529 4507 4508
f 4529 4508 4530
f 4530 4508 4509
f 4530 4509 4531
f 4531 4509 4510
f 4531 4510 4532
f 4532 4510 4511
f 4532 4511 4533
f 4533 4511 4512
f 4533 4512 4534
f 4534 4512 4513
f 4534 4513 4535
f 4535 4513 4514
f 4535 4514 4536
f 4536 4514 4515
f 4536 4515 4537
f 4537 4515 4516
f 4537 4516 4538
f 4538 4516 4517
f 4538 4517 4539
f 4539 4517 4518
f 4539 4518 4540
f 4540 4518 4519
f 4540 4519 4541
f 4541 4519 4520
f 4541 4520 4542
f 4542 4520 4521
f 4542 4521 4543
f 4543 4521 4522
f 4543 4522 4544
f 4544 4522 4523
f 4544 4523 4545
f 4545 4523 4524
f 4545 4524 4546
f 4546 4524 4525
f 4546 4525 4547
f 4547 4525 4526
f 4547 4526 4548
f 4548 4526 4527
f 4548 4527 4549
f 4549 4527 4158
f 4549 4158 4156
f 4224 4223 4325
f 4325 4223 4550
f 4325 4550 4324
f 4324 4550 4551
f 4324 4551 4323
f 4323 4551 4552
f 4323 4552 4322
f 4322 4552 4553
f 4322 4553 4321
f 4321 4553 4554
f 4321 4554 4260
f 4260 4554 4258
f 4273 4272 4320
f 4320 4272 4555
f 4320 4555 4319
f 4319 4555 4556
f 4319 4556 4294
f 4294 4556 4292
f 4302 4301 4318
f 4318 4301 4557
f 4318 4557 4317
f 4317 4557 4558
f 4317 4558 4313
f 4313 4558 4311
f 4077 4079 4395
f 4395 4079 4326
f 4077 4395 4396
f 4089 4528 4091
f 4091 4528 4559
f 4091 4559 4093
f 4093 4559 4560
f 4093 4560 4095
f 4095 4560 4561
f 4095 4561 4097
f 4097 4561 4562
f 4097 4562 4099
f 4099 4562 4563
f 4099 4563 4101
f 4101 4563 4564
f 4101 4564 4103
f 4103 4564 4565
f 4103 4565 4105
f 4105 4565 4566
f 4105 4566 4107
f 4107 4566 4567
f 4107 4567 4109
f 4109 4567 4568
f 4109 4568 4111
f 4111 4568 4569
f 4111 4569 4113
f 4113 4569 4570
f 4113 4570 4115
f 4115 4570 4571
f 4115 4571 4117
f 4117 4571 4572
f 4117 4572 4119
f 4119 4572 4573
f 4119 4573 4121
f 4121 4573 4574
f 4121 4574 4123
f 4123 4574 4575
f 4123 4575 4125
f 4125 4575 4576
f 4125 4576 4127
f 4127 4576 4577
f 4127 4577 4129
f 4129 4577 4578
f 4129 4578 4131
f 4131 4578 4579
f 4131 4579 4133
f 4133 4579 4134
f 4559 4528 4529
f 4223 4222 4550
f 4550 4222 4580
f 4550 4580 4551
f 4551 4580 4581
f 4551 4581 4552
f 4552 4581 4582
f 4552 4582 4553
f 4553 4582 4583
f 4553 4583 4554
f 4554 4583 4584
f 4554 4584 4258
f 4258 4584 4256
f 4272 4271 4555
f 4555 4271 4585
f 4555 4585 4556
f 4556 4585 4586
f 4556 4586 4292
f 4292 4586 4290
f 4301 4300 4557
f 4557 4300 4587
f 4557 4587 4558
f 4558 4587 4588
f 4558 4588 4311
f 4311 4588 4309
f 4075 4077 4396
f 4075 4396 4397
f 4559 4529 4589
f 4589 4529 4530
f 4589 4530 4590
f 4590 4530 4531
f 4590 4531 4591
f 4591 4531 4532
f 4591 4532 4592
f 4592 4532 4533
f 4592 4533 4593
f 4593 4533 4534
f 4593 4534 4594
f 4594 4534 4535
f 4594 4535 4595
f 4595 4535 4536
f 4595 4536 4596
f 4596 4536 4537
f 4596 4537 4597
f 4597 4537 4538
f 4597 4538 4598
f 4598 4538 4539
f 4598 4539 4599
f 4599 4539 4540
f 4599 4540 4600
f 4600 4540 4541
f 4600 4541 4601
f 4601 4541 4542
f 4601 4542 4602
f 4602 4542 4543
f 4602 4543 4603
f 4603 4543 4544
f 4603 4544 4604
f 4604 4544 4545
f 4604 4545 4605
f 4605 4545 4546
f 4605 4546 4606
f 4606 4546 4547
f 4606 4547 4607
f 4607 4547 4548
f 4607 4548 4608
f 4608 4548 4549
f 4608 4549 4155
f 4155 4549 4156
f 4222 4221 4580
f 4580 4221 4609
f 4580 4609 4581
f 4581 4609 4610
f 4581 4610 4582
f 4582 4610 4611
f 4582 4611 4583
f 4583 4611 4612
f 4583 4612 4584
f 4584 4612 4613
f 4584 4613 4256
f 4256 4613 4254
f 4271 4270 4585
f 4585 4270 4614
f 4585 4614 4586
f 4586 4614 4615
f 4586 4615 4290
f 4290 4615 4288
f 4300 4299 4587
f 4587 4299 4616
f 4587 4616 4588
f 4588 4616 4617
f 4588 4617 4309
f 4309 4617 4307
f 4073 4075 4397
f 4073 4397 4398
f 4559 4589 4560
f 4560 4589 4618
f 4560 4618 4561
f 4561 4618 4619
f 4561 4619 4562
f 4562 4619 4620
f 4562 4620 4563
f 4563 4620 4621
f 4563 4621 4564
f 4564 4621 4622
f 4564 4622 4565
f 4565 4622 4623
f 4565 4623 4566
f 4566 4623 4624
f 4566 4624 4567
f 4567 4624 4625
f 4567 4625 4568
f 4568 4625 4626
f 4568 4626 4569
f 4569 4626 4627
f 4569 4627 4570
f 4570 4627 4628
f 4570 4628 4571
f 4571 4628 4629
f 4571 4629 4572
f 4572 4629 4630
f 4572 4630 4573
f 4573 4630 4631
f 4573 4631 4574
f 4574 4631 4632
f 4574 4632 4575
f 4575 4632 4633
f 4575 4633 4576
f 4576 4633 4634
f 4576 4634 4577
f 4577 4634 4635
f 4577 4635 4578
f 4578 4635 4636
f 4578 4636 4579
f 4579 4636 4135
f 4579 4135 4134
f 4618 4589 4590
f 4221 4220 4609
f 4609 4220 4637
f 4609 4637 4610
f 4610 4637 4638
f 4610 4638 4611
f 4611 4638 4639
f 4611 4639 4612
f 4612 4639 4640
f 4612 4640 4613
f 4613 4640 4641
f 4613 4641 4254
f 4254 4641 4252
f 4270 4269 4614
f 4614 4269 4642
f 4614 4642 4615
f 4615 4642 4643
f 4615 4643 4288
f 4288 4643 4286
f 4299 4298 4616
f 4616 4298 4644
f 4616 4644 4617
f 4617 4644 4645
f 4617 4645 4307
f 4307 4645 4305
f 4073 4398 4071
f 4071 4398 4399
f 4071 4399 4069
f 4069 4399 4400
f 4069 4400 4067
f 4067 4400 4401
f 4067 4401 4065
f 4065 4401 4402
f 4065 4402 4063
f 4063 4402 4403
f 4063 4403 4061
f 4061 4403 4404
f 4061 4404 4059
f 4059 4404 4405
f 4059 4405 4057
f 4057 4405 4406
f 4057 4406 4055
f 4055 4406 4407
f 4055 4407 4053
f 4053 4407 4408
f 4053 4408 4051
f 4051 4408 4409
f 4051 4409 4049
f 4049 4409 4410
f 4049 4410 4047
f 4047 4410 4411
f 4047 4411 4045
f 4045 4411 4412
f 4045 4412 4043
f 4043 4412 4413
f 4043 4413 4041
f 4041 4413 4414
f 4041 4414 4039
f 4039 4414 4415
f 4039 4415 4037
f 4037 4415 4416
f 4037 4416 4035
f 4035 4416 4034
f 4618 4590 4646
f 4646 4590 4591
f 4646 4591 4647
f 4647 4591 4592
f 4647 4592 4648
f 4648 4592 4593
f 4648 4593 4649
f 4649 4593 4594
f 4649 4594 4650
f 4650 4594 4595
f 4650 4595 4651
f 4651 4595 4596
f 4651 4596 4652
f 4652 4596 4597
f 4652 4597 4653
f 4653 4597 4598
f 4653 4598 4654
f 4654 4598 4599
f 4654 4599 4655
f 4655 4599 4600
f 4655 4600 4656
f 4656 4600 4601
f 4656 4601 4657
f 4657 4601 4602
f 4657 4602 4658
f 4658 4602 4603
f 4658 4603 4659
f 4659 4603 4604
f 4659 4604 4660
f 4660 4604 4605
f 4660 4605 4661
f 4661 4605 4606
f 4661 4606 4662
f 4662 4606 4607
f 4662 4607 4663
f 4663 4607 4608
f 4663 4608 4154
f 4154 4608 4155
f 4618 4646 4619
f 4619 4646 4664
f 4619 4664 4620
f 4620 4664 4665
f 4620 4665 4621
f 4621 4665 4666
f 4621 4666 4622
f 4622 4666 4667
f 4622 4667 4623
f 4623 4667 4668
f 4623 4668 4624
f 4624 4668 4669
f 4624 4669 4625
f 4625 4669 4670
f 4625 4670 4626
f 4626 4670 4671
f 4626 4671 4627
f 4627 4671 4672
f 4627 4672 4628
f 4628 4672 4673
f 4628 4673 4629
f 4629 4673 4674
f 4629 4674 4630
f 4630 4674 4675
f 4630 4675 4631
f 4631 4675 4676
f 4631 4676 4632
f 4632 4676 4677
f 4632 4677 4633
f 4633 4677 4678
f 4633 4678 4634
f 4634 4678 4679
f 4634 4679 4635
f 4635 4679 4680
f 4635 4680 4636
f 4636 4680 4136
f 4636 4136 4135
f 4664 4646 4647
f 4637 4220 4219
f 4638 4637 4681
f 4681 4637 4219
f 4681 4219 4218
f 4639 4638 4682
f 4682 4638 4681
f 4682 4681 4683
f 4683 4681 4218
f 4683 4218 4217
f 4640 4639 4684
f 4684 4639 4682
f 4684 4682 4685
f 4685 4682 4683
f 4685 4683 4686
f 4686 4683 4217
f 4686 4217 4216
f 4641 4640 4687
f 4687 4640 4684
f 4687 4684 4688
f 4688 4684 4685
f 4688 4685 4689
f 4689 4685 4686
f 4689 4686 4690
f 4690 4686 4216
f 4690 4216 4215
f 4252 4641 4691
f 4691 4641 4687
f 4691 4687 4692
f 4692 4687 4688
f 4692 4688 4693
f 4693 4688 4689
f 4693 4689 4694
f 4694 4689 4690
f 4694 4690 4695
f 4695 4690 4215
f 4695 4215 4214
f 4252 4691 4250
f 4250 4691 4696
f 4250 4696 4248
f 4248 4696 4697
f 4248 4697 4246
f 4246 4697 4698
f 4246 4698 4244
f 4244 4698 4699
f 4244 4699 4242
f 4242 4699 4700
f 4242 4700 4240
f 4240 4700 4701
f 4240 4701 4238
f 4238 4701 4702
f 4238 4702 4236
f 4236 4702 4703
f 4236 4703 4234
f 4234 4703 4704
f 4234 4704 4232
f 4232 4704 4231
f 4696 4691 4692
f 4642 4269 4268
f 4643 4642 4705
f 4705 4642 4268
f 4705 4268 4267
f 4286 4643 4706
f 4706 4643 4705
f 4706 4705 4707
f 4707 4705 4267
f 4707 4267 4266
f 4286 4706 4284
f 4284 4706 4708
f 4284 4708 4282
f 4282 4708 4709
f 4282 4709 4280
f 4280 4709 4710
f 4280 4710 4278
f 4278 4710 4711
f 4278 4711 4276
f 4276 4711 4275
f 4708 4706 4707
f 4644 4298 4297
f 4645 4644 4712
f 4712 4644 4297
f 4712 4297 4296
f 4305 4645 4304
f 4304 4645 4712
f 4304 4712 4303
f 4303 4712 4296
f 4303 4296 4295
f 4664 4647 4713
f 4713 4647 4648
f 4713 4648 4714
f 4714 4648 4649
f 4714 4649 4715
f 4715 4649 4650
f 4715 4650 4716
f 4716 4650 4651
f 4716 4651 4717
f 4717 4651 4652
f 4717 4652 4718
f 4718 4652 4653
f 4718 4653 4719
f 4719 4653 4654
f 4719 4654 4720
f 4720 4654 4655
f 4720 4655 4721
f 4721 4655 4656
f 4721 4656 4722
f 4722 4656 4657
f 4722 4657 4723
f 4723 4657 4658
f 4723 4658 4724
f 4724 4658 4659
f 4724 4659 4725
f 4725 4659 4660
f 4725 4660 4726
f 4726 4660 4661
f 4726 4661 4727
f 4727 4661 4662
f 4727 4662 4728
f 4728 4662 4663
f 4728 4663 4153
f 4153 4663 4154
f 4696 4692 4729
f 4729 4692 4693
f 4729 4693 4730
f 4730 4693 4694
f 4730 4694 4731
f 4731 4694 4695
f 4731 4695 4732
f 4732 4695 4214
f 4732 4214 4213
f 4708 4707 4733
f 4733 4707 4266
f 4733 4266 4265
f 4714 4734 4713
f 4713 4734 4665
f 4713 4665 4664
f 4665 4734 4666
f 4666 4734 4735
f 4666 4735 4667
f 4667 4735 4736
f 4667 4736 4668
f 4668 4736 4737
f 4668 4737 4669
f 4669 4737 4738
f 4669 4738 4670
f 4670 4738 4739
f 4670 4739 4671
f 4671 4739 4740
f 4671 4740 4672
f 4672 4740 4741
f 4672 4741 4673
f 4673 4741 4742
f 4673 4742 4674
f 4674 4742 4743
f 4674 4743 4675
f 4675 4743 4744
f 4675 4744 4676
f 4676 4744 4745
f 4676 4745 4677
f 4677 4745 4746
f 4677 4746 4678
f 4678 4746 4747
f 4678 4747 4679
f 4679 4747 4748
f 4679 4748 4680
f 4680 4748 4137
f 4680 4137 4136
f 4734 4714 4749
f 4749 4714 4715
f 4749 4715 4750
f 4750 4715 4716
f 4750 4716 4751
f 4751 4716 4717
f 4751 4717 4752
f 4752 4717 4718
f 4752 4718 4753
f 4753 4718 4719
f 4753 4719 4754
f 4754 4719 4720
f 4754 4720 4755
f 4755 4720 4721
f 4755 4721 4756
f 4756 4721 4722
f 4756 4722 4757
f 4757 4722 4723
f 4757 4723 4758
f 4758 4723 4724
f 4758 4724 4759
f 4759 4724 4725
f 4759 4725 4760
f 4760 4725 4726
f 4760 4726 4761
f 4761 4726 4727
f 4761 4727 4762
f 4762 4727 4728
f 4762 4728 4152
f 4152 4728 4153
f 4730 4763 4729
f 4729 4763 4697
f 4729 4697 4696
f 4697 4763 4698
f 4698 4763 4764
f 4698 4764 4699
f 4699 4764 4765
f 4699 4765 4700
f 4700 4765 4766
f 4700 4766 4701
f 4701 4766 4767
f 4701 4767 4702
f 4702 4767 4768
f 4702 4768 4703
f 4703 4768 4769
f 4703 4769 4704
f 4704 4769 4770
f 4704 4770 4231
f 4231 4770 4227
f 4763 4730 4771
f 4771 4730 4731
f 4771 4731 4772
f 4772 4731 4732
f 4772 4732 4773
f 4773 4732 4213
f 4773 4213 4212
f 4265 4774 4733
f 4733 4774 4709
f 4733 4709 4708
f 4709 4774 4710
f 4710 4774 4775
f 4710 4775 4711
f 4711 4775 4776
f 4711 4776 4275
f 4275 4776 4274
f 4775 4774 4264
f 4264 4774 4265
f 4734 4749 4735
f 4735 4749 4777
f 4735 4777 4736
f 4736 4777 4778
f 4736 4778 4737
f 4737 4778 4779
f 4737 4779 4738
f 4738 4779 4780
f 4738 4780 4739
f 4739 4780 4781
f 4739 4781 4740
f 4740 4781 4782
f 4740 4782 4741
f 4741 4782 4783
f 4741 4783 4742
f 4742 4783 4784
f 4742 4784 4743
f 4743 4784 4785
f 4743 4785 4744
f 4744 4785 4786
f 4744 4786 4745
f 4745 4786 4787
f 4745 4787 4746
f 4746 4787 4788
f 4746 4788 4747
f 4747 4788 4789
f 4747 4789 4748
f 4748 4789 4138
f 4748 4138 4137
f 4777 4749 4750
f 4763 4771 4764
f 4764 4771 4790
f 4764 4790 4765
f 4765 4790 4791
f 4765 4791 4766
f 4766 4791 4792
f 4766 4792 4767
f 4767 4792 4793
f 4767 4793 4768
f 4768 4793 4794
f 4768 4794 4769
f 4769 4794 4795
f 4769 4795 4770
f 4770 4795 4796
f 4770 4796 4227
f 4227 4796 4228
f 4790 4771 4772
f 4776 4775 4263
f 4263 4775 4264
f 4274 4776 4262
f 4262 4776 4263
f 4790 4772 4797
f 4797 4772 4773
f 4797 4773 4798
f 4798 4773 4212
f 4798 4212 4211
f 4777 4750 4799
f 4799 4750 4751
f 4799 4751 4800
f 4800 4751 4752
f 4800 4752 4801
f 4801 4752 4753
f 4801 4753 4802
f 4802 4753 4754
f 4802 4754 4803
f 4803 4754 4755
f 4803 4755 4804
f 4804 4755 4756
f 4804 4756 4805
f 4805 4756 4757
f 4805 4757 4806
f 4806 4757 4758
f 4806 4758 4807
f 4807 4758 4759
f 4807 4759 4808
f 4808 4759 4760
f 4808 4760 4809
f 4809 4760 4761
f 4809 4761 4810
f 4810 4761 4762
f 4810 4762 4151
f 4151 4762 4152
f 4777 4799 4778
f 4778 4799 4811
f 4778 4811 4779
f 4779 4811 4812
f 4779 4812 4780
f 4780 4812 4813
f 4780 4813 4781
f 4781 4813 4814
f 4781 4814 4782
f 4782 4814 4815
f 4782 4815 4783
f 4783 4815 4816
f 4783 4816 4784
f 4784 4816 4817
f 4784 4817 4785
f 4785 4817 4818
f 4785 4818 4786
f 4786 4818 4819
f 4786 4819 4787
f 4787 4819 4820
f 4787 4820 4788
f 4788 4820 4821
f 4788 4821 4789
f 4789 4821 4139
f 4789 4139 4138
f 4811 4799 4800
f 4790 4797 4791
f 4791 4797 4822
f 4791 4822 4792
f 4792 4822 4823
f 4792 4823 4793
f 4793 4823 4824
f 4793 4824 4794
f 4794 4824 4825
f 4794 4825 4795
f 4795 4825 4826
f 4795 4826 4796
f 4796 4826 4229
f 4796 4229 4228
f 4822 4797 4798
f 4261 4274 4262
f 4811 4800 4827
f 4827 4800 4801
f 4827 4801 4828
f 4828 4801 4802
f 4828 4802 4829
f 4829 4802 4803
f 4829 4803 4830
f 4830 4803 4804
f 4830 4804 4831
f 4831 4804 4805
f 4831 4805 4832
f 4832 4805 4806
f 4832 4806 4833
f 4833 4806 4807
f 4833 4807 4834
f 4834 4807 4808
f 4834 4808 4835
f 4835 4808 4809
f 4835 4809 4836
f 4836 4809 4810
f 4836 4810 4150
f 4150 4810 4151
f 4822 4798 4837
f 4837 4798 4211
f 4837 4211 4210
f 4823 4837 4838
f 4838 4837 4210
f 4838 4210 4209
f 4837 4823 4822
f 4812 4827 4839
f 4839 4827 4828
f 4839 4828 4840
f 4840 4828 4829
f 4840 4829 4841
f 4841 4829 4830
f 4841 4830 4842
f 4842 4830 4831
f 4842 4831 4843
f 4843 4831 4832
f 4843 4832 4844
f 4844 4832 4833
f 4844 4833 4845
f 4845 4833 4834
f 4845 4834 4846
f 4846 4834 4835
f 4846 4835 4847
f 4847 4835 4836
f 4847 4836 4149
f 4149 4836 4150
f 4827 4812 4811
f 4812 4839 4813
f 4813 4839 4848
f 4813 4848 4814
f 4814 4848 4849
f 4814 4849 4815
f 4815 4849 4850
f 4815 4850 4816
f 4816 4850 4851
f 4816 4851 4817
f 4817 4851 4852
f 4817 4852 4818
f 4818 4852 4853
f 4818 4853 4819
f 4819 4853 4854
f 4819 4854 4820
f 4820 4854 4855
f 4820 4855 4821
f 4821 4855 4140
f 4821 4140 4139
f 4848 4839 4840
f 4823 4838 4824
f 4824 4838 4856
f 4824 4856 4825
f 4825 4856 4857
f 4825 4857 4826
f 4826 4857 4230
f 4826 4230 4229
f 4856 4838 4209
f 4857 4856 4208
f 4208 4856 4209
f 4848 4840 4858
f 4858 4840 4841
f 4858 4841 4859
f 4859 4841 4842
f 4859 4842 4860
f 4860 4842 4843
f 4860 4843 4861
f 4861 4843 4844
f 4861 4844 4862
f 4862 4844 4845
f 4862 4845 4863
f 4863 4845 4846
f 4863 4846 4864
f 4864 4846 4847
f 4864 4847 4148
f 4148 4847 4149
f 4848 4858 4849
f 4849 4858 4865
f 4849 4865 4850
f 4850 4865 4866
f 4850 4866 4851
f 4851 4866 4867
f 4851 4867 4852
f 4852 4867 4868
f 4852 4868 4853
f 4853 4868 4869
f 4853 4869 4854
f 4854 4869 4870
f 4854 4870 4855
f 4855 4870 4141
f 4855 4141 4140
f 4865 4858 4859
f 4230 4857 4207
f 4207 4857 4208
f 4865 4859 4871
f 4871 4859 4860
f 4871 4860 4872
f 4872 4860 4861
f 4872 4861 4873
f 4873 4861 4862
f 4873 4862 4874
f 4874 4862 4863
f 4874 4863 4875
f 4875 4863 4864
f 4875 4864 4147
f 4147 4864 4148
f 4866 4871 4876
f 4876 4871 4872
f 4876 4872 4877
f 4877 4872 4873
f 4877 4873 4878
f 4878 4873 4874
f 4878 4874 4879
f 4879 4874 4875
f 4879 4875 4146
f 4146 4875 4147
f 4871 4866 4865
f 4866 4876 4867
f 4867 4876 4880
f 4867 4880 4868
f 4868 4880 4881
f 4868 4881 4869
f 4869 4881 4882
f 4869 4882 4870
f 4870 4882 4142
f 4870 4142 4141
f 4880 4876 4877
f 4880 4877 4883
f 4883 4877 4878
f 4883 4878 4884
f 4884 4878 4879
f 4884 4879 4145
f 4145 4879 4146
f 4159 4161 4182
f 4880 4883 4881
f 4881 4883 4885
f 4881 4885 4882
f 4882 4885 4143
f 4882 4143 4142
f 4885 4883 4884
f 4144 4143 4885
f 4145 4144 4884
f 4884 4144 4885
f 4183 4157 4159
f 4181 4183 4182
f 4182 4183 4159
f 2749 2750 4886
f 4886 2750 4887
f 4886 4887 4888
f 4888 4887 4889
f 4888 4889 4890
f 4890 4889 2752
f 4890 2752 2754
f 4887 2750 4891
f 4891 2750 2752
f 4891 2752 4889
f 4890 2754 4888
f 4888 2754 2756
f 4888 2756 4892
f 4892 2756 4893
f 4892 4893 4894
f 4894 4893 4895
f 4894 4895 2757
f 2757 4895 4893
f 2757 4893 2756
f 2757 2759 4894
f 4894 2759 4896
f 4894 4896 4897
f 4897 4896 2761
f 4897 2761 2762
f 2759 2761 4896
f 2762 2764 4897
f 4897 2764 4898
f 4898 2764 2766
f 4898 2766 4899
f 4899 2766 2768
f 4899 2768 4900
f 4900 2768 4901
f 4900 4901 4902
f 4902 4901 2772
f 4902 2772 4903
f 4903 2772 2774
f 4903 2774 4904
f 4904 2774 2776
f 4904 2776 4905
f 4905 2776 2787
f 4905 2787 4906
f 4906 2787 2786
f 4906 2786 4907
f 4907 2786 4908
f 4907 4908 4906
f 4906 4908 4909
f 4909 4908 2789
f 4909 2789 4910
f 4910 2789 2791
f 4910 2791 4911
f 4911 2791 2794
f 4911 2794 4912
f 4912 2794 2796
f 4912 2796 4913
f 4913 2796 2798
f 4913 2798 4914
f 4914 2798 4915
f 4914 4915 4916
f 4916 4915 2800
f 4916 2800 2802
f 2768 2770 4901
f 4901 2770 2772
f 2786 2789 4908
f 2798 2800 4915
f 2804 4917 2802
f 2802 4917 4918
f 2802 4918 4916
f 4916 4918 4919
f 4919 4918 4917
f 4919 4917 4920
f 4920 4917 2804
f 4920 2804 2806
f 4920 2806 4921
f 4921 2806 2808
f 4921 2808 4922
f 4922 2808 2810
f 4922 2810 4923
f 4923 2810 2811
f 4923 2811 2813
f 2813 2815 4923
f 4923 2815 4924
f 4923 4924 4925
f 4925 4924 2815
f 4925 2815 4926
f 4926 2815 2817
f 4926 2817 4927
f 4927 2817 4928
f 4928 2817 2819
f 4928 2819 4929
f 4929 2819 2821
f 4929 2821 4930
f 4930 2821 2823
f 4930 2823 4929
f 4929 2823 4931
f 4931 2823 2825
f 4931 2825 4932
f 4932 2825 4933
f 4933 2825 4934
f 4934 2825 2827
f 4921 4922 4920
f 4920 4922 4919
f 4916 4913 4914
f 4906 4935 4905
f 4905 4935 4904
f 4904 4935 4902
f 4902 4935 4900
f 4900 4898 4899
f 4894 4888 4892
f 4887 4891 4889
f 4903 4904 4902
f 2924 2922 4936
f 4936 2922 4937
f 4937 2922 4938
f 4938 2922 4939
f 4939 2922 2920
f 4939 2920 4940
f 4940 2920 2919
f 4940 2919 4941
f 4941 2919 2917
f 4941 2917 4942
f 4942 2917 2915
f 4942 2915 4943
f 4943 2915 2913
f 4943 2913 4944
f 4944 2913 4945
f 4944 4945 4943
f 2913 2911 4945
f 4945 2911 4946
f 4946 2911 2909
f 4946 2909 4947
f 4947 2909 2908
f 4947 2908 4948
f 4948 2908 4949
f 4948 4949 4950
f 4950 4949 2905
f 4950 2905 2903
f 2908 2905 4949
f 2902 4951 2903
f 2903 4951 4952
f 2903 4952 4950
f 4950 4952 4948
f 4951 2902 4953
f 4953 2902 2900
f 4953 2900 4954
f 4954 2900 4955
f 4954 4955 4956
f 4956 4955 2896
f 4956 2896 4957
f 4957 2896 2895
f 4957 2895 4958
f 4958 2895 2894
f 4958 2894 4959
f 4959 2894 4960
f 4960 2894 2892
f 4960 2892 4961
f 4961 2892 2890
f 4961 2890 4962
f 4962 2890 4963
f 4962 4963 4964
f 4964 4963 4965
f 4964 4965 2887
f 2887 4965 4963
f 2887 4963 2890
f 2900 2896 4955
f 2887 2885 4964
f 4964 2885 4966
f 4964 4966 4967
f 4967 4966 4968
f 4967 4968 2883
f 2883 4968 2885
f 2885 4968 4966
f 2883 2880 4967
f 4967 2880 2878
f 4967 2878 4969
f 4969 2878 4970
f 4969 4970 2875
f 2875 4970 2877
f 2877 4970 2878
f 4969 2875 4971
f 4971 2875 2873
f 4971 2873 4972
f 4972 2873 4973
f 4972 4973 4974
f 4973 2873 4975
f 4975 2873 2871
f 4975 2871 4976
f 4976 2871 2870
f 4976 2870 4977
f 4977 2870 2868
f 4977 2868 4978
f 4978 2868 2867
f 4978 2867 2865
f 4978 2865 4979
f 4979 2865 2863
f 4979 2863 4980
f 4980 2863 2861
f 4980 2861 4981
f 4981 2861 2859
f 4981 2859 4982
f 4982 2859 4983
f 4982 4983 4984
f 4984 4983 2857
f 4984 2857 4985
f 4985 2857 2856
f 2859 2857 4983
f 4984 4985 4982
f 4982 4985 4981
f 4981 4979 4980
f 4979 4977 4978
f 4977 4975 4976
f 4967 4969 4974
f 4974 4969 4971
f 4974 4971 4972
f 4957 4954 4956
f 4954 4952 4953
f 4953 4952 4951
f 4948 4946 4947
f 4941 4986 4940
f 4940 4986 4939
f 4987 2854 4988
f 4988 2854 362
f 4988 362 361
f 361 4987 4988
f 2927 4989 2929
f 2929 4989 4990
f 2929 4990 4991
f 4991 4990 4992
f 2929 4991 4993
f 4993 4991 4994
f 4993 4994 4995
f 4995 4994 2931
f 4995 2931 2929
f 4994 4996 2931
f 2931 4996 2933
f 2933 4996 2935
f 2935 4996 4997
f 2935 4997 4998
f 4998 4997 4999
f 4998 4999 2937
f 2937 4999 2939
f 2939 4999 5000
f 2939 5000 2941
f 2941 5000 5001
f 2941 5001 2942
f 2942 5001 5002
f 2942 5002 2846
f 2846 5002 5003
f 2846 5003 2844
f 2844 5003 5004
f 2844 5004 2842
f 2842 5004 5005
f 2842 5005 2840
f 2840 5005 5006
f 2840 5006 5007
f 5007 5006 5005
f 2840 5007 2838
f 2838 5007 5008
f 2838 5008 2836
f 2836 5008 5009
f 2836 5009 2834
f 2834 5009 5010
f 2834 5010 5011
f 5011 5010 5009
f 5012 5013 5011
f 5011 5013 2832
f 5011 2832 2834
f 5012 5014 5013
f 5013 5014 2832
f 5014 5015 2832
f 2832 5015 2830
f 2937 2935 4998
f 2929 4993 4995
f 351 5016 353
f 353 5016 5017
f 353 5017 527
f 527 5017 528
f 528 5017 530
f 530 5017 5018
f 530 5018 532
f 532 5018 547
f 547 5018 5019
f 547 5019 536
f 536 5019 5020
f 536 5020 538
f 538 5020 5021
f 538 5021 540
f 540 5021 5022
f 540 5022 543
f 543 5022 5023
f 543 5023 545
f 545 5023 5024
f 545 5024 546
f 546 5024 5025
f 546 5025 5026
f 5016 351 5027
f 5027 351 349
f 5027 349 5028
f 5028 349 347
f 5028 347 5029
f 5029 347 343
f 5029 343 5030
f 5030 343 341
f 5030 341 5031
f 5031 341 337
f 5031 337 5032
f 5032 337 335
f 5032 335 5033
f 5033 335 331
f 5033 331 327
f 325 5034 327
f 327 5034 5035
f 327 5035 5033
f 5034 325 5036
f 5036 325 322
f 5036 322 5037
f 5037 322 318
f 5037 318 5038
f 5038 318 316
f 5038 316 5039
f 5039 316 314
f 5039 314 5040
f 5040 314 311
f 5040 311 5041
f 5041 311 309
f 5041 309 308
f 5041 308 5042
f 5042 308 304
f 5042 304 5043
f 5043 304 298
f 5043 298 297
f 5043 297 5044
f 5044 297 291
f 5044 291 5045
f 5045 291 296
f 5045 296 287
f 287 283 5045
f 5045 283 5046
f 5046 283 284
f 5046 284 278
f 5046 278 5047
f 5047 278 274
f 5047 274 270
f 270 271 5047
f 5047 271 272
f 5047 272 262
f 5047 262 5048
f 5048 262 260
f 5048 260 251
f 5048 251 5049
f 5049 251 243
f 5049 243 233
f 5049 233 5050
f 5050 233 229
f 5050 229 2945
f 2945 229 250
f 546 5026 549
f 549 5026 5051
f 549 5051 552
f 552 5051 5052
f 552 5052 554
f 554 5052 5053
f 554 5053 555
f 555 5053 5054
f 555 5054 556
f 556 5054 5055
f 556 5055 559
f 559 5055 5056
f 559 5056 563
f 563 5056 564
f 564 5056 5057
f 564 5057 565
f 565 5057 569
f 569 5057 506
f 506 5057 5058
f 506 5058 505
f 505 5058 5059
f 505 5059 503
f 503 5059 5060
f 503 5060 499
f 499 5060 5061
f 499 5061 497
f 497 5061 5062
f 497 5062 492
f 492 5062 5063
f 492 5063 485
f 485 5063 5064
f 485 5064 478
f 478 5064 5065
f 478 5065 476
f 476 5065 474
f 474 5065 5066
f 474 5066 472
f 472 5066 5067
f 472 5067 509
f 509 5067 5068
f 509 5068 465
f 465 5068 5069
f 465 5069 459
f 459 5069 5070
f 459 5070 457
f 457 5070 5071
f 457 5071 455
f 455 5071 5072
f 455 5072 452
f 452 5072 5073
f 452 5073 450
f 450 5073 451
f 451 5073 5074
f 451 5074 448
f 448 5074 5075
f 448 5075 443
f 443 5075 436
f 436 5075 5076
f 436 5076 510
f 510 5076 5077
f 510 5077 511
f 511 5077 426
f 426 5077 422
f 422 5077 5078
f 422 5078 423
f 423 5078 403
f 403 5078 5079
f 403 5079 399
f 399 5079 397
f 397 5079 512
f 512 5079 393
f 393 5079 391
f 391 5079 5080
f 391 5080 387
f 387 5080 385
f 385 5080 5081
f 385 5081 379
f 379 5081 378
f 378 5081 5082
f 378 5082 513
f 513 5082 5083
f 513 5083 371
f 2943 2747 5084
f 5084 2747 2749
f 5084 2749 4886
f 4886 2943 5084
f 2827 2828 4934
f 4934 2828 5085
f 4934 5085 4933
f 4933 5085 4932
f 4932 5085 5012
f 5012 5085 5014
f 5014 5085 5015
f 5015 5085 2829
f 5015 2829 2830
f 2828 2829 5085
f 2927 2926 4989
f 4989 2926 5086
f 4989 5086 4990
f 4990 5086 4992
f 4992 5086 4938
f 4938 5086 4937
f 4937 5086 4936
f 4936 5086 2925
f 4936 2925 2924
f 2926 2925 5086
f 4985 2856 5087
f 5087 2856 2854
f 5087 2854 4987
f 4987 4985 5087
f 4985 4987 5088
f 5088 4987 5089
f 5088 5089 5090
f 5090 5089 5091
f 5090 5091 5092
f 5092 5091 5083
f 5092 5083 5082
f 5082 5093 5092
f 5092 5093 5090
f 5093 5094 5090
f 5090 5094 5088
f 5094 4985 5088
f 5094 5095 4985
f 4985 5095 5096
f 4985 5096 4981
f 4981 5096 5097
f 4981 5097 5098
f 5098 5097 5099
f 5098 5099 5100
f 5100 5099 5101
f 5100 5101 5102
f 5102 5101 5080
f 5102 5080 5079
f 5095 5094 5103
f 5103 5094 5093
f 5103 5093 5104
f 5104 5093 5082
f 5104 5082 5081
f 5080 5105 5081
f 5081 5105 5106
f 5081 5106 5107
f 5107 5106 5108
f 5107 5108 5103
f 5103 5108 5095
f 5078 5109 5079
f 5079 5109 5110
f 5079 5110 5102
f 5102 5110 5111
f 5102 5111 5100
f 5100 5111 5112
f 5100 5112 5098
f 5098 5112 4979
f 5098 4979 4981
f 5077 5113 5078
f 5078 5113 5114
f 5078 5114 5109
f 5109 5114 5115
f 5109 5115 5116
f 5116 5115 5117
f 5116 5117 5118
f 5118 5117 4977
f 5118 4977 4979
f 5076 5119 5077
f 5077 5119 5120
f 5077 5120 5113
f 5113 5120 5121
f 5113 5121 5122
f 5122 5121 5123
f 5122 5123 5124
f 5124 5123 4975
f 5124 4975 4977
f 5075 5125 5076
f 5076 5125 5126
f 5076 5126 5119
f 5119 5126 5127
f 5119 5127 5128
f 5128 5127 5129
f 5128 5129 5130
f 5130 5129 4974
f 5130 4974 4973
f 5074 5131 5075
f 5075 5131 5132
f 5075 5132 5125
f 5125 5132 5133
f 5125 5133 5134
f 5134 5133 5135
f 5134 5135 5136
f 5136 5135 4967
f 5136 4967 4974
f 5131 5074 5137
f 5137 5074 5073
f 5137 5073 5138
f 5138 5073 5072
f 5138 5072 5139
f 5139 5072 5071
f 5139 5071 5140
f 5140 5071 5070
f 5140 5070 5141
f 5141 5070 5069
f 5141 5069 5142
f 5142 5069 5068
f 5142 5068 5143
f 5143 5068 5067
f 5143 5067 5144
f 5144 5067 5066
f 5144 5066 5145
f 5145 5066 5146
f 5145 5146 5147
f 5147 5146 5148
f 5147 5148 5149
f 5149 5148 5150
f 5149 5150 4948
f 4948 5150 4946
f 4946 5150 5151
f 4946 5151 4945
f 4945 5151 5152
f 4945 5152 4943
f 4943 5152 5153
f 4943 5153 5154
f 5154 5153 5155
f 5154 5155 5156
f 5156 5155 5157
f 5156 5157 5158
f 5158 5157 5060
f 5158 5060 5059
f 5066 5065 5146
f 5146 5065 5064
f 5146 5064 5159
f 5159 5064 5063
f 5159 5063 5160
f 5160 5063 5062
f 5160 5062 5161
f 5161 5062 5061
f 5161 5061 5162
f 5162 5061 5060
f 5162 5060 5157
f 5158 5059 5163
f 5163 5059 5058
f 5163 5058 5164
f 5163 5164 5165
f 5165 5164 5166
f 5165 5166 5167
f 5167 5166 4938
f 5167 4938 4939
f 5167 4939 5168
f 5168 4939 4986
f 5168 4986 5169
f 5169 4986 4941
f 5169 4941 4942
f 5169 4942 5154
f 5154 4942 4943
f 5149 4948 5170
f 5170 4948 4952
f 5170 4952 5171
f 5171 4952 4954
f 5171 4954 5172
f 5172 4954 4957
f 5172 4957 5173
f 5173 4957 4958
f 5173 4958 5174
f 5174 4958 4959
f 5174 4959 5175
f 5175 4959 4960
f 5175 4960 4961
f 5175 4961 5176
f 5176 4961 4962
f 5176 4962 5177
f 5177 4962 5178
f 5177 5178 5179
f 5179 5178 5180
f 5179 5180 5137
f 5137 5180 5131
f 4962 4964 5178
f 5178 4964 5181
f 5178 5181 5180
f 5180 5181 5182
f 5180 5182 5131
f 5131 5182 5132
f 5181 4964 5183
f 5183 4964 4967
f 5183 4967 5135
f 5130 4973 5123
f 5123 4973 4975
f 5095 5108 5096
f 5096 5108 5184
f 5096 5184 5097
f 5097 5184 5099
f 5118 4979 5112
f 5124 4977 5117
f 5116 5118 5111
f 5111 5118 5112
f 5122 5124 5115
f 5115 5124 5117
f 5136 4974 5129
f 5128 5130 5121
f 5121 5130 5123
f 5134 5136 5127
f 5127 5136 5129
f 5182 5181 5183
f 5182 5183 5133
f 5133 5183 5135
f 5176 5177 5185
f 5185 5177 5179
f 5185 5179 5138
f 5138 5179 5137
f 5175 5176 5186
f 5186 5176 5185
f 5186 5185 5139
f 5139 5185 5138
f 5174 5175 5187
f 5187 5175 5186
f 5187 5186 5140
f 5140 5186 5139
f 5173 5174 5188
f 5188 5174 5187
f 5188 5187 5141
f 5141 5187 5140
f 5172 5173 5189
f 5189 5173 5188
f 5189 5188 5142
f 5142 5188 5141
f 5171 5172 5190
f 5190 5172 5189
f 5190 5189 5143
f 5143 5189 5142
f 5147 5149 5170
f 5170 5171 5191
f 5191 5171 5190
f 5191 5190 5144
f 5144 5190 5143
f 5151 5150 5192
f 5192 5150 5148
f 5192 5148 5159
f 5159 5148 5146
f 5152 5151 5193
f 5193 5151 5192
f 5193 5192 5160
f 5160 5192 5159
f 5153 5152 5194
f 5194 5152 5193
f 5194 5193 5161
f 5161 5193 5160
f 5154 5156 5169
f 5169 5156 5195
f 5169 5195 5168
f 5168 5195 5165
f 5168 5165 5167
f 5108 5106 5184
f 5184 5106 5105
f 5184 5105 5099
f 5099 5105 5101
f 5109 5116 5110
f 5110 5116 5111
f 5113 5122 5114
f 5114 5122 5115
f 5119 5128 5120
f 5120 5128 5121
f 5125 5134 5126
f 5126 5134 5127
f 5132 5182 5133
f 5145 5147 5191
f 5191 5147 5170
f 5145 5191 5144
f 5153 5194 5155
f 5155 5194 5162
f 5155 5162 5157
f 5162 5194 5161
f 5163 5165 5195
f 5163 5195 5158
f 5158 5195 5156
f 5081 5107 5104
f 5104 5107 5103
f 5080 5101 5105
f 361 524 5196
f 361 5196 4987
f 4987 5196 5089
f 5089 5196 5197
f 5089 5197 5091
f 5091 5197 5198
f 5091 5198 5083
f 5083 5198 371
f 371 5198 372
f 372 5198 521
f 521 5198 5197
f 521 5197 522
f 522 5197 5196
f 522 5196 523
f 523 5196 524
f 4992 4938 5199
f 5199 4938 5166
f 5199 5166 5200
f 5200 5166 5164
f 5200 5164 5201
f 5201 5164 5058
f 5201 5058 5057
f 5057 5202 5201
f 5201 5202 5200
f 5202 5203 5200
f 5200 5203 5199
f 5203 4992 5199
f 5050 2945 5204
f 5204 2945 2950
f 5204 2950 5205
f 5205 2950 2949
f 5205 2949 5206
f 5206 2949 2943
f 5206 2943 4886
f 4886 5207 5206
f 5206 5207 5205
f 5207 5208 5205
f 5205 5208 5204
f 5208 5050 5204
f 4991 4992 5209
f 5209 4992 5203
f 5209 5203 5210
f 5210 5203 5202
f 5210 5202 5211
f 5211 5202 5057
f 5211 5057 5056
f 5211 5056 5212
f 5212 5056 5055
f 5212 5055 5054
f 5053 5213 5054
f 5054 5213 5214
f 5054 5214 5212
f 5212 5214 5215
f 5212 5215 5210
f 5210 5215 5209
f 5053 5052 5213
f 5213 5052 5216
f 5213 5216 5217
f 5217 5216 5218
f 5217 5218 5219
f 5219 5218 5220
f 5219 5220 4997
f 4997 5220 4999
f 4999 5220 5221
f 4999 5221 5000
f 5000 5221 5222
f 5000 5222 5001
f 5001 5222 5223
f 5001 5223 5002
f 5002 5223 5224
f 5002 5224 5003
f 5003 5224 5225
f 5003 5225 5004
f 5004 5225 5226
f 5004 5226 5005
f 5005 5226 5227
f 5005 5227 5007
f 5007 5227 5228
f 5007 5228 5008
f 5008 5228 5229
f 5008 5229 5009
f 5009 5229 5230
f 5009 5230 5011
f 5011 5230 5012
f 5012 5230 5231
f 5231 5230 5232
f 5231 5232 5233
f 5233 5232 5234
f 5233 5234 5017
f 5017 5234 5018
f 5018 5234 5235
f 5018 5235 5019
f 5019 5235 5236
f 5019 5236 5020
f 5020 5236 5237
f 5020 5237 5021
f 5021 5237 5238
f 5021 5238 5022
f 5022 5238 5239
f 5022 5239 5023
f 5023 5239 5240
f 5023 5240 5024
f 5024 5240 5241
f 5024 5241 5025
f 5025 5241 5242
f 5025 5242 5026
f 5026 5242 5243
f 5026 5243 5051
f 5051 5243 5216
f 5051 5216 5052
f 4997 4996 5219
f 5219 4996 5244
f 5219 5244 5217
f 5217 5244 5245
f 5217 5245 5213
f 5213 5245 5214
f 4996 4994 5244
f 5244 4994 5246
f 5244 5246 5245
f 5245 5246 5215
f 5245 5215 5214
f 4994 4991 5246
f 5246 4991 5209
f 5246 5209 5215
f 5221 5220 5247
f 5247 5220 5218
f 5247 5218 5243
f 5243 5218 5216
f 5222 5221 5248
f 5248 5221 5247
f 5248 5247 5242
f 5242 5247 5243
f 5223 5222 5249
f 5249 5222 5248
f 5249 5248 5241
f 5241 5248 5242
f 5224 5223 5250
f 5250 5223 5249
f 5250 5249 5240
f 5240 5249 5241
f 5225 5224 5251
f 5251 5224 5250
f 5251 5250 5239
f 5239 5250 5240
f 5226 5225 5252
f 5252 5225 5251
f 5252 5251 5238
f 5238 5251 5239
f 5227 5226 5253
f 5253 5226 5252
f 5253 5252 5237
f 5237 5252 5238
f 5228 5227 5254
f 5254 5227 5253
f 5254 5253 5236
f 5236 5253 5237
f 5232 5230 5229
f 5229 5228 5255
f 5255 5228 5254
f 5255 5254 5235
f 5235 5254 5236
f 5211 5212 5210
f 5234 5232 5255
f 5255 5232 5229
f 5234 5255 5235
f 5049 5050 5256
f 5256 5050 5208
f 5256 5208 5257
f 5257 5208 5207
f 5257 5207 5258
f 5258 5207 4886
f 5258 4886 4888
f 4894 5259 4888
f 4888 5259 5260
f 4888 5260 5258
f 5258 5260 5257
f 4897 5261 4894
f 4894 5261 5262
f 4894 5262 5259
f 5259 5262 5263
f 5259 5263 5264
f 5264 5263 5265
f 5264 5265 5256
f 5256 5265 5049
f 4898 5266 4897
f 4897 5266 5267
f 4897 5267 5261
f 5261 5267 5268
f 5261 5268 5269
f 5269 5268 5270
f 5269 5270 5271
f 5271 5270 5048
f 5271 5048 5049
f 4900 5272 4898
f 4898 5272 5273
f 4898 5273 5266
f 5266 5273 5274
f 5266 5274 5275
f 5275 5274 5276
f 5275 5276 5277
f 5277 5276 5047
f 5277 5047 5048
f 4935 5278 4900
f 4900 5278 5279
f 4900 5279 5272
f 5272 5279 5280
f 5272 5280 5281
f 5281 5280 5282
f 5281 5282 5283
f 5283 5282 5046
f 5283 5046 5047
f 4906 5284 4935
f 4935 5284 5285
f 4935 5285 5278
f 5278 5285 5286
f 5278 5286 5287
f 5287 5286 5288
f 5287 5288 5289
f 5289 5288 5045
f 5289 5045 5046
f 4909 5290 4906
f 4906 5290 5291
f 4906 5291 5284
f 5284 5291 5292
f 5284 5292 5293
f 5293 5292 5294
f 5293 5294 5295
f 5295 5294 5044
f 5295 5044 5045
f 4910 5296 4909
f 4909 5296 5297
f 4909 5297 5290
f 5290 5297 5298
f 5290 5298 5299
f 5299 5298 5300
f 5299 5300 5301
f 5301 5300 5043
f 5301 5043 5044
f 5296 4910 5302
f 5302 4910 4911
f 5302 4911 4912
f 5302 4912 5303
f 5303 4912 4913
f 5303 4913 5304
f 5304 4913 4916
f 5304 4916 5305
f 5305 4916 4919
f 5305 4919 5306
f 5306 4919 5307
f 5306 5307 5308
f 5308 5307 5309
f 5308 5309 5310
f 5310 5309 5311
f 5310 5311 5034
f 5034 5311 5035
f 5035 5311 5312
f 5035 5312 5313
f 5313 5312 5314
f 5313 5314 5315
f 5315 5314 5316
f 5315 5316 5317
f 5317 5316 4925
f 5317 4925 4926
f 4919 4922 5307
f 5307 4922 5318
f 5307 5318 5309
f 5309 5318 5319
f 5309 5319 5311
f 5311 5319 5312
f 5318 4922 5320
f 5320 4922 4923
f 5320 4923 5316
f 5316 4923 4925
f 5317 4926 5321
f 5321 4926 4927
f 5321 4927 4928
f 5321 4928 5322
f 5322 4928 4929
f 5322 4929 5323
f 5323 4929 4931
f 5323 4931 5324
f 5324 4931 4932
f 5324 4932 5325
f 5324 5325 5326
f 5326 5325 5327
f 5326 5327 5328
f 5328 5327 5016
f 5328 5016 5027
f 5027 5028 5328
f 5328 5028 5329
f 5328 5329 5326
f 5326 5329 5330
f 5326 5330 5324
f 5324 5330 5323
f 5329 5028 5331
f 5331 5028 5029
f 5331 5029 5332
f 5332 5029 5030
f 5332 5030 5031
f 5332 5031 5333
f 5333 5031 5032
f 5333 5032 5334
f 5334 5032 5313
f 5334 5313 5315
f 5032 5033 5313
f 5313 5033 5035
f 5034 5036 5310
f 5310 5036 5037
f 5310 5037 5335
f 5335 5037 5038
f 5335 5038 5336
f 5336 5038 5337
f 5336 5337 5338
f 5338 5337 5339
f 5338 5339 5304
f 5304 5339 5303
f 5038 5039 5337
f 5337 5039 5340
f 5337 5340 5339
f 5339 5340 5341
f 5339 5341 5303
f 5303 5341 5302
f 5039 5040 5340
f 5340 5040 5041
f 5340 5041 5342
f 5342 5041 5042
f 5342 5042 5343
f 5343 5042 5344
f 5343 5344 5345
f 5345 5344 5298
f 5345 5298 5297
f 5042 5043 5344
f 5344 5043 5300
f 5344 5300 5298
f 5271 5049 5265
f 5277 5048 5270
f 5269 5271 5263
f 5263 5271 5265
f 5283 5047 5276
f 5275 5277 5268
f 5268 5277 5270
f 5289 5046 5282
f 5281 5283 5274
f 5274 5283 5276
f 5295 5045 5288
f 5287 5289 5280
f 5280 5289 5282
f 5301 5044 5294
f 5293 5295 5286
f 5286 5295 5288
f 5299 5301 5292
f 5292 5301 5294
f 5341 5340 5342
f 5342 5343 5346
f 5346 5343 5345
f 5346 5345 5296
f 5296 5345 5297
f 5308 5310 5335
f 5335 5336 5347
f 5347 5336 5338
f 5347 5338 5305
f 5305 5338 5304
f 5314 5312 5319
f 5333 5334 5348
f 5348 5334 5315
f 5348 5315 5317
f 5332 5333 5349
f 5349 5333 5348
f 5349 5348 5321
f 5321 5348 5317
f 5330 5329 5331
f 5331 5332 5350
f 5350 5332 5349
f 5350 5349 5322
f 5322 5349 5321
f 5256 5257 5264
f 5264 5257 5260
f 5264 5260 5259
f 5261 5269 5262
f 5262 5269 5263
f 5266 5275 5267
f 5267 5275 5268
f 5272 5281 5273
f 5273 5281 5274
f 5278 5287 5279
f 5279 5287 5280
f 5284 5293 5285
f 5285 5293 5286
f 5290 5299 5291
f 5291 5299 5292
f 5302 5341 5346
f 5346 5341 5342
f 5302 5346 5296
f 5306 5308 5347
f 5347 5308 5335
f 5306 5347 5305
f 5318 5320 5319
f 5319 5320 5314
f 5320 5316 5314
f 5323 5330 5350
f 5350 5330 5331
f 5323 5350 5322
f 4932 5012 5351
f 5351 5012 5231
f 5351 5231 5352
f 5352 5231 5233
f 5352 5233 5353
f 5353 5233 5017
f 5353 5017 5016
f 5016 5327 5353
f 5353 5327 5352
f 5327 5325 5352
f 5352 5325 5351
f 5325 4932 5351
f 5354 5355 5356
f 5356 5355 5357
f 5356 5357 5358
f 5358 5357 5359
f 5358 5359 5360
f 5360 5359 5361
f 5360 5361 5362
f 5362 5361 5363
f 5362 5363 5364
f 5364 5363 88
f 5364 88 91
f 5355 5354 5365
f 5365 5354 5366
f 5365 5366 5367
f 5367 5366 5368
f 5367 5368 5369
f 5369 5368 5370
f 5369 5370 186
f 186 5370 5371
f 186 5371 184
f 184 5371 5372
f 184 5372 182
f 182 5372 5373
f 182 5373 179
f 179 5373 5374
f 179 5374 177
f 177 5374 5375
f 177 5375 175
f 175 5375 5376
f 175 5376 5377
f 5377 5376 5378
f 5377 5378 5379
f 5368 5380 5370
f 5370 5380 5371
f 5380 5381 5371
f 5371 5381 5372
f 5381 5382 5372
f 5372 5382 5373
f 5382 5383 5373
f 5373 5383 5374
f 5383 5384 5374
f 5374 5384 5375
f 5375 5384 5376
f 5376 5384 5378
f 5377 5379 5385
f 5385 5379 5386
f 5385 5386 5387
f 5387 5386 5388
f 5387 5388 5389
f 5389 5388 5390
f 5389 5390 5391
f 5391 5390 5392
f 5391 5392 5393
f 5393 5392 5394
f 5393 5394 162
f 162 5394 5395
f 162 5395 159
f 159 5395 5396
f 159 5396 157
f 157 5396 5397
f 157 5397 155
f 155 5397 5398
f 155 5398 152
f 152 5398 5399
f 152 5399 150
f 150 5399 5400
f 150 5400 5401
f 5401 5400 5402
f 5401 5402 5403
f 5392 5404 5394
f 5394 5404 5395
f 5404 5405 5395
f 5395 5405 5396
f 5405 5406 5396
f 5396 5406 5397
f 5406 5407 5397
f 5397 5407 5398
f 5407 5408 5398
f 5398 5408 5399
f 5399 5408 5400
f 5400 5408 5402
f 5401 5403 5409
f 5409 5403 5410
f 5409 5410 5411
f 5411 5410 5412
f 5411 5412 5413
f 5413 5412 5414
f 5413 5414 5415
f 5415 5414 5416
f 5415 5416 5417
f 5417 5416 5418
f 5417 5418 136
f 136 5418 5419
f 136 5419 134
f 134 5419 5420
f 134 5420 131
f 131 5420 5421
f 131 5421 129
f 129 5421 5422
f 129 5422 127
f 127 5422 5423
f 127 5423 125
f 125 5423 5424
f 125 5424 5425
f 5425 5424 5426
f 5425 5426 5427
f 5416 5428 5418
f 5418 5428 5419
f 5428 5429 5419
f 5419 5429 5420
f 5429 5430 5420
f 5420 5430 5421
f 5430 5431 5421
f 5421 5431 5422
f 5431 5432 5422
f 5422 5432 5423
f 5432 5426 5423
f 5423 5426 5424
f 5425 5427 5433
f 5433 5427 5434
f 5433 5434 5435
f 5435 5434 5436
f 5435 5436 5437
f 5437 5436 5438
f 5437 5438 5439
f 5439 5438 5440
f 5439 5440 5441
f 5441 5440 5442
f 5441 5442 111
f 111 5442 5443
f 111 5443 109
f 109 5443 5444
f 109 5444 107
f 107 5444 5445
f 107 5445 105
f 105 5445 5446
f 105 5446 102
f 102 5446 5447
f 102 5447 100
f 100 5447 5448
f 100 5448 5449
f 5449 5448 5450
f 5449 5450 5451
f 5440 5452 5442
f 5442 5452 5443
f 5452 5453 5443
f 5443 5453 5444
f 5453 5454 5444
f 5444 5454 5445
f 5454 5455 5445
f 5445 5455 5446
f 5455 5456 5446
f 5446 5456 5447
f 5456 5450 5447
f 5447 5450 5448
f 5449 5451 5457
f 5457 5451 5458
f 5457 5458 5459
f 5459 5458 5460
f 5459 5460 5461
f 5461 5460 5462
f 5461 5462 5364
f 5364 5462 5362
f 5364 91 5461
f 5461 91 93
f 5461 93 5459
f 5459 93 95
f 5459 95 5457
f 5457 95 98
f 5457 98 5449
f 5449 98 100
f 111 114 5441
f 5441 114 5439
f 114 116 5439
f 5439 116 5437
f 116 118 5437
f 5437 118 5435
f 118 120 5435
f 5435 120 5433
f 120 122 5433
f 5433 122 5425
f 122 125 5425
f 136 138 5417
f 5417 138 5415
f 138 141 5415
f 5415 141 5413
f 141 143 5413
f 5413 143 5411
f 143 145 5411
f 5411 145 5409
f 145 148 5409
f 5409 148 5401
f 148 150 5401
f 162 164 5393
f 5393 164 5391
f 164 166 5391
f 5391 166 5389
f 166 168 5389
f 5389 168 5387
f 168 171 5387
f 5387 171 5385
f 171 173 5385
f 5385 173 5377
f 173 175 5377
f 186 75 5369
f 5369 75 5367
f 75 77 5367
f 5367 77 5365
f 77 79 5365
f 5365 79 5355
f 79 81 5355
f 5355 81 5357
f 81 84 5357
f 5357 84 5359
f 84 86 5359
f 5359 86 5361
f 5361 86 5363
f 5363 86 88
f 1 5463 2
f 2 5463 5464
f 2 5464 4
f 4 5464 5465
f 4 5465 5
f 5 5465 5466
f 5 5466 6
f 6 5466 5467
f 6 5467 8
f 8 5467 5468
f 8 5468 10
f 10 5468 5469
f 10 5469 15
f 15 5469 5470
f 15 5470 19
f 19 5470 5471
f 19 5471 21
f 21 5471 5472
f 21 5472 23
f 23 5472 5473
f 23 5473 24
f 24 5473 5474
f 24 5474 25
f 25 5474 5475
f 25 5475 26
f 26 5475 5476
f 26 5476 27
f 27 5476 5477
f 27 5477 28
f 28 5477 5478
f 28 5478 29
f 29 5478 5479
f 29 5479 30
f 30 5479 5480
f 30 5480 31
f 31 5480 5481
f 31 5481 32
f 32 5481 5482
f 32 5482 33
f 33 5482 5483
f 33 5483 34
f 34 5483 5484
f 34 5484 35
f 35 5484 5485
f 35 5485 36
f 36 5485 5486
f 36 5486 37
f 37 5486 5487
f 37 5487 38
f 38 5487 5488
f 38 5488 39
f 39 5488 5489
f 39 5489 40
f 40 5489 5490
f 40 5490 41
f 41 5490 5491
f 41 5491 42
f 42 5491 5492
f 42 5492 43
f 43 5492 5493
f 43 5493 44
f 44 5493 5494
f 44 5494 45
f 45 5494 5495
f 45 5495 46
f 46 5495 5496
f 46 5496 47
f 47 5496 5497
f 47 5497 48
f 48 5497 5498
f 48 5498 49
f 49 5498 5499
f 49 5499 50
f 50 5499 5500
f 50 5500 51
f 51 5500 5501
f 51 5501 52
f 52 5501 5502
f 52 5502 53
f 53 5502 5503
f 53 5503 54
f 54 5503 5504
f 54 5504 55
f 55 5504 5505
f 55 5505 56
f 56 5505 5506
f 56 5506 57
f 57 5506 5507
f 57 5507 58
f 58 5507 5508
f 58 5508 59
f 59 5508 5509
f 59 5509 60
f 60 5509 5510
f 60 5510 1
f 1 5510 5463
f 5511 5512 5513
f 5513 5512 5514
f 5513 5514 5515
f 5515 5514 5516
f 5515 5516 5517
f 5517 5516 5518
f 5517 5518 5519
f 5519 5518 5520
f 5519 5520 5521
f 5521 5520 5522
f 5521 5522 5523
f 5523 5522 5524
f 5523 5524 5525
f 5525 5524 5526
f 5525 5526 5527
f 5527 5526 5528
f 5527 5528 5529
f 5529 5528 5530
f 5529 5530 5531
f 5531 5530 5532
f 5531 5532 5533
f 5533 5532 5534
f 5533 5534 5535
f 5535 5534 5536
f 5535 5536 5537
f 5537 5536 5538
f 5537 5538 5539
f 5539 5538 5540
f 5539 5540 5541
f 5541 5540 5542
f 5541 5542 5543
f 5543 5542 5544
f 5543 5544 5545
f 5545 5544 5546
f 5545 5546 5547
f 5547 5546 5548
f 5547 5548 5549
f 5549 5548 5550
f 5549 5550 5551
f 5551 5550 5552
f 5551 5552 5553
f 5553 5552 5554
f 5553 5554 5555
f 5555 5554 5556
f 5555 5556 5557
f 5557 5556 5558
f 5557 5558 5559
f 5559 5558 5560
f 5559 5560 5561
f 5561 5560 5562
f 5561 5562 5563
f 5561 5563 5564
f 5564 5563 5565
f 5564 5565 5566
f 5566 5565 5567
f 5566 5567 5568
f 5568 5567 5569
f 5568 5569 5570
f 5570 5569 5571
f 5570 5571 5572
f 5572 5571 5573
f 5572 5573 5574
f 5574 5573 5575
f 5574 5575 5576
f 5576 5575 5577
f 5576 5577 5578
f 5578 5577 5579
f 5578 5579 5580
f 5580 5579 5581
f 5580 5581 5582
f 5582 5581 5583
f 5582 5583 5584
f 5584 5583 5585
f 5584 5585 5586
f 5586 5585 5587
f 5586 5587 5588
f 5588 5587 5589
f 5588 5589 5590
f 5590 5589 5591
f 5590 5591 5592
f 5592 5591 5593
f 5592 5593 5594
f 5594 5593 5595
f 5594 5595 5596
f 5596 5595 5597
f 5596 5597 5598
f 5598 5597 5599
f 5598 5599 5600
f 5600 5599 5601
f 5600 5601 5602
f 5602 5601 5603
f 5602 5603 5604
f 5604 5603 5605
f 5604 5605 5606
f 5606 5605 5607
f 5606 5607 5608
f 5608 5607 5511
f 5608 5511 5513
f 5358 5514 5356
f 5356 5514 5512
f 5356 5512 5354
f 5354 5512 5511
f 5354 5511 5366
f 5366 5511 5607
f 5366 5607 5368
f 5368 5607 5605
f 5368 5605 5380
f 5380 5605 5603
f 5380 5603 5381
f 5381 5603 5601
f 5381 5601 5382
f 5382 5601 5599
f 5382 5599 5383
f 5383 5599 5597
f 5383 5597 5384
f 5384 5597 5595
f 5384 5595 5378
f 5378 5595 5593
f 5378 5593 5379
f 5379 5593 5591
f 5379 5591 5386
f 5386 5591 5589
f 5386 5589 5388
f 5388 5589 5587
f 5388 5587 5390
f 5390 5587 5585
f 5390 5585 5392
f 5392 5585 5583
f 5392 5583 5404
f 5404 5583 5581
f 5404 5581 5405
f 5405 5581 5579
f 5405 5579 5406
f 5406 5579 5577
f 5406 5577 5407
f 5407 5577 5575
f 5407 5575 5408
f 5408 5575 5573
f 5408 5573 5402
f 5402 5573 5571
f 5402 5571 5403
f 5403 5571 5569
f 5403 5569 5410
f 5410 5569 5567
f 5410 5567 5412
f 5412 5567 5565
f 5412 5565 5414
f 5414 5565 5563
f 5414 5563 5416
f 5416 5563 5562
f 5416 5562 5428
f 5428 5562 5560
f 5428 5560 5429
f 5429 5560 5558
f 5429 5558 5430
f 5430 5558 5556
f 5430 5556 5431
f 5431 5556 5554
f 5431 5554 5432
f 5432 5554 5552
f 5432 5552 5426
f 5426 5552 5550
f 5426 5550 5427
f 5427 5550 5548
f 5427 5548 5434
f 5434 5548 5546
f 5434 5546 5436
f 5436 5546 5544
f 5436 5544 5438
f 5438 5544 5542
f 5438 5542 5440
f 5440 5542 5540
f 5440 5540 5452
f 5452 5540 5538
f 5452 5538 5453
f 5453 5538 5536
f 5453 5536 5454
f 5454 5536 5534
f 5454 5534 5455
f 5455 5534 5532
f 5455 5532 5456
f 5456 5532 5530
f 5456 5530 5450
f 5450 5530 5528
f 5450 5528 5451
f 5451 5528 5526
f 5451 5526 5458
f 5458 5526 5524
f 5458 5524 5460
f 5460 5524 5522
f 5460 5522 5462
f 5462 5522 5520
f 5462 5520 5362
f 5362 5520 5518
f 5362 5518 5360
f 5360 5518 5516
f 5360 5516 5358
f 5358 5516 5514
f 5508 5609 5509
f 5509 5609 5610
f 5509 5610 5611
f 5611 5610 5612
f 5611 5612 5613
f 5613 5612 5513
f 5613 5513 5614
f 5614 5513 5515
f 5614 5515 5615
f 5615 5515 5616
f 5615 5616 5617
f 5617 5616 5618
f 5617 5618 5510
f 5510 5618 5463
f 5463 5618 5619
f 5463 5619 5620
f 5620 5619 5621
f 5620 5621 5622
f 5622 5621 5517
f 5622 5517 5623
f 5623 5517 5519
f 5623 5519 5624
f 5624 5519 5625
f 5624 5625 5626
f 5626 5625 5627
f 5626 5627 5465
f 5465 5627 5628
f 5465 5628 5629
f 5629 5628 5630
f 5629 5630 5631
f 5631 5630 5521
f 5631 5521 5523
f 5507 5632 5508
f 5508 5632 5633
f 5508 5633 5634
f 5634 5633 5635
f 5634 5635 5636
f 5636 5635 5608
f 5636 5608 5637
f 5637 5608 5513
f 5637 5513 5612
f 5506 5638 5507
f 5507 5638 5639
f 5507 5639 5640
f 5640 5639 5641
f 5640 5641 5642
f 5642 5641 5606
f 5642 5606 5643
f 5643 5606 5608
f 5643 5608 5635
f 5505 5644 5506
f 5506 5644 5645
f 5506 5645 5638
f 5638 5645 5646
f 5638 5646 5647
f 5647 5646 5604
f 5647 5604 5606
f 5504 5648 5505
f 5505 5648 5649
f 5505 5649 5650
f 5650 5649 5651
f 5650 5651 5652
f 5652 5651 5602
f 5652 5602 5653
f 5653 5602 5604
f 5653 5604 5646
f 5503 5654 5504
f 5504 5654 5655
f 5504 5655 5656
f 5656 5655 5657
f 5656 5657 5658
f 5658 5657 5600
f 5658 5600 5659
f 5659 5600 5602
f 5659 5602 5651
f 5502 5660 5503
f 5503 5660 5661
f 5503 5661 5662
f 5662 5661 5663
f 5662 5663 5664
f 5664 5663 5598
f 5664 5598 5665
f 5665 5598 5600
f 5665 5600 5657
f 5501 5666 5502
f 5502 5666 5667
f 5502 5667 5668
f 5668 5667 5669
f 5668 5669 5670
f 5670 5669 5596
f 5670 5596 5671
f 5671 5596 5598
f 5671 5598 5663
f 5500 5672 5501
f 5501 5672 5673
f 5501 5673 5674
f 5674 5673 5675
f 5674 5675 5676
f 5676 5675 5594
f 5676 5594 5677
f 5677 5594 5596
f 5677 5596 5669
f 5499 5678 5500
f 5500 5678 5679
f 5500 5679 5680
f 5680 5679 5681
f 5680 5681 5682
f 5682 5681 5592
f 5682 5592 5683
f 5683 5592 5594
f 5683 5594 5675
f 5498 5684 5499
f 5499 5684 5685
f 5499 5685 5678
f 5678 5685 5686
f 5678 5686 5687
f 5687 5686 5590
f 5687 5590 5592
f 5497 5688 5498
f 5498 5688 5689
f 5498 5689 5690
f 5690 5689 5691
f 5690 5691 5692
f 5692 5691 5588
f 5692 5588 5693
f 5693 5588 5590
f 5693 5590 5686
f 5496 5694 5497
f 5497 5694 5695
f 5497 5695 5696
f 5696 5695 5697
f 5696 5697 5698
f 5698 5697 5586
f 5698 5586 5699
f 5699 5586 5588
f 5699 5588 5691
f 5495 5700 5496
f 5496 5700 5701
f 5496 5701 5702
f 5702 5701 5703
f 5702 5703 5704
f 5704 5703 5584
f 5704 5584 5705
f 5705 5584 5586
f 5705 5586 5697
f 5494 5706 5495
f 5495 5706 5707
f 5495 5707 5708
f 5708 5707 5709
f 5708 5709 5710
f 5710 5709 5582
f 5710 5582 5711
f 5711 5582 5584
f 5711 5584 5703
f 5493 5712 5494
f 5494 5712 5713
f 5494 5713 5714
f 5714 5713 5715
f 5714 5715 5716
f 5716 5715 5580
f 5716 5580 5717
f 5717 5580 5582
f 5717 5582 5709
f 5492 5718 5493
f 5493 5718 5719
f 5493 5719 5720
f 5720 5719 5721
f 5720 5721 5722
f 5722 5721 5578
f 5722 5578 5723
f 5723 5578 5580
f 5723 5580 5715
f 5491 5724 5492
f 5492 5724 5725
f 5492 5725 5718
f 5718 5725 5726
f 5718 5726 5727
f 5727 5726 5576
f 5727 5576 5578
f 5490 5728 5491
f 5491 5728 5729
f 5491 5729 5730
f 5730 5729 5731
f 5730 5731 5732
f 5732 5731 5574
f 5732 5574 5733
f 5733 5574 5576
f 5733 5576 5726
f 5489 5734 5490
f 5490 5734 5735
f 5490 5735 5736
f 5736 5735 5737
f 5736 5737 5738
f 5738 5737 5572
f 5738 5572 5739
f 5739 5572 5574
f 5739 5574 5731
f 5488 5740 5489
f 5489 5740 5741
f 5489 5741 5742
f 5742 5741 5743
f 5742 5743 5744
f 5744 5743 5570
f 5744 5570 5745
f 5745 5570 5572
f 5745 5572 5737
f 5487 5746 5488
f 5488 5746 5747
f 5488 5747 5748
f 5748 5747 5749
f 5748 5749 5750
f 5750 5749 5568
f 5750 5568 5751
f 5751 5568 5570
f 5751 5570 5743
f 5486 5752 5487
f 5487 5752 5753
f 5487 5753 5754
f 5754 5753 5755
f 5754 5755 5756
f 5756 5755 5566
f 5756 5566 5757
f 5757 5566 5568
f 5757 5568 5749
f 5485 5758 5486
f 5486 5758 5759
f 5486 5759 5760
f 5760 5759 5761
f 5760 5761 5762
f 5762 5761 5564
f 5762 5564 5763
f 5763 5564 5566
f 5763 5566 5755
f 5484 5764 5485
f 5485 5764 5765
f 5485 5765 5758
f 5758 5765 5766
f 5758 5766 5767
f 5767 5766 5561
f 5767 5561 5564
f 5483 5768 5484
f 5484 5768 5769
f 5484 5769 5770
f 5770 5769 5771
f 5770 5771 5772
f 5772 5771 5559
f 5772 5559 5773
f 5773 5559 5561
f 5773 5561 5766
f 5482 5774 5483
f 5483 5774 5775
f 5483 5775 5776
f 5776 5775 5777
f 5776 5777 5778
f 5778 5777 5557
f 5778 5557 5779
f 5779 5557 5559
f 5779 5559 5771
f 5481 5780 5482
f 5482 5780 5781
f 5482 5781 5782
f 5782 5781 5783
f 5782 5783 5784
f 5784 5783 5555
f 5784 5555 5785
f 5785 5555 5557
f 5785 5557 5777
f 5480 5786 5481
f 5481 5786 5787
f 5481 5787 5788
f 5788 5787 5789
f 5788 5789 5790
f 5790 5789 5553
f 5790 5553 5791
f 5791 5553 5555
f 5791 5555 5783
f 5479 5792 5480
f 5480 5792 5793
f 5480 5793 5794
f 5794 5793 5795
f 5794 5795 5796
f 5796 5795 5551
f 5796 5551 5797
f 5797 5551 5553
f 5797 5553 5789
f 5478 5798 5479
f 5479 5798 5799
f 5479 5799 5800
f 5800 5799 5801
f 5800 5801 5802
f 5802 5801 5549
f 5802 5549 5803
f 5803 5549 5551
f 5803 5551 5795
f 5477 5804 5478
f 5478 5804 5805
f 5478 5805 5798
f 5798 5805 5806
f 5798 5806 5807
f 5807 5806 5547
f 5807 5547 5549
f 5476 5808 5477
f 5477 5808 5809
f 5477 5809 5810
f 5810 5809 5811
f 5810 5811 5812
f 5812 5811 5545
f 5812 5545 5813
f 5813 5545 5547
f 5813 5547 5806
f 5475 5814 5476
f 5476 5814 5815
f 5476 5815 5816
f 5816 5815 5817
f 5816 5817 5818
f 5818 5817 5543
f 5818 5543 5819
f 5819 5543 5545
f 5819 5545 5811
f 5474 5820 5475
f 5475 5820 5821
f 5475 5821 5822
f 5822 5821 5823
f 5822 5823 5824
f 5824 5823 5541
f 5824 5541 5825
f 5825 5541 5543
f 5825 5543 5817
f 5473 5826 5474
f 5474 5826 5827
f 5474 5827 5828
f 5828 5827 5829
f 5828 5829 5830
f 5830 5829 5539
f 5830 5539 5831
f 5831 5539 5541
f 5831 5541 5823
f 5472 5832 5473
f 5473 5832 5833
f 5473 5833 5834
f 5834 5833 5835
f 5834 5835 5836
f 5836 5835 5537
f 5836 5537 5837
f 5837 5537 5539
f 5837 5539 5829
f 5471 5838 5472
f 5472 5838 5839
f 5472 5839 5840
f 5840 5839 5841
f 5840 5841 5842
f 5842 5841 5535
f 5842 5535 5843
f 5843 5535 5537
f 5843 5537 5835
f 5470 5844 5471
f 5471 5844 5845
f 5471 5845 5838
f 5838 5845 5846
f 5838 5846 5847
f 5847 5846 5533
f 5847 5533 5535
f 5469 5848 5470
f 5470 5848 5849
f 5470 5849 5850
f 5850 5849 5851
f 5850 5851 5852
f 5852 5851 5531
f 5852 5531 5853
f 5853 5531 5533
f 5853 5533 5846
f 5468 5854 5469
f 5469 5854 5855
f 5469 5855 5856
f 5856 5855 5857
f 5856 5857 5858
f 5858 5857 5529
f 5858 5529 5859
f 5859 5529 5531
f 5859 5531 5851
f 5467 5860 5468
f 5468 5860 5861
f 5468 5861 5862
f 5862 5861 5863
f 5862 5863 5864
f 5864 5863 5527
f 5864 5527 5865
f 5865 5527 5529
f 5865 5529 5857
f 5466 5866 5467
f 5467 5866 5867
f 5467 5867 5868
f 5868 5867 5869
f 5868 5869 5870
f 5870 5869 5525
f 5870 5525 5871
f 5871 5525 5527
f 5871 5527 5863
f 5465 5629 5466
f 5466 5629 5872
f 5466 5872 5873
f 5873 5872 5874
f 5873 5874 5875
f 5875 5874 5523
f 5875 5523 5876
f 5876 5523 5525
f 5876 5525 5869
f 5465 5464 5626
f 5626 5464 5877
f 5626 5877 5624
f 5624 5877 5623
f 5877 5464 5878
f 5878 5464 5463
f 5878 5463 5620
f 5509 5879 5510
f 5510 5879 5880
f 5510 5880 5617
f 5617 5880 5615
f 5616 5515 5881
f 5881 5515 5517
f 5881 5517 5621
f 5519 5521 5625
f 5625 5521 5882
f 5625 5882 5627
f 5627 5882 5628
f 5773 5766 5765
f 5773 5765 5764
f 5484 5770 5764
f 5764 5770 5772
f 5764 5772 5773
f 5483 5776 5768
f 5768 5776 5778
f 5768 5778 5779
f 5482 5782 5774
f 5774 5782 5784
f 5774 5784 5785
f 5481 5788 5780
f 5780 5788 5790
f 5780 5790 5791
f 5480 5794 5786
f 5786 5794 5796
f 5786 5796 5797
f 5479 5800 5792
f 5792 5800 5802
f 5792 5802 5803
f 5549 5801 5807
f 5807 5801 5799
f 5807 5799 5798
f 5477 5810 5804
f 5804 5810 5812
f 5804 5812 5813
f 5476 5816 5808
f 5808 5816 5818
f 5808 5818 5819
f 5475 5822 5814
f 5814 5822 5824
f 5814 5824 5825
f 5474 5828 5820
f 5820 5828 5830
f 5820 5830 5831
f 5473 5834 5826
f 5826 5834 5836
f 5826 5836 5837
f 5472 5840 5832
f 5832 5840 5842
f 5832 5842 5843
f 5535 5841 5847
f 5847 5841 5839
f 5847 5839 5838
f 5470 5850 5844
f 5844 5850 5852
f 5844 5852 5853
f 5469 5856 5848
f 5848 5856 5858
f 5848 5858 5859
f 5468 5862 5854
f 5854 5862 5864
f 5854 5864 5865
f 5467 5868 5860
f 5860 5868 5870
f 5860 5870 5871
f 5466 5873 5866
f 5866 5873 5875
f 5866 5875 5876
f 5523 5874 5631
f 5631 5874 5872
f 5631 5872 5629
f 5509 5611 5879
f 5879 5611 5613
f 5879 5613 5614
f 5508 5634 5609
f 5609 5634 5636
f 5609 5636 5637
f 5507 5640 5632
f 5632 5640 5642
f 5632 5642 5643
f 5606 5641 5647
f 5647 5641 5639
f 5647 5639 5638
f 5505 5650 5644
f 5644 5650 5652
f 5644 5652 5653
f 5504 5656 5648
f 5648 5656 5658
f 5648 5658 5659
f 5503 5662 5654
f 5654 5662 5664
f 5654 5664 5665
f 5502 5668 5660
f 5660 5668 5670
f 5660 5670 5671
f 5501 5674 5666
f 5666 5674 5676
f 5666 5676 5677
f 5500 5680 5672
f 5672 5680 5682
f 5672 5682 5683
f 5592 5681 5687
f 5687 5681 5679
f 5687 5679 5678
f 5498 5690 5684
f 5684 5690 5692
f 5684 5692 5693
f 5497 5696 5688
f 5688 5696 5698
f 5688 5698 5699
f 5496 5702 5694
f 5694 5702 5704
f 5694 5704 5705
f 5495 5708 5700
f 5700 5708 5710
f 5700 5710 5711
f 5494 5714 5706
f 5706 5714 5716
f 5706 5716 5717
f 5493 5720 5712
f 5712 5720 5722
f 5712 5722 5723
f 5578 5721 5727
f 5727 5721 5719
f 5727 5719 5718
f 5491 5730 5724
f 5724 5730 5732
f 5724 5732 5733
f 5490 5736 5728
f 5728 5736 5738
f 5728 5738 5739
f 5489 5742 5734
f 5734 5742 5744
f 5734 5744 5745
f 5488 5748 5740
f 5740 5748 5750
f 5740 5750 5751
f 5487 5754 5746
f 5746 5754 5756
f 5746 5756 5757
f 5486 5760 5752
f 5752 5760 5762
f 5752 5762 5763
f 5564 5761 5767
f 5767 5761 5759
f 5767 5759 5758
f 5637 5612 5610
f 5609 5637 5610
f 5643 5635 5633
f 5632 5643 5633
f 5646 5645 5653
f 5653 5645 5644
f 5659 5651 5649
f 5648 5659 5649
f 5665 5657 5655
f 5654 5665 5655
f 5671 5663 5661
f 5660 5671 5661
f 5677 5669 5667
f 5666 5677 5667
f 5683 5675 5673
f 5672 5683 5673
f 5686 5685 5693
f 5693 5685 5684
f 5699 5691 5689
f 5688 5699 5689
f 5705 5697 5695
f 5694 5705 5695
f 5711 5703 5701
f 5700 5711 5701
f 5717 5709 5707
f 5706 5717 5707
f 5723 5715 5713
f 5712 5723 5713
f 5726 5725 5733
f 5733 5725 5724
f 5739 5731 5729
f 5728 5739 5729
f 5745 5737 5735
f 5734 5745 5735
f 5751 5743 5741
f 5740 5751 5741
f 5757 5749 5747
f 5746 5757 5747
f 5763 5755 5753
f 5752 5763 5753
f 5779 5771 5769
f 5768 5779 5769
f 5785 5777 5775
f 5774 5785 5775
f 5791 5783 5781
f 5780 5791 5781
f 5797 5789 5787
f 5786 5797 5787
f 5803 5795 5793
f 5792 5803 5793
f 5813 5806 5805
f 5804 5813 5805
f 5819 5811 5809
f 5808 5819 5809
f 5825 5817 5815
f 5814 5825 5815
f 5831 5823 5821
f 5820 5831 5821
f 5837 5829 5827
f 5826 5837 5827
f 5843 5835 5833
f 5832 5843 5833
f 5853 5846 5845
f 5844 5853 5845
f 5859 5851 5849
f 5848 5859 5849
f 5865 5857 5855
f 5854 5865 5855
f 5871 5863 5861
f 5860 5871 5861
f 5876 5869 5867
f 5866 5876 5867
f 5630 5628 5882
f 5521 5630 5882
f 5881 5621 5619
f 5878 5620 5622
f 5614 5615 5880
f 5879 5614 5880
f 5619 5618 5881
f 5881 5618 5616
f 5877 5878 5623
f 5623 5878 5622
