# File produced by Open Asset Import Library (http://www.assimp.sf.net)
# (assimp v6.0.0)
mtllib W1.mtl
# 41259 vertex positions
# 0 UV coordinates
# 6992 vertex normals
# Mesh 'W1-mesh' with 10220 faces
g W1-mesh
# Mesh 'W1-mesh' with 3534 faces
g W1-mesh

v -0.04075 -0.03289 -0.070499
v -0.037874 -0.036076 -0.070499
v -0.043491 -0.040037 -0.070499
v 0.024127 -0.046187 -0.070499
v 0.027867 -0.044081 -0.070499
v 0.028135 -0.051989 -0.070499
v 0.04075 0.03289 -0.070499
v 0.037874 0.036075 -0.070499
v 0.043491 0.040036 -0.070499
v -0.010648 -0.050916 -0.070499
v -0.006412 -0.051607 -0.070499
v -0.00973 -0.058307 -0.070499
v 0.007146 -0.051513 -0.070499
v 0.011373 -0.050762 -0.070499
v 0.00973 -0.058307 -0.070499
v -0.024127 0.046187 -0.070499
v -0.027867 0.044081 -0.070499
v -0.028135 0.051989 -0.070499
v -0.027234 -0.044466 -0.070499
v -0.023464 -0.046521 -0.070499
v -0.028135 -0.051989 -0.070499
v 0.0 -0.059114 -0.070499
v 0.03839 -0.035541 -0.070499
v 0.041223 -0.032314 -0.070499
v 0.043491 -0.040037 -0.070499
v 0.010648 0.050916 -0.070499
v 0.006412 0.051607 -0.070499
v 0.00973 0.058307 -0.070499
v -0.058912 -0.004882 -0.070499
v -0.052743 -0.004286 -0.070499
v -0.052148 -0.008502 -0.070499
v -0.036308 -0.046649 -0.070499
v -0.019194 -0.055911 -0.070499
v 0.019194 -0.055911 -0.070499
v 0.036308 -0.046649 -0.070499
v 0.049488 -0.032332 -0.070499
v 0.057305 -0.014512 -0.070499
v 0.051197 -0.012728 -0.070499
v 0.052132 -0.008587 -0.070499
v 0.058912 0.004881 -0.070499
v 0.052743 0.004285 -0.070499
v 0.052148 0.008502 -0.070499
v 0.027234 0.044466 -0.070499
v 0.023464 0.04652 -0.070499
v 0.028135 0.051989 -0.070499
v -0.007146 0.051512 -0.070499
v -0.011373 0.050762 -0.070499
v -0.00973 0.058307 -0.070499
v -0.03839 0.03554 -0.070499
v -0.041223 0.032313 -0.070499
v -0.043491 0.040036 -0.070499
v -0.057305 -0.014512 -0.070499
v -0.049488 -0.032332 -0.070499
v -0.054134 -0.023746 -0.070499
v -0.048016 -0.021447 -0.070499
v -0.002167 -0.051952 -0.070499
v 0.002079 -0.051956 -0.070499
v 0.006318 -0.051619 -0.070499
v 0.058912 -0.004882 -0.070499
v 0.057305 0.014511 -0.070499
v 0.049488 0.032332 -0.070499
v 0.054134 0.023745 -0.070499
v 0.048016 0.021446 -0.070499
v 0.036308 0.046649 -0.070499
v 0.019194 0.05591 -0.070499
v 0.0 0.059113 -0.070499
v -0.036308 0.046649 -0.070499
v -0.049488 0.032332 -0.070499
v -0.057305 0.014511 -0.070499
v -0.051197 0.012728 -0.070499
v -0.052132 0.008587 -0.070499
v 0.015493 -0.049682 -0.070499
v 0.0195 -0.04828 -0.070499
v 0.023387 -0.046558 -0.070499
v -0.019194 0.05591 -0.070499
v -0.058912 0.004881 -0.070499
v -0.046058 -0.025229 -0.070499
v -0.04381 -0.028831 -0.070499
v -0.041278 -0.032245 -0.070499
v 0.054134 -0.023746 -0.070499
v 0.048324 -0.020775 -0.070499
v 0.049929 -0.016794 -0.070499
v 0.052734 -0.004378 -0.070499
v 0.052813 -0.003544 -0.070499
v 0.052999 -0.0 -0.070499
v 0.046058 0.025229 -0.070499
v 0.04381 0.02883 -0.070499
v 0.041278 0.032245 -0.070499
v -0.051219 -0.012646 -0.070499
v -0.049958 -0.01671 -0.070499
v -0.049676 -0.017488 -0.070499
v -0.034775 -0.038996 -0.070499
v -0.031463 -0.04165 -0.070499
v -0.027944 -0.044033 -0.070499
v -0.019573 -0.048251 -0.070499
v -0.015567 -0.049659 -0.070499
v -0.011453 -0.050745 -0.070499
v 0.031396 -0.041699 -0.070499
v 0.034712 -0.03905 -0.070499
v 0.037811 -0.03614 -0.070499
v 0.043765 -0.028897 -0.070499
v 0.046018 -0.025298 -0.070499
v 0.04798 -0.021522 -0.070499
v 0.051219 0.012646 -0.070499
v 0.049958 0.01671 -0.070499
v 0.049676 0.017488 -0.070499
v -0.015493 0.049682 -0.070499
v -0.0195 0.04828 -0.070499
v -0.023387 0.046558 -0.070499
v -0.054134 0.023745 -0.070499
v -0.048324 0.020775 -0.070499
v -0.049929 0.016793 -0.070499
v -0.052734 0.004377 -0.070499
v -0.052813 0.003544 -0.070499
v -0.052999 -0.0 -0.070499
v 0.034775 0.038995 -0.070499
v 0.031463 0.041649 -0.070499
v 0.027944 0.044033 -0.070499
v 0.019573 0.048251 -0.070499
v 0.015567 0.049659 -0.070499
v 0.011453 0.050744 -0.070499
v 0.002167 0.051952 -0.070499
v -0.002079 0.051956 -0.070499
v -0.006318 0.051618 -0.070499
v -0.031396 0.041699 -0.070499
v -0.034712 0.03905 -0.070499
v -0.037811 0.03614 -0.070499
v -0.043765 0.028897 -0.070499
v -0.046018 0.025298 -0.070499
v -0.04798 0.021522 -0.070499
v 0.057166 0.014827 -0.07372
v 0.057246 0.014496 -0.073722
v 0.05407 0.023717 -0.073659
v 0.054265 0.023305 -0.073661
v 0.04345 0.039998 -0.073594
v 0.043498 0.039949 -0.073594
v 0.04904 0.032909 -0.073613
v 0.049436 0.032298 -0.073616
v 0.019114 0.05588 -0.073631
v 0.019175 0.055856 -0.073631
v -0.019176 0.055858 -0.073631
v -0.019159 0.055865 -0.073631
v -0.028096 0.051919 -0.073607
v -0.027401 0.052318 -0.073609
v -0.036569 0.046376 -0.073592
v -0.036267 0.046596 -0.073592
v -0.043441 0.03999 -0.073594
v -0.043172 0.040302 -0.073593
v -0.054176 0.023513 -0.07366
v -0.054081 0.023722 -0.073659
v -0.057166 -0.014827 -0.07372
v -0.057246 -0.014497 -0.073722
v -0.05407 -0.023717 -0.073659
v -0.054265 -0.023305 -0.073661
v -0.04345 -0.039998 -0.073594
v -0.043498 -0.039949 -0.073594
v -0.04904 -0.032909 -0.073613
v -0.049436 -0.032298 -0.073616
v -0.036258 -0.046583 -0.073592
v -0.036906 -0.046108 -0.073591
v -0.019114 -0.05588 -0.073631
v -0.019175 -0.055857 -0.073631
v 0.019176 -0.055858 -0.073631
v 0.019159 -0.055865 -0.073631
v 0.036569 -0.046376 -0.073592
v 0.036267 -0.046596 -0.073592
v 0.043441 -0.039991 -0.073594
v 0.043172 -0.040302 -0.073593
v 0.054176 -0.023513 -0.07366
v 0.054081 -0.023722 -0.073659
v -0.058917 -0.004039 -0.073811
v -0.059052 -0.0 -0.073984
v -0.059055 -0.0 -0.07385
v -0.058362 -0.004034 -0.076769
v -0.058498 -0.0 -0.076803
v -0.058519 -0.0 -0.076757
v -0.054592 -0.003827 -0.081348
v -0.054736 -0.0 -0.08138
v -0.05475 -0.0 -0.081373
v 0.0 -0.054781 -0.081157
v -0.003646 -0.054663 -0.08116
v 0.0 -0.054811 -0.081142
v 0.0 -0.058545 -0.076499
v 0.0 -0.058502 -0.07659
v -0.003893 -0.058381 -0.076595
v -0.003929 -0.058928 -0.073657
v 0.0 -0.059058 -0.073656
v 0.0 -0.059042 -0.07407
v -0.056619 -0.014712 -0.076687
v -0.053743 -0.023102 -0.076633
v -0.052934 -0.013798 -0.081272
v -0.05021 -0.013102 -0.082374
v -0.050376 -0.012431 -0.082379
v -0.048569 -0.032606 -0.076586
v -0.043083 -0.039574 -0.076565
v -0.036559 -0.045672 -0.076557
v -0.018944 -0.055357 -0.076577
v -0.012953 -0.050353 -0.082274
v -0.013071 -0.050327 -0.082274
v -0.013765 -0.053014 -0.081153
v 0.004075 -0.058918 -0.073657
v 0.004038 -0.058371 -0.076595
v 0.003782 -0.054653 -0.08116
v 0.054607 -0.003613 -0.08135
v 0.05475 -0.0 -0.081373
v 0.054735 -0.0 -0.08138
v 0.058377 -0.003805 -0.076771
v 0.058519 -0.0 -0.076757
v 0.058497 -0.0 -0.076803
v 0.018989 -0.055341 -0.076577
v 0.012953 -0.050355 -0.082274
v 0.013804 -0.053004 -0.081153
v 0.013108 -0.050317 -0.082274
v 0.04276 -0.039923 -0.076564
v 0.045097 -0.025616 -0.082289
v 0.047598 -0.026929 -0.081192
v 0.04514 -0.025547 -0.082289
v 0.053654 -0.023308 -0.076632
v 0.059055 -0.0 -0.07385
v 0.059052 -0.0 -0.073984
v 0.058933 -0.003808 -0.073813
v 0.058917 0.004039 -0.073811
v 0.058362 0.004033 -0.076769
v 0.054592 0.003826 -0.081348
v 0.0 0.054781 -0.081158
v 0.003646 0.054662 -0.081161
v 0.0 0.054811 -0.081142
v 0.003893 0.058381 -0.076595
v 0.0 0.058545 -0.076499
v 0.0 0.058505 -0.076591
v 0.056619 0.014712 -0.076687
v 0.053743 0.023102 -0.076633
v 0.048569 0.032606 -0.076587
v 0.043083 0.039573 -0.076565
v 0.018944 0.055356 -0.076577
v 0.012953 0.050353 -0.082274
v 0.013071 0.050326 -0.082274
v 0.013765 0.053014 -0.081153
v -0.058377 0.003805 -0.076771
v -0.058933 0.003808 -0.073813
v -0.004038 0.058371 -0.076595
v -0.003782 0.054653 -0.081161
v -0.018989 0.055341 -0.076577
v -0.012953 0.050355 -0.082274
v -0.013804 0.053003 -0.081153
v -0.013108 0.050317 -0.082274
v -0.027151 0.051823 -0.076564
v -0.036226 0.045936 -0.076557
v -0.04276 0.039923 -0.076564
v -0.045097 0.025615 -0.082289
v -0.047598 0.026929 -0.081192
v -0.04514 0.025547 -0.082289
v -0.053654 0.023308 -0.076632
v -0.054607 0.003613 -0.08135
v -0.031996 0.002714 -0.085395
v -0.032006 0.002584 -0.085396
v -0.024376 0.001968 -0.083311
v -0.015467 0.018943 -0.083311
v -0.019943 0.02481 -0.085308
v -0.020123 0.024647 -0.085308
v -0.004892 0.023961 -0.083311
v -0.006405 0.031371 -0.085369
v -0.006557 0.031346 -0.085368
v 0.016941 0.017637 -0.083311
v 0.022188 0.022786 -0.0853
v 0.022027 0.022932 -0.085301
v 0.016941 -0.017637 -0.083311
v 0.022026 -0.022931 -0.085301
v 0.022215 -0.022761 -0.0853
v 0.002948 -0.024277 -0.083311
v 0.003683 -0.031824 -0.085372
v 0.00386 -0.031795 -0.085372
v -0.031036 -0.00765 -0.085351
v -0.030994 -0.007824 -0.08535
v -0.023745 -0.005853 -0.083311
v -0.024376 -0.001968 -0.083311
v -0.032002 -0.002584 -0.085396
v -0.031986 -0.002801 -0.085394
v 0.032198 -0.0 -0.085422
v 0.032248 -0.0 -0.085438
v 0.031986 0.002801 -0.085394
v 0.00263 0.031928 -0.085372
v 0.0 0.032545 -0.0855
v 0.0 0.032124 -0.085398
v 0.0 0.032023 -0.085368
v 0.032708 -0.0 -0.085553
v 0.033078 -0.0 -0.085613
v 0.026017 0.021892 -0.085464
v 0.025984 0.021935 -0.085464
v 0.024292 0.02051 -0.085296
v 0.023743 0.024362 -0.085468
v 0.018096 0.026216 -0.085317
v 0.019061 0.028248 -0.085488
v 0.017799 0.026429 -0.085318
v 0.00551 0.031553 -0.08537
v 0.006215 0.033651 -0.085544
v 0.0059 0.033723 -0.085544
v 0.031996 -0.002715 -0.085395
v 0.0 -0.033852 -0.085582
v 0.0 -0.034224 -0.085542
v 0.00084 -0.03422 -0.085544
v 0.0 -0.032125 -0.085398
v 0.000799 -0.032019 -0.08537
v 0.0 -0.032024 -0.085368
v 0.003938 -0.034012 -0.085546
v 0.023771 -0.024335 -0.085468
v 0.024309 -0.02049 -0.085296
v 0.026003 -0.021913 -0.085464
v 0.026017 -0.021895 -0.085464
v -0.00263 -0.031928 -0.085372
v -0.001289 -0.031977 -0.08537
v -0.032198 -0.0 -0.085422
v -0.032248 -0.0 -0.085438
v -0.034163 -0.003061 -0.085571
v -0.033112 -0.008415 -0.085523
v -0.024292 -0.020511 -0.085296
v -0.026017 -0.021893 -0.085464
v -0.025984 -0.021936 -0.085464
v -0.00551 -0.031554 -0.08537
v -0.006215 -0.033651 -0.085543
v -0.0059 -0.033723 -0.085544
v -0.000799 0.032019 -0.08537
v 0.0 0.032915 -0.085558
v -0.007024 0.033501 -0.085542
v -0.011018 0.030017 -0.085353
v -0.011808 0.03208 -0.085525
v -0.011331 0.02988 -0.085351
v -0.021349 0.02652 -0.085477
v -0.024309 0.020489 -0.085296
v -0.026003 0.021913 -0.085464
v -0.026017 0.021895 -0.085464
v -0.034174 0.002969 -0.085572
v -0.039237 0.025754 -0.083254
v -0.012898 0.039244 -0.084381
v 0.0 0.039373 -0.084699
v -0.00084 0.03422 -0.085544
v 0.0 0.03936 -0.084702
v -0.02605 0.026018 -0.085034
v 0.006254 0.039311 -0.08467
v 0.012898 0.03923 -0.084383
v 0.026129 0.039011 -0.083257
v 0.026153 0.044843 -0.082249
v 0.025577 0.045202 -0.08225
v 0.02605 0.026009 -0.085035
v 0.039237 -0.025754 -0.083254
v 0.012898 -0.039244 -0.084381
v 0.0 -0.039373 -0.084699
v 0.0 -0.03936 -0.084702
v 0.02605 -0.026018 -0.085034
v -0.006254 -0.039311 -0.08467
v -0.012898 -0.039231 -0.084383
v -0.026129 -0.039012 -0.083257
v -0.026153 -0.044843 -0.082249
v -0.025577 -0.045203 -0.08225
v -0.02605 -0.026009 -0.085035
v 0.16825 -0.00275 0.056229
v 0.16825 -0.001 0.05626
v 0.163614 -0.00275 0.057044
v 0.162524 -0.001 0.057266
v 0.156792 -0.00275 0.058228
v 0.156797 -0.001 0.058259
v 0.06842 -0.059075 0.013005
v 0.068352 -0.059003 0.012904
v 0.067883 -0.058702 0.01382
v 0.071589 -0.06082 0.017601
v 0.07158 -0.060819 0.017589
v 0.071579 -0.060819 0.017591
v 0.071298 -0.060784 0.017195
v 0.071242 -0.060772 0.017261
v 0.070456 -0.060566 0.016
v 0.071577 -0.060819 0.017593
v 0.071575 -0.060818 0.017595
v 0.071185 -0.060763 0.017327
v 0.071128 -0.060757 0.017393
v 0.070017 -0.060469 0.016526
v 0.069804 -0.060235 0.015052
v 0.069112 -0.0599 0.015108
v 0.070243 -0.060499 0.016264
v 0.069482 -0.060071 0.014584
v 0.069057 -0.059749 0.013957
v 0.068636 -0.059526 0.014611
v 0.068678 -0.059859 0.015606
v 0.068103 -0.059484 0.015219
v 0.066848 -0.059241 0.015446
v 0.067497 -0.059627 0.015737
v 0.068201 -0.059948 0.016057
v 0.069047 -0.060232 0.016444
v 0.069783 -0.060478 0.016781
v 0.066299 -0.058914 0.0152
v 0.067168 -0.058671 0.01462
v -0.055 -0.00275 -0.029298
v -0.055 -0.001 -0.029268
v -0.055751 -0.00275 -0.029449
v -0.055763 -0.001 -0.02942
v -0.056386 -0.00275 -0.029877
v -0.056408 -0.001 -0.029855
v -0.056808 -0.00275 -0.030516
v -0.056836 -0.001 -0.030505
v -0.056952 -0.00275 -0.03125
v -0.056982 -0.001 -0.03125
v -0.057805 -0.001 -0.030274
v -0.057535 -0.001 -0.029787
v -0.057515 -0.001043 -0.029797
v -0.056516 -0.001 -0.028704
v -0.056468 -0.001 -0.028684
v -0.056018 -0.006452 -0.028763
v -0.055634 -0.001 -0.028341
v -0.057317 -0.001 -0.029393
v -0.056565 -0.001 -0.028724
v -0.057106 -0.006577 -0.029861
v -0.057974 -0.001006 -0.031266
v -0.057974 -0.001 -0.031266
v -0.055442 -0.01464 -0.029997
v -0.057092 -0.009262 -0.031403
v -0.056693 -0.009217 -0.029906
v -0.057221 -0.008432 -0.031389
v -0.057507 -0.006604 -0.031359
v -0.050112 -0.02741 -0.030214
v -0.051743 -0.025211 -0.031667
v -0.051378 -0.025052 -0.030174
v -0.054052 -0.020046 -0.031581
v -0.053671 -0.019924 -0.030087
v -0.054619 -0.01835 -0.031553
v -0.055833 -0.014725 -0.031493
v -0.047137 -0.032112 -0.030293
v -0.0504 -0.027696 -0.031708
v -0.050469 -0.027587 -0.031706
v -0.037893 -0.042386 -0.030467
v -0.040143 -0.040863 -0.031926
v -0.039857 -0.04059 -0.030437
v -0.044031 -0.036754 -0.031858
v -0.043717 -0.036511 -0.030368
v -0.044532 -0.036109 -0.031847
v -0.047474 -0.032323 -0.031784
v -0.033528 -0.045841 -0.030526
v -0.03773 -0.043018 -0.031961
v -0.038166 -0.042673 -0.031956
v -0.020103 -0.053344 -0.032132
v -0.021551 -0.052845 -0.032124
v -0.021396 -0.052483 -0.030638
v -0.024028 -0.051786 -0.032107
v -0.023855 -0.051432 -0.03062
v -0.029056 -0.049195 -0.032064
v -0.028847 -0.04886 -0.030577
v -0.029385 -0.048983 -0.03206
v -0.033771 -0.046153 -0.032013
v -0.016255 -0.054672 -0.032154
v -0.016138 -0.054297 -0.030669
v -0.010723 -0.055597 -0.030691
v -0.0 -0.056929 -0.032192
v -0.002517 -0.056942 -0.032192
v -0.002499 -0.056549 -0.030707
v -0.005199 -0.056763 -0.032189
v -0.005161 -0.056372 -0.030704
v -0.010216 -0.056064 -0.032177
v -0.010801 -0.055982 -0.032176
v 0.003088 -0.056914 -0.032191
v 0.003065 -0.056522 -0.030707
v 0.008607 -0.055957 -0.030697
v -0.055613 -0.009041 -0.028808
v -0.054386 -0.014362 -0.0289
v -0.052649 -0.019545 -0.02899
v -0.050399 -0.024575 -0.029077
v -0.049157 -0.026888 -0.029117
v -0.04624 -0.031501 -0.029197
v -0.042885 -0.035816 -0.029271
v -0.039098 -0.039817 -0.029341
v -0.037171 -0.04158 -0.029371
v -0.03289 -0.044969 -0.02943
v -0.028298 -0.04793 -0.029481
v -0.023401 -0.050454 -0.029525
v -0.020989 -0.051484 -0.029542
v -0.015831 -0.053264 -0.029573
v -0.010519 -0.054539 -0.029595
v -0.005063 -0.055299 -0.029608
v -0.002452 -0.055473 -0.029611
v 0.003007 -0.055447 -0.029611
v 0.008443 -0.054892 -0.029601
v 0.013844 -0.053804 -0.029583
v 0.014113 -0.054848 -0.030678
v 0.016368 -0.053104 -0.02957
v 0.016685 -0.054134 -0.030666
v 0.014215 -0.055228 -0.032164
v 0.008926 -0.056293 -0.032181
v 0.00867 -0.056345 -0.032182
v 0.022085 -0.052628 -0.032121
v 0.018865 -0.053775 -0.032139
v 0.016807 -0.054508 -0.032152
v 0.026969 -0.0499 -0.030594
v 0.021926 -0.052267 -0.030635
v 0.026456 -0.048951 -0.029499
v 0.021509 -0.051273 -0.029539
v 0.027164 -0.050243 -0.032081
v 0.025759 -0.047645 -0.029082
v 0.030371 -0.044905 -0.029034
v 0.030988 -0.045832 -0.029347
v 0.020943 -0.049906 -0.029121
v 0.015937 -0.051689 -0.029152
v 0.01348 -0.052371 -0.029164
v 0.008221 -0.053431 -0.029183
v 0.002928 -0.053971 -0.029192
v -0.002387 -0.053997 -0.029192
v -0.00493 -0.053828 -0.029189
v -0.010242 -0.053087 -0.029176
v -0.015414 -0.051845 -0.029155
v -0.020437 -0.050112 -0.029125
v -0.022785 -0.049108 -0.029107
v -0.027554 -0.04665 -0.029064
v -0.032024 -0.043766 -0.029014
v -0.036192 -0.040466 -0.028956
v -0.038067 -0.038749 -0.028926
v -0.041754 -0.034853 -0.028858
v -0.045019 -0.030651 -0.028785
v -0.047859 -0.02616 -0.028707
v -0.049067 -0.023907 -0.028667
v -0.051256 -0.019009 -0.028582
v -0.052946 -0.013963 -0.028494
v -0.054139 -0.008783 -0.028403
v -0.054533 -0.006263 -0.028359
v -0.054974 -0.001 -0.028267
v 0.031192 -0.046138 -0.02945
v 0.031494 -0.046585 -0.029998
v 0.031797 -0.047033 -0.030546
v 0.031854 -0.047113 -0.030915
v 0.032027 -0.047354 -0.032033
v 0.02823 -0.04961 -0.032071
v 0.057974 -0.001 -0.066869
v 0.057974 -0.001 -0.070482
v 0.057624 -0.00566 -0.0667
v 0.057504 -0.006627 -0.070383
v 0.057205 -0.00861 -0.066535
v 0.056675 -0.011171 -0.070304
v 0.05666 -0.011166 -0.066331
v 0.056155 -0.013535 -0.066142
v 0.056497 -0.012144 -0.070287
v 0.05471 -0.01827 -0.065587
v 0.052172 -0.024347 -0.070074
v 0.049478 -0.029269 -0.069988
v 0.049619 -0.029038 -0.063264
v 0.048931 -0.030073 -0.069974
v 0.048937 -0.030078 -0.062873
v 0.054962 -0.017539 -0.070193
v 0.054394 -0.019145 -0.070165
v 0.053632 -0.020961 -0.065141
v 0.053621 -0.020955 -0.070133
v 0.052897 -0.022798 -0.064837
v 0.051703 -0.02529 -0.0643
v 0.042713 -0.038232 -0.058481
v 0.044727 -0.035927 -0.060161
v 0.042665 -0.038189 -0.069832
v 0.045041 -0.035543 -0.060397
v 0.047379 -0.032458 -0.061979
v 0.046326 -0.033901 -0.069907
v 0.044652 -0.036018 -0.06987
v 0.036731 -0.04388 -0.069733
v 0.036733 -0.043882 -0.050766
v 0.037024 -0.043645 -0.051325
v 0.038651 -0.042244 -0.053913
v 0.040472 -0.040546 -0.056218
v 0.042602 -0.038359 -0.058389
v 0.040834 -0.04019 -0.069797
v 0.033535 -0.046321 -0.041969
v 0.03383 -0.046111 -0.043161
v 0.028225 -0.049597 -0.069633
v 0.032631 -0.046949 -0.037163
v 0.034927 -0.045303 -0.046702
v 0.036264 -0.044264 -0.049867
v 0.029878 -0.04871 -0.069649
v 0.032156 -0.047269 -0.069674
v 0.036663 -0.043942 -0.069732
v 0.024892 -0.051384 -0.069602
v 0.019715 -0.053544 -0.069564
v 0.018876 -0.053802 -0.06956
v 0.014356 -0.055192 -0.069536
v 0.011738 -0.055796 -0.069525
v 0.008918 -0.056237 -0.069517
v 0.006149 -0.05667 -0.06951
v 0.000548 -0.056994 -0.069504
v 1e-06 -0.056973 -0.069504
v -0.005052 -0.056776 -0.069508
v -0.007731 -0.056479 -0.069513
v -0.010207 -0.056022 -0.069521
v -0.013295 -0.055452 -0.069531
v -0.018688 -0.053904 -0.069558
v -0.020101 -0.053346 -0.069568
v -0.023899 -0.051845 -0.069594
v -0.02632 -0.050682 -0.069614
v -0.029362 -0.048941 -0.069645
v -0.03123 -0.047873 -0.069663
v -0.035806 -0.044627 -0.06972
v -0.037701 -0.042986 -0.069749
v -0.040042 -0.04096 -0.069784
v -0.041945 -0.039058 -0.069817
v -0.044515 -0.036091 -0.069869
v -0.04565 -0.034781 -0.069892
v -0.048894 -0.030203 -0.069972
v -0.050346 -0.027665 -0.070016
v -0.051679 -0.025336 -0.070057
v -0.052843 -0.022919 -0.070099
v -0.054646 -0.018357 -0.070179
v -0.054922 -0.017658 -0.070191
v -0.056469 -0.012265 -0.070285
v -0.057974 -0.001 -0.070482
v -0.057786 -0.004071 -0.070428
v -0.057487 -0.006754 -0.070381
v -0.057178 -0.008424 -0.070352
v 0.059417 -0.018322 -0.061757
v 0.060634 -0.014337 -0.062193
v 0.058998 -0.013925 -0.062326
v 0.05647 -0.025565 -0.060603
v 0.057216 -0.024025 -0.060915
v 0.05569 -0.023368 -0.061079
v 0.053079 -0.03149 -0.059017
v 0.053807 -0.030413 -0.0594
v 0.052395 -0.02962 -0.059608
v 0.034647 -0.046683 -0.032244
v 0.035349 -0.046825 -0.032297
v 0.035884 -0.046426 -0.03659
v 0.035571 -0.046871 -0.032314
v 0.035968 -0.047025 -0.032343
v 0.036407 -0.047256 -0.032374
v 0.036811 -0.04697 -0.035562
v 0.033281 -0.046797 -0.032136
v 0.034221 -0.046669 -0.032211
v 0.034759 -0.046279 -0.036753
v 0.033644 -0.046458 -0.036949
v 0.033072 -0.046863 -0.032119
v 0.032875 -0.046924 -0.032103
v 0.057991 -0.005628 -0.06504
v 0.058366 -0.001 -0.065223
v 0.058239 -0.001 -0.065437
v 0.058924 -0.001 -0.064282
v 0.05901 -0.005686 -0.06368
v 0.059394 -0.001 -0.063887
v 0.059952 -0.001 -0.063419
v 0.060497 -0.005821 -0.062865
v 0.06087 -0.001 -0.063073
v 0.062182 -0.006011 -0.062744
v 0.062554 -0.001 -0.062914
v 0.06121 -0.001 -0.062945
v 0.036926 -0.046888 -0.036474
v 0.037723 -0.046342 -0.040414
v 0.036771 -0.045799 -0.041068
v 0.03782 -0.046276 -0.040891
v 0.038111 -0.04608 -0.041959
v 0.03706 -0.045594 -0.042155
v 0.039061 -0.045443 -0.044689
v 0.03813 -0.044829 -0.045317
v 0.037197 -0.043771 -0.049175
v 0.035896 -0.044802 -0.046178
v 0.034823 -0.04561 -0.042783
v 0.034533 -0.045822 -0.041632
v 0.03919 -0.045356 -0.04506
v 0.040495 -0.044467 -0.047749
v 0.039424 -0.043878 -0.048061
v 0.040924 -0.044166 -0.048458
v 0.040154 -0.043322 -0.049302
v 0.041234 -0.043948 -0.048969
v 0.042814 -0.042778 -0.051127
v 0.041713 -0.042073 -0.051484
v 0.043382 -0.042317 -0.051747
v 0.043454 -0.040556 -0.053422
v 0.043664 -0.042088 -0.052055
v 0.04459 -0.041335 -0.053067
v 0.046324 -0.039741 -0.054614
v 0.045502 -0.038568 -0.055271
v 0.043305 -0.038006 -0.057124
v 0.041256 -0.040135 -0.055104
v 0.039504 -0.04179 -0.052962
v 0.037933 -0.043162 -0.050545
v 0.051504 -0.033821 -0.058189
v 0.050168 -0.032978 -0.058434
v 0.049619 -0.036186 -0.057032
v 0.04787 -0.035939 -0.057019
v 0.04913 -0.0368 -0.056731
v 0.047563 -0.036302 -0.056811
v 0.048813 -0.037162 -0.056517
v 0.04669 -0.039405 -0.05494
v 0.035643 -0.045643 -0.041322
v 0.035931 -0.045433 -0.042438
v 0.036998 -0.044639 -0.045702
v 0.038287 -0.043638 -0.048553
v 0.039014 -0.04305 -0.049846
v 0.040565 -0.041731 -0.05212
v 0.042294 -0.040139 -0.054131
v 0.044319 -0.03808 -0.056034
v 0.04635 -0.035767 -0.057604
v 0.046652 -0.035399 -0.057815
v 0.048909 -0.03242 -0.059245
v 0.045355 -0.035635 -0.05878
v 0.045659 -0.03526 -0.059001
v 0.047927 -0.032237 -0.060494
v 0.051759 -0.033444 -0.058323
v 0.05011 -0.02887 -0.061715
v 0.05109 -0.029075 -0.060425
v 0.052151 -0.025166 -0.062709
v 0.053135 -0.025375 -0.061391
v 0.054485 -0.02588 -0.060573
v 0.05597 -0.026596 -0.060395
v 0.054313 -0.022898 -0.061897
v 0.053325 -0.022696 -0.063226
v 0.056538 -0.013485 -0.064494
v 0.055111 -0.018198 -0.063954
v 0.057546 -0.013623 -0.063141
v 0.056109 -0.018375 -0.06261
v 0.057528 -0.018768 -0.061793
v 0.059115 -0.019309 -0.061648
v 0.057577 -0.008573 -0.064879
v 0.058593 -0.008663 -0.063521
v 0.060069 -0.008862 -0.062706
v 0.061741 -0.009136 -0.062581
v 0.032239 -0.045242 -0.029271
v 0.036478 -0.047162 -0.031136
v 0.036807 -0.046649 -0.030051
v 0.036029 -0.046915 -0.031112
v 0.037336 -0.045805 -0.029307
v 0.03629 -0.046363 -0.030036
v 0.037975 -0.044774 -0.029031
v 0.036708 -0.045462 -0.029299
v 0.03562 -0.046747 -0.031091
v 0.034663 -0.04653 -0.031039
v 0.032799 -0.046739 -0.030941
v 0.03323 -0.046616 -0.030964
v 0.034218 -0.046505 -0.031016
v 0.03582 -0.046168 -0.030023
v 0.03472 -0.045914 -0.029994
v 0.034209 -0.045884 -0.029982
v 0.033072 -0.046007 -0.029956
v 0.032576 -0.046148 -0.029946
v 0.036139 -0.04523 -0.029292
v 0.03481 -0.044936 -0.02928
v 0.034195 -0.044905 -0.029276
v 0.032831 -0.045068 -0.029272
v 0.037212 -0.044366 -0.029024
v 0.036522 -0.044093 -0.02902
v 0.034917 -0.043756 -0.029014
v 0.034177 -0.043728 -0.029013
v 0.032546 -0.043944 -0.029017
v 0.03184 -0.044161 -0.029021
v 0.068983 -0.059312 -0.031819
v 0.069698 -0.059456 -0.032184
v 0.068207 -0.059128 -0.032637
v 0.070601 -0.059569 -0.032636
v 0.070614 -0.05957 -0.032643
v 0.06605 -0.058068 -0.030284
v 0.066847 -0.058547 -0.030704
v 0.063444 -0.058161 -0.03137
v 0.067548 -0.05886 -0.031073
v 0.068159 -0.059052 -0.03139
v 0.064062 -0.056654 -0.029506
v 0.064627 -0.057072 -0.029661
v 0.063577 -0.057575 -0.030264
v 0.065733 -0.057878 -0.030117
v 0.063794 -0.056598 -0.029502
v 0.063942 -0.056565 -0.029473
v 0.063822 -0.056475 -0.029455
v 0.062468 -0.055454 -0.029245
v 0.061673 -0.056107 -0.029493
v 0.061934 -0.055044 -0.02922
v 0.06342 -0.058251 -0.032625
v 0.061259 -0.057751 -0.032618
v 0.061286 -0.057661 -0.031363
v 0.059739 -0.057318 -0.03261
v 0.054743 -0.055796 -0.03133
v 0.055784 -0.05619 -0.03259
v 0.054707 -0.055883 -0.032585
v 0.048515 -0.053454 -0.031282
v 0.051439 -0.054656 -0.032558
v 0.048469 -0.053541 -0.032534
v 0.042446 -0.050576 -0.031217
v 0.043397 -0.051143 -0.032476
v 0.042388 -0.050665 -0.032464
v 0.061433 -0.057079 -0.030256
v 0.054936 -0.055227 -0.030224
v 0.048757 -0.052902 -0.030179
v 0.042734 -0.050044 -0.030122
v 0.055253 -0.054277 -0.029461
v 0.049152 -0.051983 -0.02942
v 0.043202 -0.049161 -0.029369
v 0.061675 -0.054845 -0.029207
v 0.055638 -0.053113 -0.029177
v 0.049632 -0.050857 -0.029138
v 0.04377 -0.048082 -0.029089
v 0.067698 -0.058506 -0.029953
v 0.068211 -0.058863 -0.030445
v 0.070604 -0.059569 -0.032634
v 0.070606 -0.05957 -0.032631
v 0.069879 -0.059493 -0.031994
v 0.070056 -0.059553 -0.031805
v 0.069314 -0.059356 -0.031479
v 0.069623 -0.059473 -0.031137
v 0.069018 -0.059222 -0.030167
v 0.068852 -0.059154 -0.029902
v 0.066566 -0.057726 -0.029563
v 0.066911 -0.057778 -0.029198
v 0.067257 -0.05783 -0.028833
v 0.068768 -0.059119 -0.029768
v 0.06836 -0.058835 -0.029091
v 0.06773 -0.058177 -0.02801
v 0.062902 -0.054004 -0.028795
v 0.063804 -0.053399 -0.027699
v 0.06446 -0.054257 -0.027675
v 0.063607 -0.054718 -0.028746
v 0.065706 -0.055865 -0.027908
v 0.064933 -0.056067 -0.02888
v 0.065555 -0.0567 -0.029059
v 0.066295 -0.056616 -0.02816
v 0.066735 -0.056834 -0.027102
v 0.066125 -0.055995 -0.02673
v 0.06483 -0.054177 -0.02628
v 0.064142 -0.053191 -0.026208
v 0.062236 -0.050303 -0.026156
v 0.060193 -0.047207 -0.026101
v 0.05615 -0.041233 -0.027484
v 0.059845 -0.0474 -0.027593
v 0.055197 -0.041758 -0.028581
v 0.058916 -0.047965 -0.02869
v 0.0539 -0.04249 -0.028992
v 0.057653 -0.048752 -0.029101
v 0.056507 -0.041056 -0.025992
v 0.05604 -0.039945 -0.025961
v 0.055649 -0.04003 -0.027457
v 0.054593 -0.04031 -0.028554
v 0.053154 -0.040712 -0.028961
v 0.055853 -0.038754 -0.025928
v 0.055451 -0.038742 -0.027427
v 0.054354 -0.038761 -0.028525
v 0.052855 -0.038806 -0.028927
v 0.053035 -0.001 -0.027866
v 0.053036 -0.001 -0.027865
v 0.054133 -0.001 -0.026768
v 0.054535 -0.001 -0.025269
v 0.051535 -0.001 -0.028267
v 0.011163 -0.049487 -0.029114
v 0.002849 -0.05092 -0.029139
v 1.5e-05 -0.050753 -0.029136
v -0.008813 -0.050233 -0.029127
v -0.011145 -0.04954 -0.029115
v -0.020013 -0.046909 -0.029069
v -0.021773 -0.045905 -0.029051
v 0.034561 -0.037501 -0.028904
v 0.045341 -0.022618 -0.028645
v 0.047599 -0.018299 -0.028569
v 0.039271 -0.032035 -0.028809
v 0.042187 -0.028652 -0.02875
v 0.050982 -0.001 -0.028267
v 0.050512 -0.006985 -0.028372
v 0.049195 -0.012099 -0.028461
v -0.038728 -0.033179 -0.028829
v -0.039407 -0.032172 -0.028812
v -0.045261 -0.023495 -0.02866
v -0.045549 -0.022738 -0.028647
v -0.049419 -0.012577 -0.028469
v -0.030162 -0.041123 -0.028968
v -0.03135 -0.040021 -0.028948
v 0.03128 -0.039893 -0.028946
v 0.02512 -0.044383 -0.029025
v 0.021756 -0.045807 -0.029049
v 0.014361 -0.048936 -0.029104
v -0.049473 -0.012176 -0.028462
v -0.050982 -0.001 -0.028267
v -0.050918 -0.00275 -0.029298
v -0.050918 -0.00275 -0.030798
v -0.049318 -0.012148 -0.030962
v -0.050982 -0.001 -0.029268
v 0.050722 -0.005247 -0.030842
v 0.050918 -0.00275 -0.030798
v 0.050918 -0.00275 -0.029298
v -0.048958 -0.014267 -0.030999
v -0.045419 -0.02268 -0.031146
v -0.044428 -0.025035 -0.031187
v -0.039305 -0.032093 -0.03131
v -0.037566 -0.03449 -0.031352
v -0.031279 -0.03993 -0.031447
v -0.028732 -0.042135 -0.031486
v -0.021732 -0.045812 -0.03155
v -0.01839 -0.047568 -0.031581
v -0.011131 -0.049454 -0.031613
v -0.007083 -0.050506 -0.031632
v 8e-06 -0.05068 -0.031635
v 0.004595 -0.050793 -0.031637
v 0.011142 -0.049431 -0.031613
v 0.016033 -0.048414 -0.031595
v 0.021728 -0.04577 -0.031549
v 0.026629 -0.043495 -0.031509
v 0.031253 -0.039875 -0.031446
v 0.035827 -0.036293 -0.031384
v 0.039251 -0.032033 -0.031309
v 0.043145 -0.027186 -0.031225
v 0.045333 -0.022626 -0.031145
v 0.048199 -0.016653 -0.031041
v 0.049203 -0.012113 -0.030962
v 0.050982 -0.001 -0.029268
v -0.023135 -0.04384 -0.073734
v 0.050368 -0.00275 -0.074452
v -0.022274 -0.04432 -0.073726
v -0.018094 -0.046109 -0.073695
v -0.049436 -0.009344 -0.074337
v -0.050199 -0.004444 -0.074422
v -0.050243 -0.00416 -0.074427
v -0.050368 -0.00275 -0.074452
v 0.042656 -0.026036 -0.074045
v 0.040983 -0.028395 -0.074004
v 0.03963 -0.030303 -0.073971
v -0.042536 -0.026223 -0.074042
v -0.043148 -0.025242 -0.074059
v -0.043221 -0.025124 -0.074061
v -0.045712 -0.020472 -0.074142
v -0.045755 -0.020365 -0.074144
v -0.047689 -0.015627 -0.074227
v -0.047806 -0.015227 -0.074234
v -0.049155 -0.010601 -0.074315
v -0.049311 -0.009905 -0.074327
v -0.011978 -0.048056 -0.073661
v -0.012828 -0.047796 -0.073665
v 0.037524 -0.032702 -0.073929
v -0.036021 -0.034394 -0.073899
v -0.036389 -0.033979 -0.073906
v 0.049706 -0.007957 -0.074361
v 0.049642 -0.008229 -0.074356
v 0.048512 -0.013048 -0.074272
v 0.033609 -0.036603 -0.073861
v 0.031304 -0.038626 -0.073825
v 0.029294 -0.040051 -0.0738
v 0.011381 -0.048198 -0.073658
v 0.010126 -0.048471 -0.073653
v 0.0091 -0.048626 -0.073651
v 0.004909 -0.049257 -0.07364
v 0.003616 -0.049316 -0.073639
v 0.038818 -0.031303 -0.073953
v -0.017424 -0.046396 -0.07369
v -0.039491 -0.030477 -0.073968
v -0.039988 -0.029783 -0.07398
v 0.048329 -0.013601 -0.074262
v 0.047325 -0.016637 -0.074209
v 0.046395 -0.01878 -0.074172
v 0.045226 -0.021477 -0.074125
v 0.043953 -0.023736 -0.074085
v 0.035236 -0.035175 -0.073886
v 0.025931 -0.042332 -0.073761
v 0.024633 -0.043019 -0.073749
v 0.021267 -0.044801 -0.073718
v 0.019669 -0.045444 -0.073706
v 0.016414 -0.046755 -0.073683
v 0.014467 -0.047313 -0.073674
v -0.000319 -0.049495 -0.073636
v -0.001909 -0.049403 -0.073637
v -0.005543 -0.049191 -0.073641
v -0.026846 -0.041771 -0.07377
v -0.027896 -0.041034 -0.073783
v -0.031127 -0.038765 -0.073823
v 0.027036 -0.041651 -0.073772
v -0.00682 -0.049034 -0.073644
v -0.007417 -0.048921 -0.073646
v -0.032132 -0.037958 -0.073837
v -0.032351 -0.037757 -0.07384
v -0.050368 -0.00275 -0.067951
v -0.050243 -0.00416 -0.067926
v -0.050199 -0.004444 -0.067921
v -0.049436 -0.009344 -0.067835
v -0.049311 -0.009905 -0.067826
v -0.049155 -0.010601 -0.067814
v -0.047806 -0.015227 -0.067733
v -0.047689 -0.015627 -0.067726
v -0.045755 -0.020365 -0.067643
v -0.045712 -0.020472 -0.067641
v 0.050368 -0.00275 -0.067951
v 0.049706 -0.007957 -0.06786
v 0.049642 -0.008229 -0.067855
v 0.048512 -0.013048 -0.067771
v 0.048329 -0.013601 -0.067761
v 0.047325 -0.016637 -0.067708
v 0.046395 -0.01878 -0.067671
v 0.045226 -0.021477 -0.067624
v 0.043953 -0.023736 -0.067584
v 0.042656 -0.026036 -0.067544
v 0.040983 -0.028395 -0.067503
v 0.03963 -0.030303 -0.06747
v 0.038818 -0.031303 -0.067452
v 0.037524 -0.032702 -0.067428
v 0.035236 -0.035175 -0.067385
v 0.033609 -0.036603 -0.06736
v 0.031304 -0.038626 -0.067324
v 0.029294 -0.040051 -0.067299
v 0.027036 -0.041651 -0.067272
v 0.025931 -0.042332 -0.06726
v 0.024633 -0.043019 -0.067248
v 0.021267 -0.044801 -0.067217
v 0.019669 -0.045444 -0.067205
v 0.016414 -0.046755 -0.067182
v 0.014467 -0.047313 -0.067173
v 0.011381 -0.048198 -0.067157
v 0.010126 -0.048471 -0.067152
v 0.0091 -0.048626 -0.06715
v 0.004909 -0.049257 -0.067139
v 0.003616 -0.049316 -0.067138
v -0.000319 -0.049495 -0.067135
v -0.001909 -0.049403 -0.067136
v -0.005543 -0.049191 -0.06714
v -0.00682 -0.049034 -0.067143
v -0.007417 -0.048921 -0.067145
v -0.011978 -0.048056 -0.06716
v -0.012828 -0.047796 -0.067164
v -0.017424 -0.046396 -0.067189
v -0.018094 -0.046109 -0.067194
v -0.022274 -0.04432 -0.067225
v -0.023135 -0.04384 -0.067233
v -0.026846 -0.041771 -0.067269
v -0.027896 -0.041034 -0.067282
v -0.031127 -0.038765 -0.067322
v -0.032132 -0.037958 -0.067336
v -0.032351 -0.037757 -0.067339
v -0.036021 -0.034394 -0.067398
v -0.036389 -0.033979 -0.067405
v -0.039491 -0.030477 -0.067467
v -0.039988 -0.029783 -0.067479
v -0.042536 -0.026223 -0.067541
v -0.043148 -0.025242 -0.067558
v -0.043221 -0.025124 -0.06756
v 0.049033 -0.024882 -0.067564
v -0.055381 -0.00275 -0.067951
v -0.055186 -0.004967 -0.067912
v -0.054846 -0.007108 -0.067875
v -0.054322 -0.010403 -0.067817
v -0.01809 -0.051466 -0.0671
v -0.019116 -0.051101 -0.067107
v -0.020491 -0.050518 -0.067117
v -0.024209 -0.048939 -0.067144
v -0.025753 -0.048094 -0.067159
v -0.029024 -0.046304 -0.06719
v -0.030734 -0.045135 -0.067211
v 0.049861 -0.023382 -0.06759
v 0.051472 -0.019626 -0.067656
v 0.052042 -0.018297 -0.067679
v -0.053824 -0.01256 -0.067779
v -0.05375 -0.012801 -0.067775
v -0.052222 -0.017806 -0.067688
v -0.052004 -0.018327 -0.067679
v -0.050108 -0.02287 -0.067599
v -0.049691 -0.023644 -0.067586
v -0.047481 -0.027741 -0.067514
v -0.04687 -0.028707 -0.067497
v -0.046293 -0.029617 -0.067482
v -0.043494 -0.033424 -0.067415
v -0.043047 -0.034033 -0.067405
v -0.039673 -0.037782 -0.067339
v -0.039376 -0.038112 -0.067333
v -0.035417 -0.041719 -0.06727
v -0.035286 -0.041838 -0.067268
v -0.033548 -0.043211 -0.067244
v 0.053373 -0.014151 -0.067752
v 0.053559 -0.013572 -0.067762
v 0.054674 -0.008502 -0.06785
v 0.054736 -0.008218 -0.067855
v 0.055381 -0.00275 -0.067951
v 0.047209 -0.028186 -0.067507
v 0.04606 -0.029853 -0.067477
v 0.044099 -0.0327 -0.067428
v 0.04272 -0.034431 -0.067398
v 0.042631 -0.034528 -0.067396
v 0.03898 -0.038507 -0.067326
v 0.038683 -0.038773 -0.067322
v 0.034888 -0.042162 -0.067263
v 0.034313 -0.042582 -0.067255
v 0.03046 -0.045393 -0.067206
v 0.029586 -0.045942 -0.067197
v 0.028577 -0.046575 -0.067186
v 0.024514 -0.048748 -0.067148
v 0.023697 -0.049184 -0.06714
v 0.01919 -0.051045 -0.067108
v 0.018626 -0.051278 -0.067103
v 0.013659 -0.052775 -0.067077
v 0.013374 -0.052861 -0.067076
v 0.011219 -0.053351 -0.067067
v 0.007964 -0.053855 -0.067058
v 0.005752 -0.054198 -0.067053
v 0.002195 -0.054391 -0.067049
v 0.000272 -0.054496 -0.067047
v -0.003597 -0.054324 -0.06705
v -0.005206 -0.054252 -0.067052
v -0.007404 -0.054001 -0.067056
v -0.009349 -0.05364 -0.067062
v -0.012816 -0.052997 -0.067073
v -0.014999 -0.052363 -0.067085
v 0.031246 -0.044867 -0.03731
v 0.030647 -0.04527 -0.032033
v 0.029567 -0.045909 -0.032044
v -0.022992 -0.049511 -0.032107
v -0.02575 -0.048086 -0.032082
v -0.042212 -0.035035 -0.031856
v -0.04347 -0.033405 -0.031828
v -0.055028 -0.006276 -0.031359
v -0.055381 -0.00275 -0.031298
v -0.0549 -0.007116 -0.031373
v -0.054694 -0.008465 -0.031397
v -0.053721 -0.012795 -0.031472
v -0.053491 -0.013816 -0.031489
v -0.051998 -0.018326 -0.031567
v -0.051765 -0.019027 -0.031579
v -0.049704 -0.023653 -0.031659
v -0.049513 -0.024081 -0.031667
v -0.04847 -0.02604 -0.031701
v -0.046822 -0.028678 -0.031746
v -0.045565 -0.03069 -0.031781
v -0.039645 -0.037754 -0.031903
v -0.032509 -0.043981 -0.032011
v -0.035385 -0.041678 -0.031971
v -0.036791 -0.040552 -0.031952
v -0.038414 -0.039058 -0.031926
v -0.030735 -0.045134 -0.032031
v -0.027908 -0.04697 -0.032063
v -0.020956 -0.050389 -0.032122
v -0.020505 -0.050547 -0.032124
v -0.015784 -0.052205 -0.032153
v -0.01501 -0.052394 -0.032156
v -0.010453 -0.053503 -0.032176
v -0.009355 -0.053658 -0.032178
v -0.004975 -0.054273 -0.032189
v -0.003599 -0.054369 -0.032191
v -0.002768 -0.054427 -0.032192
v 0.002198 -0.05443 -0.032192
v 0.002716 -0.05443 -0.032192
v 0.007973 -0.053911 -0.032183
v 0.008177 -0.053891 -0.032182
v 0.013603 -0.052804 -0.032164
v 0.013663 -0.052787 -0.032163
v 0.015737 -0.052219 -0.032153
v 0.01918 -0.051013 -0.032133
v 0.020912 -0.050407 -0.032122
v 0.024509 -0.048732 -0.032093
v 0.025887 -0.04809 -0.032082
v 0.032089 -0.044281 -0.041969
v 0.038694 -0.038786 -0.056173
v 0.037044 -0.040327 -0.053999
v 0.035536 -0.04163 -0.051526
v 0.034701 -0.042313 -0.049867
v 0.034328 -0.042603 -0.048949
v 0.033467 -0.043273 -0.046832
v 0.032444 -0.044028 -0.043447
v 0.042631 -0.034529 -0.060014
v 0.040824 -0.036599 -0.058444
v 0.038728 -0.038755 -0.056218
v 0.049063 -0.024898 -0.064086
v 0.047524 -0.027671 -0.063288
v 0.046088 -0.029874 -0.062432
v 0.045432 -0.030881 -0.062041
v 0.043253 -0.033779 -0.060514
v 0.042799 -0.034335 -0.060161
v 0.055381 -0.00275 -0.066812
v 0.054942 -0.006899 -0.066617
v 0.05474 -0.008195 -0.066535
v 0.054675 -0.008502 -0.06651
v 0.053758 -0.01282 -0.066151
v 0.053357 -0.014146 -0.06599
v 0.052412 -0.017268 -0.065612
v 0.051478 -0.01963 -0.06521
v 0.050727 -0.021526 -0.064886
v 0.049474 -0.024157 -0.0643
v 0.062321 -0.00275 -0.060337
v 0.06283 -0.00275 -0.060391
v 0.062331 -0.007625 -0.06019
v 0.030918 -0.045099 -0.032033
v 0.032344 -0.04451 -0.032036
v 0.034169 -0.044239 -0.032046
v 0.032983 -0.044304 -0.032038
v 0.032892 -0.044069 -0.036957
v 0.032668 -0.044375 -0.032036
v 0.035992 -0.04447 -0.032065
v 0.035195 -0.044238 -0.032055
v 0.034703 -0.043778 -0.036634
v 0.034872 -0.0442 -0.032052
v 0.03653 -0.044018 -0.036366
v 0.037005 -0.044765 -0.032077
v 0.038065 -0.044886 -0.034896
v 0.037714 -0.045144 -0.032088
v 0.060071 -0.00275 -0.060591
v 0.06015 -0.00275 -0.060557
v 0.059604 -0.007242 -0.06039
v 0.060442 -0.00275 -0.060483
v 0.056802 -0.00275 -0.062761
v 0.057676 -0.00275 -0.061945
v 0.057196 -0.006965 -0.061714
v 0.058176 -0.00275 -0.061479
v 0.058427 -0.00275 -0.061313
v 0.055653 -0.00275 -0.064953
v 0.055746 -0.00275 -0.064665
v 0.055543 -0.006843 -0.063922
v 0.056023 -0.00275 -0.064137
v 0.056618 -0.00275 -0.063002
v 0.03769 -0.043191 -0.041768
v 0.039052 -0.044208 -0.040216
v 0.037348 -0.043432 -0.040505
v 0.038903 -0.044309 -0.039489
v 0.038225 -0.044768 -0.036175
v 0.033712 -0.04347 -0.04142
v 0.034055 -0.043214 -0.042816
v 0.035041 -0.042458 -0.045971
v 0.036218 -0.041512 -0.048743
v 0.039836 -0.041686 -0.046932
v 0.040393 -0.043366 -0.044135
v 0.038671 -0.042507 -0.044557
v 0.040128 -0.043531 -0.043417
v 0.039399 -0.043985 -0.041441
v 0.042014 -0.040061 -0.050029
v 0.042372 -0.042149 -0.047643
v 0.040616 -0.041122 -0.048189
v 0.041804 -0.042501 -0.046774
v 0.041577 -0.042643 -0.046425
v 0.037008 -0.040848 -0.050238
v 0.038426 -0.039592 -0.052443
v 0.040002 -0.038087 -0.054408
v 0.045419 -0.040037 -0.051098
v 0.04459 -0.04064 -0.05025
v 0.043573 -0.038772 -0.051675
v 0.044024 -0.041052 -0.049671
v 0.043806 -0.04121 -0.049448
v 0.041963 -0.03603 -0.056382
v 0.04382 -0.033861 -0.057916
v 0.046735 -0.038926 -0.052211
v 0.045532 -0.036949 -0.053365
v 0.047465 -0.038309 -0.052829
v 0.047408 -0.034945 -0.054717
v 0.049439 -0.036342 -0.05424
v 0.049828 -0.035916 -0.054494
v 0.047844 -0.034439 -0.055003
v 0.049899 -0.035838 -0.05454
v 0.049963 -0.031731 -0.056269
v 0.05214 -0.033099 -0.055874
v 0.044249 -0.033326 -0.058235
v 0.046317 -0.030525 -0.059621
v 0.048321 -0.0274 -0.06077
v 0.054333 -0.029904 -0.057008
v 0.053124 -0.031666 -0.056383
v 0.052383 -0.032745 -0.056
v 0.050204 -0.023955 -0.061714
v 0.052035 -0.028618 -0.057344
v 0.053996 -0.025115 -0.058243
v 0.056409 -0.026278 -0.057954
v 0.055268 -0.022447 -0.058776
v 0.057754 -0.023504 -0.058512
v 0.05142 -0.021363 -0.062267
v 0.053062 -0.017153 -0.062957
v 0.059418 -0.019338 -0.05915
v 0.056992 -0.018072 -0.059444
v 0.059576 -0.018943 -0.05921
v 0.05438 -0.012738 -0.063473
v 0.055344 -0.008136 -0.063843
v 0.035515 -0.043179 -0.040918
v 0.035856 -0.042927 -0.042239
v 0.03683 -0.042194 -0.045188
v 0.037988 -0.041296 -0.047731
v 0.038763 -0.040672 -0.049085
v 0.040149 -0.0395 -0.051067
v 0.041688 -0.038093 -0.052827
v 0.043609 -0.036152 -0.054606
v 0.045437 -0.034074 -0.056007
v 0.04586 -0.033557 -0.0563
v 0.047913 -0.030825 -0.057589
v 0.049913 -0.027734 -0.058672
v 0.051802 -0.024294 -0.059573
v 0.053027 -0.021689 -0.060105
v 0.054685 -0.017438 -0.060772
v 0.056018 -0.012961 -0.061274
v 0.056994 -0.008281 -0.061636
v 0.058378 -0.013449 -0.059949
v 0.059394 -0.008605 -0.060313
v 0.060454 -0.016043 -0.059525
v 0.061039 -0.014114 -0.059734
v 0.06211 -0.00905 -0.06011
v -0.047689 -0.015627 0.071226
v -0.045755 -0.020365 0.071144
v 0.050368 -0.00275 0.071451
v -0.022274 -0.044319 0.070726
v -0.018094 -0.046109 0.070694
v -0.017424 -0.046396 0.070689
v -0.012828 -0.047796 0.070665
v -0.011978 -0.048055 0.07066
v -0.007417 -0.048921 0.070645
v -0.050368 -0.00275 0.071451
v -0.050243 -0.00416 0.071427
v -0.00682 -0.049034 0.070643
v -0.005543 -0.049191 0.070641
v -0.001909 -0.049403 0.070637
v 0.014467 -0.047313 0.070673
v 0.016414 -0.046755 0.070683
v 0.019669 -0.045444 0.070706
v -0.039491 -0.030477 0.070967
v -0.036389 -0.033979 0.070906
v -0.036021 -0.034394 0.070899
v -0.032351 -0.037757 0.07084
v 0.004909 -0.049257 0.070639
v 0.0091 -0.048625 0.07065
v 0.003616 -0.049316 0.070638
v 0.029294 -0.040051 0.0708
v 0.031304 -0.038626 0.070825
v 0.047325 -0.016636 0.071209
v 0.048329 -0.013601 0.071262
v 0.048512 -0.013048 0.071271
v 0.049642 -0.008229 0.071356
v -0.000319 -0.049495 0.070635
v 0.049706 -0.007957 0.07136
v -0.050199 -0.004444 0.071422
v -0.049436 -0.009344 0.071336
v -0.049311 -0.009905 0.071326
v -0.049155 -0.010601 0.071314
v -0.047806 -0.015227 0.071233
v -0.027896 -0.041034 0.070783
v -0.026846 -0.041771 0.07077
v -0.023135 -0.04384 0.070734
v 0.021267 -0.0448 0.070717
v 0.024633 -0.043019 0.070748
v 0.033609 -0.036603 0.07086
v 0.035236 -0.035175 0.070885
v 0.037524 -0.032701 0.070928
v 0.043953 -0.023736 0.071085
v 0.042656 -0.026036 0.071045
v 0.040983 -0.028395 0.071004
v 0.045226 -0.021477 0.071124
v 0.046395 -0.01878 0.071171
v -0.043148 -0.025241 0.071059
v -0.042536 -0.026223 0.071041
v -0.039988 -0.029783 0.070979
v -0.032132 -0.037958 0.070837
v -0.031127 -0.038765 0.070823
v 0.025931 -0.042332 0.07076
v 0.027036 -0.041651 0.070772
v 0.038818 -0.031302 0.070953
v 0.03963 -0.030302 0.07097
v -0.045712 -0.020472 0.071142
v -0.043221 -0.025124 0.071061
v 0.010126 -0.048471 0.070653
v 0.011381 -0.048197 0.070658
v -0.050368 -0.00275 0.064951
v -0.050243 -0.00416 0.064926
v -0.050199 -0.004444 0.064921
v -0.049436 -0.009344 0.064835
v -0.049311 -0.009905 0.064826
v -0.049155 -0.010601 0.064814
v -0.047806 -0.015227 0.064733
v -0.047689 -0.015627 0.064726
v -0.045755 -0.020365 0.064643
v -0.045712 -0.020472 0.064641
v -0.043221 -0.025124 0.06456
v -0.043148 -0.025241 0.064558
v -0.042536 -0.026223 0.064541
v -0.039988 -0.029783 0.064479
v -0.039491 -0.030477 0.064467
v -0.036389 -0.033979 0.064406
v -0.036021 -0.034394 0.064398
v -0.032351 -0.037757 0.06434
v -0.032132 -0.037958 0.064336
v -0.031127 -0.038765 0.064322
v -0.027896 -0.041034 0.064282
v -0.026846 -0.041771 0.06427
v -0.023135 -0.04384 0.064233
v -0.022274 -0.04432 0.064225
v -0.018094 -0.046109 0.064194
v -0.017424 -0.046396 0.064189
v -0.012828 -0.047796 0.064164
v -0.011978 -0.048055 0.06416
v -0.007417 -0.048921 0.064145
v -0.00682 -0.049034 0.064143
v -0.005543 -0.049191 0.06414
v -0.001909 -0.049403 0.064136
v -0.000319 -0.049495 0.064135
v 0.003616 -0.049316 0.064138
v 0.004909 -0.049257 0.064139
v 0.0091 -0.048625 0.06415
v 0.010126 -0.048471 0.064153
v 0.011381 -0.048197 0.064157
v 0.014467 -0.047313 0.064173
v 0.016414 -0.046755 0.064183
v 0.019669 -0.045444 0.064205
v 0.021267 -0.0448 0.064217
v 0.024633 -0.043019 0.064248
v 0.025931 -0.042332 0.06426
v 0.027036 -0.041651 0.064272
v 0.029294 -0.040051 0.0643
v 0.031304 -0.038626 0.064324
v 0.033609 -0.036603 0.06436
v 0.035236 -0.035175 0.064385
v 0.037524 -0.032701 0.064428
v 0.038818 -0.031302 0.064452
v 0.03963 -0.030302 0.06447
v 0.040983 -0.028395 0.064503
v 0.042656 -0.026036 0.064544
v 0.043953 -0.023736 0.064584
v 0.045226 -0.021477 0.064624
v 0.046395 -0.01878 0.064671
v 0.047325 -0.016636 0.064708
v 0.048329 -0.013601 0.064761
v 0.048512 -0.013048 0.064771
v 0.049642 -0.008229 0.064855
v 0.049706 -0.007957 0.06486
v 0.050368 -0.00275 0.064951
v 0.049474 -0.024157 0.0643
v 0.050102 -0.022883 0.064599
v 0.047765 -0.027218 0.064524
v 0.040834 -0.036486 0.064362
v 0.042799 -0.034335 0.060161
v 0.04272 -0.034431 0.064398
v 0.043253 -0.033779 0.060514
v 0.044432 -0.03226 0.064436
v 0.044555 -0.032047 0.061426
v 0.044568 -0.032058 0.064439
v 0.045432 -0.030881 0.062041
v 0.047496 -0.027716 0.064515
v 0.047524 -0.027671 0.063288
v 0.047773 -0.027222 0.063417
v 0.036739 -0.040591 0.053498
v 0.037044 -0.040327 0.053999
v 0.036698 -0.040546 0.064291
v 0.038728 -0.038754 0.056218
v 0.03898 -0.038507 0.064327
v 0.040824 -0.036599 0.058445
v 0.040883 -0.036531 0.058496
v 0.035536 -0.04163 0.051526
v 0.032165 -0.044149 0.064228
v 0.034701 -0.042313 0.049867
v 0.033467 -0.043273 0.046833
v 0.034888 -0.042162 0.064263
v 0.030447 -0.045401 0.029468
v 0.030597 -0.045302 0.031448
v 0.027281 -0.047268 0.064174
v 0.029942 -0.045729 0.017291
v 0.030017 -0.04568 0.020167
v 0.028056 -0.046884 0.017311
v 0.02729 -0.047283 0.017318
v 0.031228 -0.044879 0.037186
v 0.032089 -0.044281 0.04197
v 0.028577 -0.046575 0.064186
v 0.03046 -0.045392 0.064206
v 0.032202 -0.0442 0.042439
v 0.032444 -0.044028 0.043447
v 0.023191 -0.04942 0.017355
v 0.023697 -0.049184 0.06414
v 0.022101 -0.049857 0.017363
v 0.022095 -0.049845 0.064129
v 0.018099 -0.051463 0.017391
v 0.018626 -0.051278 0.064104
v 0.016667 -0.051878 0.017398
v 0.016664 -0.051869 0.064093
v 0.012784 -0.053004 0.017417
v 0.013374 -0.052861 0.064076
v 0.011068 -0.053374 0.017424
v 0.011219 -0.053351 0.064067
v 0.011068 -0.053374 0.064067
v 0.010618 -0.053471 0.017425
v 0.005331 -0.054233 0.017439
v 0.005752 -0.054198 0.064053
v 0.005331 -0.05422 0.064052
v 0.005191 -0.054253 0.017439
v -0.000291 -0.054496 0.017443
v 0.000272 -0.054496 0.064047
v -0.000461 -0.054486 0.017443
v -0.00046 -0.054463 0.064048
v -0.005816 -0.054191 0.017438
v -0.005206 -0.054252 0.064052
v -0.006249 -0.054137 0.017437
v -0.006249 -0.054132 0.064054
v -0.00801 -0.053915 0.017433
v -0.007404 -0.054 0.064056
v -0.01196 -0.053138 0.017419
v -0.011964 -0.053154 0.064071
v -0.01339 -0.052857 0.017415
v -0.012816 -0.052997 0.064074
v -0.017547 -0.051603 0.017393
v -0.017554 -0.051621 0.064098
v -0.018645 -0.051271 0.017387
v -0.01809 -0.051466 0.0641
v -0.019116 -0.051101 0.064107
v -0.022946 -0.049491 0.017356
v -0.02294 -0.049478 0.064135
v -0.023756 -0.049156 0.017351
v -0.024209 -0.048939 0.064144
v -0.025733 -0.048171 0.017334
v -0.028072 -0.046797 0.01731
v -0.028085 -0.046817 0.064181
v -0.030461 -0.045392 0.017286
v -0.029024 -0.046304 0.06419
v -0.03291 -0.043605 0.017255
v -0.032931 -0.043633 0.064237
v -0.034894 -0.042157 0.01723
v -0.033548 -0.043211 0.064244
v -0.035286 -0.041837 0.064268
v -0.037385 -0.03993 0.017191
v -0.037382 -0.039928 0.064302
v -0.039019 -0.038469 0.017166
v -0.039376 -0.038112 0.064333
v -0.040564 -0.036879 0.017138
v -0.041453 -0.035804 0.064374
v -0.041464 -0.035815 0.01712
v -0.044105 -0.032692 0.017066
v -0.043047 -0.034033 0.064405
v -0.045073 -0.031286 0.017041
v -0.04507 -0.031281 0.064453
v -0.047217 -0.028173 0.016988
v -0.046293 -0.029617 0.064482
v -0.047481 -0.02774 0.064514
v -0.048193 -0.026402 0.016957
v -0.048201 -0.026406 0.064538
v -0.049888 -0.023327 0.016904
v -0.050108 -0.02287 0.064599
v -0.053824 -0.01256 0.064779
v -0.054217 -0.010893 0.016689
v -0.052833 -0.015803 0.064723
v -0.052877 -0.015817 0.016774
v -0.052222 -0.017806 0.064688
v -0.052777 -0.016188 0.01678
v -0.050794 -0.021227 0.064628
v -0.050846 -0.021249 0.016868
v -0.050823 -0.02131 0.016869
v -0.054322 -0.010402 0.064817
v -0.054353 -0.010211 0.06482
v -0.054332 -0.010207 0.016677
v -0.055133 -0.005437 0.016594
v -0.055186 -0.004967 0.064912
v -0.055229 -0.004477 0.06492
v -0.055222 -0.004476 0.016578
v -0.055381 -0.00275 0.064951
v -0.055381 -0.00275 0.016548
v 0.055654 -0.00275 0.064951
v 0.055254 -0.006411 0.064887
v 0.055185 -0.006762 0.064881
v 0.054916 -0.008123 0.064857
v 0.054219 -0.011644 0.064795
v 0.05398 -0.012558 0.064779
v 0.050705 -0.021475 0.064624
v 0.052299 -0.017755 0.064689
v 0.052486 -0.017178 0.064699
v 0.053923 -0.012738 0.064776
v 0.043806 -0.04121 0.049448
v 0.042014 -0.04006 0.050029
v 0.040616 -0.041121 0.048189
v 0.032839 -0.04473 0.01728
v 0.033483 -0.044763 0.017281
v 0.033548 -0.04465 0.020028
v 0.036758 -0.045605 0.017303
v 0.037018 -0.045767 0.017306
v 0.037074 -0.045704 0.019934
v 0.034718 -0.044826 0.017285
v 0.035387 -0.044922 0.019973
v 0.035017 -0.044893 0.017287
v 0.035314 -0.045014 0.017289
v 0.031659 -0.045024 0.017282
v 0.032534 -0.044766 0.01728
v 0.031708 -0.04491 0.020095
v 0.03073 -0.045298 0.017285
v 0.050204 -0.023954 0.061714
v 0.05142 -0.021363 0.062267
v 0.05438 -0.012738 0.063473
v 0.053062 -0.017153 0.062957
v 0.055554 -0.006765 0.063926
v 0.055344 -0.008135 0.063843
v 0.055809 -0.00275 0.064495
v 0.055925 -0.00275 0.064212
v 0.055984 -0.00275 0.064117
v 0.057673 -0.00275 0.061949
v 0.057125 -0.00275 0.062387
v 0.057207 -0.006886 0.061718
v 0.056919 -0.00275 0.062618
v 0.060642 -0.00275 0.060441
v 0.060086 -0.00275 0.060636
v 0.059615 -0.00716 0.060394
v 0.058866 -0.00275 0.061062
v 0.058593 -0.00275 0.061213
v 0.062343 -0.007538 0.060195
v 0.06283 -0.00275 0.060391
v 0.060946 -0.00275 0.06039
v 0.038072 -0.044881 0.034897
v 0.036513 -0.04403 0.036252
v 0.037597 -0.045235 0.030796
v 0.035909 -0.044484 0.030906
v 0.037505 -0.04531 0.029576
v 0.035769 -0.044594 0.029018
v 0.037456 -0.04535 0.028927
v 0.038207 -0.04478 0.036064
v 0.038904 -0.044308 0.03949
v 0.037348 -0.043432 0.040505
v 0.033712 -0.04347 0.041421
v 0.032874 -0.044082 0.036837
v 0.032261 -0.044519 0.031246
v 0.032117 -0.044621 0.0293
v 0.039052 -0.044208 0.040216
v 0.039399 -0.043985 0.041441
v 0.03769 -0.043191 0.041768
v 0.040128 -0.043531 0.043418
v 0.038671 -0.042506 0.044557
v 0.037008 -0.040848 0.050238
v 0.036218 -0.041512 0.048743
v 0.035041 -0.042458 0.045971
v 0.034055 -0.043214 0.042816
v 0.040393 -0.043366 0.044135
v 0.041577 -0.042643 0.046425
v 0.039836 -0.041686 0.046932
v 0.041804 -0.042501 0.046774
v 0.042372 -0.042149 0.047643
v 0.044005 -0.041066 0.049652
v 0.044024 -0.041052 0.049671
v 0.043573 -0.038772 0.051676
v 0.045419 -0.040037 0.051098
v 0.046736 -0.038925 0.052212
v 0.045532 -0.036948 0.053365
v 0.041963 -0.036029 0.056382
v 0.040002 -0.038087 0.054408
v 0.038426 -0.039592 0.052443
v 0.047465 -0.038309 0.052829
v 0.049439 -0.036342 0.05424
v 0.047408 -0.034945 0.054717
v 0.049828 -0.035915 0.054494
v 0.047844 -0.034439 0.055003
v 0.044249 -0.033325 0.058235
v 0.04382 -0.03386 0.057916
v 0.049899 -0.035838 0.05454
v 0.051805 -0.033508 0.055675
v 0.049963 -0.031731 0.05627
v 0.05214 -0.033099 0.055874
v 0.053124 -0.031665 0.056383
v 0.052035 -0.028617 0.057344
v 0.048321 -0.027399 0.06077
v 0.046317 -0.030525 0.059621
v 0.054333 -0.029904 0.057008
v 0.056409 -0.026278 0.057954
v 0.053996 -0.025115 0.058244
v 0.057754 -0.023504 0.058512
v 0.055268 -0.022447 0.058776
v 0.059418 -0.019337 0.05915
v 0.056992 -0.018072 0.059445
v 0.059576 -0.018943 0.05921
v 0.059911 -0.017835 0.059331
v 0.058378 -0.013449 0.059949
v 0.061038 -0.014114 0.059734
v 0.06211 -0.00905 0.06011
v 0.059394 -0.008605 0.060313
v 0.03394 -0.044344 0.029146
v 0.034081 -0.044238 0.03106
v 0.034685 -0.043791 0.036517
v 0.035515 -0.043179 0.040918
v 0.035856 -0.042926 0.04224
v 0.03683 -0.042194 0.045188
v 0.037988 -0.041296 0.047732
v 0.038763 -0.040672 0.049085
v 0.040149 -0.039499 0.051067
v 0.041688 -0.038093 0.052828
v 0.043609 -0.036152 0.054606
v 0.045437 -0.034074 0.056007
v 0.04586 -0.033557 0.0563
v 0.047913 -0.030824 0.057589
v 0.049913 -0.027733 0.058672
v 0.051802 -0.024293 0.059573
v 0.053027 -0.021689 0.060105
v 0.054685 -0.017438 0.060772
v 0.056018 -0.012961 0.061274
v 0.056994 -0.008281 0.061636
v 0.109687 -0.019004 0.061753
v 0.118125 -0.018383 0.061146
v 0.118022 -0.010421 0.061749
v 0.16825 -0.045676 0.030162
v 0.16825 -0.045365 0.03061
v 0.15245 -0.049177 0.035067
v 0.152166 -0.00275 0.057465
v 0.152096 -0.00275 0.057475
v 0.152135 -0.008051 0.05716
v 0.103002 -0.00275 0.062889
v 0.101083 -0.00275 0.062891
v 0.10118 -0.011097 0.062636
v 0.051845 -0.040406 0.053173
v 0.044038 -0.043465 0.047216
v 0.076836 -0.058874 0.018719
v 0.068303 -0.057772 0.018532
v 0.071919 -0.058343 0.017525
v 0.070327 -0.058121 0.017522
v 0.076908 -0.058992 0.0
v 0.072091 -0.058545 0.004577
v 0.072098 -0.058553 0.0
v 0.058641 -0.055711 0.017484
v 0.059894 -0.056021 0.017489
v 0.059891 -0.056017 0.018207
v 0.063056 -0.056806 0.017502
v 0.068312 -0.057756 0.017517
v 0.048106 -0.051915 0.017419
v 0.05172 -0.053358 0.017444
v 0.051698 -0.053405 0.017752
v 0.053895 -0.054227 0.017459
v 0.057548 -0.055399 0.017479
v 0.042476 -0.049079 0.017367
v 0.043941 -0.04889 0.030554
v 0.043851 -0.049772 0.01738
v 0.043888 -0.049458 0.02432
v 0.046876 -0.051295 0.017407
v 0.051756 -0.052976 0.025114
v 0.043985 -0.048058 0.035912
v 0.04402 -0.046906 0.040436
v 0.044041 -0.04539 0.044176
v 0.051876 -0.043664 0.051101
v 0.051897 -0.046284 0.048571
v 0.051822 -0.036372 0.054855
v 0.0599 -0.032682 0.057505
v 0.059904 -0.026542 0.058519
v 0.059909 -0.037851 0.056149
v 0.059919 -0.019373 0.059233
v 0.068053 -0.00275 0.061085
v 0.068069 -0.019782 0.060359
v 0.076291 -0.019972 0.061223
v 0.076218 -0.00275 0.061928
v 0.069879 -0.00275 0.061328
v 0.084507 -0.011418 0.062327
v 0.084445 -0.00275 0.062554
v 0.08124 -0.00275 0.062404
v 0.09189 -0.00275 0.062903
v 0.09282 -0.011304 0.062633
v 0.134917 -0.00275 0.060102
v 0.125396 -0.00275 0.061318
v 0.117915 -0.00275 0.062002
v 0.11415 -0.00275 0.062346
v 0.152162 -0.014472 0.056421
v 0.16825 -0.011841 0.053389
v 0.16825 -0.00275 0.054649
v 0.16825 -0.006462 0.054267
v 0.16825 -0.008322 0.054076
v 0.16825 -0.021986 0.050239
v 0.16825 -0.020101 0.051057
v 0.152168 -0.020444 0.055276
v 0.16825 -0.018982 0.051463
v 0.16825 -0.017025 0.052043
v 0.16825 -0.013735 0.053019
v 0.152156 -0.031011 0.051701
v 0.15216 -0.03559 0.049263
v 0.16825 -0.031119 0.045288
v 0.16825 -0.029567 0.046377
v 0.16825 -0.026695 0.047983
v 0.152162 -0.02596 0.053704
v 0.16825 -0.024983 0.048939
v 0.152187 -0.039694 0.046386
v 0.152243 -0.043323 0.043065
v 0.16825 -0.038982 0.038666
v 0.16825 -0.036853 0.04083
v 0.16825 -0.035242 0.042193
v 0.16825 -0.033844 0.043376
v 0.16825 -0.042669 0.034507
v 0.152331 -0.046482 0.039293
v 0.16825 -0.042403 0.034828
v 0.16825 -0.040517 0.037106
v 0.16825 -0.047901 0.026099
v 0.152594 -0.051399 0.030384
v 0.16825 -0.048202 0.025548
v 0.152754 -0.053143 0.025244
v 0.16825 -0.04998 0.021318
v 0.16825 -0.050253 0.020671
v 0.152918 -0.054403 0.019647
v 0.16825 -0.05064 0.019559
v 0.153071 -0.05518 0.013585
v 0.16825 -0.052136 0.014201
v 0.16825 -0.051553 0.016289
v 0.16825 -0.053568 0.002727
v 0.16825 -0.053341 0.005613
v 0.153204 -0.055552 0.007032
v 0.16825 -0.053107 0.008582
v 0.16825 -0.05268 0.011053
v 0.136535 -0.057522 0.008262
v 0.136394 -0.057351 0.015779
v 0.119545 -0.058911 0.017387
v 0.119401 -0.058523 0.0247
v 0.102535 -0.059711 0.018383
v 0.110926 -0.059064 0.025467
v 0.136674 -0.057469 0.0
v 0.130412 -0.058117 0.0
v 0.120087 -0.058877 0.0
v 0.119819 -0.058897 0.0
v 0.115527 -0.059213 0.0
v 0.103118 -0.059717 0.0
v 0.136854 -0.057451 0.0
v 0.147209 -0.056381 0.0
v 0.153312 -0.055579 0.0
v 0.153407 -0.055566 0.0
v 0.16825 -0.053617 0.0
v 0.119242 -0.057675 0.031168
v 0.127671 -0.056851 0.030026
v 0.127495 -0.055446 0.035594
v 0.135717 -0.052327 0.038914
v 0.135888 -0.054313 0.034095
v 0.136065 -0.055811 0.028651
v 0.136238 -0.056821 0.022558
v 0.135193 -0.029314 0.056746
v 0.135235 -0.034631 0.054926
v 0.135283 -0.039313 0.052678
v 0.135348 -0.043385 0.049985
v 0.13544 -0.046884 0.046819
v 0.13738 -0.00275 0.059787
v 0.135002 -0.009406 0.059824
v 0.135083 -0.016712 0.059169
v 0.135145 -0.023344 0.058155
v 0.05998 -0.04837 0.049693
v 0.059958 -0.045579 0.05229
v 0.05993 -0.042117 0.054421
v 0.068222 -0.049788 0.050562
v 0.076559 -0.050661 0.051156
v 0.076506 -0.047635 0.053882
v 0.084944 -0.051093 0.051457
v 0.093354 -0.051151 0.05145
v 0.093268 -0.047965 0.054301
v 0.06808 -0.027141 0.059622
v 0.068097 -0.033468 0.058579
v 0.068121 -0.038816 0.057187
v 0.068152 -0.043251 0.055413
v 0.068188 -0.046865 0.053224
v 0.076456 -0.043906 0.056127
v 0.076411 -0.039351 0.05795
v 0.076369 -0.033882 0.059382
v 0.07633 -0.027439 0.060458
v 0.084574 -0.019974 0.061804
v 0.084635 -0.027481 0.06101
v 0.084693 -0.033984 0.059898
v 0.08475 -0.039526 0.058422
v 0.084809 -0.044165 0.056548
v 0.084873 -0.047982 0.054245
v 0.093193 -0.044079 0.056663
v 0.093124 -0.039385 0.058589
v 0.093056 -0.033807 0.060112
v 0.092984 -0.027294 0.061265
v 0.092906 -0.019806 0.06209
v 0.101279 -0.01948 0.062072
v 0.101368 -0.026895 0.061215
v 0.101447 -0.033374 0.06002
v 0.101521 -0.038954 0.058447
v 0.101595 -0.043681 0.056465
v 0.101677 -0.047622 0.054043
v 0.101775 -0.050874 0.051131
v 0.085539 -0.059565 0.0
v 0.085408 -0.059498 0.018759
v 0.081421 -0.059405 0.0
v 0.077398 -0.059037 0.0
v 0.094164 -0.059772 0.0
v 0.093981 -0.059754 0.018648
v 0.091108 -0.059782 0.0
v 0.085986 -0.059582 0.0
v 0.135564 -0.049854 0.043142
v 0.127322 -0.053555 0.040468
v 0.119074 -0.056348 0.036838
v 0.110781 -0.058268 0.032067
v 0.102419 -0.059369 0.026026
v 0.093887 -0.059405 0.026376
v 0.085341 -0.059128 0.026517
v 0.076801 -0.058472 0.026453
v 0.068304 -0.057339 0.026191
v 0.059925 -0.055569 0.02574
v 0.094566 -0.05977 0.0
v 0.102478 -0.059743 0.0
v 0.102761 -0.059732 0.0
v 0.126734 -0.030665 0.057962
v 0.126793 -0.036084 0.056214
v 0.126854 -0.040799 0.054043
v 0.126931 -0.044849 0.051425
v 0.127033 -0.048285 0.048327
v 0.127164 -0.051173 0.044694
v 0.118752 -0.052236 0.045971
v 0.118907 -0.054537 0.041754
v 0.110472 -0.055261 0.042756
v 0.110627 -0.057003 0.037814
v 0.102159 -0.057391 0.038515
v 0.102293 -0.058607 0.032719
v 0.093675 -0.057484 0.038935
v 0.093784 -0.058661 0.03312
v 0.085187 -0.057245 0.039077
v 0.085266 -0.058391 0.033271
v 0.076714 -0.05662 0.038944
v 0.07676 -0.057737 0.033177
v 0.068287 -0.055525 0.038547
v 0.068298 -0.056607 0.032846
v 0.059972 -0.053826 0.037899
v 0.059952 -0.054858 0.03229
v 0.051846 -0.051365 0.037017
v 0.051805 -0.052316 0.031522
v 0.118214 -0.025499 0.060219
v 0.109779 -0.026294 0.060863
v 0.11829 -0.031795 0.05893
v 0.109859 -0.0327 0.059622
v 0.118359 -0.037293 0.057245
v 0.109934 -0.038253 0.057996
v 0.118429 -0.042028 0.055143
v 0.110008 -0.042993 0.055955
v 0.118512 -0.046049 0.052595
v 0.110093 -0.046978 0.053472
v 0.118618 -0.049425 0.04956
v 0.110198 -0.050293 0.050499
v 0.110326 -0.053032 0.046956
v 0.101892 -0.053545 0.047639
v 0.102022 -0.055708 0.043465
v 0.093454 -0.053754 0.048013
v 0.093563 -0.055854 0.043875
v 0.085022 -0.053626 0.048079
v 0.085104 -0.055664 0.043988
v 0.076612 -0.053116 0.047842
v 0.076664 -0.055089 0.043807
v 0.068251 -0.052153 0.047314
v 0.068272 -0.054051 0.043345
v 0.05999 -0.050624 0.046514
v 0.059986 -0.052427 0.042618
v 0.051897 -0.048393 0.045463
v 0.051878 -0.050071 0.041644
v 0.093209 -0.011298 -0.06264
v 0.10153 -0.011088 -0.062629
v 0.101629 -0.019465 -0.062065
v 0.127017 -0.036049 -0.056182
v 0.127078 -0.040764 -0.054009
v 0.118695 -0.041994 -0.055112
v 0.110402 -0.046949 -0.053445
v 0.110507 -0.050266 -0.050469
v 0.102127 -0.050856 -0.051111
v 0.127256 -0.048252 -0.04829
v 0.135621 -0.046851 -0.046783
v 0.135745 -0.049823 -0.043105
v 0.127545 -0.053525 -0.04043
v 0.135897 -0.052298 -0.038877
v 0.136068 -0.054286 -0.034059
v 0.102891 -0.059703 -0.018368
v 0.16825 -0.011116 -0.053596
v 0.16825 -0.011844 -0.053412
v 0.15226 -0.014459 -0.056403
v 0.071965 -0.0584 -0.015665
v 0.071865 -0.058274 -0.018626
v 0.077322 -0.058921 -0.018725
v 0.060445 -0.032749 -0.057585
v 0.060448 -0.026594 -0.058601
v 0.060461 -0.01941 -0.059316
v 0.068561 -0.00275 -0.061103
v 0.093296 -0.019796 -0.062096
v 0.085004 -0.019971 -0.061826
v 0.084936 -0.011416 -0.06235
v 0.07676 -0.019979 -0.061263
v 0.152193 -0.00275 -0.057444
v 0.16825 -0.00275 -0.054649
v 0.152234 -0.008044 -0.057143
v 0.16825 -0.005392 -0.054439
v 0.135186 -0.009395 -0.059799
v 0.135102 -0.00275 -0.060086
v 0.149954 -0.00275 -0.057834
v 0.114166 -0.00275 -0.062345
v 0.118185 -0.00275 -0.062012
v 0.118289 -0.010409 -0.061726
v 0.120506 -0.00275 -0.061819
v 0.133733 -0.00275 -0.060293
v 0.102621 -0.00275 -0.062898
v 0.101433 -0.00275 -0.062897
v 0.091334 -0.00275 -0.062889
v 0.084874 -0.00275 -0.062563
v 0.076679 -0.00275 -0.06202
v 0.074166 -0.00275 -0.061799
v 0.068575 -0.019801 -0.06042
v 0.052399 -0.036498 -0.054956
v 0.052421 -0.04055 -0.053271
v 0.044603 -0.041288 -0.049796
v 0.052451 -0.043825 -0.051194
v 0.044634 -0.043708 -0.047328
v 0.044636 -0.045648 -0.044283
v 0.044615 -0.047178 -0.040537
v 0.04458 -0.048342 -0.036005
v 0.040646 -0.046886 -0.032121
v 0.044577 -0.04893 -0.03216
v 0.059731 -0.054786 -0.032267
v 0.059126 -0.054635 -0.032264
v 0.060523 -0.053962 -0.037949
v 0.052828 -0.052604 -0.032228
v 0.052422 -0.05157 -0.037087
v 0.052394 -0.052423 -0.032225
v 0.046776 -0.050073 -0.032181
v 0.068819 -0.056693 -0.032873
v 0.063952 -0.055832 -0.032285
v 0.060505 -0.054998 -0.032333
v 0.060512 -0.054979 -0.03227
v 0.077242 -0.057786 -0.033189
v 0.070983 -0.05712 -0.032306
v 0.068829 -0.056725 -0.032299
v 0.071729 -0.058105 -0.022636
v 0.077285 -0.058521 -0.026461
v 0.071487 -0.05779 -0.026308
v 0.071305 -0.057551 -0.029087
v 0.072072 -0.058525 -0.008133
v 0.153166 -0.055166 -0.013571
v 0.16825 -0.052765 -0.010956
v 0.16825 -0.053402 -0.005618
v 0.153013 -0.054387 -0.019628
v 0.16825 -0.051614 -0.016305
v 0.16825 -0.051652 -0.016186
v 0.152849 -0.053126 -0.025221
v 0.16825 -0.050037 -0.021256
v 0.15269 -0.05138 -0.03036
v 0.152546 -0.049156 -0.035042
v 0.16825 -0.045335 -0.030593
v 0.16825 -0.047135 -0.027637
v 0.16825 -0.047872 -0.026087
v 0.16825 -0.049398 -0.022876
v 0.152427 -0.046461 -0.039268
v 0.152339 -0.0433 -0.043041
v 0.16825 -0.04038 -0.03726
v 0.16825 -0.041255 -0.036254
v 0.16825 -0.042363 -0.034798
v 0.16825 -0.044418 -0.032099
v 0.152284 -0.039671 -0.046362
v 0.16825 -0.036667 -0.041
v 0.16825 -0.038984 -0.038666
v 0.152257 -0.035567 -0.049241
v 0.16825 -0.032605 -0.044314
v 0.16825 -0.035228 -0.042174
v 0.16825 -0.026717 -0.048019
v 0.16825 -0.027092 -0.047836
v 0.152253 -0.030988 -0.05168
v 0.16825 -0.028207 -0.047202
v 0.16825 -0.031122 -0.045288
v 0.16825 -0.022206 -0.050215
v 0.152259 -0.025939 -0.053685
v 0.16825 -0.022008 -0.050287
v 0.152266 -0.020426 -0.055257
v 0.16825 -0.017079 -0.052092
v 0.16825 -0.006463 -0.054281
v 0.136715 -0.057504 -0.00825
v 0.153299 -0.055539 -0.007023
v 0.119812 -0.058891 -0.017365
v 0.136574 -0.057331 -0.015759
v 0.16825 -0.053409 -0.005562
v 0.136418 -0.056798 -0.02253
v 0.119668 -0.058502 -0.024672
v 0.127894 -0.056826 -0.029992
v 0.110635 -0.053008 -0.046925
v 0.119018 -0.052207 -0.045934
v 0.119173 -0.05451 -0.041717
v 0.127718 -0.055419 -0.035557
v 0.136246 -0.055787 -0.028619
v 0.127388 -0.051141 -0.044656
v 0.118885 -0.049393 -0.049525
v 0.118779 -0.046016 -0.052562
v 0.127154 -0.044814 -0.05139
v 0.135266 -0.016692 -0.059143
v 0.135328 -0.023318 -0.058127
v 0.118481 -0.025472 -0.060194
v 0.135529 -0.043351 -0.04995
v 0.135465 -0.039279 -0.052646
v 0.135417 -0.034598 -0.054895
v 0.135376 -0.029283 -0.056717
v 0.052472 -0.046458 -0.048659
v 0.060528 -0.048485 -0.049759
v 0.060505 -0.045684 -0.05236
v 0.068736 -0.049856 -0.050607
v 0.0687 -0.046927 -0.053273
v 0.077035 -0.050697 -0.051181
v 0.076981 -0.047666 -0.053911
v 0.085379 -0.051105 -0.051463
v 0.085308 -0.04799 -0.054256
v 0.093748 -0.051145 -0.051442
v 0.093661 -0.047957 -0.054296
v 0.102028 -0.047602 -0.054025
v 0.110317 -0.042963 -0.055931
v 0.118625 -0.03726 -0.057217
v 0.126959 -0.030632 -0.057932
v 0.118557 -0.031763 -0.058903
v 0.110168 -0.032672 -0.059601
v 0.110242 -0.038223 -0.057973
v 0.101871 -0.038931 -0.058434
v 0.101945 -0.043659 -0.05645
v 0.093516 -0.039372 -0.058589
v 0.093585 -0.044068 -0.05666
v 0.085183 -0.039527 -0.058437
v 0.085243 -0.044169 -0.056561
v 0.076884 -0.039371 -0.057985
v 0.07693 -0.043932 -0.056159
v 0.068632 -0.038862 -0.057242
v 0.068664 -0.043305 -0.055465
v 0.060455 -0.037932 -0.056226
v 0.060477 -0.042211 -0.054495
v 0.068607 -0.033504 -0.058637
v 0.068589 -0.027168 -0.059681
v 0.076841 -0.033897 -0.059419
v 0.076801 -0.027449 -0.060497
v 0.085126 -0.033982 -0.059916
v 0.085067 -0.027478 -0.061031
v 0.093447 -0.033793 -0.060114
v 0.093375 -0.027281 -0.061269
v 0.101797 -0.033352 -0.060009
v 0.101718 -0.026875 -0.061206
v 0.110088 -0.026269 -0.060844
v 0.109996 -0.018986 -0.061736
v 0.118392 -0.018362 -0.061122
v 0.080113 -0.00275 -0.062322
v 0.085852 -0.05952 -0.018757
v 0.094381 -0.059758 -0.018639
v 0.085783 -0.059151 -0.026514
v 0.094286 -0.05941 -0.026364
v 0.102775 -0.059362 -0.026007
v 0.068806 -0.055608 -0.038578
v 0.077194 -0.056668 -0.038958
v 0.085626 -0.057267 -0.039076
v 0.085707 -0.058414 -0.033269
v 0.094071 -0.057487 -0.038921
v 0.094182 -0.058666 -0.033106
v 0.102512 -0.057381 -0.038491
v 0.102647 -0.058598 -0.032696
v 0.111092 -0.058251 -0.032038
v 0.111238 -0.059049 -0.025442
v 0.119509 -0.057653 -0.031135
v 0.119341 -0.056323 -0.036803
v 0.110937 -0.056984 -0.037783
v 0.110782 -0.055239 -0.042724
v 0.102375 -0.055696 -0.043441
v 0.102244 -0.05353 -0.047617
v 0.093958 -0.055855 -0.043862
v 0.093848 -0.053751 -0.048002
v 0.085542 -0.055683 -0.043988
v 0.085458 -0.053641 -0.048082
v 0.077143 -0.055134 -0.043825
v 0.077089 -0.053157 -0.047863
v 0.068789 -0.054131 -0.043381
v 0.068766 -0.052228 -0.047354
v 0.060535 -0.052557 -0.042674
v 0.060538 -0.050747 -0.046575
v 0.052454 -0.050268 -0.041721
v 0.052472 -0.048579 -0.045546
v -0.055147 -0.00275 -0.030875
v -0.055272 -0.00275 -0.030986
v -0.055353 -0.00275 -0.031133
v -0.056952 -0.00275 -0.069451
v -0.051951 -0.00275 -0.069451
v -0.051951 -0.00275 -0.075952
v 0.051951 -0.00275 -0.075952
v 0.051951 -0.00275 -0.069451
v 0.056952 -0.00275 -0.069451
v 0.056952 -0.00275 -0.066892
v 0.05727 -0.00275 -0.065127
v 0.059407 -0.00275 -0.06256
v 0.060986 -0.00275 -0.061947
v 0.080256 -0.00275 -0.063842
v -0.054881 -0.00275 -0.030798
v -0.054992 -0.00275 -0.030811
v 0.058118 -0.00275 -0.063665
v 0.092093 -0.00275 -0.064415
v 0.094674 -0.00275 -0.064457
v 0.105849 -0.00275 -0.064307
v 0.068432 -0.00275 -0.062669
v 0.065023 -0.00275 -0.062224
v 0.06273 -0.00275 -0.061898
v 0.16825 -0.00275 -0.056229
v 0.163601 -0.00275 -0.057047
v 0.156792 -0.00275 -0.058229
v 0.143507 -0.00275 -0.060408
v 0.137021 -0.00275 -0.061369
v 0.123699 -0.00275 -0.06302
v 0.112716 -0.00275 -0.063957
v 0.156797 -0.001 -0.058259
v 0.161443 -0.001 -0.057454
v 0.16825 -0.001 -0.05626
v 0.057625 -0.001 -0.064433
v 0.058719 -0.001 -0.063095
v 0.060219 -0.001 -0.062201
v 0.06187 -0.001 -0.061877
v 0.062726 -0.001 -0.061928
v 0.057058 -0.001 -0.06602
v 0.056982 -0.001 -0.066892
v 0.056982 -0.001 -0.069481
v 0.052971 -0.001 -0.070482
v 0.051981 -0.001 -0.069481
v 0.052971 -0.001 -0.076982
v 0.051981 -0.001 -0.075982
v -0.052971 -0.001 -0.076982
v -0.051981 -0.001 -0.075982
v -0.052971 -0.001 -0.070482
v -0.051981 -0.001 -0.069481
v -0.056982 -0.001 -0.069481
v 0.118222 -0.001 -0.063572
v 0.112718 -0.001 -0.063987
v 0.113466 -0.001 -0.064939
v 0.101984 -0.001 -0.065451
v 0.10471 -0.001 -0.064377
v 0.101044 -0.001 -0.065458
v 0.093581 -0.001 -0.064474
v 0.096049 -0.001 -0.065499
v 0.090365 -0.001 -0.064401
v 0.084903 -0.001 -0.065173
v 0.083496 -0.001 -0.064091
v 0.084417 -0.001 -0.065135
v 0.073737 -0.001 -0.064304
v 0.072206 -0.001 -0.063138
v 0.068053 -0.001 -0.063597
v 0.160158 -0.001 -0.058689
v 0.16825 -0.001 -0.057269
v 0.069795 -0.001 -0.062865
v 0.068428 -0.001 -0.062699
v 0.063884 -0.001 -0.062095
v 0.140101 -0.001 -0.060954
v 0.151838 -0.001 -0.060047
v 0.117849 -0.001 -0.064545
v 0.125804 -0.001 -0.063829
v 0.137026 -0.001 -0.061399
v 0.134782 -0.001 -0.062658
v 0.140012 -0.001 -0.061976
v 0.068159 -0.054139 -0.0489
v 0.068146 -0.051407 -0.052526
v 0.059808 -0.050033 -0.051628
v 0.059869 -0.038057 -0.058742
v 0.05174 -0.036664 -0.057442
v 0.051693 -0.041188 -0.05563
v 0.16825 -0.028644 -0.050008
v 0.16825 -0.027468 -0.050581
v 0.152215 -0.031542 -0.054299
v 0.16825 -0.023641 -0.052449
v 0.16825 -0.022425 -0.052899
v 0.152142 -0.026132 -0.05637
v 0.16825 -0.018386 -0.054394
v 0.16825 -0.017112 -0.05473
v 0.152068 -0.020255 -0.057969
v 0.101262 -0.018448 -0.06467
v 0.04366 -0.042456 -0.051831
v 0.043429 -0.050458 -0.036733
v 0.068196 -0.059057 -0.033499
v 0.059749 -0.05621 -0.03879
v 0.059728 -0.057316 -0.032942
v 0.07132 -0.060497 -0.024005
v 0.071526 -0.060743 -0.018896
v 0.07682 -0.061378 -0.018984
v 0.071616 -0.060851 -0.016655
v 0.076915 -0.061536 0.0
v 0.071756 -0.061001 -0.008674
v 0.076422 -0.061488 0.0
v 0.071792 -0.061034 0.0
v 0.051461 -0.053759 -0.037882
v 0.043487 -0.049201 -0.041524
v 0.043544 -0.047499 -0.045598
v 0.043602 -0.045274 -0.049015
v 0.051647 -0.044946 -0.053321
v 0.059889 -0.032444 -0.060138
v 0.068084 -0.026456 -0.062246
v 0.068071 -0.018727 -0.062962
v 0.084562 -0.0189 -0.064398
v 0.118092 -0.017447 -0.06376
v 0.135001 -0.015932 -0.061814
v 0.15199 -0.013927 -0.059106
v 0.151912 -0.007162 -0.059811
v 0.16825 -0.005847 -0.056934
v 0.16825 -0.012877 -0.055848
v 0.16825 -0.012186 -0.055992
v 0.16825 -0.011574 -0.056087
v 0.16825 -0.006285 -0.056903
v 0.16825 -0.03004 -0.049208
v 0.152356 -0.040912 -0.048714
v 0.16825 -0.03658 -0.044549
v 0.152286 -0.036473 -0.051748
v 0.16825 -0.034503 -0.046252
v 0.16825 -0.032192 -0.047783
v 0.16825 -0.044201 -0.036846
v 0.16825 -0.043474 -0.037812
v 0.152495 -0.048286 -0.041192
v 0.16825 -0.042381 -0.039077
v 0.152425 -0.044851 -0.045196
v 0.16825 -0.040587 -0.040889
v 0.16825 -0.038619 -0.042876
v 0.16825 -0.046656 -0.033582
v 0.152566 -0.051218 -0.036706
v 0.16825 -0.047362 -0.032414
v 0.16825 -0.049396 -0.029044
v 0.152637 -0.053634 -0.031739
v 0.16825 -0.050059 -0.027644
v 0.16825 -0.051688 -0.024204
v 0.152708 -0.055525 -0.026301
v 0.16825 -0.052314 -0.022586
v 0.16825 -0.052593 -0.021864
v 0.152776 -0.056885 -0.020398
v 0.16825 -0.054011 -0.017238
v 0.16825 -0.055913 -0.00591
v 0.16825 -0.055296 -0.011266
v 0.152843 -0.057717 -0.014041
v 0.16825 -0.055213 -0.01167
v 0.16825 -0.054193 -0.016647
v 0.16825 -0.056142 0.0
v 0.16825 -0.055935 -0.005717
v 0.152917 -0.058107 -0.007239
v 0.102524 -0.062207 -0.01862
v 0.102752 -0.062067 0.0
v 0.118761 -0.06152 0.0
v 0.119477 -0.061454 0.0
v 0.119473 -0.061417 -0.017645
v 0.119736 -0.061429 0.0
v 0.136303 -0.059881 0.0
v 0.148693 -0.058723 0.0
v 0.152928 -0.058164 0.0
v 0.153009 -0.058153 0.0
v 0.136473 -0.059865 0.0
v 0.136245 -0.059873 -0.016106
v 0.118563 -0.042689 -0.057627
v 0.10169 -0.044291 -0.058952
v 0.118676 -0.047154 -0.054896
v 0.101792 -0.048712 -0.056339
v 0.118789 -0.050945 -0.051599
v 0.101895 -0.052412 -0.053141
v 0.118901 -0.054102 -0.047693
v 0.101997 -0.055447 -0.049301
v 0.119015 -0.056664 -0.043137
v 0.1021 -0.057869 -0.044767
v 0.11913 -0.058654 -0.037893
v 0.102205 -0.059718 -0.039484
v 0.119245 -0.060092 -0.031922
v 0.135429 -0.040063 -0.055163
v 0.135531 -0.044531 -0.052297
v 0.135632 -0.048398 -0.048899
v 0.135734 -0.051686 -0.044945
v 0.135837 -0.054414 -0.040412
v 0.135941 -0.05659 -0.035279
v 0.136044 -0.058218 -0.029529
v 0.136145 -0.059306 -0.023143
v 0.059828 -0.04678 -0.05455
v 0.068134 -0.048014 -0.055505
v 0.076507 -0.048752 -0.056172
v 0.076464 -0.044517 -0.058619
v 0.08478 -0.039646 -0.061012
v 0.068122 -0.043891 -0.057901
v 0.068109 -0.03897 -0.059781
v 0.059848 -0.042812 -0.0569
v 0.084849 -0.044763 -0.059039
v 0.101585 -0.039101 -0.061034
v 0.118449 -0.037516 -0.059835
v 0.135326 -0.034979 -0.057521
v 0.068097 -0.033181 -0.061207
v 0.135112 -0.022923 -0.060816
v 0.13522 -0.029269 -0.059396
v 0.118214 -0.024924 -0.062855
v 0.118332 -0.031604 -0.061563
v 0.101372 -0.026226 -0.063836
v 0.10148 -0.033095 -0.062643
v 0.084636 -0.026774 -0.063627
v 0.084709 -0.033669 -0.06252
v 0.051508 -0.052343 -0.042795
v 0.051554 -0.050452 -0.046965
v 0.059769 -0.054676 -0.043812
v 0.068183 -0.057896 -0.039451
v 0.076724 -0.060178 -0.033829
v 0.070868 -0.059911 -0.030182
v 0.085124 -0.061963 0.0
v 0.085415 -0.061996 -0.019009
v 0.0791 -0.061751 0.0
v 0.085571 -0.061979 0.0
v 0.09531 -0.062321 0.0
v 0.102399 -0.062079 0.0
v 0.085339 -0.061606 -0.026947
v 0.084918 -0.049081 -0.056538
v 0.07655 -0.052249 -0.053136
v 0.076593 -0.055076 -0.049447
v 0.076636 -0.057299 -0.045043
v 0.085195 -0.059592 -0.040001
v 0.093617 -0.058031 -0.045149
v 0.085125 -0.057857 -0.04524
v 0.093528 -0.055674 -0.049653
v 0.085056 -0.055564 -0.049701
v 0.093439 -0.052701 -0.053449
v 0.084987 -0.05266 -0.053446
v 0.09335 -0.049056 -0.056596
v 0.102416 -0.061844 -0.026463
v 0.085266 -0.060824 -0.033924
v 0.07668 -0.058979 -0.039857
v 0.068171 -0.056279 -0.044564
v 0.059789 -0.052642 -0.048069
v 0.0516 -0.04801 -0.050453
v 0.119359 -0.061002 -0.025185
v 0.10231 -0.06103 -0.0334
v 0.069475 -0.059859 -0.023866
v 0.06903 -0.059277 -0.029933
v 0.068019 -0.058562 -0.023701
v 0.068284 -0.058913 -0.01652
v 0.069755 -0.060216 -0.016593
v 0.068397 -0.059062 -0.008634
v 0.069881 -0.06037 -0.008656
v 0.068422 -0.059094 0.0
v 0.069911 -0.060405 0.0
v 0.071696 -0.060939 0.013086
v 0.069828 -0.060307 0.013048
v 0.066422 -0.056404 0.011716
v 0.067545 -0.057929 0.012261
v 0.056507 -0.041056 0.011242
v 0.060645 -0.047922 0.011364
v 0.062241 -0.0503 0.011406
v 0.065113 -0.054579 0.011482
v 0.055853 -0.038754 0.011178
v 0.05604 -0.039945 0.011211
v 0.054535 -0.001 0.010519
v 0.050918 -0.00275 0.014548
v 0.050918 -0.00275 0.016048
v 0.049318 -0.012148 0.016212
v 0.050982 -0.001 0.013517
v 0.050982 -0.001 0.014518
v -0.050722 -0.005247 0.016092
v -0.050918 -0.00275 0.016048
v -0.050918 -0.00275 0.014548
v 0.049473 -0.012176 0.013712
v 0.049419 -0.012577 0.013719
v 0.048958 -0.014267 0.016249
v 0.045549 -0.022738 0.013897
v 0.045419 -0.02268 0.016396
v 0.045261 -0.023495 0.01391
v 0.044428 -0.025035 0.016437
v 0.039407 -0.032172 0.014062
v 0.039305 -0.032093 0.016561
v 0.038728 -0.033179 0.014079
v 0.037566 -0.03449 0.016602
v 0.03135 -0.040021 0.014199
v 0.031279 -0.03993 0.016697
v 0.030162 -0.041123 0.014218
v 0.028732 -0.042134 0.016736
v 0.021773 -0.045905 0.014301
v 0.021732 -0.045812 0.0168
v 0.020013 -0.046909 0.014319
v 0.01839 -0.047568 0.016831
v 0.011145 -0.04954 0.014365
v 0.011131 -0.049454 0.016864
v 0.008813 -0.050232 0.014377
v 0.007083 -0.050505 0.016882
v -1.5e-05 -0.050753 0.014386
v -8e-06 -0.05068 0.016885
v -0.002849 -0.05092 0.014389
v -0.004595 -0.050792 0.016887
v -0.011163 -0.049487 0.014364
v -0.011142 -0.049431 0.016863
v -0.014361 -0.048936 0.014354
v -0.016033 -0.048414 0.016846
v -0.021756 -0.045806 0.0143
v -0.021728 -0.04577 0.016799
v -0.02512 -0.044383 0.014275
v -0.026629 -0.043494 0.01676
v -0.03128 -0.039893 0.014196
v -0.031253 -0.039875 0.016696
v -0.034561 -0.037501 0.014155
v -0.035827 -0.036293 0.016634
v -0.039271 -0.032035 0.014059
v -0.039251 -0.032033 0.01656
v -0.042187 -0.028652 0.014
v -0.043145 -0.027186 0.016475
v -0.045341 -0.022618 0.013895
v -0.045333 -0.022626 0.016395
v -0.047599 -0.018299 0.013819
v -0.048199 -0.016653 0.016291
v -0.049195 -0.012099 0.013711
v -0.049203 -0.012113 0.016212
v -0.050512 -0.006985 0.013622
v -0.050982 -0.001 0.014518
v -0.050982 -0.001 0.013517
v 0.035137 -0.04446 0.014276
v 0.053154 -0.040711 0.014211
v 0.033515 -0.044254 0.014273
v 0.032792 -0.044285 0.014273
v 0.057688 -0.054972 0.01446
v 0.062663 -0.056258 0.014482
v 0.058114 -0.04948 0.014364
v 0.035829 -0.04467 0.01428
v 0.037292 -0.045401 0.014292
v 0.0539 -0.04249 0.014242
v -0.00322 -0.053954 0.014442
v 0.002094 -0.054009 0.014443
v 0.007395 -0.053549 0.014435
v 0.042649 -0.048656 0.014349
v 0.048162 -0.051444 0.014398
v 0.053811 -0.05372 0.014438
v 0.030521 -0.044896 0.014284
v 0.031193 -0.044627 0.014279
v -0.021212 -0.049794 0.014369
v -0.016217 -0.051604 0.014401
v -0.011063 -0.052925 0.014424
v -0.005763 -0.053746 0.014438
v -0.036815 -0.039913 0.014197
v -0.032699 -0.043275 0.014255
v -0.028273 -0.046227 0.014307
v -0.023542 -0.048756 0.014351
v 0.052855 -0.038806 0.014177
v -0.049439 -0.02316 0.013904
v -0.048267 -0.025427 0.013944
v -0.045495 -0.029962 0.014023
v -0.042294 -0.034213 0.014097
v -0.038667 -0.038166 0.014166
v -0.054974 -0.001 0.013517
v -0.054636 -0.005432 0.013595
v 0.051535 -0.001 0.013517
v 0.012669 -0.05257 0.014418
v 0.015136 -0.051925 0.014406
v 0.020169 -0.050218 0.014377
v 0.025019 -0.04803 0.014338
v 0.029672 -0.04536 0.014292
v -0.05428 -0.007962 0.013639
v -0.053166 -0.013159 0.01373
v -0.051553 -0.01823 0.013818
v 0.054354 -0.038761 0.013775
v 0.053035 -0.001 0.013116
v 0.055451 -0.038742 0.012677
v 0.054133 -0.001 0.012018
v 0.053036 -0.001 0.013115
v 0.055649 -0.04003 0.012707
v 0.054593 -0.04031 0.013804
v 0.05615 -0.041233 0.012734
v 0.055197 -0.041758 0.013831
v 0.060298 -0.048117 0.012856
v 0.059373 -0.048687 0.013953
v 0.064776 -0.054791 0.012974
v 0.063881 -0.055405 0.01407
v 0.06415 -0.057364 0.014602
v 0.064152 -0.057365 0.014602
v 0.065214 -0.056726 0.014047
v 0.064888 -0.0579 0.014763
v 0.065407 -0.058278 0.014877
v 0.066352 -0.057859 0.014276
v 0.067105 -0.057737 0.013355
v 0.066026 -0.056382 0.013014
v 0.043316 -0.052298 0.017478
v 0.046923 -0.054121 0.017516
v 0.047008 -0.053953 0.016343
v 0.064071 -0.057746 0.014742
v 0.063872 -0.058694 0.015423
v 0.063741 -0.05931 0.016427
v 0.067704 -0.060169 0.017598
v 0.057361 -0.056085 0.014714
v 0.063699 -0.059497 0.017596
v 0.059123 -0.058361 0.017584
v 0.056903 -0.057617 0.016406
v 0.056845 -0.057796 0.017578
v 0.05288 -0.056318 0.016386
v 0.052811 -0.056493 0.017559
v 0.053423 -0.054814 0.014692
v 0.047681 -0.0525 0.014652
v 0.057085 -0.057015 0.015398
v 0.053095 -0.055728 0.015377
v 0.047275 -0.053382 0.015336
v 0.050722 -0.055652 0.017544
v 0.04129 -0.051058 0.016286
v 0.041188 -0.051222 0.017455
v 0.042635 -0.051953 0.017471
v 0.041605 -0.050511 0.015282
v 0.042083 -0.049667 0.014601
v 0.035647 -0.047856 0.017376
v 0.035765 -0.047695 0.016213
v 0.036121 -0.047171 0.015217
v 0.036657 -0.046365 0.014542
v 0.034886 -0.04725 0.016193
v 0.030474 -0.046605 0.014708
v 0.03077 -0.047057 0.015256
v 0.031403 -0.046796 0.015183
v 0.031066 -0.047509 0.015804
v 0.031121 -0.04759 0.016173
v 0.031676 -0.047372 0.016155
v 0.03129 -0.047834 0.017291
v 0.031775 -0.047568 0.017296
v 0.030997 -0.045927 0.014527
v 0.030276 -0.046296 0.014605
v 0.03216 -0.047415 0.0173
v 0.032084 -0.047211 0.016157
v 0.032339 -0.047376 0.017303
v 0.033052 -0.047009 0.016166
v 0.033074 -0.047219 0.017314
v 0.033487 -0.047201 0.017322
v 0.033489 -0.046992 0.016171
v 0.034415 -0.047318 0.017342
v 0.034468 -0.047121 0.016186
v 0.034605 -0.047376 0.017347
v 0.03481 -0.047439 0.017352
v 0.031873 -0.046611 0.015183
v 0.032991 -0.046377 0.015185
v 0.033495 -0.046359 0.015187
v 0.034625 -0.046508 0.015196
v 0.035106 -0.046657 0.015202
v 0.031561 -0.045704 0.014524
v 0.032899 -0.045421 0.01452
v 0.033504 -0.045397 0.014521
v 0.03486 -0.045574 0.014525
v 0.035438 -0.045751 0.014529
v -0.057901 -0.001 0.015859
v -0.057974 -0.001 0.016516
v -0.057616 -0.005728 0.016594
v -0.057519 -0.001 0.014928
v -0.057558 -0.001 0.015023
v -0.057215 -0.005707 0.015096
v -0.055967 -0.001 0.013687
v -0.056454 -0.001 0.013956
v -0.056124 -0.005599 0.013999
v -0.056849 -0.001 0.014175
v -0.057241 -0.008397 0.016638
v -0.056841 -0.008357 0.015141
v -0.057233 -0.008433 0.016639
v -0.055672 -0.013799 0.015233
v -0.056065 -0.013877 0.016729
v -0.05464 -0.018358 0.016803
v -0.053982 -0.019108 0.015323
v -0.054365 -0.019224 0.016818
v -0.052135 -0.024423 0.016904
v -0.051767 -0.02427 0.015411
v -0.050899 -0.026813 0.016943
v -0.050539 -0.026643 0.015451
v -0.050371 -0.027678 0.016958
v -0.047636 -0.031391 0.015531
v -0.047976 -0.031596 0.017023
v -0.044601 -0.036079 0.017097
v -0.044283 -0.035841 0.015607
v -0.044557 -0.036127 0.017098
v -0.040485 -0.039978 0.015677
v -0.040776 -0.040247 0.017166
v -0.038823 -0.04209 0.017196
v -0.038545 -0.041808 0.015708
v -0.037712 -0.042997 0.017211
v -0.034235 -0.045327 0.015767
v -0.034482 -0.045635 0.017255
v -0.029815 -0.048748 0.017306
v -0.0296 -0.048417 0.01582
v -0.029384 -0.048978 0.01731
v -0.024648 -0.051064 0.015864
v -0.024826 -0.051415 0.017351
v -0.022369 -0.05251 0.017369
v -0.022208 -0.05215 0.015883
v -0.020098 -0.053333 0.017382
v -0.016978 -0.054045 0.015915
v -0.017101 -0.054418 0.0174
v -0.011667 -0.055811 0.017423
v -0.011583 -0.055427 0.015938
v -0.010211 -0.056037 0.017427
v -0.006033 -0.056286 0.015953
v -0.006077 -0.056677 0.017438
v -0.003396 -0.056897 0.017441
v 1e-06 -0.056932 0.017442
v 0.002192 -0.056561 0.015958
v -0.003371 -0.056504 0.015957
v 0.002208 -0.056954 0.017442
v 0.007798 -0.05647 0.017434
v 0.007742 -0.056081 0.015949
v 0.00892 -0.056261 0.017431
v 0.013263 -0.055055 0.015932
v 0.01336 -0.055437 0.017417
v 0.015961 -0.054757 0.017406
v 0.018865 -0.053772 0.01739
v 0.021116 -0.052594 0.01589
v 0.015846 -0.054381 0.015921
v -0.055758 -0.008198 0.014044
v -0.054612 -0.013536 0.014136
v -0.052954 -0.018744 0.014226
v -0.050781 -0.023808 0.014314
v -0.049577 -0.026136 0.014354
v -0.046729 -0.030793 0.014435
v -0.04344 -0.035159 0.01451
v -0.039714 -0.039218 0.01458
v -0.037811 -0.041012 0.014611
v -0.033583 -0.044464 0.014671
v -0.029037 -0.047495 0.014724
v -0.024179 -0.050092 0.014769
v -0.021786 -0.051158 0.014787
v -0.016655 -0.053016 0.014819
v -0.011362 -0.054372 0.014843
v -0.005919 -0.055216 0.014857
v -0.003307 -0.05543 0.014861
v 0.00215 -0.055486 0.014862
v 0.007594 -0.055014 0.014854
v 0.013011 -0.054008 0.014836
v 0.015545 -0.053346 0.014825
v 0.020714 -0.051593 0.014794
v 0.026194 -0.050303 0.015851
v 0.025695 -0.049346 0.014756
v 0.028221 -0.049595 0.017321
v 0.026384 -0.050649 0.017338
v 0.021269 -0.052957 0.017376
v 0.031365 -0.047786 0.020058
v 0.014356 -0.055192 0.066536
v -0.005052 -0.056776 0.066508
v -0.023899 -0.051845 0.066594
v -0.040042 -0.04096 0.066784
v -0.054646 -0.018357 0.067179
v -0.054922 -0.017658 0.067191
v -0.057487 -0.006753 0.067381
v -0.057786 -0.004071 0.067428
v -0.057974 -0.001 0.067482
v -0.056469 -0.012264 0.067285
v -0.057178 -0.008423 0.067352
v -0.051679 -0.025336 0.067057
v -0.052843 -0.022918 0.067099
v -0.048894 -0.030203 0.066972
v -0.050346 -0.027665 0.067016
v -0.04565 -0.03478 0.066892
v -0.044515 -0.036091 0.066869
v -0.041945 -0.039058 0.066817
v -0.035806 -0.044627 0.06672
v -0.037701 -0.042986 0.066749
v -0.03123 -0.047872 0.066663
v -0.029362 -0.048941 0.066645
v -0.02632 -0.050681 0.066614
v -0.018688 -0.053904 0.066558
v -0.020101 -0.053345 0.066568
v -0.013295 -0.055452 0.066531
v -0.010207 -0.056022 0.066521
v -0.007731 -0.056479 0.066513
v 0.000548 -0.056994 0.066504
v 1e-06 -0.056972 0.066505
v 0.006149 -0.05667 0.06651
v 0.008918 -0.056237 0.066517
v 0.011738 -0.055796 0.066525
v 0.018876 -0.053801 0.06656
v 0.019715 -0.053543 0.066564
v 0.028225 -0.049597 0.066633
v 0.024892 -0.051384 0.066602
v 0.029878 -0.04871 0.066649
v 0.036264 -0.044264 0.049867
v 0.032156 -0.047268 0.066674
v 0.036733 -0.043882 0.050766
v 0.034927 -0.045303 0.046702
v 0.03383 -0.046111 0.043162
v 0.033535 -0.046321 0.04197
v 0.032612 -0.046961 0.037036
v 0.031947 -0.047407 0.031123
v 0.031818 -0.047491 0.029468
v 0.042665 -0.038188 0.066832
v 0.042713 -0.038232 0.058481
v 0.040834 -0.04019 0.066798
v 0.042602 -0.038358 0.058389
v 0.036731 -0.04388 0.066733
v 0.040472 -0.040545 0.056218
v 0.038651 -0.042243 0.053913
v 0.036663 -0.043941 0.066732
v 0.037024 -0.043645 0.051325
v 0.052897 -0.022798 0.064837
v 0.051703 -0.02529 0.0643
v 0.052172 -0.024347 0.067074
v 0.049478 -0.029269 0.066988
v 0.049619 -0.029038 0.063264
v 0.048931 -0.030073 0.066974
v 0.048937 -0.030078 0.062873
v 0.046326 -0.033901 0.066907
v 0.047379 -0.032458 0.06198
v 0.044652 -0.036018 0.06687
v 0.045041 -0.035543 0.060397
v 0.044727 -0.035927 0.060161
v 0.056675 -0.01117 0.067304
v 0.05666 -0.011166 0.066331
v 0.056497 -0.012143 0.067287
v 0.056155 -0.013535 0.066142
v 0.054962 -0.017539 0.067193
v 0.05471 -0.01827 0.065587
v 0.053632 -0.020961 0.065141
v 0.053621 -0.020955 0.067133
v 0.054394 -0.019145 0.067165
v 0.057974 -0.001 0.067482
v 0.057974 -0.001 0.066869
v 0.057504 -0.006626 0.067383
v 0.057633 -0.005578 0.066703
v 0.057205 -0.00861 0.066535
v 0.058001 -0.005546 0.065044
v 0.057577 -0.008573 0.064879
v 0.058924 -0.001 0.064282
v 0.059394 -0.001 0.063887
v 0.05902 -0.005603 0.063684
v 0.032406 -0.047311 0.020013
v 0.033539 -0.047151 0.019973
v 0.034671 -0.047319 0.019939
v 0.059952 -0.001 0.063419
v 0.06087 -0.001 0.063073
v 0.060506 -0.005737 0.062869
v 0.06121 -0.001 0.062945
v 0.058239 -0.001 0.065437
v 0.058366 -0.001 0.065223
v 0.035094 -0.046995 0.029191
v 0.035709 -0.0478 0.019915
v 0.035217 -0.046904 0.0308
v 0.036203 -0.047406 0.030056
v 0.036132 -0.04746 0.029135
v 0.035865 -0.046439 0.036469
v 0.036816 -0.046966 0.035563
v 0.036256 -0.047367 0.030734
v 0.03706 -0.045594 0.042155
v 0.03782 -0.046276 0.040891
v 0.036771 -0.045798 0.041068
v 0.037724 -0.046342 0.040414
v 0.036907 -0.0469 0.036355
v 0.039424 -0.043878 0.048061
v 0.03919 -0.045356 0.04506
v 0.03813 -0.044829 0.045318
v 0.039061 -0.045442 0.044689
v 0.038111 -0.04608 0.041959
v 0.032846 -0.047011 0.029365
v 0.032972 -0.046925 0.031003
v 0.033626 -0.046471 0.036824
v 0.034533 -0.045822 0.041632
v 0.034823 -0.04561 0.042783
v 0.035896 -0.044801 0.046178
v 0.037197 -0.043771 0.049175
v 0.037933 -0.043161 0.050545
v 0.041713 -0.042073 0.051484
v 0.041234 -0.043948 0.048969
v 0.040154 -0.043322 0.049302
v 0.040924 -0.044166 0.048458
v 0.040495 -0.044467 0.047749
v 0.043382 -0.042317 0.051747
v 0.043041 -0.042594 0.051375
v 0.042814 -0.042778 0.051127
v 0.039504 -0.04179 0.052962
v 0.041256 -0.040135 0.055104
v 0.043305 -0.038006 0.057124
v 0.045355 -0.035635 0.05878
v 0.04459 -0.041334 0.053067
v 0.043454 -0.040556 0.053423
v 0.046324 -0.039741 0.054614
v 0.045502 -0.038568 0.055271
v 0.04669 -0.039405 0.05494
v 0.047563 -0.036302 0.056811
v 0.048813 -0.037162 0.056517
v 0.04787 -0.035939 0.057019
v 0.04913 -0.0368 0.056731
v 0.045659 -0.03526 0.059001
v 0.049619 -0.036186 0.057032
v 0.050168 -0.032977 0.058434
v 0.051167 -0.034244 0.057982
v 0.05011 -0.02887 0.061715
v 0.047927 -0.032237 0.060494
v 0.052151 -0.025166 0.062709
v 0.053325 -0.022696 0.063227
v 0.055111 -0.018198 0.063954
v 0.059377 -0.018453 0.061742
v 0.059115 -0.019309 0.061648
v 0.057528 -0.018768 0.061793
v 0.057216 -0.024025 0.060915
v 0.05569 -0.023368 0.061079
v 0.05597 -0.026596 0.060395
v 0.054485 -0.02588 0.060573
v 0.053807 -0.030413 0.0594
v 0.052395 -0.02962 0.059608
v 0.053079 -0.03149 0.059017
v 0.051504 -0.033821 0.058189
v 0.056538 -0.013485 0.064494
v 0.033968 -0.046841 0.02927
v 0.034092 -0.046753 0.030892
v 0.03474 -0.046292 0.03663
v 0.035643 -0.045643 0.041323
v 0.035931 -0.045432 0.042438
v 0.036998 -0.044638 0.045702
v 0.038287 -0.043638 0.048553
v 0.039014 -0.04305 0.049847
v 0.040565 -0.041731 0.05212
v 0.042294 -0.040139 0.054131
v 0.044319 -0.03808 0.056034
v 0.04635 -0.035767 0.057605
v 0.046652 -0.035399 0.057816
v 0.048909 -0.03242 0.059245
v 0.05109 -0.029075 0.060425
v 0.053135 -0.025374 0.061391
v 0.054313 -0.022898 0.061897
v 0.056109 -0.018375 0.06261
v 0.057546 -0.013623 0.063141
v 0.058593 -0.008663 0.063521
v 0.058998 -0.013925 0.062326
v 0.060069 -0.008862 0.062706
v 0.059417 -0.018322 0.061757
v 0.060634 -0.014337 0.062193
v 0.061741 -0.009136 0.062581
v 0.062192 -0.005924 0.062748
v 0.062554 -0.001 0.062914
v 0.060889 -0.001 0.061999
v 0.059332 -0.001 0.062643
v 0.058828 -0.001 0.063004
v 0.057721 -0.001 0.064271
v -0.056831 -0.001 0.015742
v -0.056982 -0.001 0.0165
v 0.05758 -0.001 0.064517
v 0.056965 -0.001 0.066202
v 0.05688 -0.001 0.066481
v 0.051981 -0.001 0.066481
v 0.052971 -0.001 0.067482
v 0.051981 -0.001 0.072982
v 0.052971 -0.001 0.073982
v -0.051981 -0.001 0.072982
v -0.052971 -0.001 0.073982
v -0.051981 -0.001 0.066481
v -0.052971 -0.001 0.067482
v -0.056982 -0.001 0.066481
v -0.056401 -0.001 0.015098
v -0.055758 -0.001 0.014669
v -0.055 -0.001 0.014518
v 0.151753 -0.001 0.060061
v 0.140012 -0.001 0.061976
v 0.137029 -0.001 0.061399
v 0.134609 -0.001 0.062681
v 0.124608 -0.001 0.062955
v 0.081686 -0.001 0.063975
v 0.085472 -0.001 0.064202
v 0.084903 -0.001 0.065173
v 0.09134 -0.001 0.064427
v 0.096049 -0.001 0.065499
v 0.102499 -0.001 0.06444
v 0.125804 -0.001 0.063829
v 0.117589 -0.001 0.064568
v 0.111318 -0.001 0.064074
v 0.113466 -0.001 0.064939
v 0.104665 -0.001 0.06438
v 0.101984 -0.001 0.065451
v 0.100699 -0.001 0.065461
v 0.16825 -0.001 0.057269
v 0.160158 -0.001 0.058689
v 0.153745 -0.001 0.058778
v 0.083991 -0.001 0.065102
v 0.073737 -0.001 0.064304
v 0.068428 -0.001 0.062699
v 0.067549 -0.001 0.063535
v 0.062572 -0.001 0.061908
v 0.062725 -0.001 0.061928
v 0.065575 -0.001 0.06233
v 0.101855 -0.059728 0.039506
v 0.101959 -0.061038 0.033421
v 0.084825 -0.060801 0.033925
v 0.16825 -0.006769 0.056849
v 0.16825 -0.011573 0.056082
v 0.151906 -0.013938 0.059121
v 0.16825 -0.012381 0.055953
v 0.16825 -0.017117 0.054748
v 0.151983 -0.02027 0.057984
v 0.16825 -0.043589 0.037674
v 0.16825 -0.044205 0.036849
v 0.152412 -0.048305 0.041213
v 0.042756 -0.051043 0.031082
v 0.042818 -0.050166 0.036634
v 0.042991 -0.045032 0.048892
v 0.067563 -0.01871 0.0629
v 0.05934 -0.03238 0.060056
v 0.067574 -0.02643 0.062186
v 0.084133 -0.018904 0.064376
v 0.059317 -0.037979 0.058662
v 0.051108 -0.041047 0.055528
v 0.051157 -0.036542 0.057338
v 0.05106 -0.044787 0.053222
v 0.042933 -0.047238 0.045482
v 0.051012 -0.047835 0.050358
v 0.042876 -0.048924 0.041415
v 0.050702 -0.05569 0.018025
v 0.050818 -0.054557 0.032098
v 0.05911 -0.058387 0.018483
v 0.067691 -0.060196 0.018801
v 0.07633 -0.061329 0.018979
v 0.16825 -0.055965 0.005307
v 0.152835 -0.058118 0.007246
v 0.16825 -0.055896 0.005908
v 0.152761 -0.057729 0.014053
v 0.16825 -0.055243 0.011595
v 0.16825 -0.054047 0.017207
v 0.152625 -0.05554 0.026319
v 0.16825 -0.052328 0.022582
v 0.16825 -0.054035 0.017246
v 0.152555 -0.05365 0.031759
v 0.16825 -0.050065 0.027647
v 0.16825 -0.051812 0.0239
v 0.152483 -0.051236 0.036726
v 0.16825 -0.046797 0.033373
v 0.16825 -0.047367 0.032417
v 0.16825 -0.049535 0.028782
v 0.16825 -0.041194 0.040363
v 0.152342 -0.044871 0.045217
v 0.16825 -0.040612 0.040913
v 0.16825 -0.037343 0.043999
v 0.152272 -0.040932 0.048734
v 0.16825 -0.036617 0.044594
v 0.152202 -0.036493 0.051767
v 0.152131 -0.031562 0.054317
v 0.16825 -0.027475 0.0506
v 0.16825 -0.031484 0.048322
v 0.16825 -0.032208 0.047809
v 0.16825 -0.035823 0.045245
v 0.16825 -0.017829 0.054567
v 0.16825 -0.021899 0.053159
v 0.152058 -0.026149 0.056387
v 0.16825 -0.022432 0.052922
v 0.16825 -0.026839 0.050961
v 0.16825 -0.005845 0.056916
v 0.151828 -0.007168 0.059826
v 0.134829 -0.01595 0.061838
v 0.117832 -0.017466 0.063783
v 0.100916 -0.018463 0.064677
v 0.102173 -0.062214 0.018634
v 0.119213 -0.061435 0.017665
v 0.136075 -0.059892 0.016124
v 0.152694 -0.056898 0.020414
v 0.118985 -0.060114 0.031952
v 0.11887 -0.058678 0.037926
v 0.118755 -0.056691 0.043171
v 0.101751 -0.057882 0.044789
v 0.118642 -0.054131 0.047727
v 0.101648 -0.055463 0.049322
v 0.118529 -0.050976 0.051632
v 0.101546 -0.05243 0.05316
v 0.118416 -0.047187 0.054928
v 0.101444 -0.048732 0.056356
v 0.118303 -0.042721 0.057657
v 0.135873 -0.058241 0.029557
v 0.13577 -0.056615 0.035311
v 0.135667 -0.054442 0.040445
v 0.135563 -0.051715 0.044978
v 0.135461 -0.048429 0.048932
v 0.135359 -0.044563 0.052329
v 0.135257 -0.040094 0.055193
v 0.135154 -0.035009 0.057549
v 0.13494 -0.022947 0.060842
v 0.135048 -0.029297 0.059423
v 0.118073 -0.031633 0.061588
v 0.118189 -0.037547 0.059863
v 0.101238 -0.039123 0.061047
v 0.101342 -0.044312 0.058967
v 0.084415 -0.044759 0.059025
v 0.092958 -0.049065 0.0566
v 0.084483 -0.049073 0.056527
v 0.093046 -0.052707 0.053456
v 0.084551 -0.052648 0.053438
v 0.084347 -0.039644 0.060995
v 0.101133 -0.033116 0.062653
v 0.117954 -0.024949 0.062879
v 0.050917 -0.052142 0.042712
v 0.050964 -0.050263 0.046875
v 0.059229 -0.052517 0.048004
v 0.059251 -0.049918 0.051557
v 0.067626 -0.051338 0.052479
v 0.059273 -0.046676 0.054476
v 0.067616 -0.047953 0.055454
v 0.059295 -0.04272 0.056823
v 0.067606 -0.043838 0.057848
v 0.067595 -0.038926 0.059724
v 0.067585 -0.033146 0.061149
v 0.084206 -0.026777 0.063606
v 0.135975 -0.059327 0.023168
v 0.119099 -0.061021 0.02521
v 0.102065 -0.061851 0.026481
v 0.084972 -0.061974 0.019011
v 0.084897 -0.061582 0.026949
v 0.084619 -0.055549 0.049695
v 0.084686 -0.057838 0.045237
v 0.076154 -0.057253 0.045023
v 0.076196 -0.05893 0.039842
v 0.067657 -0.057811 0.039418
v 0.067668 -0.058969 0.033471
v 0.059162 -0.057171 0.032896
v 0.050869 -0.053548 0.037806
v 0.059185 -0.05607 0.038737
v 0.059207 -0.054543 0.043752
v 0.067647 -0.056198 0.044525
v 0.067636 -0.054063 0.048857
v 0.076112 -0.055035 0.049424
v 0.076071 -0.052213 0.053109
v 0.07603 -0.048721 0.056142
v 0.075988 -0.044491 0.058586
v 0.075946 -0.039459 0.060507
v 0.084277 -0.03367 0.0625
v 0.101026 -0.026245 0.063844
v 0.093134 -0.055676 0.049662
v 0.093223 -0.058031 0.04516
v 0.084755 -0.059571 0.040001
v 0.076239 -0.060127 0.033816
v 0.150329 -0.00275 0.059316
v -0.055 -0.00275 0.014548
v -0.054881 -0.00275 0.016048
v -0.055746 -0.00275 0.014697
v -0.055047 -0.00275 0.016077
v -0.05638 -0.00275 0.01512
v -0.055194 -0.00275 0.016158
v -0.056803 -0.00275 0.015753
v 0.060406 -0.00275 0.062102
v 0.058911 -0.00275 0.062899
v 0.057763 -0.00275 0.064146
v 0.057449 -0.00275 0.064707
v 0.105455 -0.00275 0.064323
v 0.103298 -0.00275 0.064389
v -0.055306 -0.00275 0.016284
v -0.055369 -0.00275 0.016439
v -0.056952 -0.00275 0.0165
v -0.056952 -0.00275 0.066451
v -0.051951 -0.00275 0.066451
v -0.051951 -0.00275 0.072951
v 0.051951 -0.00275 0.072951
v 0.051951 -0.00275 0.066451
v 0.056857 -0.00275 0.066451
v 0.080258 -0.00275 0.063843
v 0.085474 -0.00275 0.064171
v 0.09213 -0.00275 0.064416
v 0.062081 -0.00275 0.061845
v 0.062729 -0.00275 0.061898
v 0.068432 -0.00275 0.062669
v 0.117105 -0.00275 0.063635
v 0.118754 -0.00275 0.063495
v 0.131893 -0.00275 0.062062
v 0.137025 -0.00275 0.061368
v 0.116804 0.001 -0.063474
v 0.112704 0.001 -0.063772
v 0.1127 -0.0025 -0.063711
v 0.124791 0.001 -0.062569
v 0.136988 -0.0025 -0.061126
v 0.136996 0.001 -0.061186
v 0.124801 -0.0025 -0.062653
v 0.124638 -0.0025 -0.062674
v 0.070745 0.001 -0.062759
v 0.068455 0.001 -0.062486
v 0.068462 -0.0025 -0.062425
v 0.079357 0.001 -0.063538
v 0.07936 -0.0025 -0.063496
v 0.082104 0.001 -0.063787
v 0.080753 -0.0025 -0.063632
v 0.090372 0.001 -0.064186
v 0.090376 -0.0025 -0.064067
v 0.093671 0.001 -0.06426
v 0.106159 -0.0025 -0.06405
v 0.104831 0.001 -0.064158
v 0.101493 -0.0025 -0.064118
v 0.101495 0.001 -0.064188
v 0.09493 -0.0025 -0.064214
v 0.093056 -0.0025 -0.064189
v 0.065215 -0.0025 -0.062002
v 0.063552 0.001 -0.061831
v 0.062766 -0.0025 -0.061655
v 0.062757 0.001 -0.061715
v 0.056856 0.001 -0.065931
v 0.056767 0.001 -0.066892
v 0.056706 -0.0025 -0.066892
v 0.061108 -0.0025 -0.061674
v 0.061065 0.001 -0.061744
v 0.06054 -0.0025 -0.061874
v 0.060749 0.001 -0.061811
v 0.060548 0.001 -0.061897
v 0.05943 -0.0025 -0.062264
v 0.059193 0.001 -0.062476
v 0.058583 -0.0025 -0.062942
v 0.056713 -0.0025 -0.066616
v 0.057103 -0.0025 -0.06488
v 0.057297 0.001 -0.064733
v 0.057213 -0.0025 -0.064704
v 0.057462 0.001 -0.064285
v 0.058043 -0.0025 -0.063375
v 0.058579 0.001 -0.062932
v 0.058915 0.001 -0.062665
v 0.056706 -0.0025 -0.069205
v 0.056767 0.001 -0.069266
v 0.13699 -0.0025 0.061125
v 0.136999 0.001 0.061186
v 0.150145 -0.0025 0.059098
v 0.155091 0.001 0.058331
v 0.156751 -0.0025 0.057986
v 0.156761 0.001 0.058047
v 0.124181 -0.0025 0.062657
v 0.1161 -0.0025 0.063468
v 0.111306 0.001 0.063859
v 0.085487 -0.0025 0.063926
v 0.085483 0.001 0.063987
v 0.091601 -0.0025 0.064158
v 0.087123 0.001 0.064065
v 0.098393 -0.0025 0.064155
v 0.123528 0.001 0.062853
v 0.124194 0.001 0.062779
v 0.129059 -0.0025 0.062168
v 0.12738 0.001 0.062429
v 0.09829 0.001 0.064284
v 0.098394 0.001 0.064282
v 0.102905 -0.0025 0.064154
v 0.103252 0.001 0.064206
v 0.111299 -0.0025 0.063745
v 0.114448 -0.0025 0.063592
v 0.068462 -0.0025 0.062425
v 0.068455 0.001 0.062486
v 0.080009 -0.0025 0.063578
v 0.082571 0.001 0.063818
v 0.068052 0.001 0.062436
v 0.062766 -0.0025 0.061655
v 0.062757 0.001 0.061715
v 0.062194 0.001 0.061664
v 0.062138 -0.0025 0.061601
v 0.060717 0.001 0.061858
v 0.060703 -0.0025 0.061806
v 0.060454 0.001 0.061893
v 0.06038 -0.0025 0.061852
v 0.058888 0.001 0.062685
v 0.058829 -0.0025 0.062658
v 0.058868 0.001 0.062706
v 0.058804 -0.0025 0.062671
v 0.057654 0.001 0.063977
v 0.057588 -0.0025 0.063966
v 0.057511 0.001 0.064202
v 0.057451 -0.0025 0.064199
v 0.057501 0.001 0.064228
v 0.057289 -0.0025 0.064476
v 0.056857 0.001 0.065817
v 0.056675 -0.0025 0.066205
v 0.05672 0.001 0.066266
v 0.024304 0.051659 -0.032105
v 0.020872 0.053046 -0.032128
v 0.020871 0.053041 -0.069573
v -0.057837 0.003443 -0.031307
v -0.057974 0.001 -0.031266
v -0.057974 0.001 -0.070482
v -0.057575 0.006073 -0.03135
v -0.057501 0.006644 -0.070383
v -0.057156 0.008498 -0.03139
v -0.057162 0.008499 -0.070351
v -0.056618 0.011614 -0.031442
v -0.056489 0.012179 -0.070286
v -0.055128 0.017042 -0.031532
v -0.054945 0.017591 -0.070192
v -0.054588 0.018453 -0.031555
v -0.054633 0.018471 -0.070177
v -0.054394 0.019145 -0.070165
v -0.0531 0.022342 -0.031619
v -0.052164 0.024363 -0.070074
v -0.051987 0.024724 -0.031659
v -0.050278 0.027792 -0.03171
v -0.050283 0.027795 -0.070014
v -0.04925 0.029638 -0.03174
v -0.049459 0.0293 -0.069988
v -0.046048 0.034267 -0.031817
v -0.046293 0.033944 -0.069907
v -0.044392 0.036222 -0.031849
v -0.044652 0.036018 -0.06987
v -0.044434 0.036256 -0.069866
v -0.04238 0.038598 -0.031888
v -0.040535 0.040484 -0.03192
v -0.040821 0.040203 -0.069797
v -0.037131 0.043501 -0.03197
v -0.037139 0.043511 -0.06974
v -0.036635 0.043964 -0.069732
v -0.028669 0.049343 -0.032066
v -0.031775 0.04752 -0.032036
v -0.032111 0.047298 -0.069674
v -0.036329 0.044212 -0.031981
v -0.029878 0.04871 -0.069649
v -0.028677 0.049354 -0.069638
v -0.026881 0.050392 -0.032084
v -0.024522 0.051558 -0.032103
v -0.024876 0.051392 -0.069602
v -0.019336 0.053678 -0.032138
v -0.019681 0.053556 -0.069564
v -0.019332 0.053663 -0.069562
v -0.019318 0.053685 -0.032138
v -0.013926 0.0553 -0.032165
v -0.014304 0.055205 -0.069535
v -0.011738 0.055796 -0.069525
v -0.009357 0.056195 -0.03218
v -0.009355 0.056168 -0.069519
v -0.008357 0.056391 -0.032183
v 0.010989 0.055877 -0.069524
v 0.011 0.055938 -0.032176
v 0.007731 0.056479 -0.069513
v 0.0055 0.056735 -0.032189
v -0.005738 0.056712 -0.032188
v -0.006131 0.056671 -0.06951
v -0.000122 0.056996 -0.032193
v -0.000512 0.056994 -0.069504
v 0.000899 0.056949 -0.032192
v 0.000899 0.056938 -0.069505
v 0.005106 0.056771 -0.069508
v 0.018722 0.053892 -0.069558
v 0.019086 0.053767 -0.03214
v 0.013312 0.055448 -0.069531
v 0.013691 0.055357 -0.032166
v 0.011116 0.055921 -0.032175
v 0.030123 0.04855 -0.033822
v 0.029335 0.049032 -0.032061
v 0.035954 0.044511 -0.044406
v 0.033464 0.046371 -0.040447
v 0.030104 0.048516 -0.069652
v 0.037823 0.042969 -0.04705
v 0.023948 0.051822 -0.069595
v 0.02632 0.050681 -0.069614
v 0.03119 0.047898 -0.036205
v 0.031245 0.047863 -0.069664
v 0.035834 0.044604 -0.06972
v 0.038405 0.042454 -0.047816
v 0.038366 0.042409 -0.069759
v 0.039082 0.041854 -0.048707
v 0.041829 0.039179 -0.052044
v 0.040081 0.040922 -0.069785
v 0.041945 0.039058 -0.069817
v 0.042605 0.038313 -0.052902
v 0.042596 0.038306 -0.06983
v 0.044516 0.036181 -0.055013
v 0.047094 0.032857 -0.057638
v 0.048349 0.03104 -0.058847
v 0.045661 0.034766 -0.069892
v 0.048884 0.030163 -0.059337
v 0.04891 0.030178 -0.069972
v 0.050641 0.02728 -0.060949
v 0.053594 0.021017 -0.070132
v 0.053612 0.021024 -0.063476
v 0.052843 0.022918 -0.070099
v 0.052673 0.02329 -0.062705
v 0.051704 0.025288 -0.070058
v 0.048913 0.030173 -0.069972
v 0.057974 0.001 -0.070482
v 0.057974 0.001 -0.066866
v 0.057786 0.004071 -0.070428
v 0.057905 0.002452 -0.066807
v 0.057494 0.0067 -0.070382
v 0.05742 0.007234 -0.06644
v 0.056666 0.011202 -0.070303
v 0.056682 0.011205 -0.06589
v 0.056477 0.012229 -0.070286
v 0.056551 0.01191 -0.065792
v 0.054928 0.017641 -0.070191
v 0.055309 0.016479 -0.064841
v 0.054419 0.019078 -0.064138
v 0.058239 0.001 -0.065433
v 0.058366 0.001 -0.06522
v 0.058271 0.002399 -0.065147
v 0.061209 0.001 -0.062942
v 0.062553 0.001 -0.06291
v 0.062478 0.002547 -0.062852
v 0.032162 0.048124 -0.032855
v 0.031185 0.048303 -0.032589
v 0.032543 0.047446 -0.035345
v 0.03023 0.048614 -0.03232
v 0.031834 0.047591 -0.035765
v 0.030473 0.0485 -0.032391
v 0.030961 0.048344 -0.032528
v 0.034035 0.047658 -0.034634
v 0.033205 0.048125 -0.033122
v 0.033288 0.047469 -0.034962
v 0.032898 0.048105 -0.033046
v 0.032192 0.048124 -0.032863
v 0.059952 0.001 -0.063416
v 0.06087 0.001 -0.06307
v 0.060785 0.002451 -0.062973
v 0.058924 0.001 -0.064279
v 0.059292 0.002398 -0.063787
v 0.059394 0.001 -0.063884
v 0.057797 0.007124 -0.064794
v 0.061962 0.007493 -0.062494
v 0.060291 0.007266 -0.062628
v 0.06176 0.008546 -0.062357
v 0.059408 0.011957 -0.062024
v 0.061038 0.012304 -0.061867
v 0.05998 0.016045 -0.061132
v 0.058144 0.016522 -0.061141
v 0.059717 0.016975 -0.06095
v 0.058769 0.019617 -0.060275
v 0.054867 0.018818 -0.062597
v 0.055737 0.016251 -0.063267
v 0.056949 0.011741 -0.064175
v 0.057463 0.022605 -0.059313
v 0.05546 0.023294 -0.059171
v 0.057239 0.019111 -0.060491
v 0.053161 0.02298 -0.061232
v 0.051171 0.02693 -0.059559
v 0.056911 0.023867 -0.058907
v 0.054749 0.027854 -0.057244
v 0.053387 0.02724 -0.057561
v 0.054473 0.028275 -0.057021
v 0.051042 0.030944 -0.055642
v 0.05231 0.031568 -0.055272
v 0.051161 0.033096 -0.054304
v 0.049755 0.032729 -0.054541
v 0.050973 0.033345 -0.054147
v 0.047106 0.035985 -0.052159
v 0.049275 0.035337 -0.052647
v 0.04514 0.035782 -0.053901
v 0.047685 0.032469 -0.056405
v 0.04892 0.030662 -0.057557
v 0.048229 0.036563 -0.051723
v 0.047688 0.037105 -0.05121
v 0.044336 0.038914 -0.049468
v 0.045368 0.039429 -0.049009
v 0.044222 0.040421 -0.047822
v 0.041496 0.041525 -0.046443
v 0.039744 0.041471 -0.047863
v 0.042477 0.038783 -0.051063
v 0.042444 0.041959 -0.045982
v 0.041103 0.043008 -0.044484
v 0.040191 0.042614 -0.044937
v 0.040858 0.043186 -0.044191
v 0.03825 0.044123 -0.042527
v 0.039112 0.044456 -0.042095
v 0.037732 0.045367 -0.040228
v 0.03566 0.045953 -0.038894
v 0.03646 0.046207 -0.038508
v 0.034872 0.047157 -0.035972
v 0.058815 0.007135 -0.063443
v 0.057961 0.011757 -0.062841
v 0.056738 0.016267 -0.06196
v 0.055862 0.01883 -0.06131
v 0.054141 0.022981 -0.059989
v 0.052133 0.026916 -0.058372
v 0.049859 0.030628 -0.056439
v 0.048611 0.032424 -0.055327
v 0.046037 0.035714 -0.052913
v 0.04334 0.038692 -0.050175
v 0.040572 0.041358 -0.047087
v 0.039298 0.042473 -0.045547
v 0.037401 0.044019 -0.043081
v 0.034867 0.045895 -0.039364
v 0.038488 0.042594 -0.04627
v 0.036618 0.044151 -0.043722
v 0.034121 0.046037 -0.03989
v 0.062269 0.050388 -0.026777
v 0.062123 0.050202 -0.026664
v 0.061659 0.050002 -0.027851
v 0.069018 0.053093 -0.033099
v 0.069001 0.053094 -0.03309
v 0.069 0.053094 -0.033092
v 0.068591 0.053125 -0.032875
v 0.068554 0.053109 -0.032921
v 0.066749 0.053078 -0.03186
v 0.069004 0.053096 -0.033086
v 0.069003 0.053095 -0.033088
v 0.068665 0.053162 -0.032784
v 0.068628 0.053143 -0.03283
v 0.067139 0.053255 -0.031362
v 0.066948 0.05315 -0.031608
v 0.066339 0.053161 -0.030583
v 0.066072 0.053006 -0.030942
v 0.065129 0.052782 -0.029383
v 0.064609 0.052501 -0.029814
v 0.064985 0.052737 -0.02924
v 0.064134 0.052266 -0.028402
v 0.063706 0.05199 -0.029132
v 0.063077 0.05139 -0.027415
v 0.062613 0.051105 -0.02837
v 0.062941 0.051248 -0.027297
v 0.062476 0.050968 -0.028283
v 0.065784 0.052922 -0.031308
v 0.064162 0.052425 -0.03038
v 0.063152 0.051943 -0.029827
v 0.061915 0.05113 -0.029219
v 0.061758 0.051006 -0.029151
v 0.060015 0.050778 -0.029478
v 0.06089 0.051357 -0.029777
v 0.061077 0.051462 -0.029848
v 0.062521 0.052129 -0.030425
v 0.063671 0.052514 -0.030907
v 0.065482 0.052911 -0.031673
v 0.065552 0.05292 -0.031702
v 0.066544 0.053042 -0.032115
v 0.059754 0.050604 -0.029388
v 0.060817 0.050145 -0.028819
v 0.05604 0.039945 0.011211
v 0.056507 0.041056 0.011242
v 0.055649 0.04003 0.012707
v 0.05615 0.041233 0.012734
v 0.054593 0.04031 0.013804
v 0.055197 0.041758 0.013831
v 0.053154 0.040712 0.014211
v 0.0539 0.04249 0.014241
v 0.055853 0.038754 0.011178
v 0.055451 0.038742 0.012677
v 0.054354 0.038761 0.013775
v 0.052855 0.038806 0.014177
v 0.0595 0.046095 0.011332
v 0.06267 0.051025 0.011419
v 0.05915 0.046285 0.012823
v 0.062327 0.051228 0.012911
v 0.058217 0.046843 0.01392
v 0.061416 0.051818 0.014007
v 0.056948 0.047621 0.014331
v 0.060175 0.05264 0.014419
v 0.063296 0.051955 0.0115
v 0.063919 0.052867 0.011708
v 0.062905 0.052005 0.012898
v 0.063486 0.052782 0.012995
v 0.062024 0.052438 0.013968
v 0.062634 0.053064 0.014017
v 0.060859 0.053152 0.01446
v 0.061538 0.053655 0.014565
v -0.057519 0.001 0.014928
v -0.056849 0.001 0.014175
v -0.056459 0.001393 0.013926
v -0.056454 0.001 0.013956
v -0.055967 0.001 0.013687
v -0.057556 0.00142 0.015024
v -0.057558 0.001 0.015023
v -0.057958 0.001411 0.016523
v -0.057974 0.001 0.016516
v -0.057901 0.001 0.015859
v -0.057169 0.0085 0.01664
v -0.057451 0.007017 0.016616
v -0.05705 0.006987 0.015118
v -0.056401 0.01255 0.016707
v -0.056006 0.012481 0.015211
v -0.054421 0.017888 0.015302
v -0.050276 0.027789 0.016959
v -0.051554 0.025581 0.016923
v -0.051189 0.025419 0.01543
v -0.053886 0.020466 0.016838
v -0.053507 0.020341 0.015344
v -0.05463 0.01847 0.016805
v -0.054806 0.017996 0.016797
v -0.048734 0.030452 0.017004
v -0.048388 0.030255 0.015512
v -0.045103 0.034833 0.015589
v -0.039559 0.040873 0.015692
v -0.043738 0.037093 0.017113
v -0.043426 0.036848 0.015623
v -0.044434 0.036257 0.0171
v -0.045426 0.035064 0.01708
v -0.0307 0.047741 0.015808
v -0.035569 0.044812 0.017241
v -0.035315 0.044509 0.015753
v -0.037118 0.043485 0.017219
v -0.039844 0.041148 0.017181
v -0.023478 0.051602 0.015873
v -0.028667 0.049418 0.017317
v -0.028461 0.049081 0.015831
v -0.028701 0.049398 0.017317
v -0.030922 0.048068 0.017295
v -0.00936 0.056196 0.01743
v -0.010358 0.056064 0.017427
v -0.010283 0.055678 0.015942
v -0.012939 0.055535 0.017419
v -0.012845 0.055153 0.015933
v -0.018403 0.054 0.017393
v -0.01827 0.053629 0.015908
v -0.019323 0.053642 0.017387
v -0.023648 0.051957 0.017359
v -0.004784 0.056799 0.01744
v -0.004749 0.056407 0.015955
v 0.000835 0.056597 0.015958
v -0.055963 0.006854 0.01402
v -0.054939 0.012244 0.014114
v -0.053384 0.017548 0.014205
v -0.052488 0.019954 0.014247
v -0.050214 0.024936 0.014333
v -0.047467 0.02968 0.014415
v -0.044244 0.03417 0.014493
v -0.042599 0.036146 0.014527
v -0.038806 0.040095 0.014595
v -0.034642 0.043662 0.014657
v -0.030116 0.046833 0.014712
v -0.027919 0.048148 0.014735
v -0.023031 0.05062 0.014778
v -0.017923 0.052609 0.014812
v -0.012601 0.054104 0.014838
v -0.010087 0.054619 0.014847
v -0.004659 0.055334 0.014859
v 0.000819 0.055521 0.014862
v 0.006335 0.05517 0.014856
v 0.006457 0.05624 0.015952
v 0.008875 0.054825 0.01485
v 0.009048 0.055888 0.015946
v 0.006504 0.056631 0.017437
v 0.000901 0.056987 0.017443
v 0.000841 0.05699 0.017443
v 0.014617 0.055125 0.017412
v 0.010988 0.055884 0.017424
v 0.009113 0.056276 0.017431
v 0.019845 0.053077 0.015898
v 0.014512 0.054745 0.015926
v 0.019468 0.052067 0.014803
v 0.014236 0.053704 0.014831
v 0.01999 0.053444 0.017384
v 0.018956 0.05068 0.014384
v 0.023911 0.04858 0.014348
v 0.024397 0.049582 0.014662
v 0.013861 0.052274 0.014412
v 0.008642 0.053366 0.014431
v 0.006168 0.053702 0.014437
v 0.000798 0.054043 0.014443
v -0.004537 0.053861 0.01444
v -0.009822 0.053165 0.014428
v -0.01227 0.052663 0.014419
v -0.017451 0.051207 0.014394
v -0.022425 0.04927 0.01436
v -0.027185 0.046862 0.014318
v -0.029323 0.045582 0.014295
v -0.03373 0.042494 0.014242
v -0.037783 0.03902 0.014181
v -0.041476 0.035175 0.014114
v -0.043077 0.03325 0.01408
v -0.046213 0.028878 0.014004
v -0.048888 0.024258 0.013923
v -0.051099 0.019407 0.013839
v -0.051972 0.017065 0.013798
v -0.053484 0.011901 0.013708
v -0.054479 0.006654 0.013616
v -0.054961 0.001338 0.013523
v -0.054974 0.001 0.013517
v 0.024557 0.049912 0.014765
v 0.024795 0.050396 0.015313
v 0.025033 0.05088 0.015861
v 0.025078 0.050966 0.016229
v 0.025215 0.05123 0.017347
v 0.020879 0.053066 0.017378
v 0.057974 0.001 0.066866
v 0.057974 0.001 0.067482
v 0.057905 0.002453 0.066807
v 0.057786 0.004071 0.067428
v 0.05742 0.007234 0.06644
v 0.057494 0.0067 0.067382
v 0.056682 0.011206 0.06589
v 0.056666 0.011203 0.067303
v 0.056551 0.01191 0.065792
v 0.056477 0.01223 0.067286
v 0.055309 0.016479 0.064841
v 0.054928 0.017641 0.067191
v 0.054419 0.019079 0.064138
v 0.053594 0.021017 0.067132
v 0.053612 0.021024 0.063476
v 0.052673 0.02329 0.062705
v 0.052843 0.022919 0.067099
v 0.051704 0.025288 0.067058
v 0.050641 0.02728 0.060949
v 0.048913 0.030173 0.066972
v 0.048884 0.030163 0.059337
v 0.04891 0.030178 0.066972
v 0.048349 0.031041 0.058846
v 0.045661 0.034766 0.066892
v 0.047094 0.032858 0.057637
v 0.042596 0.038306 0.06683
v 0.044516 0.036181 0.055013
v 0.041945 0.039058 0.066817
v 0.041829 0.03918 0.052044
v 0.042605 0.038313 0.052902
v 0.038405 0.042454 0.047816
v 0.039082 0.041855 0.048707
v 0.038366 0.042409 0.066759
v 0.040081 0.040923 0.066785
v 0.030104 0.048516 0.066652
v 0.030887 0.04809 0.035578
v 0.033127 0.046607 0.039862
v 0.035589 0.044797 0.04386
v 0.037823 0.04297 0.04705
v 0.031245 0.047863 0.066663
v 0.035834 0.044605 0.06672
v 0.02632 0.050682 0.066614
v 0.028906 0.049281 0.030978
v 0.030123 0.048549 0.033804
v 0.026165 0.05076 0.022064
v 0.027544 0.05004 0.02709
v 0.020871 0.053041 0.066573
v 0.023948 0.051822 0.066594
v 0.018722 0.053892 0.066558
v 0.013312 0.055448 0.066531
v 0.010989 0.055877 0.066524
v 0.007731 0.056479 0.066513
v 0.005106 0.056771 0.066508
v 0.000899 0.056938 0.066505
v -0.000512 0.056994 0.066504
v -0.006131 0.056672 0.06651
v -0.009355 0.056168 0.066518
v -0.011738 0.055797 0.066525
v -0.014304 0.055205 0.066535
v -0.019332 0.053663 0.066562
v -0.019681 0.053556 0.066564
v -0.024876 0.051392 0.066602
v -0.028677 0.049354 0.066637
v -0.029878 0.04871 0.066649
v -0.032111 0.047299 0.066673
v -0.036635 0.043964 0.066731
v -0.037139 0.043511 0.066739
v -0.040821 0.040203 0.066797
v -0.044434 0.036256 0.066866
v -0.044652 0.036018 0.06687
v -0.046293 0.033944 0.066906
v -0.049459 0.0293 0.066988
v -0.050283 0.027795 0.067014
v -0.052164 0.024364 0.067074
v -0.054394 0.019145 0.067165
v -0.054633 0.018471 0.067177
v -0.054945 0.017591 0.067192
v -0.056489 0.012179 0.067286
v -0.057162 0.008499 0.067351
v -0.057501 0.006645 0.067383
v -0.057974 0.001 0.067482
v 0.040191 0.042615 0.044937
v 0.041103 0.043008 0.044484
v 0.042444 0.04196 0.045982
v 0.061209 0.001 0.062942
v 0.06087 0.001 0.06307
v 0.060785 0.002451 0.062973
v 0.058239 0.001 0.065433
v 0.027147 0.050816 0.01762
v 0.027813 0.050847 0.017713
v 0.028027 0.050364 0.021546
v 0.028497 0.050528 0.020659
v 0.026758 0.050522 0.021885
v 0.025839 0.05101 0.017436
v 0.026505 0.050836 0.017531
v 0.025549 0.051085 0.017395
v 0.058924 0.001 0.064279
v 0.058366 0.001 0.06522
v 0.058271 0.002399 0.065147
v 0.059952 0.001 0.063416
v 0.059292 0.002399 0.063787
v 0.059394 0.001 0.063884
v 0.062553 0.001 0.06291
v 0.06176 0.008547 0.062357
v 0.061962 0.007493 0.062494
v 0.060291 0.007266 0.062628
v 0.062191 0.005305 0.062653
v 0.062478 0.002547 0.062852
v 0.057797 0.007124 0.064794
v 0.056949 0.011741 0.064175
v 0.061038 0.012304 0.061867
v 0.059408 0.011957 0.062024
v 0.059979 0.016046 0.061132
v 0.058144 0.016523 0.061141
v 0.059717 0.016976 0.06095
v 0.057239 0.019112 0.060491
v 0.058769 0.019617 0.060275
v 0.055737 0.016251 0.063267
v 0.054867 0.018818 0.062596
v 0.053161 0.02298 0.061232
v 0.057463 0.022606 0.059313
v 0.05546 0.023294 0.059171
v 0.056911 0.023868 0.058907
v 0.053387 0.02724 0.057561
v 0.054749 0.027854 0.057244
v 0.04892 0.030662 0.057557
v 0.051171 0.02693 0.059559
v 0.054472 0.028275 0.057021
v 0.051042 0.030944 0.055642
v 0.05231 0.031568 0.055272
v 0.05116 0.033097 0.054304
v 0.049755 0.032729 0.054541
v 0.050973 0.033345 0.054147
v 0.047106 0.035985 0.052159
v 0.048229 0.036563 0.051723
v 0.047685 0.032469 0.056404
v 0.04514 0.035782 0.053901
v 0.042477 0.038783 0.051063
v 0.044222 0.040422 0.047822
v 0.044508 0.040174 0.048118
v 0.044336 0.038914 0.049468
v 0.045368 0.039429 0.049009
v 0.047688 0.037105 0.05121
v 0.038488 0.042594 0.04627
v 0.039744 0.041471 0.047863
v 0.041496 0.041526 0.046442
v 0.040859 0.043184 0.044189
v 0.037871 0.044404 0.042028
v 0.038723 0.044725 0.041602
v 0.035309 0.046187 0.038355
v 0.0361 0.046431 0.037976
v 0.037731 0.04537 0.04023
v 0.036253 0.044441 0.043194
v 0.033783 0.046277 0.039323
v 0.031528 0.047787 0.035154
v 0.02953 0.049005 0.030655
v 0.028154 0.049782 0.026838
v 0.058815 0.007135 0.063443
v 0.057961 0.011758 0.062841
v 0.056738 0.016267 0.06196
v 0.055862 0.01883 0.06131
v 0.054141 0.022982 0.059989
v 0.052133 0.026916 0.058372
v 0.049859 0.030628 0.056439
v 0.048611 0.032424 0.055327
v 0.046037 0.035714 0.052912
v 0.04334 0.038692 0.050175
v 0.040572 0.041358 0.047087
v 0.039298 0.042473 0.045547
v 0.03703 0.044307 0.042571
v 0.034523 0.046135 0.038812
v 0.032233 0.047642 0.034748
v 0.030202 0.048862 0.030344
v 0.028804 0.049643 0.026593
v 0.027384 0.050389 0.02171
v 0.026834 0.050802 0.017577
v 0.032971 0.047661 0.034377
v 0.030899 0.048857 0.030056
v 0.029473 0.049627 0.026364
v 0.028667 0.050449 0.021396
v 0.030142 0.049733 0.026158
v 0.031597 0.048991 0.0298
v 0.032359 0.048577 0.031336
v 0.033711 0.047842 0.034058
v 0.034877 0.047153 0.03597
v 0.026825 0.050652 0.016369
v 0.025468 0.050893 0.016243
v 0.024889 0.049404 0.014591
v 0.02448 0.048335 0.014344
v 0.025236 0.050302 0.015258
v 0.026481 0.050673 0.016336
v 0.026396 0.050057 0.015304
v 0.026264 0.049088 0.014599
v 0.026108 0.047921 0.014336
v 0.026789 0.050036 0.01532
v 0.026734 0.049054 0.014603
v 0.026668 0.047869 0.014335
v 0.027835 0.050744 0.016467
v 0.027945 0.05015 0.015372
v 0.028122 0.049168 0.014619
v 0.028336 0.047969 0.014337
v 0.04454 0.053552 0.017741
v 0.04249 0.053276 0.017737
v 0.04251 0.053167 0.016496
v 0.06217 0.05406 0.014722
v 0.057067 0.053511 0.014692
v 0.063508 0.054832 0.015093
v 0.064638 0.055299 0.01547
v 0.05695 0.054499 0.01544
v 0.071017 0.056593 0.01779
v 0.071035 0.056594 0.017797
v 0.062211 0.055734 0.017778
v 0.066757 0.055998 0.016216
v 0.067679 0.056177 0.016556
v 0.056878 0.055101 0.016527
v 0.06887 0.056408 0.016997
v 0.070312 0.056557 0.017531
v 0.065211 0.055536 0.015661
v 0.062781 0.054452 0.014875
v 0.057208 0.052306 0.014413
v 0.056862 0.055212 0.017766
v 0.042937 0.050384 0.014379
v 0.042755 0.051584 0.014659
v 0.042604 0.052568 0.015407
v 0.071018 0.056594 0.017788
v 0.070369 0.056565 0.017453
v 0.069045 0.056402 0.016762
v 0.067126 0.055896 0.015771
v 0.07102 0.056594 0.017786
v 0.071021 0.056594 0.017784
v 0.070426 0.056577 0.017375
v 0.070482 0.056592 0.017297
v 0.069216 0.056425 0.016525
v 0.069381 0.056476 0.016288
v 0.067471 0.055903 0.015297
v 0.06778 0.056017 0.014812
v 0.067071 0.055663 0.014172
v 0.066228 0.055277 0.014453
v 0.067044 0.055649 0.014148
v 0.064267 0.054432 0.014471
v 0.065747 0.05531 0.015101
v 0.063653 0.053975 0.014258
v 0.064909 0.054318 0.013636
v 0.064369 0.05381 0.013348
v 0.066619 0.055437 0.013764
v 0.065354 0.054501 0.012692
v 0.06482 0.053982 0.012282
v 0.067459 0.056284 -0.0
v 0.071654 0.057584 -0.0
v 0.07156 0.057437 0.007434
v 0.067358 0.056139 0.007258
v 0.071257 0.056954 0.014574
v 0.064225 0.053311 -0.0
v 0.064123 0.053163 0.00704
v 0.071316 0.057049 0.013174
v 0.069417 0.053811 -0.030857
v 0.069694 0.054309 -0.0293
v 0.065358 0.05316 -0.028152
v 0.062911 0.051386 -0.022055
v 0.070252 0.055275 -0.025277
v 0.066157 0.054373 -0.023097
v 0.07044 0.0556 -0.023925
v 0.070998 0.056533 -0.018263
v 0.066756 0.055263 -0.017708
v 0.071325 0.057063 -0.013174
v 0.06716 0.055853 -0.012061
v 0.071375 0.057144 -0.01239
v 0.071588 0.057481 -0.006296
v 0.067388 0.056182 -0.006151
v 0.063513 0.052275 -0.017016
v 0.063922 0.052871 -0.011653
v 0.064153 0.053207 -0.005971
v 0.060458 0.047627 -0.026109
v 0.058444 0.044365 -0.026051
v 0.056507 0.041056 -0.025992
v 0.061084 0.048607 -0.026197
v 0.05604 0.039945 -0.025961
v 0.055853 0.038754 -0.025928
v 0.055649 0.04003 -0.027457
v 0.055451 0.038742 -0.027427
v 0.054593 0.04031 -0.028554
v 0.054354 0.038761 -0.028525
v 0.053154 0.040711 -0.028961
v 0.052855 0.038806 -0.028927
v 0.05615 0.041233 -0.027484
v 0.055197 0.041758 -0.028581
v 0.0539 0.04249 -0.028992
v 0.058092 0.04455 -0.027543
v 0.057152 0.045096 -0.02864
v 0.055873 0.045858 -0.02905
v 0.060111 0.047821 -0.027601
v 0.059184 0.048389 -0.028697
v 0.057924 0.04918 -0.029108
v 0.059711 0.050572 -0.029379
v 0.060687 0.048639 -0.027591
v 0.059795 0.049042 -0.02866
v 0.058614 0.049723 -0.029153
v 0.059572 0.051793 -0.030392
v 0.059691 0.05075 -0.029463
v 0.059512 0.052302 -0.031697
v 0.066324 0.05283 -0.033097
v 0.046866 0.047675 -0.029082
v 0.046659 0.049025 -0.029437
v 0.046417 0.050564 -0.031693
v 0.046497 0.050064 -0.030377
v 0.033176 0.048304 -0.031707
v 0.033271 0.047821 -0.030367
v 0.03347 0.046783 -0.029406
v 0.033727 0.045427 -0.029043
v 0.059525 0.052167 -0.033091
v 0.04931 0.050799 -0.033095
v 0.046436 0.050414 -0.033096
v 0.033254 0.045353 -0.029042
v 0.032949 0.047747 -0.030332
v 0.032883 0.048251 -0.031645
v 0.032163 0.048188 -0.031497
v 0.033083 0.046705 -0.029396
v 0.032126 0.04529 -0.029041
v 0.032142 0.046608 -0.029372
v 0.030292 0.045512 -0.029044
v 0.030573 0.046723 -0.029337
v 0.029549 0.045719 -0.029048
v 0.029925 0.04687 -0.029326
v 0.032156 0.047645 -0.030251
v 0.030803 0.047705 -0.030121
v 0.030941 0.04828 -0.031253
v 0.030237 0.047815 -0.03007
v 0.030431 0.048391 -0.031154
v 0.027818 0.046497 -0.029062
v 0.028383 0.047456 -0.029375
v 0.02857 0.047772 -0.029478
v 0.029176 0.048782 -0.030943
v 0.029124 0.048699 -0.030574
v 0.028847 0.048236 -0.030026
v -0.057805 0.001 -0.030274
v -0.056565 0.001 -0.028724
v -0.057317 0.001 -0.029393
v -0.057435 0.003438 -0.029808
v -0.057535 0.001 -0.029787
v -0.055634 0.001 -0.028341
v -0.056468 0.001 -0.028684
v -0.056341 0.003373 -0.02871
v -0.054846 0.003265 -0.028307
v -0.054974 0.001 -0.028267
v -0.057173 0.00605 -0.029852
v -0.056222 0.011552 -0.029945
v -0.05474 0.016941 -0.030036
v -0.052725 0.022204 -0.030126
v -0.048901 0.029447 -0.030248
v -0.05162 0.024568 -0.030166
v -0.04572 0.034042 -0.030326
v -0.042078 0.038341 -0.030399
v -0.040246 0.040213 -0.030431
v -0.036069 0.043914 -0.030493
v -0.026688 0.050048 -0.030597
v -0.031547 0.047197 -0.030549
v -0.024345 0.051206 -0.030617
v -0.019179 0.053317 -0.030653
v -0.008296 0.056003 -0.030698
v -0.013825 0.054919 -0.03068
v -0.005696 0.056321 -0.030703
v -0.000122 0.056603 -0.030708
v 0.00546 0.056344 -0.030704
v 0.011036 0.055536 -0.03069
v -0.056084 0.005935 -0.028755
v -0.055151 0.011332 -0.028848
v -0.053698 0.016619 -0.028939
v -0.051721 0.021781 -0.029029
v -0.050637 0.024101 -0.029069
v -0.04797 0.028886 -0.029152
v -0.04485 0.033394 -0.02923
v -0.041277 0.037612 -0.029303
v -0.03948 0.039448 -0.029334
v -0.035382 0.043078 -0.029397
v -0.030947 0.046299 -0.029453
v -0.02618 0.049096 -0.029501
v -0.023882 0.050232 -0.029521
v -0.018814 0.052303 -0.029557
v -0.013562 0.053875 -0.029584
v -0.008138 0.054937 -0.029602
v -0.005588 0.05525 -0.029608
v -0.000119 0.055526 -0.029613
v 0.005356 0.055272 -0.029608
v 0.010826 0.05448 -0.029595
v 0.013592 0.054977 -0.030681
v 0.013333 0.053931 -0.029585
v 0.018948 0.053398 -0.030654
v 0.018587 0.052382 -0.029558
v 0.024129 0.051306 -0.030618
v 0.02367 0.05033 -0.029523
v -0.054597 0.005759 -0.028351
v -0.05369 0.011013 -0.028442
v -0.052277 0.016161 -0.028532
v -0.050354 0.021187 -0.02862
v -0.049299 0.023445 -0.028659
v -0.046703 0.028105 -0.028741
v -0.043667 0.032494 -0.028817
v -0.040188 0.036602 -0.028889
v -0.038439 0.03839 -0.02892
v -0.03445 0.041925 -0.028982
v -0.030132 0.045062 -0.029037
v -0.025491 0.047786 -0.029084
v -0.023254 0.048892 -0.029103
v -0.018319 0.050909 -0.029139
v -0.013206 0.05244 -0.029165
v -0.007924 0.053475 -0.029183
v -0.005441 0.053779 -0.029189
v -0.000116 0.054049 -0.029193
v 0.005216 0.053801 -0.029189
v 0.010541 0.053029 -0.029176
v 0.012983 0.052495 -0.029166
v 0.018099 0.050986 -0.02914
v 0.023047 0.048988 -0.029105
v -0.056706 -0.0025 -0.03125
v -0.056706 -0.0025 -0.069205
v -0.056767 0.001 -0.03125
v -0.056767 0.001 -0.069266
v -0.055 0.001 -0.029483
v -0.055 -0.0025 -0.029544
v -0.055664 0.001 -0.029613
v -0.055641 -0.0025 -0.029669
v -0.056243 0.001 -0.029995
v -0.056201 -0.0025 -0.030038
v -0.056631 0.001 -0.03057
v -0.056575 -0.0025 -0.030594
v -0.051044 -0.0025 -0.029544
v -0.051 -0.0 -0.0295
v -0.050984 0.000898 -0.029485
v -0.050982 0.001 -0.029483
v 0.050984 0.000898 -0.029485
v 0.050984 0.000898 -0.030766
v 0.050982 0.001 -0.029483
v 0.049491 0.012091 -0.030961
v 0.050982 0.001 -0.028267
v -0.050564 0.0066 -0.030866
v -0.050984 0.000898 -0.030766
v -0.050982 0.001 -0.028267
v -0.050577 0.006499 -0.028363
v -0.049211 0.012015 -0.03096
v -0.049211 0.012016 -0.02846
v -0.047723 0.017971 -0.031064
v -0.047759 0.017875 -0.028562
v -0.045367 0.022551 -0.031144
v -0.045365 0.022551 -0.028644
v -0.042362 0.028392 -0.031246
v -0.042418 0.028307 -0.028744
v -0.039301 0.031986 -0.031309
v -0.039299 0.031985 -0.028808
v -0.034762 0.037314 -0.031402
v -0.034837 0.037245 -0.0289
v -0.031308 0.039859 -0.031446
v -0.031306 0.039857 -0.028946
v -0.025326 0.044266 -0.031523
v -0.025415 0.044215 -0.029022
v -0.021778 0.045785 -0.03155
v -0.021776 0.045782 -0.029049
v -0.014553 0.048879 -0.031604
v -0.014651 0.04885 -0.029103
v -0.011174 0.049474 -0.031614
v -0.011173 0.049469 -0.029114
v -0.003011 0.050911 -0.031639
v -0.003112 0.050905 -0.029139
v -1.4e-05 0.050743 -0.031636
v -1.4e-05 0.050737 -0.029136
v 0.008691 0.050254 -0.031628
v 0.00859 0.050271 -0.029128
v 0.011157 0.049527 -0.031615
v 0.011156 0.049521 -0.029114
v 0.019933 0.046943 -0.03157
v 0.019839 0.046982 -0.02907
v 0.021795 0.045884 -0.031551
v 0.021792 0.045878 -0.029051
v 0.030122 0.041152 -0.031469
v 0.03004 0.041212 -0.028969
v 0.031379 0.039988 -0.031448
v 0.031374 0.039982 -0.028948
v 0.038721 0.033188 -0.03133
v 0.038654 0.033265 -0.028831
v 0.039439 0.032123 -0.031311
v 0.039431 0.032118 -0.028811
v 0.045273 0.023471 -0.03116
v 0.045226 0.023562 -0.028661
v 0.045577 0.022671 -0.031146
v 0.045568 0.022667 -0.028646
v 0.049434 0.012515 -0.030969
v 0.049409 0.012614 -0.02847
v 0.04948 0.012089 -0.028461
v 0.051535 0.001 -0.028267
v 0.053035 0.001 -0.027866
v 0.054535 0.001 -0.025269
v 0.054133 0.001 -0.026768
v 0.053036 0.001 -0.027865
v 0.054535 0.001 0.010519
v 0.053035 0.001 0.013116
v 0.053036 0.001 0.013115
v 0.054133 0.001 0.012018
v 0.051535 0.001 0.013517
v -0.031374 0.039982 0.014198
v -0.03004 0.041212 0.014219
v 0.003112 0.050905 0.014388
v 1.4e-05 0.050737 0.014385
v -0.00859 0.050271 0.014377
v -0.011156 0.049521 0.014364
v -0.019839 0.046982 0.01432
v 0.021776 0.045782 0.014299
v 0.025415 0.044215 0.014272
v 0.014651 0.04885 0.014353
v 0.031306 0.039857 0.014196
v 0.045365 0.022551 0.013894
v 0.047759 0.017875 0.013812
v -0.04948 0.012089 0.013711
v -0.049409 0.012614 0.01372
v -0.038654 0.033265 0.014081
v 0.011173 0.049469 0.014363
v 0.034837 0.037245 0.01415
v 0.039299 0.031985 0.014058
v 0.042418 0.028307 0.013994
v -0.050982 0.001 0.013517
v -0.039431 0.032118 0.01406
v -0.045226 0.023562 0.013911
v -0.021792 0.045878 0.014301
v 0.050982 0.001 0.013517
v 0.050577 0.006499 0.013613
v 0.049211 0.012016 0.01371
v -0.045568 0.022667 0.013896
v -0.050984 0.000898 0.014735
v -0.050984 0.000898 0.016016
v -0.050982 0.001 0.014733
v -0.049491 0.012091 0.016211
v 0.050564 0.006601 0.016116
v 0.050984 0.000898 0.016016
v 0.050982 0.001 0.014733
v 0.050984 0.000898 0.014735
v 0.049211 0.012015 0.01621
v 0.047723 0.017971 0.016314
v 0.045367 0.022551 0.016394
v 0.042362 0.028392 0.016496
v 0.039301 0.031986 0.016559
v 0.034762 0.037314 0.016652
v 0.031308 0.039859 0.016696
v 0.025326 0.044266 0.016773
v 0.021778 0.045785 0.016799
v 0.014553 0.048879 0.016853
v 0.011174 0.049474 0.016864
v 0.003011 0.050911 0.016889
v 1.4e-05 0.050743 0.016886
v -0.008691 0.050254 0.016877
v -0.011157 0.049527 0.016865
v -0.019933 0.046943 0.01682
v -0.021795 0.045884 0.016801
v -0.030122 0.041152 0.016719
v -0.031379 0.039988 0.016698
v -0.038721 0.033188 0.01658
v -0.039439 0.032123 0.016561
v -0.045273 0.023471 0.01641
v -0.045577 0.022671 0.016396
v -0.049434 0.012515 0.016219
v -0.056706 -0.0025 0.066205
v -0.056706 -0.0025 0.0165
v -0.056767 0.001 0.066266
v -0.056767 0.001 0.0165
v -0.056637 0.001 0.015835
v -0.056581 -0.0025 0.015858
v -0.056255 0.001 0.015256
v -0.056212 -0.0025 0.015299
v -0.05568 0.001 0.014869
v -0.055656 -0.0025 0.014925
v -0.055 0.001 0.014733
v -0.055 -0.0025 0.014794
v -0.051 0.0 0.01475
v -0.051044 -0.0025 0.014794
v -0.050542 -0.0025 0.065042
v -0.050542 -0.0025 0.071543
v -0.050499 0.0 0.064999
v -0.050499 0.0 0.071499
v 0.050542 -0.0025 0.065042
v 0.055814 -0.0025 0.065042
v 0.050499 0.0 0.064999
v 0.055781 0.0 0.064999
v 0.050542 -0.0025 0.071543
v 0.050499 0.0 0.071499
v -0.020964 0.044924 0.070715
v -0.021252 0.044808 0.070717
v -0.025883 0.042358 0.07076
v -0.025931 0.042332 0.07076
v 0.050246 0.004139 0.071427
v 0.05003 0.005525 0.071403
v 0.036029 0.034386 0.070899
v 0.035545 0.03483 0.070891
v 0.031162 0.038738 0.070823
v 0.026885 0.041745 0.07077
v 0.02687 0.041756 0.07077
v 0.017419 0.046398 0.070689
v 0.016904 0.046555 0.070686
v 0.011994 0.048052 0.07066
v -0.026994 0.041678 0.070772
v -0.030464 0.039223 0.070814
v -0.031277 0.038647 0.070824
v 0.032127 0.037962 0.070836
v 0.031413 0.038536 0.070826
v 0.022284 0.044315 0.070726
v 0.022028 0.044425 0.070724
v -0.0347 0.035646 0.070877
v -0.035224 0.035187 0.070885
v -0.038522 0.031624 0.070947
v -0.041843 0.027183 0.071025
v -0.042638 0.026065 0.071044
v -0.049864 0.006686 0.071382
v -0.049191 0.010449 0.071317
v -0.048712 0.01211 0.071288
v 0.049042 0.010983 0.071307
v 0.047698 0.015601 0.071227
v 0.047419 0.016287 0.071215
v 0.045717 0.020462 0.071142
v 0.045224 0.021381 0.071126
v 0.011586 0.048129 0.070659
v 0.00682 0.049034 0.070643
v 0.006124 0.04912 0.070642
v -0.010126 0.048471 0.070653
v -0.010442 0.048402 0.070654
v -0.038818 0.031303 0.070953
v -0.039598 0.030342 0.070969
v -0.044691 0.022426 0.071108
v -0.045218 0.021492 0.071124
v -0.047001 0.017383 0.071196
v -0.050115 0.00528 0.071407
v -0.050393 0.001459 0.071474
v 0.049434 0.00935 0.071336
v 0.049166 0.010558 0.071315
v 0.042529 0.02623 0.071041
v 0.039509 0.030455 0.070967
v 0.039271 0.030723 0.070963
v -0.011331 0.048209 0.070658
v -0.015794 0.046934 0.07068
v -0.016382 0.046766 0.070683
v -0.047325 0.016637 0.071209
v -0.047735 0.015496 0.071229
v 0.043218 0.025129 0.07106
v 0.042561 0.026186 0.071042
v 0.005593 0.049186 0.070641
v 0.000586 0.049482 0.070635
v 0.000353 0.049495 0.070635
v -0.004892 0.049259 0.070639
v -0.004957 0.049249 0.070639
v 0.050246 0.004139 0.064926
v 0.05003 0.005525 0.064902
v 0.049434 0.00935 0.064835
v 0.049166 0.010558 0.064814
v 0.049042 0.010983 0.064807
v 0.047698 0.015601 0.064726
v 0.047419 0.016287 0.064714
v 0.045717 0.020462 0.064641
v 0.045224 0.021381 0.064625
v 0.043218 0.025129 0.06456
v 0.042561 0.026186 0.064541
v 0.042529 0.02623 0.064541
v 0.039509 0.030455 0.064467
v 0.039271 0.030723 0.064462
v 0.036029 0.034386 0.064398
v 0.035545 0.03483 0.064391
v 0.032127 0.037962 0.064336
v 0.031413 0.038536 0.064326
v 0.031162 0.038738 0.064322
v 0.026885 0.041745 0.06427
v 0.02687 0.041756 0.06427
v 0.022284 0.044315 0.064225
v 0.022028 0.044425 0.064223
v 0.017419 0.046398 0.064189
v 0.016904 0.046555 0.064186
v 0.011994 0.048052 0.06416
v 0.011586 0.048129 0.064158
v 0.00682 0.049034 0.064143
v 0.006124 0.04912 0.064141
v 0.005593 0.049186 0.06414
v 0.000586 0.049482 0.064135
v 0.000353 0.049495 0.064135
v -0.004892 0.049259 0.064139
v -0.004957 0.049249 0.064139
v -0.010126 0.048471 0.064152
v -0.010442 0.048402 0.064154
v -0.011331 0.048209 0.064157
v -0.015794 0.046934 0.064179
v -0.016382 0.046766 0.064182
v -0.020964 0.044924 0.064214
v -0.021252 0.044808 0.064216
v -0.025883 0.042357 0.064259
v -0.025931 0.042332 0.06426
v -0.026994 0.041678 0.064271
v -0.030464 0.039223 0.064314
v -0.031277 0.038647 0.064324
v -0.0347 0.035646 0.064376
v -0.035224 0.035187 0.064384
v -0.038522 0.031624 0.064447
v -0.038818 0.031303 0.064452
v -0.039598 0.030342 0.064469
v -0.041843 0.027183 0.064524
v -0.042638 0.026065 0.064544
v -0.044691 0.022426 0.064607
v -0.045218 0.021492 0.064623
v -0.047001 0.017383 0.064695
v -0.047325 0.016637 0.064708
v -0.047735 0.015496 0.064728
v -0.048712 0.01211 0.064787
v -0.049191 0.010449 0.064816
v -0.049864 0.006686 0.064882
v -0.050115 0.00528 0.064906
v -0.050393 0.001459 0.064973
v 0.019111 0.051103 0.064106
v 0.023297 0.049326 0.064138
v 0.02422 0.048934 0.064144
v 0.028441 0.046622 0.064185
v 0.029049 0.046289 0.064191
v 0.055767 0.000454 0.064991
v -0.028577 0.046575 0.064186
v -0.027089 0.047371 0.064172
v -0.023681 0.049191 0.06414
v -0.013322 0.052874 0.064076
v -0.011219 0.053351 0.064067
v -0.010797 0.053416 0.064066
v 0.03328 0.043392 0.064241
v 0.033586 0.043183 0.064245
v 0.055749 0.001049 0.06498
v 0.055605 0.002531 0.064954
v 0.055262 0.006083 0.064892
v 0.055089 0.006945 0.064877
v 0.05425 0.011114 0.064805
v 0.054192 0.011316 0.064801
v 0.052918 0.015701 0.064725
v 0.035281 0.041841 0.064268
v 0.03771 0.039629 0.064307
v 0.039385 0.038104 0.064333
v 0.041761 0.035461 0.06438
v 0.043065 0.034011 0.064405
v 0.045354 0.030893 0.064459
v 0.04632 0.029577 0.064482
v 0.047478 0.027746 0.064514
v 0.048437 0.025968 0.064545
v 0.05011 0.022868 0.064599
v 0.050993 0.020749 0.064636
v 0.05223 0.017782 0.064688
v 0.052771 0.016204 0.064716
v -0.030416 0.045422 0.064206
v -0.032002 0.044266 0.064226
v -0.034861 0.042184 0.064262
v -0.036562 0.040666 0.064289
v -0.038967 0.03852 0.064326
v -0.040724 0.036606 0.06436
v -0.04272 0.034431 0.064398
v -0.021875 0.049936 0.064127
v -0.018593 0.05129 0.064103
v -0.01642 0.051943 0.064092
v 0.018124 0.051454 0.0641
v 0.017905 0.051518 0.064099
v 0.012833 0.052993 0.064074
v 0.012308 0.05309 0.064072
v 0.007404 0.054001 0.064056
v 0.006577 0.054095 0.064054
v 0.005259 0.054247 0.064052
v 0.000771 0.05445 0.064048
v -0.000237 0.054496 0.064047
v -0.005039 0.054237 0.064052
v -0.005734 0.0542 0.064052
v -0.052042 0.018297 0.064679
v -0.052572 0.016778 0.064706
v -0.052748 0.016275 0.064715
v -0.054143 0.011179 0.064803
v -0.054201 0.010967 0.064807
v -0.055121 0.005538 0.064902
v -0.055127 0.005444 0.064904
v -0.0555 0.0 0.064999
v -0.050381 0.022169 0.064612
v -0.049854 0.023398 0.06459
v -0.047687 0.027318 0.064522
v -0.04719 0.028216 0.064506
v -0.044467 0.032162 0.064437
v -0.044067 0.032742 0.064427
v -0.055543 -0.0025 0.065042
v -0.055543 -0.0025 0.0165
v -0.0555 0.0 0.0165
v -0.010798 0.053428 0.017424
v -0.005039 0.054257 0.017439
v 0.025016 0.04854 0.021971
v 0.024128 0.048978 0.017347
v 0.023298 0.049329 0.017354
v 0.051974 0.018479 0.064055
v 0.051018 0.020759 0.063232
v 0.050325 0.02241 0.062637
v 0.048488 0.025996 0.060975
v 0.048415 0.026139 0.060908
v 0.046265 0.029659 0.058846
v 0.04539 0.03092 0.057963
v 0.044915 0.031605 0.057483
v 0.037398 0.040007 0.048707
v 0.036193 0.041074 0.04705
v 0.042492 0.034703 0.054897
v 0.041789 0.035485 0.054082
v 0.039971 0.037504 0.051979
v 0.037746 0.039669 0.049148
v 0.033898 0.042944 0.043612
v 0.033281 0.043395 0.042556
v 0.031604 0.044621 0.039686
v 0.029514 0.046 0.035485
v 0.02845 0.046639 0.032898
v 0.02766 0.047114 0.030978
v 0.026304 0.047868 0.026913
v 0.019015 0.051138 0.017385
v 0.012302 0.053061 0.017418
v 0.017895 0.051484 0.017391
v 0.013755 0.052765 0.017413
v 0.008364 0.053863 0.017432
v 0.006577 0.0541 0.017436
v 0.006224 0.054146 0.017437
v 0.000773 0.054487 0.017443
v 0.000685 0.054492 0.017443
v -0.004817 0.054287 0.017439
v -0.010267 0.053539 0.017426
v -0.02959 0.045952 0.017295
v -0.012381 0.053098 0.017419
v -0.016425 0.051957 0.017399
v -0.017724 0.051591 0.017393
v -0.021884 0.049955 0.017364
v -0.022847 0.049576 0.017358
v -0.027102 0.047395 0.01732
v -0.027745 0.047065 0.017314
v -0.031999 0.04426 0.017266
v -0.034131 0.042763 0.01724
v -0.036563 0.040665 0.017204
v -0.038301 0.039166 0.017178
v -0.040729 0.03661 0.017133
v -0.042089 0.035178 0.017109
v -0.043468 0.033509 0.01708
v -0.044444 0.032146 0.017056
v -0.046699 0.028996 0.017002
v -0.047669 0.027307 0.016973
v -0.049441 0.024222 0.016919
v -0.050367 0.022162 0.016884
v -0.051696 0.019205 0.016832
v -0.052444 0.017177 0.016797
v -0.052561 0.016775 0.01679
v -0.053998 0.011848 0.016705
v -0.054124 0.011176 0.016694
v -0.055007 0.006434 0.016612
v -0.055092 0.005441 0.016594
v -0.055474 0.000947 0.016517
v 0.030555 0.04551 0.0348
v 0.025105 0.048596 0.017356
v 0.060626 0.0 0.060543
v 0.060674 0.0 0.060529
v 0.060169 0.000462 0.060641
v 0.061678 0.0 0.060401
v 0.062928 0.000532 0.060449
v 0.062309 0.0 0.0604
v 0.06294 0.0 0.060461
v 0.058519 0.0 0.061402
v 0.057739 0.00043 0.061964
v 0.058486 0.0 0.061428
v 0.057766 0.0 0.061996
v 0.059703 0.0 0.060812
v 0.060185 0.0 0.060671
v 0.056093 0.0 0.064189
v 0.056161 0.0 0.064034
v 0.056079 0.000442 0.064177
v 0.05651 0.0 0.063411
v 0.056793 0.0 0.063014
v 0.056922 0.0 0.062834
v 0.057188 0.0 0.062521
v 0.057474 0.0 0.062226
v 0.055952 0.0 0.064509
v 0.05553 0.006894 0.063745
v 0.055985 0.002514 0.064094
v 0.05362 0.015355 0.062283
v 0.054739 0.011173 0.063148
v 0.052707 0.01805 0.061556
v 0.02804 0.047897 0.021135
v 0.027192 0.048384 0.017384
v 0.026174 0.048364 0.017368
v 0.06282 0.002779 0.060365
v 0.060069 0.002609 0.060562
v 0.062684 0.004002 0.060273
v 0.059582 0.007131 0.060225
v 0.062295 0.007509 0.060007
v 0.062282 0.00757 0.059999
v 0.058734 0.011527 0.059653
v 0.061381 0.012095 0.059397
v 0.057533 0.015796 0.058828
v 0.060533 0.015004 0.058821
v 0.060088 0.016532 0.058518
v 0.059033 0.01936 0.057783
v 0.058068 0.021466 0.05709
v 0.054852 0.022413 0.056903
v 0.056554 0.01853 0.058139
v 0.051121 0.021903 0.060248
v 0.047193 0.029044 0.05675
v 0.049277 0.02557 0.058653
v 0.057204 0.023349 0.056471
v 0.055085 0.027071 0.054892
v 0.052874 0.026072 0.055408
v 0.052701 0.030516 0.053038
v 0.050641 0.029503 0.053639
v 0.051792 0.031651 0.052305
v 0.049232 0.03139 0.052475
v 0.043508 0.034056 0.053097
v 0.045878 0.030972 0.055491
v 0.045717 0.037905 0.047056
v 0.044043 0.037071 0.047802
v 0.048322 0.035495 0.049393
v 0.046696 0.03438 0.050276
v 0.048515 0.035316 0.049566
v 0.051202 0.032389 0.051829
v 0.041025 0.03686 0.050388
v 0.044982 0.03849 0.046341
v 0.044834 0.038608 0.046197
v 0.041321 0.039472 0.045027
v 0.034977 0.042368 0.042544
v 0.037273 0.040464 0.045782
v 0.038474 0.039383 0.047335
v 0.042861 0.040178 0.044279
v 0.041523 0.041137 0.04288
v 0.040041 0.040497 0.043616
v 0.038975 0.042815 0.039981
v 0.037597 0.042301 0.04067
v 0.038291 0.043221 0.039087
v 0.035142 0.043937 0.037259
v 0.032668 0.044087 0.038818
v 0.036424 0.044329 0.036647
v 0.035414 0.044879 0.035075
v 0.032897 0.045303 0.033544
v 0.034098 0.045595 0.033027
v 0.0309 0.046425 0.029479
v 0.032872 0.046216 0.030675
v 0.032033 0.046642 0.029063
v 0.030683 0.047291 0.02581
v 0.029434 0.047198 0.025746
v 0.03052 0.04737 0.025414
v 0.029081 0.048033 0.020892
v 0.028958 0.048088 0.020375
v 0.028249 0.048405 0.017399
v 0.057645 0.002515 0.061885
v 0.057184 0.006913 0.06155
v 0.056383 0.0112 0.060981
v 0.055248 0.01538 0.060159
v 0.054322 0.018068 0.05947
v 0.052713 0.021905 0.058231
v 0.050839 0.025546 0.056726
v 0.048719 0.02899 0.054934
v 0.04738 0.030898 0.053749
v 0.044963 0.033944 0.051498
v 0.042427 0.036711 0.048949
v 0.039818 0.0392 0.046074
v 0.038589 0.040267 0.044608
v 0.036236 0.042149 0.041542
v 0.033868 0.043855 0.037995
v 0.031699 0.045274 0.034143
v 0.029767 0.046432 0.029948
v 0.028348 0.047225 0.026114
v 0.026997 0.047937 0.021401
v 0.025107 0.048596 0.017356
v 0.02598 0.048153 0.021682
v 0.027293 0.047451 0.026507
v 0.028674 0.046665 0.030454
v 0.056609 -0.0025 0.063338
v 0.056801 -0.0025 0.063063
v 0.056825 -0.0025 0.063039
v 0.058124 -0.0025 0.061728
v 0.058389 -0.0025 0.06154
v 0.058515 -0.0025 0.061479
v 0.060083 -0.0025 0.060727
v 0.062233 -0.0025 0.060441
v 0.060638 -0.0025 0.060616
v 0.060364 -0.0025 0.060647
v 0.062934 -0.0025 0.060504
v 0.062522 -0.0025 0.060458
v 0.068611 0.0 0.061228
v 0.068605 -0.0025 0.061271
v 0.11123 -0.0025 0.062584
v 0.114459 -0.0025 0.062425
v 0.116065 0.0 0.062216
v 0.11616 -0.0025 0.062297
v 0.118993 0.0 0.062017
v 0.085549 0.0 0.062721
v 0.085546 -0.0025 0.062765
v 0.089343 0.0 0.062819
v 0.091661 -0.0025 0.062996
v 0.097094 0.0 0.063019
v 0.098387 -0.0025 0.062992
v 0.124053 0.0 0.061454
v 0.124059 -0.0025 0.0615
v 0.132693 0.0 0.060494
v 0.129106 -0.0025 0.060991
v 0.133826 0.0 0.060339
v 0.136827 -0.0025 0.059974
v 0.136821 0.0 0.059931
v 0.111227 0.0 0.062546
v 0.108012 0.0 0.062765
v 0.102939 -0.0025 0.06299
v 0.098386 0.0 0.062989
v 0.098254 0.0 0.062992
v 0.156554 -0.0025 0.05684
v 0.156547 0.0 0.056797
v 0.154678 1e-06 0.057116
v 0.151619 1e-06 0.057631
v 0.151594 1e-06 0.057635
v 0.151533 1e-06 0.057645
v 0.149774 0.0 0.057936
v 0.151391 1e-06 0.057669
v -0.051044 -0.0025 0.015957
v -0.055 -0.0025 0.015957
v -0.055208 -0.0025 0.015998
v -0.055384 -0.0025 0.016116
v -0.055502 -0.0025 0.016292
v -0.051705 -0.0025 0.066205
v -0.051705 -0.0025 0.072706
v 0.051705 -0.0025 0.072706
v 0.051705 -0.0025 0.066205
v 0.16825 -0.0025 0.055979
v 0.16825 -0.0025 0.054799
v 0.167675 -0.0025 0.0549
v 0.074687 -0.0025 0.061948
v 0.16675 -0.0025 0.056244
v 0.167488 0.001 0.056176
v 0.16825 0.001 0.056041
v -0.051766 0.001 0.066266
v -0.052971 0.001 0.067482
v -0.051766 0.001 0.072767
v -0.052971 0.001 0.073982
v 0.051766 0.001 0.072767
v 0.052971 0.001 0.073982
v 0.051766 0.001 0.066266
v 0.052971 0.001 0.067482
v 0.088926 0.001 0.06535
v 0.098 0.001 0.065452
v 0.111757 0.001 0.065045
v 0.115927 0.001 0.064743
v 0.11786 0.001 0.064602
v 0.074052 0.001 0.064333
v 0.16825 0.001 0.057268
v 0.151474 0.001 0.060126
v 0.146208 0.001 0.061023
v 0.133754 0.001 0.062811
v 0.130765 0.001 0.06324
v 0.100241 0.001 0.065477
v 0.077633 0.001 0.064665
v 0.080056 0.001 0.064812
v 0.133738 0.007873 0.062414
v 0.080047 0.008841 0.064392
v 0.062197 0.028954 0.057953
v 0.062199 0.038852 0.052475
v 0.079967 0.057968 -0.0
v 0.079971 0.057683 0.012948
v 0.079983 0.056005 0.025002
v 0.044535 0.053259 0.020152
v 0.044531 0.052197 0.025928
v 0.044528 0.050755 0.031238
v 0.044524 0.0489 0.036085
v 0.044521 0.046597 0.040472
v 0.044514 0.040514 0.047877
v 0.044518 0.043813 0.044402
v 0.0622 0.042819 0.049037
v 0.062198 0.034244 0.055452
v 0.062196 0.016155 0.061463
v 0.062197 0.022939 0.059962
v 0.062195 0.008561 0.062439
v 0.115907 0.00849 0.064284
v 0.151464 0.006997 0.059772
v 0.151451 0.013484 0.058778
v 0.16825 0.011434 0.055976
v 0.16825 0.005758 0.056883
v 0.16825 0.006624 0.056813
v 0.151429 0.025192 0.055055
v 0.16825 0.022235 0.052565
v 0.16825 0.021891 0.052732
v 0.15144 0.01955 0.057201
v 0.16825 0.017407 0.054411
v 0.16825 0.016958 0.054533
v 0.16825 0.012098 0.05586
v 0.16825 0.026855 0.050323
v 0.151416 0.030398 0.052371
v 0.16825 0.027229 0.050092
v 0.16825 0.031508 0.047454
v 0.151404 0.035156 0.049191
v 0.16825 0.031911 0.047145
v 0.16825 0.035851 0.044133
v 0.151391 0.039456 0.045554
v 0.16825 0.036261 0.043764
v 0.151378 0.043288 0.041505
v 0.151366 0.04665 0.037087
v 0.16825 0.043775 0.03577
v 0.16825 0.042188 0.037825
v 0.16825 0.040199 0.039931
v 0.16825 0.03837 0.041865
v 0.151353 0.049541 0.032347
v 0.151341 0.051959 0.027334
v 0.16825 0.049378 0.027123
v 0.16825 0.048504 0.028749
v 0.16825 0.046923 0.031278
v 0.16825 0.045566 0.033449
v 0.151328 0.053906 0.022098
v 0.16825 0.051726 0.02197
v 0.16825 0.049654 0.026518
v 0.151314 0.055387 0.016692
v 0.16825 0.053553 0.016631
v 0.16825 0.051888 0.021499
v 0.16825 0.055177 0.009267
v 0.16825 0.054893 0.010932
v 0.1513 0.05641 0.011171
v 0.16825 0.054861 0.011116
v 0.16825 0.053635 0.016286
v 0.133462 0.058076 0.005776
v 0.134792 0.058047 -0.0
v 0.166511 0.056031 -0.0
v 0.16825 0.055578 0.005479
v 0.16825 0.055783 0.003546
v 0.16825 0.055886 -0.0
v 0.083403 0.058127 -0.0
v 0.097769 0.05879 -0.0
v 0.097799 0.058341 0.012477
v 0.098889 0.058842 -0.0
v 0.100514 0.058819 -0.0
v 0.1156 0.058606 -0.0
v 0.117653 0.058577 -0.0
v 0.128951 0.058418 -0.0
v 0.133436 0.058133 -0.0
v 0.097985 0.008815 0.065011
v 0.115886 0.016104 0.063138
v 0.09797 0.016657 0.063854
v 0.115866 0.022978 0.061361
v 0.097955 0.023679 0.062077
v 0.115846 0.029139 0.058985
v 0.09794 0.02992 0.059714
v 0.115826 0.034617 0.056051
v 0.097926 0.035421 0.056803
v 0.115806 0.039441 0.052602
v 0.097912 0.040221 0.053383
v 0.115786 0.04364 0.048683
v 0.097898 0.044361 0.049492
v 0.115767 0.047247 0.04434
v 0.097884 0.047882 0.045171
v 0.115747 0.050292 0.039619
v 0.09787 0.050824 0.040459
v 0.115728 0.052811 0.034566
v 0.097856 0.05323 0.035397
v 0.115708 0.054834 0.029229
v 0.097842 0.055143 0.030027
v 0.115688 0.056396 0.023656
v 0.097828 0.056603 0.024388
v 0.115667 0.057532 0.017896
v 0.115646 0.058279 0.012
v 0.133717 0.015034 0.061331
v 0.133699 0.02159 0.059632
v 0.13368 0.027552 0.057337
v 0.13366 0.03293 0.054486
v 0.133641 0.037737 0.051125
v 0.133621 0.041987 0.047298
v 0.133602 0.045695 0.043054
v 0.133583 0.048879 0.038439
v 0.133564 0.051556 0.033501
v 0.133545 0.053745 0.02829
v 0.133525 0.055467 0.022859
v 0.133504 0.056743 0.017261
v 0.133483 0.057599 0.011548
v 0.080041 0.016677 0.063291
v 0.080035 0.023671 0.061606
v 0.080029 0.029866 0.059366
v 0.080023 0.035306 0.0566
v 0.080017 0.040035 0.053337
v 0.080012 0.0441 0.049607
v 0.080006 0.047543 0.04544
v 0.0622 0.046189 0.045155
v 0.08 0.05041 0.040866
v 0.062201 0.049003 0.040845
v 0.079995 0.052746 0.035914
v 0.062202 0.051304 0.036122
v 0.079989 0.054595 0.030616
v 0.062203 0.053136 0.031002
v 0.062204 0.054539 0.0255
v 0.134819 0.058009 -0.00576
v 0.083425 0.056186 -0.024894
v 0.066322 0.051725 -0.036099
v 0.075445 0.001 -0.064469
v 0.083518 0.001 -0.065035
v 0.083507 0.008858 -0.064618
v 0.098004 0.001 -0.065496
v 0.100764 0.001 -0.065419
v 0.10075 0.008784 -0.064984
v 0.128304 0.001 -0.06354
v 0.135104 0.001 -0.062606
v 0.13509 0.007812 -0.062235
v 0.143121 0.001 -0.061505
v 0.152128 0.001 -0.059998
v 0.15212 0.006959 -0.059664
v 0.16825 0.005656 -0.056929
v 0.164609 0.001 -0.057909
v 0.16825 0.001 -0.057268
v 0.117983 0.001 -0.064551
v 0.109433 0.001 -0.065177
v 0.115675 0.001 -0.064777
v 0.117965 0.008433 -0.064121
v 0.086732 0.001 -0.06526
v 0.074121 0.001 -0.06434
v 0.066326 0.008652 -0.063004
v 0.066333 0.001 -0.063378
v 0.066325 0.016324 -0.061993
v 0.066325 0.023172 -0.060442
v 0.066324 0.029242 -0.058371
v 0.066324 0.034575 -0.055798
v 0.066324 0.039216 -0.052744
v 0.049293 0.041237 -0.048243
v 0.049289 0.037354 -0.05139
v 0.049296 0.044555 -0.044647
v 0.049299 0.047344 -0.040603
v 0.049302 0.049643 -0.036115
v 0.083439 0.052912 -0.03584
v 0.083432 0.054771 -0.030519
v 0.083409 0.05787 -0.012858
v 0.16825 0.055629 -0.005485
v 0.16825 0.055618 -0.005722
v 0.16825 0.054877 -0.01093
v 0.151975 0.055327 -0.016674
v 0.16825 0.053627 -0.016285
v 0.151961 0.056358 -0.01116
v 0.16825 0.05482 -0.011333
v 0.151988 0.053837 -0.022072
v 0.16825 0.051849 -0.021482
v 0.16825 0.052643 -0.019502
v 0.16825 0.053497 -0.016823
v 0.16825 0.050559 -0.024699
v 0.152001 0.05188 -0.0273
v 0.16825 0.049625 -0.026502
v 0.16825 0.048009 -0.029617
v 0.152013 0.049452 -0.032305
v 0.16825 0.046928 -0.03128
v 0.16825 0.045002 -0.034246
v 0.152025 0.046553 -0.037037
v 0.16825 0.043811 -0.035798
v 0.152038 0.043183 -0.041445
v 0.15205 0.039345 -0.045485
v 0.16825 0.036237 -0.043739
v 0.16825 0.039334 -0.04092
v 0.16825 0.040212 -0.039945
v 0.16825 0.043031 -0.036815
v 0.152062 0.035044 -0.049114
v 0.152075 0.030288 -0.052286
v 0.16825 0.028612 -0.049314
v 0.16825 0.030914 -0.047856
v 0.16825 0.031897 -0.047126
v 0.16825 0.03529 -0.044602
v 0.152087 0.025089 -0.054962
v 0.16825 0.023731 -0.051911
v 0.16825 0.027212 -0.050059
v 0.152098 0.019461 -0.057102
v 0.16825 0.018633 -0.053995
v 0.16825 0.02222 -0.052529
v 0.16825 0.00576 -0.056912
v 0.16825 0.011354 -0.056021
v 0.152108 0.013417 -0.058674
v 0.16825 0.013311 -0.055577
v 0.16825 0.016946 -0.054497
v 0.100733 0.016605 -0.063825
v 0.117944 0.016006 -0.06298
v 0.100717 0.023615 -0.062042
v 0.117923 0.022852 -0.061209
v 0.100702 0.029853 -0.05967
v 0.117903 0.028996 -0.058838
v 0.100686 0.035356 -0.056748
v 0.117882 0.034466 -0.055908
v 0.100671 0.040163 -0.053315
v 0.117862 0.03929 -0.052464
v 0.100656 0.044313 -0.049411
v 0.117842 0.043496 -0.04855
v 0.100641 0.047846 -0.045079
v 0.117822 0.047113 -0.044213
v 0.100626 0.050802 -0.040357
v 0.117803 0.050173 -0.039498
v 0.100611 0.053223 -0.035289
v 0.117783 0.052707 -0.034454
v 0.100595 0.055149 -0.029917
v 0.117763 0.054746 -0.029126
v 0.10058 0.056622 -0.024283
v 0.117742 0.056324 -0.023566
v 0.100548 0.058376 -0.012403
v 0.117721 0.057473 -0.017823
v 0.1177 0.05823 -0.011947
v 0.13507 0.01493 -0.061158
v 0.135052 0.021456 -0.059467
v 0.135033 0.027398 -0.057182
v 0.135015 0.032766 -0.054341
v 0.134995 0.03757 -0.050991
v 0.134976 0.041824 -0.047175
v 0.134957 0.045541 -0.042943
v 0.134938 0.048736 -0.03834
v 0.13492 0.051428 -0.033414
v 0.134901 0.053632 -0.028217
v 0.134881 0.055369 -0.022799
v 0.134861 0.056658 -0.017214
v 0.13484 0.057525 -0.011516
v 0.083499 0.016715 -0.063502
v 0.083491 0.023728 -0.061792
v 0.083483 0.029942 -0.059519
v 0.083476 0.0354 -0.056715
v 0.083468 0.040148 -0.053412
v 0.066323 0.043208 -0.049227
v 0.083461 0.044228 -0.049641
v 0.066323 0.046594 -0.045267
v 0.083454 0.047686 -0.045433
v 0.066322 0.049419 -0.040885
v 0.083447 0.050566 -0.040822
v -0.052971 0.001 -0.070482
v -0.051766 0.001 -0.069266
v -0.052971 0.001 -0.076982
v -0.051766 0.001 -0.075767
v 0.052971 0.001 -0.076982
v 0.051766 0.001 -0.075767
v 0.052971 0.001 -0.070482
v 0.051766 0.001 -0.069266
v 0.138682 0.001 -0.060944
v 0.16825 0.001 -0.056042
v 0.162509 0.001 -0.05705
v 0.156761 0.001 -0.058047
v 0.15675 -0.0025 -0.057986
v 0.143615 -0.0025 -0.060143
v -0.055543 -0.0025 -0.068042
v -0.055543 -0.0025 -0.03125
v -0.0555 -0.0 -0.067999
v -0.0555 -0.0 -0.03125
v -0.050542 -0.0025 -0.068042
v -0.050499 -0.0 -0.067999
v -0.050542 -0.0025 -0.074543
v -0.050499 -0.0 -0.0745
v 0.050542 -0.0025 -0.074543
v 0.050499 -0.0 -0.0745
v 0.050246 0.004138 -0.074427
v -0.010442 0.048402 -0.073655
v -0.011331 0.048209 -0.073658
v -0.045218 0.021492 -0.074124
v -0.044691 0.022425 -0.074108
v 0.039271 0.030723 -0.073963
v 0.039509 0.030455 -0.073968
v 0.042529 0.02623 -0.074042
v -0.035224 0.035187 -0.073886
v -0.0347 0.035646 -0.073877
v -0.031277 0.038647 -0.073825
v -0.030464 0.039222 -0.073815
v -0.026994 0.041678 -0.073772
v -0.025931 0.042332 -0.073761
v -0.025883 0.042357 -0.07376
v -0.021252 0.044808 -0.073718
v -0.020964 0.044923 -0.073716
v -0.016382 0.046766 -0.073683
v -0.015794 0.046934 -0.07368
v -0.042638 0.026065 -0.074045
v -0.041843 0.027183 -0.074025
v -0.039598 0.030342 -0.07397
v 0.043218 0.025129 -0.074061
v 0.045224 0.02138 -0.074126
v 0.047698 0.015601 -0.074227
v 0.049042 0.010982 -0.074308
v 0.049166 0.010557 -0.074315
v -0.050393 0.001459 -0.074474
v -0.050115 0.005279 -0.074407
v -0.049864 0.006686 -0.074383
v -0.049191 0.010449 -0.074317
v -0.048712 0.01211 -0.074288
v -0.047735 0.015496 -0.074229
v -0.047325 0.016636 -0.074209
v -0.047001 0.017383 -0.074196
v -0.038818 0.031302 -0.073953
v -0.038522 0.031623 -0.073948
v -0.010126 0.048471 -0.073654
v -0.004957 0.049249 -0.07364
v -0.004892 0.049259 -0.07364
v 0.000353 0.049495 -0.073636
v 0.000586 0.049481 -0.073636
v 0.005593 0.049186 -0.073641
v 0.006124 0.04912 -0.073642
v 0.045717 0.020462 -0.074142
v 0.047419 0.016287 -0.074215
v 0.049434 0.00935 -0.074336
v 0.05003 0.005525 -0.074403
v 0.00682 0.049034 -0.073644
v 0.011586 0.048129 -0.07366
v 0.011994 0.048051 -0.073661
v 0.016904 0.046555 -0.073687
v 0.017419 0.046398 -0.07369
v 0.022028 0.044424 -0.073724
v 0.042561 0.026185 -0.074043
v 0.031413 0.038536 -0.073827
v 0.031162 0.038737 -0.073824
v 0.026885 0.041745 -0.073771
v 0.022284 0.044315 -0.073726
v 0.02687 0.041756 -0.073771
v 0.032127 0.037962 -0.073837
v 0.035545 0.03483 -0.073892
v 0.036029 0.034386 -0.073899
v 0.050499 -0.0 -0.067999
v 0.050246 0.004138 -0.067926
v 0.05003 0.005525 -0.067902
v 0.049434 0.00935 -0.067835
v 0.049166 0.010557 -0.067814
v 0.049042 0.010983 -0.067807
v 0.047698 0.015601 -0.067726
v 0.047419 0.016287 -0.067714
v 0.045717 0.020462 -0.067641
v 0.045224 0.02138 -0.067625
v 0.043218 0.025129 -0.06756
v 0.042561 0.026185 -0.067542
v 0.042529 0.02623 -0.067541
v 0.039509 0.030455 -0.067467
v 0.039271 0.030723 -0.067462
v 0.036029 0.034386 -0.067398
v 0.035545 0.03483 -0.067391
v 0.032127 0.037962 -0.067336
v 0.031413 0.038536 -0.067326
v 0.031162 0.038737 -0.067323
v 0.026885 0.041745 -0.06727
v 0.02687 0.041756 -0.06727
v 0.022284 0.044315 -0.067225
v 0.022028 0.044424 -0.067223
v 0.017419 0.046398 -0.067189
v 0.016904 0.046555 -0.067186
v 0.011994 0.048051 -0.06716
v 0.011586 0.048129 -0.067159
v 0.00682 0.049034 -0.067143
v 0.006124 0.04912 -0.067141
v 0.005593 0.049186 -0.06714
v 0.000586 0.049481 -0.067135
v 0.000353 0.049495 -0.067135
v -0.004892 0.049259 -0.067139
v -0.004957 0.049249 -0.067139
v -0.010126 0.048471 -0.067153
v -0.010442 0.048402 -0.067154
v -0.011331 0.048209 -0.067157
v -0.015794 0.046934 -0.067179
v -0.016382 0.046766 -0.067182
v -0.020964 0.044923 -0.067215
v -0.021252 0.044808 -0.067217
v -0.025883 0.042357 -0.067259
v -0.025931 0.042332 -0.06726
v -0.026994 0.041678 -0.067271
v -0.030464 0.039222 -0.067314
v -0.031277 0.038647 -0.067324
v -0.0347 0.035646 -0.067376
v -0.035224 0.035187 -0.067384
v -0.038522 0.031623 -0.067447
v -0.038818 0.031302 -0.067452
v -0.039598 0.030342 -0.067469
v -0.041843 0.027183 -0.067524
v -0.042638 0.026065 -0.067544
v -0.044691 0.022425 -0.067607
v -0.045218 0.021492 -0.067624
v -0.047001 0.017383 -0.067695
v -0.047325 0.016636 -0.067708
v -0.047735 0.015496 -0.067728
v -0.048712 0.01211 -0.067787
v -0.049191 0.010449 -0.067816
v -0.049864 0.006686 -0.067882
v -0.050115 0.005279 -0.067906
v -0.050393 0.001459 -0.067973
v 0.050542 -0.0025 -0.068042
v 0.055543 -0.0025 -0.066892
v 0.055543 -0.0025 -0.068042
v 0.0555 -0.0 -0.066892
v 0.0555 -0.0 -0.067999
v 0.055188 0.004946 -0.067912
v 0.055053 0.005797 -0.067897
v 0.054321 0.010408 -0.067817
v 0.054063 0.011529 -0.067797
v 0.053836 0.012514 -0.06778
v 0.052434 0.017114 -0.0677
v 0.052232 0.017778 -0.067688
v 0.05026 0.022509 -0.067606
v 0.050113 0.022859 -0.0676
v 0.047533 0.027644 -0.067516
v 0.047478 0.027745 -0.067514
v 0.04632 0.029577 -0.067482
v 0.044225 0.032431 -0.067433
v 0.043065 0.03401 -0.067405
v 0.040487 0.036878 -0.067355
v 0.039385 0.038104 -0.067334
v 0.0363 0.040914 -0.067285
v 0.035281 0.041841 -0.067268
v 0.033586 0.043182 -0.067245
v 0.031707 0.044469 -0.067222
v 0.029049 0.046289 -0.067191
v 0.026769 0.047538 -0.067169
v 0.02422 0.048934 -0.067145
v 0.021541 0.050071 -0.067125
v -0.028762 0.046459 -0.067188
v -0.028577 0.046575 -0.067186
v -0.023681 0.049191 -0.06714
v -0.023638 0.049209 -0.06714
v -0.018593 0.05129 -0.067103
v -0.018245 0.051394 -0.067102
v -0.013322 0.052874 -0.067076
v -0.012661 0.053024 -0.067073
v -0.011219 0.053351 -0.067067
v -0.006929 0.054014 -0.067056
v -0.005734 0.054199 -0.067053
v -0.001131 0.054448 -0.067048
v -0.000237 0.054496 -0.067047
v 0.00468 0.054273 -0.067051
v 0.005259 0.054247 -0.067052
v 0.007404 0.054 -0.067056
v 0.010434 0.053438 -0.067066
v 0.012833 0.052993 -0.067074
v 0.016076 0.05205 -0.06709
v 0.018124 0.051454 -0.067101
v 0.019111 0.051103 -0.067107
v -0.055257 0.003543 -0.067937
v -0.055121 0.005538 -0.067902
v -0.054483 0.009304 -0.067836
v -0.054201 0.010966 -0.067807
v -0.05311 0.014952 -0.067738
v -0.052748 0.016275 -0.067715
v -0.052042 0.018297 -0.067679
v -0.051133 0.020416 -0.067642
v -0.049854 0.023397 -0.06759
v -0.048609 0.02565 -0.067551
v -0.04719 0.028216 -0.067506
v -0.04555 0.030592 -0.067465
v -0.044067 0.032742 -0.067427
v -0.04272 0.034431 -0.067398
v -0.042013 0.035201 -0.067384
v -0.038967 0.038519 -0.067326
v -0.037985 0.039396 -0.067311
v -0.034861 0.042184 -0.067262
v -0.033544 0.043143 -0.067246
v -0.030416 0.045421 -0.067206
v 0.054092 0.01145 -0.065775
v 0.054916 0.007076 -0.066417
v 0.055052 0.005799 -0.066524
v 0.055391 0.002606 -0.066791
v 0.055488 0.000495 -0.066879
v 0.05407 0.011531 -0.065757
v 0.052925 0.015725 -0.064841
v 0.052445 0.017116 -0.064444
v 0.044253 0.032451 -0.056777
v 0.044915 0.031605 -0.057484
v 0.046265 0.029659 -0.058847
v 0.051974 0.018479 -0.064055
v 0.050325 0.02241 -0.062637
v 0.050272 0.022513 -0.062589
v 0.048415 0.026139 -0.060908
v 0.047506 0.027627 -0.060037
v 0.040513 0.036902 -0.052606
v 0.042492 0.034703 -0.054897
v 0.037398 0.040007 -0.048707
v 0.039971 0.037504 -0.051979
v 0.031742 0.04452 -0.039914
v 0.031921 0.0444 -0.040266
v 0.036193 0.041074 -0.04705
v 0.036333 0.04095 -0.047242
v 0.034242 0.042676 -0.044154
v 0.026797 0.047589 -0.032074
v 0.028071 0.046876 -0.032061
v 0.0298 0.045819 -0.036106
v 0.026186 0.047932 -0.032079
v 0.02156 0.050119 -0.032117
v 0.021211 0.050284 -0.03212
v 0.016093 0.052109 -0.032152
v 0.016025 0.052133 -0.032152
v 0.010637 0.053468 -0.032175
v 0.010446 0.053501 -0.032176
v 0.008505 0.053841 -0.032182
v 0.004675 0.054242 -0.032189
v 0.003034 0.054413 -0.032192
v -0.001133 0.054435 -0.032192
v -0.002471 0.054441 -0.032192
v -0.006932 0.054018 -0.032185
v -0.007996 0.053917 -0.032183
v -0.010123 0.053565 -0.032177
v -0.012647 0.052967 -0.032167
v -0.015477 0.052295 -0.032155
v -0.018228 0.051346 -0.032138
v -0.028737 0.04642 -0.032053
v -0.02762 0.047137 -0.032066
v -0.025723 0.048176 -0.032084
v -0.02361 0.04915 -0.032101
v -0.020682 0.0505 -0.032124
v -0.033542 0.043144 -0.031997
v -0.032248 0.044168 -0.032014
v -0.036566 0.040751 -0.031955
v -0.037974 0.039388 -0.031932
v -0.040553 0.036891 -0.031888
v -0.041993 0.035289 -0.031861
v -0.045591 0.030622 -0.03178
v -0.045382 0.030952 -0.031786
v -0.042041 0.035228 -0.03186
v -0.048325 0.026299 -0.031705
v -0.04864 0.025669 -0.031694
v -0.050811 0.021336 -0.031619
v -0.051185 0.020438 -0.031604
v -0.051646 0.019332 -0.031585
v -0.053125 0.014954 -0.031509
v -0.053406 0.014121 -0.031495
v -0.054515 0.009308 -0.031411
v -0.054642 0.008756 -0.031402
v -0.055307 0.003546 -0.031312
v -0.055345 0.003251 -0.031307
v 0.05776 -0.0 -0.061989
v 0.05765 -0.0 -0.062061
v 0.057739 0.00043 -0.061964
v 0.055659 -0.0 -0.065459
v 0.033205 0.045122 -0.034098
v 0.032478 0.045719 -0.032186
v 0.033195 0.045768 -0.032209
v 0.031996 0.045087 -0.034716
v 0.030724 0.045906 -0.032134
v 0.032177 0.045751 -0.032177
v 0.030403 0.045941 -0.032125
v 0.030845 0.045322 -0.035396
v 0.030051 0.046032 -0.032115
v 0.029366 0.046324 -0.032096
v 0.056151 -0.0 -0.064213
v 0.05639 -0.0 -0.063607
v 0.056079 0.000442 -0.064177
v 0.056152 -0.0 -0.06421
v 0.059293 -0.0 -0.060982
v 0.06294 -0.0 -0.060461
v 0.061019 -0.0 -0.060467
v 0.060169 0.000462 -0.060641
v 0.060199 -0.0 -0.060712
v 0.060198 -0.0 -0.060712
v 0.055985 0.002514 -0.064094
v 0.05553 0.006894 -0.063745
v 0.062928 0.000532 -0.060449
v 0.060069 0.002608 -0.060562
v 0.06282 0.002778 -0.060365
v 0.059582 0.007131 -0.060225
v 0.062295 0.007508 -0.060007
v 0.062283 0.007569 -0.059999
v 0.058734 0.011527 -0.059653
v 0.061381 0.012095 -0.059397
v 0.054739 0.011173 -0.063148
v 0.05362 0.015355 -0.062283
v 0.052707 0.01805 -0.061556
v 0.060534 0.015002 -0.058821
v 0.057533 0.015796 -0.058828
v 0.060088 0.016532 -0.058518
v 0.056554 0.01853 -0.058139
v 0.059033 0.019359 -0.057783
v 0.051121 0.021903 -0.060248
v 0.049277 0.025569 -0.058653
v 0.047193 0.029044 -0.05675
v 0.058068 0.021465 -0.057091
v 0.054852 0.022413 -0.056903
v 0.057204 0.023349 -0.056471
v 0.052874 0.026072 -0.055409
v 0.055085 0.027071 -0.054892
v 0.050641 0.029503 -0.053639
v 0.052701 0.030516 -0.053038
v 0.051793 0.031651 -0.052306
v 0.049232 0.03139 -0.052475
v 0.051202 0.032389 -0.051829
v 0.045878 0.030972 -0.055491
v 0.043508 0.034055 -0.053098
v 0.041025 0.03686 -0.050388
v 0.044043 0.037071 -0.047802
v 0.048322 0.035495 -0.049393
v 0.046696 0.03438 -0.050276
v 0.048515 0.035316 -0.049566
v 0.049735 0.033986 -0.050594
v 0.042861 0.040177 -0.044279
v 0.044834 0.038608 -0.046197
v 0.045717 0.037905 -0.047056
v 0.038474 0.039383 -0.047335
v 0.037273 0.040464 -0.045782
v 0.041321 0.039472 -0.045027
v 0.040041 0.040497 -0.043617
v 0.041523 0.041137 -0.04288
v 0.037963 0.042042 -0.041136
v 0.039356 0.042575 -0.040438
v 0.038296 0.043213 -0.039082
v 0.032988 0.04386 -0.03937
v 0.035322 0.042095 -0.043056
v 0.057645 0.002514 -0.061885
v 0.057184 0.006913 -0.06155
v 0.056383 0.0112 -0.060981
v 0.055248 0.01538 -0.060159
v 0.054322 0.018068 -0.05947
v 0.052713 0.021904 -0.058232
v 0.050839 0.025546 -0.056726
v 0.048719 0.028989 -0.054934
v 0.04738 0.030897 -0.053749
v 0.044963 0.033943 -0.051498
v 0.042427 0.036711 -0.04895
v 0.039818 0.0392 -0.046074
v 0.038589 0.040267 -0.044608
v 0.036589 0.041879 -0.042028
v 0.034197 0.043629 -0.038522
v 0.035482 0.04372 -0.037766
v 0.036777 0.044128 -0.037142
v 0.035412 0.044879 -0.035075
v 0.034416 0.045427 -0.033566
v 0.03364 0.045833 -0.032222
v 0.062934 -0.0025 -0.060504
v 0.057076 -0.0025 -0.062715
v 0.056143 -0.0025 -0.064212
v 0.056082 -0.0025 -0.06431
v 0.055972 -0.0025 -0.064577
v 0.055561 -0.0025 -0.066412
v 0.061054 -0.0025 -0.060506
v 0.060766 -0.0025 -0.060555
v 0.060213 -0.0025 -0.06075
v 0.058992 -0.0025 -0.061179
v 0.058737 -0.0025 -0.06132
v 0.057819 -0.0025 -0.062056
v 0.057271 -0.0025 -0.062495
v 0.065358 -0.0025 -0.060848
v 0.068611 -0.0 -0.061228
v 0.068605 -0.0025 -0.061271
v 0.066782 -0.0 -0.060991
v 0.065771 -0.0 -0.06086
v 0.112622 -0.0 -0.062508
v 0.112625 -0.0025 -0.062551
v 0.108817 -0.0 -0.062725
v 0.106084 -0.0025 -0.062889
v 0.10167 -0.0 -0.062784
v 0.101672 -0.0025 -0.062953
v 0.079516 -0.0025 -0.062344
v 0.079535 -0.0 -0.0621
v 0.080787 -0.0025 -0.062469
v 0.083873 -0.0 -0.062447
v 0.090543 -0.0025 -0.062913
v 0.094886 -0.0025 -0.063051
v 0.090541 -0.0 -0.062876
v 0.100988 -0.0 -0.06279
v 0.089368 -0.0 -0.062885
v 0.092981 -0.0025 -0.063024
v 0.118101 -0.0 -0.062029
v 0.124478 -0.0025 -0.061522
v 0.124746 -0.0 -0.061449
v 0.124823 -0.0025 -0.061478
v 0.124818 -0.0 -0.06144
v 0.136827 -0.0025 -0.059974
v 0.135167 -0.0 -0.060139
v 0.136821 -0.0 -0.059931
v 0.133719 0.055666 -0.0
v 0.135071 0.055612 -0.0
v 0.135086 0.055494 -0.005658
v 0.16825 0.050284 -0.018613
v 0.16825 0.049444 -0.020701
v 0.152168 0.051383 -0.021419
v 0.16825 0.027358 -0.047079
v 0.16825 0.025573 -0.04803
v 0.152049 0.028627 -0.050311
v 0.066777 0.007655 -0.060619
v 0.066751 0.02198 -0.058212
v 0.049744 0.035693 -0.04955
v 0.083716 0.055801 -0.0
v 0.083723 0.055384 -0.01273
v 0.080304 0.055597 -0.0
v 0.071721 0.054891 -0.008558
v 0.071852 0.055092 -0.0
v 0.083723 0.054724 -0.018761
v 0.071327 0.054274 -0.016219
v 0.07149 0.054529 -0.013053
v 0.08372 0.05372 -0.024519
v 0.070673 0.053219 -0.023116
v 0.07105 0.053827 -0.019144
v 0.083716 0.052334 -0.029972
v 0.069887 0.051904 -0.028648
v 0.070419 0.052793 -0.024909
v 0.054377 0.049163 -0.032266
v 0.066666 0.050502 -0.032286
v 0.066663 0.049359 -0.035329
v 0.067362 0.050578 -0.032287
v 0.083712 0.050527 -0.035086
v 0.069212 0.050735 -0.03229
v 0.069579 0.05137 -0.030311
v 0.038559 0.046731 -0.032233
v 0.049711 0.048483 -0.032256
v 0.049706 0.047308 -0.035294
v 0.052098 0.048858 -0.032261
v 0.034623 0.046017 -0.032225
v 0.04971 0.045117 -0.039521
v 0.049718 0.042482 -0.043291
v 0.04973 0.039358 -0.046628
v 0.066695 0.037453 -0.050973
v 0.066713 0.033023 -0.053833
v 0.066732 0.027885 -0.056254
v 0.066766 0.015252 -0.059678
v 0.083848 0.007824 -0.06222
v 0.100972 0.007742 -0.06257
v 0.118082 0.007412 -0.061691
v 0.146696 -0.0 -0.058436
v 0.135143 0.006836 -0.059788
v 0.16825 0.00492 -0.054438
v 0.16825 -0.0 -0.054755
v 0.1624 -0.0 -0.055783
v 0.152163 0.006047 -0.057201
v 0.156547 -0.0 -0.056797
v 0.152184 -0.0 -0.057523
v 0.152102 0.01818 -0.054839
v 0.16825 0.015685 -0.052213
v 0.152134 0.012329 -0.056298
v 0.16825 0.012383 -0.05318
v 0.16825 0.010831 -0.053529
v 0.16825 0.010381 -0.053601
v 0.16825 0.005266 -0.054416
v 0.152073 0.023614 -0.052833
v 0.16825 0.022584 -0.049622
v 0.16825 0.020762 -0.050364
v 0.16825 0.017595 -0.051653
v 0.16825 0.029216 -0.045909
v 0.152037 0.03321 -0.047309
v 0.16825 0.030101 -0.045258
v 0.16825 0.033519 -0.042744
v 0.152037 0.037356 -0.043864
v 0.16825 0.034302 -0.042036
v 0.16825 0.03749 -0.039152
v 0.152049 0.041059 -0.040016
v 0.16825 0.038155 -0.038415
v 0.16825 0.041112 -0.035137
v 0.152072 0.044314 -0.035804
v 0.16825 0.041645 -0.034447
v 0.152102 0.047122 -0.03127
v 0.16825 0.044664 -0.030112
v 0.16825 0.042767 -0.032994
v 0.152135 0.049478 -0.026458
v 0.16825 0.048243 -0.023689
v 0.16825 0.047283 -0.025525
v 0.16825 0.045734 -0.028486
v 0.16825 0.050991 -0.016422
v 0.152197 0.052836 -0.016203
v 0.16825 0.051169 -0.015699
v 0.16825 0.052313 -0.011066
v 0.152217 0.053845 -0.010861
v 0.16825 0.052389 -0.010543
v 0.16825 0.053109 -0.005589
v 0.152227 0.054429 -0.005442
v 0.16825 0.053123 -0.005293
v 0.157972 0.054199 -0.0
v 0.16825 0.053377 -0.0
v 0.119886 0.056215 -0.0
v 0.117929 0.056235 -0.0
v 0.117948 0.056137 -0.005914
v 0.115886 0.056257 -0.0
v 0.117957 0.055727 -0.011771
v 0.103252 0.056387 -0.0
v 0.137872 0.055501 -0.0
v 0.151561 0.054614 -0.0
v 0.15222 0.054572 -0.0
v 0.118053 0.01486 -0.060639
v 0.100947 0.015456 -0.061497
v 0.118021 0.021544 -0.058979
v 0.100919 0.022319 -0.05982
v 0.117989 0.027503 -0.056747
v 0.10089 0.028377 -0.057584
v 0.117959 0.032779 -0.053987
v 0.100862 0.033684 -0.054831
v 0.117937 0.037413 -0.050741
v 0.100839 0.038294 -0.051602
v 0.117924 0.041447 -0.047047
v 0.100823 0.042265 -0.047929
v 0.11792 0.044921 -0.04294
v 0.100815 0.045648 -0.043839
v 0.117924 0.047868 -0.038454
v 0.100814 0.04849 -0.039359
v 0.117933 0.050321 -0.033625
v 0.100818 0.050831 -0.034516
v 0.117944 0.052305 -0.028496
v 0.100823 0.052706 -0.029344
v 0.117953 0.053849 -0.02311
v 0.100828 0.054149 -0.023882
v 0.117959 0.054979 -0.017519
v 0.100831 0.055194 -0.018172
v 0.100828 0.055881 -0.012259
v 0.135113 0.013807 -0.058801
v 0.135081 0.020156 -0.057222
v 0.135049 0.025908 -0.055076
v 0.135021 0.031084 -0.0524
v 0.135003 0.035706 -0.049236
v 0.134995 0.039796 -0.045625
v 0.134998 0.043374 -0.041605
v 0.13501 0.046456 -0.037216
v 0.135028 0.049062 -0.032498
v 0.135049 0.051204 -0.027496
v 0.135068 0.052899 -0.02226
v 0.135083 0.054163 -0.01684
v 0.13509 0.055016 -0.01129
v 0.087461 0.056025 -0.0
v 0.098074 0.056268 -0.0
v 0.100805 0.056331 -0.0
v 0.083831 0.01559 -0.061183
v 0.083809 0.022469 -0.059571
v 0.083785 0.028511 -0.057425
v 0.083761 0.033773 -0.054784
v 0.08374 0.038317 -0.051684
v 0.083724 0.042207 -0.048147
v 0.06668 0.041242 -0.04769
v 0.083715 0.045505 -0.044193
v 0.06667 0.044454 -0.043989
v 0.083711 0.048264 -0.039834
v 0.066665 0.047145 -0.039869
v 0.143437 -0.0025 -0.058994
v 0.156554 -0.0025 -0.05684
v 0.16825 -0.0025 -0.054799
v -0.051044 -0.0025 -0.030707
v -0.055 -0.0025 -0.030707
v -0.055208 -0.0025 -0.030748
v -0.055384 -0.0025 -0.030866
v -0.055502 -0.0025 -0.031042
v -0.051705 -0.0025 -0.069205
v -0.051705 -0.0025 -0.075706
v 0.051705 -0.0025 -0.075706
v 0.051705 -0.0025 -0.069205
v 0.161352 -0.0025 -0.05719
v 0.16825 -0.0025 -0.05598
v 0.16825 0.005519 0.054388
v 0.16825 0.010382 0.053599
v 0.16825 0.010897 0.053516
v 0.16825 -0.0 0.054755
v 0.16825 0.004921 0.054427
v 0.16825 0.015699 0.052254
v 0.16825 0.016115 0.052145
v 0.16825 0.020093 0.050711
v 0.16825 0.020773 0.050392
v 0.16825 0.024989 0.04842
v 0.16825 0.025588 0.048061
v 0.16825 0.029578 0.045668
v 0.16825 0.03011 0.04527
v 0.16825 0.033861 0.042463
v 0.16825 0.034321 0.042055
v 0.16825 0.036389 0.040222
v 0.16825 0.038136 0.038394
v 0.16825 0.040144 0.036292
v 0.16825 0.041604 0.034414
v 0.16825 0.04346 0.032026
v 0.16825 0.044661 0.03011
v 0.16825 0.046336 0.027437
v 0.16825 0.047028 0.026158
v 0.16825 0.047312 0.025541
v 0.16825 0.049342 0.021138
v 0.16825 0.049487 0.020719
v 0.16825 0.051136 0.015928
v 0.16825 0.051189 0.015704
v 0.16825 0.052413 0.01054
v 0.16825 0.052657 0.009125
v 0.16825 0.053078 0.005287
v 0.16825 0.05327 0.003537
v 0.071494 0.028139 0.056679
v 0.062644 0.027622 0.055831
v 0.062661 0.021768 0.05773
v 0.151419 0.023716 0.052926
v 0.151396 0.028736 0.050397
v 0.151383 0.033321 0.047387
v 0.034272 0.049447 0.017416
v 0.089328 0.007827 0.06247
v 0.116044 0.007466 0.061855
v 0.151509 0.006082 0.057308
v 0.1338 0.006893 0.059967
v 0.098237 0.007774 0.062599
v 0.080426 0.007813 0.061997
v 0.080436 2e-06 0.062395
v 0.080665 2e-06 0.062417
v 0.062685 0.007579 0.060059
v 0.062676 0.015102 0.059149
v 0.062609 0.037112 0.050691
v 0.062594 0.040873 0.047485
v 0.044987 0.038669 0.046235
v 0.044975 0.041767 0.043018
v 0.044966 0.04439 0.039364
v 0.044961 0.046578 0.035243
v 0.044958 0.048361 0.030634
v 0.044958 0.049762 0.025523
v 0.044959 0.050805 0.019904
v 0.04497 0.051075 0.017443
v 0.062592 0.053289 0.017481
v 0.051959 0.052106 0.01746
v 0.050346 0.051893 0.017457
v 0.080306 0.054541 0.018869
v 0.080307 0.0552 0.012822
v 0.071425 0.054429 0.014778
v 0.07123 0.05412 0.017496
v 0.070233 0.05404 0.017495
v 0.062585 0.053091 0.019403
v 0.066248 0.053695 0.017488
v 0.071751 0.054937 0.007577
v 0.071503 0.054551 0.013055
v 0.151569 0.054476 0.005449
v 0.15156 0.053898 0.010875
v 0.15154 0.052896 0.016225
v 0.151511 0.05145 0.02145
v 0.151479 0.049555 0.026497
v 0.151446 0.047209 0.031316
v 0.151417 0.04441 0.035859
v 0.151395 0.041162 0.040079
v 0.151383 0.037465 0.043935
v 0.151449 0.018268 0.054938
v 0.151481 0.012395 0.056402
v 0.115905 0.056181 0.005945
v 0.098095 0.055847 0.012335
v 0.133735 0.055561 0.005677
v 0.098108 0.038357 0.051668
v 0.1159 0.037562 0.050881
v 0.098092 0.042316 0.048009
v 0.115886 0.04159 0.047183
v 0.098083 0.045685 0.043933
v 0.115881 0.045052 0.043072
v 0.098082 0.048513 0.039464
v 0.115885 0.047986 0.038581
v 0.098085 0.050839 0.034629
v 0.115893 0.050423 0.033746
v 0.09809 0.0527 0.029459
v 0.115903 0.052392 0.028606
v 0.098095 0.054131 0.023992
v 0.115912 0.05392 0.023208
v 0.098097 0.055167 0.01827
v 0.115916 0.055038 0.017599
v 0.115914 0.055776 0.011829
v 0.133659 0.035871 0.049373
v 0.13365 0.039956 0.045751
v 0.133653 0.043525 0.041722
v 0.133664 0.046595 0.037321
v 0.133682 0.049187 0.032592
v 0.133702 0.051315 0.027577
v 0.13372 0.052996 0.022327
v 0.133733 0.054247 0.016893
v 0.133739 0.05509 0.011327
v 0.098214 0.01551 0.061527
v 0.116016 0.014956 0.060797
v 0.13377 0.013908 0.058974
v 0.062626 0.032716 0.053477
v 0.080344 0.033691 0.054664
v 0.071514 0.022183 0.058699
v 0.080367 0.028448 0.057269
v 0.089233 0.033836 0.054899
v 0.071531 0.015396 0.060213
v 0.080411 0.015562 0.060975
v 0.08039 0.022424 0.059385
v 0.089284 0.022491 0.059773
v 0.089258 0.028551 0.057587
v 0.098158 0.02845 0.057627
v 0.09813 0.033754 0.054885
v 0.115952 0.027647 0.056895
v 0.115922 0.032929 0.05413
v 0.133706 0.02606 0.055232
v 0.133678 0.031246 0.052546
v 0.089308 0.015599 0.061415
v 0.098187 0.022386 0.059856
v 0.115984 0.02167 0.059132
v 0.133738 0.020289 0.057387
v 0.080324 0.038216 0.051603
v 0.080308 0.042088 0.048108
v 0.062584 0.044064 0.043862
v 0.080299 0.045369 0.044195
v 0.062578 0.046741 0.039817
v 0.080295 0.048113 0.039874
v 0.062576 0.048947 0.035343
v 0.080295 0.050364 0.03516
v 0.062578 0.050718 0.030443
v 0.080299 0.052162 0.03007
v 0.062581 0.052089 0.025125
v 0.080303 0.053541 0.02463
v 0.002948 -0.024277 0.080311
v 0.00386 -0.031795 0.082371
v 0.003683 -0.031824 0.082372
v 0.016941 -0.017637 0.080311
v 0.022215 -0.022761 0.0823
v 0.022026 -0.022931 0.0823
v 0.016941 0.017637 0.080311
v 0.022027 0.022932 0.0823
v 0.022188 0.022787 0.0823
v -0.004892 0.023961 0.080311
v -0.006557 0.031346 0.082368
v -0.006405 0.031372 0.082368
v -0.015467 0.018943 0.080311
v -0.020123 0.024647 0.082307
v -0.019943 0.02481 0.082308
v -0.024376 0.001968 0.080311
v -0.032006 0.002584 0.082396
v -0.031996 0.002715 0.082395
v -0.024376 -0.001968 0.080311
v -0.031986 -0.002801 0.082394
v -0.032002 -0.002583 0.082396
v -0.023745 -0.005852 0.080311
v -0.030994 -0.007823 0.08235
v -0.031036 -0.00765 0.082351
v 0.00084 -0.03422 0.082544
v 0.0 -0.034224 0.082542
v 0.0 -0.033851 0.082582
v 0.000799 -0.032019 0.082369
v 0.0 -0.032124 0.082398
v 0.0 -0.032023 0.082368
v 0.032198 0.0 0.082422
v 0.032248 0.0 0.082437
v 0.031996 -0.002714 0.082395
v 0.003938 -0.034012 0.082546
v 0.023771 -0.024334 0.082468
v 0.026003 -0.021913 0.082464
v 0.024309 -0.020489 0.082296
v 0.026017 -0.021895 0.082464
v 0.031986 0.002801 0.082394
v 0.00263 0.031928 0.082371
v 0.0 0.032024 0.082367
v 0.0 0.032125 0.082398
v 0.026017 0.021893 0.082464
v 0.024292 0.020511 0.082296
v 0.025984 0.021936 0.082464
v 0.023743 0.024362 0.082468
v 0.018096 0.026217 0.082316
v 0.017799 0.02643 0.082318
v 0.019061 0.028249 0.082487
v -0.000799 0.032019 0.082369
v 0.0 0.032546 0.0825
v -0.034174 0.002969 0.082572
v -0.032198 0.0 0.082422
v -0.032248 0.0 0.082437
v -0.007024 0.033501 0.082542
v -0.012848 0.031626 0.082519
v -0.011018 0.030017 0.082352
v -0.011331 0.02988 0.082351
v -0.021828 0.026088 0.082474
v -0.026003 0.021913 0.082464
v -0.024309 0.02049 0.082296
v -0.026017 0.021895 0.082464
v -0.00263 -0.031928 0.082372
v -0.001289 -0.031977 0.082369
v -0.034163 -0.003061 0.082571
v -0.033112 -0.008415 0.082523
v -0.026017 -0.021892 0.082464
v -0.024292 -0.02051 0.082296
v -0.025984 -0.021935 0.082464
v -0.020121 -0.024644 0.082307
v -0.019871 -0.024868 0.082308
v -0.021273 -0.026582 0.082477
v 0.006412 0.051607 0.067498
v 0.00973 0.058307 0.067498
v 0.002167 0.051952 0.067498
v 0.0 0.059114 0.067498
v -0.041223 0.032314 0.067498
v -0.043491 0.040037 0.067498
v -0.043765 0.028897 0.067499
v -0.049488 0.032332 0.067498
v -0.027867 0.044081 0.067498
v -0.028135 0.051989 0.067498
v -0.031396 0.041699 0.067498
v -0.036308 0.046649 0.067498
v -0.011373 0.050762 0.067498
v -0.00973 0.058307 0.067498
v -0.015493 0.049682 0.067498
v -0.019194 0.055911 0.067498
v -0.007146 0.051513 0.067498
v -0.006318 0.051619 0.067498
v -0.002079 0.051956 0.067498
v 0.023464 0.046521 0.067498
v 0.028135 0.051989 0.067498
v 0.019573 0.048251 0.067498
v 0.019194 0.055911 0.067498
v 0.037874 0.036076 0.067498
v 0.043491 0.040037 0.067498
v 0.034775 0.038996 0.067498
v 0.036308 0.046649 0.067498
v -0.052132 0.008587 0.067499
v -0.057305 0.014512 0.067499
v -0.052734 0.004378 0.067499
v -0.058912 0.004882 0.067499
v -0.051197 0.012728 0.067499
v -0.049929 0.016794 0.067499
v -0.054134 0.023746 0.067499
v -0.024127 0.046188 0.067498
v -0.023387 0.046558 0.067498
v -0.0195 0.04828 0.067498
v 0.054134 0.023746 0.067499
v 0.049488 0.032332 0.067498
v 0.046058 0.025229 0.067499
v 0.052148 0.008502 0.067499
v 0.058912 0.004882 0.067499
v 0.051219 0.012646 0.067499
v 0.057305 0.014512 0.067499
v 0.041223 -0.032313 0.067499
v 0.043491 -0.040036 0.067499
v 0.043765 -0.028897 0.067499
v 0.049488 -0.032332 0.067499
v 0.027867 -0.044081 0.067499
v 0.028135 -0.051989 0.067499
v 0.031396 -0.041699 0.067499
v 0.036308 -0.046649 0.067499
v -0.006412 -0.051607 0.067499
v -0.00973 -0.058307 0.067499
v -0.002167 -0.051952 0.067499
v 0.0 -0.059113 0.067499
v -0.023464 -0.04652 0.067499
v -0.028135 -0.051989 0.067499
v -0.019573 -0.048251 0.067499
v -0.019194 -0.05591 0.067499
v -0.037874 -0.036075 0.067499
v -0.043491 -0.040036 0.067499
v -0.034775 -0.038995 0.067499
v -0.036308 -0.046649 0.067499
v -0.054134 -0.023745 0.067499
v -0.049488 -0.032332 0.067499
v -0.046058 -0.025229 0.067499
v -0.052148 -0.008502 0.067499
v -0.058912 -0.004881 0.067499
v -0.051219 -0.012646 0.067499
v -0.057305 -0.014511 0.067499
v -0.052743 -0.004285 0.067499
v -0.052999 0.0 0.067499
v -0.052813 0.003544 0.067499
v 0.04075 0.03289 0.067498
v 0.041278 0.032245 0.067498
v 0.04381 0.028831 0.067499
v 0.052132 -0.008587 0.067499
v 0.057305 -0.014511 0.067499
v 0.052734 -0.004377 0.067499
v 0.058912 -0.004881 0.067499
v 0.051197 -0.012728 0.067499
v 0.049929 -0.016793 0.067499
v 0.054134 -0.023745 0.067499
v 0.011373 -0.050762 0.067499
v 0.00973 -0.058307 0.067499
v 0.015493 -0.049682 0.067499
v 0.019194 -0.05591 0.067499
v -0.04075 -0.03289 0.067499
v -0.041278 -0.032245 0.067499
v -0.04381 -0.02883 0.067499
v -0.048324 0.020775 0.067499
v -0.04798 0.021522 0.067499
v -0.046018 0.025298 0.067499
v -0.03839 0.035541 0.067498
v -0.037811 0.03614 0.067498
v -0.034712 0.03905 0.067498
v 0.010648 0.050916 0.067498
v 0.011453 0.050745 0.067498
v 0.015567 0.049659 0.067498
v 0.027234 0.044466 0.067498
v 0.027944 0.044033 0.067498
v 0.031463 0.04165 0.067498
v 0.048016 0.021447 0.067499
v 0.049676 0.017488 0.067499
v 0.049958 0.01671 0.067499
v 0.052743 0.004286 0.067499
v 0.052999 0.0 0.067499
v 0.052813 -0.003544 0.067499
v 0.024127 -0.046187 0.067499
v 0.023387 -0.046558 0.067499
v 0.0195 -0.04828 0.067499
v -0.048016 -0.021446 0.067499
v -0.049676 -0.017488 0.067499
v -0.049958 -0.01671 0.067499
v 0.048324 -0.020775 0.067499
v 0.04798 -0.021522 0.067499
v 0.046018 -0.025298 0.067499
v 0.03839 -0.03554 0.067499
v 0.037811 -0.03614 0.067499
v 0.034712 -0.03905 0.067499
v 0.007146 -0.051512 0.067499
v 0.006318 -0.051618 0.067499
v 0.002079 -0.051956 0.067499
v -0.010648 -0.050916 0.067499
v -0.011453 -0.050744 0.067499
v -0.015567 -0.049659 0.067499
v -0.027234 -0.044466 0.067499
v -0.027944 -0.044033 0.067499
v -0.031463 -0.041649 0.067499
v -0.019175 -0.055856 0.07063
v -0.019114 -0.05588 0.070631
v -0.010428 -0.05813 0.07065
v -0.009717 -0.05823 0.070651
v -0.029063 -0.051413 0.070604
v -0.028095 -0.051913 0.070607
v -0.043498 -0.039949 0.070593
v -0.04345 -0.039998 0.070593
v -0.057246 -0.014496 0.070722
v -0.057166 -0.014827 0.070719
v -0.054265 -0.023305 0.070661
v -0.05407 -0.023717 0.070659
v -0.054081 0.023722 0.070658
v -0.054176 0.023513 0.07066
v -0.036267 0.046596 0.070592
v -0.036569 0.046376 0.070591
v -0.043172 0.040302 0.070593
v -0.043441 0.039991 0.070593
v -0.019159 0.055865 0.07063
v -0.019176 0.055858 0.07063
v 0.019175 0.055857 0.07063
v 0.019114 0.05588 0.07063
v 0.043498 0.039949 0.070593
v 0.04345 0.039998 0.070593
v 0.057246 0.014497 0.070722
v 0.057166 0.014827 0.070719
v 0.054265 0.023305 0.070661
v 0.05407 0.023717 0.070658
v 0.054081 -0.023722 0.070658
v 0.054176 -0.023513 0.07066
v 0.036267 -0.046596 0.070592
v 0.036569 -0.046376 0.070591
v 0.043172 -0.040302 0.070593
v 0.043441 -0.03999 0.070593
v 0.019159 -0.055865 0.07063
v 0.019176 -0.055858 0.07063
v -0.059052 0.0 0.070983
v -0.059055 0.0 0.07085
v -0.058933 0.003808 0.070813
v -0.058377 0.003805 0.07377
v -0.058498 0.0 0.073803
v -0.058519 0.0 0.073757
v -0.05475 0.0 0.078372
v -0.054607 0.003613 0.078349
v -0.054736 0.0 0.07838
v 0.0 0.054811 0.078142
v 0.0 0.054782 0.078157
v -0.003782 0.054653 0.07816
v 0.0 0.059058 0.070655
v 0.0 0.059042 0.071069
v -0.004075 0.058918 0.070657
v -0.004038 0.058372 0.073594
v 0.0 0.058545 0.073498
v 0.0 0.058505 0.073591
v -0.018989 0.055341 0.073576
v -0.012953 0.050355 0.079273
v -0.013108 0.050317 0.079273
v -0.013804 0.053004 0.078152
v -0.036226 0.045937 0.073556
v -0.04276 0.039923 0.073563
v -0.048596 0.032566 0.073586
v -0.049424 0.032291 0.070615
v -0.049068 0.032869 0.070613
v -0.045097 0.025616 0.079288
v -0.04514 0.025547 0.079289
v -0.047598 0.026929 0.078192
v -0.053654 0.023308 0.073631
v 0.003929 0.058928 0.070657
v 0.054592 0.003827 0.078347
v 0.05475 0.0 0.078372
v 0.054735 0.0 0.07838
v 0.058362 0.004034 0.073768
v 0.058519 0.0 0.073757
v 0.058497 0.0 0.073802
v 0.003893 0.058381 0.073594
v 0.003646 0.054663 0.07816
v 0.059055 0.0 0.07085
v 0.059052 0.0 0.070983
v 0.058917 0.004039 0.070811
v 0.056619 0.014712 0.073686
v 0.053743 0.023102 0.073632
v 0.043083 0.039574 0.073564
v 0.012953 0.050353 0.079273
v 0.013765 0.053014 0.078152
v 0.013071 0.050327 0.079273
v 0.018944 0.055357 0.073576
v 0.058933 -0.003808 0.070813
v 0.003782 -0.054653 0.07816
v 0.0 -0.054811 0.078142
v 0.0 -0.054781 0.078157
v 0.004075 -0.058917 0.070657
v 0.0 -0.059058 0.070655
v 0.0 -0.059041 0.07107
v 0.004038 -0.058371 0.073595
v 0.0 -0.058545 0.073499
v 0.0 -0.058502 0.07359
v 0.058377 -0.003805 0.07377
v 0.054607 -0.003613 0.078349
v 0.018989 -0.055341 0.073577
v 0.012953 -0.050355 0.079274
v 0.013108 -0.050317 0.079273
v 0.013804 -0.053003 0.078152
v 0.04276 -0.039923 0.073564
v 0.045097 -0.025615 0.079289
v 0.04514 -0.025547 0.079289
v 0.047598 -0.026929 0.078192
v 0.053654 -0.023308 0.073631
v -0.003929 -0.058927 0.070657
v -0.054592 -0.003826 0.078347
v -0.058362 -0.004033 0.073768
v -0.058917 -0.004039 0.070811
v -0.003893 -0.058381 0.073595
v -0.003646 -0.054662 0.07816
v -0.056619 -0.014712 0.073686
v -0.053743 -0.023102 0.073633
v -0.043083 -0.039573 0.073564
v -0.012953 -0.050353 0.079274
v -0.013765 -0.053014 0.078152
v -0.013071 -0.050326 0.079273
v -0.010337 -0.05759 0.07359
v -0.018944 -0.055356 0.073577
v -0.02605 -0.026009 0.082035
v -0.012898 -0.03923 0.081383
v 0.0 -0.039373 0.081699
v -0.006254 -0.039311 0.08167
v 0.0 -0.03936 0.081701
v -0.02605 0.026018 0.082034
v 0.0 0.03936 0.081701
v -0.00084 0.03422 0.082544
v 0.0 0.039373 0.081699
v -0.012898 0.039244 0.081381
v -0.039237 0.025754 0.080254
v 0.02605 0.026009 0.082035
v 0.012898 0.039231 0.081383
v 0.006254 0.039311 0.08167
v 0.02605 -0.026017 0.082034
v 0.012898 -0.039244 0.081381
v 0.039237 -0.025754 0.080254
v 0.058828 0.004874 -0.073804
v 0.057617 0.012963 -0.073734
v 0.05844 0.008513 -0.073771
v 0.052336 0.027366 -0.073638
v 0.055876 0.019123 -0.073688
v 0.050083 0.031299 -0.07362
v 0.046402 0.036536 -0.073601
v 0.032885 0.049057 -0.073597
v 0.036258 0.046583 -0.073592
v 0.036906 0.046108 -0.073591
v 0.040333 0.043142 -0.073591
v 0.029063 0.051413 -0.073605
v 0.028095 0.051913 -0.073607
v 0.023301 0.054268 -0.07362
v 0.025057 0.05348 -0.073615
v 0.005939 0.058759 -0.073656
v 0.009717 0.05823 -0.073652
v 0.010428 0.05813 -0.073651
v 0.014821 0.057168 -0.073642
v 0.003929 0.058927 -0.073657
v 0.0 0.059058 -0.073656
v -0.009715 0.05822 -0.073652
v -0.00855 0.058436 -0.073654
v -0.004075 0.058917 -0.073657
v -0.014863 0.057158 -0.073642
v -0.013 0.05761 -0.073646
v -0.023341 0.054251 -0.073619
v -0.032944 0.049017 -0.073597
v -0.031333 0.050062 -0.0736
v -0.03998 0.043469 -0.073591
v -0.049424 0.032291 -0.073616
v -0.049068 0.032868 -0.073613
v -0.046134 0.036873 -0.0736
v -0.053488 0.025039 -0.073651
v -0.051423 0.029046 -0.07363
v -0.058087 0.010657 -0.073753
v -0.057232 0.014493 -0.073722
v -0.057109 0.015045 -0.073718
v -0.055804 0.019332 -0.073687
v -0.058732 0.006173 -0.073792
v -0.058842 0.004876 -0.073803
v -0.058828 -0.004874 -0.073804
v -0.057617 -0.012963 -0.073734
v -0.05844 -0.008513 -0.073771
v -0.052336 -0.027366 -0.073638
v -0.055876 -0.019123 -0.073688
v -0.050083 -0.031299 -0.07362
v -0.046402 -0.036536 -0.073601
v -0.032885 -0.049057 -0.073596
v -0.040333 -0.043143 -0.07359
v -0.029063 -0.051413 -0.073604
v -0.028095 -0.051913 -0.073607
v -0.023301 -0.054268 -0.073619
v -0.025057 -0.05348 -0.073615
v -0.005939 -0.058759 -0.073656
v -0.009717 -0.05823 -0.073652
v -0.010428 -0.058131 -0.073651
v -0.014821 -0.057169 -0.073642
v 0.009715 -0.05822 -0.073651
v 0.00855 -0.058436 -0.073653
v 0.014863 -0.057158 -0.073641
v 0.013 -0.05761 -0.073646
v 0.028096 -0.051919 -0.073607
v 0.027401 -0.052318 -0.073608
v 0.023341 -0.054251 -0.073619
v 0.032944 -0.049018 -0.073596
v 0.031333 -0.050063 -0.073599
v 0.03998 -0.04347 -0.07359
v 0.049424 -0.032291 -0.073616
v 0.049068 -0.032869 -0.073613
v 0.046134 -0.036873 -0.0736
v 0.053488 -0.025039 -0.073651
v 0.051422 -0.029046 -0.07363
v 0.057232 -0.014494 -0.073722
v 0.057109 -0.015046 -0.073718
v 0.055804 -0.019333 -0.073687
v 0.058842 -0.004876 -0.073803
v 0.058732 -0.006173 -0.073791
v 0.058087 -0.010657 -0.073753
v -0.006326 -0.051596 -0.082283
v -0.0092 -0.051188 -0.08228
v -0.009687 -0.053916 -0.081157
v -0.005886 -0.058214 -0.076594
v -0.014691 -0.056635 -0.076584
v -0.058953 -0.0 -0.075054
v -0.058001 -0.0 -0.077921
v -0.056154 -0.0 -0.080313
v -0.056864 -0.00396 -0.079378
v -0.057027 -0.0 -0.079386
v -0.0518 -0.003648 -0.082457
v -0.051944 -0.0 -0.082494
v -0.05362 -0.0 -0.081958
v 0.0 -0.052013 -0.082284
v -0.003463 -0.0519 -0.082285
v 0.0 -0.053234 -0.08192
v 0.0 -0.057799 -0.078092
v -0.003796 -0.056905 -0.079191
v 0.0 -0.057073 -0.079138
v 0.0 -0.055843 -0.080395
v 0.0 -0.05876 -0.075803
v -0.057885 -0.008462 -0.076733
v -0.053357 -0.012076 -0.081284
v -0.051357 -0.00757 -0.08242
v -0.054133 -0.007963 -0.081314
v -0.057067 -0.012867 -0.0767
v -0.055339 -0.018964 -0.076658
v -0.051831 -0.027121 -0.076611
v -0.048443 -0.025378 -0.0812
v -0.047641 -0.020523 -0.082319
v -0.050233 -0.021628 -0.081221
v -0.049064 -0.016863 -0.082345
v -0.05173 -0.017766 -0.081245
v -0.050614 -0.01147 -0.082387
v -0.043965 -0.027519 -0.082279
v -0.045063 -0.025607 -0.082289
v -0.045942 -0.024077 -0.082297
v -0.049601 -0.031013 -0.076593
v -0.046359 -0.029009 -0.081182
v -0.045394 -0.030497 -0.081176
v -0.043051 -0.028929 -0.082273
v -0.042957 -0.033848 -0.081162
v -0.045957 -0.036195 -0.076574
v -0.03995 -0.042735 -0.076559
v -0.037354 -0.03996 -0.081145
v -0.0382 -0.0351 -0.082251
v -0.040276 -0.037004 -0.081152
v -0.03928 -0.033828 -0.082255
v -0.04074 -0.032107 -0.08226
v -0.03258 -0.048592 -0.076558
v -0.030481 -0.045446 -0.081139
v -0.032438 -0.040516 -0.082244
v -0.034192 -0.042709 -0.081141
v -0.034359 -0.038842 -0.082245
v -0.035433 -0.037906 -0.082246
v -0.028796 -0.050927 -0.076561
v -0.02483 -0.052976 -0.076567
v -0.023091 -0.053757 -0.07657
v -0.056393 -0.008272 -0.079345
v -0.055591 -0.01256 -0.079314
v -0.055153 -0.014356 -0.079302
v -0.053903 -0.018494 -0.079275
v -0.052346 -0.022521 -0.079251
v -0.050483 -0.026432 -0.07923
v -0.048311 -0.03022 -0.079213
v -0.047306 -0.03177 -0.079206
v -0.044764 -0.035265 -0.079193
v -0.041967 -0.038554 -0.079183
v -0.038919 -0.041633 -0.079176
v -0.035619 -0.044494 -0.079171
v -0.031747 -0.047342 -0.079169
v -0.028065 -0.04962 -0.07917
v -0.024203 -0.051621 -0.079173
v -0.02251 -0.052384 -0.079174
v -0.01847 -0.053947 -0.079179
v -0.014325 -0.055197 -0.079183
v -0.02695 -0.047638 -0.08114
v -0.023246 -0.049565 -0.081142
v -0.021622 -0.0503 -0.081144
v -0.017745 -0.051807 -0.081148
v -0.016848 -0.049175 -0.082266
v -0.020526 -0.047738 -0.082259
v -0.022066 -0.047037 -0.082256
v -0.028922 -0.043117 -0.082245
v -0.01008 -0.056132 -0.079188
v -0.010337 -0.05759 -0.07659
v -0.005238 -0.05175 -0.082284
v -0.005515 -0.054505 -0.08116
v -0.00574 -0.056742 -0.079191
v 0.003937 -0.056896 -0.079191
v 0.055787 -0.0 -0.080633
v 0.053167 -0.0 -0.082139
v 0.058824 -0.0 -0.075727
v 0.057761 -0.0 -0.078345
v 0.008475 -0.057894 -0.076592
v 0.012886 -0.057073 -0.076587
v 0.003591 -0.051891 -0.082285
v 0.006326 -0.051594 -0.082283
v 0.007942 -0.054203 -0.081158
v 0.007543 -0.051462 -0.082282
v 0.012075 -0.053428 -0.081155
v 0.011468 -0.050722 -0.082277
v 0.014732 -0.056624 -0.076584
v 0.023131 -0.05374 -0.07657
v 0.017786 -0.051793 -0.081148
v 0.016888 -0.049161 -0.082266
v 0.021659 -0.050284 -0.081144
v 0.020561 -0.047723 -0.082259
v 0.025414 -0.048481 -0.08114
v 0.024121 -0.046005 -0.082252
v 0.027151 -0.051824 -0.076563
v 0.031043 -0.049589 -0.076559
v 0.032638 -0.048553 -0.076558
v 0.036226 -0.045937 -0.076557
v 0.026153 -0.044825 -0.082249
v 0.029047 -0.046381 -0.081139
v 0.027563 -0.044007 -0.082247
v 0.030535 -0.04541 -0.081139
v 0.028973 -0.043083 -0.082245
v 0.033881 -0.042957 -0.08114
v 0.032143 -0.040752 -0.082244
v 0.034353 -0.038856 -0.082245
v 0.037029 -0.040263 -0.081144
v 0.035125 -0.038193 -0.082246
v 0.039974 -0.037331 -0.081151
v 0.037915 -0.03541 -0.082251
v 0.039602 -0.043059 -0.076559
v 0.045692 -0.036529 -0.076573
v 0.03928 -0.033825 -0.082255
v 0.04271 -0.03416 -0.081161
v 0.040506 -0.032402 -0.082259
v 0.04542 -0.03046 -0.081176
v 0.043074 -0.028894 -0.082273
v 0.048596 -0.032566 -0.076587
v 0.050927 -0.028783 -0.076603
v 0.052973 -0.024818 -0.076623
v 0.049511 -0.023229 -0.081212
v 0.046955 -0.022041 -0.08231
v 0.050149 -0.02182 -0.08122
v 0.047562 -0.020705 -0.082318
v 0.051663 -0.01796 -0.081244
v 0.049 -0.017047 -0.082343
v 0.05288 -0.014 -0.08127
v 0.05016 -0.013293 -0.082372
v 0.055268 -0.019171 -0.076657
v 0.056562 -0.014928 -0.076685
v 0.057534 -0.010585 -0.076717
v 0.058177 -0.006146 -0.076751
v 0.008265 -0.056429 -0.079189
v 0.012566 -0.055626 -0.079185
v 0.014366 -0.055187 -0.079183
v 0.018514 -0.053932 -0.079179
v 0.022548 -0.052367 -0.079174
v 0.026463 -0.050495 -0.079171
v 0.030252 -0.048314 -0.079169
v 0.031803 -0.047304 -0.079169
v 0.035295 -0.044753 -0.079171
v 0.03858 -0.041948 -0.079175
v 0.041653 -0.038894 -0.079182
v 0.044506 -0.035589 -0.079192
v 0.047332 -0.031732 -0.079206
v 0.049602 -0.02805 -0.079223
v 0.051595 -0.024191 -0.079242
v 0.05226 -0.022722 -0.07925
v 0.053834 -0.018696 -0.079274
v 0.055098 -0.014566 -0.079301
v 0.056049 -0.010338 -0.07933
v 0.056681 -0.006017 -0.079362
v 0.056879 -0.003738 -0.07938
v 0.057027 -0.0 -0.079386
v 0.053799 -0.009945 -0.081299
v 0.054413 -0.0058 -0.081332
v 0.050355 -0.012436 -0.082379
v 0.051037 -0.00945 -0.082404
v 0.051626 -0.005519 -0.082439
v 0.051815 -0.003446 -0.082459
v 0.051944 -0.0 -0.082494
v 0.006326 0.051595 -0.082283
v 0.0092 0.051188 -0.08228
v 0.009687 0.053916 -0.081157
v 0.005886 0.058214 -0.076594
v 0.014691 0.056635 -0.076584
v 0.056864 0.00396 -0.079378
v 0.0518 0.003648 -0.082457
v 0.0 0.052013 -0.082284
v 0.003463 0.0519 -0.082285
v 0.0 0.053685 -0.081736
v 0.003796 0.056905 -0.079192
v 0.0 0.056207 -0.080072
v 0.0 0.058036 -0.077667
v 0.0 0.057073 -0.079139
v 0.0 0.059041 -0.07407
v 0.0 0.058966 -0.074795
v 0.057885 0.008462 -0.076733
v 0.053357 0.012076 -0.081284
v 0.051357 0.00757 -0.08242
v 0.054133 0.007963 -0.081314
v 0.057067 0.012867 -0.0767
v 0.055339 0.018964 -0.076658
v 0.051831 0.027121 -0.076611
v 0.048443 0.025378 -0.0812
v 0.047641 0.020523 -0.082319
v 0.050233 0.021628 -0.081221
v 0.049064 0.016863 -0.082345
v 0.05173 0.017766 -0.081245
v 0.05021 0.013102 -0.082374
v 0.052934 0.013798 -0.081272
v 0.050376 0.01243 -0.082379
v 0.050614 0.011469 -0.082387
v 0.043965 0.027519 -0.082279
v 0.045063 0.025607 -0.082289
v 0.045942 0.024077 -0.082298
v 0.049601 0.031012 -0.076593
v 0.046359 0.029009 -0.081182
v 0.045394 0.030497 -0.081176
v 0.043051 0.028929 -0.082273
v 0.042957 0.033848 -0.081163
v 0.045957 0.036195 -0.076574
v 0.03995 0.042735 -0.076559
v 0.037354 0.03996 -0.081145
v 0.0382 0.0351 -0.082251
v 0.040276 0.037004 -0.081152
v 0.03928 0.033828 -0.082255
v 0.04074 0.032106 -0.08226
v 0.036559 0.045671 -0.076557
v 0.03258 0.048592 -0.076558
v 0.030481 0.045446 -0.081139
v 0.032438 0.040516 -0.082244
v 0.034192 0.042709 -0.081141
v 0.034359 0.038842 -0.082245
v 0.035433 0.037906 -0.082246
v 0.028796 0.050927 -0.076561
v 0.02483 0.052976 -0.076567
v 0.023091 0.053757 -0.07657
v 0.056393 0.008272 -0.079345
v 0.055591 0.01256 -0.079314
v 0.055153 0.014356 -0.079302
v 0.053903 0.018494 -0.079275
v 0.052346 0.022521 -0.079252
v 0.050483 0.026432 -0.079231
v 0.048311 0.030219 -0.079213
v 0.047306 0.03177 -0.079206
v 0.044764 0.035264 -0.079193
v 0.041967 0.038554 -0.079183
v 0.038919 0.041633 -0.079176
v 0.035619 0.044494 -0.079171
v 0.031747 0.047342 -0.079169
v 0.028065 0.04962 -0.07917
v 0.024203 0.05162 -0.079173
v 0.02251 0.052384 -0.079175
v 0.01847 0.053946 -0.079179
v 0.014325 0.055197 -0.079184
v 0.02695 0.047638 -0.08114
v 0.023246 0.049564 -0.081142
v 0.021622 0.0503 -0.081144
v 0.017745 0.051807 -0.081148
v 0.016848 0.049175 -0.082267
v 0.020526 0.047738 -0.082259
v 0.022066 0.047037 -0.082256
v 0.028922 0.043117 -0.082246
v 0.01008 0.056131 -0.079188
v 0.010337 0.05759 -0.07659
v 0.005238 0.05175 -0.082284
v 0.005515 0.054505 -0.08116
v 0.00574 0.056742 -0.079191
v -0.056879 0.003738 -0.07938
v -0.003937 0.056896 -0.079192
v -0.008475 0.057893 -0.076592
v -0.012886 0.057073 -0.076587
v -0.003591 0.051891 -0.082285
v -0.006326 0.051594 -0.082283
v -0.007942 0.054202 -0.081159
v -0.007543 0.051461 -0.082282
v -0.012075 0.053427 -0.081155
v -0.011468 0.050721 -0.082277
v -0.014732 0.056624 -0.076584
v -0.023131 0.05374 -0.07657
v -0.017787 0.051792 -0.081148
v -0.016888 0.049161 -0.082266
v -0.021659 0.050284 -0.081144
v -0.020561 0.047722 -0.082259
v -0.025414 0.04848 -0.081141
v -0.024121 0.046005 -0.082252
v -0.031043 0.049588 -0.076559
v -0.032638 0.048553 -0.076558
v -0.026153 0.044825 -0.082249
v -0.029047 0.046381 -0.081139
v -0.027563 0.044006 -0.082247
v -0.030535 0.045409 -0.081139
v -0.028973 0.043083 -0.082246
v -0.033881 0.042957 -0.081141
v -0.032143 0.040751 -0.082244
v -0.034353 0.038856 -0.082245
v -0.037029 0.040263 -0.081145
v -0.035125 0.038193 -0.082246
v -0.039974 0.03733 -0.081151
v -0.037915 0.03541 -0.082251
v -0.039602 0.043059 -0.076559
v -0.045692 0.036529 -0.076573
v -0.03928 0.033825 -0.082255
v -0.04271 0.034159 -0.081161
v -0.040506 0.032402 -0.082259
v -0.04542 0.030459 -0.081176
v -0.043074 0.028893 -0.082273
v -0.048596 0.032566 -0.076587
v -0.050927 0.028783 -0.076603
v -0.052973 0.024818 -0.076623
v -0.049511 0.023229 -0.081212
v -0.046955 0.02204 -0.08231
v -0.050149 0.02182 -0.08122
v -0.047562 0.020705 -0.082318
v -0.051663 0.01796 -0.081244
v -0.049 0.017046 -0.082343
v -0.05288 0.014 -0.08127
v -0.05016 0.013293 -0.082372
v -0.055268 0.019171 -0.076657
v -0.056562 0.014928 -0.076685
v -0.057534 0.010585 -0.076717
v -0.058177 0.006146 -0.076751
v -0.008265 0.056428 -0.079189
v -0.012566 0.055625 -0.079186
v -0.014366 0.055186 -0.079184
v -0.018514 0.053931 -0.079179
v -0.022548 0.052367 -0.079175
v -0.026463 0.050495 -0.079171
v -0.030252 0.048314 -0.079169
v -0.031803 0.047304 -0.079169
v -0.035295 0.044752 -0.079171
v -0.03858 0.041948 -0.079175
v -0.041653 0.038893 -0.079182
v -0.044506 0.035589 -0.079192
v -0.047332 0.031731 -0.079206
v -0.049602 0.028049 -0.079223
v -0.051595 0.024191 -0.079242
v -0.05226 0.022721 -0.07925
v -0.053834 0.018695 -0.079274
v -0.055098 0.014566 -0.079301
v -0.056049 0.010338 -0.07933
v -0.056681 0.006017 -0.079362
v -0.053799 0.009945 -0.081299
v -0.054413 0.0058 -0.081332
v -0.050355 0.012435 -0.082379
v -0.051037 0.009449 -0.082404
v -0.051626 0.005519 -0.082439
v -0.051815 0.003445 -0.082459
v 0.0 -0.0 -0.0805
v 0.008109 0.001318 -0.080814
v 0.007793 0.002601 -0.080814
v 0.008215 -0.0 -0.080814
v 0.006568 0.004935 -0.080814
v 0.005691 0.005925 -0.080814
v 0.007274 0.003818 -0.080814
v 0.003522 0.007422 -0.080814
v 0.002286 0.007891 -0.080814
v 0.004667 0.006761 -0.080814
v -0.000331 0.008209 -0.080814
v -0.001643 0.008049 -0.080814
v 0.00099 0.008155 -0.080814
v -0.004108 0.007115 -0.080814
v -0.005196 0.006363 -0.080814
v -0.002913 0.007681 -0.080814
v -0.006943 0.004391 -0.080814
v -0.007558 0.00322 -0.080814
v -0.006149 0.005448 -0.080814
v -0.008189 0.000661 -0.080814
v -0.008189 -0.000661 -0.080814
v -0.007977 0.001966 -0.080814
v -0.007558 -0.00322 -0.080814
v -0.006943 -0.004391 -0.080814
v -0.007977 -0.001966 -0.080814
v -0.005196 -0.006364 -0.080814
v -0.004108 -0.007115 -0.080814
v -0.006149 -0.005448 -0.080814
v -0.001643 -0.00805 -0.080814
v -0.000331 -0.008209 -0.080814
v -0.002913 -0.007682 -0.080814
v 0.002286 -0.007891 -0.080814
v 0.003522 -0.007422 -0.080814
v 0.00099 -0.008156 -0.080814
v 0.005691 -0.005925 -0.080814
v 0.006568 -0.004935 -0.080814
v 0.004667 -0.006761 -0.080814
v 0.007793 -0.002602 -0.080814
v 0.008109 -0.001318 -0.080814
v 0.007274 -0.003818 -0.080814
v 0.026178 0.018049 -0.085298
v 0.025389 0.019078 -0.085297
v 0.019551 0.014691 -0.083311
v -0.031499 0.005755 -0.085367
v -0.023745 0.005852 -0.083311
v -0.031009 0.007642 -0.085352
v -0.022498 0.009585 -0.083311
v -0.030268 0.01011 -0.085333
v -0.030723 0.008744 -0.085343
v -0.026851 0.016979 -0.085301
v -0.027635 0.015766 -0.085304
v -0.020669 0.01307 -0.083311
v -0.029077 0.013011 -0.085316
v -0.029294 0.012481 -0.085319
v -0.018305 0.016217 -0.083311
v -0.025952 0.01837 -0.085297
v -0.022215 0.022761 -0.0853
v -0.023778 0.021065 -0.085297
v -0.016339 0.027384 -0.085326
v -0.017501 0.026634 -0.08532
v -0.012228 0.021179 -0.083311
v -0.008672 0.022866 -0.083311
v -0.013724 0.028833 -0.08534
v -0.015939 0.027606 -0.085328
v -0.008228 0.030934 -0.085364
v -0.000985 0.024435 -0.083311
v -0.003683 0.031824 -0.085372
v 0.002948 0.024277 -0.083311
v -0.001288 0.031986 -0.08537
v 0.008901 0.030731 -0.085361
v 0.008352 0.030899 -0.085363
v 0.006804 0.023489 -0.083311
v 0.003857 0.031768 -0.085371
v 0.010484 0.022094 -0.083311
v 0.012546 0.029386 -0.085346
v 0.009743 0.030472 -0.085358
v 0.013892 0.020126 -0.083311
v 0.015233 0.028036 -0.085332
v 0.013674 0.028819 -0.08534
v 0.019871 0.024868 -0.085309
v 0.018666 0.025807 -0.085314
v 0.027291 0.016342 -0.085302
v 0.021654 0.011365 -0.083311
v 0.028151 0.014774 -0.085308
v 0.028794 0.013601 -0.085313
v 0.023197 0.007744 -0.083311
v 0.030028 0.010759 -0.085329
v 0.031598 0.005135 -0.085373
v 0.03148 0.005848 -0.085366
v 0.024139 0.003923 -0.083311
v 0.030994 0.007823 -0.08535
v 0.030246 0.010098 -0.085334
v 0.024455 -0.0 -0.083311
v 0.024139 -0.003923 -0.083311
v 0.031601 -0.005136 -0.085373
v 0.031499 -0.005756 -0.085367
v 0.023197 -0.007744 -0.083311
v 0.030723 -0.008745 -0.085343
v 0.021654 -0.011365 -0.083311
v 0.029077 -0.013011 -0.085316
v 0.030268 -0.01011 -0.085333
v 0.025398 -0.019085 -0.085297
v 0.025952 -0.018371 -0.085297
v 0.019551 -0.014691 -0.083311
v 0.027635 -0.015766 -0.085304
v 0.028153 -0.014776 -0.085308
v 0.017501 -0.026634 -0.08532
v 0.018083 -0.026199 -0.085317
v 0.013892 -0.020126 -0.083311
v 0.019943 -0.02481 -0.085308
v 0.016339 -0.027384 -0.085326
v 0.010484 -0.022094 -0.083311
v 0.013724 -0.028833 -0.08534
v 0.011018 -0.030017 -0.085353
v 0.006804 -0.02349 -0.083311
v 0.008896 -0.030715 -0.085361
v 0.006557 -0.031346 -0.085368
v 0.008228 -0.030934 -0.085364
v -0.000985 -0.024435 -0.083311
v -0.008352 -0.0309 -0.085363
v -0.006399 -0.031349 -0.085368
v -0.004892 -0.023961 -0.083311
v -0.009743 -0.030473 -0.085358
v -0.008672 -0.022866 -0.083311
v -0.011324 -0.02986 -0.085351
v -0.012546 -0.029386 -0.085346
v -0.012228 -0.021179 -0.083311
v -0.015233 -0.028037 -0.085332
v -0.019871 -0.024868 -0.085309
v -0.018666 -0.025807 -0.085314
v -0.015467 -0.018943 -0.083311
v -0.017799 -0.02643 -0.085318
v -0.015933 -0.027598 -0.085328
v -0.018305 -0.016217 -0.083311
v -0.022188 -0.022787 -0.0853
v -0.020121 -0.024644 -0.085308
v -0.026869 -0.016991 -0.0853
v -0.026178 -0.018049 -0.085298
v -0.020669 -0.013071 -0.083311
v -0.023779 -0.021066 -0.085297
v -0.022498 -0.009586 -0.083311
v -0.028794 -0.013602 -0.085313
v -0.027291 -0.016343 -0.085302
v -0.030028 -0.010759 -0.085329
v -0.029283 -0.012476 -0.085319
v -0.03148 -0.005849 -0.085366
v 0.016171 0.002628 -0.081753
v 0.01554 0.005188 -0.081753
v 0.014506 0.007613 -0.081753
v 0.013097 0.009842 -0.081753
v 0.011349 0.011815 -0.081753
v 0.009307 0.013483 -0.081753
v 0.007023 0.014801 -0.081753
v 0.004558 0.015736 -0.081753
v 0.001975 0.016263 -0.081753
v -0.00066 0.01637 -0.081753
v -0.003277 0.016052 -0.081753
v -0.005809 0.015318 -0.081753
v -0.008191 0.014188 -0.081753
v -0.010361 0.01269 -0.081753
v -0.012263 0.010864 -0.081753
v -0.013847 0.008756 -0.081753
v -0.015072 0.006421 -0.081753
v -0.015907 0.003921 -0.081753
v -0.01633 0.001318 -0.081753
v -0.01633 -0.001318 -0.081753
v -0.015907 -0.003921 -0.081753
v -0.015072 -0.006422 -0.081753
v -0.013847 -0.008756 -0.081753
v -0.012263 -0.010864 -0.081753
v -0.010361 -0.01269 -0.081753
v -0.008191 -0.014188 -0.081753
v -0.005809 -0.015318 -0.081753
v -0.003277 -0.016052 -0.081753
v -0.00066 -0.01637 -0.081753
v 0.001975 -0.016264 -0.081753
v 0.004558 -0.015736 -0.081753
v 0.007023 -0.014801 -0.081753
v 0.009307 -0.013483 -0.081753
v 0.011349 -0.011816 -0.081753
v 0.013097 -0.009842 -0.081753
v 0.014506 -0.007614 -0.081753
v 0.01554 -0.005188 -0.081753
v 0.016171 -0.002628 -0.081753
v 0.016383 -0.0 -0.081753
v 0.019987 0.027584 -0.085483
v 0.027992 0.019312 -0.085466
v 0.030775 0.014572 -0.085483
v 0.034387 -0.0 -0.085603
v 0.034163 0.003061 -0.085571
v 0.033628 0.00631 -0.085541
v 0.033112 0.008415 -0.085523
v 0.03152 0.012853 -0.085493
v 0.032087 0.011543 -0.0855
v 0.029177 0.017493 -0.085471
v 0.021833 0.026079 -0.085475
v 0.021273 0.026582 -0.085477
v 0.016319 0.029964 -0.085502
v 0.013444 0.031406 -0.085517
v 0.012848 0.031636 -0.08552
v 0.010442 0.032567 -0.085531
v 0.00895 0.033024 -0.085536
v 0.002807 0.034123 -0.085547
v 0.0 0.034224 -0.085543
v 0.008817 -0.033061 -0.085537
v 0.0 -0.032546 -0.0855
v 0.034174 -0.002969 -0.085572
v 0.006215 -0.033635 -0.085543
v 0.007024 -0.033501 -0.085542
v 0.011808 -0.032081 -0.085525
v 0.012848 -0.031626 -0.08552
v 0.014705 -0.030816 -0.085511
v 0.017502 -0.029268 -0.085496
v 0.018742 -0.028467 -0.085489
v 0.021349 -0.026521 -0.085477
v 0.021828 -0.026088 -0.085475
v 0.027751 -0.019655 -0.085466
v 0.029543 -0.016879 -0.085473
v 0.031075 -0.013943 -0.085486
v 0.03152 -0.012857 -0.085492
v 0.032341 -0.010852 -0.085505
v 0.032825 -0.009397 -0.085515
v 0.033649 -0.006211 -0.085542
v -0.00895 -0.033024 -0.085536
v -0.029177 -0.017493 -0.085471
v -0.034014 -0.0 -0.085641
v -0.034387 -0.0 -0.085603
v -0.002807 -0.034123 -0.085546
v -0.032708 -0.0 -0.085553
v -0.033628 -0.00631 -0.085541
v -0.032087 -0.011544 -0.0855
v -0.03152 -0.012853 -0.085493
v -0.030775 -0.014573 -0.085482
v -0.027992 -0.019312 -0.085466
v -0.023743 -0.024362 -0.085468
v -0.021833 -0.026079 -0.085475
v -0.021273 -0.026583 -0.085477
v -0.019987 -0.027585 -0.085483
v -0.019061 -0.028249 -0.085487
v -0.016319 -0.029965 -0.085502
v -0.013444 -0.031406 -0.085517
v -0.012848 -0.031637 -0.08552
v -0.010442 -0.032568 -0.085531
v -0.003938 0.034012 -0.085547
v -0.006215 0.033635 -0.085543
v -0.008817 0.033061 -0.085537
v -0.012848 0.031626 -0.08552
v -0.014705 0.030816 -0.085511
v -0.017502 0.029268 -0.085496
v -0.018742 0.028467 -0.085489
v -0.021828 0.026088 -0.085475
v -0.023771 0.024334 -0.085468
v -0.027751 0.019655 -0.085466
v -0.029543 0.016879 -0.085473
v -0.031075 0.013943 -0.085486
v -0.03152 0.012857 -0.085493
v -0.032341 0.010851 -0.085505
v -0.032825 0.009396 -0.085516
v -0.033649 0.006211 -0.085542
v -0.043451 -0.0 -0.084162
v -0.039026 -0.0 -0.084865
v -0.039144 0.012707 -0.084389
v -0.02613 0.039025 -0.083255
v -0.006254 0.039325 -0.084668
v 0.0 0.043144 -0.084082
v 0.039237 0.025745 -0.083255
v 0.039144 0.012702 -0.084389
v 0.039026 -0.0 -0.084865
v 0.043451 -0.0 -0.084162
v 0.039144 -0.012707 -0.084389
v 0.02613 -0.039025 -0.083255
v 0.006254 -0.039325 -0.084668
v 0.0 -0.043144 -0.084082
v -0.039237 -0.025745 -0.083255
v -0.039144 -0.012703 -0.084389
v 0.0 0.0 0.0775
v 0.008109 -0.001318 0.077813
v 0.007793 -0.002601 0.077813
v 0.008215 0.0 0.077813
v 0.006568 -0.004935 0.077813
v 0.005691 -0.005925 0.077813
v 0.007274 -0.003818 0.077813
v 0.003522 -0.007422 0.077813
v 0.002286 -0.007891 0.077813
v 0.004667 -0.006761 0.077813
v -0.000331 -0.008209 0.077813
v -0.001643 -0.008049 0.077813
v 0.00099 -0.008155 0.077813
v -0.004108 -0.007115 0.077813
v -0.005196 -0.006363 0.077813
v -0.002913 -0.007681 0.077813
v -0.006943 -0.004391 0.077813
v -0.007558 -0.00322 0.077813
v -0.006149 -0.005448 0.077813
v -0.008189 -0.000661 0.077813
v -0.008189 0.000661 0.077813
v -0.007977 -0.001966 0.077813
v -0.007558 0.00322 0.077813
v -0.006943 0.004391 0.077813
v -0.007977 0.001966 0.077813
v -0.005196 0.006364 0.077813
v -0.004108 0.007115 0.077813
v -0.006149 0.005448 0.077813
v -0.001643 0.008049 0.077813
v -0.000331 0.008209 0.077813
v -0.002913 0.007682 0.077813
v 0.002286 0.007891 0.077813
v 0.003522 0.007422 0.077813
v 0.00099 0.008156 0.077813
v 0.005691 0.005925 0.077813
v 0.006568 0.004935 0.077813
v 0.004667 0.006761 0.077813
v 0.007793 0.002602 0.077813
v 0.008109 0.001318 0.077813
v 0.007274 0.003818 0.077813
v 0.025952 -0.01837 0.082297
v 0.025398 -0.019085 0.082297
v 0.019551 -0.014691 0.080311
v -0.000985 -0.024435 0.080311
v 0.008896 -0.030714 0.082361
v 0.008228 -0.030934 0.082363
v 0.006804 -0.02349 0.080311
v 0.006557 -0.031346 0.082368
v 0.011018 -0.030017 0.082352
v 0.010484 -0.022094 0.080311
v 0.013724 -0.028833 0.082339
v 0.016339 -0.027384 0.082326
v 0.013892 -0.020126 0.080311
v 0.017501 -0.026634 0.08232
v 0.019943 -0.02481 0.082308
v 0.018083 -0.026199 0.082317
v 0.027635 -0.015766 0.082303
v 0.021654 -0.011365 0.080311
v 0.028153 -0.014776 0.082308
v 0.029077 -0.013011 0.082315
v 0.023197 -0.007744 0.080311
v 0.030268 -0.01011 0.082333
v 0.024139 -0.003923 0.080311
v 0.031499 -0.005755 0.082367
v 0.030723 -0.008744 0.082342
v 0.024455 0.0 0.080311
v 0.031601 -0.005135 0.082372
v 0.024139 0.003923 0.080311
v 0.023197 0.007744 0.080311
v 0.030246 0.010098 0.082333
v 0.030994 0.007824 0.08235
v 0.03148 0.005848 0.082366
v 0.031598 0.005135 0.082372
v 0.021654 0.011365 0.080311
v 0.028794 0.013602 0.082312
v 0.030028 0.010759 0.082328
v 0.025389 0.019079 0.082297
v 0.026178 0.018049 0.082297
v 0.019551 0.014691 0.080311
v 0.027291 0.016343 0.082301
v 0.028151 0.014774 0.082308
v 0.018666 0.025807 0.082314
v 0.013892 0.020126 0.080311
v 0.019871 0.024868 0.082308
v 0.010484 0.022094 0.080311
v 0.015233 0.028037 0.082331
v 0.008901 0.030731 0.082361
v 0.009743 0.030473 0.082358
v 0.006804 0.02349 0.080311
v 0.012546 0.029386 0.082345
v 0.013674 0.028819 0.082339
v 0.002948 0.024277 0.080311
v 0.00551 0.031554 0.08237
v 0.008352 0.0309 0.082363
v -0.000985 0.024436 0.080311
v 0.003857 0.031769 0.082371
v -0.003683 0.031824 0.082371
v -0.001288 0.031986 0.08237
v -0.008228 0.030934 0.082363
v -0.008672 0.022866 0.080311
v -0.012228 0.021179 0.080311
v -0.013724 0.028833 0.082339
v -0.017501 0.026634 0.082319
v -0.016339 0.027384 0.082325
v -0.015939 0.027606 0.082328
v -0.018305 0.016217 0.080311
v -0.022215 0.022761 0.0823
v -0.026851 0.016979 0.0823
v -0.025952 0.018371 0.082297
v -0.020669 0.013071 0.080311
v -0.023778 0.021065 0.082297
v -0.022498 0.009586 0.080311
v -0.029077 0.013011 0.082315
v -0.027635 0.015766 0.082303
v -0.031009 0.007643 0.082351
v -0.030723 0.008744 0.082342
v -0.023745 0.005853 0.080311
v -0.030268 0.01011 0.082333
v -0.029294 0.012482 0.082318
v -0.031499 0.005756 0.082367
v -0.03148 -0.005848 0.082366
v -0.022498 -0.009585 0.080311
v -0.030028 -0.010759 0.082328
v -0.026869 -0.01699 0.0823
v -0.027291 -0.016342 0.082301
v -0.020669 -0.01307 0.080311
v -0.028794 -0.013601 0.082312
v -0.029283 -0.012476 0.082319
v -0.018305 -0.016217 0.080311
v -0.026178 -0.018049 0.082297
v -0.015467 -0.018943 0.080311
v -0.022188 -0.022786 0.0823
v -0.023779 -0.021065 0.082297
v -0.015233 -0.028036 0.082331
v -0.015933 -0.027598 0.082328
v -0.012228 -0.021179 0.080311
v -0.017799 -0.026429 0.082318
v -0.018666 -0.025807 0.082314
v -0.012546 -0.029386 0.082345
v -0.008672 -0.022866 0.080311
v -0.011324 -0.029859 0.082351
v -0.009743 -0.030472 0.082358
v -0.004892 -0.023961 0.080311
v -0.008352 -0.030899 0.082363
v -0.00551 -0.031553 0.08237
v -0.006399 -0.031349 0.082368
v 0.016171 -0.002628 0.078752
v 0.01554 -0.005188 0.078752
v 0.014506 -0.007613 0.078752
v 0.013097 -0.009842 0.078752
v 0.011349 -0.011815 0.078752
v 0.009307 -0.013483 0.078752
v 0.007023 -0.014801 0.078752
v 0.004558 -0.015736 0.078752
v 0.001975 -0.016263 0.078752
v -0.00066 -0.01637 0.078752
v -0.003277 -0.016052 0.078752
v -0.005809 -0.015318 0.078752
v -0.008191 -0.014188 0.078752
v -0.010361 -0.01269 0.078752
v -0.012263 -0.010864 0.078752
v -0.013847 -0.008756 0.078752
v -0.015072 -0.006421 0.078752
v -0.015907 -0.003921 0.078752
v -0.01633 -0.001318 0.078752
v -0.01633 0.001318 0.078752
v -0.015907 0.003921 0.078752
v -0.015072 0.006422 0.078752
v -0.013847 0.008756 0.078752
v -0.012263 0.010864 0.078752
v -0.010361 0.01269 0.078752
v -0.008191 0.014188 0.078752
v -0.005809 0.015318 0.078752
v -0.003277 0.016052 0.078752
v -0.00066 0.01637 0.078752
v 0.001975 0.016264 0.078752
v 0.004558 0.015736 0.078752
v 0.007023 0.014801 0.078752
v 0.009307 0.013483 0.078752
v 0.011349 0.011816 0.078752
v 0.013097 0.009842 0.078752
v 0.014506 0.007614 0.078752
v 0.01554 0.005188 0.078752
v 0.016171 0.002628 0.078752
v 0.016383 0.0 0.078752
v 0.033078 0.0 0.082613
v 0.034387 0.0 0.082602
v 0.034174 -0.002969 0.082572
v 0.0 -0.032545 0.0825
v 0.032708 0.0 0.082552
v 0.006215 -0.033635 0.082543
v 0.007024 -0.033501 0.082542
v 0.008817 -0.033061 0.082536
v 0.011808 -0.03208 0.082525
v 0.012848 -0.031626 0.082519
v 0.014705 -0.030816 0.08251
v 0.017502 -0.029268 0.082495
v 0.018742 -0.028467 0.082489
v 0.021349 -0.02652 0.082476
v 0.021828 -0.026088 0.082475
v 0.027751 -0.019655 0.082465
v 0.033649 -0.006211 0.082541
v 0.032825 -0.009396 0.082515
v 0.032341 -0.010851 0.082504
v 0.03152 -0.012857 0.082492
v 0.031075 -0.013943 0.082485
v 0.029543 -0.016879 0.082472
v 0.034163 0.003061 0.082571
v 0.0 0.034224 0.082542
v 0.002807 0.034123 0.082546
v 0.0 0.032916 0.082558
v 0.033628 0.00631 0.08254
v 0.033112 0.008415 0.082523
v 0.032087 0.011544 0.0825
v 0.03152 0.012853 0.082492
v 0.030775 0.014573 0.082482
v 0.029177 0.017493 0.08247
v 0.027992 0.019312 0.082466
v 0.021833 0.026079 0.082474
v 0.021273 0.026583 0.082477
v 0.019987 0.027585 0.082482
v 0.016319 0.029965 0.082501
v 0.013444 0.031406 0.082517
v 0.012848 0.031637 0.082519
v 0.010442 0.032568 0.08253
v 0.00895 0.033024 0.082536
v 0.006215 0.033651 0.082543
v 0.0059 0.033723 0.082544
v -0.033649 0.006211 0.082541
v -0.032708 0.0 0.082552
v -0.034014 0.0 0.08264
v -0.034387 0.0 0.082602
v -0.003938 0.034012 0.082546
v -0.006215 0.033635 0.082543
v -0.008817 0.033061 0.082536
v -0.011808 0.032081 0.082524
v -0.014705 0.030816 0.08251
v -0.017502 0.029268 0.082495
v -0.018742 0.028467 0.082489
v -0.021349 0.026521 0.082476
v -0.023771 0.024335 0.082468
v -0.029543 0.016879 0.082472
v -0.027751 0.019655 0.082465
v -0.031075 0.013943 0.082485
v -0.03152 0.012857 0.082492
v -0.032341 0.010852 0.082504
v -0.032825 0.009397 0.082515
v -0.013444 -0.031406 0.082517
v -0.016319 -0.029964 0.082502
v -0.032087 -0.011543 0.0825
v -0.002807 -0.034123 0.082546
v -0.033628 -0.00631 0.082541
v -0.03152 -0.012853 0.082492
v -0.030775 -0.014572 0.082482
v -0.029177 -0.017493 0.08247
v -0.027992 -0.019312 0.082466
v -0.023743 -0.024362 0.082468
v -0.021833 -0.026079 0.082475
v -0.019987 -0.027584 0.082483
v -0.019061 -0.028248 0.082487
v -0.012848 -0.031636 0.082519
v -0.010442 -0.032567 0.08253
v -0.00895 -0.033024 0.082536
v -0.006215 -0.033651 0.082543
v -0.0059 -0.033723 0.082544
v 0.032944 -0.049017 0.070596
v -0.032944 0.049018 0.070596
v -0.005939 -0.058759 0.070656
v -0.014821 -0.057168 0.070641
v -0.025057 -0.05348 0.070614
v -0.023301 -0.054268 0.070619
v -0.036258 -0.046583 0.070592
v -0.032885 -0.049057 0.070596
v -0.040333 -0.043142 0.07059
v -0.036906 -0.046108 0.070591
v -0.049436 -0.032298 0.070615
v -0.04904 -0.032909 0.070613
v -0.046402 -0.036536 0.070601
v -0.052336 -0.027366 0.070638
v -0.050083 -0.031299 0.070619
v -0.055876 -0.019123 0.070688
v -0.058828 -0.004874 0.070803
v -0.05844 -0.008513 0.07077
v -0.057617 -0.012963 0.070734
v -0.058842 0.004876 0.070803
v -0.057232 0.014494 0.070722
v -0.058087 0.010657 0.070752
v -0.058732 0.006173 0.070791
v -0.055804 0.019333 0.070687
v -0.057109 0.015046 0.070717
v -0.051423 0.029046 0.070629
v -0.053488 0.025039 0.070651
v -0.046134 0.036873 0.0706
v -0.03998 0.04347 0.07059
v -0.031333 0.050063 0.070599
v -0.028096 0.051919 0.070606
v -0.023341 0.054251 0.070619
v -0.027401 0.052318 0.070608
v -0.00855 0.058436 0.070653
v -0.009715 0.05822 0.070651
v -0.013 0.05761 0.070645
v -0.014863 0.057158 0.070641
v 0.009717 0.05823 0.070651
v 0.005939 0.058759 0.070656
v 0.014821 0.057169 0.070641
v 0.010428 0.058131 0.07065
v 0.028095 0.051913 0.070606
v 0.025057 0.05348 0.070614
v 0.023301 0.054268 0.070619
v 0.036258 0.046583 0.070592
v 0.032885 0.049057 0.070596
v 0.029063 0.051413 0.070604
v 0.040333 0.043143 0.07059
v 0.036906 0.046108 0.070591
v 0.049436 0.032298 0.070615
v 0.04904 0.032909 0.070613
v 0.046402 0.036536 0.070601
v 0.052336 0.027366 0.070638
v 0.050083 0.031299 0.070619
v 0.055876 0.019123 0.070688
v 0.058828 0.004874 0.070803
v 0.05844 0.008513 0.07077
v 0.057617 0.012963 0.070734
v 0.058842 -0.004876 0.070803
v 0.057232 -0.014493 0.070722
v 0.058087 -0.010657 0.070752
v 0.058732 -0.006173 0.070791
v 0.055804 -0.019332 0.070687
v 0.057109 -0.015045 0.070718
v 0.049068 -0.032868 0.070613
v 0.049424 -0.032291 0.070615
v 0.051422 -0.029046 0.07063
v 0.053488 -0.025039 0.070651
v 0.046134 -0.036873 0.0706
v 0.03998 -0.043469 0.07059
v 0.031333 -0.050062 0.070599
v 0.028096 -0.051919 0.070607
v 0.023341 -0.054251 0.070619
v 0.027401 -0.052318 0.070608
v 0.014863 -0.057157 0.070641
v 0.013 -0.05761 0.070645
v 0.009715 -0.05822 0.070651
v 0.00855 -0.058436 0.070653
v -0.058177 0.006146 0.073751
v -0.050355 0.012436 0.079379
v -0.051037 0.00945 0.079403
v -0.053799 0.009945 0.078299
v 0.0 0.053685 0.078736
v 0.0 0.052013 0.079283
v -0.003591 0.051891 0.079285
v -0.058953 0.0 0.072054
v -0.056154 0.0 0.077313
v -0.057027 0.0 0.076385
v -0.056879 0.003738 0.07638
v -0.058001 0.0 0.074921
v -0.05362 0.0 0.078958
v -0.051815 0.003446 0.079458
v -0.051944 0.0 0.079493
v 0.0 0.058036 0.074666
v 0.0 0.057074 0.076138
v -0.003937 0.056896 0.076191
v 0.0 0.056207 0.077071
v 0.0 0.058966 0.071794
v -0.006326 0.051594 0.079283
v -0.007942 0.054203 0.078158
v -0.008475 0.057894 0.073592
v -0.007543 0.051462 0.079282
v -0.011468 0.050722 0.079276
v -0.012075 0.053428 0.078154
v -0.014732 0.056624 0.073583
v -0.012886 0.057073 0.073586
v -0.027151 0.051824 0.073563
v -0.023131 0.05374 0.073569
v -0.016888 0.049161 0.079266
v -0.017787 0.051793 0.078148
v -0.020561 0.047723 0.079258
v -0.021659 0.050284 0.078143
v -0.024121 0.046005 0.079251
v -0.025414 0.048481 0.07814
v -0.026153 0.044825 0.079249
v -0.029047 0.046381 0.078138
v -0.032638 0.048553 0.073557
v -0.031043 0.049589 0.073558
v -0.027563 0.044007 0.079246
v -0.028973 0.043083 0.079245
v -0.030535 0.04541 0.078138
v -0.032143 0.040752 0.079244
v -0.033881 0.042957 0.07814
v -0.034353 0.038856 0.079245
v -0.037029 0.040263 0.078144
v -0.035125 0.038193 0.079245
v -0.037915 0.03541 0.07925
v -0.039602 0.043059 0.073558
v -0.03928 0.033825 0.079255
v -0.04271 0.03416 0.078161
v -0.039974 0.037331 0.078151
v -0.045692 0.036529 0.073572
v -0.040506 0.032402 0.079259
v -0.043074 0.028894 0.079272
v -0.04542 0.03046 0.078175
v -0.052973 0.024818 0.073623
v -0.050927 0.028783 0.073603
v -0.046955 0.022041 0.079309
v -0.049511 0.023229 0.078211
v -0.047562 0.020705 0.079318
v -0.050149 0.02182 0.078219
v -0.049 0.017047 0.079343
v -0.051663 0.01796 0.078243
v -0.05016 0.013293 0.079372
v -0.05288 0.014 0.07827
v -0.008265 0.056429 0.076189
v -0.012566 0.055626 0.076185
v -0.014366 0.055187 0.076183
v -0.018514 0.053932 0.076178
v -0.022548 0.052367 0.076174
v -0.026463 0.050495 0.076171
v -0.030252 0.048314 0.076169
v -0.031803 0.047304 0.076169
v -0.035295 0.044753 0.07617
v -0.03858 0.041948 0.076174
v -0.041653 0.038894 0.076181
v -0.044506 0.035589 0.076191
v -0.047332 0.031731 0.076206
v -0.049602 0.02805 0.076222
v -0.051595 0.024191 0.076242
v -0.05226 0.022722 0.07625
v -0.053834 0.018696 0.076274
v -0.055098 0.014566 0.0763
v -0.055268 0.019171 0.073656
v -0.056562 0.014928 0.073685
v -0.057534 0.010585 0.073716
v -0.056049 0.010338 0.076329
v -0.056681 0.006017 0.076362
v -0.054413 0.0058 0.078331
v -0.051626 0.005519 0.079439
v 0.006326 0.051596 0.079283
v 0.005238 0.05175 0.079284
v 0.005515 0.054505 0.078159
v 0.057761 0.0 0.075344
v 0.057027 0.0 0.076385
v 0.056864 0.00396 0.076378
v 0.053167 0.0 0.079139
v 0.051944 0.0 0.079493
v 0.0518 0.003648 0.079456
v 0.055787 0.0 0.077633
v 0.058824 0.0 0.072726
v 0.003796 0.056905 0.076191
v 0.003463 0.0519 0.079285
v 0.057885 0.008462 0.073732
v 0.057067 0.012867 0.073699
v 0.051357 0.00757 0.07942
v 0.054133 0.007963 0.078314
v 0.050614 0.01147 0.079386
v 0.053357 0.012076 0.078283
v 0.050376 0.012431 0.079379
v 0.052934 0.013798 0.078271
v 0.055339 0.018964 0.073658
v 0.05021 0.013102 0.079373
v 0.049064 0.016863 0.079344
v 0.05173 0.017766 0.078244
v 0.047641 0.020523 0.079319
v 0.050233 0.021628 0.078221
v 0.045942 0.024077 0.079297
v 0.048443 0.025378 0.0782
v 0.045063 0.025607 0.079289
v 0.046359 0.029009 0.078182
v 0.049601 0.031013 0.073593
v 0.051831 0.027121 0.073611
v 0.043965 0.027519 0.079279
v 0.043051 0.028929 0.079272
v 0.045394 0.030497 0.078175
v 0.04074 0.032107 0.07926
v 0.03928 0.033828 0.079255
v 0.040276 0.037004 0.078152
v 0.042957 0.033848 0.078162
v 0.045957 0.036195 0.073573
v 0.048569 0.032606 0.073586
v 0.0382 0.035101 0.079251
v 0.035433 0.037906 0.079246
v 0.037354 0.03996 0.078145
v 0.034359 0.038842 0.079245
v 0.034192 0.042709 0.07814
v 0.036559 0.045672 0.073556
v 0.03995 0.042735 0.073559
v 0.032438 0.040516 0.079244
v 0.028922 0.043117 0.079245
v 0.030481 0.045446 0.078138
v 0.026153 0.044843 0.079248
v 0.02695 0.047638 0.078139
v 0.028796 0.050927 0.073561
v 0.03258 0.048592 0.073557
v 0.023091 0.053757 0.073569
v 0.02483 0.052976 0.073566
v 0.0092 0.051188 0.07928
v 0.009687 0.053916 0.078156
v 0.017745 0.051807 0.078148
v 0.016848 0.049175 0.079266
v 0.021622 0.0503 0.078143
v 0.020526 0.047738 0.079258
v 0.023246 0.049565 0.078142
v 0.022066 0.047037 0.079255
v 0.025577 0.045203 0.079249
v 0.056393 0.008272 0.076345
v 0.055591 0.01256 0.076314
v 0.055153 0.014356 0.076302
v 0.053903 0.018494 0.076275
v 0.052346 0.022521 0.076251
v 0.050483 0.026432 0.07623
v 0.048311 0.03022 0.076212
v 0.047306 0.03177 0.076205
v 0.044764 0.035265 0.076192
v 0.041967 0.038554 0.076182
v 0.038919 0.041633 0.076175
v 0.035619 0.044494 0.076171
v 0.031747 0.047342 0.076169
v 0.028065 0.04962 0.07617
v 0.024203 0.051621 0.076172
v 0.02251 0.052384 0.076174
v 0.01847 0.053947 0.076178
v 0.014325 0.055197 0.076183
v 0.01008 0.056132 0.076187
v 0.014691 0.056635 0.073583
v 0.010337 0.05759 0.07359
v 0.005886 0.058214 0.073594
v 0.00574 0.056742 0.07619
v 0.058177 -0.006146 0.073751
v 0.050355 -0.012435 0.079379
v 0.051037 -0.009449 0.079403
v 0.053799 -0.009945 0.078299
v 0.0 -0.057799 0.075092
v 0.0 -0.057073 0.076138
v 0.003937 -0.056896 0.076191
v 0.0 -0.053234 0.07892
v 0.0 -0.052013 0.079284
v 0.003591 -0.051891 0.079285
v 0.0 -0.055842 0.077395
v 0.0 -0.05876 0.072803
v 0.056879 -0.003738 0.07638
v 0.051815 -0.003445 0.079458
v 0.006326 -0.051594 0.079283
v 0.007942 -0.054202 0.078158
v 0.008475 -0.057893 0.073592
v 0.007543 -0.051461 0.079282
v 0.011468 -0.050721 0.079276
v 0.012075 -0.053427 0.078154
v 0.014732 -0.056624 0.073584
v 0.012886 -0.057073 0.073586
v 0.027151 -0.051823 0.073563
v 0.023131 -0.05374 0.073569
v 0.016888 -0.049161 0.079266
v 0.017786 -0.051792 0.078148
v 0.020561 -0.047722 0.079258
v 0.021659 -0.050284 0.078143
v 0.024121 -0.046005 0.079252
v 0.025414 -0.04848 0.07814
v 0.026153 -0.044825 0.079249
v 0.029047 -0.046381 0.078139
v 0.032638 -0.048553 0.073557
v 0.031043 -0.049588 0.073559
v 0.027563 -0.044006 0.079247
v 0.028973 -0.043083 0.079245
v 0.030535 -0.045409 0.078139
v 0.032143 -0.040751 0.079244
v 0.033881 -0.042957 0.07814
v 0.034353 -0.038856 0.079245
v 0.037029 -0.040263 0.078144
v 0.035125 -0.038193 0.079245
v 0.037915 -0.03541 0.07925
v 0.039602 -0.043059 0.073558
v 0.036226 -0.045936 0.073556
v 0.03928 -0.033825 0.079255
v 0.04271 -0.034159 0.078161
v 0.039974 -0.03733 0.078151
v 0.048596 -0.032566 0.073586
v 0.045692 -0.036529 0.073572
v 0.040506 -0.032402 0.079259
v 0.043074 -0.028893 0.079272
v 0.04542 -0.030459 0.078175
v 0.052973 -0.024818 0.073623
v 0.050927 -0.028783 0.073603
v 0.046955 -0.02204 0.079309
v 0.049511 -0.023229 0.078211
v 0.047562 -0.020705 0.079318
v 0.050149 -0.02182 0.07822
v 0.049 -0.017046 0.079343
v 0.051663 -0.01796 0.078243
v 0.05016 -0.013293 0.079372
v 0.05288 -0.014 0.07827
v 0.008265 -0.056428 0.076189
v 0.012566 -0.055625 0.076185
v 0.014366 -0.055186 0.076183
v 0.018514 -0.053931 0.076179
v 0.022548 -0.052367 0.076174
v 0.026463 -0.050495 0.076171
v 0.030252 -0.048314 0.076169
v 0.031803 -0.047304 0.076169
v 0.035295 -0.044752 0.076171
v 0.03858 -0.041948 0.076175
v 0.041653 -0.038893 0.076181
v 0.044506 -0.035589 0.076191
v 0.047332 -0.031731 0.076206
v 0.049602 -0.02805 0.076222
v 0.051595 -0.024191 0.076242
v 0.05226 -0.022721 0.07625
v 0.053834 -0.018695 0.076274
v 0.055098 -0.014566 0.0763
v 0.055268 -0.019171 0.073656
v 0.056562 -0.014928 0.073685
v 0.057534 -0.010585 0.073716
v 0.056049 -0.010338 0.076329
v 0.056681 -0.006017 0.076362
v 0.054413 -0.0058 0.078331
v 0.051626 -0.005519 0.079439
v -0.006326 -0.051595 0.079283
v -0.005238 -0.05175 0.079284
v -0.005515 -0.054505 0.07816
v -0.0518 -0.003648 0.079456
v -0.056864 -0.00396 0.076378
v -0.003796 -0.056905 0.076191
v -0.003463 -0.0519 0.079285
v -0.057885 -0.008462 0.073732
v -0.057067 -0.012867 0.073699
v -0.051357 -0.00757 0.07942
v -0.054133 -0.007963 0.078314
v -0.050614 -0.011469 0.079386
v -0.053357 -0.012076 0.078283
v -0.050376 -0.01243 0.079379
v -0.052934 -0.013798 0.078271
v -0.055339 -0.018964 0.073658
v -0.05021 -0.013102 0.079373
v -0.049064 -0.016863 0.079344
v -0.05173 -0.017766 0.078244
v -0.047641 -0.020523 0.079319
v -0.050233 -0.021628 0.078221
v -0.045942 -0.024077 0.079297
v -0.048443 -0.025378 0.0782
v -0.045063 -0.025607 0.079289
v -0.046359 -0.029009 0.078182
v -0.049601 -0.031012 0.073593
v -0.051831 -0.027121 0.073611
v -0.043965 -0.027519 0.079279
v -0.043051 -0.028929 0.079272
v -0.045394 -0.030497 0.078175
v -0.04074 -0.032106 0.07926
v -0.03928 -0.033828 0.079255
v -0.040276 -0.037004 0.078152
v -0.042957 -0.033848 0.078162
v -0.045957 -0.036195 0.073573
v -0.048569 -0.032606 0.073586
v -0.0382 -0.0351 0.079251
v -0.035433 -0.037905 0.079246
v -0.037354 -0.03996 0.078145
v -0.034359 -0.038842 0.079245
v -0.034192 -0.042709 0.07814
v -0.036559 -0.045671 0.073556
v -0.03995 -0.042735 0.073559
v -0.032438 -0.040516 0.079244
v -0.028922 -0.043117 0.079245
v -0.030481 -0.045446 0.078138
v -0.026153 -0.044843 0.079249
v -0.02695 -0.047638 0.078139
v -0.028796 -0.050927 0.073561
v -0.03258 -0.048592 0.073557
v -0.023091 -0.053757 0.073569
v -0.02483 -0.052976 0.073567
v -0.0092 -0.051188 0.07928
v -0.009687 -0.053916 0.078157
v -0.017745 -0.051807 0.078148
v -0.016848 -0.049175 0.079266
v -0.021622 -0.0503 0.078143
v -0.020526 -0.047738 0.079258
v -0.023246 -0.049564 0.078142
v -0.022066 -0.047037 0.079255
v -0.025577 -0.045202 0.079249
v -0.056393 -0.008272 0.076345
v -0.055591 -0.01256 0.076314
v -0.055153 -0.014356 0.076302
v -0.053903 -0.018494 0.076275
v -0.052346 -0.022521 0.076251
v -0.050483 -0.026432 0.07623
v -0.048311 -0.030219 0.076212
v -0.047306 -0.03177 0.076206
v -0.044764 -0.035264 0.076192
v -0.041967 -0.038553 0.076182
v -0.038919 -0.041633 0.076175
v -0.035619 -0.044494 0.076171
v -0.031747 -0.047342 0.076169
v -0.028065 -0.04962 0.07617
v -0.024203 -0.05162 0.076173
v -0.02251 -0.052384 0.076174
v -0.01847 -0.053946 0.076179
v -0.014325 -0.055197 0.076183
v -0.01008 -0.056131 0.076188
v -0.014691 -0.056635 0.073584
v -0.005886 -0.058214 0.073594
v -0.00574 -0.056742 0.076191
v -0.043451 0.0 0.081161
v -0.039026 0.0 0.081865
v -0.039144 -0.012702 0.081389
v -0.026129 -0.039011 0.080257
v -0.039237 -0.025745 0.080255
v 0.0 -0.043144 0.081082
v -0.039144 0.012707 0.081388
v -0.02613 0.039025 0.080254
v -0.006254 0.039325 0.081667
v 0.0 0.043144 0.081082
v 0.043451 0.0 0.081161
v 0.039026 0.0 0.081865
v 0.039144 0.012703 0.081389
v 0.026129 0.039012 0.080256
v 0.039237 0.025745 0.080255
v 0.039144 -0.012707 0.081388
v 0.02613 -0.039025 0.080254
v 0.006254 -0.039325 0.081667

usemtl Material_001
f 1 3 2
f 4 6 5
f 7 9 8
f 10 12 11
f 13 15 14
f 16 18 17
f 19 21 20
f 12 22 11
f 23 25 24
f 26 28 27
f 29 31 30
f 3 32 2
f 21 33 20
f 15 34 14
f 6 35 5
f 25 36 24
f 37 39 38
f 40 42 41
f 43 45 44
f 46 48 47
f 49 51 50
f 29 52 31
f 53 55 54
f 11 22 56
f 22 57 56
f 22 15 57
f 15 58 57
f 15 13 58
f 37 59 39
f 40 60 42
f 61 63 62
f 9 64 8
f 45 65 44
f 28 66 27
f 18 67 17
f 51 68 50
f 69 71 70
f 14 34 72
f 34 73 72
f 34 6 73
f 6 74 73
f 6 4 74
f 48 75 47
f 69 76 71
f 55 53 77
f 53 78 77
f 53 3 78
f 3 79 78
f 79 3 1
f 80 37 81
f 37 82 81
f 37 38 82
f 39 59 83
f 59 84 83
f 59 40 84
f 40 85 84
f 40 41 85
f 63 61 86
f 61 87 86
f 61 9 87
f 9 88 87
f 9 7 88
f 31 52 89
f 52 90 89
f 52 54 90
f 54 91 90
f 54 55 91
f 2 32 92
f 32 93 92
f 32 21 93
f 21 94 93
f 21 19 94
f 20 33 95
f 33 96 95
f 33 12 96
f 12 97 96
f 12 10 97
f 5 35 98
f 35 99 98
f 35 25 99
f 25 100 99
f 25 23 100
f 24 36 101
f 36 102 101
f 36 80 102
f 80 103 102
f 80 81 103
f 42 60 104
f 60 105 104
f 60 62 105
f 62 106 105
f 62 63 106
f 47 75 107
f 75 108 107
f 75 18 108
f 18 109 108
f 18 16 109
f 110 69 111
f 69 112 111
f 69 70 112
f 71 76 113
f 76 114 113
f 76 29 114
f 29 115 114
f 29 30 115
f 8 64 116
f 64 117 116
f 64 45 117
f 45 118 117
f 45 43 118
f 44 65 119
f 65 120 119
f 65 28 120
f 28 121 120
f 28 26 121
f 27 66 122
f 66 123 122
f 66 48 123
f 48 124 123
f 48 46 124
f 17 67 125
f 67 126 125
f 67 51 126
f 51 127 126
f 51 49 127
f 50 68 128
f 68 129 128
f 68 110 129
f 110 130 129
f 110 111 130
f 131 60 132
f 62 134 133
f 135 9 136
f 61 138 137
f 139 65 140
f 141 75 142
f 18 144 143
f 145 67 146
f 51 148 147
f 149 110 150
f 151 52 152
f 54 154 153
f 155 3 156
f 53 158 157
f 32 160 159
f 161 33 162
f 163 34 164
f 165 35 166
f 25 168 167
f 169 80 170
f 171 173 172
f 174 176 175
f 177 179 178
f 180 182 181
f 183 185 184
f 186 188 187
f 152 189 151
f 190 153 154
f 191 193 192
f 158 194 157
f 195 155 156
f 196 159 160
f 197 161 162
f 198 200 199
f 188 201 187
f 202 183 184
f 203 182 180
f 204 206 205
f 207 209 208
f 210 163 164
f 211 213 212
f 214 167 168
f 215 217 216
f 170 218 169
f 219 221 220
f 220 222 219
f 223 208 209
f 205 206 224
f 225 227 226
f 228 230 229
f 132 231 131
f 232 133 134
f 138 233 137
f 234 135 136
f 235 139 140
f 236 238 237
f 176 239 175
f 173 240 172
f 241 229 230
f 242 227 225
f 243 141 142
f 244 246 245
f 247 143 144
f 146 248 145
f 249 147 148
f 250 252 251
f 150 253 149
f 254 178 179
f 255 257 256
f 258 260 259
f 261 263 262
f 264 266 265
f 267 269 268
f 270 272 271
f 273 275 274
f 276 278 277
f 279 281 280
f 282 284 283
f 282 285 284
f 286 281 287
f 288 290 289
f 265 266 291
f 292 294 293
f 295 297 296
f 280 298 279
f 299 301 300
f 302 304 303
f 280 286 298
f 271 272 305
f 268 269 306
f 307 309 308
f 310 311 302
f 311 304 302
f 277 313 312
f 277 278 314
f 273 274 315
f 316 318 317
f 319 321 320
f 283 284 322
f 284 285 322
f 256 312 313
f 283 322 323
f 262 263 324
f 325 327 326
f 259 260 328
f 329 331 330
f 256 332 255
f 333 252 250
f 334 246 244
f 335 337 336
f 331 338 330
f 335 339 337
f 340 236 237
f 341 343 342
f 344 288 289
f 345 217 215
f 346 213 211
f 347 348 301
f 309 349 308
f 347 350 348
f 351 198 199
f 352 354 353
f 355 317 318
f 356 358 357
f 358 359 357
f 358 360 359
f 360 361 359
f 362 364 363
f 365 367 366
f 367 368 366
f 367 369 368
f 369 370 368
f 365 372 371
f 372 373 371
f 372 374 373
f 374 375 373
f 376 370 377
f 370 378 377
f 370 369 378
f 376 377 379
f 377 380 379
f 377 381 380
f 365 371 367
f 371 369 367
f 371 373 369
f 373 378 369
f 373 375 378
f 375 377 378
f 375 382 377
f 382 381 377
f 382 383 381
f 384 383 385
f 383 386 385
f 383 382 386
f 382 387 386
f 382 375 387
f 375 388 387
f 375 374 388
f 389 390 384
f 390 383 384
f 390 364 383
f 364 381 383
f 364 362 381
f 362 380 381
f 391 393 392
f 393 394 392
f 393 395 394
f 395 396 394
f 395 397 396
f 397 398 396
f 397 399 398
f 399 400 398
f 401 403 402
f 404 406 405
f 406 407 405
f 402 403 408
f 403 409 408
f 403 404 409
f 404 403 410
f 403 411 410
f 403 401 411
f 401 412 411
f 413 415 414
f 415 416 414
f 415 410 416
f 410 417 416
f 410 411 417
f 418 420 419
f 420 421 419
f 420 422 421
f 422 423 421
f 422 413 423
f 413 424 423
f 413 414 424
f 425 418 426
f 418 427 426
f 418 419 427
f 428 430 429
f 430 431 429
f 430 432 431
f 432 433 431
f 432 425 433
f 425 434 433
f 425 426 434
f 435 428 436
f 428 437 436
f 428 429 437
f 438 440 439
f 440 441 439
f 440 442 441
f 442 443 441
f 442 444 443
f 444 445 443
f 444 435 445
f 435 446 445
f 435 436 446
f 438 447 440
f 447 448 440
f 447 449 448
f 450 452 451
f 452 453 451
f 452 454 453
f 454 455 453
f 454 449 455
f 449 456 455
f 449 447 456
f 450 457 452
f 457 458 452
f 457 459 458
f 404 410 406
f 410 460 406
f 410 415 460
f 415 461 460
f 415 413 461
f 413 462 461
f 413 422 462
f 422 463 462
f 422 420 463
f 420 464 463
f 420 418 464
f 418 465 464
f 418 425 465
f 425 466 465
f 425 432 466
f 432 467 466
f 432 430 467
f 430 468 467
f 430 428 468
f 428 469 468
f 428 435 469
f 435 470 469
f 435 444 470
f 444 471 470
f 444 442 471
f 442 472 471
f 442 440 472
f 440 473 472
f 440 448 473
f 448 474 473
f 448 449 474
f 449 475 474
f 449 454 475
f 454 476 475
f 454 452 476
f 452 477 476
f 452 458 477
f 458 478 477
f 458 459 478
f 459 479 478
f 459 480 479
f 480 481 479
f 480 482 481
f 482 480 483
f 480 484 483
f 480 459 484
f 459 485 484
f 459 457 485
f 486 482 487
f 482 488 487
f 482 483 488
f 489 491 490
f 491 492 490
f 481 482 492
f 482 490 492
f 482 486 490
f 486 489 490
f 486 493 489
f 494 496 495
f 496 494 491
f 494 492 491
f 494 497 492
f 497 481 492
f 497 498 481
f 498 479 481
f 498 499 479
f 499 478 479
f 499 500 478
f 500 477 478
f 500 501 477
f 501 476 477
f 501 502 476
f 502 475 476
f 502 503 475
f 503 474 475
f 503 504 474
f 504 473 474
f 504 505 473
f 505 472 473
f 505 506 472
f 506 471 472
f 506 507 471
f 507 470 471
f 507 508 470
f 508 469 470
f 508 509 469
f 509 468 469
f 509 510 468
f 510 467 468
f 510 511 467
f 511 466 467
f 511 512 466
f 512 465 466
f 512 513 465
f 513 464 465
f 513 514 464
f 514 463 464
f 514 515 463
f 515 462 463
f 515 516 462
f 516 461 462
f 516 517 461
f 517 460 461
f 517 518 460
f 518 406 460
f 518 519 406
f 519 407 406
f 519 520 407
f 496 491 521
f 491 522 521
f 491 489 522
f 489 523 522
f 489 524 523
f 524 489 525
f 489 526 525
f 489 493 526
f 527 529 528
f 529 530 528
f 529 531 530
f 531 532 530
f 531 533 532
f 533 534 532
f 534 535 532
f 534 536 535
f 537 539 538
f 539 540 538
f 539 541 540
f 535 536 542
f 536 543 542
f 536 544 543
f 544 545 543
f 544 546 545
f 546 537 545
f 546 547 537
f 547 539 537
f 548 550 549
f 550 551 549
f 541 552 540
f 552 553 540
f 552 551 553
f 551 554 553
f 551 550 554
f 555 557 556
f 557 555 558
f 555 559 558
f 555 560 559
f 548 560 550
f 560 561 550
f 560 555 561
f 562 564 563
f 562 565 564
f 563 564 566
f 564 567 566
f 564 568 567
f 568 569 567
f 556 567 555
f 567 570 555
f 567 569 570
f 525 526 565
f 526 564 565
f 526 493 564
f 493 571 564
f 493 486 571
f 486 572 571
f 486 487 572
f 487 573 572
f 487 488 573
f 488 483 573
f 573 483 574
f 483 575 574
f 483 484 575
f 484 576 575
f 484 485 576
f 485 577 576
f 485 457 577
f 457 578 577
f 457 450 578
f 450 579 578
f 450 451 579
f 451 580 579
f 451 453 580
f 453 455 580
f 580 455 581
f 455 582 581
f 455 456 582
f 456 583 582
f 456 447 583
f 447 584 583
f 447 438 584
f 438 585 584
f 438 439 585
f 439 441 585
f 441 586 585
f 441 443 586
f 586 443 587
f 443 588 587
f 443 445 588
f 445 589 588
f 445 446 589
f 446 590 589
f 446 436 590
f 436 591 590
f 436 437 591
f 437 429 591
f 429 592 591
f 429 431 592
f 592 431 593
f 431 594 593
f 431 433 594
f 433 595 594
f 433 434 595
f 434 596 595
f 434 426 596
f 426 597 596
f 426 427 597
f 427 419 597
f 419 598 597
f 419 421 598
f 598 421 599
f 421 600 599
f 421 423 600
f 423 601 600
f 423 424 601
f 424 602 601
f 603 604 412
f 604 411 412
f 604 605 411
f 605 417 411
f 605 606 417
f 606 416 417
f 606 602 416
f 602 414 416
f 602 424 414
f 607 609 608
f 610 612 611
f 613 615 614
f 616 618 617
f 618 619 617
f 619 618 620
f 618 621 620
f 618 622 621
f 623 625 624
f 625 616 624
f 626 623 627
f 565 628 525
f 629 631 630
f 630 632 629
f 632 633 629
f 632 634 633
f 634 635 633
f 635 636 633
f 635 637 636
f 638 636 639
f 636 640 639
f 636 637 640
f 622 618 641
f 618 642 641
f 618 643 642
f 642 643 644
f 643 645 644
f 643 646 645
f 646 647 645
f 646 648 647
f 649 650 566
f 650 563 566
f 650 651 563
f 651 562 563
f 651 652 562
f 652 565 562
f 652 626 565
f 626 628 565
f 626 627 628
f 647 648 653
f 648 654 653
f 648 655 654
f 655 656 654
f 655 657 656
f 656 657 658
f 657 659 658
f 657 660 659
f 660 661 659
f 660 662 661
f 662 663 661
f 663 662 664
f 662 665 664
f 662 666 665
f 667 668 559
f 668 558 559
f 668 669 558
f 669 557 558
f 669 670 557
f 670 556 557
f 670 649 556
f 649 567 556
f 649 566 567
f 671 673 672
f 673 674 672
f 673 675 674
f 675 676 674
f 675 677 676
f 677 666 676
f 677 678 666
f 678 665 666
f 616 625 618
f 625 643 618
f 625 679 643
f 679 646 643
f 679 680 646
f 680 648 646
f 680 681 648
f 681 655 648
f 681 682 655
f 682 657 655
f 682 683 657
f 683 660 657
f 683 684 660
f 684 662 660
f 684 685 662
f 685 666 662
f 685 686 666
f 686 676 666
f 686 687 676
f 687 674 676
f 687 688 674
f 688 672 674
f 688 689 672
f 623 626 625
f 626 679 625
f 626 652 679
f 652 680 679
f 652 651 680
f 651 681 680
f 651 650 681
f 650 682 681
f 650 649 682
f 649 683 682
f 649 670 683
f 670 684 683
f 670 669 684
f 669 685 684
f 669 668 685
f 668 686 685
f 668 667 686
f 667 687 686
f 667 690 687
f 690 688 687
f 690 691 688
f 691 689 688
f 691 692 689
f 541 692 552
f 692 551 552
f 692 691 551
f 691 549 551
f 691 690 549
f 690 548 549
f 690 667 548
f 667 560 548
f 667 559 560
f 613 693 615
f 539 694 541
f 694 692 541
f 694 695 692
f 695 689 692
f 695 615 689
f 615 672 689
f 615 693 672
f 693 671 672
f 547 696 539
f 696 694 539
f 696 697 694
f 697 695 694
f 697 698 695
f 698 615 695
f 698 699 615
f 699 614 615
f 699 698 610
f 698 612 610
f 698 697 612
f 697 700 612
f 697 696 700
f 696 701 700
f 696 547 701
f 536 701 544
f 701 546 544
f 701 547 546
f 702 704 703
f 704 705 703
f 704 609 705
f 609 706 705
f 609 607 706
f 607 707 706
f 611 612 707
f 612 706 707
f 612 700 706
f 700 705 706
f 700 701 705
f 701 703 705
f 701 536 703
f 536 702 703
f 531 702 533
f 702 534 533
f 702 536 534
f 629 633 708
f 633 709 708
f 633 636 709
f 636 710 709
f 636 638 710
f 638 711 710
f 608 609 711
f 609 710 711
f 609 704 710
f 704 709 710
f 704 702 709
f 702 708 709
f 702 531 708
f 531 629 708
f 531 529 629
f 529 631 629
f 529 527 631
f 521 712 496
f 713 620 621
f 714 715 713
f 716 717 714
f 718 719 716
f 713 715 620
f 715 619 620
f 715 720 619
f 720 617 619
f 720 721 617
f 628 627 722
f 627 723 722
f 627 623 723
f 623 724 723
f 623 624 724
f 624 721 724
f 624 616 721
f 616 617 721
f 628 722 525
f 722 524 525
f 722 523 524
f 714 717 715
f 717 720 715
f 717 725 720
f 725 721 720
f 725 726 721
f 726 724 721
f 726 727 724
f 727 723 724
f 727 728 723
f 728 722 723
f 728 729 722
f 729 523 722
f 729 522 523
f 716 719 717
f 719 725 717
f 719 730 725
f 730 726 725
f 730 731 726
f 731 727 726
f 731 732 727
f 732 728 727
f 732 733 728
f 733 729 728
f 733 712 729
f 712 522 729
f 712 521 522
f 718 734 719
f 734 730 719
f 734 735 730
f 735 731 730
f 735 736 731
f 736 732 731
f 736 737 732
f 737 733 732
f 737 738 733
f 738 712 733
f 738 739 712
f 739 496 712
f 739 495 496
f 740 742 741
f 742 743 741
f 742 744 743
f 745 747 746
f 747 748 746
f 747 749 748
f 750 752 751
f 752 753 751
f 752 745 753
f 750 755 754
f 755 756 754
f 756 757 754
f 757 758 754
f 757 759 758
f 740 749 742
f 749 760 742
f 749 747 760
f 747 761 760
f 747 762 761
f 762 763 761
f 762 764 763
f 763 764 765
f 764 766 765
f 764 767 766
f 766 767 768
f 767 769 768
f 767 770 769
f 770 771 769
f 771 770 772
f 770 621 772
f 770 713 621
f 745 752 747
f 752 762 747
f 752 773 762
f 773 764 762
f 773 774 764
f 774 767 764
f 774 775 767
f 775 770 767
f 775 776 770
f 776 713 770
f 776 714 713
f 750 754 752
f 754 773 752
f 754 758 773
f 758 774 773
f 758 777 774
f 777 775 774
f 777 778 775
f 778 776 775
f 778 779 776
f 779 714 776
f 779 716 714
f 759 780 758
f 780 777 758
f 780 781 777
f 781 778 777
f 781 782 778
f 782 779 778
f 782 783 779
f 783 716 779
f 783 718 716
f 746 785 784
f 744 787 786
f 787 788 786
f 787 789 788
f 789 790 788
f 789 791 790
f 791 792 790
f 792 785 790
f 792 793 785
f 744 786 743
f 786 741 743
f 786 788 741
f 788 740 741
f 788 790 740
f 790 749 740
f 790 785 749
f 785 748 749
f 785 746 748
f 753 745 794
f 745 746 794
f 746 784 794
f 784 795 794
f 784 796 795
f 793 797 785
f 797 784 785
f 797 798 784
f 798 796 784
f 798 799 796
f 800 802 801
f 780 759 800
f 759 803 800
f 800 803 802
f 803 804 802
f 803 805 804
f 750 805 755
f 805 756 755
f 805 803 756
f 803 757 756
f 803 759 757
f 751 806 750
f 806 805 750
f 806 807 805
f 807 804 805
f 799 808 807
f 808 804 807
f 808 809 804
f 809 802 804
f 809 810 802
f 810 801 802
f 810 811 801
f 753 794 751
f 794 806 751
f 794 795 806
f 795 807 806
f 795 796 807
f 796 799 807
f 812 801 811
f 812 813 801
f 814 816 815
f 816 817 815
f 816 818 817
f 818 819 817
f 780 800 819
f 800 817 819
f 800 801 817
f 801 815 817
f 801 813 815
f 813 814 815
f 813 820 814
f 821 822 820
f 822 814 820
f 822 823 814
f 823 816 814
f 823 824 816
f 824 818 816
f 825 826 821
f 826 822 821
f 826 827 822
f 827 823 822
f 827 828 823
f 828 824 823
f 829 826 830
f 826 831 830
f 826 825 831
f 825 831 831
f 825 832 831
f 826 829 827
f 829 828 827
f 829 833 828
f 718 783 824
f 783 818 824
f 783 782 818
f 782 819 818
f 782 781 819
f 781 780 819
f 834 835 500
f 835 501 500
f 835 836 501
f 501 836 502
f 836 503 502
f 836 837 503
f 837 504 503
f 837 838 504
f 838 505 504
f 838 839 505
f 839 506 505
f 839 840 506
f 735 734 841
f 734 718 841
f 842 828 843
f 718 824 841
f 824 844 841
f 824 828 844
f 828 845 844
f 828 842 845
f 846 847 833
f 847 828 833
f 847 848 828
f 848 843 828
f 849 850 512
f 850 513 512
f 850 851 513
f 851 514 513
f 851 852 514
f 852 515 514
f 852 853 515
f 506 840 507
f 840 508 507
f 840 854 508
f 854 509 508
f 854 855 509
f 855 510 509
f 855 849 510
f 849 511 510
f 849 512 511
f 735 841 736
f 841 737 736
f 841 856 737
f 856 738 737
f 738 856 739
f 856 495 739
f 856 857 495
f 857 494 495
f 857 858 494
f 858 497 494
f 858 859 497
f 859 498 497
f 859 834 498
f 834 499 498
f 834 500 499
f 515 853 516
f 853 517 516
f 853 860 517
f 860 518 517
f 860 861 518
f 861 519 518
f 861 520 519
f 862 864 863
f 861 862 865
f 866 868 867
f 861 860 862
f 860 864 862
f 860 853 864
f 853 869 864
f 853 852 869
f 852 870 869
f 852 851 870
f 851 871 870
f 851 850 871
f 850 872 871
f 850 849 872
f 849 873 872
f 849 855 873
f 855 874 873
f 855 854 874
f 854 875 874
f 854 840 875
f 840 876 875
f 840 839 876
f 839 877 876
f 839 838 877
f 838 878 877
f 838 837 878
f 837 879 878
f 837 836 879
f 836 880 879
f 836 835 880
f 835 881 880
f 835 834 881
f 834 882 881
f 834 859 882
f 859 883 882
f 859 858 883
f 858 884 883
f 858 857 884
f 857 885 884
f 857 856 885
f 856 886 885
f 856 841 886
f 841 887 886
f 841 844 887
f 844 888 887
f 844 845 888
f 845 889 888
f 845 842 889
f 842 890 889
f 842 843 890
f 843 891 890
f 843 848 891
f 848 892 891
f 848 847 892
f 893 868 846
f 868 847 846
f 868 866 847
f 866 892 847
f 894 896 895
f 896 897 895
f 898 895 899
f 895 900 899
f 895 901 900
f 902 897 903
f 897 904 903
f 905 895 906
f 895 907 906
f 895 908 907
f 908 895 909
f 895 910 909
f 895 911 910
f 911 895 912
f 895 913 912
f 895 898 913
f 914 916 915
f 917 895 918
f 895 897 919
f 897 920 919
f 897 921 920
f 922 924 923
f 916 926 925
f 926 916 927
f 916 928 927
f 916 929 928
f 904 897 930
f 897 916 930
f 897 931 916
f 931 915 916
f 918 895 932
f 895 933 932
f 895 905 933
f 921 897 934
f 897 935 934
f 897 936 935
f 936 897 937
f 897 938 937
f 897 902 938
f 916 922 939
f 940 916 941
f 916 942 941
f 916 943 942
f 943 916 944
f 916 945 944
f 916 925 945
f 929 916 946
f 916 947 946
f 916 948 947
f 894 895 949
f 895 950 949
f 895 951 950
f 922 916 924
f 916 952 924
f 916 940 952
f 948 916 953
f 916 954 953
f 916 914 954
f 951 895 955
f 895 956 955
f 895 917 956
f 957 958 901
f 958 900 901
f 958 959 900
f 959 899 900
f 959 960 899
f 960 898 899
f 960 961 898
f 961 913 898
f 961 962 913
f 962 912 913
f 962 963 912
f 963 911 912
f 963 964 911
f 964 910 911
f 964 965 910
f 910 965 909
f 965 908 909
f 965 966 908
f 966 907 908
f 895 919 967
f 919 968 967
f 919 920 968
f 920 969 968
f 920 921 969
f 921 970 969
f 921 934 970
f 934 971 970
f 934 935 971
f 935 972 971
f 935 936 972
f 936 973 972
f 936 937 973
f 937 974 973
f 937 938 974
f 938 975 974
f 938 902 975
f 902 976 975
f 902 903 976
f 903 977 976
f 903 904 977
f 904 978 977
f 904 930 978
f 930 979 978
f 930 916 979
f 916 980 979
f 916 939 980
f 939 981 980
f 939 922 981
f 922 982 981
f 922 923 982
f 923 983 982
f 923 924 983
f 924 984 983
f 924 952 984
f 952 985 984
f 952 940 985
f 940 986 985
f 940 941 986
f 941 987 986
f 941 942 987
f 942 988 987
f 942 943 988
f 943 989 988
f 943 944 989
f 944 990 989
f 944 945 990
f 945 991 990
f 945 925 991
f 925 992 991
f 925 926 992
f 926 993 992
f 926 927 993
f 927 994 993
f 927 928 994
f 928 995 994
f 928 929 995
f 929 996 995
f 929 946 996
f 946 997 996
f 946 947 997
f 947 998 997
f 947 948 998
f 948 999 998
f 948 953 999
f 953 1000 999
f 953 954 1000
f 954 1001 1000
f 954 914 1001
f 914 1002 1001
f 914 915 1002
f 915 1003 1002
f 915 931 1003
f 931 1004 1003
f 931 897 1004
f 897 1005 1004
f 897 896 1005
f 896 1006 1005
f 896 894 1006
f 894 1007 1006
f 894 949 1007
f 949 1008 1007
f 949 950 1008
f 950 1009 1008
f 950 951 1009
f 951 1010 1009
f 951 955 1010
f 955 1011 1010
f 955 956 1011
f 956 1012 1011
f 956 917 1012
f 917 1013 1012
f 917 918 1013
f 918 1014 1013
f 918 932 1014
f 932 1015 1014
f 932 933 1015
f 933 1016 1015
f 933 905 1016
f 905 1017 1016
f 905 906 1017
f 906 1018 1017
f 906 907 1018
f 907 1019 1018
f 907 966 1019
f 976 1020 975
f 1021 1022 957
f 1022 958 957
f 1022 1023 958
f 1023 959 958
f 1023 1024 959
f 1003 1004 1025
f 1004 1026 1025
f 1004 1005 1026
f 1005 1027 1026
f 1005 1006 1027
f 1006 1028 1027
f 1006 1007 1028
f 1007 1029 1028
f 1007 1008 1029
f 1008 1030 1029
f 1008 1009 1030
f 1009 1031 1030
f 1009 1010 1031
f 1020 1032 975
f 1032 974 975
f 1032 1033 974
f 1033 973 974
f 1033 1034 973
f 959 1024 960
f 1024 961 960
f 1024 1035 961
f 1035 962 961
f 1035 1036 962
f 1036 963 962
f 1036 1037 963
f 1037 964 963
f 1037 1038 964
f 1038 965 964
f 1038 1039 965
f 1039 966 965
f 1039 1040 966
f 1040 1019 966
f 1040 1041 1019
f 1041 1018 1019
f 1041 1042 1018
f 1042 1017 1018
f 1042 1043 1017
f 1043 1016 1017
f 1043 1044 1016
f 1044 1015 1016
f 1044 1045 1015
f 1045 1014 1015
f 1045 1046 1014
f 1046 1013 1014
f 1046 1047 1013
f 1047 1012 1013
f 1047 1048 1012
f 1048 1011 1012
f 1048 1049 1011
f 1049 1010 1011
f 1049 1050 1010
f 1050 1031 1010
f 973 1034 972
f 1034 971 972
f 1034 1051 971
f 1051 970 971
f 1051 1052 970
f 1052 969 970
f 1052 1053 969
f 1053 968 969
f 1053 1054 968
f 1054 967 968
f 1054 1055 967
f 1020 976 1056
f 976 1057 1056
f 976 977 1057
f 977 1058 1057
f 977 978 1058
f 978 1059 1058
f 978 979 1059
f 979 1060 1059
f 979 980 1060
f 980 1061 1060
f 980 981 1061
f 981 1062 1061
f 981 982 1062
f 982 1063 1062
f 982 983 1063
f 983 1064 1063
f 983 984 1064
f 984 1065 1064
f 984 985 1065
f 985 1066 1065
f 985 986 1066
f 986 1067 1066
f 986 987 1067
f 987 1068 1067
f 987 988 1068
f 988 1069 1068
f 988 989 1069
f 989 1070 1069
f 989 990 1070
f 990 1071 1070
f 990 991 1071
f 991 1072 1071
f 991 992 1072
f 992 1073 1072
f 992 993 1073
f 993 1074 1073
f 993 994 1074
f 994 1075 1074
f 994 995 1075
f 995 1076 1075
f 995 996 1076
f 996 1077 1076
f 996 997 1077
f 997 1078 1077
f 997 998 1078
f 998 1079 1078
f 998 999 1079
f 999 1080 1079
f 999 1000 1080
f 1000 1081 1080
f 1000 1001 1081
f 1001 1082 1081
f 1001 1002 1082
f 1002 1083 1082
f 1002 1003 1083
f 1003 1084 1083
f 1003 1025 1084
f 1085 1087 1086
f 1088 1028 1089
f 1090 1045 1091
f 1092 1022 1093
f 1022 1021 1093
f 1092 1094 1022
f 1094 1023 1022
f 1094 1095 1023
f 1095 1024 1023
f 1095 1096 1024
f 1024 1096 1035
f 1096 1036 1035
f 1096 1097 1036
f 1097 1098 1036
f 1036 1098 1037
f 1098 1038 1037
f 1098 1099 1038
f 1099 1100 1038
f 1038 1100 1039
f 1100 1040 1039
f 1100 1101 1040
f 1101 1102 1040
f 1102 1041 1040
f 1102 1103 1041
f 1103 1042 1041
f 1103 1104 1042
f 1104 1043 1042
f 1104 1091 1043
f 1091 1044 1043
f 1091 1045 1044
f 1090 1105 1045
f 1105 1046 1045
f 1105 1047 1046
f 1106 1048 1107
f 1048 1108 1107
f 1048 1047 1108
f 1047 1109 1108
f 1047 1105 1109
f 1048 1106 1049
f 1106 1050 1049
f 1106 1110 1050
f 1110 1031 1050
f 1110 1111 1031
f 1111 1030 1031
f 1111 1089 1030
f 1089 1029 1030
f 1089 1028 1029
f 1088 1112 1028
f 1112 1027 1028
f 1112 1113 1027
f 1027 1113 1026
f 1113 1025 1026
f 1113 1114 1025
f 1114 1084 1025
f 1114 1115 1084
f 1115 1083 1084
f 1115 1116 1083
f 1116 1082 1083
f 1116 1117 1082
f 1117 1081 1082
f 1117 1118 1081
f 1118 1080 1081
f 1118 1119 1080
f 1119 1079 1080
f 1119 1120 1079
f 1120 1121 1079
f 1079 1121 1078
f 1121 1077 1078
f 1121 1122 1077
f 1122 1123 1077
f 1077 1123 1076
f 1123 1075 1076
f 1123 1124 1075
f 1124 1125 1075
f 1075 1125 1074
f 1125 1073 1074
f 1125 1126 1073
f 1126 1072 1073
f 1126 1127 1072
f 1127 1128 1072
f 1072 1128 1071
f 1128 1070 1071
f 1128 1129 1070
f 1129 1130 1070
f 1070 1130 1069
f 1130 1068 1069
f 1130 1131 1068
f 1131 1087 1068
f 1132 1066 1085
f 1066 1087 1085
f 1066 1067 1087
f 1067 1068 1087
f 1062 1063 1133
f 1063 1134 1133
f 1063 1064 1134
f 1064 1135 1134
f 1135 1064 1136
f 1064 1137 1136
f 1064 1065 1137
f 1065 1138 1137
f 1065 1066 1138
f 1066 1139 1138
f 1066 1132 1139
f 1060 1061 1140
f 1061 1141 1140
f 1061 1062 1141
f 1062 1142 1141
f 1062 1133 1142
f 1020 1056 1143
f 1056 1144 1143
f 1056 1057 1144
f 1057 1145 1144
f 1057 1058 1145
f 1058 1146 1145
f 1058 1059 1146
f 1059 1147 1146
f 1059 1060 1147
f 1060 1148 1147
f 1060 1140 1148
f 1054 1149 1055
f 1149 1054 1150
f 1054 1151 1150
f 1054 1053 1151
f 1053 1152 1151
f 1053 1052 1152
f 1052 1153 1152
f 1052 1051 1153
f 1051 1154 1153
f 1051 1034 1154
f 1034 1155 1154
f 1034 1033 1155
f 1033 1156 1155
f 1033 1032 1156
f 1032 1157 1156
f 1032 1020 1157
f 1020 1158 1157
f 1020 1143 1158
f 1159 1161 1160
f 1162 1085 1086
f 1162 1163 1085
f 1164 1166 1165
f 1166 1167 1165
f 1166 1163 1167
f 1168 1170 1169
f 1170 1171 1169
f 1170 1164 1171
f 1168 1173 1172
f 1173 1174 1172
f 1173 1175 1174
f 1176 1178 1177
f 1178 1179 1177
f 1180 1182 1181
f 1182 1183 1181
f 1182 1184 1183
f 1185 1187 1186
f 1187 1188 1186
f 1187 1189 1188
f 1190 1192 1191
f 1192 1193 1191
f 1192 1172 1193
f 1172 1194 1193
f 1172 1174 1194
f 1163 1166 1085
f 1166 1132 1085
f 1166 1195 1132
f 1195 1139 1132
f 1195 1196 1139
f 1196 1138 1139
f 1196 1197 1138
f 1197 1137 1138
f 1197 1198 1137
f 1199 1201 1200
f 1201 1202 1200
f 1201 1190 1202
f 1190 1203 1202
f 1190 1191 1203
f 1204 1206 1205
f 1206 1207 1205
f 1206 1199 1207
f 1199 1208 1207
f 1199 1200 1208
f 1137 1198 1136
f 1198 1135 1136
f 1198 1209 1135
f 1209 1134 1135
f 1209 1210 1134
f 1210 1133 1134
f 1210 1211 1133
f 1212 1214 1213
f 1214 1215 1213
f 1214 1204 1215
f 1204 1216 1215
f 1204 1205 1216
f 1133 1211 1142
f 1211 1141 1142
f 1211 1217 1141
f 1217 1140 1141
f 1217 1218 1140
f 1212 1219 1214
f 1219 1220 1214
f 1219 1221 1220
f 1221 1222 1220
f 1221 1223 1222
f 1223 1224 1222
f 1224 1225 1222
f 1224 1226 1225
f 1226 1227 1225
f 1226 1228 1227
f 1140 1218 1148
f 1218 1147 1148
f 1218 1229 1147
f 1229 1146 1147
f 1229 1230 1146
f 1230 1145 1146
f 1230 1231 1145
f 1232 1227 1233
f 1227 1234 1233
f 1227 1228 1234
f 1145 1231 1144
f 1231 1143 1144
f 1231 1235 1143
f 1227 1232 1236
f 1232 1237 1236
f 1232 1238 1237
f 1238 1239 1237
f 1238 1240 1239
f 1143 1235 1158
f 1235 1157 1158
f 1235 1241 1157
f 1241 1156 1157
f 1241 1242 1156
f 1240 1243 1239
f 1243 1244 1239
f 1243 1245 1244
f 1156 1242 1155
f 1242 1154 1155
f 1242 1246 1154
f 1154 1246 1153
f 1246 1152 1153
f 1246 1247 1152
f 1152 1247 1151
f 1247 1150 1151
f 1247 1187 1150
f 1187 1149 1150
f 1187 1185 1149
f 1164 1170 1166
f 1170 1195 1166
f 1170 1248 1195
f 1248 1196 1195
f 1248 1249 1196
f 1249 1197 1196
f 1249 1250 1197
f 1250 1198 1197
f 1250 1251 1198
f 1251 1209 1198
f 1251 1252 1209
f 1252 1210 1209
f 1252 1253 1210
f 1253 1211 1210
f 1253 1254 1211
f 1254 1217 1211
f 1254 1255 1217
f 1255 1218 1217
f 1255 1256 1218
f 1256 1229 1218
f 1256 1257 1229
f 1257 1230 1229
f 1257 1258 1230
f 1258 1231 1230
f 1258 1259 1231
f 1259 1235 1231
f 1259 1260 1235
f 1260 1241 1235
f 1260 1261 1241
f 1261 1242 1241
f 1261 1262 1242
f 1262 1246 1242
f 1262 1263 1246
f 1263 1247 1246
f 1263 1264 1247
f 1264 1187 1247
f 1264 1182 1187
f 1182 1189 1187
f 1182 1180 1189
f 1168 1172 1170
f 1172 1248 1170
f 1172 1192 1248
f 1192 1249 1248
f 1192 1190 1249
f 1190 1250 1249
f 1190 1201 1250
f 1201 1251 1250
f 1201 1199 1251
f 1199 1252 1251
f 1199 1206 1252
f 1206 1253 1252
f 1206 1204 1253
f 1204 1254 1253
f 1204 1214 1254
f 1214 1255 1254
f 1214 1220 1255
f 1220 1256 1255
f 1220 1222 1256
f 1222 1257 1256
f 1222 1225 1257
f 1225 1258 1257
f 1225 1227 1258
f 1227 1259 1258
f 1227 1236 1259
f 1236 1260 1259
f 1236 1237 1260
f 1237 1261 1260
f 1237 1239 1261
f 1239 1262 1261
f 1239 1244 1262
f 1244 1263 1262
f 1244 1265 1263
f 1265 1264 1263
f 1265 1266 1264
f 1266 1182 1264
f 1266 1178 1182
f 1178 1184 1182
f 1178 1176 1184
f 1245 1267 1244
f 1267 1265 1244
f 1267 1268 1265
f 1268 1266 1265
f 1268 1269 1266
f 1269 1178 1266
f 1269 1161 1178
f 1161 1179 1178
f 1161 1159 1179
f 1270 1272 1271
f 1273 1272 1274
f 1272 1275 1274
f 1275 1272 1276
f 1272 1277 1276
f 1272 1278 1277
f 1272 1280 1279
f 1278 1272 1281
f 1272 1282 1281
f 1272 1283 1282
f 1284 1286 1285
f 1287 1272 1288
f 1272 1289 1288
f 1272 1290 1289
f 1291 1286 1292
f 1293 1295 1294
f 1296 1293 1297
f 1293 1298 1297
f 1293 1299 1298
f 1283 1272 1300
f 1272 1293 1300
f 1272 1301 1293
f 1301 1299 1293
f 1280 1272 1302
f 1272 1303 1302
f 1272 1304 1303
f 1304 1272 1305
f 1272 1306 1305
f 1272 1270 1306
f 1307 1272 1308
f 1272 1309 1308
f 1272 1273 1309
f 1291 1293 1286
f 1293 1310 1286
f 1293 1311 1310
f 1295 1293 1312
f 1293 1313 1312
f 1293 1314 1313
f 1315 1316 1293
f 1316 1317 1293
f 1315 1293 1318
f 1293 1319 1318
f 1293 1296 1319
f 1320 1272 1321
f 1272 1322 1321
f 1272 1287 1322
f 1290 1272 1323
f 1272 1324 1323
f 1272 1307 1324
f 1311 1293 1325
f 1293 1326 1325
f 1293 1294 1326
f 1314 1293 1327
f 1293 1328 1327
f 1293 1317 1328
f 1271 1272 1329
f 1272 1330 1329
f 1272 1320 1330
f 1292 1286 1331
f 1286 1332 1331
f 1286 1284 1332
f 1279 1280 1333
f 1280 1334 1333
f 1280 1302 1334
f 1302 1335 1334
f 1302 1303 1335
f 1303 1336 1335
f 1303 1304 1336
f 1304 1337 1336
f 1304 1305 1337
f 1305 1338 1337
f 1305 1306 1338
f 1306 1339 1338
f 1306 1270 1339
f 1270 1340 1339
f 1270 1271 1340
f 1271 1341 1340
f 1271 1329 1341
f 1329 1342 1341
f 1329 1330 1342
f 1330 1343 1342
f 1330 1320 1343
f 1320 1344 1343
f 1320 1321 1344
f 1321 1345 1344
f 1321 1322 1345
f 1322 1346 1345
f 1322 1287 1346
f 1287 1347 1346
f 1287 1288 1347
f 1288 1348 1347
f 1288 1289 1348
f 1289 1349 1348
f 1289 1290 1349
f 1290 1350 1349
f 1290 1323 1350
f 1323 1351 1350
f 1323 1324 1351
f 1324 1352 1351
f 1324 1307 1352
f 1307 1353 1352
f 1307 1308 1353
f 1308 1354 1353
f 1308 1309 1354
f 1309 1355 1354
f 1309 1273 1355
f 1273 1356 1355
f 1273 1274 1356
f 1274 1357 1356
f 1274 1275 1357
f 1275 1358 1357
f 1275 1276 1358
f 1276 1359 1358
f 1276 1277 1359
f 1277 1360 1359
f 1277 1278 1360
f 1278 1361 1360
f 1278 1281 1361
f 1281 1362 1361
f 1281 1282 1362
f 1282 1363 1362
f 1282 1283 1363
f 1283 1364 1363
f 1283 1300 1364
f 1300 1365 1364
f 1300 1293 1365
f 1293 1366 1365
f 1293 1291 1366
f 1291 1367 1366
f 1291 1292 1367
f 1292 1368 1367
f 1292 1331 1368
f 1331 1369 1368
f 1331 1332 1369
f 1332 1370 1369
f 1332 1284 1370
f 1284 1371 1370
f 1284 1285 1371
f 1285 1372 1371
f 1285 1286 1372
f 1286 1373 1372
f 1286 1310 1373
f 1310 1374 1373
f 1310 1311 1374
f 1311 1375 1374
f 1311 1325 1375
f 1325 1376 1375
f 1325 1326 1376
f 1326 1377 1376
f 1326 1294 1377
f 1294 1378 1377
f 1294 1295 1378
f 1295 1379 1378
f 1295 1312 1379
f 1312 1380 1379
f 1312 1313 1380
f 1313 1381 1380
f 1313 1314 1381
f 1314 1382 1381
f 1314 1327 1382
f 1327 1383 1382
f 1327 1328 1383
f 1328 1384 1383
f 1328 1317 1384
f 1317 1385 1384
f 1317 1316 1385
f 1316 1386 1385
f 1316 1315 1386
f 1315 1387 1386
f 1315 1318 1387
f 1318 1388 1387
f 1318 1319 1388
f 1319 1389 1388
f 1319 1296 1389
f 1296 1390 1389
f 1296 1297 1390
f 1297 1391 1390
f 1297 1298 1391
f 1298 1392 1391
f 1298 1299 1392
f 1299 1393 1392
f 1299 1301 1393
f 1301 1394 1393
f 1301 1272 1394
f 1272 1395 1394
f 1396 1398 1397
f 1399 1401 1400
f 1401 1402 1400
f 1401 1403 1402
f 1403 1404 1402
f 1403 1405 1404
f 1405 1406 1404
f 1405 1407 1406
f 1407 1408 1406
f 1407 1398 1408
f 1398 1409 1408
f 1398 1396 1409
f 1410 1412 1411
f 1412 1413 1411
f 1412 1414 1413
f 1414 1415 1413
f 1414 1399 1415
f 1399 1416 1415
f 1399 1400 1416
f 1417 1419 1418
f 1419 1420 1418
f 1410 1417 1412
f 1417 1421 1412
f 1417 1418 1421
f 1422 1424 1423
f 1425 1427 1426
f 1427 1428 1426
f 1423 1424 1429
f 1424 1430 1429
f 1424 1431 1430
f 1431 1432 1430
f 1432 1433 1430
f 1432 1418 1433
f 1418 1434 1433
f 1418 1420 1434
f 1426 1428 1422
f 1428 1424 1422
f 1428 1435 1424
f 1435 1436 1424
f 1435 1437 1436
f 1437 1438 1436
f 1437 1439 1438
f 1439 1440 1438
f 1439 1441 1440
f 1441 1442 1440
f 1441 1443 1442
f 1443 1444 1442
f 1443 1445 1444
f 1444 1445 1446
f 1445 1447 1446
f 1445 1448 1447
f 1448 1449 1447
f 1447 1449 1450
f 1449 1451 1450
f 1449 1452 1451
f 1452 1453 1451
f 1453 1454 1451
f 1453 1455 1454
f 1455 1456 1454
f 1455 1457 1456
f 1457 1458 1456
f 1457 1459 1458
f 1459 1460 1458
f 1459 1461 1460
f 1461 1462 1460
f 1461 1463 1462
f 1463 1464 1462
f 1463 1465 1464
f 1465 1466 1464
f 1465 1467 1466
f 1467 1468 1466
f 1467 1469 1468
f 1468 1469 1470
f 1469 1471 1470
f 1469 1472 1471
f 1472 1473 1471
f 1472 1474 1473
f 1474 1475 1473
f 1474 1476 1475
f 1476 1477 1475
f 1477 1478 1475
f 1477 1479 1478
f 1479 1480 1478
f 1479 1481 1480
f 1481 1482 1480
f 1481 1483 1482
f 1482 1483 1484
f 1483 1485 1484
f 1483 1486 1485
f 1486 1487 1485
f 1486 1488 1487
f 1488 1489 1487
f 1488 1490 1489
f 1490 1491 1489
f 1490 1492 1491
f 1492 1493 1491
f 1493 1494 1491
f 1493 1495 1494
f 1495 1496 1494
f 1495 1497 1496
f 1496 1497 1498
f 1497 1499 1498
f 1497 1500 1499
f 1500 1501 1499
f 1500 1502 1501
f 1502 1503 1501
f 1504 1506 1505
f 1506 1507 1505
f 1506 1508 1507
f 1508 1509 1507
f 1508 1510 1509
f 1510 1511 1509
f 1510 1503 1511
f 1503 1512 1511
f 1503 1502 1512
f 1504 1505 1513
f 1505 1514 1513
f 1505 1515 1514
f 1515 1516 1514
f 1514 1516 1517
f 1516 1518 1517
f 1516 1519 1518
f 1519 1520 1518
f 1519 1521 1520
f 1494 1348 1491
f 1348 1349 1491
f 1333 1518 1520
f 1352 1485 1351
f 1485 1350 1351
f 1485 1487 1350
f 1487 1349 1350
f 1487 1489 1349
f 1489 1491 1349
f 1333 1334 1518
f 1334 1517 1518
f 1334 1335 1517
f 1335 1514 1517
f 1335 1336 1514
f 1522 1523 1395
f 1523 1394 1395
f 1523 1524 1394
f 1348 1494 1347
f 1494 1346 1347
f 1494 1496 1346
f 1496 1345 1346
f 1496 1498 1345
f 1498 1344 1345
f 1498 1499 1344
f 1499 1343 1344
f 1499 1501 1343
f 1501 1342 1343
f 1363 1462 1362
f 1462 1361 1362
f 1462 1464 1361
f 1464 1360 1361
f 1464 1466 1360
f 1466 1359 1360
f 1466 1468 1359
f 1468 1358 1359
f 1485 1352 1484
f 1352 1482 1484
f 1352 1353 1482
f 1353 1480 1482
f 1353 1354 1480
f 1354 1478 1480
f 1354 1355 1478
f 1355 1475 1478
f 1355 1356 1475
f 1356 1473 1475
f 1356 1357 1473
f 1357 1471 1473
f 1357 1358 1471
f 1358 1470 1471
f 1358 1468 1470
f 1336 1337 1514
f 1337 1513 1514
f 1337 1338 1513
f 1338 1504 1513
f 1338 1339 1504
f 1339 1506 1504
f 1339 1340 1506
f 1340 1508 1506
f 1340 1341 1508
f 1341 1510 1508
f 1341 1342 1510
f 1342 1503 1510
f 1342 1501 1503
f 1524 1525 1394
f 1525 1393 1394
f 1525 1526 1393
f 1526 1392 1393
f 1526 1527 1392
f 1462 1363 1460
f 1363 1458 1460
f 1363 1364 1458
f 1364 1456 1458
f 1364 1365 1456
f 1365 1454 1456
f 1365 1366 1454
f 1366 1451 1454
f 1366 1367 1451
f 1367 1450 1451
f 1367 1368 1450
f 1368 1447 1450
f 1368 1369 1447
f 1369 1446 1447
f 1369 1370 1446
f 1370 1444 1446
f 1370 1371 1444
f 1371 1442 1444
f 1371 1372 1442
f 1372 1440 1442
f 1372 1373 1440
f 1373 1438 1440
f 1373 1374 1438
f 1374 1436 1438
f 1374 1375 1436
f 1375 1424 1436
f 1375 1376 1424
f 1376 1431 1424
f 1376 1377 1431
f 1377 1432 1431
f 1377 1378 1432
f 1378 1418 1432
f 1378 1379 1418
f 1379 1421 1418
f 1379 1380 1421
f 1380 1412 1421
f 1380 1381 1412
f 1381 1414 1412
f 1381 1382 1414
f 1382 1399 1414
f 1382 1383 1399
f 1383 1401 1399
f 1383 1384 1401
f 1384 1403 1401
f 1384 1385 1403
f 1385 1405 1403
f 1385 1386 1405
f 1386 1407 1405
f 1386 1387 1407
f 1387 1398 1407
f 1387 1388 1398
f 1388 1397 1398
f 1388 1389 1397
f 1389 1528 1397
f 1389 1390 1528
f 1390 1529 1528
f 1390 1391 1529
f 1391 1530 1529
f 1391 1392 1530
f 1392 1531 1530
f 1392 1527 1531
f 1532 1534 1533
f 1535 1537 1536
f 1538 1540 1539
f 1536 1542 1541
f 1542 1543 1541
f 1542 1544 1543
f 1545 1547 1546
f 1547 1535 1546
f 1426 1548 1425
f 1397 1550 1549
f 1551 1552 1530
f 1552 1529 1530
f 1552 1550 1529
f 1550 1528 1529
f 1550 1397 1528
f 1525 1551 1526
f 1526 1551 1527
f 1551 1531 1527
f 1551 1530 1531
f 1523 1553 1524
f 1553 1525 1524
f 1553 1554 1525
f 1554 1551 1525
f 1522 1555 1523
f 1555 1553 1523
f 1555 1556 1553
f 1556 1557 1553
f 1558 1560 1559
f 1560 1561 1559
f 1562 1564 1563
f 1564 1565 1563
f 1564 1566 1565
f 1567 1569 1568
f 1570 1572 1571
f 1572 1573 1571
f 1572 1574 1573
f 1574 1575 1573
f 1574 1576 1575
f 1576 1542 1575
f 1576 1540 1542
f 1540 1544 1542
f 1540 1538 1544
f 1570 1571 1577
f 1571 1578 1577
f 1571 1579 1578
f 1580 1581 1429
f 1581 1423 1429
f 1581 1582 1423
f 1582 1422 1423
f 1582 1583 1422
f 1583 1426 1422
f 1583 1547 1426
f 1547 1548 1426
f 1547 1545 1548
f 1578 1579 1584
f 1579 1585 1584
f 1579 1586 1585
f 1586 1587 1585
f 1586 1588 1587
f 1589 1590 1419
f 1590 1420 1419
f 1590 1591 1420
f 1591 1434 1420
f 1591 1592 1434
f 1592 1433 1434
f 1592 1580 1433
f 1580 1430 1433
f 1580 1429 1430
f 1587 1588 1593
f 1588 1594 1593
f 1588 1595 1594
f 1595 1596 1594
f 1595 1534 1596
f 1534 1597 1596
f 1534 1532 1597
f 1532 1533 1598
f 1533 1599 1598
f 1533 1600 1599
f 1599 1600 1601
f 1600 1602 1601
f 1600 1603 1602
f 1604 1605 1413
f 1605 1411 1413
f 1605 1606 1411
f 1606 1410 1411
f 1606 1589 1410
f 1589 1417 1410
f 1589 1419 1417
f 1602 1603 1607
f 1603 1608 1607
f 1603 1609 1608
f 1609 1610 1608
f 1609 1611 1610
f 1612 1613 1400
f 1613 1416 1400
f 1613 1604 1416
f 1604 1415 1416
f 1604 1413 1415
f 1610 1611 1614
f 1611 1615 1614
f 1611 1616 1615
f 1615 1616 1617
f 1616 1618 1617
f 1616 1619 1618
f 1620 1621 1406
f 1621 1404 1406
f 1621 1612 1404
f 1612 1402 1404
f 1612 1400 1402
f 1397 1549 1396
f 1549 1409 1396
f 1549 1620 1409
f 1620 1408 1409
f 1620 1406 1408
f 1618 1619 1622
f 1619 1623 1622
f 1619 1624 1623
f 1624 1625 1623
f 1624 1626 1625
f 1626 1627 1625
f 1626 1628 1627
f 1627 1628 1629
f 1628 1630 1629
f 1628 1631 1630
f 1630 1631 1632
f 1631 1633 1632
f 1631 1634 1633
f 1634 1567 1633
f 1634 1564 1567
f 1564 1569 1567
f 1564 1562 1569
f 1536 1537 1542
f 1537 1575 1542
f 1537 1635 1575
f 1635 1573 1575
f 1635 1636 1573
f 1636 1571 1573
f 1636 1637 1571
f 1637 1579 1571
f 1637 1638 1579
f 1638 1586 1579
f 1638 1639 1586
f 1639 1588 1586
f 1639 1640 1588
f 1640 1595 1588
f 1640 1641 1595
f 1641 1534 1595
f 1641 1642 1534
f 1642 1533 1534
f 1642 1643 1533
f 1643 1600 1533
f 1643 1644 1600
f 1644 1603 1600
f 1644 1645 1603
f 1645 1609 1603
f 1645 1646 1609
f 1646 1611 1609
f 1646 1647 1611
f 1647 1616 1611
f 1647 1648 1616
f 1648 1619 1616
f 1648 1649 1619
f 1649 1624 1619
f 1649 1650 1624
f 1650 1626 1624
f 1650 1651 1626
f 1651 1628 1626
f 1651 1652 1628
f 1652 1631 1628
f 1652 1653 1631
f 1653 1634 1631
f 1653 1654 1634
f 1654 1564 1634
f 1654 1560 1564
f 1560 1566 1564
f 1560 1558 1566
f 1535 1547 1537
f 1547 1635 1537
f 1547 1583 1635
f 1583 1636 1635
f 1583 1582 1636
f 1582 1637 1636
f 1582 1581 1637
f 1581 1638 1637
f 1581 1580 1638
f 1580 1639 1638
f 1580 1592 1639
f 1592 1640 1639
f 1592 1591 1640
f 1591 1641 1640
f 1591 1590 1641
f 1590 1642 1641
f 1590 1589 1642
f 1589 1643 1642
f 1589 1606 1643
f 1606 1644 1643
f 1606 1605 1644
f 1605 1645 1644
f 1605 1604 1645
f 1604 1646 1645
f 1604 1613 1646
f 1613 1647 1646
f 1613 1612 1647
f 1612 1648 1647
f 1612 1621 1648
f 1621 1649 1648
f 1621 1620 1649
f 1620 1650 1649
f 1620 1549 1650
f 1549 1651 1650
f 1549 1550 1651
f 1550 1652 1651
f 1550 1552 1652
f 1552 1653 1652
f 1552 1551 1653
f 1551 1654 1653
f 1551 1554 1654
f 1554 1560 1654
f 1554 1553 1560
f 1553 1561 1560
f 1553 1557 1561
f 1655 1657 1656
f 1658 1660 1659
f 1661 1663 1662
f 1664 1666 1665
f 1607 1667 1602
f 1597 1668 1596
f 1669 1671 1670
f 1671 1672 1670
f 1669 1673 1671
f 1673 1674 1671
f 1673 1675 1674
f 1676 1678 1677
f 1678 1679 1677
f 1678 1670 1679
f 1670 1680 1679
f 1670 1672 1680
f 1681 1683 1682
f 1683 1684 1682
f 1683 1678 1684
f 1678 1685 1684
f 1678 1676 1685
f 1540 1686 1539
f 1540 1576 1686
f 1576 1687 1686
f 1576 1574 1687
f 1686 1689 1688
f 1689 1690 1688
f 1689 1691 1690
f 1692 1572 1570
f 1584 1693 1578
f 1693 1577 1578
f 1594 1694 1593
f 1694 1587 1593
f 1694 1585 1587
f 1667 1695 1602
f 1602 1695 1601
f 1695 1599 1601
f 1695 1696 1599
f 1696 1598 1599
f 1696 1668 1598
f 1668 1532 1598
f 1668 1597 1532
f 1615 1697 1614
f 1697 1610 1614
f 1697 1667 1610
f 1667 1608 1610
f 1667 1607 1608
f 1698 1623 1699
f 1617 1618 1700
f 1618 1698 1700
f 1618 1622 1698
f 1622 1623 1698
f 1630 1701 1629
f 1701 1627 1629
f 1701 1699 1627
f 1699 1625 1627
f 1699 1623 1625
f 1702 1567 1568
f 1702 1703 1567
f 1567 1703 1633
f 1703 1632 1633
f 1703 1630 1632
f 1704 1706 1705
f 1707 1704 1708
f 1704 1709 1708
f 1704 1705 1709
f 1665 1711 1710
f 1712 1657 1713
f 1657 1714 1713
f 1657 1715 1714
f 1663 1717 1716
f 1718 1719 1661
f 1719 1663 1661
f 1719 1720 1663
f 1720 1717 1663
f 1721 1723 1722
f 1722 1723 1724
f 1723 1725 1724
f 1723 1716 1725
f 1716 1726 1725
f 1716 1717 1726
f 1727 1729 1728
f 1729 1727 1730
f 1727 1731 1730
f 1727 1732 1731
f 1732 1733 1731
f 1732 1721 1733
f 1734 1736 1735
f 1736 1734 1737
f 1734 1738 1737
f 1734 1728 1738
f 1728 1739 1738
f 1728 1729 1739
f 1659 1741 1740
f 1741 1742 1740
f 1741 1743 1742
f 1658 1744 1660
f 1744 1745 1660
f 1744 1746 1745
f 1746 1747 1745
f 1746 1748 1747
f 1748 1749 1747
f 1749 1750 1747
f 1749 1751 1750
f 1752 1750 1753
f 1750 1754 1753
f 1750 1751 1754
f 1755 1757 1756
f 1757 1758 1756
f 1757 1752 1758
f 1752 1759 1758
f 1752 1753 1759
f 1760 1762 1761
f 1762 1763 1761
f 1762 1764 1763
f 1764 1765 1763
f 1766 1767 1760
f 1767 1768 1760
f 1768 1769 1760
f 1769 1762 1760
f 1769 1770 1762
f 1770 1764 1762
f 1770 1771 1764
f 1772 1757 1773
f 1757 1774 1773
f 1757 1755 1774
f 1755 1775 1774
f 1755 1776 1775
f 1765 1777 1763
f 1777 1778 1763
f 1777 1779 1778
f 1780 1781 1779
f 1781 1778 1779
f 1781 1782 1778
f 1782 1763 1778
f 1782 1783 1763
f 1783 1761 1763
f 1660 1745 1780
f 1745 1781 1780
f 1745 1747 1781
f 1747 1782 1781
f 1747 1750 1782
f 1750 1783 1782
f 1750 1752 1783
f 1752 1761 1783
f 1752 1757 1761
f 1757 1760 1761
f 1757 1772 1760
f 1772 1766 1760
f 1732 1727 1784
f 1727 1785 1784
f 1727 1728 1785
f 1728 1786 1785
f 1728 1734 1786
f 1734 1787 1786
f 1734 1735 1787
f 1735 1788 1787
f 1662 1663 1789
f 1663 1790 1789
f 1663 1716 1790
f 1716 1791 1790
f 1716 1723 1791
f 1723 1792 1791
f 1696 1794 1793
f 1696 1695 1794
f 1695 1795 1794
f 1695 1667 1795
f 1667 1700 1795
f 1667 1697 1700
f 1697 1617 1700
f 1697 1615 1617
f 1796 1798 1797
f 1799 1801 1800
f 1630 1703 1701
f 1703 1699 1701
f 1703 1802 1699
f 1802 1698 1699
f 1802 1803 1698
f 1803 1700 1698
f 1803 1804 1700
f 1804 1795 1700
f 1804 1805 1795
f 1805 1794 1795
f 1805 1806 1794
f 1806 1793 1794
f 1806 1796 1793
f 1796 1806 1798
f 1806 1807 1798
f 1806 1805 1807
f 1805 1808 1807
f 1805 1804 1808
f 1804 1809 1808
f 1804 1803 1809
f 1803 1810 1809
f 1803 1802 1810
f 1802 1704 1810
f 1802 1703 1704
f 1703 1706 1704
f 1703 1702 1706
f 1707 1811 1704
f 1811 1810 1704
f 1811 1812 1810
f 1812 1809 1810
f 1812 1813 1809
f 1813 1808 1809
f 1813 1814 1808
f 1814 1807 1808
f 1814 1815 1807
f 1815 1798 1807
f 1815 1816 1798
f 1816 1797 1798
f 1816 1799 1797
f 1799 1816 1801
f 1816 1817 1801
f 1816 1815 1817
f 1815 1818 1817
f 1815 1814 1818
f 1814 1819 1818
f 1814 1813 1819
f 1813 1820 1819
f 1813 1812 1820
f 1812 1821 1820
f 1812 1811 1821
f 1811 1711 1821
f 1811 1707 1711
f 1707 1710 1711
f 1707 1708 1710
f 1665 1666 1711
f 1666 1821 1711
f 1666 1822 1821
f 1822 1820 1821
f 1822 1823 1820
f 1823 1819 1820
f 1823 1824 1819
f 1824 1818 1819
f 1824 1825 1818
f 1825 1817 1818
f 1825 1826 1817
f 1826 1801 1817
f 1826 1827 1801
f 1827 1800 1801
f 1827 1828 1800
f 1829 1831 1830
f 1831 1669 1830
f 1831 1832 1669
f 1832 1673 1669
f 1833 1835 1834
f 1835 1830 1834
f 1835 1836 1830
f 1836 1829 1830
f 1659 1660 1741
f 1660 1837 1741
f 1660 1780 1837
f 1780 1838 1837
f 1780 1779 1838
f 1779 1839 1838
f 1779 1777 1839
f 1777 1840 1839
f 1777 1765 1840
f 1765 1841 1840
f 1765 1764 1841
f 1764 1842 1841
f 1764 1834 1842
f 1834 1843 1842
f 1834 1830 1843
f 1830 1844 1843
f 1830 1669 1844
f 1669 1845 1844
f 1669 1670 1845
f 1670 1846 1845
f 1670 1678 1846
f 1678 1691 1846
f 1678 1683 1691
f 1683 1690 1691
f 1683 1681 1690
f 1833 1834 1847
f 1834 1848 1847
f 1834 1764 1848
f 1764 1849 1848
f 1764 1771 1849
f 1721 1732 1723
f 1732 1792 1723
f 1732 1784 1792
f 1784 1850 1792
f 1784 1785 1850
f 1785 1851 1850
f 1785 1786 1851
f 1786 1852 1851
f 1786 1787 1852
f 1787 1853 1852
f 1787 1788 1853
f 1788 1854 1853
f 1788 1855 1854
f 1855 1856 1854
f 1855 1857 1856
f 1857 1858 1856
f 1857 1859 1858
f 1859 1860 1858
f 1859 1861 1860
f 1861 1862 1860
f 1861 1863 1862
f 1863 1864 1862
f 1863 1865 1864
f 1865 1866 1864
f 1865 1867 1866
f 1867 1868 1866
f 1867 1869 1868
f 1869 1870 1868
f 1869 1871 1870
f 1871 1872 1870
f 1871 1873 1872
f 1873 1692 1872
f 1873 1687 1692
f 1687 1572 1692
f 1687 1574 1572
f 1656 1874 1655
f 1874 1875 1655
f 1874 1876 1875
f 1876 1877 1875
f 1876 1878 1877
f 1878 1879 1877
f 1878 1880 1879
f 1880 1881 1879
f 1880 1882 1881
f 1882 1883 1881
f 1882 1884 1883
f 1884 1885 1883
f 1884 1886 1885
f 1886 1887 1885
f 1886 1888 1887
f 1888 1889 1887
f 1888 1890 1889
f 1890 1891 1889
f 1890 1892 1891
f 1892 1893 1891
f 1892 1894 1893
f 1894 1895 1893
f 1894 1896 1895
f 1896 1897 1895
f 1896 1898 1897
f 1898 1899 1897
f 1898 1900 1899
f 1900 1694 1899
f 1900 1693 1694
f 1693 1585 1694
f 1693 1584 1585
f 1789 1790 1712
f 1790 1657 1712
f 1790 1791 1657
f 1791 1656 1657
f 1791 1792 1656
f 1792 1874 1656
f 1792 1850 1874
f 1850 1876 1874
f 1850 1851 1876
f 1851 1878 1876
f 1851 1852 1878
f 1852 1880 1878
f 1852 1853 1880
f 1853 1882 1880
f 1853 1854 1882
f 1854 1884 1882
f 1854 1856 1884
f 1856 1886 1884
f 1856 1858 1886
f 1858 1888 1886
f 1858 1860 1888
f 1860 1890 1888
f 1860 1862 1890
f 1862 1892 1890
f 1862 1864 1892
f 1864 1894 1892
f 1864 1866 1894
f 1866 1896 1894
f 1866 1868 1896
f 1868 1898 1896
f 1868 1870 1898
f 1870 1900 1898
f 1870 1872 1900
f 1872 1693 1900
f 1872 1692 1693
f 1692 1577 1693
f 1692 1570 1577
f 1686 1687 1689
f 1687 1691 1689
f 1687 1873 1691
f 1873 1846 1691
f 1873 1871 1846
f 1871 1845 1846
f 1871 1869 1845
f 1869 1844 1845
f 1869 1867 1844
f 1867 1843 1844
f 1867 1865 1843
f 1865 1842 1843
f 1865 1863 1842
f 1863 1841 1842
f 1863 1861 1841
f 1861 1840 1841
f 1861 1859 1840
f 1859 1839 1840
f 1859 1857 1839
f 1857 1838 1839
f 1857 1855 1838
f 1855 1837 1838
f 1855 1788 1837
f 1788 1741 1837
f 1788 1735 1741
f 1735 1743 1741
f 1735 1736 1743
f 1715 1657 1664
f 1657 1666 1664
f 1657 1655 1666
f 1655 1822 1666
f 1655 1875 1822
f 1875 1823 1822
f 1875 1877 1823
f 1877 1824 1823
f 1877 1879 1824
f 1879 1825 1824
f 1879 1881 1825
f 1881 1826 1825
f 1881 1883 1826
f 1883 1827 1826
f 1883 1885 1827
f 1885 1828 1827
f 1885 1887 1828
f 1887 1800 1828
f 1887 1889 1800
f 1889 1799 1800
f 1889 1891 1799
f 1891 1797 1799
f 1891 1893 1797
f 1893 1796 1797
f 1893 1895 1796
f 1895 1793 1796
f 1895 1897 1793
f 1897 1696 1793
f 1897 1899 1696
f 1899 1668 1696
f 1899 1694 1668
f 1694 1596 1668
f 1694 1594 1596
f 1901 1903 1902
f 1904 1906 1905
f 1907 1909 1908
f 1910 1912 1911
f 1913 1915 1914
f 1770 1916 1771
f 1917 1919 1918
f 1920 1922 1921
f 1234 1923 1233
f 1232 1924 1238
f 1240 1925 1243
f 1161 1926 1160
f 1927 1929 1928
f 1929 1930 1928
f 1931 1933 1932
f 1933 1934 1932
f 1935 1937 1936
f 1938 1940 1939
f 1940 1941 1939
f 1940 1942 1941
f 1938 1943 1940
f 1943 1902 1940
f 1943 1944 1902
f 1944 1945 1902
f 1945 1901 1902
f 1945 1946 1901
f 1947 1948 1930
f 1948 1949 1930
f 1948 1926 1949
f 1926 1269 1949
f 1926 1161 1269
f 1243 1925 1245
f 1925 1267 1245
f 1925 1949 1267
f 1949 1268 1267
f 1949 1269 1268
f 1223 1950 1224
f 1950 1226 1224
f 1212 1951 1219
f 1951 1221 1219
f 1216 1952 1215
f 1952 1213 1215
f 1952 1953 1213
f 1954 1205 1207
f 1208 1200 1955
f 1200 1202 1955
f 1193 1956 1191
f 1956 1203 1191
f 1957 1194 1174
f 1175 1958 1174
f 1958 1957 1174
f 1958 1959 1957
f 1960 1962 1961
f 1962 1963 1961
f 1962 1964 1963
f 1964 1965 1963
f 1964 1957 1965
f 1957 1966 1965
f 1957 1959 1966
f 1967 1969 1968
f 1969 1970 1968
f 1969 1960 1970
f 1971 1967 1972
f 1967 1973 1972
f 1967 1968 1973
f 1921 1975 1974
f 1975 1976 1974
f 1975 1977 1976
f 1920 1978 1922
f 1979 1981 1980
f 1982 1984 1983
f 1985 1983 1986
f 1987 1989 1988
f 1989 1987 1990
f 1987 1991 1990
f 1987 1985 1991
f 1985 1992 1991
f 1985 1986 1992
f 1993 1995 1994
f 1995 1993 1996
f 1993 1997 1996
f 1993 1988 1997
f 1988 1998 1997
f 1988 1989 1998
f 1999 1994 2000
f 1994 2001 2000
f 1994 1995 2001
f 2002 1999 2003
f 1999 2004 2003
f 1999 2000 2004
f 2005 2007 2006
f 2007 2008 2006
f 2007 2002 2008
f 2002 2009 2008
f 2002 2003 2009
f 2005 2010 2007
f 2010 2011 2007
f 2010 2012 2011
f 2012 2013 2011
f 2012 2014 2013
f 1917 2015 1919
f 1768 1767 2016
f 1767 1766 2016
f 1775 2017 1774
f 2017 1773 1774
f 2017 2016 1773
f 2016 1772 1773
f 2016 1766 1772
f 1769 1768 2018
f 1768 2019 2018
f 1768 2016 2019
f 2016 1979 2019
f 2016 2017 1979
f 2017 1981 1979
f 2017 1775 1981
f 1775 2020 1981
f 1775 1776 2020
f 2021 2023 2022
f 1909 2024 1908
f 2024 2025 1908
f 2024 2026 2025
f 2026 1913 2025
f 2026 2027 1913
f 2027 1915 1913
f 2027 2028 1915
f 1914 2029 1913
f 2029 2025 1913
f 2029 2030 2025
f 2030 1908 2025
f 2030 2031 1908
f 2031 1907 1908
f 2031 1906 1907
f 1906 2031 1905
f 2031 2032 1905
f 2031 2030 2032
f 2030 1910 2032
f 2030 2029 1910
f 2029 1912 1910
f 2029 1914 1912
f 1934 1933 2015
f 1933 1919 2015
f 1933 2033 1919
f 2033 2034 1919
f 2033 2035 2034
f 1911 2036 1910
f 2036 2032 1910
f 2036 2037 2032
f 2037 1905 2032
f 2037 2038 1905
f 2038 1904 1905
f 2038 2039 1904
f 1985 1987 2028
f 1987 1915 2028
f 1987 1988 1915
f 1988 1914 1915
f 1988 1993 1914
f 1993 1912 1914
f 1993 1994 1912
f 1994 1911 1912
f 1994 1999 1911
f 1999 2036 1911
f 1999 2002 2036
f 2002 2037 2036
f 2002 2007 2037
f 2007 2038 2037
f 2007 2011 2038
f 2011 2039 2038
f 2011 2013 2039
f 1205 1954 1216
f 1954 1952 1216
f 1954 2040 1952
f 2040 1953 1952
f 2040 2041 1953
f 2041 2042 1953
f 2041 2043 2042
f 2043 2044 2042
f 2043 2045 2044
f 2045 2046 2044
f 2045 2047 2046
f 2047 2048 2046
f 2047 2049 2048
f 2049 2050 2048
f 2049 1909 2050
f 1909 2051 2050
f 1909 1907 2051
f 1907 2052 2051
f 1907 1906 2052
f 1906 2053 2052
f 1906 1904 2053
f 1904 2054 2053
f 1904 2039 2054
f 2035 2056 2055
f 2056 2057 2055
f 2056 2058 2057
f 2058 2059 2057
f 2058 2060 2059
f 2060 2061 2059
f 2060 2062 2061
f 2062 2063 2061
f 2062 2064 2063
f 2064 2065 2063
f 2064 2066 2065
f 2066 2067 2065
f 2066 2068 2067
f 2068 2069 2067
f 2068 1950 2069
f 1950 1951 2069
f 1950 1223 1951
f 1223 1221 1951
f 1918 1919 2014
f 1919 2013 2014
f 1919 2034 2013
f 2034 2039 2013
f 2034 2035 2039
f 2035 2054 2039
f 2035 2055 2054
f 2055 2053 2054
f 2055 2057 2053
f 2057 2052 2053
f 2057 2059 2052
f 2059 2051 2052
f 2059 2061 2051
f 2061 2050 2051
f 2061 2063 2050
f 2063 2048 2050
f 2063 2065 2048
f 2065 2046 2048
f 2065 2067 2046
f 2067 2044 2046
f 2067 2069 2044
f 2069 2042 2044
f 2069 1951 2042
f 1951 1953 2042
f 1951 1212 1953
f 1212 1213 1953
f 1233 1923 1232
f 1923 1924 1232
f 1923 2070 1924
f 2070 2071 1924
f 2070 2072 2071
f 2072 2073 2071
f 2072 2074 2073
f 2074 2075 2073
f 2074 2076 2075
f 2076 2077 2075
f 2076 2078 2077
f 2078 2079 2077
f 2078 2080 2079
f 2080 2081 2079
f 2080 2082 2081
f 1947 1930 2083
f 1930 1946 2083
f 1930 1929 1946
f 1929 1901 1946
f 1929 1927 1901
f 1927 1903 1901
f 1238 1924 1240
f 1924 1925 1240
f 1924 2071 1925
f 2071 1949 1925
f 2071 2073 1949
f 2073 1930 1949
f 2073 2075 1930
f 2075 1928 1930
f 2075 2077 1928
f 2077 1927 1928
f 2077 2079 1927
f 2079 1903 1927
f 2079 2081 1903
f 2081 1902 1903
f 2081 2082 1902
f 2082 1940 1902
f 2082 1935 1940
f 1935 1942 1940
f 1935 1936 1942
f 1226 1950 1228
f 1950 1234 1228
f 1950 2068 1234
f 2068 1923 1234
f 2068 2066 1923
f 2066 2070 1923
f 2066 2064 2070
f 2064 2072 2070
f 2064 2062 2072
f 2062 2074 2072
f 2062 2060 2074
f 2060 2076 2074
f 2060 2058 2076
f 2058 2078 2076
f 2058 2056 2078
f 2056 2080 2078
f 2056 2035 2080
f 2035 2082 2080
f 2035 2033 2082
f 2033 1935 2082
f 2033 1933 1935
f 1933 1937 1935
f 1933 1931 1937
f 1836 2084 1829
f 2084 1831 1829
f 2084 1922 1831
f 1922 1832 1831
f 1922 1978 1832
f 1978 1673 1832
f 1978 1675 1673
f 1836 1835 2084
f 1835 2085 2084
f 1835 1833 2085
f 1921 1922 1975
f 1922 2086 1975
f 1922 2084 2086
f 2084 2087 2086
f 2084 2085 2087
f 2085 2088 2087
f 2085 1916 2088
f 1771 1916 1849
f 1916 1848 1849
f 1916 2085 1848
f 2085 1847 1848
f 2085 1833 1847
f 1960 1969 1962
f 1969 2089 1962
f 1969 1967 2089
f 1967 2090 2089
f 1967 1971 2090
f 1971 2091 2090
f 1971 2092 2091
f 2092 2093 2091
f 2092 2094 2093
f 2094 2095 2093
f 2094 2096 2095
f 2096 2097 2095
f 2096 2098 2097
f 2098 2022 2097
f 2098 2018 2022
f 2018 2021 2022
f 2018 2019 2021
f 2019 1982 2021
f 2019 1979 1982
f 1979 1984 1982
f 1979 1980 1984
f 2023 2100 2099
f 2100 2101 2099
f 2100 2102 2101
f 2102 2103 2101
f 2102 2104 2103
f 2104 2105 2103
f 2104 2106 2105
f 2106 2107 2105
f 2106 2108 2107
f 2108 2109 2107
f 2108 2110 2109
f 2110 2111 2109
f 2110 2112 2111
f 2112 2113 2111
f 2112 2114 2113
f 2114 2115 2113
f 2114 2116 2115
f 2116 1956 2115
f 2116 1955 1956
f 1955 1203 1956
f 1955 1202 1203
f 2023 2099 2022
f 2099 2097 2022
f 2099 2101 2097
f 2101 2095 2097
f 2101 2103 2095
f 2103 2093 2095
f 2103 2105 2093
f 2105 2091 2093
f 2105 2107 2091
f 2107 2090 2091
f 2107 2109 2090
f 2109 2089 2090
f 2109 2111 2089
f 2111 1962 2089
f 2111 2113 1962
f 2113 1964 1962
f 2113 2115 1964
f 2115 1957 1964
f 2115 1956 1957
f 1956 1194 1957
f 1956 1193 1194
f 1769 2018 1770
f 2018 1916 1770
f 2018 2098 1916
f 2098 2088 1916
f 2098 2096 2088
f 2096 2087 2088
f 2096 2094 2087
f 2094 2086 2087
f 2094 2092 2086
f 2092 1975 2086
f 2092 1971 1975
f 1971 1977 1975
f 1971 1972 1977
f 1983 1985 1982
f 1985 2021 1982
f 1985 2028 2021
f 2028 2023 2021
f 2028 2027 2023
f 2027 2100 2023
f 2027 2026 2100
f 2026 2102 2100
f 2026 2024 2102
f 2024 2104 2102
f 2024 1909 2104
f 1909 2106 2104
f 1909 2049 2106
f 2049 2108 2106
f 2049 2047 2108
f 2047 2110 2108
f 2047 2045 2110
f 2045 2112 2110
f 2045 2043 2112
f 2043 2114 2112
f 2043 2041 2114
f 2041 2116 2114
f 2041 2040 2116
f 2040 1955 2116
f 2040 1954 1955
f 1954 1208 1955
f 1954 1207 1208
f 391 2117 393
f 2117 2118 393
f 2118 395 393
f 2118 2119 395
f 2119 397 395
f 2119 1093 397
f 1093 399 397
f 1093 1021 399
f 1021 2120 399
f 1021 957 2120
f 957 2121 2120
f 957 901 2121
f 901 2122 2121
f 901 895 2122
f 895 2123 2122
f 895 967 2123
f 967 2124 2123
f 967 1055 2124
f 1055 2125 2124
f 1055 1149 2125
f 1149 2126 2125
f 1149 1185 2126
f 1185 2127 2126
f 1185 1186 2127
f 1184 1176 2128
f 1176 2129 2128
f 1176 1177 2129
f 1946 2130 2083
f 863 2131 862
f 2131 391 862
f 2131 2132 391
f 2132 2117 391
f 1184 2128 1183
f 2128 1181 1183
f 2128 2133 1181
f 1181 2133 1180
f 2133 1189 1180
f 2133 2127 1189
f 2127 1188 1189
f 2127 1186 1188
f 1946 1945 2130
f 2130 1945 2134
f 1945 2135 2134
f 1945 1944 2135
f 1944 2136 2135
f 2083 2130 1947
f 2130 1948 1947
f 2130 2137 1948
f 2137 1926 1948
f 2137 2138 1926
f 2138 1160 1926
f 2138 2139 1160
f 2139 1159 1160
f 2139 2129 1159
f 2129 1179 1159
f 2129 1177 1179
f 2140 2141 1932
f 2141 1931 1932
f 2141 2142 1931
f 2142 1937 1931
f 2142 2143 1937
f 2143 1936 1937
f 2143 2144 1936
f 2144 1942 1936
f 2144 2145 1942
f 1942 2145 1941
f 2145 1939 1941
f 2145 2146 1939
f 2146 1938 1939
f 2146 2136 1938
f 2136 1943 1938
f 2136 1944 1943
f 2142 2141 2147
f 2141 2148 2147
f 2141 2140 2148
f 2140 2149 2148
f 392 861 865
f 527 2150 631
f 2150 630 631
f 2150 2151 630
f 635 634 2152
f 634 2151 2152
f 634 632 2151
f 632 630 2151
f 635 2152 637
f 2152 640 637
f 2152 2153 640
f 2153 639 640
f 2153 2154 639
f 404 405 396
f 405 394 396
f 405 407 394
f 407 392 394
f 407 520 392
f 520 861 392
f 2150 527 2155
f 527 2156 2155
f 527 528 2156
f 528 2157 2156
f 528 2158 2157
f 2158 2159 2157
f 2158 2160 2159
f 2160 2161 2159
f 2160 2162 2161
f 2162 2163 2161
f 2162 2164 2163
f 2164 2165 2163
f 2164 603 2165
f 603 2166 2165
f 603 412 2166
f 412 400 2166
f 412 401 400
f 401 398 400
f 401 402 398
f 402 396 398
f 402 408 396
f 408 404 396
f 408 409 404
f 2167 2169 2168
f 2169 2170 2168
f 2170 2171 2168
f 2170 2172 2171
f 2172 2173 2171
f 2172 2174 2173
f 2174 2175 2173
f 2174 2176 2175
f 2176 2177 2175
f 2176 2178 2177
f 2178 2179 2177
f 2179 2180 2177
f 2179 2181 2180
f 2182 2149 2183
f 2180 2181 2184
f 2181 2185 2184
f 2181 639 2185
f 639 2186 2185
f 639 2154 2186
f 2187 2147 2188
f 2147 2182 2188
f 2147 2148 2182
f 2148 2149 2182
f 2169 2167 2189
f 2167 2190 2189
f 2167 2191 2190
f 2191 2192 2190
f 2191 2187 2192
f 2187 2193 2192
f 2187 2188 2193
f 2194 2196 2195
f 2197 2199 2198
f 2200 2202 2201
f 2203 2205 2204
f 2206 2208 2207
f 2170 2209 2172
f 671 2198 673
f 661 663 2210
f 641 2211 622
f 2212 2214 2213
f 2214 765 2213
f 2214 763 765
f 2215 2217 2216
f 2217 2218 2216
f 2219 2221 2220
f 2221 2222 2220
f 763 2214 761
f 2214 760 761
f 2214 2212 760
f 2212 742 760
f 2212 744 742
f 2223 766 768
f 2211 769 771
f 771 772 2211
f 772 622 2211
f 772 621 622
f 647 2224 645
f 2224 644 645
f 2224 642 644
f 656 2225 654
f 2225 653 654
f 2210 2226 661
f 2226 659 661
f 2226 658 659
f 665 2227 664
f 677 2199 678
f 2198 2199 673
f 2199 675 673
f 2199 677 675
f 699 2228 614
f 2228 613 614
f 2228 693 613
f 607 2229 707
f 2229 611 707
f 2229 610 611
f 638 2230 711
f 2230 608 711
f 2230 607 608
f 639 2181 638
f 2181 2230 638
f 2181 2179 2230
f 2179 2231 2230
f 2172 2209 2174
f 2209 2176 2174
f 2209 2231 2176
f 2231 2178 2176
f 2231 2179 2178
f 2170 2169 2209
f 2169 2232 2209
f 2169 2189 2232
f 2189 2190 2232
f 2190 2233 2232
f 2190 2192 2233
f 2233 2192 2234
f 2192 2235 2234
f 2192 2193 2235
f 2193 2188 2235
f 2236 2235 2183
f 2235 2182 2183
f 2235 2188 2182
f 2237 2234 2238
f 2234 2239 2238
f 2234 2235 2239
f 2235 2240 2239
f 2235 2236 2240
f 2206 2204 2208
f 2200 2241 2202
f 2242 2244 2243
f 2244 2245 2243
f 2244 2246 2245
f 2247 2249 2248
f 2249 2250 2248
f 2249 2251 2250
f 2251 2252 2250
f 2251 2242 2252
f 2242 2253 2252
f 2242 2243 2253
f 2247 2254 2249
f 2254 2255 2249
f 2254 2256 2255
f 2256 2257 2255
f 2257 2258 2255
f 2257 2259 2258
f 2259 2260 2258
f 2260 2261 2258
f 2260 2262 2261
f 2262 2263 2261
f 2263 2264 2261
f 2263 2265 2264
f 2266 2268 2267
f 2268 2269 2267
f 2268 2264 2269
f 2264 2270 2269
f 2264 2265 2270
f 2271 2273 2272
f 2274 2276 2275
f 2276 2278 2277
f 2278 2279 2277
f 2278 2280 2279
f 2281 2273 2282
f 2273 2283 2282
f 2273 2271 2283
f 2281 2284 2273
f 2284 2285 2273
f 2284 2280 2285
f 2286 2288 2287
f 2288 2289 2287
f 2288 2290 2289
f 2290 2291 2289
f 2290 2292 2291
f 2292 2293 2291
f 2292 2294 2293
f 2294 2295 2293
f 2294 2296 2295
f 2296 2297 2295
f 2296 2298 2297
f 2299 2300 2286
f 2300 2288 2286
f 2300 2301 2288
f 2301 2290 2288
f 2301 2302 2290
f 2302 2292 2290
f 2302 2303 2292
f 2303 2294 2292
f 2303 2304 2294
f 2304 2296 2294
f 2304 2305 2296
f 2305 2298 2296
f 2305 2306 2298
f 2244 2242 2299
f 2242 2300 2299
f 2242 2251 2300
f 2251 2301 2300
f 2251 2249 2301
f 2249 2302 2301
f 2249 2255 2302
f 2255 2303 2302
f 2255 2258 2303
f 2258 2304 2303
f 2258 2261 2304
f 2261 2305 2304
f 2261 2264 2305
f 2264 2306 2305
f 2264 2268 2306
f 2307 2308 2196
f 2308 2195 2196
f 2308 2309 2195
f 2310 2312 2311
f 2312 2313 2311
f 2312 2314 2313
f 2310 2311 2315
f 2311 2287 2315
f 2311 2316 2287
f 2316 2286 2287
f 2316 2317 2286
f 2317 2299 2286
f 2317 2318 2299
f 2318 2244 2299
f 2318 2202 2244
f 2202 2246 2244
f 2202 2241 2246
f 671 693 2198
f 693 2197 2198
f 693 2228 2197
f 2228 2319 2197
f 2228 699 2319
f 2204 2205 2208
f 2205 2320 2208
f 2205 2321 2320
f 2321 2322 2320
f 2321 2323 2322
f 2323 2324 2322
f 2323 2325 2324
f 2325 2326 2324
f 2325 2327 2326
f 2327 2229 2326
f 2327 2319 2229
f 2319 610 2229
f 2319 699 610
f 607 2230 2229
f 2230 2326 2229
f 2230 2231 2326
f 2231 2324 2326
f 2231 2209 2324
f 2209 2322 2324
f 2209 2232 2322
f 2232 2320 2322
f 2232 2233 2320
f 2233 2208 2320
f 2233 2234 2208
f 2234 2207 2208
f 2234 2237 2207
f 2199 2197 2314
f 2197 2313 2314
f 2197 2319 2313
f 2319 2311 2313
f 2319 2327 2311
f 2327 2316 2311
f 2327 2325 2316
f 2325 2317 2316
f 2325 2323 2317
f 2323 2318 2317
f 2323 2321 2318
f 2321 2202 2318
f 2321 2205 2202
f 2205 2201 2202
f 2205 2203 2201
f 642 2224 641
f 2224 2211 641
f 2224 2223 2211
f 2223 769 2211
f 2223 768 769
f 653 2225 647
f 2225 2224 647
f 2225 2328 2224
f 2328 2223 2224
f 2328 2213 2223
f 2213 766 2223
f 2213 765 766
f 658 2226 656
f 2226 2225 656
f 2226 2329 2225
f 2329 2328 2225
f 2329 2330 2328
f 2330 2213 2328
f 2330 2331 2213
f 2331 2212 2213
f 2331 2332 2212
f 2332 744 2212
f 2332 2333 744
f 2334 2336 2335
f 2336 2217 2335
f 2336 2219 2217
f 2219 2218 2217
f 2219 2220 2218
f 2334 2335 2337
f 2335 2338 2337
f 2335 2274 2338
f 2274 2339 2338
f 2274 2275 2339
f 2274 2335 2340
f 2335 2332 2340
f 2335 2217 2332
f 2217 2333 2332
f 2217 2215 2333
f 2341 2342 2309
f 2342 2195 2309
f 2342 2343 2195
f 2343 2194 2195
f 2343 2344 2194
f 2345 2347 2346
f 2347 2348 2346
f 2347 2349 2348
f 2349 2350 2348
f 2349 2351 2350
f 2351 2352 2350
f 2352 2351 2341
f 2351 2342 2341
f 2351 2349 2342
f 2349 2343 2342
f 2349 2347 2343
f 2347 2344 2343
f 2347 2345 2344
f 2276 2274 2278
f 2274 2353 2278
f 2274 2340 2353
f 2340 2354 2353
f 2340 2332 2354
f 2332 2355 2354
f 2332 2331 2355
f 2331 2356 2355
f 2331 2330 2356
f 2330 2357 2356
f 2330 2329 2357
f 2329 2358 2357
f 2329 2226 2358
f 2226 2227 2358
f 2226 2210 2227
f 2210 664 2227
f 2210 663 664
f 2280 2278 2285
f 2278 2359 2285
f 2278 2353 2359
f 2353 2360 2359
f 2353 2354 2360
f 2354 2345 2360
f 2354 2355 2345
f 2355 2344 2345
f 2355 2356 2344
f 2356 2194 2344
f 2356 2357 2194
f 2357 2196 2194
f 2357 2358 2196
f 2358 2307 2196
f 2358 2227 2307
f 678 2199 665
f 2199 2227 665
f 2199 2314 2227
f 2314 2307 2227
f 2314 2312 2307
f 2312 2308 2307
f 2312 2310 2308
f 2310 2309 2308
f 2310 2315 2309
f 2315 2341 2309
f 2315 2287 2341
f 2287 2352 2341
f 2287 2289 2352
f 2289 2350 2352
f 2289 2291 2350
f 2291 2348 2350
f 2291 2293 2348
f 2293 2346 2348
f 2293 2295 2346
f 2295 2345 2346
f 2295 2297 2345
f 2297 2360 2345
f 2297 2298 2360
f 2298 2359 2360
f 2298 2306 2359
f 2306 2285 2359
f 2306 2268 2285
f 2268 2273 2285
f 2268 2266 2273
f 2266 2272 2273
f 2361 2333 2215
f 791 2362 792
f 2362 793 792
f 798 2363 799
f 797 2361 798
f 789 787 2333
f 787 744 2333
f 789 2333 791
f 2333 2362 791
f 2333 2361 2362
f 2361 793 2362
f 2361 797 793
f 798 2361 2363
f 2361 2364 2363
f 2361 2365 2364
f 2365 2366 2364
f 2365 2367 2366
f 2367 2368 2366
f 2367 2369 2368
f 2215 2216 2361
f 2216 2365 2361
f 2216 2218 2365
f 2218 2367 2365
f 2218 2220 2367
f 2220 2369 2367
f 2220 2222 2369
f 365 366 2370
f 366 368 2370
f 2371 380 362
f 380 2371 379
f 2371 376 379
f 2371 2370 376
f 2370 370 376
f 2370 368 370
f 2369 363 2368
f 363 2369 362
f 2369 2371 362
f 2369 2222 2371
f 2222 2370 2371
f 809 808 2364
f 808 2363 2364
f 808 799 2363
f 2366 2368 2372
f 2368 2373 2372
f 2368 363 2373
f 820 813 2374
f 813 2375 2374
f 813 812 2375
f 812 2376 2375
f 812 811 2376
f 811 2377 2376
f 811 810 2377
f 810 2372 2377
f 810 809 2372
f 809 2366 2372
f 809 2364 2366
f 825 821 2378
f 821 2379 2378
f 821 820 2379
f 820 2374 2379
f 2378 2380 825
f 2380 832 825
f 2381 2383 2382
f 2384 2381 2385
f 2386 2388 2387
f 2384 2389 2381
f 2389 2383 2381
f 2389 2390 2383
f 2390 2391 2383
f 2390 2392 2391
f 2392 2393 2391
f 2392 2394 2393
f 2394 2395 2393
f 2394 2396 2395
f 2396 2397 2395
f 2396 2398 2397
f 2398 2399 2397
f 2398 2400 2399
f 2400 2401 2399
f 2400 2402 2401
f 2402 2403 2401
f 2402 2404 2403
f 2404 2405 2403
f 2404 2406 2405
f 2406 2407 2405
f 2406 2408 2407
f 2408 2409 2407
f 2408 2410 2409
f 2410 2411 2409
f 2410 2412 2411
f 2412 2413 2411
f 2412 2414 2413
f 2414 2415 2413
f 2414 2416 2415
f 2416 2417 2415
f 2416 2418 2417
f 2418 2419 2417
f 2418 2420 2419
f 2420 2421 2419
f 2420 2422 2421
f 2422 2423 2421
f 2422 2424 2423
f 2424 2425 2423
f 2424 2426 2425
f 2426 2427 2425
f 2426 2428 2427
f 2428 2429 2427
f 2428 2430 2429
f 2430 2431 2429
f 2430 2432 2431
f 2432 2433 2431
f 2432 2434 2433
f 2434 2435 2433
f 2434 2436 2435
f 2436 2437 2435
f 2436 2438 2437
f 2439 2388 2440
f 2388 2438 2440
f 2388 2386 2438
f 2386 2437 2438
f 2441 2443 2442
f 2443 2444 2442
f 2445 2447 2446
f 2441 2442 2448
f 2442 2449 2448
f 2442 2450 2449
f 2414 2412 2451
f 2412 2452 2451
f 2412 2410 2452
f 2410 2453 2452
f 2410 2408 2453
f 2449 2450 2454
f 2450 2455 2454
f 2450 2447 2455
f 2447 2456 2455
f 2447 2445 2456
f 2457 2402 2458
f 2402 2444 2458
f 2402 2400 2444
f 2400 2442 2444
f 2420 2418 2459
f 2418 2460 2459
f 2418 2416 2460
f 2416 2461 2460
f 2416 2414 2461
f 2414 2462 2461
f 2414 2451 2462
f 2426 2424 2463
f 2424 2464 2463
f 2424 2422 2464
f 2422 2465 2464
f 2422 2420 2465
f 2420 2466 2465
f 2420 2459 2466
f 2467 2392 2390
f 2392 2467 2394
f 2467 2396 2394
f 2467 2442 2396
f 2442 2398 2396
f 2442 2400 2398
f 2434 2432 2468
f 2432 2469 2468
f 2432 2430 2469
f 2430 2470 2469
f 2430 2428 2470
f 2428 2471 2470
f 2428 2426 2471
f 2426 2472 2471
f 2426 2463 2472
f 2440 2474 2473
f 2390 2389 2467
f 2389 2475 2467
f 2389 2384 2475
f 2453 2408 2476
f 2408 2477 2476
f 2408 2406 2477
f 2406 2478 2477
f 2406 2404 2478
f 2404 2479 2478
f 2404 2402 2479
f 2402 2480 2479
f 2402 2457 2480
f 2440 2438 2474
f 2438 2481 2474
f 2438 2436 2481
f 2436 2482 2481
f 2436 2434 2482
f 2434 2483 2482
f 2434 2468 2483
f 2467 2475 2484
f 2475 2485 2484
f 2486 2380 2378
f 2380 2486 2487
f 2486 2487 2487
f 2486 2484 2487
f 2484 2488 2487
f 2484 2485 2488
f 2379 2489 2378
f 2489 2486 2378
f 2489 2490 2486
f 2490 2484 2486
f 2490 2442 2484
f 2442 2467 2484
f 2374 2491 2379
f 2491 2489 2379
f 2491 2492 2489
f 2492 2490 2489
f 2492 2450 2490
f 2450 2442 2490
f 2375 2493 2374
f 2493 2491 2374
f 2493 2494 2491
f 2494 2492 2491
f 2494 2447 2492
f 2447 2450 2492
f 2495 2496 2493
f 2496 2494 2493
f 2496 2446 2494
f 2446 2447 2494
f 2495 2493 2377
f 2493 2376 2377
f 2493 2375 2376
f 2497 2499 2498
f 2500 2502 2501
f 2501 2502 389
f 2502 390 389
f 2502 2503 390
f 2503 364 390
f 2503 2373 364
f 2373 363 364
f 2498 2499 2500
f 2499 2502 2500
f 2499 2504 2502
f 2504 2503 2502
f 2504 2372 2503
f 2372 2373 2503
f 2446 2496 2497
f 2496 2499 2497
f 2496 2495 2499
f 2495 2504 2499
f 2495 2377 2504
f 2377 2372 2504
f 2505 2507 2506
f 2501 2508 2500
f 385 2509 384
f 2509 389 384
f 2509 2501 389
f 387 2510 386
f 2510 385 386
f 374 372 2511
f 372 365 2511
f 2446 2497 2512
f 2497 2508 2512
f 2497 2498 2508
f 2498 2500 2508
f 374 2511 388
f 2511 387 388
f 2511 2513 387
f 2513 2510 387
f 2513 2514 2510
f 2514 2515 2510
f 2514 2516 2515
f 2516 2517 2515
f 2516 2518 2517
f 2446 2512 2445
f 2512 2456 2445
f 2512 2519 2456
f 2519 2455 2456
f 2519 2520 2455
f 2501 2509 2508
f 2509 2512 2508
f 2509 2521 2512
f 2521 2519 2512
f 2521 2522 2519
f 2522 2520 2519
f 2522 2523 2520
f 385 2510 2509
f 2510 2521 2509
f 2510 2515 2521
f 2515 2522 2521
f 2515 2517 2522
f 2517 2523 2522
f 2517 2507 2523
f 2507 2517 2506
f 2517 2524 2506
f 2517 2518 2524
f 2525 2527 2526
f 2527 2525 2505
f 2525 2507 2505
f 2525 2528 2507
f 2528 2523 2507
f 2528 2529 2523
f 2529 2520 2523
f 2529 2454 2520
f 2454 2455 2520
f 2530 2531 2526
f 2531 2525 2526
f 2531 2532 2525
f 2532 2528 2525
f 2532 2533 2528
f 2533 2529 2528
f 2533 2449 2529
f 2449 2454 2529
f 2530 2534 2531
f 2535 2537 2536
f 2538 2540 2539
f 2539 2542 2541
f 2538 2536 2540
f 2543 2535 2544
f 2544 2480 2543
f 2539 2540 2542
f 2540 2545 2542
f 2540 2546 2545
f 2546 2547 2545
f 2546 2548 2547
f 2547 2548 2549
f 2548 2550 2549
f 2548 2551 2550
f 2551 2552 2550
f 2551 2553 2552
f 2553 2554 2552
f 2553 2534 2554
f 2534 2555 2554
f 2534 2530 2555
f 2536 2537 2540
f 2537 2546 2540
f 2537 2556 2546
f 2556 2548 2546
f 2556 2557 2548
f 2557 2551 2548
f 2557 2558 2551
f 2558 2553 2551
f 2558 2559 2553
f 2559 2534 2553
f 2559 2560 2534
f 2560 2531 2534
f 2560 2532 2531
f 2535 2543 2537
f 2543 2556 2537
f 2543 2561 2556
f 2561 2557 2556
f 2561 2562 2557
f 2562 2558 2557
f 2562 2563 2558
f 2563 2559 2558
f 2563 2564 2559
f 2564 2560 2559
f 2564 2565 2560
f 2565 2532 2560
f 2565 2533 2532
f 2480 2457 2543
f 2457 2561 2543
f 2457 2458 2561
f 2458 2562 2561
f 2458 2444 2562
f 2444 2563 2562
f 2444 2443 2563
f 2443 2564 2563
f 2443 2441 2564
f 2441 2565 2564
f 2441 2448 2565
f 2448 2533 2565
f 2448 2449 2533
f 2566 2568 2567
f 2569 2571 2570
f 2571 2566 2570
f 2572 2574 2573
f 2574 2575 2573
f 2574 2569 2575
f 2474 2572 2473
f 2566 2571 2568
f 2571 2576 2568
f 2571 2577 2576
f 2577 2578 2576
f 2577 2579 2578
f 2578 2579 2580
f 2579 2581 2580
f 2579 2582 2581
f 2581 2582 2583
f 2582 2584 2583
f 2582 2585 2584
f 2585 2586 2584
f 2585 2587 2586
f 2587 2588 2586
f 2587 2589 2588
f 2588 2589 2590
f 2589 2591 2590
f 2589 2592 2591
f 2592 2593 2591
f 2592 2594 2593
f 2593 2594 2595
f 2594 2596 2595
f 2594 2597 2596
f 2597 2598 2596
f 2597 2599 2598
f 2598 2599 2600
f 2599 2601 2600
f 2599 2602 2601
f 2602 2603 2601
f 2602 2604 2603
f 2603 2604 2605
f 2604 2606 2605
f 2604 2607 2606
f 2607 2608 2606
f 2607 2609 2608
f 2608 2609 2610
f 2609 2611 2610
f 2609 2612 2611
f 2612 2613 2611
f 2612 2614 2613
f 2614 2615 2613
f 2614 2616 2615
f 2617 2616 2618
f 2616 2619 2618
f 2616 2614 2619
f 2617 2618 2620
f 2618 2621 2620
f 2618 2622 2621
f 2622 2623 2621
f 2622 2624 2623
f 2624 2625 2623
f 2624 2626 2625
f 2627 2626 2628
f 2626 2629 2628
f 2626 2624 2629
f 2569 2574 2571
f 2574 2577 2571
f 2574 2630 2577
f 2630 2579 2577
f 2630 2631 2579
f 2631 2582 2579
f 2631 2632 2582
f 2632 2585 2582
f 2632 2633 2585
f 2633 2587 2585
f 2633 2634 2587
f 2634 2589 2587
f 2634 2635 2589
f 2635 2592 2589
f 2635 2636 2592
f 2636 2594 2592
f 2636 2637 2594
f 2637 2597 2594
f 2637 2638 2597
f 2638 2599 2597
f 2638 2639 2599
f 2639 2602 2599
f 2639 2640 2602
f 2640 2604 2602
f 2640 2641 2604
f 2641 2607 2604
f 2641 2642 2607
f 2642 2609 2607
f 2642 2643 2609
f 2643 2612 2609
f 2643 2644 2612
f 2644 2614 2612
f 2644 2645 2614
f 2645 2619 2614
f 2645 2646 2619
f 2646 2618 2619
f 2646 2647 2618
f 2647 2622 2618
f 2647 2648 2622
f 2648 2624 2622
f 2648 2649 2624
f 2649 2629 2624
f 2649 2650 2629
f 2650 2628 2629
f 2650 2651 2628
f 2651 2652 2628
f 2651 2653 2652
f 2541 2654 2539
f 2654 2652 2539
f 2654 2655 2652
f 2655 2628 2652
f 2655 2656 2628
f 2656 2627 2628
f 2539 2652 2538
f 2652 2536 2538
f 2652 2653 2536
f 2653 2535 2536
f 2653 2544 2535
f 2572 2474 2574
f 2474 2630 2574
f 2474 2481 2630
f 2481 2631 2630
f 2481 2482 2631
f 2482 2632 2631
f 2482 2483 2632
f 2483 2633 2632
f 2483 2468 2633
f 2468 2634 2633
f 2468 2469 2634
f 2469 2635 2634
f 2469 2470 2635
f 2470 2636 2635
f 2470 2471 2636
f 2471 2637 2636
f 2471 2472 2637
f 2472 2638 2637
f 2472 2463 2638
f 2463 2639 2638
f 2463 2464 2639
f 2464 2640 2639
f 2464 2465 2640
f 2465 2641 2640
f 2465 2466 2641
f 2466 2642 2641
f 2466 2459 2642
f 2459 2643 2642
f 2459 2460 2643
f 2460 2644 2643
f 2460 2461 2644
f 2461 2645 2644
f 2461 2462 2645
f 2462 2646 2645
f 2462 2451 2646
f 2451 2647 2646
f 2451 2452 2647
f 2452 2648 2647
f 2452 2453 2648
f 2453 2649 2648
f 2453 2476 2649
f 2476 2650 2649
f 2476 2477 2650
f 2477 2651 2650
f 2477 2478 2651
f 2478 2653 2651
f 2478 2479 2653
f 2479 2544 2653
f 2479 2480 2544
f 2657 2654 2541
f 2626 2658 2625
f 2616 2659 2615
f 2606 2660 2605
f 2596 2661 2595
f 2583 2662 2581
f 2662 2663 2581
f 2664 2665 2568
f 2665 2567 2568
f 2665 2666 2567
f 2663 2667 2581
f 2667 2580 2581
f 2667 2668 2580
f 2668 2578 2580
f 2668 2664 2578
f 2664 2576 2578
f 2664 2568 2576
f 2586 2669 2584
f 2583 2584 2662
f 2584 2670 2662
f 2584 2669 2670
f 2590 2671 2588
f 2586 2588 2669
f 2588 2672 2669
f 2588 2671 2672
f 2590 2591 2671
f 2591 2673 2671
f 2591 2593 2673
f 2593 2674 2673
f 2593 2595 2674
f 2595 2675 2674
f 2595 2661 2675
f 2600 2676 2598
f 2596 2598 2661
f 2598 2677 2661
f 2598 2676 2677
f 2600 2601 2676
f 2601 2678 2676
f 2601 2603 2678
f 2603 2679 2678
f 2603 2605 2679
f 2605 2680 2679
f 2605 2660 2680
f 2610 2681 2608
f 2606 2608 2660
f 2608 2682 2660
f 2608 2681 2682
f 2610 2611 2681
f 2611 2683 2681
f 2611 2613 2683
f 2613 2684 2683
f 2613 2615 2684
f 2615 2685 2684
f 2615 2659 2685
f 2620 2686 2617
f 2616 2617 2659
f 2617 2687 2659
f 2617 2686 2687
f 2620 2621 2686
f 2621 2688 2686
f 2621 2623 2688
f 2623 2689 2688
f 2623 2625 2689
f 2625 2690 2689
f 2625 2658 2690
f 2626 2627 2658
f 2627 2691 2658
f 2627 2692 2691
f 2693 2694 2654
f 2694 2655 2654
f 2694 2692 2655
f 2692 2656 2655
f 2692 2627 2656
f 2693 2696 2695
f 2696 2697 2695
f 2696 2698 2697
f 2696 2693 2699
f 2693 2700 2699
f 2693 2701 2700
f 2701 2693 2702
f 2693 2703 2702
f 2693 2654 2703
f 2654 2704 2703
f 2654 2657 2704
f 2705 2707 2706
f 2707 2708 2706
f 2707 2709 2708
f 2709 2710 2708
f 2709 2711 2710
f 2697 2698 2712
f 2698 2709 2712
f 2698 2713 2709
f 2713 2711 2709
f 2714 2716 2715
f 2716 2717 2715
f 2717 2718 2715
f 2717 2719 2718
f 2719 2720 2718
f 2719 2721 2720
f 2721 2722 2720
f 2721 2723 2722
f 2723 2724 2722
f 2723 2705 2724
f 2705 2725 2724
f 2705 2706 2725
f 2726 2728 2727
f 2728 2729 2727
f 2728 2730 2729
f 2730 2731 2729
f 2714 2732 2716
f 2732 2733 2716
f 2732 2731 2733
f 2731 2734 2733
f 2731 2730 2734
f 2735 2737 2736
f 2737 2738 2736
f 2737 2726 2738
f 2726 2739 2738
f 2726 2727 2739
f 2738 2741 2740
f 2742 2744 2743
f 2542 2657 2541
f 2542 2545 2657
f 2549 2745 2547
f 2745 2545 2547
f 2552 2746 2550
f 2746 2549 2550
f 2555 2747 2554
f 2747 2552 2554
f 2748 2750 2749
f 2750 2751 2749
f 2738 2740 2736
f 2740 2752 2736
f 2740 2753 2752
f 2754 2747 2755
f 2747 2530 2755
f 2747 2555 2530
f 2756 2754 2757
f 2754 2758 2757
f 2754 2755 2758
f 2759 2756 2760
f 2756 2761 2760
f 2756 2757 2761
f 2762 2764 2763
f 2764 2765 2763
f 2764 2759 2765
f 2759 2766 2765
f 2759 2760 2766
f 2767 2769 2768
f 2769 2770 2768
f 2769 2762 2770
f 2762 2771 2770
f 2762 2763 2771
f 2545 2745 2657
f 2745 2704 2657
f 2745 2772 2704
f 2772 2703 2704
f 2772 2773 2703
f 2773 2702 2703
f 2773 2774 2702
f 2774 2701 2702
f 2774 2775 2701
f 2775 2700 2701
f 2775 2776 2700
f 2776 2699 2700
f 2776 2777 2699
f 2777 2696 2699
f 2777 2778 2696
f 2778 2698 2696
f 2778 2779 2698
f 2780 2782 2781
f 2782 2783 2781
f 2782 2767 2783
f 2767 2784 2783
f 2767 2768 2784
f 2785 2780 2786
f 2780 2787 2786
f 2780 2781 2787
f 2698 2779 2713
f 2779 2711 2713
f 2779 2788 2711
f 2788 2710 2711
f 2788 2789 2710
f 2789 2708 2710
f 2789 2790 2708
f 2790 2706 2708
f 2790 2791 2706
f 2785 2792 2780
f 2792 2793 2780
f 2792 2794 2793
f 2794 2795 2793
f 2794 2796 2795
f 2796 2797 2795
f 2796 2798 2797
f 2798 2799 2797
f 2798 2800 2799
f 2706 2791 2725
f 2791 2724 2725
f 2791 2801 2724
f 2801 2722 2724
f 2800 2802 2799
f 2802 2803 2799
f 2802 2804 2803
f 2720 2722 2805
f 2722 2806 2805
f 2722 2801 2806
f 2720 2805 2718
f 2805 2715 2718
f 2805 2807 2715
f 2807 2714 2715
f 2807 2808 2714
f 2808 2732 2714
f 2808 2809 2732
f 2810 2812 2811
f 2812 2813 2811
f 2812 2814 2813
f 2814 2815 2813
f 2814 2816 2815
f 2816 2817 2815
f 2816 2818 2817
f 2818 2819 2817
f 2818 2803 2819
f 2803 2820 2819
f 2803 2804 2820
f 2732 2809 2731
f 2809 2729 2731
f 2809 2821 2729
f 2821 2727 2729
f 2821 2741 2727
f 2741 2739 2727
f 2741 2738 2739
f 2549 2746 2745
f 2746 2772 2745
f 2746 2822 2772
f 2822 2773 2772
f 2822 2823 2773
f 2823 2774 2773
f 2823 2824 2774
f 2824 2775 2774
f 2824 2825 2775
f 2825 2776 2775
f 2825 2826 2776
f 2826 2777 2776
f 2826 2827 2777
f 2827 2778 2777
f 2827 2828 2778
f 2828 2779 2778
f 2828 2829 2779
f 2829 2788 2779
f 2829 2830 2788
f 2830 2789 2788
f 2830 2831 2789
f 2831 2790 2789
f 2831 2832 2790
f 2832 2791 2790
f 2832 2833 2791
f 2833 2801 2791
f 2833 2834 2801
f 2834 2806 2801
f 2834 2835 2806
f 2835 2805 2806
f 2835 2836 2805
f 2836 2807 2805
f 2836 2837 2807
f 2837 2808 2807
f 2837 2838 2808
f 2838 2809 2808
f 2838 2839 2809
f 2839 2821 2809
f 2839 2840 2821
f 2840 2741 2821
f 2840 2841 2741
f 2841 2740 2741
f 2841 2744 2740
f 2744 2753 2740
f 2744 2742 2753
f 2552 2747 2746
f 2747 2822 2746
f 2747 2754 2822
f 2754 2823 2822
f 2754 2756 2823
f 2756 2824 2823
f 2756 2759 2824
f 2759 2825 2824
f 2759 2764 2825
f 2764 2826 2825
f 2764 2762 2826
f 2762 2827 2826
f 2762 2769 2827
f 2769 2828 2827
f 2769 2767 2828
f 2767 2829 2828
f 2767 2782 2829
f 2782 2830 2829
f 2782 2780 2830
f 2780 2831 2830
f 2780 2793 2831
f 2793 2832 2831
f 2793 2795 2832
f 2795 2833 2832
f 2795 2797 2833
f 2797 2834 2833
f 2797 2799 2834
f 2799 2835 2834
f 2799 2803 2835
f 2803 2836 2835
f 2803 2818 2836
f 2818 2837 2836
f 2818 2816 2837
f 2816 2838 2837
f 2816 2814 2838
f 2814 2839 2838
f 2814 2812 2839
f 2812 2840 2839
f 2812 2842 2840
f 2842 2841 2840
f 2842 2843 2841
f 2843 2744 2841
f 2843 2750 2744
f 2750 2743 2744
f 2750 2748 2743
f 2810 2844 2812
f 2844 2842 2812
f 2844 2845 2842
f 2845 2843 2842
f 2845 2846 2843
f 2846 2750 2843
f 2846 2847 2750
f 2847 2751 2750
f 2847 2848 2751
f 2848 2849 2751
f 2849 2749 2751
f 2849 2850 2749
f 2850 2748 2749
f 2850 2851 2748
f 2851 2743 2748
f 2851 2852 2743
f 2566 2854 2853
f 2743 2852 2742
f 2852 2753 2742
f 2852 2855 2753
f 2855 2752 2753
f 2855 2856 2752
f 2856 2736 2752
f 2856 2857 2736
f 2857 2735 2736
f 2857 2858 2735
f 2858 2859 2735
f 2858 2860 2859
f 2860 2861 2859
f 2860 2862 2861
f 2862 2863 2861
f 2862 2864 2863
f 2864 2865 2863
f 2864 2866 2865
f 2866 2666 2865
f 2866 2854 2666
f 2854 2567 2666
f 2854 2566 2567
f 2566 2853 2570
f 2853 2569 2570
f 2853 2867 2569
f 2569 2867 2575
f 2867 2573 2575
f 2867 2868 2573
f 2868 2572 2573
f 2868 2869 2572
f 2869 2473 2572
f 2869 2439 2473
f 2439 2440 2473
f 2870 2872 2871
f 2872 2873 2871
f 2872 2874 2873
f 2875 2877 2876
f 2877 2878 2876
f 2877 2879 2878
f 2879 2880 2878
f 2873 2874 2881
f 2874 2882 2881
f 2874 2883 2882
f 2883 2884 2882
f 2883 2885 2884
f 2885 2886 2884
f 2885 2880 2886
f 2880 2887 2886
f 2880 2879 2887
f 357 359 2888
f 359 2889 2888
f 359 361 2889
f 361 2870 2889
f 361 2890 2870
f 2890 2872 2870
f 2877 2875 2891
f 2875 2892 2891
f 2875 2893 2892
f 2893 2894 2892
f 2849 2848 2895
f 2848 2896 2895
f 2848 2894 2896
f 2894 2897 2896
f 2894 2893 2897
f 2898 2900 2899
f 2901 2903 2902
f 2904 2906 2905
f 2907 2909 2908
f 2758 2910 2757
f 2761 2911 2760
f 2784 2912 2783
f 2847 2894 2848
f 2810 2913 2844
f 2913 2845 2844
f 2913 2846 2845
f 2811 2914 2810
f 2914 2913 2810
f 2914 2915 2913
f 2915 2916 2913
f 2817 2914 2815
f 2914 2813 2815
f 2914 2811 2813
f 2917 2914 2820
f 2914 2819 2820
f 2914 2817 2819
f 2796 2918 2798
f 2918 2800 2798
f 2918 2919 2800
f 2919 2802 2800
f 2919 2804 2802
f 2920 2918 2792
f 2918 2794 2792
f 2918 2796 2794
f 2783 2912 2781
f 2912 2787 2781
f 2912 2786 2787
f 2771 2921 2770
f 2921 2768 2770
f 2768 2921 2784
f 2921 2912 2784
f 2921 2922 2912
f 2922 2786 2912
f 2922 2920 2786
f 2920 2785 2786
f 2920 2792 2785
f 2766 2923 2765
f 2923 2763 2765
f 2526 2755 2530
f 2755 2526 2758
f 2526 2910 2758
f 2526 2527 2910
f 2527 2505 2910
f 2524 2924 2506
f 2924 2505 2506
f 2924 2925 2505
f 2514 2926 2516
f 2926 2518 2516
f 2927 2513 2511
f 2370 2928 365
f 2370 2222 2928
f 2929 2283 2271
f 2929 2931 2930
f 2931 2932 2930
f 2931 2933 2932
f 2933 2934 2932
f 2935 2937 2936
f 2938 2935 2939
f 2935 2940 2939
f 2935 2936 2940
f 2909 2941 2908
f 2908 2941 2942
f 2941 2943 2942
f 2941 2938 2943
f 2938 2944 2943
f 2938 2939 2944
f 2907 2945 2909
f 2945 2946 2909
f 2945 2947 2946
f 2947 2948 2946
f 2948 2949 2946
f 2948 2950 2949
f 2951 2953 2952
f 2953 2951 2954
f 2951 2955 2954
f 2951 2949 2955
f 2949 2956 2955
f 2949 2950 2956
f 2957 2959 2958
f 2959 2960 2958
f 2959 2952 2960
f 2952 2961 2960
f 2952 2953 2961
f 2888 2889 2962
f 2889 2963 2962
f 2889 2870 2963
f 2964 2963 2873
f 2963 2871 2873
f 2963 2870 2871
f 2965 2881 2882
f 2879 2966 2887
f 2966 2886 2887
f 2966 2884 2886
f 2916 2877 2891
f 2891 2892 2916
f 2892 2913 2916
f 2892 2894 2913
f 2894 2846 2913
f 2894 2847 2846
f 2275 2276 2967
f 2276 2968 2967
f 2276 2277 2968
f 2277 2279 2968
f 2279 2969 2968
f 2279 2280 2969
f 2281 2930 2284
f 2930 2280 2284
f 2930 2932 2280
f 2932 2969 2280
f 2932 2970 2969
f 2929 2930 2283
f 2930 2282 2283
f 2930 2281 2282
f 2971 2972 2899
f 2972 2898 2899
f 2972 2973 2898
f 2973 2974 2898
f 2973 2975 2974
f 2975 2976 2974
f 2975 2977 2976
f 2977 2978 2976
f 2977 2979 2978
f 2979 2980 2978
f 2979 2981 2980
f 2982 2983 2971
f 2983 2972 2971
f 2983 2984 2972
f 2984 2973 2972
f 2984 2985 2973
f 2985 2975 2973
f 2985 2986 2975
f 2986 2977 2975
f 2986 2987 2977
f 2987 2979 2977
f 2987 2988 2979
f 2988 2981 2979
f 2988 2989 2981
f 2935 2938 2982
f 2938 2983 2982
f 2938 2941 2983
f 2941 2984 2983
f 2941 2909 2984
f 2909 2985 2984
f 2909 2946 2985
f 2946 2986 2985
f 2946 2949 2986
f 2949 2987 2986
f 2949 2951 2987
f 2951 2988 2987
f 2951 2952 2988
f 2952 2989 2988
f 2952 2959 2989
f 2902 2903 2904
f 2903 2906 2904
f 2903 2990 2906
f 2990 2991 2906
f 2990 2992 2991
f 2992 2993 2991
f 2992 2994 2993
f 2994 2995 2993
f 2994 2996 2995
f 2996 2997 2995
f 2996 2998 2997
f 2998 2999 2997
f 2998 3000 2999
f 2996 2994 3001
f 2994 3002 3001
f 2994 2992 3002
f 2992 3003 3002
f 2992 2990 3003
f 2990 2964 3003
f 2990 2903 2964
f 2903 2963 2964
f 2903 2901 2963
f 2901 2962 2963
f 2760 2911 2766
f 2911 2923 2766
f 2911 3004 2923
f 3004 3005 2923
f 3004 3006 3005
f 3006 3007 3005
f 3006 3008 3007
f 3008 3009 3007
f 3008 3010 3009
f 3010 3011 3009
f 3010 3012 3011
f 3012 2917 3011
f 3012 3013 2917
f 3013 2914 2917
f 3013 3014 2914
f 3014 2915 2914
f 3014 3015 2915
f 3015 2916 2915
f 3015 2966 2916
f 2966 2877 2916
f 2966 2879 2877
f 2763 2923 2771
f 2923 2921 2771
f 2923 3005 2921
f 3005 2922 2921
f 3005 3007 2922
f 3007 2920 2922
f 3007 3009 2920
f 3009 2918 2920
f 3009 3011 2918
f 3011 2919 2918
f 3011 2917 2919
f 2917 2804 2919
f 2917 2820 2804
f 2336 2928 2219
f 2928 2221 2219
f 2928 2222 2221
f 2970 3016 2969
f 3016 2968 2969
f 3016 3017 2968
f 3017 2967 2968
f 3017 3018 2967
f 3018 3019 2967
f 3018 3020 3019
f 2275 2967 2339
f 2967 2338 2339
f 2967 3019 2338
f 3019 2337 2338
f 3019 2334 2337
f 3021 3023 3022
f 3023 3024 3022
f 3023 3025 3024
f 3025 3026 3024
f 3025 3027 3026
f 3027 2927 3026
f 3027 2926 2927
f 2926 2513 2927
f 2926 2514 2513
f 2505 2925 2910
f 2925 3028 2910
f 2925 3029 3028
f 3029 3030 3028
f 3029 3031 3030
f 3031 3032 3030
f 3031 3033 3032
f 3033 3034 3032
f 3033 3000 3034
f 3000 3035 3034
f 3000 2998 3035
f 2998 3036 3035
f 2998 2996 3036
f 2996 3037 3036
f 2996 3001 3037
f 3001 3038 3037
f 3001 3002 3038
f 3002 3039 3038
f 3002 3003 3039
f 3003 2965 3039
f 3003 2964 2965
f 2964 2881 2965
f 2964 2873 2881
f 3021 3041 3040
f 3021 3022 3041
f 3022 3042 3041
f 3022 3024 3042
f 3024 3043 3042
f 3024 3026 3043
f 3026 2928 3043
f 3026 2927 2928
f 2927 365 2928
f 2927 2511 365
f 2999 3000 3040
f 3000 3021 3040
f 3000 3033 3021
f 3033 3023 3021
f 3033 3031 3023
f 3031 3025 3023
f 3031 3029 3025
f 3029 3027 3025
f 3029 2925 3027
f 2925 2926 3027
f 2925 2924 2926
f 2924 2518 2926
f 2924 2524 2518
f 2934 2937 2932
f 2937 2970 2932
f 2937 2935 2970
f 2935 3016 2970
f 2935 2982 3016
f 2982 3017 3016
f 2982 2971 3017
f 2971 3018 3017
f 2971 2899 3018
f 2899 3020 3018
f 2899 2900 3020
f 2757 2910 2761
f 2910 2911 2761
f 2910 3028 2911
f 3028 3004 2911
f 3028 3030 3004
f 3030 3006 3004
f 3030 3032 3006
f 3032 3008 3006
f 3032 3034 3008
f 3034 3010 3008
f 3034 3035 3010
f 3035 3012 3010
f 3035 3036 3012
f 3036 3013 3012
f 3036 3037 3013
f 3037 3014 3013
f 3037 3038 3014
f 3038 3015 3014
f 3038 3039 3015
f 3039 2966 3015
f 3039 2965 2966
f 2965 2884 2966
f 2965 2882 2884
f 2334 3019 2336
f 3019 2928 2336
f 3019 3020 2928
f 3020 3043 2928
f 3020 2900 3043
f 2900 3042 3043
f 2900 2898 3042
f 2898 3041 3042
f 2898 2974 3041
f 2974 3040 3041
f 2974 2976 3040
f 2976 2999 3040
f 2976 2978 2999
f 2978 2997 2999
f 2978 2980 2997
f 2980 2995 2997
f 2980 2981 2995
f 2981 2993 2995
f 2981 2989 2993
f 2989 2991 2993
f 2989 2959 2991
f 2959 2906 2991
f 2959 2957 2906
f 2957 2905 2906
f 2962 356 2888
f 356 357 2888
f 2149 2140 2183
f 2140 2236 2183
f 1932 1934 2140
f 1934 2236 2140
f 1934 2015 2236
f 2015 2240 2236
f 2015 1917 2240
f 1917 2239 2240
f 1917 1918 2239
f 2239 1918 2238
f 1918 2237 2238
f 1918 2014 2237
f 356 2962 1718
f 2962 1719 1718
f 2962 2901 1719
f 2901 1720 1719
f 2901 2902 1720
f 2902 1717 1720
f 2902 2904 1717
f 2904 1726 1717
f 2904 2905 1726
f 2905 1725 1726
f 2905 2957 1725
f 2957 1724 1725
f 2957 2958 1724
f 2958 1722 1724
f 2958 2960 1722
f 2960 1721 1722
f 2960 2961 1721
f 2961 1733 1721
f 2961 2953 1733
f 2953 1731 1733
f 2953 2954 1731
f 2954 1730 1731
f 2954 2955 1730
f 2955 1729 1730
f 2955 2956 1729
f 2956 1739 1729
f 2956 2950 1739
f 2950 1738 1739
f 2950 2948 1738
f 2948 1737 1738
f 2948 2947 1737
f 2947 1736 1737
f 2947 2945 1736
f 2945 2907 1736
f 2936 2937 1751
f 2937 1754 1751
f 2937 2934 1754
f 2934 1753 1754
f 2934 2933 1753
f 2237 2014 2207
f 2014 2206 2207
f 2014 2012 2206
f 2012 2204 2206
f 2012 2010 2204
f 2010 2203 2204
f 2010 2005 2203
f 2005 2201 2203
f 2005 2006 2201
f 2006 2200 2201
f 2006 2008 2200
f 2008 2241 2200
f 2008 2009 2241
f 2009 2246 2241
f 2009 2003 2246
f 2003 2245 2246
f 2003 2004 2245
f 2004 2243 2245
f 2004 2000 2243
f 2000 2253 2243
f 2000 2001 2253
f 2001 2252 2253
f 2001 1995 2252
f 1995 2250 2252
f 1995 1996 2250
f 1996 2248 2250
f 1996 1997 2248
f 1997 2247 2248
f 1997 1998 2247
f 1998 2254 2247
f 1998 1989 2254
f 1989 2256 2254
f 1989 1990 2256
f 1990 2257 2256
f 1990 1991 2257
f 1991 2259 2257
f 1991 1992 2259
f 1736 2907 1743
f 2907 1742 1743
f 2907 2908 1742
f 2908 1740 1742
f 2908 2942 1740
f 2942 1659 1740
f 2942 2943 1659
f 2943 1658 1659
f 2943 2944 1658
f 2944 1744 1658
f 2944 2939 1744
f 2939 1746 1744
f 2939 2940 1746
f 2940 1748 1746
f 2940 2936 1748
f 2936 1749 1748
f 2936 1751 1749
f 2259 1992 2260
f 1992 2262 2260
f 1992 1986 2262
f 1986 2263 2262
f 1986 1983 2263
f 1983 2265 2263
f 1983 1984 2265
f 2265 1984 2270
f 1984 2269 2270
f 1984 1980 2269
f 1980 2267 2269
f 1980 1981 2267
f 1981 2266 2267
f 1981 2020 2266
f 2020 2272 2266
f 2020 1776 2272
f 1776 2271 2272
f 1776 1755 2271
f 1755 2929 2271
f 1755 1756 2929
f 1756 2931 2929
f 1756 1758 2931
f 1758 2933 2931
f 1758 1759 2933
f 1759 1753 2933
f 360 1661 3044
f 2388 3045 2387
f 3045 3046 2387
f 3045 3047 3046
f 3047 3048 3046
f 3047 3049 3048
f 3049 3050 3048
f 3049 3051 3050
f 1563 1565 3052
f 1565 3053 3052
f 1565 1566 3053
f 1566 1558 3053
f 1558 1559 3053
f 1559 3054 3053
f 1559 1561 3054
f 1561 1557 3054
f 1557 3055 3054
f 1557 1556 3055
f 3056 1664 3057
f 3050 3051 3058
f 3051 3059 3058
f 3051 3060 3059
f 3060 1521 3059
f 3060 3061 1521
f 3061 1520 1521
f 3061 3062 1520
f 3062 1333 1520
f 3062 3063 1333
f 3063 1279 1333
f 3063 3064 1279
f 3064 1272 1279
f 3064 3065 1272
f 3065 1395 1272
f 3065 3066 1395
f 3066 1522 1395
f 3066 3055 1522
f 3055 1555 1522
f 3055 1556 1555
f 3067 3068 1709
f 3068 1708 1709
f 3068 3069 1708
f 3069 1710 1708
f 3069 3057 1710
f 3057 1665 1710
f 3057 1664 1665
f 1563 3052 1562
f 3052 1569 1562
f 3052 3070 1569
f 3070 1568 1569
f 3070 3071 1568
f 3071 1702 1568
f 3071 3072 1702
f 3072 1706 1702
f 3072 3067 1706
f 3067 1705 1706
f 3067 1709 1705
f 3056 3073 1664
f 3073 1715 1664
f 3073 3074 1715
f 1715 3074 1714
f 3074 1713 1714
f 3074 3075 1713
f 3075 1712 1713
f 3075 3076 1712
f 3076 1789 1712
f 3076 3044 1789
f 3044 1662 1789
f 3044 1661 1662
f 360 358 1661
f 358 1718 1661
f 358 356 1718
f 3077 3079 3078
f 3077 3080 3079
f 3081 3083 3082
f 3083 3080 3082
f 3083 3084 3080
f 3084 3079 3080
f 3085 3087 3086
f 3085 3088 3087
f 3088 3089 3087
f 3088 3090 3089
f 3090 3091 3089
f 3090 3092 3091
f 3092 3093 3091
f 3092 3094 3093
f 3079 3095 3078
f 3095 3096 3078
f 3095 3097 3096
f 3097 3098 3096
f 3097 3099 3098
f 3099 3094 3098
f 3099 3100 3094
f 3100 3093 3094
f 3087 3101 3086
f 3101 3102 3086
f 3101 3103 3102
f 3103 3104 3102
f 3105 3107 3106
f 3103 3108 3104
f 3108 3109 3104
f 3108 3110 3109
f 3109 3110 3111
f 3110 3112 3111
f 3110 3113 3112
f 3113 3114 3112
f 3113 3115 3114
f 3107 3105 3116
f 3105 3117 3116
f 3105 3118 3117
f 3118 3119 3117
f 3118 3120 3119
f 3120 3121 3119
f 3120 3122 3121
f 3122 3115 3121
f 3122 3123 3115
f 3123 3114 3115
f 3124 3125 3107
f 3125 3106 3107
f 3126 3128 3127
f 3128 3129 3127
f 3128 3130 3129
f 3130 3131 3129
f 3132 3134 3133
f 3135 3137 3136
f 3137 3138 3136
f 3137 3139 3138
f 3134 3132 3140
f 3132 3141 3140
f 3132 3142 3141
f 3142 3143 3141
f 3142 3126 3143
f 3126 3127 3143
f 3138 3139 3144
f 3139 3145 3144
f 3139 3146 3145
f 3146 3147 3145
f 3146 3148 3147
f 3148 3134 3147
f 3148 3149 3134
f 3149 3133 3134
f 3150 3152 3151
f 3152 3153 3151
f 3152 3135 3153
f 3135 3136 3153
f 3151 3154 3150
f 3154 3155 3150
f 3154 3156 3155
f 3156 3157 3155
f 3157 3158 3155
f 3157 3159 3158
f 3159 3160 3158
f 3159 3161 3160
f 3161 3162 3160
f 3161 3163 3162
f 3163 3164 3162
f 3163 3165 3164
f 3165 3166 3164
f 3165 3167 3166
f 3167 3168 3166
f 3167 3169 3168
f 3169 3170 3168
f 3169 3171 3170
f 3171 3172 3170
f 3171 3173 3172
f 3173 3174 3172
f 3173 3175 3174
f 3176 3178 3177
f 3179 3181 3180
f 3179 3182 3181
f 3182 3183 3181
f 3182 3184 3183
f 3184 3185 3183
f 3184 3186 3185
f 3186 3187 3185
f 3186 3188 3187
f 3188 3189 3187
f 3188 3190 3189
f 3189 3190 3191
f 3190 3192 3191
f 3190 3193 3192
f 3193 3194 3192
f 3193 3195 3194
f 3195 3196 3194
f 3196 3197 3194
f 3196 3198 3197
f 3198 3199 3197
f 3198 3200 3199
f 3200 3201 3199
f 3200 3202 3201
f 3201 3202 3203
f 3202 3204 3203
f 3202 3205 3204
f 3205 3206 3204
f 3206 3207 3204
f 3206 3208 3207
f 3208 3209 3207
f 3208 3210 3209
f 3211 3213 3212
f 3213 3210 3212
f 3210 3214 3212
f 3210 3208 3214
f 3213 3211 3215
f 3211 3216 3215
f 3211 3217 3216
f 3217 3218 3216
f 3218 3219 3216
f 3218 3220 3219
f 3219 3220 3221
f 3220 3222 3221
f 3220 3223 3222
f 3223 3224 3222
f 3222 3224 3225
f 3224 3226 3225
f 3224 3227 3226
f 3227 3228 3226
f 3227 3229 3228
f 3230 3232 3231
f 3232 3233 3231
f 3229 3234 3228
f 3234 3235 3228
f 3234 3236 3235
f 3236 3237 3235
f 3236 3238 3237
f 3238 3239 3237
f 3238 3233 3239
f 3233 3240 3239
f 3233 3232 3240
f 3178 3241 3177
f 3241 3242 3177
f 3241 3243 3242
f 3243 3244 3242
f 3243 3230 3244
f 3230 3245 3244
f 3230 3231 3245
f 3246 3176 3247
f 3248 3250 3249
f 3248 3251 3250
f 3178 3176 3252
f 3176 3253 3252
f 3176 3246 3253
f 3246 3250 3253
f 3246 3254 3250
f 3254 3249 3250
f 3250 3251 3255
f 3251 3256 3255
f 3251 3257 3256
f 3257 3258 3256
f 3257 3259 3258
f 3259 3260 3258
f 3258 3260 3261
f 3260 3262 3261
f 3260 3263 3262
f 3263 3264 3262
f 3263 3265 3264
f 3265 3266 3264
f 3266 3267 3264
f 3267 3268 3264
f 3267 3269 3268
f 3269 3270 3268
f 3269 3271 3270
f 3272 3274 3273
f 3274 3275 3273
f 3274 3276 3275
f 3271 3275 3270
f 3275 3277 3270
f 3275 3276 3277
f 3278 3280 3279
f 3280 3281 3279
f 3280 3282 3281
f 3282 3283 3281
f 3282 3284 3283
f 3284 3285 3283
f 3284 3286 3285
f 3286 3287 3285
f 3286 3288 3287
f 3288 3289 3287
f 3288 3272 3289
f 3272 3290 3289
f 3272 3273 3290
f 3291 3293 3292
f 3294 3296 3295
f 3297 3299 3298
f 3247 3300 3246
f 3300 3301 3246
f 3300 3302 3301
f 3302 3303 3301
f 3304 3306 3305
f 3306 3307 3305
f 3306 3308 3307
f 3309 3311 3310
f 3311 3294 3310
f 3292 3313 3312
f 3313 3314 3312
f 3313 3309 3314
f 3315 3293 3281
f 3293 3279 3281
f 3293 3291 3279
f 3294 3311 3296
f 3311 3316 3296
f 3311 3317 3316
f 3317 3318 3316
f 3317 3319 3318
f 3318 3319 3320
f 3319 3321 3320
f 3319 3322 3321
f 3322 3323 3321
f 3322 3324 3323
f 3273 3325 3290
f 3325 3289 3290
f 3325 3326 3289
f 3326 3287 3289
f 3326 3327 3287
f 3327 3285 3287
f 3327 3315 3285
f 3315 3283 3285
f 3315 3281 3283
f 3328 3324 3329
f 3324 3330 3329
f 3324 3322 3330
f 3273 3275 3325
f 3275 3331 3325
f 3275 3332 3331
f 3328 3329 3333
f 3329 3334 3333
f 3329 3335 3334
f 3335 3336 3334
f 3335 3337 3336
f 3336 3337 3338
f 3337 3339 3338
f 3337 3340 3339
f 3340 3341 3339
f 3340 3342 3341
f 3342 3343 3341
f 3344 3345 3266
f 3345 3267 3266
f 3345 3346 3267
f 3346 3269 3267
f 3346 3332 3269
f 3332 3271 3269
f 3332 3275 3271
f 3343 3342 3347
f 3342 3348 3347
f 3342 3349 3348
f 3348 3349 3350
f 3349 3351 3350
f 3349 3352 3351
f 3353 3354 3260
f 3354 3263 3260
f 3354 3344 3263
f 3344 3265 3263
f 3344 3266 3265
f 3351 3352 3355
f 3352 3356 3355
f 3352 3357 3356
f 3357 3358 3356
f 3357 3359 3358
f 3358 3359 3360
f 3359 3361 3360
f 3359 3362 3361
f 3362 3363 3361
f 3362 3306 3363
f 3306 3364 3363
f 3306 3304 3364
f 3309 3313 3311
f 3313 3317 3311
f 3313 3365 3317
f 3365 3319 3317
f 3365 3366 3319
f 3366 3322 3319
f 3366 3367 3322
f 3367 3330 3322
f 3367 3368 3330
f 3368 3329 3330
f 3368 3369 3329
f 3369 3335 3329
f 3369 3370 3335
f 3370 3337 3335
f 3370 3371 3337
f 3371 3340 3337
f 3371 3372 3340
f 3372 3342 3340
f 3372 3373 3342
f 3373 3349 3342
f 3373 3374 3349
f 3374 3352 3349
f 3374 3375 3352
f 3375 3357 3352
f 3375 3376 3357
f 3376 3359 3357
f 3376 3377 3359
f 3377 3362 3359
f 3377 3378 3362
f 3378 3306 3362
f 3378 3299 3306
f 3299 3308 3306
f 3299 3297 3308
f 3292 3293 3313
f 3293 3365 3313
f 3293 3315 3365
f 3315 3366 3365
f 3315 3327 3366
f 3327 3367 3366
f 3327 3326 3367
f 3326 3368 3367
f 3326 3325 3368
f 3325 3369 3368
f 3325 3331 3369
f 3331 3370 3369
f 3331 3332 3370
f 3332 3371 3370
f 3332 3346 3371
f 3346 3372 3371
f 3346 3345 3372
f 3345 3373 3372
f 3345 3344 3373
f 3344 3374 3373
f 3344 3354 3374
f 3354 3375 3374
f 3354 3353 3375
f 3353 3376 3375
f 3353 3379 3376
f 3379 3377 3376
f 3379 3380 3377
f 3380 3378 3377
f 3380 3381 3378
f 3381 3299 3378
f 3381 3301 3299
f 3301 3298 3299
f 3301 3303 3298
f 3246 3301 3254
f 3301 3249 3254
f 3301 3381 3249
f 3381 3248 3249
f 3381 3380 3248
f 3380 3251 3248
f 3380 3379 3251
f 3379 3257 3251
f 3379 3353 3257
f 3353 3259 3257
f 3353 3260 3259
f 3382 3384 3383
f 3385 3387 3386
f 3387 3388 3386
f 3387 3389 3388
f 3389 3390 3388
f 3385 3392 3391
f 3392 3393 3391
f 3392 3394 3393
f 3394 3395 3393
f 3394 3396 3395
f 3396 3397 3395
f 3396 3398 3397
f 3398 3399 3397
f 3398 3400 3399
f 3399 3400 3401
f 3400 3402 3401
f 3400 3403 3402
f 3403 3404 3402
f 3403 3405 3404
f 3405 3406 3404
f 3405 3407 3406
f 3385 3386 3392
f 3386 3394 3392
f 3386 3388 3394
f 3388 3396 3394
f 3388 3390 3396
f 3390 3398 3396
f 3390 3408 3398
f 3408 3400 3398
f 3408 3409 3400
f 3409 3403 3400
f 3409 3410 3403
f 3410 3405 3403
f 3410 3411 3405
f 3411 3407 3405
f 3411 3412 3407
f 3413 3412 3414
f 3412 3415 3414
f 3412 3411 3415
f 3411 3416 3415
f 3411 3410 3416
f 3410 3417 3416
f 3410 3409 3417
f 3409 3418 3417
f 3409 3408 3418
f 3408 3419 3418
f 3408 3390 3419
f 3390 3420 3419
f 3390 3389 3420
f 3421 3422 3413
f 3422 3412 3413
f 3422 3384 3412
f 3384 3407 3412
f 3384 3382 3407
f 3382 3406 3407
f 3423 3425 3424
f 3425 3426 3424
f 3425 3427 3426
f 3427 3428 3426
f 3427 3429 3428
f 3429 3430 3428
f 3431 3432 3423
f 3432 3425 3423
f 3432 3433 3425
f 3433 3427 3425
f 3433 3434 3427
f 3434 3429 3427
f 3435 3437 3436
f 3437 3438 3436
f 3437 3439 3438
f 3439 3440 3438
f 3439 3441 3440
f 3441 3442 3440
f 3424 3426 3435
f 3426 3437 3435
f 3426 3428 3437
f 3428 3439 3437
f 3428 3430 3439
f 3430 3441 3439
f 3443 3445 3444
f 3445 3446 3444
f 3445 3447 3446
f 3447 3448 3446
f 3447 3449 3448
f 3449 3450 3448
f 3436 3438 3443
f 3438 3445 3443
f 3438 3440 3445
f 3440 3447 3445
f 3440 3442 3447
f 3442 3449 3447
f 3451 3453 3452
f 3453 3454 3452
f 3453 3455 3454
f 3456 3451 3457
f 3458 3460 3459
f 3461 3463 3462
f 3463 3458 3462
f 3463 3456 3458
f 3456 3460 3458
f 3456 3457 3460
f 3461 3464 3463
f 3464 3465 3463
f 3464 3466 3465
f 3467 3469 3468
f 3469 3470 3468
f 3469 3471 3470
f 3471 3472 3470
f 3471 3466 3472
f 3466 3473 3472
f 3466 3464 3473
f 3467 3474 3469
f 3474 3475 3469
f 3474 3476 3475
f 3477 3479 3478
f 3479 3480 3478
f 3479 3476 3480
f 3476 3481 3480
f 3476 3474 3481
f 3482 3484 3483
f 3484 3485 3483
f 3484 3477 3485
f 3477 3486 3485
f 3477 3478 3486
f 3487 3489 3488
f 3489 3490 3488
f 3489 3482 3490
f 3482 3491 3490
f 3482 3483 3491
f 3492 3494 3493
f 3494 3495 3493
f 3494 3496 3495
f 3496 3497 3495
f 3496 3498 3497
f 3498 3499 3497
f 3498 3487 3499
f 3487 3500 3499
f 3487 3488 3500
f 3492 3501 3494
f 3501 3502 3494
f 3501 3503 3502
f 3451 3456 3453
f 3456 3504 3453
f 3456 3463 3504
f 3463 3505 3504
f 3463 3465 3505
f 3465 3506 3505
f 3465 3466 3506
f 3466 3507 3506
f 3466 3471 3507
f 3471 3508 3507
f 3471 3469 3508
f 3469 3509 3508
f 3469 3475 3509
f 3475 3510 3509
f 3475 3476 3510
f 3476 3511 3510
f 3476 3479 3511
f 3479 3512 3511
f 3479 3477 3512
f 3477 3513 3512
f 3477 3484 3513
f 3484 3514 3513
f 3484 3482 3514
f 3482 3515 3514
f 3482 3489 3515
f 3489 3516 3515
f 3489 3487 3516
f 3487 3517 3516
f 3487 3498 3517
f 3498 3518 3517
f 3498 3496 3518
f 3496 3519 3518
f 3496 3494 3519
f 3494 3520 3519
f 3494 3502 3520
f 3502 3521 3520
f 3502 3503 3521
f 3503 3522 3521
f 3503 3523 3522
f 3523 3524 3522
f 3523 3525 3524
f 3525 3523 3526
f 3523 3527 3526
f 3523 3503 3527
f 3503 3528 3527
f 3503 3501 3528
f 3529 3525 3530
f 3525 3531 3530
f 3525 3526 3531
f 3532 3534 3533
f 3534 3535 3533
f 3524 3525 3535
f 3525 3533 3535
f 3525 3529 3533
f 3529 3532 3533
f 3529 3536 3532
f 3537 3539 3538
f 3539 3537 3534
f 3537 3535 3534
f 3537 3540 3535
f 3540 3524 3535
f 3540 3541 3524
f 3541 3522 3524
f 3541 3542 3522
f 3542 3521 3522
f 3542 3543 3521
f 3543 3520 3521
f 3543 3544 3520
f 3544 3519 3520
f 3544 3545 3519
f 3545 3518 3519
f 3545 3546 3518
f 3546 3517 3518
f 3546 3547 3517
f 3547 3516 3517
f 3547 3548 3516
f 3548 3515 3516
f 3548 3549 3515
f 3549 3514 3515
f 3549 3550 3514
f 3550 3513 3514
f 3550 3551 3513
f 3551 3512 3513
f 3551 3552 3512
f 3552 3511 3512
f 3552 3553 3511
f 3553 3510 3511
f 3553 3554 3510
f 3554 3509 3510
f 3554 3555 3509
f 3555 3508 3509
f 3555 3556 3508
f 3556 3507 3508
f 3556 3557 3507
f 3557 3506 3507
f 3557 3558 3506
f 3558 3505 3506
f 3558 3559 3505
f 3559 3504 3505
f 3559 3560 3504
f 3560 3453 3504
f 3560 3561 3453
f 3561 3455 3453
f 3561 3562 3455
f 3539 3534 3563
f 3534 3564 3563
f 3534 3532 3564
f 3532 3565 3564
f 3532 3566 3565
f 3566 3532 3567
f 3532 3568 3567
f 3532 3536 3568
f 3569 3571 3570
f 3571 3572 3570
f 3571 3573 3572
f 3573 3574 3572
f 3573 3575 3574
f 3575 3576 3574
f 3575 3577 3576
f 3577 3578 3576
f 3577 3579 3578
f 3579 3580 3578
f 3579 3581 3580
f 3581 3582 3580
f 3581 3583 3582
f 3583 3584 3582
f 3582 3584 3585
f 3584 3586 3585
f 3584 3587 3586
f 3587 3588 3586
f 3587 3589 3588
f 3589 3590 3588
f 3589 3591 3590
f 3591 3592 3590
f 3591 3593 3592
f 3593 3594 3592
f 3593 3595 3594
f 3596 3594 3597
f 3594 3598 3597
f 3594 3595 3598
f 3599 3601 3600
f 3601 3597 3600
f 3601 3602 3597
f 3602 3596 3597
f 3603 3605 3604
f 3605 3603 3606
f 3603 3607 3606
f 3603 3608 3607
f 3599 3607 3601
f 3607 3609 3601
f 3607 3608 3609
f 3610 3603 3611
f 3603 3612 3611
f 3603 3604 3612
f 3613 3615 3614
f 3615 3611 3614
f 3615 3616 3611
f 3616 3610 3611
f 3567 3568 3613
f 3568 3615 3613
f 3568 3536 3615
f 3536 3617 3615
f 3536 3529 3617
f 3529 3618 3617
f 3529 3530 3618
f 3530 3619 3618
f 3530 3531 3619
f 3531 3620 3619
f 3531 3526 3620
f 3526 3621 3620
f 3526 3527 3621
f 3527 3622 3621
f 3527 3528 3622
f 3528 3623 3622
f 3528 3501 3623
f 3501 3624 3623
f 3501 3492 3624
f 3492 3625 3624
f 3492 3493 3625
f 3493 3495 3625
f 3625 3495 3626
f 3495 3627 3626
f 3495 3497 3627
f 3497 3628 3627
f 3497 3499 3628
f 3499 3629 3628
f 3499 3500 3629
f 3500 3630 3629
f 3500 3488 3630
f 3488 3490 3630
f 3490 3631 3630
f 3490 3491 3631
f 3631 3491 3632
f 3491 3633 3632
f 3491 3483 3633
f 3483 3634 3633
f 3483 3485 3634
f 3485 3635 3634
f 3485 3486 3635
f 3486 3636 3635
f 3486 3478 3636
f 3478 3637 3636
f 3478 3480 3637
f 3480 3481 3637
f 3637 3481 3638
f 3481 3639 3638
f 3481 3474 3639
f 3474 3640 3639
f 3474 3467 3640
f 3467 3641 3640
f 3467 3468 3641
f 3468 3642 3641
f 3468 3470 3642
f 3470 3643 3642
f 3470 3472 3643
f 3472 3644 3643
f 3472 3473 3644
f 3473 3645 3644
f 3473 3464 3645
f 3464 3646 3645
f 3464 3461 3646
f 3461 3647 3646
f 3461 3462 3647
f 3462 3648 3647
f 3462 3458 3648
f 3458 3649 3648
f 3458 3459 3649
f 3650 3652 3651
f 3653 3655 3654
f 3656 3571 3569
f 3657 3659 3658
f 3659 3660 3658
f 3661 3663 3662
f 3613 3664 3567
f 3665 3667 3666
f 3667 3656 3666
f 3654 3669 3668
f 3669 3670 3668
f 3669 3665 3670
f 3653 3671 3655
f 3672 3674 3673
f 3674 3675 3673
f 3674 3655 3675
f 3655 3676 3675
f 3655 3671 3676
f 3656 3667 3571
f 3667 3573 3571
f 3667 3677 3573
f 3677 3575 3573
f 3677 3678 3575
f 3672 3679 3674
f 3679 3680 3674
f 3679 3681 3680
f 3681 3682 3680
f 3681 3683 3682
f 3683 3684 3682
f 3683 3685 3684
f 3575 3678 3577
f 3678 3579 3577
f 3678 3686 3579
f 3686 3581 3579
f 3686 3687 3581
f 3687 3583 3581
f 3687 3688 3583
f 3688 3584 3583
f 3688 3587 3584
f 3685 3689 3684
f 3689 3690 3684
f 3689 3691 3690
f 3691 3692 3690
f 3691 3693 3692
f 3589 3587 3694
f 3587 3695 3694
f 3587 3688 3695
f 3693 3696 3692
f 3696 3697 3692
f 3696 3698 3697
f 3698 3699 3697
f 3699 3700 3697
f 3699 3701 3700
f 3701 3702 3700
f 3701 3703 3702
f 3589 3694 3591
f 3694 3593 3591
f 3694 3704 3593
f 3704 3595 3593
f 3704 3705 3595
f 3705 3706 3595
f 3595 3706 3598
f 3706 3597 3598
f 3706 3600 3597
f 3707 3709 3708
f 3709 3710 3708
f 3709 3702 3710
f 3702 3711 3710
f 3702 3703 3711
f 3599 3600 3712
f 3600 3713 3712
f 3600 3706 3713
f 3707 3652 3709
f 3652 3714 3709
f 3652 3650 3714
f 3651 3715 3650
f 3715 3716 3650
f 3715 3717 3716
f 3718 3716 3719
f 3716 3720 3719
f 3716 3717 3720
f 3599 3712 3607
f 3712 3606 3607
f 3712 3721 3606
f 3721 3605 3606
f 3721 3722 3605
f 3722 3604 3605
f 3722 3723 3604
f 3723 3612 3604
f 3723 3724 3612
f 3612 3724 3611
f 3724 3614 3611
f 3724 3725 3614
f 3725 3613 3614
f 3725 3661 3613
f 3661 3664 3613
f 3661 3662 3664
f 3665 3669 3667
f 3669 3677 3667
f 3669 3726 3677
f 3726 3678 3677
f 3726 3727 3678
f 3727 3686 3678
f 3727 3728 3686
f 3728 3687 3686
f 3728 3729 3687
f 3729 3688 3687
f 3729 3730 3688
f 3730 3695 3688
f 3730 3731 3695
f 3731 3694 3695
f 3731 3732 3694
f 3732 3704 3694
f 3732 3733 3704
f 3733 3705 3704
f 3733 3734 3705
f 3734 3706 3705
f 3734 3735 3706
f 3735 3713 3706
f 3735 3736 3713
f 3736 3712 3713
f 3736 3737 3712
f 3737 3721 3712
f 3737 3738 3721
f 3738 3722 3721
f 3738 3739 3722
f 3739 3723 3722
f 3739 3740 3723
f 3740 3724 3723
f 3740 3741 3724
f 3741 3725 3724
f 3741 3742 3725
f 3742 3661 3725
f 3742 3743 3661
f 3743 3663 3661
f 3743 3744 3663
f 3654 3655 3669
f 3655 3726 3669
f 3655 3674 3726
f 3674 3727 3726
f 3674 3680 3727
f 3680 3728 3727
f 3680 3682 3728
f 3682 3729 3728
f 3682 3684 3729
f 3684 3730 3729
f 3684 3690 3730
f 3690 3731 3730
f 3690 3692 3731
f 3692 3732 3731
f 3692 3697 3732
f 3697 3733 3732
f 3697 3700 3733
f 3700 3734 3733
f 3700 3702 3734
f 3702 3735 3734
f 3702 3709 3735
f 3709 3736 3735
f 3709 3714 3736
f 3714 3737 3736
f 3714 3650 3737
f 3650 3738 3737
f 3650 3716 3738
f 3716 3739 3738
f 3716 3718 3739
f 3718 3740 3739
f 3718 3745 3740
f 3745 3741 3740
f 3745 3746 3741
f 3746 3742 3741
f 3746 3747 3742
f 3747 3743 3742
f 3747 3659 3743
f 3659 3744 3743
f 3659 3657 3744
f 3660 3659 3748
f 3659 3749 3748
f 3659 3747 3749
f 3747 3750 3749
f 3747 3746 3750
f 3746 3751 3750
f 3746 3745 3751
f 3745 3752 3751
f 3745 3718 3752
f 3718 3753 3752
f 3718 3719 3753
f 3657 3754 3744
f 3662 3755 3664
f 3755 3567 3664
f 3756 3757 3539
f 3757 3538 3539
f 3567 3755 3566
f 3755 3565 3566
f 3755 3758 3565
f 3758 3564 3565
f 3758 3756 3564
f 3756 3563 3564
f 3756 3539 3563
f 3663 3759 3662
f 3759 3755 3662
f 3759 3760 3755
f 3760 3758 3755
f 3760 3761 3758
f 3761 3756 3758
f 3761 3762 3756
f 3762 3757 3756
f 3744 3754 3663
f 3754 3759 3663
f 3754 3763 3759
f 3763 3760 3759
f 3763 3764 3760
f 3764 3761 3760
f 3764 3765 3761
f 3765 3762 3761
f 3658 3766 3657
f 3766 3754 3657
f 3766 3767 3754
f 3767 3763 3754
f 3767 3768 3763
f 3768 3764 3763
f 3768 3769 3764
f 3769 3765 3764
f 3770 3772 3771
f 3450 3774 3773
f 3775 3777 3776
f 3778 3780 3779
f 3781 3783 3782
f 3783 3784 3782
f 3783 3780 3784
f 3780 3785 3784
f 3780 3778 3785
f 3777 3783 3776
f 3783 3786 3776
f 3783 3781 3786
f 3774 3777 3773
f 3777 3787 3773
f 3777 3775 3787
f 3788 3774 3442
f 3774 3449 3442
f 3774 3450 3449
f 3770 3789 3772
f 3790 3791 3788
f 3791 3774 3788
f 3791 3792 3774
f 3792 3777 3774
f 3792 3772 3777
f 3772 3783 3777
f 3772 3789 3783
f 3789 3780 3783
f 3769 3768 3790
f 3768 3791 3790
f 3768 3767 3791
f 3767 3792 3791
f 3767 3766 3792
f 3766 3772 3792
f 3766 3658 3772
f 3658 3771 3772
f 3779 3793 3778
f 3793 3785 3778
f 3793 3794 3785
f 3794 3784 3785
f 3794 3795 3784
f 3795 3796 3784
f 3779 3798 3797
f 3798 3799 3797
f 3798 3800 3799
f 3800 3801 3799
f 3800 3802 3801
f 3802 3803 3801
f 3802 3804 3803
f 3784 3796 3782
f 3796 3781 3782
f 3796 3786 3781
f 3804 3805 3803
f 3805 3806 3803
f 3805 3807 3806
f 3776 3786 3808
f 3786 3809 3808
f 3786 3796 3809
f 3450 3773 3448
f 3773 3810 3448
f 3773 3787 3810
f 3787 3808 3810
f 3787 3775 3808
f 3775 3776 3808
f 3779 3797 3793
f 3797 3794 3793
f 3797 3799 3794
f 3799 3795 3794
f 3799 3801 3795
f 3801 3796 3795
f 3801 3803 3796
f 3803 3809 3796
f 3803 3806 3809
f 3806 3808 3809
f 3806 3811 3808
f 3811 3810 3808
f 3811 3812 3810
f 3812 3448 3810
f 3812 3446 3448
f 3807 3813 3806
f 3813 3811 3806
f 3813 3814 3811
f 3814 3812 3811
f 3814 3815 3812
f 3815 3446 3812
f 3815 3444 3446
f 3816 3818 3817
f 3807 3819 3813
f 3819 3814 3813
f 3819 3815 3814
f 3779 3820 3798
f 3820 3800 3798
f 3820 3802 3800
f 3821 3822 3819
f 3822 3815 3819
f 3822 3444 3815
f 3821 3819 3816
f 3819 3818 3816
f 3819 3807 3818
f 3807 3823 3818
f 3807 3805 3823
f 3805 3820 3823
f 3805 3804 3820
f 3804 3802 3820
f 3391 3824 3385
f 3399 3825 3397
f 3825 3395 3397
f 3825 3824 3395
f 3824 3393 3395
f 3824 3391 3393
f 3826 3404 3406
f 3404 3826 3402
f 3826 3401 3402
f 3826 3399 3401
f 3827 3382 3383
f 3399 3826 3825
f 3826 3828 3825
f 3826 3829 3828
f 3828 3829 3830
f 3829 3831 3830
f 3829 3832 3831
f 3832 3833 3831
f 3832 3834 3833
f 3833 3834 3835
f 3834 3836 3835
f 3834 3837 3836
f 3837 3817 3836
f 3837 3816 3817
f 3406 3382 3826
f 3382 3829 3826
f 3382 3827 3829
f 3827 3832 3829
f 3827 3838 3832
f 3838 3834 3832
f 3838 3839 3834
f 3839 3837 3834
f 3839 3840 3837
f 3840 3816 3837
f 3840 3821 3816
f 3841 3842 3436
f 3842 3435 3436
f 3842 3843 3435
f 3843 3424 3435
f 3841 3436 3844
f 3436 3822 3844
f 3436 3443 3822
f 3443 3444 3822
f 3839 3844 3840
f 3844 3821 3840
f 3844 3822 3821
f 3383 3844 3827
f 3844 3838 3827
f 3844 3839 3838
f 3843 3423 3424
f 3843 3845 3423
f 3845 3431 3423
f 3845 3846 3431
f 3845 3847 3846
f 3847 3848 3846
f 3847 3849 3848
f 3849 3850 3848
f 3849 3851 3850
f 3851 3852 3850
f 3843 3853 3845
f 3853 3847 3845
f 3853 3854 3847
f 3854 3849 3847
f 3854 3855 3849
f 3855 3851 3849
f 3842 3856 3843
f 3856 3853 3843
f 3856 3857 3853
f 3857 3854 3853
f 3857 3858 3854
f 3858 3855 3854
f 3841 3859 3842
f 3859 3856 3842
f 3859 3860 3856
f 3860 3857 3856
f 3860 3861 3857
f 3861 3858 3857
f 3862 3422 3421
f 3844 3863 3841
f 3863 3859 3841
f 3863 3864 3859
f 3864 3860 3859
f 3864 3865 3860
f 3865 3861 3860
f 3383 3384 3844
f 3384 3863 3844
f 3384 3422 3863
f 3422 3864 3863
f 3422 3862 3864
f 3862 3865 3864
f 3416 3866 3415
f 3866 3414 3415
f 3866 3867 3414
f 3867 3413 3414
f 3867 3421 3413
f 3868 3418 3419
f 3868 3866 3418
f 3866 3417 3418
f 3866 3416 3417
f 3389 3387 3869
f 3387 3385 3869
f 3861 3865 3870
f 3865 3871 3870
f 3865 3862 3871
f 3872 3873 3868
f 3873 3866 3868
f 3873 3871 3866
f 3871 3867 3866
f 3871 3862 3867
f 3862 3421 3867
f 3874 3875 3872
f 3875 3873 3872
f 3875 3876 3873
f 3876 3871 3873
f 3876 3877 3871
f 3877 3870 3871
f 3389 3869 3420
f 3869 3419 3420
f 3869 3878 3419
f 3878 3868 3419
f 3878 3879 3868
f 3879 3872 3868
f 3879 3880 3872
f 3880 3874 3872
f 3880 3305 3874
f 3876 3881 3877
f 3874 3882 3875
f 3305 3883 3874
f 3884 3883 3308
f 3883 3307 3308
f 3883 3305 3307
f 3876 3885 3881
f 3885 3886 3881
f 3885 3887 3886
f 3887 3888 3886
f 3887 3889 3888
f 3889 3890 3888
f 3889 3891 3890
f 3874 3883 3882
f 3883 3892 3882
f 3883 3884 3892
f 3884 3893 3892
f 3884 3894 3893
f 3894 3895 3893
f 3894 3896 3895
f 3300 3896 3302
f 3896 3303 3302
f 3896 3894 3303
f 3894 3298 3303
f 3894 3884 3298
f 3884 3297 3298
f 3884 3308 3297
f 3890 3891 3897
f 3891 3898 3897
f 3891 3899 3898
f 3899 3891 3895
f 3891 3893 3895
f 3891 3889 3893
f 3889 3892 3893
f 3889 3887 3892
f 3887 3882 3892
f 3887 3885 3882
f 3885 3875 3882
f 3885 3876 3875
f 3247 3900 3300
f 3900 3896 3300
f 3900 3901 3896
f 3901 3895 3896
f 3901 3902 3895
f 3902 3899 3895
f 3903 3179 3180
f 3904 3906 3905
f 3906 3907 3905
f 3906 3903 3907
f 3908 3910 3909
f 3910 3904 3909
f 3911 3908 3912
f 3903 3906 3179
f 3906 3182 3179
f 3906 3913 3182
f 3913 3184 3182
f 3913 3914 3184
f 3184 3914 3186
f 3914 3188 3186
f 3914 3915 3188
f 3915 3190 3188
f 3915 3916 3190
f 3916 3193 3190
f 3916 3195 3193
f 3196 3195 3917
f 3195 3918 3917
f 3195 3916 3918
f 3196 3917 3198
f 3917 3200 3198
f 3917 3919 3200
f 3919 3202 3200
f 3919 3920 3202
f 3202 3920 3205
f 3920 3206 3205
f 3920 3921 3206
f 3921 3922 3206
f 3206 3922 3208
f 3922 3214 3208
f 3922 3212 3214
f 3211 3212 3923
f 3212 3924 3923
f 3212 3922 3924
f 3211 3923 3217
f 3923 3218 3217
f 3923 3925 3218
f 3925 3220 3218
f 3925 3926 3220
f 3926 3223 3220
f 3926 3224 3223
f 3227 3224 3927
f 3224 3928 3927
f 3224 3926 3928
f 3227 3927 3229
f 3927 3234 3229
f 3927 3929 3234
f 3929 3236 3234
f 3929 3930 3236
f 3930 3238 3236
f 3930 3931 3238
f 3238 3931 3233
f 3931 3231 3233
f 3931 3932 3231
f 3904 3910 3906
f 3910 3913 3906
f 3910 3933 3913
f 3933 3914 3913
f 3933 3934 3914
f 3934 3915 3914
f 3934 3935 3915
f 3935 3916 3915
f 3935 3936 3916
f 3936 3918 3916
f 3936 3937 3918
f 3937 3917 3918
f 3937 3938 3917
f 3938 3919 3917
f 3938 3939 3919
f 3939 3920 3919
f 3939 3940 3920
f 3940 3921 3920
f 3940 3941 3921
f 3941 3922 3921
f 3941 3942 3922
f 3942 3924 3922
f 3942 3943 3924
f 3943 3923 3924
f 3943 3944 3923
f 3944 3925 3923
f 3944 3945 3925
f 3945 3926 3925
f 3945 3946 3926
f 3946 3928 3926
f 3946 3947 3928
f 3947 3927 3928
f 3947 3948 3927
f 3948 3929 3927
f 3948 3949 3929
f 3949 3930 3929
f 3949 3950 3930
f 3950 3931 3930
f 3950 3951 3931
f 3951 3932 3931
f 3951 3952 3932
f 3952 3953 3932
f 3952 3954 3953
f 3954 3955 3953
f 3954 3956 3955
f 3956 3957 3955
f 3956 3958 3957
f 3247 3176 3900
f 3176 3957 3900
f 3176 3177 3957
f 3177 3955 3957
f 3177 3242 3955
f 3242 3953 3955
f 3242 3244 3953
f 3244 3932 3953
f 3244 3245 3932
f 3245 3231 3932
f 3900 3957 3901
f 3957 3902 3901
f 3957 3958 3902
f 3958 3899 3902
f 3958 3898 3899
f 3908 3911 3910
f 3911 3933 3910
f 3911 3959 3933
f 3959 3934 3933
f 3959 3960 3934
f 3960 3935 3934
f 3960 3961 3935
f 3961 3936 3935
f 3961 3962 3936
f 3962 3937 3936
f 3962 3963 3937
f 3963 3938 3937
f 3963 3964 3938
f 3964 3939 3938
f 3964 3965 3939
f 3965 3940 3939
f 3965 3966 3940
f 3966 3941 3940
f 3966 3967 3941
f 3967 3942 3941
f 3967 3968 3942
f 3968 3943 3942
f 3968 3969 3943
f 3969 3944 3943
f 3969 3970 3944
f 3970 3945 3944
f 3970 3971 3945
f 3971 3946 3945
f 3971 3972 3946
f 3972 3947 3946
f 3972 3973 3947
f 3973 3948 3947
f 3973 3974 3948
f 3974 3949 3948
f 3974 3975 3949
f 3975 3950 3949
f 3975 3976 3950
f 3976 3951 3950
f 3976 3977 3951
f 3977 3952 3951
f 3977 3978 3952
f 3978 3954 3952
f 3978 3979 3954
f 3979 3956 3954
f 3979 3980 3956
f 3980 3958 3956
f 3980 3981 3958
f 3981 3898 3958
f 3981 3897 3898
f 3982 3984 3983
f 3984 3985 3983
f 3986 3988 3987
f 3988 3989 3987
f 3988 3990 3989
f 3990 3991 3989
f 3990 3992 3991
f 3992 3993 3991
f 3992 3984 3993
f 3984 3982 3993
f 3994 3995 3987
f 3995 3986 3987
f 3995 3996 3986
f 3996 3997 3986
f 3998 4000 3999
f 4000 4001 3999
f 4000 4002 4001
f 4003 3997 4004
f 3997 3996 4004
f 3997 4003 4005
f 4003 4006 4005
f 4003 4007 4006
f 4007 4008 4006
f 4007 4009 4008
f 4009 4010 4008
f 4009 4011 4010
f 4011 4012 4010
f 4011 4013 4012
f 4013 4014 4012
f 4013 4015 4014
f 4015 4016 4014
f 4015 4017 4016
f 4017 4018 4016
f 4017 4019 4018
f 4019 4020 4018
f 4019 4021 4020
f 4021 4022 4020
f 4021 4023 4022
f 4023 4024 4022
f 4023 4025 4024
f 4025 4026 4024
f 4025 4027 4026
f 4027 4028 4026
f 4027 4029 4028
f 4029 4030 4028
f 4029 4031 4030
f 4031 4032 4030
f 4031 4033 4032
f 4033 4034 4032
f 4033 4035 4034
f 4035 4036 4034
f 4035 4037 4036
f 4037 4038 4036
f 4037 4039 4038
f 4039 4040 4038
f 4039 4041 4040
f 4041 4042 4040
f 4041 4043 4042
f 4043 4044 4042
f 4043 4045 4044
f 4045 4046 4044
f 4045 4047 4046
f 4047 4048 4046
f 4047 4049 4048
f 4049 4050 4048
f 4049 4051 4050
f 4051 4052 4050
f 4051 4053 4052
f 4053 4054 4052
f 4053 4001 4054
f 4001 4055 4054
f 4001 4002 4055
f 3851 3886 3888
f 3861 3870 3858
f 3870 3855 3858
f 3870 3877 3855
f 3877 3851 3855
f 3877 3881 3851
f 3881 3886 3851
f 4026 4028 3973
f 4028 3974 3973
f 4028 4030 3974
f 4030 3975 3974
f 4030 4032 3975
f 4032 3976 3975
f 4032 4034 3976
f 3976 4034 3977
f 4034 3978 3977
f 4034 4036 3978
f 4036 3979 3978
f 4036 4038 3979
f 4038 3980 3979
f 4038 3981 3980
f 3897 4042 3890
f 4042 3888 3890
f 4042 4044 3888
f 4044 3851 3888
f 4020 4022 3969
f 4022 3970 3969
f 4022 4024 3970
f 4024 3971 3970
f 4024 4026 3971
f 4026 3972 3971
f 4026 3973 3972
f 4008 3959 4006
f 3852 4052 4054
f 4052 3852 4050
f 3852 4048 4050
f 3852 3851 4048
f 3851 4046 4048
f 3851 4044 4046
f 3897 3981 4042
f 3981 4040 4042
f 3981 4038 4040
f 4016 4018 3966
f 4018 3967 3966
f 4018 4020 3967
f 4020 3968 3967
f 4020 3969 3968
f 4054 4055 3852
f 4055 4056 3852
f 4055 4002 4056
f 3959 3911 4006
f 3911 4005 4006
f 3911 3912 4005
f 3959 4008 3960
f 4008 3961 3960
f 4008 4010 3961
f 4010 3962 3961
f 4010 4012 3962
f 4012 3963 3962
f 4012 4014 3963
f 4014 3964 3963
f 4014 4016 3964
f 4016 3965 3964
f 4016 3966 3965
f 3852 4056 3850
f 4056 4057 3850
f 3848 4058 3846
f 4058 3848 4059
f 3848 4059 4059
f 3848 3850 4059
f 3850 4060 4059
f 3850 4057 4060
f 3846 4058 3431
f 4058 4061 3431
f 4062 3432 4063
f 3432 4064 4063
f 3432 3431 4064
f 3431 4064 4064
f 3431 4061 4064
f 3432 4062 3433
f 4062 3434 3433
f 4062 4065 3434
f 3769 3429 3765
f 3769 3790 3429
f 3429 3790 3430
f 3790 3441 3430
f 3790 3788 3441
f 3788 3442 3441
f 4066 3551 4067
f 4068 4069 3543
f 4069 3544 3543
f 4069 4070 3544
f 4070 3545 3544
f 4070 4071 3545
f 4071 3546 3545
f 4071 4072 3546
f 4073 3762 4074
f 3762 4073 3757
f 4073 3538 3757
f 4073 4075 3538
f 4076 4074 3429
f 4074 3765 3429
f 4074 3762 3765
f 4077 3434 4078
f 4079 3559 4080
f 4066 4081 3551
f 3538 4075 3537
f 4075 3540 3537
f 4075 4082 3540
f 4082 3541 3540
f 4082 4068 3541
f 4068 3542 3541
f 4068 3543 3542
f 4076 3429 4083
f 3429 4084 4083
f 3429 3434 4084
f 3434 4085 4084
f 3434 4077 4085
f 3561 4086 3562
f 3551 4081 3552
f 4081 3553 3552
f 4081 4087 3553
f 4087 3554 3553
f 4087 4088 3554
f 3546 4072 3547
f 4072 3548 3547
f 4072 4089 3548
f 4089 3549 3548
f 4089 4067 3549
f 4067 3550 3549
f 4067 3551 3550
f 4090 4091 4065
f 4091 3434 4065
f 4091 4092 3434
f 4092 4078 3434
f 4079 4086 3559
f 4086 3560 3559
f 4086 3561 3560
f 3554 4088 3555
f 4088 3556 3555
f 4088 4093 3556
f 4093 3557 3556
f 4093 4080 3557
f 4080 3558 3557
f 4080 3559 3558
f 4094 4096 4095
f 4096 4097 4095
f 4096 4086 4097
f 4098 4100 4099
f 4100 4101 4099
f 4100 4098 4090
f 4098 4091 4090
f 4098 4102 4091
f 4102 4092 4091
f 4102 4103 4092
f 4103 4078 4092
f 4103 4104 4078
f 4104 4077 4078
f 4104 4105 4077
f 4105 4085 4077
f 4105 4106 4085
f 4106 4084 4085
f 4106 4107 4084
f 4107 4083 4084
f 4107 4108 4083
f 4108 4076 4083
f 4108 4109 4076
f 4109 4074 4076
f 4109 4110 4074
f 4110 4073 4074
f 4110 4111 4073
f 4111 4075 4073
f 4111 4112 4075
f 4112 4082 4075
f 4112 4113 4082
f 4113 4068 4082
f 4113 4114 4068
f 4114 4069 4068
f 4114 4115 4069
f 4115 4070 4069
f 4115 4116 4070
f 4116 4071 4070
f 4116 4117 4071
f 4117 4072 4071
f 4117 4118 4072
f 4118 4089 4072
f 4118 4119 4089
f 4119 4067 4089
f 4119 4120 4067
f 4120 4066 4067
f 4120 4121 4066
f 4121 4081 4066
f 4121 4122 4081
f 4122 4087 4081
f 4122 4123 4087
f 4123 4088 4087
f 4123 4124 4088
f 4124 4093 4088
f 4124 4125 4093
f 4125 4080 4093
f 4125 4097 4080
f 4097 4079 4080
f 4097 4086 4079
f 4126 4128 4127
f 4128 4129 4127
f 4129 4130 4127
f 4130 4131 4127
f 4130 4132 4131
f 4132 4133 4131
f 4132 4134 4133
f 4134 4135 4133
f 4134 4136 4135
f 4136 4137 4135
f 4094 4136 4096
f 4094 4138 4136
f 4138 4137 4136
f 4138 4139 4137
f 4140 4142 4141
f 4142 4143 4141
f 4144 4146 4145
f 4146 4147 4145
f 4148 4149 4144
f 4149 4146 4144
f 4150 4152 4151
f 4153 4152 4149
f 4152 4154 4149
f 4152 4155 4154
f 4156 4152 4157
f 4158 4152 4159
f 4152 4160 4159
f 4161 4152 4162
f 4152 4163 4162
f 4153 4149 4164
f 4149 4165 4164
f 4149 4166 4165
f 4157 4152 4167
f 4152 4168 4167
f 4152 4158 4168
f 4160 4152 4169
f 4152 4170 4169
f 4152 4161 4170
f 4166 4149 4171
f 4149 4172 4171
f 4149 4173 4172
f 4149 4175 4174
f 4176 4177 4149
f 4177 4178 4149
f 4152 4180 4179
f 4180 4152 4181
f 4152 4182 4181
f 4152 4183 4182
f 4163 4152 4184
f 4152 4185 4184
f 4152 4186 4185
f 4187 4152 4188
f 4173 4149 4189
f 4149 4190 4189
f 4149 4174 4190
f 4175 4149 4191
f 4149 4192 4191
f 4149 4193 4192
f 4176 4149 4194
f 4149 4195 4194
f 4149 4143 4195
f 4155 4152 4196
f 4152 4197 4196
f 4152 4179 4197
f 4198 4152 4199
f 4152 4200 4199
f 4152 4156 4200
f 4188 4152 4201
f 4152 4202 4201
f 4152 4150 4202
f 4150 4203 4202
f 4193 4149 4204
f 4149 4205 4204
f 4149 4178 4205
f 4183 4152 4206
f 4152 4207 4206
f 4152 4198 4207
f 4186 4152 4208
f 4152 4209 4208
f 4152 4210 4209
f 4210 4152 4211
f 4152 4212 4211
f 4152 4187 4212
f 4142 4195 4143
f 4149 4154 4146
f 4154 4213 4146
f 4154 4155 4213
f 4155 4214 4213
f 4155 4196 4214
f 4196 4215 4214
f 4196 4197 4215
f 4197 4216 4215
f 4197 4179 4216
f 4179 4217 4216
f 4179 4180 4217
f 4180 4218 4217
f 4180 4181 4218
f 4181 4219 4218
f 4181 4182 4219
f 4182 4220 4219
f 4182 4183 4220
f 4183 4221 4220
f 4183 4206 4221
f 4206 4222 4221
f 4206 4207 4222
f 4207 4223 4222
f 4207 4198 4223
f 4198 4224 4223
f 4198 4199 4224
f 4199 4225 4224
f 4199 4200 4225
f 4200 4226 4225
f 4200 4156 4226
f 4156 4227 4226
f 4156 4157 4227
f 4157 4228 4227
f 4157 4167 4228
f 4167 4229 4228
f 4167 4168 4229
f 4168 4230 4229
f 4168 4158 4230
f 4158 4231 4230
f 4158 4159 4231
f 4159 4232 4231
f 4159 4160 4232
f 4160 4233 4232
f 4160 4169 4233
f 4169 4234 4233
f 4169 4170 4234
f 4170 4235 4234
f 4170 4161 4235
f 4161 4236 4235
f 4161 4162 4236
f 4162 4237 4236
f 4162 4163 4237
f 4163 4238 4237
f 4163 4184 4238
f 4184 4239 4238
f 4184 4185 4239
f 4185 4240 4239
f 4185 4186 4240
f 4186 4241 4240
f 4186 4208 4241
f 4208 4242 4241
f 4208 4209 4242
f 4209 4243 4242
f 4209 4210 4243
f 4210 4244 4243
f 4210 4211 4244
f 4211 4245 4244
f 4211 4212 4245
f 4212 4246 4245
f 4212 4187 4246
f 4187 4247 4246
f 4187 4188 4247
f 4188 4248 4247
f 4188 4201 4248
f 4201 4249 4248
f 4201 4202 4249
f 4202 4250 4249
f 4202 4203 4250
f 4203 4251 4250
f 4203 4150 4251
f 4150 4252 4251
f 4150 4151 4252
f 4151 4253 4252
f 4151 4152 4253
f 4152 4254 4253
f 4152 4153 4254
f 4153 4255 4254
f 4153 4164 4255
f 4164 4256 4255
f 4164 4165 4256
f 4165 4257 4256
f 4165 4166 4257
f 4166 4258 4257
f 4166 4171 4258
f 4171 4259 4258
f 4171 4172 4259
f 4172 4260 4259
f 4172 4173 4260
f 4173 4261 4260
f 4173 4189 4261
f 4189 4262 4261
f 4189 4190 4262
f 4190 4263 4262
f 4190 4174 4263
f 4174 4264 4263
f 4174 4175 4264
f 4175 4265 4264
f 4175 4191 4265
f 4191 4266 4265
f 4191 4192 4266
f 4192 4267 4266
f 4192 4193 4267
f 4193 4268 4267
f 4193 4204 4268
f 4204 4269 4268
f 4204 4205 4269
f 4205 4270 4269
f 4205 4178 4270
f 4178 4271 4270
f 4178 4177 4271
f 4177 4272 4271
f 4177 4176 4272
f 4176 4273 4272
f 4176 4194 4273
f 4194 4274 4273
f 4194 4195 4274
f 4195 4275 4274
f 4195 4142 4275
f 4237 4276 4236
f 4276 4277 4236
f 4277 4235 4236
f 4277 4278 4235
f 4278 4234 4235
f 4278 4279 4234
f 4279 4233 4234
f 4279 4280 4233
f 4146 4281 4147
f 4282 4254 4255
f 4282 4283 4254
f 4283 4253 4254
f 4283 4284 4253
f 4285 4286 4248
f 4286 4247 4248
f 4286 4287 4247
f 4287 4246 4247
f 4280 4288 4233
f 4288 4232 4233
f 4288 4289 4232
f 4281 4146 4290
f 4146 4291 4290
f 4146 4213 4291
f 4213 4292 4291
f 4213 4214 4292
f 4214 4293 4292
f 4214 4215 4293
f 4215 4294 4293
f 4215 4216 4294
f 4216 4295 4294
f 4216 4217 4295
f 4217 4296 4295
f 4217 4218 4296
f 4232 4289 4231
f 4289 4230 4231
f 4289 4297 4230
f 4297 4229 4230
f 4297 4298 4229
f 4298 4228 4229
f 4298 4299 4228
f 4299 4227 4228
f 4299 4300 4227
f 4300 4226 4227
f 4300 4301 4226
f 4301 4225 4226
f 4301 4302 4225
f 4302 4224 4225
f 4302 4303 4224
f 4303 4223 4224
f 4303 4304 4223
f 4304 4222 4223
f 4304 4305 4222
f 4305 4221 4222
f 4305 4306 4221
f 4306 4220 4221
f 4306 4307 4220
f 4307 4219 4220
f 4307 4308 4219
f 4308 4218 4219
f 4308 4309 4218
f 4309 4296 4218
f 4255 4256 4282
f 4256 4310 4282
f 4256 4257 4310
f 4257 4311 4310
f 4257 4258 4311
f 4258 4312 4311
f 4258 4259 4312
f 4259 4313 4312
f 4259 4260 4313
f 4260 4314 4313
f 4260 4261 4314
f 4261 4315 4314
f 4261 4262 4315
f 4262 4316 4315
f 4262 4263 4316
f 4284 4317 4253
f 4317 4252 4253
f 4317 4318 4252
f 4318 4251 4252
f 4318 4319 4251
f 4319 4250 4251
f 4319 4285 4250
f 4285 4249 4250
f 4285 4248 4249
f 4276 4237 4320
f 4237 4321 4320
f 4237 4238 4321
f 4238 4322 4321
f 4238 4239 4322
f 4239 4323 4322
f 4239 4240 4323
f 4240 4324 4323
f 4240 4241 4324
f 4241 4325 4324
f 4241 4242 4325
f 4242 4326 4325
f 4242 4243 4326
f 4243 4327 4326
f 4243 4244 4327
f 4244 4328 4327
f 4244 4245 4328
f 4245 4329 4328
f 4245 4246 4329
f 4246 4330 4329
f 4246 4287 4330
f 4331 4270 4332
f 4270 4333 4332
f 4270 4271 4333
f 4271 4334 4333
f 4271 4272 4334
f 4272 4335 4334
f 4272 4273 4335
f 4273 4336 4335
f 4273 4274 4336
f 4274 4337 4336
f 4274 4275 4337
f 4275 4338 4337
f 4275 4142 4338
f 4270 4331 4269
f 4331 4268 4269
f 4331 4339 4268
f 4339 4267 4268
f 4339 4340 4267
f 4340 4266 4267
f 4340 4341 4266
f 4341 4265 4266
f 4341 4342 4265
f 4342 4264 4265
f 4342 4343 4264
f 4343 4263 4264
f 4343 4344 4263
f 4344 4316 4263
f 4345 4338 4140
f 4338 4142 4140
f 4346 4347 4345
f 4347 4338 4345
f 4286 4348 4287
f 4330 4349 4329
f 4350 4352 4351
f 4308 4353 4309
f 4308 4307 4353
f 4307 4354 4353
f 4307 4306 4354
f 4306 4355 4354
f 4306 4305 4355
f 4305 4356 4355
f 4305 4304 4356
f 4304 4357 4356
f 4304 4303 4357
f 4303 4358 4357
f 4303 4302 4358
f 4302 4359 4358
f 4302 4301 4359
f 4301 4360 4359
f 4301 4300 4360
f 4361 4288 4362
f 4360 4300 4363
f 4300 4364 4363
f 4300 4299 4364
f 4299 4365 4364
f 4299 4298 4365
f 4298 4366 4365
f 4298 4297 4366
f 4297 4361 4366
f 4297 4289 4361
f 4289 4288 4361
f 4362 4288 4367
f 4288 4368 4367
f 4288 4280 4368
f 4280 4369 4368
f 4280 4279 4369
f 4369 4279 4370
f 4279 4371 4370
f 4279 4278 4371
f 4278 4372 4371
f 4278 4277 4372
f 4277 4373 4372
f 4373 4277 4350
f 4277 4352 4350
f 4277 4276 4352
f 4276 4374 4352
f 4276 4320 4374
f 4375 4322 4323
f 4320 4321 4374
f 4321 4376 4374
f 4321 4322 4376
f 4322 4377 4376
f 4322 4375 4377
f 4323 4324 4375
f 4324 4378 4375
f 4324 4325 4378
f 4325 4379 4378
f 4325 4326 4379
f 4326 4380 4379
f 4326 4327 4380
f 4327 4381 4380
f 4327 4328 4381
f 4328 4382 4381
f 4328 4329 4382
f 4329 4383 4382
f 4329 4349 4383
f 4330 4287 4349
f 4287 4384 4349
f 4287 4348 4384
f 4310 4385 4282
f 4286 4285 4348
f 4285 4386 4348
f 4285 4319 4386
f 4319 4387 4386
f 4319 4318 4387
f 4318 4388 4387
f 4318 4317 4388
f 4317 4389 4388
f 4317 4284 4389
f 4284 4390 4389
f 4284 4283 4390
f 4283 4391 4390
f 4283 4282 4391
f 4282 4392 4391
f 4282 4385 4392
f 4310 4311 4385
f 4311 4393 4385
f 4311 4312 4393
f 4312 4394 4393
f 4312 4313 4394
f 4313 4395 4394
f 4313 4314 4395
f 4314 4396 4395
f 4314 4315 4396
f 4315 4397 4396
f 4315 4316 4397
f 4397 4316 4398
f 4316 4399 4398
f 4316 4344 4399
f 4344 4400 4399
f 4344 4343 4400
f 4343 4342 4400
f 4400 4342 4401
f 4342 4402 4401
f 4342 4341 4402
f 4341 4340 4402
f 4402 4340 4403
f 4340 4404 4403
f 4340 4339 4404
f 4339 4331 4404
f 4404 4331 4405
f 4331 4406 4405
f 4331 4332 4406
f 4332 4407 4406
f 4332 4333 4407
f 4333 4334 4407
f 4407 4334 4408
f 4334 4409 4408
f 4334 4335 4409
f 4335 4336 4409
f 4336 4410 4409
f 4336 4337 4410
f 4337 4411 4410
f 4337 4338 4411
f 4338 4412 4411
f 4338 4347 4412
f 4413 4369 4370
f 4414 4350 4351
f 4415 4417 4416
f 4416 4419 4418
f 4419 4420 4418
f 4419 4421 4420
f 4422 4424 4423
f 4424 4425 4423
f 4422 4417 4426
f 4417 4427 4426
f 4417 4415 4427
f 4428 4430 4429
f 4430 4431 4429
f 4430 4432 4431
f 4433 4423 4434
f 4423 4435 4434
f 4423 4425 4435
f 4281 4430 4147
f 4430 4436 4147
f 4430 4428 4436
f 4437 4438 4292
f 4438 4291 4292
f 4438 4430 4291
f 4430 4290 4291
f 4430 4281 4290
f 4439 4440 4295
f 4440 4294 4295
f 4440 4437 4294
f 4437 4293 4294
f 4437 4292 4293
f 4441 4439 4309
f 4439 4296 4309
f 4439 4295 4296
f 4442 4444 4443
f 4416 4417 4419
f 4417 4445 4419
f 4417 4446 4445
f 4446 4447 4445
f 4446 4448 4447
f 4447 4448 4449
f 4448 4450 4449
f 4448 4451 4450
f 4451 4452 4450
f 4451 4453 4452
f 4452 4453 4454
f 4453 4455 4454
f 4453 4456 4455
f 4457 4456 4458
f 4456 4459 4458
f 4456 4453 4459
f 4460 4441 4354
f 4441 4353 4354
f 4441 4309 4353
f 4461 4462 4357
f 4462 4356 4357
f 4462 4460 4356
f 4460 4355 4356
f 4460 4354 4355
f 4457 4458 4463
f 4458 4464 4463
f 4458 4465 4464
f 4465 4466 4464
f 4465 4467 4466
f 4467 4468 4466
f 4467 4469 4468
f 4470 4471 4360
f 4471 4359 4360
f 4471 4461 4359
f 4461 4358 4359
f 4461 4357 4358
f 4472 4474 4473
f 4474 4475 4473
f 4474 4476 4475
f 4476 4469 4475
f 4476 4477 4469
f 4477 4468 4469
f 4478 4470 4364
f 4470 4363 4364
f 4470 4360 4363
f 4472 4473 4479
f 4473 4480 4479
f 4473 4481 4480
f 4368 4482 4367
f 4482 4362 4367
f 4482 4483 4362
f 4483 4361 4362
f 4483 4484 4361
f 4484 4366 4361
f 4484 4478 4366
f 4478 4365 4366
f 4478 4364 4365
f 4480 4481 4485
f 4481 4486 4485
f 4481 4487 4486
f 4487 4488 4486
f 4487 4489 4488
f 4489 4490 4488
f 4489 4491 4490
f 4368 4369 4482
f 4369 4492 4482
f 4369 4413 4492
f 4490 4491 4493
f 4491 4494 4493
f 4491 4495 4494
f 4495 4496 4494
f 4495 4497 4496
f 4497 4498 4496
f 4498 4497 4499
f 4497 4500 4499
f 4497 4501 4500
f 4500 4501 4502
f 4501 4503 4502
f 4501 4442 4503
f 4442 4504 4503
f 4442 4443 4504
f 4443 4505 4504
f 4422 4423 4417
f 4423 4446 4417
f 4423 4506 4446
f 4506 4448 4446
f 4506 4507 4448
f 4507 4451 4448
f 4507 4508 4451
f 4508 4453 4451
f 4508 4509 4453
f 4509 4459 4453
f 4509 4510 4459
f 4510 4458 4459
f 4510 4511 4458
f 4511 4465 4458
f 4511 4512 4465
f 4512 4467 4465
f 4512 4513 4467
f 4513 4469 4467
f 4513 4514 4469
f 4514 4475 4469
f 4514 4515 4475
f 4515 4473 4475
f 4515 4516 4473
f 4516 4481 4473
f 4516 4517 4481
f 4517 4487 4481
f 4517 4518 4487
f 4518 4489 4487
f 4518 4519 4489
f 4519 4491 4489
f 4519 4520 4491
f 4520 4495 4491
f 4520 4521 4495
f 4521 4497 4495
f 4521 4522 4497
f 4522 4501 4497
f 4522 4523 4501
f 4523 4442 4501
f 4523 4524 4442
f 4524 4444 4442
f 4524 4525 4444
f 4525 4524 4526
f 4524 4527 4526
f 4524 4523 4527
f 4523 4528 4527
f 4523 4522 4528
f 4522 4413 4528
f 4522 4521 4413
f 4521 4492 4413
f 4521 4520 4492
f 4520 4482 4492
f 4520 4519 4482
f 4519 4483 4482
f 4519 4518 4483
f 4518 4484 4483
f 4518 4517 4484
f 4517 4478 4484
f 4517 4516 4478
f 4516 4470 4478
f 4516 4515 4470
f 4515 4471 4470
f 4515 4514 4471
f 4514 4461 4471
f 4514 4513 4461
f 4513 4462 4461
f 4513 4512 4462
f 4512 4460 4462
f 4512 4511 4460
f 4511 4441 4460
f 4511 4510 4441
f 4510 4439 4441
f 4510 4509 4439
f 4509 4440 4439
f 4509 4508 4440
f 4508 4437 4440
f 4508 4507 4437
f 4507 4438 4437
f 4507 4506 4438
f 4506 4430 4438
f 4506 4423 4430
f 4423 4432 4430
f 4423 4433 4432
f 4370 4371 4413
f 4371 4528 4413
f 4371 4372 4528
f 4372 4527 4528
f 4372 4373 4527
f 4373 4526 4527
f 4373 4350 4526
f 4350 4525 4526
f 4350 4414 4525
f 4436 4145 4147
f 4432 4529 4431
f 4529 4429 4431
f 4529 4145 4429
f 4145 4428 4429
f 4145 4436 4428
f 4529 4432 4530
f 4432 4531 4530
f 4432 4433 4531
f 4424 4532 4425
f 4532 4435 4425
f 4532 4531 4435
f 4531 4434 4435
f 4531 4433 4434
f 4532 4424 4533
f 4424 4534 4533
f 4424 4422 4534
f 4422 4535 4534
f 4536 4537 4416
f 4537 4415 4416
f 4537 4538 4415
f 4538 4427 4415
f 4538 4535 4427
f 4535 4426 4427
f 4535 4422 4426
f 4539 4540 4421
f 4540 4420 4421
f 4540 4536 4420
f 4536 4418 4420
f 4536 4416 4418
f 4421 4541 4539
f 4541 4542 4539
f 4543 4545 4544
f 4545 4546 4544
f 4545 4547 4546
f 4548 4550 4549
f 4550 4551 4549
f 4550 4552 4551
f 4552 4553 4551
f 4547 4554 4546
f 4554 4555 4546
f 4554 4556 4555
f 4556 4557 4555
f 4556 4558 4557
f 4558 4559 4557
f 4558 4560 4559
f 4545 4543 4561
f 4543 4562 4561
f 4543 4563 4562
f 4563 4564 4562
f 4563 4553 4564
f 4553 4565 4564
f 4553 4552 4565
f 4566 4568 4567
f 4568 4566 4569
f 4566 4570 4569
f 4566 4571 4570
f 4560 4572 4559
f 4572 4566 4559
f 4572 4573 4566
f 4573 4571 4566
f 4530 3168 4529
f 3160 4536 3158
f 3168 3170 4529
f 4536 4540 3158
f 4540 3155 3158
f 4540 4539 3155
f 4574 4575 4139
f 4575 4137 4139
f 4575 4576 4137
f 4576 4135 4137
f 4576 4577 4135
f 4577 4133 4135
f 4577 4578 4133
f 4578 4131 4133
f 4578 4346 4131
f 4346 4127 4131
f 4346 4345 4127
f 4345 4126 4127
f 4345 4140 4126
f 4140 4579 4126
f 4140 4141 4579
f 4141 4580 4579
f 4141 4148 4580
f 4148 4581 4580
f 4148 4144 4581
f 4144 4582 4581
f 4144 4145 4582
f 4145 3174 4582
f 4145 4529 3174
f 4529 3172 3174
f 4529 3170 3172
f 3164 3166 4533
f 3166 4532 4533
f 3166 3168 4532
f 3168 4531 4532
f 3168 4530 4531
f 4536 3160 4537
f 3160 4538 4537
f 3160 3162 4538
f 3162 4535 4538
f 3162 3164 4535
f 3164 4534 4535
f 3164 4533 4534
f 4583 4585 4584
f 4539 4542 3155
f 4542 3150 3155
f 4542 4586 3150
f 4586 3152 3150
f 4586 4549 3152
f 4549 3135 3152
f 4549 4551 3135
f 4551 3137 3135
f 4551 4553 3137
f 4553 3139 3137
f 4553 4563 3139
f 4563 3146 3139
f 4563 4543 3146
f 4543 3148 3146
f 4543 4544 3148
f 4544 3149 3148
f 4544 4546 3149
f 4546 3133 3149
f 4546 4555 3133
f 4555 3132 3133
f 4555 4557 3132
f 4557 3142 3132
f 4557 4559 3142
f 3142 4559 3126
f 4559 3128 3126
f 4559 4566 3128
f 4566 3130 3128
f 4566 4585 3130
f 4585 4587 3130
f 4585 4583 4587
f 3130 4587 3131
f 4587 4588 3131
f 4587 4583 4588
f 4583 4589 4588
f 4096 4136 4086
f 4136 3562 4086
f 4136 4134 3562
f 3562 4134 3455
f 4134 3454 3455
f 4134 4132 3454
f 3175 3173 3569
f 3173 3656 3569
f 3173 3171 3656
f 3171 3666 3656
f 3171 3169 3666
f 3169 3665 3666
f 3169 3167 3665
f 3454 4132 3452
f 4132 3451 3452
f 4132 4130 3451
f 4130 3457 3451
f 4130 4129 3457
f 3167 3165 3665
f 3165 3670 3665
f 3165 3668 3670
f 3154 3671 3156
f 3671 3157 3156
f 3671 3653 3157
f 3653 3159 3157
f 3653 3654 3159
f 3654 3161 3159
f 3654 3668 3161
f 3668 3163 3161
f 3668 3165 3163
f 3457 4129 3460
f 4129 3459 3460
f 4129 4128 3459
f 4128 3649 3459
f 4128 4590 3649
f 4590 4591 3649
f 4590 4592 4591
f 4592 4593 4591
f 4592 4594 4593
f 4594 4595 4593
f 4594 4596 4595
f 4596 4597 4595
f 4596 3175 4597
f 3175 3570 4597
f 3175 3569 3570
f 4598 3144 4599
f 4600 3134 4601
f 3134 4602 4601
f 3154 3151 3671
f 3151 4603 3671
f 3151 3153 4603
f 4589 4604 4588
f 4604 3131 4588
f 4604 4605 3131
f 4605 3129 3131
f 4605 4606 3129
f 4606 3127 3129
f 4606 4607 3127
f 4607 4608 3127
f 3127 4608 3143
f 4608 3141 3143
f 4608 4602 3141
f 4602 3140 3141
f 4602 3134 3140
f 4600 4609 3134
f 4609 3147 3134
f 4609 4599 3147
f 4599 3145 3147
f 4599 3144 3145
f 4603 3153 4610
f 3153 4611 4610
f 3153 3136 4611
f 3136 4598 4611
f 3136 3138 4598
f 3138 3144 4598
f 4606 4612 4607
f 4598 4613 4611
f 3693 4614 3696
f 3703 4615 3711
f 3817 3818 4616
f 3818 4617 4616
f 3818 3823 4617
f 3780 4618 3779
f 4618 4617 3779
f 4617 3820 3779
f 4617 3823 3820
f 3660 4619 3658
f 4619 3771 3658
f 4619 3770 3771
f 3660 3748 4619
f 3748 4620 4619
f 3748 3749 4620
f 3749 3750 4620
f 3750 4621 4620
f 3750 3751 4621
f 3751 3752 4621
f 3752 4622 4621
f 3752 3753 4622
f 4623 4622 3720
f 4622 3719 3720
f 4622 3753 3719
f 3710 4624 3708
f 4624 3707 3708
f 4624 4625 3707
f 4625 3652 3707
f 3652 4625 3651
f 4625 3715 3651
f 4625 4623 3715
f 4623 3717 3715
f 4623 3720 3717
f 4615 4626 3711
f 4614 4627 3696
f 3696 4627 3698
f 4627 3699 3698
f 4627 4615 3699
f 4615 3701 3699
f 4615 3703 3701
f 4628 3683 3681
f 4628 4629 3683
f 3683 4629 3685
f 4629 3689 3685
f 4629 4614 3689
f 4614 3691 3689
f 4614 3693 3691
f 3675 4630 3673
f 4630 3672 3673
f 4630 4628 3672
f 4628 3679 3672
f 4628 3681 3679
f 4603 3676 3671
f 4603 4610 3676
f 4598 4599 4613
f 4608 4631 4602
f 4631 4601 4602
f 4631 4600 4601
f 4632 4634 4633
f 4604 4635 4605
f 4635 4632 4605
f 4635 4636 4632
f 4636 4634 4632
f 4637 4639 4638
f 4637 4640 4639
f 4639 4640 4641
f 4640 4642 4641
f 4640 4633 4642
f 4633 4643 4642
f 4633 4634 4643
f 4638 4644 4637
f 4644 4645 4637
f 4644 4646 4645
f 4646 4647 4645
f 4647 4648 4645
f 4647 4649 4648
f 4649 4650 4648
f 4650 4651 4648
f 4650 4652 4651
f 4653 4655 4654
f 4655 4653 4656
f 4653 4657 4656
f 4653 4651 4657
f 4651 4658 4657
f 4651 4652 4658
f 4659 4661 4660
f 4661 4659 4662
f 4659 4663 4662
f 4659 4654 4663
f 4654 4664 4663
f 4654 4655 4664
f 4665 4660 4666
f 4660 4667 4666
f 4660 4661 4667
f 4668 4665 4669
f 4665 4670 4669
f 4665 4666 4670
f 4671 4673 4672
f 4673 4674 4672
f 4673 4668 4674
f 4668 4675 4674
f 4668 4669 4675
f 4676 4678 4677
f 4671 4679 4673
f 4679 4676 4673
f 4679 4680 4676
f 4680 4678 4676
f 4680 4681 4678
f 4682 4684 4683
f 4684 4685 4683
f 4684 4686 4685
f 4676 4688 4687
f 4688 4676 4689
f 4676 4690 4689
f 4676 4677 4690
f 4600 4631 4609
f 4631 4691 4609
f 4631 4692 4691
f 4692 4693 4691
f 4692 4694 4693
f 4694 4695 4693
f 4694 4696 4695
f 4696 4697 4695
f 4696 4698 4697
f 4698 4699 4697
f 4698 4700 4699
f 4700 4701 4699
f 4700 4702 4701
f 4702 4703 4701
f 4702 4704 4703
f 4704 4705 4703
f 4704 4706 4705
f 4706 4707 4705
f 4706 4708 4707
f 4708 4709 4707
f 4708 4710 4709
f 4710 4711 4709
f 4710 4712 4711
f 4712 4713 4711
f 4712 4714 4713
f 4714 4684 4713
f 4714 4715 4684
f 4715 4686 4684
f 4607 4612 4608
f 4612 4631 4608
f 4612 4716 4631
f 4716 4692 4631
f 4716 4717 4692
f 4717 4694 4692
f 4717 4718 4694
f 4718 4696 4694
f 4718 4719 4696
f 4719 4698 4696
f 4719 4720 4698
f 4720 4700 4698
f 4720 4721 4700
f 4721 4702 4700
f 4721 4722 4702
f 4722 4704 4702
f 4722 4723 4704
f 4723 4706 4704
f 4723 4724 4706
f 4724 4708 4706
f 4724 4725 4708
f 4725 4710 4708
f 4725 4726 4710
f 4726 4712 4710
f 4726 4727 4712
f 4727 4714 4712
f 4727 4728 4714
f 4728 4715 4714
f 4605 4632 4606
f 4632 4612 4606
f 4632 4633 4612
f 4633 4716 4612
f 4633 4640 4716
f 4640 4717 4716
f 4640 4637 4717
f 4637 4718 4717
f 4637 4645 4718
f 4645 4719 4718
f 4645 4648 4719
f 4648 4720 4719
f 4648 4651 4720
f 4651 4721 4720
f 4651 4653 4721
f 4653 4722 4721
f 4653 4654 4722
f 4654 4723 4722
f 4654 4659 4723
f 4659 4724 4723
f 4659 4660 4724
f 4660 4725 4724
f 4660 4665 4725
f 4665 4726 4725
f 4665 4668 4726
f 4668 4727 4726
f 4668 4673 4727
f 4673 4728 4727
f 4673 4676 4728
f 4676 4715 4728
f 4676 4687 4715
f 4687 4686 4715
f 4610 4611 3676
f 4611 3675 3676
f 4611 4613 3675
f 4613 4630 3675
f 4613 4729 4630
f 4729 4628 4630
f 4729 4730 4628
f 4730 4629 4628
f 4730 4731 4629
f 4731 4614 4629
f 4731 4732 4614
f 4732 4627 4614
f 4732 4733 4627
f 4733 4615 4627
f 4733 4734 4615
f 4734 4626 4615
f 4734 4735 4626
f 4735 4736 4626
f 4735 4737 4736
f 4737 4738 4736
f 4737 4739 4738
f 4739 4740 4738
f 4739 4741 4740
f 4741 4742 4740
f 4741 4618 4742
f 4618 4743 4742
f 4618 3780 4743
f 3711 4626 3710
f 4626 4624 3710
f 4626 4736 4624
f 4736 4625 4624
f 4736 4738 4625
f 4738 4623 4625
f 4738 4740 4623
f 4740 4622 4623
f 4740 4742 4622
f 4742 4621 4622
f 4742 4743 4621
f 4743 4620 4621
f 4743 3780 4620
f 3780 4619 4620
f 3780 3789 4619
f 3789 3770 4619
f 4609 4691 4599
f 4691 4613 4599
f 4691 4693 4613
f 4693 4729 4613
f 4693 4695 4729
f 4695 4730 4729
f 4695 4697 4730
f 4697 4731 4730
f 4697 4699 4731
f 4699 4732 4731
f 4699 4701 4732
f 4701 4733 4732
f 4701 4703 4733
f 4703 4734 4733
f 4703 4705 4734
f 4705 4735 4734
f 4705 4707 4735
f 4707 4737 4735
f 4707 4709 4737
f 4709 4739 4737
f 4709 4711 4739
f 4711 4741 4739
f 4711 4713 4741
f 4713 4618 4741
f 4713 4684 4618
f 4684 4617 4618
f 4684 4682 4617
f 4682 4616 4617
f 4678 4744 4677
f 3830 4745 3828
f 3385 4746 3869
f 4747 4749 4748
f 4750 4752 4751
f 4753 4755 4754
f 4756 4758 4757
f 4758 4759 4757
f 4759 4760 4757
f 4759 4761 4760
f 4753 4762 4755
f 4763 4765 4764
f 4750 4766 4752
f 4747 4767 4749
f 4768 3316 3318
f 4768 4769 3316
f 4769 3296 3316
f 4769 3295 3296
f 3318 3320 4768
f 3320 4770 4768
f 3320 3321 4770
f 4771 4770 3324
f 4770 3323 3324
f 4770 3321 3323
f 3336 4772 3334
f 4772 3333 3334
f 4772 4771 3333
f 4771 3328 3333
f 4771 3324 3328
f 3336 3338 4772
f 3338 4773 4772
f 3338 3339 4773
f 3339 3341 4773
f 3341 4774 4773
f 3341 3343 4774
f 4775 4776 3350
f 4776 3348 3350
f 4776 3347 3348
f 3358 4777 3356
f 4777 3355 3356
f 4777 4775 3355
f 4775 3351 3355
f 4775 3350 3351
f 3358 3360 4777
f 3360 4778 4777
f 3360 3361 4778
f 3361 3363 4778
f 3363 4779 4778
f 3363 3364 4779
f 3878 4779 3879
f 4779 3880 3879
f 3364 3304 4779
f 3304 3880 4779
f 3304 3305 3880
f 4780 3824 4781
f 4745 4781 3828
f 4781 3825 3828
f 4781 3824 3825
f 3836 4782 3835
f 4782 3833 3835
f 4782 4745 3833
f 4745 3831 3833
f 4745 3830 3831
f 3817 4616 3836
f 4616 4782 3836
f 4616 4682 4782
f 4682 4683 4782
f 4681 4783 4678
f 4783 4744 4678
f 4783 4784 4744
f 4784 4785 4744
f 4786 4788 4787
f 4788 4789 4787
f 4790 4792 4791
f 4790 4786 4792
f 4786 4793 4792
f 4786 4787 4793
f 4791 4794 4790
f 4794 4795 4790
f 4794 4796 4795
f 4796 4797 4795
f 4797 4798 4795
f 4797 4799 4798
f 4799 4800 4798
f 4800 4801 4798
f 4800 4802 4801
f 4803 4805 4804
f 4805 4803 4806
f 4803 4807 4806
f 4803 4801 4807
f 4801 4808 4807
f 4801 4802 4808
f 4809 4811 4810
f 4811 4809 4812
f 4809 4813 4812
f 4809 4804 4813
f 4804 4814 4813
f 4804 4805 4814
f 4815 4810 4816
f 4810 4817 4816
f 4810 4811 4817
f 4818 4815 4819
f 4815 4820 4819
f 4815 4816 4820
f 4759 4758 4821
f 4758 4822 4821
f 4758 4823 4822
f 4823 4824 4822
f 4823 4818 4824
f 4818 4825 4824
f 4818 4819 4825
f 4677 4744 4690
f 4744 4689 4690
f 4744 4688 4689
f 4751 4752 4763
f 4752 4765 4763
f 4752 4826 4765
f 4826 4827 4765
f 4826 4828 4827
f 4828 4829 4827
f 4828 4830 4829
f 4830 4831 4829
f 4830 4832 4831
f 4832 4833 4831
f 4832 4834 4833
f 4834 4835 4833
f 4834 4836 4835
f 4836 4837 4835
f 4836 4838 4837
f 4838 4839 4837
f 4838 4840 4839
f 4840 4841 4839
f 4840 4842 4841
f 4842 4843 4841
f 4842 4844 4843
f 4844 4845 4843
f 4844 4846 4845
f 4846 4847 4845
f 4846 4848 4847
f 4848 4849 4847
f 4848 4850 4849
f 4764 4765 4762
f 4765 4755 4762
f 4765 4827 4755
f 4827 4851 4755
f 4827 4829 4851
f 4829 4852 4851
f 4829 4831 4852
f 4831 4853 4852
f 4831 4833 4853
f 4833 4854 4853
f 4833 4835 4854
f 4835 4855 4854
f 4835 4837 4855
f 4837 4856 4855
f 4837 4839 4856
f 4839 4857 4856
f 4839 4841 4857
f 4841 4858 4857
f 4841 4843 4858
f 4843 4859 4858
f 4843 4845 4859
f 4845 4860 4859
f 4845 4847 4860
f 4847 4861 4860
f 4847 4849 4861
f 4849 4862 4861
f 4849 4850 4862
f 4850 4863 4862
f 4754 4755 4756
f 4755 4758 4756
f 4755 4851 4758
f 4851 4823 4758
f 4851 4852 4823
f 4852 4818 4823
f 4852 4853 4818
f 4853 4815 4818
f 4853 4854 4815
f 4854 4810 4815
f 4854 4855 4810
f 4855 4809 4810
f 4855 4856 4809
f 4856 4804 4809
f 4856 4857 4804
f 4857 4803 4804
f 4857 4858 4803
f 4858 4801 4803
f 4858 4859 4801
f 4859 4798 4801
f 4859 4860 4798
f 4860 4795 4798
f 4860 4861 4795
f 4861 4790 4795
f 4861 4862 4790
f 4862 4786 4790
f 4862 4863 4786
f 4863 4788 4786
f 4789 4788 4785
f 4788 4744 4785
f 4788 4863 4744
f 4863 4688 4744
f 4863 4850 4688
f 4850 4687 4688
f 4850 4848 4687
f 4848 4686 4687
f 4848 4685 4686
f 4769 4768 4767
f 4768 4749 4767
f 4768 4770 4749
f 4770 4864 4749
f 4770 4771 4864
f 4771 4865 4864
f 4771 4772 4865
f 4772 4866 4865
f 4772 4773 4866
f 4773 4867 4866
f 4773 4774 4867
f 4774 4868 4867
f 4774 4869 4868
f 4869 4870 4868
f 4869 4871 4870
f 4871 4872 4870
f 4871 4873 4872
f 4873 4874 4872
f 4873 4746 4874
f 4746 4780 4874
f 4746 3385 4780
f 3385 3824 4780
f 3347 4776 3343
f 4776 4774 3343
f 4776 4775 4774
f 4775 4869 4774
f 4775 4777 4869
f 4777 4871 4869
f 4777 4778 4871
f 4778 4873 4871
f 4778 4779 4873
f 4779 4746 4873
f 4779 3878 4746
f 3878 3869 4746
f 4748 4749 4766
f 4749 4752 4766
f 4749 4864 4752
f 4864 4826 4752
f 4864 4865 4826
f 4865 4828 4826
f 4865 4866 4828
f 4866 4830 4828
f 4866 4867 4830
f 4867 4832 4830
f 4867 4868 4832
f 4868 4834 4832
f 4868 4870 4834
f 4870 4836 4834
f 4870 4872 4836
f 4872 4838 4836
f 4872 4874 4838
f 4874 4840 4838
f 4874 4780 4840
f 4780 4842 4840
f 4780 4781 4842
f 4781 4844 4842
f 4781 4745 4844
f 4745 4846 4844
f 4745 4782 4846
f 4782 4848 4846
f 4782 4683 4848
f 4683 4685 4848
f 3905 3990 3904
f 3990 3988 3904
f 4005 3912 3997
f 3912 3986 3997
f 3912 3908 3986
f 3908 3988 3986
f 3908 3909 3988
f 3909 3904 3988
f 3905 3907 3990
f 3907 3992 3990
f 3907 3903 3992
f 3903 3180 3992
f 3180 3984 3992
f 3180 3181 3984
f 3181 3985 3984
f 3181 4875 3985
f 4875 4876 3985
f 4875 4877 4876
f 4877 4878 4876
f 4877 4879 4878
f 4879 4880 4878
f 4879 4881 4880
f 4881 4882 4880
f 4881 3278 4882
f 3278 3125 4882
f 3278 3279 3125
f 3310 3294 3111
f 3294 3109 3111
f 3294 3295 3109
f 3125 3279 3106
f 3279 3105 3106
f 3279 3291 3105
f 3291 3118 3105
f 3291 3292 3118
f 3292 3120 3118
f 3292 3312 3120
f 3312 3122 3120
f 3312 3314 3122
f 3314 3123 3122
f 3314 3309 3123
f 3309 3114 3123
f 3309 3310 3114
f 3310 3112 3114
f 3310 3111 3112
f 4754 4883 3082
f 3109 3295 3104
f 3295 3102 3104
f 3295 4769 3102
f 4769 3086 3102
f 4769 4767 3086
f 4767 3085 3086
f 4767 4747 3085
f 4747 3088 3085
f 4747 4748 3088
f 4748 3090 3088
f 4748 4766 3090
f 3082 3080 4754
f 3080 4753 4754
f 3080 3077 4753
f 3077 4762 4753
f 3077 3078 4762
f 4762 3078 4764
f 3078 4763 4764
f 3078 3096 4763
f 3096 4751 4763
f 3096 3098 4751
f 3098 4750 4751
f 3098 3094 4750
f 3094 4766 4750
f 3094 3092 4766
f 3092 3090 4766
f 4884 4885 4761
f 4885 4760 4761
f 4885 4886 4760
f 4886 4757 4760
f 4886 4883 4757
f 4883 4756 4757
f 4883 4754 4756
f 4887 4888 4886
f 4888 4883 4886
f 4888 3081 4883
f 3081 3082 4883
f 4889 4891 4890
f 4891 4892 4890
f 4893 4894 4889
f 4894 4891 4889
f 4895 4896 4893
f 4896 4894 4893
f 4897 4898 4895
f 4898 4896 4895
f 4899 4900 4898
f 4900 4901 4898
f 4902 4898 4903
f 4904 4906 4905
f 4907 4898 4908
f 4898 4909 4908
f 4909 4898 4910
f 4898 4911 4910
f 4898 4912 4911
f 4912 4898 4913
f 4898 4914 4913
f 4898 4915 4914
f 4915 4898 4916
f 4898 4917 4916
f 4898 4901 4917
f 4903 4898 4918
f 4898 4919 4918
f 4898 4920 4919
f 4921 4900 4922
f 4923 4900 4924
f 4900 4925 4924
f 4896 4898 4926
f 4898 4927 4926
f 4898 4928 4927
f 4928 4898 4929
f 4898 4930 4929
f 4898 4931 4930
f 4931 4898 4932
f 4898 4933 4932
f 4898 4902 4933
f 4920 4898 4934
f 4898 4935 4934
f 4898 4907 4935
f 4936 4906 4937
f 4906 4938 4937
f 4906 4939 4938
f 4939 4906 4940
f 4906 4941 4940
f 4906 4942 4941
f 4922 4900 4943
f 4900 4944 4943
f 4900 4923 4944
f 4925 4900 4945
f 4900 4946 4945
f 4900 4899 4946
f 4942 4906 4947
f 4906 4948 4947
f 4906 4949 4948
f 4949 4906 4950
f 4906 4951 4950
f 4906 4952 4951
f 4936 4900 4906
f 4900 4953 4906
f 4900 4921 4953
f 4954 4955 4906
f 4955 4956 4906
f 4952 4906 4957
f 4906 4958 4957
f 4906 4956 4958
f 4954 4906 4959
f 4906 4960 4959
f 4906 4904 4960
f 4904 4961 4960
f 4962 4963 4898
f 4963 4899 4898
f 4963 4964 4899
f 4964 4946 4899
f 4964 4965 4946
f 4965 4945 4946
f 4965 4966 4945
f 4966 4925 4945
f 4966 4967 4925
f 4967 4924 4925
f 4967 4968 4924
f 4968 4923 4924
f 4968 4969 4923
f 4969 4944 4923
f 4969 4970 4944
f 4970 4943 4944
f 4970 4971 4943
f 4971 4922 4943
f 4971 4972 4922
f 4972 4921 4922
f 4972 4973 4921
f 4973 4953 4921
f 4973 4974 4953
f 4974 4906 4953
f 4974 4975 4906
f 4975 4905 4906
f 4975 4976 4905
f 4976 4904 4905
f 4976 4977 4904
f 4977 4961 4904
f 4977 4978 4961
f 4978 4960 4961
f 4978 4979 4960
f 4979 4959 4960
f 4979 4980 4959
f 4980 4954 4959
f 4980 4981 4954
f 4981 4955 4954
f 4981 4982 4955
f 4982 4956 4955
f 4982 4983 4956
f 4983 4958 4956
f 4983 4984 4958
f 4984 4957 4958
f 4984 4985 4957
f 4985 4952 4957
f 4985 4986 4952
f 4986 4951 4952
f 4986 4987 4951
f 4987 4950 4951
f 4987 4988 4950
f 4988 4949 4950
f 4988 4989 4949
f 4989 4948 4949
f 4989 4990 4948
f 4990 4947 4948
f 4990 4991 4947
f 4991 4942 4947
f 4991 4992 4942
f 4992 4941 4942
f 4992 4993 4941
f 4993 4940 4941
f 4993 4994 4940
f 4994 4939 4940
f 4994 4995 4939
f 4995 4938 4939
f 4995 4996 4938
f 4996 4937 4938
f 4996 4997 4937
f 4997 4936 4937
f 4997 4998 4936
f 4998 4900 4936
f 4998 4999 4900
f 4999 4901 4900
f 4999 5000 4901
f 5000 4917 4901
f 5000 5001 4917
f 5001 4916 4917
f 5001 5002 4916
f 5002 4915 4916
f 5002 5003 4915
f 5003 4914 4915
f 5003 5004 4914
f 5004 4913 4914
f 5004 5005 4913
f 5005 4912 4913
f 5005 5006 4912
f 5006 4911 4912
f 5006 5007 4911
f 5007 4910 4911
f 5007 5008 4910
f 5008 4909 4910
f 5008 5009 4909
f 5009 4908 4909
f 5009 5010 4908
f 5010 4907 4908
f 5010 5011 4907
f 5011 4935 4907
f 5011 5012 4935
f 5012 4934 4935
f 5013 4920 4934
f 5014 4919 4920
f 5014 5015 4919
f 5015 4918 4919
f 5015 5016 4918
f 5016 4903 4918
f 5016 5017 4903
f 5017 4902 4903
f 5017 5018 4902
f 5018 4933 4902
f 5018 5019 4933
f 5019 4932 4933
f 5019 5020 4932
f 5020 4931 4932
f 5020 5021 4931
f 5021 4930 4931
f 5021 5022 4930
f 5022 4929 4930
f 5022 5023 4929
f 5023 4928 4929
f 5023 5024 4928
f 5024 4927 4928
f 5024 5025 4927
f 4927 5025 4926
f 5025 4896 4926
f 5025 4894 4896
f 5026 4962 4897
f 4962 4898 4897
f 5027 5029 5028
f 5029 5030 5028
f 5028 5030 5026
f 5030 4962 5026
f 5030 5031 4962
f 5031 4963 4962
f 5031 5032 4963
f 5032 4964 4963
f 5032 5033 4964
f 5033 4965 4964
f 5033 5034 4965
f 5034 4966 4965
f 5034 5035 4966
f 5035 4967 4966
f 5035 5036 4967
f 5036 4968 4967
f 5036 5037 4968
f 5037 4969 4968
f 5037 5038 4969
f 5038 4970 4969
f 5038 5039 4970
f 5039 4971 4970
f 5039 5040 4971
f 5040 4972 4971
f 5040 5041 4972
f 5041 4973 4972
f 5041 5042 4973
f 5042 4974 4973
f 5042 5043 4974
f 5043 4975 4974
f 5043 5044 4975
f 5044 4976 4975
f 5044 5045 4976
f 5045 4977 4976
f 5045 5046 4977
f 5046 4978 4977
f 5046 5047 4978
f 5047 4979 4978
f 5047 5048 4979
f 5048 4980 4979
f 5048 5049 4980
f 5049 4981 4980
f 5049 5050 4981
f 5050 4982 4981
f 5050 5051 4982
f 5051 4983 4982
f 5051 5052 4983
f 5052 4984 4983
f 5052 5053 4984
f 5053 4985 4984
f 5053 5054 4985
f 5054 4986 4985
f 5006 5005 5055
f 5005 5056 5055
f 5005 5004 5056
f 5004 5057 5056
f 5004 5003 5057
f 5003 5058 5057
f 5003 5002 5058
f 5002 5059 5058
f 5002 5001 5059
f 5001 5060 5059
f 5001 5000 5060
f 5000 5061 5060
f 5000 4999 5061
f 4999 5062 5061
f 4999 4998 5062
f 4998 5063 5062
f 4998 4997 5063
f 4997 5064 5063
f 4997 4996 5064
f 4996 5065 5064
f 4996 4995 5065
f 4995 5066 5065
f 4995 4994 5066
f 4994 5067 5066
f 4994 4993 5067
f 4993 5068 5067
f 4993 4992 5068
f 4992 5069 5068
f 4992 4991 5069
f 4991 5070 5069
f 4991 4990 5070
f 4990 5071 5070
f 4990 4989 5071
f 4989 5072 5071
f 4989 4988 5072
f 4988 5073 5072
f 4988 4987 5073
f 4987 5074 5073
f 4987 4986 5074
f 4986 5075 5074
f 4986 5054 5075
f 4894 5025 4891
f 5025 5076 4891
f 5025 5024 5076
f 5024 5077 5076
f 5024 5023 5077
f 5023 5078 5077
f 5023 5022 5078
f 5022 5079 5078
f 5022 5021 5079
f 5021 5080 5079
f 5021 5020 5080
f 5020 5081 5080
f 5020 5019 5081
f 5019 5082 5081
f 5019 5018 5082
f 5018 5083 5082
f 5018 5017 5083
f 5017 5084 5083
f 5017 5016 5084
f 5016 5085 5084
f 5016 5015 5085
f 5015 5086 5085
f 5015 5014 5086
f 5014 5087 5086
f 5014 5013 5087
f 5013 5088 5087
f 5013 5012 5088
f 5012 5089 5088
f 5012 5011 5089
f 5011 5090 5089
f 5011 5010 5090
f 5010 5091 5090
f 5010 5009 5091
f 5009 5092 5091
f 5009 5008 5092
f 5008 5093 5092
f 5008 5007 5093
f 5007 5094 5093
f 5007 5006 5094
f 5006 5095 5094
f 5006 5055 5095
f 5096 5032 5097
f 5032 5098 5097
f 5032 5031 5098
f 5031 5099 5098
f 5031 5030 5099
f 5030 5100 5099
f 5030 5029 5100
f 5032 5096 5033
f 5096 5034 5033
f 5096 5101 5034
f 5101 5035 5034
f 5101 5102 5035
f 5102 5036 5035
f 5102 5103 5036
f 5104 5043 5105
f 5043 5106 5105
f 5103 5107 5036
f 5107 5037 5036
f 5107 5108 5037
f 5108 5038 5037
f 5108 5109 5038
f 5109 5039 5038
f 5109 5110 5039
f 5110 5040 5039
f 5110 5111 5040
f 5111 5041 5040
f 5111 5106 5041
f 5106 5042 5041
f 5106 5043 5042
f 5045 5113 5112
f 5104 5113 5043
f 5113 5044 5043
f 5113 5045 5044
f 5114 5047 5115
f 5112 5115 5045
f 5115 5046 5045
f 5115 5047 5046
f 5050 5117 5116
f 5048 5047 5118
f 5047 5119 5118
f 5047 5114 5119
f 5117 5050 5120
f 5050 5118 5120
f 5050 5049 5118
f 5049 5048 5118
f 5121 5052 5122
f 5052 5123 5122
f 5116 5123 5050
f 5123 5051 5050
f 5123 5052 5051
f 5121 5124 5052
f 5124 5053 5052
f 5124 5125 5053
f 5125 5054 5053
f 5125 5126 5054
f 5126 5075 5054
f 5126 5127 5075
f 5075 5127 5074
f 5127 5073 5074
f 5127 5128 5073
f 5128 5129 5073
f 5129 5072 5073
f 5129 5130 5072
f 5130 5071 5072
f 5130 5131 5071
f 5131 5070 5071
f 5131 5132 5070
f 5070 5132 5069
f 5132 5068 5069
f 5132 5133 5068
f 5133 5134 5068
f 5068 5134 5067
f 5134 5066 5067
f 5134 5135 5066
f 5135 5136 5066
f 5066 5136 5065
f 5136 5064 5065
f 5136 5137 5064
f 5137 5138 5064
f 5138 5063 5064
f 5138 5139 5063
f 5139 5062 5063
f 5139 5140 5062
f 5140 5061 5062
f 5140 5141 5061
f 5141 5060 5061
f 5141 5059 5060
f 5142 5057 5143
f 5057 5144 5143
f 5057 5058 5144
f 5058 5145 5144
f 5058 5059 5145
f 5059 5146 5145
f 5059 5141 5146
f 5094 5148 5147
f 5057 5142 5056
f 5142 5055 5056
f 5142 5148 5055
f 5148 5095 5055
f 5148 5094 5095
f 5147 5149 5094
f 5149 5093 5094
f 5149 5150 5093
f 5093 5150 5092
f 5150 5091 5092
f 5150 5151 5091
f 5151 5090 5091
f 5151 5152 5090
f 5087 5154 5153
f 5152 5155 5090
f 5155 5089 5090
f 5155 5154 5089
f 5154 5088 5089
f 5154 5087 5088
f 5153 5156 5087
f 5156 5086 5087
f 5156 5157 5086
f 5157 5085 5086
f 5157 5158 5085
f 5158 5084 5085
f 5158 5159 5084
f 5159 5083 5084
f 5159 5160 5083
f 5160 5082 5083
f 5160 5161 5082
f 5082 5161 5081
f 5161 5080 5081
f 5161 5162 5080
f 5162 5163 5080
f 5080 5163 5079
f 5163 5078 5079
f 5163 5164 5078
f 5164 5165 5078
f 5076 4892 4891
f 5078 5165 5077
f 5165 5076 5077
f 5165 5166 5076
f 5166 4892 5076
f 5167 5169 5168
f 5170 5100 5029
f 5171 5173 5172
f 5174 5176 5175
f 5177 5179 5178
f 5179 5180 5178
f 5170 5181 5100
f 5168 5183 5182
f 5183 5184 5182
f 5183 5181 5184
f 5167 5185 5169
f 5186 5188 5187
f 5187 5188 5189
f 5188 5190 5189
f 5188 5185 5190
f 5181 5183 5100
f 5183 5099 5100
f 5183 5191 5099
f 5191 5098 5099
f 5191 5192 5098
f 5186 5193 5188
f 5193 5194 5188
f 5193 5195 5194
f 5195 5196 5194
f 5195 5197 5196
f 5197 5198 5196
f 5198 5199 5196
f 5198 5200 5199
f 5098 5192 5097
f 5192 5096 5097
f 5192 5201 5096
f 5201 5101 5096
f 5201 5202 5101
f 5101 5202 5102
f 5202 5103 5102
f 5202 5203 5103
f 5200 5204 5199
f 5204 5205 5199
f 5204 5206 5205
f 5206 5207 5205
f 5206 5208 5207
f 5103 5203 5107
f 5203 5108 5107
f 5203 5209 5108
f 5209 5109 5108
f 5209 5210 5109
f 5109 5210 5110
f 5210 5111 5110
f 5210 5211 5111
f 5208 5212 5207
f 5212 5213 5207
f 5212 5214 5213
f 5214 5215 5213
f 5214 5216 5215
f 5216 5217 5215
f 5216 5218 5217
f 5218 5219 5217
f 5219 5220 5217
f 5219 5221 5220
f 5111 5211 5106
f 5211 5105 5106
f 5211 5222 5105
f 5222 5104 5105
f 5222 5223 5104
f 5104 5223 5113
f 5223 5112 5113
f 5223 5224 5112
f 5225 5227 5226
f 5227 5228 5226
f 5227 5220 5228
f 5220 5229 5228
f 5220 5221 5229
f 5230 5225 5231
f 5225 5232 5231
f 5225 5226 5232
f 5112 5224 5115
f 5224 5114 5115
f 5224 5233 5114
f 5233 5119 5114
f 5233 5234 5119
f 5225 5230 5235
f 5230 5236 5235
f 5230 5237 5236
f 5237 5238 5236
f 5237 5239 5238
f 5239 5240 5238
f 5122 5123 5180
f 5123 5178 5180
f 5123 5116 5178
f 5116 5241 5178
f 5116 5117 5241
f 5117 5242 5241
f 5117 5120 5242
f 5120 5234 5242
f 5120 5118 5234
f 5118 5119 5234
f 5168 5169 5183
f 5169 5191 5183
f 5169 5243 5191
f 5243 5192 5191
f 5243 5244 5192
f 5244 5201 5192
f 5244 5245 5201
f 5245 5202 5201
f 5245 5246 5202
f 5246 5203 5202
f 5246 5247 5203
f 5247 5209 5203
f 5247 5248 5209
f 5248 5210 5209
f 5248 5249 5210
f 5249 5211 5210
f 5249 5250 5211
f 5250 5222 5211
f 5250 5251 5222
f 5251 5223 5222
f 5251 5252 5223
f 5252 5224 5223
f 5252 5253 5224
f 5253 5233 5224
f 5253 5254 5233
f 5254 5234 5233
f 5254 5255 5234
f 5255 5242 5234
f 5255 5256 5242
f 5256 5241 5242
f 5256 5257 5241
f 5257 5178 5241
f 5257 5174 5178
f 5174 5177 5178
f 5174 5175 5177
f 5185 5188 5169
f 5188 5243 5169
f 5188 5194 5243
f 5194 5244 5243
f 5194 5196 5244
f 5196 5245 5244
f 5196 5199 5245
f 5199 5246 5245
f 5199 5205 5246
f 5205 5247 5246
f 5205 5207 5247
f 5207 5248 5247
f 5207 5213 5248
f 5213 5249 5248
f 5213 5215 5249
f 5215 5250 5249
f 5215 5217 5250
f 5217 5251 5250
f 5217 5220 5251
f 5220 5252 5251
f 5220 5227 5252
f 5227 5253 5252
f 5227 5225 5253
f 5225 5254 5253
f 5225 5235 5254
f 5235 5255 5254
f 5235 5236 5255
f 5236 5256 5255
f 5236 5238 5256
f 5238 5257 5256
f 5238 5258 5257
f 5258 5174 5257
f 5258 5171 5174
f 5171 5176 5174
f 5171 5172 5176
f 5240 5259 5238
f 5259 5258 5238
f 5259 5260 5258
f 5260 5171 5258
f 5260 5261 5171
f 5261 5173 5171
f 5261 5262 5173
f 5187 5263 5186
f 5168 5182 5264
f 5182 5265 5264
f 5182 5184 5265
f 5184 5181 5265
f 5265 5181 5266
f 5181 5267 5266
f 5181 5170 5267
f 5170 5268 5267
f 5170 5029 5268
f 5029 5027 5268
f 5263 5187 5269
f 5187 5270 5269
f 5187 5189 5270
f 5189 5271 5270
f 5189 5190 5271
f 5190 5272 5271
f 5190 5185 5272
f 5185 5273 5272
f 5185 5167 5273
f 5167 5274 5273
f 5167 5168 5274
f 5168 5275 5274
f 5168 5264 5275
f 5276 5186 5263
f 5277 5279 5278
f 5279 5276 5278
f 5279 5280 5276
f 5280 5186 5276
f 5281 5283 5282
f 5283 5284 5282
f 5283 5285 5284
f 5285 5286 5284
f 5278 5287 5277
f 5287 5288 5277
f 5287 5289 5288
f 5289 5290 5288
f 5289 5291 5290
f 5292 5286 5293
f 5286 5294 5293
f 5286 5285 5294
f 5290 5291 5295
f 5291 5293 5295
f 5291 5296 5293
f 5296 5292 5293
f 5282 5297 5281
f 5282 5298 5297
f 5298 5299 5297
f 5298 5300 5299
f 5300 5301 5299
f 5300 5302 5301
f 5302 5303 5301
f 5302 5304 5303
f 5305 5307 5306
f 5308 5310 5309
f 5311 5313 5312
f 5277 5314 5279
f 5197 5314 5198
f 5208 5315 5212
f 5221 5316 5229
f 5317 5319 5318
f 5319 5320 5318
f 5319 5321 5320
f 5322 5318 5323
f 5318 5324 5323
f 5318 5320 5324
f 5325 5322 5326
f 5322 5327 5326
f 5322 5323 5327
f 5328 5325 5329
f 5325 5330 5329
f 5325 5326 5330
f 5331 5333 5332
f 5333 5334 5332
f 5335 5328 5336
f 5328 5337 5336
f 5328 5329 5337
f 5338 5340 5339
f 5340 5341 5339
f 5262 5261 5342
f 5261 5260 5342
f 5340 5240 5343
f 5342 5260 5338
f 5260 5340 5338
f 5260 5259 5340
f 5259 5240 5340
f 5344 5231 5345
f 5231 5344 5230
f 5344 5237 5230
f 5344 5343 5237
f 5343 5239 5237
f 5343 5240 5239
f 5229 5316 5228
f 5316 5226 5228
f 5316 5345 5226
f 5345 5232 5226
f 5345 5231 5232
f 5346 5219 5347
f 5315 5348 5212
f 5212 5348 5214
f 5348 5216 5214
f 5348 5347 5216
f 5347 5218 5216
f 5347 5219 5218
f 5314 5349 5198
f 5198 5349 5200
f 5349 5204 5200
f 5349 5315 5204
f 5315 5206 5204
f 5315 5208 5206
f 5197 5195 5314
f 5195 5279 5314
f 5195 5193 5279
f 5193 5280 5279
f 5193 5186 5280
f 5294 5350 5293
f 5293 5350 5295
f 5350 5290 5295
f 5350 5288 5290
f 5283 5351 5285
f 5283 5281 5351
f 5303 5352 5301
f 5352 5299 5301
f 5352 5297 5299
f 5353 5354 5304
f 5355 5357 5356
f 5355 5358 5357
f 5358 5359 5357
f 5358 5360 5359
f 5361 5363 5362
f 5363 5364 5362
f 5364 5363 5365
f 5363 5366 5365
f 5363 5358 5366
f 5358 5367 5366
f 5358 5355 5367
f 5313 5368 5312
f 5312 5368 5369
f 5368 5370 5369
f 5368 5361 5370
f 5361 5371 5370
f 5361 5362 5371
f 5311 5372 5313
f 5372 5373 5313
f 5372 5374 5373
f 5374 5375 5373
f 5375 5376 5373
f 5375 5377 5376
f 5377 5378 5376
f 5378 5379 5376
f 5378 5380 5379
f 5380 5381 5379
f 5381 5382 5379
f 5381 5383 5382
f 5384 5382 5385
f 5382 5386 5385
f 5382 5383 5386
f 5310 5387 5309
f 5309 5387 5388
f 5387 5389 5388
f 5387 5384 5389
f 5384 5390 5389
f 5384 5385 5390
f 5308 5391 5310
f 5391 5392 5310
f 5391 5393 5392
f 5393 5394 5392
f 5394 5395 5392
f 5394 5396 5395
f 5396 5397 5395
f 5397 5398 5395
f 5397 5399 5398
f 5399 5400 5398
f 5399 5401 5400
f 5305 5402 5307
f 5403 5405 5404
f 5405 5406 5404
f 5405 5407 5406
f 5408 5398 5409
f 5398 5410 5409
f 5398 5400 5410
f 5297 5352 5281
f 5352 5351 5281
f 5352 5411 5351
f 5411 5412 5351
f 5411 5413 5412
f 5413 5414 5412
f 5413 5415 5414
f 5415 5416 5414
f 5415 5417 5416
f 5417 5418 5416
f 5417 5419 5418
f 5419 5420 5418
f 5419 5421 5420
f 5421 5422 5420
f 5421 5423 5422
f 5423 5424 5422
f 5423 5425 5424
f 5425 5426 5424
f 5425 5427 5426
f 5427 5428 5426
f 5427 5429 5428
f 5429 5430 5428
f 5429 5431 5430
f 5431 5432 5430
f 5431 5433 5432
f 5433 5434 5432
f 5433 5406 5434
f 5406 5435 5434
f 5406 5407 5435
f 5304 5354 5303
f 5354 5352 5303
f 5354 5436 5352
f 5436 5411 5352
f 5436 5437 5411
f 5437 5413 5411
f 5437 5438 5413
f 5438 5415 5413
f 5438 5439 5415
f 5439 5417 5415
f 5439 5440 5417
f 5440 5419 5417
f 5440 5441 5419
f 5441 5421 5419
f 5441 5442 5421
f 5442 5423 5421
f 5442 5443 5423
f 5443 5425 5423
f 5443 5444 5425
f 5444 5427 5425
f 5444 5445 5427
f 5445 5429 5427
f 5445 5446 5429
f 5446 5431 5429
f 5446 5447 5431
f 5447 5433 5431
f 5447 5448 5433
f 5448 5406 5433
f 5448 5307 5406
f 5307 5404 5406
f 5307 5402 5404
f 5402 5403 5404
f 5360 5358 5353
f 5358 5354 5353
f 5358 5363 5354
f 5363 5436 5354
f 5363 5361 5436
f 5361 5437 5436
f 5361 5368 5437
f 5368 5438 5437
f 5368 5313 5438
f 5313 5439 5438
f 5313 5373 5439
f 5373 5440 5439
f 5373 5376 5440
f 5376 5441 5440
f 5376 5379 5441
f 5379 5442 5441
f 5379 5382 5442
f 5382 5443 5442
f 5382 5384 5443
f 5384 5444 5443
f 5384 5387 5444
f 5387 5445 5444
f 5387 5310 5445
f 5310 5446 5445
f 5310 5392 5446
f 5392 5447 5446
f 5392 5395 5447
f 5395 5448 5447
f 5395 5398 5448
f 5398 5307 5448
f 5398 5408 5307
f 5408 5306 5307
f 5449 5435 5450
f 5435 5451 5450
f 5435 5407 5451
f 5288 5350 5277
f 5350 5314 5277
f 5350 5452 5314
f 5452 5349 5314
f 5452 5453 5349
f 5453 5315 5349
f 5453 5454 5315
f 5454 5348 5315
f 5454 5455 5348
f 5455 5347 5348
f 5455 5456 5347
f 5456 5346 5347
f 5456 5457 5346
f 5457 5458 5346
f 5457 5459 5458
f 5459 5460 5458
f 5459 5461 5460
f 5461 5462 5460
f 5461 5335 5462
f 5335 5333 5462
f 5335 5336 5333
f 5336 5334 5333
f 5219 5346 5221
f 5346 5316 5221
f 5346 5458 5316
f 5458 5345 5316
f 5458 5460 5345
f 5460 5344 5345
f 5460 5462 5344
f 5462 5343 5344
f 5462 5333 5343
f 5333 5340 5343
f 5333 5331 5340
f 5331 5341 5340
f 5285 5351 5294
f 5351 5350 5294
f 5351 5412 5350
f 5412 5452 5350
f 5412 5414 5452
f 5414 5453 5452
f 5414 5416 5453
f 5416 5454 5453
f 5416 5418 5454
f 5418 5455 5454
f 5418 5420 5455
f 5420 5456 5455
f 5420 5422 5456
f 5422 5457 5456
f 5422 5424 5457
f 5424 5459 5457
f 5424 5426 5459
f 5426 5461 5459
f 5426 5428 5461
f 5428 5335 5461
f 5428 5430 5335
f 5430 5328 5335
f 5430 5432 5328
f 5432 5325 5328
f 5432 5434 5325
f 5434 5322 5325
f 5434 5435 5322
f 5435 5318 5322
f 5435 5449 5318
f 5449 5317 5318
f 5302 5463 5304
f 5463 5353 5304
f 5463 5464 5353
f 5464 5360 5353
f 5464 5359 5360
f 5464 5465 5359
f 5465 5357 5359
f 5465 5356 5357
f 3115 3113 5273
f 3113 5272 5273
f 3113 3110 5272
f 3110 5271 5272
f 3110 3108 5271
f 3119 3121 5264
f 3121 5275 5264
f 3121 3115 5275
f 3115 5274 5275
f 3115 5273 5274
f 3116 3117 5267
f 3117 5266 5267
f 3117 3119 5266
f 3119 5265 5266
f 3119 5264 5265
f 3994 3987 5466
f 3987 5467 5466
f 3987 3989 5467
f 3989 5468 5467
f 3989 3991 5468
f 3991 5469 5468
f 3991 3993 5469
f 3993 5470 5469
f 3993 3982 5470
f 3982 4890 5470
f 3982 3983 4890
f 3983 4889 4890
f 3983 5471 4889
f 5471 4893 4889
f 5471 5472 4893
f 5472 4895 4893
f 5472 5473 4895
f 5473 4897 4895
f 5473 5474 4897
f 5474 5026 4897
f 5474 3124 5026
f 3124 5028 5026
f 3124 3107 5028
f 3107 5027 5028
f 3107 3116 5027
f 3116 5268 5027
f 3116 5267 5268
f 5271 3108 5270
f 3108 5269 5270
f 3108 3103 5269
f 3103 5263 5269
f 3103 3101 5263
f 3101 5276 5263
f 3101 3087 5276
f 3087 5278 5276
f 3087 3089 5278
f 3089 5287 5278
f 3089 3091 5287
f 3091 5289 5287
f 3091 3093 5289
f 3093 5291 5289
f 3093 3100 5291
f 3100 5296 5291
f 3100 3099 5296
f 3099 5292 5296
f 3099 3097 5292
f 3097 5286 5292
f 3097 3095 5286
f 3095 5284 5286
f 3095 3079 5284
f 3079 5282 5284
f 3079 3084 5282
f 3084 5298 5282
f 3084 3083 5298
f 3083 5300 5298
f 3083 3081 5300
f 3081 5302 5300
f 3081 4888 5302
f 4888 5463 5302
f 4888 4887 5463
f 4887 5464 5463
f 4887 5475 5464
f 5475 5465 5464
f 5475 5476 5465
f 5476 5475 4884
f 5475 4885 4884
f 5475 4887 4885
f 4887 4886 4885
f 5477 5478 4589
f 5478 5479 4589
f 4584 5480 4583
f 5480 4589 4583
f 5480 5481 4589
f 5481 5477 4589
f 5476 4884 5465
f 4884 5356 5465
f 4884 5355 5356
f 4589 5479 4604
f 5479 4635 4604
f 5479 4636 4635
f 4636 5479 4634
f 5479 4643 4634
f 5479 5482 4643
f 5482 4642 4643
f 5482 5483 4642
f 5483 4641 4642
f 5483 5484 4641
f 5484 4639 4641
f 5484 5485 4639
f 5485 4638 4639
f 5485 5486 4638
f 5486 4644 4638
f 5486 5487 4644
f 5487 4646 4644
f 5487 5488 4646
f 5488 4647 4646
f 5488 5489 4647
f 5489 4649 4647
f 5489 5490 4649
f 5490 4650 4649
f 5490 5491 4650
f 5491 4652 4650
f 5491 5492 4652
f 5492 4658 4652
f 5492 5493 4658
f 5493 4657 4658
f 5493 5494 4657
f 5494 4656 4657
f 5494 5495 4656
f 5495 4655 4656
f 5495 5496 4655
f 5496 4664 4655
f 5496 5497 4664
f 5497 4663 4664
f 5497 5498 4663
f 5498 4662 4663
f 5498 5499 4662
f 5499 4661 4662
f 5499 5500 4661
f 5500 4667 4661
f 5500 5501 4667
f 5501 4666 4667
f 5501 5502 4666
f 5502 4670 4666
f 5502 5503 4670
f 5503 4669 4670
f 5503 5504 4669
f 5504 4675 4669
f 5504 5505 4675
f 4675 5505 4674
f 5505 4672 4674
f 5505 5506 4672
f 5506 4671 4672
f 5506 5507 4671
f 5507 4679 4671
f 5507 5508 4679
f 5508 4680 4679
f 5508 5401 4680
f 5401 4681 4680
f 5401 5399 4681
f 5399 4783 4681
f 5399 5397 4783
f 5397 4784 4783
f 5397 5396 4784
f 5396 4785 4784
f 5396 5394 4785
f 5394 4789 4785
f 5394 5393 4789
f 5393 4787 4789
f 5393 5391 4787
f 5391 4793 4787
f 5391 5308 4793
f 5308 4792 4793
f 5308 5309 4792
f 5309 4791 4792
f 5309 5388 4791
f 5388 4794 4791
f 5388 5389 4794
f 5389 4796 4794
f 5389 5390 4796
f 5390 4797 4796
f 5390 5385 4797
f 5385 4799 4797
f 5385 5386 4799
f 5386 4800 4799
f 5386 5383 4800
f 5383 4802 4800
f 5383 5381 4802
f 5381 4808 4802
f 5381 5380 4808
f 5380 4807 4808
f 5380 5378 4807
f 5378 4806 4807
f 5378 5377 4806
f 5377 4805 4806
f 5377 5375 4805
f 5375 4814 4805
f 5375 5374 4814
f 5374 4813 4814
f 5374 5372 4813
f 5372 4812 4813
f 5372 5311 4812
f 5311 4811 4812
f 5311 5312 4811
f 5312 4817 4811
f 5312 5369 4817
f 5369 4816 4817
f 5369 5370 4816
f 5370 4820 4816
f 5370 5371 4820
f 5371 4819 4820
f 5371 5362 4819
f 5362 4825 4819
f 5362 5364 4825
f 5364 4824 4825
f 5364 5365 4824
f 5365 4822 4824
f 5365 5366 4822
f 5366 4821 4822
f 5366 5367 4821
f 5367 4759 4821
f 5367 5355 4759
f 5355 4761 4759
f 5355 4884 4761
f 4584 4585 5480
f 4585 4567 5480
f 4585 4566 4567
f 5509 5511 5510
f 5484 5512 5485
f 5486 5513 5487
f 5488 5514 5489
f 5515 4504 4505
f 4548 5516 4550
f 4561 5517 4545
f 5518 4570 4571
f 4570 5518 4569
f 5518 4568 4569
f 5518 4567 4568
f 4558 5519 4560
f 5519 4572 4560
f 5519 5518 4572
f 5518 4573 4572
f 5518 4571 4573
f 4545 5517 4547
f 5517 4554 4547
f 5517 5519 4554
f 5519 4556 4554
f 5519 4558 4556
f 4552 5520 4565
f 5520 4564 4565
f 5520 5517 4564
f 5517 4562 4564
f 5517 4561 4562
f 5521 5523 5522
f 5521 5522 4445
f 5522 4419 4445
f 5522 4541 4419
f 4541 4421 4419
f 4452 5524 4450
f 5524 4449 4450
f 5524 4447 4449
f 4455 5525 4454
f 5525 4452 4454
f 4456 5511 4455
f 4466 5510 4464
f 5510 4463 4464
f 5510 5511 4463
f 5511 4457 4463
f 5511 4456 4457
f 4474 5526 4476
f 5526 4477 4476
f 4474 4472 5526
f 4472 5527 5526
f 4472 4479 5527
f 4480 4485 5528
f 4485 5529 5528
f 4485 4486 5529
f 4486 4488 5529
f 4488 5530 5529
f 4488 4490 5530
f 4490 4493 5530
f 4493 5531 5530
f 4493 4494 5531
f 4494 4496 5531
f 4496 5532 5531
f 4496 4498 5532
f 4498 4499 5532
f 4499 5533 5532
f 4499 4500 5533
f 4500 4502 5533
f 4502 5534 5533
f 4502 4503 5534
f 4503 4504 5534
f 4504 5535 5534
f 4504 5515 5535
f 5536 5534 5537
f 5534 5538 5537
f 5534 5535 5538
f 5539 5541 5540
f 5542 5544 5543
f 5544 5545 5543
f 5321 5540 5546
f 5540 5547 5546
f 5540 5541 5547
f 5548 5508 5507
f 5508 5548 5401
f 5548 5400 5401
f 5548 5410 5400
f 5507 5506 5548
f 5506 5549 5548
f 5506 5505 5549
f 5505 5550 5549
f 5505 5504 5550
f 5551 5550 5502
f 5550 5503 5502
f 5550 5504 5503
f 5498 5552 5499
f 5552 5500 5499
f 5552 5551 5500
f 5551 5501 5500
f 5551 5502 5501
f 5498 5497 5552
f 5497 5553 5552
f 5497 5496 5553
f 5496 5554 5553
f 5496 5495 5554
f 5495 5494 5554
f 5494 5555 5554
f 5494 5493 5555
f 5493 5492 5555
f 5492 5556 5555
f 5492 5491 5556
f 5514 5556 5489
f 5556 5490 5489
f 5556 5491 5490
f 5557 5483 5482
f 5558 5479 5478
f 5477 5481 5518
f 5481 4567 5518
f 5481 5480 4567
f 5402 5559 5403
f 5402 5305 5559
f 5403 5559 5405
f 5559 5407 5405
f 5559 5560 5407
f 5560 5451 5407
f 5560 5450 5451
f 5408 5561 5306
f 5408 5409 5561
f 5562 5564 5563
f 5564 5565 5563
f 5564 5566 5565
f 5566 5567 5565
f 5566 5568 5567
f 5568 5569 5567
f 5568 5570 5569
f 5570 5571 5569
f 5570 5572 5571
f 5572 5573 5571
f 5572 5574 5573
f 5574 5575 5573
f 5574 5576 5575
f 5576 5577 5575
f 5576 5560 5577
f 5560 5578 5577
f 5560 5559 5578
f 5563 5565 5579
f 5565 5580 5579
f 5565 5567 5580
f 5567 5581 5580
f 5567 5569 5581
f 5569 5582 5581
f 5569 5571 5582
f 5571 5583 5582
f 5571 5573 5583
f 5573 5584 5583
f 5573 5575 5584
f 5575 5585 5584
f 5575 5577 5585
f 5577 5586 5585
f 5577 5578 5586
f 5578 5587 5586
f 5578 5559 5587
f 5559 5561 5587
f 5559 5305 5561
f 5305 5306 5561
f 5579 5580 5514
f 5580 5556 5514
f 5580 5581 5556
f 5581 5555 5556
f 5581 5582 5555
f 5582 5554 5555
f 5582 5583 5554
f 5583 5553 5554
f 5583 5584 5553
f 5584 5552 5553
f 5584 5585 5552
f 5585 5551 5552
f 5585 5586 5551
f 5586 5550 5551
f 5586 5587 5550
f 5587 5549 5550
f 5587 5561 5549
f 5561 5548 5549
f 5561 5409 5548
f 5409 5410 5548
f 4550 5516 4552
f 5516 5520 4552
f 5516 5588 5520
f 5588 5517 5520
f 5588 5589 5517
f 5589 5519 5517
f 5589 5590 5519
f 5590 5518 5519
f 5590 5558 5518
f 5558 5477 5518
f 5558 5478 5477
f 4468 5591 4466
f 5591 5510 4466
f 5591 5592 5510
f 5592 5509 5510
f 4455 5511 5525
f 5511 5593 5525
f 5511 5509 5593
f 5509 5594 5593
f 5509 5592 5594
f 5592 5595 5594
f 5592 5562 5595
f 5596 5598 5597
f 5598 5599 5597
f 5598 5600 5599
f 5600 5601 5599
f 5600 5602 5601
f 5602 5603 5601
f 5602 5604 5603
f 5604 5605 5603
f 5604 5606 5605
f 5606 5512 5605
f 5606 5513 5512
f 5513 5485 5512
f 5513 5486 5485
f 5596 5521 5524
f 5521 4447 5524
f 5521 4445 4447
f 5523 5521 4548
f 5521 5516 4548
f 5521 5607 5516
f 5607 5588 5516
f 5607 5608 5588
f 5608 5589 5588
f 5608 5609 5589
f 5609 5590 5589
f 5609 5610 5590
f 5610 5558 5590
f 5610 5557 5558
f 5557 5479 5558
f 5557 5482 5479
f 5596 5597 5521
f 5597 5607 5521
f 5597 5599 5607
f 5599 5608 5607
f 5599 5601 5608
f 5601 5609 5608
f 5601 5603 5609
f 5603 5610 5609
f 5603 5605 5610
f 5605 5557 5610
f 5605 5512 5557
f 5512 5483 5557
f 5512 5484 5483
f 4452 5525 5524
f 5525 5596 5524
f 5525 5593 5596
f 5593 5598 5596
f 5593 5594 5598
f 5594 5600 5598
f 5594 5595 5600
f 5595 5602 5600
f 5595 5562 5602
f 5562 5604 5602
f 5562 5563 5604
f 5563 5606 5604
f 5563 5579 5606
f 5579 5513 5606
f 5579 5514 5513
f 5514 5487 5513
f 5514 5488 5487
f 5449 5540 5317
f 5540 5319 5317
f 5540 5321 5319
f 5526 5527 5611
f 5527 5612 5611
f 5527 5613 5612
f 5613 5614 5612
f 5613 5615 5614
f 5615 5616 5614
f 5615 5617 5616
f 5617 5618 5616
f 5617 5619 5618
f 5619 5620 5618
f 5619 5621 5620
f 5621 5622 5620
f 5621 5544 5622
f 5544 5539 5622
f 5544 5542 5539
f 5542 5541 5539
f 4480 5528 4479
f 5528 5527 4479
f 5528 5529 5527
f 5529 5613 5527
f 5529 5530 5613
f 5530 5615 5613
f 5530 5531 5615
f 5531 5617 5615
f 5531 5532 5617
f 5532 5619 5617
f 5532 5533 5619
f 5533 5621 5619
f 5533 5534 5621
f 5534 5544 5621
f 5534 5536 5544
f 5536 5545 5544
f 5450 5560 5449
f 5560 5540 5449
f 5560 5576 5540
f 5576 5539 5540
f 5576 5574 5539
f 5574 5622 5539
f 5574 5572 5622
f 5572 5620 5622
f 5572 5570 5620
f 5570 5618 5620
f 5570 5568 5618
f 5568 5616 5618
f 5568 5566 5616
f 5566 5614 5616
f 5566 5564 5614
f 5564 5612 5614
f 5564 5562 5612
f 5562 5611 5612
f 5562 5592 5611
f 5592 5526 5611
f 5592 5591 5526
f 5591 4477 5526
f 5591 4468 4477
f 5522 4542 4541
f 4548 4549 5523
f 4549 5522 5523
f 4549 4586 5522
f 4586 4542 5522
f 5623 5625 5624
f 5626 5628 5627
f 5629 5631 5630
f 5632 5634 5633
f 5635 5637 5636
f 5638 5640 5639
f 5641 5643 5642
f 5644 5646 5645
f 5647 5649 5648
f 5650 5652 5651
f 5653 5655 5654
f 5656 5624 5625
f 5657 5627 5628
f 5658 5660 5659
f 5661 5653 5654
f 5662 5664 5663
f 5665 5667 5666
f 5668 5630 5631
f 5669 5671 5670
f 5672 5664 5673
f 5672 5663 5664
f 5674 5639 5640
f 5675 5639 5676
f 5634 5677 5633
f 5678 5680 5679
f 5681 5636 5637
f 5682 5684 5683
f 5651 5686 5685
f 5651 5652 5686
f 5643 5675 5676
f 5643 5687 5642
f 5688 5645 5646
f 5689 5691 5690
f 5692 5694 5693
f 5695 5697 5696
f 5697 5698 5696
f 5699 5701 5700
f 5701 5702 5700
f 5703 5705 5704
f 5705 5706 5704
f 5707 5709 5708
f 5709 5710 5708
f 5707 5708 5711
f 5708 5712 5711
f 5708 5698 5712
f 5698 5713 5712
f 5698 5697 5713
f 5714 5716 5715
f 5716 5717 5715
f 5718 5720 5719
f 5720 5721 5719
f 5722 5724 5723
f 5724 5725 5723
f 5722 5723 5726
f 5723 5727 5726
f 5723 5728 5727
f 5703 5704 5729
f 5704 5730 5729
f 5704 5710 5730
f 5710 5731 5730
f 5710 5709 5731
f 5732 5734 5733
f 5735 5737 5736
f 5737 5738 5736
f 5739 5741 5740
f 5741 5742 5740
f 5743 5745 5744
f 5745 5746 5744
f 5747 5749 5748
f 5749 5750 5748
f 5751 5753 5752
f 5753 5754 5752
f 5755 5757 5756
f 5757 5758 5756
f 5759 5761 5760
f 5762 5764 5763
f 5764 5765 5763
f 5762 5763 5766
f 5763 5767 5766
f 5763 5725 5767
f 5725 5768 5767
f 5725 5724 5768
f 5718 5719 5769
f 5719 5770 5769
f 5719 5733 5770
f 5733 5771 5770
f 5733 5734 5771
f 5772 5774 5773
f 5774 5775 5773
f 5772 5773 5776
f 5773 5777 5776
f 5773 5778 5777
f 5779 5781 5780
f 5781 5782 5780
f 5755 5756 5783
f 5756 5784 5783
f 5756 5760 5784
f 5760 5785 5784
f 5760 5761 5785
f 5727 5728 5786
f 5728 5787 5786
f 5728 5702 5787
f 5702 5788 5787
f 5702 5701 5788
f 5699 5700 5789
f 5700 5790 5789
f 5700 5706 5790
f 5706 5791 5790
f 5706 5705 5791
f 5695 5696 5792
f 5696 5793 5792
f 5696 5717 5793
f 5717 5794 5793
f 5717 5716 5794
f 5714 5715 5795
f 5715 5796 5795
f 5715 5721 5796
f 5721 5797 5796
f 5721 5720 5797
f 5734 5732 5798
f 5732 5799 5798
f 5732 5738 5799
f 5738 5800 5799
f 5738 5737 5800
f 5735 5736 5801
f 5736 5802 5801
f 5736 5775 5802
f 5775 5803 5802
f 5775 5774 5803
f 5743 5744 5804
f 5744 5805 5804
f 5744 5782 5805
f 5782 5806 5805
f 5782 5781 5806
f 5761 5759 5807
f 5759 5808 5807
f 5759 5765 5808
f 5765 5809 5808
f 5765 5764 5809
f 5777 5778 5810
f 5778 5811 5810
f 5778 5742 5811
f 5742 5812 5811
f 5742 5741 5812
f 5739 5740 5813
f 5740 5814 5813
f 5740 5746 5814
f 5746 5815 5814
f 5746 5745 5815
f 5779 5780 5816
f 5780 5817 5816
f 5780 5750 5817
f 5750 5818 5817
f 5750 5749 5818
f 5747 5748 5819
f 5748 5820 5819
f 5748 5754 5820
f 5754 5821 5820
f 5754 5753 5821
f 5751 5752 5822
f 5752 5823 5822
f 5752 5758 5823
f 5758 5824 5823
f 5758 5757 5824
f 5825 5754 5826
f 5748 5828 5827
f 5752 5830 5829
f 5831 5756 5832
f 5833 5765 5834
f 5759 5836 5835
f 5837 5728 5838
f 5839 5706 5840
f 5700 5842 5841
f 5843 5710 5844
f 5845 5717 5846
f 5847 5719 5848
f 5849 5738 5850
f 5732 5852 5851
f 5853 5778 5854
f 5855 5746 5856
f 5740 5858 5857
f 5782 5860 5859
f 5861 5863 5862
f 5864 5866 5865
f 5867 5869 5868
f 5870 5872 5871
f 5873 5875 5874
f 5876 5878 5877
f 5879 5843 5844
f 5880 5882 5881
f 5883 5839 5840
f 5884 5841 5842
f 5885 5887 5886
f 5888 5890 5889
f 5891 5837 5838
f 5874 5892 5873
f 5893 5895 5894
f 5896 5898 5897
f 5899 5877 5878
f 5870 5871 5900
f 5901 5903 5902
f 5904 5849 5850
f 5905 5851 5852
f 5906 5847 5848
f 5907 5909 5908
f 5910 5845 5846
f 5902 5911 5901
f 5912 5914 5913
f 5915 5917 5916
f 5918 5920 5919
f 5921 5897 5898
f 5895 5922 5894
f 5923 5859 5860
f 5924 5926 5925
f 5927 5857 5858
f 5928 5930 5929
f 5931 5853 5854
f 5917 5932 5916
f 5867 5933 5869
f 5866 5934 5865
f 5862 5935 5861
f 5936 5919 5920
f 5914 5937 5913
f 5938 5833 5834
f 5939 5835 5836
f 5940 5831 5832
f 5941 5943 5942
f 5828 5944 5827
f 5945 5825 5826
f 5689 5946 5691
f 5943 5941 5947
f 5948 5950 5949
f 5951 5684 5682
f 5952 5954 5953
f 5955 5880 5881
f 5956 5888 5889
f 5665 5957 5667
f 5909 5907 5958
f 5954 5952 5959
f 5960 5660 5658
f 5950 5948 5647
f 5961 5924 5925
f 5962 5928 5929
usemtl Material_002
f 221 219 59
f 219 40 59
f 219 222 40
f 222 5963 40
f 60 5964 132
f 60 40 5964
f 40 5965 5964
f 40 5963 5965
f 5966 62 133
f 62 60 134
f 60 5967 134
f 60 131 5967
f 5966 5968 62
f 5968 61 62
f 5968 138 61
f 9 5969 136
f 9 61 5969
f 61 137 5969
f 5970 64 5971
f 64 5972 5971
f 64 9 5972
f 9 5973 5972
f 9 135 5973
f 5970 5974 64
f 5974 45 64
f 5974 5975 45
f 65 5976 140
f 65 45 5976
f 45 5977 5976
f 45 5975 5977
f 5978 28 5979
f 28 5980 5979
f 28 65 5980
f 65 5981 5980
f 65 139 5981
f 5978 5982 28
f 5982 66 28
f 5982 5983 66
f 48 5985 5984
f 48 66 5985
f 66 5986 5985
f 66 5983 5986
f 75 5987 142
f 75 48 5987
f 48 5988 5987
f 48 5984 5988
f 18 75 144
f 75 5989 144
f 75 141 5989
f 67 5990 146
f 67 18 5990
f 18 5991 5990
f 18 143 5991
f 51 67 148
f 67 5992 148
f 67 145 5992
f 68 5994 5993
f 68 51 5994
f 51 5995 5994
f 51 147 5995
f 110 5996 150
f 110 68 5996
f 68 5997 5996
f 68 5993 5997
f 5998 69 5999
f 69 6000 5999
f 69 110 6000
f 110 6001 6000
f 110 149 6001
f 5998 6002 69
f 6002 76 69
f 6002 6003 76
f 6004 29 171
f 29 173 171
f 29 76 173
f 76 240 173
f 76 6003 240
f 52 6005 152
f 52 29 6005
f 29 6006 6005
f 29 6004 6006
f 6007 54 153
f 54 52 154
f 52 6008 154
f 52 151 6008
f 6007 6009 54
f 6009 53 54
f 6009 158 53
f 3 6010 156
f 3 53 6010
f 53 157 6010
f 6011 32 159
f 32 3 160
f 3 6012 160
f 3 155 6012
f 6011 6013 32
f 6013 21 32
f 6013 6014 21
f 33 6015 162
f 33 21 6015
f 21 6016 6015
f 21 6014 6016
f 6017 12 6018
f 12 6019 6018
f 12 33 6019
f 33 6020 6019
f 33 161 6020
f 6017 186 12
f 186 22 12
f 186 187 22
f 15 6022 6021
f 15 22 6022
f 22 201 6022
f 22 187 201
f 34 6023 164
f 34 15 6023
f 15 6024 6023
f 15 6021 6024
f 6 6026 6025
f 6 34 6026
f 34 6027 6026
f 34 163 6027
f 35 6028 166
f 35 6 6028
f 6 6029 6028
f 6 6025 6029
f 25 35 168
f 35 6030 168
f 35 165 6030
f 36 6032 6031
f 36 25 6032
f 25 6033 6032
f 25 167 6033
f 80 6034 170
f 80 36 6034
f 36 6035 6034
f 36 6031 6035
f 37 6037 6036
f 37 80 6037
f 80 6038 6037
f 80 169 6038
f 221 59 6039
f 59 6040 6039
f 59 37 6040
f 37 6041 6040
f 37 6036 6041
f 6042 6044 6043
f 6018 6045 6017
f 6020 197 6046
f 176 171 6047
f 171 172 6047
f 6048 174 175
f 179 6050 6049
f 6050 6051 6049
f 6050 6048 6051
f 6052 6054 6053
f 6055 6057 6056
f 6057 181 6056
f 6057 180 181
f 185 6058 184
f 185 6059 6058
f 6059 6060 6058
f 6059 181 6060
f 181 6061 6060
f 181 182 6061
f 186 185 188
f 185 6062 188
f 185 183 6062
f 176 174 171
f 174 6004 171
f 174 6063 6004
f 6064 6066 6065
f 6066 6052 6065
f 6066 177 6052
f 177 6054 6052
f 177 178 6054
f 6004 6063 6006
f 6063 6005 6006
f 6063 6067 6005
f 6067 152 6005
f 6067 189 152
f 189 6008 151
f 189 6068 6008
f 6068 154 6008
f 6068 190 154
f 190 6069 153
f 6070 6072 6071
f 6072 6073 6071
f 6072 6074 6073
f 6074 192 6073
f 6074 191 192
f 191 6064 193
f 6064 6075 193
f 6064 6065 6075
f 6076 6070 6077
f 6070 6078 6077
f 6070 6071 6078
f 153 6069 6007
f 6069 6009 6007
f 6069 6079 6009
f 6079 158 6009
f 6079 194 158
f 6070 6076 6080
f 6076 6081 6080
f 6076 6082 6081
f 6082 6083 6081
f 194 6010 157
f 194 6084 6010
f 6084 156 6010
f 6084 195 156
f 195 6085 155
f 6086 6088 6087
f 6088 6089 6087
f 6088 6083 6089
f 6083 6090 6089
f 6083 6082 6090
f 155 6085 6012
f 6085 160 6012
f 6085 196 160
f 196 6091 159
f 6092 6094 6093
f 6094 6095 6093
f 6094 6086 6095
f 6086 6096 6095
f 6086 6087 6096
f 159 6091 6011
f 6091 6013 6011
f 6091 6097 6013
f 6097 6014 6013
f 6097 6098 6014
f 6014 6098 6016
f 6098 6015 6016
f 6098 6099 6015
f 6099 162 6015
f 6099 197 162
f 197 6020 161
f 6048 6050 174
f 6050 6063 174
f 6050 6100 6063
f 6100 6067 6063
f 6100 6101 6067
f 6101 189 6067
f 6101 6102 189
f 6102 6068 189
f 6102 6103 6068
f 6103 190 6068
f 6103 6104 190
f 6104 6069 190
f 6104 6105 6069
f 6105 6079 6069
f 6105 6106 6079
f 6106 194 6079
f 6106 6107 194
f 6107 6084 194
f 6107 6108 6084
f 6108 195 6084
f 6108 6109 195
f 6109 6085 195
f 6109 6110 6085
f 6110 196 6085
f 6110 6111 196
f 6111 6091 196
f 6111 6112 6091
f 6112 6097 6091
f 6112 6113 6097
f 6113 6098 6097
f 6113 6114 6098
f 6114 6099 6098
f 6114 6115 6099
f 6115 197 6099
f 6115 6116 197
f 6116 6046 197
f 6116 6117 6046
f 179 177 6050
f 177 6100 6050
f 177 6066 6100
f 6066 6101 6100
f 6066 6064 6101
f 6064 6102 6101
f 6064 191 6102
f 191 6103 6102
f 191 6074 6103
f 6074 6104 6103
f 6074 6072 6104
f 6072 6105 6104
f 6072 6070 6105
f 6070 6106 6105
f 6070 6080 6106
f 6080 6107 6106
f 6080 6081 6107
f 6081 6108 6107
f 6081 6083 6108
f 6083 6109 6108
f 6083 6088 6109
f 6088 6110 6109
f 6088 6086 6110
f 6086 6111 6110
f 6086 6094 6111
f 6094 6112 6111
f 6094 6092 6112
f 6092 6113 6112
f 6092 6118 6113
f 6118 6114 6113
f 6118 6119 6114
f 6119 6115 6114
f 6119 6120 6115
f 6120 6116 6115
f 6120 6121 6116
f 6121 6117 6116
f 6121 200 6117
f 200 6122 199
f 200 6121 6122
f 6121 6123 6122
f 6121 6120 6123
f 6120 6124 6123
f 6120 6119 6124
f 6119 354 6124
f 6119 6118 354
f 6118 353 354
f 6118 6092 353
f 6092 6125 353
f 6092 6093 6125
f 6043 6044 198
f 6044 200 198
f 6044 6126 200
f 6126 6117 200
f 6126 6127 6117
f 6127 6046 6117
f 6127 6019 6046
f 6019 6020 6046
f 6128 6129 6042
f 6129 6044 6042
f 6129 6130 6044
f 6130 6126 6044
f 6130 6045 6126
f 6045 6127 6126
f 6045 6018 6127
f 6018 6019 6127
f 6056 181 6128
f 181 6129 6128
f 181 6059 6129
f 6059 6130 6129
f 6059 185 6130
f 185 6045 6130
f 185 186 6045
f 186 6017 6045
f 188 6062 201
f 6058 202 184
f 202 6062 183
f 6061 6131 6060
f 6131 6058 6060
f 6057 203 180
f 203 6061 182
f 6132 204 205
f 204 6133 206
f 220 207 6134
f 6134 207 208
f 207 6135 209
f 6062 202 201
f 202 6022 201
f 202 6136 6022
f 6136 6021 6022
f 6136 6137 6021
f 6055 6138 6057
f 6138 203 6057
f 6138 6139 203
f 6139 6140 203
f 6139 6141 6140
f 6141 6142 6140
f 6141 6143 6142
f 6021 6137 6024
f 6137 6023 6024
f 6137 6144 6023
f 6144 164 6023
f 6144 210 164
f 210 6145 163
f 6143 211 6142
f 211 212 6142
f 213 6146 212
f 213 6147 6146
f 6147 6148 6146
f 6147 6149 6148
f 6149 6150 6148
f 6149 6151 6150
f 163 6145 6027
f 6145 6026 6027
f 6145 6152 6026
f 6152 6025 6026
f 6152 6153 6025
f 6025 6153 6029
f 6153 6028 6029
f 6153 6154 6028
f 6154 166 6028
f 6154 6155 166
f 6151 6156 6150
f 6156 6157 6150
f 6156 6158 6157
f 6158 6159 6157
f 6158 6160 6159
f 6160 6161 6159
f 6160 6162 6161
f 6162 6163 6161
f 6163 6164 6161
f 6163 6165 6164
f 6165 6166 6164
f 6165 6167 6166
f 166 6155 165
f 6155 6030 165
f 6155 6168 6030
f 6168 168 6030
f 6168 214 168
f 214 6169 167
f 6167 6170 6166
f 6170 6171 6166
f 6170 6172 6171
f 6172 6173 6171
f 6172 6174 6173
f 167 6169 6033
f 6169 6032 6033
f 6169 6175 6032
f 6175 6031 6032
f 6175 6176 6031
f 6031 6176 6035
f 6176 6034 6035
f 6176 6177 6034
f 6177 170 6034
f 6177 218 170
f 6174 215 6173
f 215 216 6173
f 217 6178 216
f 217 6179 6178
f 6179 6180 6178
f 6179 6181 6180
f 6181 6182 6180
f 6181 6183 6182
f 6183 6184 6182
f 6183 6185 6184
f 218 6038 169
f 218 6186 6038
f 6186 6037 6038
f 6186 6187 6037
f 6187 6036 6037
f 6187 6188 6036
f 221 207 220
f 221 6039 207
f 6039 6189 207
f 6039 6040 6189
f 6040 6188 6189
f 6040 6041 6188
f 6041 6036 6188
f 6058 6131 202
f 6131 6136 202
f 6131 6190 6136
f 6190 6137 6136
f 6190 6191 6137
f 6191 6144 6137
f 6191 6192 6144
f 6192 210 6144
f 6192 6193 210
f 6193 6145 210
f 6193 6194 6145
f 6194 6152 6145
f 6194 6195 6152
f 6195 6153 6152
f 6195 6196 6153
f 6196 6154 6153
f 6196 6197 6154
f 6197 6155 6154
f 6197 6198 6155
f 6198 6168 6155
f 6198 6199 6168
f 6199 214 6168
f 6199 6200 214
f 6200 6169 214
f 6200 6201 6169
f 6201 6175 6169
f 6201 6202 6175
f 6202 6176 6175
f 6202 6203 6176
f 6203 6177 6176
f 6203 6204 6177
f 6204 218 6177
f 6204 6205 218
f 6205 6186 218
f 6205 6206 6186
f 6206 6187 6186
f 6206 6207 6187
f 6207 6188 6187
f 6207 6208 6188
f 6208 6189 6188
f 6208 6209 6189
f 6209 207 6189
f 6209 6210 207
f 6210 6135 207
f 6210 6211 6135
f 6061 203 6131
f 203 6190 6131
f 203 6140 6190
f 6140 6191 6190
f 6140 6142 6191
f 6142 6192 6191
f 6142 212 6192
f 212 6193 6192
f 212 6146 6193
f 6146 6194 6193
f 6146 6148 6194
f 6148 6195 6194
f 6148 6150 6195
f 6150 6196 6195
f 6150 6157 6196
f 6157 6197 6196
f 6157 6159 6197
f 6159 6198 6197
f 6159 6161 6198
f 6161 6199 6198
f 6161 6164 6199
f 6164 6200 6199
f 6164 6166 6200
f 6166 6201 6200
f 6166 6171 6201
f 6171 6202 6201
f 6171 6173 6202
f 6173 6203 6202
f 6173 216 6203
f 216 6204 6203
f 216 6178 6204
f 6178 6205 6204
f 6178 6180 6205
f 6180 6206 6205
f 6180 6182 6206
f 6182 6207 6206
f 6182 6184 6207
f 6184 6208 6207
f 6184 6212 6208
f 6212 6209 6208
f 6212 6213 6209
f 6213 6210 6209
f 6213 204 6210
f 204 6211 6210
f 204 6132 6211
f 6185 6214 6184
f 6214 6212 6184
f 6214 6215 6212
f 6215 6213 6212
f 6215 6216 6213
f 6216 204 6213
f 6216 6217 204
f 6217 6133 204
f 6217 6218 6133
f 6219 6221 6220
f 5979 6222 5978
f 5981 235 6223
f 220 6134 222
f 6135 223 209
f 223 6134 208
f 6132 6224 6211
f 6224 6135 6211
f 6132 205 224
f 6225 6133 6218
f 6226 6228 6227
f 6228 226 6227
f 6228 225 226
f 227 6229 226
f 227 6230 6229
f 228 6229 6231
f 6229 6232 6231
f 6229 6230 6232
f 5982 6233 5983
f 6233 5982 6234
f 5982 229 6234
f 5982 228 229
f 228 6231 230
f 6134 223 222
f 223 5963 222
f 223 6235 5963
f 6236 6238 6237
f 6238 6225 6237
f 6238 224 6225
f 224 6133 6225
f 224 206 6133
f 5963 6235 5965
f 6235 5964 5965
f 6235 6239 5964
f 6239 132 5964
f 6239 231 132
f 231 5967 131
f 231 6240 5967
f 6240 134 5967
f 6240 232 134
f 232 6241 133
f 6242 6244 6243
f 6244 6245 6243
f 6244 6246 6245
f 6246 6247 6245
f 6246 6248 6247
f 6248 6249 6247
f 6248 6236 6249
f 6236 6250 6249
f 6236 6237 6250
f 6251 6242 6252
f 6242 6253 6252
f 6242 6243 6253
f 133 6241 5966
f 6241 5968 5966
f 6241 6254 5968
f 6254 138 5968
f 6254 233 138
f 6242 6251 6255
f 6251 6256 6255
f 6251 6257 6256
f 6257 6258 6256
f 233 5969 137
f 233 6259 5969
f 6259 136 5969
f 6259 234 136
f 234 6260 135
f 6261 6263 6262
f 6263 6264 6262
f 6263 6258 6264
f 6258 6265 6264
f 6258 6257 6265
f 135 6260 5973
f 6260 5972 5973
f 6260 6266 5972
f 6266 5971 5972
f 6266 6267 5971
f 6268 6270 6269
f 6270 6271 6269
f 6270 6261 6271
f 6261 6272 6271
f 6261 6262 6272
f 5971 6267 5970
f 6267 5974 5970
f 6267 6273 5974
f 6273 5975 5974
f 6273 6274 5975
f 5975 6274 5977
f 6274 5976 5977
f 6274 6275 5976
f 6275 140 5976
f 6275 235 140
f 235 5981 139
f 6135 6224 223
f 6224 6235 223
f 6224 6276 6235
f 6276 6239 6235
f 6276 6277 6239
f 6277 231 6239
f 6277 6278 231
f 6278 6240 231
f 6278 6279 6240
f 6279 232 6240
f 6279 6280 232
f 6280 6241 232
f 6280 6281 6241
f 6281 6254 6241
f 6281 6282 6254
f 6282 233 6254
f 6282 6283 233
f 6283 6259 233
f 6283 6284 6259
f 6284 234 6259
f 6284 6285 234
f 6285 6260 234
f 6285 6286 6260
f 6286 6266 6260
f 6286 6287 6266
f 6287 6267 6266
f 6287 6288 6267
f 6288 6273 6267
f 6288 6289 6273
f 6289 6274 6273
f 6289 6290 6274
f 6290 6275 6274
f 6290 6291 6275
f 6291 235 6275
f 6291 6292 235
f 6292 6223 235
f 6292 6293 6223
f 6132 224 6224
f 224 6276 6224
f 224 6238 6276
f 6238 6277 6276
f 6238 6236 6277
f 6236 6278 6277
f 6236 6248 6278
f 6248 6279 6278
f 6248 6246 6279
f 6246 6280 6279
f 6246 6244 6280
f 6244 6281 6280
f 6244 6242 6281
f 6242 6282 6281
f 6242 6255 6282
f 6255 6283 6282
f 6255 6256 6283
f 6256 6284 6283
f 6256 6258 6284
f 6258 6285 6284
f 6258 6263 6285
f 6263 6286 6285
f 6263 6261 6286
f 6261 6287 6286
f 6261 6270 6287
f 6270 6288 6287
f 6270 6268 6288
f 6268 6289 6288
f 6268 6294 6289
f 6294 6290 6289
f 6294 6295 6290
f 6295 6291 6290
f 6295 6296 6291
f 6296 6292 6291
f 6296 6297 6292
f 6297 6293 6292
f 6297 238 6293
f 238 6298 237
f 238 6297 6298
f 6297 6299 6298
f 6297 6296 6299
f 6296 6300 6299
f 6296 6295 6300
f 6295 343 6300
f 6295 6294 343
f 6294 342 343
f 6294 6268 342
f 6268 6301 342
f 6268 6269 6301
f 6220 6221 236
f 6221 238 236
f 6221 6302 238
f 6302 6293 238
f 6302 6303 6293
f 6303 6223 6293
f 6303 5980 6223
f 5980 5981 6223
f 6304 6305 6219
f 6305 6221 6219
f 6305 6306 6221
f 6306 6302 6221
f 6306 6222 6302
f 6222 6303 6302
f 6222 5979 6303
f 5979 5980 6303
f 6227 226 6304
f 226 6305 6304
f 226 6229 6305
f 6229 6306 6305
f 6229 228 6306
f 228 6222 6306
f 228 5982 6222
f 5982 5978 6222
f 254 6054 178
f 6051 6307 6049
f 6307 179 6049
f 239 6048 175
f 240 6047 172
f 229 5986 6234
f 5986 6233 6234
f 5986 5983 6233
f 6231 241 230
f 227 6308 6230
f 6308 6232 6230
f 6308 6231 6232
f 6228 242 225
f 229 241 5986
f 241 5985 5986
f 241 6309 5985
f 6309 5984 5985
f 6309 6310 5984
f 6226 6311 6228
f 6311 242 6228
f 6311 6312 242
f 6312 6313 242
f 6312 6314 6313
f 6314 6315 6313
f 6314 6316 6315
f 5984 6310 5988
f 6310 5987 5988
f 6310 6317 5987
f 6317 142 5987
f 6317 243 142
f 243 6318 141
f 6316 244 6315
f 244 245 6315
f 246 6319 245
f 246 6320 6319
f 6320 6321 6319
f 6320 6322 6321
f 6322 6323 6321
f 6322 6324 6323
f 141 6318 5989
f 6318 144 5989
f 6318 247 144
f 247 6325 143
f 143 6325 5991
f 6325 5990 5991
f 6325 6326 5990
f 6326 146 5990
f 6326 248 146
f 6324 6327 6323
f 6327 6328 6323
f 6327 6329 6328
f 6329 6330 6328
f 6329 6331 6330
f 6331 6332 6330
f 6331 6333 6332
f 6333 6334 6332
f 6334 6335 6332
f 6334 6336 6335
f 6336 6337 6335
f 6336 6338 6337
f 248 5992 145
f 248 6339 5992
f 6339 148 5992
f 6339 249 148
f 249 6340 147
f 6338 6341 6337
f 6341 6342 6337
f 6341 6343 6342
f 6343 6344 6342
f 6343 6345 6344
f 147 6340 5995
f 6340 5994 5995
f 6340 6346 5994
f 6346 5993 5994
f 6346 6347 5993
f 5993 6347 5997
f 6347 5996 5997
f 6347 6348 5996
f 6348 150 5996
f 6348 253 150
f 6345 250 6344
f 250 251 6344
f 252 6349 251
f 252 6350 6349
f 6350 6351 6349
f 6350 6352 6351
f 6352 6353 6351
f 6352 6354 6353
f 6354 6355 6353
f 6354 6356 6355
f 253 6001 149
f 253 6357 6001
f 6357 6000 6001
f 6357 6358 6000
f 6358 5999 6000
f 6358 6359 5999
f 6047 240 176
f 240 239 176
f 240 6003 239
f 6003 6360 239
f 6003 6002 6360
f 6002 6359 6360
f 6002 5998 6359
f 5998 5999 6359
f 6231 6308 241
f 6308 6309 241
f 6308 6361 6309
f 6361 6310 6309
f 6361 6362 6310
f 6362 6317 6310
f 6362 6363 6317
f 6363 243 6317
f 6363 6364 243
f 6364 6318 243
f 6364 6365 6318
f 6365 247 6318
f 6365 6366 247
f 6366 6325 247
f 6366 6367 6325
f 6367 6326 6325
f 6367 6368 6326
f 6368 248 6326
f 6368 6369 248
f 6369 6339 248
f 6369 6370 6339
f 6370 249 6339
f 6370 6371 249
f 6371 6340 249
f 6371 6372 6340
f 6372 6346 6340
f 6372 6373 6346
f 6373 6347 6346
f 6373 6374 6347
f 6374 6348 6347
f 6374 6375 6348
f 6375 253 6348
f 6375 6376 253
f 6376 6357 253
f 6376 6377 6357
f 6377 6358 6357
f 6377 6378 6358
f 6378 6359 6358
f 6378 6379 6359
f 6379 6360 6359
f 6379 6380 6360
f 6380 239 6360
f 6380 6307 239
f 6307 6048 239
f 6307 6051 6048
f 227 242 6308
f 242 6361 6308
f 242 6313 6361
f 6313 6362 6361
f 6313 6315 6362
f 6315 6363 6362
f 6315 245 6363
f 245 6364 6363
f 245 6319 6364
f 6319 6365 6364
f 6319 6321 6365
f 6321 6366 6365
f 6321 6323 6366
f 6323 6367 6366
f 6323 6328 6367
f 6328 6368 6367
f 6328 6330 6368
f 6330 6369 6368
f 6330 6332 6369
f 6332 6370 6369
f 6332 6335 6370
f 6335 6371 6370
f 6335 6337 6371
f 6337 6372 6371
f 6337 6342 6372
f 6342 6373 6372
f 6342 6344 6373
f 6344 6374 6373
f 6344 251 6374
f 251 6375 6374
f 251 6349 6375
f 6349 6376 6375
f 6349 6351 6376
f 6351 6377 6376
f 6351 6353 6377
f 6353 6378 6377
f 6353 6355 6378
f 6355 6379 6378
f 6355 6381 6379
f 6381 6380 6379
f 6381 6382 6380
f 6382 6307 6380
f 6382 254 6307
f 254 179 6307
f 6356 6383 6355
f 6383 6381 6355
f 6383 6384 6381
f 6384 6382 6381
f 6384 6385 6382
f 6385 254 6382
f 6385 6386 254
f 6386 6054 254
f 6386 6053 6054
f 6387 6389 6388
f 6390 6387 6388
f 6387 6392 6391
f 6393 6387 6391
f 6389 6387 6393
f 6387 6395 6394
f 6396 6387 6394
f 6392 6387 6396
f 6387 6398 6397
f 6399 6387 6397
f 6395 6387 6399
f 6387 6401 6400
f 6402 6387 6400
f 6398 6387 6402
f 6387 6404 6403
f 6405 6387 6403
f 6401 6387 6405
f 6387 6407 6406
f 6408 6387 6406
f 6404 6387 6408
f 6387 6410 6409
f 6411 6387 6409
f 6407 6387 6411
f 6387 6413 6412
f 6414 6387 6412
f 6410 6387 6414
f 6387 6416 6415
f 6417 6387 6415
f 6413 6387 6417
f 6387 6419 6418
f 6420 6387 6418
f 6416 6387 6420
f 6387 6422 6421
f 6423 6387 6421
f 6419 6387 6423
f 6387 6425 6424
f 6426 6387 6424
f 6422 6387 6426
f 6425 6387 6390
f 6427 6429 6428
f 257 312 256
f 257 276 312
f 255 6430 257
f 6430 6431 257
f 6430 6432 6431
f 6433 6431 6434
f 6431 6435 6434
f 6431 6432 6435
f 6436 6438 6437
f 6438 6439 6437
f 6438 6433 6439
f 6433 6440 6439
f 6433 6434 6440
f 6441 6438 329
f 6438 6442 329
f 6438 6436 6442
f 258 6441 6443
f 6441 6444 6443
f 6441 329 6444
f 6445 6447 6446
f 6447 259 6446
f 6447 258 259
f 258 6443 260
f 6448 6447 6449
f 6447 6450 6449
f 6447 6445 6450
f 263 261 6451
f 261 325 6451
f 261 6448 325
f 6448 327 325
f 6448 6449 327
f 6452 261 6453
f 261 262 6453
f 285 282 6452
f 282 6454 6452
f 285 6452 322
f 6452 6455 322
f 6452 6453 6455
f 6456 6458 6457
f 6458 295 6457
f 6458 6454 295
f 6454 6459 295
f 6454 282 6459
f 6460 6458 6461
f 6458 6462 6461
f 6458 6456 6462
f 292 6463 294
f 6463 6464 294
f 6463 6460 6464
f 6460 6465 6464
f 6460 6461 6465
f 264 6463 6466
f 6463 6467 6466
f 6463 292 6467
f 6428 6429 290
f 6429 265 290
f 6429 264 265
f 264 6466 266
f 6427 6468 6429
f 6468 6469 6429
f 6468 6470 6469
f 6470 6471 6469
f 6471 6472 6469
f 6471 6473 6472
f 6474 6476 6475
f 6476 6477 6475
f 6476 6472 6477
f 6472 6478 6477
f 6472 6473 6478
f 6474 281 6476
f 281 6479 6476
f 281 279 6479
f 279 298 6479
f 298 6480 6479
f 298 6481 6480
f 6481 6482 6480
f 6482 6483 6480
f 6482 6484 6483
f 6485 6483 6486
f 6483 6487 6486
f 6483 6484 6487
f 6488 6490 6489
f 6490 6491 6489
f 6490 6485 6491
f 6485 6492 6491
f 6485 6486 6492
f 267 6490 269
f 6490 307 269
f 6490 6488 307
f 6493 6495 6494
f 6495 6496 6494
f 6495 267 6496
f 267 268 6496
f 6493 6497 6495
f 6497 6498 6495
f 6497 6499 6498
f 6499 6500 6498
f 6500 6501 6498
f 6500 6502 6501
f 270 6501 6503
f 6501 6504 6503
f 6501 6502 6504
f 6505 304 311
f 304 6505 303
f 6505 271 303
f 6505 270 271
f 270 6503 272
f 6506 6508 6507
f 6508 319 6507
f 6508 6505 319
f 6505 310 319
f 6505 311 310
f 6506 6509 6508
f 6509 6510 6508
f 6509 6511 6510
f 6511 6512 6510
f 6512 6513 6510
f 6512 6514 6513
f 6515 6517 6516
f 6517 6518 6516
f 6517 6513 6518
f 6513 6519 6518
f 6513 6514 6519
f 6520 6517 6521
f 6517 6522 6521
f 6517 6515 6522
f 6523 6525 6524
f 6525 316 6524
f 6525 6520 316
f 6520 6526 316
f 6520 6521 6526
f 6527 6525 6528
f 6525 6529 6528
f 6525 6523 6529
f 275 6530 274
f 275 6527 6530
f 6527 6531 6530
f 6527 6528 6531
f 312 276 277
f 276 275 278
f 275 6532 278
f 275 273 6532
f 6388 6389 6533
f 6389 6534 6533
f 6389 6393 6534
f 6393 6535 6534
f 6393 6391 6535
f 6391 6536 6535
f 6391 6392 6536
f 6392 6537 6536
f 6392 6396 6537
f 6396 6538 6537
f 6396 6394 6538
f 6394 6539 6538
f 6394 6395 6539
f 6395 6540 6539
f 6395 6399 6540
f 6399 6541 6540
f 6399 6397 6541
f 6397 6542 6541
f 6397 6398 6542
f 6398 6543 6542
f 6398 6402 6543
f 6402 6544 6543
f 6402 6400 6544
f 6400 6545 6544
f 6400 6401 6545
f 6401 6546 6545
f 6401 6405 6546
f 6405 6547 6546
f 6405 6403 6547
f 6403 6548 6547
f 6403 6404 6548
f 6404 6549 6548
f 6404 6408 6549
f 6408 6550 6549
f 6408 6406 6550
f 6406 6551 6550
f 6406 6407 6551
f 6407 6552 6551
f 6407 6411 6552
f 6411 6553 6552
f 6411 6409 6553
f 6409 6554 6553
f 6409 6410 6554
f 6410 6555 6554
f 6410 6414 6555
f 6414 6556 6555
f 6414 6412 6556
f 6412 6557 6556
f 6412 6413 6557
f 6413 6558 6557
f 6413 6417 6558
f 6417 6559 6558
f 6417 6415 6559
f 6415 6560 6559
f 6415 6416 6560
f 6416 6561 6560
f 6416 6420 6561
f 6420 6562 6561
f 6420 6418 6562
f 6418 6563 6562
f 6418 6419 6563
f 6419 6564 6563
f 6419 6423 6564
f 6423 6565 6564
f 6423 6421 6565
f 6421 6566 6565
f 6421 6422 6566
f 6422 6567 6566
f 6422 6426 6567
f 6426 6568 6567
f 6426 6424 6568
f 6424 6569 6568
f 6424 6425 6569
f 6425 6570 6569
f 6425 6390 6570
f 6390 6571 6570
f 6390 6388 6571
f 6388 6533 6571
f 6533 6534 6476
f 6534 6472 6476
f 6534 6535 6472
f 6535 6469 6472
f 6535 6536 6469
f 6536 6429 6469
f 6536 6537 6429
f 6537 264 6429
f 6537 6538 264
f 6538 6463 264
f 6538 6539 6463
f 6539 6460 6463
f 6539 6540 6460
f 6540 6458 6460
f 6540 6541 6458
f 6541 6454 6458
f 6541 6542 6454
f 6542 6452 6454
f 6542 6543 6452
f 6543 261 6452
f 6543 6544 261
f 6544 6448 261
f 6544 6545 6448
f 6545 6447 6448
f 6545 6546 6447
f 6546 258 6447
f 6546 6547 258
f 6547 6441 258
f 6547 6548 6441
f 6548 6438 6441
f 6548 6549 6438
f 6549 6433 6438
f 6549 6550 6433
f 6550 6431 6433
f 6550 6551 6431
f 6551 257 6431
f 6551 6552 257
f 6552 276 257
f 6552 6553 276
f 6553 275 276
f 6553 6554 275
f 6554 6527 275
f 6554 6555 6527
f 6555 6525 6527
f 6555 6556 6525
f 6556 6520 6525
f 6556 6557 6520
f 6557 6517 6520
f 6557 6558 6517
f 6558 6513 6517
f 6558 6559 6513
f 6559 6510 6513
f 6559 6560 6510
f 6560 6508 6510
f 6560 6561 6508
f 6561 6505 6508
f 6561 6562 6505
f 6562 270 6505
f 6562 6563 270
f 6563 6501 270
f 6563 6564 6501
f 6564 6498 6501
f 6564 6565 6498
f 6565 6495 6498
f 6565 6566 6495
f 6566 267 6495
f 6566 6567 267
f 6567 6490 267
f 6567 6568 6490
f 6568 6485 6490
f 6568 6569 6485
f 6569 6483 6485
f 6569 6570 6483
f 6570 6480 6483
f 6570 6571 6480
f 6571 6479 6480
f 6571 6533 6479
f 6533 6476 6479
f 6572 6466 6467
f 6573 6468 6427
f 6470 6574 6471
f 287 6576 6575
f 281 286 280
f 323 282 283
f 281 6576 287
f 281 6474 6576
f 6474 6577 6576
f 6474 6475 6577
f 6475 6578 6577
f 6574 6579 6471
f 6579 6473 6471
f 6579 6580 6473
f 6580 6478 6473
f 6580 6578 6478
f 6578 6477 6478
f 6578 6475 6477
f 6470 6468 6574
f 6468 6581 6574
f 6468 6573 6581
f 288 6573 290
f 6573 6428 290
f 6573 6427 6428
f 290 291 289
f 290 265 291
f 266 6582 291
f 266 6466 6582
f 6466 6583 6582
f 6466 6572 6583
f 6467 292 6572
f 292 293 6572
f 294 6584 293
f 294 6464 6584
f 6464 6465 6584
f 6465 6585 6584
f 6465 6461 6585
f 6461 6586 6585
f 6461 6462 6586
f 6462 6587 6586
f 6462 6456 6587
f 6456 6588 6587
f 6456 6457 6588
f 6457 296 6588
f 6457 295 296
f 295 6459 297
f 6459 6589 297
f 6459 282 6589
f 282 6590 6589
f 282 323 6590
f 6591 6503 6504
f 6592 302 303
f 299 6592 301
f 6593 287 6575
f 6592 303 301
f 303 305 301
f 303 271 305
f 272 6594 305
f 272 6503 6594
f 6503 6595 6594
f 6503 6591 6595
f 6504 6502 6591
f 6502 6596 6591
f 6502 6500 6596
f 6500 6597 6596
f 6500 6499 6597
f 6597 6499 6598
f 6499 6599 6598
f 6499 6497 6599
f 6497 6600 6599
f 6497 6493 6600
f 6493 6494 6600
f 6494 6601 6600
f 6494 6496 6601
f 6496 6602 6601
f 6496 268 6602
f 268 306 6602
f 269 308 306
f 269 307 308
f 307 6488 309
f 6488 6603 309
f 6488 6489 6603
f 6489 6604 6603
f 6489 6491 6604
f 6491 6492 6604
f 6492 6605 6604
f 6492 6486 6605
f 6486 6606 6605
f 6486 6487 6606
f 6606 6487 6607
f 6487 6608 6607
f 6487 6484 6608
f 6484 6609 6608
f 6484 6482 6609
f 6482 6481 6609
f 6481 6593 6609
f 6481 298 6593
f 298 287 6593
f 298 286 287
f 6610 6509 6506
f 6611 6528 6529
f 6612 314 6613
f 300 6614 299
f 6614 310 299
f 6614 319 310
f 299 310 6592
f 310 302 6592
f 6612 6615 314
f 313 277 6615
f 277 314 6615
f 278 6616 314
f 278 6532 6616
f 6532 273 6616
f 273 315 6616
f 274 6617 315
f 274 6530 6617
f 6530 6531 6617
f 6531 6618 6617
f 6531 6528 6618
f 6528 6619 6618
f 6528 6611 6619
f 6529 6523 6611
f 6523 6620 6611
f 6523 6524 6620
f 6524 317 6620
f 6524 316 317
f 316 6526 318
f 6526 6621 318
f 6526 6521 6621
f 6521 6522 6621
f 6522 6622 6621
f 6522 6515 6622
f 6622 6515 6623
f 6515 6624 6623
f 6515 6516 6624
f 6516 6625 6624
f 6516 6518 6625
f 6518 6519 6625
f 6519 6626 6625
f 6519 6514 6626
f 6514 6627 6626
f 6514 6512 6627
f 6512 6511 6627
f 6511 6628 6627
f 6511 6509 6628
f 6509 6629 6628
f 6509 6610 6629
f 6506 6507 6610
f 6507 320 6610
f 6507 319 320
f 319 6614 321
f 323 336 6590
f 6613 332 6612
f 332 6615 6612
f 332 256 6615
f 256 313 6615
f 322 336 323
f 322 6455 336
f 6455 6630 336
f 6455 6453 6630
f 6453 6631 6630
f 6453 262 6631
f 262 324 6631
f 263 6632 324
f 263 6451 6632
f 6451 326 6632
f 6451 325 326
f 327 6633 326
f 327 6449 6633
f 6449 6634 6633
f 6449 6450 6634
f 6450 6635 6634
f 6450 6445 6635
f 6445 6636 6635
f 6445 6446 6636
f 6446 328 6636
f 6446 259 328
f 260 6637 328
f 260 6443 6637
f 6443 6638 6637
f 6443 6444 6638
f 6444 330 6638
f 6444 329 330
f 329 6442 331
f 6442 6639 331
f 6442 6436 6639
f 6436 6640 6639
f 6436 6437 6640
f 6437 6641 6640
f 6437 6439 6641
f 6439 6440 6641
f 6440 6642 6641
f 6440 6434 6642
f 6434 6643 6642
f 6434 6644 6643
f 332 6430 255
f 332 6645 6430
f 6645 6432 6430
f 6645 6644 6432
f 6644 6435 6432
f 6644 6434 6435
f 6646 6648 6647
f 6386 6646 6053
f 6648 6646 6384
f 6646 6385 6384
f 6646 6386 6385
f 6648 252 333
f 252 6648 6350
f 6648 6352 6350
f 6648 6354 6352
f 6354 6648 6356
f 6648 6383 6356
f 6648 6384 6383
f 6343 333 6345
f 333 250 6345
f 338 333 6338
f 333 6341 6338
f 333 6343 6341
f 6329 6649 6331
f 6331 6649 6333
f 6649 6334 6333
f 6649 338 6334
f 338 6336 6334
f 338 6338 6336
f 334 6320 246
f 6320 334 6322
f 334 6324 6322
f 334 6649 6324
f 6649 6327 6324
f 6649 6329 6327
f 6312 6650 6314
f 6650 6316 6314
f 6650 334 6316
f 334 244 6316
f 6650 6651 335
f 6651 6650 6226
f 6650 6311 6226
f 6650 6312 6311
f 324 6650 6631
f 6650 6630 6631
f 6650 335 6630
f 335 336 6630
f 337 6590 336
f 324 6632 6650
f 6632 334 6650
f 6632 326 334
f 338 6649 6637
f 6649 328 6637
f 6649 6636 328
f 6636 6649 6635
f 6649 6634 6635
f 6649 334 6634
f 334 6633 6634
f 334 326 6633
f 338 6638 330
f 338 6637 6638
f 331 6639 338
f 6639 333 338
f 6639 6640 333
f 6647 332 6613
f 6644 6648 6643
f 6648 6642 6643
f 6648 333 6642
f 333 6641 6642
f 333 6640 6641
f 6647 6648 332
f 6648 6645 332
f 6648 6644 6645
f 297 339 296
f 6304 339 6227
f 335 6651 339
f 6651 6227 339
f 6651 6226 6227
f 340 339 6220
f 339 6219 6220
f 339 6304 6219
f 340 343 341
f 343 340 6300
f 340 6299 6300
f 340 6298 6299
f 6298 340 237
f 340 6220 236
f 6269 341 6301
f 341 342 6301
f 344 341 6272
f 341 6271 6272
f 341 6269 6271
f 6251 6652 6257
f 6257 6652 6265
f 6652 6264 6265
f 6652 344 6264
f 344 6262 6264
f 344 6272 6262
f 6249 6653 6247
f 6653 6245 6247
f 6245 6653 6243
f 6653 6253 6243
f 6653 6652 6253
f 6652 6252 6253
f 6652 6251 6252
f 6653 6655 6654
f 6218 6655 6225
f 6655 6237 6225
f 6655 6653 6237
f 6653 6250 6237
f 6653 6249 6250
f 6653 6580 6579
f 6580 6653 6578
f 6653 6577 6578
f 6653 6654 6577
f 6654 6576 6577
f 6654 6575 6576
f 6579 6574 6653
f 6574 6652 6653
f 6574 6581 6652
f 291 344 289
f 344 6652 288
f 6652 6573 288
f 6652 6581 6573
f 6587 340 6586
f 340 6585 6586
f 340 341 6585
f 341 6584 6585
f 341 293 6584
f 293 341 6572
f 341 6583 6572
f 341 344 6583
f 344 6582 6583
f 344 291 6582
f 339 340 296
f 340 6588 296
f 340 6587 6588
f 337 339 6590
f 339 6589 6590
f 339 297 6589
f 6655 6656 6654
f 6217 6655 6218
f 6656 6655 6215
f 6655 6216 6215
f 6655 6217 6216
f 6656 217 345
f 217 6656 6179
f 6656 6181 6179
f 6656 6183 6181
f 6183 6656 6185
f 6656 6214 6185
f 6656 6215 6214
f 6172 345 6174
f 345 215 6174
f 349 345 6167
f 345 6170 6167
f 345 6172 6170
f 6158 6657 6160
f 6160 6657 6162
f 6657 6163 6162
f 6657 349 6163
f 349 6165 6163
f 349 6167 6165
f 346 6147 213
f 6147 346 6149
f 346 6151 6149
f 346 6657 6151
f 6657 6156 6151
f 6657 6158 6156
f 6139 6658 6141
f 6658 6143 6141
f 6658 346 6143
f 346 211 6143
f 6658 6659 347
f 6659 6658 6055
f 6658 6138 6055
f 6658 6139 6138
f 6595 6658 6594
f 6658 305 6594
f 6658 347 305
f 347 301 305
f 348 300 301
f 6595 6591 6658
f 6591 346 6658
f 6591 6596 346
f 349 6657 6602
f 6657 6601 6602
f 6657 6600 6601
f 6600 6657 6599
f 6657 6598 6599
f 6657 346 6598
f 346 6597 6598
f 346 6596 6597
f 349 306 308
f 349 6602 306
f 309 6603 349
f 6603 345 349
f 6603 6604 345
f 6654 6593 6575
f 6608 6656 6607
f 6656 6606 6607
f 6656 345 6606
f 345 6605 6606
f 345 6604 6605
f 6654 6656 6593
f 6656 6609 6593
f 6656 6608 6609
f 321 350 320
f 6128 350 6056
f 347 6659 350
f 6659 6056 350
f 6659 6055 6056
f 351 350 6043
f 350 6042 6043
f 350 6128 6042
f 351 354 352
f 354 351 6124
f 351 6123 6124
f 351 6122 6123
f 6122 351 199
f 351 6043 198
f 6093 352 6125
f 352 353 6125
f 355 352 6096
f 352 6095 6096
f 352 6093 6095
f 6076 6660 6082
f 6082 6660 6090
f 6660 6089 6090
f 6660 355 6089
f 355 6087 6089
f 355 6096 6087
f 193 6661 192
f 6661 6073 192
f 6073 6661 6071
f 6661 6078 6071
f 6661 6660 6078
f 6660 6077 6078
f 6660 6076 6077
f 6661 6646 6647
f 6053 6646 6052
f 6646 6065 6052
f 6646 6661 6065
f 6661 6075 6065
f 6661 193 6075
f 6661 6617 6618
f 6617 6661 315
f 6661 6616 315
f 6661 6647 6616
f 6647 314 6616
f 6647 6613 314
f 6618 6619 6661
f 6619 6660 6661
f 6619 6611 6660
f 6621 355 318
f 355 6660 317
f 6660 6620 317
f 6660 6611 6620
f 6629 351 6628
f 351 6627 6628
f 351 352 6627
f 352 6626 6627
f 352 6625 6626
f 6625 352 6624
f 352 6623 6624
f 352 355 6623
f 355 6622 6623
f 355 6621 6622
f 350 351 320
f 351 6610 320
f 351 6629 6610
f 348 350 300
f 350 6614 300
f 350 321 6614
f 5012 5013 4934
f 5013 5014 4920
f 6662 6664 6663
f 6665 6662 6663
f 6662 6667 6666
f 6668 6662 6666
f 6664 6662 6668
f 6662 6670 6669
f 6671 6662 6669
f 6667 6662 6671
f 6662 6673 6672
f 6674 6662 6672
f 6670 6662 6674
f 6662 6676 6675
f 6677 6662 6675
f 6673 6662 6677
f 6662 6679 6678
f 6680 6662 6678
f 6676 6662 6680
f 6662 6682 6681
f 6683 6662 6681
f 6679 6662 6683
f 6662 6685 6684
f 6686 6662 6684
f 6682 6662 6686
f 6662 6688 6687
f 6689 6662 6687
f 6685 6662 6689
f 6662 6691 6690
f 6692 6662 6690
f 6688 6662 6692
f 6662 6694 6693
f 6695 6662 6693
f 6691 6662 6695
f 6662 6697 6696
f 6698 6662 6696
f 6694 6662 6698
f 6662 6700 6699
f 6701 6662 6699
f 6697 6662 6701
f 6700 6662 6665
f 6702 6704 6703
f 5652 6705 5686
f 5623 6705 5625
f 6705 5650 5625
f 6705 5652 5650
f 6706 6708 6707
f 6708 6709 6707
f 6708 5623 6709
f 5623 5624 6709
f 6706 6710 6708
f 6710 6711 6708
f 6710 6712 6711
f 6712 6713 6711
f 6713 6714 6711
f 6713 6715 6714
f 5626 6714 6716
f 6714 6717 6716
f 6714 6715 6717
f 6703 6704 5659
f 6704 5627 5659
f 6704 5626 5627
f 5626 6716 5628
f 6702 6718 6704
f 6718 6719 6704
f 6718 6720 6719
f 6720 6721 6719
f 6721 6722 6719
f 6721 6723 6722
f 6724 6722 6725
f 6722 6726 6725
f 6722 6723 6726
f 6727 6724 5655
f 6724 6728 5655
f 6724 6725 6728
f 6729 6727 5661
f 6727 5653 5661
f 6727 5655 5653
f 6730 6729 6731
f 6729 6732 6731
f 6732 6729 6733
f 6729 6734 6733
f 6729 5661 6734
f 6735 6730 6736
f 6730 6737 6736
f 6730 6731 6737
f 6738 6740 6739
f 6740 6741 6739
f 6740 6735 6741
f 6735 6742 6741
f 6735 6736 6742
f 5629 6740 5631
f 6740 5666 5631
f 6740 6738 5666
f 5669 6744 6743
f 6744 6745 6743
f 6744 5629 6745
f 5629 5630 6745
f 6746 6744 6747
f 6744 5670 6747
f 6744 5669 5670
f 6748 6750 6749
f 6750 6751 6749
f 6750 6746 6751
f 6746 6752 6751
f 6746 6747 6752
f 6753 6750 6754
f 6750 6755 6754
f 6750 6748 6755
f 5672 6756 5663
f 6756 5662 5663
f 6756 6753 5662
f 6753 6757 5662
f 6753 6754 6757
f 5632 6756 6758
f 6756 6759 6758
f 6756 5672 6759
f 6760 5679 5632
f 5679 6761 5632
f 6760 5632 5633
f 5632 6758 5634
f 6762 6761 6763
f 6761 5680 6763
f 6761 5679 5680
f 6764 5637 6762
f 5637 5635 6762
f 6764 6762 6765
f 6762 6766 6765
f 6762 6763 6766
f 6767 5635 6768
f 5635 5636 6768
f 6769 6771 6770
f 6771 5683 6770
f 6771 6767 5683
f 6767 6772 5683
f 6767 6768 6772
f 6773 6771 6774
f 6771 6775 6774
f 6771 6769 6775
f 6776 6778 6777
f 6778 6779 6777
f 6778 6773 6779
f 6773 6780 6779
f 6773 6774 6780
f 6776 6781 6778
f 6781 5638 6778
f 6781 5640 5638
f 5641 5638 5675
f 5638 5639 5675
f 5646 5644 6782
f 5644 5642 6782
f 5644 5641 5642
f 5641 5675 5643
f 6783 5644 6784
f 5644 5645 6784
f 6785 6787 6786
f 6787 6788 6786
f 6787 6783 6788
f 6783 6789 6788
f 6783 6784 6789
f 6790 6787 5690
f 6787 6791 5690
f 6787 6785 6791
f 5693 6792 5692
f 6792 6793 5692
f 6792 6790 6793
f 6790 6794 6793
f 6790 5690 6794
f 6795 6797 6796
f 6797 6798 6796
f 6797 6792 6798
f 6792 6799 6798
f 6792 5693 6799
f 6795 6800 6797
f 6800 6801 6797
f 6800 6802 6801
f 6802 6803 6801
f 6803 6804 6801
f 6803 6805 6804
f 5686 6705 5685
f 6705 6806 5685
f 6705 6804 6806
f 6804 6807 6806
f 6804 6805 6807
f 6663 6664 6808
f 6664 6809 6808
f 6664 6668 6809
f 6668 6810 6809
f 6668 6666 6810
f 6666 6811 6810
f 6666 6667 6811
f 6667 6812 6811
f 6667 6671 6812
f 6671 6813 6812
f 6671 6669 6813
f 6669 6814 6813
f 6669 6670 6814
f 6670 6815 6814
f 6670 6674 6815
f 6674 6816 6815
f 6674 6672 6816
f 6672 6817 6816
f 6672 6673 6817
f 6673 6818 6817
f 6673 6677 6818
f 6677 6819 6818
f 6677 6675 6819
f 6675 6820 6819
f 6675 6676 6820
f 6676 6821 6820
f 6676 6680 6821
f 6680 6822 6821
f 6680 6678 6822
f 6678 6823 6822
f 6678 6679 6823
f 6679 6824 6823
f 6679 6683 6824
f 6683 6825 6824
f 6683 6681 6825
f 6681 6826 6825
f 6681 6682 6826
f 6682 6827 6826
f 6682 6686 6827
f 6686 6828 6827
f 6686 6684 6828
f 6684 6829 6828
f 6684 6685 6829
f 6685 6830 6829
f 6685 6689 6830
f 6689 6831 6830
f 6689 6687 6831
f 6687 6832 6831
f 6687 6688 6832
f 6688 6833 6832
f 6688 6692 6833
f 6692 6834 6833
f 6692 6690 6834
f 6690 6835 6834
f 6690 6691 6835
f 6691 6836 6835
f 6691 6695 6836
f 6695 6837 6836
f 6695 6693 6837
f 6693 6838 6837
f 6693 6694 6838
f 6694 6839 6838
f 6694 6698 6839
f 6698 6840 6839
f 6698 6696 6840
f 6696 6841 6840
f 6696 6697 6841
f 6697 6842 6841
f 6697 6701 6842
f 6701 6843 6842
f 6701 6699 6843
f 6699 6844 6843
f 6699 6700 6844
f 6700 6845 6844
f 6700 6665 6845
f 6665 6846 6845
f 6665 6663 6846
f 6663 6808 6846
f 6808 6809 6724
f 6809 6722 6724
f 6809 6810 6722
f 6810 6719 6722
f 6810 6811 6719
f 6811 6704 6719
f 6811 6812 6704
f 6812 5626 6704
f 6812 6813 5626
f 6813 6714 5626
f 6813 6814 6714
f 6814 6711 6714
f 6814 6815 6711
f 6815 6708 6711
f 6815 6816 6708
f 6816 5623 6708
f 6816 6817 5623
f 6817 6705 5623
f 6817 6818 6705
f 6818 6804 6705
f 6818 6819 6804
f 6819 6801 6804
f 6819 6820 6801
f 6820 6797 6801
f 6820 6821 6797
f 6821 6792 6797
f 6821 6822 6792
f 6822 6790 6792
f 6822 6823 6790
f 6823 6787 6790
f 6823 6824 6787
f 6824 6783 6787
f 6824 6825 6783
f 6825 5644 6783
f 6825 6826 5644
f 6826 5641 5644
f 6826 6827 5641
f 6827 5638 5641
f 6827 6828 5638
f 6828 6778 5638
f 6828 6829 6778
f 6829 6773 6778
f 6829 6830 6773
f 6830 6771 6773
f 6830 6831 6771
f 6831 6767 6771
f 6831 6832 6767
f 6832 5635 6767
f 6832 6833 5635
f 6833 6762 5635
f 6833 6834 6762
f 6834 6761 6762
f 6834 6835 6761
f 6835 5632 6761
f 6835 6836 5632
f 6836 6756 5632
f 6836 6837 6756
f 6837 6753 6756
f 6837 6838 6753
f 6838 6750 6753
f 6838 6839 6750
f 6839 6746 6750
f 6839 6840 6746
f 6840 6744 6746
f 6840 6841 6744
f 6841 5629 6744
f 6841 6842 5629
f 6842 6740 5629
f 6842 6843 6740
f 6843 6735 6740
f 6843 6844 6735
f 6844 6730 6735
f 6844 6845 6730
f 6845 6729 6730
f 6845 6846 6729
f 6846 6727 6729
f 6846 6808 6727
f 6808 6724 6727
f 5659 5657 5658
f 6847 6849 6848
f 5649 5650 6850
f 5650 5651 6850
f 5655 6851 5654
f 5649 5647 5650
f 5647 5625 5650
f 5647 5656 5625
f 5656 6852 5624
f 6852 6709 5624
f 6852 6853 6709
f 6853 6707 6709
f 6853 6854 6707
f 6854 6706 6707
f 6854 6855 6706
f 6855 6710 6706
f 6855 6856 6710
f 6856 6712 6710
f 6856 6857 6712
f 6857 6713 6712
f 6857 6858 6713
f 6858 6715 6713
f 6858 6859 6715
f 6859 6717 6715
f 6859 6860 6717
f 6860 6716 6717
f 6860 6861 6716
f 6861 5628 6716
f 6861 5657 5628
f 5657 5659 5627
f 5660 6703 5659
f 5660 6862 6703
f 6851 5655 6847
f 5655 6849 6847
f 5655 6728 6849
f 6728 6863 6849
f 6728 6725 6863
f 6725 6864 6863
f 6725 6726 6864
f 6726 6865 6864
f 6726 6723 6865
f 6723 6866 6865
f 6723 6721 6866
f 6721 6867 6866
f 6721 6720 6867
f 6720 6868 6867
f 6720 6718 6868
f 6718 6862 6868
f 6718 6702 6862
f 6702 6703 6862
f 6847 5661 6851
f 5661 5654 6851
f 6869 6847 6848
f 6870 6872 6871
f 6872 5662 6871
f 6872 5673 5662
f 5673 5664 5662
f 6847 6869 5661
f 6869 6734 5661
f 6869 6873 6734
f 6734 6873 6733
f 6873 6732 6733
f 6873 6874 6732
f 6874 6731 6732
f 6874 6875 6731
f 6875 6737 6731
f 6875 6876 6737
f 6876 6877 6737
f 6737 6877 6736
f 6877 6742 6736
f 6877 6878 6742
f 6742 6878 6741
f 6878 6739 6741
f 6878 6879 6739
f 6879 6738 6739
f 6879 5665 6738
f 5665 5666 6738
f 5667 5631 5666
f 5667 5668 5631
f 5668 6880 5630
f 6880 6745 5630
f 6880 6881 6745
f 6881 6743 6745
f 6881 6882 6743
f 6882 5669 6743
f 6882 5671 5669
f 5671 6747 5670
f 5671 6883 6747
f 6883 6884 6747
f 6747 6884 6752
f 6884 6751 6752
f 6884 6885 6751
f 6885 6749 6751
f 6885 6886 6749
f 6886 6748 6749
f 6886 6887 6748
f 6887 6755 6748
f 6887 6888 6755
f 6888 6754 6755
f 6888 6889 6754
f 6889 6871 6754
f 6871 6757 6754
f 6871 5662 6757
f 6870 5672 6872
f 6872 5672 5673
f 6890 5674 5640
f 5639 6891 5676
f 5639 5674 6891
f 5674 6892 6891
f 5674 6893 6892
f 6870 5953 5672
f 5953 6759 5672
f 5953 6894 6759
f 6894 6758 6759
f 6894 6895 6758
f 6895 5634 6758
f 6895 5677 5634
f 5677 6760 5633
f 5677 6896 6760
f 6896 5679 6760
f 6896 6897 5679
f 6897 5678 5679
f 5678 6898 5680
f 5680 6898 6763
f 6898 6766 6763
f 6898 6899 6766
f 6766 6899 6765
f 6899 6764 6765
f 6899 6900 6764
f 6900 5637 6764
f 6900 6901 5637
f 6901 5681 5637
f 5681 6902 5636
f 5636 6902 6768
f 6902 6772 6768
f 6902 5682 6772
f 5682 5683 6772
f 5684 6770 5683
f 6769 6770 6903
f 6770 6904 6903
f 6770 5684 6904
f 6769 6903 6775
f 6903 6774 6775
f 6903 6905 6774
f 6905 6906 6774
f 6906 6780 6774
f 6906 6907 6780
f 6780 6907 6779
f 6907 6777 6779
f 6907 6908 6777
f 6908 6776 6777
f 6908 6890 6776
f 6890 6781 6776
f 6890 5640 6781
f 6800 6910 6909
f 6784 5688 6911
f 5649 6912 5648
f 6850 5651 5685
f 6893 5687 6892
f 5687 6891 6892
f 5687 5643 6891
f 5643 5676 6891
f 5687 6782 5642
f 5687 6913 6782
f 6913 5646 6782
f 6913 5688 5646
f 5688 6784 5645
f 6911 6914 6784
f 6914 6789 6784
f 6914 6915 6789
f 6789 6915 6788
f 6915 6786 6788
f 6915 6916 6786
f 6916 6785 6786
f 6916 6917 6785
f 6917 6791 6785
f 6917 5689 6791
f 5689 5690 6791
f 5691 6794 5690
f 5691 6918 6794
f 6918 6793 6794
f 6918 6919 6793
f 6919 5692 6793
f 6919 5694 5692
f 5694 6799 5693
f 5694 6920 6799
f 6920 6798 6799
f 6920 6921 6798
f 6921 6796 6798
f 6921 6910 6796
f 6910 6795 6796
f 6910 6800 6795
f 6909 6922 6800
f 6922 6802 6800
f 6922 6923 6802
f 6802 6923 6803
f 6923 6805 6803
f 6923 6924 6805
f 6924 6807 6805
f 6924 6925 6807
f 6925 6806 6807
f 6925 6926 6806
f 6926 5685 6806
f 6926 6912 5685
f 6912 6850 5685
f 6912 5649 6850
f 6927 5746 5855
f 6928 5706 5839
f 5932 6929 5750
f 6929 5748 5750
f 6929 5828 5748
f 5754 6930 5826
f 5754 5748 6930
f 5748 5827 6930
f 5752 6931 5830
f 5752 5754 6931
f 5754 6932 6931
f 5754 5825 6932
f 5758 6934 6933
f 5758 5752 6934
f 5752 5829 6934
f 5756 6935 5832
f 5756 5758 6935
f 5758 6936 6935
f 5758 6933 6936
f 5760 6938 6937
f 5760 5756 6938
f 5756 6939 6938
f 5756 5831 6939
f 5759 6940 5836
f 5759 5760 6940
f 5760 6941 6940
f 5760 6937 6941
f 5765 6942 5834
f 5765 5759 6942
f 5759 5835 6942
f 5935 5763 6943
f 5763 6944 6943
f 5763 5765 6944
f 5765 6945 6944
f 5765 5833 6945
f 5725 5863 6946
f 5725 5763 5863
f 5763 5862 5863
f 5763 5935 5862
f 5723 6948 6947
f 5723 5725 6948
f 5725 6949 6948
f 5725 6946 6949
f 5728 6950 5838
f 5728 5723 6950
f 5723 6951 6950
f 5723 6947 6951
f 5887 5702 5886
f 5702 6952 5886
f 5702 5728 6952
f 5728 6953 6952
f 5728 5837 6953
f 5887 6954 5702
f 6954 5700 5702
f 6954 5842 5700
f 5706 6955 5840
f 5706 5700 6955
f 5700 5841 6955
f 6928 6956 5706
f 6956 5704 5706
f 6956 6957 5704
f 5710 6958 5844
f 5710 5704 6958
f 5704 6959 6958
f 5704 6957 6959
f 6960 5708 6961
f 5708 6962 6961
f 5708 5710 6962
f 5710 6963 6962
f 5710 5843 6963
f 6960 5875 5708
f 5875 5698 5708
f 5875 5873 5698
f 5696 6965 6964
f 5696 5698 6965
f 5698 5892 6965
f 5698 5873 5892
f 5717 6966 5846
f 5717 5696 6966
f 5696 6967 6966
f 5696 6964 6967
f 5715 6969 6968
f 5715 5717 6969
f 5717 6970 6969
f 5717 5845 6970
f 5721 6972 6971
f 5721 5715 6972
f 5715 6973 6972
f 5715 6968 6973
f 5719 6974 5848
f 5719 5721 6974
f 5721 6975 6974
f 5721 6971 6975
f 5733 6977 6976
f 5733 5719 6977
f 5719 6978 6977
f 5719 5847 6978
f 5732 6979 5852
f 5732 5733 6979
f 5733 6980 6979
f 5733 6976 6980
f 5738 6981 5850
f 5738 5732 6981
f 5732 5851 6981
f 5903 5736 6982
f 5736 6983 6982
f 5736 5738 6983
f 5738 6984 6983
f 5738 5849 6984
f 5775 5911 6985
f 5775 5736 5911
f 5736 5901 5911
f 5736 5903 5901
f 5773 6987 6986
f 5773 5775 6987
f 5775 6988 6987
f 5775 6985 6988
f 5778 6989 5854
f 5778 5773 6989
f 5773 6990 6989
f 5773 6986 6990
f 6991 5742 6992
f 5742 6993 6992
f 5742 5778 6993
f 5778 6994 6993
f 5778 5853 6994
f 6991 6995 5742
f 6995 5740 5742
f 6995 5858 5740
f 5746 6996 5856
f 5746 5740 6996
f 5740 5857 6996
f 6927 6997 5746
f 6997 5744 5746
f 6997 6998 5744
f 5782 5744 6999
f 5744 7000 6999
f 5744 6998 7000
f 7001 5782 5859
f 5782 6999 5860
f 7001 7002 5782
f 7002 5780 5782
f 7002 7003 5780
f 5932 5750 5916
f 5750 5915 5916
f 5750 5780 5915
f 5780 7004 5915
f 5780 7003 7004
f 6946 7005 6949
f 7006 7008 7007
f 7009 7011 7010
f 5864 5863 5866
f 5863 7012 5866
f 5863 5861 7012
f 7013 7015 7014
f 7015 7016 7014
f 7015 5864 7016
f 5864 5865 7016
f 7013 5867 7015
f 5867 5868 7015
f 5869 7017 5868
f 7017 7018 5868
f 7017 7019 7018
f 5872 7009 5871
f 7020 7022 7021
f 7022 7023 7021
f 7022 5870 7023
f 5876 7020 5878
f 5875 7024 5874
f 5875 5877 7024
f 7009 5872 7011
f 5872 7025 7011
f 5872 7026 7025
f 7027 5876 5875
f 5876 5877 5875
f 7025 7026 7028
f 7026 7029 7028
f 7026 7030 7029
f 7030 5880 7029
f 7030 5882 5880
f 5879 7031 6963
f 7031 6962 6963
f 7031 7032 6962
f 7032 6961 6962
f 7032 7027 6961
f 7027 6960 6961
f 7027 5875 6960
f 7033 7034 6958
f 7034 5844 6958
f 7034 5879 5844
f 5879 6963 5843
f 5882 7035 5881
f 5882 7036 7035
f 7036 7037 7035
f 7036 7038 7037
f 7038 7039 7037
f 7038 7040 7039
f 7040 7041 7039
f 7040 7042 7041
f 7043 7044 6956
f 7044 6957 6956
f 7044 7033 6957
f 7033 6959 6957
f 7033 6958 6959
f 7041 7042 7045
f 7042 7046 7045
f 7042 7047 7046
f 7047 7048 7046
f 7047 7049 7048
f 7049 7050 7048
f 7049 7051 7050
f 7051 7052 7050
f 7051 7053 7052
f 5884 7054 6955
f 7054 5840 6955
f 7054 5883 5840
f 5883 7043 5839
f 7043 6928 5839
f 7043 6956 6928
f 7055 7053 7056
f 7053 7057 7056
f 7053 7051 7057
f 5885 7058 6954
f 7058 5842 6954
f 7058 5884 5842
f 5884 6955 5841
f 7055 7056 7059
f 7056 7060 7059
f 7056 7061 7060
f 7061 5888 7060
f 7061 5890 5888
f 7062 7063 6952
f 7063 5886 6952
f 7063 5885 5886
f 5885 6954 5887
f 5890 7064 5889
f 5890 7065 7064
f 7065 7066 7064
f 7065 7067 7066
f 7067 7068 7066
f 7067 7069 7068
f 7069 7070 7068
f 7069 7071 7070
f 5870 7022 5872
f 7022 7026 5872
f 7022 7072 7026
f 7072 7030 7026
f 7072 7073 7030
f 7073 5882 7030
f 7073 7074 5882
f 7074 7036 5882
f 7074 7075 7036
f 7075 7038 7036
f 7075 7076 7038
f 7076 7040 7038
f 7076 7077 7040
f 7077 7042 7040
f 7077 7078 7042
f 7078 7047 7042
f 7078 7079 7047
f 7079 7049 7047
f 7079 7080 7049
f 7080 7051 7049
f 7080 7081 7051
f 7081 7057 7051
f 7081 7082 7057
f 7082 7056 7057
f 7082 7083 7056
f 7083 7061 7056
f 7083 7084 7061
f 7084 5890 7061
f 7084 7085 5890
f 7085 7065 5890
f 7085 7086 7065
f 7086 7067 7065
f 7086 7087 7067
f 7087 7069 7067
f 7087 7088 7069
f 7088 7071 7069
f 7088 7089 7071
f 7020 5876 7022
f 5876 7072 7022
f 5876 7027 7072
f 7027 7073 7072
f 7027 7032 7073
f 7032 7074 7073
f 7032 7031 7074
f 7031 7075 7074
f 7031 5879 7075
f 5879 7076 7075
f 5879 7034 7076
f 7034 7077 7076
f 7034 7033 7077
f 7033 7078 7077
f 7033 7044 7078
f 7044 7079 7078
f 7044 7043 7079
f 7043 7080 7079
f 7043 5883 7080
f 5883 7081 7080
f 5883 7054 7081
f 7054 7082 7081
f 7054 5884 7082
f 5884 7083 7082
f 5884 7058 7083
f 7058 7084 7083
f 7058 5885 7084
f 5885 7085 7084
f 5885 7063 7085
f 7063 7086 7085
f 7063 7062 7086
f 7062 7087 7086
f 7062 5891 7087
f 5891 7088 7087
f 5891 7090 7088
f 7090 7089 7088
f 7090 7091 7089
f 6947 7091 6951
f 7091 6950 6951
f 7091 7090 6950
f 7090 5838 6950
f 7090 5891 5838
f 5891 7062 5837
f 7062 6953 5837
f 7062 6952 6953
f 6948 7092 6947
f 7092 7091 6947
f 7092 7093 7091
f 7093 7089 7091
f 7093 7008 7089
f 7008 7071 7089
f 7008 7006 7071
f 7006 7070 7071
f 6949 7005 6948
f 7005 7092 6948
f 7005 7094 7092
f 7094 7093 7092
f 7094 7095 7093
f 7095 7008 7093
f 7095 7096 7008
f 7096 7007 7008
f 5863 5864 6946
f 5864 7005 6946
f 5864 7015 7005
f 7015 7094 7005
f 7015 5868 7094
f 5868 7095 7094
f 5868 7018 7095
f 7018 7096 7095
f 7097 7099 7098
f 7100 7102 7101
f 7103 7105 7104
f 7101 5893 7106
f 7106 5893 5894
f 5893 7103 5895
f 5902 5896 7107
f 7107 5896 5897
f 5896 7100 5898
f 5899 5892 5877
f 5892 7024 5877
f 5892 5874 7024
f 7023 7108 7021
f 7108 7020 7021
f 7108 5899 7020
f 5899 5878 7020
f 7023 5870 7108
f 5870 5900 7108
f 5871 7009 5900
f 7009 7109 5900
f 7009 7010 7109
f 5903 5896 5902
f 5903 6982 5896
f 6982 7110 5896
f 6982 6983 7110
f 6983 7111 7110
f 7103 5893 7105
f 5893 7112 7105
f 5893 7113 7112
f 7113 7114 7112
f 7113 7115 7114
f 7115 7116 7114
f 7115 7117 7116
f 5905 7118 6981
f 7118 5850 6981
f 7118 5904 5850
f 5904 7111 5849
f 7111 6984 5849
f 7111 6983 6984
f 7116 7117 7119
f 7117 7120 7119
f 7117 7121 7120
f 7121 7122 7120
f 7121 7123 7122
f 7123 7124 7122
f 7123 7125 7124
f 7125 7126 7124
f 7125 7127 7126
f 7128 7129 6979
f 7129 5852 6979
f 7129 5905 5852
f 5905 6981 5851
f 7126 7127 7130
f 7127 7131 7130
f 7127 7132 7131
f 7132 7133 7131
f 7134 7133 7135
f 7133 7136 7135
f 7133 7132 7136
f 5906 7137 6978
f 7137 6977 6978
f 7137 7138 6977
f 7138 6976 6977
f 7138 7128 6976
f 7128 6980 6976
f 7128 6979 6980
f 7134 7135 7139
f 7135 7140 7139
f 7135 7141 7140
f 7141 7142 7140
f 7141 7143 7142
f 7144 7145 6974
f 7145 5848 6974
f 7145 5906 5848
f 5906 6978 5847
f 7142 7143 7146
f 7143 7147 7146
f 7143 7148 7147
f 7148 7149 7147
f 7148 7150 7149
f 7151 7152 6972
f 7152 6971 6972
f 7152 7144 6971
f 7144 6975 6971
f 7144 6974 6975
f 7153 7154 6969
f 7154 6968 6969
f 7154 7151 6968
f 7151 6973 6968
f 7151 6972 6973
f 7155 5907 7156
f 5907 5908 7156
f 5909 7157 5908
f 5909 7158 7157
f 7158 7159 7157
f 7158 7160 7159
f 7160 7161 7159
f 7160 7162 7161
f 7162 7150 7161
f 7162 7163 7150
f 7163 7149 7150
f 7101 7102 5893
f 7102 7113 5893
f 7102 7164 7113
f 7164 7115 7113
f 7164 7165 7115
f 7165 7117 7115
f 7165 7166 7117
f 7166 7121 7117
f 7166 7167 7121
f 7167 7123 7121
f 7167 7168 7123
f 7168 7125 7123
f 7168 7169 7125
f 7169 7127 7125
f 7169 7170 7127
f 7170 7132 7127
f 7170 7171 7132
f 7171 7136 7132
f 7171 7172 7136
f 7172 7135 7136
f 7172 7173 7135
f 7173 7141 7135
f 7173 7174 7141
f 7174 7143 7141
f 7174 7175 7143
f 7175 7148 7143
f 7175 7176 7148
f 7176 7150 7148
f 7176 7177 7150
f 7177 7161 7150
f 7177 7178 7161
f 7178 7159 7161
f 7178 7179 7159
f 7179 7157 7159
f 7179 7180 7157
f 7180 5908 7157
f 7180 7181 5908
f 7181 7156 5908
f 7181 7182 7156
f 7100 5896 7102
f 5896 7164 7102
f 5896 7110 7164
f 7110 7165 7164
f 7110 7111 7165
f 7111 7166 7165
f 7111 5904 7166
f 5904 7167 7166
f 5904 7118 7167
f 7118 7168 7167
f 7118 5905 7168
f 5905 7169 7168
f 5905 7129 7169
f 7129 7170 7169
f 7129 7128 7170
f 7128 7171 7170
f 7128 7138 7171
f 7138 7172 7171
f 7138 7137 7172
f 7137 7173 7172
f 7137 5906 7173
f 5906 7174 7173
f 5906 7145 7174
f 7145 7175 7174
f 7145 7144 7175
f 7144 7176 7175
f 7144 7152 7176
f 7152 7177 7176
f 7152 7151 7177
f 7151 7178 7177
f 7151 7154 7178
f 7154 7179 7178
f 7154 7153 7179
f 7153 7180 7179
f 7153 5910 7180
f 5910 7181 7180
f 5910 7183 7181
f 7183 7182 7181
f 7183 7184 7182
f 6964 7184 6967
f 7184 6966 6967
f 7184 7183 6966
f 7183 5846 6966
f 7183 5910 5846
f 5910 7153 5845
f 7153 6970 5845
f 7153 6969 6970
f 6965 7185 6964
f 7185 7184 6964
f 7185 7186 7184
f 7186 7182 7184
f 7186 7099 7182
f 7099 7156 7182
f 7099 7097 7156
f 7097 7155 7156
f 5892 5899 6965
f 5899 7185 6965
f 5899 7108 7185
f 7108 7186 7185
f 7108 5900 7186
f 5900 7099 7186
f 5900 7109 7099
f 7109 7098 7099
f 6985 7187 6988
f 7188 7190 7189
f 7191 7193 7192
f 7194 7196 7195
f 7192 5912 7197
f 7197 5912 5913
f 5912 7194 5914
f 7198 5918 5919
f 5918 7191 5920
f 5902 7107 5911
f 7107 5921 5911
f 7107 5897 5921
f 7199 5921 7100
f 5921 5898 7100
f 5922 7106 5894
f 5922 7199 7106
f 7199 7101 7106
f 7199 7100 7101
f 5895 7103 5922
f 7103 7200 5922
f 7103 7104 7200
f 7194 5912 7196
f 5912 7201 7196
f 5912 7202 7201
f 7203 5918 5915
f 5918 5917 5915
f 5918 7198 5917
f 7201 7202 7204
f 7202 7205 7204
f 7202 7206 7205
f 7206 5924 7205
f 7206 5926 5924
f 5923 7207 7001
f 7207 7002 7001
f 7207 7208 7002
f 7208 7003 7002
f 7208 7203 7003
f 7203 7004 7003
f 7203 5915 7004
f 7209 7210 6999
f 7210 5860 6999
f 7210 5923 5860
f 5923 7001 5859
f 5926 7211 5925
f 5926 7212 7211
f 7212 7213 7211
f 7212 7214 7213
f 7214 7215 7213
f 7214 7216 7215
f 7216 7217 7215
f 7216 7218 7217
f 7219 7220 6997
f 7220 6998 6997
f 7220 7209 6998
f 7209 7000 6998
f 7209 6999 7000
f 7217 7218 7221
f 7218 7222 7221
f 7218 7223 7222
f 7223 7224 7222
f 7223 7225 7224
f 7225 7226 7224
f 7225 7227 7226
f 7227 7228 7226
f 7227 7229 7228
f 5927 7230 6996
f 7230 5856 6996
f 7230 7231 5856
f 7231 5855 5856
f 7231 7219 5855
f 7219 6927 5855
f 7219 6997 6927
f 7232 7229 7233
f 7229 7234 7233
f 7229 7227 7234
f 7235 7236 6995
f 7236 5858 6995
f 7236 5927 5858
f 5927 6996 5857
f 7232 7233 7237
f 7233 7238 7237
f 7233 7239 7238
f 7239 5928 7238
f 7239 5930 5928
f 7240 7241 6993
f 7241 6992 6993
f 7241 7235 6992
f 7235 6991 6992
f 7235 6995 6991
f 5930 7242 5929
f 5930 7243 7242
f 7243 7244 7242
f 7243 7245 7244
f 7245 7246 7244
f 7245 7247 7246
f 7247 7248 7246
f 7247 7249 7248
f 7192 7193 5912
f 7193 7202 5912
f 7193 7250 7202
f 7250 7206 7202
f 7250 7251 7206
f 7251 5926 7206
f 7251 7252 5926
f 7252 7212 5926
f 7252 7253 7212
f 7253 7214 7212
f 7253 7254 7214
f 7254 7216 7214
f 7254 7255 7216
f 7255 7218 7216
f 7255 7256 7218
f 7256 7223 7218
f 7256 7257 7223
f 7257 7225 7223
f 7257 7258 7225
f 7258 7227 7225
f 7258 7259 7227
f 7259 7234 7227
f 7259 7260 7234
f 7260 7233 7234
f 7260 7261 7233
f 7261 7239 7233
f 7261 7262 7239
f 7262 5930 7239
f 7262 7263 5930
f 7263 7243 5930
f 7263 7264 7243
f 7264 7245 7243
f 7264 7265 7245
f 7265 7247 7245
f 7265 7266 7247
f 7266 7249 7247
f 7266 7267 7249
f 7191 5918 7193
f 5918 7250 7193
f 5918 7203 7250
f 7203 7251 7250
f 7203 7208 7251
f 7208 7252 7251
f 7208 7207 7252
f 7207 7253 7252
f 7207 5923 7253
f 5923 7254 7253
f 5923 7210 7254
f 7210 7255 7254
f 7210 7209 7255
f 7209 7256 7255
f 7209 7220 7256
f 7220 7257 7256
f 7220 7219 7257
f 7219 7258 7257
f 7219 7231 7258
f 7231 7259 7258
f 7231 7230 7259
f 7230 7260 7259
f 7230 5927 7260
f 5927 7261 7260
f 5927 7236 7261
f 7236 7262 7261
f 7236 7235 7262
f 7235 7263 7262
f 7235 7241 7263
f 7241 7264 7263
f 7241 7240 7264
f 7240 7265 7264
f 7240 5931 7265
f 5931 7266 7265
f 5931 7268 7266
f 7268 7267 7266
f 7268 7269 7267
f 6986 7269 6990
f 7269 6989 6990
f 7269 7268 6989
f 7268 5854 6989
f 7268 5931 5854
f 5931 7240 5853
f 7240 6994 5853
f 7240 6993 6994
f 6987 7270 6986
f 7270 7269 6986
f 7270 7271 7269
f 7271 7267 7269
f 7271 7190 7267
f 7190 7249 7267
f 7190 7188 7249
f 7188 7248 7249
f 6988 7187 6987
f 7187 7270 6987
f 7187 7272 7270
f 7272 7271 7270
f 7272 7273 7271
f 7273 7190 7271
f 7273 7274 7190
f 7274 7189 7190
f 5911 5921 6985
f 5921 7187 6985
f 5921 7199 7187
f 7199 7272 7187
f 7199 5922 7272
f 5922 7273 7272
f 5922 7200 7273
f 7200 7274 7273
f 7275 7277 7276
f 7017 7278 7019
f 5933 7017 5869
f 7016 7279 7014
f 7279 7013 7014
f 7279 5867 7013
f 5934 7016 5865
f 5935 7012 5861
f 5917 7198 5932
f 7198 5936 5932
f 7198 5919 5936
f 7280 5936 7191
f 5936 5920 7191
f 5937 7197 5913
f 5937 7280 7197
f 7280 7192 7197
f 7280 7191 7192
f 5914 7194 5937
f 7194 7281 5937
f 7194 7195 7281
f 7012 5935 5866
f 5935 5934 5866
f 5935 6943 5934
f 6943 7282 5934
f 6943 6944 7282
f 6944 7283 7282
f 7017 5933 7278
f 5933 7284 7278
f 5933 7285 7284
f 7285 7286 7284
f 7285 7287 7286
f 7287 7288 7286
f 7287 7289 7288
f 5939 7290 6942
f 7290 5834 6942
f 7290 5938 5834
f 5938 7283 5833
f 7283 6945 5833
f 7283 6944 6945
f 7288 7289 7291
f 7289 7292 7291
f 7289 7293 7292
f 7293 7294 7292
f 7293 7295 7294
f 7295 7296 7294
f 7295 7297 7296
f 7297 7298 7296
f 7297 7299 7298
f 7300 7301 6940
f 7301 5836 6940
f 7301 5939 5836
f 5939 6942 5835
f 7298 7299 7302
f 7299 7303 7302
f 7299 7304 7303
f 7304 7305 7303
f 7306 7305 7307
f 7305 7308 7307
f 7305 7304 7308
f 5940 7309 6939
f 7309 6938 6939
f 7309 7310 6938
f 7310 6937 6938
f 7310 7300 6937
f 7300 6941 6937
f 7300 6940 6941
f 7306 7307 7311
f 7307 7312 7311
f 7307 7313 7312
f 7313 7314 7312
f 7313 7315 7314
f 7316 7317 6935
f 7317 5832 6935
f 7317 5940 5832
f 5940 6939 5831
f 7314 7315 7318
f 7315 7319 7318
f 7315 7320 7319
f 7320 7321 7319
f 7320 7322 7321
f 7323 7324 6934
f 7324 6933 6934
f 7324 7316 6933
f 7316 6936 6933
f 7316 6935 6936
f 7325 7326 6931
f 7326 5830 6931
f 7326 7323 5830
f 7323 5829 5830
f 7323 6934 5829
f 7327 5941 7328
f 5941 5942 7328
f 5943 7329 5942
f 5943 7330 7329
f 7330 7331 7329
f 7330 7332 7331
f 7332 7333 7331
f 7332 7334 7333
f 7334 7322 7333
f 7334 7335 7322
f 7335 7321 7322
f 5867 7279 5933
f 7279 7285 5933
f 7279 7336 7285
f 7336 7287 7285
f 7336 7337 7287
f 7337 7289 7287
f 7337 7338 7289
f 7338 7293 7289
f 7338 7339 7293
f 7339 7295 7293
f 7339 7340 7295
f 7340 7297 7295
f 7340 7341 7297
f 7341 7299 7297
f 7341 7342 7299
f 7342 7304 7299
f 7342 7343 7304
f 7343 7308 7304
f 7343 7344 7308
f 7344 7307 7308
f 7344 7345 7307
f 7345 7313 7307
f 7345 7346 7313
f 7346 7315 7313
f 7346 7347 7315
f 7347 7320 7315
f 7347 7348 7320
f 7348 7322 7320
f 7348 7349 7322
f 7349 7333 7322
f 7349 7350 7333
f 7350 7331 7333
f 7350 7351 7331
f 7351 7329 7331
f 7351 7352 7329
f 7352 5942 7329
f 7352 7353 5942
f 7353 7328 5942
f 7353 7354 7328
f 7016 5934 7279
f 5934 7336 7279
f 5934 7282 7336
f 7282 7337 7336
f 7282 7283 7337
f 7283 7338 7337
f 7283 5938 7338
f 5938 7339 7338
f 5938 7290 7339
f 7290 7340 7339
f 7290 5939 7340
f 5939 7341 7340
f 5939 7301 7341
f 7301 7342 7341
f 7301 7300 7342
f 7300 7343 7342
f 7300 7310 7343
f 7310 7344 7343
f 7310 7309 7344
f 7309 7345 7344
f 7309 5940 7345
f 5940 7346 7345
f 5940 7317 7346
f 7317 7347 7346
f 7317 7316 7347
f 7316 7348 7347
f 7316 7324 7348
f 7324 7349 7348
f 7324 7323 7349
f 7323 7350 7349
f 7323 7326 7350
f 7326 7351 7350
f 7326 7325 7351
f 7325 7352 7351
f 7325 5945 7352
f 5945 7353 7352
f 5945 7355 7353
f 7355 7354 7353
f 7355 5944 7354
f 5944 6930 5827
f 5944 7355 6930
f 7355 5826 6930
f 7355 5945 5826
f 5945 7325 5825
f 7325 6932 5825
f 7325 6931 6932
f 6929 7356 5828
f 7356 5944 5828
f 7356 7357 5944
f 7357 7354 5944
f 7357 7277 7354
f 7277 7328 7354
f 7277 7275 7328
f 7275 7327 7328
f 5932 5936 6929
f 5936 7356 6929
f 5936 7280 7356
f 7280 7357 7356
f 7280 5937 7357
f 5937 7277 7357
f 5937 7281 7277
f 7281 7276 7277
f 7358 7360 7359
f 6917 5946 5689
f 5949 6912 6926
f 6922 5947 6923
f 5947 6924 6923
f 5947 5949 6924
f 5949 6925 6924
f 5949 6926 6925
f 5946 7361 6919
f 7361 5694 6919
f 7361 6920 5694
f 6920 7361 6921
f 7361 6910 6921
f 7361 5947 6910
f 5947 6909 6910
f 5947 6922 6909
f 5946 6918 5691
f 5946 6919 6918
f 7362 6917 6916
f 5688 7360 6911
f 7360 6914 6911
f 7360 7362 6914
f 7362 6915 6914
f 7362 6916 6915
f 7359 5687 6893
f 7359 7360 5687
f 7360 6913 5687
f 7360 5688 6913
f 7288 7360 7286
f 7360 7284 7286
f 7360 7358 7284
f 7358 7278 7284
f 7358 7019 7278
f 7294 7360 7292
f 7360 7291 7292
f 7360 7288 7291
f 7303 7305 7362
f 7305 7306 7362
f 7303 7362 7302
f 7362 7298 7302
f 7362 7360 7298
f 7360 7296 7298
f 7360 7294 7296
f 6917 7362 5946
f 7362 7311 5946
f 7362 7306 7311
f 7361 7319 7321
f 7319 7361 7318
f 7361 7314 7318
f 7361 5946 7314
f 5946 7312 7314
f 5946 7311 7312
f 7330 5943 5947
f 7330 5947 7332
f 5947 7334 7332
f 5947 7361 7334
f 7361 7335 7334
f 7361 7321 7335
f 5941 7327 5947
f 7327 5949 5947
f 7327 7275 5949
f 5950 6912 5949
f 5950 5648 6912
f 7275 7276 5949
f 7276 5948 5949
f 7276 7281 5948
f 7281 7363 5948
f 7281 7195 7363
f 7007 7364 7006
f 5674 7359 6893
f 6906 7364 6907
f 7364 6908 6907
f 7364 6890 6908
f 6906 6905 7364
f 6905 5956 7364
f 6905 6903 5956
f 6901 5951 5681
f 5951 6902 5681
f 6902 5951 5682
f 5951 5956 5684
f 5956 6904 5684
f 5956 6903 6904
f 5678 7365 6898
f 6898 7365 6899
f 7365 6900 6899
f 7365 6901 6900
f 5677 5955 6896
f 5955 6897 6896
f 5955 5678 6897
f 5953 7366 6894
f 7366 6895 6894
f 7366 5677 6895
f 5952 5953 6870
f 5954 7366 5953
f 5954 7367 7366
f 7367 7011 7366
f 7367 7010 7011
f 5677 7366 5955
f 7366 5880 5955
f 7366 7029 5880
f 7029 7366 7028
f 7366 7025 7028
f 7366 7011 7025
f 5678 5955 7365
f 5955 7039 7365
f 5955 7037 7039
f 7037 5955 7035
f 5955 5881 7035
f 7046 7048 7365
f 7048 7050 7365
f 7046 7365 7045
f 7365 7041 7045
f 7365 7039 7041
f 6901 7365 5951
f 7365 7052 5951
f 7365 7050 7052
f 7060 5956 7059
f 5956 7055 7059
f 5956 5951 7055
f 5951 7053 7055
f 5951 7052 7053
f 7006 7364 7070
f 7364 7068 7070
f 7364 7066 7068
f 7066 7364 7064
f 7364 5889 7064
f 7364 5956 5889
f 5956 7060 5888
f 7019 7358 7018
f 7358 7096 7018
f 7096 7358 7007
f 7358 7364 7007
f 7358 7359 7364
f 7359 6890 7364
f 7359 5674 6890
f 7368 7370 7369
f 6879 5957 5665
f 5959 6871 6889
f 6885 5958 6886
f 5958 6887 6886
f 5958 5959 6887
f 5959 6888 6887
f 5959 6889 6888
f 5957 7371 6880
f 7371 6881 6880
f 7371 6882 6881
f 6882 7371 5671
f 7371 6883 5671
f 7371 5958 6883
f 5958 6884 6883
f 5958 6885 6884
f 5957 5668 5667
f 5957 6880 5668
f 7372 6879 6878
f 6874 7370 6875
f 7370 6876 6875
f 7370 7372 6876
f 7372 6877 6876
f 7372 6878 6877
f 7369 6869 6848
f 7369 7370 6869
f 7370 6873 6869
f 7370 6874 6873
f 7116 7370 7114
f 7370 7112 7114
f 7370 7368 7112
f 7368 7105 7112
f 7368 7104 7105
f 7122 7370 7120
f 7370 7119 7120
f 7370 7116 7119
f 7131 7133 7372
f 7133 7134 7372
f 7131 7372 7130
f 7372 7126 7130
f 7372 7370 7126
f 7370 7124 7126
f 7370 7122 7124
f 6879 7372 5957
f 7372 7139 5957
f 7372 7134 7139
f 7371 7147 7149
f 7147 7371 7146
f 7371 7142 7146
f 7371 5957 7142
f 5957 7140 7142
f 5957 7139 7140
f 7158 5909 5958
f 7158 5958 7160
f 5958 7162 7160
f 5958 7371 7162
f 7371 7163 7162
f 7371 7149 7163
f 5907 7155 5958
f 7155 5959 5958
f 7155 7097 5959
f 5952 6871 5959
f 5952 6870 6871
f 7097 7098 5959
f 7098 5954 5959
f 7098 7109 5954
f 7109 7367 5954
f 7109 7010 7367
f 7189 7373 7188
f 6849 7369 6848
f 6866 7373 6865
f 7373 6864 6865
f 7373 6863 6864
f 6866 6867 7373
f 6867 5962 7373
f 6867 6868 5962
f 6860 5960 6861
f 5960 5657 6861
f 5657 5960 5658
f 5960 5962 5660
f 5962 6862 5660
f 5962 6868 6862
f 6856 7374 6857
f 6857 7374 6858
f 7374 6859 6858
f 7374 6860 6859
f 6853 5961 6854
f 5961 6855 6854
f 5961 6856 6855
f 5647 7375 5656
f 7375 6852 5656
f 7375 6853 6852
f 5950 5647 5648
f 5948 7375 5647
f 5948 7363 7375
f 7363 7196 7375
f 7363 7195 7196
f 6853 7375 5961
f 7375 5924 5961
f 7375 7205 5924
f 7205 7375 7204
f 7375 7201 7204
f 7375 7196 7201
f 6856 5961 7374
f 5961 7215 7374
f 5961 7213 7215
f 7213 5961 7211
f 5961 5925 7211
f 7222 7224 7374
f 7224 7226 7374
f 7222 7374 7221
f 7374 7217 7221
f 7374 7215 7217
f 6860 7374 5960
f 7374 7228 5960
f 7374 7226 7228
f 7238 5962 7237
f 5962 7232 7237
f 5962 5960 7232
f 5960 7229 7232
f 5960 7228 7229
f 7188 7373 7248
f 7373 7246 7248
f 7373 7244 7246
f 7244 7373 7242
f 7373 5929 7242
f 7373 5962 5929
f 5962 7238 5928
f 7104 7368 7200
f 7368 7274 7200
f 7274 7368 7189
f 7368 7373 7189
f 7368 7369 7373
f 7369 6863 7373
f 7369 6849 6863
