# xArm7 link6
mtllib material.lib
v 0.053039 0.035020 0.029649
v 0.053039 0.035020 0.029649
v 0.048972 0.035020 0.025993
v 0.048972 0.035020 0.025993
v 0.048972 0.035020 0.025993
v 0.073109 0.035020 0.037388
v 0.073109 0.035020 0.037388
v 0.073109 0.035020 0.037388
v 0.068788 0.035020 0.036800
v 0.068788 0.035020 0.036800
v 0.068788 0.035020 0.036800
v 0.068788 0.035020 0.036800
v 0.064564 0.035020 0.035714
v 0.064564 0.035020 0.035714
v 0.064564 0.035020 0.035714
v 0.060496 0.035020 0.034145
v 0.060496 0.035020 0.034145
v 0.060496 0.035020 0.034145
v 0.060496 0.035020 0.034145
v 0.060496 0.035020 0.034145
v 0.060496 0.035020 0.034145
v 0.060496 0.035020 0.034145
v 0.056637 0.035020 0.032114
v 0.056637 0.035020 0.032114
v 0.056637 0.035020 0.032114
v 0.077469 0.035020 0.037471
v 0.077469 0.035020 0.037471
v 0.077469 0.035020 0.037471
v 0.077469 0.035020 0.037471
v 0.077469 0.035020 0.037471
v 0.077469 0.035020 0.037471
v 0.077469 0.035020 0.037471
v 0.081809 0.035020 0.037047
v 0.081809 0.035020 0.037047
v 0.083953 0.035020 0.036647
v 0.083953 0.035020 0.036647
v 0.083953 0.035020 0.036647
v 0.086071 0.035020 0.036122
v 0.086071 0.035020 0.036122
v 0.088154 0.035020 0.035476
v 0.088154 0.035020 0.035476
v 0.089181 0.035020 0.035107
v 0.089181 0.035020 0.035107
v 0.089181 0.035020 0.035107
v 0.090196 0.035020 0.034709
v 0.090196 0.035020 0.034709
v 0.091200 0.035020 0.034281
v 0.091200 0.035020 0.034281
v 0.092190 0.035020 0.033825
v 0.092190 0.035020 0.033825
v 0.093167 0.035020 0.033340
v 0.093167 0.035020 0.033340
v 0.093650 0.035020 0.033086
v 0.093650 0.035020 0.033086
v 0.094130 0.035020 0.032826
v 0.094130 0.035020 0.032826
v 0.098259 0.035020 0.030179
v 0.098259 0.035020 0.030179
v 0.097818 0.035020 0.030499
v 0.097818 0.035020 0.030499
v 0.094605 0.035020 0.032559
v 0.094605 0.035020 0.032559
v 0.095077 0.035020 0.032285
v 0.095077 0.035020 0.032285
v 0.095544 0.035020 0.032004
v 0.095544 0.035020 0.032004
v 0.096008 0.035020 0.031716
v 0.096008 0.035020 0.031716
v 0.096467 0.035020 0.031422
v 0.096467 0.035020 0.031422
v 0.096922 0.035020 0.031121
v 0.096922 0.035020 0.031121
v 0.097372 0.035020 0.030814
v 0.097372 0.035020 0.030814
v 0.097596 0.035020 0.030657
v 0.097596 0.035020 0.030657
v 0.097596 0.035020 0.030657
v 0.101211 0.035020 0.027760
v 0.101211 0.035020 0.027760
v 0.101211 0.035020 0.027760
v 0.101161 0.035020 0.027806
v 0.101161 0.035020 0.027806
v 0.100497 0.035020 0.028393
v 0.100497 0.035020 0.028393
v 0.100600 0.035020 0.028304
v 0.100600 0.035020 0.028304
v 0.098478 0.035020 0.030016
v 0.098478 0.035020 0.030016
v 0.098696 0.035020 0.029852
v 0.098696 0.035020 0.029852
v 0.098912 0.035020 0.029686
v 0.098912 0.035020 0.029686
v 0.099020 0.035020 0.029603
v 0.099020 0.035020 0.029603
v 0.099128 0.035020 0.029519
v 0.099128 0.035020 0.029519
v 0.099235 0.035020 0.029434
v 0.099235 0.035020 0.029434
v 0.099342 0.035020 0.029350
v 0.099342 0.035020 0.029350
v 0.099448 0.035020 0.029265
v 0.099448 0.035020 0.029265
v 0.099555 0.035020 0.029179
v 0.099555 0.035020 0.029179
v 0.099766 0.035020 0.029007
v 0.099766 0.035020 0.029007
v 0.099976 0.035020 0.028834
v 0.099976 0.035020 0.028834
v 0.100081 0.035020 0.028746
v 0.100081 0.035020 0.028746
v 0.100185 0.035020 0.028658
v 0.100185 0.035020 0.028658
v 0.100289 0.035020 0.028570
v 0.100289 0.035020 0.028570
v 0.100393 0.035020 0.028482
v 0.100393 0.035020 0.028482
v 0.101110 0.035020 0.027852
v 0.101110 0.035020 0.027852
v 0.101060 0.035020 0.027897
v 0.101060 0.035020 0.027897
v 0.101009 0.035020 0.027943
v 0.101009 0.035020 0.027943
v 0.100958 0.035020 0.027988
v 0.100958 0.035020 0.027988
v 0.100907 0.035020 0.028034
v 0.100907 0.035020 0.028034
v 0.100856 0.035020 0.028079
v 0.100702 0.035020 0.028214
v 0.094130 0.068520 0.032826
v 0.094130 0.068520 0.032826
v 0.094130 0.068520 0.032826
v 0.094130 0.068520 0.032826
v 0.094130 0.068520 0.032826
v 0.094130 0.068520 0.032826
v 0.094130 0.068520 0.032826
v 0.094130 0.068520 0.032826
v 0.094130 0.068520 0.032826
v 0.094130 0.068520 0.032826
v 0.094130 0.068520 0.032826
v 0.094130 0.068520 0.032826
v 0.094130 0.068520 0.032826
v 0.094130 0.068520 0.032826
v 0.094130 0.068520 0.032826
v 0.094130 0.068520 0.032826
v 0.094130 0.068520 0.032826
v 0.094130 0.068520 0.032826
v 0.094130 0.068520 0.032826
v 0.094130 0.068520 0.032826
v 0.094130 0.068520 0.032826
v 0.094130 0.068520 0.032826
v 0.094130 0.068520 0.032826
v 0.094130 0.068520 0.032826
v 0.094130 0.068520 0.032826
v 0.105881 0.035020 0.022657
v 0.105881 0.035020 0.022657
v 0.106902 0.035020 0.021176
v 0.106902 0.035020 0.021176
v 0.106934 0.068520 0.021198
v 0.106934 0.068520 0.021198
v 0.106934 0.068520 0.021198
v 0.106934 0.068520 0.021198
v 0.106934 0.068520 0.021198
v 0.106934 0.068520 0.021198
v 0.106934 0.068520 0.021198
v 0.106934 0.068520 0.021198
v 0.106934 0.068520 0.021198
v 0.112947 0.035020 0.006416
v 0.112947 0.035020 0.006416
v 0.113050 0.035020 0.005052
v 0.113050 0.035020 0.005052
v 0.113157 0.068520 0.005060
v 0.113157 0.068520 0.005060
v 0.113157 0.068520 0.005060
v 0.113157 0.068520 0.005060
v 0.113157 0.068520 0.005060
v 0.113157 0.068520 0.005060
v 0.113157 0.068520 0.005060
v 0.113157 0.068520 0.005060
v 0.079872 0.035020 -0.037300
v 0.079872 0.035020 -0.037300
v 0.078890 0.035020 -0.037307
v 0.078890 0.035020 -0.037307
v 0.078891 0.068520 -0.037388
v 0.078891 0.068520 -0.037388
v 0.078891 0.068520 -0.037388
v 0.078891 0.068520 -0.037388
v 0.078891 0.068520 -0.037388
v 0.078891 0.068520 -0.037388
v 0.078891 0.068520 -0.037388
v 0.078891 0.068520 -0.037388
v 0.078891 0.068520 -0.037388
v 0.074471 0.062289 0.037469
v 0.074471 0.062289 0.037469
v 0.074471 0.062289 0.037469
v 0.074471 0.062289 0.037469
v 0.074471 0.062289 0.037469
v 0.075295 0.061670 0.037493
v 0.075295 0.061670 0.037493
v 0.075295 0.061670 0.037493
v 0.075295 0.061670 0.037493
v 0.075295 0.061670 0.037493
v 0.077469 0.068520 0.037471
v 0.077469 0.068520 0.037471
v 0.077469 0.068520 0.037471
v 0.077469 0.068520 0.037471
v 0.077469 0.068520 0.037471
v 0.077469 0.068520 0.037471
v 0.077469 0.068520 0.037471
v 0.077469 0.068520 0.037471
v 0.077469 0.068520 0.037471
v 0.077469 0.068520 0.037471
v 0.077469 0.068520 0.037471
v 0.077469 0.068520 0.037471
v 0.068788 0.068520 0.036800
v 0.068788 0.068520 0.036800
v 0.068788 0.068520 0.036800
v 0.068788 0.068520 0.036800
v 0.068788 0.068520 0.036800
v 0.068788 0.068520 0.036800
v 0.068792 0.062805 0.036775
v 0.068792 0.062805 0.036775
v 0.070892 0.063070 0.037151
v 0.070892 0.063070 0.037151
v 0.070892 0.063070 0.037151
v 0.070892 0.063070 0.037151
v 0.070892 0.063070 0.037151
v 0.073524 0.062695 0.037418
v 0.073524 0.062695 0.037418
v 0.073524 0.062695 0.037418
v 0.073524 0.062695 0.037418
v 0.073524 0.062695 0.037418
v 0.075744 0.061030 0.037499
v 0.075744 0.061030 0.037499
v 0.075744 0.061030 0.037499
v 0.075744 0.061030 0.037499
v 0.075744 0.061030 0.037499
v 0.075916 0.060270 0.037500
v 0.075916 0.060270 0.037500
v 0.075916 0.060270 0.037500
v 0.075916 0.060270 0.037500
v 0.075916 0.060270 0.037500
v 0.075744 0.059511 0.037499
v 0.075744 0.059511 0.037499
v 0.075744 0.059511 0.037499
v 0.075744 0.059511 0.037499
v 0.075744 0.059511 0.037499
v 0.075295 0.058870 0.037493
v 0.075295 0.058870 0.037493
v 0.075295 0.058870 0.037493
v 0.075295 0.058870 0.037493
v 0.075295 0.058870 0.037493
v 0.074468 0.058249 0.037469
v 0.074468 0.058249 0.037469
v 0.074468 0.058249 0.037469
v 0.074468 0.058249 0.037469
v 0.073524 0.057845 0.037418
v 0.073524 0.057845 0.037418
v 0.073524 0.057845 0.037418
v 0.073524 0.057845 0.037418
v 0.073524 0.057845 0.037418
v 0.073524 0.057845 0.037418
v 0.073524 0.057845 0.037418
v 0.073524 0.057845 0.037418
v 0.070892 0.057470 0.037151
v 0.070892 0.057470 0.037151
v 0.070892 0.057470 0.037151
v 0.070892 0.057470 0.037151
v 0.064890 0.059283 0.035817
v 0.064890 0.059283 0.035817
v 0.064492 0.059825 0.035691
v 0.064492 0.059825 0.035691
v 0.068788 0.057659 0.036800
v 0.068788 0.057659 0.036800
v 0.067955 0.057890 0.036611
v 0.067955 0.057890 0.036611
v 0.067955 0.057890 0.036611
v 0.067955 0.057890 0.036611
v 0.066622 0.058260 0.036308
v 0.066622 0.058260 0.036308
v 0.066622 0.058260 0.036308
v 0.066622 0.058260 0.036308
v 0.065413 0.058870 0.035975
v 0.065413 0.058870 0.035975
v 0.064392 0.060270 0.035658
v 0.064392 0.060270 0.035658
v 0.064392 0.060270 0.035658
v 0.064492 0.060716 0.035691
v 0.064492 0.060716 0.035691
v 0.060496 0.068520 0.034145
v 0.060496 0.068520 0.034145
v 0.060496 0.068520 0.034145
v 0.060496 0.068520 0.034145
v 0.060496 0.068520 0.034145
v 0.060496 0.068520 0.034145
v 0.060496 0.068520 0.034145
v 0.060496 0.068520 0.034145
v 0.060496 0.068520 0.034145
v 0.060496 0.068520 0.034145
v 0.060496 0.068520 0.034145
v 0.064739 0.061096 0.035769
v 0.064739 0.061096 0.035769
v 0.065413 0.061670 0.035975
v 0.065413 0.061670 0.035975
v 0.066622 0.062281 0.036309
v 0.066622 0.062281 0.036309
v 0.066622 0.062281 0.036309
v 0.067919 0.062695 0.036619
v 0.067919 0.062695 0.036619
v 0.111476 0.068520 -0.012154
v 0.111476 0.068520 -0.012154
v 0.111476 0.068520 -0.012154
v 0.111476 0.068520 -0.012154
v 0.111476 0.068520 -0.012154
v 0.111476 0.068520 -0.012154
v 0.111476 0.068520 -0.012154
v 0.111476 0.068520 -0.012154
v 0.111464 0.062754 -0.012150
v 0.111464 0.062754 -0.012150
v 0.111464 0.062754 -0.012150
v 0.111464 0.062754 -0.012150
v 0.110691 0.063070 -0.014241
v 0.110691 0.063070 -0.014241
v 0.110691 0.063070 -0.014241
v 0.110691 0.063070 -0.014241
v 0.110691 0.063070 -0.014241
v 0.107716 0.068520 -0.020008
v 0.107716 0.068520 -0.020008
v 0.107716 0.068520 -0.020008
v 0.107716 0.068520 -0.020008
v 0.107716 0.068520 -0.020008
v 0.107716 0.068520 -0.020008
v 0.107716 0.068520 -0.020008
v 0.109432 0.062695 -0.016986
v 0.109432 0.062695 -0.016986
v 0.108807 0.062281 -0.018164
v 0.108807 0.062281 -0.018164
v 0.111894 0.058250 -0.010857
v 0.111894 0.058250 -0.010857
v 0.111894 0.058250 -0.010857
v 0.111894 0.058250 -0.010857
v 0.111894 0.058250 -0.010857
v 0.111894 0.058250 -0.010857
v 0.111894 0.058250 -0.010857
v 0.111894 0.058250 -0.010857
v 0.113314 0.035020 -0.003644
v 0.113314 0.035020 -0.003644
v 0.113314 0.035020 -0.003644
v 0.113314 0.035020 -0.003644
v 0.113314 0.035020 -0.003644
v 0.113130 0.035020 -0.005112
v 0.113130 0.035020 -0.005112
v 0.112124 0.058870 -0.010064
v 0.112124 0.058870 -0.010064
v 0.112124 0.058870 -0.010064
v 0.112124 0.058870 -0.010064
v 0.112124 0.058870 -0.010064
v 0.112242 0.059510 -0.009631
v 0.112242 0.059510 -0.009631
v 0.112242 0.059510 -0.009631
v 0.112242 0.059510 -0.009631
v 0.112242 0.059510 -0.009631
v 0.112242 0.059510 -0.009631
v 0.113322 0.068520 -0.003645
v 0.113322 0.068520 -0.003645
v 0.113322 0.068520 -0.003645
v 0.113322 0.068520 -0.003645
v 0.113322 0.068520 -0.003645
v 0.113322 0.068520 -0.003645
v 0.113322 0.068520 -0.003645
v 0.113322 0.068520 -0.003645
v 0.113322 0.068520 -0.003645
v 0.113322 0.068520 -0.003645
v 0.113322 0.068520 -0.003645
v 0.112286 0.060270 -0.009464
v 0.112286 0.060270 -0.009464
v 0.112286 0.060270 -0.009464
v 0.112286 0.060270 -0.009464
v 0.112242 0.061030 -0.009631
v 0.112242 0.061030 -0.009631
v 0.112242 0.061030 -0.009631
v 0.112242 0.061030 -0.009631
v 0.112242 0.061030 -0.009631
v 0.112124 0.061670 -0.010064
v 0.112124 0.061670 -0.010064
v 0.112124 0.061670 -0.010064
v 0.112124 0.061670 -0.010064
v 0.112124 0.061670 -0.010064
v 0.111895 0.062289 -0.010854
v 0.111895 0.062289 -0.010854
v 0.111895 0.062289 -0.010854
v 0.111895 0.062289 -0.010854
v 0.111895 0.062289 -0.010854
v 0.111608 0.062695 -0.011759
v 0.111608 0.062695 -0.011759
v 0.111608 0.062695 -0.011759
v 0.111608 0.062695 -0.011759
v 0.111608 0.062695 -0.011759
v 0.111608 0.062695 -0.011759
v 0.107713 0.035020 -0.020006
v 0.107713 0.035020 -0.020006
v 0.107713 0.035020 -0.020006
v 0.107713 0.035020 -0.020006
v 0.107713 0.035020 -0.020006
v 0.107716 0.059687 -0.020008
v 0.107716 0.059687 -0.020008
v 0.108181 0.058870 -0.019251
v 0.108181 0.058870 -0.019251
v 0.108807 0.058260 -0.018164
v 0.108807 0.058260 -0.018164
v 0.109432 0.057845 -0.016986
v 0.109432 0.057845 -0.016986
v 0.109432 0.057845 -0.016986
v 0.108750 0.035020 -0.017934
v 0.108750 0.035020 -0.017934
v 0.108750 0.035020 -0.017934
v 0.110691 0.057470 -0.014241
v 0.110691 0.057470 -0.014241
v 0.110691 0.057470 -0.014241
v 0.110691 0.057470 -0.014241
v 0.110691 0.057470 -0.014241
v 0.110691 0.057470 -0.014241
v 0.111045 0.035020 -0.013346
v 0.111045 0.035020 -0.013346
v 0.113031 0.035020 -0.005908
v 0.113031 0.035020 -0.005908
v 0.113030 0.035020 -0.005920
v 0.113030 0.035020 -0.005920
v 0.113030 0.035020 -0.005920
v 0.111592 0.057872 -0.011794
v 0.111592 0.057872 -0.011794
v 0.111592 0.057872 -0.011794
v 0.111592 0.057872 -0.011794
v 0.111592 0.057872 -0.011794
v 0.111592 0.057872 -0.011794
v 0.112889 0.035020 -0.006740
v 0.112889 0.035020 -0.006740
v 0.112889 0.035020 -0.006740
v 0.111476 0.057726 -0.012154
v 0.111476 0.057726 -0.012154
v 0.111476 0.057726 -0.012154
v 0.111476 0.057726 -0.012154
v 0.111476 0.057726 -0.012154
v 0.111476 0.057726 -0.012154
v 0.111385 0.035020 -0.012129
v 0.111385 0.035020 -0.012129
v 0.111385 0.035020 -0.012129
v 0.111381 0.035020 -0.012143
v 0.111381 0.035020 -0.012143
v 0.108181 0.061670 -0.019251
v 0.108181 0.061670 -0.019251
v 0.107716 0.060854 -0.020008
v 0.107716 0.060854 -0.020008
v 0.107716 0.060854 -0.020008
v 0.102247 0.068520 -0.026783
v 0.102247 0.068520 -0.026783
v 0.102247 0.068520 -0.026783
v 0.102247 0.068520 -0.026783
v 0.102247 0.068520 -0.026783
v 0.102247 0.068520 -0.026783
v 0.102247 0.068520 -0.026783
v 0.102247 0.068520 -0.026783
v 0.102247 0.068520 -0.026783
v 0.102247 0.068520 -0.026783
v 0.102247 0.068520 -0.026783
v 0.102247 0.068520 -0.026783
v 0.107646 0.060575 -0.020119
v 0.107646 0.060575 -0.020119
v 0.107619 0.060270 -0.020161
v 0.107619 0.060270 -0.020161
v 0.107619 0.060270 -0.020161
v 0.105310 0.035020 -0.023110
v 0.105310 0.035020 -0.023110
v 0.103246 0.035020 -0.025766
v 0.103246 0.035020 -0.025766
v 0.107646 0.059966 -0.020120
v 0.107646 0.059966 -0.020120
v 0.107646 0.059966 -0.020120
v 0.107646 0.059966 -0.020120
v 0.107646 0.059966 -0.020120
v 0.102243 0.035020 -0.026779
v 0.102243 0.035020 -0.026779
v 0.102243 0.035020 -0.026779
v 0.102243 0.035020 -0.026779
v 0.107699 0.035020 -0.020036
v 0.046207 0.035020 0.022774
v 0.046207 0.035020 0.022774
v 0.046901 0.035020 0.023488
v 0.046901 0.035020 0.023488
v 0.046821 0.068520 0.023555
v 0.046821 0.068520 0.023555
v 0.046821 0.068520 0.023555
v 0.046821 0.068520 0.023555
v 0.046821 0.068520 0.023555
v 0.046821 0.068520 0.023555
v 0.046821 0.068520 0.023555
v 0.046821 0.068520 0.023555
v 0.053039 0.068520 0.029649
v 0.053039 0.068520 0.029649
v 0.053039 0.068520 0.029649
v 0.053039 0.068520 0.029649
v 0.053039 0.068520 0.029649
v 0.053039 0.068520 0.029649
v 0.042195 0.035020 0.016180
v 0.042195 0.035020 0.016180
v 0.042871 0.035020 0.017487
v 0.042871 0.035020 0.017487
v 0.042175 0.068520 0.016191
v 0.042175 0.068520 0.016191
v 0.042175 0.068520 0.016191
v 0.042175 0.068520 0.016191
v 0.042175 0.068520 0.016191
v 0.042175 0.068520 0.016191
v 0.042175 0.068520 0.016191
v 0.042175 0.068520 0.016191
v 0.043530 0.035020 0.018761
v 0.043530 0.035020 0.018761
v 0.043530 0.035020 0.018761
v 0.045376 0.035020 0.021643
v 0.045376 0.035020 0.021643
v 0.038992 0.035020 0.005300
v 0.038992 0.035020 0.005300
v 0.039522 0.035020 0.007919
v 0.039522 0.035020 0.007919
v 0.039353 0.068520 0.007954
v 0.039353 0.068520 0.007954
v 0.039353 0.068520 0.007954
v 0.039353 0.068520 0.007954
v 0.039353 0.068520 0.007954
v 0.039353 0.068520 0.007954
v 0.039353 0.068520 0.007954
v 0.039353 0.068520 0.007954
v 0.039353 0.068520 0.007954
v 0.039353 0.068520 0.007954
v 0.040139 0.035020 0.010965
v 0.040139 0.035020 0.010965
v 0.040362 0.035020 0.011617
v 0.040362 0.035020 0.011617
v 0.040958 0.035020 0.013354
v 0.040958 0.035020 0.013354
v 0.040958 0.035020 0.013354
v 0.041928 0.035020 0.015664
v 0.041928 0.035020 0.015664
v 0.038656 0.035020 -0.003417
v 0.038656 0.035020 -0.003417
v 0.038507 0.068520 -0.000712
v 0.038507 0.068520 -0.000712
v 0.038507 0.068520 -0.000712
v 0.038507 0.068520 -0.000712
v 0.038507 0.068520 -0.000712
v 0.038507 0.068520 -0.000712
v 0.038507 0.068520 -0.000712
v 0.039429 0.035020 -0.007502
v 0.039429 0.035020 -0.007502
v 0.039429 0.035020 -0.007502
v 0.039681 0.068520 -0.009339
v 0.039681 0.068520 -0.009339
v 0.039681 0.068520 -0.009339
v 0.039681 0.068520 -0.009339
v 0.039681 0.068520 -0.009339
v 0.039681 0.068520 -0.009339
v 0.039681 0.068520 -0.009339
v 0.039681 0.068520 -0.009339
v 0.039774 0.035020 -0.009322
v 0.039774 0.035020 -0.009322
v 0.038670 0.035020 -0.000946
v 0.038670 0.035020 -0.000946
v 0.038671 0.035020 -0.000713
v 0.038671 0.035020 -0.000713
v 0.038671 0.035020 -0.000713
v 0.038697 0.035020 0.003845
v 0.038697 0.035020 0.003845
v 0.042814 0.068520 -0.017463
v 0.042814 0.068520 -0.017463
v 0.042814 0.068520 -0.017463
v 0.042814 0.068520 -0.017463
v 0.042814 0.068520 -0.017463
v 0.042814 0.068520 -0.017463
v 0.042814 0.068520 -0.017463
v 0.042814 0.068520 -0.017463
v 0.042814 0.068520 -0.017463
v 0.042814 0.068520 -0.017463
v 0.042475 0.035020 -0.016803
v 0.042475 0.035020 -0.016803
v 0.042475 0.035020 -0.016803
v 0.040826 0.068520 -0.013002
v 0.040826 0.068520 -0.013002
v 0.040826 0.068520 -0.013002
v 0.040826 0.068520 -0.013002
v 0.040826 0.068520 -0.013002
v 0.041336 0.035020 -0.013898
v 0.041336 0.035020 -0.013898
v 0.041336 0.035020 -0.013898
v 0.039990 0.035020 -0.010467
v 0.039990 0.035020 -0.010467
v 0.047803 0.035020 -0.024570
v 0.047803 0.035020 -0.024570
v 0.046727 0.035020 -0.023439
v 0.046727 0.035020 -0.023439
v 0.044013 0.035020 -0.019301
v 0.044013 0.035020 -0.019301
v 0.042843 0.035020 -0.017518
v 0.042843 0.035020 -0.017518
v 0.042815 0.035020 -0.017463
v 0.042815 0.035020 -0.017463
v 0.047809 0.035020 -0.024576
v 0.047809 0.035020 -0.024576
v 0.047809 0.035020 -0.024576
v 0.047736 0.068520 -0.024646
v 0.047736 0.068520 -0.024646
v 0.047736 0.068520 -0.024646
v 0.047736 0.068520 -0.024646
v 0.047736 0.068520 -0.024646
v 0.051117 0.035020 -0.028055
v 0.051117 0.035020 -0.028055
v 0.051117 0.035020 -0.028055
v 0.054182 0.068520 -0.030499
v 0.054182 0.068520 -0.030499
v 0.054182 0.068520 -0.030499
v 0.054182 0.068520 -0.030499
v 0.054182 0.068520 -0.030499
v 0.054182 0.068520 -0.030499
v 0.054182 0.068520 -0.030499
v 0.052183 0.035020 -0.028833
v 0.052183 0.035020 -0.028833
v 0.054637 0.068520 -0.030820
v 0.054637 0.068520 -0.030820
v 0.054637 0.068520 -0.030820
v 0.054637 0.068520 -0.030820
v 0.054637 0.068520 -0.030820
v 0.054637 0.068520 -0.030820
v 0.056878 0.035020 -0.032258
v 0.056878 0.035020 -0.032258
v 0.056878 0.035020 -0.032258
v 0.054281 0.035020 -0.030364
v 0.054281 0.035020 -0.030364
v 0.063643 0.035020 -0.035406
v 0.063643 0.035020 -0.035406
v 0.061803 0.068520 -0.034709
v 0.061803 0.068520 -0.034709
v 0.061803 0.068520 -0.034709
v 0.061803 0.068520 -0.034709
v 0.061803 0.068520 -0.034709
v 0.061803 0.068520 -0.034709
v 0.061803 0.068520 -0.034709
v 0.061803 0.068520 -0.034709
v 0.061803 0.068520 -0.034709
v 0.061803 0.068520 -0.034709
v 0.067576 0.035020 -0.036542
v 0.067576 0.035020 -0.036542
v 0.069227 0.035020 -0.036863
v 0.069227 0.035020 -0.036863
v 0.063028 0.035020 -0.035119
v 0.063028 0.035020 -0.035119
v 0.061864 0.035020 -0.034578
v 0.061864 0.035020 -0.034578
v 0.061864 0.035020 -0.034578
v 0.057265 0.035020 -0.032438
v 0.057265 0.035020 -0.032438
v 0.074901 0.035020 -0.037334
v 0.074901 0.035020 -0.037334
v 0.072639 0.035020 -0.037349
v 0.072639 0.035020 -0.037349
v 0.072639 0.035020 -0.037349
v 0.070191 0.068520 -0.037047
v 0.070191 0.068520 -0.037047
v 0.070191 0.068520 -0.037047
v 0.070191 0.068520 -0.037047
v 0.070191 0.068520 -0.037047
v 0.070191 0.035020 -0.037044
v 0.070191 0.035020 -0.037044
v 0.070191 0.035020 -0.037044
v 0.070092 0.035020 -0.037032
v 0.070092 0.035020 -0.037032
v 0.087991 0.035020 -0.035521
v 0.087991 0.035020 -0.035521
v 0.087432 0.035020 -0.035705
v 0.087432 0.035020 -0.035705
v 0.087435 0.068520 -0.035714
v 0.087435 0.068520 -0.035714
v 0.087435 0.068520 -0.035714
v 0.087435 0.068520 -0.035714
v 0.087435 0.068520 -0.035714
v 0.087435 0.068520 -0.035714
v 0.087435 0.068520 -0.035714
v 0.087435 0.068520 -0.035714
v 0.086890 0.035020 -0.035884
v 0.086890 0.035020 -0.035884
v 0.086890 0.035020 -0.035884
v 0.081476 0.035020 -0.036976
v 0.081476 0.035020 -0.036976
v 0.095363 0.068520 -0.032114
v 0.095363 0.068520 -0.032114
v 0.095363 0.068520 -0.032114
v 0.095363 0.068520 -0.032114
v 0.095363 0.068520 -0.032114
v 0.095363 0.068520 -0.032114
v 0.095363 0.068520 -0.032114
v 0.093524 0.035020 -0.033036
v 0.093524 0.035020 -0.033036
v 0.090156 0.035020 -0.034725
v 0.090156 0.035020 -0.034725
v 0.090156 0.035020 -0.034725
v 0.088546 0.035020 -0.035339
v 0.088546 0.035020 -0.035339
v 0.101255 0.035020 -0.027708
v 0.101255 0.035020 -0.027708
v 0.100747 0.035020 -0.028175
v 0.100747 0.035020 -0.028175
v 0.102014 0.035020 -0.027009
v 0.102014 0.035020 -0.027009
v 0.099895 0.035020 -0.028901
v 0.099895 0.035020 -0.028901
v 0.099035 0.035020 -0.029591
v 0.099035 0.035020 -0.029591
v 0.099035 0.035020 -0.029591
v 0.095363 0.035020 -0.032114
v 0.095363 0.035020 -0.032114
v 0.113326 0.035020 0.001423
v 0.113326 0.035020 0.001423
v 0.113492 0.035020 -0.000771
v 0.113492 0.035020 -0.000771
v 0.113492 0.035020 -0.000771
v 0.113350 0.035020 -0.003352
v 0.113350 0.035020 -0.003352
v 0.110576 0.035020 0.014401
v 0.110576 0.035020 0.014401
v 0.110974 0.035020 0.013487
v 0.110974 0.035020 0.013487
v 0.110988 0.068520 0.013493
v 0.110988 0.068520 0.013493
v 0.110988 0.068520 0.013493
v 0.110988 0.068520 0.013493
v 0.110988 0.068520 0.013493
v 0.110988 0.068520 0.013493
v 0.110988 0.068520 0.013493
v 0.110988 0.068520 0.013493
v 0.110988 0.068520 0.013493
v 0.111103 0.035020 0.013193
v 0.111103 0.035020 0.013193
v 0.111103 0.035020 0.013193
v 0.112519 0.035020 0.007987
v 0.112519 0.035020 0.007987
v 0.107824 0.035020 0.019836
v 0.107824 0.035020 0.019836
v 0.107842 0.035020 0.019804
v 0.107842 0.035020 0.019804
v 0.107842 0.035020 0.019804
v 0.109553 0.035020 0.016746
v 0.109553 0.035020 0.016746
v 0.101211 0.068520 0.027760
v 0.101211 0.068520 0.027760
v 0.101211 0.068520 0.027760
v 0.101211 0.068520 0.027760
v 0.101211 0.068520 0.027760
v 0.101211 0.068520 0.027760
v 0.101211 0.068520 0.027760
v 0.101211 0.068520 0.027760
v 0.101211 0.068520 0.027760
v 0.101211 0.068520 0.027760
v 0.101211 0.068520 0.027760
v 0.101211 0.068520 0.027760
v 0.101211 0.068520 0.027760
v 0.101211 0.068520 0.027760
v 0.101211 0.068520 0.027760
v 0.101211 0.068520 0.027760
v 0.101211 0.068520 0.027760
v 0.101211 0.068520 0.027760
v 0.101211 0.068520 0.027760
v 0.101211 0.068520 0.027760
v 0.101211 0.068520 0.027760
v 0.101211 0.068520 0.027760
v 0.101211 0.068520 0.027760
v 0.101211 0.068520 0.027760
v 0.101211 0.068520 0.027760
v 0.101211 0.068520 0.027760
v 0.101211 0.068520 0.027760
v 0.101211 0.068520 0.027760
v 0.101211 0.068520 0.027760
v 0.101211 0.068520 0.027760
v 0.101211 0.068520 0.027760
v 0.104773 0.035020 0.024049
v 0.104773 0.035020 0.024049
v 0.086071 0.068520 0.036122
v 0.086071 0.068520 0.036122
v 0.086071 0.068520 0.036122
v 0.086071 0.068520 0.036122
v 0.086071 0.068520 0.036122
v 0.086071 0.068520 0.036122
v 0.086071 0.068520 0.036122
v 0.086071 0.068520 0.036122
v 0.086071 0.068520 0.036122
v 0.086071 0.068520 0.036122
v 0.086071 0.068520 0.036122
v 0.065818 0.057670 0.034164
v 0.065818 0.057670 0.034164
v 0.065818 0.057670 0.034164
v 0.065818 0.057670 0.034164
v 0.064093 0.057845 0.033656
v 0.072793 0.058870 0.035556
v 0.072793 0.058870 0.035556
v 0.072793 0.058870 0.035556
v 0.072793 0.058870 0.035556
v 0.072793 0.058870 0.035556
v 0.072793 0.058870 0.035556
v 0.072793 0.058870 0.035556
v 0.071861 0.058242 0.035459
v 0.071861 0.058242 0.035459
v 0.071861 0.058242 0.035459
v 0.071861 0.058242 0.035459
v 0.073281 0.059499 0.035596
v 0.073281 0.059499 0.035596
v 0.073281 0.059499 0.035596
v 0.073281 0.059499 0.035596
v 0.073477 0.060270 0.035611
v 0.073477 0.060270 0.035611
v 0.073477 0.060270 0.035611
v 0.073477 0.060270 0.035611
v 0.073477 0.060270 0.035611
v 0.073477 0.060270 0.035611
v 0.073477 0.060270 0.035611
v 0.070817 0.057845 0.035322
v 0.070817 0.057845 0.035322
v 0.070817 0.057845 0.035322
v 0.070817 0.057845 0.035322
v 0.067781 0.057470 0.034741
v 0.067781 0.057470 0.034741
v 0.067781 0.057470 0.034741
v 0.067781 0.057470 0.034741
v 0.073282 0.061040 0.035596
v 0.073282 0.061040 0.035596
v 0.073282 0.061040 0.035596
v 0.073282 0.061040 0.035596
v 0.073282 0.061040 0.035596
v 0.072793 0.061670 0.035556
v 0.072793 0.061670 0.035556
v 0.072793 0.061670 0.035556
v 0.072793 0.061670 0.035556
v 0.072793 0.061670 0.035556
v 0.071862 0.062298 0.035459
v 0.071862 0.062298 0.035459
v 0.071862 0.062298 0.035459
v 0.071862 0.062298 0.035459
v 0.071862 0.062298 0.035459
v 0.070817 0.062695 0.035322
v 0.070817 0.062695 0.035322
v 0.070817 0.062695 0.035322
v 0.070817 0.062695 0.035322
v 0.070817 0.062695 0.035322
v 0.067781 0.063070 0.034741
v 0.067781 0.063070 0.034741
v 0.067781 0.063070 0.034741
v 0.065818 0.062871 0.034164
v 0.065818 0.062871 0.034164
v 0.065818 0.062871 0.034164
v 0.064093 0.062695 0.033656
v 0.064093 0.062695 0.033656
v 0.109296 0.062299 -0.012880
v 0.109296 0.062299 -0.012880
v 0.109296 0.062299 -0.012880
v 0.109296 0.062299 -0.012880
v 0.108901 0.062695 -0.013856
v 0.108901 0.062695 -0.013856
v 0.108901 0.062695 -0.013856
v 0.108901 0.062695 -0.013856
v 0.108901 0.062695 -0.013856
v 0.108901 0.062695 -0.013856
v 0.106529 0.062871 -0.018406
v 0.106529 0.062871 -0.018406
v 0.105606 0.062695 -0.019949
v 0.105606 0.062695 -0.019949
v 0.109847 0.060270 -0.011353
v 0.109847 0.060270 -0.011353
v 0.109847 0.060270 -0.011353
v 0.109847 0.060270 -0.011353
v 0.109847 0.060270 -0.011353
v 0.109847 0.060270 -0.011353
v 0.109847 0.060270 -0.011353
v 0.109784 0.059501 -0.011538
v 0.109784 0.059501 -0.011538
v 0.109784 0.059501 -0.011538
v 0.109784 0.059501 -0.011538
v 0.109784 0.059501 -0.011538
v 0.109622 0.058870 -0.012001
v 0.109622 0.058870 -0.012001
v 0.109622 0.058870 -0.012001
v 0.109622 0.058870 -0.012001
v 0.109622 0.058870 -0.012001
v 0.109296 0.058243 -0.012879
v 0.109296 0.058243 -0.012879
v 0.109296 0.058243 -0.012879
v 0.109296 0.058243 -0.012879
v 0.109296 0.058243 -0.012879
v 0.108901 0.057845 -0.013856
v 0.108901 0.057845 -0.013856
v 0.108901 0.057845 -0.013856
v 0.108901 0.057845 -0.013856
v 0.108901 0.057845 -0.013856
v 0.107579 0.057470 -0.016651
v 0.107579 0.057470 -0.016651
v 0.107579 0.057470 -0.016651
v 0.107579 0.057470 -0.016651
v 0.106529 0.057670 -0.018406
v 0.106529 0.057670 -0.018406
v 0.106529 0.057670 -0.018406
v 0.106529 0.057670 -0.018406
v 0.106529 0.057670 -0.018406
v 0.109622 0.061670 -0.012001
v 0.109622 0.061670 -0.012001
v 0.109622 0.061670 -0.012001
v 0.109622 0.061670 -0.012001
v 0.109622 0.061670 -0.012001
v 0.109622 0.061670 -0.012001
v 0.109622 0.061670 -0.012001
v 0.109784 0.061041 -0.011539
v 0.109784 0.061041 -0.011539
v 0.109784 0.061041 -0.011539
v 0.109784 0.061041 -0.011539
v 0.107579 0.063070 -0.016651
v 0.107579 0.063070 -0.016651
v 0.107579 0.063070 -0.016651
v 0.107579 0.063070 -0.016651
v 0.107579 0.060270 -0.016651
v 0.107579 0.060270 -0.016651
v 0.107579 0.060270 -0.016651
v 0.107579 0.060270 -0.016651
v 0.107579 0.060270 -0.016651
v 0.107579 0.060270 -0.016651
v 0.107579 0.060270 -0.016651
v 0.107579 0.060270 -0.016651
v 0.107579 0.060270 -0.016651
v 0.107579 0.060270 -0.016651
v 0.107579 0.060270 -0.016651
v 0.103234 0.060270 -0.023083
v 0.067781 0.060270 0.034741
v 0.067781 0.060270 0.034741
v 0.067781 0.060270 0.034741
v 0.067781 0.060270 0.034741
v 0.067781 0.060270 0.034741
v 0.067781 0.060270 0.034741
v 0.067781 0.060270 0.034741
v 0.067781 0.060270 0.034741
v 0.067781 0.060270 0.034741
v 0.067781 0.060270 0.034741
v 0.067781 0.060270 0.034741
v 0.060466 0.060270 0.032143
v 0.053039 0.035020 0.029649
v 0.053039 0.035020 0.029649
v 0.053039 0.035020 0.029649
v 0.053039 0.035020 0.029649
v 0.048972 0.035020 0.025993
v 0.048972 0.035020 0.025993
v 0.048972 0.035020 0.025993
v 0.048972 0.035020 0.025993
v 0.048972 0.035020 0.025993
v 0.050395 0.035020 0.027266
v 0.050395 0.035020 0.027266
v 0.050395 0.035020 0.027266
v 0.050395 0.035020 0.027266
v 0.050395 0.035020 0.027266
v 0.050395 0.035020 0.027266
v 0.050395 0.035020 0.027266
v 0.073109 0.035020 0.037388
v 0.073109 0.035020 0.037388
v 0.073109 0.035020 0.037388
v 0.073109 0.035020 0.037388
v 0.068788 0.035020 0.036800
v 0.068788 0.035020 0.036800
v 0.068788 0.035020 0.036800
v 0.070560 0.035020 0.036916
v 0.070560 0.035020 0.036916
v 0.070560 0.035020 0.036916
v 0.070560 0.035020 0.036916
v 0.070560 0.035020 0.036916
v 0.070560 0.035020 0.036916
v 0.070560 0.035020 0.036916
v 0.070560 0.035020 0.036916
v 0.070560 0.035020 0.036916
v 0.070560 0.035020 0.036916
v 0.063993 0.035020 0.035385
v 0.063993 0.035020 0.035385
v 0.063993 0.035020 0.035385
v 0.063993 0.035020 0.035385
v 0.063993 0.035020 0.035385
v 0.063993 0.035020 0.035385
v 0.063993 0.035020 0.035385
v 0.063993 0.035020 0.035385
v 0.063993 0.035020 0.035385
v 0.063993 0.035020 0.035385
v 0.064564 0.035020 0.035714
v 0.064564 0.035020 0.035714
v 0.064564 0.035020 0.035714
v 0.064564 0.035020 0.035714
v 0.060496 0.035020 0.034145
v 0.060496 0.035020 0.034145
v 0.060496 0.035020 0.034145
v 0.052967 0.035020 0.029565
v 0.052967 0.035020 0.029565
v 0.052967 0.035020 0.029565
v 0.052967 0.035020 0.029565
v 0.052967 0.035020 0.029565
v 0.052967 0.035020 0.029565
v 0.052967 0.035020 0.029565
v 0.056239 0.035020 0.031808
v 0.056239 0.035020 0.031808
v 0.056239 0.035020 0.031808
v 0.056239 0.035020 0.031808
v 0.056239 0.035020 0.031808
v 0.056239 0.035020 0.031808
v 0.056637 0.035020 0.032114
v 0.056637 0.035020 0.032114
v 0.056637 0.035020 0.032114
v 0.056992 0.035020 0.032255
v 0.056992 0.035020 0.032255
v 0.056992 0.035020 0.032255
v 0.056992 0.035020 0.032255
v 0.056992 0.035020 0.032255
v 0.064238 0.035020 0.035479
v 0.064238 0.035020 0.035479
v 0.064238 0.035020 0.035479
v 0.064238 0.035020 0.035479
v 0.066162 0.035020 0.036053
v 0.066162 0.035020 0.036053
v 0.066162 0.035020 0.036053
v 0.066162 0.035020 0.036053
v 0.066162 0.035020 0.036053
v 0.068125 0.035020 0.036531
v 0.068125 0.035020 0.036531
v 0.068125 0.035020 0.036531
v 0.072470 0.035020 0.037218
v 0.072470 0.035020 0.037218
v 0.072470 0.035020 0.037218
v 0.072470 0.035020 0.037218
v 0.072470 0.035020 0.037218
v 0.076469 0.035020 0.037409
v 0.076469 0.035020 0.037409
v 0.076469 0.035020 0.037409
v 0.076469 0.035020 0.037409
v 0.076469 0.035020 0.037409
v 0.076469 0.035020 0.037409
v 0.077469 0.035020 0.037471
v 0.077469 0.035020 0.037471
v 0.077469 0.035020 0.037471
v 0.077469 0.035020 0.037471
v 0.077233 0.035020 0.037385
v 0.077233 0.035020 0.037385
v 0.077233 0.035020 0.037385
v 0.077233 0.035020 0.037385
v 0.077233 0.035020 0.037385
v 0.077233 0.035020 0.037385
v 0.078465 0.035020 0.037346
v 0.078465 0.035020 0.037346
v 0.078465 0.035020 0.037346
v 0.078465 0.035020 0.037346
v 0.080467 0.035020 0.037175
v 0.080467 0.035020 0.037175
v 0.080467 0.035020 0.037175
v 0.080467 0.035020 0.037175
v 0.081809 0.035020 0.037047
v 0.081809 0.035020 0.037047
v 0.081258 0.035020 0.037077
v 0.081258 0.035020 0.037077
v 0.081258 0.035020 0.037077
v 0.083654 0.035020 0.036623
v 0.083654 0.035020 0.036623
v 0.083654 0.035020 0.036623
v 0.083654 0.035020 0.036623
v 0.083654 0.035020 0.036623
v 0.083654 0.035020 0.036623
v 0.083654 0.035020 0.036623
v 0.083654 0.035020 0.036623
v 0.083654 0.035020 0.036623
v 0.083654 0.035020 0.036623
v 0.083654 0.035020 0.036623
v 0.083654 0.035020 0.036623
v 0.083953 0.035020 0.036647
v 0.083953 0.035020 0.036647
v 0.083953 0.035020 0.036647
v 0.085114 0.035020 0.036346
v 0.085114 0.035020 0.036346
v 0.085114 0.035020 0.036346
v 0.085114 0.035020 0.036346
v 0.085114 0.035020 0.036346
v 0.085114 0.035020 0.036346
v 0.086071 0.035020 0.036122
v 0.086071 0.035020 0.036122
v 0.086071 0.035020 0.036122
v 0.086071 0.035020 0.036122
v 0.057829 0.035020 0.032709
v 0.057829 0.035020 0.032709
v 0.057829 0.035020 0.032709
v 0.057829 0.035020 0.032709
v 0.058738 0.035020 0.033201
v 0.058738 0.035020 0.033201
v 0.058738 0.035020 0.033201
v 0.058738 0.035020 0.033201
v 0.058738 0.035020 0.033201
v 0.058738 0.035020 0.033201
v 0.060523 0.035020 0.034051
v 0.060523 0.035020 0.034051
v 0.060523 0.035020 0.034051
v 0.060523 0.035020 0.034051
v 0.086063 0.035020 0.036100
v 0.086063 0.035020 0.036100
v 0.086063 0.035020 0.036100
v 0.086063 0.035020 0.036100
v 0.087006 0.035020 0.035828
v 0.087006 0.035020 0.035828
v 0.087006 0.035020 0.035828
v 0.087006 0.035020 0.035828
v 0.087006 0.035020 0.035828
v 0.088154 0.035020 0.035476
v 0.088154 0.035020 0.035476
v 0.088154 0.035020 0.035476
v 0.088869 0.035020 0.035209
v 0.088869 0.035020 0.035209
v 0.088869 0.035020 0.035209
v 0.088869 0.035020 0.035209
v 0.088869 0.035020 0.035209
v 0.088869 0.035020 0.035209
v 0.089181 0.035020 0.035107
v 0.089181 0.035020 0.035107
v 0.089181 0.035020 0.035107
v 0.089791 0.035020 0.034861
v 0.089791 0.035020 0.034861
v 0.089791 0.035020 0.034861
v 0.089791 0.035020 0.034861
v 0.089791 0.035020 0.034861
v 0.090196 0.035020 0.034709
v 0.090196 0.035020 0.034709
v 0.089823 0.035020 0.034848
v 0.089823 0.035020 0.034848
v 0.089823 0.035020 0.034848
v 0.090706 0.035020 0.034487
v 0.090706 0.035020 0.034487
v 0.090706 0.035020 0.034487
v 0.091200 0.035020 0.034281
v 0.091200 0.035020 0.034281
v 0.091613 0.035020 0.034088
v 0.091613 0.035020 0.034088
v 0.091613 0.035020 0.034088
v 0.091613 0.035020 0.034088
v 0.091613 0.035020 0.034088
v 0.092190 0.035020 0.033825
v 0.092190 0.035020 0.033825
v 0.092513 0.035020 0.033663
v 0.092513 0.035020 0.033663
v 0.092513 0.035020 0.033663
v 0.092513 0.035020 0.033663
v 0.093167 0.035020 0.033340
v 0.093167 0.035020 0.033340
v 0.093167 0.035020 0.033340
v 0.093198 0.035020 0.033319
v 0.093198 0.035020 0.033319
v 0.093198 0.035020 0.033319
v 0.093198 0.035020 0.033319
v 0.093198 0.035020 0.033319
v 0.093650 0.035020 0.033086
v 0.093650 0.035020 0.033086
v 0.093650 0.035020 0.033086
v 0.093650 0.035020 0.033086
v 0.093638 0.035020 0.033089
v 0.093638 0.035020 0.033089
v 0.093638 0.035020 0.033089
v 0.093638 0.035020 0.033089
v 0.093856 0.035020 0.032972
v 0.093856 0.035020 0.032972
v 0.093856 0.035020 0.032972
v 0.093856 0.035020 0.032972
v 0.093856 0.035020 0.032972
v 0.094130 0.035020 0.032826
v 0.094130 0.035020 0.032826
v 0.094130 0.035020 0.032826
v 0.098259 0.035020 0.030179
v 0.098259 0.035020 0.030179
v 0.097818 0.035020 0.030499
v 0.097818 0.035020 0.030499
v 0.097818 0.035020 0.030499
v 0.097818 0.035020 0.030499
v 0.098228 0.035020 0.030202
v 0.098228 0.035020 0.030202
v 0.098228 0.035020 0.030202
v 0.098228 0.035020 0.030202
v 0.098228 0.035020 0.030202
v 0.098228 0.035020 0.030202
v 0.098228 0.035020 0.030202
v 0.094074 0.035020 0.032854
v 0.094074 0.035020 0.032854
v 0.094074 0.035020 0.032854
v 0.094506 0.035020 0.032613
v 0.094506 0.035020 0.032613
v 0.094506 0.035020 0.032613
v 0.094506 0.035020 0.032613
v 0.094506 0.035020 0.032613
v 0.094506 0.035020 0.032613
v 0.094605 0.035020 0.032559
v 0.094605 0.035020 0.032559
v 0.094605 0.035020 0.032559
v 0.094933 0.035020 0.032367
v 0.094933 0.035020 0.032367
v 0.094933 0.035020 0.032367
v 0.094933 0.035020 0.032367
v 0.094933 0.035020 0.032367
v 0.095077 0.035020 0.032285
v 0.095077 0.035020 0.032285
v 0.095077 0.035020 0.032285
v 0.095358 0.035020 0.032116
v 0.095358 0.035020 0.032116
v 0.095358 0.035020 0.032116
v 0.095358 0.035020 0.032116
v 0.095544 0.035020 0.032004
v 0.095544 0.035020 0.032004
v 0.095466 0.035020 0.032049
v 0.095466 0.035020 0.032049
v 0.095466 0.035020 0.032049
v 0.095778 0.035020 0.031859
v 0.095778 0.035020 0.031859
v 0.095778 0.035020 0.031859
v 0.096008 0.035020 0.031716
v 0.096008 0.035020 0.031716
v 0.096194 0.035020 0.031597
v 0.096194 0.035020 0.031597
v 0.096194 0.035020 0.031597
v 0.096194 0.035020 0.031597
v 0.096194 0.035020 0.031597
v 0.096467 0.035020 0.031422
v 0.096467 0.035020 0.031422
v 0.096467 0.035020 0.031422
v 0.096607 0.035020 0.031329
v 0.096607 0.035020 0.031329
v 0.096607 0.035020 0.031329
v 0.096607 0.035020 0.031329
v 0.096607 0.035020 0.031329
v 0.096922 0.035020 0.031121
v 0.096922 0.035020 0.031121
v 0.096922 0.035020 0.031121
v 0.097018 0.035020 0.031055
v 0.097018 0.035020 0.031055
v 0.097018 0.035020 0.031055
v 0.097018 0.035020 0.031055
v 0.097018 0.035020 0.031055
v 0.097372 0.035020 0.030814
v 0.097372 0.035020 0.030814
v 0.097425 0.035020 0.030776
v 0.097425 0.035020 0.030776
v 0.097425 0.035020 0.030776
v 0.097425 0.035020 0.030776
v 0.097596 0.035020 0.030657
v 0.097596 0.035020 0.030657
v 0.097596 0.035020 0.030657
v 0.097627 0.035020 0.030634
v 0.097627 0.035020 0.030634
v 0.097627 0.035020 0.030634
v 0.097627 0.035020 0.030634
v 0.097728 0.035020 0.030563
v 0.097728 0.035020 0.030563
v 0.097728 0.035020 0.030563
v 0.097728 0.035020 0.030563
v 0.097828 0.035020 0.030491
v 0.097828 0.035020 0.030491
v 0.097828 0.035020 0.030491
v 0.097828 0.035020 0.030491
v 0.101124 0.035020 0.027839
v 0.101124 0.035020 0.027839
v 0.101124 0.035020 0.027839
v 0.101124 0.035020 0.027839
v 0.101124 0.035020 0.027839
v 0.101124 0.035020 0.027839
v 0.101211 0.035020 0.027760
v 0.101211 0.035020 0.027760
v 0.101211 0.035020 0.027760
v 0.101211 0.035020 0.027760
v 0.101161 0.035020 0.027806
v 0.101161 0.035020 0.027806
v 0.100497 0.035020 0.028393
v 0.100497 0.035020 0.028393
v 0.100507 0.035020 0.028384
v 0.100507 0.035020 0.028384
v 0.100507 0.035020 0.028384
v 0.100507 0.035020 0.028384
v 0.100600 0.035020 0.028304
v 0.100595 0.035020 0.028307
v 0.100595 0.035020 0.028307
v 0.100595 0.035020 0.028307
v 0.100684 0.035020 0.028230
v 0.100684 0.035020 0.028230
v 0.100684 0.035020 0.028230
v 0.098478 0.035020 0.030016
v 0.098478 0.035020 0.030016
v 0.098624 0.035020 0.029906
v 0.098624 0.035020 0.029906
v 0.098624 0.035020 0.029906
v 0.098696 0.035020 0.029852
v 0.098696 0.035020 0.029852
v 0.098820 0.035020 0.029757
v 0.098820 0.035020 0.029757
v 0.098820 0.035020 0.029757
v 0.098820 0.035020 0.029757
v 0.098912 0.035020 0.029686
v 0.098912 0.035020 0.029686
v 0.098912 0.035020 0.029686
v 0.099016 0.035020 0.029606
v 0.099016 0.035020 0.029606
v 0.099016 0.035020 0.029606
v 0.099016 0.035020 0.029606
v 0.099020 0.035020 0.029603
v 0.099020 0.035020 0.029603
v 0.099020 0.035020 0.029603
v 0.099113 0.035020 0.029530
v 0.099113 0.035020 0.029530
v 0.099113 0.035020 0.029530
v 0.099113 0.035020 0.029530
v 0.099128 0.035020 0.029519
v 0.099128 0.035020 0.029519
v 0.099128 0.035020 0.029519
v 0.099210 0.035020 0.029454
v 0.099210 0.035020 0.029454
v 0.099210 0.035020 0.029454
v 0.099210 0.035020 0.029454
v 0.099235 0.035020 0.029434
v 0.099235 0.035020 0.029434
v 0.099307 0.035020 0.029377
v 0.099307 0.035020 0.029377
v 0.099307 0.035020 0.029377
v 0.099342 0.035020 0.029350
v 0.099342 0.035020 0.029350
v 0.099404 0.035020 0.029300
v 0.099404 0.035020 0.029300
v 0.099404 0.035020 0.029300
v 0.099404 0.035020 0.029300
v 0.099404 0.035020 0.029300
v 0.099448 0.035020 0.029265
v 0.099448 0.035020 0.029265
v 0.099448 0.035020 0.029265
v 0.099500 0.035020 0.029223
v 0.099500 0.035020 0.029223
v 0.099500 0.035020 0.029223
v 0.099500 0.035020 0.029223
v 0.099500 0.035020 0.029223
v 0.099555 0.035020 0.029179
v 0.099555 0.035020 0.029179
v 0.099548 0.035020 0.029184
v 0.099548 0.035020 0.029184
v 0.099548 0.035020 0.029184
v 0.099548 0.035020 0.029184
v 0.099596 0.035020 0.029145
v 0.099596 0.035020 0.029145
v 0.099596 0.035020 0.029145
v 0.099766 0.035020 0.029007
v 0.099788 0.035020 0.028989
v 0.099788 0.035020 0.028989
v 0.099788 0.035020 0.028989
v 0.099976 0.035020 0.028834
v 0.099969 0.035020 0.028840
v 0.099969 0.035020 0.028840
v 0.099969 0.035020 0.028840
v 0.100081 0.035020 0.028746
v 0.100081 0.035020 0.028746
v 0.100149 0.035020 0.028689
v 0.100149 0.035020 0.028689
v 0.100149 0.035020 0.028689
v 0.100149 0.035020 0.028689
v 0.100185 0.035020 0.028658
v 0.100185 0.035020 0.028658
v 0.100239 0.035020 0.028613
v 0.100239 0.035020 0.028613
v 0.100239 0.035020 0.028613
v 0.100289 0.035020 0.028570
v 0.100328 0.035020 0.028537
v 0.100328 0.035020 0.028537
v 0.100328 0.035020 0.028537
v 0.100393 0.035020 0.028482
v 0.100417 0.035020 0.028461
v 0.100417 0.035020 0.028461
v 0.100417 0.035020 0.028461
v 0.100484 0.035020 0.028403
v 0.100484 0.035020 0.028403
v 0.100484 0.035020 0.028403
v 0.100484 0.035020 0.028403
v 0.101110 0.035020 0.027852
v 0.101110 0.035020 0.027852
v 0.101060 0.035020 0.027897
v 0.101060 0.035020 0.027897
v 0.101060 0.035020 0.027897
v 0.101036 0.035020 0.027918
v 0.101036 0.035020 0.027918
v 0.101036 0.035020 0.027918
v 0.101036 0.035020 0.027918
v 0.101036 0.035020 0.027918
v 0.101009 0.035020 0.027943
v 0.101009 0.035020 0.027943
v 0.100993 0.035020 0.027957
v 0.100993 0.035020 0.027957
v 0.100993 0.035020 0.027957
v 0.100993 0.035020 0.027957
v 0.100993 0.035020 0.027957
v 0.100958 0.035020 0.027988
v 0.100958 0.035020 0.027988
v 0.100949 0.035020 0.027997
v 0.100949 0.035020 0.027997
v 0.100949 0.035020 0.027997
v 0.100907 0.035020 0.028034
v 0.100905 0.035020 0.028036
v 0.100905 0.035020 0.028036
v 0.100905 0.035020 0.028036
v 0.100861 0.035020 0.028075
v 0.100861 0.035020 0.028075
v 0.100861 0.035020 0.028075
v 0.100856 0.035020 0.028079
v 0.100856 0.035020 0.028079
v 0.100817 0.035020 0.028114
v 0.100817 0.035020 0.028114
v 0.100817 0.035020 0.028114
v 0.100805 0.035020 0.028124
v 0.100805 0.035020 0.028124
v 0.100805 0.035020 0.028124
v 0.100772 0.035020 0.028153
v 0.100772 0.035020 0.028153
v 0.100772 0.035020 0.028153
v 0.100754 0.035020 0.028169
v 0.100754 0.035020 0.028169
v 0.100754 0.035020 0.028169
v 0.100702 0.035020 0.028214
v 0.100702 0.035020 0.028214
v 0.105881 0.035020 0.022657
v 0.105881 0.035020 0.022657
v 0.105881 0.035020 0.022657
v 0.106902 0.035020 0.021176
v 0.106902 0.035020 0.021176
v 0.112947 0.035020 0.006416
v 0.112947 0.035020 0.006416
v 0.112947 0.035020 0.006416
v 0.113050 0.035020 0.005052
v 0.113050 0.035020 0.005052
v 0.079872 0.035020 -0.037300
v 0.079872 0.035020 -0.037300
v 0.079872 0.035020 -0.037300
v 0.078890 0.035020 -0.037307
v 0.078890 0.035020 -0.037307
v 0.068792 0.062805 0.036775
v 0.068792 0.062805 0.036775
v 0.068792 0.062805 0.036775
v 0.070892 0.063070 0.037151
v 0.070892 0.057470 0.037151
v 0.064890 0.059283 0.035817
v 0.064890 0.059283 0.035817
v 0.064492 0.059825 0.035691
v 0.064492 0.059825 0.035691
v 0.068788 0.057659 0.036800
v 0.068788 0.057659 0.036800
v 0.067955 0.057890 0.036611
v 0.067955 0.057890 0.036611
v 0.067955 0.057890 0.036611
v 0.066622 0.058260 0.036308
v 0.065413 0.058870 0.035975
v 0.065413 0.058870 0.035975
v 0.065413 0.058870 0.035975
v 0.064392 0.060270 0.035658
v 0.064392 0.060270 0.035658
v 0.064392 0.060270 0.035658
v 0.064392 0.060270 0.035658
v 0.064392 0.060270 0.035658
v 0.064392 0.060270 0.035658
v 0.064392 0.060270 0.035658
v 0.064392 0.060270 0.035658
v 0.064392 0.060270 0.035658
v 0.064392 0.060270 0.035658
v 0.064492 0.060716 0.035691
v 0.064492 0.060716 0.035691
v 0.064492 0.060716 0.035691
v 0.064739 0.061096 0.035769
v 0.064739 0.061096 0.035769
v 0.065413 0.061670 0.035975
v 0.065413 0.061670 0.035975
v 0.066622 0.062281 0.036309
v 0.066622 0.062281 0.036309
v 0.066622 0.062281 0.036309
v 0.067919 0.062695 0.036619
v 0.067919 0.062695 0.036619
v 0.067919 0.062695 0.036619
v 0.110691 0.063070 -0.014241
v 0.109432 0.062695 -0.016986
v 0.109432 0.062695 -0.016986
v 0.109432 0.062695 -0.016986
v 0.109432 0.062695 -0.016986
v 0.108807 0.062281 -0.018164
v 0.108807 0.062281 -0.018164
v 0.113314 0.035020 -0.003644
v 0.113314 0.035020 -0.003644
v 0.113130 0.035020 -0.005112
v 0.113130 0.035020 -0.005112
v 0.113130 0.035020 -0.005112
v 0.107713 0.035020 -0.020006
v 0.107713 0.035020 -0.020006
v 0.107713 0.035020 -0.020006
v 0.107716 0.059687 -0.020008
v 0.107716 0.059687 -0.020008
v 0.108181 0.058870 -0.019251
v 0.108181 0.058870 -0.019251
v 0.108807 0.058260 -0.018164
v 0.108807 0.058260 -0.018164
v 0.108807 0.058260 -0.018164
v 0.109432 0.057845 -0.016986
v 0.109432 0.057845 -0.016986
v 0.109432 0.057845 -0.016986
v 0.108750 0.035020 -0.017934
v 0.108750 0.035020 -0.017934
v 0.108750 0.035020 -0.017934
v 0.110691 0.057470 -0.014241
v 0.110691 0.057470 -0.014241
v 0.111045 0.035020 -0.013346
v 0.111045 0.035020 -0.013346
v 0.111045 0.035020 -0.013346
v 0.113031 0.035020 -0.005908
v 0.113031 0.035020 -0.005908
v 0.113030 0.035020 -0.005920
v 0.113030 0.035020 -0.005920
v 0.113030 0.035020 -0.005920
v 0.112889 0.035020 -0.006740
v 0.112889 0.035020 -0.006740
v 0.111385 0.035020 -0.012129
v 0.111385 0.035020 -0.012129
v 0.111381 0.035020 -0.012143
v 0.111381 0.035020 -0.012143
v 0.111381 0.035020 -0.012143
v 0.108181 0.061670 -0.019251
v 0.108181 0.061670 -0.019251
v 0.108181 0.061670 -0.019251
v 0.107716 0.060854 -0.020008
v 0.107716 0.060854 -0.020008
v 0.107646 0.060575 -0.020119
v 0.107646 0.060575 -0.020119
v 0.107619 0.060270 -0.020161
v 0.107619 0.060270 -0.020161
v 0.107619 0.060270 -0.020161
v 0.107619 0.060270 -0.020161
v 0.107619 0.060270 -0.020161
v 0.107619 0.060270 -0.020161
v 0.107619 0.060270 -0.020161
v 0.107619 0.060270 -0.020161
v 0.107619 0.060270 -0.020161
v 0.107619 0.060270 -0.020161
v 0.105310 0.035020 -0.023110
v 0.105310 0.035020 -0.023110
v 0.103246 0.035020 -0.025766
v 0.103246 0.035020 -0.025766
v 0.103246 0.035020 -0.025766
v 0.107646 0.059966 -0.020120
v 0.107646 0.059966 -0.020120
v 0.107646 0.059966 -0.020120
v 0.107646 0.059966 -0.020120
v 0.102243 0.035020 -0.026779
v 0.102243 0.035020 -0.026779
v 0.107699 0.035020 -0.020036
v 0.107699 0.035020 -0.020036
v 0.107699 0.035020 -0.020036
v 0.107699 0.035020 -0.020036
v 0.042195 0.035020 0.016180
v 0.042195 0.035020 0.016180
v 0.042195 0.035020 0.016180
v 0.042871 0.035020 0.017487
v 0.042871 0.035020 0.017487
v 0.042871 0.035020 0.017487
v 0.043530 0.035020 0.018761
v 0.043530 0.035020 0.018761
v 0.043530 0.035020 0.018761
v 0.043530 0.035020 0.018761
v 0.045376 0.035020 0.021643
v 0.045376 0.035020 0.021643
v 0.045376 0.035020 0.021643
v 0.038992 0.035020 0.005300
v 0.038992 0.035020 0.005300
v 0.038992 0.035020 0.005300
v 0.038992 0.035020 0.005300
v 0.038992 0.035020 0.005300
v 0.039522 0.035020 0.007919
v 0.039522 0.035020 0.007919
v 0.039522 0.035020 0.007919
v 0.039522 0.035020 0.007919
v 0.040139 0.035020 0.010965
v 0.040139 0.035020 0.010965
v 0.040139 0.035020 0.010965
v 0.040362 0.035020 0.011617
v 0.040362 0.035020 0.011617
v 0.040362 0.035020 0.011617
v 0.040362 0.035020 0.011617
v 0.040958 0.035020 0.013354
v 0.040958 0.035020 0.013354
v 0.040958 0.035020 0.013354
v 0.041928 0.035020 0.015664
v 0.041928 0.035020 0.015664
v 0.041928 0.035020 0.015664
v 0.038656 0.035020 -0.003417
v 0.038656 0.035020 -0.003417
v 0.038656 0.035020 -0.003417
v 0.039429 0.035020 -0.007502
v 0.039429 0.035020 -0.007502
v 0.039429 0.035020 -0.007502
v 0.039429 0.035020 -0.007502
v 0.039429 0.035020 -0.007502
v 0.039429 0.035020 -0.007502
v 0.039429 0.035020 -0.007502
v 0.039429 0.035020 -0.007502
v 0.039774 0.035020 -0.009322
v 0.039774 0.035020 -0.009322
v 0.038670 0.035020 -0.000946
v 0.038670 0.035020 -0.000946
v 0.038670 0.035020 -0.000946
v 0.038670 0.035020 -0.000946
v 0.038670 0.035020 -0.000946
v 0.038671 0.035020 -0.000713
v 0.038671 0.035020 -0.000713
v 0.038671 0.035020 -0.000713
v 0.038671 0.035020 -0.000713
v 0.038697 0.035020 0.003845
v 0.038697 0.035020 0.003845
v 0.038697 0.035020 0.003845
v 0.038697 0.035020 0.003845
v 0.042475 0.035020 -0.016803
v 0.042475 0.035020 -0.016803
v 0.042475 0.035020 -0.016803
v 0.041336 0.035020 -0.013898
v 0.041336 0.035020 -0.013898
v 0.041336 0.035020 -0.013898
v 0.041336 0.035020 -0.013898
v 0.041336 0.035020 -0.013898
v 0.041336 0.035020 -0.013898
v 0.041336 0.035020 -0.013898
v 0.041336 0.035020 -0.013898
v 0.041336 0.035020 -0.013898
v 0.039990 0.035020 -0.010467
v 0.039990 0.035020 -0.010467
v 0.047803 0.035020 -0.024570
v 0.047803 0.035020 -0.024570
v 0.047803 0.035020 -0.024570
v 0.046727 0.035020 -0.023439
v 0.046727 0.035020 -0.023439
v 0.046727 0.035020 -0.023439
v 0.044013 0.035020 -0.019301
v 0.044013 0.035020 -0.019301
v 0.044013 0.035020 -0.019301
v 0.042843 0.035020 -0.017518
v 0.042843 0.035020 -0.017518
v 0.042815 0.035020 -0.017463
v 0.042815 0.035020 -0.017463
v 0.047809 0.035020 -0.024576
v 0.047809 0.035020 -0.024576
v 0.051117 0.035020 -0.028055
v 0.051117 0.035020 -0.028055
v 0.052183 0.035020 -0.028833
v 0.052183 0.035020 -0.028833
v 0.056878 0.035020 -0.032258
v 0.056878 0.035020 -0.032258
v 0.056878 0.035020 -0.032258
v 0.054281 0.035020 -0.030364
v 0.054281 0.035020 -0.030364
v 0.063643 0.035020 -0.035406
v 0.063643 0.035020 -0.035406
v 0.063643 0.035020 -0.035406
v 0.067576 0.035020 -0.036542
v 0.067576 0.035020 -0.036542
v 0.067576 0.035020 -0.036542
v 0.069227 0.035020 -0.036863
v 0.069227 0.035020 -0.036863
v 0.063028 0.035020 -0.035119
v 0.063028 0.035020 -0.035119
v 0.061864 0.035020 -0.034578
v 0.061864 0.035020 -0.034578
v 0.061864 0.035020 -0.034578
v 0.057265 0.035020 -0.032438
v 0.057265 0.035020 -0.032438
v 0.057265 0.035020 -0.032438
v 0.074901 0.035020 -0.037334
v 0.074901 0.035020 -0.037334
v 0.074901 0.035020 -0.037334
v 0.072639 0.035020 -0.037349
v 0.072639 0.035020 -0.037349
v 0.072639 0.035020 -0.037349
v 0.070191 0.035020 -0.037044
v 0.070191 0.035020 -0.037044
v 0.070092 0.035020 -0.037032
v 0.070092 0.035020 -0.037032
v 0.087991 0.035020 -0.035521
v 0.087991 0.035020 -0.035521
v 0.087432 0.035020 -0.035705
v 0.087432 0.035020 -0.035705
v 0.087432 0.035020 -0.035705
v 0.086890 0.035020 -0.035884
v 0.086890 0.035020 -0.035884
v 0.081476 0.035020 -0.036976
v 0.081476 0.035020 -0.036976
v 0.081476 0.035020 -0.036976
v 0.093524 0.035020 -0.033036
v 0.093524 0.035020 -0.033036
v 0.093524 0.035020 -0.033036
v 0.090156 0.035020 -0.034725
v 0.090156 0.035020 -0.034725
v 0.090156 0.035020 -0.034725
v 0.088546 0.035020 -0.035339
v 0.088546 0.035020 -0.035339
v 0.101255 0.035020 -0.027708
v 0.101255 0.035020 -0.027708
v 0.100747 0.035020 -0.028175
v 0.100747 0.035020 -0.028175
v 0.102014 0.035020 -0.027009
v 0.102014 0.035020 -0.027009
v 0.099895 0.035020 -0.028901
v 0.099895 0.035020 -0.028901
v 0.099895 0.035020 -0.028901
v 0.099035 0.035020 -0.029591
v 0.099035 0.035020 -0.029591
v 0.099035 0.035020 -0.029591
v 0.095363 0.035020 -0.032114
v 0.095363 0.035020 -0.032114
v 0.113326 0.035020 0.001423
v 0.113326 0.035020 0.001423
v 0.113326 0.035020 0.001423
v 0.113492 0.035020 -0.000771
v 0.113492 0.035020 -0.000771
v 0.113492 0.035020 -0.000771
v 0.113350 0.035020 -0.003352
v 0.113350 0.035020 -0.003352
v 0.113350 0.035020 -0.003352
v 0.110576 0.035020 0.014401
v 0.110576 0.035020 0.014401
v 0.110974 0.035020 0.013487
v 0.110974 0.035020 0.013487
v 0.110974 0.035020 0.013487
v 0.111103 0.035020 0.013193
v 0.111103 0.035020 0.013193
v 0.112519 0.035020 0.007987
v 0.112519 0.035020 0.007987
v 0.112519 0.035020 0.007987
v 0.107824 0.035020 0.019836
v 0.107824 0.035020 0.019836
v 0.107842 0.035020 0.019804
v 0.107842 0.035020 0.019804
v 0.109553 0.035020 0.016746
v 0.109553 0.035020 0.016746
v 0.109553 0.035020 0.016746
v 0.101211 0.068520 0.027760
v 0.101211 0.068520 0.027760
v 0.101211 0.068520 0.027760
v 0.065818 0.057670 0.034164
v 0.065818 0.057670 0.034164
v 0.065818 0.057670 0.034164
v 0.064093 0.057845 0.033656
v 0.064093 0.057845 0.033656
v 0.064093 0.057845 0.033656
v 0.064093 0.057845 0.033656
v 0.064093 0.057845 0.033656
v 0.067781 0.057470 0.034741
v 0.067781 0.057470 0.034741
v 0.067781 0.057470 0.034741
v 0.060466 0.058870 0.032143
v 0.060466 0.058870 0.032143
v 0.060466 0.058870 0.032143
v 0.060466 0.058870 0.032143
v 0.060466 0.058870 0.032143
v 0.060466 0.058870 0.032143
v 0.060466 0.058870 0.032143
v 0.059386 0.059382 0.031599
v 0.059386 0.059382 0.031599
v 0.059386 0.059382 0.031599
v 0.059386 0.059382 0.031599
v 0.058897 0.059731 0.031337
v 0.058897 0.059731 0.031337
v 0.058897 0.059731 0.031337
v 0.058897 0.059731 0.031337
v 0.058696 0.059966 0.031226
v 0.058696 0.059966 0.031226
v 0.058696 0.059966 0.031226
v 0.058696 0.059966 0.031226
v 0.058627 0.060109 0.031188
v 0.058627 0.060109 0.031188
v 0.058627 0.060109 0.031188
v 0.058627 0.060109 0.031188
v 0.058600 0.060270 0.031172
v 0.058600 0.060270 0.031172
v 0.058600 0.060270 0.031172
v 0.058600 0.060270 0.031172
v 0.058600 0.060270 0.031172
v 0.058627 0.060433 0.031188
v 0.058627 0.060433 0.031188
v 0.058627 0.060433 0.031188
v 0.058780 0.060688 0.031272
v 0.058780 0.060688 0.031272
v 0.058780 0.060688 0.031272
v 0.058780 0.060688 0.031272
v 0.058780 0.060688 0.031272
v 0.059579 0.061266 0.031699
v 0.059579 0.061266 0.031699
v 0.059579 0.061266 0.031699
v 0.059579 0.061266 0.031699
v 0.059579 0.061266 0.031699
v 0.060466 0.061670 0.032143
v 0.060466 0.061670 0.032143
v 0.060466 0.061670 0.032143
v 0.060466 0.061670 0.032143
v 0.060466 0.061670 0.032143
v 0.060466 0.061670 0.032143
v 0.060466 0.061670 0.032143
v 0.067781 0.063070 0.034741
v 0.067781 0.063070 0.034741
v 0.065818 0.062871 0.034164
v 0.065818 0.062871 0.034164
v 0.065818 0.062871 0.034164
v 0.064093 0.062695 0.033656
v 0.064093 0.062695 0.033656
v 0.064093 0.062695 0.033656
v 0.064093 0.062695 0.033656
v 0.106529 0.062871 -0.018406
v 0.106529 0.062871 -0.018406
v 0.105606 0.062695 -0.019949
v 0.105606 0.062695 -0.019949
v 0.105606 0.062695 -0.019949
v 0.105606 0.062695 -0.019949
v 0.105606 0.062695 -0.019949
v 0.103234 0.061670 -0.023083
v 0.103234 0.061670 -0.023083
v 0.103234 0.061670 -0.023083
v 0.103234 0.061670 -0.023083
v 0.103234 0.061670 -0.023083
v 0.103234 0.061670 -0.023083
v 0.103234 0.061670 -0.023083
v 0.102436 0.061159 -0.023992
v 0.102436 0.061159 -0.023992
v 0.102436 0.061159 -0.023992
v 0.102436 0.061159 -0.023992
v 0.102060 0.060809 -0.024399
v 0.102060 0.060809 -0.024399
v 0.102060 0.060809 -0.024399
v 0.102060 0.060809 -0.024399
v 0.101903 0.060575 -0.024567
v 0.101903 0.060575 -0.024567
v 0.101903 0.060575 -0.024567
v 0.101903 0.060575 -0.024567
v 0.101848 0.060431 -0.024624
v 0.101848 0.060431 -0.024624
v 0.101848 0.060431 -0.024624
v 0.101848 0.060431 -0.024624
v 0.101827 0.060270 -0.024647
v 0.101827 0.060270 -0.024647
v 0.101827 0.060270 -0.024647
v 0.101827 0.060270 -0.024647
v 0.101827 0.060270 -0.024647
v 0.101849 0.060108 -0.024624
v 0.101849 0.060108 -0.024624
v 0.101849 0.060108 -0.024624
v 0.101969 0.059853 -0.024497
v 0.101969 0.059853 -0.024497
v 0.101969 0.059853 -0.024497
v 0.101969 0.059853 -0.024497
v 0.101969 0.059853 -0.024497
v 0.102582 0.059275 -0.023830
v 0.102582 0.059275 -0.023830
v 0.102582 0.059275 -0.023830
v 0.102582 0.059275 -0.023830
v 0.102582 0.059275 -0.023830
v 0.103234 0.058870 -0.023083
v 0.103234 0.058870 -0.023083
v 0.103234 0.058870 -0.023083
v 0.103234 0.058870 -0.023083
v 0.103234 0.058870 -0.023083
v 0.103234 0.058870 -0.023083
v 0.103234 0.058870 -0.023083
v 0.107579 0.057470 -0.016651
v 0.106529 0.057670 -0.018406
v 0.106529 0.057670 -0.018406
v 0.106529 0.057670 -0.018406
v 0.106529 0.057670 -0.018406
v 0.105606 0.057845 -0.019949
v 0.105606 0.057845 -0.019949
v 0.105606 0.057845 -0.019949
v 0.105606 0.057845 -0.019949
v 0.105606 0.057845 -0.019949
v 0.107579 0.063070 -0.016651
v 0.107579 0.063070 -0.016651
v 0.103234 0.060270 -0.023083
v 0.103234 0.060270 -0.023083
v 0.103234 0.060270 -0.023083
v 0.103234 0.060270 -0.023083
v 0.103234 0.060270 -0.023083
v 0.103234 0.060270 -0.023083
v 0.103234 0.060270 -0.023083
v 0.103234 0.060270 -0.023083
v 0.103234 0.060270 -0.023083
v 0.103234 0.060270 -0.023083
v 0.103234 0.060270 -0.023083
v 0.060466 0.060270 0.032143
v 0.060466 0.060270 0.032143
v 0.060466 0.060270 0.032143
v 0.060466 0.060270 0.032143
v 0.060466 0.060270 0.032143
v 0.060466 0.060270 0.032143
v 0.060466 0.060270 0.032143
v 0.060466 0.060270 0.032143
v 0.060466 0.060270 0.032143
v 0.060466 0.060270 0.032143
v 0.060466 0.060270 0.032143
v 0.016049 -0.013648 0.049995
v 0.016049 -0.013648 0.049995
v 0.016049 -0.013648 0.049995
v 0.016049 -0.013648 0.049995
v 0.016049 -0.013648 0.049995
v 0.015655 -0.014213 0.050413
v 0.015655 -0.014213 0.050413
v 0.015655 -0.014213 0.050413
v 0.015655 -0.014213 0.050413
v 0.015655 -0.014213 0.050413
v 0.015655 -0.014213 0.050413
v 0.015655 -0.014213 0.050413
v 0.015655 -0.014213 0.050413
v 0.015213 -0.014613 0.049996
v 0.015213 -0.014613 0.049996
v 0.015213 -0.014613 0.049996
v 0.015213 -0.014613 0.049996
v 0.015213 -0.014613 0.049996
v 0.014964 -0.014809 0.050500
v 0.014964 -0.014809 0.050500
v 0.014964 -0.014809 0.050500
v 0.014964 -0.014809 0.050500
v 0.014964 -0.014809 0.050500
v 0.014964 -0.014809 0.050500
v 0.014964 -0.014809 0.050500
v 0.014948 -0.014865 0.050000
v 0.014948 -0.014865 0.050000
v 0.014948 -0.014865 0.050000
v 0.014948 -0.014865 0.050000
v 0.017148 -0.012379 0.049993
v 0.017148 -0.012379 0.049993
v 0.017148 -0.012379 0.049993
v 0.017148 -0.012379 0.049993
v 0.017519 -0.011804 0.050000
v 0.017519 -0.011804 0.050000
v 0.017519 -0.011804 0.050000
v 0.017519 -0.011804 0.050000
v 0.017519 -0.011804 0.050000
v 0.017519 -0.011804 0.050000
v 0.018335 -0.010630 0.050075
v 0.018335 -0.010630 0.050075
v 0.018335 -0.010630 0.050075
v 0.018335 -0.010630 0.050075
v 0.018335 -0.010630 0.050075
v 0.018664 -0.010026 0.050020
v 0.018664 -0.010026 0.050020
v 0.018664 -0.010026 0.050020
v 0.018664 -0.010026 0.050020
v 0.018664 -0.010026 0.050020
v 0.018759 -0.009879 0.050022
v 0.018759 -0.009879 0.050022
v 0.018759 -0.009879 0.050022
v 0.018759 -0.009879 0.050022
v 0.018759 -0.009879 0.050022
v 0.012274 -0.017131 0.050839
v 0.012274 -0.017131 0.050839
v 0.012274 -0.017131 0.050839
v 0.012274 -0.017131 0.050839
v 0.012274 -0.017131 0.050839
v 0.012274 -0.017131 0.050839
v 0.012274 -0.017131 0.050839
v 0.009708 -0.018515 0.051163
v 0.009708 -0.018515 0.051163
v 0.009708 -0.018515 0.051163
v 0.009708 -0.018515 0.051163
v 0.009708 -0.018515 0.051163
v 0.009708 -0.018515 0.051163
v 0.009708 -0.018515 0.051163
v 0.010103 -0.018338 0.050200
v 0.010103 -0.018338 0.050200
v 0.010103 -0.018338 0.050200
v 0.010103 -0.018338 0.050200
v 0.010103 -0.018338 0.050200
v 0.011474 -0.017547 0.050120
v 0.011474 -0.017547 0.050120
v 0.011474 -0.017547 0.050120
v 0.011474 -0.017547 0.050120
v 0.011474 -0.017547 0.050120
v 0.011474 -0.017547 0.050120
v 0.012087 -0.017193 0.050085
v 0.012087 -0.017193 0.050085
v 0.012087 -0.017193 0.050085
v 0.012087 -0.017193 0.050085
v 0.012087 -0.017193 0.050085
v 0.014417 -0.015370 0.050009
v 0.014417 -0.015370 0.050009
v 0.014417 -0.015370 0.050009
v 0.014417 -0.015370 0.050009
v 0.008349 -0.019249 0.051334
v 0.008349 -0.019249 0.051334
v 0.008349 -0.019249 0.051334
v 0.008349 -0.019249 0.051334
v 0.008349 -0.019249 0.051334
v 0.008349 -0.019249 0.051334
v 0.009546 -0.018660 0.050232
v 0.009546 -0.018660 0.050232
v 0.009546 -0.018660 0.050232
v 0.009546 -0.018660 0.050232
v 0.009546 -0.018660 0.050232
v 0.009639 -0.018606 0.050226
v 0.009639 -0.018606 0.050226
v 0.009639 -0.018606 0.050226
v 0.009639 -0.018606 0.050226
v 0.001988 -0.020696 0.051038
v 0.001988 -0.020696 0.051038
v 0.001988 -0.020696 0.051038
v 0.001988 -0.020696 0.051038
v 0.002885 -0.020615 0.050915
v 0.002885 -0.020615 0.050915
v 0.002885 -0.020615 0.050915
v 0.002885 -0.020615 0.050915
v 0.003613 -0.020493 0.051931
v 0.003613 -0.020493 0.051931
v 0.003613 -0.020493 0.051931
v 0.003613 -0.020493 0.051931
v 0.003613 -0.020493 0.051931
v 0.003613 -0.020493 0.051931
v 0.003613 -0.020493 0.051931
v 0.003613 -0.020493 0.051931
v 0.003472 -0.020504 0.050845
v 0.003472 -0.020504 0.050845
v 0.003472 -0.020504 0.050845
v 0.003472 -0.020504 0.050845
v 0.003472 -0.020504 0.050845
v 0.004064 -0.020466 0.051875
v 0.004064 -0.020466 0.051875
v 0.004064 -0.020466 0.051875
v 0.004064 -0.020466 0.051875
v 0.004064 -0.020466 0.051875
v 0.004064 -0.020466 0.051875
v 0.005740 -0.020074 0.050572
v 0.005740 -0.020074 0.050572
v 0.005740 -0.020074 0.050572
v 0.005740 -0.020074 0.050572
v 0.005740 -0.020074 0.050572
v 0.008517 -0.019127 0.050310
v 0.008517 -0.019127 0.050310
v 0.008517 -0.019127 0.050310
v 0.008517 -0.019127 0.050310
v 0.008517 -0.019127 0.050310
v -0.002799 -0.020337 0.052740
v -0.002799 -0.020337 0.052740
v -0.002799 -0.020337 0.052740
v -0.002799 -0.020337 0.052740
v -0.002799 -0.020337 0.052740
v -0.002799 -0.020337 0.052740
v -0.002799 -0.020337 0.052740
v -0.004776 -0.020019 0.052989
v -0.004776 -0.020019 0.052989
v -0.004776 -0.020019 0.052989
v -0.004776 -0.020019 0.052989
v -0.004776 -0.020019 0.052989
v -0.004776 -0.020019 0.052989
v -0.004955 -0.019997 0.052196
v -0.004955 -0.019997 0.052196
v -0.004955 -0.019997 0.052196
v -0.004955 -0.019997 0.052196
v -0.004955 -0.019997 0.052196
v -0.004955 -0.019997 0.052196
v -0.003991 -0.020244 0.052015
v -0.003991 -0.020244 0.052015
v -0.003991 -0.020244 0.052015
v -0.003991 -0.020244 0.052015
v -0.002926 -0.020408 0.051828
v -0.002926 -0.020408 0.051828
v -0.002926 -0.020408 0.051828
v -0.002926 -0.020408 0.051828
v -0.002926 -0.020408 0.051828
v -0.000380 -0.020727 0.052435
v -0.000380 -0.020727 0.052435
v -0.000380 -0.020727 0.052435
v -0.000380 -0.020727 0.052435
v -0.000380 -0.020727 0.052435
v -0.000380 -0.020727 0.052435
v -0.001130 -0.020686 0.051514
v -0.001130 -0.020686 0.051514
v -0.001130 -0.020686 0.051514
v -0.001130 -0.020686 0.051514
v -0.001130 -0.020686 0.051514
v 0.001787 -0.020714 0.051066
v 0.001787 -0.020714 0.051066
v 0.001787 -0.020714 0.051066
v 0.001787 -0.020714 0.051066
v 0.001787 -0.020714 0.051066
v -0.008913 -0.018377 0.053511
v -0.008913 -0.018377 0.053511
v -0.008913 -0.018377 0.053511
v -0.008913 -0.018377 0.053511
v -0.008913 -0.018377 0.053511
v -0.008913 -0.018377 0.053511
v -0.008913 -0.018377 0.053511
v -0.007698 -0.019003 0.052745
v -0.007698 -0.019003 0.052745
v -0.007698 -0.019003 0.052745
v -0.007698 -0.019003 0.052745
v -0.007698 -0.019003 0.052745
v -0.005057 -0.019960 0.052217
v -0.005057 -0.019960 0.052217
v -0.005057 -0.019960 0.052217
v -0.005057 -0.019960 0.052217
v -0.013912 -0.014668 0.054142
v -0.013912 -0.014668 0.054142
v -0.013912 -0.014668 0.054142
v -0.013912 -0.014668 0.054142
v -0.013912 -0.014668 0.054142
v -0.013340 -0.015231 0.054005
v -0.013340 -0.015231 0.054005
v -0.013340 -0.015231 0.054005
v -0.013340 -0.015231 0.054005
v -0.012612 -0.015872 0.053978
v -0.012612 -0.015872 0.053978
v -0.012612 -0.015872 0.053978
v -0.012612 -0.015872 0.053978
v -0.012612 -0.015872 0.053978
v -0.012612 -0.015872 0.053978
v -0.011287 -0.016911 0.053530
v -0.011287 -0.016911 0.053530
v -0.011287 -0.016911 0.053530
v -0.011287 -0.016911 0.053530
v -0.011287 -0.016911 0.053530
v -0.008918 -0.018375 0.053512
v -0.008918 -0.018375 0.053512
v -0.008918 -0.018375 0.053512
v -0.008918 -0.018375 0.053512
v -0.008918 -0.018375 0.053512
v -0.008918 -0.018375 0.053512
v -0.008918 -0.018375 0.053512
v -0.011084 -0.017077 0.053483
v -0.011084 -0.017077 0.053483
v -0.011084 -0.017077 0.053483
v -0.011084 -0.017077 0.053483
v -0.011084 -0.017077 0.053483
v -0.010256 -0.017631 0.053297
v -0.010256 -0.017631 0.053297
v -0.010256 -0.017631 0.053297
v -0.010256 -0.017631 0.053297
v -0.008951 -0.018331 0.053016
v -0.008951 -0.018331 0.053016
v -0.008951 -0.018331 0.053016
v -0.008951 -0.018331 0.053016
v -0.008951 -0.018331 0.053016
v -0.008058 -0.018810 0.052823
v -0.008058 -0.018810 0.052823
v -0.008058 -0.018810 0.052823
v -0.008058 -0.018810 0.052823
v -0.008058 -0.018810 0.052823
v 0.010108 0.018333 0.050198
v 0.010108 0.018333 0.050198
v 0.010108 0.018333 0.050198
v 0.010108 0.018333 0.050198
v 0.009619 0.018564 0.050234
v 0.009619 0.018564 0.050234
v 0.009619 0.018564 0.050234
v 0.009619 0.018564 0.050234
v 0.009619 0.018564 0.050234
v 0.009704 0.018506 0.051165
v 0.009704 0.018506 0.051165
v 0.009704 0.018506 0.051165
v 0.009704 0.018506 0.051165
v 0.009704 0.018506 0.051165
v 0.009704 0.018506 0.051165
v 0.009704 0.018506 0.051165
v 0.009704 0.018506 0.051165
v 0.001178 0.020736 0.051154
v 0.001178 0.020736 0.051154
v 0.001178 0.020736 0.051154
v 0.001178 0.020736 0.051154
v -0.001730 0.020621 0.051614
v -0.001730 0.020621 0.051614
v -0.001730 0.020621 0.051614
v -0.001730 0.020621 0.051614
v -0.001730 0.020621 0.051614
v -0.001730 0.020621 0.051614
v -0.000544 0.020712 0.052457
v -0.000544 0.020712 0.052457
v -0.000544 0.020712 0.052457
v -0.000544 0.020712 0.052457
v -0.000544 0.020712 0.052457
v -0.000544 0.020712 0.052457
v -0.013917 0.014656 0.054143
v -0.013917 0.014656 0.054143
v -0.013917 0.014656 0.054143
v -0.013917 0.014656 0.054143
v -0.013917 0.014656 0.054143
v -0.012737 0.015758 0.053994
v -0.012737 0.015758 0.053994
v -0.012737 0.015758 0.053994
v -0.012737 0.015758 0.053994
v -0.011725 0.016600 0.053629
v -0.011725 0.016600 0.053629
v -0.011725 0.016600 0.053629
v -0.011725 0.016600 0.053629
v -0.011725 0.016600 0.053629
v -0.009063 0.018291 0.053531
v -0.009063 0.018291 0.053531
v -0.009063 0.018291 0.053531
v -0.009063 0.018291 0.053531
v -0.009063 0.018291 0.053531
v -0.009063 0.018291 0.053531
v -0.009063 0.018291 0.053531
v -0.009063 0.018291 0.053531
v -0.011270 0.016899 0.053528
v -0.011270 0.016899 0.053528
v -0.011270 0.016899 0.053528
v -0.011270 0.016899 0.053528
v -0.011270 0.016899 0.053528
v -0.008055 0.018811 0.052823
v -0.008055 0.018811 0.052823
v -0.008055 0.018811 0.052823
v -0.008055 0.018811 0.052823
v -0.008913 0.018352 0.053512
v -0.008913 0.018352 0.053512
v -0.008913 0.018352 0.053512
v -0.008913 0.018352 0.053512
v -0.008913 0.018352 0.053512
v -0.008913 0.018352 0.053512
v -0.008913 0.018352 0.053512
v -0.008913 0.018352 0.053512
v -0.005642 0.019783 0.052330
v -0.005642 0.019783 0.052330
v -0.005642 0.019783 0.052330
v -0.005642 0.019783 0.052330
v -0.005642 0.019783 0.052330
v -0.004934 0.019968 0.053010
v -0.004934 0.019968 0.053010
v -0.004934 0.019968 0.053010
v -0.004934 0.019968 0.053010
v -0.004934 0.019968 0.053010
v -0.004934 0.019968 0.053010
v -0.008341 0.018696 0.052881
v -0.008341 0.018696 0.052881
v -0.008341 0.018696 0.052881
v -0.008341 0.018696 0.052881
v -0.008341 0.018696 0.052881
v -0.008978 0.018362 0.053018
v -0.008978 0.018362 0.053018
v -0.008978 0.018362 0.053018
v -0.008978 0.018362 0.053018
v -0.008978 0.018362 0.053018
v -0.009297 0.018195 0.053087
v -0.009297 0.018195 0.053087
v -0.009297 0.018195 0.053087
v -0.009297 0.018195 0.053087
v -0.002804 0.020329 0.052742
v -0.002804 0.020329 0.052742
v -0.002804 0.020329 0.052742
v -0.002804 0.020329 0.052742
v -0.002804 0.020329 0.052742
v -0.002804 0.020329 0.052742
v -0.002804 0.020329 0.052742
v -0.002832 0.020467 0.051805
v -0.002832 0.020467 0.051805
v -0.002832 0.020467 0.051805
v -0.002832 0.020467 0.051805
v -0.002938 0.020441 0.051825
v -0.002938 0.020441 0.051825
v -0.002938 0.020441 0.051825
v -0.002938 0.020441 0.051825
v -0.002938 0.020441 0.051825
v -0.004997 0.019940 0.052210
v -0.004997 0.019940 0.052210
v -0.004997 0.019940 0.052210
v -0.004997 0.019940 0.052210
v -0.004997 0.019940 0.052210
v 0.001966 0.020654 0.051048
v 0.001966 0.020654 0.051048
v 0.001966 0.020654 0.051048
v 0.001966 0.020654 0.051048
v 0.001966 0.020654 0.051048
v 0.003609 0.020501 0.051933
v 0.003609 0.020501 0.051933
v 0.003609 0.020501 0.051933
v 0.003609 0.020501 0.051933
v 0.003609 0.020501 0.051933
v 0.003609 0.020501 0.051933
v 0.003470 0.020498 0.050845
v 0.003470 0.020498 0.050845
v 0.003470 0.020498 0.050845
v 0.003470 0.020498 0.050845
v 0.003470 0.020498 0.050845
v 0.003902 0.020487 0.051896
v 0.003902 0.020487 0.051896
v 0.003902 0.020487 0.051896
v 0.003902 0.020487 0.051896
v 0.003902 0.020487 0.051896
v 0.003902 0.020487 0.051896
v 0.003902 0.020487 0.051896
v 0.004062 0.020436 0.050765
v 0.004062 0.020436 0.050765
v 0.004062 0.020436 0.050765
v 0.004062 0.020436 0.050765
v 0.008196 0.019304 0.051355
v 0.008196 0.019304 0.051355
v 0.008196 0.019304 0.051355
v 0.008196 0.019304 0.051355
v 0.008196 0.019304 0.051355
v 0.008196 0.019304 0.051355
v 0.007955 0.019348 0.050356
v 0.007955 0.019348 0.050356
v 0.007955 0.019348 0.050356
v 0.007955 0.019348 0.050356
v 0.007955 0.019348 0.050356
v 0.005150 0.020214 0.050637
v 0.005150 0.020214 0.050637
v 0.005150 0.020214 0.050637
v 0.005150 0.020214 0.050637
v 0.005150 0.020214 0.050637
v 0.012138 0.017218 0.050858
v 0.012138 0.017218 0.050858
v 0.012138 0.017218 0.050858
v 0.012138 0.017218 0.050858
v 0.012138 0.017218 0.050858
v 0.012138 0.017218 0.050858
v 0.012138 0.017218 0.050858
v 0.011561 0.017522 0.050110
v 0.011561 0.017522 0.050110
v 0.011561 0.017522 0.050110
v 0.011561 0.017522 0.050110
v 0.011561 0.017522 0.050110
v 0.011561 0.017522 0.050110
v 0.011484 0.017578 0.050113
v 0.011484 0.017578 0.050113
v 0.011484 0.017578 0.050113
v 0.011484 0.017578 0.050113
v 0.011484 0.017578 0.050113
v 0.010604 0.018100 0.050162
v 0.010604 0.018100 0.050162
v 0.010604 0.018100 0.050162
v 0.010604 0.018100 0.050162
v 0.018250 0.010765 0.050087
v 0.018250 0.010765 0.050087
v 0.018250 0.010765 0.050087
v 0.018250 0.010765 0.050087
v 0.018250 0.010765 0.050087
v 0.018250 0.010765 0.050087
v 0.018250 0.010765 0.050087
v 0.018757 0.009875 0.050023
v 0.018757 0.009875 0.050023
v 0.018757 0.009875 0.050023
v 0.018757 0.009875 0.050023
v 0.018757 0.009875 0.050023
v 0.018676 0.010017 0.050021
v 0.018676 0.010017 0.050021
v 0.018676 0.010017 0.050021
v 0.018676 0.010017 0.050021
v 0.018349 0.010587 0.050013
v 0.018349 0.010587 0.050013
v 0.018349 0.010587 0.050013
v 0.018349 0.010587 0.050013
v 0.018349 0.010587 0.050013
v 0.017518 0.011773 0.050001
v 0.017518 0.011773 0.050001
v 0.017518 0.011773 0.050001
v 0.017518 0.011773 0.050001
v 0.017518 0.011773 0.050001
v 0.017518 0.011773 0.050001
v 0.015542 0.014327 0.050428
v 0.015542 0.014327 0.050428
v 0.015542 0.014327 0.050428
v 0.015542 0.014327 0.050428
v 0.015542 0.014327 0.050428
v 0.015542 0.014327 0.050428
v 0.015542 0.014327 0.050428
v 0.016651 0.013010 0.049990
v 0.016651 0.013010 0.049990
v 0.016651 0.013010 0.049990
v 0.016651 0.013010 0.049990
v 0.016132 0.013619 0.049990
v 0.016132 0.013619 0.049990
v 0.016132 0.013619 0.049990
v 0.016132 0.013619 0.049990
v 0.016002 0.013771 0.049990
v 0.016002 0.013771 0.049990
v 0.016002 0.013771 0.049990
v 0.016002 0.013771 0.049990
v 0.016002 0.013771 0.049990
v 0.016002 0.013771 0.049990
v 0.014969 0.014813 0.050501
v 0.014969 0.014813 0.050501
v 0.014969 0.014813 0.050501
v 0.014969 0.014813 0.050501
v 0.014969 0.014813 0.050501
v 0.014969 0.014813 0.050501
v 0.014914 0.014828 0.050005
v 0.014914 0.014828 0.050005
v 0.014914 0.014828 0.050005
v 0.014914 0.014828 0.050005
v 0.014914 0.014828 0.050005
v 0.013882 0.015830 0.050020
v 0.013882 0.015830 0.050020
v 0.013882 0.015830 0.050020
v 0.013882 0.015830 0.050020
v 0.000987 0.016532 0.055308
v 0.000987 0.016532 0.055308
v 0.000987 0.016532 0.055308
v 0.000987 0.016532 0.055308
v 0.000987 0.016532 0.055308
v 0.000538 0.016266 0.055425
v 0.000538 0.016266 0.055425
v 0.000538 0.016266 0.055425
v 0.000538 0.016266 0.055425
v 0.000586 0.015080 0.055773
v 0.000586 0.015080 0.055773
v 0.000586 0.015080 0.055773
v 0.000586 0.015080 0.055773
v 0.000586 0.015080 0.055773
v 0.000586 0.015080 0.055773
v 0.000586 0.015080 0.055773
v 0.000586 0.015080 0.055773
v 0.000586 0.015080 0.055773
v 0.000586 0.015080 0.055773
v 0.000586 0.015080 0.055773
v 0.000586 0.015080 0.055773
v 0.000586 0.015080 0.055773
v 0.000586 0.015080 0.055773
v 0.000586 0.015080 0.055773
v 0.000586 0.015080 0.055773
v -0.002129 0.014684 0.056115
v -0.002129 0.014684 0.056115
v -0.002129 0.014684 0.056115
v -0.002129 0.014684 0.056115
v -0.002129 0.014684 0.056115
v -0.002129 0.014684 0.056115
v -0.013076 0.008049 0.057141
v -0.013076 0.008049 0.057141
v -0.013076 0.008049 0.057141
v -0.013076 0.008049 0.057141
v -0.013076 0.008049 0.057141
v -0.013031 0.004920 0.057455
v -0.013031 0.004920 0.057455
v -0.013031 0.004920 0.057455
v -0.013031 0.004920 0.057455
v -0.013031 0.004920 0.057455
v -0.013031 0.004920 0.057455
v -0.013031 0.004920 0.057455
v -0.013031 0.004920 0.057455
v -0.011516 0.008153 0.057299
v -0.011516 0.008153 0.057299
v -0.011516 0.008153 0.057299
v -0.011516 0.008153 0.057299
v -0.011516 0.008153 0.057299
v -0.011516 0.008153 0.057299
v -0.011516 0.008153 0.057299
v -0.011516 0.008153 0.057299
v -0.011516 0.008153 0.057299
v -0.011516 0.008153 0.057299
v -0.011516 0.008153 0.057299
v -0.011516 0.008153 0.057299
v -0.011516 0.008153 0.057299
v -0.011516 0.008153 0.057299
v -0.011516 0.008153 0.057299
v -0.012828 -0.008489 0.057108
v -0.012828 -0.008489 0.057108
v -0.012828 -0.008489 0.057108
v -0.012828 -0.008489 0.057108
v -0.012828 -0.008489 0.057108
v -0.011431 -0.009287 0.057119
v -0.011431 -0.009287 0.057119
v -0.011431 -0.009287 0.057119
v -0.011431 -0.009287 0.057119
v -0.011431 -0.009287 0.057119
v -0.010952 -0.008984 0.057227
v -0.010952 -0.008984 0.057227
v -0.010952 -0.008984 0.057227
v -0.010952 -0.008984 0.057227
v -0.010952 -0.008984 0.057227
v -0.010952 -0.008984 0.057227
v -0.010952 -0.008984 0.057227
v -0.010952 -0.008984 0.057227
v -0.010952 -0.008984 0.057227
v -0.010952 -0.008984 0.057227
v -0.010952 -0.008984 0.057227
v -0.010952 -0.008984 0.057227
v -0.010952 -0.008984 0.057227
v -0.010952 -0.008984 0.057227
v -0.010952 -0.008984 0.057227
v -0.010952 -0.008984 0.057227
v -0.010952 -0.008984 0.057227
v -0.008183 -0.008468 0.057385
v -0.008183 -0.008468 0.057385
v -0.008183 -0.008468 0.057385
v -0.008183 -0.008468 0.057385
v -0.008183 -0.008468 0.057385
v -0.009346 -0.007796 0.057458
v -0.009346 -0.007796 0.057458
v -0.009346 -0.007796 0.057458
v -0.009346 -0.007796 0.057458
v -0.009346 -0.007796 0.057458
v -0.002129 -0.014691 0.056114
v -0.002129 -0.014691 0.056114
v -0.002129 -0.014691 0.056114
v -0.002129 -0.014691 0.056114
v -0.001996 -0.014769 0.056080
v -0.001996 -0.014769 0.056080
v -0.001996 -0.014769 0.056080
v -0.001996 -0.014769 0.056080
v -0.001996 -0.014769 0.056080
v -0.001996 -0.014769 0.056080
v -0.001996 -0.014769 0.056080
v -0.001381 -0.012431 0.056500
v -0.001381 -0.012431 0.056500
v -0.001381 -0.012431 0.056500
v -0.001381 -0.012431 0.056500
v -0.001381 -0.012431 0.056500
v -0.001381 -0.012431 0.056500
v -0.001381 -0.012431 0.056500
v -0.001381 -0.012431 0.056500
v 0.001484 -0.016539 0.055243
v 0.001484 -0.016539 0.055243
v 0.001484 -0.016539 0.055243
v 0.001484 -0.016539 0.055243
v 0.001484 -0.016539 0.055243
v 0.001567 -0.016491 0.055242
v 0.001567 -0.016491 0.055242
v 0.001567 -0.016491 0.055242
v 0.001567 -0.016491 0.055242
v 0.001578 -0.015087 0.055647
v 0.001578 -0.015087 0.055647
v 0.001578 -0.015087 0.055647
v 0.001578 -0.015087 0.055647
v 0.001578 -0.015087 0.055647
v 0.001578 -0.015087 0.055647
v 0.001578 -0.015087 0.055647
v 0.001578 -0.015087 0.055647
v 0.001578 -0.015087 0.055647
v 0.001578 -0.015087 0.055647
v 0.001578 -0.015087 0.055647
v 0.001578 -0.015087 0.055647
v 0.001578 -0.015087 0.055647
v 0.001578 -0.015087 0.055647
v 0.001578 -0.015087 0.055647
v 0.001578 -0.015087 0.055647
v 0.004964 -0.014546 0.055220
v 0.004964 -0.014546 0.055220
v 0.004964 -0.014546 0.055220
v 0.004964 -0.014546 0.055220
v 0.004964 -0.014546 0.055220
v 0.004964 -0.014546 0.055220
v 0.004964 -0.014546 0.055220
v 0.004964 -0.014546 0.055220
v 0.001619 -0.013697 0.055967
v 0.001619 -0.013697 0.055967
v 0.001619 -0.013697 0.055967
v 0.001619 -0.013697 0.055967
v 0.001573 -0.013696 0.055974
v 0.001573 -0.013696 0.055974
v 0.001573 -0.013696 0.055974
v 0.001573 -0.013696 0.055974
v 0.015611 -0.003892 0.053862
v 0.015611 -0.003892 0.053862
v 0.015611 -0.003892 0.053862
v 0.015611 -0.003892 0.053862
v 0.015613 -0.003295 0.053877
v 0.015613 -0.003295 0.053877
v 0.015613 -0.003295 0.053877
v 0.015613 -0.003295 0.053877
v 0.015613 -0.003295 0.053877
v 0.015613 -0.003295 0.053877
v 0.015613 -0.003295 0.053877
v 0.015251 -0.004884 0.053923
v 0.015251 -0.004884 0.053923
v 0.015251 -0.004884 0.053923
v 0.015251 -0.004884 0.053923
v 0.015251 -0.004884 0.053923
v 0.015251 -0.004884 0.053923
v 0.015251 -0.004884 0.053923
v 0.015251 -0.004884 0.053923
v 0.015251 -0.004884 0.053923
v 0.015548 0.008049 0.053416
v 0.015548 0.008049 0.053416
v 0.015548 0.008049 0.053416
v 0.015548 0.008049 0.053416
v 0.015548 0.008049 0.053416
v 0.015548 0.008049 0.053416
v 0.015519 0.008209 0.053402
v 0.015519 0.008209 0.053402
v 0.015519 0.008209 0.053402
v 0.015519 0.008209 0.053402
v 0.015473 0.008296 0.053407
v 0.015473 0.008296 0.053407
v 0.015473 0.008296 0.053407
v 0.015473 0.008296 0.053407
v 0.015473 0.008296 0.053407
v 0.015473 0.008296 0.053407
v 0.014899 0.005813 0.053968
v 0.014899 0.005813 0.053968
v 0.014899 0.005813 0.053968
v 0.014899 0.005813 0.053968
v 0.014899 0.005813 0.053968
v 0.014899 0.005813 0.053968
v 0.014899 0.005813 0.053968
v 0.014899 0.005813 0.053968
v 0.014899 0.005813 0.053968
v 0.014899 0.005813 0.053968
v 0.015580 0.006143 0.053646
v 0.015580 0.006143 0.053646
v 0.015580 0.006143 0.053646
v 0.015580 0.006143 0.053646
v 0.015580 0.006143 0.053646
v 0.013116 0.008977 0.054193
v 0.013116 0.008977 0.054193
v 0.013116 0.008977 0.054193
v 0.013116 0.008977 0.054193
v 0.013116 0.008977 0.054193
v 0.013116 0.008977 0.054193
v 0.013116 0.008977 0.054193
v 0.013116 0.008977 0.054193
v 0.013116 0.008977 0.054193
v 0.013116 0.008977 0.054193
v 0.013116 0.008977 0.054193
v 0.013116 0.008977 0.054193
v 0.013116 0.008977 0.054193
v 0.013116 0.008977 0.054193
v 0.013116 0.008977 0.054193
v 0.013116 0.008977 0.054193
v 0.015330 0.008463 0.053439
v 0.015330 0.008463 0.053439
v 0.015330 0.008463 0.053439
v 0.015330 0.008463 0.053439
v 0.015330 0.008463 0.053439
v 0.015300 0.008482 0.053448
v 0.015300 0.008482 0.053448
v 0.015300 0.008482 0.053448
v 0.015300 0.008482 0.053448
v 0.015300 0.008482 0.053448
v 0.015443 0.008353 0.053410
v 0.015443 0.008353 0.053410
v 0.015443 0.008353 0.053410
v 0.015443 0.008353 0.053410
v 0.015443 0.008353 0.053410
v 0.013383 0.005193 0.054531
v 0.013383 0.005193 0.054531
v 0.013383 0.005193 0.054531
v 0.013383 0.005193 0.054531
v 0.013383 0.005193 0.054531
v 0.015613 0.002847 0.053878
v 0.015613 0.002847 0.053878
v 0.015613 0.002847 0.053878
v 0.015613 0.002847 0.053878
v 0.015613 0.002847 0.053878
v 0.015613 0.002847 0.053878
v 0.015613 0.002847 0.053878
v 0.015597 0.005179 0.053762
v 0.015597 0.005179 0.053762
v 0.015597 0.005179 0.053762
v 0.015597 0.005179 0.053762
v 0.015597 0.005179 0.053762
v 0.013412 -0.000867 0.054733
v 0.013412 -0.000867 0.054733
v 0.013412 -0.000867 0.054733
v 0.013412 -0.000867 0.054733
v 0.015620 -0.001307 0.053929
v 0.015620 -0.001307 0.053929
v 0.015620 -0.001307 0.053929
v 0.015620 -0.001307 0.053929
v 0.015620 -0.001307 0.053929
v 0.015620 -0.001307 0.053929
v 0.015620 -0.001307 0.053929
v 0.013413 -0.000669 0.054742
v 0.013413 -0.000669 0.054742
v 0.013413 -0.000669 0.054742
v 0.013413 -0.000669 0.054742
v 0.013413 -0.000669 0.054742
v 0.013413 -0.000669 0.054742
v 0.015628 0.000733 0.053982
v 0.015628 0.000733 0.053982
v 0.015628 0.000733 0.053982
v 0.015628 0.000733 0.053982
v 0.015628 0.000733 0.053982
v 0.015628 0.000733 0.053982
v 0.013392 0.004125 0.054593
v 0.013392 0.004125 0.054593
v 0.013392 0.004125 0.054593
v 0.013392 0.004125 0.054593
v 0.013392 0.004125 0.054593
v 0.013409 0.001976 0.054717
v 0.013409 0.001976 0.054717
v 0.013409 0.001976 0.054717
v 0.013409 0.001976 0.054717
v 0.013409 0.001976 0.054717
v 0.015617 0.002295 0.053905
v 0.015617 0.002295 0.053905
v 0.015617 0.002295 0.053905
v 0.015617 0.002295 0.053905
v 0.015617 0.002295 0.053905
v 0.015617 0.002295 0.053905
v 0.013409 0.001915 0.054718
v 0.013409 0.001915 0.054718
v 0.013409 0.001915 0.054718
v 0.013409 0.001915 0.054718
v 0.013409 0.001915 0.054718
v 0.013409 0.001915 0.054718
v 0.013412 0.000132 0.054734
v 0.013412 0.000132 0.054734
v 0.013412 0.000132 0.054734
v 0.013412 0.000132 0.054734
v 0.015443 -0.008359 0.053409
v 0.015443 -0.008359 0.053409
v 0.015443 -0.008359 0.053409
v 0.015443 -0.008359 0.053409
v 0.015473 -0.008303 0.053406
v 0.015473 -0.008303 0.053406
v 0.015473 -0.008303 0.053406
v 0.015473 -0.008303 0.053406
v 0.015473 -0.008303 0.053406
v 0.015473 -0.008303 0.053406
v 0.015330 -0.008470 0.053439
v 0.015330 -0.008470 0.053439
v 0.015330 -0.008470 0.053439
v 0.015330 -0.008470 0.053439
v 0.015330 -0.008470 0.053439
v 0.013680 -0.008160 0.054121
v 0.013680 -0.008160 0.054121
v 0.013680 -0.008160 0.054121
v 0.013680 -0.008160 0.054121
v 0.013680 -0.008160 0.054121
v 0.013680 -0.008160 0.054121
v 0.013680 -0.008160 0.054121
v 0.013680 -0.008160 0.054121
v 0.013680 -0.008160 0.054121
v 0.013680 -0.008160 0.054121
v 0.013680 -0.008160 0.054121
v 0.013680 -0.008160 0.054121
v 0.013680 -0.008160 0.054121
v 0.013680 -0.008160 0.054121
v 0.013680 -0.008160 0.054121
v 0.013680 -0.008160 0.054121
v 0.015300 -0.008489 0.053448
v 0.015300 -0.008489 0.053448
v 0.015300 -0.008489 0.053448
v 0.015300 -0.008489 0.053448
v 0.015300 -0.008489 0.053448
v 0.014722 -0.008833 0.053607
v 0.014722 -0.008833 0.053607
v 0.014722 -0.008833 0.053607
v 0.014722 -0.008833 0.053607
v 0.015519 -0.008216 0.053401
v 0.015519 -0.008216 0.053401
v 0.015519 -0.008216 0.053401
v 0.015519 -0.008216 0.053401
v 0.015519 -0.008216 0.053401
v 0.015519 -0.008216 0.053401
v 0.015548 -0.008056 0.053416
v 0.015548 -0.008056 0.053416
v 0.015548 -0.008056 0.053416
v 0.015548 -0.008056 0.053416
v 0.015548 -0.008056 0.053416
v 0.015548 -0.008056 0.053416
v 0.015593 -0.005055 0.053737
v 0.015593 -0.005055 0.053737
v 0.015593 -0.005055 0.053737
v 0.015593 -0.005055 0.053737
v 0.015593 -0.005055 0.053737
v 0.001717 -0.013666 0.055960
v 0.001717 -0.013666 0.055960
v 0.001717 -0.013666 0.055960
v 0.001717 -0.013666 0.055960
v 0.005126 -0.014453 0.055219
v 0.005126 -0.014453 0.055219
v 0.005126 -0.014453 0.055219
v 0.005126 -0.014453 0.055219
v 0.004484 -0.012208 0.055762
v 0.004484 -0.012208 0.055762
v 0.004484 -0.012208 0.055762
v 0.004484 -0.012208 0.055762
v 0.004484 -0.012208 0.055762
v 0.004484 -0.012208 0.055762
v 0.004484 -0.012208 0.055762
v 0.005146 -0.014442 0.055219
v 0.005146 -0.014442 0.055219
v 0.005146 -0.014442 0.055219
v 0.005146 -0.014442 0.055219
v 0.005146 -0.014442 0.055219
v 0.005146 -0.014442 0.055219
v 0.005983 -0.011342 0.055652
v 0.005983 -0.011342 0.055652
v 0.005983 -0.011342 0.055652
v 0.005983 -0.011342 0.055652
v 0.005983 -0.011342 0.055652
v 0.008223 -0.012657 0.054912
v 0.008223 -0.012657 0.054912
v 0.008223 -0.012657 0.054912
v 0.008223 -0.012657 0.054912
v 0.008223 -0.012657 0.054912
v 0.008223 -0.012657 0.054912
v 0.008223 -0.012657 0.054912
v 0.006855 -0.010838 0.055588
v 0.006855 -0.010838 0.055588
v 0.006855 -0.010838 0.055588
v 0.006855 -0.010838 0.055588
v 0.006855 -0.010838 0.055588
v 0.002530 -0.013338 0.055905
v 0.002530 -0.013338 0.055905
v 0.002530 -0.013338 0.055905
v 0.002530 -0.013338 0.055905
v 0.002530 -0.013338 0.055905
v 0.002338 -0.013449 0.055919
v 0.002338 -0.013449 0.055919
v 0.002338 -0.013449 0.055919
v 0.002338 -0.013449 0.055919
v 0.002338 -0.013449 0.055919
v 0.002248 -0.013498 0.055922
v 0.002248 -0.013498 0.055922
v 0.002248 -0.013498 0.055922
v 0.002248 -0.013498 0.055922
v 0.002248 -0.013498 0.055922
v 0.001148 -0.016595 0.055269
v 0.001148 -0.016595 0.055269
v 0.001148 -0.016595 0.055269
v 0.001148 -0.016595 0.055269
v 0.001148 -0.016595 0.055269
v 0.001148 -0.016595 0.055269
v 0.001169 -0.016602 0.055264
v 0.001169 -0.016602 0.055264
v 0.001169 -0.016602 0.055264
v 0.001169 -0.016602 0.055264
v 0.001319 -0.016597 0.055246
v 0.001319 -0.016597 0.055246
v 0.001319 -0.016597 0.055246
v 0.001319 -0.016597 0.055246
v 0.001319 -0.016597 0.055246
v 0.001319 -0.016597 0.055246
v 0.000987 -0.016539 0.055307
v 0.000987 -0.016539 0.055307
v 0.000987 -0.016539 0.055307
v 0.000987 -0.016539 0.055307
v 0.000987 -0.016539 0.055307
v 0.001019 -0.016556 0.055298
v 0.001019 -0.016556 0.055298
v 0.001019 -0.016556 0.055298
v 0.001019 -0.016556 0.055298
v 0.001019 -0.016556 0.055298
v 0.001331 -0.016596 0.055244
v 0.001331 -0.016596 0.055244
v 0.001331 -0.016596 0.055244
v 0.001331 -0.016596 0.055244
v 0.001331 -0.016596 0.055244
v -0.005095 -0.012952 0.056623
v -0.005095 -0.012952 0.056623
v -0.005095 -0.012952 0.056623
v -0.005095 -0.012952 0.056623
v -0.005095 -0.012952 0.056623
v -0.005095 -0.012952 0.056623
v -0.005095 -0.012952 0.056623
v -0.005095 -0.012952 0.056623
v -0.003029 -0.011463 0.056807
v -0.003029 -0.011463 0.056807
v -0.003029 -0.011463 0.056807
v -0.003029 -0.011463 0.056807
v -0.003029 -0.011463 0.056807
v -0.003879 -0.010964 0.056965
v -0.003879 -0.010964 0.056965
v -0.003879 -0.010964 0.056965
v -0.003879 -0.010964 0.056965
v -0.002437 -0.014508 0.056194
v -0.002437 -0.014508 0.056194
v -0.002437 -0.014508 0.056194
v -0.002437 -0.014508 0.056194
v -0.002437 -0.014508 0.056194
v -0.004046 -0.010866 0.056996
v -0.004046 -0.010866 0.056996
v -0.004046 -0.010866 0.056996
v -0.004046 -0.010866 0.056996
v -0.004084 -0.010844 0.057003
v -0.004084 -0.010844 0.057003
v -0.004084 -0.010844 0.057003
v -0.004084 -0.010844 0.057003
v -0.004084 -0.010844 0.057003
v -0.006461 -0.012153 0.056844
v -0.006461 -0.012153 0.056844
v -0.006461 -0.012153 0.056844
v -0.006461 -0.012153 0.056844
v -0.006461 -0.012153 0.056844
v -0.006461 -0.012153 0.056844
v -0.004736 -0.010464 0.057080
v -0.004736 -0.010464 0.057080
v -0.004736 -0.010464 0.057080
v -0.004736 -0.010464 0.057080
v -0.004736 -0.010464 0.057080
v -0.006346 -0.009527 0.057271
v -0.006346 -0.009527 0.057271
v -0.006346 -0.009527 0.057271
v -0.006346 -0.009527 0.057271
v -0.006346 -0.009527 0.057271
v -0.008136 -0.011185 0.056964
v -0.008136 -0.011185 0.056964
v -0.008136 -0.011185 0.056964
v -0.008136 -0.011185 0.056964
v -0.008136 -0.011185 0.056964
v -0.008136 -0.011185 0.056964
v -0.006572 -0.009397 0.057285
v -0.006572 -0.009397 0.057285
v -0.006572 -0.009397 0.057285
v -0.006572 -0.009397 0.057285
v -0.006572 -0.009397 0.057285
v -0.006572 -0.009397 0.057285
v -0.009849 -0.010195 0.057088
v -0.009849 -0.010195 0.057088
v -0.009849 -0.010195 0.057088
v -0.009849 -0.010195 0.057088
v -0.009849 -0.010195 0.057088
v -0.009849 -0.010195 0.057088
v -0.010389 -0.009883 0.057127
v -0.010389 -0.009883 0.057127
v -0.010389 -0.009883 0.057127
v -0.010389 -0.009883 0.057127
v -0.013006 -0.008303 0.057113
v -0.013006 -0.008303 0.057113
v -0.013006 -0.008303 0.057113
v -0.013006 -0.008303 0.057113
v -0.013006 -0.008303 0.057113
v -0.013006 -0.008303 0.057113
v -0.012978 -0.008358 0.057108
v -0.012978 -0.008358 0.057108
v -0.012978 -0.008358 0.057108
v -0.012978 -0.008358 0.057108
v -0.012978 -0.008358 0.057108
v -0.012861 -0.008468 0.057107
v -0.012861 -0.008468 0.057107
v -0.012861 -0.008468 0.057107
v -0.012861 -0.008468 0.057107
v -0.012861 -0.008468 0.057107
v -0.013052 -0.008215 0.057120
v -0.013052 -0.008215 0.057120
v -0.013052 -0.008215 0.057120
v -0.013052 -0.008215 0.057120
v -0.013076 -0.008056 0.057140
v -0.013076 -0.008056 0.057140
v -0.013076 -0.008056 0.057140
v -0.013076 -0.008056 0.057140
v -0.013076 -0.008056 0.057140
v -0.013039 -0.005952 0.057400
v -0.013039 -0.005952 0.057400
v -0.013039 -0.005952 0.057400
v -0.013039 -0.005952 0.057400
v -0.013039 -0.005952 0.057400
v -0.013039 -0.005952 0.057400
v -0.012735 -0.005820 0.057452
v -0.012735 -0.005820 0.057452
v -0.012735 -0.005820 0.057452
v -0.012735 -0.005820 0.057452
v -0.012735 -0.005820 0.057452
v -0.012735 -0.005820 0.057452
v -0.012735 -0.005820 0.057452
v -0.012735 -0.005820 0.057452
v -0.012735 -0.005820 0.057452
v -0.012735 -0.005820 0.057452
v -0.013035 -0.005723 0.057428
v -0.013035 -0.005723 0.057428
v -0.013035 -0.005723 0.057428
v -0.013035 -0.005723 0.057428
v -0.013026 -0.004669 0.057488
v -0.013026 -0.004669 0.057488
v -0.013026 -0.004669 0.057488
v -0.013026 -0.004669 0.057488
v -0.013026 -0.004669 0.057488
v -0.013026 -0.004669 0.057488
v -0.010651 -0.000620 0.057855
v -0.010651 -0.000620 0.057855
v -0.010651 -0.000620 0.057855
v -0.010651 -0.000620 0.057855
v -0.010651 -0.000620 0.057855
v -0.010652 -0.000330 0.057851
v -0.010652 -0.000330 0.057851
v -0.010652 -0.000330 0.057851
v -0.010652 -0.000330 0.057851
v -0.010652 -0.000330 0.057851
v -0.012998 -0.001227 0.057686
v -0.012998 -0.001227 0.057686
v -0.012998 -0.001227 0.057686
v -0.012998 -0.001227 0.057686
v -0.012998 -0.001227 0.057686
v -0.012998 -0.001227 0.057686
v -0.012998 -0.001227 0.057686
v -0.013005 0.001263 0.057641
v -0.013005 0.001263 0.057641
v -0.013005 0.001263 0.057641
v -0.013005 0.001263 0.057641
v -0.013005 0.001263 0.057641
v -0.013005 0.001263 0.057641
v -0.013005 0.001263 0.057641
v -0.010654 0.001052 0.057833
v -0.010654 0.001052 0.057833
v -0.010654 0.001052 0.057833
v -0.010654 0.001052 0.057833
v -0.010654 0.001052 0.057833
v -0.010657 0.002445 0.057815
v -0.010657 0.002445 0.057815
v -0.010657 0.002445 0.057815
v -0.010657 0.002445 0.057815
v -0.010657 0.002445 0.057815
v -0.013010 0.003456 0.057601
v -0.013010 0.003456 0.057601
v -0.013010 0.003456 0.057601
v -0.013010 0.003456 0.057601
v -0.013010 0.003456 0.057601
v -0.010667 0.003664 0.057741
v -0.010667 0.003664 0.057741
v -0.010667 0.003664 0.057741
v -0.010667 0.003664 0.057741
v -0.010667 0.003664 0.057741
v -0.013026 0.004587 0.057488
v -0.013026 0.004587 0.057488
v -0.013026 0.004587 0.057488
v -0.013026 0.004587 0.057488
v -0.013026 0.004587 0.057488
v -0.010671 0.004111 0.057714
v -0.010671 0.004111 0.057714
v -0.010671 0.004111 0.057714
v -0.010671 0.004111 0.057714
v -0.010671 0.004111 0.057714
v -0.012861 0.008462 0.057107
v -0.012861 0.008462 0.057107
v -0.012861 0.008462 0.057107
v -0.012861 0.008462 0.057107
v -0.012861 0.008462 0.057107
v -0.012978 0.008352 0.057109
v -0.012978 0.008352 0.057109
v -0.012978 0.008352 0.057109
v -0.012978 0.008352 0.057109
v -0.013006 0.008296 0.057113
v -0.013006 0.008296 0.057113
v -0.013006 0.008296 0.057113
v -0.013006 0.008296 0.057113
v -0.013006 0.008296 0.057113
v -0.013006 0.008296 0.057113
v -0.012440 0.008704 0.057112
v -0.012440 0.008704 0.057112
v -0.012440 0.008704 0.057112
v -0.012440 0.008704 0.057112
v -0.012828 0.008482 0.057109
v -0.012828 0.008482 0.057109
v -0.012828 0.008482 0.057109
v -0.012828 0.008482 0.057109
v -0.013052 0.008208 0.057120
v -0.013052 0.008208 0.057120
v -0.013052 0.008208 0.057120
v -0.013052 0.008208 0.057120
v -0.013052 0.008208 0.057120
v -0.013052 0.008208 0.057120
v -0.009782 0.007535 0.057482
v -0.009782 0.007535 0.057482
v -0.009782 0.007535 0.057482
v -0.009782 0.007535 0.057482
v -0.009782 0.007535 0.057482
v -0.009782 0.007535 0.057482
v -0.009849 0.010188 0.057088
v -0.009849 0.010188 0.057088
v -0.009849 0.010188 0.057088
v -0.009849 0.010188 0.057088
v -0.009849 0.010188 0.057088
v -0.009849 0.010188 0.057088
v -0.009849 0.010188 0.057088
v -0.009849 0.010188 0.057088
v -0.010389 0.009876 0.057127
v -0.010389 0.009876 0.057127
v -0.010389 0.009876 0.057127
v -0.010389 0.009876 0.057127
v -0.009695 0.007588 0.057480
v -0.009695 0.007588 0.057480
v -0.009695 0.007588 0.057480
v -0.009695 0.007588 0.057480
v -0.009695 0.007588 0.057480
v -0.008183 0.008461 0.057386
v -0.008183 0.008461 0.057386
v -0.008183 0.008461 0.057386
v -0.008183 0.008461 0.057386
v -0.008183 0.008461 0.057386
v -0.009001 0.010678 0.057027
v -0.009001 0.010678 0.057027
v -0.009001 0.010678 0.057027
v -0.009001 0.010678 0.057027
v -0.009001 0.010678 0.057027
v -0.009001 0.010678 0.057027
v -0.004733 0.010459 0.057081
v -0.004733 0.010459 0.057081
v -0.004733 0.010459 0.057081
v -0.004733 0.010459 0.057081
v -0.005921 0.012463 0.056757
v -0.005921 0.012463 0.056757
v -0.005921 0.012463 0.056757
v -0.005921 0.012463 0.056757
v -0.005921 0.012463 0.056757
v -0.005921 0.012463 0.056757
v -0.005921 0.012463 0.056757
v -0.005921 0.012463 0.056757
v -0.004736 0.010458 0.057081
v -0.004736 0.010458 0.057081
v -0.004736 0.010458 0.057081
v -0.004736 0.010458 0.057081
v -0.004736 0.010458 0.057081
v -0.006461 0.012146 0.056844
v -0.006461 0.012146 0.056844
v -0.006461 0.012146 0.056844
v -0.006461 0.012146 0.056844
v -0.006461 0.012146 0.056844
v -0.006346 0.009521 0.057271
v -0.006346 0.009521 0.057271
v -0.006346 0.009521 0.057271
v -0.006346 0.009521 0.057271
v -0.006346 0.009521 0.057271
v -0.006346 0.009521 0.057271
v -0.007314 0.008963 0.057331
v -0.007314 0.008963 0.057331
v -0.007314 0.008963 0.057331
v -0.007314 0.008963 0.057331
v -0.004084 0.010837 0.057004
v -0.004084 0.010837 0.057004
v -0.004084 0.010837 0.057004
v -0.004084 0.010837 0.057004
v -0.004084 0.010837 0.057004
v -0.003879 0.010957 0.056966
v -0.003879 0.010957 0.056966
v -0.003879 0.010957 0.056966
v -0.003879 0.010957 0.056966
v -0.003879 0.010957 0.056966
v -0.003879 0.010957 0.056966
v -0.002877 0.014244 0.056266
v -0.002877 0.014244 0.056266
v -0.002877 0.014244 0.056266
v -0.002877 0.014244 0.056266
v -0.002877 0.014244 0.056266
v -0.002877 0.014244 0.056266
v -0.002877 0.014244 0.056266
v -0.003029 0.011456 0.056807
v -0.003029 0.011456 0.056807
v -0.003029 0.011456 0.056807
v -0.003029 0.011456 0.056807
v -0.002133 0.011982 0.056640
v -0.002133 0.011982 0.056640
v -0.002133 0.011982 0.056640
v -0.002133 0.011982 0.056640
v -0.002133 0.011982 0.056640
v -0.002133 0.011982 0.056640
v -0.002133 0.011982 0.056640
v -0.002133 0.011982 0.056640
v -0.002436 0.014502 0.056194
v -0.002436 0.014502 0.056194
v -0.002436 0.014502 0.056194
v -0.002436 0.014502 0.056194
v 0.000353 0.013442 0.056177
v 0.000353 0.013442 0.056177
v 0.000353 0.013442 0.056177
v 0.000353 0.013442 0.056177
v 0.000353 0.013442 0.056177
v 0.000451 0.013480 0.056158
v 0.000451 0.013480 0.056158
v 0.000451 0.013480 0.056158
v 0.000451 0.013480 0.056158
v 0.001319 0.016590 0.055247
v 0.001319 0.016590 0.055247
v 0.001319 0.016590 0.055247
v 0.001319 0.016590 0.055247
v 0.001319 0.016590 0.055247
v 0.001319 0.016590 0.055247
v 0.001319 0.016590 0.055247
v 0.001169 0.016595 0.055265
v 0.001169 0.016595 0.055265
v 0.001169 0.016595 0.055265
v 0.001169 0.016595 0.055265
v 0.001148 0.016589 0.055270
v 0.001148 0.016589 0.055270
v 0.001148 0.016589 0.055270
v 0.001148 0.016589 0.055270
v 0.001148 0.016589 0.055270
v 0.001148 0.016589 0.055270
v 0.001331 0.016590 0.055245
v 0.001331 0.016590 0.055245
v 0.001331 0.016590 0.055245
v 0.001331 0.016590 0.055245
v 0.001484 0.016532 0.055244
v 0.001484 0.016532 0.055244
v 0.001484 0.016532 0.055244
v 0.001484 0.016532 0.055244
v 0.001484 0.016532 0.055244
v 0.001484 0.016532 0.055244
v 0.004176 0.014991 0.055226
v 0.004176 0.014991 0.055226
v 0.004176 0.014991 0.055226
v 0.004176 0.014991 0.055226
v 0.004176 0.014991 0.055226
v 0.004176 0.014991 0.055226
v 0.001019 0.016550 0.055299
v 0.001019 0.016550 0.055299
v 0.001019 0.016550 0.055299
v 0.001019 0.016550 0.055299
v 0.001019 0.016550 0.055299
v 0.003717 0.012645 0.055819
v 0.003717 0.012645 0.055819
v 0.003717 0.012645 0.055819
v 0.003717 0.012645 0.055819
v 0.003717 0.012645 0.055819
v 0.003717 0.012645 0.055819
v 0.003717 0.012645 0.055819
v 0.005983 0.011335 0.055653
v 0.005983 0.011335 0.055653
v 0.005983 0.011335 0.055653
v 0.005983 0.011335 0.055653
v 0.005983 0.011335 0.055653
v 0.005146 0.014436 0.055220
v 0.005146 0.014436 0.055220
v 0.005146 0.014436 0.055220
v 0.005146 0.014436 0.055220
v 0.005146 0.014436 0.055220
v 0.007379 0.013140 0.054997
v 0.007379 0.013140 0.054997
v 0.007379 0.013140 0.054997
v 0.007379 0.013140 0.054997
v 0.007379 0.013140 0.054997
v 0.007379 0.013140 0.054997
v 0.007379 0.013140 0.054997
v 0.006453 0.011063 0.055619
v 0.006453 0.011063 0.055619
v 0.006453 0.011063 0.055619
v 0.006453 0.011063 0.055619
v 0.006453 0.011063 0.055619
v 0.006855 0.010831 0.055589
v 0.006855 0.010831 0.055589
v 0.006855 0.010831 0.055589
v 0.006855 0.010831 0.055589
v 0.006855 0.010831 0.055589
v 0.006855 0.010831 0.055589
v 0.009122 0.012128 0.054824
v 0.009122 0.012128 0.054824
v 0.009122 0.012128 0.054824
v 0.009122 0.012128 0.054824
v 0.009122 0.012128 0.054824
v 0.007702 0.010337 0.055469
v 0.007702 0.010337 0.055469
v 0.007702 0.010337 0.055469
v 0.007702 0.010337 0.055469
v 0.007702 0.010337 0.055469
v 0.010451 0.011348 0.054573
v 0.010451 0.011348 0.054573
v 0.010451 0.011348 0.054573
v 0.010451 0.011348 0.054573
v 0.010451 0.011348 0.054573
v 0.010451 0.011348 0.054573
v 0.010451 0.011348 0.054573
v 0.013727 0.009417 0.053882
v 0.013727 0.009417 0.053882
v 0.013727 0.009417 0.053882
v 0.013727 0.009417 0.053882
v 0.013727 0.009417 0.053882
v 0.012895 0.009912 0.054111
v 0.012895 0.009912 0.054111
v 0.012895 0.009912 0.054111
v 0.012895 0.009912 0.054111
v 0.011152 0.010936 0.054440
v 0.011152 0.010936 0.054440
v 0.011152 0.010936 0.054440
v 0.011152 0.010936 0.054440
v 0.011152 0.010936 0.054440
v 0.011152 0.010936 0.054440
v -0.009695 -0.007595 0.057479
v -0.009695 -0.007595 0.057479
v -0.009695 -0.007595 0.057479
v -0.009695 -0.007595 0.057479
v -0.009782 -0.007542 0.057482
v -0.009782 -0.007542 0.057482
v -0.009782 -0.007542 0.057482
v -0.009782 -0.007542 0.057482
v -0.009782 -0.007542 0.057482
v -0.009973 -0.007368 0.057493
v -0.009973 -0.007368 0.057493
v -0.009973 -0.007368 0.057493
v -0.009973 -0.007368 0.057493
v -0.010669 -0.005974 0.057599
v -0.010669 -0.005974 0.057599
v -0.010669 -0.005974 0.057599
v -0.010669 -0.005974 0.057599
v -0.010669 -0.005974 0.057599
v -0.010686 -0.005863 0.057608
v -0.010686 -0.005863 0.057608
v -0.010686 -0.005863 0.057608
v -0.010686 -0.005863 0.057608
v -0.010686 -0.005863 0.057608
v -0.010270 -0.007097 0.057509
v -0.010270 -0.007097 0.057509
v -0.010270 -0.007097 0.057509
v -0.010270 -0.007097 0.057509
v -0.010270 -0.007097 0.057509
v -0.010398 -0.006859 0.057527
v -0.010398 -0.006859 0.057527
v -0.010398 -0.006859 0.057527
v -0.010398 -0.006859 0.057527
v -0.010398 -0.006859 0.057527
v -0.010398 -0.006859 0.057527
v -0.010584 -0.006515 0.057553
v -0.010584 -0.006515 0.057553
v -0.010584 -0.006515 0.057553
v -0.010584 -0.006515 0.057553
v -0.010584 -0.006515 0.057553
v -0.010686 -0.005818 0.057610
v -0.010686 -0.005818 0.057610
v -0.010686 -0.005818 0.057610
v -0.010686 -0.005818 0.057610
v -0.010681 -0.005043 0.057647
v -0.010681 -0.005043 0.057647
v -0.010681 -0.005043 0.057647
v -0.010681 -0.005043 0.057647
v -0.010681 -0.005043 0.057647
v -0.010660 -0.001886 0.057795
v -0.010660 -0.001886 0.057795
v -0.010660 -0.001886 0.057795
v -0.010660 -0.001886 0.057795
v -0.010660 -0.001886 0.057795
v -0.010660 -0.001886 0.057795
v -0.013006 -0.002230 0.057628
v -0.013006 -0.002230 0.057628
v -0.013006 -0.002230 0.057628
v -0.013006 -0.002230 0.057628
v -0.013006 -0.002230 0.057628
v -0.013006 -0.002230 0.057628
v -0.010659 -0.001826 0.057798
v -0.010659 -0.001826 0.057798
v -0.010659 -0.001826 0.057798
v -0.010659 -0.001826 0.057798
v -0.010659 -0.001826 0.057798
v -0.010659 -0.001826 0.057798
v -0.010656 -0.001327 0.057822
v -0.010656 -0.001327 0.057822
v -0.010656 -0.001327 0.057822
v -0.010656 -0.001327 0.057822
v 0.001066 -0.013683 0.056042
v 0.001066 -0.013683 0.056042
v 0.001066 -0.013683 0.056042
v 0.001066 -0.013683 0.056042
v 0.001066 -0.013683 0.056042
v 0.000962 -0.013681 0.056056
v 0.000962 -0.013681 0.056056
v 0.000962 -0.013681 0.056056
v 0.000962 -0.013681 0.056056
v 0.000962 -0.013681 0.056056
v 0.000962 -0.013681 0.056056
v 0.000353 -0.013449 0.056177
v 0.000353 -0.013449 0.056177
v 0.000353 -0.013449 0.056177
v 0.000353 -0.013449 0.056177
v 0.012465 -0.007546 0.054602
v 0.012465 -0.007546 0.054602
v 0.012465 -0.007546 0.054602
v 0.012465 -0.007546 0.054602
v 0.012386 -0.007595 0.054620
v 0.012386 -0.007595 0.054620
v 0.012386 -0.007595 0.054620
v 0.012386 -0.007595 0.054620
v 0.012386 -0.007595 0.054620
v 0.012386 -0.007595 0.054620
v 0.011319 -0.010844 0.054408
v 0.011319 -0.010844 0.054408
v 0.011319 -0.010844 0.054408
v 0.011319 -0.010844 0.054408
v 0.011319 -0.010844 0.054408
v 0.011319 -0.010844 0.054408
v 0.011319 -0.010844 0.054408
v 0.012895 -0.009919 0.054111
v 0.012895 -0.009919 0.054111
v 0.012895 -0.009919 0.054111
v 0.012895 -0.009919 0.054111
v 0.012895 -0.009919 0.054111
v 0.011110 -0.008345 0.054874
v 0.011110 -0.008345 0.054874
v 0.011110 -0.008345 0.054874
v 0.011110 -0.008345 0.054874
v 0.009760 -0.009140 0.055144
v 0.009760 -0.009140 0.055144
v 0.009760 -0.009140 0.055144
v 0.009760 -0.009140 0.055144
v 0.009760 -0.009140 0.055144
v 0.009760 -0.009140 0.055144
v 0.011152 -0.010942 0.054440
v 0.011152 -0.010942 0.054440
v 0.011152 -0.010942 0.054440
v 0.011152 -0.010942 0.054440
v 0.011152 -0.010942 0.054440
v 0.009172 -0.009486 0.055261
v 0.009172 -0.009486 0.055261
v 0.009172 -0.009486 0.055261
v 0.009172 -0.009486 0.055261
v 0.009172 -0.009486 0.055261
v 0.009122 -0.012135 0.054823
v 0.009122 -0.012135 0.054823
v 0.009122 -0.012135 0.054823
v 0.009122 -0.012135 0.054823
v 0.009122 -0.012135 0.054823
v 0.009122 -0.012135 0.054823
v 0.007702 -0.010344 0.055469
v 0.007702 -0.010344 0.055469
v 0.007702 -0.010344 0.055469
v 0.007702 -0.010344 0.055469
v 0.007702 -0.010344 0.055469
v 0.007161 -0.010660 0.055545
v 0.007161 -0.010660 0.055545
v 0.007161 -0.010660 0.055545
v 0.007161 -0.010660 0.055545
v 0.007161 -0.010660 0.055545
v 0.013410 -0.001097 0.054721
v 0.013410 -0.001097 0.054721
v 0.013410 -0.001097 0.054721
v 0.013410 -0.001097 0.054721
v 0.013405 -0.001864 0.054685
v 0.013405 -0.001864 0.054685
v 0.013405 -0.001864 0.054685
v 0.013405 -0.001864 0.054685
v 0.013405 -0.001864 0.054685
v 0.013405 -0.001864 0.054685
v 0.013388 -0.004305 0.054567
v 0.013388 -0.004305 0.054567
v 0.013388 -0.004305 0.054567
v 0.013388 -0.004305 0.054567
v 0.013388 -0.004305 0.054567
v 0.013388 -0.004305 0.054567
v 0.013377 -0.005856 0.054492
v 0.013377 -0.005856 0.054492
v 0.013377 -0.005856 0.054492
v 0.013377 -0.005856 0.054492
v 0.013377 -0.005856 0.054492
v 0.013377 -0.005863 0.054492
v 0.013377 -0.005863 0.054492
v 0.013377 -0.005863 0.054492
v 0.013377 -0.005863 0.054492
v 0.013377 -0.005863 0.054492
v 0.013353 -0.006001 0.054486
v 0.013353 -0.006001 0.054486
v 0.013353 -0.006001 0.054486
v 0.013353 -0.006001 0.054486
v 0.013353 -0.006001 0.054486
v 0.013353 -0.006001 0.054486
v 0.013262 -0.006517 0.054464
v 0.013262 -0.006517 0.054464
v 0.013262 -0.006517 0.054464
v 0.013262 -0.006517 0.054464
v 0.012945 -0.007101 0.054503
v 0.012945 -0.007101 0.054503
v 0.012945 -0.007101 0.054503
v 0.012945 -0.007101 0.054503
v 0.012945 -0.007101 0.054503
v 0.012866 -0.007175 0.054519
v 0.012866 -0.007175 0.054519
v 0.012866 -0.007175 0.054519
v 0.012866 -0.007175 0.054519
v 0.012591 -0.007429 0.054576
v 0.012591 -0.007429 0.054576
v 0.012591 -0.007429 0.054576
v 0.012591 -0.007429 0.054576
v 0.012591 -0.007429 0.054576
v 0.012386 0.007588 0.054620
v 0.012386 0.007588 0.054620
v 0.012386 0.007588 0.054620
v 0.012386 0.007588 0.054620
v 0.012465 0.007539 0.054602
v 0.012465 0.007539 0.054602
v 0.012465 0.007539 0.054602
v 0.012465 0.007539 0.054602
v 0.012465 0.007539 0.054602
v 0.009022 0.009566 0.055283
v 0.009022 0.009566 0.055283
v 0.009022 0.009566 0.055283
v 0.009022 0.009566 0.055283
v 0.009172 0.009479 0.055261
v 0.009172 0.009479 0.055261
v 0.009172 0.009479 0.055261
v 0.009172 0.009479 0.055261
v 0.009172 0.009479 0.055261
v 0.009172 0.009479 0.055261
v 0.011110 0.008339 0.054875
v 0.011110 0.008339 0.054875
v 0.011110 0.008339 0.054875
v 0.011110 0.008339 0.054875
v 0.011110 0.008339 0.054875
v 0.011813 0.007925 0.054735
v 0.011813 0.007925 0.054735
v 0.011813 0.007925 0.054735
v 0.011813 0.007925 0.054735
v 0.011813 0.007925 0.054735
v 0.012648 0.007369 0.054564
v 0.012648 0.007369 0.054564
v 0.012648 0.007369 0.054564
v 0.012648 0.007369 0.054564
v 0.012945 0.007095 0.054503
v 0.012945 0.007095 0.054503
v 0.012945 0.007095 0.054503
v 0.012945 0.007095 0.054503
v 0.012945 0.007095 0.054503
v 0.012945 0.007095 0.054503
v 0.013070 0.006865 0.054488
v 0.013070 0.006865 0.054488
v 0.013070 0.006865 0.054488
v 0.013070 0.006865 0.054488
v 0.013070 0.006865 0.054488
v 0.013262 0.006511 0.054465
v 0.013262 0.006511 0.054465
v 0.013262 0.006511 0.054465
v 0.013262 0.006511 0.054465
v 0.013262 0.006511 0.054465
v 0.013357 0.005970 0.054488
v 0.013357 0.005970 0.054488
v 0.013357 0.005970 0.054488
v 0.013357 0.005970 0.054488
v 0.013357 0.005970 0.054488
v 0.013377 0.005856 0.054492
v 0.013377 0.005856 0.054492
v 0.013377 0.005856 0.054492
v 0.013377 0.005856 0.054492
v 0.000681 0.013567 0.056112
v 0.000681 0.013567 0.056112
v 0.000681 0.013567 0.056112
v 0.000681 0.013567 0.056112
v 0.000962 0.013674 0.056056
v 0.000962 0.013674 0.056056
v 0.000962 0.013674 0.056056
v 0.000962 0.013674 0.056056
v 0.000962 0.013674 0.056056
v 0.000962 0.013674 0.056056
v 0.001347 0.013684 0.056005
v 0.001347 0.013684 0.056005
v 0.001347 0.013684 0.056005
v 0.001347 0.013684 0.056005
v 0.001619 0.013691 0.055968
v 0.001619 0.013691 0.055968
v 0.001619 0.013691 0.055968
v 0.001619 0.013691 0.055968
v 0.001619 0.013691 0.055968
v 0.004182 0.014762 0.055320
v 0.004182 0.014762 0.055320
v 0.004182 0.014762 0.055320
v 0.004182 0.014762 0.055320
v 0.004182 0.014762 0.055320
v 0.004182 0.014762 0.055320
v 0.004182 0.014762 0.055320
v 0.004182 0.014762 0.055320
v 0.004182 0.014762 0.055320
v 0.004964 0.014539 0.055221
v 0.004964 0.014539 0.055221
v 0.004964 0.014539 0.055221
v 0.004964 0.014539 0.055221
v 0.004964 0.014539 0.055221
v 0.001999 0.013570 0.055941
v 0.001999 0.013570 0.055941
v 0.001999 0.013570 0.055941
v 0.001999 0.013570 0.055941
v 0.001999 0.013570 0.055941
v 0.002248 0.013491 0.055923
v 0.002248 0.013491 0.055923
v 0.002248 0.013491 0.055923
v 0.002248 0.013491 0.055923
v 0.002248 0.013491 0.055923
v 0.002338 0.013442 0.055920
v 0.002338 0.013442 0.055920
v 0.002338 0.013442 0.055920
v 0.002338 0.013442 0.055920
v 0.002338 0.013442 0.055920
v 0.002530 0.013331 0.055906
v 0.002530 0.013331 0.055906
v 0.002530 0.013331 0.055906
v 0.002530 0.013331 0.055906
v -0.010686 0.005856 0.057608
v -0.010686 0.005856 0.057608
v -0.010686 0.005856 0.057608
v -0.010686 0.005856 0.057608
v -0.010686 0.005856 0.057608
v -0.010686 0.005856 0.057608
v -0.010664 0.005999 0.057596
v -0.010664 0.005999 0.057596
v -0.010664 0.005999 0.057596
v -0.010664 0.005999 0.057596
v -0.010664 0.005999 0.057596
v -0.010664 0.005999 0.057596
v -0.010584 0.006509 0.057553
v -0.010584 0.006509 0.057553
v -0.010584 0.006509 0.057553
v -0.010584 0.006509 0.057553
v -0.010270 0.007091 0.057510
v -0.010270 0.007091 0.057510
v -0.010270 0.007091 0.057510
v -0.010270 0.007091 0.057510
v -0.010270 0.007091 0.057510
v -0.010190 0.007163 0.057505
v -0.010190 0.007163 0.057505
v -0.010190 0.007163 0.057505
v -0.010190 0.007163 0.057505
v -0.010087 0.007257 0.057499
v -0.010087 0.007257 0.057499
v -0.010087 0.007257 0.057499
v -0.010087 0.007257 0.057499
v 0.008374 -0.019166 0.051797
v 0.008374 -0.019166 0.051797
v 0.008374 -0.019166 0.051797
v 0.008374 -0.019166 0.051797
v 0.008374 -0.019166 0.051797
v 0.008374 -0.019166 0.051797
v 0.008374 -0.019166 0.051797
v 0.004108 -0.020379 0.052335
v 0.004108 -0.020379 0.052335
v 0.004108 -0.020379 0.052335
v 0.004108 -0.020379 0.052335
v 0.004108 -0.020379 0.052335
v 0.004108 -0.020379 0.052335
v 0.004108 -0.020379 0.052335
v 0.020141 -0.006545 0.050077
v 0.020141 -0.006545 0.050077
v 0.020141 -0.006545 0.050077
v 0.020141 -0.006545 0.050077
v 0.020141 -0.006545 0.050077
v 0.020146 -0.006528 0.050077
v 0.020146 -0.006528 0.050077
v 0.020146 -0.006528 0.050077
v 0.020146 -0.006528 0.050077
v 0.020162 -0.006522 0.050311
v 0.020162 -0.006522 0.050311
v 0.020162 -0.006522 0.050311
v 0.020162 -0.006522 0.050311
v 0.020162 -0.006522 0.050311
v 0.020162 -0.006522 0.050311
v 0.020162 -0.006522 0.050311
v 0.020162 -0.006522 0.050311
v 0.020162 -0.006522 0.050311
v -0.017748 0.008821 0.055129
v -0.017748 0.008821 0.055129
v -0.017748 0.008821 0.055129
v -0.017748 0.008821 0.055129
v -0.017862 0.008570 0.055160
v -0.017862 0.008570 0.055160
v -0.017862 0.008570 0.055160
v -0.017862 0.008570 0.055160
v -0.017106 0.008274 0.055986
v -0.017106 0.008274 0.055986
v -0.017106 0.008274 0.055986
v -0.017106 0.008274 0.055986
v -0.017106 0.008274 0.055986
v -0.017106 0.008274 0.055986
v -0.017106 0.008274 0.055986
v -0.017106 0.008274 0.055986
v -0.017106 0.008274 0.055986
v -0.017106 0.008274 0.055986
v 0.009136 0.013818 0.054391
v 0.009136 0.013818 0.054391
v 0.009136 0.013818 0.054391
v 0.009136 0.013818 0.054391
v 0.009953 0.013342 0.054290
v 0.009953 0.013342 0.054290
v 0.009953 0.013342 0.054290
v 0.009953 0.013342 0.054290
v 0.009953 0.013342 0.054290
v 0.010963 0.014996 0.053482
v 0.010963 0.014996 0.053482
v 0.010963 0.014996 0.053482
v 0.010963 0.014996 0.053482
v 0.010963 0.014996 0.053482
v 0.010963 0.014996 0.053482
v 0.010963 0.014996 0.053482
v 0.010963 0.014996 0.053482
v 0.010963 0.014996 0.053482
v 0.017056 -0.000991 0.053370
v 0.017056 -0.000991 0.053370
v 0.017056 -0.000991 0.053370
v 0.017056 -0.000991 0.053370
v 0.017057 -0.001783 0.053374
v 0.017057 -0.001783 0.053374
v 0.017057 -0.001783 0.053374
v 0.017057 -0.001783 0.053374
v 0.017057 -0.001783 0.053374
v 0.018793 -0.001886 0.052494
v 0.018793 -0.001886 0.052494
v 0.018793 -0.001886 0.052494
v 0.018793 -0.001886 0.052494
v 0.018793 -0.001886 0.052494
v 0.018793 -0.001886 0.052494
v 0.018793 -0.001886 0.052494
v 0.018793 -0.001886 0.052494
v -0.013638 -0.009788 0.056743
v -0.013638 -0.009788 0.056743
v -0.013638 -0.009788 0.056743
v -0.013638 -0.009788 0.056743
v -0.013796 -0.009688 0.056732
v -0.013796 -0.009688 0.056732
v -0.013796 -0.009688 0.056732
v -0.013796 -0.009688 0.056732
v -0.013271 -0.010998 0.056537
v -0.013271 -0.010998 0.056537
v -0.013271 -0.010998 0.056537
v -0.013271 -0.010998 0.056537
v -0.013271 -0.010998 0.056537
v -0.013271 -0.010998 0.056537
v -0.013271 -0.010998 0.056537
v -0.013271 -0.010998 0.056537
v -0.013271 -0.010998 0.056537
v -0.013271 -0.010998 0.056537
v -0.013965 -0.009526 0.056731
v -0.013965 -0.009526 0.056731
v -0.013965 -0.009526 0.056731
v -0.013965 -0.009526 0.056731
v -0.013965 -0.009526 0.056731
v -0.014248 -0.009252 0.056729
v -0.014248 -0.009252 0.056729
v -0.014248 -0.009252 0.056729
v -0.014248 -0.009252 0.056729
v -0.014248 -0.009252 0.056729
v -0.014248 -0.009252 0.056729
v -0.015283 -0.007657 0.056791
v -0.015283 -0.007657 0.056791
v -0.015283 -0.007657 0.056791
v -0.015283 -0.007657 0.056791
v -0.015283 -0.007657 0.056791
v -0.015283 -0.007657 0.056791
v -0.015283 -0.007657 0.056791
v -0.015283 -0.007657 0.056791
v -0.015283 -0.007657 0.056791
v -0.015283 -0.007657 0.056791
v -0.015283 -0.007657 0.056791
v -0.014378 -0.009000 0.056751
v -0.014378 -0.009000 0.056751
v -0.014378 -0.009000 0.056751
v -0.014378 -0.009000 0.056751
v -0.014378 -0.009000 0.056751
v -0.014448 -0.008864 0.056762
v -0.014448 -0.008864 0.056762
v -0.014448 -0.008864 0.056762
v -0.014448 -0.008864 0.056762
v -0.014540 -0.008683 0.056778
v -0.014540 -0.008683 0.056778
v -0.014540 -0.008683 0.056778
v -0.014540 -0.008683 0.056778
v -0.014599 -0.008265 0.056841
v -0.014599 -0.008265 0.056841
v -0.014599 -0.008265 0.056841
v -0.014599 -0.008265 0.056841
v -0.014599 -0.008265 0.056841
v -0.014599 -0.008265 0.056841
v -0.009260 -0.012296 0.056701
v -0.009260 -0.012296 0.056701
v -0.009260 -0.012296 0.056701
v -0.009260 -0.012296 0.056701
v -0.009260 -0.012296 0.056701
v -0.010951 -0.011322 0.056778
v -0.010951 -0.011322 0.056778
v -0.010951 -0.011322 0.056778
v -0.010951 -0.011322 0.056778
v -0.010593 -0.013824 0.056199
v -0.010593 -0.013824 0.056199
v -0.010593 -0.013824 0.056199
v -0.010593 -0.013824 0.056199
v -0.010593 -0.013824 0.056199
v -0.010593 -0.013824 0.056199
v -0.010593 -0.013824 0.056199
v -0.010593 -0.013824 0.056199
v -0.010593 -0.013824 0.056199
v -0.011735 -0.010871 0.056814
v -0.011735 -0.010871 0.056814
v -0.011735 -0.010871 0.056814
v -0.011735 -0.010871 0.056814
v -0.011735 -0.010871 0.056814
v -0.012517 -0.010426 0.056785
v -0.012517 -0.010426 0.056785
v -0.012517 -0.010426 0.056785
v -0.012517 -0.010426 0.056785
v -0.012517 -0.010426 0.056785
v -0.006255 -0.014041 0.056386
v -0.006255 -0.014041 0.056386
v -0.006255 -0.014041 0.056386
v -0.006255 -0.014041 0.056386
v -0.006646 -0.013812 0.056440
v -0.006646 -0.013812 0.056440
v -0.006646 -0.013812 0.056440
v -0.006646 -0.013812 0.056440
v -0.006646 -0.013812 0.056440
v -0.007376 -0.016004 0.055793
v -0.007376 -0.016004 0.055793
v -0.007376 -0.016004 0.055793
v -0.007376 -0.016004 0.055793
v -0.007376 -0.016004 0.055793
v -0.007376 -0.016004 0.055793
v -0.007376 -0.016004 0.055793
v -0.007376 -0.016004 0.055793
v -0.007376 -0.016004 0.055793
v -0.007502 -0.013313 0.056558
v -0.007502 -0.013313 0.056558
v -0.007502 -0.013313 0.056558
v -0.007502 -0.013313 0.056558
v -0.007502 -0.013313 0.056558
v -0.008195 -0.012909 0.056653
v -0.008195 -0.012909 0.056653
v -0.008195 -0.012909 0.056653
v -0.008195 -0.012909 0.056653
v -0.003768 -0.017436 0.055338
v -0.003768 -0.017436 0.055338
v -0.003768 -0.017436 0.055338
v -0.003768 -0.017436 0.055338
v -0.003768 -0.017436 0.055338
v -0.003768 -0.017436 0.055338
v -0.003768 -0.017436 0.055338
v -0.003246 -0.015802 0.055889
v -0.003246 -0.015802 0.055889
v -0.003246 -0.015802 0.055889
v -0.003246 -0.015802 0.055889
v -0.003246 -0.015802 0.055889
v -0.004515 -0.015055 0.056147
v -0.004515 -0.015055 0.056147
v -0.004515 -0.015055 0.056147
v -0.004515 -0.015055 0.056147
v -0.004515 -0.015055 0.056147
v 0.000061 -0.018053 0.054856
v 0.000061 -0.018053 0.054856
v 0.000061 -0.018053 0.054856
v 0.000061 -0.018053 0.054856
v 0.000061 -0.018053 0.054856
v 0.000061 -0.018053 0.054856
v 0.000061 -0.018053 0.054856
v 0.000061 -0.018053 0.054856
v 0.000061 -0.018053 0.054856
v 0.000061 -0.018053 0.054856
v -0.003124 -0.015874 0.055864
v -0.003124 -0.015874 0.055864
v -0.003124 -0.015874 0.055864
v -0.003124 -0.015874 0.055864
v -0.003124 -0.015874 0.055864
v -0.003124 -0.015874 0.055864
v -0.003235 -0.015809 0.055886
v -0.003235 -0.015809 0.055886
v -0.003235 -0.015809 0.055886
v -0.003235 -0.015809 0.055886
v 0.000859 -0.018075 0.054755
v 0.000859 -0.018075 0.054755
v 0.000859 -0.018075 0.054755
v 0.000859 -0.018075 0.054755
v 0.000859 -0.018075 0.054755
v 0.000538 -0.017981 0.054832
v 0.000538 -0.017981 0.054832
v 0.000538 -0.017981 0.054832
v 0.000538 -0.017981 0.054832
v 0.000538 -0.017981 0.054832
v 0.000331 -0.017921 0.054882
v 0.000331 -0.017921 0.054882
v 0.000331 -0.017921 0.054882
v 0.000331 -0.017921 0.054882
v 0.000331 -0.017921 0.054882
v 0.000176 -0.017838 0.054934
v 0.000176 -0.017838 0.054934
v 0.000176 -0.017838 0.054934
v 0.000176 -0.017838 0.054934
v 0.000176 -0.017838 0.054934
v 0.000099 -0.017792 0.054955
v 0.000099 -0.017792 0.054955
v 0.000099 -0.017792 0.054955
v 0.000099 -0.017792 0.054955
v 0.000094 -0.017789 0.054957
v 0.000094 -0.017789 0.054957
v 0.000094 -0.017789 0.054957
v 0.000094 -0.017789 0.054957
v 0.001185 -0.018081 0.054710
v 0.001185 -0.018081 0.054710
v 0.001185 -0.018081 0.054710
v 0.001185 -0.018081 0.054710
v 0.000919 -0.018092 0.054740
v 0.000919 -0.018092 0.054740
v 0.000919 -0.018092 0.054740
v 0.000919 -0.018092 0.054740
v -0.000158 -0.019862 0.053848
v -0.000158 -0.019862 0.053848
v -0.000158 -0.019862 0.053848
v -0.000158 -0.019862 0.053848
v -0.000158 -0.019862 0.053848
v -0.000158 -0.019862 0.053848
v -0.000158 -0.019862 0.053848
v -0.000158 -0.019862 0.053848
v -0.000158 -0.019862 0.053848
v -0.000158 -0.019862 0.053848
v -0.000158 -0.019862 0.053848
v 0.004101 -0.019612 0.053311
v 0.004101 -0.019612 0.053311
v 0.004101 -0.019612 0.053311
v 0.004101 -0.019612 0.053311
v 0.004101 -0.019612 0.053311
v 0.004101 -0.019612 0.053311
v 0.004101 -0.019612 0.053311
v 0.004101 -0.019612 0.053311
v 0.002725 -0.017988 0.054520
v 0.002725 -0.017988 0.054520
v 0.002725 -0.017988 0.054520
v 0.002725 -0.017988 0.054520
v 0.002725 -0.017988 0.054520
v 0.002725 -0.017988 0.054520
v 0.002725 -0.017988 0.054520
v 0.002725 -0.017988 0.054520
v 0.002118 -0.018038 0.054596
v 0.002118 -0.018038 0.054596
v 0.002118 -0.018038 0.054596
v 0.002118 -0.018038 0.054596
v 0.002118 -0.018038 0.054596
v 0.002231 -0.017798 0.054675
v 0.002231 -0.017798 0.054675
v 0.002231 -0.017798 0.054675
v 0.002231 -0.017798 0.054675
v 0.002231 -0.017798 0.054675
v 0.002161 -0.017838 0.054674
v 0.002161 -0.017838 0.054674
v 0.002161 -0.017838 0.054674
v 0.002161 -0.017838 0.054674
v 0.002161 -0.017838 0.054674
v 0.001945 -0.017919 0.054672
v 0.001945 -0.017919 0.054672
v 0.001945 -0.017919 0.054672
v 0.001945 -0.017919 0.054672
v 0.001559 -0.018065 0.054667
v 0.001559 -0.018065 0.054667
v 0.001559 -0.018065 0.054667
v 0.001559 -0.018065 0.054667
v 0.001559 -0.018065 0.054667
v 0.001559 -0.018065 0.054667
v 0.001510 -0.018067 0.054673
v 0.001510 -0.018067 0.054673
v 0.001510 -0.018067 0.054673
v 0.001510 -0.018067 0.054673
v 0.001510 -0.018067 0.054673
v 0.001341 -0.018074 0.054692
v 0.001341 -0.018074 0.054692
v 0.001341 -0.018074 0.054692
v 0.001341 -0.018074 0.054692
v 0.001341 -0.018074 0.054692
v 0.003768 -0.016921 0.054699
v 0.003768 -0.016921 0.054699
v 0.003768 -0.016921 0.054699
v 0.003768 -0.016921 0.054699
v 0.003768 -0.016921 0.054699
v 0.003768 -0.016921 0.054699
v 0.003932 -0.017826 0.054368
v 0.003932 -0.017826 0.054368
v 0.003932 -0.017826 0.054368
v 0.003932 -0.017826 0.054368
v 0.003932 -0.017826 0.054368
v 0.005634 -0.015855 0.054727
v 0.005634 -0.015855 0.054727
v 0.005634 -0.015855 0.054727
v 0.005634 -0.015855 0.054727
v 0.005634 -0.015855 0.054727
v 0.007663 -0.016766 0.053897
v 0.007663 -0.016766 0.053897
v 0.007663 -0.016766 0.053897
v 0.007663 -0.016766 0.053897
v 0.007663 -0.016766 0.053897
v 0.007663 -0.016766 0.053897
v 0.007663 -0.016766 0.053897
v 0.010063 -0.013285 0.054276
v 0.010063 -0.013285 0.054276
v 0.010063 -0.013285 0.054276
v 0.010063 -0.013285 0.054276
v 0.009994 -0.013325 0.054285
v 0.009994 -0.013325 0.054285
v 0.009994 -0.013325 0.054285
v 0.009994 -0.013325 0.054285
v 0.009994 -0.013325 0.054285
v 0.011082 -0.014921 0.053466
v 0.011082 -0.014921 0.053466
v 0.011082 -0.014921 0.053466
v 0.011082 -0.014921 0.053466
v 0.011082 -0.014921 0.053466
v 0.011082 -0.014921 0.053466
v 0.011082 -0.014921 0.053466
v 0.011082 -0.014921 0.053466
v 0.009136 -0.013824 0.054390
v 0.009136 -0.013824 0.054390
v 0.009136 -0.013824 0.054390
v 0.009136 -0.013824 0.054390
v 0.009136 -0.013824 0.054390
v 0.007121 -0.014997 0.054639
v 0.007121 -0.014997 0.054639
v 0.007121 -0.014997 0.054639
v 0.007121 -0.014997 0.054639
v 0.007121 -0.014997 0.054639
v 0.010697 -0.012916 0.054198
v 0.010697 -0.012916 0.054198
v 0.010697 -0.012916 0.054198
v 0.010697 -0.012916 0.054198
v 0.010697 -0.012916 0.054198
v 0.010697 -0.012916 0.054198
v 0.014027 -0.012379 0.053095
v 0.014027 -0.012379 0.053095
v 0.014027 -0.012379 0.053095
v 0.014027 -0.012379 0.053095
v 0.014027 -0.012379 0.053095
v 0.014027 -0.012379 0.053095
v 0.014027 -0.012379 0.053095
v 0.014027 -0.012379 0.053095
v 0.014027 -0.012379 0.053095
v 0.013159 -0.011464 0.053664
v 0.013159 -0.011464 0.053664
v 0.013159 -0.011464 0.053664
v 0.013159 -0.011464 0.053664
v 0.016079 -0.009719 0.052836
v 0.016079 -0.009719 0.052836
v 0.016079 -0.009719 0.052836
v 0.016079 -0.009719 0.052836
v 0.016079 -0.009719 0.052836
v 0.016079 -0.009719 0.052836
v 0.015976 -0.009788 0.052872
v 0.015976 -0.009788 0.052872
v 0.015976 -0.009788 0.052872
v 0.015976 -0.009788 0.052872
v 0.014035 -0.010947 0.053475
v 0.014035 -0.010947 0.053475
v 0.014035 -0.010947 0.053475
v 0.014035 -0.010947 0.053475
v 0.014035 -0.010947 0.053475
v 0.013384 -0.011331 0.053616
v 0.013384 -0.011331 0.053616
v 0.013384 -0.011331 0.053616
v 0.013384 -0.011331 0.053616
v 0.016943 -0.008190 0.052727
v 0.016943 -0.008190 0.052727
v 0.016943 -0.008190 0.052727
v 0.016943 -0.008190 0.052727
v 0.016943 -0.008190 0.052727
v 0.016943 -0.008190 0.052727
v 0.016910 -0.008373 0.052706
v 0.016910 -0.008373 0.052706
v 0.016910 -0.008373 0.052706
v 0.016910 -0.008373 0.052706
v 0.016910 -0.008373 0.052706
v 0.019551 -0.006277 0.051363
v 0.019551 -0.006277 0.051363
v 0.019551 -0.006277 0.051363
v 0.019551 -0.006277 0.051363
v 0.019551 -0.006277 0.051363
v 0.019551 -0.006277 0.051363
v 0.019551 -0.006277 0.051363
v 0.019551 -0.006277 0.051363
v 0.016757 -0.008872 0.052679
v 0.016757 -0.008872 0.052679
v 0.016757 -0.008872 0.052679
v 0.016757 -0.008872 0.052679
v 0.016557 -0.009255 0.052698
v 0.016557 -0.009255 0.052698
v 0.016557 -0.009255 0.052698
v 0.016557 -0.009255 0.052698
v 0.016557 -0.009255 0.052698
v 0.017776 -0.010186 0.051587
v 0.017776 -0.010186 0.051587
v 0.017776 -0.010186 0.051587
v 0.017776 -0.010186 0.051587
v 0.017776 -0.010186 0.051587
v 0.017776 -0.010186 0.051587
v 0.017776 -0.010186 0.051587
v 0.017776 -0.010186 0.051587
v 0.017776 -0.010186 0.051587
v 0.017776 -0.010186 0.051587
v 0.017776 -0.010186 0.051587
v 0.017776 -0.010186 0.051587
v 0.016478 -0.009334 0.052720
v 0.016478 -0.009334 0.052720
v 0.016478 -0.009334 0.052720
v 0.016478 -0.009334 0.052720
v 0.016422 -0.009390 0.052736
v 0.016422 -0.009390 0.052736
v 0.016422 -0.009390 0.052736
v 0.016422 -0.009390 0.052736
v 0.016854 -0.008685 0.052670
v 0.016854 -0.008685 0.052670
v 0.016854 -0.008685 0.052670
v 0.016854 -0.008685 0.052670
v 0.016854 -0.008685 0.052670
v 0.016967 -0.008056 0.052743
v 0.016967 -0.008056 0.052743
v 0.016967 -0.008056 0.052743
v 0.016967 -0.008056 0.052743
v 0.016967 -0.008056 0.052743
v 0.017975 -0.005706 0.052597
v 0.017975 -0.005706 0.052597
v 0.017975 -0.005706 0.052597
v 0.017975 -0.005706 0.052597
v 0.017975 -0.005706 0.052597
v 0.017975 -0.005706 0.052597
v 0.017975 -0.005706 0.052597
v 0.017975 -0.005706 0.052597
v 0.017016 -0.005734 0.053088
v 0.017016 -0.005734 0.053088
v 0.017016 -0.005734 0.053088
v 0.017016 -0.005734 0.053088
v 0.017020 -0.005383 0.053113
v 0.017020 -0.005383 0.053113
v 0.017020 -0.005383 0.053113
v 0.017020 -0.005383 0.053113
v 0.017024 -0.004974 0.053143
v 0.017024 -0.004974 0.053143
v 0.017024 -0.004974 0.053143
v 0.017024 -0.004974 0.053143
v 0.017024 -0.004974 0.053143
v 0.017039 0.003996 0.053251
v 0.017039 0.003996 0.053251
v 0.017039 0.003996 0.053251
v 0.017039 0.003996 0.053251
v 0.017053 0.002391 0.053351
v 0.017053 0.002391 0.053351
v 0.017053 0.002391 0.053351
v 0.017053 0.002391 0.053351
v 0.018778 0.002022 0.052496
v 0.018778 0.002022 0.052496
v 0.018778 0.002022 0.052496
v 0.018778 0.002022 0.052496
v 0.018778 0.002022 0.052496
v 0.018778 0.002022 0.052496
v 0.018778 0.002022 0.052496
v 0.018778 0.002022 0.052496
v 0.018778 0.002022 0.052496
v 0.017054 0.001824 0.053354
v 0.017054 0.001824 0.053354
v 0.017054 0.001824 0.053354
v 0.017054 0.001824 0.053354
v 0.017054 0.001824 0.053354
v 0.017054 0.001824 0.053354
v 0.017055 0.000006 0.053364
v 0.017055 0.000006 0.053364
v 0.017055 0.000006 0.053364
v 0.017055 0.000006 0.053364
v 0.017055 0.000006 0.053364
v 0.017929 0.005836 0.052603
v 0.017929 0.005836 0.052603
v 0.017929 0.005836 0.052603
v 0.017929 0.005836 0.052603
v 0.017929 0.005836 0.052603
v 0.017929 0.005836 0.052603
v 0.017929 0.005836 0.052603
v 0.016943 0.008183 0.052728
v 0.016943 0.008183 0.052728
v 0.016943 0.008183 0.052728
v 0.016943 0.008183 0.052728
v 0.016943 0.008183 0.052728
v 0.016943 0.008183 0.052728
v 0.016967 0.008049 0.052743
v 0.016967 0.008049 0.052743
v 0.016967 0.008049 0.052743
v 0.016967 0.008049 0.052743
v 0.016967 0.008049 0.052743
v 0.016969 0.007954 0.052755
v 0.016969 0.007954 0.052755
v 0.016969 0.007954 0.052755
v 0.016969 0.007954 0.052755
v 0.017012 0.005551 0.053063
v 0.017012 0.005551 0.053063
v 0.017012 0.005551 0.053063
v 0.017012 0.005551 0.053063
v 0.017012 0.005551 0.053063
v 0.017012 0.005551 0.053063
v 0.017038 0.004155 0.053242
v 0.017038 0.004155 0.053242
v 0.017038 0.004155 0.053242
v 0.017038 0.004155 0.053242
v 0.017695 0.010316 0.051598
v 0.017695 0.010316 0.051598
v 0.017695 0.010316 0.051598
v 0.017695 0.010316 0.051598
v 0.017695 0.010316 0.051598
v 0.017695 0.010316 0.051598
v 0.017695 0.010316 0.051598
v 0.017695 0.010316 0.051598
v 0.017695 0.010316 0.051598
v 0.017695 0.010316 0.051598
v 0.017695 0.010316 0.051598
v 0.017695 0.010316 0.051598
v 0.016557 0.009249 0.052699
v 0.016557 0.009249 0.052699
v 0.016557 0.009249 0.052699
v 0.016557 0.009249 0.052699
v 0.016557 0.009249 0.052699
v 0.016684 0.009005 0.052687
v 0.016684 0.009005 0.052687
v 0.016684 0.009005 0.052687
v 0.016684 0.009005 0.052687
v 0.016684 0.009005 0.052687
v 0.016757 0.008866 0.052680
v 0.016757 0.008866 0.052680
v 0.016757 0.008866 0.052680
v 0.016757 0.008866 0.052680
v 0.016854 0.008678 0.052670
v 0.016854 0.008678 0.052670
v 0.016854 0.008678 0.052670
v 0.016854 0.008678 0.052670
v 0.016854 0.008678 0.052670
v 0.019501 0.006421 0.051370
v 0.019501 0.006421 0.051370
v 0.019501 0.006421 0.051370
v 0.019501 0.006421 0.051370
v 0.019501 0.006421 0.051370
v 0.019501 0.006421 0.051370
v 0.019501 0.006421 0.051370
v 0.019501 0.006421 0.051370
v 0.016928 0.008268 0.052718
v 0.016928 0.008268 0.052718
v 0.016928 0.008268 0.052718
v 0.016928 0.008268 0.052718
v 0.016928 0.008268 0.052718
v 0.016121 0.009685 0.052822
v 0.016121 0.009685 0.052822
v 0.016121 0.009685 0.052822
v 0.016121 0.009685 0.052822
v 0.016079 0.009713 0.052837
v 0.016079 0.009713 0.052837
v 0.016079 0.009713 0.052837
v 0.016079 0.009713 0.052837
v 0.016079 0.009713 0.052837
v 0.016079 0.009713 0.052837
v 0.015100 0.013728 0.051925
v 0.015100 0.013728 0.051925
v 0.015100 0.013728 0.051925
v 0.015100 0.013728 0.051925
v 0.015100 0.013728 0.051925
v 0.015100 0.013728 0.051925
v 0.015100 0.013728 0.051925
v 0.016279 0.009527 0.052777
v 0.016279 0.009527 0.052777
v 0.016279 0.009527 0.052777
v 0.016279 0.009527 0.052777
v 0.016279 0.009527 0.052777
v 0.016374 0.009432 0.052750
v 0.016374 0.009432 0.052750
v 0.016374 0.009432 0.052750
v 0.016374 0.009432 0.052750
v 0.015976 0.009781 0.052872
v 0.015976 0.009781 0.052872
v 0.015976 0.009781 0.052872
v 0.015976 0.009781 0.052872
v 0.015976 0.009781 0.052872
v 0.013928 0.012477 0.053108
v 0.013928 0.012477 0.053108
v 0.013928 0.012477 0.053108
v 0.013928 0.012477 0.053108
v 0.013928 0.012477 0.053108
v 0.013928 0.012477 0.053108
v 0.013928 0.012477 0.053108
v 0.013928 0.012477 0.053108
v 0.014035 0.010941 0.053475
v 0.014035 0.010941 0.053475
v 0.014035 0.010941 0.053475
v 0.014035 0.010941 0.053475
v 0.013384 0.011325 0.053616
v 0.013384 0.011325 0.053616
v 0.013384 0.011325 0.053616
v 0.013384 0.011325 0.053616
v 0.009994 0.013319 0.054285
v 0.009994 0.013319 0.054285
v 0.009994 0.013319 0.054285
v 0.009994 0.013319 0.054285
v 0.010697 0.012909 0.054198
v 0.010697 0.012909 0.054198
v 0.010697 0.012909 0.054198
v 0.010697 0.012909 0.054198
v 0.010697 0.012909 0.054198
v 0.013042 0.011526 0.053690
v 0.013042 0.011526 0.053690
v 0.013042 0.011526 0.053690
v 0.013042 0.011526 0.053690
v 0.013042 0.011526 0.053690
v 0.007121 0.014991 0.054640
v 0.007121 0.014991 0.054640
v 0.007121 0.014991 0.054640
v 0.007121 0.014991 0.054640
v 0.007121 0.014991 0.054640
v 0.007121 0.014991 0.054640
v 0.007530 0.016812 0.053915
v 0.007530 0.016812 0.053915
v 0.007530 0.016812 0.053915
v 0.007530 0.016812 0.053915
v 0.007530 0.016812 0.053915
v 0.007530 0.016812 0.053915
v 0.007530 0.016812 0.053915
v 0.007530 0.016812 0.053915
v 0.006940 0.015095 0.054651
v 0.006940 0.015095 0.054651
v 0.006940 0.015095 0.054651
v 0.006940 0.015095 0.054651
v 0.002656 0.017988 0.054530
v 0.002656 0.017988 0.054530
v 0.002656 0.017988 0.054530
v 0.002656 0.017988 0.054530
v 0.001559 0.018058 0.054668
v 0.001559 0.018058 0.054668
v 0.001559 0.018058 0.054668
v 0.001559 0.018058 0.054668
v 0.001559 0.018058 0.054668
v 0.001559 0.018058 0.054668
v 0.003790 0.017843 0.054386
v 0.003790 0.017843 0.054386
v 0.003790 0.017843 0.054386
v 0.003790 0.017843 0.054386
v 0.003790 0.017843 0.054386
v 0.003790 0.017843 0.054386
v 0.003790 0.017843 0.054386
v 0.003790 0.017843 0.054386
v 0.003790 0.017843 0.054386
v 0.001850 0.017948 0.054672
v 0.001850 0.017948 0.054672
v 0.001850 0.017948 0.054672
v 0.001850 0.017948 0.054672
v 0.001850 0.017948 0.054672
v 0.001850 0.017948 0.054672
v 0.002161 0.017831 0.054675
v 0.002161 0.017831 0.054675
v 0.002161 0.017831 0.054675
v 0.002161 0.017831 0.054675
v 0.002161 0.017831 0.054675
v 0.002231 0.017791 0.054676
v 0.002231 0.017791 0.054676
v 0.002231 0.017791 0.054676
v 0.002231 0.017791 0.054676
v 0.003639 0.016987 0.054698
v 0.003639 0.016987 0.054698
v 0.003639 0.016987 0.054698
v 0.003639 0.016987 0.054698
v 0.003639 0.016987 0.054698
v 0.003639 0.016987 0.054698
v 0.005634 0.015849 0.054728
v 0.005634 0.015849 0.054728
v 0.005634 0.015849 0.054728
v 0.005634 0.015849 0.054728
v 0.000859 0.018068 0.054756
v 0.000859 0.018068 0.054756
v 0.000859 0.018068 0.054756
v 0.000859 0.018068 0.054756
v 0.000859 0.018068 0.054756
v 0.000919 0.018085 0.054742
v 0.000919 0.018085 0.054742
v 0.000919 0.018085 0.054742
v 0.000919 0.018085 0.054742
v -0.000315 0.019847 0.053869
v -0.000315 0.019847 0.053869
v -0.000315 0.019847 0.053869
v -0.000315 0.019847 0.053869
v -0.000315 0.019847 0.053869
v -0.000315 0.019847 0.053869
v -0.000315 0.019847 0.053869
v -0.000315 0.019847 0.053869
v -0.000315 0.019847 0.053869
v -0.000315 0.019847 0.053869
v 0.002086 0.018034 0.054601
v 0.002086 0.018034 0.054601
v 0.002086 0.018034 0.054601
v 0.002086 0.018034 0.054601
v 0.003946 0.019631 0.053332
v 0.003946 0.019631 0.053332
v 0.003946 0.019631 0.053332
v 0.003946 0.019631 0.053332
v 0.003946 0.019631 0.053332
v 0.003946 0.019631 0.053332
v 0.003946 0.019631 0.053332
v 0.003946 0.019631 0.053332
v 0.001514 0.018060 0.054673
v 0.001514 0.018060 0.054673
v 0.001514 0.018060 0.054673
v 0.001514 0.018060 0.054673
v 0.001514 0.018060 0.054673
v 0.001514 0.018060 0.054673
v 0.001341 0.018067 0.054693
v 0.001341 0.018067 0.054693
v 0.001341 0.018067 0.054693
v 0.001341 0.018067 0.054693
v 0.001341 0.018067 0.054693
v -0.000082 0.018039 0.054875
v -0.000082 0.018039 0.054875
v -0.000082 0.018039 0.054875
v -0.000082 0.018039 0.054875
v -0.000082 0.018039 0.054875
v -0.000082 0.018039 0.054875
v -0.000082 0.018039 0.054875
v -0.000082 0.018039 0.054875
v -0.000082 0.018039 0.054875
v -0.000032 0.017707 0.054993
v -0.000032 0.017707 0.054993
v -0.000032 0.017707 0.054993
v -0.000032 0.017707 0.054993
v -0.000032 0.017707 0.054993
v 0.000099 0.017785 0.054956
v 0.000099 0.017785 0.054956
v 0.000099 0.017785 0.054956
v 0.000099 0.017785 0.054956
v 0.000099 0.017785 0.054956
v 0.000176 0.017831 0.054935
v 0.000176 0.017831 0.054935
v 0.000176 0.017831 0.054935
v 0.000176 0.017831 0.054935
v 0.000331 0.017914 0.054884
v 0.000331 0.017914 0.054884
v 0.000331 0.017914 0.054884
v 0.000331 0.017914 0.054884
v 0.000731 0.018031 0.054787
v 0.000731 0.018031 0.054787
v 0.000731 0.018031 0.054787
v 0.000731 0.018031 0.054787
v 0.000731 0.018031 0.054787
v -0.003124 0.015867 0.055865
v -0.003124 0.015867 0.055865
v -0.003124 0.015867 0.055865
v -0.003124 0.015867 0.055865
v -0.003124 0.015867 0.055865
v -0.003906 0.017391 0.055357
v -0.003906 0.017391 0.055357
v -0.003906 0.017391 0.055357
v -0.003906 0.017391 0.055357
v -0.003906 0.017391 0.055357
v -0.003906 0.017391 0.055357
v -0.003906 0.017391 0.055357
v -0.003906 0.017391 0.055357
v -0.003235 0.015802 0.055887
v -0.003235 0.015802 0.055887
v -0.003235 0.015802 0.055887
v -0.003235 0.015802 0.055887
v -0.006646 0.013806 0.056441
v -0.006646 0.013806 0.056441
v -0.006646 0.013806 0.056441
v -0.006646 0.013806 0.056441
v -0.006364 0.013970 0.056402
v -0.006364 0.013970 0.056402
v -0.006364 0.013970 0.056402
v -0.006364 0.013970 0.056402
v -0.007502 0.015930 0.055810
v -0.007502 0.015930 0.055810
v -0.007502 0.015930 0.055810
v -0.007502 0.015930 0.055810
v -0.007502 0.015930 0.055810
v -0.007502 0.015930 0.055810
v -0.007502 0.015930 0.055810
v -0.007502 0.015930 0.055810
v -0.007502 0.015930 0.055810
v -0.004515 0.015049 0.056148
v -0.004515 0.015049 0.056148
v -0.004515 0.015049 0.056148
v -0.004515 0.015049 0.056148
v -0.004515 0.015049 0.056148
v -0.004515 0.015049 0.056148
v -0.003360 0.015729 0.055913
v -0.003360 0.015729 0.055913
v -0.003360 0.015729 0.055913
v -0.003360 0.015729 0.055913
v -0.010951 0.011315 0.056779
v -0.010951 0.011315 0.056779
v -0.010951 0.011315 0.056779
v -0.010951 0.011315 0.056779
v -0.009375 0.012223 0.056707
v -0.009375 0.012223 0.056707
v -0.009375 0.012223 0.056707
v -0.009375 0.012223 0.056707
v -0.009375 0.012223 0.056707
v -0.010702 0.013724 0.056214
v -0.010702 0.013724 0.056214
v -0.010702 0.013724 0.056214
v -0.010702 0.013724 0.056214
v -0.010702 0.013724 0.056214
v -0.010702 0.013724 0.056214
v -0.010702 0.013724 0.056214
v -0.010702 0.013724 0.056214
v -0.010702 0.013724 0.056214
v -0.008195 0.012902 0.056654
v -0.008195 0.012902 0.056654
v -0.008195 0.012902 0.056654
v -0.008195 0.012902 0.056654
v -0.008195 0.012902 0.056654
v -0.007502 0.013307 0.056558
v -0.007502 0.013307 0.056558
v -0.007502 0.013307 0.056558
v -0.007502 0.013307 0.056558
v -0.007502 0.013307 0.056558
v -0.013357 0.010876 0.056549
v -0.013357 0.010876 0.056549
v -0.013357 0.010876 0.056549
v -0.013357 0.010876 0.056549
v -0.013357 0.010876 0.056549
v -0.013357 0.010876 0.056549
v -0.013357 0.010876 0.056549
v -0.013357 0.010876 0.056549
v -0.013357 0.010876 0.056549
v -0.013357 0.010876 0.056549
v -0.012648 0.010344 0.056780
v -0.012648 0.010344 0.056780
v -0.012648 0.010344 0.056780
v -0.012648 0.010344 0.056780
v -0.012648 0.010344 0.056780
v -0.012648 0.010344 0.056780
v -0.011735 0.010864 0.056815
v -0.011735 0.010864 0.056815
v -0.011735 0.010864 0.056815
v -0.011735 0.010864 0.056815
v -0.014627 0.007955 0.056884
v -0.014627 0.007955 0.056884
v -0.014627 0.007955 0.056884
v -0.014627 0.007955 0.056884
v -0.014627 0.007955 0.056884
v -0.014629 0.008049 0.056873
v -0.014629 0.008049 0.056873
v -0.014629 0.008049 0.056873
v -0.014629 0.008049 0.056873
v -0.014629 0.008049 0.056873
v -0.015343 0.007520 0.056799
v -0.015343 0.007520 0.056799
v -0.015343 0.007520 0.056799
v -0.015343 0.007520 0.056799
v -0.015343 0.007520 0.056799
v -0.015343 0.007520 0.056799
v -0.015343 0.007520 0.056799
v -0.015343 0.007520 0.056799
v -0.015343 0.007520 0.056799
v -0.015343 0.007520 0.056799
v -0.015343 0.007520 0.056799
v -0.015343 0.007520 0.056799
v -0.014585 0.008360 0.056826
v -0.014585 0.008360 0.056826
v -0.014585 0.008360 0.056826
v -0.014585 0.008360 0.056826
v -0.014540 0.008677 0.056778
v -0.014540 0.008677 0.056778
v -0.014540 0.008677 0.056778
v -0.014540 0.008677 0.056778
v -0.014540 0.008677 0.056778
v -0.014448 0.008857 0.056763
v -0.014448 0.008857 0.056763
v -0.014448 0.008857 0.056763
v -0.014448 0.008857 0.056763
v -0.014248 0.009245 0.056729
v -0.014248 0.009245 0.056729
v -0.014248 0.009245 0.056729
v -0.014248 0.009245 0.056729
v -0.014248 0.009245 0.056729
v -0.014248 0.009245 0.056729
v -0.014113 0.009376 0.056731
v -0.014113 0.009376 0.056731
v -0.014113 0.009376 0.056731
v -0.014113 0.009376 0.056731
v -0.013796 0.009682 0.056733
v -0.013796 0.009682 0.056733
v -0.013796 0.009682 0.056733
v -0.013796 0.009682 0.056733
v -0.013796 0.009682 0.056733
v -0.013642 0.009778 0.056743
v -0.013642 0.009778 0.056743
v -0.013642 0.009778 0.056743
v -0.013642 0.009778 0.056743
v -0.013642 0.009778 0.056743
v -0.013638 0.009781 0.056743
v -0.013638 0.009781 0.056743
v -0.013638 0.009781 0.056743
v -0.013638 0.009781 0.056743
v -0.016567 0.003811 0.056953
v -0.016567 0.003811 0.056953
v -0.016567 0.003811 0.056953
v -0.016567 0.003811 0.056953
v -0.016567 0.003811 0.056953
v -0.016567 0.003811 0.056953
v -0.016567 0.003811 0.056953
v -0.014559 0.004017 0.057363
v -0.014559 0.004017 0.057363
v -0.014559 0.004017 0.057363
v -0.014559 0.004017 0.057363
v -0.014559 0.004017 0.057363
v -0.014615 0.007244 0.056971
v -0.014615 0.007244 0.056971
v -0.014615 0.007244 0.056971
v -0.014615 0.007244 0.056971
v -0.014615 0.007244 0.056971
v -0.014544 -0.000067 0.057469
v -0.014544 -0.000067 0.057469
v -0.014544 -0.000067 0.057469
v -0.014544 -0.000067 0.057469
v -0.014544 -0.000067 0.057469
v -0.014544 0.000006 0.057470
v -0.014544 0.000006 0.057470
v -0.014544 0.000006 0.057470
v -0.014544 0.000006 0.057470
v -0.016970 -0.000075 0.057004
v -0.016970 -0.000075 0.057004
v -0.016970 -0.000075 0.057004
v -0.016970 -0.000075 0.057004
v -0.016970 -0.000075 0.057004
v -0.016970 -0.000075 0.057004
v -0.016970 -0.000075 0.057004
v -0.016970 -0.000075 0.057004
v -0.016970 -0.000075 0.057004
v -0.014543 0.001956 0.057476
v -0.014543 0.001956 0.057476
v -0.014543 0.001956 0.057476
v -0.014543 0.001956 0.057476
v -0.014543 0.001956 0.057476
v -0.014543 0.001956 0.057476
v -0.014554 0.003399 0.057397
v -0.014554 0.003399 0.057397
v -0.014554 0.003399 0.057397
v -0.014554 0.003399 0.057397
v -0.014576 -0.004974 0.057244
v -0.014576 -0.004974 0.057244
v -0.014576 -0.004974 0.057244
v -0.014576 -0.004974 0.057244
v -0.014560 -0.003558 0.057360
v -0.014560 -0.003558 0.057360
v -0.014560 -0.003558 0.057360
v -0.014560 -0.003558 0.057360
v -0.014560 -0.003558 0.057360
v -0.016536 -0.003959 0.056949
v -0.016536 -0.003959 0.056949
v -0.016536 -0.003959 0.056949
v -0.016536 -0.003959 0.056949
v -0.016536 -0.003959 0.056949
v -0.016536 -0.003959 0.056949
v -0.016536 -0.003959 0.056949
v -0.016536 -0.003959 0.056949
v -0.016536 -0.003959 0.056949
v -0.014545 -0.002301 0.057463
v -0.014545 -0.002301 0.057463
v -0.014545 -0.002301 0.057463
v -0.014545 -0.002301 0.057463
v -0.014545 -0.002301 0.057463
v -0.014544 -0.000992 0.057467
v -0.014544 -0.000992 0.057467
v -0.014544 -0.000992 0.057467
v -0.014544 -0.000992 0.057467
v -0.014629 -0.008056 0.056873
v -0.014629 -0.008056 0.056873
v -0.014629 -0.008056 0.056873
v -0.014629 -0.008056 0.056873
v -0.014614 -0.007372 0.056976
v -0.014614 -0.007372 0.056976
v -0.014614 -0.007372 0.056976
v -0.014614 -0.007372 0.056976
v -0.014614 -0.007372 0.056976
v -0.014592 -0.006326 0.057134
v -0.014592 -0.006326 0.057134
v -0.014592 -0.006326 0.057134
v -0.014592 -0.006326 0.057134
v -0.014592 -0.006326 0.057134
v -0.012498 -0.015804 0.054429
v -0.012498 -0.015804 0.054429
v -0.012498 -0.015804 0.054429
v -0.012498 -0.015804 0.054429
v -0.012498 -0.015804 0.054429
v -0.012498 -0.015804 0.054429
v -0.012498 -0.015804 0.054429
v -0.015559 -0.012572 0.054815
v -0.015559 -0.012572 0.054815
v -0.015559 -0.012572 0.054815
v -0.015559 -0.012572 0.054815
v -0.015559 -0.012572 0.054815
v -0.015559 -0.012572 0.054815
v -0.015559 -0.012572 0.054815
v -0.015559 -0.012572 0.054815
v -0.014695 -0.013816 0.054331
v -0.014695 -0.013816 0.054331
v -0.014695 -0.013816 0.054331
v -0.014695 -0.013816 0.054331
v -0.014695 -0.013816 0.054331
v -0.014695 -0.013816 0.054331
v -0.015223 -0.013102 0.054465
v -0.015223 -0.013102 0.054465
v -0.015223 -0.013102 0.054465
v -0.015223 -0.013102 0.054465
v -0.017504 -0.009426 0.055061
v -0.017504 -0.009426 0.055061
v -0.017504 -0.009426 0.055061
v -0.017504 -0.009426 0.055061
v -0.017504 -0.009426 0.055061
v -0.017504 -0.009426 0.055061
v -0.016354 -0.011575 0.054752
v -0.016354 -0.011575 0.054752
v -0.016354 -0.011575 0.054752
v -0.016354 -0.011575 0.054752
v -0.016354 -0.011575 0.054752
v -0.015606 -0.012585 0.054562
v -0.015606 -0.012585 0.054562
v -0.015606 -0.012585 0.054562
v -0.015606 -0.012585 0.054562
v -0.018212 -0.007796 0.055256
v -0.018212 -0.007796 0.055256
v -0.018212 -0.007796 0.055256
v -0.018212 -0.007796 0.055256
v -0.018212 -0.007796 0.055256
v -0.017827 -0.008742 0.055149
v -0.017827 -0.008742 0.055149
v -0.017827 -0.008742 0.055149
v -0.017827 -0.008742 0.055149
v -0.017039 -0.008424 0.055977
v -0.017039 -0.008424 0.055977
v -0.017039 -0.008424 0.055977
v -0.017039 -0.008424 0.055977
v -0.017039 -0.008424 0.055977
v -0.017039 -0.008424 0.055977
v -0.017039 -0.008424 0.055977
v -0.017039 -0.008424 0.055977
v -0.017039 -0.008424 0.055977
v -0.017039 -0.008424 0.055977
v -0.017788 -0.008838 0.055138
v -0.017788 -0.008838 0.055138
v -0.017788 -0.008838 0.055138
v -0.017788 -0.008838 0.055138
v -0.019035 -0.004986 0.055494
v -0.019035 -0.004986 0.055494
v -0.019035 -0.004986 0.055494
v -0.019035 -0.004986 0.055494
v -0.019035 -0.004986 0.055494
v -0.018418 -0.004355 0.056151
v -0.018418 -0.004355 0.056151
v -0.018418 -0.004355 0.056151
v -0.018418 -0.004355 0.056151
v -0.018418 -0.004355 0.056151
v -0.018418 -0.004355 0.056151
v -0.018418 -0.004355 0.056151
v -0.018418 -0.004355 0.056151
v -0.019110 -0.004494 0.055516
v -0.019110 -0.004494 0.055516
v -0.019110 -0.004494 0.055516
v -0.019110 -0.004494 0.055516
v -0.018896 -0.000083 0.056211
v -0.018896 -0.000083 0.056211
v -0.018896 -0.000083 0.056211
v -0.018896 -0.000083 0.056211
v -0.018896 -0.000083 0.056211
v -0.018896 -0.000083 0.056211
v -0.018896 -0.000083 0.056211
v -0.018896 -0.000083 0.056211
v -0.018896 -0.000083 0.056211
v -0.018896 -0.000083 0.056211
v -0.019486 -0.002043 0.055628
v -0.019486 -0.002043 0.055628
v -0.019486 -0.002043 0.055628
v -0.019486 -0.002043 0.055628
v -0.019486 -0.002043 0.055628
v -0.019486 -0.002043 0.055628
v -0.019146 -0.004261 0.055527
v -0.019146 -0.004261 0.055527
v -0.019146 -0.004261 0.055527
v -0.019146 -0.004261 0.055527
v -0.019549 0.001099 0.055647
v -0.019549 0.001099 0.055647
v -0.019549 0.001099 0.055647
v -0.019549 0.001099 0.055647
v -0.019549 0.001099 0.055647
v -0.019569 0.000497 0.055653
v -0.019569 0.000497 0.055653
v -0.019569 0.000497 0.055653
v -0.019569 0.000497 0.055653
v -0.019207 0.004124 0.055545
v -0.019207 0.004124 0.055545
v -0.019207 0.004124 0.055545
v -0.019207 0.004124 0.055545
v -0.019207 0.004124 0.055545
v -0.018451 0.004194 0.056155
v -0.018451 0.004194 0.056155
v -0.018451 0.004194 0.056155
v -0.018451 0.004194 0.056155
v -0.018451 0.004194 0.056155
v -0.018451 0.004194 0.056155
v -0.018451 0.004194 0.056155
v -0.018451 0.004194 0.056155
v -0.019173 0.004257 0.055535
v -0.019173 0.004257 0.055535
v -0.019173 0.004257 0.055535
v -0.019173 0.004257 0.055535
v -0.019575 -0.000003 0.055655
v -0.019575 -0.000003 0.055655
v -0.019575 -0.000003 0.055655
v -0.019575 -0.000003 0.055655
v -0.019571 -0.000085 0.055654
v -0.019571 -0.000085 0.055654
v -0.019571 -0.000085 0.055654
v -0.019571 -0.000085 0.055654
v -0.018199 0.007826 0.055253
v -0.018199 0.007826 0.055253
v -0.018199 0.007826 0.055253
v -0.018199 0.007826 0.055253
v -0.018471 0.007045 0.055330
v -0.018471 0.007045 0.055330
v -0.018471 0.007045 0.055330
v -0.018471 0.007045 0.055330
v -0.018471 0.007045 0.055330
v -0.019156 0.004327 0.055530
v -0.019156 0.004327 0.055530
v -0.019156 0.004327 0.055530
v -0.019156 0.004327 0.055530
v -0.019156 0.004327 0.055530
v -0.017502 0.009363 0.055061
v -0.017502 0.009363 0.055061
v -0.017502 0.009363 0.055061
v -0.017502 0.009363 0.055061
v -0.017502 0.009363 0.055061
v -0.017502 0.009363 0.055061
v -0.015658 0.012435 0.054828
v -0.015658 0.012435 0.054828
v -0.015658 0.012435 0.054828
v -0.015658 0.012435 0.054828
v -0.015658 0.012435 0.054828
v -0.015658 0.012435 0.054828
v -0.015658 0.012435 0.054828
v -0.015658 0.012435 0.054828
v -0.017011 0.010449 0.054925
v -0.017011 0.010449 0.054925
v -0.017011 0.010449 0.054925
v -0.017011 0.010449 0.054925
v -0.015719 0.012460 0.054589
v -0.015719 0.012460 0.054589
v -0.015719 0.012460 0.054589
v -0.015719 0.012460 0.054589
v -0.012622 0.015690 0.054446
v -0.012622 0.015690 0.054446
v -0.012622 0.015690 0.054446
v -0.012622 0.015690 0.054446
v -0.012622 0.015690 0.054446
v -0.012622 0.015690 0.054446
v -0.012622 0.015690 0.054446
v -0.012622 0.015690 0.054446
v -0.015248 0.013106 0.054470
v -0.015248 0.013106 0.054470
v -0.015248 0.013106 0.054470
v -0.015248 0.013106 0.054470
v -0.015248 0.013106 0.054470
v -0.015248 0.013106 0.054470
v -0.015470 0.012847 0.054524
v -0.015470 0.012847 0.054524
v -0.015470 0.012847 0.054524
v -0.015470 0.012847 0.054524
v 0.019258 0.008894 0.050038
v 0.019258 0.008894 0.050038
v 0.019258 0.008894 0.050038
v 0.019258 0.008894 0.050038
v 0.018233 0.010719 0.050555
v 0.018233 0.010719 0.050555
v 0.018233 0.010719 0.050555
v 0.018233 0.010719 0.050555
v 0.018233 0.010719 0.050555
v 0.018233 0.010719 0.050555
v 0.018233 0.010719 0.050555
v 0.018233 0.010719 0.050555
v 0.019743 0.007786 0.050058
v 0.019743 0.007786 0.050058
v 0.019743 0.007786 0.050058
v 0.019743 0.007786 0.050058
v 0.019743 0.007786 0.050058
v 0.020110 0.006672 0.050318
v 0.020110 0.006672 0.050318
v 0.020110 0.006672 0.050318
v 0.020110 0.006672 0.050318
v 0.020110 0.006672 0.050318
v 0.020110 0.006672 0.050318
v 0.020110 0.006672 0.050318
v 0.020110 0.006672 0.050318
v 0.020110 0.006672 0.050318
v 0.020617 0.005050 0.050103
v 0.020617 0.005050 0.050103
v 0.020617 0.005050 0.050103
v 0.020617 0.005050 0.050103
v 0.020617 0.005050 0.050103
v 0.020141 0.006539 0.050079
v 0.020141 0.006539 0.050079
v 0.020141 0.006539 0.050079
v 0.020141 0.006539 0.050079
v 0.020097 0.006679 0.050076
v 0.020097 0.006679 0.050076
v 0.020097 0.006679 0.050076
v 0.020097 0.006679 0.050076
v 0.020097 0.006679 0.050076
v 0.020951 0.003096 0.050125
v 0.020951 0.003096 0.050125
v 0.020951 0.003096 0.050125
v 0.020951 0.003096 0.050125
v 0.020951 0.003096 0.050125
v 0.021080 0.002313 0.050196
v 0.021080 0.002313 0.050196
v 0.021080 0.002313 0.050196
v 0.021080 0.002313 0.050196
v 0.021080 0.002313 0.050196
v 0.021080 0.002313 0.050196
v 0.021080 0.002313 0.050196
v 0.021080 0.002313 0.050196
v 0.021085 0.002313 0.050134
v 0.021085 0.002313 0.050134
v 0.021085 0.002313 0.050134
v 0.021085 0.002313 0.050134
v 0.021131 -0.001946 0.050135
v 0.021131 -0.001946 0.050135
v 0.021131 -0.001946 0.050135
v 0.021131 -0.001946 0.050135
v 0.021197 -0.000952 0.050140
v 0.021197 -0.000952 0.050140
v 0.021197 -0.000952 0.050140
v 0.021197 -0.000952 0.050140
v 0.021098 -0.002155 0.050193
v 0.021098 -0.002155 0.050193
v 0.021098 -0.002155 0.050193
v 0.021098 -0.002155 0.050193
v 0.021098 -0.002155 0.050193
v 0.021098 -0.002155 0.050193
v 0.021098 -0.002155 0.050193
v 0.021098 -0.002155 0.050193
v 0.021098 -0.002155 0.050193
v 0.021218 -0.000003 0.050143
v 0.021218 -0.000003 0.050143
v 0.021218 -0.000003 0.050143
v 0.021218 -0.000003 0.050143
v 0.021218 -0.000003 0.050143
v 0.021218 -0.000003 0.050143
v 0.021108 0.002177 0.050136
v 0.021108 0.002177 0.050136
v 0.021108 0.002177 0.050136
v 0.021108 0.002177 0.050136
v 0.021108 0.002177 0.050136
v 0.020659 -0.004882 0.050104
v 0.020659 -0.004882 0.050104
v 0.020659 -0.004882 0.050104
v 0.020659 -0.004882 0.050104
v 0.020945 -0.003102 0.050123
v 0.020945 -0.003102 0.050123
v 0.020945 -0.003102 0.050123
v 0.020945 -0.003102 0.050123
v 0.020945 -0.003102 0.050123
v 0.020945 -0.003102 0.050123
v 0.021098 -0.002155 0.050133
v 0.021098 -0.002155 0.050133
v 0.021098 -0.002155 0.050133
v 0.021098 -0.002155 0.050133
v 0.019783 -0.007693 0.050058
v 0.019783 -0.007693 0.050058
v 0.019783 -0.007693 0.050058
v 0.019783 -0.007693 0.050058
v 0.019783 -0.007693 0.050058
v 0.018317 -0.010584 0.050544
v 0.018317 -0.010584 0.050544
v 0.018317 -0.010584 0.050544
v 0.018317 -0.010584 0.050544
v 0.018317 -0.010584 0.050544
v 0.018317 -0.010584 0.050544
v 0.018317 -0.010584 0.050544
v 0.018317 -0.010584 0.050544
v -0.004852 0.019883 0.053466
v -0.004852 0.019883 0.053466
v -0.004852 0.019883 0.053466
v -0.004852 0.019883 0.053466
v -0.004852 0.019883 0.053466
v -0.004852 0.019883 0.053466
v -0.004852 0.019883 0.053466
v -0.000481 0.020623 0.052915
v -0.000481 0.020623 0.052915
v -0.000481 0.020623 0.052915
v -0.000481 0.020623 0.052915
v -0.000481 0.020623 0.052915
v -0.000481 0.020623 0.052915
v -0.000481 0.020623 0.052915
v 0.003946 0.020399 0.052357
v 0.003946 0.020399 0.052357
v 0.003946 0.020399 0.052357
v 0.003946 0.020399 0.052357
v 0.003946 0.020399 0.052357
v 0.003946 0.020399 0.052357
v 0.003946 0.020399 0.052357
v 0.012147 0.017144 0.051323
v 0.012147 0.017144 0.051323
v 0.012147 0.017144 0.051323
v 0.012147 0.017144 0.051323
v 0.012147 0.017144 0.051323
v 0.012147 0.017144 0.051323
v 0.012147 0.017144 0.051323
v 0.008222 0.019221 0.051818
v 0.008222 0.019221 0.051818
v 0.008222 0.019221 0.051818
v 0.008222 0.019221 0.051818
v 0.008222 0.019221 0.051818
v 0.008222 0.019221 0.051818
v 0.015536 0.014265 0.050895
v 0.015536 0.014265 0.050895
v 0.015536 0.014265 0.050895
v 0.015536 0.014265 0.050895
v 0.015536 0.014265 0.050895
v 0.015536 0.014265 0.050895
v 0.015536 0.014265 0.050895
v 0.015649 -0.014152 0.050880
v 0.015649 -0.014152 0.050880
v 0.015649 -0.014152 0.050880
v 0.015649 -0.014152 0.050880
v 0.015649 -0.014152 0.050880
v 0.015649 -0.014152 0.050880
v 0.015649 -0.014152 0.050880
v 0.012282 -0.017058 0.051304
v 0.012282 -0.017058 0.051304
v 0.012282 -0.017058 0.051304
v 0.012282 -0.017058 0.051304
v 0.012282 -0.017058 0.051304
v 0.012282 -0.017058 0.051304
v -0.004695 -0.019933 0.053445
v -0.004695 -0.019933 0.053445
v -0.004695 -0.019933 0.053445
v -0.004695 -0.019933 0.053445
v -0.004695 -0.019933 0.053445
v -0.004695 -0.019933 0.053445
v -0.004695 -0.019933 0.053445
v -0.000318 -0.020638 0.052893
v -0.000318 -0.020638 0.052893
v -0.000318 -0.020638 0.052893
v -0.000318 -0.020638 0.052893
v -0.000318 -0.020638 0.052893
v -0.000318 -0.020638 0.052893
v -0.008819 -0.018296 0.053965
v -0.008819 -0.018296 0.053965
v -0.008819 -0.018296 0.053965
v -0.008819 -0.018296 0.053965
v -0.008819 -0.018296 0.053965
v -0.008819 -0.018296 0.053965
v -0.008819 -0.018296 0.053965
v -0.008963 0.018212 0.053985
v -0.008963 0.018212 0.053985
v -0.008963 0.018212 0.053985
v -0.008963 0.018212 0.053985
v -0.008963 0.018212 0.053985
v -0.008963 0.018212 0.053985
v -0.017689 -0.009081 0.055110
v -0.017689 -0.009081 0.055110
v -0.017689 -0.009081 0.055110
v -0.017689 -0.009081 0.055110
v -0.014826 -0.012100 0.055698
v -0.014826 -0.012100 0.055698
v -0.014826 -0.012100 0.055698
v -0.014826 -0.012100 0.055698
v -0.014826 -0.012100 0.055698
v -0.014826 -0.012100 0.055698
v -0.011880 -0.015209 0.055326
v -0.011880 -0.015209 0.055326
v -0.011880 -0.015209 0.055326
v -0.011880 -0.015209 0.055326
v -0.011880 -0.015209 0.055326
v -0.011880 -0.015209 0.055326
v -0.008339 -0.017608 0.054880
v -0.008339 -0.017608 0.054880
v -0.008339 -0.017608 0.054880
v -0.008339 -0.017608 0.054880
v -0.008339 -0.017608 0.054880
v -0.008339 -0.017608 0.054880
v -0.004370 -0.019183 0.054379
v -0.004370 -0.019183 0.054379
v -0.004370 -0.019183 0.054379
v -0.004370 -0.019183 0.054379
v -0.004370 -0.019183 0.054379
v -0.004370 -0.019183 0.054379
v 0.008207 -0.018445 0.052793
v 0.008207 -0.018445 0.052793
v 0.008207 -0.018445 0.052793
v 0.008207 -0.018445 0.052793
v 0.008207 -0.018445 0.052793
v 0.008207 -0.018445 0.052793
v 0.011968 -0.016416 0.052319
v 0.011968 -0.016416 0.052319
v 0.011968 -0.016416 0.052319
v 0.011968 -0.016416 0.052319
v 0.011968 -0.016416 0.052319
v 0.011968 -0.016416 0.052319
v 0.015208 -0.013620 0.051911
v 0.015208 -0.013620 0.051911
v 0.015208 -0.013620 0.051911
v 0.015208 -0.013620 0.051911
v 0.015208 -0.013620 0.051911
v 0.015208 -0.013620 0.051911
v 0.020452 -0.002074 0.051250
v 0.020452 -0.002074 0.051250
v 0.020452 -0.002074 0.051250
v 0.020452 -0.002074 0.051250
v 0.020452 -0.002074 0.051250
v 0.020452 -0.002074 0.051250
v 0.020435 0.002225 0.051252
v 0.020435 0.002225 0.051252
v 0.020435 0.002225 0.051252
v 0.020435 0.002225 0.051252
v 0.020435 0.002225 0.051252
v 0.020435 0.002225 0.051252
v 0.011837 0.016499 0.052336
v 0.011837 0.016499 0.052336
v 0.011837 0.016499 0.052336
v 0.011837 0.016499 0.052336
v 0.011837 0.016499 0.052336
v 0.011837 0.016499 0.052336
v 0.008060 0.018498 0.052813
v 0.008060 0.018498 0.052813
v 0.008060 0.018498 0.052813
v 0.008060 0.018498 0.052813
v 0.008060 0.018498 0.052813
v 0.008060 0.018498 0.052813
v -0.004522 0.019134 0.054399
v -0.004522 0.019134 0.054399
v -0.004522 0.019134 0.054399
v -0.004522 0.019134 0.054399
v -0.004522 0.019134 0.054399
v -0.004522 0.019134 0.054399
v -0.008478 0.017527 0.054898
v -0.008478 0.017527 0.054898
v -0.008478 0.017527 0.054898
v -0.008478 0.017527 0.054898
v -0.008478 0.017527 0.054898
v -0.008478 0.017527 0.054898
v -0.012000 0.015100 0.055342
v -0.012000 0.015100 0.055342
v -0.012000 0.015100 0.055342
v -0.012000 0.015100 0.055342
v -0.012000 0.015100 0.055342
v -0.012000 0.015100 0.055342
v -0.014921 0.011967 0.055710
v -0.014921 0.011967 0.055710
v -0.014921 0.011967 0.055710
v -0.014921 0.011967 0.055710
v -0.014921 0.011967 0.055710
v -0.014921 0.011967 0.055710
v 0.016121 -0.009691 0.052821
v 0.016121 -0.009691 0.052821
v 0.016121 -0.009691 0.052821
v 0.016121 -0.009691 0.052821
v 0.016121 -0.009691 0.052821
v -0.013097 0.008049 0.056994
v -0.013097 0.008049 0.056994
v -0.013097 0.008049 0.056994
v -0.013097 0.008049 0.056994
v -0.013097 0.008049 0.056994
v -0.013097 0.008049 0.056994
v -0.013033 0.003978 0.057441
v -0.013033 0.003978 0.057441
v -0.013033 0.003978 0.057441
v -0.013033 0.003978 0.057441
v -0.013033 0.003978 0.057441
v -0.013033 0.003978 0.057441
v -0.013033 0.003978 0.057441
v -0.013033 0.003978 0.057441
v -0.013015 -0.000583 0.057570
v -0.013015 -0.000583 0.057570
v -0.013015 -0.000583 0.057570
v -0.013015 -0.000583 0.057570
v -0.013015 -0.000583 0.057570
v -0.013015 -0.000583 0.057570
v -0.013015 -0.000583 0.057570
v -0.013044 -0.004974 0.057364
v -0.013044 -0.004974 0.057364
v -0.013044 -0.004974 0.057364
v -0.013044 -0.004974 0.057364
v -0.013044 -0.004974 0.057364
v -0.013044 -0.004974 0.057364
v -0.013044 -0.004974 0.057364
v -0.013044 -0.004974 0.057364
v -0.013097 -0.008056 0.056994
v -0.013097 -0.008056 0.056994
v -0.013097 -0.008056 0.056994
v -0.013097 -0.008056 0.056994
v -0.013097 -0.008056 0.056994
v -0.013097 -0.008056 0.056994
v -0.013097 -0.008056 0.056994
v -0.013076 -0.008214 0.056954
v -0.013076 -0.008214 0.056954
v -0.013076 -0.008214 0.056954
v -0.013076 -0.008214 0.056954
v -0.013076 -0.008214 0.056954
v -0.013030 -0.008303 0.056946
v -0.013030 -0.008303 0.056946
v -0.013030 -0.008303 0.056946
v -0.013030 -0.008303 0.056946
v -0.013030 -0.008303 0.056946
v -0.013030 -0.008303 0.056946
v -0.013002 -0.008357 0.056941
v -0.013002 -0.008357 0.056941
v -0.013002 -0.008357 0.056941
v -0.013002 -0.008357 0.056941
v -0.013002 -0.008357 0.056941
v -0.013002 -0.008357 0.056941
v -0.012884 -0.008467 0.056956
v -0.012884 -0.008467 0.056956
v -0.012884 -0.008467 0.056956
v -0.012884 -0.008467 0.056956
v -0.012884 -0.008467 0.056956
v -0.012884 -0.008467 0.056956
v -0.012848 -0.008489 0.056964
v -0.012848 -0.008489 0.056964
v -0.012848 -0.008489 0.056964
v -0.012848 -0.008489 0.056964
v -0.012848 -0.008489 0.056964
v -0.012848 -0.008489 0.056964
v -0.009300 -0.010520 0.056957
v -0.009300 -0.010520 0.056957
v -0.009300 -0.010520 0.056957
v -0.009300 -0.010520 0.056957
v -0.009300 -0.010520 0.056957
v -0.009300 -0.010520 0.056957
v -0.009300 -0.010520 0.056957
v -0.009300 -0.010520 0.056957
v -0.005411 -0.012775 0.056585
v -0.005411 -0.012775 0.056585
v -0.005411 -0.012775 0.056585
v -0.005411 -0.012775 0.056585
v -0.005411 -0.012775 0.056585
v -0.005411 -0.012775 0.056585
v -0.005411 -0.012775 0.056585
v -0.005411 -0.012775 0.056585
v 0.000967 -0.016539 0.055161
v 0.000967 -0.016539 0.055161
v 0.000967 -0.016539 0.055161
v 0.000967 -0.016539 0.055161
v 0.000967 -0.016539 0.055161
v 0.000967 -0.016539 0.055161
v -0.001717 -0.014943 0.055903
v -0.001717 -0.014943 0.055903
v -0.001717 -0.014943 0.055903
v -0.001717 -0.014943 0.055903
v -0.001717 -0.014943 0.055903
v -0.001717 -0.014943 0.055903
v -0.001717 -0.014943 0.055903
v -0.001717 -0.014943 0.055903
v 0.014759 -0.008800 0.053471
v 0.014759 -0.008800 0.053471
v 0.014759 -0.008800 0.053471
v 0.014759 -0.008800 0.053471
v 0.014759 -0.008800 0.053471
v 0.014759 -0.008800 0.053471
v 0.014759 -0.008800 0.053471
v 0.015279 -0.008489 0.053305
v 0.015279 -0.008489 0.053305
v 0.015279 -0.008489 0.053305
v 0.015279 -0.008489 0.053305
v 0.015279 -0.008489 0.053305
v 0.015279 -0.008489 0.053305
v 0.015279 -0.008489 0.053305
v 0.005230 -0.014383 0.055092
v 0.005230 -0.014383 0.055092
v 0.005230 -0.014383 0.055092
v 0.005230 -0.014383 0.055092
v 0.005230 -0.014383 0.055092
v 0.005230 -0.014383 0.055092
v 0.005230 -0.014383 0.055092
v 0.007521 -0.013058 0.054905
v 0.007521 -0.013058 0.054905
v 0.007521 -0.013058 0.054905
v 0.007521 -0.013058 0.054905
v 0.007521 -0.013058 0.054905
v 0.007521 -0.013058 0.054905
v 0.007521 -0.013058 0.054905
v 0.011269 -0.010867 0.054337
v 0.011269 -0.010867 0.054337
v 0.011269 -0.010867 0.054337
v 0.011269 -0.010867 0.054337
v 0.011269 -0.010867 0.054337
v 0.011269 -0.010867 0.054337
v 0.011269 -0.010867 0.054337
v 0.011269 -0.010867 0.054337
v 0.001464 -0.016539 0.055102
v 0.001464 -0.016539 0.055102
v 0.001464 -0.016539 0.055102
v 0.001464 -0.016539 0.055102
v 0.001464 -0.016539 0.055102
v 0.001464 -0.016539 0.055102
v 0.001464 -0.016539 0.055102
v 0.015545 0.007263 0.053396
v 0.015545 0.007263 0.053396
v 0.015545 0.007263 0.053396
v 0.015545 0.007263 0.053396
v 0.015545 0.007263 0.053396
v 0.015545 0.007263 0.053396
v 0.015545 0.007263 0.053396
v 0.015528 0.008049 0.053277
v 0.015528 0.008049 0.053277
v 0.015528 0.008049 0.053277
v 0.015528 0.008049 0.053277
v 0.015528 0.008049 0.053277
v 0.015528 0.008049 0.053277
v 0.015528 -0.008056 0.053276
v 0.015528 -0.008056 0.053276
v 0.015528 -0.008056 0.053276
v 0.015528 -0.008056 0.053276
v 0.015528 -0.008056 0.053276
v 0.015528 -0.008056 0.053276
v 0.015595 -0.003811 0.053748
v 0.015595 -0.003811 0.053748
v 0.015595 -0.003811 0.053748
v 0.015595 -0.003811 0.053748
v 0.015595 -0.003811 0.053748
v 0.015595 -0.003811 0.053748
v 0.015595 -0.003811 0.053748
v 0.015610 -0.001299 0.053858
v 0.015610 -0.001299 0.053858
v 0.015610 -0.001299 0.053858
v 0.015610 -0.001299 0.053858
v 0.015610 -0.001299 0.053858
v 0.015610 -0.001299 0.053858
v 0.015610 -0.001299 0.053858
v 0.015610 -0.001299 0.053858
v 0.015601 0.003102 0.053790
v 0.015601 0.003102 0.053790
v 0.015601 0.003102 0.053790
v 0.015601 0.003102 0.053790
v 0.015601 0.003102 0.053790
v 0.015601 0.003102 0.053790
v 0.015601 0.003102 0.053790
v 0.015497 0.008208 0.053242
v 0.015497 0.008208 0.053242
v 0.015497 0.008208 0.053242
v 0.015497 0.008208 0.053242
v 0.015497 0.008208 0.053242
v 0.015450 0.008296 0.053245
v 0.015450 0.008296 0.053245
v 0.015450 0.008296 0.053245
v 0.015450 0.008296 0.053245
v 0.015450 0.008296 0.053245
v 0.015450 0.008296 0.053245
v 0.015421 0.008352 0.053247
v 0.015421 0.008352 0.053247
v 0.015421 0.008352 0.053247
v 0.015421 0.008352 0.053247
v 0.015421 0.008352 0.053247
v 0.015421 0.008352 0.053247
v 0.015310 0.008462 0.053290
v 0.015310 0.008462 0.053290
v 0.015310 0.008462 0.053290
v 0.015310 0.008462 0.053290
v 0.015310 0.008462 0.053290
v 0.015310 0.008462 0.053290
v 0.015279 0.008482 0.053306
v 0.015279 0.008482 0.053306
v 0.015279 0.008482 0.053306
v 0.015279 0.008482 0.053306
v 0.015279 0.008482 0.053306
v 0.015279 0.008482 0.053306
v 0.011712 0.010600 0.054247
v 0.011712 0.010600 0.054247
v 0.011712 0.010600 0.054247
v 0.011712 0.010600 0.054247
v 0.011712 0.010600 0.054247
v 0.011712 0.010600 0.054247
v 0.011712 0.010600 0.054247
v 0.011712 0.010600 0.054247
v 0.009548 0.011870 0.054640
v 0.009548 0.011870 0.054640
v 0.009548 0.011870 0.054640
v 0.009548 0.011870 0.054640
v 0.009548 0.011870 0.054640
v 0.009548 0.011870 0.054640
v 0.009548 0.011870 0.054640
v 0.005716 0.014096 0.055063
v 0.005716 0.014096 0.055063
v 0.005716 0.014096 0.055063
v 0.005716 0.014096 0.055063
v 0.005716 0.014096 0.055063
v 0.005716 0.014096 0.055063
v 0.005716 0.014096 0.055063
v 0.005716 0.014096 0.055063
v 0.001464 0.016532 0.055103
v 0.001464 0.016532 0.055103
v 0.001464 0.016532 0.055103
v 0.001464 0.016532 0.055103
v 0.001464 0.016532 0.055103
v 0.001464 0.016532 0.055103
v 0.002041 0.016204 0.055129
v 0.002041 0.016204 0.055129
v 0.002041 0.016204 0.055129
v 0.002041 0.016204 0.055129
v 0.002041 0.016204 0.055129
v 0.002041 0.016204 0.055129
v 0.001309 0.016590 0.055084
v 0.001309 0.016590 0.055084
v 0.001309 0.016590 0.055084
v 0.001309 0.016590 0.055084
v 0.001309 0.016590 0.055084
v 0.001296 0.016590 0.055085
v 0.001296 0.016590 0.055085
v 0.001296 0.016590 0.055085
v 0.001296 0.016590 0.055085
v 0.001296 0.016590 0.055085
v 0.001296 0.016590 0.055085
v 0.001147 0.016596 0.055099
v 0.001147 0.016596 0.055099
v 0.001147 0.016596 0.055099
v 0.001147 0.016596 0.055099
v 0.001147 0.016596 0.055099
v 0.001125 0.016589 0.055106
v 0.001125 0.016589 0.055106
v 0.001125 0.016589 0.055106
v 0.001125 0.016589 0.055106
v 0.001125 0.016589 0.055106
v 0.001125 0.016589 0.055106
v 0.000999 0.016551 0.055146
v 0.000999 0.016551 0.055146
v 0.000999 0.016551 0.055146
v 0.000999 0.016551 0.055146
v 0.000999 0.016551 0.055146
v 0.000999 0.016551 0.055146
v 0.000967 0.016532 0.055162
v 0.000967 0.016532 0.055162
v 0.000967 0.016532 0.055162
v 0.000967 0.016532 0.055162
v 0.000967 0.016532 0.055162
v 0.000967 0.016532 0.055162
v 0.000967 0.016532 0.055162
v -0.012848 0.008482 0.056965
v -0.012848 0.008482 0.056965
v -0.012848 0.008482 0.056965
v -0.012848 0.008482 0.056965
v -0.012848 0.008482 0.056965
v -0.012848 0.008482 0.056965
v -0.012848 0.008482 0.056965
v -0.012848 0.008482 0.056965
v -0.012848 0.008482 0.056965
v -0.012848 0.008482 0.056965
v -0.008815 0.010793 0.056930
v -0.008815 0.010793 0.056930
v -0.008815 0.010793 0.056930
v -0.008815 0.010793 0.056930
v -0.008815 0.010793 0.056930
v -0.008815 0.010793 0.056930
v -0.008815 0.010793 0.056930
v -0.008815 0.010793 0.056930
v -0.002643 0.014390 0.056107
v -0.002643 0.014390 0.056107
v -0.002643 0.014390 0.056107
v -0.002643 0.014390 0.056107
v -0.002643 0.014390 0.056107
v -0.002643 0.014390 0.056107
v -0.002643 0.014390 0.056107
v -0.004950 0.013037 0.056519
v -0.004950 0.013037 0.056519
v -0.004950 0.013037 0.056519
v -0.004950 0.013037 0.056519
v -0.004950 0.013037 0.056519
v -0.004950 0.013037 0.056519
v -0.013097 0.008089 0.056982
v -0.013097 0.008089 0.056982
v -0.013097 0.008089 0.056982
v -0.013097 0.008089 0.056982
v -0.013097 0.008089 0.056982
v -0.013097 0.008089 0.056982
v -0.012977 0.008381 0.056943
v -0.012977 0.008381 0.056943
v -0.012977 0.008381 0.056943
v -0.012977 0.008381 0.056943
v -0.012977 0.008381 0.056943
v -0.013030 0.008296 0.056947
v -0.013030 0.008296 0.056947
v -0.013030 0.008296 0.056947
v -0.013030 0.008296 0.056947
v -0.013030 0.008296 0.056947
v -0.013030 0.008296 0.056947
v -0.013063 0.008243 0.056949
v -0.013063 0.008243 0.056949
v -0.013063 0.008243 0.056949
v -0.013063 0.008243 0.056949
v -0.013063 0.008243 0.056949
v 0.001426 -0.016558 0.055094
v 0.001426 -0.016558 0.055094
v 0.001426 -0.016558 0.055094
v 0.001426 -0.016558 0.055094
v 0.001426 -0.016558 0.055094
v 0.001426 -0.016558 0.055094
v 0.001295 -0.016595 0.055085
v 0.001295 -0.016595 0.055085
v 0.001295 -0.016595 0.055085
v 0.001295 -0.016595 0.055085
v 0.001295 -0.016595 0.055085
v 0.001295 -0.016595 0.055085
v 0.001270 -0.016602 0.055083
v 0.001270 -0.016602 0.055083
v 0.001270 -0.016602 0.055083
v 0.001270 -0.016602 0.055083
v 0.001270 -0.016602 0.055083
v 0.001124 -0.016597 0.055104
v 0.001124 -0.016597 0.055104
v 0.001124 -0.016597 0.055104
v 0.001124 -0.016597 0.055104
v 0.001124 -0.016597 0.055104
v 0.001124 -0.016597 0.055104
v 0.001111 -0.016596 0.055106
v 0.001111 -0.016596 0.055106
v 0.001111 -0.016596 0.055106
v 0.001111 -0.016596 0.055106
v 0.001111 -0.016596 0.055106
v 0.015524 -0.008095 0.053264
v 0.015524 -0.008095 0.053264
v 0.015524 -0.008095 0.053264
v 0.015524 -0.008095 0.053264
v 0.015524 -0.008095 0.053264
v 0.015524 -0.008095 0.053264
v 0.015398 -0.008387 0.053253
v 0.015398 -0.008387 0.053253
v 0.015398 -0.008387 0.053253
v 0.015398 -0.008387 0.053253
v 0.015398 -0.008387 0.053253
v 0.015450 -0.008303 0.053244
v 0.015450 -0.008303 0.053244
v 0.015450 -0.008303 0.053244
v 0.015450 -0.008303 0.053244
v 0.015450 -0.008303 0.053244
v 0.015450 -0.008303 0.053244
v 0.015483 -0.008250 0.053239
v 0.015483 -0.008250 0.053239
v 0.015483 -0.008250 0.053239
v 0.015483 -0.008250 0.053239
v 0.015483 -0.008250 0.053239
v -0.011929 -0.010073 0.056408
v -0.011929 -0.010073 0.056408
v -0.011929 -0.010073 0.056408
v -0.011929 -0.010073 0.056408
v -0.011929 -0.010073 0.056408
v -0.011929 -0.010073 0.056408
v -0.011929 -0.010073 0.056408
v -0.012213 -0.009837 0.056445
v -0.012213 -0.009837 0.056445
v -0.012213 -0.009837 0.056445
v -0.012213 -0.009837 0.056445
v -0.012213 -0.009837 0.056445
v -0.012304 -0.009857 0.056402
v -0.012304 -0.009857 0.056402
v -0.012304 -0.009857 0.056402
v -0.012304 -0.009857 0.056402
v -0.013327 0.009262 0.056386
v -0.013327 0.009262 0.056386
v -0.013327 0.009262 0.056386
v -0.013327 0.009262 0.056386
v -0.013346 0.009246 0.056385
v -0.013346 0.009246 0.056385
v -0.013346 0.009246 0.056385
v -0.013346 0.009246 0.056385
v -0.013346 0.009246 0.056385
v -0.013346 0.009246 0.056385
v -0.013346 0.009246 0.056385
v -0.012857 0.008927 0.056511
v -0.012857 0.008927 0.056511
v -0.012857 0.008927 0.056511
v -0.012857 0.008927 0.056511
v -0.012857 0.008927 0.056511
v -0.012857 0.008927 0.056511
v -0.012857 0.008927 0.056511
v 0.014222 0.009491 0.053111
v 0.014222 0.009491 0.053111
v 0.014222 0.009491 0.053111
v 0.014222 0.009491 0.053111
v 0.014222 0.009491 0.053111
v 0.014222 0.009491 0.053111
v 0.014144 0.009831 0.053122
v 0.014144 0.009831 0.053122
v 0.014144 0.009831 0.053122
v 0.014144 0.009831 0.053122
v 0.014144 0.009831 0.053122
v 0.013987 0.009632 0.053172
v 0.013987 0.009632 0.053172
v 0.013987 0.009632 0.053172
v 0.013987 0.009632 0.053172
v 0.013987 0.009632 0.053172
v 0.015854 0.006306 0.052956
v 0.015854 0.006306 0.052956
v 0.015854 0.006306 0.052956
v 0.015854 0.006306 0.052956
v 0.015854 0.006306 0.052956
v 0.015854 0.006306 0.052956
v 0.015854 0.006306 0.052956
v 0.016096 0.006366 0.052876
v 0.016096 0.006366 0.052876
v 0.016096 0.006366 0.052876
v 0.016096 0.006366 0.052876
v 0.016096 0.006366 0.052876
v 0.015846 0.006825 0.052907
v 0.015846 0.006825 0.052907
v 0.015846 0.006825 0.052907
v 0.015846 0.006825 0.052907
v -0.002000 -0.015245 0.055457
v -0.002000 -0.015245 0.055457
v -0.002000 -0.015245 0.055457
v -0.002000 -0.015245 0.055457
v -0.002167 -0.015147 0.055487
v -0.002167 -0.015147 0.055487
v -0.002167 -0.015147 0.055487
v -0.002167 -0.015147 0.055487
v -0.002167 -0.015147 0.055487
v -0.002167 -0.015147 0.055487
v -0.002278 -0.015686 0.055320
v -0.002278 -0.015686 0.055320
v -0.002278 -0.015686 0.055320
v -0.002278 -0.015686 0.055320
v -0.002278 -0.015686 0.055320
v -0.002278 -0.015686 0.055320
v -0.013023 -0.008838 0.056512
v -0.013023 -0.008838 0.056512
v -0.013023 -0.008838 0.056512
v -0.013023 -0.008838 0.056512
v -0.013023 -0.008838 0.056512
v -0.013091 -0.008795 0.056509
v -0.013091 -0.008795 0.056509
v -0.013091 -0.008795 0.056509
v -0.013091 -0.008795 0.056509
v -0.013091 -0.008795 0.056509
v -0.013091 -0.008795 0.056509
v -0.013091 -0.008795 0.056509
v -0.013324 -0.009271 0.056385
v -0.013324 -0.009271 0.056385
v -0.013324 -0.009271 0.056385
v -0.013324 -0.009271 0.056385
v -0.013324 -0.009271 0.056385
v -0.013324 -0.009271 0.056385
v -0.013324 -0.009271 0.056385
v -0.014026 -0.006480 0.056673
v -0.014026 -0.006480 0.056673
v -0.014026 -0.006480 0.056673
v -0.014026 -0.006480 0.056673
v -0.014026 -0.006480 0.056673
v -0.014026 -0.006480 0.056673
v -0.014026 -0.006480 0.056673
v -0.014048 -0.008005 0.056480
v -0.014048 -0.008005 0.056480
v -0.014048 -0.008005 0.056480
v -0.014048 -0.008005 0.056480
v -0.014048 -0.008005 0.056480
v -0.013514 -0.007981 0.056576
v -0.013514 -0.007981 0.056576
v -0.013514 -0.007981 0.056576
v -0.013514 -0.007981 0.056576
v -0.013514 -0.007981 0.056576
v -0.013514 -0.007981 0.056576
v -0.014043 -0.008161 0.056455
v -0.014043 -0.008161 0.056455
v -0.014043 -0.008161 0.056455
v -0.014043 -0.008161 0.056455
v -0.014043 -0.008161 0.056455
v -0.014043 -0.008161 0.056455
v -0.013467 -0.008294 0.056534
v -0.013467 -0.008294 0.056534
v -0.013467 -0.008294 0.056534
v -0.013467 -0.008294 0.056534
v -0.013467 -0.008294 0.056534
v -0.013467 -0.008294 0.056534
v -0.013929 -0.008603 0.056400
v -0.013929 -0.008603 0.056400
v -0.013929 -0.008603 0.056400
v -0.013929 -0.008603 0.056400
v -0.013929 -0.008603 0.056400
v -0.013929 -0.008603 0.056400
v -0.013319 -0.008577 0.056511
v -0.013319 -0.008577 0.056511
v -0.013319 -0.008577 0.056511
v -0.013319 -0.008577 0.056511
v -0.013319 -0.008577 0.056511
v -0.013319 -0.008577 0.056511
v -0.013880 -0.008703 0.056391
v -0.013880 -0.008703 0.056391
v -0.013880 -0.008703 0.056391
v -0.013880 -0.008703 0.056391
v -0.013880 -0.008703 0.056391
v -0.013880 -0.008703 0.056391
v -0.013575 -0.009089 0.056375
v -0.013575 -0.009089 0.056375
v -0.013575 -0.009089 0.056375
v -0.013575 -0.009089 0.056375
v -0.013575 -0.009089 0.056375
v -0.012737 -0.009003 0.056511
v -0.012737 -0.009003 0.056511
v -0.012737 -0.009003 0.056511
v -0.012737 -0.009003 0.056511
v -0.012737 -0.009003 0.056511
v -0.011856 -0.009512 0.056508
v -0.011856 -0.009512 0.056508
v -0.011856 -0.009512 0.056508
v -0.011856 -0.009512 0.056508
v -0.011856 -0.009512 0.056508
v -0.011856 -0.009512 0.056508
v -0.009519 -0.010862 0.056501
v -0.009519 -0.010862 0.056501
v -0.009519 -0.010862 0.056501
v -0.009519 -0.010862 0.056501
v -0.009519 -0.010862 0.056501
v -0.010661 -0.010802 0.056430
v -0.010661 -0.010802 0.056430
v -0.010661 -0.010802 0.056430
v -0.010661 -0.010802 0.056430
v -0.010661 -0.010802 0.056430
v -0.008447 -0.011484 0.056398
v -0.008447 -0.011484 0.056398
v -0.008447 -0.011484 0.056398
v -0.008447 -0.011484 0.056398
v -0.008447 -0.011484 0.056398
v -0.008447 -0.011484 0.056398
v -0.008793 -0.011885 0.056302
v -0.008793 -0.011885 0.056302
v -0.008793 -0.011885 0.056302
v -0.008793 -0.011885 0.056302
v -0.008793 -0.011885 0.056302
v -0.008793 -0.011885 0.056302
v -0.005665 -0.013101 0.056131
v -0.005665 -0.013101 0.056131
v -0.005665 -0.013101 0.056131
v -0.005665 -0.013101 0.056131
v -0.005665 -0.013101 0.056131
v -0.005665 -0.013101 0.056131
v -0.007235 -0.012787 0.056196
v -0.007235 -0.012787 0.056196
v -0.007235 -0.012787 0.056196
v -0.007235 -0.012787 0.056196
v -0.007235 -0.012787 0.056196
v -0.006382 -0.013283 0.056094
v -0.006382 -0.013283 0.056094
v -0.006382 -0.013283 0.056094
v -0.006382 -0.013283 0.056094
v -0.006382 -0.013283 0.056094
v -0.005340 -0.013291 0.056072
v -0.005340 -0.013291 0.056072
v -0.005340 -0.013291 0.056072
v -0.005340 -0.013291 0.056072
v -0.005340 -0.013291 0.056072
v -0.005340 -0.013291 0.056072
v -0.005577 -0.013754 0.055956
v -0.005577 -0.013754 0.055956
v -0.005577 -0.013754 0.055956
v -0.005577 -0.013754 0.055956
v -0.005577 -0.013754 0.055956
v -0.005577 -0.013754 0.055956
v -0.002994 -0.015265 0.055513
v -0.002994 -0.015265 0.055513
v -0.002994 -0.015265 0.055513
v -0.002994 -0.015265 0.055513
v 0.000952 -0.016921 0.054652
v 0.000952 -0.016921 0.054652
v 0.000952 -0.016921 0.054652
v 0.000952 -0.016921 0.054652
v 0.000952 -0.016921 0.054652
v 0.000952 -0.016921 0.054652
v 0.000952 -0.016921 0.054652
v 0.000663 -0.016810 0.054727
v 0.000663 -0.016810 0.054727
v 0.000663 -0.016810 0.054727
v 0.000663 -0.016810 0.054727
v 0.000663 -0.016810 0.054727
v 0.000663 -0.016810 0.054727
v 0.000404 -0.017268 0.054592
v 0.000404 -0.017268 0.054592
v 0.000404 -0.017268 0.054592
v 0.000404 -0.017268 0.054592
v 0.000404 -0.017268 0.054592
v 0.000404 -0.017268 0.054592
v 0.000029 -0.016437 0.054900
v 0.000029 -0.016437 0.054900
v 0.000029 -0.016437 0.054900
v 0.000029 -0.016437 0.054900
v 0.000029 -0.016437 0.054900
v 0.000029 -0.016437 0.054900
v -0.001379 -0.016216 0.055078
v -0.001379 -0.016216 0.055078
v -0.001379 -0.016216 0.055078
v -0.001379 -0.016216 0.055078
v -0.001379 -0.016216 0.055078
v -0.001379 -0.016216 0.055078
v 0.000328 -0.017223 0.054617
v 0.000328 -0.017223 0.054617
v 0.000328 -0.017223 0.054617
v 0.000328 -0.017223 0.054617
v 0.000328 -0.017223 0.054617
v 0.002450 -0.016354 0.054595
v 0.002450 -0.016354 0.054595
v 0.002450 -0.016354 0.054595
v 0.002450 -0.016354 0.054595
v 0.002450 -0.016354 0.054595
v 0.002450 -0.016354 0.054595
v 0.002450 -0.016354 0.054595
v 0.001645 -0.016810 0.054599
v 0.001645 -0.016810 0.054599
v 0.001645 -0.016810 0.054599
v 0.001645 -0.016810 0.054599
v 0.001645 -0.016810 0.054599
v 0.001645 -0.016810 0.054599
v 0.001645 -0.016810 0.054599
v 0.001924 -0.017228 0.054407
v 0.001924 -0.017228 0.054407
v 0.001924 -0.017228 0.054407
v 0.001924 -0.017228 0.054407
v 0.001924 -0.017228 0.054407
v 0.000665 -0.017388 0.054516
v 0.000665 -0.017388 0.054516
v 0.000665 -0.017388 0.054516
v 0.000665 -0.017388 0.054516
v 0.000665 -0.017388 0.054516
v 0.001141 -0.017462 0.054427
v 0.001141 -0.017462 0.054427
v 0.001141 -0.017462 0.054427
v 0.001141 -0.017462 0.054427
v 0.001141 -0.017462 0.054427
v 0.001141 -0.017462 0.054427
v 0.001269 -0.016933 0.054607
v 0.001269 -0.016933 0.054607
v 0.001269 -0.016933 0.054607
v 0.001269 -0.016933 0.054607
v 0.001269 -0.016933 0.054607
v 0.001269 -0.016933 0.054607
v 0.001254 -0.017456 0.054414
v 0.001254 -0.017456 0.054414
v 0.001254 -0.017456 0.054414
v 0.001254 -0.017456 0.054414
v 0.001254 -0.017456 0.054414
v 0.001506 -0.016866 0.054598
v 0.001506 -0.016866 0.054598
v 0.001506 -0.016866 0.054598
v 0.001506 -0.016866 0.054598
v 0.001506 -0.016866 0.054598
v 0.001506 -0.016866 0.054598
v 0.001499 -0.017394 0.054405
v 0.001499 -0.017394 0.054405
v 0.001499 -0.017394 0.054405
v 0.001499 -0.017394 0.054405
v 0.001499 -0.017394 0.054405
v 0.001499 -0.017394 0.054405
v 0.001573 -0.016847 0.054596
v 0.001573 -0.016847 0.054596
v 0.001573 -0.016847 0.054596
v 0.001573 -0.016847 0.054596
v 0.001573 -0.016847 0.054596
v 0.001701 -0.017342 0.054397
v 0.001701 -0.017342 0.054397
v 0.001701 -0.017342 0.054397
v 0.001701 -0.017342 0.054397
v 0.001701 -0.017342 0.054397
v 0.001701 -0.017342 0.054397
v 0.001854 -0.017267 0.054403
v 0.001854 -0.017267 0.054403
v 0.001854 -0.017267 0.054403
v 0.001854 -0.017267 0.054403
v 0.001854 -0.017267 0.054403
v 0.008567 -0.013425 0.054144
v 0.008567 -0.013425 0.054144
v 0.008567 -0.013425 0.054144
v 0.008567 -0.013425 0.054144
v 0.008567 -0.013425 0.054144
v 0.008567 -0.013425 0.054144
v 0.008332 -0.012983 0.054293
v 0.008332 -0.012983 0.054293
v 0.008332 -0.012983 0.054293
v 0.008332 -0.012983 0.054293
v 0.008332 -0.012983 0.054293
v 0.008332 -0.012983 0.054293
v 0.008332 -0.012983 0.054293
v 0.007653 -0.013380 0.054396
v 0.007653 -0.013380 0.054396
v 0.007653 -0.013380 0.054396
v 0.007653 -0.013380 0.054396
v 0.007653 -0.013380 0.054396
v 0.007653 -0.013380 0.054396
v 0.005368 -0.015274 0.054425
v 0.005368 -0.015274 0.054425
v 0.005368 -0.015274 0.054425
v 0.005368 -0.015274 0.054425
v 0.005368 -0.015274 0.054425
v 0.005368 -0.015274 0.054425
v 0.003861 -0.016129 0.054417
v 0.003861 -0.016129 0.054417
v 0.003861 -0.016129 0.054417
v 0.003861 -0.016129 0.054417
v 0.003861 -0.016129 0.054417
v 0.005271 -0.015329 0.054424
v 0.005271 -0.015329 0.054424
v 0.005271 -0.015329 0.054424
v 0.005271 -0.015329 0.054424
v 0.005271 -0.015329 0.054424
v 0.005142 -0.014827 0.054583
v 0.005142 -0.014827 0.054583
v 0.005142 -0.014827 0.054583
v 0.005142 -0.014827 0.054583
v 0.005142 -0.014827 0.054583
v 0.005380 -0.014692 0.054582
v 0.005380 -0.014692 0.054582
v 0.005380 -0.014692 0.054582
v 0.005380 -0.014692 0.054582
v 0.008793 -0.013294 0.054125
v 0.008793 -0.013294 0.054125
v 0.008793 -0.013294 0.054125
v 0.008793 -0.013294 0.054125
v 0.008793 -0.013294 0.054125
v 0.009643 -0.012798 0.054006
v 0.009643 -0.012798 0.054006
v 0.009643 -0.012798 0.054006
v 0.009643 -0.012798 0.054006
v 0.009643 -0.012798 0.054006
v 0.011368 -0.011205 0.053833
v 0.011368 -0.011205 0.053833
v 0.011368 -0.011205 0.053833
v 0.011368 -0.011205 0.053833
v 0.011368 -0.011205 0.053833
v 0.011832 -0.011507 0.053583
v 0.011832 -0.011507 0.053583
v 0.011832 -0.011507 0.053583
v 0.011832 -0.011507 0.053583
v 0.011832 -0.011507 0.053583
v 0.011832 -0.011507 0.053583
v 0.011477 -0.011140 0.053806
v 0.011477 -0.011140 0.053806
v 0.011477 -0.011140 0.053806
v 0.011477 -0.011140 0.053806
v 0.011477 -0.011140 0.053806
v 0.011477 -0.011140 0.053806
v 0.013013 -0.010810 0.053354
v 0.013013 -0.010810 0.053354
v 0.013013 -0.010810 0.053354
v 0.013013 -0.010810 0.053354
v 0.013013 -0.010810 0.053354
v 0.014364 -0.009416 0.053093
v 0.014364 -0.009416 0.053093
v 0.014364 -0.009416 0.053093
v 0.014364 -0.009416 0.053093
v 0.014364 -0.009416 0.053093
v 0.013573 -0.010473 0.053193
v 0.013573 -0.010473 0.053193
v 0.013573 -0.010473 0.053193
v 0.013573 -0.010473 0.053193
v 0.013573 -0.010473 0.053193
v 0.014815 -0.009146 0.052982
v 0.014815 -0.009146 0.052982
v 0.014815 -0.009146 0.052982
v 0.014815 -0.009146 0.052982
v 0.014815 -0.009146 0.052982
v 0.015412 -0.009368 0.052664
v 0.015412 -0.009368 0.052664
v 0.015412 -0.009368 0.052664
v 0.015412 -0.009368 0.052664
v 0.015412 -0.009368 0.052664
v 0.015412 -0.009368 0.052664
v 0.015412 -0.009368 0.052664
v 0.014951 -0.009063 0.052939
v 0.014951 -0.009063 0.052939
v 0.014951 -0.009063 0.052939
v 0.014951 -0.009063 0.052939
v 0.014951 -0.009063 0.052939
v 0.015845 -0.006610 0.052906
v 0.015845 -0.006610 0.052906
v 0.015845 -0.006610 0.052906
v 0.015845 -0.006610 0.052906
v 0.015845 -0.006610 0.052906
v 0.015845 -0.006610 0.052906
v 0.015845 -0.006610 0.052906
v 0.015818 -0.007978 0.052756
v 0.015818 -0.007978 0.052756
v 0.015818 -0.007978 0.052756
v 0.015818 -0.007978 0.052756
v 0.015818 -0.007978 0.052756
v 0.016302 -0.008003 0.052522
v 0.016302 -0.008003 0.052522
v 0.016302 -0.008003 0.052522
v 0.016302 -0.008003 0.052522
v 0.016302 -0.008003 0.052522
v 0.016302 -0.008003 0.052522
v 0.015813 -0.008055 0.052745
v 0.015813 -0.008055 0.052745
v 0.015813 -0.008055 0.052745
v 0.015813 -0.008055 0.052745
v 0.015813 -0.008055 0.052745
v 0.015813 -0.008055 0.052745
v 0.016277 -0.008238 0.052490
v 0.016277 -0.008238 0.052490
v 0.016277 -0.008238 0.052490
v 0.016277 -0.008238 0.052490
v 0.016277 -0.008238 0.052490
v 0.016277 -0.008238 0.052490
v 0.015733 -0.008361 0.052726
v 0.015733 -0.008361 0.052726
v 0.015733 -0.008361 0.052726
v 0.015733 -0.008361 0.052726
v 0.015733 -0.008361 0.052726
v 0.015733 -0.008361 0.052726
v 0.015733 -0.008361 0.052726
v 0.015327 -0.008835 0.052820
v 0.015327 -0.008835 0.052820
v 0.015327 -0.008835 0.052820
v 0.015327 -0.008835 0.052820
v 0.015327 -0.008835 0.052820
v 0.015579 -0.009268 0.052616
v 0.015579 -0.009268 0.052616
v 0.015579 -0.009268 0.052616
v 0.015579 -0.009268 0.052616
v 0.015579 -0.009268 0.052616
v 0.015579 -0.009268 0.052616
v 0.015565 -0.008632 0.052752
v 0.015565 -0.008632 0.052752
v 0.015565 -0.008632 0.052752
v 0.015565 -0.008632 0.052752
v 0.015565 -0.008632 0.052752
v 0.015565 -0.008632 0.052752
v 0.015915 -0.008987 0.052515
v 0.015915 -0.008987 0.052515
v 0.015915 -0.008987 0.052515
v 0.015915 -0.008987 0.052515
v 0.015915 -0.008987 0.052515
v 0.015915 -0.008987 0.052515
v 0.016161 -0.008607 0.052473
v 0.016161 -0.008607 0.052473
v 0.016161 -0.008607 0.052473
v 0.016161 -0.008607 0.052473
v 0.016161 -0.008607 0.052473
v 0.016358 -0.005535 0.052842
v 0.016358 -0.005535 0.052842
v 0.016358 -0.005535 0.052842
v 0.016358 -0.005535 0.052842
v 0.016358 -0.005535 0.052842
v 0.016363 -0.005320 0.052870
v 0.016363 -0.005320 0.052870
v 0.016363 -0.005320 0.052870
v 0.016363 -0.005320 0.052870
v 0.016363 -0.005320 0.052870
v 0.015874 -0.005184 0.053062
v 0.015874 -0.005184 0.053062
v 0.015874 -0.005184 0.053062
v 0.015874 -0.005184 0.053062
v 0.015874 -0.005184 0.053062
v 0.016371 -0.004945 0.052919
v 0.016371 -0.004945 0.052919
v 0.016371 -0.004945 0.052919
v 0.016371 -0.004945 0.052919
v 0.016371 -0.004945 0.052919
v 0.016371 -0.004945 0.052919
v 0.015902 -0.003779 0.053215
v 0.015902 -0.003779 0.053215
v 0.015902 -0.003779 0.053215
v 0.015902 -0.003779 0.053215
v 0.015920 -0.001324 0.053321
v 0.015920 -0.001324 0.053321
v 0.015920 -0.001324 0.053321
v 0.015920 -0.001324 0.053321
v 0.015920 -0.001324 0.053321
v 0.015920 -0.001324 0.053321
v 0.016404 -0.001372 0.053110
v 0.016404 -0.001372 0.053110
v 0.016404 -0.001372 0.053110
v 0.016404 -0.001372 0.053110
v 0.016404 -0.001372 0.053110
v 0.016404 -0.001372 0.053110
v 0.015921 -0.001288 0.053323
v 0.015921 -0.001288 0.053323
v 0.015921 -0.001288 0.053323
v 0.015921 -0.001288 0.053323
v 0.015921 -0.001288 0.053323
v 0.015921 -0.001288 0.053323
v 0.015327 0.008829 0.052821
v 0.015327 0.008829 0.052821
v 0.015327 0.008829 0.052821
v 0.015327 0.008829 0.052821
v 0.015327 0.008829 0.052821
v 0.015389 0.008788 0.052801
v 0.015389 0.008788 0.052801
v 0.015389 0.008788 0.052801
v 0.015389 0.008788 0.052801
v 0.015389 0.008788 0.052801
v 0.015389 0.008788 0.052801
v 0.015389 0.008788 0.052801
v 0.015579 0.009262 0.052617
v 0.015579 0.009262 0.052617
v 0.015579 0.009262 0.052617
v 0.015579 0.009262 0.052617
v 0.015579 0.009262 0.052617
v 0.015579 0.009262 0.052617
v 0.015818 0.007971 0.052757
v 0.015818 0.007971 0.052757
v 0.015818 0.007971 0.052757
v 0.015818 0.007971 0.052757
v 0.015818 0.007971 0.052757
v 0.015818 0.007971 0.052757
v 0.015818 0.007971 0.052757
v 0.015818 0.007971 0.052757
v 0.016289 0.008159 0.052499
v 0.016289 0.008159 0.052499
v 0.016289 0.008159 0.052499
v 0.016289 0.008159 0.052499
v 0.016289 0.008159 0.052499
v 0.016289 0.008159 0.052499
v 0.015760 0.008285 0.052727
v 0.015760 0.008285 0.052727
v 0.015760 0.008285 0.052727
v 0.015760 0.008285 0.052727
v 0.015760 0.008285 0.052727
v 0.015760 0.008285 0.052727
v 0.016161 0.008601 0.052474
v 0.016161 0.008601 0.052474
v 0.016161 0.008601 0.052474
v 0.016161 0.008601 0.052474
v 0.016161 0.008601 0.052474
v 0.016161 0.008601 0.052474
v 0.015610 0.008569 0.052743
v 0.015610 0.008569 0.052743
v 0.015610 0.008569 0.052743
v 0.015610 0.008569 0.052743
v 0.015610 0.008569 0.052743
v 0.015610 0.008569 0.052743
v 0.016110 0.008702 0.052478
v 0.016110 0.008702 0.052478
v 0.016110 0.008702 0.052478
v 0.016110 0.008702 0.052478
v 0.016110 0.008702 0.052478
v 0.016110 0.008702 0.052478
v 0.015811 0.009086 0.052543
v 0.015811 0.009086 0.052543
v 0.015811 0.009086 0.052543
v 0.015811 0.009086 0.052543
v 0.015811 0.009086 0.052543
v 0.015839 0.007195 0.052873
v 0.015839 0.007195 0.052873
v 0.015839 0.007195 0.052873
v 0.015839 0.007195 0.052873
v 0.015839 0.007195 0.052873
v 0.016333 0.006530 0.052699
v 0.016333 0.006530 0.052699
v 0.016333 0.006530 0.052699
v 0.016333 0.006530 0.052699
v 0.016333 0.006530 0.052699
v 0.016333 0.006530 0.052699
v 0.016333 0.006530 0.052699
v 0.016305 0.007902 0.052539
v 0.016305 0.007902 0.052539
v 0.016305 0.007902 0.052539
v 0.016305 0.007902 0.052539
v 0.016305 0.007902 0.052539
v 0.016302 0.007996 0.052523
v 0.016302 0.007996 0.052523
v 0.016302 0.007996 0.052523
v 0.016302 0.007996 0.052523
v 0.016302 0.007996 0.052523
v 0.016358 0.005308 0.052842
v 0.016358 0.005308 0.052842
v 0.016358 0.005308 0.052842
v 0.016358 0.005308 0.052842
v 0.016358 0.005308 0.052842
v 0.016385 0.003971 0.052998
v 0.016385 0.003971 0.052998
v 0.016385 0.003971 0.052998
v 0.016385 0.003971 0.052998
v 0.016385 0.003971 0.052998
v 0.015909 0.003076 0.053257
v 0.015909 0.003076 0.053257
v 0.015909 0.003076 0.053257
v 0.015909 0.003076 0.053257
v 0.015909 0.003076 0.053257
v 0.016394 0.002425 0.053053
v 0.016394 0.002425 0.053053
v 0.016394 0.002425 0.053053
v 0.016394 0.002425 0.053053
v 0.016394 0.002425 0.053053
v 0.016394 0.002425 0.053053
v 0.015911 0.002341 0.053268
v 0.015911 0.002341 0.053268
v 0.015911 0.002341 0.053268
v 0.015911 0.002341 0.053268
v 0.015911 0.002341 0.053268
v 0.015911 0.002341 0.053268
v 0.016409 0.000007 0.053139
v 0.016409 0.000007 0.053139
v 0.016409 0.000007 0.053139
v 0.016409 0.000007 0.053139
v 0.016409 0.000007 0.053139
v 0.016407 -0.000985 0.053131
v 0.016407 -0.000985 0.053131
v 0.016407 -0.000985 0.053131
v 0.016407 -0.000985 0.053131
v 0.016407 -0.000985 0.053131
v 0.011807 0.010939 0.053745
v 0.011807 0.010939 0.053745
v 0.011807 0.010939 0.053745
v 0.011807 0.010939 0.053745
v 0.011807 0.010939 0.053745
v 0.011807 0.010939 0.053745
v 0.014386 0.009978 0.052960
v 0.014386 0.009978 0.052960
v 0.014386 0.009978 0.052960
v 0.014386 0.009978 0.052960
v 0.014386 0.009978 0.052960
v 0.014386 0.009978 0.052960
v 0.013573 0.010467 0.053194
v 0.013573 0.010467 0.053194
v 0.013573 0.010467 0.053194
v 0.013573 0.010467 0.053194
v 0.013573 0.010467 0.053194
v 0.013013 0.010804 0.053355
v 0.013013 0.010804 0.053355
v 0.013013 0.010804 0.053355
v 0.013013 0.010804 0.053355
v 0.013013 0.010804 0.053355
v 0.010603 0.011649 0.053963
v 0.010603 0.011649 0.053963
v 0.010603 0.011649 0.053963
v 0.010603 0.011649 0.053963
v 0.010603 0.011649 0.053963
v 0.010603 0.011649 0.053963
v 0.010918 0.012039 0.053760
v 0.010918 0.012039 0.053760
v 0.010918 0.012039 0.053760
v 0.010918 0.012039 0.053760
v 0.010918 0.012039 0.053760
v 0.010918 0.012039 0.053760
v 0.009664 0.012202 0.054133
v 0.009664 0.012202 0.054133
v 0.009664 0.012202 0.054133
v 0.009664 0.012202 0.054133
v 0.009664 0.012202 0.054133
v 0.009643 0.012791 0.054007
v 0.009643 0.012791 0.054007
v 0.009643 0.012791 0.054007
v 0.009643 0.012791 0.054007
v 0.009643 0.012791 0.054007
v 0.009643 0.012791 0.054007
v 0.007467 0.013477 0.054376
v 0.007467 0.013477 0.054376
v 0.007467 0.013477 0.054376
v 0.007467 0.013477 0.054376
v 0.007467 0.013477 0.054376
v 0.007467 0.013477 0.054376
v 0.007467 0.013477 0.054376
v 0.008793 0.013288 0.054125
v 0.008793 0.013288 0.054125
v 0.008793 0.013288 0.054125
v 0.008793 0.013288 0.054125
v 0.007674 0.013934 0.054223
v 0.007674 0.013934 0.054223
v 0.007674 0.013934 0.054223
v 0.007674 0.013934 0.054223
v 0.007674 0.013934 0.054223
v 0.007674 0.013934 0.054223
v 0.005862 0.014408 0.054554
v 0.005862 0.014408 0.054554
v 0.005862 0.014408 0.054554
v 0.005862 0.014408 0.054554
v 0.005862 0.014408 0.054554
v 0.005368 0.015268 0.054426
v 0.005368 0.015268 0.054426
v 0.005368 0.015268 0.054426
v 0.005368 0.015268 0.054426
v 0.005368 0.015268 0.054426
v 0.004168 0.015373 0.054587
v 0.004168 0.015373 0.054587
v 0.004168 0.015373 0.054587
v 0.004168 0.015373 0.054587
v 0.004168 0.015373 0.054587
v 0.004168 0.015373 0.054587
v 0.004168 0.015373 0.054587
v 0.004268 0.015892 0.054420
v 0.004268 0.015892 0.054420
v 0.004268 0.015892 0.054420
v 0.004268 0.015892 0.054420
v 0.003861 0.016123 0.054418
v 0.003861 0.016123 0.054418
v 0.003861 0.016123 0.054418
v 0.003861 0.016123 0.054418
v 0.003861 0.016123 0.054418
v 0.003861 0.016123 0.054418
v 0.003861 0.016123 0.054418
v 0.002240 0.016470 0.054624
v 0.002240 0.016470 0.054624
v 0.002240 0.016470 0.054624
v 0.002240 0.016470 0.054624
v 0.002218 0.016483 0.054624
v 0.002218 0.016483 0.054624
v 0.002218 0.016483 0.054624
v 0.002218 0.016483 0.054624
v 0.002218 0.016483 0.054624
v 0.001924 0.017221 0.054408
v 0.001924 0.017221 0.054408
v 0.001924 0.017221 0.054408
v 0.001924 0.017221 0.054408
v 0.001924 0.017221 0.054408
v 0.001924 0.017221 0.054408
v 0.001645 0.016803 0.054600
v 0.001645 0.016803 0.054600
v 0.001645 0.016803 0.054600
v 0.001645 0.016803 0.054600
v 0.001645 0.016803 0.054600
v 0.001645 0.016803 0.054600
v 0.001645 0.016803 0.054600
v 0.001854 0.017261 0.054404
v 0.001854 0.017261 0.054404
v 0.001854 0.017261 0.054404
v 0.001854 0.017261 0.054404
v 0.001854 0.017261 0.054404
v 0.001632 0.017363 0.054397
v 0.001632 0.017363 0.054397
v 0.001632 0.017363 0.054397
v 0.001632 0.017363 0.054397
v 0.001632 0.017363 0.054397
v 0.001632 0.017363 0.054397
v 0.001344 0.016915 0.054602
v 0.001344 0.016915 0.054602
v 0.001344 0.016915 0.054602
v 0.001344 0.016915 0.054602
v 0.001344 0.016915 0.054602
v 0.001344 0.016915 0.054602
v 0.001254 0.017449 0.054415
v 0.001254 0.017449 0.054415
v 0.001254 0.017449 0.054415
v 0.001254 0.017449 0.054415
v 0.001254 0.017449 0.054415
v 0.001254 0.017449 0.054415
v 0.001025 0.016926 0.054640
v 0.001025 0.016926 0.054640
v 0.001025 0.016926 0.054640
v 0.001025 0.016926 0.054640
v 0.001025 0.016926 0.054640
v 0.001025 0.016926 0.054640
v 0.000806 0.017421 0.054484
v 0.000806 0.017421 0.054484
v 0.000806 0.017421 0.054484
v 0.000806 0.017421 0.054484
v 0.000806 0.017421 0.054484
v 0.000806 0.017421 0.054484
v 0.000729 0.016839 0.054707
v 0.000729 0.016839 0.054707
v 0.000729 0.016839 0.054707
v 0.000729 0.016839 0.054707
v 0.000729 0.016839 0.054707
v 0.000729 0.016839 0.054707
v 0.000404 0.017261 0.054593
v 0.000404 0.017261 0.054593
v 0.000404 0.017261 0.054593
v 0.000404 0.017261 0.054593
v 0.000404 0.017261 0.054593
v 0.000663 0.016803 0.054728
v 0.000663 0.016803 0.054728
v 0.000663 0.016803 0.054728
v 0.000663 0.016803 0.054728
v 0.000663 0.016803 0.054728
v 0.000663 0.016803 0.054728
v 0.000366 0.017239 0.054606
v 0.000366 0.017239 0.054606
v 0.000366 0.017239 0.054606
v 0.000366 0.017239 0.054606
v 0.000366 0.017239 0.054606
v 0.000366 0.017239 0.054606
v 0.000429 0.016666 0.054788
v 0.000429 0.016666 0.054788
v 0.000429 0.016666 0.054788
v 0.000429 0.016666 0.054788
v 0.000429 0.016666 0.054788
v 0.000328 0.017216 0.054618
v 0.000328 0.017216 0.054618
v 0.000328 0.017216 0.054618
v 0.000328 0.017216 0.054618
v 0.000328 0.017216 0.054618
v -0.000037 0.016393 0.054909
v -0.000037 0.016393 0.054909
v -0.000037 0.016393 0.054909
v -0.000037 0.016393 0.054909
v -0.000037 0.016393 0.054909
v -0.000037 0.016393 0.054909
v -0.001380 0.016210 0.055079
v -0.001380 0.016210 0.055079
v -0.001380 0.016210 0.055079
v -0.001380 0.016210 0.055079
v -0.001380 0.016210 0.055079
v -0.001380 0.016210 0.055079
v -0.002918 0.014700 0.055659
v -0.002918 0.014700 0.055659
v -0.002918 0.014700 0.055659
v -0.002918 0.014700 0.055659
v -0.002918 0.014700 0.055659
v -0.002994 0.015258 0.055514
v -0.002994 0.015258 0.055514
v -0.002994 0.015258 0.055514
v -0.002994 0.015258 0.055514
v -0.002994 0.015258 0.055514
v -0.003070 0.014611 0.055686
v -0.003070 0.014611 0.055686
v -0.003070 0.014611 0.055686
v -0.003070 0.014611 0.055686
v -0.003070 0.014611 0.055686
v -0.003070 0.014611 0.055686
v -0.003227 0.015122 0.055554
v -0.003227 0.015122 0.055554
v -0.003227 0.015122 0.055554
v -0.003227 0.015122 0.055554
v -0.003227 0.015122 0.055554
v -0.005208 0.013361 0.056066
v -0.005208 0.013361 0.056066
v -0.005208 0.013361 0.056066
v -0.005208 0.013361 0.056066
v -0.005208 0.013361 0.056066
v -0.006382 0.013277 0.056095
v -0.006382 0.013277 0.056095
v -0.006382 0.013277 0.056095
v -0.006382 0.013277 0.056095
v -0.006382 0.013277 0.056095
v -0.006382 0.013277 0.056095
v -0.006184 0.012794 0.056170
v -0.006184 0.012794 0.056170
v -0.006184 0.012794 0.056170
v -0.006184 0.012794 0.056170
v -0.006184 0.012794 0.056170
v -0.006184 0.012794 0.056170
v -0.006184 0.012794 0.056170
v -0.006448 0.013238 0.056103
v -0.006448 0.013238 0.056103
v -0.006448 0.013238 0.056103
v -0.006448 0.013238 0.056103
v -0.006448 0.013238 0.056103
v -0.007235 0.012780 0.056197
v -0.007235 0.012780 0.056197
v -0.007235 0.012780 0.056197
v -0.007235 0.012780 0.056197
v -0.007235 0.012780 0.056197
v -0.009039 0.011133 0.056475
v -0.009039 0.011133 0.056475
v -0.009039 0.011133 0.056475
v -0.009039 0.011133 0.056475
v -0.009039 0.011133 0.056475
v -0.009705 0.011350 0.056365
v -0.009705 0.011350 0.056365
v -0.009705 0.011350 0.056365
v -0.009705 0.011350 0.056365
v -0.009705 0.011350 0.056365
v -0.009705 0.011350 0.056365
v -0.009315 0.010974 0.056477
v -0.009315 0.010974 0.056477
v -0.009315 0.010974 0.056477
v -0.009315 0.010974 0.056477
v -0.009315 0.010974 0.056477
v -0.009315 0.010974 0.056477
v -0.010661 0.010796 0.056430
v -0.010661 0.010796 0.056430
v -0.010661 0.010796 0.056430
v -0.010661 0.010796 0.056430
v -0.010661 0.010796 0.056430
v -0.012722 0.009006 0.056509
v -0.012722 0.009006 0.056509
v -0.012722 0.009006 0.056509
v -0.012722 0.009006 0.056509
v -0.012722 0.009006 0.056509
v -0.011929 0.010066 0.056409
v -0.011929 0.010066 0.056409
v -0.011929 0.010066 0.056409
v -0.011929 0.010066 0.056409
v -0.011929 0.010066 0.056409
v -0.011929 0.010066 0.056409
v -0.013324 0.009264 0.056386
v -0.013324 0.009264 0.056386
v -0.013324 0.009264 0.056386
v -0.013324 0.009264 0.056386
v -0.013324 0.009264 0.056386
v -0.013511 0.007676 0.056609
v -0.013511 0.007676 0.056609
v -0.013511 0.007676 0.056609
v -0.013511 0.007676 0.056609
v -0.013511 0.007676 0.056609
v -0.013511 0.007676 0.056609
v -0.013514 0.007974 0.056576
v -0.013514 0.007974 0.056576
v -0.013514 0.007974 0.056576
v -0.013514 0.007974 0.056576
v -0.013514 0.007974 0.056576
v -0.013514 0.007974 0.056576
v -0.014046 0.007906 0.056496
v -0.014046 0.007906 0.056496
v -0.014046 0.007906 0.056496
v -0.014046 0.007906 0.056496
v -0.014046 0.007906 0.056496
v -0.014048 0.007999 0.056481
v -0.014048 0.007999 0.056481
v -0.014048 0.007999 0.056481
v -0.014048 0.007999 0.056481
v -0.014048 0.007999 0.056481
v -0.014048 0.007999 0.056481
v -0.013512 0.008052 0.056565
v -0.013512 0.008052 0.056565
v -0.013512 0.008052 0.056565
v -0.013512 0.008052 0.056565
v -0.013512 0.008052 0.056565
v -0.013512 0.008052 0.056565
v -0.014034 0.008230 0.056445
v -0.014034 0.008230 0.056445
v -0.014034 0.008230 0.056445
v -0.014034 0.008230 0.056445
v -0.014034 0.008230 0.056445
v -0.014034 0.008230 0.056445
v -0.013441 0.008357 0.056527
v -0.013441 0.008357 0.056527
v -0.013441 0.008357 0.056527
v -0.013441 0.008357 0.056527
v -0.013441 0.008357 0.056527
v -0.013441 0.008357 0.056527
v -0.013441 0.008357 0.056527
v -0.013929 0.008596 0.056400
v -0.013929 0.008596 0.056400
v -0.013929 0.008596 0.056400
v -0.013929 0.008596 0.056400
v -0.013929 0.008596 0.056400
v -0.013681 0.008977 0.056376
v -0.013681 0.008977 0.056376
v -0.013681 0.008977 0.056376
v -0.013681 0.008977 0.056376
v -0.013681 0.008977 0.056376
v -0.013681 0.008977 0.056376
v -0.013271 0.008629 0.056509
v -0.013271 0.008629 0.056509
v -0.013271 0.008629 0.056509
v -0.013271 0.008629 0.056509
v -0.013271 0.008629 0.056509
v -0.013271 0.008629 0.056509
v -0.013023 0.008832 0.056512
v -0.013023 0.008832 0.056512
v -0.013023 0.008832 0.056512
v -0.013023 0.008832 0.056512
v -0.014026 0.006354 0.056673
v -0.014026 0.006354 0.056673
v -0.014026 0.006354 0.056673
v -0.014026 0.006354 0.056673
v -0.014026 0.006354 0.056673
v -0.014011 0.005206 0.056804
v -0.014011 0.005206 0.056804
v -0.014011 0.005206 0.056804
v -0.014011 0.005206 0.056804
v -0.014011 0.005206 0.056804
v -0.014011 0.005206 0.056804
v -0.013480 0.005029 0.056898
v -0.013480 0.005029 0.056898
v -0.013480 0.005029 0.056898
v -0.013480 0.005029 0.056898
v -0.013480 0.005029 0.056898
v -0.013468 0.003945 0.057016
v -0.013468 0.003945 0.057016
v -0.013468 0.003945 0.057016
v -0.013468 0.003945 0.057016
v -0.013468 0.003945 0.057016
v -0.013995 0.003971 0.056945
v -0.013995 0.003971 0.056945
v -0.013995 0.003971 0.056945
v -0.013995 0.003971 0.056945
v -0.013995 0.003971 0.056945
v -0.013459 0.001295 0.057091
v -0.013459 0.001295 0.057091
v -0.013459 0.001295 0.057091
v -0.013459 0.001295 0.057091
v -0.013459 0.001295 0.057091
v -0.013459 0.001295 0.057091
v -0.013984 0.001335 0.057037
v -0.013984 0.001335 0.057037
v -0.013984 0.001335 0.057037
v -0.013984 0.001335 0.057037
v -0.013984 0.001335 0.057037
v -0.013984 0.001335 0.057037
v -0.013453 -0.000578 0.057144
v -0.013453 -0.000578 0.057144
v -0.013453 -0.000578 0.057144
v -0.013453 -0.000578 0.057144
v -0.013453 -0.000578 0.057144
v -0.013453 -0.000578 0.057144
v -0.013978 0.000006 0.057083
v -0.013978 0.000006 0.057083
v -0.013978 0.000006 0.057083
v -0.013978 0.000006 0.057083
v -0.013978 0.000006 0.057083
v -0.013979 -0.000986 0.057075
v -0.013979 -0.000986 0.057075
v -0.013979 -0.000986 0.057075
v -0.013979 -0.000986 0.057075
v -0.013979 -0.000986 0.057075
v -0.013462 -0.002294 0.057064
v -0.013462 -0.002294 0.057064
v -0.013462 -0.002294 0.057064
v -0.013462 -0.002294 0.057064
v -0.013462 -0.002294 0.057064
v -0.013462 -0.002294 0.057064
v -0.013988 -0.002368 0.057002
v -0.013988 -0.002368 0.057002
v -0.013988 -0.002368 0.057002
v -0.013988 -0.002368 0.057002
v -0.013988 -0.002368 0.057002
v -0.013988 -0.002368 0.057002
v -0.013476 -0.004932 0.056941
v -0.013476 -0.004932 0.056941
v -0.013476 -0.004932 0.056941
v -0.013476 -0.004932 0.056941
v -0.013476 -0.004932 0.056941
v -0.014004 -0.004947 0.056867
v -0.014004 -0.004947 0.056867
v -0.014004 -0.004947 0.056867
v -0.014004 -0.004947 0.056867
v -0.014004 -0.004947 0.056867
v -0.013491 -0.006137 0.056796
v -0.013491 -0.006137 0.056796
v -0.013491 -0.006137 0.056796
v -0.013491 -0.006137 0.056796
v -0.013491 -0.006137 0.056796
v -0.013491 -0.006137 0.056796
v -0.013491 -0.006137 0.056796
v -0.013511 -0.007708 0.056609
v -0.013511 -0.007708 0.056609
v -0.013511 -0.007708 0.056609
v -0.013511 -0.007708 0.056609
v -0.014024 -0.006354 0.056689
v -0.014024 -0.006354 0.056689
v -0.014024 -0.006354 0.056689
v -0.014024 -0.006354 0.056689
v -0.007101 -0.002322 0.057858
v -0.007101 -0.002322 0.057858
v -0.007101 -0.002322 0.057858
v -0.007101 -0.002322 0.057858
v -0.007110 -0.002316 0.057795
v -0.007110 -0.002316 0.057795
v -0.007110 -0.002316 0.057795
v -0.007110 -0.002316 0.057795
v -0.007110 -0.002316 0.057795
v -0.007110 -0.002316 0.057795
v -0.007110 -0.002357 0.057794
v -0.007110 -0.002357 0.057794
v -0.007110 -0.002357 0.057794
v -0.007110 -0.002357 0.057794
v -0.007110 -0.002357 0.057794
v -0.007110 -0.002357 0.057794
v -0.007110 -0.002357 0.057794
v -0.007113 -0.002898 0.057776
v -0.007113 -0.002898 0.057776
v -0.007113 -0.002898 0.057776
v -0.007113 -0.002898 0.057776
v -0.007113 -0.002898 0.057776
v -0.007113 -0.002898 0.057776
v -0.007104 -0.002898 0.057839
v -0.007104 -0.002898 0.057839
v -0.007104 -0.002898 0.057839
v -0.007104 -0.002898 0.057839
v -0.007104 -0.002898 0.057839
v -0.007104 -0.002898 0.057839
v -0.007101 -0.002448 0.057854
v -0.007101 -0.002448 0.057854
v -0.007101 -0.002448 0.057854
v -0.007101 -0.002448 0.057854
v -0.007101 -0.002448 0.057854
v -0.007060 -0.003162 0.057828
v -0.007060 -0.003162 0.057828
v -0.007060 -0.003162 0.057828
v -0.007060 -0.003162 0.057828
v -0.007070 -0.003162 0.057762
v -0.007070 -0.003162 0.057762
v -0.007070 -0.003162 0.057762
v -0.007070 -0.003162 0.057762
v -0.007070 -0.003162 0.057762
v -0.007038 -0.003202 0.057826
v -0.007038 -0.003202 0.057826
v -0.007038 -0.003202 0.057826
v -0.007038 -0.003202 0.057826
v -0.007038 -0.003202 0.057826
v -0.007038 -0.003202 0.057826
v -0.007038 -0.003202 0.057826
v -0.007048 -0.003202 0.057760
v -0.007048 -0.003202 0.057760
v -0.007048 -0.003202 0.057760
v -0.007048 -0.003202 0.057760
v -0.007048 -0.003202 0.057760
v -0.007048 -0.003202 0.057760
v -0.006932 -0.003395 0.057816
v -0.006932 -0.003395 0.057816
v -0.006932 -0.003395 0.057816
v -0.006932 -0.003395 0.057816
v -0.006941 -0.003395 0.057753
v -0.006941 -0.003395 0.057753
v -0.006941 -0.003395 0.057753
v -0.006941 -0.003395 0.057753
v -0.006941 -0.003395 0.057753
v -0.006864 -0.003457 0.057811
v -0.006864 -0.003457 0.057811
v -0.006864 -0.003457 0.057811
v -0.006864 -0.003457 0.057811
v -0.006864 -0.003457 0.057811
v -0.006864 -0.003457 0.057811
v -0.006872 -0.003457 0.057752
v -0.006872 -0.003457 0.057752
v -0.006872 -0.003457 0.057752
v -0.006872 -0.003457 0.057752
v -0.006872 -0.003457 0.057752
v -0.006872 -0.003457 0.057752
v -0.006734 -0.003574 0.057803
v -0.006734 -0.003574 0.057803
v -0.006734 -0.003574 0.057803
v -0.006734 -0.003574 0.057803
v -0.006734 -0.003574 0.057803
v -0.006742 -0.003574 0.057751
v -0.006742 -0.003574 0.057751
v -0.006742 -0.003574 0.057751
v -0.006742 -0.003574 0.057751
v -0.006742 -0.003574 0.057751
v -0.006606 -0.003627 0.057798
v -0.006606 -0.003627 0.057798
v -0.006606 -0.003627 0.057798
v -0.006606 -0.003627 0.057798
v -0.006606 -0.003627 0.057798
v -0.006613 -0.003627 0.057753
v -0.006613 -0.003627 0.057753
v -0.006613 -0.003627 0.057753
v -0.006613 -0.003627 0.057753
v -0.006613 -0.003627 0.057753
v -0.006613 -0.003627 0.057753
v -0.006487 -0.003677 0.057793
v -0.006487 -0.003677 0.057793
v -0.006487 -0.003677 0.057793
v -0.006487 -0.003677 0.057793
v -0.006487 -0.003677 0.057793
v -0.006492 -0.003677 0.057755
v -0.006492 -0.003677 0.057755
v -0.006492 -0.003677 0.057755
v -0.006492 -0.003677 0.057755
v -0.006492 -0.003677 0.057755
v -0.006492 -0.003677 0.057755
v -0.006303 -0.003698 0.057786
v -0.006303 -0.003698 0.057786
v -0.006303 -0.003698 0.057786
v -0.006303 -0.003698 0.057786
v -0.006303 -0.003698 0.057786
v -0.006307 -0.003698 0.057761
v -0.006307 -0.003698 0.057761
v -0.006307 -0.003698 0.057761
v -0.006307 -0.003698 0.057761
v -0.006307 -0.003698 0.057761
v -0.006307 -0.003698 0.057761
v -0.004416 -0.003698 0.057691
v -0.004416 -0.003698 0.057691
v -0.004416 -0.003698 0.057691
v -0.004416 -0.003698 0.057691
v -0.004416 -0.003698 0.057691
v -0.004416 -0.003698 0.057691
v -0.004416 -0.003698 0.057691
v -0.004416 -0.003698 0.057691
v -0.004416 -0.003698 0.057691
v -0.000720 -0.003698 0.057390
v -0.000720 -0.003698 0.057390
v -0.000720 -0.003698 0.057390
v -0.000720 -0.003698 0.057390
v -0.000720 -0.003698 0.057390
v -0.000720 -0.003698 0.057390
v -0.000720 -0.003698 0.057390
v -0.000162 -0.003698 0.057331
v -0.000162 -0.003698 0.057331
v -0.000162 -0.003698 0.057331
v -0.000162 -0.003698 0.057331
v -0.000162 -0.003698 0.057331
v -0.000160 -0.003698 0.057355
v -0.000160 -0.003698 0.057355
v -0.000160 -0.003698 0.057355
v -0.000160 -0.003698 0.057355
v -0.001837 -0.003698 0.057506
v -0.001837 -0.003698 0.057506
v -0.001837 -0.003698 0.057506
v -0.001837 -0.003698 0.057506
v -0.001837 -0.003698 0.057506
v -0.001837 -0.003698 0.057506
v -0.001837 -0.003698 0.057506
v -0.002953 -0.003698 0.057606
v -0.002953 -0.003698 0.057606
v -0.002953 -0.003698 0.057606
v -0.002953 -0.003698 0.057606
v -0.002953 -0.003698 0.057606
v -0.003227 -0.003698 0.057631
v -0.003227 -0.003698 0.057631
v -0.003227 -0.003698 0.057631
v -0.000165 0.004374 0.057322
v -0.000165 0.004374 0.057322
v -0.000165 0.004374 0.057322
v -0.000165 0.004374 0.057322
v -0.000167 0.004374 0.057295
v -0.000167 0.004374 0.057295
v -0.000167 0.004374 0.057295
v -0.000167 0.004374 0.057295
v -0.000167 0.004374 0.057295
v -0.000167 0.004374 0.057295
v -0.001032 0.004374 0.057384
v -0.001032 0.004374 0.057384
v -0.001032 0.004374 0.057384
v -0.001032 0.004374 0.057384
v -0.001032 0.004374 0.057384
v -0.001032 0.004374 0.057384
v -0.001805 0.004374 0.057484
v -0.001805 0.004374 0.057484
v -0.001805 0.004374 0.057484
v -0.001805 0.004374 0.057484
v -0.001805 0.004374 0.057484
v -0.001805 0.004374 0.057484
v -0.001855 0.004374 0.057460
v -0.001855 0.004374 0.057460
v -0.001855 0.004374 0.057460
v -0.001855 0.004374 0.057460
v -0.001855 0.004374 0.057460
v -0.001855 0.004374 0.057460
v -0.001851 0.004374 0.057488
v -0.001851 0.004374 0.057488
v -0.001851 0.004374 0.057488
v -0.001851 0.004374 0.057488
v -0.001851 0.004374 0.057488
v -0.001838 0.001287 0.057582
v -0.001838 0.001287 0.057582
v -0.001838 0.001287 0.057582
v -0.001838 0.001287 0.057582
v -0.001836 0.001287 0.057591
v -0.001836 0.001287 0.057591
v -0.001836 0.001287 0.057591
v -0.001836 0.001287 0.057591
v -0.001836 0.001287 0.057591
v -0.001843 0.002595 0.057548
v -0.001843 0.002595 0.057548
v -0.001843 0.002595 0.057548
v -0.001843 0.002595 0.057548
v -0.001843 0.002595 0.057548
v -0.001843 0.002595 0.057548
v -0.001843 0.002595 0.057548
v -0.001843 0.002595 0.057548
v -0.001846 0.002847 0.057526
v -0.001846 0.002847 0.057526
v -0.001846 0.002847 0.057526
v -0.001846 0.002847 0.057526
v -0.001846 0.002847 0.057526
v -0.001846 0.002847 0.057526
v -0.001846 0.002847 0.057526
v -0.001846 0.002847 0.057526
v -0.001840 0.001287 0.057564
v -0.001840 0.001287 0.057564
v -0.001840 0.001287 0.057564
v -0.001840 0.001287 0.057564
v -0.001840 0.001287 0.057564
v -0.004412 0.001287 0.057770
v -0.004412 0.001287 0.057770
v -0.004412 0.001287 0.057770
v -0.004412 0.001287 0.057770
v -0.004412 0.001287 0.057770
v -0.004412 0.001287 0.057770
v -0.004412 0.001287 0.057770
v -0.006907 0.001287 0.057868
v -0.006907 0.001287 0.057868
v -0.006907 0.001287 0.057868
v -0.006907 0.001287 0.057868
v -0.006907 0.001287 0.057868
v -0.006907 0.001287 0.057868
v -0.006906 0.001287 0.057878
v -0.006906 0.001287 0.057878
v -0.006906 0.001287 0.057878
v -0.006906 0.001287 0.057878
v -0.002476 0.001287 0.057643
v -0.002476 0.001287 0.057643
v -0.002476 0.001287 0.057643
v -0.002476 0.001287 0.057643
v -0.002476 0.001287 0.057643
v -0.002481 0.001287 0.057637
v -0.002481 0.001287 0.057637
v -0.002481 0.001287 0.057637
v -0.002481 0.001287 0.057637
v -0.002481 0.001287 0.057637
v -0.002481 0.001287 0.057637
v -0.002481 0.001287 0.057637
v -0.003102 0.001287 0.057694
v -0.003102 0.001287 0.057694
v -0.003102 0.001287 0.057694
v -0.003102 0.001287 0.057694
v -0.003102 0.001287 0.057694
v -0.003124 0.001287 0.057686
v -0.003124 0.001287 0.057686
v -0.003124 0.001287 0.057686
v -0.003124 0.001287 0.057686
v -0.003124 0.001287 0.057686
v -0.003124 0.001287 0.057686
v -0.004234 0.001287 0.057768
v -0.004234 0.001287 0.057768
v -0.004234 0.001287 0.057768
v -0.004234 0.001287 0.057768
v -0.004234 0.001287 0.057768
v -0.004369 0.001287 0.057777
v -0.004369 0.001287 0.057777
v -0.004369 0.001287 0.057777
v -0.004369 0.001287 0.057777
v -0.004369 0.001287 0.057777
v -0.006913 0.000564 0.057825
v -0.006913 0.000564 0.057825
v -0.006913 0.000564 0.057825
v -0.006913 0.000564 0.057825
v -0.006913 0.000564 0.057825
v -0.006913 0.000564 0.057825
v -0.006913 -0.000168 0.057827
v -0.006913 -0.000168 0.057827
v -0.006913 -0.000168 0.057827
v -0.006913 -0.000168 0.057827
v -0.006913 -0.000168 0.057827
v -0.006913 -0.000168 0.057827
v -0.006905 -0.000164 0.057885
v -0.006905 -0.000164 0.057885
v -0.006905 -0.000164 0.057885
v -0.006905 -0.000164 0.057885
v -0.006905 -0.000164 0.057885
v -0.006905 -0.000164 0.057885
v -0.006904 -0.000164 0.057888
v -0.006904 -0.000164 0.057888
v -0.006904 -0.000164 0.057888
v -0.006904 -0.000164 0.057888
v -0.006905 0.000217 0.057885
v -0.006905 0.000217 0.057885
v -0.006905 0.000217 0.057885
v -0.006905 0.000217 0.057885
v -0.006905 0.000217 0.057885
v -0.006905 0.000217 0.057885
v -0.006905 0.000217 0.057885
v -0.006905 0.000217 0.057885
v -0.006915 0.001289 0.057816
v -0.006915 0.001289 0.057816
v -0.006915 0.001289 0.057816
v -0.006915 0.001289 0.057816
v -0.006915 0.001289 0.057816
v -0.006915 0.001289 0.057816
v -0.004410 -0.000164 0.057786
v -0.004410 -0.000164 0.057786
v -0.004410 -0.000164 0.057786
v -0.004410 -0.000164 0.057786
v -0.004410 -0.000164 0.057786
v -0.004410 -0.000164 0.057786
v -0.004410 -0.000164 0.057786
v -0.004410 -0.000164 0.057786
v -0.001835 -0.000164 0.057598
v -0.001835 -0.000164 0.057598
v -0.001835 -0.000164 0.057598
v -0.001835 -0.000164 0.057598
v -0.001835 -0.000164 0.057598
v -0.004367 -0.000164 0.057786
v -0.004367 -0.000164 0.057786
v -0.004367 -0.000164 0.057786
v -0.004367 -0.000164 0.057786
v -0.004367 -0.000164 0.057786
v -0.001835 -0.000164 0.057601
v -0.001835 -0.000164 0.057601
v -0.001835 -0.000164 0.057601
v -0.001835 -0.000164 0.057601
v -0.001835 -0.000164 0.057601
v -0.001835 -0.000164 0.057601
v -0.004381 -0.000164 0.057787
v -0.004381 -0.000164 0.057787
v -0.004381 -0.000164 0.057787
v -0.004381 -0.000164 0.057787
v -0.005635 -0.000164 0.057848
v -0.005635 -0.000164 0.057848
v -0.005635 -0.000164 0.057848
v -0.005635 -0.000164 0.057848
v -0.005635 -0.000164 0.057848
v -0.005635 -0.000164 0.057848
v -0.005657 -0.000164 0.057847
v -0.005657 -0.000164 0.057847
v -0.005657 -0.000164 0.057847
v -0.005657 -0.000164 0.057847
v -0.005657 -0.000164 0.057847
v -0.006270 -0.000164 0.057871
v -0.006270 -0.000164 0.057871
v -0.006270 -0.000164 0.057871
v -0.006270 -0.000164 0.057871
v -0.006270 -0.000164 0.057871
v -0.006281 -0.000164 0.057869
v -0.006281 -0.000164 0.057869
v -0.006281 -0.000164 0.057869
v -0.006281 -0.000164 0.057869
v -0.006281 -0.000164 0.057869
v -0.006593 -0.000164 0.057878
v -0.006593 -0.000164 0.057878
v -0.006593 -0.000164 0.057878
v -0.006593 -0.000164 0.057878
v -0.006593 -0.000164 0.057878
v -0.001837 -0.000965 0.057589
v -0.001837 -0.000965 0.057589
v -0.001837 -0.000965 0.057589
v -0.001837 -0.000965 0.057589
v -0.001837 -0.000965 0.057589
v -0.001837 -0.000965 0.057589
v -0.001837 -0.000965 0.057589
v -0.001839 -0.000165 0.057573
v -0.001839 -0.000165 0.057573
v -0.001839 -0.000165 0.057573
v -0.001839 -0.000165 0.057573
v -0.001839 -0.000165 0.057573
v -0.001840 -0.001250 0.057564
v -0.001840 -0.001250 0.057564
v -0.001840 -0.001250 0.057564
v -0.001840 -0.001250 0.057564
v -0.001840 -0.001250 0.057564
v -0.001840 -0.001250 0.057564
v -0.001840 -0.001250 0.057564
v -0.001840 -0.001250 0.057564
v -0.001840 -0.001250 0.057564
v -0.001840 -0.001250 0.057564
v -0.001839 -0.002152 0.057572
v -0.001839 -0.002152 0.057572
v -0.001839 -0.002152 0.057572
v -0.001839 -0.002152 0.057572
v -0.001839 -0.002152 0.057572
v -0.001839 -0.002152 0.057572
v -0.001839 -0.002152 0.057572
v -0.001843 -0.002321 0.057542
v -0.001843 -0.002321 0.057542
v -0.001843 -0.002321 0.057542
v -0.001843 -0.002321 0.057542
v -0.001843 -0.002321 0.057542
v -0.001839 -0.002322 0.057570
v -0.001839 -0.002322 0.057570
v -0.001839 -0.002322 0.057570
v -0.001839 -0.002322 0.057570
v -0.001839 -0.002322 0.057570
v -0.001839 -0.002322 0.057570
v 0.002730 0.004364 0.056929
v 0.002730 0.004364 0.056929
v 0.002730 0.004364 0.056929
v 0.002730 0.004364 0.056929
v 0.002730 0.004364 0.056929
v 0.002730 0.004364 0.056929
v 0.002730 0.004364 0.056929
v 0.002730 0.004364 0.056929
v 0.002730 0.004364 0.056929
v 0.001494 0.004364 0.057098
v 0.001494 0.004364 0.057098
v 0.001494 0.004364 0.057098
v 0.001494 0.004364 0.057098
v 0.001497 0.004364 0.057117
v 0.001497 0.004364 0.057117
v 0.001497 0.004364 0.057117
v 0.001497 0.004364 0.057117
v 0.001497 0.004364 0.057117
v 0.001497 0.004364 0.057117
v 0.001497 0.004364 0.057117
v 0.001497 0.004364 0.057117
v 0.001497 0.004364 0.057117
v 0.001497 0.004364 0.057117
v 0.001497 0.004364 0.057117
v 0.002881 0.004364 0.056923
v 0.002881 0.004364 0.056923
v 0.002881 0.004364 0.056923
v 0.002881 0.004364 0.056923
v 0.004306 0.004364 0.056715
v 0.004306 0.004364 0.056715
v 0.004306 0.004364 0.056715
v 0.004306 0.004364 0.056715
v 0.004609 0.004364 0.056657
v 0.004609 0.004364 0.056657
v 0.004609 0.004364 0.056657
v 0.004609 0.004364 0.056657
v 0.004609 0.004364 0.056657
v 0.004609 0.004364 0.056657
v 0.007600 0.004364 0.056087
v 0.007600 0.004364 0.056087
v 0.007600 0.004364 0.056087
v 0.007600 0.004364 0.056087
v 0.007600 0.004364 0.056087
v 0.007600 0.004364 0.056087
v 0.007600 0.004364 0.056087
v 0.008288 0.004364 0.055926
v 0.008288 0.004364 0.055926
v 0.008288 0.004364 0.055926
v 0.008288 0.004364 0.055926
v 0.008288 0.004364 0.055926
v 0.008288 0.004364 0.055926
v 0.008292 0.004364 0.055955
v 0.008292 0.004364 0.055955
v 0.008292 0.004364 0.055955
v 0.008292 0.004364 0.055955
v 0.008292 0.004364 0.055955
v 0.008292 0.004364 0.055955
v 0.002107 0.004364 0.057036
v 0.002107 0.004364 0.057036
v 0.002107 0.004364 0.057036
v 0.002107 0.004364 0.057036
v 0.002107 0.004364 0.057036
v 0.002107 0.004364 0.057036
v 0.001498 0.004364 0.057125
v 0.001498 0.004364 0.057125
v 0.001498 0.004364 0.057125
v 0.001513 -0.000168 0.057228
v 0.001513 -0.000168 0.057228
v 0.001513 -0.000168 0.057228
v 0.001513 -0.000168 0.057228
v 0.001513 -0.000168 0.057228
v 0.001513 -0.000168 0.057228
v 0.001513 -0.000168 0.057228
v 0.001513 -0.000168 0.057228
v 0.001513 -0.000168 0.057228
v 0.001513 -0.000168 0.057228
v 0.001513 -0.000168 0.057228
v 0.001513 -0.000168 0.057228
v 0.001513 -0.000168 0.057228
v 0.001514 -0.000171 0.057236
v 0.001514 -0.000171 0.057236
v 0.001514 -0.000171 0.057236
v 0.001514 -0.000171 0.057236
v 0.001514 -0.000171 0.057236
v 0.001514 -0.000171 0.057236
v 0.001514 -0.000086 0.057236
v 0.001514 -0.000086 0.057236
v 0.001514 -0.000086 0.057236
v 0.001514 -0.000086 0.057236
v 0.001514 -0.000086 0.057236
v 0.001514 -0.000002 0.057236
v 0.001514 -0.000002 0.057236
v 0.001514 -0.000002 0.057236
v 0.001514 -0.000002 0.057236
v 0.001514 -0.000002 0.057236
v 0.001514 -0.000002 0.057236
v 0.001514 0.000073 0.057236
v 0.001514 0.000073 0.057236
v 0.001514 0.000073 0.057236
v 0.001514 0.000073 0.057236
v 0.001514 0.000075 0.057236
v 0.001514 0.000075 0.057236
v 0.001514 0.000075 0.057236
v 0.001514 0.000075 0.057236
v 0.001513 -0.000787 0.057225
v 0.001513 -0.000787 0.057225
v 0.001513 -0.000787 0.057225
v 0.001513 -0.000787 0.057225
v 0.001513 -0.000787 0.057225
v 0.001513 -0.000787 0.057225
v 0.001513 -0.000787 0.057225
v 0.001513 -0.000787 0.057225
v 0.001514 -0.000667 0.057233
v 0.001514 -0.000667 0.057233
v 0.001514 -0.000667 0.057233
v 0.001514 -0.000667 0.057233
v 0.001514 -0.000667 0.057233
v 0.001514 -0.000667 0.057233
v 0.001514 -0.000394 0.057235
v 0.001514 -0.000394 0.057235
v 0.001514 -0.000394 0.057235
v 0.001514 -0.000394 0.057235
v 0.001514 -0.000394 0.057235
v 0.001514 -0.000176 0.057236
v 0.001514 -0.000176 0.057236
v 0.001514 -0.000176 0.057236
v 0.001514 -0.000176 0.057236
v 0.001514 -0.000176 0.057236
v 0.001502 -0.003698 0.057149
v 0.001502 -0.003698 0.057149
v 0.001502 -0.003698 0.057149
v 0.001502 -0.003698 0.057149
v 0.001502 -0.003698 0.057149
v 0.001502 -0.003698 0.057149
v 0.001503 -0.003698 0.057157
v 0.001503 -0.003698 0.057157
v 0.001503 -0.003698 0.057157
v 0.001503 -0.003698 0.057157
v 0.001504 -0.003263 0.057167
v 0.001504 -0.003263 0.057167
v 0.001504 -0.003263 0.057167
v 0.001504 -0.003263 0.057167
v 0.001504 -0.003263 0.057167
v 0.001504 -0.003263 0.057167
v 0.001504 -0.003263 0.057167
v 0.001512 -0.001686 0.057220
v 0.001512 -0.001686 0.057220
v 0.001512 -0.001686 0.057220
v 0.001512 -0.001686 0.057220
v 0.001512 -0.001686 0.057220
v 0.001514 -0.000680 0.057233
v 0.001514 -0.000680 0.057233
v 0.001514 -0.000680 0.057233
v 0.001514 -0.000680 0.057233
v 0.001514 0.000184 0.057236
v 0.001514 0.000184 0.057236
v 0.001514 0.000184 0.057236
v 0.001514 0.000184 0.057236
v 0.001514 0.000184 0.057236
v 0.001514 0.000184 0.057236
v 0.001514 0.000184 0.057236
v 0.001514 0.000316 0.057235
v 0.001514 0.000316 0.057235
v 0.001514 0.000316 0.057235
v 0.001514 0.000316 0.057235
v 0.001514 0.000316 0.057235
v 0.001514 0.000327 0.057235
v 0.001514 0.000327 0.057235
v 0.001514 0.000327 0.057235
v 0.001514 0.000327 0.057235
v 0.001514 0.000733 0.057233
v 0.001514 0.000733 0.057233
v 0.001514 0.000733 0.057233
v 0.001514 0.000733 0.057233
v 0.001514 0.000733 0.057233
v 0.001514 0.000733 0.057233
v 0.001514 0.000830 0.057232
v 0.001514 0.000830 0.057232
v 0.001514 0.000830 0.057232
v 0.001514 0.000830 0.057232
v 0.001511 0.001837 0.057217
v 0.001511 0.001837 0.057217
v 0.001511 0.001837 0.057217
v 0.001511 0.001837 0.057217
v 0.001511 0.001837 0.057217
v 0.002309 -0.003698 0.057025
v 0.002309 -0.003698 0.057025
v 0.002309 -0.003698 0.057025
v 0.002309 -0.003698 0.057025
v 0.002309 -0.003698 0.057025
v 0.002309 -0.003698 0.057025
v 0.003121 -0.003698 0.056909
v 0.003121 -0.003698 0.056909
v 0.003121 -0.003698 0.056909
v 0.003121 -0.003698 0.056909
v 0.003123 -0.003698 0.056927
v 0.003123 -0.003698 0.056927
v 0.003123 -0.003698 0.056927
v 0.003123 -0.003698 0.056927
v 0.003123 -0.003698 0.056927
v 0.003123 -0.003698 0.056927
v 0.003123 -0.003698 0.056927
v 0.003123 -0.003698 0.056927
v 0.003124 -0.003698 0.056932
v 0.003124 -0.003698 0.056932
v 0.003124 -0.003698 0.056932
v 0.003124 -0.003698 0.056932
v 0.002639 -0.003698 0.056999
v 0.002639 -0.003698 0.056999
v 0.002639 -0.003698 0.056999
v 0.002639 -0.003698 0.056999
v 0.002639 -0.003698 0.056999
v 0.002639 -0.003698 0.056999
v 0.002639 -0.003698 0.056999
v 0.001499 -0.003698 0.057134
v 0.001499 -0.003698 0.057134
v 0.001499 -0.003698 0.057134
v 0.001499 -0.003698 0.057134
v 0.001499 -0.003698 0.057134
v 0.003133 -0.001410 0.056996
v 0.003133 -0.001410 0.056996
v 0.003133 -0.001410 0.056996
v 0.003133 -0.001410 0.056996
v 0.003133 -0.001410 0.056996
v 0.003132 -0.002066 0.056987
v 0.003132 -0.002066 0.056987
v 0.003132 -0.002066 0.056987
v 0.003132 -0.002066 0.056987
v 0.003130 -0.002529 0.056971
v 0.003130 -0.002529 0.056971
v 0.003130 -0.002529 0.056971
v 0.003130 -0.002529 0.056971
v 0.003130 -0.002529 0.056971
v 0.003130 -0.002529 0.056971
v 0.003130 -0.002529 0.056971
v 0.003130 -0.002529 0.056971
v 0.003134 0.000648 0.057005
v 0.003134 0.000648 0.057005
v 0.003134 0.000648 0.057005
v 0.003134 0.000648 0.057005
v 0.003134 0.000648 0.057005
v 0.003134 0.000648 0.057005
v 0.003134 0.000648 0.057005
v 0.003134 0.000648 0.057005
v 0.003135 0.000007 0.057008
v 0.003135 0.000007 0.057008
v 0.003135 0.000007 0.057008
v 0.003135 0.000007 0.057008
v 0.003134 -0.000439 0.057006
v 0.003134 -0.000439 0.057006
v 0.003134 -0.000439 0.057006
v 0.003134 -0.000439 0.057006
v 0.003134 -0.000439 0.057006
v 0.003134 -0.000439 0.057006
v 0.003134 -0.000439 0.057006
v 0.003134 -0.000439 0.057006
v 0.003134 -0.000439 0.057006
v 0.003134 -0.000439 0.057006
v 0.003134 -0.000439 0.057006
v 0.003134 -0.000439 0.057006
v 0.003134 -0.000439 0.057006
v 0.003134 -0.000439 0.057006
v 0.003135 -0.000432 0.057010
v 0.003135 -0.000432 0.057010
v 0.003135 -0.000432 0.057010
v 0.003135 -0.000432 0.057010
v 0.003135 -0.000432 0.057010
v 0.003135 -0.000606 0.057008
v 0.003135 -0.000606 0.057008
v 0.003135 -0.000606 0.057008
v 0.003135 -0.000606 0.057008
v 0.003135 -0.000606 0.057008
v 0.003134 0.001200 0.057003
v 0.003134 0.001200 0.057003
v 0.003134 0.001200 0.057003
v 0.003134 0.001361 0.056999
v 0.003134 0.001361 0.056999
v 0.003134 0.001361 0.056999
v 0.003134 0.001361 0.056999
v 0.003134 0.001361 0.056999
v 0.003130 0.002563 0.056971
v 0.003130 0.002563 0.056971
v 0.003130 0.002563 0.056971
v 0.003130 0.002563 0.056971
v 0.003130 0.002563 0.056971
v 0.003130 0.002563 0.056971
v 0.003130 0.002563 0.056971
v 0.003130 0.002563 0.056971
v 0.003128 0.002830 0.056960
v 0.003128 0.002830 0.056960
v 0.003128 0.002830 0.056960
v 0.003128 0.002830 0.056960
v 0.003128 0.002830 0.056960
v 0.003129 0.002830 0.056965
v 0.003129 0.002830 0.056965
v 0.003129 0.002830 0.056965
v 0.003129 0.002830 0.056965
v 0.003129 0.002830 0.056965
v 0.003129 0.002830 0.056965
v 0.007847 -0.003698 0.056085
v 0.007847 -0.003698 0.056085
v 0.007847 -0.003698 0.056085
v 0.007847 -0.003698 0.056085
v 0.007847 -0.003698 0.056085
v 0.007842 -0.003698 0.056062
v 0.007842 -0.003698 0.056062
v 0.007842 -0.003698 0.056062
v 0.007842 -0.003698 0.056062
v 0.007842 -0.003698 0.056062
v 0.007842 -0.003698 0.056062
v 0.008694 -0.003698 0.055875
v 0.008694 -0.003698 0.055875
v 0.008694 -0.003698 0.055875
v 0.008694 -0.003698 0.055875
v 0.008694 -0.003698 0.055875
v 0.008694 -0.003698 0.055875
v 0.009327 -0.003698 0.055754
v 0.009327 -0.003698 0.055754
v 0.009327 -0.003698 0.055754
v 0.009327 -0.003698 0.055754
v 0.009327 -0.003698 0.055754
v 0.009468 -0.003698 0.055697
v 0.009468 -0.003698 0.055697
v 0.009468 -0.003698 0.055697
v 0.009468 -0.003698 0.055697
v 0.009468 -0.003698 0.055697
v 0.009468 -0.003698 0.055697
v 0.009471 -0.003698 0.055722
v 0.009471 -0.003698 0.055722
v 0.009471 -0.003698 0.055722
v 0.009465 -0.003699 0.055674
v 0.009465 -0.003699 0.055674
v 0.009465 -0.003699 0.055674
v 0.009465 -0.003699 0.055674
v 0.009465 -0.003699 0.055674
v 0.009465 -0.003699 0.055674
v 0.009471 -0.002474 0.055723
v 0.009471 -0.002474 0.055723
v 0.009471 -0.002474 0.055723
v 0.009471 -0.002474 0.055723
v 0.009471 -0.002474 0.055723
v 0.009471 -0.002474 0.055723
v 0.009471 -0.002474 0.055723
v 0.009471 -0.002474 0.055723
v 0.009471 -0.002474 0.055723
v 0.009475 0.003164 0.055745
v 0.009475 0.003164 0.055745
v 0.009475 0.003164 0.055745
v 0.009475 0.003164 0.055745
v 0.009475 0.002716 0.055747
v 0.009475 0.002716 0.055747
v 0.009475 0.002716 0.055747
v 0.009475 0.002716 0.055747
v 0.009475 0.002716 0.055747
v 0.009475 0.002716 0.055747
v 0.009468 0.003164 0.055698
v 0.009468 0.003164 0.055698
v 0.009468 0.003164 0.055698
v 0.009468 0.003164 0.055698
v 0.009468 0.003164 0.055698
v 0.009468 0.003164 0.055698
v 0.009468 0.003164 0.055698
v 0.009468 0.003164 0.055698
v 0.009476 0.000040 0.055757
v 0.009476 0.000040 0.055757
v 0.009476 0.000040 0.055757
v 0.009476 0.000040 0.055757
v 0.009476 0.000040 0.055757
v 0.009476 0.000040 0.055757
v 0.009476 0.000040 0.055757
v 0.009476 0.000040 0.055757
v 0.009478 -0.002544 0.055768
v 0.009478 -0.002544 0.055768
v 0.009478 -0.002544 0.055768
v 0.009478 -0.002544 0.055768
v 0.009478 -0.002544 0.055768
v 0.009478 -0.002588 0.055766
v 0.009478 -0.002588 0.055766
v 0.009478 -0.002588 0.055766
v 0.009478 -0.002588 0.055766
v 0.009473 -0.003321 0.055737
v 0.009473 -0.003321 0.055737
v 0.009473 -0.003321 0.055737
v 0.009473 -0.003321 0.055737
v 0.009473 -0.003321 0.055737
v 0.009473 -0.003321 0.055737
v 0.009473 -0.003321 0.055737
v 0.009444 0.003428 0.055741
v 0.009444 0.003428 0.055741
v 0.009444 0.003428 0.055741
v 0.009444 0.003428 0.055741
v 0.009444 0.003428 0.055741
v 0.009399 0.003559 0.055692
v 0.009399 0.003559 0.055692
v 0.009399 0.003559 0.055692
v 0.009399 0.003559 0.055692
v 0.009399 0.003559 0.055692
v 0.009399 0.003559 0.055692
v 0.009207 0.003911 0.055720
v 0.009207 0.003911 0.055720
v 0.009207 0.003911 0.055720
v 0.009207 0.003911 0.055720
v 0.009207 0.003911 0.055720
v 0.009207 0.003911 0.055720
v 0.009292 0.003799 0.055759
v 0.009292 0.003799 0.055759
v 0.009292 0.003799 0.055759
v 0.009292 0.003799 0.055759
v 0.009367 0.003618 0.055697
v 0.009367 0.003618 0.055697
v 0.009367 0.003618 0.055697
v 0.009367 0.003618 0.055697
v 0.009367 0.003618 0.055697
v 0.009367 0.003618 0.055697
v 0.009367 0.003616 0.055750
v 0.009367 0.003616 0.055750
v 0.009367 0.003616 0.055750
v 0.009367 0.003616 0.055750
v 0.009367 0.003616 0.055750
v 0.009427 0.003470 0.055743
v 0.009427 0.003470 0.055743
v 0.009427 0.003470 0.055743
v 0.009427 0.003470 0.055743
v 0.009427 0.003470 0.055743
v 0.008551 0.004333 0.055862
v 0.008551 0.004333 0.055862
v 0.008551 0.004333 0.055862
v 0.008551 0.004333 0.055862
v 0.008551 0.004333 0.055862
v 0.008551 0.004333 0.055862
v 0.008682 0.004296 0.055873
v 0.008682 0.004296 0.055873
v 0.008682 0.004296 0.055873
v 0.008682 0.004296 0.055873
v 0.008682 0.004296 0.055873
v 0.008730 0.004257 0.055821
v 0.008730 0.004257 0.055821
v 0.008730 0.004257 0.055821
v 0.008730 0.004257 0.055821
v 0.008730 0.004257 0.055821
v 0.008730 0.004257 0.055821
v 0.008738 0.004264 0.055861
v 0.008738 0.004264 0.055861
v 0.008738 0.004264 0.055861
v 0.008738 0.004264 0.055861
v 0.008738 0.004264 0.055861
v 0.008913 0.004179 0.055779
v 0.008913 0.004179 0.055779
v 0.008913 0.004179 0.055779
v 0.008913 0.004179 0.055779
v 0.008913 0.004179 0.055779
v 0.008913 0.004179 0.055779
v 0.009029 0.004100 0.055804
v 0.009029 0.004100 0.055804
v 0.009029 0.004100 0.055804
v 0.009029 0.004100 0.055804
v 0.009029 0.004100 0.055804
v 0.009109 0.004001 0.055740
v 0.009109 0.004001 0.055740
v 0.009109 0.004001 0.055740
v 0.009109 0.004001 0.055740
v 0.009109 0.004001 0.055740
v 0.009115 0.004002 0.055790
v 0.009115 0.004002 0.055790
v 0.009115 0.004002 0.055790
v 0.009115 0.004002 0.055790
v 0.009115 0.004002 0.055790
v 0.009271 0.003824 0.055763
v 0.009271 0.003824 0.055763
v 0.009271 0.003824 0.055763
v 0.009271 0.003824 0.055763
v 0.009271 0.003824 0.055763
v 0.009271 0.003824 0.055763
v -0.010163 0.005930 0.057124
v -0.010163 0.005930 0.057124
v -0.010163 0.005930 0.057124
v -0.010163 0.005930 0.057124
v -0.010165 0.005847 0.057131
v -0.010165 0.005847 0.057131
v -0.010165 0.005847 0.057131
v -0.010165 0.005847 0.057131
v -0.010165 0.005847 0.057131
v -0.009818 0.005671 0.057159
v -0.009818 0.005671 0.057159
v -0.009818 0.005671 0.057159
v -0.009818 0.005671 0.057159
v -0.009818 0.005671 0.057159
v -0.009818 0.005671 0.057159
v -0.009818 0.005671 0.057159
v -0.009818 0.005671 0.057159
v -0.009818 0.005671 0.057159
v -0.009818 0.005671 0.057159
v -0.000512 -0.012304 0.055953
v -0.000512 -0.012304 0.055953
v -0.000512 -0.012304 0.055953
v -0.000512 -0.012304 0.055953
v -0.000512 -0.012304 0.055953
v -0.000503 -0.012208 0.055966
v -0.000503 -0.012208 0.055966
v -0.000503 -0.012208 0.055966
v -0.000503 -0.012208 0.055966
v -0.000503 -0.012208 0.055966
v -0.000503 -0.012208 0.055966
v -0.000503 -0.012208 0.055966
v -0.000969 -0.012036 0.056042
v -0.000969 -0.012036 0.056042
v -0.000969 -0.012036 0.056042
v -0.000969 -0.012036 0.056042
v -0.000969 -0.012036 0.056042
v -0.000969 -0.012036 0.056042
v 0.012753 -0.005820 0.054168
v 0.012753 -0.005820 0.054168
v 0.012753 -0.005820 0.054168
v 0.012753 -0.005820 0.054168
v 0.012753 -0.005820 0.054168
v 0.012767 -0.004225 0.054257
v 0.012767 -0.004225 0.054257
v 0.012767 -0.004225 0.054257
v 0.012767 -0.004225 0.054257
v 0.012767 -0.004225 0.054257
v 0.012666 -0.004128 0.054324
v 0.012666 -0.004128 0.054324
v 0.012666 -0.004128 0.054324
v 0.012666 -0.004128 0.054324
v 0.012666 -0.004128 0.054324
v 0.012775 -0.003266 0.054310
v 0.012775 -0.003266 0.054310
v 0.012775 -0.003266 0.054310
v 0.012775 -0.003266 0.054310
v 0.012775 -0.003266 0.054310
v 0.012775 -0.003266 0.054310
v 0.010755 0.007852 0.054539
v 0.010755 0.007852 0.054539
v 0.010755 0.007852 0.054539
v 0.010755 0.007852 0.054539
v 0.010148 0.008208 0.054642
v 0.010148 0.008208 0.054642
v 0.010148 0.008208 0.054642
v 0.010148 0.008208 0.054642
v 0.010148 0.008208 0.054642
v 0.010148 0.008208 0.054642
v 0.011982 0.005707 0.054410
v 0.011982 0.005707 0.054410
v 0.011982 0.005707 0.054410
v 0.011982 0.005707 0.054410
v 0.011982 0.005707 0.054410
v 0.011982 0.005707 0.054410
v 0.011982 0.005707 0.054410
v 0.011982 0.005707 0.054410
v 0.011982 0.005707 0.054410
v 0.011982 0.005707 0.054410
v 0.011982 0.005707 0.054410
v 0.011982 0.005707 0.054410
v 0.011982 0.005707 0.054410
v 0.011982 0.005707 0.054410
v 0.011982 0.005707 0.054410
v 0.005657 0.010834 0.055314
v 0.005657 0.010834 0.055314
v 0.005657 0.010834 0.055314
v 0.005657 0.010834 0.055314
v 0.004267 0.011636 0.055409
v 0.004267 0.011636 0.055409
v 0.004267 0.011636 0.055409
v 0.004267 0.011636 0.055409
v 0.003460 0.008329 0.056025
v 0.003460 0.008329 0.056025
v 0.003460 0.008329 0.056025
v 0.003460 0.008329 0.056025
v 0.003460 0.008329 0.056025
v 0.003460 0.008329 0.056025
v 0.003460 0.008329 0.056025
v 0.003460 0.008329 0.056025
v 0.001086 0.013109 0.055643
v 0.001086 0.013109 0.055643
v 0.001086 0.013109 0.055643
v 0.001086 0.013109 0.055643
v 0.001053 0.013099 0.055649
v 0.001053 0.013099 0.055649
v 0.001053 0.013099 0.055649
v 0.001053 0.013099 0.055649
v 0.001053 0.013099 0.055649
v 0.001071 0.012370 0.055786
v 0.001071 0.012370 0.055786
v 0.001071 0.012370 0.055786
v 0.001071 0.012370 0.055786
v 0.001071 0.012370 0.055786
v 0.001071 0.012370 0.055786
v 0.001071 0.012370 0.055786
v 0.001071 0.012370 0.055786
v 0.001071 0.012370 0.055786
v 0.001071 0.012370 0.055786
v 0.001071 0.012370 0.055786
v 0.003541 -0.003545 0.056357
v 0.003541 -0.003545 0.056357
v 0.003541 -0.003545 0.056357
v 0.003541 -0.003545 0.056357
v 0.003541 -0.003545 0.056357
v 0.003541 -0.003545 0.056357
v 0.003541 -0.003545 0.056357
v 0.003984 -0.003440 0.056304
v 0.003984 -0.003440 0.056304
v 0.003984 -0.003440 0.056304
v 0.003984 -0.003440 0.056304
v 0.003542 -0.003358 0.056362
v 0.003542 -0.003358 0.056362
v 0.003542 -0.003358 0.056362
v 0.003542 -0.003358 0.056362
v 0.003542 -0.003358 0.056362
v 0.000948 -0.003244 0.056741
v 0.000948 -0.003244 0.056741
v 0.000948 -0.003244 0.056741
v 0.000948 -0.003244 0.056741
v 0.000950 -0.002688 0.056754
v 0.000950 -0.002688 0.056754
v 0.000950 -0.002688 0.056754
v 0.000950 -0.002688 0.056754
v 0.000950 -0.002688 0.056754
v 0.000609 -0.004399 0.056729
v 0.000609 -0.004399 0.056729
v 0.000609 -0.004399 0.056729
v 0.000609 -0.004399 0.056729
v 0.000609 -0.004399 0.056729
v 0.000609 -0.004399 0.056729
v 0.000609 -0.004399 0.056729
v 0.000609 -0.004399 0.056729
v 0.000609 -0.004399 0.056729
v 0.000609 -0.004399 0.056729
v -0.005246 -0.004172 0.057191
v -0.005246 -0.004172 0.057191
v -0.005246 -0.004172 0.057191
v -0.005246 -0.004172 0.057191
v -0.005246 -0.004172 0.057191
v -0.005844 -0.005003 0.057198
v -0.005844 -0.005003 0.057198
v -0.005844 -0.005003 0.057198
v -0.005844 -0.005003 0.057198
v -0.005844 -0.005003 0.057198
v -0.005844 -0.005003 0.057198
v -0.005844 -0.005003 0.057198
v -0.004246 -0.006722 0.056997
v -0.004246 -0.006722 0.056997
v -0.004246 -0.006722 0.056997
v -0.004246 -0.006722 0.056997
v -0.004246 -0.006722 0.056997
v -0.004246 -0.006722 0.056997
v -0.004246 -0.006722 0.056997
v -0.007543 -0.003304 0.057329
v -0.007543 -0.003304 0.057329
v -0.007543 -0.003304 0.057329
v -0.007543 -0.003304 0.057329
v -0.007569 -0.003143 0.057335
v -0.007569 -0.003143 0.057335
v -0.007569 -0.003143 0.057335
v -0.007569 -0.003143 0.057335
v -0.007569 -0.003143 0.057335
v -0.010154 -0.004116 0.057228
v -0.010154 -0.004116 0.057228
v -0.010154 -0.004116 0.057228
v -0.010154 -0.004116 0.057228
v -0.010154 -0.004116 0.057228
v -0.010154 -0.004116 0.057228
v -0.010154 -0.004116 0.057228
v -0.010154 -0.004116 0.057228
v -0.010154 -0.004116 0.057228
v -0.010154 -0.004116 0.057228
v -0.010154 -0.004116 0.057228
v -0.002376 -0.001243 0.057136
v -0.002376 -0.001243 0.057136
v -0.002376 -0.001243 0.057136
v -0.002376 -0.001243 0.057136
v -0.002376 -0.001243 0.057136
v -0.002376 -0.001243 0.057136
v -0.002375 -0.000660 0.057143
v -0.002375 -0.000660 0.057143
v -0.002375 -0.000660 0.057143
v -0.003147 -0.000660 0.057197
v -0.003147 -0.000660 0.057197
v -0.003147 -0.000660 0.057197
v -0.003147 -0.000660 0.057197
v -0.003147 -0.000660 0.057197
v -0.003147 -0.000660 0.057197
v -0.003147 -0.000660 0.057197
v -0.003147 -0.000660 0.057197
v -0.002381 0.002533 0.057106
v -0.002381 0.002533 0.057106
v -0.002381 0.002533 0.057106
v -0.002381 0.002533 0.057106
v -0.002381 0.002533 0.057106
v -0.002381 0.002533 0.057106
v -0.002709 0.002031 0.057148
v -0.002709 0.002031 0.057148
v -0.002709 0.002031 0.057148
v -0.002709 0.002031 0.057148
v -0.002709 0.002031 0.057148
v -0.002378 0.001865 0.057124
v -0.002378 0.001865 0.057124
v -0.002378 0.001865 0.057124
v -0.002378 0.001865 0.057124
v -0.002378 0.001865 0.057124
v -0.002378 0.001865 0.057124
v 0.000956 0.000993 0.056796
v 0.000956 0.000993 0.056796
v 0.000956 0.000993 0.056796
v 0.000956 0.000993 0.056796
v 0.000956 0.000993 0.056796
v 0.000275 0.004238 0.056766
v 0.000275 0.004238 0.056766
v 0.000275 0.004238 0.056766
v 0.000275 0.004238 0.056766
v 0.000275 0.004238 0.056766
v 0.000275 0.004238 0.056766
v 0.000275 0.004238 0.056766
v 0.000282 0.002560 0.056820
v 0.000282 0.002560 0.056820
v 0.000282 0.002560 0.056820
v 0.000282 0.002560 0.056820
v 0.000282 0.002560 0.056820
v 0.000282 0.002560 0.056820
v 0.000282 0.002560 0.056820
v 0.000279 -0.003407 0.056800
v 0.000279 -0.003407 0.056800
v 0.000279 -0.003407 0.056800
v 0.000279 -0.003407 0.056800
v 0.000279 -0.003407 0.056800
v 0.000279 -0.003407 0.056800
v 0.000279 -0.003407 0.056800
v 0.000279 -0.003407 0.056800
v 0.000279 -0.003407 0.056800
v 0.000279 -0.003407 0.056800
v 0.000276 -0.004174 0.056780
v 0.000276 -0.004174 0.056780
v 0.000276 -0.004174 0.056780
v 0.000276 -0.004174 0.056780
v 0.000203 -0.004174 0.056788
v 0.000203 -0.004174 0.056788
v 0.000203 -0.004174 0.056788
v 0.000203 -0.004174 0.056788
v 0.000203 -0.004174 0.056788
v 0.000956 -0.000782 0.056799
v 0.000956 -0.000782 0.056799
v 0.000956 -0.000782 0.056799
v 0.000956 -0.000782 0.056799
v 0.000956 -0.000782 0.056799
v 0.000957 -0.000699 0.056799
v 0.000957 -0.000699 0.056799
v 0.000957 -0.000699 0.056799
v 0.000957 -0.000699 0.056799
v 0.000957 -0.000699 0.056799
v 0.000283 -0.002241 0.056830
v 0.000283 -0.002241 0.056830
v 0.000283 -0.002241 0.056830
v 0.000283 -0.002241 0.056830
v 0.000283 -0.002241 0.056830
v 0.000283 -0.002241 0.056830
v 0.000283 -0.002241 0.056830
v 0.000957 -0.000434 0.056801
v 0.000957 -0.000434 0.056801
v 0.000957 -0.000434 0.056801
v 0.000957 -0.000434 0.056801
v 0.000957 -0.000434 0.056801
v 0.000957 -0.000206 0.056802
v 0.000957 -0.000206 0.056802
v 0.000957 -0.000206 0.056802
v 0.000957 -0.000206 0.056802
v 0.000957 -0.000206 0.056802
v 0.000957 -0.000206 0.056802
v 0.000287 -0.001188 0.056857
v 0.000287 -0.001188 0.056857
v 0.000287 -0.001188 0.056857
v 0.000287 -0.001188 0.056857
v 0.000290 -0.000412 0.056877
v 0.000290 -0.000412 0.056877
v 0.000290 -0.000412 0.056877
v 0.000290 -0.000412 0.056877
v 0.000290 -0.000412 0.056877
v 0.000290 -0.000412 0.056877
v 0.000957 -0.000167 0.056802
v 0.000957 -0.000167 0.056802
v 0.000957 -0.000167 0.056802
v 0.000957 -0.000167 0.056802
v 0.000957 -0.000106 0.056802
v 0.000957 -0.000106 0.056802
v 0.000957 -0.000106 0.056802
v 0.000957 -0.000106 0.056802
v 0.000957 -0.000106 0.056802
v 0.000957 -0.000106 0.056802
v 0.000291 -0.000253 0.056881
v 0.000291 -0.000253 0.056881
v 0.000291 -0.000253 0.056881
v 0.000291 -0.000253 0.056881
v 0.000291 -0.000074 0.056881
v 0.000291 -0.000074 0.056881
v 0.000291 -0.000074 0.056881
v 0.000291 -0.000074 0.056881
v 0.000291 -0.000074 0.056881
v 0.000291 -0.000074 0.056881
v 0.000957 -0.000025 0.056802
v 0.000957 -0.000025 0.056802
v 0.000957 -0.000025 0.056802
v 0.000957 -0.000025 0.056802
v 0.000957 0.000058 0.056802
v 0.000957 0.000058 0.056802
v 0.000957 0.000058 0.056802
v 0.000957 0.000058 0.056802
v 0.000957 0.000058 0.056802
v 0.000291 0.000214 0.056880
v 0.000291 0.000214 0.056880
v 0.000291 0.000214 0.056880
v 0.000291 0.000214 0.056880
v 0.000291 0.000214 0.056880
v 0.000291 0.000214 0.056880
v 0.000957 0.000135 0.056802
v 0.000957 0.000135 0.056802
v 0.000957 0.000135 0.056802
v 0.000957 0.000135 0.056802
v 0.000957 0.000135 0.056802
v 0.000290 0.000522 0.056879
v 0.000290 0.000522 0.056879
v 0.000290 0.000522 0.056879
v 0.000290 0.000522 0.056879
v 0.000290 0.000522 0.056879
v 0.000957 0.000146 0.056802
v 0.000957 0.000146 0.056802
v 0.000957 0.000146 0.056802
v 0.000957 0.000146 0.056802
v 0.000957 0.000146 0.056802
v 0.000290 0.000741 0.056878
v 0.000290 0.000741 0.056878
v 0.000290 0.000741 0.056878
v 0.000290 0.000741 0.056878
v 0.000290 0.000741 0.056878
v 0.000957 0.000268 0.056802
v 0.000957 0.000268 0.056802
v 0.000957 0.000268 0.056802
v 0.000957 0.000268 0.056802
v 0.000957 0.000268 0.056802
v 0.000289 0.001076 0.056868
v 0.000289 0.001076 0.056868
v 0.000289 0.001076 0.056868
v 0.000289 0.001076 0.056868
v 0.000289 0.001076 0.056868
v 0.000957 0.000437 0.056801
v 0.000957 0.000437 0.056801
v 0.000957 0.000437 0.056801
v 0.000957 0.000437 0.056801
v 0.000957 0.000437 0.056801
v 0.000957 0.000459 0.056801
v 0.000957 0.000459 0.056801
v 0.000957 0.000459 0.056801
v 0.000957 0.000459 0.056801
v 0.000956 0.001084 0.056795
v 0.000956 0.001084 0.056795
v 0.000956 0.001084 0.056795
v 0.000956 0.001084 0.056795
v 0.000952 0.002335 0.056771
v 0.000952 0.002335 0.056771
v 0.000952 0.002335 0.056771
v 0.000952 0.002335 0.056771
v 0.000952 0.002335 0.056771
v 0.000952 0.002335 0.056771
v 0.000274 0.004272 0.056765
v 0.000274 0.004272 0.056765
v 0.000274 0.004272 0.056765
v 0.000274 0.004272 0.056765
v 0.000274 0.004272 0.056765
v 0.000274 0.004272 0.056765
v 0.000940 0.004423 0.056682
v 0.000940 0.004423 0.056682
v 0.000940 0.004423 0.056682
v 0.000940 0.004423 0.056682
v 0.000940 0.004423 0.056682
v 0.000940 0.004423 0.056682
v 0.000940 0.004423 0.056682
v 0.000272 0.004717 0.056751
v 0.000272 0.004717 0.056751
v 0.000272 0.004717 0.056751
v 0.000272 0.004717 0.056751
v 0.000272 0.004717 0.056751
v 0.000272 0.004717 0.056751
v 0.000937 0.004835 0.056665
v 0.000937 0.004835 0.056665
v 0.000937 0.004835 0.056665
v 0.000937 0.004835 0.056665
v 0.000937 0.004835 0.056665
v 0.000937 0.004835 0.056665
v 0.000937 0.004835 0.056665
v 0.000271 0.004845 0.056744
v 0.000271 0.004845 0.056744
v 0.000271 0.004845 0.056744
v 0.000271 0.004845 0.056744
v 0.000271 0.004845 0.056744
v 0.001190 0.004835 0.056631
v 0.001190 0.004835 0.056631
v 0.001190 0.004835 0.056631
v 0.001190 0.004835 0.056631
v 0.001190 0.004835 0.056631
v 0.001190 0.004835 0.056631
v 0.001144 0.008646 0.056318
v 0.001144 0.008646 0.056318
v 0.001144 0.008646 0.056318
v 0.001144 0.008646 0.056318
v 0.001144 0.008646 0.056318
v 0.001144 0.008646 0.056318
v 0.001144 0.008646 0.056318
v 0.001144 0.008646 0.056318
v -0.001170 0.008321 0.056609
v -0.001170 0.008321 0.056609
v -0.001170 0.008321 0.056609
v -0.001170 0.008321 0.056609
v -0.001170 0.008321 0.056609
v -0.001170 0.008321 0.056609
v -0.001170 0.008321 0.056609
v -0.001170 0.008321 0.056609
v -0.001170 0.008321 0.056609
v -0.001170 0.008321 0.056609
v -0.001170 0.008321 0.056609
v -0.000171 0.004845 0.056791
v -0.000171 0.004845 0.056791
v -0.000171 0.004845 0.056791
v -0.000171 0.004845 0.056791
v -0.000171 0.004845 0.056791
v -0.000171 0.004845 0.056791
v -0.000171 0.004845 0.056791
v -0.002382 0.002830 0.057098
v -0.002382 0.002830 0.057098
v -0.002382 0.002830 0.057098
v -0.002382 0.002830 0.057098
v -0.002382 0.002830 0.057098
v -0.002386 0.003441 0.057070
v -0.002386 0.003441 0.057070
v -0.002386 0.003441 0.057070
v -0.002386 0.003441 0.057070
v -0.002386 0.003441 0.057070
v -0.005123 0.005890 0.057108
v -0.005123 0.005890 0.057108
v -0.005123 0.005890 0.057108
v -0.005123 0.005890 0.057108
v -0.005123 0.005890 0.057108
v -0.005123 0.005890 0.057108
v -0.002394 0.004845 0.057005
v -0.002394 0.004845 0.057005
v -0.002394 0.004845 0.057005
v -0.002394 0.004845 0.057005
v -0.002394 0.004845 0.057005
v -0.003312 0.007380 0.056879
v -0.003312 0.007380 0.056879
v -0.003312 0.007380 0.056879
v -0.003312 0.007380 0.056879
v -0.003312 0.007380 0.056879
v -0.003312 0.007380 0.056879
v -0.003312 0.007380 0.056879
v -0.003312 0.007380 0.056879
v -0.001770 0.004845 0.056949
v -0.001770 0.004845 0.056949
v -0.001770 0.004845 0.056949
v -0.001770 0.004845 0.056949
v -0.001770 0.004845 0.056949
v -0.001770 0.004845 0.056949
v -0.001080 0.004845 0.056887
v -0.001080 0.004845 0.056887
v -0.001080 0.004845 0.056887
v -0.001080 0.004845 0.056887
v -0.006467 0.003963 0.057277
v -0.006467 0.003963 0.057277
v -0.006467 0.003963 0.057277
v -0.006467 0.003963 0.057277
v -0.006467 0.003963 0.057277
v -0.006467 0.003963 0.057277
v -0.006467 0.003963 0.057277
v -0.006467 0.003963 0.057277
v -0.006467 0.003963 0.057277
v -0.006467 0.003963 0.057277
v -0.006467 0.003963 0.057277
v -0.006467 0.003963 0.057277
v -0.002378 0.001776 0.057127
v -0.002378 0.001776 0.057127
v -0.002378 0.001776 0.057127
v -0.002808 0.001776 0.057157
v -0.002808 0.001776 0.057157
v -0.002808 0.001776 0.057157
v -0.002808 0.001776 0.057157
v -0.002808 0.001776 0.057157
v -0.002808 0.001776 0.057157
v -0.002808 0.001776 0.057157
v -0.002808 0.001776 0.057157
v -0.004440 0.001776 0.057271
v -0.004440 0.001776 0.057271
v -0.004440 0.001776 0.057271
v -0.004440 0.001776 0.057271
v -0.004440 0.001776 0.057271
v -0.004440 0.001776 0.057271
v -0.007236 0.001775 0.057371
v -0.007236 0.001775 0.057371
v -0.007236 0.001775 0.057371
v -0.007236 0.001775 0.057371
v -0.007236 0.001775 0.057371
v -0.007410 0.001775 0.057377
v -0.007410 0.001775 0.057377
v -0.007410 0.001775 0.057377
v -0.007410 0.001775 0.057377
v -0.007410 0.001775 0.057377
v -0.007410 0.001775 0.057377
v -0.010143 0.002365 0.057313
v -0.010143 0.002365 0.057313
v -0.010143 0.002365 0.057313
v -0.010143 0.002365 0.057313
v -0.010143 0.002365 0.057313
v -0.010143 0.002365 0.057313
v -0.010143 0.002365 0.057313
v -0.010135 -0.000328 0.057376
v -0.010135 -0.000328 0.057376
v -0.010135 -0.000328 0.057376
v -0.010135 -0.000328 0.057376
v -0.010135 -0.000328 0.057376
v -0.007416 0.000561 0.057395
v -0.007416 0.000561 0.057395
v -0.007416 0.000561 0.057395
v -0.007416 0.000561 0.057395
v -0.007416 0.000561 0.057395
v -0.007416 0.000561 0.057395
v -0.007416 0.000561 0.057395
v -0.007416 0.000561 0.057395
v -0.007613 -0.002880 0.057346
v -0.007613 -0.002880 0.057346
v -0.007613 -0.002880 0.057346
v -0.007613 -0.002880 0.057346
v -0.007613 -0.002880 0.057346
v -0.007610 -0.002342 0.057365
v -0.007610 -0.002342 0.057365
v -0.007610 -0.002342 0.057365
v -0.007610 -0.002342 0.057365
v -0.007610 -0.002342 0.057365
v -0.007610 -0.002342 0.057365
v -0.007609 -0.001811 0.057379
v -0.007609 -0.001811 0.057379
v -0.007609 -0.001811 0.057379
v -0.007609 -0.001811 0.057379
v -0.007609 -0.001811 0.057379
v -0.007609 -0.001811 0.057379
v -0.007416 -0.000609 0.057395
v -0.007416 -0.000609 0.057395
v -0.007416 -0.000609 0.057395
v -0.007416 -0.000609 0.057395
v -0.007416 -0.000609 0.057395
v -0.007416 -0.000609 0.057395
v -0.010136 -0.000798 0.057370
v -0.010136 -0.000798 0.057370
v -0.010136 -0.000798 0.057370
v -0.010136 -0.000798 0.057370
v -0.010136 -0.000798 0.057370
v -0.007416 -0.000660 0.057395
v -0.007416 -0.000660 0.057395
v -0.007416 -0.000660 0.057395
v -0.007416 -0.000660 0.057395
v -0.007416 -0.000660 0.057395
v -0.007416 -0.000660 0.057395
v -0.007416 -0.000660 0.057395
v -0.007416 -0.000660 0.057395
v -0.010137 -0.001321 0.057364
v -0.010137 -0.001321 0.057364
v -0.010137 -0.001321 0.057364
v -0.010137 -0.001321 0.057364
v -0.010137 -0.001321 0.057364
v -0.010137 -0.001321 0.057364
v -0.010138 -0.001817 0.057353
v -0.010138 -0.001817 0.057353
v -0.010138 -0.001817 0.057353
v -0.010138 -0.001817 0.057353
v -0.007398 -0.000660 0.057394
v -0.007398 -0.000660 0.057394
v -0.007398 -0.000660 0.057394
v -0.007398 -0.000660 0.057394
v -0.007398 -0.000660 0.057394
v -0.007398 -0.000660 0.057394
v -0.007226 -0.001811 0.057366
v -0.007226 -0.001811 0.057366
v -0.007226 -0.001811 0.057366
v -0.007226 -0.001811 0.057366
v -0.007226 -0.001811 0.057366
v -0.007226 -0.001811 0.057366
v -0.007226 -0.001811 0.057366
v -0.004438 -0.000660 0.057287
v -0.004438 -0.000660 0.057287
v -0.004438 -0.000660 0.057287
v -0.004438 -0.000660 0.057287
v -0.004438 -0.000660 0.057287
v -0.004438 -0.000660 0.057287
v -0.004438 -0.000660 0.057287
v -0.004438 -0.000660 0.057287
v -0.002376 -0.001294 0.057136
v -0.002376 -0.001294 0.057136
v -0.002376 -0.001294 0.057136
v -0.002376 -0.001294 0.057136
v -0.002376 -0.001294 0.057136
v -0.002943 -0.001496 0.057177
v -0.002943 -0.001496 0.057177
v -0.002943 -0.001496 0.057177
v -0.002943 -0.001496 0.057177
v -0.002943 -0.001496 0.057177
v -0.002943 -0.001496 0.057177
v -0.003861 -0.001811 0.057234
v -0.003861 -0.001811 0.057234
v -0.003861 -0.001811 0.057234
v -0.003861 -0.001811 0.057234
v -0.003861 -0.001811 0.057234
v -0.003861 -0.001811 0.057234
v -0.003861 -0.001811 0.057234
v -0.004538 -0.001811 0.057275
v -0.004538 -0.001811 0.057275
v -0.004538 -0.001811 0.057275
v -0.004538 -0.001811 0.057275
v -0.004538 -0.001811 0.057275
v -0.002378 -0.001811 0.057126
v -0.002378 -0.001811 0.057126
v -0.002378 -0.001811 0.057126
v -0.002378 -0.001811 0.057126
v -0.002806 -0.001811 0.057158
v -0.002806 -0.001811 0.057158
v -0.002806 -0.001811 0.057158
v -0.002806 -0.001811 0.057158
v -0.002806 -0.001811 0.057158
v -0.002806 -0.001811 0.057158
v -0.002806 -0.001811 0.057158
v -0.002806 -0.001811 0.057158
v -0.003546 -0.001811 0.057214
v -0.003546 -0.001811 0.057214
v -0.003546 -0.001811 0.057214
v -0.003546 -0.001811 0.057214
v -0.007336 -0.003682 0.057309
v -0.007336 -0.003682 0.057309
v -0.007336 -0.003682 0.057309
v -0.007336 -0.003682 0.057309
v -0.007336 -0.003682 0.057309
v -0.007336 -0.003682 0.057309
v -0.010157 -0.004605 0.057201
v -0.010157 -0.004605 0.057201
v -0.010157 -0.004605 0.057201
v -0.010157 -0.004605 0.057201
v -0.010157 -0.004605 0.057201
v -0.010157 -0.004605 0.057201
v -0.007016 -0.003970 0.057289
v -0.007016 -0.003970 0.057289
v -0.007016 -0.003970 0.057289
v -0.007016 -0.003970 0.057289
v -0.007016 -0.003970 0.057289
v -0.007016 -0.003970 0.057289
v -0.006321 -0.004172 0.057262
v -0.006321 -0.004172 0.057262
v -0.006321 -0.004172 0.057262
v -0.006321 -0.004172 0.057262
v -0.006363 -0.004167 0.057264
v -0.006363 -0.004167 0.057264
v -0.006363 -0.004167 0.057264
v -0.006363 -0.004167 0.057264
v -0.006363 -0.004167 0.057264
v -0.006363 -0.004167 0.057264
v -0.008927 -0.007156 0.057047
v -0.008927 -0.007156 0.057047
v -0.008927 -0.007156 0.057047
v -0.008927 -0.007156 0.057047
v -0.008927 -0.007156 0.057047
v -0.008927 -0.007156 0.057047
v -0.008927 -0.007156 0.057047
v -0.008927 -0.007156 0.057047
v -0.008927 -0.007156 0.057047
v -0.008927 -0.007156 0.057047
v -0.008927 -0.007156 0.057047
v -0.008927 -0.007156 0.057047
v -0.008927 -0.007156 0.057047
v -0.008927 -0.007156 0.057047
v -0.006618 -0.004137 0.057272
v -0.006618 -0.004137 0.057272
v -0.006618 -0.004137 0.057272
v -0.006618 -0.004137 0.057272
v -0.006618 -0.004137 0.057272
v -0.002248 -0.007942 0.056745
v -0.002248 -0.007942 0.056745
v -0.002248 -0.007942 0.056745
v -0.002248 -0.007942 0.056745
v -0.002248 -0.007942 0.056745
v -0.002248 -0.007942 0.056745
v -0.002248 -0.007942 0.056745
v -0.002248 -0.007942 0.056745
v -0.002248 -0.007942 0.056745
v -0.000770 -0.004174 0.056893
v -0.000770 -0.004174 0.056893
v -0.000770 -0.004174 0.056893
v -0.000770 -0.004174 0.056893
v -0.000770 -0.004174 0.056893
v -0.002672 -0.004173 0.057020
v -0.002672 -0.004173 0.057020
v -0.002672 -0.004173 0.057020
v -0.002672 -0.004173 0.057020
v -0.002672 -0.004173 0.057020
v 0.000004 -0.008574 0.056461
v 0.000004 -0.008574 0.056461
v 0.000004 -0.008574 0.056461
v 0.000004 -0.008574 0.056461
v 0.000004 -0.008574 0.056461
v 0.000004 -0.008574 0.056461
v 0.000004 -0.008574 0.056461
v 0.000004 -0.008574 0.056461
v 0.000004 -0.008574 0.056461
v -0.000219 -0.004174 0.056834
v -0.000219 -0.004174 0.056834
v -0.000219 -0.004174 0.056834
v -0.000219 -0.004174 0.056834
v -0.000219 -0.004174 0.056834
v -0.000219 -0.004174 0.056834
v -0.000219 -0.004174 0.056834
v -0.000596 -0.004174 0.056874
v -0.000596 -0.004174 0.056874
v -0.000596 -0.004174 0.056874
v -0.000596 -0.004174 0.056874
v -0.000596 -0.004174 0.056874
v 0.002586 -0.004174 0.056480
v 0.002586 -0.004174 0.056480
v 0.002586 -0.004174 0.056480
v 0.002586 -0.004174 0.056480
v 0.002586 -0.004174 0.056480
v 0.002586 -0.004174 0.056480
v 0.002586 -0.004174 0.056480
v 0.002240 -0.004174 0.056531
v 0.002240 -0.004174 0.056531
v 0.002240 -0.004174 0.056531
v 0.002240 -0.004174 0.056531
v 0.001808 -0.004397 0.056578
v 0.001808 -0.004397 0.056578
v 0.001808 -0.004397 0.056578
v 0.001808 -0.004397 0.056578
v 0.001808 -0.004397 0.056578
v 0.001808 -0.004397 0.056578
v 0.001784 -0.004174 0.056590
v 0.001784 -0.004174 0.056590
v 0.001784 -0.004174 0.056590
v 0.001784 -0.004174 0.056590
v 0.001784 -0.004174 0.056590
v 0.001784 -0.004174 0.056590
v 0.000943 -0.004174 0.056701
v 0.000943 -0.004174 0.056701
v 0.000943 -0.004174 0.056701
v 0.000943 -0.004174 0.056701
v 0.000943 -0.004174 0.056701
v 0.006585 -0.006704 0.055631
v 0.006585 -0.006704 0.055631
v 0.006585 -0.006704 0.055631
v 0.006585 -0.006704 0.055631
v 0.006585 -0.006704 0.055631
v 0.006585 -0.006704 0.055631
v 0.006585 -0.006704 0.055631
v 0.006585 -0.006704 0.055631
v 0.006585 -0.006704 0.055631
v 0.006585 -0.006704 0.055631
v 0.003539 -0.004173 0.056340
v 0.003539 -0.004173 0.056340
v 0.003539 -0.004173 0.056340
v 0.003539 -0.004173 0.056340
v 0.003539 -0.004173 0.056340
v 0.004590 -0.007931 0.055882
v 0.004590 -0.007931 0.055882
v 0.004590 -0.007931 0.055882
v 0.004590 -0.007931 0.055882
v 0.004590 -0.007931 0.055882
v 0.004590 -0.007931 0.055882
v 0.004590 -0.007931 0.055882
v 0.004590 -0.007931 0.055882
v 0.004590 -0.007931 0.055882
v 0.004801 -0.002555 0.056201
v 0.004801 -0.002555 0.056201
v 0.004801 -0.002555 0.056201
v 0.004801 -0.002555 0.056201
v 0.004801 -0.002555 0.056201
v 0.004801 -0.002555 0.056201
v 0.004801 -0.002555 0.056201
v 0.003547 -0.002066 0.056397
v 0.003547 -0.002066 0.056397
v 0.003547 -0.002066 0.056397
v 0.003547 -0.002066 0.056397
v 0.003547 -0.002066 0.056397
v 0.003547 -0.002066 0.056397
v 0.003551 -0.000949 0.056427
v 0.003551 -0.000949 0.056427
v 0.003551 -0.000949 0.056427
v 0.003551 -0.000949 0.056427
v 0.005350 -0.001482 0.056131
v 0.005350 -0.001482 0.056131
v 0.005350 -0.001482 0.056131
v 0.005350 -0.001482 0.056131
v 0.005350 -0.001482 0.056131
v 0.005350 -0.001482 0.056131
v 0.005350 -0.001482 0.056131
v 0.005350 -0.001482 0.056131
v 0.003553 -0.000437 0.056441
v 0.003553 -0.000437 0.056441
v 0.003553 -0.000437 0.056441
v 0.003553 -0.000437 0.056441
v 0.003553 -0.000437 0.056441
v 0.005592 -0.000299 0.056101
v 0.005592 -0.000299 0.056101
v 0.005592 -0.000299 0.056101
v 0.005592 -0.000299 0.056101
v 0.005592 -0.000299 0.056101
v 0.003553 -0.000171 0.056438
v 0.003553 -0.000171 0.056438
v 0.003553 -0.000171 0.056438
v 0.003553 -0.000171 0.056438
v 0.003553 -0.000171 0.056438
v 0.003550 0.001394 0.056421
v 0.003550 0.001394 0.056421
v 0.003550 0.001394 0.056421
v 0.003550 0.001394 0.056421
v 0.003550 0.001394 0.056421
v 0.003550 0.001394 0.056421
v 0.003550 0.001394 0.056421
v 0.003552 0.000564 0.056430
v 0.003552 0.000564 0.056430
v 0.003552 0.000564 0.056430
v 0.003552 0.000564 0.056430
v 0.003552 0.000564 0.056430
v 0.005105 0.002044 0.056162
v 0.005105 0.002044 0.056162
v 0.005105 0.002044 0.056162
v 0.005105 0.002044 0.056162
v 0.005105 0.002044 0.056162
v 0.005105 0.002044 0.056162
v 0.005508 0.000906 0.056112
v 0.005508 0.000906 0.056112
v 0.005508 0.000906 0.056112
v 0.005508 0.000906 0.056112
v 0.005508 0.000906 0.056112
v 0.005508 0.000906 0.056112
v 0.005508 0.000906 0.056112
v 0.005508 0.000906 0.056112
v 0.005675 0.002317 0.056051
v 0.005675 0.002317 0.056051
v 0.005675 0.002317 0.056051
v 0.005675 0.002317 0.056051
v 0.005675 0.002317 0.056051
v 0.005675 0.002317 0.056051
v 0.005429 0.002317 0.056098
v 0.005429 0.002317 0.056098
v 0.005429 0.002317 0.056098
v 0.005429 0.002317 0.056098
v 0.004936 0.002317 0.056183
v 0.004936 0.002317 0.056183
v 0.004936 0.002317 0.056183
v 0.004936 0.002317 0.056183
v 0.004936 0.002317 0.056183
v 0.004936 0.002317 0.056183
v 0.004450 0.002317 0.056267
v 0.004450 0.002317 0.056267
v 0.004450 0.002317 0.056267
v 0.004450 0.002317 0.056267
v 0.004450 0.002317 0.056267
v 0.003549 0.002244 0.056412
v 0.003549 0.002244 0.056412
v 0.003549 0.002244 0.056412
v 0.003549 0.002244 0.056412
v 0.003549 0.002244 0.056412
v 0.003549 0.002244 0.056412
v 0.003549 0.002244 0.056412
v 0.003680 0.002317 0.056390
v 0.003680 0.002317 0.056390
v 0.003680 0.002317 0.056390
v 0.003680 0.002317 0.056390
v 0.003680 0.002317 0.056390
v 0.003680 0.002317 0.056390
v 0.003680 0.002317 0.056390
v 0.003680 0.002317 0.056390
v 0.003549 0.002317 0.056411
v 0.003549 0.002317 0.056411
v 0.003549 0.002317 0.056411
v 0.007265 0.002317 0.055748
v 0.007265 0.002317 0.055748
v 0.007265 0.002317 0.055748
v 0.007265 0.002317 0.055748
v 0.007268 0.001294 0.055766
v 0.007268 0.001294 0.055766
v 0.007268 0.001294 0.055766
v 0.007268 0.001294 0.055766
v 0.007268 0.001294 0.055766
v 0.007268 0.001294 0.055766
v 0.007270 0.000559 0.055778
v 0.007270 0.000559 0.055778
v 0.007270 0.000559 0.055778
v 0.007270 0.000559 0.055778
v 0.007270 -0.000435 0.055779
v 0.007270 -0.000435 0.055779
v 0.007270 -0.000435 0.055779
v 0.007270 -0.000435 0.055779
v 0.007270 -0.000435 0.055779
v 0.007270 -0.000435 0.055779
v 0.007270 -0.000435 0.055779
v 0.007254 -0.004172 0.055674
v 0.007254 -0.004172 0.055674
v 0.007254 -0.004172 0.055674
v 0.007254 -0.004172 0.055674
v 0.007254 -0.004172 0.055674
v 0.007254 -0.004172 0.055674
v 0.007262 -0.002269 0.055727
v 0.007262 -0.002269 0.055727
v 0.007262 -0.002269 0.055727
v 0.007262 -0.002269 0.055727
v 0.007262 -0.002269 0.055727
v 0.008675 -0.004172 0.055367
v 0.008675 -0.004172 0.055367
v 0.008675 -0.004172 0.055367
v 0.008675 -0.004172 0.055367
v 0.008675 -0.004172 0.055367
v 0.008584 -0.004172 0.055388
v 0.008584 -0.004172 0.055388
v 0.008584 -0.004172 0.055388
v 0.008584 -0.004172 0.055388
v 0.008584 -0.004172 0.055388
v 0.008584 -0.004172 0.055388
v 0.008177 -0.004980 0.055430
v 0.008177 -0.004980 0.055430
v 0.008177 -0.004980 0.055430
v 0.008177 -0.004980 0.055430
v 0.008177 -0.004980 0.055430
v 0.008177 -0.004980 0.055430
v 0.008177 -0.004980 0.055430
v 0.008177 -0.004980 0.055430
v 0.009837 -0.004171 0.055094
v 0.009837 -0.004171 0.055094
v 0.009837 -0.004171 0.055094
v 0.009837 -0.004171 0.055094
v 0.009837 -0.004171 0.055094
v 0.011132 -0.007122 0.054517
v 0.011132 -0.007122 0.054517
v 0.011132 -0.007122 0.054517
v 0.011132 -0.007122 0.054517
v 0.011132 -0.007122 0.054517
v 0.011132 -0.007122 0.054517
v 0.011132 -0.007122 0.054517
v 0.011132 -0.007122 0.054517
v 0.011132 -0.007122 0.054517
v 0.011132 -0.007122 0.054517
v 0.011132 -0.007122 0.054517
v 0.011132 -0.007122 0.054517
v 0.011132 -0.007122 0.054517
v 0.009844 -0.003116 0.055139
v 0.009844 -0.003116 0.055139
v 0.009844 -0.003116 0.055139
v 0.009844 -0.003116 0.055139
v 0.009844 -0.003116 0.055139
v 0.009844 -0.003116 0.055139
v 0.009844 -0.003116 0.055139
v 0.009847 -0.000614 0.055159
v 0.009847 -0.000614 0.055159
v 0.009847 -0.000614 0.055159
v 0.009847 -0.000614 0.055159
v 0.009847 -0.000614 0.055159
v 0.009847 -0.000614 0.055159
v 0.009847 -0.000614 0.055159
v 0.009847 -0.000614 0.055159
v 0.012791 -0.000790 0.054408
v 0.012791 -0.000790 0.054408
v 0.012791 -0.000790 0.054408
v 0.012791 -0.000790 0.054408
v 0.012791 -0.000790 0.054408
v 0.012791 0.000131 0.054412
v 0.012791 0.000131 0.054412
v 0.012791 0.000131 0.054412
v 0.012791 0.000131 0.054412
v 0.012791 0.000131 0.054412
v 0.009748 0.003700 0.055140
v 0.009748 0.003700 0.055140
v 0.009748 0.003700 0.055140
v 0.009748 0.003700 0.055140
v 0.009748 0.003700 0.055140
v 0.009748 0.003700 0.055140
v 0.009478 0.004195 0.055179
v 0.009478 0.004195 0.055179
v 0.009478 0.004195 0.055179
v 0.009478 0.004195 0.055179
v 0.009478 0.004195 0.055179
v 0.009361 0.004302 0.055201
v 0.009361 0.004302 0.055201
v 0.009361 0.004302 0.055201
v 0.009361 0.004302 0.055201
v 0.009361 0.004302 0.055201
v 0.009845 0.001897 0.055148
v 0.009845 0.001897 0.055148
v 0.009845 0.001897 0.055148
v 0.009845 0.001897 0.055148
v 0.009845 0.001897 0.055148
v 0.012780 0.002498 0.054341
v 0.012780 0.002498 0.054341
v 0.012780 0.002498 0.054341
v 0.012780 0.002498 0.054341
v 0.012780 0.002498 0.054341
v 0.012780 0.002498 0.054341
v 0.009844 0.003143 0.055142
v 0.009844 0.003143 0.055142
v 0.009844 0.003143 0.055142
v 0.009844 0.003143 0.055142
v 0.009844 0.003143 0.055142
v 0.012775 0.003525 0.054310
v 0.012775 0.003525 0.054310
v 0.012775 0.003525 0.054310
v 0.012775 0.003525 0.054310
v 0.012775 0.003525 0.054310
v 0.012775 0.003525 0.054310
v 0.009064 0.004572 0.055255
v 0.009064 0.004572 0.055255
v 0.009064 0.004572 0.055255
v 0.009064 0.004572 0.055255
v 0.009064 0.004572 0.055255
v 0.008552 0.004789 0.055359
v 0.008552 0.004789 0.055359
v 0.008552 0.004789 0.055359
v 0.008552 0.004789 0.055359
v 0.008552 0.004789 0.055359
v 0.008552 0.004789 0.055359
v 0.009957 0.008320 0.054674
v 0.009957 0.008320 0.054674
v 0.009957 0.008320 0.054674
v 0.009957 0.008320 0.054674
v 0.009957 0.008320 0.054674
v 0.009957 0.008320 0.054674
v 0.009957 0.008320 0.054674
v 0.009957 0.008320 0.054674
v 0.008280 0.004821 0.055418
v 0.008280 0.004821 0.055418
v 0.008280 0.004821 0.055418
v 0.008280 0.004821 0.055418
v 0.008280 0.004821 0.055418
v 0.008280 0.004821 0.055418
v 0.008181 0.004833 0.055439
v 0.008181 0.004833 0.055439
v 0.008181 0.004833 0.055439
v 0.008181 0.004833 0.055439
v 0.007421 0.005911 0.055526
v 0.007421 0.005911 0.055526
v 0.007421 0.005911 0.055526
v 0.007421 0.005911 0.055526
v 0.007421 0.005911 0.055526
v 0.006812 0.004833 0.055686
v 0.006812 0.004833 0.055686
v 0.006812 0.004833 0.055686
v 0.006812 0.004833 0.055686
v 0.006812 0.004833 0.055686
v 0.005605 0.007394 0.055755
v 0.005605 0.007394 0.055755
v 0.005605 0.007394 0.055755
v 0.005605 0.007394 0.055755
v 0.005605 0.007394 0.055755
v 0.005605 0.007394 0.055755
v 0.005605 0.007394 0.055755
v 0.005605 0.007394 0.055755
v 0.004464 0.004834 0.056110
v 0.004464 0.004834 0.056110
v 0.004464 0.004834 0.056110
v 0.004464 0.004834 0.056110
v 0.004464 0.004834 0.056110
v 0.004464 0.004834 0.056110
v 0.002658 0.004834 0.056435
v 0.002658 0.004834 0.056435
v 0.002658 0.004834 0.056435
v 0.002658 0.004834 0.056435
v 0.002658 0.004834 0.056435
v 0.002221 0.012815 0.055548
v 0.002221 0.012815 0.055548
v 0.002221 0.012815 0.055548
v 0.002221 0.012815 0.055548
v 0.002221 0.012815 0.055548
v 0.002030 0.012925 0.055554
v 0.002030 0.012925 0.055554
v 0.002030 0.012925 0.055554
v 0.002030 0.012925 0.055554
v 0.002030 0.012925 0.055554
v 0.001784 0.013038 0.055566
v 0.001784 0.013038 0.055566
v 0.001784 0.013038 0.055566
v 0.001784 0.013038 0.055566
v 0.001784 0.013038 0.055566
v 0.001294 0.013123 0.055614
v 0.001294 0.013123 0.055614
v 0.001294 0.013123 0.055614
v 0.001294 0.013123 0.055614
v 0.001294 0.013123 0.055614
v 0.003825 0.011891 0.055439
v 0.003825 0.011891 0.055439
v 0.003825 0.011891 0.055439
v 0.003825 0.011891 0.055439
v 0.003825 0.011891 0.055439
v 0.003825 0.011891 0.055439
v 0.003825 0.011891 0.055439
v 0.006511 0.010338 0.055220
v 0.006511 0.010338 0.055220
v 0.006511 0.010338 0.055220
v 0.006511 0.010338 0.055220
v 0.006511 0.010338 0.055220
v 0.006511 0.010338 0.055220
v 0.006511 0.010338 0.055220
v 0.007112 0.009988 0.055144
v 0.007112 0.009988 0.055144
v 0.007112 0.009988 0.055144
v 0.007112 0.009988 0.055144
v 0.007364 0.009841 0.055112
v 0.007364 0.009841 0.055112
v 0.007364 0.009841 0.055112
v 0.007364 0.009841 0.055112
v 0.012637 0.006385 0.054150
v 0.012637 0.006385 0.054150
v 0.012637 0.006385 0.054150
v 0.012637 0.006385 0.054150
v 0.012637 0.006385 0.054150
v 0.012637 0.006385 0.054150
v 0.012541 0.006578 0.054160
v 0.012541 0.006578 0.054160
v 0.012541 0.006578 0.054160
v 0.012541 0.006578 0.054160
v 0.012541 0.006578 0.054160
v 0.012224 0.006957 0.054217
v 0.012224 0.006957 0.054217
v 0.012224 0.006957 0.054217
v 0.012224 0.006957 0.054217
v 0.012224 0.006957 0.054217
v 0.012017 0.007105 0.054263
v 0.012017 0.007105 0.054263
v 0.012017 0.007105 0.054263
v 0.012017 0.007105 0.054263
v 0.012017 0.007105 0.054263
v 0.012772 0.004102 0.054293
v 0.012772 0.004102 0.054293
v 0.012772 0.004102 0.054293
v 0.012772 0.004102 0.054293
v 0.012772 0.004102 0.054293
v 0.012752 0.005821 0.054168
v 0.012752 0.005821 0.054168
v 0.012752 0.005821 0.054168
v 0.012752 0.005821 0.054168
v 0.012752 0.005821 0.054168
v 0.012749 0.005906 0.054161
v 0.012749 0.005906 0.054161
v 0.012749 0.005906 0.054161
v 0.012749 0.005906 0.054161
v 0.012704 0.006097 0.054156
v 0.012704 0.006097 0.054156
v 0.012704 0.006097 0.054156
v 0.012704 0.006097 0.054156
v 0.012747 -0.005932 0.054159
v 0.012747 -0.005932 0.054159
v 0.012747 -0.005932 0.054159
v 0.012747 -0.005932 0.054159
v 0.012747 -0.005932 0.054159
v 0.012752 -0.005827 0.054167
v 0.012752 -0.005827 0.054167
v 0.012752 -0.005827 0.054167
v 0.012752 -0.005827 0.054167
v 0.012752 -0.005827 0.054167
v 0.011529 -0.007400 0.054369
v 0.011529 -0.007400 0.054369
v 0.011529 -0.007400 0.054369
v 0.011529 -0.007400 0.054369
v 0.011529 -0.007400 0.054369
v 0.012017 -0.007112 0.054262
v 0.012017 -0.007112 0.054262
v 0.012017 -0.007112 0.054262
v 0.012017 -0.007112 0.054262
v 0.012017 -0.007112 0.054262
v 0.012380 -0.006808 0.054185
v 0.012380 -0.006808 0.054185
v 0.012380 -0.006808 0.054185
v 0.012380 -0.006808 0.054185
v 0.012380 -0.006808 0.054185
v 0.012637 -0.006392 0.054149
v 0.012637 -0.006392 0.054149
v 0.012637 -0.006392 0.054149
v 0.012637 -0.006392 0.054149
v 0.012637 -0.006392 0.054149
v 0.009848 -0.002458 0.055167
v 0.009848 -0.002458 0.055167
v 0.009848 -0.002458 0.055167
v 0.009848 -0.002458 0.055167
v 0.009848 -0.002458 0.055167
v 0.012788 -0.001855 0.054388
v 0.012788 -0.001855 0.054388
v 0.012788 -0.001855 0.054388
v 0.012788 -0.001855 0.054388
v 0.012788 -0.001855 0.054388
v 0.012788 -0.001855 0.054388
v 0.012791 -0.000862 0.054407
v 0.012791 -0.000862 0.054407
v 0.012791 -0.000862 0.054407
v 0.012791 -0.000862 0.054407
v 0.007364 -0.009848 0.055111
v 0.007364 -0.009848 0.055111
v 0.007364 -0.009848 0.055111
v 0.007364 -0.009848 0.055111
v 0.008544 -0.009156 0.054912
v 0.008544 -0.009156 0.054912
v 0.008544 -0.009156 0.054912
v 0.008544 -0.009156 0.054912
v 0.008544 -0.009156 0.054912
v 0.010149 -0.008214 0.054641
v 0.010149 -0.008214 0.054641
v 0.010149 -0.008214 0.054641
v 0.010149 -0.008214 0.054641
v 0.010149 -0.008214 0.054641
v 0.010149 -0.008214 0.054641
v 0.006511 -0.010344 0.055220
v 0.006511 -0.010344 0.055220
v 0.006511 -0.010344 0.055220
v 0.006511 -0.010344 0.055220
v 0.006511 -0.010344 0.055220
v 0.006511 -0.010344 0.055220
v 0.005768 -0.010776 0.055302
v 0.005768 -0.010776 0.055302
v 0.005768 -0.010776 0.055302
v 0.005768 -0.010776 0.055302
v 0.005768 -0.010776 0.055302
v 0.002341 -0.008570 0.056166
v 0.002341 -0.008570 0.056166
v 0.002341 -0.008570 0.056166
v 0.002341 -0.008570 0.056166
v 0.002341 -0.008570 0.056166
v 0.002341 -0.008570 0.056166
v 0.002341 -0.008570 0.056166
v 0.003824 -0.011897 0.055438
v 0.003824 -0.011897 0.055438
v 0.003824 -0.011897 0.055438
v 0.003824 -0.011897 0.055438
v 0.003824 -0.011897 0.055438
v 0.003824 -0.011897 0.055438
v 0.003824 -0.011897 0.055438
v 0.005657 -0.010841 0.055314
v 0.005657 -0.010841 0.055314
v 0.005657 -0.010841 0.055314
v 0.005657 -0.010841 0.055314
v 0.001086 -0.013116 0.055642
v 0.001086 -0.013116 0.055642
v 0.001086 -0.013116 0.055642
v 0.001086 -0.013116 0.055642
v 0.001572 -0.013102 0.055582
v 0.001572 -0.013102 0.055582
v 0.001572 -0.013102 0.055582
v 0.001572 -0.013102 0.055582
v 0.001572 -0.013102 0.055582
v 0.000558 -0.012932 0.055744
v 0.000558 -0.012932 0.055744
v 0.000558 -0.012932 0.055744
v 0.000558 -0.012932 0.055744
v 0.000558 -0.012932 0.055744
v 0.000558 -0.012932 0.055744
v 0.002030 -0.012931 0.055553
v 0.002030 -0.012931 0.055553
v 0.002030 -0.012931 0.055553
v 0.002030 -0.012931 0.055553
v 0.002030 -0.012931 0.055553
v 0.002030 -0.012931 0.055553
v 0.002030 -0.012931 0.055553
v 0.002774 -0.012503 0.055510
v 0.002774 -0.012503 0.055510
v 0.002774 -0.012503 0.055510
v 0.002774 -0.012503 0.055510
v 0.002783 -0.012259 0.055570
v 0.002783 -0.012259 0.055570
v 0.002783 -0.012259 0.055570
v 0.002783 -0.012259 0.055570
v 0.002783 -0.012259 0.055570
v 0.002221 -0.012822 0.055547
v 0.002221 -0.012822 0.055547
v 0.002221 -0.012822 0.055547
v 0.002221 -0.012822 0.055547
v 0.002221 -0.012822 0.055547
v -0.002800 -0.010961 0.056401
v -0.002800 -0.010961 0.056401
v -0.002800 -0.010961 0.056401
v -0.002800 -0.010961 0.056401
v -0.002800 -0.010961 0.056401
v -0.003432 -0.010592 0.056497
v -0.003432 -0.010592 0.056497
v -0.003432 -0.010592 0.056497
v -0.003432 -0.010592 0.056497
v -0.003432 -0.010592 0.056497
v -0.003650 -0.010465 0.056530
v -0.003650 -0.010465 0.056530
v -0.003650 -0.010465 0.056530
v -0.003650 -0.010465 0.056530
v -0.004502 -0.009968 0.056646
v -0.004502 -0.009968 0.056646
v -0.004502 -0.009968 0.056646
v -0.004502 -0.009968 0.056646
v -0.004502 -0.009968 0.056646
v -0.006169 -0.009001 0.056804
v -0.006169 -0.009001 0.056804
v -0.006169 -0.009001 0.056804
v -0.006169 -0.009001 0.056804
v -0.006169 -0.009001 0.056804
v -0.006169 -0.009001 0.056804
v -0.007927 -0.007980 0.056970
v -0.007927 -0.007980 0.056970
v -0.007927 -0.007980 0.056970
v -0.007927 -0.007980 0.056970
v -0.007927 -0.007980 0.056970
v -0.008539 -0.007627 0.056998
v -0.008539 -0.007627 0.056998
v -0.008539 -0.007627 0.056998
v -0.008539 -0.007627 0.056998
v -0.008539 -0.007627 0.056998
v -0.008539 -0.007627 0.056998
v -0.009131 -0.007286 0.057024
v -0.009131 -0.007286 0.057024
v -0.009131 -0.007286 0.057024
v -0.009131 -0.007286 0.057024
v -0.010165 -0.005784 0.057137
v -0.010165 -0.005784 0.057137
v -0.010165 -0.005784 0.057137
v -0.010165 -0.005784 0.057137
v -0.010165 -0.005784 0.057137
v -0.010166 -0.005829 0.057133
v -0.010166 -0.005829 0.057133
v -0.010166 -0.005829 0.057133
v -0.010166 -0.005829 0.057133
v -0.010166 -0.005829 0.057133
v -0.010164 -0.005913 0.057126
v -0.010164 -0.005913 0.057126
v -0.010164 -0.005913 0.057126
v -0.010164 -0.005913 0.057126
v -0.010164 -0.005913 0.057126
v -0.010061 -0.006390 0.057087
v -0.010061 -0.006390 0.057087
v -0.010061 -0.006390 0.057087
v -0.010061 -0.006390 0.057087
v -0.010061 -0.006390 0.057087
v -0.009970 -0.006576 0.057073
v -0.009970 -0.006576 0.057073
v -0.009970 -0.006576 0.057073
v -0.009970 -0.006576 0.057073
v -0.009970 -0.006576 0.057073
v -0.009651 -0.006958 0.057047
v -0.009651 -0.006958 0.057047
v -0.009651 -0.006958 0.057047
v -0.009651 -0.006958 0.057047
v -0.009651 -0.006958 0.057047
v -0.009431 -0.007112 0.057038
v -0.009431 -0.007112 0.057038
v -0.009431 -0.007112 0.057038
v -0.009431 -0.007112 0.057038
v -0.007418 0.001775 0.057377
v -0.007418 0.001775 0.057377
v -0.007418 0.001775 0.057377
v -0.007418 0.001775 0.057377
v -0.010147 0.003644 0.057283
v -0.010147 0.003644 0.057283
v -0.010147 0.003644 0.057283
v -0.010147 0.003644 0.057283
v -0.010147 0.003644 0.057283
v -0.010157 0.004827 0.057202
v -0.010157 0.004827 0.057202
v -0.010157 0.004827 0.057202
v -0.010157 0.004827 0.057202
v -0.010157 0.004827 0.057202
v -0.010157 0.004827 0.057202
v -0.010166 0.005822 0.057134
v -0.010166 0.005822 0.057134
v -0.010166 0.005822 0.057134
v -0.010166 0.005822 0.057134
v -0.008539 0.007621 0.056998
v -0.008539 0.007621 0.056998
v -0.008539 0.007621 0.056998
v -0.008539 0.007621 0.056998
v -0.009431 0.007106 0.057038
v -0.009431 0.007106 0.057038
v -0.009431 0.007106 0.057038
v -0.009431 0.007106 0.057038
v -0.009431 0.007106 0.057038
v -0.009431 0.007106 0.057038
v -0.009806 0.006798 0.057057
v -0.009806 0.006798 0.057057
v -0.009806 0.006798 0.057057
v -0.009806 0.006798 0.057057
v -0.009806 0.006798 0.057057
v -0.010061 0.006383 0.057087
v -0.010061 0.006383 0.057087
v -0.010061 0.006383 0.057087
v -0.010061 0.006383 0.057087
v -0.010061 0.006383 0.057087
v -0.007927 0.007974 0.056970
v -0.007927 0.007974 0.056970
v -0.007927 0.007974 0.056970
v -0.007927 0.007974 0.056970
v -0.007927 0.007974 0.056970
v -0.007618 0.008153 0.056941
v -0.007618 0.008153 0.056941
v -0.007618 0.008153 0.056941
v -0.007618 0.008153 0.056941
v -0.007618 0.008153 0.056941
v -0.007618 0.008153 0.056941
v -0.007618 0.008153 0.056941
v -0.004816 0.009779 0.056676
v -0.004816 0.009779 0.056676
v -0.004816 0.009779 0.056676
v -0.004816 0.009779 0.056676
v -0.002056 0.011391 0.056256
v -0.002056 0.011391 0.056256
v -0.002056 0.011391 0.056256
v -0.002056 0.011391 0.056256
v -0.002800 0.010955 0.056402
v -0.002800 0.010955 0.056402
v -0.002800 0.010955 0.056402
v -0.002800 0.010955 0.056402
v -0.002800 0.010955 0.056402
v -0.003650 0.010458 0.056531
v -0.003650 0.010458 0.056531
v -0.003650 0.010458 0.056531
v -0.003650 0.010458 0.056531
v -0.003650 0.010458 0.056531
v -0.003650 0.010458 0.056531
v -0.004502 0.009961 0.056647
v -0.004502 0.009961 0.056647
v -0.004502 0.009961 0.056647
v -0.004502 0.009961 0.056647
v -0.000969 0.012029 0.056043
v -0.000969 0.012029 0.056043
v -0.000969 0.012029 0.056043
v -0.000969 0.012029 0.056043
v -0.000969 0.012029 0.056043
v -0.000969 0.012029 0.056043
v -0.000969 0.012029 0.056043
v 0.000626 0.012963 0.055729
v 0.000626 0.012963 0.055729
v 0.000626 0.012963 0.055729
v 0.000626 0.012963 0.055729
v 0.000626 0.012963 0.055729
v 0.000558 0.012925 0.055744
v 0.000558 0.012925 0.055744
v 0.000558 0.012925 0.055744
v 0.000558 0.012925 0.055744
v 0.010755 -0.007859 0.054539
v 0.010755 -0.007859 0.054539
v 0.010755 -0.007859 0.054539
v 0.010755 -0.007859 0.054539
v 0.003026 -0.004173 0.056415
v 0.003026 -0.004173 0.056415
v 0.003026 -0.004173 0.056415
v 0.003026 -0.004173 0.056415
v 0.003026 -0.004173 0.056415
v -0.000152 -0.001912 0.057410
v -0.000152 -0.001912 0.057410
v -0.000152 -0.001912 0.057410
v -0.000152 -0.001912 0.057410
v -0.000152 -0.001912 0.057410
v -0.000152 -0.001912 0.057410
v -0.006902 -0.002322 0.057847
v -0.006902 -0.002322 0.057847
v -0.006902 -0.002322 0.057847
v -0.006902 -0.002322 0.057847
v -0.006902 -0.002322 0.057847
v -0.004513 -0.002322 0.057716
v -0.004513 -0.002322 0.057716
v -0.004513 -0.002322 0.057716
v -0.004513 -0.002322 0.057716
v -0.004513 -0.002322 0.057716
v -0.004513 -0.002322 0.057716
v -0.004513 -0.002322 0.057716
v -0.004513 -0.002322 0.057716
v -0.004513 -0.002322 0.057716
v -0.004513 -0.002322 0.057716
v -0.004513 -0.002322 0.057716
v -0.004513 -0.002322 0.057716
v -0.004513 -0.002322 0.057716
v -0.003684 -0.002322 0.057671
v -0.003684 -0.002322 0.057671
v -0.003684 -0.002322 0.057671
v -0.003684 -0.002322 0.057671
v -0.003684 -0.002322 0.057671
v -0.003418 -0.003182 0.057666
v -0.003418 -0.003182 0.057666
v -0.003418 -0.003182 0.057666
v -0.003418 -0.003182 0.057666
v -0.003418 -0.003182 0.057666
v -0.003418 -0.003182 0.057666
v -0.003515 -0.002322 0.057661
v -0.003515 -0.002322 0.057661
v -0.003515 -0.002322 0.057661
v -0.003515 -0.002322 0.057661
v -0.003515 -0.002322 0.057661
v -0.002425 -0.002322 0.057602
v -0.002425 -0.002322 0.057602
v -0.002425 -0.002322 0.057602
v -0.002425 -0.002322 0.057602
v -0.002425 -0.002322 0.057602
v -0.002425 -0.002322 0.057602
v -0.002425 -0.002322 0.057602
v -0.002425 -0.002322 0.057602
v -0.000151 -0.001678 0.057418
v -0.000151 -0.001678 0.057418
v -0.000151 -0.001678 0.057418
v -0.000151 -0.001678 0.057418
v -0.000151 -0.001678 0.057418
v -0.004381 0.000149 0.057787
v -0.004381 0.000149 0.057787
v -0.004381 0.000149 0.057787
v -0.004381 0.000149 0.057787
v -0.004381 0.000149 0.057787
v -0.004381 0.000149 0.057787
v -0.004381 0.000149 0.057787
v -0.004381 0.000149 0.057787
v -0.004381 0.000149 0.057787
v -0.004381 0.000149 0.057787
v -0.004381 0.000149 0.057787
v -0.004381 0.000149 0.057787
v -0.000151 -0.001139 0.057422
v -0.000151 -0.001139 0.057422
v -0.000151 -0.001139 0.057422
v -0.000151 -0.001139 0.057422
v -0.000150 -0.000513 0.057427
v -0.000150 -0.000513 0.057427
v -0.000150 -0.000513 0.057427
v -0.000150 -0.000513 0.057427
v -0.000150 -0.000513 0.057427
v -0.000150 -0.000254 0.057429
v -0.000150 -0.000254 0.057429
v -0.000150 -0.000254 0.057429
v -0.000150 -0.000254 0.057429
v -0.000150 -0.000254 0.057429
v -0.000149 0.000040 0.057431
v -0.000149 0.000040 0.057431
v -0.000149 0.000040 0.057431
v -0.000149 0.000040 0.057431
v -0.000149 0.000040 0.057431
v -0.000149 0.000343 0.057433
v -0.000149 0.000343 0.057433
v -0.000149 0.000343 0.057433
v -0.000149 0.000343 0.057433
v -0.000149 0.000343 0.057433
v -0.000149 0.000540 0.057430
v -0.000149 0.000540 0.057430
v -0.000149 0.000540 0.057430
v -0.000149 0.000540 0.057430
v -0.000149 0.000540 0.057430
v -0.000149 0.000540 0.057430
v -0.000150 0.000746 0.057427
v -0.000150 0.000746 0.057427
v -0.000150 0.000746 0.057427
v -0.000150 0.000746 0.057427
v -0.000150 0.000746 0.057427
v -0.000151 0.001294 0.057418
v -0.000151 0.001294 0.057418
v -0.000151 0.001294 0.057418
v -0.000151 0.001294 0.057418
v -0.000153 0.002170 0.057405
v -0.000153 0.002170 0.057405
v -0.000153 0.002170 0.057405
v -0.000153 0.002170 0.057405
v -0.000153 0.002170 0.057405
v -0.000153 0.002170 0.057405
v -0.000154 0.002359 0.057402
v -0.000154 0.002359 0.057402
v -0.000154 0.002359 0.057402
v -0.000154 0.002359 0.057402
v -0.000154 0.002359 0.057402
v 0.002793 0.004333 0.056950
v 0.002793 0.004333 0.056950
v 0.002793 0.004333 0.056950
v 0.002793 0.004333 0.056950
v 0.002793 0.004333 0.056950
v 0.002793 0.004333 0.056950
v 0.002793 0.004333 0.056950
v 0.002793 0.004333 0.056950
v 0.003468 0.002830 0.056909
v 0.003468 0.002830 0.056909
v 0.003468 0.002830 0.056909
v 0.003468 0.002830 0.056909
v 0.003468 0.002830 0.056909
v 0.003468 0.002830 0.056909
v 0.004018 0.003667 0.056795
v 0.004018 0.003667 0.056795
v 0.004018 0.003667 0.056795
v 0.004018 0.003667 0.056795
v 0.004018 0.003667 0.056795
v 0.004018 0.003667 0.056795
v 0.004018 0.003667 0.056795
v 0.005514 0.002830 0.056575
v 0.005514 0.002830 0.056575
v 0.005514 0.002830 0.056575
v 0.005514 0.002830 0.056575
v 0.005514 0.002830 0.056575
v 0.005514 0.002830 0.056575
v 0.005514 0.002830 0.056575
v 0.005514 0.002830 0.056575
v 0.007852 0.002831 0.056120
v 0.007852 0.002831 0.056120
v 0.007852 0.002831 0.056120
v 0.007852 0.002831 0.056120
v 0.007852 0.002831 0.056120
v 0.007852 0.002831 0.056120
v 0.007852 0.002831 0.056120
v 0.007852 0.002831 0.056120
v 0.007852 0.002831 0.056120
v 0.007852 0.002831 0.056120
v 0.007852 0.002831 0.056120
v 0.007852 0.002831 0.056120
v 0.007852 0.002831 0.056120
v 0.007857 0.000031 0.056155
v 0.007857 0.000031 0.056155
v 0.007857 0.000031 0.056155
v 0.007857 0.000031 0.056155
v 0.007857 0.000031 0.056155
v 0.007856 0.000562 0.056148
v 0.007856 0.000562 0.056148
v 0.007856 0.000562 0.056148
v 0.007856 0.000562 0.056148
v 0.007856 0.000562 0.056148
v 0.007856 0.000562 0.056148
v 0.007853 0.002185 0.056128
v 0.007853 0.002185 0.056128
v 0.007853 0.002185 0.056128
v 0.007853 0.002185 0.056128
v 0.007853 0.002185 0.056128
v 0.007853 0.002185 0.056128
v 0.007858 -0.000437 0.056161
v 0.007858 -0.000437 0.056161
v 0.007858 -0.000437 0.056161
v 0.007858 -0.000437 0.056161
v 0.007859 -0.000796 0.056165
v 0.007859 -0.000796 0.056165
v 0.007859 -0.000796 0.056165
v 0.007859 -0.000796 0.056165
v 0.007859 -0.000796 0.056165
v 0.007853 -0.002121 0.056129
v 0.007853 -0.002121 0.056129
v 0.007853 -0.002121 0.056129
v 0.007853 -0.002121 0.056129
v 0.007853 -0.002121 0.056129
v 0.007853 -0.002121 0.056129
v 0.007853 -0.002121 0.056129
v 0.004528 0.002830 0.056736
v 0.004528 0.002830 0.056736
v 0.004528 0.002830 0.056736
v 0.004528 0.002830 0.056736
v 0.004528 0.002830 0.056736
v 0.004731 0.002830 0.056703
v 0.004731 0.002830 0.056703
v 0.004731 0.002830 0.056703
v 0.004731 0.002830 0.056703
v 0.004731 0.002830 0.056703
v 0.005300 0.002830 0.056610
v 0.005300 0.002830 0.056610
v 0.005300 0.002830 0.056610
v 0.005300 0.002830 0.056610
v 0.005300 0.002830 0.056610
v 0.005300 0.002830 0.056610
v 0.005497 0.002830 0.056578
v 0.005497 0.002830 0.056578
v 0.005497 0.002830 0.056578
v 0.005497 0.002830 0.056578
v 0.005787 -0.011064 0.055322
v 0.005787 -0.011064 0.055322
v 0.005787 -0.011064 0.055322
v 0.005787 -0.011064 0.055322
v 0.005787 -0.011064 0.055322
v 0.005787 -0.011064 0.055322
v 0.005787 -0.011064 0.055322
v 0.002350 -0.013045 0.055554
v 0.002350 -0.013045 0.055554
v 0.002350 -0.013045 0.055554
v 0.002350 -0.013045 0.055554
v 0.002350 -0.013045 0.055554
v 0.002350 -0.013045 0.055554
v 0.002350 -0.013045 0.055554
v 0.002463 -0.013234 0.055688
v 0.002463 -0.013234 0.055688
v 0.002463 -0.013234 0.055688
v 0.002463 -0.013234 0.055688
v 0.002463 -0.013234 0.055688
v 0.002463 -0.013234 0.055688
v 0.002463 -0.013234 0.055688
v 0.006642 -0.010567 0.055228
v 0.006642 -0.010567 0.055228
v 0.006642 -0.010567 0.055228
v 0.006642 -0.010567 0.055228
v 0.006642 -0.010567 0.055228
v 0.006642 -0.010567 0.055228
v 0.007495 -0.010070 0.055120
v 0.007495 -0.010070 0.055120
v 0.007495 -0.010070 0.055120
v 0.007495 -0.010070 0.055120
v 0.007495 -0.010070 0.055120
v 0.007495 -0.010070 0.055120
v 0.007495 -0.010070 0.055120
v 0.011019 -0.008258 0.054678
v 0.011019 -0.008258 0.054678
v 0.011019 -0.008258 0.054678
v 0.011019 -0.008258 0.054678
v 0.011019 -0.008258 0.054678
v 0.011019 -0.008258 0.054678
v 0.010887 -0.008080 0.054546
v 0.010887 -0.008080 0.054546
v 0.010887 -0.008080 0.054546
v 0.010887 -0.008080 0.054546
v 0.010887 -0.008080 0.054546
v 0.010887 -0.008080 0.054546
v 0.010887 -0.008080 0.054546
v 0.010887 -0.008080 0.054546
v 0.010887 -0.008080 0.054546
v 0.012149 -0.007333 0.054268
v 0.012149 -0.007333 0.054268
v 0.012149 -0.007333 0.054268
v 0.012149 -0.007333 0.054268
v 0.012149 -0.007333 0.054268
v 0.012149 -0.007333 0.054268
v 0.012284 -0.007510 0.054399
v 0.012284 -0.007510 0.054399
v 0.012284 -0.007510 0.054399
v 0.012284 -0.007510 0.054399
v 0.012284 -0.007510 0.054399
v 0.012284 -0.007510 0.054399
v 0.012284 -0.007510 0.054399
v 0.007619 -0.010251 0.055255
v 0.007619 -0.010251 0.055255
v 0.007619 -0.010251 0.055255
v 0.007619 -0.010251 0.055255
v 0.007619 -0.010251 0.055255
v 0.007619 -0.010251 0.055255
v 0.007619 -0.010251 0.055255
v 0.007619 -0.010251 0.055255
v 0.006764 -0.010749 0.055364
v 0.006764 -0.010749 0.055364
v 0.006764 -0.010749 0.055364
v 0.006764 -0.010749 0.055364
v 0.006764 -0.010749 0.055364
v 0.006764 -0.010749 0.055364
v 0.005907 -0.011247 0.055458
v 0.005907 -0.011247 0.055458
v 0.005907 -0.011247 0.055458
v 0.005907 -0.011247 0.055458
v 0.005907 -0.011247 0.055458
v 0.005907 -0.011247 0.055458
v 0.005907 -0.011247 0.055458
v 0.002271 -0.013344 0.055694
v 0.002271 -0.013344 0.055694
v 0.002271 -0.013344 0.055694
v 0.002271 -0.013344 0.055694
v 0.002271 -0.013344 0.055694
v 0.002271 -0.013344 0.055694
v 0.002271 -0.013344 0.055694
v 0.002159 -0.013155 0.055559
v 0.002159 -0.013155 0.055559
v 0.002159 -0.013155 0.055559
v 0.002159 -0.013155 0.055559
v 0.002159 -0.013155 0.055559
v 0.002159 -0.013155 0.055559
v 0.001046 -0.013584 0.055809
v 0.001046 -0.013584 0.055809
v 0.001046 -0.013584 0.055809
v 0.001046 -0.013584 0.055809
v 0.001046 -0.013584 0.055809
v 0.001046 -0.013584 0.055809
v 0.001046 -0.013584 0.055809
v 0.001623 -0.013355 0.055593
v 0.001623 -0.013355 0.055593
v 0.001623 -0.013355 0.055593
v 0.001623 -0.013355 0.055593
v 0.001623 -0.013355 0.055593
v 0.001623 -0.013355 0.055593
v 0.001623 -0.013355 0.055593
v 0.001677 -0.013566 0.055730
v 0.001677 -0.013566 0.055730
v 0.001677 -0.013566 0.055730
v 0.001677 -0.013566 0.055730
v 0.001677 -0.013566 0.055730
v 0.001677 -0.013566 0.055730
v 0.001677 -0.013566 0.055730
v 0.001677 -0.013566 0.055730
v 0.001053 -0.013371 0.055664
v 0.001053 -0.013371 0.055664
v 0.001053 -0.013371 0.055664
v 0.001053 -0.013371 0.055664
v 0.001053 -0.013371 0.055664
v 0.000360 -0.013344 0.055941
v 0.000360 -0.013344 0.055941
v 0.000360 -0.013344 0.055941
v 0.000360 -0.013344 0.055941
v 0.000360 -0.013344 0.055941
v 0.000360 -0.013344 0.055941
v 0.000360 -0.013344 0.055941
v 0.000435 -0.013155 0.055783
v 0.000435 -0.013155 0.055783
v 0.000435 -0.013155 0.055783
v 0.000435 -0.013155 0.055783
v 0.000435 -0.013155 0.055783
v 0.000435 -0.013155 0.055783
v 0.000435 -0.013155 0.055783
v 0.013239 -0.005842 0.054275
v 0.013239 -0.005842 0.054275
v 0.013239 -0.005842 0.054275
v 0.013239 -0.005842 0.054275
v 0.013239 -0.005842 0.054275
v 0.013239 -0.005842 0.054275
v 0.013010 -0.005829 0.054157
v 0.013010 -0.005829 0.054157
v 0.013010 -0.005829 0.054157
v 0.013010 -0.005829 0.054157
v 0.013010 -0.005829 0.054157
v 0.013010 -0.005829 0.054157
v 0.013004 -0.005952 0.054147
v 0.013004 -0.005952 0.054147
v 0.013004 -0.005952 0.054147
v 0.013004 -0.005952 0.054147
v 0.013004 -0.005952 0.054147
v 0.013004 -0.005952 0.054147
v 0.013004 -0.005952 0.054147
v 0.012755 -0.007116 0.054298
v 0.012755 -0.007116 0.054298
v 0.012755 -0.007116 0.054298
v 0.012755 -0.007116 0.054298
v 0.012755 -0.007116 0.054298
v 0.012755 -0.007116 0.054298
v 0.012755 -0.007116 0.054298
v 0.012755 -0.007116 0.054298
v 0.013088 -0.006575 0.054251
v 0.013088 -0.006575 0.054251
v 0.013088 -0.006575 0.054251
v 0.013088 -0.006575 0.054251
v 0.013088 -0.006575 0.054251
v 0.013088 -0.006575 0.054251
v 0.013088 -0.006575 0.054251
v 0.013232 -0.005978 0.054265
v 0.013232 -0.005978 0.054265
v 0.013232 -0.005978 0.054265
v 0.013232 -0.005978 0.054265
v 0.013232 -0.005978 0.054265
v 0.012874 -0.006490 0.054135
v 0.012874 -0.006490 0.054135
v 0.012874 -0.006490 0.054135
v 0.012874 -0.006490 0.054135
v 0.012874 -0.006490 0.054135
v 0.012874 -0.006490 0.054135
v 0.012574 -0.006978 0.054177
v 0.012574 -0.006978 0.054177
v 0.012574 -0.006978 0.054177
v 0.012574 -0.006978 0.054177
v 0.012574 -0.006978 0.054177
v -0.002923 -0.011184 0.056443
v -0.002923 -0.011184 0.056443
v -0.002923 -0.011184 0.056443
v -0.002923 -0.011184 0.056443
v -0.002923 -0.011184 0.056443
v -0.002923 -0.011184 0.056443
v -0.002923 -0.011184 0.056443
v -0.009557 -0.007334 0.057078
v -0.009557 -0.007334 0.057078
v -0.009557 -0.007334 0.057078
v -0.009557 -0.007334 0.057078
v -0.009557 -0.007334 0.057078
v -0.009557 -0.007334 0.057078
v -0.009557 -0.007334 0.057078
v -0.009557 -0.007334 0.057078
v -0.009654 -0.007510 0.057239
v -0.009654 -0.007510 0.057239
v -0.009654 -0.007510 0.057239
v -0.009654 -0.007510 0.057239
v -0.009654 -0.007510 0.057239
v -0.009654 -0.007510 0.057239
v -0.009654 -0.007510 0.057239
v -0.008145 -0.008380 0.057173
v -0.008145 -0.008380 0.057173
v -0.008145 -0.008380 0.057173
v -0.008145 -0.008380 0.057173
v -0.008145 -0.008380 0.057173
v -0.008145 -0.008380 0.057173
v -0.008145 -0.008380 0.057173
v -0.008145 -0.008380 0.057173
v -0.008052 -0.008202 0.057011
v -0.008052 -0.008202 0.057011
v -0.008052 -0.008202 0.057011
v -0.008052 -0.008202 0.057011
v -0.008052 -0.008202 0.057011
v -0.008052 -0.008202 0.057011
v -0.004711 -0.010372 0.056851
v -0.004711 -0.010372 0.056851
v -0.004711 -0.010372 0.056851
v -0.004711 -0.010372 0.056851
v -0.004711 -0.010372 0.056851
v -0.004711 -0.010372 0.056851
v -0.004711 -0.010372 0.056851
v -0.003857 -0.010870 0.056734
v -0.003857 -0.010870 0.056734
v -0.003857 -0.010870 0.056734
v -0.003857 -0.010870 0.056734
v -0.003857 -0.010870 0.056734
v -0.003857 -0.010870 0.056734
v -0.003857 -0.010870 0.056734
v -0.003857 -0.010870 0.056734
v -0.003857 -0.010870 0.056734
v -0.004626 -0.010190 0.056688
v -0.004626 -0.010190 0.056688
v -0.004626 -0.010190 0.056688
v -0.004626 -0.010190 0.056688
v -0.004626 -0.010190 0.056688
v -0.004626 -0.010190 0.056688
v -0.003774 -0.010687 0.056572
v -0.003774 -0.010687 0.056572
v -0.003774 -0.010687 0.056572
v -0.003774 -0.010687 0.056572
v -0.003774 -0.010687 0.056572
v -0.003774 -0.010687 0.056572
v -0.003774 -0.010687 0.056572
v -0.003774 -0.010687 0.056572
v -0.003005 -0.011368 0.056604
v -0.003005 -0.011368 0.056604
v -0.003005 -0.011368 0.056604
v -0.003005 -0.011368 0.056604
v -0.003005 -0.011368 0.056604
v 0.013239 -0.005835 0.054276
v 0.013239 -0.005835 0.054276
v 0.013239 -0.005835 0.054276
v 0.013239 -0.005835 0.054276
v 0.013239 -0.005835 0.054276
v 0.013239 -0.005835 0.054276
v 0.013239 -0.005835 0.054276
v 0.013045 -0.001855 0.054380
v 0.013045 -0.001855 0.054380
v 0.013045 -0.001855 0.054380
v 0.013045 -0.001855 0.054380
v 0.013045 -0.001855 0.054380
v 0.013045 -0.001855 0.054380
v 0.013045 -0.001855 0.054380
v 0.013048 -0.000862 0.054399
v 0.013048 -0.000862 0.054399
v 0.013048 -0.000862 0.054399
v 0.013048 -0.000862 0.054399
v 0.013048 -0.000862 0.054399
v 0.013048 -0.000862 0.054399
v 0.013048 -0.000862 0.054399
v 0.013239 0.005836 0.054276
v 0.013239 0.005836 0.054276
v 0.013239 0.005836 0.054276
v 0.013239 0.005836 0.054276
v 0.013239 0.005836 0.054276
v 0.013239 0.005836 0.054276
v 0.013239 0.005836 0.054276
v 0.013239 0.005836 0.054276
v 0.013010 0.005823 0.054157
v 0.013010 0.005823 0.054157
v 0.013010 0.005823 0.054157
v 0.013010 0.005823 0.054157
v 0.013010 0.005823 0.054157
v 0.013010 0.005823 0.054157
v 0.013030 0.004104 0.054284
v 0.013030 0.004104 0.054284
v 0.013030 0.004104 0.054284
v 0.013030 0.004104 0.054284
v 0.013030 0.004104 0.054284
v 0.013030 0.004104 0.054284
v 0.013030 0.004104 0.054284
v 0.013030 0.004104 0.054284
v 0.013049 0.000131 0.054405
v 0.013049 0.000131 0.054405
v 0.013049 0.000131 0.054405
v 0.013049 0.000131 0.054405
v 0.013049 0.000131 0.054405
v 0.013049 0.000131 0.054405
v 0.013049 0.000131 0.054405
v 0.013277 0.000131 0.054526
v 0.013277 0.000131 0.054526
v 0.013277 0.000131 0.054526
v 0.013277 0.000131 0.054526
v 0.013277 0.000131 0.054526
v 0.013277 0.000131 0.054526
v 0.013277 0.000131 0.054526
v 0.013258 0.004113 0.054404
v 0.013258 0.004113 0.054404
v 0.013258 0.004113 0.054404
v 0.013258 0.004113 0.054404
v 0.013258 0.004113 0.054404
v 0.013258 0.004113 0.054404
v 0.013276 -0.000864 0.054521
v 0.013276 -0.000864 0.054521
v 0.013276 -0.000864 0.054521
v 0.013276 -0.000864 0.054521
v 0.013276 -0.000864 0.054521
v 0.013276 -0.000864 0.054521
v 0.013276 -0.000864 0.054521
v 0.013276 -0.000864 0.054521
v 0.013010 -0.005822 0.054157
v 0.013010 -0.005822 0.054157
v 0.013010 -0.005822 0.054157
v 0.013010 -0.005822 0.054157
v 0.013010 -0.005822 0.054157
v 0.013010 -0.005822 0.054157
v 0.013273 -0.001859 0.054502
v 0.013273 -0.001859 0.054502
v 0.013273 -0.001859 0.054502
v 0.013273 -0.001859 0.054502
v 0.013273 -0.001859 0.054502
v 0.013273 -0.001859 0.054502
v -0.009814 -0.007153 0.057088
v -0.009814 -0.007153 0.057088
v -0.009814 -0.007153 0.057088
v -0.009814 -0.007153 0.057088
v -0.009814 -0.007153 0.057088
v -0.009814 -0.007153 0.057088
v -0.009814 -0.007153 0.057088
v -0.010608 -0.005843 0.057363
v -0.010608 -0.005843 0.057363
v -0.010608 -0.005843 0.057363
v -0.010608 -0.005843 0.057363
v -0.010608 -0.005843 0.057363
v -0.010608 -0.005843 0.057363
v -0.010418 -0.005830 0.057189
v -0.010418 -0.005830 0.057189
v -0.010418 -0.005830 0.057189
v -0.010418 -0.005830 0.057189
v -0.010418 -0.005830 0.057189
v -0.010418 -0.005830 0.057189
v -0.010606 -0.005952 0.057354
v -0.010606 -0.005952 0.057354
v -0.010606 -0.005952 0.057354
v -0.010606 -0.005952 0.057354
v -0.010606 -0.005952 0.057354
v -0.010606 -0.005952 0.057354
v -0.010606 -0.005952 0.057354
v -0.010472 -0.006572 0.057302
v -0.010472 -0.006572 0.057302
v -0.010472 -0.006572 0.057302
v -0.010472 -0.006572 0.057302
v -0.010472 -0.006572 0.057302
v -0.010472 -0.006572 0.057302
v -0.010354 -0.006814 0.057284
v -0.010354 -0.006814 0.057284
v -0.010354 -0.006814 0.057284
v -0.010354 -0.006814 0.057284
v -0.010354 -0.006814 0.057284
v -0.010354 -0.006814 0.057284
v -0.009938 -0.007310 0.057250
v -0.009938 -0.007310 0.057250
v -0.009938 -0.007310 0.057250
v -0.009938 -0.007310 0.057250
v -0.009938 -0.007310 0.057250
v -0.009938 -0.007310 0.057250
v -0.010416 -0.005929 0.057181
v -0.010416 -0.005929 0.057181
v -0.010416 -0.005929 0.057181
v -0.010416 -0.005929 0.057181
v -0.010416 -0.005929 0.057181
v -0.010294 -0.006487 0.057135
v -0.010294 -0.006487 0.057135
v -0.010294 -0.006487 0.057135
v -0.010294 -0.006487 0.057135
v -0.010294 -0.006487 0.057135
v -0.010294 -0.006487 0.057135
v -0.010188 -0.006706 0.057118
v -0.010188 -0.006706 0.057118
v -0.010188 -0.006706 0.057118
v -0.010188 -0.006706 0.057118
v -0.010188 -0.006706 0.057118
v -0.010188 -0.006706 0.057118
v 0.012284 0.007503 0.054399
v 0.012284 0.007503 0.054399
v 0.012284 0.007503 0.054399
v 0.012284 0.007503 0.054399
v 0.012284 0.007503 0.054399
v 0.012284 0.007503 0.054399
v 0.012284 0.007503 0.054399
v 0.012149 0.007327 0.054268
v 0.012149 0.007327 0.054268
v 0.012149 0.007327 0.054268
v 0.012149 0.007327 0.054268
v 0.012149 0.007327 0.054268
v 0.012149 0.007327 0.054268
v 0.012391 0.007153 0.054214
v 0.012391 0.007153 0.054214
v 0.012391 0.007153 0.054214
v 0.012391 0.007153 0.054214
v 0.012391 0.007153 0.054214
v 0.012391 0.007153 0.054214
v 0.012391 0.007153 0.054214
v 0.013234 0.005947 0.054267
v 0.013234 0.005947 0.054267
v 0.013234 0.005947 0.054267
v 0.013234 0.005947 0.054267
v 0.013234 0.005947 0.054267
v 0.013234 0.005947 0.054267
v 0.013234 0.005947 0.054267
v 0.013006 0.005923 0.054149
v 0.013006 0.005923 0.054149
v 0.013006 0.005923 0.054149
v 0.013006 0.005923 0.054149
v 0.013006 0.005923 0.054149
v 0.013006 0.005923 0.054149
v 0.013006 0.005923 0.054149
v 0.013088 0.006569 0.054251
v 0.013088 0.006569 0.054251
v 0.013088 0.006569 0.054251
v 0.013088 0.006569 0.054251
v 0.013088 0.006569 0.054251
v 0.013088 0.006569 0.054251
v 0.012964 0.006819 0.054264
v 0.012964 0.006819 0.054264
v 0.012964 0.006819 0.054264
v 0.012964 0.006819 0.054264
v 0.012964 0.006819 0.054264
v 0.012964 0.006819 0.054264
v 0.012552 0.007311 0.054339
v 0.012552 0.007311 0.054339
v 0.012552 0.007311 0.054339
v 0.012552 0.007311 0.054339
v 0.012552 0.007311 0.054339
v 0.012552 0.007311 0.054339
v 0.012762 0.006709 0.054147
v 0.012762 0.006709 0.054147
v 0.012762 0.006709 0.054147
v 0.012762 0.006709 0.054147
v 0.012762 0.006709 0.054147
v 0.012762 0.006709 0.054147
v 0.012874 0.006484 0.054136
v 0.012874 0.006484 0.054136
v 0.012874 0.006484 0.054136
v 0.012874 0.006484 0.054136
v 0.012874 0.006484 0.054136
v -0.010607 -0.005798 0.057367
v -0.010607 -0.005798 0.057367
v -0.010607 -0.005798 0.057367
v -0.010607 -0.005798 0.057367
v -0.010607 -0.005798 0.057367
v -0.010607 -0.005798 0.057367
v -0.010607 -0.005798 0.057367
v -0.010389 -0.001818 0.057412
v -0.010389 -0.001818 0.057412
v -0.010389 -0.001818 0.057412
v -0.010389 -0.001818 0.057412
v -0.010389 -0.001818 0.057412
v -0.010389 -0.001818 0.057412
v -0.010389 -0.001818 0.057412
v -0.010588 0.003653 0.057516
v -0.010588 0.003653 0.057516
v -0.010588 0.003653 0.057516
v -0.010588 0.003653 0.057516
v -0.010588 0.003653 0.057516
v -0.010588 0.003653 0.057516
v -0.010588 0.003653 0.057516
v -0.010588 0.003653 0.057516
v -0.010588 0.003653 0.057516
v -0.010588 0.003653 0.057516
v -0.010418 0.005824 0.057190
v -0.010418 0.005824 0.057190
v -0.010418 0.005824 0.057190
v -0.010418 0.005824 0.057190
v -0.010418 0.005824 0.057190
v -0.010418 0.005824 0.057190
v -0.010418 0.005824 0.057190
v -0.010608 0.005836 0.057363
v -0.010608 0.005836 0.057363
v -0.010608 0.005836 0.057363
v -0.010608 0.005836 0.057363
v -0.010608 0.005836 0.057363
v -0.010575 -0.000329 0.057610
v -0.010575 -0.000329 0.057610
v -0.010575 -0.000329 0.057610
v -0.010575 -0.000329 0.057610
v -0.010575 -0.000329 0.057610
v -0.010575 -0.000329 0.057610
v -0.010575 -0.000329 0.057610
v -0.010386 -0.000328 0.057434
v -0.010386 -0.000328 0.057434
v -0.010386 -0.000328 0.057434
v -0.010386 -0.000328 0.057434
v -0.010386 -0.000328 0.057434
v -0.010386 -0.000328 0.057434
v -0.010386 -0.000328 0.057434
v -0.010386 -0.000328 0.057434
v -0.010398 0.003646 0.057341
v -0.010398 0.003646 0.057341
v -0.010398 0.003646 0.057341
v -0.010398 0.003646 0.057341
v -0.010398 0.003646 0.057341
v -0.010398 0.003646 0.057341
v -0.010577 -0.001324 0.057599
v -0.010577 -0.001324 0.057599
v -0.010577 -0.001324 0.057599
v -0.010577 -0.001324 0.057599
v -0.010577 -0.001324 0.057599
v -0.010577 -0.001324 0.057599
v -0.010577 -0.001324 0.057599
v -0.010388 -0.001322 0.057423
v -0.010388 -0.001322 0.057423
v -0.010388 -0.001322 0.057423
v -0.010388 -0.001322 0.057423
v -0.010388 -0.001322 0.057423
v -0.010578 -0.001822 0.057588
v -0.010578 -0.001822 0.057588
v -0.010578 -0.001822 0.057588
v -0.010578 -0.001822 0.057588
v -0.010578 -0.001822 0.057588
v -0.010578 -0.001822 0.057588
v -0.010417 -0.005785 0.057193
v -0.010417 -0.005785 0.057193
v -0.010417 -0.005785 0.057193
v -0.010417 -0.005785 0.057193
v -0.010417 -0.005785 0.057193
v -0.010417 -0.005785 0.057193
v -0.010417 -0.005785 0.057193
v -0.010417 -0.005785 0.057193
v 0.002463 0.013227 0.055689
v 0.002463 0.013227 0.055689
v 0.002463 0.013227 0.055689
v 0.002463 0.013227 0.055689
v 0.002463 0.013227 0.055689
v 0.002463 0.013227 0.055689
v 0.011019 0.008251 0.054679
v 0.011019 0.008251 0.054679
v 0.011019 0.008251 0.054679
v 0.011019 0.008251 0.054679
v 0.011019 0.008251 0.054679
v 0.011019 0.008251 0.054679
v 0.011019 0.008251 0.054679
v 0.011019 0.008251 0.054679
v 0.010887 0.008074 0.054546
v 0.010887 0.008074 0.054546
v 0.010887 0.008074 0.054546
v 0.010887 0.008074 0.054546
v 0.010887 0.008074 0.054546
v 0.010887 0.008074 0.054546
v 0.010887 0.008074 0.054546
v 0.007619 0.010245 0.055256
v 0.007619 0.010245 0.055256
v 0.007619 0.010245 0.055256
v 0.007619 0.010245 0.055256
v 0.007619 0.010245 0.055256
v 0.007619 0.010245 0.055256
v 0.007619 0.010245 0.055256
v 0.007619 0.010245 0.055256
v 0.007495 0.010063 0.055121
v 0.007495 0.010063 0.055121
v 0.007495 0.010063 0.055121
v 0.007495 0.010063 0.055121
v 0.007495 0.010063 0.055121
v 0.007495 0.010063 0.055121
v 0.007495 0.010063 0.055121
v 0.007495 0.010063 0.055121
v 0.005907 0.011241 0.055458
v 0.005907 0.011241 0.055458
v 0.005907 0.011241 0.055458
v 0.005907 0.011241 0.055458
v 0.005907 0.011241 0.055458
v 0.005907 0.011241 0.055458
v 0.005907 0.011241 0.055458
v 0.005787 0.011057 0.055323
v 0.005787 0.011057 0.055323
v 0.005787 0.011057 0.055323
v 0.005787 0.011057 0.055323
v 0.005787 0.011057 0.055323
v 0.005787 0.011057 0.055323
v 0.005787 0.011057 0.055323
v 0.005787 0.011057 0.055323
v 0.006764 0.010743 0.055364
v 0.006764 0.010743 0.055364
v 0.006764 0.010743 0.055364
v 0.006764 0.010743 0.055364
v 0.006764 0.010743 0.055364
v 0.006764 0.010743 0.055364
v 0.006642 0.010560 0.055229
v 0.006642 0.010560 0.055229
v 0.006642 0.010560 0.055229
v 0.006642 0.010560 0.055229
v 0.006642 0.010560 0.055229
v 0.002350 0.013038 0.055555
v 0.002350 0.013038 0.055555
v 0.002350 0.013038 0.055555
v 0.002350 0.013038 0.055555
v 0.002350 0.013038 0.055555
v 0.002350 0.013038 0.055555
v 0.002350 0.013038 0.055555
v 0.002159 0.013148 0.055560
v 0.002159 0.013148 0.055560
v 0.002159 0.013148 0.055560
v 0.002159 0.013148 0.055560
v 0.002159 0.013148 0.055560
v 0.002159 0.013148 0.055560
v 0.002271 0.013337 0.055694
v 0.002271 0.013337 0.055694
v 0.002271 0.013337 0.055694
v 0.002271 0.013337 0.055694
v 0.002271 0.013337 0.055694
v 0.002271 0.013337 0.055694
v -0.010604 0.005977 0.057351
v -0.010604 0.005977 0.057351
v -0.010604 0.005977 0.057351
v -0.010604 0.005977 0.057351
v -0.010604 0.005977 0.057351
v -0.010472 0.006565 0.057303
v -0.010472 0.006565 0.057303
v -0.010472 0.006565 0.057303
v -0.010472 0.006565 0.057303
v -0.010472 0.006565 0.057303
v -0.010472 0.006565 0.057303
v -0.010472 0.006565 0.057303
v -0.010140 0.007105 0.057263
v -0.010140 0.007105 0.057263
v -0.010140 0.007105 0.057263
v -0.010140 0.007105 0.057263
v -0.010140 0.007105 0.057263
v -0.010140 0.007105 0.057263
v -0.010140 0.007105 0.057263
v -0.010140 0.007105 0.057263
v -0.010140 0.007105 0.057263
v -0.009654 0.007504 0.057240
v -0.009654 0.007504 0.057240
v -0.009654 0.007504 0.057240
v -0.009654 0.007504 0.057240
v -0.009654 0.007504 0.057240
v -0.009654 0.007504 0.057240
v -0.009557 0.007327 0.057078
v -0.009557 0.007327 0.057078
v -0.009557 0.007327 0.057078
v -0.009557 0.007327 0.057078
v -0.009557 0.007327 0.057078
v -0.010414 0.005950 0.057179
v -0.010414 0.005950 0.057179
v -0.010414 0.005950 0.057179
v -0.010414 0.005950 0.057179
v -0.010414 0.005950 0.057179
v -0.010414 0.005950 0.057179
v -0.010414 0.005950 0.057179
v -0.010414 0.005950 0.057179
v -0.010294 0.006481 0.057135
v -0.010294 0.006481 0.057135
v -0.010294 0.006481 0.057135
v -0.010294 0.006481 0.057135
v -0.010294 0.006481 0.057135
v -0.010294 0.006481 0.057135
v -0.009995 0.006968 0.057100
v -0.009995 0.006968 0.057100
v -0.009995 0.006968 0.057100
v -0.009995 0.006968 0.057100
v -0.009995 0.006968 0.057100
v 0.001952 0.013484 0.055709
v 0.001952 0.013484 0.055709
v 0.001952 0.013484 0.055709
v 0.001952 0.013484 0.055709
v 0.001952 0.013484 0.055709
v 0.001952 0.013484 0.055709
v 0.001952 0.013484 0.055709
v 0.000435 0.013148 0.055783
v 0.000435 0.013148 0.055783
v 0.000435 0.013148 0.055783
v 0.000435 0.013148 0.055783
v 0.000435 0.013148 0.055783
v 0.000435 0.013148 0.055783
v 0.000435 0.013148 0.055783
v 0.000360 0.013338 0.055942
v 0.000360 0.013338 0.055942
v 0.000360 0.013338 0.055942
v 0.000360 0.013338 0.055942
v 0.000360 0.013338 0.055942
v 0.000360 0.013338 0.055942
v 0.000515 0.013193 0.055765
v 0.000515 0.013193 0.055765
v 0.000515 0.013193 0.055765
v 0.000515 0.013193 0.055765
v 0.000515 0.013193 0.055765
v 0.000515 0.013193 0.055765
v 0.000515 0.013193 0.055765
v 0.001053 0.013364 0.055665
v 0.001053 0.013364 0.055665
v 0.001053 0.013364 0.055665
v 0.001053 0.013364 0.055665
v 0.001053 0.013364 0.055665
v 0.001053 0.013364 0.055665
v 0.001053 0.013364 0.055665
v 0.000449 0.013387 0.055921
v 0.000449 0.013387 0.055921
v 0.000449 0.013387 0.055921
v 0.000449 0.013387 0.055921
v 0.000449 0.013387 0.055921
v 0.000449 0.013387 0.055921
v 0.000449 0.013387 0.055921
v 0.001046 0.013577 0.055810
v 0.001046 0.013577 0.055810
v 0.001046 0.013577 0.055810
v 0.001046 0.013577 0.055810
v 0.001046 0.013577 0.055810
v 0.001316 0.013595 0.055771
v 0.001316 0.013595 0.055771
v 0.001316 0.013595 0.055771
v 0.001316 0.013595 0.055771
v 0.001316 0.013595 0.055771
v 0.001316 0.013595 0.055771
v 0.001316 0.013595 0.055771
v 0.001316 0.013595 0.055771
v 0.001297 0.013381 0.055630
v 0.001297 0.013381 0.055630
v 0.001297 0.013381 0.055630
v 0.001297 0.013381 0.055630
v 0.001297 0.013381 0.055630
v 0.001297 0.013381 0.055630
v 0.001871 0.013280 0.055574
v 0.001871 0.013280 0.055574
v 0.001871 0.013280 0.055574
v 0.001871 0.013280 0.055574
v 0.001871 0.013280 0.055574
v -0.008145 0.008373 0.057174
v -0.008145 0.008373 0.057174
v -0.008145 0.008373 0.057174
v -0.008145 0.008373 0.057174
v -0.008145 0.008373 0.057174
v -0.008145 0.008373 0.057174
v -0.008145 0.008373 0.057174
v -0.008053 0.008195 0.057011
v -0.008053 0.008195 0.057011
v -0.008053 0.008195 0.057011
v -0.008053 0.008195 0.057011
v -0.008053 0.008195 0.057011
v -0.008053 0.008195 0.057011
v -0.008053 0.008195 0.057011
v -0.008053 0.008195 0.057011
v -0.008053 0.008195 0.057011
v -0.004626 0.010184 0.056689
v -0.004626 0.010184 0.056689
v -0.004626 0.010184 0.056689
v -0.004626 0.010184 0.056689
v -0.004626 0.010184 0.056689
v -0.004626 0.010184 0.056689
v -0.004626 0.010184 0.056689
v -0.004626 0.010184 0.056689
v -0.004711 0.010365 0.056851
v -0.004711 0.010365 0.056851
v -0.004711 0.010365 0.056851
v -0.004711 0.010365 0.056851
v -0.004711 0.010365 0.056851
v -0.004711 0.010365 0.056851
v -0.004711 0.010365 0.056851
v -0.004711 0.010365 0.056851
v -0.002923 0.011177 0.056443
v -0.002923 0.011177 0.056443
v -0.002923 0.011177 0.056443
v -0.002923 0.011177 0.056443
v -0.002923 0.011177 0.056443
v -0.002923 0.011177 0.056443
v -0.003005 0.011361 0.056605
v -0.003005 0.011361 0.056605
v -0.003005 0.011361 0.056605
v -0.003005 0.011361 0.056605
v -0.003005 0.011361 0.056605
v -0.003005 0.011361 0.056605
v -0.003005 0.011361 0.056605
v -0.003005 0.011361 0.056605
v -0.003774 0.010681 0.056573
v -0.003774 0.010681 0.056573
v -0.003774 0.010681 0.056573
v -0.003774 0.010681 0.056573
v -0.003774 0.010681 0.056573
v -0.003774 0.010681 0.056573
v -0.003857 0.010863 0.056735
v -0.003857 0.010863 0.056735
v -0.003857 0.010863 0.056735
v -0.003857 0.010863 0.056735
v -0.003857 0.010863 0.056735
v -0.003857 0.010863 0.056735
v 0.007743 -0.000436 0.055937
v 0.007743 -0.000436 0.055937
v 0.007743 -0.000436 0.055937
v 0.007743 -0.000436 0.055937
v 0.007743 -0.000436 0.055937
v 0.007743 -0.000436 0.055937
v 0.007743 -0.000436 0.055937
v 0.007743 -0.000436 0.055937
v 0.007743 -0.000436 0.055937
v 0.007743 -0.000436 0.055937
v 0.007743 -0.000436 0.055937
v 0.007743 -0.000436 0.055937
v 0.007790 -0.003717 0.055936
v 0.007790 -0.003717 0.055936
v 0.007790 -0.003717 0.055936
v 0.007790 -0.003717 0.055936
v 0.007714 -0.003765 0.055834
v 0.007714 -0.003765 0.055834
v 0.007714 -0.003765 0.055834
v 0.007714 -0.003765 0.055834
v 0.007714 -0.003765 0.055834
v 0.007719 -0.003762 0.055840
v 0.007719 -0.003762 0.055840
v 0.007719 -0.003762 0.055840
v 0.007719 -0.003762 0.055840
v 0.007719 -0.003762 0.055840
v 0.007729 -0.003756 0.055853
v 0.007729 -0.003756 0.055853
v 0.007729 -0.003756 0.055853
v 0.007729 -0.003756 0.055853
v 0.007257 -0.004169 0.055673
v 0.007257 -0.004169 0.055673
v 0.007257 -0.004169 0.055673
v 0.007257 -0.004169 0.055673
v 0.007257 -0.004169 0.055673
v 0.007503 -0.003941 0.055718
v 0.007503 -0.003941 0.055718
v 0.007503 -0.003941 0.055718
v 0.007503 -0.003941 0.055718
v 0.007503 -0.003941 0.055718
v 0.007528 -0.000435 0.055795
v 0.007528 -0.000435 0.055795
v 0.007528 -0.000435 0.055795
v 0.007528 -0.000435 0.055795
v 0.007528 -0.000435 0.055795
v 0.007528 -0.000435 0.055795
v 0.007528 -0.000435 0.055795
v 0.007528 -0.000435 0.055795
v 0.007528 -0.000435 0.055795
v 0.007511 -0.003934 0.055719
v 0.007511 -0.003934 0.055719
v 0.007511 -0.003934 0.055719
v 0.007511 -0.003934 0.055719
v 0.007580 -0.003870 0.055731
v 0.007580 -0.003870 0.055731
v 0.007580 -0.003870 0.055731
v 0.007580 -0.003870 0.055731
v 0.007268 0.002320 0.055747
v 0.007268 0.002320 0.055747
v 0.007268 0.002320 0.055747
v 0.007268 0.002320 0.055747
v 0.007268 0.002320 0.055747
v 0.007528 0.000560 0.055794
v 0.007528 0.000560 0.055794
v 0.007528 0.000560 0.055794
v 0.007528 0.000560 0.055794
v 0.007528 0.000560 0.055794
v 0.007528 0.000560 0.055794
v 0.007528 0.000560 0.055794
v 0.007528 0.000560 0.055794
v 0.007528 0.000560 0.055794
v 0.007528 0.000560 0.055794
v 0.007528 0.000560 0.055794
v 0.007433 0.002483 0.055737
v 0.007433 0.002483 0.055737
v 0.007433 0.002483 0.055737
v 0.007433 0.002483 0.055737
v 0.007519 0.002563 0.055765
v 0.007519 0.002563 0.055765
v 0.007519 0.002563 0.055765
v 0.007519 0.002563 0.055765
v 0.007519 0.002563 0.055765
v 0.007736 0.002755 0.055892
v 0.007736 0.002755 0.055892
v 0.007736 0.002755 0.055892
v 0.007736 0.002755 0.055892
v 0.007736 0.002755 0.055892
v 0.007736 0.002755 0.055892
v 0.007736 0.002755 0.055892
v 0.007736 0.002755 0.055892
v 0.007619 0.002656 0.055797
v 0.007619 0.002656 0.055797
v 0.007619 0.002656 0.055797
v 0.007619 0.002656 0.055797
v 0.007809 0.002809 0.055997
v 0.007809 0.002809 0.055997
v 0.007809 0.002809 0.055997
v 0.007809 0.002809 0.055997
v 0.007743 0.000561 0.055936
v 0.007743 0.000561 0.055936
v 0.007743 0.000561 0.055936
v 0.007743 0.000561 0.055936
v 0.007743 0.000561 0.055936
v 0.007740 0.002759 0.055896
v 0.007740 0.002759 0.055896
v 0.007740 0.002759 0.055896
v 0.007740 0.002759 0.055896
v 0.005440 0.002568 0.056157
v 0.005440 0.002568 0.056157
v 0.005440 0.002568 0.056157
v 0.005440 0.002568 0.056157
v 0.005440 0.002568 0.056157
v 0.005440 0.002568 0.056157
v 0.005440 0.002568 0.056157
v 0.005440 0.002568 0.056157
v 0.005440 0.002568 0.056157
v 0.005471 0.002756 0.056331
v 0.005471 0.002756 0.056331
v 0.005471 0.002756 0.056331
v 0.005471 0.002756 0.056331
v 0.005471 0.002756 0.056331
v 0.005471 0.002756 0.056331
v 0.005471 0.002756 0.056331
v 0.005471 0.002756 0.056331
v 0.005471 0.002756 0.056331
v 0.003318 0.002564 0.056516
v 0.003318 0.002564 0.056516
v 0.003318 0.002564 0.056516
v 0.003318 0.002564 0.056516
v 0.003318 0.002564 0.056516
v 0.003319 0.002562 0.056515
v 0.003319 0.002562 0.056515
v 0.003319 0.002562 0.056515
v 0.003319 0.002562 0.056515
v 0.003319 0.002562 0.056515
v 0.003319 0.002562 0.056515
v 0.003319 0.002562 0.056515
v 0.003396 0.002476 0.056456
v 0.003396 0.002476 0.056456
v 0.003396 0.002476 0.056456
v 0.003396 0.002476 0.056456
v 0.003546 0.002320 0.056411
v 0.003546 0.002320 0.056411
v 0.003546 0.002320 0.056411
v 0.003546 0.002320 0.056411
v 0.003240 0.002651 0.056576
v 0.003240 0.002651 0.056576
v 0.003240 0.002651 0.056576
v 0.003240 0.002651 0.056576
v 0.004460 0.002568 0.056326
v 0.004460 0.002568 0.056326
v 0.004460 0.002568 0.056326
v 0.004460 0.002568 0.056326
v 0.004460 0.002568 0.056326
v 0.004460 0.002568 0.056326
v 0.004460 0.002568 0.056326
v 0.004460 0.002568 0.056326
v 0.004460 0.002568 0.056326
v 0.004460 0.002568 0.056326
v 0.004489 0.002756 0.056501
v 0.004489 0.002756 0.056501
v 0.004489 0.002756 0.056501
v 0.004489 0.002756 0.056501
v 0.004489 0.002756 0.056501
v 0.004489 0.002756 0.056501
v 0.003158 0.002756 0.056710
v 0.003158 0.002756 0.056710
v 0.003158 0.002756 0.056710
v 0.003158 0.002756 0.056710
v 0.003158 0.002756 0.056710
v 0.003158 0.002756 0.056710
v 0.003158 0.002756 0.056710
v 0.003159 0.002754 0.056708
v 0.003159 0.002754 0.056708
v 0.003159 0.002754 0.056708
v 0.003159 0.002754 0.056708
v 0.003159 0.002754 0.056708
v 0.003127 0.002808 0.056829
v 0.003127 0.002808 0.056829
v 0.003127 0.002808 0.056829
v 0.003127 0.002808 0.056829
v 0.008641 -0.003761 0.055639
v 0.008641 -0.003761 0.055639
v 0.008641 -0.003761 0.055639
v 0.008641 -0.003761 0.055639
v 0.008641 -0.003761 0.055639
v 0.008641 -0.003761 0.055639
v 0.008641 -0.003761 0.055639
v 0.008641 -0.003761 0.055639
v 0.008641 -0.003761 0.055639
v 0.008641 -0.003761 0.055639
v 0.009464 -0.003724 0.055535
v 0.009464 -0.003724 0.055535
v 0.009464 -0.003724 0.055535
v 0.009464 -0.003724 0.055535
v 0.008601 -0.003933 0.055462
v 0.008601 -0.003933 0.055462
v 0.008601 -0.003933 0.055462
v 0.008601 -0.003933 0.055462
v 0.008601 -0.003933 0.055462
v 0.008601 -0.003933 0.055462
v 0.008601 -0.003933 0.055462
v 0.008601 -0.003933 0.055462
v 0.008601 -0.003933 0.055462
v 0.008601 -0.003933 0.055462
v 0.008601 -0.003933 0.055462
v 0.008601 -0.003933 0.055462
v 0.008601 -0.003933 0.055462
v 0.008601 -0.003933 0.055462
v 0.009625 -0.003937 0.055234
v 0.009625 -0.003937 0.055234
v 0.009625 -0.003937 0.055234
v 0.009625 -0.003937 0.055234
v 0.009587 -0.003896 0.055259
v 0.009587 -0.003896 0.055259
v 0.009587 -0.003896 0.055259
v 0.009587 -0.003896 0.055259
v 0.009496 -0.003779 0.055410
v 0.009496 -0.003779 0.055410
v 0.009496 -0.003779 0.055410
v 0.009496 -0.003779 0.055410
v 0.009491 -0.003770 0.055430
v 0.009491 -0.003770 0.055430
v 0.009491 -0.003770 0.055430
v 0.009491 -0.003770 0.055430
v 0.009491 -0.003770 0.055430
v 0.009491 -0.003770 0.055430
v 0.009488 -0.003764 0.055444
v 0.009488 -0.003764 0.055444
v 0.009488 -0.003764 0.055444
v 0.009488 -0.003764 0.055444
v 0.009834 -0.004168 0.055095
v 0.009834 -0.004168 0.055095
v 0.009834 -0.004168 0.055095
v 0.009834 -0.004168 0.055095
v 0.009834 -0.004168 0.055095
v 0.009834 -0.004168 0.055095
v 0.009631 -0.003944 0.055230
v 0.009631 -0.003944 0.055230
v 0.009631 -0.003944 0.055230
v 0.009631 -0.003944 0.055230
v 0.003165 -0.000438 0.056751
v 0.003165 -0.000438 0.056751
v 0.003165 -0.000438 0.056751
v 0.003165 -0.000438 0.056751
v 0.003165 -0.000438 0.056751
v 0.003165 -0.000438 0.056751
v 0.003165 -0.000438 0.056751
v 0.003165 -0.000438 0.056751
v 0.003165 -0.000438 0.056751
v 0.003165 -0.000438 0.056751
v 0.003165 -0.000438 0.056751
v 0.003318 -0.000437 0.056544
v 0.003318 -0.000437 0.056544
v 0.003318 -0.000437 0.056544
v 0.003318 -0.000437 0.056544
v 0.003318 -0.000437 0.056544
v 0.003318 -0.000437 0.056544
v 0.003318 -0.000437 0.056544
v 0.003318 -0.000437 0.056544
v 0.003318 -0.000437 0.056544
v 0.003318 -0.000437 0.056544
v 0.003318 -0.000437 0.056544
v 0.003318 -0.000437 0.056544
v 0.003314 -0.003937 0.056471
v 0.003314 -0.003937 0.056471
v 0.003314 -0.003937 0.056471
v 0.003314 -0.003937 0.056471
v 0.003314 -0.003937 0.056471
v 0.003314 -0.003937 0.056471
v 0.003314 -0.003937 0.056471
v 0.003320 -0.003942 0.056468
v 0.003320 -0.003942 0.056468
v 0.003320 -0.003942 0.056468
v 0.003320 -0.003942 0.056468
v 0.003320 -0.003942 0.056468
v 0.003320 -0.003942 0.056468
v 0.003535 -0.004170 0.056341
v 0.003535 -0.004170 0.056341
v 0.003535 -0.004170 0.056341
v 0.003535 -0.004170 0.056341
v 0.003159 -0.003762 0.056658
v 0.003159 -0.003762 0.056658
v 0.003159 -0.003762 0.056658
v 0.003159 -0.003762 0.056658
v 0.003159 -0.003762 0.056658
v 0.003161 -0.003765 0.056651
v 0.003161 -0.003765 0.056651
v 0.003161 -0.003765 0.056651
v 0.003161 -0.003765 0.056651
v 0.003161 -0.003765 0.056651
v 0.003251 -0.003869 0.056508
v 0.003251 -0.003869 0.056508
v 0.003251 -0.003869 0.056508
v 0.003251 -0.003869 0.056508
v 0.003125 -0.003717 0.056773
v 0.003125 -0.003717 0.056773
v 0.003125 -0.003717 0.056773
v 0.003125 -0.003717 0.056773
v 0.003125 -0.003717 0.056773
v 0.003155 -0.003757 0.056670
v 0.003155 -0.003757 0.056670
v 0.003155 -0.003757 0.056670
v 0.003155 -0.003757 0.056670
v 0.009629 0.003146 0.055256
v 0.009629 0.003146 0.055256
v 0.009629 0.003146 0.055256
v 0.009629 0.003146 0.055256
v 0.009629 0.003146 0.055256
v 0.009629 0.003146 0.055256
v 0.009629 0.003146 0.055256
v 0.009629 0.003146 0.055256
v 0.009633 -0.002461 0.055280
v 0.009633 -0.002461 0.055280
v 0.009633 -0.002461 0.055280
v 0.009633 -0.002461 0.055280
v 0.009633 -0.002461 0.055280
v 0.009633 -0.002461 0.055280
v 0.009633 -0.002461 0.055280
v 0.009633 -0.002461 0.055280
v 0.009633 -0.002461 0.055280
v 0.009633 -0.002461 0.055280
v 0.009633 -0.002461 0.055280
v 0.009497 -0.002467 0.055481
v 0.009497 -0.002467 0.055481
v 0.009497 -0.002467 0.055481
v 0.009497 -0.002467 0.055481
v 0.009497 -0.002467 0.055481
v 0.009497 -0.002467 0.055481
v 0.009497 -0.002467 0.055481
v 0.009497 -0.002467 0.055481
v 0.009493 0.003154 0.055457
v 0.009493 0.003154 0.055457
v 0.009493 0.003154 0.055457
v 0.009493 0.003154 0.055457
v 0.009493 0.003154 0.055457
v 0.009493 0.003154 0.055457
v 0.002276 -0.003761 0.056785
v 0.002276 -0.003761 0.056785
v 0.002276 -0.003761 0.056785
v 0.002276 -0.003761 0.056785
v 0.002276 -0.003761 0.056785
v 0.002276 -0.003761 0.056785
v 0.002276 -0.003761 0.056785
v 0.002276 -0.003761 0.056785
v 0.002276 -0.003761 0.056785
v 0.002276 -0.003761 0.056785
v 0.002251 -0.003934 0.056605
v 0.002251 -0.003934 0.056605
v 0.002251 -0.003934 0.056605
v 0.002251 -0.003934 0.056605
v 0.002251 -0.003934 0.056605
v 0.002251 -0.003934 0.056605
v 0.002251 -0.003934 0.056605
v 0.002251 -0.003934 0.056605
v 0.002251 -0.003934 0.056605
v 0.002251 -0.003934 0.056605
v 0.002251 -0.003934 0.056605
v 0.002251 -0.003934 0.056605
v 0.002251 -0.003934 0.056605
v 0.002251 -0.003934 0.056605
v 0.000946 -0.004170 0.056700
v 0.000946 -0.004170 0.056700
v 0.000946 -0.004170 0.056700
v 0.000946 -0.004170 0.056700
v 0.000946 -0.004170 0.056700
v 0.001265 -0.003869 0.056784
v 0.001265 -0.003869 0.056784
v 0.001265 -0.003869 0.056784
v 0.001265 -0.003869 0.056784
v 0.001193 -0.003938 0.056765
v 0.001193 -0.003938 0.056765
v 0.001193 -0.003938 0.056765
v 0.001193 -0.003938 0.056765
v 0.001188 -0.003942 0.056764
v 0.001188 -0.003942 0.056764
v 0.001188 -0.003942 0.056764
v 0.001188 -0.003942 0.056764
v 0.001459 -0.003717 0.057004
v 0.001459 -0.003717 0.057004
v 0.001459 -0.003717 0.057004
v 0.001459 -0.003717 0.057004
v 0.001459 -0.003717 0.057004
v 0.001400 -0.003758 0.056911
v 0.001400 -0.003758 0.056911
v 0.001400 -0.003758 0.056911
v 0.001400 -0.003758 0.056911
v 0.001395 -0.003762 0.056903
v 0.001395 -0.003762 0.056903
v 0.001395 -0.003762 0.056903
v 0.001395 -0.003762 0.056903
v 0.001395 -0.003762 0.056903
v 0.001395 -0.003762 0.056903
v 0.001391 -0.003765 0.056897
v 0.001391 -0.003765 0.056897
v 0.001391 -0.003765 0.056897
v 0.001391 -0.003765 0.056897
v 0.009548 0.003627 0.055253
v 0.009548 0.003627 0.055253
v 0.009548 0.003627 0.055253
v 0.009548 0.003627 0.055253
v 0.009548 0.003627 0.055253
v 0.009548 0.003627 0.055253
v 0.009548 0.003627 0.055253
v 0.008198 0.004596 0.055514
v 0.008198 0.004596 0.055514
v 0.008198 0.004596 0.055514
v 0.008198 0.004596 0.055514
v 0.008198 0.004596 0.055514
v 0.008198 0.004596 0.055514
v 0.008198 0.004596 0.055514
v 0.008198 0.004596 0.055514
v 0.008237 0.004425 0.055691
v 0.008237 0.004425 0.055691
v 0.008237 0.004425 0.055691
v 0.008237 0.004425 0.055691
v 0.008237 0.004425 0.055691
v 0.008237 0.004425 0.055691
v 0.008516 0.004396 0.055626
v 0.008516 0.004396 0.055626
v 0.008516 0.004396 0.055626
v 0.008516 0.004396 0.055626
v 0.008516 0.004396 0.055626
v 0.008516 0.004396 0.055626
v 0.008516 0.004396 0.055626
v 0.008516 0.004561 0.055444
v 0.008516 0.004561 0.055444
v 0.008516 0.004561 0.055444
v 0.008516 0.004561 0.055444
v 0.008516 0.004561 0.055444
v 0.008957 0.004377 0.055353
v 0.008957 0.004377 0.055353
v 0.008957 0.004377 0.055353
v 0.008957 0.004377 0.055353
v 0.008957 0.004377 0.055353
v 0.008957 0.004377 0.055353
v 0.008957 0.004377 0.055353
v 0.009217 0.003950 0.055482
v 0.009217 0.003950 0.055482
v 0.009217 0.003950 0.055482
v 0.009217 0.003950 0.055482
v 0.009217 0.003950 0.055482
v 0.009217 0.003950 0.055482
v 0.009217 0.003950 0.055482
v 0.009217 0.003950 0.055482
v 0.008903 0.004234 0.055542
v 0.008903 0.004234 0.055542
v 0.008903 0.004234 0.055542
v 0.008903 0.004234 0.055542
v 0.008903 0.004234 0.055542
v 0.008903 0.004234 0.055542
v 0.009422 0.003576 0.055452
v 0.009422 0.003576 0.055452
v 0.009422 0.003576 0.055452
v 0.009422 0.003576 0.055452
v 0.009422 0.003576 0.055452
v 0.009422 0.003576 0.055452
v 0.009315 0.004053 0.055286
v 0.009315 0.004053 0.055286
v 0.009315 0.004053 0.055286
v 0.009315 0.004053 0.055286
v 0.009315 0.004053 0.055286
v 0.009315 0.004053 0.055286
v 0.001210 -0.000783 0.056833
v 0.001210 -0.000783 0.056833
v 0.001210 -0.000783 0.056833
v 0.001210 -0.000783 0.056833
v 0.001210 -0.000783 0.056833
v 0.001210 -0.000783 0.056833
v 0.001210 -0.000783 0.056833
v 0.001255 0.004536 0.056748
v 0.001255 0.004536 0.056748
v 0.001255 0.004536 0.056748
v 0.001255 0.004536 0.056748
v 0.001189 0.004599 0.056730
v 0.001189 0.004599 0.056730
v 0.001189 0.004599 0.056730
v 0.001189 0.004599 0.056730
v 0.001189 0.004599 0.056730
v 0.001189 0.004599 0.056730
v 0.001210 -0.000167 0.056837
v 0.001210 -0.000167 0.056837
v 0.001210 -0.000167 0.056837
v 0.001210 -0.000167 0.056837
v 0.001210 -0.000167 0.056837
v 0.001210 -0.000167 0.056837
v 0.001210 -0.000167 0.056837
v 0.001210 -0.000167 0.056837
v 0.001210 -0.000167 0.056837
v 0.001210 -0.000167 0.056837
v 0.001210 -0.000167 0.056837
v 0.001210 -0.000167 0.056837
v 0.001210 -0.000167 0.056837
v 0.001210 -0.000167 0.056837
v 0.001210 -0.000167 0.056837
v 0.001210 -0.000167 0.056837
v 0.001210 -0.000167 0.056837
v 0.001210 -0.000167 0.056837
v 0.001210 -0.000167 0.056837
v 0.001210 -0.000167 0.056837
v 0.001210 -0.000167 0.056837
v 0.000941 0.004831 0.056665
v 0.000941 0.004831 0.056665
v 0.000941 0.004831 0.056665
v 0.000941 0.004831 0.056665
v 0.001202 -0.003247 0.056776
v 0.001202 -0.003247 0.056776
v 0.001202 -0.003247 0.056776
v 0.001202 -0.003247 0.056776
v 0.001202 -0.003247 0.056776
v 0.001202 -0.003247 0.056776
v 0.001202 -0.003247 0.056776
v 0.001202 -0.003247 0.056776
v 0.001202 -0.003247 0.056776
v 0.001202 -0.003247 0.056776
v 0.001202 -0.003247 0.056776
v 0.001202 -0.003247 0.056776
v 0.001405 -0.003254 0.056931
v 0.001405 -0.003254 0.056931
v 0.001405 -0.003254 0.056931
v 0.001405 -0.003254 0.056931
v 0.001405 -0.003254 0.056931
v 0.001405 -0.003254 0.056931
v 0.001405 -0.003254 0.056931
v 0.001405 -0.003254 0.056931
v 0.001182 0.004605 0.056729
v 0.001182 0.004605 0.056729
v 0.001182 0.004605 0.056729
v 0.001182 0.004605 0.056729
v 0.001182 0.004605 0.056729
v 0.001452 0.004382 0.056969
v 0.001452 0.004382 0.056969
v 0.001452 0.004382 0.056969
v 0.001452 0.004382 0.056969
v 0.001452 0.004382 0.056969
v 0.001395 0.004422 0.056880
v 0.001395 0.004422 0.056880
v 0.001395 0.004422 0.056880
v 0.001395 0.004422 0.056880
v 0.001413 -0.000167 0.056992
v 0.001413 -0.000167 0.056992
v 0.001413 -0.000167 0.056992
v 0.001413 -0.000167 0.056992
v 0.001413 -0.000167 0.056992
v 0.001413 -0.000167 0.056992
v 0.001413 -0.000167 0.056992
v 0.001413 -0.000167 0.056992
v 0.001388 0.004427 0.056869
v 0.001388 0.004427 0.056869
v 0.001388 0.004427 0.056869
v 0.001388 0.004427 0.056869
v 0.001388 0.004427 0.056869
v 0.001383 0.004430 0.056861
v 0.001383 0.004430 0.056861
v 0.001383 0.004430 0.056861
v 0.001383 0.004430 0.056861
v 0.001383 0.004430 0.056861
v 0.001413 -0.000785 0.056989
v 0.001413 -0.000785 0.056989
v 0.001413 -0.000785 0.056989
v 0.001413 -0.000785 0.056989
v 0.001413 -0.000785 0.056989
v 0.001413 -0.000785 0.056989
v 0.002695 0.004426 0.056690
v 0.002695 0.004426 0.056690
v 0.002695 0.004426 0.056690
v 0.002695 0.004426 0.056690
v 0.002695 0.004426 0.056690
v 0.002695 0.004426 0.056690
v 0.002695 0.004426 0.056690
v 0.002695 0.004426 0.056690
v 0.002669 0.004597 0.056511
v 0.002669 0.004597 0.056511
v 0.002669 0.004597 0.056511
v 0.002669 0.004597 0.056511
v 0.002669 0.004597 0.056511
v 0.002669 0.004597 0.056511
v 0.002669 0.004597 0.056511
v 0.002669 0.004597 0.056511
v 0.002669 0.004597 0.056511
v 0.002669 0.004597 0.056511
v -0.001877 0.001310 0.057433
v -0.001877 0.001310 0.057433
v -0.001877 0.001310 0.057433
v -0.001877 0.001310 0.057433
v -0.001930 0.001354 0.057344
v -0.001930 0.001354 0.057344
v -0.001930 0.001354 0.057344
v -0.001930 0.001354 0.057344
v -0.001930 0.001354 0.057344
v -0.001930 0.001354 0.057344
v -0.001930 0.001354 0.057344
v -0.004426 0.001352 0.057523
v -0.004426 0.001352 0.057523
v -0.004426 0.001352 0.057523
v -0.004426 0.001352 0.057523
v -0.004426 0.001352 0.057523
v -0.004426 0.001352 0.057523
v -0.004426 0.001352 0.057523
v -0.004426 0.001352 0.057523
v -0.006953 0.001323 0.057682
v -0.006953 0.001323 0.057682
v -0.006953 0.001323 0.057682
v -0.006953 0.001323 0.057682
v -0.006988 0.001355 0.057625
v -0.006988 0.001355 0.057625
v -0.006988 0.001355 0.057625
v -0.006988 0.001355 0.057625
v -0.007006 0.001372 0.057595
v -0.007006 0.001372 0.057595
v -0.007006 0.001372 0.057595
v -0.007006 0.001372 0.057595
v -0.007006 0.001372 0.057595
v -0.007006 0.001372 0.057595
v -0.004436 0.001530 0.057341
v -0.004436 0.001530 0.057341
v -0.004436 0.001530 0.057341
v -0.004436 0.001530 0.057341
v -0.004436 0.001530 0.057341
v -0.004436 0.001530 0.057341
v -0.004436 0.001530 0.057341
v -0.004436 0.001530 0.057341
v -0.004436 0.001530 0.057341
v -0.004436 0.001530 0.057341
v -0.004436 0.001530 0.057341
v -0.004436 0.001530 0.057341
v -0.004436 0.001530 0.057341
v -0.007020 0.001386 0.057572
v -0.007020 0.001386 0.057572
v -0.007020 0.001386 0.057572
v -0.007020 0.001386 0.057572
v -0.007415 0.001772 0.057377
v -0.007415 0.001772 0.057377
v -0.007415 0.001772 0.057377
v -0.007415 0.001772 0.057377
v -0.007415 0.001772 0.057377
v -0.007188 0.001548 0.057444
v -0.007188 0.001548 0.057444
v -0.007188 0.001548 0.057444
v -0.007188 0.001548 0.057444
v -0.007188 0.001548 0.057444
v -0.007188 0.001548 0.057444
v -0.007188 0.001548 0.057444
v -0.007171 0.001532 0.057448
v -0.007171 0.001532 0.057448
v -0.007171 0.001532 0.057448
v -0.007171 0.001532 0.057448
v -0.007154 0.001514 0.057453
v -0.007154 0.001514 0.057453
v -0.007154 0.001514 0.057453
v -0.007154 0.001514 0.057453
v -0.002375 0.001773 0.057127
v -0.002375 0.001773 0.057127
v -0.002375 0.001773 0.057127
v -0.002375 0.001773 0.057127
v -0.001937 0.001359 0.057333
v -0.001937 0.001359 0.057333
v -0.001937 0.001359 0.057333
v -0.001937 0.001359 0.057333
v -0.001937 0.001359 0.057333
v -0.001942 0.001363 0.057325
v -0.001942 0.001363 0.057325
v -0.001942 0.001363 0.057325
v -0.001942 0.001363 0.057325
v -0.002065 0.001474 0.057211
v -0.002065 0.001474 0.057211
v -0.002065 0.001474 0.057211
v -0.002065 0.001474 0.057211
v -0.002130 0.001537 0.057193
v -0.002130 0.001537 0.057193
v -0.002130 0.001537 0.057193
v -0.002130 0.001537 0.057193
v -0.002130 0.001537 0.057193
v -0.002136 0.001543 0.057191
v -0.002136 0.001543 0.057191
v -0.002136 0.001543 0.057191
v -0.002136 0.001543 0.057191
v -0.002136 0.001543 0.057191
v -0.002136 0.001543 0.057191
v -0.002136 0.001543 0.057191
v -0.006952 -0.000203 0.057693
v -0.006952 -0.000203 0.057693
v -0.006952 -0.000203 0.057693
v -0.006952 -0.000203 0.057693
v -0.006952 -0.000203 0.057693
v -0.006984 -0.000234 0.057640
v -0.006984 -0.000234 0.057640
v -0.006984 -0.000234 0.057640
v -0.006984 -0.000234 0.057640
v -0.007002 0.000563 0.057604
v -0.007002 0.000563 0.057604
v -0.007002 0.000563 0.057604
v -0.007002 0.000563 0.057604
v -0.007002 0.000563 0.057604
v -0.007002 0.000563 0.057604
v -0.007002 0.000563 0.057604
v -0.007002 0.000563 0.057604
v -0.007002 0.000563 0.057604
v -0.007002 0.000563 0.057604
v -0.007183 0.000561 0.057449
v -0.007183 0.000561 0.057449
v -0.007183 0.000561 0.057449
v -0.007183 0.000561 0.057449
v -0.007183 0.000561 0.057449
v -0.007183 0.000561 0.057449
v -0.007183 0.000561 0.057449
v -0.007183 0.000561 0.057449
v -0.007183 0.000561 0.057449
v -0.007183 0.000561 0.057449
v -0.007183 0.000561 0.057449
v -0.007186 -0.000432 0.057458
v -0.007186 -0.000432 0.057458
v -0.007186 -0.000432 0.057458
v -0.007186 -0.000432 0.057458
v -0.007186 -0.000432 0.057458
v -0.007186 -0.000432 0.057458
v -0.007186 -0.000432 0.057458
v -0.007167 -0.000413 0.057463
v -0.007167 -0.000413 0.057463
v -0.007167 -0.000413 0.057463
v -0.007167 -0.000413 0.057463
v -0.007167 -0.000413 0.057463
v -0.007152 -0.000398 0.057467
v -0.007152 -0.000398 0.057467
v -0.007152 -0.000398 0.057467
v -0.007152 -0.000398 0.057467
v -0.007019 -0.000268 0.057583
v -0.007019 -0.000268 0.057583
v -0.007019 -0.000268 0.057583
v -0.007019 -0.000268 0.057583
v -0.007019 -0.000268 0.057583
v -0.007004 -0.000254 0.057607
v -0.007004 -0.000254 0.057607
v -0.007004 -0.000254 0.057607
v -0.007004 -0.000254 0.057607
v -0.007004 -0.000254 0.057607
v -0.007413 -0.000657 0.057395
v -0.007413 -0.000657 0.057395
v -0.007413 -0.000657 0.057395
v -0.007413 -0.000657 0.057395
v -0.002391 0.004842 0.057005
v -0.002391 0.004842 0.057005
v -0.002391 0.004842 0.057005
v -0.002391 0.004842 0.057005
v -0.002391 0.004842 0.057005
v -0.002391 0.004842 0.057005
v -0.002136 0.002833 0.057140
v -0.002136 0.002833 0.057140
v -0.002136 0.002833 0.057140
v -0.002136 0.002833 0.057140
v -0.002136 0.002833 0.057140
v -0.002136 0.002833 0.057140
v -0.002136 0.002833 0.057140
v -0.002136 0.002833 0.057140
v -0.002136 0.002833 0.057140
v -0.002136 0.002833 0.057140
v -0.001957 0.004441 0.057219
v -0.001957 0.004441 0.057219
v -0.001957 0.004441 0.057219
v -0.001957 0.004441 0.057219
v -0.002080 0.004547 0.057101
v -0.002080 0.004547 0.057101
v -0.002080 0.004547 0.057101
v -0.002080 0.004547 0.057101
v -0.001952 0.004438 0.057227
v -0.001952 0.004438 0.057227
v -0.001952 0.004438 0.057227
v -0.001952 0.004438 0.057227
v -0.001952 0.004438 0.057227
v -0.001952 0.004438 0.057227
v -0.002152 0.004615 0.057079
v -0.002152 0.004615 0.057079
v -0.002152 0.004615 0.057079
v -0.002152 0.004615 0.057079
v -0.001941 0.002839 0.057296
v -0.001941 0.002839 0.057296
v -0.001941 0.002839 0.057296
v -0.001941 0.002839 0.057296
v -0.001941 0.002839 0.057296
v -0.001941 0.002839 0.057296
v -0.001941 0.002839 0.057296
v -0.001941 0.002839 0.057296
v -0.001941 0.002839 0.057296
v -0.001941 0.002839 0.057296
v -0.001892 0.004393 0.057329
v -0.001892 0.004393 0.057329
v -0.001892 0.004393 0.057329
v -0.001892 0.004393 0.057329
v -0.001892 0.004393 0.057329
v -0.004434 -0.000412 0.057355
v -0.004434 -0.000412 0.057355
v -0.004434 -0.000412 0.057355
v -0.004434 -0.000412 0.057355
v -0.004434 -0.000412 0.057355
v -0.004434 -0.000412 0.057355
v -0.004434 -0.000412 0.057355
v -0.004434 -0.000412 0.057355
v -0.004434 -0.000412 0.057355
v -0.004424 -0.000231 0.057538
v -0.004424 -0.000231 0.057538
v -0.004424 -0.000231 0.057538
v -0.004424 -0.000231 0.057538
v -0.004424 -0.000231 0.057538
v -0.004424 -0.000231 0.057538
v -0.004424 -0.000231 0.057538
v -0.004424 -0.000231 0.057538
v -0.004424 -0.000231 0.057538
v -0.004424 -0.000231 0.057538
v -0.004424 -0.000231 0.057538
v -0.004424 -0.000231 0.057538
v -0.004424 -0.000231 0.057538
v -0.004424 -0.000231 0.057538
v -0.001876 -0.000190 0.057443
v -0.001876 -0.000190 0.057443
v -0.001876 -0.000190 0.057443
v -0.001876 -0.000190 0.057443
v -0.001876 -0.000190 0.057443
v -0.001940 -0.000244 0.057335
v -0.001940 -0.000244 0.057335
v -0.001940 -0.000244 0.057335
v -0.001940 -0.000244 0.057335
v -0.001935 -0.000240 0.057343
v -0.001935 -0.000240 0.057343
v -0.001935 -0.000240 0.057343
v -0.001935 -0.000240 0.057343
v -0.001927 -0.000233 0.057358
v -0.001927 -0.000233 0.057358
v -0.001927 -0.000233 0.057358
v -0.001927 -0.000233 0.057358
v -0.001927 -0.000233 0.057358
v -0.002372 -0.000657 0.057143
v -0.002372 -0.000657 0.057143
v -0.002372 -0.000657 0.057143
v -0.002372 -0.000657 0.057143
v -0.002372 -0.000657 0.057143
v -0.002135 -0.000426 0.057204
v -0.002135 -0.000426 0.057204
v -0.002135 -0.000426 0.057204
v -0.002135 -0.000426 0.057204
v -0.002135 -0.000426 0.057204
v -0.002127 -0.000418 0.057206
v -0.002127 -0.000418 0.057206
v -0.002127 -0.000418 0.057206
v -0.002127 -0.000418 0.057206
v -0.002127 -0.000418 0.057206
v -0.002127 -0.000418 0.057206
v -0.002063 -0.000357 0.057223
v -0.002063 -0.000357 0.057223
v -0.002063 -0.000357 0.057223
v -0.002063 -0.000357 0.057223
v 0.000268 0.004842 0.056744
v 0.000268 0.004842 0.056744
v 0.000268 0.004842 0.056744
v 0.000268 0.004842 0.056744
v -0.001073 0.004608 0.056963
v -0.001073 0.004608 0.056963
v -0.001073 0.004608 0.056963
v -0.001073 0.004608 0.056963
v -0.001073 0.004608 0.056963
v -0.001073 0.004608 0.056963
v -0.001073 0.004608 0.056963
v -0.001073 0.004608 0.056963
v -0.001073 0.004608 0.056963
v -0.001073 0.004608 0.056963
v -0.001073 0.004608 0.056963
v -0.001073 0.004608 0.056963
v -0.001073 0.004608 0.056963
v -0.001073 0.004608 0.056963
v -0.001055 0.004437 0.057144
v -0.001055 0.004437 0.057144
v -0.001055 0.004437 0.057144
v -0.001055 0.004437 0.057144
v -0.001055 0.004437 0.057144
v -0.001055 0.004437 0.057144
v -0.001055 0.004437 0.057144
v -0.001055 0.004437 0.057144
v -0.000017 0.004547 0.056898
v -0.000017 0.004547 0.056898
v -0.000017 0.004547 0.056898
v -0.000017 0.004547 0.056898
v 0.000041 0.004607 0.056867
v 0.000041 0.004607 0.056867
v 0.000041 0.004607 0.056867
v 0.000041 0.004607 0.056867
v 0.000041 0.004607 0.056867
v 0.000041 0.004607 0.056867
v 0.000049 0.004615 0.056863
v 0.000049 0.004615 0.056863
v 0.000049 0.004615 0.056863
v 0.000049 0.004615 0.056863
v 0.000049 0.004615 0.056863
v 0.000049 0.004615 0.056863
v 0.000149 0.004719 0.056808
v 0.000149 0.004719 0.056808
v 0.000149 0.004719 0.056808
v 0.000149 0.004719 0.056808
v 0.000149 0.004719 0.056808
v -0.000157 0.004393 0.057159
v -0.000157 0.004393 0.057159
v -0.000157 0.004393 0.057159
v -0.000157 0.004393 0.057159
v -0.000124 0.004430 0.057065
v -0.000124 0.004430 0.057065
v -0.000124 0.004430 0.057065
v -0.000124 0.004430 0.057065
v -0.000118 0.004438 0.057047
v -0.000118 0.004438 0.057047
v -0.000118 0.004438 0.057047
v -0.000118 0.004438 0.057047
v -0.000118 0.004438 0.057047
v -0.000118 0.004438 0.057047
v -0.000115 0.004441 0.057038
v -0.000115 0.004441 0.057038
v -0.000115 0.004441 0.057038
v -0.000115 0.004441 0.057038
v -0.001880 -0.002292 0.057413
v -0.001880 -0.002292 0.057413
v -0.001880 -0.002292 0.057413
v -0.001880 -0.002292 0.057413
v -0.002067 -0.002118 0.057197
v -0.002067 -0.002118 0.057197
v -0.002067 -0.002118 0.057197
v -0.002067 -0.002118 0.057197
v -0.002067 -0.002118 0.057197
v -0.001944 -0.002234 0.057306
v -0.001944 -0.002234 0.057306
v -0.001944 -0.002234 0.057306
v -0.001944 -0.002234 0.057306
v -0.001936 -0.001247 0.057334
v -0.001936 -0.001247 0.057334
v -0.001936 -0.001247 0.057334
v -0.001936 -0.001247 0.057334
v -0.001936 -0.001247 0.057334
v -0.001936 -0.001247 0.057334
v -0.001936 -0.001247 0.057334
v -0.001936 -0.001247 0.057334
v -0.001936 -0.001247 0.057334
v -0.001936 -0.001247 0.057334
v -0.001936 -0.001247 0.057334
v -0.001936 -0.001247 0.057334
v -0.001939 -0.002238 0.057314
v -0.001939 -0.002238 0.057314
v -0.001939 -0.002238 0.057314
v -0.001939 -0.002238 0.057314
v -0.001939 -0.002238 0.057314
v -0.001930 -0.002247 0.057330
v -0.001930 -0.002247 0.057330
v -0.001930 -0.002247 0.057330
v -0.001930 -0.002247 0.057330
v -0.001930 -0.002247 0.057330
v -0.001930 -0.002247 0.057330
v -0.002131 -0.001244 0.057179
v -0.002131 -0.001244 0.057179
v -0.002131 -0.001244 0.057179
v -0.002131 -0.001244 0.057179
v -0.002131 -0.001244 0.057179
v -0.002131 -0.001244 0.057179
v -0.002131 -0.001244 0.057179
v -0.002131 -0.001244 0.057179
v -0.002131 -0.001244 0.057179
v -0.002375 -0.001815 0.057126
v -0.002375 -0.001815 0.057126
v -0.002375 -0.001815 0.057126
v -0.002375 -0.001815 0.057126
v -0.002138 -0.002048 0.057181
v -0.002138 -0.002048 0.057181
v -0.002138 -0.002048 0.057181
v -0.002138 -0.002048 0.057181
v -0.002138 -0.002048 0.057181
v -0.002129 -0.002057 0.057183
v -0.002129 -0.002057 0.057183
v -0.002129 -0.002057 0.057183
v -0.002129 -0.002057 0.057183
v -0.002129 -0.002057 0.057183
v 0.000050 0.000742 0.056973
v 0.000050 0.000742 0.056973
v 0.000050 0.000742 0.056973
v 0.000050 0.000742 0.056973
v 0.000050 0.000742 0.056973
v 0.000050 0.000742 0.056973
v 0.000050 0.000742 0.056973
v 0.000050 0.000742 0.056973
v 0.000050 0.000742 0.056973
v 0.000050 0.000742 0.056973
v 0.000050 0.000742 0.056973
v 0.000273 -0.004170 0.056780
v 0.000273 -0.004170 0.056780
v 0.000273 -0.004170 0.056780
v 0.000273 -0.004170 0.056780
v -0.000111 0.000744 0.057175
v -0.000111 0.000744 0.057175
v -0.000111 0.000744 0.057175
v -0.000111 0.000744 0.057175
v -0.000111 0.000744 0.057175
v -0.000111 0.000744 0.057175
v -0.000111 0.000744 0.057175
v -0.000111 0.000744 0.057175
v -0.000111 0.000744 0.057175
v -0.000111 0.000744 0.057175
v -0.000111 0.000744 0.057175
v -0.000111 0.000744 0.057175
v -0.000111 0.000744 0.057175
v 0.000046 -0.003935 0.056902
v 0.000046 -0.003935 0.056902
v 0.000046 -0.003935 0.056902
v 0.000046 -0.003935 0.056902
v 0.000046 -0.003935 0.056902
v 0.000046 -0.003935 0.056902
v 0.000053 -0.003942 0.056899
v 0.000053 -0.003942 0.056899
v 0.000053 -0.003942 0.056899
v 0.000053 -0.003942 0.056899
v 0.000053 -0.003942 0.056899
v 0.000053 -0.003942 0.056899
v 0.000207 -0.004101 0.056816
v 0.000207 -0.004101 0.056816
v 0.000207 -0.004101 0.056816
v 0.000207 -0.004101 0.056816
v 0.000207 -0.004101 0.056816
v 0.000050 -0.000253 0.056976
v 0.000050 -0.000253 0.056976
v 0.000050 -0.000253 0.056976
v 0.000050 -0.000253 0.056976
v 0.000050 -0.000253 0.056976
v 0.000050 -0.000253 0.056976
v 0.000050 -0.000253 0.056976
v 0.000050 -0.000253 0.056976
v 0.000050 -0.000253 0.056976
v 0.000050 -0.000253 0.056976
v 0.000050 -0.000253 0.056976
v 0.000050 -0.000253 0.056976
v 0.000050 -0.000253 0.056976
v 0.000050 -0.000253 0.056976
v -0.000017 -0.003870 0.056936
v -0.000017 -0.003870 0.056936
v -0.000017 -0.003870 0.056936
v -0.000017 -0.003870 0.056936
v -0.000113 -0.003765 0.057075
v -0.000113 -0.003765 0.057075
v -0.000113 -0.003765 0.057075
v -0.000113 -0.003765 0.057075
v -0.000113 -0.003765 0.057075
v -0.000153 -0.003717 0.057196
v -0.000153 -0.003717 0.057196
v -0.000153 -0.003717 0.057196
v -0.000153 -0.003717 0.057196
v -0.000153 -0.003717 0.057196
v -0.000110 -0.000253 0.057178
v -0.000110 -0.000253 0.057178
v -0.000110 -0.000253 0.057178
v -0.000110 -0.000253 0.057178
v -0.000110 -0.000253 0.057178
v -0.000110 -0.000253 0.057178
v -0.000110 -0.000253 0.057178
v -0.000110 -0.000253 0.057178
v -0.000110 -0.000253 0.057178
v -0.000110 -0.000253 0.057178
v -0.000110 -0.000253 0.057178
v -0.000110 -0.000253 0.057178
v -0.000120 -0.003756 0.057097
v -0.000120 -0.003756 0.057097
v -0.000120 -0.003756 0.057097
v -0.000120 -0.003756 0.057097
v -0.000120 -0.003756 0.057097
v -0.000115 -0.003762 0.057082
v -0.000115 -0.003762 0.057082
v -0.000115 -0.003762 0.057082
v -0.000115 -0.003762 0.057082
v -0.004525 -0.002249 0.057514
v -0.004525 -0.002249 0.057514
v -0.004525 -0.002249 0.057514
v -0.004525 -0.002249 0.057514
v -0.004525 -0.002249 0.057514
v -0.004525 -0.002249 0.057514
v -0.004525 -0.002249 0.057514
v -0.004525 -0.002249 0.057514
v -0.004525 -0.002249 0.057514
v -0.004525 -0.002249 0.057514
v -0.004525 -0.002249 0.057514
v -0.004525 -0.002249 0.057514
v -0.007149 -0.002276 0.057662
v -0.007149 -0.002276 0.057662
v -0.007149 -0.002276 0.057662
v -0.007149 -0.002276 0.057662
v -0.007360 -0.002061 0.057440
v -0.007360 -0.002061 0.057440
v -0.007360 -0.002061 0.057440
v -0.007360 -0.002061 0.057440
v -0.007360 -0.002061 0.057440
v -0.007360 -0.002061 0.057440
v -0.007360 -0.002061 0.057440
v -0.007349 -0.002072 0.057442
v -0.007349 -0.002072 0.057442
v -0.007349 -0.002072 0.057442
v -0.007349 -0.002072 0.057442
v -0.007215 -0.002208 0.057555
v -0.007215 -0.002208 0.057555
v -0.007215 -0.002208 0.057555
v -0.007215 -0.002208 0.057555
v -0.007200 -0.002223 0.057579
v -0.007200 -0.002223 0.057579
v -0.007200 -0.002223 0.057579
v -0.007200 -0.002223 0.057579
v -0.007200 -0.002223 0.057579
v -0.007178 -0.002245 0.057614
v -0.007178 -0.002245 0.057614
v -0.007178 -0.002245 0.057614
v -0.007178 -0.002245 0.057614
v -0.007605 -0.001814 0.057379
v -0.007605 -0.001814 0.057379
v -0.007605 -0.001814 0.057379
v -0.007605 -0.001814 0.057379
v -0.007380 -0.002041 0.057435
v -0.007380 -0.002041 0.057435
v -0.007380 -0.002041 0.057435
v -0.007380 -0.002041 0.057435
v -0.007380 -0.002041 0.057435
v -0.003542 -0.002062 0.057275
v -0.003542 -0.002062 0.057275
v -0.003542 -0.002062 0.057275
v -0.003542 -0.002062 0.057275
v -0.003542 -0.002062 0.057275
v -0.003542 -0.002062 0.057275
v -0.003542 -0.002062 0.057275
v -0.003542 -0.002062 0.057275
v -0.003530 -0.002249 0.057453
v -0.003530 -0.002249 0.057453
v -0.003530 -0.002249 0.057453
v -0.003530 -0.002249 0.057453
v -0.003530 -0.002249 0.057453
v -0.003530 -0.002249 0.057453
v -0.003530 -0.002249 0.057453
v -0.003530 -0.002249 0.057453
v -0.003530 -0.002249 0.057453
v -0.004534 -0.002062 0.057336
v -0.004534 -0.002062 0.057336
v -0.004534 -0.002062 0.057336
v -0.004534 -0.002062 0.057336
v -0.004534 -0.002062 0.057336
v -0.000744 -0.003761 0.057148
v -0.000744 -0.003761 0.057148
v -0.000744 -0.003761 0.057148
v -0.000744 -0.003761 0.057148
v -0.000744 -0.003761 0.057148
v -0.000744 -0.003761 0.057148
v -0.000744 -0.003761 0.057148
v -0.000744 -0.003761 0.057148
v -0.000763 -0.003934 0.056968
v -0.000763 -0.003934 0.056968
v -0.000763 -0.003934 0.056968
v -0.000763 -0.003934 0.056968
v -0.000763 -0.003934 0.056968
v -0.000763 -0.003934 0.056968
v -0.000763 -0.003934 0.056968
v -0.000763 -0.003934 0.056968
v -0.000763 -0.003934 0.056968
v -0.000763 -0.003934 0.056968
v -0.006319 -0.003933 0.057338
v -0.006319 -0.003933 0.057338
v -0.006319 -0.003933 0.057338
v -0.006319 -0.003933 0.057338
v -0.006319 -0.003933 0.057338
v -0.006319 -0.003933 0.057338
v -0.006319 -0.003933 0.057338
v -0.006319 -0.003933 0.057338
v -0.006314 -0.003761 0.057519
v -0.006314 -0.003761 0.057519
v -0.006314 -0.003761 0.057519
v -0.006314 -0.003761 0.057519
v -0.006314 -0.003761 0.057519
v -0.006314 -0.003761 0.057519
v -0.007379 -0.002345 0.057419
v -0.007379 -0.002345 0.057419
v -0.007379 -0.002345 0.057419
v -0.007379 -0.002345 0.057419
v -0.007379 -0.002345 0.057419
v -0.007379 -0.002345 0.057419
v -0.007379 -0.002345 0.057419
v -0.007379 -0.002345 0.057419
v -0.007379 -0.002345 0.057419
v -0.007198 -0.002350 0.057573
v -0.007198 -0.002350 0.057573
v -0.007198 -0.002350 0.057573
v -0.007198 -0.002350 0.057573
v -0.007198 -0.002350 0.057573
v -0.007198 -0.002350 0.057573
v -0.007198 -0.002350 0.057573
v -0.007198 -0.002350 0.057573
v -0.007201 -0.002890 0.057555
v -0.007201 -0.002890 0.057555
v -0.007201 -0.002890 0.057555
v -0.007201 -0.002890 0.057555
v -0.007201 -0.002890 0.057555
v -0.007201 -0.002890 0.057555
v -0.007381 -0.002883 0.057401
v -0.007381 -0.002883 0.057401
v -0.007381 -0.002883 0.057401
v -0.007381 -0.002883 0.057401
v -0.007381 -0.002883 0.057401
v -0.007381 -0.002883 0.057401
v -0.006516 -0.003742 0.057519
v -0.006516 -0.003742 0.057519
v -0.006516 -0.003742 0.057519
v -0.006516 -0.003742 0.057519
v -0.006516 -0.003742 0.057519
v -0.006516 -0.003742 0.057519
v -0.006516 -0.003742 0.057519
v -0.006790 -0.003632 0.057522
v -0.006790 -0.003632 0.057522
v -0.006790 -0.003632 0.057522
v -0.006790 -0.003632 0.057522
v -0.006790 -0.003632 0.057522
v -0.006790 -0.003632 0.057522
v -0.006790 -0.003632 0.057522
v -0.007012 -0.003438 0.057530
v -0.007012 -0.003438 0.057530
v -0.007012 -0.003438 0.057530
v -0.007012 -0.003438 0.057530
v -0.007012 -0.003438 0.057530
v -0.007012 -0.003438 0.057530
v -0.007012 -0.003438 0.057530
v -0.007154 -0.003180 0.057541
v -0.007154 -0.003180 0.057541
v -0.007154 -0.003180 0.057541
v -0.007154 -0.003180 0.057541
v -0.007154 -0.003180 0.057541
v -0.007154 -0.003180 0.057541
v -0.007325 -0.003232 0.057385
v -0.007325 -0.003232 0.057385
v -0.007325 -0.003232 0.057385
v -0.007325 -0.003232 0.057385
v -0.007325 -0.003232 0.057385
v -0.007325 -0.003232 0.057385
v -0.007325 -0.003232 0.057385
v -0.007325 -0.003232 0.057385
v -0.007154 -0.003541 0.057370
v -0.007154 -0.003541 0.057370
v -0.007154 -0.003541 0.057370
v -0.007154 -0.003541 0.057370
v -0.007154 -0.003541 0.057370
v -0.007154 -0.003541 0.057370
v -0.006890 -0.003776 0.057355
v -0.006890 -0.003776 0.057355
v -0.006890 -0.003776 0.057355
v -0.006890 -0.003776 0.057355
v -0.006890 -0.003776 0.057355
v -0.006890 -0.003776 0.057355
v -0.006562 -0.003909 0.057344
v -0.006562 -0.003909 0.057344
v -0.006562 -0.003909 0.057344
v -0.006562 -0.003909 0.057344
v -0.006562 -0.003909 0.057344
v 0.016797 -0.008019 0.052554
v 0.016797 -0.008019 0.052554
v 0.016797 -0.008019 0.052554
v 0.016797 -0.008019 0.052554
v 0.016797 -0.008019 0.052554
v 0.016797 -0.008019 0.052554
v 0.016554 -0.007999 0.052474
v 0.016554 -0.007999 0.052474
v 0.016554 -0.007999 0.052474
v 0.016554 -0.007999 0.052474
v 0.016554 -0.007999 0.052474
v 0.016554 -0.007999 0.052474
v 0.016554 -0.007999 0.052474
v 0.016525 -0.008275 0.052434
v 0.016525 -0.008275 0.052434
v 0.016525 -0.008275 0.052434
v 0.016525 -0.008275 0.052434
v 0.016525 -0.008275 0.052434
v 0.016525 -0.008275 0.052434
v 0.016525 -0.008275 0.052434
v 0.016286 -0.009314 0.052541
v 0.016286 -0.009314 0.052541
v 0.016286 -0.009314 0.052541
v 0.016286 -0.009314 0.052541
v 0.016286 -0.009314 0.052541
v 0.016286 -0.009314 0.052541
v 0.016286 -0.009314 0.052541
v 0.016286 -0.009314 0.052541
v 0.016286 -0.009314 0.052541
v 0.015846 -0.009681 0.052678
v 0.015846 -0.009681 0.052678
v 0.015846 -0.009681 0.052678
v 0.015846 -0.009681 0.052678
v 0.015846 -0.009681 0.052678
v 0.015846 -0.009681 0.052678
v 0.015846 -0.009681 0.052678
v 0.015846 -0.009681 0.052678
v 0.015701 -0.009491 0.052585
v 0.015701 -0.009491 0.052585
v 0.015701 -0.009491 0.052585
v 0.015701 -0.009491 0.052585
v 0.015701 -0.009491 0.052585
v 0.015701 -0.009491 0.052585
v 0.016612 -0.008812 0.052484
v 0.016612 -0.008812 0.052484
v 0.016612 -0.008812 0.052484
v 0.016612 -0.008812 0.052484
v 0.016612 -0.008812 0.052484
v 0.016612 -0.008812 0.052484
v 0.016612 -0.008812 0.052484
v 0.016765 -0.008326 0.052509
v 0.016765 -0.008326 0.052509
v 0.016765 -0.008326 0.052509
v 0.016765 -0.008326 0.052509
v 0.016765 -0.008326 0.052509
v 0.016765 -0.008326 0.052509
v 0.016095 -0.009161 0.052463
v 0.016095 -0.009161 0.052463
v 0.016095 -0.009161 0.052463
v 0.016095 -0.009161 0.052463
v 0.016095 -0.009161 0.052463
v 0.016387 -0.008711 0.052413
v 0.016387 -0.008711 0.052413
v 0.016387 -0.008711 0.052413
v 0.016387 -0.008711 0.052413
v 0.016387 -0.008711 0.052413
v 0.016387 -0.008711 0.052413
v 0.016800 0.007919 0.052571
v 0.016800 0.007919 0.052571
v 0.016800 0.007919 0.052571
v 0.016800 0.007919 0.052571
v 0.016800 0.007919 0.052571
v 0.016800 0.007919 0.052571
v 0.016663 0.000007 0.053104
v 0.016663 0.000007 0.053104
v 0.016663 0.000007 0.053104
v 0.016663 0.000007 0.053104
v 0.016663 0.000007 0.053104
v 0.016663 0.000007 0.053104
v 0.016663 0.000007 0.053104
v 0.016865 -0.004956 0.052971
v 0.016865 -0.004956 0.052971
v 0.016865 -0.004956 0.052971
v 0.016865 -0.004956 0.052971
v 0.016865 -0.004956 0.052971
v 0.016865 -0.004956 0.052971
v 0.016865 -0.004956 0.052971
v 0.016865 -0.004956 0.052971
v 0.016865 -0.004956 0.052971
v 0.016625 -0.004944 0.052879
v 0.016625 -0.004944 0.052879
v 0.016625 -0.004944 0.052879
v 0.016625 -0.004944 0.052879
v 0.016625 -0.004944 0.052879
v 0.016625 -0.004944 0.052879
v 0.016625 -0.004944 0.052879
v 0.016662 -0.000985 0.053096
v 0.016662 -0.000985 0.053096
v 0.016662 -0.000985 0.053096
v 0.016662 -0.000985 0.053096
v 0.016662 -0.000985 0.053096
v 0.016662 -0.000985 0.053096
v 0.016901 -0.000987 0.053192
v 0.016901 -0.000987 0.053192
v 0.016901 -0.000987 0.053192
v 0.016901 -0.000987 0.053192
v 0.016901 -0.000987 0.053192
v 0.016901 -0.000987 0.053192
v 0.016901 -0.000987 0.053192
v 0.016901 -0.000987 0.053192
v 0.016902 0.000007 0.053201
v 0.016902 0.000007 0.053201
v 0.016902 0.000007 0.053201
v 0.016902 0.000007 0.053201
v 0.016902 0.000007 0.053201
v 0.016902 0.000007 0.053201
v 0.016878 0.003980 0.053054
v 0.016878 0.003980 0.053054
v 0.016878 0.003980 0.053054
v 0.016878 0.003980 0.053054
v 0.016878 0.003980 0.053054
v 0.016878 0.003980 0.053054
v 0.016878 0.003980 0.053054
v 0.016878 0.003980 0.053054
v 0.016878 0.003980 0.053054
v 0.016639 0.003971 0.052961
v 0.016639 0.003971 0.052961
v 0.016639 0.003971 0.052961
v 0.016639 0.003971 0.052961
v 0.016639 0.003971 0.052961
v 0.016639 0.003971 0.052961
v 0.016639 0.003971 0.052961
v 0.016639 0.003971 0.052961
v 0.016557 0.007899 0.052490
v 0.016557 0.007899 0.052490
v 0.016557 0.007899 0.052490
v 0.016557 0.007899 0.052490
v 0.016557 0.007899 0.052490
v 0.016557 0.007899 0.052490
v 0.016557 0.007899 0.052490
v 0.016554 0.007993 0.052474
v 0.016554 0.007993 0.052474
v 0.016554 0.007993 0.052474
v 0.016554 0.007993 0.052474
v 0.016554 0.007993 0.052474
v 0.016554 0.007993 0.052474
v 0.016797 0.008012 0.052554
v 0.016797 0.008012 0.052554
v 0.016797 0.008012 0.052554
v 0.016797 0.008012 0.052554
v 0.016797 0.008012 0.052554
v 0.016797 0.008012 0.052554
v 0.002052 -0.017448 0.054377
v 0.002052 -0.017448 0.054377
v 0.002052 -0.017448 0.054377
v 0.002052 -0.017448 0.054377
v 0.002052 -0.017448 0.054377
v 0.002052 -0.017448 0.054377
v 0.013139 -0.011033 0.053332
v 0.013139 -0.011033 0.053332
v 0.013139 -0.011033 0.053332
v 0.013139 -0.011033 0.053332
v 0.013139 -0.011033 0.053332
v 0.013139 -0.011033 0.053332
v 0.013139 -0.011033 0.053332
v 0.013139 -0.011033 0.053332
v 0.013139 -0.011033 0.053332
v 0.013276 -0.011223 0.053437
v 0.013276 -0.011223 0.053437
v 0.013276 -0.011223 0.053437
v 0.013276 -0.011223 0.053437
v 0.013276 -0.011223 0.053437
v 0.013276 -0.011223 0.053437
v 0.013276 -0.011223 0.053437
v 0.009771 -0.013021 0.053988
v 0.009771 -0.013021 0.053988
v 0.009771 -0.013021 0.053988
v 0.009771 -0.013021 0.053988
v 0.009771 -0.013021 0.053988
v 0.009771 -0.013021 0.053988
v 0.009771 -0.013021 0.053988
v 0.009900 -0.013213 0.054099
v 0.009900 -0.013213 0.054099
v 0.009900 -0.013213 0.054099
v 0.009900 -0.013213 0.054099
v 0.009900 -0.013213 0.054099
v 0.009900 -0.013213 0.054099
v 0.009900 -0.013213 0.054099
v 0.009048 -0.013711 0.054218
v 0.009048 -0.013711 0.054218
v 0.009048 -0.013711 0.054218
v 0.009048 -0.013711 0.054218
v 0.009048 -0.013711 0.054218
v 0.009048 -0.013711 0.054218
v 0.009048 -0.013711 0.054218
v 0.005495 -0.015497 0.054405
v 0.005495 -0.015497 0.054405
v 0.005495 -0.015497 0.054405
v 0.005495 -0.015497 0.054405
v 0.005495 -0.015497 0.054405
v 0.005495 -0.015497 0.054405
v 0.005495 -0.015497 0.054405
v 0.005495 -0.015497 0.054405
v 0.005615 -0.015696 0.054514
v 0.005615 -0.015696 0.054514
v 0.005615 -0.015696 0.054514
v 0.005615 -0.015696 0.054514
v 0.005615 -0.015696 0.054514
v 0.005615 -0.015696 0.054514
v 0.005615 -0.015696 0.054514
v 0.008921 -0.013517 0.054107
v 0.008921 -0.013517 0.054107
v 0.008921 -0.013517 0.054107
v 0.008921 -0.013517 0.054107
v 0.008921 -0.013517 0.054107
v 0.008921 -0.013517 0.054107
v 0.002164 -0.017657 0.054476
v 0.002164 -0.017657 0.054476
v 0.002164 -0.017657 0.054476
v 0.002164 -0.017657 0.054476
v 0.002164 -0.017657 0.054476
v 0.002164 -0.017657 0.054476
v 0.002164 -0.017657 0.054476
v 0.002094 -0.017696 0.054471
v 0.002094 -0.017696 0.054471
v 0.002094 -0.017696 0.054471
v 0.002094 -0.017696 0.054471
v 0.002094 -0.017696 0.054471
v 0.002094 -0.017696 0.054471
v 0.001982 -0.017487 0.054372
v 0.001982 -0.017487 0.054372
v 0.001982 -0.017487 0.054372
v 0.001982 -0.017487 0.054372
v 0.001982 -0.017487 0.054372
v 0.001982 -0.017487 0.054372
v 0.015846 0.009675 0.052678
v 0.015846 0.009675 0.052678
v 0.015846 0.009675 0.052678
v 0.015846 0.009675 0.052678
v 0.015846 0.009675 0.052678
v 0.015846 0.009675 0.052678
v 0.015846 0.009675 0.052678
v 0.015846 0.009675 0.052678
v 0.015701 0.009485 0.052585
v 0.015701 0.009485 0.052585
v 0.015701 0.009485 0.052585
v 0.015701 0.009485 0.052585
v 0.015701 0.009485 0.052585
v 0.015701 0.009485 0.052585
v 0.015701 0.009485 0.052585
v 0.015973 0.009279 0.052497
v 0.015973 0.009279 0.052497
v 0.015973 0.009279 0.052497
v 0.015973 0.009279 0.052497
v 0.015973 0.009279 0.052497
v 0.015973 0.009279 0.052497
v 0.015973 0.009279 0.052497
v 0.016780 0.008225 0.052521
v 0.016780 0.008225 0.052521
v 0.016780 0.008225 0.052521
v 0.016780 0.008225 0.052521
v 0.016780 0.008225 0.052521
v 0.016780 0.008225 0.052521
v 0.016780 0.008225 0.052521
v 0.016612 0.008805 0.052485
v 0.016612 0.008805 0.052485
v 0.016612 0.008805 0.052485
v 0.016612 0.008805 0.052485
v 0.016612 0.008805 0.052485
v 0.016612 0.008805 0.052485
v 0.016612 0.008805 0.052485
v 0.016612 0.008805 0.052485
v 0.016544 0.008940 0.052490
v 0.016544 0.008940 0.052490
v 0.016544 0.008940 0.052490
v 0.016544 0.008940 0.052490
v 0.016544 0.008940 0.052490
v 0.016544 0.008940 0.052490
v 0.016149 0.009446 0.052579
v 0.016149 0.009446 0.052579
v 0.016149 0.009446 0.052579
v 0.016149 0.009446 0.052579
v 0.016149 0.009446 0.052579
v 0.016149 0.009446 0.052579
v 0.016538 0.008184 0.052445
v 0.016538 0.008184 0.052445
v 0.016538 0.008184 0.052445
v 0.016538 0.008184 0.052445
v 0.016538 0.008184 0.052445
v 0.016387 0.008705 0.052414
v 0.016387 0.008705 0.052414
v 0.016387 0.008705 0.052414
v 0.016387 0.008705 0.052414
v 0.016387 0.008705 0.052414
v 0.016387 0.008705 0.052414
v 0.016327 0.008825 0.052419
v 0.016327 0.008825 0.052419
v 0.016327 0.008825 0.052419
v 0.016327 0.008825 0.052419
v 0.016327 0.008825 0.052419
v 0.016327 0.008825 0.052419
v 0.000272 -0.017488 0.054595
v 0.000272 -0.017488 0.054595
v 0.000272 -0.017488 0.054595
v 0.000272 -0.017488 0.054595
v 0.000272 -0.017488 0.054595
v 0.000272 -0.017488 0.054595
v 0.000189 -0.017696 0.054720
v 0.000189 -0.017696 0.054720
v 0.000189 -0.017696 0.054720
v 0.000189 -0.017696 0.054720
v 0.000189 -0.017696 0.054720
v 0.000189 -0.017696 0.054720
v 0.000529 -0.017853 0.054617
v 0.000529 -0.017853 0.054617
v 0.000529 -0.017853 0.054617
v 0.000529 -0.017853 0.054617
v 0.000529 -0.017853 0.054617
v 0.000529 -0.017853 0.054617
v 0.000529 -0.017853 0.054617
v 0.001802 -0.017576 0.054363
v 0.001802 -0.017576 0.054363
v 0.001802 -0.017576 0.054363
v 0.001802 -0.017576 0.054363
v 0.001802 -0.017576 0.054363
v 0.001802 -0.017576 0.054363
v 0.001802 -0.017576 0.054363
v 0.001276 -0.017709 0.054383
v 0.001276 -0.017709 0.054383
v 0.001276 -0.017709 0.054383
v 0.001276 -0.017709 0.054383
v 0.001276 -0.017709 0.054383
v 0.001276 -0.017709 0.054383
v 0.001276 -0.017709 0.054383
v 0.001307 -0.017943 0.054481
v 0.001307 -0.017943 0.054481
v 0.001307 -0.017943 0.054481
v 0.001307 -0.017943 0.054481
v 0.001307 -0.017943 0.054481
v 0.001307 -0.017943 0.054481
v 0.001307 -0.017943 0.054481
v 0.001894 -0.017794 0.054461
v 0.001894 -0.017794 0.054461
v 0.001894 -0.017794 0.054461
v 0.001894 -0.017794 0.054461
v 0.001894 -0.017794 0.054461
v 0.001894 -0.017794 0.054461
v 0.001157 -0.017952 0.054498
v 0.001157 -0.017952 0.054498
v 0.001157 -0.017952 0.054498
v 0.001157 -0.017952 0.054498
v 0.001157 -0.017952 0.054498
v 0.001157 -0.017952 0.054498
v 0.001157 -0.017952 0.054498
v 0.001157 -0.017952 0.054498
v 0.001157 -0.017952 0.054498
v 0.001141 -0.017716 0.054398
v 0.001141 -0.017716 0.054398
v 0.001141 -0.017716 0.054398
v 0.001141 -0.017716 0.054398
v 0.001141 -0.017716 0.054398
v 0.001141 -0.017716 0.054398
v 0.000578 -0.017629 0.054504
v 0.000578 -0.017629 0.054504
v 0.000578 -0.017629 0.054504
v 0.000578 -0.017629 0.054504
v 0.000578 -0.017629 0.054504
v 0.005495 0.015490 0.054405
v 0.005495 0.015490 0.054405
v 0.005495 0.015490 0.054405
v 0.005495 0.015490 0.054405
v 0.005495 0.015490 0.054405
v 0.005495 0.015490 0.054405
v 0.005495 0.015490 0.054405
v 0.005495 0.015490 0.054405
v 0.002164 0.017650 0.054477
v 0.002164 0.017650 0.054477
v 0.002164 0.017650 0.054477
v 0.002164 0.017650 0.054477
v 0.002164 0.017650 0.054477
v 0.002164 0.017650 0.054477
v 0.009048 0.013704 0.054219
v 0.009048 0.013704 0.054219
v 0.009048 0.013704 0.054219
v 0.009048 0.013704 0.054219
v 0.009048 0.013704 0.054219
v 0.009048 0.013704 0.054219
v 0.009048 0.013704 0.054219
v 0.013276 0.011217 0.053437
v 0.013276 0.011217 0.053437
v 0.013276 0.011217 0.053437
v 0.013276 0.011217 0.053437
v 0.013276 0.011217 0.053437
v 0.013276 0.011217 0.053437
v 0.013276 0.011217 0.053437
v 0.013276 0.011217 0.053437
v 0.013276 0.011217 0.053437
v 0.013139 0.011027 0.053332
v 0.013139 0.011027 0.053332
v 0.013139 0.011027 0.053332
v 0.013139 0.011027 0.053332
v 0.013139 0.011027 0.053332
v 0.013139 0.011027 0.053332
v 0.013139 0.011027 0.053332
v 0.009900 0.013207 0.054100
v 0.009900 0.013207 0.054100
v 0.009900 0.013207 0.054100
v 0.009900 0.013207 0.054100
v 0.009900 0.013207 0.054100
v 0.009900 0.013207 0.054100
v 0.009900 0.013207 0.054100
v 0.009900 0.013207 0.054100
v 0.009771 0.013014 0.053989
v 0.009771 0.013014 0.053989
v 0.009771 0.013014 0.053989
v 0.009771 0.013014 0.053989
v 0.009771 0.013014 0.053989
v 0.009771 0.013014 0.053989
v 0.008921 0.013510 0.054108
v 0.008921 0.013510 0.054108
v 0.008921 0.013510 0.054108
v 0.008921 0.013510 0.054108
v 0.008921 0.013510 0.054108
v 0.008921 0.013510 0.054108
v 0.008921 0.013510 0.054108
v 0.005615 0.015689 0.054515
v 0.005615 0.015689 0.054515
v 0.005615 0.015689 0.054515
v 0.005615 0.015689 0.054515
v 0.005615 0.015689 0.054515
v 0.005615 0.015689 0.054515
v 0.005615 0.015689 0.054515
v 0.005615 0.015689 0.054515
v 0.002052 0.017442 0.054378
v 0.002052 0.017442 0.054378
v 0.002052 0.017442 0.054378
v 0.002052 0.017442 0.054378
v 0.002052 0.017442 0.054378
v 0.002052 0.017442 0.054378
v 0.002052 0.017442 0.054378
v 0.001982 0.017481 0.054373
v 0.001982 0.017481 0.054373
v 0.001982 0.017481 0.054373
v 0.001982 0.017481 0.054373
v 0.001982 0.017481 0.054373
v 0.001982 0.017481 0.054373
v 0.002094 0.017689 0.054472
v 0.002094 0.017689 0.054472
v 0.002094 0.017689 0.054472
v 0.002094 0.017689 0.054472
v 0.002094 0.017689 0.054472
v 0.002094 0.017689 0.054472
v -0.003123 -0.015487 0.055526
v -0.003123 -0.015487 0.055526
v -0.003123 -0.015487 0.055526
v -0.003123 -0.015487 0.055526
v -0.003123 -0.015487 0.055526
v -0.003123 -0.015487 0.055526
v -0.003123 -0.015487 0.055526
v -0.003123 -0.015487 0.055526
v 0.000113 -0.017651 0.054746
v 0.000113 -0.017651 0.054746
v 0.000113 -0.017651 0.054746
v 0.000113 -0.017651 0.054746
v 0.000113 -0.017651 0.054746
v 0.000113 -0.017651 0.054746
v 0.000113 -0.017651 0.054746
v -0.013450 -0.009494 0.056389
v -0.013450 -0.009494 0.056389
v -0.013450 -0.009494 0.056389
v -0.013450 -0.009494 0.056389
v -0.013450 -0.009494 0.056389
v -0.013450 -0.009494 0.056389
v -0.013450 -0.009494 0.056389
v -0.013450 -0.009494 0.056389
v -0.010894 -0.011215 0.056580
v -0.010894 -0.011215 0.056580
v -0.010894 -0.011215 0.056580
v -0.010894 -0.011215 0.056580
v -0.010894 -0.011215 0.056580
v -0.010894 -0.011215 0.056580
v -0.010894 -0.011215 0.056580
v -0.010894 -0.011215 0.056580
v -0.010894 -0.011215 0.056580
v -0.013565 -0.009683 0.056520
v -0.013565 -0.009683 0.056520
v -0.013565 -0.009683 0.056520
v -0.013565 -0.009683 0.056520
v -0.013565 -0.009683 0.056520
v -0.013565 -0.009683 0.056520
v -0.013565 -0.009683 0.056520
v -0.013565 -0.009683 0.056520
v -0.007459 -0.013202 0.056354
v -0.007459 -0.013202 0.056354
v -0.007459 -0.013202 0.056354
v -0.007459 -0.013202 0.056354
v -0.007459 -0.013202 0.056354
v -0.007459 -0.013202 0.056354
v -0.007459 -0.013202 0.056354
v -0.007459 -0.013202 0.056354
v -0.010789 -0.011025 0.056442
v -0.010789 -0.011025 0.056442
v -0.010789 -0.011025 0.056442
v -0.010789 -0.011025 0.056442
v -0.010789 -0.011025 0.056442
v -0.010789 -0.011025 0.056442
v -0.007363 -0.013010 0.056213
v -0.007363 -0.013010 0.056213
v -0.007363 -0.013010 0.056213
v -0.007363 -0.013010 0.056213
v -0.007363 -0.013010 0.056213
v -0.007363 -0.013010 0.056213
v -0.006510 -0.013506 0.056110
v -0.006510 -0.013506 0.056110
v -0.006510 -0.013506 0.056110
v -0.006510 -0.013506 0.056110
v -0.006510 -0.013506 0.056110
v -0.006510 -0.013506 0.056110
v -0.006510 -0.013506 0.056110
v -0.006604 -0.013700 0.056252
v -0.006604 -0.013700 0.056252
v -0.006604 -0.013700 0.056252
v -0.006604 -0.013700 0.056252
v -0.006604 -0.013700 0.056252
v -0.006604 -0.013700 0.056252
v -0.006604 -0.013700 0.056252
v -0.003211 -0.015686 0.055664
v -0.003211 -0.015686 0.055664
v -0.003211 -0.015686 0.055664
v -0.003211 -0.015686 0.055664
v -0.003211 -0.015686 0.055664
v -0.003211 -0.015686 0.055664
v -0.003211 -0.015686 0.055664
v -0.003211 -0.015686 0.055664
v 0.000196 -0.017443 0.054621
v 0.000196 -0.017443 0.054621
v 0.000196 -0.017443 0.054621
v 0.000196 -0.017443 0.054621
v 0.000196 -0.017443 0.054621
v 0.000196 -0.017443 0.054621
v 0.000196 -0.017443 0.054621
v 0.000714 0.017899 0.054574
v 0.000714 0.017899 0.054574
v 0.000714 0.017899 0.054574
v 0.000714 0.017899 0.054574
v 0.000714 0.017899 0.054574
v 0.000714 0.017899 0.054574
v 0.000714 0.017899 0.054574
v 0.000189 0.017690 0.054721
v 0.000189 0.017690 0.054721
v 0.000189 0.017690 0.054721
v 0.000189 0.017690 0.054721
v 0.000189 0.017690 0.054721
v 0.000189 0.017690 0.054721
v 0.000189 0.017690 0.054721
v 0.000189 0.017690 0.054721
v 0.000272 0.017481 0.054596
v 0.000272 0.017481 0.054596
v 0.000272 0.017481 0.054596
v 0.000272 0.017481 0.054596
v 0.000272 0.017481 0.054596
v 0.000272 0.017481 0.054596
v 0.000272 0.017481 0.054596
v 0.000744 0.017669 0.054466
v 0.000744 0.017669 0.054466
v 0.000744 0.017669 0.054466
v 0.000744 0.017669 0.054466
v 0.000744 0.017669 0.054466
v 0.000744 0.017669 0.054466
v 0.000744 0.017669 0.054466
v 0.001307 0.017937 0.054482
v 0.001307 0.017937 0.054482
v 0.001307 0.017937 0.054482
v 0.001307 0.017937 0.054482
v 0.001307 0.017937 0.054482
v 0.001307 0.017937 0.054482
v 0.001307 0.017937 0.054482
v 0.001307 0.017937 0.054482
v 0.001721 0.017601 0.054363
v 0.001721 0.017601 0.054363
v 0.001721 0.017601 0.054363
v 0.001721 0.017601 0.054363
v 0.001721 0.017601 0.054363
v 0.001275 0.017702 0.054384
v 0.001275 0.017702 0.054384
v 0.001275 0.017702 0.054384
v 0.001275 0.017702 0.054384
v 0.001275 0.017702 0.054384
v 0.001275 0.017702 0.054384
v 0.001804 0.017823 0.054460
v 0.001804 0.017823 0.054460
v 0.001804 0.017823 0.054460
v 0.001804 0.017823 0.054460
v 0.001804 0.017823 0.054460
v 0.001804 0.017823 0.054460
v -0.013745 -0.009281 0.056376
v -0.013745 -0.009281 0.056376
v -0.013745 -0.009281 0.056376
v -0.013745 -0.009281 0.056376
v -0.013745 -0.009281 0.056376
v -0.013745 -0.009281 0.056376
v -0.013745 -0.009281 0.056376
v -0.014516 -0.008021 0.056644
v -0.014516 -0.008021 0.056644
v -0.014516 -0.008021 0.056644
v -0.014516 -0.008021 0.056644
v -0.014516 -0.008021 0.056644
v -0.014516 -0.008021 0.056644
v -0.014516 -0.008021 0.056644
v -0.014516 -0.008021 0.056644
v -0.014304 -0.008002 0.056501
v -0.014304 -0.008002 0.056501
v -0.014304 -0.008002 0.056501
v -0.014304 -0.008002 0.056501
v -0.014304 -0.008002 0.056501
v -0.014304 -0.008002 0.056501
v -0.014510 -0.008224 0.056610
v -0.014510 -0.008224 0.056610
v -0.014510 -0.008224 0.056610
v -0.014510 -0.008224 0.056610
v -0.014510 -0.008224 0.056610
v -0.014510 -0.008224 0.056610
v -0.014361 -0.008805 0.056535
v -0.014361 -0.008805 0.056535
v -0.014361 -0.008805 0.056535
v -0.014361 -0.008805 0.056535
v -0.014361 -0.008805 0.056535
v -0.014361 -0.008805 0.056535
v -0.014361 -0.008805 0.056535
v -0.014361 -0.008805 0.056535
v -0.013893 -0.009447 0.056504
v -0.013893 -0.009447 0.056504
v -0.013893 -0.009447 0.056504
v -0.013893 -0.009447 0.056504
v -0.013893 -0.009447 0.056504
v -0.014296 -0.008937 0.056523
v -0.014296 -0.008937 0.056523
v -0.014296 -0.008937 0.056523
v -0.014296 -0.008937 0.056523
v -0.014296 -0.008937 0.056523
v -0.014296 -0.008937 0.056523
v -0.014298 -0.008185 0.056471
v -0.014298 -0.008185 0.056471
v -0.014298 -0.008185 0.056471
v -0.014298 -0.008185 0.056471
v -0.014298 -0.008185 0.056471
v -0.014164 -0.008706 0.056404
v -0.014164 -0.008706 0.056404
v -0.014164 -0.008706 0.056404
v -0.014164 -0.008706 0.056404
v -0.014164 -0.008706 0.056404
v -0.014164 -0.008706 0.056404
v -0.014106 -0.008824 0.056394
v -0.014106 -0.008824 0.056394
v -0.014106 -0.008824 0.056394
v -0.014106 -0.008824 0.056394
v -0.014106 -0.008824 0.056394
v -0.014106 -0.008824 0.056394
v 0.000196 0.017437 0.054622
v 0.000196 0.017437 0.054622
v 0.000196 0.017437 0.054622
v 0.000196 0.017437 0.054622
v 0.000196 0.017437 0.054622
v 0.000196 0.017437 0.054622
v -0.007363 0.013003 0.056213
v -0.007363 0.013003 0.056213
v -0.007363 0.013003 0.056213
v -0.007363 0.013003 0.056213
v -0.007363 0.013003 0.056213
v -0.007363 0.013003 0.056213
v -0.007363 0.013003 0.056213
v -0.013565 0.009677 0.056520
v -0.013565 0.009677 0.056520
v -0.013565 0.009677 0.056520
v -0.013565 0.009677 0.056520
v -0.013565 0.009677 0.056520
v -0.013565 0.009677 0.056520
v -0.013565 0.009677 0.056520
v -0.010789 0.011019 0.056443
v -0.010789 0.011019 0.056443
v -0.010789 0.011019 0.056443
v -0.010789 0.011019 0.056443
v -0.010789 0.011019 0.056443
v -0.010789 0.011019 0.056443
v -0.010789 0.011019 0.056443
v -0.010789 0.011019 0.056443
v -0.013450 0.009488 0.056390
v -0.013450 0.009488 0.056390
v -0.013450 0.009488 0.056390
v -0.013450 0.009488 0.056390
v -0.013450 0.009488 0.056390
v -0.013450 0.009488 0.056390
v -0.010894 0.011208 0.056581
v -0.010894 0.011208 0.056581
v -0.010894 0.011208 0.056581
v -0.010894 0.011208 0.056581
v -0.010894 0.011208 0.056581
v -0.010894 0.011208 0.056581
v -0.010894 0.011208 0.056581
v -0.007459 0.013196 0.056355
v -0.007459 0.013196 0.056355
v -0.007459 0.013196 0.056355
v -0.007459 0.013196 0.056355
v -0.007459 0.013196 0.056355
v -0.007459 0.013196 0.056355
v -0.007459 0.013196 0.056355
v -0.006604 0.013693 0.056252
v -0.006604 0.013693 0.056252
v -0.006604 0.013693 0.056252
v -0.006604 0.013693 0.056252
v -0.006604 0.013693 0.056252
v -0.006604 0.013693 0.056252
v -0.006604 0.013693 0.056252
v -0.006604 0.013693 0.056252
v -0.006510 0.013500 0.056111
v -0.006510 0.013500 0.056111
v -0.006510 0.013500 0.056111
v -0.006510 0.013500 0.056111
v -0.006510 0.013500 0.056111
v -0.006510 0.013500 0.056111
v -0.003123 0.015480 0.055527
v -0.003123 0.015480 0.055527
v -0.003123 0.015480 0.055527
v -0.003123 0.015480 0.055527
v -0.003123 0.015480 0.055527
v -0.003123 0.015480 0.055527
v -0.003123 0.015480 0.055527
v -0.003123 0.015480 0.055527
v -0.003211 0.015679 0.055665
v -0.003211 0.015679 0.055665
v -0.003211 0.015679 0.055665
v -0.003211 0.015679 0.055665
v -0.003211 0.015679 0.055665
v -0.003211 0.015679 0.055665
v -0.003211 0.015679 0.055665
v -0.003211 0.015679 0.055665
v -0.003211 0.015679 0.055665
v 0.000113 0.017645 0.054747
v 0.000113 0.017645 0.054747
v 0.000113 0.017645 0.054747
v 0.000113 0.017645 0.054747
v 0.000113 0.017645 0.054747
v 0.000113 0.017645 0.054747
v 0.000113 0.017645 0.054747
v -0.014302 0.007903 0.056517
v -0.014302 0.007903 0.056517
v -0.014302 0.007903 0.056517
v -0.014302 0.007903 0.056517
v -0.014302 0.007903 0.056517
v -0.014302 0.007903 0.056517
v -0.014438 0.000006 0.057272
v -0.014438 0.000006 0.057272
v -0.014438 0.000006 0.057272
v -0.014438 0.000006 0.057272
v -0.014438 0.000006 0.057272
v -0.014438 0.000006 0.057272
v -0.014438 0.000006 0.057272
v -0.014235 -0.000986 0.057108
v -0.014235 -0.000986 0.057108
v -0.014235 -0.000986 0.057108
v -0.014235 -0.000986 0.057108
v -0.014235 -0.000986 0.057108
v -0.014235 -0.000986 0.057108
v -0.014235 -0.000986 0.057108
v -0.014259 -0.004946 0.056896
v -0.014259 -0.004946 0.056896
v -0.014259 -0.004946 0.056896
v -0.014259 -0.004946 0.056896
v -0.014259 -0.004946 0.056896
v -0.014259 -0.004946 0.056896
v -0.014259 -0.004946 0.056896
v -0.014259 -0.004946 0.056896
v -0.014259 -0.004946 0.056896
v -0.014467 -0.004957 0.057048
v -0.014467 -0.004957 0.057048
v -0.014467 -0.004957 0.057048
v -0.014467 -0.004957 0.057048
v -0.014467 -0.004957 0.057048
v -0.014467 -0.004957 0.057048
v -0.014439 -0.000988 0.057264
v -0.014439 -0.000988 0.057264
v -0.014439 -0.000988 0.057264
v -0.014439 -0.000988 0.057264
v -0.014439 -0.000988 0.057264
v -0.014439 -0.000988 0.057264
v -0.014439 -0.000988 0.057264
v -0.014439 -0.000988 0.057264
v -0.014234 0.000006 0.057116
v -0.014234 0.000006 0.057116
v -0.014234 0.000006 0.057116
v -0.014234 0.000006 0.057116
v -0.014234 0.000006 0.057116
v -0.014234 0.000006 0.057116
v -0.014250 0.003971 0.056976
v -0.014250 0.003971 0.056976
v -0.014250 0.003971 0.056976
v -0.014250 0.003971 0.056976
v -0.014250 0.003971 0.056976
v -0.014250 0.003971 0.056976
v -0.014250 0.003971 0.056976
v -0.014250 0.003971 0.056976
v -0.014456 0.003980 0.057130
v -0.014456 0.003980 0.057130
v -0.014456 0.003980 0.057130
v -0.014456 0.003980 0.057130
v -0.014456 0.003980 0.057130
v -0.014456 0.003980 0.057130
v -0.014456 0.003980 0.057130
v -0.014456 0.003980 0.057130
v -0.014514 0.007921 0.056661
v -0.014514 0.007921 0.056661
v -0.014514 0.007921 0.056661
v -0.014514 0.007921 0.056661
v -0.014514 0.007921 0.056661
v -0.014514 0.007921 0.056661
v -0.014514 0.007921 0.056661
v -0.014516 0.008014 0.056645
v -0.014516 0.008014 0.056645
v -0.014516 0.008014 0.056645
v -0.014516 0.008014 0.056645
v -0.014516 0.008014 0.056645
v -0.014516 0.008014 0.056645
v -0.014304 0.007995 0.056501
v -0.014304 0.007995 0.056501
v -0.014304 0.007995 0.056501
v -0.014304 0.007995 0.056501
v -0.014304 0.007995 0.056501
v -0.014304 0.007995 0.056501
v -0.014287 0.008266 0.056458
v -0.014287 0.008266 0.056458
v -0.014287 0.008266 0.056458
v -0.014287 0.008266 0.056458
v -0.014287 0.008266 0.056458
v -0.014287 0.008266 0.056458
v -0.014287 0.008266 0.056458
v -0.013453 0.009486 0.056389
v -0.013453 0.009486 0.056389
v -0.013453 0.009486 0.056389
v -0.013453 0.009486 0.056389
v -0.013453 0.009486 0.056389
v -0.013453 0.009486 0.056389
v -0.013569 0.009674 0.056520
v -0.013569 0.009674 0.056520
v -0.013569 0.009674 0.056520
v -0.013569 0.009674 0.056520
v -0.013569 0.009674 0.056520
v -0.013569 0.009674 0.056520
v -0.013569 0.009674 0.056520
v -0.014033 0.009302 0.056504
v -0.014033 0.009302 0.056504
v -0.014033 0.009302 0.056504
v -0.014033 0.009302 0.056504
v -0.014033 0.009302 0.056504
v -0.014033 0.009302 0.056504
v -0.014033 0.009302 0.056504
v -0.014361 0.008798 0.056535
v -0.014361 0.008798 0.056535
v -0.014361 0.008798 0.056535
v -0.014361 0.008798 0.056535
v -0.014361 0.008798 0.056535
v -0.014361 0.008798 0.056535
v -0.014361 0.008798 0.056535
v -0.014498 0.008315 0.056596
v -0.014498 0.008315 0.056596
v -0.014498 0.008315 0.056596
v -0.014498 0.008315 0.056596
v -0.014498 0.008315 0.056596
v -0.014498 0.008315 0.056596
v -0.014164 0.008699 0.056405
v -0.014164 0.008699 0.056405
v -0.014164 0.008699 0.056405
v -0.014164 0.008699 0.056405
v -0.014164 0.008699 0.056405
v -0.014164 0.008699 0.056405
v -0.013871 0.009150 0.056377
v -0.013871 0.009150 0.056377
v -0.013871 0.009150 0.056377
v -0.013871 0.009150 0.056377
v -0.013871 0.009150 0.056377
v -0.013871 0.009150 0.056377
v 0.015739 -0.001290 0.053447
v 0.015739 -0.001290 0.053447
v 0.015739 -0.001290 0.053447
v 0.015739 -0.001290 0.053447
v 0.015739 -0.001290 0.053447
v 0.015739 -0.001290 0.053447
v 0.015739 -0.001290 0.053447
v 0.015728 0.003081 0.053381
v 0.015728 0.003081 0.053381
v 0.015728 0.003081 0.053381
v 0.015728 0.003081 0.053381
v 0.015728 0.003081 0.053381
v 0.015728 0.003081 0.053381
v 0.015728 0.003081 0.053381
v 0.015561 0.007233 0.053184
v 0.015561 0.007233 0.053184
v 0.015561 0.007233 0.053184
v 0.015561 0.007233 0.053184
v 0.015561 0.007233 0.053184
v 0.015561 0.007233 0.053184
v 0.015561 0.007233 0.053184
v 0.015544 0.008016 0.053067
v 0.015544 0.008016 0.053067
v 0.015544 0.008016 0.053067
v 0.015544 0.008016 0.053067
v 0.015544 0.008016 0.053067
v 0.015544 0.008016 0.053067
v 0.015647 0.007988 0.052883
v 0.015647 0.007988 0.052883
v 0.015647 0.007988 0.052883
v 0.015647 0.007988 0.052883
v 0.015647 0.007988 0.052883
v 0.015647 0.007988 0.052883
v 0.015666 0.007209 0.052998
v 0.015666 0.007209 0.052998
v 0.015666 0.007209 0.052998
v 0.015666 0.007209 0.052998
v 0.015666 0.007209 0.052998
v 0.015666 0.007209 0.052998
v 0.015666 0.007209 0.052998
v 0.015618 0.003091 0.053571
v 0.015618 0.003091 0.053571
v 0.015618 0.003091 0.053571
v 0.015618 0.003091 0.053571
v 0.015618 0.003091 0.053571
v 0.015618 0.003091 0.053571
v 0.015628 -0.001294 0.053638
v 0.015628 -0.001294 0.053638
v 0.015628 -0.001294 0.053638
v 0.015628 -0.001294 0.053638
v 0.015628 -0.001294 0.053638
v 0.015628 -0.001294 0.053638
v 0.015612 -0.003797 0.053530
v 0.015612 -0.003797 0.053530
v 0.015612 -0.003797 0.053530
v 0.015612 -0.003797 0.053530
v 0.015612 -0.003797 0.053530
v 0.015722 -0.003785 0.053340
v 0.015722 -0.003785 0.053340
v 0.015722 -0.003785 0.053340
v 0.015722 -0.003785 0.053340
v 0.015722 -0.003785 0.053340
v 0.015722 -0.003785 0.053340
v 0.015722 -0.003785 0.053340
v 0.015722 -0.003785 0.053340
v 0.015722 -0.003785 0.053340
v 0.015647 -0.007994 0.052882
v 0.015647 -0.007994 0.052882
v 0.015647 -0.007994 0.052882
v 0.015647 -0.007994 0.052882
v 0.015647 -0.007994 0.052882
v 0.015647 -0.007994 0.052882
v 0.015544 -0.008022 0.053066
v 0.015544 -0.008022 0.053066
v 0.015544 -0.008022 0.053066
v 0.015544 -0.008022 0.053066
v 0.015544 -0.008022 0.053066
v 0.015544 -0.008022 0.053066
v 0.015246 -0.008544 0.053103
v 0.015246 -0.008544 0.053103
v 0.015246 -0.008544 0.053103
v 0.015246 -0.008544 0.053103
v 0.015246 -0.008544 0.053103
v 0.015246 -0.008544 0.053103
v 0.015263 -0.008666 0.052931
v 0.015263 -0.008666 0.052931
v 0.015263 -0.008666 0.052931
v 0.015263 -0.008666 0.052931
v 0.015263 -0.008666 0.052931
v 0.015263 -0.008666 0.052931
v 0.015263 -0.008666 0.052931
v 0.015452 -0.008511 0.052874
v 0.015452 -0.008511 0.052874
v 0.015452 -0.008511 0.052874
v 0.015452 -0.008511 0.052874
v 0.015452 -0.008511 0.052874
v 0.015452 -0.008511 0.052874
v 0.015452 -0.008511 0.052874
v 0.015542 -0.008069 0.053056
v 0.015542 -0.008069 0.053056
v 0.015542 -0.008069 0.053056
v 0.015542 -0.008069 0.053056
v 0.015542 -0.008069 0.053056
v 0.015542 -0.008069 0.053056
v 0.015542 -0.008069 0.053056
v 0.015497 -0.008258 0.053034
v 0.015497 -0.008258 0.053034
v 0.015497 -0.008258 0.053034
v 0.015497 -0.008258 0.053034
v 0.015497 -0.008258 0.053034
v 0.015497 -0.008258 0.053034
v 0.015393 -0.008424 0.053051
v 0.015393 -0.008424 0.053051
v 0.015393 -0.008424 0.053051
v 0.015393 -0.008424 0.053051
v 0.015393 -0.008424 0.053051
v 0.015393 -0.008424 0.053051
v 0.015585 -0.008297 0.052853
v 0.015585 -0.008297 0.052853
v 0.015585 -0.008297 0.052853
v 0.015585 -0.008297 0.052853
v 0.015585 -0.008297 0.052853
v 0.015585 -0.008297 0.052853
v 0.015644 -0.008055 0.052872
v 0.015644 -0.008055 0.052872
v 0.015644 -0.008055 0.052872
v 0.015644 -0.008055 0.052872
v 0.015644 -0.008055 0.052872
v 0.015606 0.008236 0.052855
v 0.015606 0.008236 0.052855
v 0.015606 0.008236 0.052855
v 0.015606 0.008236 0.052855
v 0.015606 0.008236 0.052855
v 0.015606 0.008236 0.052855
v 0.015606 0.008236 0.052855
v 0.015246 0.008537 0.053104
v 0.015246 0.008537 0.053104
v 0.015246 0.008537 0.053104
v 0.015246 0.008537 0.053104
v 0.015246 0.008537 0.053104
v 0.015246 0.008537 0.053104
v 0.015263 0.008660 0.052932
v 0.015263 0.008660 0.052932
v 0.015263 0.008660 0.052932
v 0.015263 0.008660 0.052932
v 0.015263 0.008660 0.052932
v 0.015263 0.008660 0.052932
v 0.015263 0.008660 0.052932
v 0.015284 0.008514 0.053088
v 0.015284 0.008514 0.053088
v 0.015284 0.008514 0.053088
v 0.015284 0.008514 0.053088
v 0.015284 0.008514 0.053088
v 0.015284 0.008514 0.053088
v 0.015284 0.008514 0.053088
v 0.015421 0.008383 0.053044
v 0.015421 0.008383 0.053044
v 0.015421 0.008383 0.053044
v 0.015421 0.008383 0.053044
v 0.015421 0.008383 0.053044
v 0.015421 0.008383 0.053044
v 0.015513 0.008209 0.053037
v 0.015513 0.008209 0.053037
v 0.015513 0.008209 0.053037
v 0.015513 0.008209 0.053037
v 0.015513 0.008209 0.053037
v 0.015513 0.008209 0.053037
v 0.015488 0.008460 0.052866
v 0.015488 0.008460 0.052866
v 0.015488 0.008460 0.052866
v 0.015488 0.008460 0.052866
v 0.015488 0.008460 0.052866
v 0.015488 0.008460 0.052866
v 0.015312 0.008629 0.052915
v 0.015312 0.008629 0.052915
v 0.015312 0.008629 0.052915
v 0.015312 0.008629 0.052915
v 0.015312 0.008629 0.052915
v 0.014728 -0.008854 0.053266
v 0.014728 -0.008854 0.053266
v 0.014728 -0.008854 0.053266
v 0.014728 -0.008854 0.053266
v 0.014728 -0.008854 0.053266
v 0.014728 -0.008854 0.053266
v 0.014728 -0.008854 0.053266
v 0.014748 -0.008976 0.053093
v 0.014748 -0.008976 0.053093
v 0.014748 -0.008976 0.053093
v 0.014748 -0.008976 0.053093
v 0.014748 -0.008976 0.053093
v 0.014748 -0.008976 0.053093
v 0.014748 -0.008976 0.053093
v 0.011289 -0.011034 0.053944
v 0.011289 -0.011034 0.053944
v 0.011289 -0.011034 0.053944
v 0.011289 -0.011034 0.053944
v 0.011289 -0.011034 0.053944
v 0.011289 -0.011034 0.053944
v 0.011289 -0.011034 0.053944
v 0.007567 -0.013211 0.054508
v 0.007567 -0.013211 0.054508
v 0.007567 -0.013211 0.054508
v 0.007567 -0.013211 0.054508
v 0.007567 -0.013211 0.054508
v 0.007567 -0.013211 0.054508
v 0.011254 -0.010914 0.054123
v 0.011254 -0.010914 0.054123
v 0.011254 -0.010914 0.054123
v 0.011254 -0.010914 0.054123
v 0.011254 -0.010914 0.054123
v 0.011254 -0.010914 0.054123
v 0.007520 -0.013097 0.054689
v 0.007520 -0.013097 0.054689
v 0.007520 -0.013097 0.054689
v 0.007520 -0.013097 0.054689
v 0.007520 -0.013097 0.054689
v 0.007520 -0.013097 0.054689
v 0.005238 -0.014417 0.054876
v 0.005238 -0.014417 0.054876
v 0.005238 -0.014417 0.054876
v 0.005238 -0.014417 0.054876
v 0.005238 -0.014417 0.054876
v 0.005291 -0.014527 0.054694
v 0.005291 -0.014527 0.054694
v 0.005291 -0.014527 0.054694
v 0.005291 -0.014527 0.054694
v 0.005291 -0.014527 0.054694
v 0.005291 -0.014527 0.054694
v 0.005291 -0.014527 0.054694
v 0.005291 -0.014527 0.054694
v 0.005291 -0.014527 0.054694
v 0.001552 -0.016657 0.054713
v 0.001552 -0.016657 0.054713
v 0.001552 -0.016657 0.054713
v 0.001552 -0.016657 0.054713
v 0.001552 -0.016657 0.054713
v 0.001552 -0.016657 0.054713
v 0.001488 -0.016561 0.054892
v 0.001488 -0.016561 0.054892
v 0.001488 -0.016561 0.054892
v 0.001488 -0.016561 0.054892
v 0.001488 -0.016561 0.054892
v 0.001488 -0.016561 0.054892
v 0.011730 0.010768 0.053856
v 0.011730 0.010768 0.053856
v 0.011730 0.010768 0.053856
v 0.011730 0.010768 0.053856
v 0.011730 0.010768 0.053856
v 0.011730 0.010768 0.053856
v 0.011730 0.010768 0.053856
v 0.011730 0.010768 0.053856
v 0.009581 0.012031 0.054244
v 0.009581 0.012031 0.054244
v 0.009581 0.012031 0.054244
v 0.009581 0.012031 0.054244
v 0.009581 0.012031 0.054244
v 0.009581 0.012031 0.054244
v 0.009581 0.012031 0.054244
v 0.002125 0.016327 0.054738
v 0.002125 0.016327 0.054738
v 0.002125 0.016327 0.054738
v 0.002125 0.016327 0.054738
v 0.002125 0.016327 0.054738
v 0.002125 0.016327 0.054738
v 0.002125 0.016327 0.054738
v 0.001488 0.016554 0.054893
v 0.001488 0.016554 0.054893
v 0.001488 0.016554 0.054893
v 0.001488 0.016554 0.054893
v 0.001488 0.016554 0.054893
v 0.001488 0.016554 0.054893
v 0.002062 0.016228 0.054918
v 0.002062 0.016228 0.054918
v 0.002062 0.016228 0.054918
v 0.002062 0.016228 0.054918
v 0.002062 0.016228 0.054918
v 0.002062 0.016228 0.054918
v 0.002062 0.016228 0.054918
v 0.001552 0.016650 0.054714
v 0.001552 0.016650 0.054714
v 0.001552 0.016650 0.054714
v 0.001552 0.016650 0.054714
v 0.001552 0.016650 0.054714
v 0.001552 0.016650 0.054714
v 0.005774 0.014242 0.054666
v 0.005774 0.014242 0.054666
v 0.005774 0.014242 0.054666
v 0.005774 0.014242 0.054666
v 0.005774 0.014242 0.054666
v 0.005774 0.014242 0.054666
v 0.005774 0.014242 0.054666
v 0.005722 0.014131 0.054847
v 0.005722 0.014131 0.054847
v 0.005722 0.014131 0.054847
v 0.005722 0.014131 0.054847
v 0.005722 0.014131 0.054847
v 0.005722 0.014131 0.054847
v 0.009540 0.011913 0.054424
v 0.009540 0.011913 0.054424
v 0.009540 0.011913 0.054424
v 0.009540 0.011913 0.054424
v 0.009540 0.011913 0.054424
v 0.009540 0.011913 0.054424
v 0.011696 0.010647 0.054035
v 0.011696 0.010647 0.054035
v 0.011696 0.010647 0.054035
v 0.011696 0.010647 0.054035
v 0.011696 0.010647 0.054035
v 0.000889 -0.016562 0.054966
v 0.000889 -0.016562 0.054966
v 0.000889 -0.016562 0.054966
v 0.000889 -0.016562 0.054966
v 0.000889 -0.016562 0.054966
v 0.000889 -0.016562 0.054966
v 0.000781 -0.016658 0.054812
v 0.000781 -0.016658 0.054812
v 0.000781 -0.016658 0.054812
v 0.000781 -0.016658 0.054812
v 0.000781 -0.016658 0.054812
v 0.000781 -0.016658 0.054812
v 0.000781 -0.016658 0.054812
v 0.001008 -0.016750 0.054750
v 0.001008 -0.016750 0.054750
v 0.001008 -0.016750 0.054750
v 0.001008 -0.016750 0.054750
v 0.001008 -0.016750 0.054750
v 0.001008 -0.016750 0.054750
v 0.001008 -0.016750 0.054750
v 0.001495 -0.016687 0.054710
v 0.001495 -0.016687 0.054710
v 0.001495 -0.016687 0.054710
v 0.001495 -0.016687 0.054710
v 0.001495 -0.016687 0.054710
v 0.001495 -0.016687 0.054710
v 0.001443 -0.016585 0.054886
v 0.001443 -0.016585 0.054886
v 0.001443 -0.016585 0.054886
v 0.001443 -0.016585 0.054886
v 0.001443 -0.016585 0.054886
v 0.001443 -0.016585 0.054886
v 0.001443 -0.016585 0.054886
v 0.001257 -0.016643 0.054883
v 0.001257 -0.016643 0.054883
v 0.001257 -0.016643 0.054883
v 0.001257 -0.016643 0.054883
v 0.001257 -0.016643 0.054883
v 0.001257 -0.016643 0.054883
v 0.001257 -0.016643 0.054883
v 0.001063 -0.016635 0.054911
v 0.001063 -0.016635 0.054911
v 0.001063 -0.016635 0.054911
v 0.001063 -0.016635 0.054911
v 0.001063 -0.016635 0.054911
v 0.001063 -0.016635 0.054911
v 0.001257 -0.016759 0.054715
v 0.001257 -0.016759 0.054715
v 0.001257 -0.016759 0.054715
v 0.001257 -0.016759 0.054715
v 0.001257 -0.016759 0.054715
v 0.001257 -0.016759 0.054715
v 0.001316 0.016743 0.054712
v 0.001316 0.016743 0.054712
v 0.001316 0.016743 0.054712
v 0.001316 0.016743 0.054712
v 0.001316 0.016743 0.054712
v 0.001316 0.016743 0.054712
v 0.001316 0.016743 0.054712
v 0.000889 0.016555 0.054967
v 0.000889 0.016555 0.054967
v 0.000889 0.016555 0.054967
v 0.000889 0.016555 0.054967
v 0.000889 0.016555 0.054967
v 0.000889 0.016555 0.054967
v 0.000781 0.016651 0.054813
v 0.000781 0.016651 0.054813
v 0.000781 0.016651 0.054813
v 0.000781 0.016651 0.054813
v 0.000781 0.016651 0.054813
v 0.000781 0.016651 0.054813
v 0.000781 0.016651 0.054813
v 0.000929 0.016579 0.054951
v 0.000929 0.016579 0.054951
v 0.000929 0.016579 0.054951
v 0.000929 0.016579 0.054951
v 0.000929 0.016579 0.054951
v 0.000929 0.016579 0.054951
v 0.000929 0.016579 0.054951
v 0.001108 0.016636 0.054903
v 0.001108 0.016636 0.054903
v 0.001108 0.016636 0.054903
v 0.001108 0.016636 0.054903
v 0.001108 0.016636 0.054903
v 0.001108 0.016636 0.054903
v 0.001108 0.016636 0.054903
v 0.001304 0.016628 0.054882
v 0.001304 0.016628 0.054882
v 0.001304 0.016628 0.054882
v 0.001304 0.016628 0.054882
v 0.001304 0.016628 0.054882
v 0.001304 0.016628 0.054882
v 0.001065 0.016753 0.054740
v 0.001065 0.016753 0.054740
v 0.001065 0.016753 0.054740
v 0.001065 0.016753 0.054740
v 0.001065 0.016753 0.054740
v 0.001065 0.016753 0.054740
v 0.000833 0.016681 0.054796
v 0.000833 0.016681 0.054796
v 0.000833 0.016681 0.054796
v 0.000833 0.016681 0.054796
v 0.000833 0.016681 0.054796
v -0.009417 -0.010691 0.056587
v -0.009417 -0.010691 0.056587
v -0.009417 -0.010691 0.056587
v -0.009417 -0.010691 0.056587
v -0.009417 -0.010691 0.056587
v -0.009417 -0.010691 0.056587
v -0.009417 -0.010691 0.056587
v -0.009417 -0.010691 0.056587
v -0.001784 -0.014976 0.055700
v -0.001784 -0.014976 0.055700
v -0.001784 -0.014976 0.055700
v -0.001784 -0.014976 0.055700
v -0.001784 -0.014976 0.055700
v -0.001784 -0.014976 0.055700
v -0.001784 -0.014976 0.055700
v -0.001884 -0.015083 0.055541
v -0.001884 -0.015083 0.055541
v -0.001884 -0.015083 0.055541
v -0.001884 -0.015083 0.055541
v -0.001884 -0.015083 0.055541
v -0.001884 -0.015083 0.055541
v -0.001884 -0.015083 0.055541
v -0.005554 -0.012933 0.056216
v -0.005554 -0.012933 0.056216
v -0.005554 -0.012933 0.056216
v -0.005554 -0.012933 0.056216
v -0.005554 -0.012933 0.056216
v -0.005554 -0.012933 0.056216
v -0.005554 -0.012933 0.056216
v -0.005464 -0.012816 0.056377
v -0.005464 -0.012816 0.056377
v -0.005464 -0.012816 0.056377
v -0.005464 -0.012816 0.056377
v -0.005464 -0.012816 0.056377
v -0.005464 -0.012816 0.056377
v -0.009338 -0.010569 0.056749
v -0.009338 -0.010569 0.056749
v -0.009338 -0.010569 0.056749
v -0.009338 -0.010569 0.056749
v -0.009338 -0.010569 0.056749
v -0.012932 -0.008669 0.056601
v -0.012932 -0.008669 0.056601
v -0.012932 -0.008669 0.056601
v -0.012932 -0.008669 0.056601
v -0.012932 -0.008669 0.056601
v -0.012932 -0.008669 0.056601
v -0.012932 -0.008669 0.056601
v -0.012870 -0.008545 0.056761
v -0.012870 -0.008545 0.056761
v -0.012870 -0.008545 0.056761
v -0.012870 -0.008545 0.056761
v -0.012870 -0.008545 0.056761
v -0.012870 -0.008545 0.056761
v -0.002804 0.014535 0.055743
v -0.002804 0.014535 0.055743
v -0.002804 0.014535 0.055743
v -0.002804 0.014535 0.055743
v -0.002804 0.014535 0.055743
v -0.002804 0.014535 0.055743
v -0.002804 0.014535 0.055743
v -0.002804 0.014535 0.055743
v -0.012870 0.008538 0.056761
v -0.012870 0.008538 0.056761
v -0.012870 0.008538 0.056761
v -0.012870 0.008538 0.056761
v -0.012870 0.008538 0.056761
v -0.012870 0.008538 0.056761
v -0.008855 0.010841 0.056722
v -0.008855 0.010841 0.056722
v -0.008855 0.010841 0.056722
v -0.008855 0.010841 0.056722
v -0.008855 0.010841 0.056722
v -0.008855 0.010841 0.056722
v -0.008855 0.010841 0.056722
v -0.012932 0.008662 0.056601
v -0.012932 0.008662 0.056601
v -0.012932 0.008662 0.056601
v -0.012932 0.008662 0.056601
v -0.012932 0.008662 0.056601
v -0.012932 0.008662 0.056601
v -0.012932 0.008662 0.056601
v -0.012932 0.008662 0.056601
v -0.012932 0.008662 0.056601
v -0.008935 0.010962 0.056560
v -0.008935 0.010962 0.056560
v -0.008935 0.010962 0.056560
v -0.008935 0.010962 0.056560
v -0.008935 0.010962 0.056560
v -0.008935 0.010962 0.056560
v -0.005097 0.013193 0.056150
v -0.005097 0.013193 0.056150
v -0.005097 0.013193 0.056150
v -0.005097 0.013193 0.056150
v -0.005097 0.013193 0.056150
v -0.005097 0.013193 0.056150
v -0.005097 0.013193 0.056150
v -0.005005 0.013077 0.056311
v -0.005005 0.013077 0.056311
v -0.005005 0.013077 0.056311
v -0.005005 0.013077 0.056311
v -0.005005 0.013077 0.056311
v -0.005005 0.013077 0.056311
v -0.002706 0.014425 0.055902
v -0.002706 0.014425 0.055902
v -0.002706 0.014425 0.055902
v -0.002706 0.014425 0.055902
v -0.002706 0.014425 0.055902
v -0.013169 -0.008023 0.056798
v -0.013169 -0.008023 0.056798
v -0.013169 -0.008023 0.056798
v -0.013169 -0.008023 0.056798
v -0.013169 -0.008023 0.056798
v -0.013169 -0.008023 0.056798
v -0.013317 -0.007997 0.056650
v -0.013317 -0.007997 0.056650
v -0.013317 -0.007997 0.056650
v -0.013317 -0.007997 0.056650
v -0.013317 -0.007997 0.056650
v -0.013317 -0.007997 0.056650
v -0.013317 -0.007997 0.056650
v -0.013317 -0.007997 0.056650
v -0.013285 -0.008244 0.056614
v -0.013285 -0.008244 0.056614
v -0.013285 -0.008244 0.056614
v -0.013285 -0.008244 0.056614
v -0.013285 -0.008244 0.056614
v -0.013285 -0.008244 0.056614
v -0.013285 -0.008244 0.056614
v -0.012913 -0.008520 0.056756
v -0.012913 -0.008520 0.056756
v -0.012913 -0.008520 0.056756
v -0.012913 -0.008520 0.056756
v -0.012913 -0.008520 0.056756
v -0.012913 -0.008520 0.056756
v -0.012913 -0.008520 0.056756
v -0.013057 -0.008390 0.056748
v -0.013057 -0.008390 0.056748
v -0.013057 -0.008390 0.056748
v -0.013057 -0.008390 0.056748
v -0.013057 -0.008390 0.056748
v -0.013057 -0.008390 0.056748
v -0.013147 -0.008216 0.056763
v -0.013147 -0.008216 0.056763
v -0.013147 -0.008216 0.056763
v -0.013147 -0.008216 0.056763
v -0.013147 -0.008216 0.056763
v -0.013147 -0.008216 0.056763
v -0.013169 -0.008467 0.056596
v -0.013169 -0.008467 0.056596
v -0.013169 -0.008467 0.056596
v -0.013169 -0.008467 0.056596
v -0.013169 -0.008467 0.056596
v -0.013169 -0.008467 0.056596
v -0.012987 -0.008636 0.056597
v -0.012987 -0.008636 0.056597
v -0.012987 -0.008636 0.056597
v -0.012987 -0.008636 0.056597
v -0.012987 -0.008636 0.056597
v -0.013131 0.008507 0.056595
v -0.013131 0.008507 0.056595
v -0.013131 0.008507 0.056595
v -0.013131 0.008507 0.056595
v -0.013131 0.008507 0.056595
v -0.013131 0.008507 0.056595
v -0.013131 0.008507 0.056595
v -0.013169 0.008017 0.056799
v -0.013169 0.008017 0.056799
v -0.013169 0.008017 0.056799
v -0.013169 0.008017 0.056799
v -0.013169 0.008017 0.056799
v -0.013169 0.008017 0.056799
v -0.013317 0.007990 0.056651
v -0.013317 0.007990 0.056651
v -0.013317 0.007990 0.056651
v -0.013317 0.007990 0.056651
v -0.013317 0.007990 0.056651
v -0.013317 0.007990 0.056651
v -0.013317 0.007990 0.056651
v -0.013170 0.008065 0.056788
v -0.013170 0.008065 0.056788
v -0.013170 0.008065 0.056788
v -0.013170 0.008065 0.056788
v -0.013170 0.008065 0.056788
v -0.013170 0.008065 0.056788
v -0.013170 0.008065 0.056788
v -0.013132 0.008253 0.056758
v -0.013132 0.008253 0.056758
v -0.013132 0.008253 0.056758
v -0.013132 0.008253 0.056758
v -0.013132 0.008253 0.056758
v -0.013132 0.008253 0.056758
v -0.013027 0.008419 0.056748
v -0.013027 0.008419 0.056748
v -0.013027 0.008419 0.056748
v -0.013027 0.008419 0.056748
v -0.013027 0.008419 0.056748
v -0.013027 0.008419 0.056748
v -0.013265 0.008293 0.056609
v -0.013265 0.008293 0.056609
v -0.013265 0.008293 0.056609
v -0.013265 0.008293 0.056609
v -0.013265 0.008293 0.056609
v -0.013265 0.008293 0.056609
v -0.013317 0.008052 0.056640
v -0.013317 0.008052 0.056640
v -0.013317 0.008052 0.056640
v -0.013317 0.008052 0.056640
v -0.013317 0.008052 0.056640
v -0.013264 0.003951 0.057088
v -0.013264 0.003951 0.057088
v -0.013264 0.003951 0.057088
v -0.013264 0.003951 0.057088
v -0.013264 0.003951 0.057088
v -0.013264 0.003951 0.057088
v -0.013264 0.003951 0.057088
v -0.013264 0.003951 0.057088
v -0.013119 -0.004955 0.057163
v -0.013119 -0.004955 0.057163
v -0.013119 -0.004955 0.057163
v -0.013119 -0.004955 0.057163
v -0.013119 -0.004955 0.057163
v -0.013119 -0.004955 0.057163
v -0.013119 -0.004955 0.057163
v -0.013273 -0.004940 0.057013
v -0.013273 -0.004940 0.057013
v -0.013273 -0.004940 0.057013
v -0.013273 -0.004940 0.057013
v -0.013273 -0.004940 0.057013
v -0.013273 -0.004940 0.057013
v -0.013248 -0.000579 0.057215
v -0.013248 -0.000579 0.057215
v -0.013248 -0.000579 0.057215
v -0.013248 -0.000579 0.057215
v -0.013248 -0.000579 0.057215
v -0.013248 -0.000579 0.057215
v -0.013248 -0.000579 0.057215
v -0.013091 -0.000581 0.057367
v -0.013091 -0.000581 0.057367
v -0.013091 -0.000581 0.057367
v -0.013091 -0.000581 0.057367
v -0.013091 -0.000581 0.057367
v -0.013091 -0.000581 0.057367
v -0.013109 0.003963 0.057239
v -0.013109 0.003963 0.057239
v -0.013109 0.003963 0.057239
v -0.013109 0.003963 0.057239
v -0.013109 0.003963 0.057239
v 0.015645 0.034961 0.021931
v 0.015645 0.034961 0.021931
v 0.015645 0.034961 0.021931
v 0.015645 0.034961 0.021931
v 0.015645 0.034961 0.021931
v 0.015421 0.035034 0.022226
v 0.015421 0.035034 0.022226
v 0.015421 0.035034 0.022226
v 0.015421 0.035034 0.022226
v 0.015421 0.035034 0.022226
v 0.015421 0.035034 0.022226
v 0.015421 0.035034 0.022226
v 0.017697 0.034542 0.023120
v 0.017697 0.034542 0.023120
v 0.017697 0.034542 0.023120
v 0.017697 0.034542 0.023120
v 0.017697 0.034542 0.023120
v 0.017697 0.034542 0.023120
v 0.017697 0.034542 0.023120
v 0.017697 0.034542 0.023120
v 0.017697 0.034542 0.023120
v 0.017697 0.034542 0.023120
v 0.031333 0.032882 0.024786
v 0.031333 0.032882 0.024786
v 0.031333 0.032882 0.024786
v 0.031333 0.032882 0.024786
v 0.031333 0.032882 0.024786
v 0.032549 0.032775 0.024535
v 0.032549 0.032775 0.024535
v 0.032549 0.032775 0.024535
v 0.032549 0.032775 0.024535
v 0.032549 0.032775 0.024535
v 0.032466 0.032265 0.022821
v 0.032466 0.032265 0.022821
v 0.032466 0.032265 0.022821
v 0.032466 0.032265 0.022821
v 0.032466 0.032265 0.022821
v 0.032466 0.032265 0.022821
v 0.032466 0.032265 0.022821
v 0.032466 0.032265 0.022821
v 0.037318 0.031767 0.021811
v 0.037318 0.031767 0.021811
v 0.037318 0.031767 0.021811
v 0.037318 0.031767 0.021811
v 0.037318 0.031767 0.021811
v 0.037318 0.031767 0.021811
v 0.037901 0.032302 0.023429
v 0.037901 0.032302 0.023429
v 0.037901 0.032302 0.023429
v 0.037901 0.032302 0.023429
v 0.037901 0.032302 0.023429
v 0.037901 0.032302 0.023429
v 0.038222 0.032097 0.022839
v 0.038222 0.032097 0.022839
v 0.038222 0.032097 0.022839
v 0.038222 0.032097 0.022839
v 0.038222 0.032097 0.022839
v 0.038612 0.032239 0.023282
v 0.038612 0.032239 0.023282
v 0.038612 0.032239 0.023282
v 0.038612 0.032239 0.023282
v 0.027676 0.033315 0.025360
v 0.027676 0.033315 0.025360
v 0.027676 0.033315 0.025360
v 0.027676 0.033315 0.025360
v 0.027676 0.033315 0.025360
v 0.023184 0.033924 0.025725
v 0.023184 0.033924 0.025725
v 0.023184 0.033924 0.025725
v 0.023184 0.033924 0.025725
v 0.023184 0.033924 0.025725
v 0.025697 0.033562 0.025619
v 0.025697 0.033562 0.025619
v 0.025697 0.033562 0.025619
v 0.025697 0.033562 0.025619
v 0.025697 0.033562 0.025619
v 0.026375 0.033005 0.023632
v 0.026375 0.033005 0.023632
v 0.026375 0.033005 0.023632
v 0.026375 0.033005 0.023632
v 0.026375 0.033005 0.023632
v 0.026375 0.033005 0.023632
v 0.026375 0.033005 0.023632
v 0.026375 0.033005 0.023632
v 0.026375 0.033005 0.023632
v 0.026308 0.033482 0.025555
v 0.026308 0.033482 0.025555
v 0.026308 0.033482 0.025555
v 0.026308 0.033482 0.025555
v 0.026697 0.033431 0.025514
v 0.026697 0.033431 0.025514
v 0.026697 0.033431 0.025514
v 0.026697 0.033431 0.025514
v 0.018433 0.034686 0.025530
v 0.018433 0.034686 0.025530
v 0.018433 0.034686 0.025530
v 0.018433 0.034686 0.025530
v 0.018433 0.034686 0.025530
v 0.019107 0.034574 0.025578
v 0.019107 0.034574 0.025578
v 0.019107 0.034574 0.025578
v 0.019107 0.034574 0.025578
v 0.020443 0.033987 0.023610
v 0.020443 0.033987 0.023610
v 0.020443 0.033987 0.023610
v 0.020443 0.033987 0.023610
v 0.020443 0.033987 0.023610
v 0.020443 0.033987 0.023610
v 0.020443 0.033987 0.023610
v 0.020443 0.033987 0.023610
v 0.020026 0.034421 0.025644
v 0.020026 0.034421 0.025644
v 0.020026 0.034421 0.025644
v 0.020026 0.034421 0.025644
v 0.020026 0.034421 0.025644
v 0.021901 0.034109 0.025779
v 0.021901 0.034109 0.025779
v 0.021901 0.034109 0.025779
v 0.021901 0.034109 0.025779
v 0.014018 0.035493 0.024071
v 0.014018 0.035493 0.024071
v 0.014018 0.035493 0.024071
v 0.014018 0.035493 0.024071
v 0.014018 0.035493 0.024071
v 0.014018 0.035493 0.024071
v 0.015509 0.035215 0.024730
v 0.015509 0.035215 0.024730
v 0.015509 0.035215 0.024730
v 0.015509 0.035215 0.024730
v 0.016087 0.035108 0.024985
v 0.016087 0.035108 0.024985
v 0.016087 0.035108 0.024985
v 0.016087 0.035108 0.024985
v 0.016087 0.035108 0.024985
v 0.016087 0.035108 0.024985
v 0.016935 0.034955 0.025182
v 0.016935 0.034955 0.025182
v 0.016935 0.034955 0.025182
v 0.016935 0.034955 0.025182
v 0.030434 0.029573 0.010822
v 0.030434 0.029573 0.010822
v 0.030434 0.029573 0.010822
v 0.030434 0.029573 0.010822
v 0.028877 0.030342 0.011890
v 0.028877 0.030342 0.011890
v 0.028877 0.030342 0.011890
v 0.028877 0.030342 0.011890
v 0.028877 0.030342 0.011890
v 0.028877 0.030342 0.011890
v 0.031044 0.029655 0.012106
v 0.031044 0.029655 0.012106
v 0.031044 0.029655 0.012106
v 0.031044 0.029655 0.012106
v 0.031044 0.029655 0.012106
v 0.031044 0.029655 0.012106
v 0.029632 0.030555 0.014805
v 0.029632 0.030555 0.014805
v 0.029632 0.030555 0.014805
v 0.029632 0.030555 0.014805
v 0.029632 0.030555 0.014805
v 0.029632 0.030555 0.014805
v 0.029632 0.030555 0.014805
v 0.029632 0.030555 0.014805
v 0.029632 0.030555 0.014805
v 0.029632 0.030555 0.014805
v 0.031687 0.029742 0.013459
v 0.031687 0.029742 0.013459
v 0.031687 0.029742 0.013459
v 0.031687 0.029742 0.013459
v 0.031687 0.029742 0.013459
v 0.032460 0.029902 0.014948
v 0.032460 0.029902 0.014948
v 0.032460 0.029902 0.014948
v 0.032460 0.029902 0.014948
v 0.032134 0.029809 0.014379
v 0.032134 0.029809 0.014379
v 0.032134 0.029809 0.014379
v 0.032134 0.029809 0.014379
v 0.032082 0.029795 0.014289
v 0.032082 0.029795 0.014289
v 0.032082 0.029795 0.014289
v 0.032082 0.029795 0.014289
v 0.032697 0.029969 0.015361
v 0.032697 0.029969 0.015361
v 0.032697 0.029969 0.015361
v 0.032697 0.029969 0.015361
v 0.032697 0.029969 0.015361
v 0.032697 0.029969 0.015361
v 0.025058 0.032198 0.018032
v 0.025058 0.032198 0.018032
v 0.025058 0.032198 0.018032
v 0.025058 0.032198 0.018032
v 0.025058 0.032198 0.018032
v 0.025058 0.032198 0.018032
v 0.025058 0.032198 0.018032
v 0.025058 0.032198 0.018032
v 0.025058 0.032198 0.018032
v 0.025058 0.032198 0.018032
v 0.032993 0.030054 0.015878
v 0.032993 0.030054 0.015878
v 0.032993 0.030054 0.015878
v 0.032993 0.030054 0.015878
v 0.032993 0.030054 0.015878
v 0.032993 0.030054 0.015878
v 0.033637 0.030237 0.017000
v 0.033637 0.030237 0.017000
v 0.033637 0.030237 0.017000
v 0.033637 0.030237 0.017000
v 0.030022 0.031164 0.018274
v 0.030022 0.031164 0.018274
v 0.030022 0.031164 0.018274
v 0.030022 0.031164 0.018274
v 0.030022 0.031164 0.018274
v 0.030022 0.031164 0.018274
v 0.030022 0.031164 0.018274
v 0.030022 0.031164 0.018274
v 0.033699 0.030265 0.017088
v 0.033699 0.030265 0.017088
v 0.033699 0.030265 0.017088
v 0.033699 0.030265 0.017088
v 0.034214 0.030498 0.017824
v 0.034214 0.030498 0.017824
v 0.034214 0.030498 0.017824
v 0.034214 0.030498 0.017824
v 0.032969 0.031694 0.021092
v 0.032969 0.031694 0.021092
v 0.032969 0.031694 0.021092
v 0.032969 0.031694 0.021092
v 0.032969 0.031694 0.021092
v 0.032969 0.031694 0.021092
v 0.032969 0.031694 0.021092
v 0.032969 0.031694 0.021092
v 0.032969 0.031694 0.021092
v 0.036173 0.031349 0.020510
v 0.036173 0.031349 0.020510
v 0.036173 0.031349 0.020510
v 0.036173 0.031349 0.020510
v 0.036173 0.031349 0.020510
v 0.035776 0.031204 0.020058
v 0.035776 0.031204 0.020058
v 0.035776 0.031204 0.020058
v 0.035776 0.031204 0.020058
v 0.035396 0.031033 0.019515
v 0.035396 0.031033 0.019515
v 0.035396 0.031033 0.019515
v 0.035396 0.031033 0.019515
v 0.035358 0.031015 0.019460
v 0.035358 0.031015 0.019460
v 0.035358 0.031015 0.019460
v 0.035358 0.031015 0.019460
v 0.035358 0.031015 0.019460
v 0.035358 0.031015 0.019460
v 0.035358 0.031015 0.019460
v 0.033960 0.031060 0.019436
v 0.033960 0.031060 0.019436
v 0.033960 0.031060 0.019436
v 0.033960 0.031060 0.019436
v 0.033960 0.031060 0.019436
v 0.034758 0.030744 0.018603
v 0.034758 0.030744 0.018603
v 0.034758 0.030744 0.018603
v 0.034758 0.030744 0.018603
v 0.034758 0.030744 0.018603
v 0.037031 0.031662 0.021485
v 0.037031 0.031662 0.021485
v 0.037031 0.031662 0.021485
v 0.037031 0.031662 0.021485
v 0.037031 0.031662 0.021485
v 0.027096 0.032455 0.021744
v 0.027096 0.032455 0.021744
v 0.027096 0.032455 0.021744
v 0.027096 0.032455 0.021744
v 0.027096 0.032455 0.021744
v 0.027096 0.032455 0.021744
v 0.028356 0.031845 0.019967
v 0.028356 0.031845 0.019967
v 0.028356 0.031845 0.019967
v 0.028356 0.031845 0.019967
v 0.028356 0.031845 0.019967
v 0.028356 0.031845 0.019967
v 0.023092 0.032877 0.019756
v 0.023092 0.032877 0.019756
v 0.023092 0.032877 0.019756
v 0.023092 0.032877 0.019756
v 0.023092 0.032877 0.019756
v 0.023092 0.032877 0.019756
v 0.021511 0.033471 0.021603
v 0.021511 0.033471 0.021603
v 0.021511 0.033471 0.021603
v 0.021511 0.033471 0.021603
v 0.021511 0.033471 0.021603
v 0.021511 0.033471 0.021603
v 0.021478 0.033151 0.016686
v 0.021478 0.033151 0.016686
v 0.021478 0.033151 0.016686
v 0.021478 0.033151 0.016686
v 0.021213 0.033232 0.016901
v 0.021213 0.033232 0.016901
v 0.021213 0.033232 0.016901
v 0.021213 0.033232 0.016901
v 0.022915 0.032756 0.017584
v 0.022915 0.032756 0.017584
v 0.022915 0.032756 0.017584
v 0.022915 0.032756 0.017584
v 0.022915 0.032756 0.017584
v 0.022915 0.032756 0.017584
v 0.019080 0.033887 0.018632
v 0.019080 0.033887 0.018632
v 0.019080 0.033887 0.018632
v 0.019080 0.033887 0.018632
v 0.019080 0.033887 0.018632
v 0.019080 0.033887 0.018632
v 0.019080 0.033887 0.018632
v 0.020816 0.033439 0.019283
v 0.020816 0.033439 0.019283
v 0.020816 0.033439 0.019283
v 0.020816 0.033439 0.019283
v 0.020816 0.033439 0.019283
v 0.019040 0.034032 0.021115
v 0.019040 0.034032 0.021115
v 0.019040 0.034032 0.021115
v 0.019040 0.034032 0.021115
v 0.019040 0.034032 0.021115
v 0.019040 0.034032 0.021115
v 0.019040 0.034032 0.021115
v 0.017645 0.034327 0.019796
v 0.017645 0.034327 0.019796
v 0.017645 0.034327 0.019796
v 0.017645 0.034327 0.019796
v 0.017032 0.034515 0.020294
v 0.017032 0.034515 0.020294
v 0.017032 0.034515 0.020294
v 0.017032 0.034515 0.020294
v 0.017032 0.034515 0.020294
v 0.016660 0.034629 0.020596
v 0.016660 0.034629 0.020596
v 0.016660 0.034629 0.020596
v 0.016660 0.034629 0.020596
v 0.028096 0.030638 0.012396
v 0.028096 0.030638 0.012396
v 0.028096 0.030638 0.012396
v 0.028096 0.030638 0.012396
v 0.025893 0.031475 0.013824
v 0.025893 0.031475 0.013824
v 0.025893 0.031475 0.013824
v 0.025893 0.031475 0.013824
v 0.025893 0.031475 0.013824
v 0.022625 0.032715 0.015943
v 0.022625 0.032715 0.015943
v 0.022625 0.032715 0.015943
v 0.022625 0.032715 0.015943
v 0.022625 0.032715 0.015943
v 0.022625 0.032715 0.015943
v 0.046711 -0.031309 0.019898
v 0.046711 -0.031309 0.019898
v 0.046711 -0.031309 0.019898
v 0.046711 -0.031309 0.019898
v 0.046807 -0.031326 0.019945
v 0.046807 -0.031326 0.019945
v 0.046807 -0.031326 0.019945
v 0.046807 -0.031326 0.019945
v 0.046807 -0.031326 0.019945
v 0.036259 -0.031933 0.022109
v 0.036259 -0.031933 0.022109
v 0.036259 -0.031933 0.022109
v 0.036259 -0.031933 0.022109
v 0.036259 -0.031933 0.022109
v 0.036259 -0.031933 0.022109
v 0.036259 -0.031933 0.022109
v 0.036259 -0.031933 0.022109
v 0.036259 -0.031933 0.022109
v 0.036259 -0.031933 0.022109
v 0.037895 -0.032337 0.023412
v 0.037895 -0.032337 0.023412
v 0.037895 -0.032337 0.023412
v 0.037895 -0.032337 0.023412
v 0.037895 -0.032337 0.023412
v 0.036329 -0.032448 0.023759
v 0.036329 -0.032448 0.023759
v 0.036329 -0.032448 0.023759
v 0.036329 -0.032448 0.023759
v 0.030752 -0.030843 0.016549
v 0.030752 -0.030843 0.016549
v 0.030752 -0.030843 0.016549
v 0.030752 -0.030843 0.016549
v 0.030752 -0.030843 0.016549
v 0.030752 -0.030843 0.016549
v 0.033134 -0.029929 0.014858
v 0.033134 -0.029929 0.014858
v 0.033134 -0.029929 0.014858
v 0.033134 -0.029929 0.014858
v 0.037715 -0.029069 0.014587
v 0.037715 -0.029069 0.014587
v 0.037715 -0.029069 0.014587
v 0.037715 -0.029069 0.014587
v 0.037715 -0.029069 0.014587
v 0.037715 -0.029069 0.014587
v 0.037715 -0.029069 0.014587
v 0.037715 -0.029069 0.014587
v 0.037715 -0.029069 0.014587
v 0.037715 -0.029069 0.014587
v 0.036286 -0.028522 0.012462
v 0.036286 -0.028522 0.012462
v 0.036286 -0.028522 0.012462
v 0.036286 -0.028522 0.012462
v 0.036286 -0.028522 0.012462
v 0.036286 -0.028522 0.012462
v 0.037287 -0.028005 0.011645
v 0.037287 -0.028005 0.011645
v 0.037287 -0.028005 0.011645
v 0.037287 -0.028005 0.011645
v 0.037287 -0.028005 0.011645
v 0.037287 -0.028005 0.011645
v 0.038848 -0.028532 0.013544
v 0.038848 -0.028532 0.013544
v 0.038848 -0.028532 0.013544
v 0.038848 -0.028532 0.013544
v 0.038848 -0.028532 0.013544
v 0.034017 -0.029590 0.014230
v 0.034017 -0.029590 0.014230
v 0.034017 -0.029590 0.014230
v 0.034017 -0.029590 0.014230
v 0.034802 -0.029290 0.013673
v 0.034802 -0.029290 0.013673
v 0.034802 -0.029290 0.013673
v 0.034802 -0.029290 0.013673
v 0.034802 -0.029290 0.013673
v 0.026604 -0.032239 0.019953
v 0.026604 -0.032239 0.019953
v 0.026604 -0.032239 0.019953
v 0.026604 -0.032239 0.019953
v 0.026947 -0.032119 0.019608
v 0.026947 -0.032119 0.019608
v 0.026947 -0.032119 0.019608
v 0.026947 -0.032119 0.019608
v 0.026947 -0.032119 0.019608
v 0.032007 -0.031364 0.019585
v 0.032007 -0.031364 0.019585
v 0.032007 -0.031364 0.019585
v 0.032007 -0.031364 0.019585
v 0.032007 -0.031364 0.019585
v 0.032007 -0.031364 0.019585
v 0.032007 -0.031364 0.019585
v 0.032007 -0.031364 0.019585
v 0.027475 -0.031933 0.019077
v 0.027475 -0.031933 0.019077
v 0.027475 -0.031933 0.019077
v 0.027475 -0.031933 0.019077
v 0.027475 -0.031933 0.019077
v 0.033716 -0.030680 0.017884
v 0.033716 -0.030680 0.017884
v 0.033716 -0.030680 0.017884
v 0.033716 -0.030680 0.017884
v 0.033716 -0.030680 0.017884
v 0.033716 -0.030680 0.017884
v 0.033716 -0.030680 0.017884
v 0.033716 -0.030680 0.017884
v 0.033716 -0.030680 0.017884
v 0.028596 -0.031560 0.018213
v 0.028596 -0.031560 0.018213
v 0.028596 -0.031560 0.018213
v 0.028596 -0.031560 0.018213
v 0.029151 -0.031375 0.017784
v 0.029151 -0.031375 0.017784
v 0.029151 -0.031375 0.017784
v 0.029151 -0.031375 0.017784
v 0.025531 -0.032616 0.021031
v 0.025531 -0.032616 0.021031
v 0.025531 -0.032616 0.021031
v 0.025531 -0.032616 0.021031
v 0.025531 -0.032616 0.021031
v 0.025531 -0.032616 0.021031
v 0.030710 -0.031982 0.021346
v 0.030710 -0.031982 0.021346
v 0.030710 -0.031982 0.021346
v 0.030710 -0.031982 0.021346
v 0.030710 -0.031982 0.021346
v 0.030710 -0.031982 0.021346
v 0.030710 -0.031982 0.021346
v 0.030710 -0.031982 0.021346
v 0.025187 -0.032768 0.021543
v 0.025187 -0.032768 0.021543
v 0.025187 -0.032768 0.021543
v 0.025187 -0.032768 0.021543
v 0.024026 -0.033374 0.023737
v 0.024026 -0.033374 0.023737
v 0.024026 -0.033374 0.023737
v 0.024026 -0.033374 0.023737
v 0.024070 -0.033343 0.023618
v 0.024070 -0.033343 0.023618
v 0.024070 -0.033343 0.023618
v 0.024070 -0.033343 0.023618
v 0.029988 -0.032543 0.023186
v 0.029988 -0.032543 0.023186
v 0.029988 -0.032543 0.023186
v 0.029988 -0.032543 0.023186
v 0.029988 -0.032543 0.023186
v 0.029988 -0.032543 0.023186
v 0.029988 -0.032543 0.023186
v 0.029988 -0.032543 0.023186
v 0.029988 -0.032543 0.023186
v 0.029988 -0.032543 0.023186
v 0.029988 -0.032543 0.023186
v 0.024407 -0.033109 0.022703
v 0.024407 -0.033109 0.022703
v 0.024407 -0.033109 0.022703
v 0.024407 -0.033109 0.022703
v 0.024407 -0.033109 0.022703
v 0.024407 -0.033109 0.022703
v 0.025026 -0.032838 0.021783
v 0.025026 -0.032838 0.021783
v 0.025026 -0.032838 0.021783
v 0.025026 -0.032838 0.021783
v 0.034500 -0.032577 0.024163
v 0.034500 -0.032577 0.024163
v 0.034500 -0.032577 0.024163
v 0.034500 -0.032577 0.024163
v 0.034500 -0.032577 0.024163
v 0.029981 -0.033058 0.024989
v 0.029981 -0.033058 0.024989
v 0.029981 -0.033058 0.024989
v 0.029981 -0.033058 0.024989
v 0.029981 -0.033058 0.024989
v 0.028166 -0.033252 0.025320
v 0.028166 -0.033252 0.025320
v 0.028166 -0.033252 0.025320
v 0.028166 -0.033252 0.025320
v 0.027679 -0.033316 0.025367
v 0.027679 -0.033316 0.025367
v 0.027679 -0.033316 0.025367
v 0.027679 -0.033316 0.025367
v 0.027679 -0.033316 0.025367
v 0.023859 -0.033490 0.024192
v 0.023859 -0.033490 0.024192
v 0.023859 -0.033490 0.024192
v 0.023859 -0.033490 0.024192
v 0.023859 -0.033490 0.024192
v 0.023859 -0.033490 0.024192
v 0.023859 -0.033490 0.024192
v 0.023741 -0.033839 0.025746
v 0.023741 -0.033839 0.025746
v 0.023741 -0.033839 0.025746
v 0.023741 -0.033839 0.025746
v 0.047913 -0.031524 0.020480
v 0.047913 -0.031524 0.020480
v 0.047913 -0.031524 0.020480
v 0.047913 -0.031524 0.020480
v 0.047913 -0.031524 0.020480
v 0.047913 -0.031524 0.020480
v 0.048828 -0.031687 0.020923
v 0.048828 -0.031687 0.020923
v 0.048828 -0.031687 0.020923
v 0.048828 -0.031687 0.020923
v 0.043694 -0.031927 0.022130
v 0.043694 -0.031927 0.022130
v 0.043694 -0.031927 0.022130
v 0.043694 -0.031927 0.022130
v 0.043694 -0.031927 0.022130
v 0.043694 -0.031927 0.022130
v 0.043694 -0.031927 0.022130
v 0.041539 -0.029611 0.016493
v 0.041539 -0.029611 0.016493
v 0.041539 -0.029611 0.016493
v 0.041539 -0.029611 0.016493
v 0.041549 -0.029616 0.016503
v 0.041549 -0.029616 0.016503
v 0.041549 -0.029616 0.016503
v 0.041549 -0.029616 0.016503
v 0.039228 -0.029990 0.017159
v 0.039228 -0.029990 0.017159
v 0.039228 -0.029990 0.017159
v 0.039228 -0.029990 0.017159
v 0.039228 -0.029990 0.017159
v 0.039228 -0.029990 0.017159
v 0.039228 -0.029990 0.017159
v 0.039228 -0.029990 0.017159
v 0.039228 -0.029990 0.017159
v 0.041827 -0.029723 0.016716
v 0.041827 -0.029723 0.016716
v 0.041827 -0.029723 0.016716
v 0.041827 -0.029723 0.016716
v 0.041827 -0.029723 0.016716
v 0.037837 -0.030711 0.018769
v 0.037837 -0.030711 0.018769
v 0.037837 -0.030711 0.018769
v 0.037837 -0.030711 0.018769
v 0.037837 -0.030711 0.018769
v 0.037837 -0.030711 0.018769
v 0.043962 -0.030552 0.018353
v 0.043962 -0.030552 0.018353
v 0.043962 -0.030552 0.018353
v 0.043962 -0.030552 0.018353
v 0.043962 -0.030552 0.018353
v 0.036800 -0.031357 0.020415
v 0.036800 -0.031357 0.020415
v 0.036800 -0.031357 0.020415
v 0.036800 -0.031357 0.020415
v 0.036800 -0.031357 0.020415
v 0.036800 -0.031357 0.020415
v 0.044872 -0.030802 0.018864
v 0.044872 -0.030802 0.018864
v 0.044872 -0.030802 0.018864
v 0.044872 -0.030802 0.018864
v 0.044872 -0.030802 0.018864
v 0.046396 -0.031222 0.019721
v 0.046396 -0.031222 0.019721
v 0.046396 -0.031222 0.019721
v 0.046396 -0.031222 0.019721
v 0.046396 -0.031222 0.019721
v 0.039172 -0.028641 0.013937
v 0.039172 -0.028641 0.013937
v 0.039172 -0.028641 0.013937
v 0.039172 -0.028641 0.013937
v 0.039172 -0.028641 0.013937
v 0.039529 -0.028761 0.014371
v 0.039529 -0.028761 0.014371
v 0.039529 -0.028761 0.014371
v 0.039529 -0.028761 0.014371
v 0.039529 -0.028761 0.014371
v 0.039626 -0.028794 0.014488
v 0.039626 -0.028794 0.014488
v 0.039626 -0.028794 0.014488
v 0.039626 -0.028794 0.014488
v 0.039626 -0.028794 0.014488
v 0.039626 -0.028794 0.014488
v 0.040681 -0.029245 0.015594
v 0.040681 -0.029245 0.015594
v 0.040681 -0.029245 0.015594
v 0.040681 -0.029245 0.015594
v 0.040747 -0.029273 0.015663
v 0.040747 -0.029273 0.015663
v 0.040747 -0.029273 0.015663
v 0.040747 -0.029273 0.015663
v 0.040747 -0.029273 0.015663
v 0.038909 -0.028552 0.013617
v 0.038909 -0.028552 0.013617
v 0.038909 -0.028552 0.013617
v 0.038909 -0.028552 0.013617
v 0.019351 0.016512 0.048519
v 0.019351 0.016512 0.048519
v 0.019351 0.016512 0.048519
v 0.019351 0.016512 0.048519
v 0.019351 0.016512 0.048519
v 0.019351 0.016512 0.048519
v 0.019351 0.016512 0.048519
v 0.019351 0.016512 0.048519
v 0.018069 0.013417 0.049570
v 0.018069 0.013417 0.049570
v 0.018069 0.013417 0.049570
v 0.018069 0.013417 0.049570
v 0.018069 0.013417 0.049570
v 0.018069 0.013417 0.049570
v 0.039033 0.011702 0.044706
v 0.039033 0.011702 0.044706
v 0.039033 0.011702 0.044706
v 0.039033 0.011702 0.044706
v 0.039033 0.011702 0.044706
v 0.039033 0.011702 0.044706
v 0.039033 0.011702 0.044706
v 0.066552 0.016126 0.037108
v 0.066552 0.016126 0.037108
v 0.066552 0.016126 0.037108
v 0.066552 0.016126 0.037108
v 0.066552 0.016126 0.037108
v 0.066552 0.016126 0.037108
v 0.066417 0.016248 0.037091
v 0.066417 0.016248 0.037091
v 0.066417 0.016248 0.037091
v 0.066417 0.016248 0.037091
v 0.066417 0.016248 0.037091
v 0.060673 0.016316 0.038301
v 0.060673 0.016316 0.038301
v 0.060673 0.016316 0.038301
v 0.060673 0.016316 0.038301
v 0.060673 0.016316 0.038301
v 0.060673 0.016316 0.038301
v 0.060673 0.016316 0.038301
v 0.060744 0.021127 0.036073
v 0.060744 0.021127 0.036073
v 0.060744 0.021127 0.036073
v 0.060744 0.021127 0.036073
v 0.060744 0.021127 0.036073
v 0.060365 0.021421 0.035970
v 0.060365 0.021421 0.035970
v 0.060365 0.021421 0.035970
v 0.060365 0.021421 0.035970
v 0.042191 0.022366 0.039972
v 0.042191 0.022366 0.039972
v 0.042191 0.022366 0.039972
v 0.042191 0.022366 0.039972
v 0.042191 0.022366 0.039972
v 0.042191 0.022366 0.039972
v 0.042191 0.022366 0.039972
v 0.042191 0.022366 0.039972
v 0.042191 0.022366 0.039972
v 0.025635 0.033973 0.028069
v 0.025635 0.033973 0.028069
v 0.025635 0.033973 0.028069
v 0.025635 0.033973 0.028069
v 0.025635 0.033973 0.028069
v 0.025635 0.033973 0.028069
v 0.025635 0.033973 0.028069
v 0.025635 0.033973 0.028069
v 0.025635 0.033973 0.028069
v 0.008565 0.036553 0.018246
v 0.008565 0.036553 0.018246
v 0.008565 0.036553 0.018246
v 0.008565 0.036553 0.018246
v 0.007963 0.036665 0.017172
v 0.007963 0.036665 0.017172
v 0.007963 0.036665 0.017172
v 0.007963 0.036665 0.017172
v 0.007963 0.036665 0.017172
v 0.004809 0.037182 0.018961
v 0.004809 0.037182 0.018961
v 0.004809 0.037182 0.018961
v 0.004809 0.037182 0.018961
v 0.004809 0.037182 0.018961
v 0.004809 0.037182 0.018961
v 0.004809 0.037182 0.018961
v -0.036513 0.008518 0.025960
v -0.036513 0.008518 0.025960
v -0.036513 0.008518 0.025960
v -0.036513 0.008518 0.025960
v -0.036600 0.007910 0.025994
v -0.036600 0.007910 0.025994
v -0.036600 0.007910 0.025994
v -0.036600 0.007910 0.025994
v -0.036438 0.008455 0.032725
v -0.036438 0.008455 0.032725
v -0.036438 0.008455 0.032725
v -0.036438 0.008455 0.032725
v -0.036438 0.008455 0.032725
v -0.036438 0.008455 0.032725
v -0.036438 0.008455 0.032725
v -0.036438 0.008455 0.032725
v -0.016471 0.017523 0.053050
v -0.016471 0.017523 0.053050
v -0.016471 0.017523 0.053050
v -0.016471 0.017523 0.053050
v -0.016471 0.017523 0.053050
v -0.016471 0.017523 0.053050
v -0.016471 0.017523 0.053050
v -0.016471 0.017523 0.053050
v 0.038502 0.008779 0.045379
v 0.038502 0.008779 0.045379
v 0.038502 0.008779 0.045379
v 0.038502 0.008779 0.045379
v 0.038502 0.008779 0.045379
v 0.038502 0.008779 0.045379
v 0.038502 0.008779 0.045379
v 0.038502 0.008779 0.045379
v 0.038502 0.008779 0.045379
v 0.038502 0.008779 0.045379
v 0.038112 0.005792 0.045853
v 0.038112 0.005792 0.045853
v 0.038112 0.005792 0.045853
v 0.038112 0.005792 0.045853
v 0.038112 0.005792 0.045853
v 0.038112 0.005792 0.045853
v 0.038112 0.005792 0.045853
v 0.011627 0.020761 0.049056
v 0.011627 0.020761 0.049056
v 0.011627 0.020761 0.049056
v 0.011627 0.020761 0.049056
v 0.011627 0.020761 0.049056
v 0.011627 0.020761 0.049056
v 0.011627 0.020761 0.049056
v 0.011627 0.020761 0.049056
v 0.011627 0.020761 0.049056
v 0.011627 0.020761 0.049056
v 0.011627 0.020761 0.049056
v 0.003088 0.022165 0.050288
v 0.003088 0.022165 0.050288
v 0.003088 0.022165 0.050288
v 0.003088 0.022165 0.050288
v 0.003088 0.022165 0.050288
v 0.003088 0.022165 0.050288
v 0.003088 0.022165 0.050288
v 0.003088 0.022165 0.050288
v 0.003088 0.022165 0.050288
v -0.004618 0.023482 0.050709
v -0.004618 0.023482 0.050709
v -0.004618 0.023482 0.050709
v -0.004618 0.023482 0.050709
v -0.004618 0.023482 0.050709
v -0.004618 0.023482 0.050709
v -0.004618 0.023482 0.050709
v -0.004618 0.023482 0.050709
v -0.004618 0.023482 0.050709
v -0.004618 0.023482 0.050709
v -0.007107 0.020265 0.052257
v -0.007107 0.020265 0.052257
v -0.007107 0.020265 0.052257
v -0.007107 0.020265 0.052257
v -0.007107 0.020265 0.052257
v -0.007107 0.020265 0.052257
v -0.014075 0.021268 0.051714
v -0.014075 0.021268 0.051714
v -0.014075 0.021268 0.051714
v -0.014075 0.021268 0.051714
v -0.014075 0.021268 0.051714
v -0.014075 0.021268 0.051714
v -0.014075 0.021268 0.051714
v -0.014075 0.021268 0.051714
v -0.014075 0.021268 0.051714
v -0.014075 0.021268 0.051714
v -0.018441 0.013395 0.054112
v -0.018441 0.013395 0.054112
v -0.018441 0.013395 0.054112
v -0.018441 0.013395 0.054112
v -0.018441 0.013395 0.054112
v -0.018441 0.013395 0.054112
v -0.018441 0.013395 0.054112
v -0.018441 0.013395 0.054112
v -0.018441 0.013395 0.054112
v -0.019901 0.008958 0.054877
v -0.019901 0.008958 0.054877
v -0.019901 0.008958 0.054877
v -0.019901 0.008958 0.054877
v -0.019901 0.008958 0.054877
v -0.019901 0.008958 0.054877
v -0.019901 0.008958 0.054877
v -0.019901 0.008958 0.054877
v -0.019901 0.008958 0.054877
v -0.019901 0.008958 0.054877
v -0.020781 0.004304 0.055331
v -0.020781 0.004304 0.055331
v -0.020781 0.004304 0.055331
v -0.020781 0.004304 0.055331
v -0.020781 0.004304 0.055331
v -0.020781 0.004304 0.055331
v -0.020781 0.004304 0.055331
v -0.020781 0.004304 0.055331
v -0.020781 0.004304 0.055331
v -0.021030 -0.000003 0.055397
v -0.021030 -0.000003 0.055397
v -0.021030 -0.000003 0.055397
v -0.021030 -0.000003 0.055397
v -0.021030 -0.000003 0.055397
v -0.021030 -0.000003 0.055397
v -0.021030 -0.000003 0.055397
v -0.021030 -0.000003 0.055397
v -0.021032 -0.000003 0.055397
v -0.021032 -0.000003 0.055397
v -0.021032 -0.000003 0.055397
v -0.021032 -0.000003 0.055397
v -0.023750 -0.000003 0.054916
v -0.023750 -0.000003 0.054916
v -0.023750 -0.000003 0.054916
v -0.023750 -0.000003 0.054916
v -0.023750 -0.000003 0.054916
v -0.023750 -0.000003 0.054916
v -0.024035 0.004389 0.054633
v -0.024035 0.004389 0.054633
v -0.024035 0.004389 0.054633
v -0.024035 0.004389 0.054633
v -0.024035 0.004389 0.054633
v -0.024035 0.004389 0.054633
v -0.024035 0.004389 0.054633
v -0.024282 -0.000003 0.054711
v -0.024282 -0.000003 0.054711
v -0.024282 -0.000003 0.054711
v -0.024282 -0.000003 0.054711
v -0.024284 -0.000003 0.054710
v -0.024284 -0.000003 0.054710
v -0.024284 -0.000003 0.054710
v -0.024284 -0.000003 0.054710
v -0.024284 -0.000003 0.054710
v -0.026921 0.004451 0.053590
v -0.026921 0.004451 0.053590
v -0.026921 0.004451 0.053590
v -0.026921 0.004451 0.053590
v -0.026921 0.004451 0.053590
v -0.026921 0.004451 0.053590
v -0.026921 0.004451 0.053590
v -0.026921 0.004451 0.053590
v -0.027148 -0.000003 0.053604
v -0.027148 -0.000003 0.053604
v -0.027148 -0.000003 0.053604
v -0.027148 -0.000003 0.053604
v -0.027148 -0.000003 0.053604
v -0.029429 0.004490 0.052190
v -0.029429 0.004490 0.052190
v -0.029429 0.004490 0.052190
v -0.029429 0.004490 0.052190
v -0.029429 0.004490 0.052190
v -0.029429 0.004490 0.052190
v -0.028408 -0.000003 0.053117
v -0.028408 -0.000003 0.053117
v -0.028408 -0.000003 0.053117
v -0.028408 -0.000003 0.053117
v -0.028408 -0.000003 0.053117
v -0.028408 -0.000003 0.053117
v -0.027150 -0.000003 0.053603
v -0.027150 -0.000003 0.053603
v -0.027150 -0.000003 0.053603
v -0.027150 -0.000003 0.053603
v -0.031557 0.004503 0.050430
v -0.031557 0.004503 0.050430
v -0.031557 0.004503 0.050430
v -0.031557 0.004503 0.050430
v -0.031557 0.004503 0.050430
v -0.031557 0.004503 0.050430
v -0.031557 0.004503 0.050430
v -0.031803 -0.000003 0.050519
v -0.031803 -0.000003 0.050519
v -0.031803 -0.000003 0.050519
v -0.031803 -0.000003 0.050519
v -0.031803 -0.000003 0.050519
v -0.029611 -0.000003 0.052197
v -0.029611 -0.000003 0.052197
v -0.029611 -0.000003 0.052197
v -0.029611 -0.000003 0.052197
v -0.029611 -0.000003 0.052197
v -0.032077 -0.000003 0.050308
v -0.032077 -0.000003 0.050308
v -0.032077 -0.000003 0.050308
v -0.032077 -0.000003 0.050308
v -0.032077 -0.000003 0.050308
v -0.032077 -0.000003 0.050308
v -0.033308 0.004489 0.048311
v -0.033308 0.004489 0.048311
v -0.033308 0.004489 0.048311
v -0.033308 0.004489 0.048311
v -0.033308 0.004489 0.048311
v -0.033308 0.004489 0.048311
v -0.033308 0.004489 0.048311
v -0.033457 -0.000003 0.048349
v -0.033457 -0.000003 0.048349
v -0.033457 -0.000003 0.048349
v -0.033457 -0.000003 0.048349
v -0.034695 0.004449 0.045845
v -0.034695 0.004449 0.045845
v -0.034695 0.004449 0.045845
v -0.034695 0.004449 0.045845
v -0.034695 0.004449 0.045845
v -0.034695 0.004449 0.045845
v -0.034580 -0.000003 0.046752
v -0.034580 -0.000003 0.046752
v -0.034580 -0.000003 0.046752
v -0.034580 -0.000003 0.046752
v -0.034580 -0.000003 0.046752
v -0.034580 -0.000003 0.046752
v -0.035923 -0.000003 0.043136
v -0.035923 -0.000003 0.043136
v -0.035923 -0.000003 0.043136
v -0.035923 -0.000003 0.043136
v -0.035923 -0.000003 0.043138
v -0.035923 -0.000003 0.043138
v -0.035923 -0.000003 0.043138
v -0.035923 -0.000003 0.043138
v -0.035923 -0.000003 0.043138
v -0.035740 0.004383 0.043050
v -0.035740 0.004383 0.043050
v -0.035740 0.004383 0.043050
v -0.035740 0.004383 0.043050
v -0.035740 0.004383 0.043050
v -0.035740 0.004383 0.043050
v -0.035740 0.004383 0.043050
v -0.035740 0.004383 0.043050
v -0.034883 -0.000003 0.045936
v -0.034883 -0.000003 0.045936
v -0.034883 -0.000003 0.045936
v -0.034883 -0.000003 0.045936
v -0.034883 -0.000003 0.045936
v -0.036242 -0.000003 0.042277
v -0.036242 -0.000003 0.042277
v -0.036242 -0.000003 0.042277
v -0.036242 -0.000003 0.042277
v -0.036242 -0.000003 0.042277
v -0.036242 -0.000003 0.042277
v -0.036473 0.004292 0.039956
v -0.036473 0.004292 0.039956
v -0.036473 0.004292 0.039956
v -0.036473 0.004292 0.039956
v -0.036473 0.004292 0.039956
v -0.036473 0.004292 0.039956
v -0.036473 0.004292 0.039956
v -0.036473 0.004292 0.039956
v -0.036599 -0.000003 0.040046
v -0.036599 -0.000003 0.040046
v -0.036599 -0.000003 0.040046
v -0.036599 -0.000003 0.040046
v -0.037305 -0.000003 0.033127
v -0.037305 -0.000003 0.033127
v -0.037305 -0.000003 0.033127
v -0.037305 -0.000003 0.033127
v -0.037305 -0.000003 0.033127
v -0.037305 -0.000003 0.033127
v -0.037305 -0.000003 0.033129
v -0.037305 -0.000003 0.033129
v -0.037305 -0.000003 0.033129
v -0.037305 -0.000003 0.033129
v -0.037185 0.004049 0.033040
v -0.037185 0.004049 0.033040
v -0.037185 0.004049 0.033040
v -0.037185 0.004049 0.033040
v -0.037185 0.004049 0.033040
v -0.037185 0.004049 0.033040
v -0.037185 0.004049 0.033040
v -0.037185 0.004049 0.033040
v -0.037185 0.004049 0.033040
v -0.037221 -0.000003 0.036148
v -0.037221 -0.000003 0.036148
v -0.037221 -0.000003 0.036148
v -0.037221 -0.000003 0.036148
v -0.037221 -0.000003 0.036148
v -0.036599 -0.000003 0.040044
v -0.036599 -0.000003 0.040044
v -0.036599 -0.000003 0.040044
v -0.036599 -0.000003 0.040044
v -0.036599 -0.000003 0.040044
v -0.037494 -0.000003 0.026347
v -0.037494 -0.000003 0.026347
v -0.037494 -0.000003 0.026347
v -0.037494 -0.000003 0.026347
v -0.037443 0.001958 0.026326
v -0.037443 0.001958 0.026326
v -0.037443 0.001958 0.026326
v -0.037443 0.001958 0.026326
v -0.037443 0.001958 0.026326
v -0.037187 0.003766 0.026225
v -0.037187 0.003766 0.026225
v -0.037187 0.003766 0.026225
v -0.037187 0.003766 0.026225
v -0.037187 0.003766 0.026225
v -0.036765 0.006742 0.026059
v -0.036765 0.006742 0.026059
v -0.036765 0.006742 0.026059
v -0.036765 0.006742 0.026059
v -0.036765 0.006742 0.026059
v -0.035385 0.011876 0.025514
v -0.035385 0.011876 0.025514
v -0.035385 0.011876 0.025514
v -0.035385 0.011876 0.025514
v -0.035385 0.011876 0.025514
v -0.035385 0.011876 0.025514
v -0.033964 0.015761 0.024953
v -0.033964 0.015761 0.024953
v -0.033964 0.015761 0.024953
v -0.033964 0.015761 0.024953
v -0.033964 0.015761 0.024953
v -0.034249 0.015258 0.025065
v -0.034249 0.015258 0.025065
v -0.034249 0.015258 0.025065
v -0.034249 0.015258 0.025065
v -0.033456 0.016748 0.031455
v -0.033456 0.016748 0.031455
v -0.033456 0.016748 0.031455
v -0.033456 0.016748 0.031455
v -0.033456 0.016748 0.031455
v -0.033456 0.016748 0.031455
v -0.033456 0.016748 0.031455
v -0.034929 0.013234 0.025334
v -0.034929 0.013234 0.025334
v -0.034929 0.013234 0.025334
v -0.034929 0.013234 0.025334
v -0.034929 0.013234 0.025334
v -0.031624 0.019897 0.024025
v -0.031624 0.019897 0.024025
v -0.031624 0.019897 0.024025
v -0.031624 0.019897 0.024025
v -0.031624 0.019897 0.024025
v -0.031938 0.019341 0.024150
v -0.031938 0.019341 0.024150
v -0.031938 0.019341 0.024150
v -0.031938 0.019341 0.024150
v -0.031938 0.019341 0.024150
v -0.031299 0.020508 0.030526
v -0.031299 0.020508 0.030526
v -0.031299 0.020508 0.030526
v -0.031299 0.020508 0.030526
v -0.031299 0.020508 0.030526
v -0.031299 0.020508 0.030526
v -0.031299 0.020508 0.030526
v -0.027131 0.025696 0.022244
v -0.027131 0.025696 0.022244
v -0.027131 0.025696 0.022244
v -0.027131 0.025696 0.022244
v -0.027131 0.025696 0.022244
v -0.029675 0.022719 0.023253
v -0.029675 0.022719 0.023253
v -0.029675 0.022719 0.023253
v -0.029675 0.022719 0.023253
v -0.029675 0.022719 0.023253
v -0.028765 0.023943 0.029425
v -0.028765 0.023943 0.029425
v -0.028765 0.023943 0.029425
v -0.028765 0.023943 0.029425
v -0.028765 0.023943 0.029425
v -0.028765 0.023943 0.029425
v -0.028765 0.023943 0.029425
v -0.028765 0.023943 0.029425
v -0.030717 0.021500 0.023666
v -0.030717 0.021500 0.023666
v -0.030717 0.021500 0.023666
v -0.030717 0.021500 0.023666
v -0.024737 0.028021 0.021295
v -0.024737 0.028021 0.021295
v -0.024737 0.028021 0.021295
v -0.024737 0.028021 0.021295
v -0.024737 0.028021 0.021295
v -0.026023 0.026992 0.021805
v -0.026023 0.026992 0.021805
v -0.026023 0.026992 0.021805
v -0.026023 0.026992 0.021805
v -0.026023 0.026992 0.021805
v -0.025907 0.027019 0.028171
v -0.025907 0.027019 0.028171
v -0.025907 0.027019 0.028171
v -0.025907 0.027019 0.028171
v -0.025907 0.027019 0.028171
v -0.025907 0.027019 0.028171
v -0.025907 0.027019 0.028171
v -0.025907 0.027019 0.028171
v -0.027038 0.025805 0.022207
v -0.027038 0.025805 0.022207
v -0.027038 0.025805 0.022207
v -0.027038 0.025805 0.022207
v -0.022778 0.029715 0.026784
v -0.022778 0.029715 0.026784
v -0.022778 0.029715 0.026784
v -0.022778 0.029715 0.026784
v -0.022778 0.029715 0.026784
v -0.024105 0.028527 0.021044
v -0.024105 0.028527 0.021044
v -0.024105 0.028527 0.021044
v -0.024105 0.028527 0.021044
v -0.024105 0.028527 0.021044
v -0.019430 0.032014 0.025283
v -0.019430 0.032014 0.025283
v -0.019430 0.032014 0.025283
v -0.019430 0.032014 0.025283
v -0.019430 0.032014 0.025283
v -0.019430 0.032014 0.025283
v -0.019430 0.032014 0.025283
v -0.019430 0.032014 0.025283
v -0.020980 0.031028 0.019805
v -0.020980 0.031028 0.019805
v -0.020980 0.031028 0.019805
v -0.020980 0.031028 0.019805
v -0.015909 0.033911 0.023688
v -0.015909 0.033911 0.023688
v -0.015909 0.033911 0.023688
v -0.015909 0.033911 0.023688
v -0.015909 0.033911 0.023688
v -0.015909 0.033911 0.023688
v -0.015909 0.033911 0.023688
v -0.018922 0.032210 0.018989
v -0.018922 0.032210 0.018989
v -0.018922 0.032210 0.018989
v -0.018922 0.032210 0.018989
v -0.018922 0.032210 0.018989
v -0.020622 0.031314 0.019663
v -0.020622 0.031314 0.019663
v -0.020622 0.031314 0.019663
v -0.020622 0.031314 0.019663
v -0.020622 0.031314 0.019663
v -0.012261 0.035403 0.022017
v -0.012261 0.035403 0.022017
v -0.012261 0.035403 0.022017
v -0.012261 0.035403 0.022017
v -0.012261 0.035403 0.022017
v -0.012261 0.035403 0.022017
v -0.012261 0.035403 0.022017
v -0.014180 0.034710 0.017109
v -0.014180 0.034710 0.017109
v -0.014180 0.034710 0.017109
v -0.014180 0.034710 0.017109
v -0.014180 0.034710 0.017109
v -0.017528 0.032945 0.018436
v -0.017528 0.032945 0.018436
v -0.017528 0.032945 0.018436
v -0.017528 0.032945 0.018436
v -0.008524 0.036492 0.020287
v -0.008524 0.036492 0.020287
v -0.008524 0.036492 0.020287
v -0.008524 0.036492 0.020287
v -0.008524 0.036492 0.020287
v -0.008524 0.036492 0.020287
v -0.008524 0.036492 0.020287
v -0.012560 0.035195 0.016466
v -0.012560 0.035195 0.016466
v -0.012560 0.035195 0.016466
v -0.012560 0.035195 0.016466
v -0.012560 0.035195 0.016466
v -0.014021 0.034758 0.017046
v -0.014021 0.034758 0.017046
v -0.014021 0.034758 0.017046
v -0.014021 0.034758 0.017046
v -0.014021 0.034758 0.017046
v -0.004735 0.037182 0.018517
v -0.004735 0.037182 0.018517
v -0.004735 0.037182 0.018517
v -0.004735 0.037182 0.018517
v -0.004735 0.037182 0.018517
v -0.004735 0.037182 0.018517
v -0.004735 0.037182 0.018517
v -0.007208 0.036797 0.014344
v -0.007208 0.036797 0.014344
v -0.007208 0.036797 0.014344
v -0.007208 0.036797 0.014344
v -0.007208 0.036797 0.014344
v -0.010270 0.035880 0.015558
v -0.010270 0.035880 0.015558
v -0.010270 0.035880 0.015558
v -0.010270 0.035880 0.015558
v -0.000927 0.037478 0.016724
v -0.000927 0.037478 0.016724
v -0.000927 0.037478 0.016724
v -0.000927 0.037478 0.016724
v -0.000927 0.037478 0.016724
v -0.000927 0.037478 0.016724
v -0.000927 0.037478 0.016724
v -0.005902 0.036923 0.013826
v -0.005902 0.036923 0.013826
v -0.005902 0.036923 0.013826
v -0.005902 0.036923 0.013826
v -0.005902 0.036923 0.013826
v -0.006497 0.036866 0.014062
v -0.006497 0.036866 0.014062
v -0.006497 0.036866 0.014062
v -0.006497 0.036866 0.014062
v -0.006497 0.036866 0.014062
v 0.001963 0.037446 0.010708
v 0.001963 0.037446 0.010708
v 0.001963 0.037446 0.010708
v 0.001963 0.037446 0.010708
v 0.001963 0.037446 0.010708
v 0.001963 0.037446 0.010708
v 0.001265 0.037464 0.010984
v 0.001265 0.037464 0.010984
v 0.001265 0.037464 0.010984
v 0.001265 0.037464 0.010984
v 0.002870 0.037385 0.014925
v 0.002870 0.037385 0.014925
v 0.002870 0.037385 0.014925
v 0.002870 0.037385 0.014925
v 0.002870 0.037385 0.014925
v 0.002870 0.037385 0.014925
v 0.002870 0.037385 0.014925
v 0.002870 0.037385 0.014925
v 0.002870 0.037385 0.014925
v 0.002870 0.037385 0.014925
v 0.000006 0.037497 0.011484
v 0.000006 0.037497 0.011484
v 0.000006 0.037497 0.011484
v 0.000006 0.037497 0.011484
v 0.000006 0.037497 0.011484
v 0.000006 0.037497 0.011484
v 0.000006 0.037497 0.011484
v -0.002617 0.037242 0.012524
v -0.002617 0.037242 0.012524
v -0.002617 0.037242 0.012524
v -0.002617 0.037242 0.012524
v -0.002617 0.037242 0.012524
v 0.004413 0.037237 0.009736
v 0.004413 0.037237 0.009736
v 0.004413 0.037237 0.009736
v 0.004413 0.037237 0.009736
v 0.004413 0.037237 0.009736
v 0.005357 0.037113 0.012033
v 0.005357 0.037113 0.012033
v 0.005357 0.037113 0.012033
v 0.005357 0.037113 0.012033
v 0.005357 0.037113 0.012033
v 0.006016 0.037008 0.013430
v 0.006016 0.037008 0.013430
v 0.006016 0.037008 0.013430
v 0.006016 0.037008 0.013430
v 0.006016 0.037008 0.013430
v 0.006816 0.036879 0.015125
v 0.006816 0.036879 0.015125
v 0.006816 0.036879 0.015125
v 0.006816 0.036879 0.015125
v 0.006816 0.036879 0.015125
v 0.007066 0.036859 0.022412
v 0.007066 0.036859 0.022412
v 0.007066 0.036859 0.022412
v 0.007066 0.036859 0.022412
v 0.007066 0.036859 0.022412
v 0.010090 0.036251 0.020403
v 0.010090 0.036251 0.020403
v 0.010090 0.036251 0.020403
v 0.010090 0.036251 0.020403
v 0.008883 0.036490 0.018695
v 0.008883 0.036490 0.018695
v 0.008883 0.036490 0.018695
v 0.008883 0.036490 0.018695
v 0.008883 0.036490 0.018695
v 0.008883 0.036490 0.018695
v 0.012527 0.035776 0.022980
v 0.012527 0.035776 0.022980
v 0.012527 0.035776 0.022980
v 0.012527 0.035776 0.022980
v 0.012527 0.035776 0.022980
v 0.012103 0.035857 0.022669
v 0.012103 0.035857 0.022669
v 0.012103 0.035857 0.022669
v 0.012103 0.035857 0.022669
v 0.006397 0.036851 0.027649
v 0.006397 0.036851 0.027649
v 0.006397 0.036851 0.027649
v 0.006397 0.036851 0.027649
v 0.006397 0.036851 0.027649
v 0.006397 0.036851 0.027649
v 0.006397 0.036851 0.027649
v 0.006397 0.036851 0.027649
v 0.011194 0.036035 0.021707
v 0.011194 0.036035 0.021707
v 0.011194 0.036035 0.021707
v 0.011194 0.036035 0.021707
v 0.011194 0.036035 0.021707
v 0.010473 0.036176 0.020944
v 0.010473 0.036176 0.020944
v 0.010473 0.036176 0.020944
v 0.010473 0.036176 0.020944
v 0.010473 0.036176 0.020944
v 0.016632 0.035272 0.028089
v 0.016632 0.035272 0.028089
v 0.016632 0.035272 0.028089
v 0.016632 0.035272 0.028089
v 0.016632 0.035272 0.028089
v 0.016632 0.035272 0.028089
v 0.016632 0.035272 0.028089
v 0.016632 0.035272 0.028089
v 0.016632 0.035272 0.028089
v 0.020876 0.034624 0.028405
v 0.020876 0.034624 0.028405
v 0.020876 0.034624 0.028405
v 0.020876 0.034624 0.028405
v 0.020876 0.034624 0.028405
v 0.020876 0.034624 0.028405
v 0.020876 0.034624 0.028405
v 0.020876 0.034624 0.028405
v 0.036538 0.032809 0.025969
v 0.036538 0.032809 0.025969
v 0.036538 0.032809 0.025969
v 0.036538 0.032809 0.025969
v 0.036538 0.032809 0.025969
v 0.036538 0.032809 0.025969
v 0.036538 0.032809 0.025969
v 0.036538 0.032809 0.025969
v 0.036538 0.032809 0.025969
v 0.040555 0.032439 0.024981
v 0.040555 0.032439 0.024981
v 0.040555 0.032439 0.024981
v 0.040555 0.032439 0.024981
v 0.039893 0.032443 0.024369
v 0.039893 0.032443 0.024369
v 0.039893 0.032443 0.024369
v 0.039893 0.032443 0.024369
v 0.039893 0.032443 0.024369
v 0.039893 0.032443 0.024369
v 0.041394 0.032434 0.025755
v 0.041394 0.032434 0.025755
v 0.041394 0.032434 0.025755
v 0.041394 0.032434 0.025755
v 0.041394 0.032434 0.025755
v 0.034858 0.032927 0.029036
v 0.034858 0.032927 0.029036
v 0.034858 0.032927 0.029036
v 0.034858 0.032927 0.029036
v 0.034858 0.032927 0.029036
v 0.034858 0.032927 0.029036
v 0.034858 0.032927 0.029036
v 0.034858 0.032927 0.029036
v 0.042011 0.032431 0.026325
v 0.042011 0.032431 0.026325
v 0.042011 0.032431 0.026325
v 0.042011 0.032431 0.026325
v 0.042011 0.032431 0.026325
v 0.044588 0.031640 0.028890
v 0.044588 0.031640 0.028890
v 0.044588 0.031640 0.028890
v 0.044588 0.031640 0.028890
v 0.044588 0.031640 0.028890
v 0.044159 0.031843 0.028485
v 0.044159 0.031843 0.028485
v 0.044159 0.031843 0.028485
v 0.044159 0.031843 0.028485
v 0.033130 0.032506 0.032036
v 0.033130 0.032506 0.032036
v 0.033130 0.032506 0.032036
v 0.033130 0.032506 0.032036
v 0.033130 0.032506 0.032036
v 0.033130 0.032506 0.032036
v 0.033130 0.032506 0.032036
v 0.033130 0.032506 0.032036
v 0.033130 0.032506 0.032036
v 0.043934 0.031948 0.028273
v 0.043934 0.031948 0.028273
v 0.043934 0.031948 0.028273
v 0.043934 0.031948 0.028273
v 0.043934 0.031948 0.028273
v 0.042819 0.032228 0.027143
v 0.042819 0.032228 0.027143
v 0.042819 0.032228 0.027143
v 0.042819 0.032228 0.027143
v 0.042819 0.032228 0.027143
v 0.046459 0.030700 0.030496
v 0.046459 0.030700 0.030496
v 0.046459 0.030700 0.030496
v 0.046459 0.030700 0.030496
v 0.046459 0.030700 0.030496
v 0.046459 0.030700 0.030496
v 0.046085 0.030909 0.030231
v 0.046085 0.030909 0.030231
v 0.046085 0.030909 0.030231
v 0.046085 0.030909 0.030231
v 0.031359 0.031604 0.034876
v 0.031359 0.031604 0.034876
v 0.031359 0.031604 0.034876
v 0.031359 0.031604 0.034876
v 0.031359 0.031604 0.034876
v 0.031359 0.031604 0.034876
v 0.031359 0.031604 0.034876
v 0.031359 0.031604 0.034876
v 0.031359 0.031604 0.034876
v 0.045778 0.031080 0.030013
v 0.045778 0.031080 0.030013
v 0.045778 0.031080 0.030013
v 0.045778 0.031080 0.030013
v 0.045778 0.031080 0.030013
v 0.045012 0.031441 0.029290
v 0.045012 0.031441 0.029290
v 0.045012 0.031441 0.029290
v 0.045012 0.031441 0.029290
v 0.045012 0.031441 0.029290
v 0.048859 0.029361 0.031984
v 0.048859 0.029361 0.031984
v 0.048859 0.029361 0.031984
v 0.048859 0.029361 0.031984
v 0.045091 0.028664 0.034054
v 0.045091 0.028664 0.034054
v 0.045091 0.028664 0.034054
v 0.045091 0.028664 0.034054
v 0.045091 0.028664 0.034054
v 0.045091 0.028664 0.034054
v 0.045091 0.028664 0.034054
v 0.045091 0.028664 0.034054
v 0.045091 0.028664 0.034054
v 0.045091 0.028664 0.034054
v 0.049273 0.029131 0.032175
v 0.049273 0.029131 0.032175
v 0.049273 0.029131 0.032175
v 0.049273 0.029131 0.032175
v 0.050642 0.028299 0.032745
v 0.050642 0.028299 0.032745
v 0.050642 0.028299 0.032745
v 0.050642 0.028299 0.032745
v 0.050642 0.028299 0.032745
v 0.047503 0.030117 0.031236
v 0.047503 0.030117 0.031236
v 0.047503 0.030117 0.031236
v 0.047503 0.030117 0.031236
v 0.046067 0.030215 0.031575
v 0.046067 0.030215 0.031575
v 0.046067 0.030215 0.031575
v 0.046067 0.030215 0.031575
v 0.046067 0.030215 0.031575
v 0.047698 0.030008 0.031375
v 0.047698 0.030008 0.031375
v 0.047698 0.030008 0.031375
v 0.047698 0.030008 0.031375
v 0.047698 0.030008 0.031375
v 0.048273 0.029687 0.031677
v 0.048273 0.029687 0.031677
v 0.048273 0.029687 0.031677
v 0.048273 0.029687 0.031677
v 0.048273 0.029687 0.031677
v 0.048273 0.029687 0.031677
v 0.052786 0.026995 0.033637
v 0.052786 0.026995 0.033637
v 0.052786 0.026995 0.033637
v 0.052786 0.026995 0.033637
v 0.052786 0.026995 0.033637
v 0.044110 0.026795 0.036275
v 0.044110 0.026795 0.036275
v 0.044110 0.026795 0.036275
v 0.044110 0.026795 0.036275
v 0.044110 0.026795 0.036275
v 0.044110 0.026795 0.036275
v 0.044110 0.026795 0.036275
v 0.044110 0.026795 0.036275
v 0.053559 0.026456 0.033903
v 0.053559 0.026456 0.033903
v 0.053559 0.026456 0.033903
v 0.053559 0.026456 0.033903
v 0.058849 0.022596 0.035559
v 0.058849 0.022596 0.035559
v 0.058849 0.022596 0.035559
v 0.058849 0.022596 0.035559
v 0.056621 0.024322 0.034955
v 0.056621 0.024322 0.034955
v 0.056621 0.024322 0.034955
v 0.056621 0.024322 0.034955
v 0.056621 0.024322 0.034955
v 0.056621 0.024322 0.034955
v 0.053936 0.026194 0.034032
v 0.053936 0.026194 0.034032
v 0.053936 0.026194 0.034032
v 0.053936 0.026194 0.034032
v 0.064934 0.017590 0.036906
v 0.064934 0.017590 0.036906
v 0.064934 0.017590 0.036906
v 0.064934 0.017590 0.036906
v 0.064719 0.017772 0.036863
v 0.064719 0.017772 0.036863
v 0.064719 0.017772 0.036863
v 0.064719 0.017772 0.036863
v 0.061021 0.020894 0.036128
v 0.061021 0.020894 0.036128
v 0.061021 0.020894 0.036128
v 0.061021 0.020894 0.036128
v 0.061021 0.020894 0.036128
v 0.061021 0.020894 0.036128
v 0.078028 0.004733 0.037450
v 0.078028 0.004733 0.037450
v 0.078028 0.004733 0.037450
v 0.078028 0.004733 0.037450
v 0.078028 0.004733 0.037450
v 0.078028 0.004733 0.037450
v 0.077553 0.005323 0.037495
v 0.077553 0.005323 0.037495
v 0.077553 0.005323 0.037495
v 0.077553 0.005323 0.037495
v 0.060135 0.005366 0.040944
v 0.060135 0.005366 0.040944
v 0.060135 0.005366 0.040944
v 0.060135 0.005366 0.040944
v 0.060135 0.005366 0.040944
v 0.060135 0.005366 0.040944
v 0.060135 0.005366 0.040944
v 0.060135 0.005366 0.040944
v 0.060135 0.005366 0.040944
v 0.060135 0.005366 0.040944
v 0.060135 0.005366 0.040944
v 0.077480 0.005413 0.037502
v 0.077480 0.005413 0.037502
v 0.077480 0.005413 0.037502
v 0.077480 0.005413 0.037502
v 0.073375 0.009699 0.037632
v 0.073375 0.009699 0.037632
v 0.073375 0.009699 0.037632
v 0.073375 0.009699 0.037632
v 0.073375 0.009699 0.037632
v 0.073190 0.009877 0.037623
v 0.073190 0.009877 0.037623
v 0.073190 0.009877 0.037623
v 0.073190 0.009877 0.037623
v 0.073190 0.009877 0.037623
v 0.060349 0.010927 0.039977
v 0.060349 0.010927 0.039977
v 0.060349 0.010927 0.039977
v 0.060349 0.010927 0.039977
v 0.060349 0.010927 0.039977
v 0.060349 0.010927 0.039977
v 0.060349 0.010927 0.039977
v 0.060349 0.010927 0.039977
v 0.060349 0.010927 0.039977
v 0.072178 0.010853 0.037574
v 0.072178 0.010853 0.037574
v 0.072178 0.010853 0.037574
v 0.072178 0.010853 0.037574
v 0.069079 0.013839 0.037425
v 0.069079 0.013839 0.037425
v 0.069079 0.013839 0.037425
v 0.069079 0.013839 0.037425
v 0.069079 0.013839 0.037425
v 0.060084 -0.000003 0.041342
v 0.060084 -0.000003 0.041342
v 0.060084 -0.000003 0.041342
v 0.060084 -0.000003 0.041342
v 0.060084 -0.000003 0.041342
v 0.060084 -0.000003 0.041342
v 0.060084 -0.000003 0.041342
v 0.060084 -0.000003 0.041342
v 0.060084 -0.000003 0.041342
v 0.060084 -0.000003 0.041342
v 0.060084 -0.000003 0.041342
v 0.060084 -0.000003 0.041342
v 0.060084 -0.000003 0.041342
v 0.060084 -0.000003 0.041342
v 0.060084 -0.000003 0.041342
v 0.060084 -0.000003 0.041342
v 0.080767 -0.000003 0.037155
v 0.080767 -0.000003 0.037155
v 0.080767 -0.000003 0.037155
v 0.080767 -0.000003 0.037155
v 0.080609 0.000816 0.037177
v 0.080609 0.000816 0.037177
v 0.080609 0.000816 0.037177
v 0.080609 0.000816 0.037177
v 0.080609 0.000816 0.037177
v 0.080545 0.001147 0.037186
v 0.080545 0.001147 0.037186
v 0.080545 0.001147 0.037186
v 0.080545 0.001147 0.037186
v 0.080545 0.001147 0.037186
v 0.079953 0.002249 0.037261
v 0.079953 0.002249 0.037261
v 0.079953 0.002249 0.037261
v 0.079953 0.002249 0.037261
v 0.079953 0.002249 0.037261
v 0.079804 0.002526 0.037280
v 0.079804 0.002526 0.037280
v 0.079804 0.002526 0.037280
v 0.079804 0.002526 0.037280
v 0.079804 0.002526 0.037280
v 0.079804 0.002526 0.037280
v 0.060079 -0.000003 0.041343
v 0.060079 -0.000003 0.041343
v 0.060079 -0.000003 0.041343
v 0.060079 -0.000003 0.041343
v 0.051316 -0.000003 0.043116
v 0.051316 -0.000003 0.043116
v 0.051316 -0.000003 0.043116
v 0.051316 -0.000003 0.043116
v 0.051316 -0.000003 0.043116
v 0.051316 -0.000003 0.043116
v 0.051316 -0.000003 0.043116
v 0.037819 -0.000003 0.046267
v 0.037819 -0.000003 0.046267
v 0.037819 -0.000003 0.046267
v 0.037819 -0.000003 0.046267
v 0.037819 -0.000003 0.046267
v 0.037879 0.002760 0.046129
v 0.037879 0.002760 0.046129
v 0.037879 0.002760 0.046129
v 0.037879 0.002760 0.046129
v 0.037879 0.002760 0.046129
v 0.037879 0.002760 0.046129
v 0.037879 0.002760 0.046129
v 0.037879 0.002760 0.046129
v 0.040446 0.017274 0.042758
v 0.040446 0.017274 0.042758
v 0.040446 0.017274 0.042758
v 0.040446 0.017274 0.042758
v 0.040446 0.017274 0.042758
v 0.040446 0.017274 0.042758
v 0.040446 0.017274 0.042758
v 0.040446 0.017274 0.042758
v 0.040446 0.017274 0.042758
v 0.024147 0.024519 0.044020
v 0.024147 0.024519 0.044020
v 0.024147 0.024519 0.044020
v 0.024147 0.024519 0.044020
v 0.024147 0.024519 0.044020
v 0.020821 0.019404 0.047241
v 0.020821 0.019404 0.047241
v 0.020821 0.019404 0.047241
v 0.020821 0.019404 0.047241
v 0.020821 0.019404 0.047241
v 0.020821 0.019404 0.047241
v 0.020821 0.019404 0.047241
v 0.015759 0.025902 0.045615
v 0.015759 0.025902 0.045615
v 0.015759 0.025902 0.045615
v 0.015759 0.025902 0.045615
v 0.015759 0.025902 0.045615
v 0.015759 0.025902 0.045615
v 0.013635 0.023476 0.047446
v 0.013635 0.023476 0.047446
v 0.013635 0.023476 0.047446
v 0.013635 0.023476 0.047446
v 0.013635 0.023476 0.047446
v 0.005469 0.024927 0.048581
v 0.005469 0.024927 0.048581
v 0.005469 0.024927 0.048581
v 0.005469 0.024927 0.048581
v 0.005469 0.024927 0.048581
v 0.005469 0.024927 0.048581
v 0.007979 0.027343 0.046657
v 0.007979 0.027343 0.046657
v 0.007979 0.027343 0.046657
v 0.007979 0.027343 0.046657
v 0.007979 0.027343 0.046657
v 0.007979 0.027343 0.046657
v 0.007979 0.027343 0.046657
v 0.007979 0.027343 0.046657
v 0.037824 -0.000003 0.046266
v 0.037824 -0.000003 0.046266
v 0.037824 -0.000003 0.046266
v 0.037824 -0.000003 0.046266
v -0.013845 0.028279 0.046571
v -0.013845 0.028279 0.046571
v -0.013845 0.028279 0.046571
v -0.013845 0.028279 0.046571
v -0.013845 0.028279 0.046571
v -0.013845 0.028279 0.046571
v -0.013845 0.028279 0.046571
v -0.016985 0.025354 0.048375
v -0.016985 0.025354 0.048375
v -0.016985 0.025354 0.048375
v -0.016985 0.025354 0.048375
v -0.016985 0.025354 0.048375
v -0.014308 0.025018 0.049404
v -0.014308 0.025018 0.049404
v -0.014308 0.025018 0.049404
v -0.014308 0.025018 0.049404
v -0.014308 0.025018 0.049404
v -0.014308 0.025018 0.049404
v -0.010530 0.030730 0.044573
v -0.010530 0.030730 0.044573
v -0.010530 0.030730 0.044573
v -0.010530 0.030730 0.044573
v -0.010530 0.030730 0.044573
v -0.016186 0.028533 0.045252
v -0.016186 0.028533 0.045252
v -0.016186 0.028533 0.045252
v -0.016186 0.028533 0.045252
v -0.016186 0.028533 0.045252
v -0.016186 0.028533 0.045252
v -0.012811 0.031004 0.043283
v -0.012811 0.031004 0.043283
v -0.012811 0.031004 0.043283
v -0.012811 0.031004 0.043283
v -0.012811 0.031004 0.043283
v -0.012811 0.031004 0.043283
v -0.018266 0.028672 0.043629
v -0.018266 0.028672 0.043629
v -0.018266 0.028672 0.043629
v -0.018266 0.028672 0.043629
v -0.018266 0.028672 0.043629
v -0.018266 0.028672 0.043629
v -0.014856 0.031166 0.041704
v -0.014856 0.031166 0.041704
v -0.014856 0.031166 0.041704
v -0.014856 0.031166 0.041704
v -0.014856 0.031166 0.041704
v -0.020089 0.028689 0.041704
v -0.020089 0.028689 0.041704
v -0.020089 0.028689 0.041704
v -0.020089 0.028689 0.041704
v -0.020089 0.028689 0.041704
v -0.020089 0.028689 0.041704
v -0.019376 0.025582 0.047032
v -0.019376 0.025582 0.047032
v -0.019376 0.025582 0.047032
v -0.019376 0.025582 0.047032
v -0.019376 0.025582 0.047032
v -0.019376 0.025582 0.047032
v -0.021479 0.025696 0.045371
v -0.021479 0.025696 0.045371
v -0.021479 0.025696 0.045371
v -0.021479 0.025696 0.045371
v -0.021479 0.025696 0.045371
v -0.021479 0.025696 0.045371
v -0.023301 0.025689 0.043395
v -0.023301 0.025689 0.043395
v -0.023301 0.025689 0.043395
v -0.023301 0.025689 0.043395
v -0.023301 0.025689 0.043395
v -0.023301 0.025689 0.043395
v -0.024851 0.025562 0.041114
v -0.024851 0.025562 0.041114
v -0.024851 0.025562 0.041114
v -0.024851 0.025562 0.041114
v -0.024851 0.025562 0.041114
v -0.024851 0.025562 0.041114
v -0.017123 0.021656 0.050996
v -0.017123 0.021656 0.050996
v -0.017123 0.021656 0.050996
v -0.017123 0.021656 0.050996
v -0.017123 0.021656 0.050996
v -0.017123 0.021656 0.050996
v -0.019865 0.021954 0.049960
v -0.019865 0.021954 0.049960
v -0.019865 0.021954 0.049960
v -0.019865 0.021954 0.049960
v -0.019865 0.021954 0.049960
v -0.019865 0.021954 0.049960
v -0.022295 0.022150 0.048598
v -0.022295 0.022150 0.048598
v -0.022295 0.022150 0.048598
v -0.022295 0.022150 0.048598
v -0.022295 0.022150 0.048598
v -0.022295 0.022150 0.048598
v -0.024414 0.022240 0.046905
v -0.024414 0.022240 0.046905
v -0.024414 0.022240 0.046905
v -0.024414 0.022240 0.046905
v -0.024414 0.022240 0.046905
v -0.024414 0.022240 0.046905
v -0.026224 0.022217 0.044885
v -0.026224 0.022217 0.044885
v -0.026224 0.022217 0.044885
v -0.026224 0.022217 0.044885
v -0.026224 0.022217 0.044885
v -0.026224 0.022217 0.044885
v -0.027739 0.022080 0.042548
v -0.027739 0.022080 0.042548
v -0.027739 0.022080 0.042548
v -0.027739 0.022080 0.042548
v -0.027739 0.022080 0.042548
v -0.027739 0.022080 0.042548
v -0.028974 0.021832 0.039912
v -0.028974 0.021832 0.039912
v -0.028974 0.021832 0.039912
v -0.028974 0.021832 0.039912
v -0.028974 0.021832 0.039912
v -0.028974 0.021832 0.039912
v -0.029956 0.021480 0.037004
v -0.029956 0.021480 0.037004
v -0.029956 0.021480 0.037004
v -0.029956 0.021480 0.037004
v -0.029956 0.021480 0.037004
v -0.027208 0.024954 0.035717
v -0.027208 0.024954 0.035717
v -0.027208 0.024954 0.035717
v -0.027208 0.024954 0.035717
v -0.027208 0.024954 0.035717
v -0.027208 0.024954 0.035717
v -0.027208 0.024954 0.035717
v -0.019594 0.017852 0.052338
v -0.019594 0.017852 0.052338
v -0.019594 0.017852 0.052338
v -0.019594 0.017852 0.052338
v -0.019594 0.017852 0.052338
v -0.019594 0.017852 0.052338
v -0.022390 0.018102 0.051299
v -0.022390 0.018102 0.051299
v -0.022390 0.018102 0.051299
v -0.022390 0.018102 0.051299
v -0.022390 0.018102 0.051299
v -0.022390 0.018102 0.051299
v -0.024851 0.018262 0.049921
v -0.024851 0.018262 0.049921
v -0.024851 0.018262 0.049921
v -0.024851 0.018262 0.049921
v -0.024851 0.018262 0.049921
v -0.024851 0.018262 0.049921
v -0.026977 0.018329 0.048204
v -0.026977 0.018329 0.048204
v -0.026977 0.018329 0.048204
v -0.026977 0.018329 0.048204
v -0.026977 0.018329 0.048204
v -0.026977 0.018329 0.048204
v -0.028772 0.018297 0.046147
v -0.028772 0.018297 0.046147
v -0.028772 0.018297 0.046147
v -0.028772 0.018297 0.046147
v -0.028772 0.018297 0.046147
v -0.028772 0.018297 0.046147
v -0.030247 0.018166 0.043762
v -0.030247 0.018166 0.043762
v -0.030247 0.018166 0.043762
v -0.030247 0.018166 0.043762
v -0.030247 0.018166 0.043762
v -0.030247 0.018166 0.043762
v -0.031421 0.017937 0.041068
v -0.031421 0.017937 0.041068
v -0.031421 0.017937 0.041068
v -0.031421 0.017937 0.041068
v -0.031421 0.017937 0.041068
v -0.031421 0.017937 0.041068
v -0.032322 0.017618 0.038092
v -0.032322 0.017618 0.038092
v -0.032322 0.017618 0.038092
v -0.032322 0.017618 0.038092
v -0.032322 0.017618 0.038092
v -0.032322 0.017618 0.038092
v -0.021624 0.013653 0.053406
v -0.021624 0.013653 0.053406
v -0.021624 0.013653 0.053406
v -0.021624 0.013653 0.053406
v -0.021624 0.013653 0.053406
v -0.021624 0.013653 0.053406
v -0.024462 0.013845 0.052364
v -0.024462 0.013845 0.052364
v -0.024462 0.013845 0.052364
v -0.024462 0.013845 0.052364
v -0.024462 0.013845 0.052364
v -0.024462 0.013845 0.052364
v -0.026946 0.013967 0.050976
v -0.026946 0.013967 0.050976
v -0.026946 0.013967 0.050976
v -0.026946 0.013967 0.050976
v -0.026946 0.013967 0.050976
v -0.026946 0.013967 0.050976
v -0.029075 0.014013 0.049238
v -0.029075 0.014013 0.049238
v -0.029075 0.014013 0.049238
v -0.029075 0.014013 0.049238
v -0.029075 0.014013 0.049238
v -0.029075 0.014013 0.049238
v -0.030852 0.013981 0.047152
v -0.030852 0.013981 0.047152
v -0.030852 0.013981 0.047152
v -0.030852 0.013981 0.047152
v -0.030852 0.013981 0.047152
v -0.030852 0.013981 0.047152
v -0.032290 0.013869 0.044730
v -0.032290 0.013869 0.044730
v -0.032290 0.013869 0.044730
v -0.032290 0.013869 0.044730
v -0.032290 0.013869 0.044730
v -0.032290 0.013869 0.044730
v -0.033408 0.013679 0.041989
v -0.033408 0.013679 0.041989
v -0.033408 0.013679 0.041989
v -0.033408 0.013679 0.041989
v -0.033408 0.013679 0.041989
v -0.033408 0.013679 0.041989
v -0.034236 0.013418 0.038959
v -0.034236 0.013418 0.038959
v -0.034236 0.013418 0.038959
v -0.034236 0.013418 0.038959
v -0.034236 0.013418 0.038959
v -0.034236 0.013418 0.038959
v -0.035184 0.012711 0.032193
v -0.035184 0.012711 0.032193
v -0.035184 0.012711 0.032193
v -0.035184 0.012711 0.032193
v -0.035184 0.012711 0.032193
v -0.035184 0.012711 0.032193
v -0.023129 0.009133 0.054176
v -0.023129 0.009133 0.054176
v -0.023129 0.009133 0.054176
v -0.023129 0.009133 0.054176
v -0.023129 0.009133 0.054176
v -0.023129 0.009133 0.054176
v -0.025997 0.009263 0.053133
v -0.025997 0.009263 0.053133
v -0.025997 0.009263 0.053133
v -0.025997 0.009263 0.053133
v -0.025997 0.009263 0.053133
v -0.025997 0.009263 0.053133
v -0.028496 0.009344 0.051738
v -0.028496 0.009344 0.051738
v -0.028496 0.009344 0.051738
v -0.028496 0.009344 0.051738
v -0.028496 0.009344 0.051738
v -0.028496 0.009344 0.051738
v -0.030625 0.009372 0.049986
v -0.030625 0.009372 0.049986
v -0.030625 0.009372 0.049986
v -0.030625 0.009372 0.049986
v -0.030625 0.009372 0.049986
v -0.030625 0.009372 0.049986
v -0.032386 0.009346 0.047880
v -0.032386 0.009346 0.047880
v -0.032386 0.009346 0.047880
v -0.032386 0.009346 0.047880
v -0.032386 0.009346 0.047880
v -0.032386 0.009346 0.047880
v -0.033794 0.009266 0.045430
v -0.033794 0.009266 0.045430
v -0.033794 0.009266 0.045430
v -0.033794 0.009266 0.045430
v -0.033794 0.009266 0.045430
v -0.033794 0.009266 0.045430
v -0.034866 0.009132 0.042655
v -0.034866 0.009132 0.042655
v -0.034866 0.009132 0.042655
v -0.034866 0.009132 0.042655
v -0.034866 0.009132 0.042655
v -0.034866 0.009132 0.042655
v -0.035636 0.008948 0.039585
v -0.035636 0.008948 0.039585
v -0.035636 0.008948 0.039585
v -0.035636 0.008948 0.039585
v -0.035636 0.008948 0.039585
v -0.035636 0.008948 0.039585
v 0.020846 0.034109 0.034087
v 0.020846 0.034109 0.034087
v 0.020846 0.034109 0.034087
v 0.020846 0.034109 0.034087
v 0.020846 0.034109 0.034087
v 0.020846 0.034109 0.034087
v 0.023279 0.034275 0.031099
v 0.023279 0.034275 0.031099
v 0.023279 0.034275 0.031099
v 0.023279 0.034275 0.031099
v 0.023279 0.034275 0.031099
v 0.018225 0.035004 0.031366
v 0.018225 0.035004 0.031366
v 0.018225 0.035004 0.031366
v 0.018225 0.035004 0.031366
v 0.018225 0.035004 0.031366
v 0.018225 0.035004 0.031366
v 0.018341 0.033505 0.036959
v 0.018341 0.033505 0.036959
v 0.018341 0.033505 0.036959
v 0.018341 0.033505 0.036959
v 0.018341 0.033505 0.036959
v 0.018341 0.033505 0.036959
v 0.015485 0.034950 0.034298
v 0.015485 0.034950 0.034298
v 0.015485 0.034950 0.034298
v 0.015485 0.034950 0.034298
v 0.015485 0.034950 0.034298
v 0.015485 0.034950 0.034298
v 0.013717 0.035707 0.030944
v 0.013717 0.035707 0.030944
v 0.013717 0.035707 0.030944
v 0.013717 0.035707 0.030944
v 0.013717 0.035707 0.030944
v 0.013717 0.035707 0.030944
v 0.012926 0.035882 0.027012
v 0.012926 0.035882 0.027012
v 0.012926 0.035882 0.027012
v 0.012926 0.035882 0.027012
v 0.012926 0.035882 0.027012
v 0.012926 0.035882 0.027012
v 0.009777 0.036336 0.029723
v 0.009777 0.036336 0.029723
v 0.009777 0.036336 0.029723
v 0.009777 0.036336 0.029723
v 0.009777 0.036336 0.029723
v 0.009777 0.036336 0.029723
v 0.010704 0.035736 0.033781
v 0.010704 0.035736 0.033781
v 0.010704 0.035736 0.033781
v 0.010704 0.035736 0.033781
v 0.010704 0.035736 0.033781
v 0.010704 0.035736 0.033781
v 0.012661 0.034478 0.037135
v 0.012661 0.034478 0.037135
v 0.012661 0.034478 0.037135
v 0.012661 0.034478 0.037135
v 0.012661 0.034478 0.037135
v 0.012661 0.034478 0.037135
v 0.015777 0.032502 0.039668
v 0.015777 0.032502 0.039668
v 0.015777 0.032502 0.039668
v 0.015777 0.032502 0.039668
v 0.015777 0.032502 0.039668
v 0.015777 0.032502 0.039668
v 0.013176 0.031131 0.042193
v 0.013176 0.031131 0.042193
v 0.013176 0.031131 0.042193
v 0.013176 0.031131 0.042193
v 0.013176 0.031131 0.042193
v 0.013176 0.031131 0.042193
v 0.009768 0.033610 0.039837
v 0.009768 0.033610 0.039837
v 0.009768 0.033610 0.039837
v 0.009768 0.033610 0.039837
v 0.009768 0.033610 0.039837
v 0.009768 0.033610 0.039837
v 0.007602 0.035365 0.036545
v 0.007602 0.035365 0.036545
v 0.007602 0.035365 0.036545
v 0.007602 0.035365 0.036545
v 0.007602 0.035365 0.036545
v 0.007602 0.035365 0.036545
v 0.006531 0.036407 0.032425
v 0.006531 0.036407 0.032425
v 0.006531 0.036407 0.032425
v 0.006531 0.036407 0.032425
v 0.006531 0.036407 0.032425
v 0.006531 0.036407 0.032425
v -0.007734 0.034749 0.037408
v -0.007734 0.034749 0.037408
v -0.007734 0.034749 0.037408
v -0.007734 0.034749 0.037408
v -0.007734 0.034749 0.037408
v -0.007734 0.034749 0.037408
v -0.011325 0.033185 0.039623
v -0.011325 0.033185 0.039623
v -0.011325 0.033185 0.039623
v -0.011325 0.033185 0.039623
v -0.011325 0.033185 0.039623
v -0.011325 0.033185 0.039623
v -0.011325 0.033185 0.039623
v -0.007113 0.032718 0.042403
v -0.007113 0.032718 0.042403
v -0.007113 0.032718 0.042403
v -0.007113 0.032718 0.042403
v -0.007113 0.032718 0.042403
v -0.007113 0.032718 0.042403
v -0.007113 0.032718 0.042403
v -0.004133 0.035877 0.035081
v -0.004133 0.035877 0.035081
v -0.004133 0.035877 0.035081
v -0.004133 0.035877 0.035081
v -0.004133 0.035877 0.035081
v -0.004133 0.035877 0.035081
v -0.003656 0.034260 0.040084
v -0.003656 0.034260 0.040084
v -0.003656 0.034260 0.040084
v -0.003656 0.034260 0.040084
v -0.003656 0.034260 0.040084
v -0.003656 0.034260 0.040084
v -0.002042 0.031870 0.044091
v -0.002042 0.031870 0.044091
v -0.002042 0.031870 0.044091
v -0.002042 0.031870 0.044091
v -0.002042 0.031870 0.044091
v -0.002042 0.031870 0.044091
v -0.005255 0.029882 0.046294
v -0.005255 0.029882 0.046294
v -0.005255 0.029882 0.046294
v -0.005255 0.029882 0.046294
v -0.005255 0.029882 0.046294
v -0.005255 0.029882 0.046294
v 0.000941 0.028712 0.046940
v 0.000941 0.028712 0.046940
v 0.000941 0.028712 0.046940
v 0.000941 0.028712 0.046940
v 0.000941 0.028712 0.046940
v 0.000941 0.028712 0.046940
v -0.008381 0.027457 0.048312
v -0.008381 0.027457 0.048312
v -0.008381 0.027457 0.048312
v -0.008381 0.027457 0.048312
v -0.008381 0.027457 0.048312
v -0.008381 0.027457 0.048312
v -0.001910 0.026298 0.048931
v -0.001910 0.026298 0.048931
v -0.001910 0.026298 0.048931
v -0.001910 0.026298 0.048931
v -0.001910 0.026298 0.048931
v -0.001910 0.026298 0.048931
v -0.011348 0.024586 0.050126
v -0.011348 0.024586 0.050126
v -0.011348 0.024586 0.050126
v -0.011348 0.024586 0.050126
v -0.011348 0.024586 0.050126
v -0.011348 0.024586 0.050126
v -0.000560 0.036593 0.032663
v -0.000560 0.036593 0.032663
v -0.000560 0.036593 0.032663
v -0.000560 0.036593 0.032663
v -0.000560 0.036593 0.032663
v -0.000560 0.036593 0.032663
v -0.000207 0.035378 0.037634
v -0.000207 0.035378 0.037634
v -0.000207 0.035378 0.037634
v -0.000207 0.035378 0.037634
v -0.000207 0.035378 0.037634
v -0.000207 0.035378 0.037634
v 0.001200 0.033437 0.041720
v 0.001200 0.033437 0.041720
v 0.001200 0.033437 0.041720
v 0.001200 0.033437 0.041720
v 0.001200 0.033437 0.041720
v 0.001200 0.033437 0.041720
v 0.003871 0.030729 0.044753
v 0.003871 0.030729 0.044753
v 0.003871 0.030729 0.044753
v 0.003871 0.030729 0.044753
v 0.003871 0.030729 0.044753
v 0.003871 0.030729 0.044753
v 0.003541 0.037221 0.024725
v 0.003541 0.037221 0.024725
v 0.003541 0.037221 0.024725
v 0.003541 0.037221 0.024725
v 0.003541 0.037221 0.024725
v 0.003541 0.037221 0.024725
v 0.003541 0.037221 0.024725
v 0.003541 0.037221 0.024725
v 0.002957 0.036913 0.030176
v 0.002957 0.036913 0.030176
v 0.002957 0.036913 0.030176
v 0.002957 0.036913 0.030176
v 0.002957 0.036913 0.030176
v 0.002957 0.036913 0.030176
v 0.003197 0.036090 0.035073
v 0.003197 0.036090 0.035073
v 0.003197 0.036090 0.035073
v 0.003197 0.036090 0.035073
v 0.003197 0.036090 0.035073
v 0.003197 0.036090 0.035073
v 0.004427 0.034599 0.039200
v 0.004427 0.034599 0.039200
v 0.004427 0.034599 0.039200
v 0.004427 0.034599 0.039200
v 0.004427 0.034599 0.039200
v 0.004427 0.034599 0.039200
v 0.006828 0.032360 0.042381
v 0.006828 0.032360 0.042381
v 0.006828 0.032360 0.042381
v 0.006828 0.032360 0.042381
v 0.006828 0.032360 0.042381
v 0.006828 0.032360 0.042381
v 0.010564 0.029410 0.044525
v 0.010564 0.029410 0.044525
v 0.010564 0.029410 0.044525
v 0.010564 0.029410 0.044525
v 0.010564 0.029410 0.044525
v 0.010564 0.029410 0.044525
v -0.024149 0.028008 0.034257
v -0.024149 0.028008 0.034257
v -0.024149 0.028008 0.034257
v -0.024149 0.028008 0.034257
v -0.024149 0.028008 0.034257
v -0.024149 0.028008 0.034257
v -0.021666 0.028582 0.039487
v -0.021666 0.028582 0.039487
v -0.021666 0.028582 0.039487
v -0.021666 0.028582 0.039487
v -0.021666 0.028582 0.039487
v -0.021666 0.028582 0.039487
v -0.018263 0.031133 0.037693
v -0.018263 0.031133 0.037693
v -0.018263 0.031133 0.037693
v -0.018263 0.031133 0.037693
v -0.018263 0.031133 0.037693
v -0.018263 0.031133 0.037693
v -0.016670 0.031210 0.039837
v -0.016670 0.031210 0.039837
v -0.016670 0.031210 0.039837
v -0.016670 0.031210 0.039837
v -0.016670 0.031210 0.039837
v -0.016670 0.031210 0.039837
v -0.014711 0.033219 0.035757
v -0.014711 0.033219 0.035757
v -0.014711 0.033219 0.035757
v -0.014711 0.033219 0.035757
v -0.014711 0.033219 0.035757
v -0.014711 0.033219 0.035757
v -0.011069 0.034851 0.033701
v -0.011069 0.034851 0.033701
v -0.011069 0.034851 0.033701
v -0.011069 0.034851 0.033701
v -0.011069 0.034851 0.033701
v -0.011069 0.034851 0.033701
v -0.007387 0.036049 0.031549
v -0.007387 0.036049 0.031549
v -0.007387 0.036049 0.031549
v -0.007387 0.036049 0.031549
v -0.007387 0.036049 0.031549
v -0.007387 0.036049 0.031549
v -0.003706 0.036831 0.029320
v -0.003706 0.036831 0.029320
v -0.003706 0.036831 0.029320
v -0.003706 0.036831 0.029320
v -0.003706 0.036831 0.029320
v -0.003706 0.036831 0.029320
v -0.000055 0.037216 0.027037
v -0.000055 0.037216 0.027037
v -0.000055 0.037216 0.027037
v -0.000055 0.037216 0.027037
v -0.000055 0.037216 0.027037
v -0.000055 0.037216 0.027037
v -0.020845 0.030629 0.032645
v -0.020845 0.030629 0.032645
v -0.020845 0.030629 0.032645
v -0.020845 0.030629 0.032645
v -0.020845 0.030629 0.032645
v -0.020845 0.030629 0.032645
v -0.017359 0.032811 0.030906
v -0.017359 0.032811 0.030906
v -0.017359 0.032811 0.030906
v -0.017359 0.032811 0.030906
v -0.017359 0.032811 0.030906
v -0.017359 0.032811 0.030906
v -0.013745 0.034558 0.029060
v -0.013745 0.034558 0.029060
v -0.013745 0.034558 0.029060
v -0.013745 0.034558 0.029060
v -0.013745 0.034558 0.029060
v -0.013745 0.034558 0.029060
v -0.010052 0.035881 0.027130
v -0.010052 0.035881 0.027130
v -0.010052 0.035881 0.027130
v -0.010052 0.035881 0.027130
v -0.010052 0.035881 0.027130
v -0.010052 0.035881 0.027130
v -0.006319 0.036791 0.025134
v -0.006319 0.036791 0.025134
v -0.006319 0.036791 0.025134
v -0.006319 0.036791 0.025134
v -0.006319 0.036791 0.025134
v -0.006319 0.036791 0.025134
v -0.002580 0.037303 0.023093
v -0.002580 0.037303 0.023093
v -0.002580 0.037303 0.023093
v -0.002580 0.037303 0.023093
v -0.002580 0.037303 0.023093
v -0.002580 0.037303 0.023093
v 0.001137 0.037429 0.021027
v 0.001137 0.037429 0.021027
v 0.001137 0.037429 0.021027
v 0.001137 0.037429 0.021027
v 0.001137 0.037429 0.021027
v 0.001137 0.037429 0.021027
v 0.028843 0.033568 0.030272
v 0.028843 0.033568 0.030272
v 0.028843 0.033568 0.030272
v 0.028843 0.033568 0.030272
v 0.028843 0.033568 0.030272
v 0.028843 0.033568 0.030272
v 0.026749 0.033275 0.033281
v 0.026749 0.033275 0.033281
v 0.026749 0.033275 0.033281
v 0.026749 0.033275 0.033281
v 0.026749 0.033275 0.033281
v 0.026749 0.033275 0.033281
v 0.024597 0.032522 0.036150
v 0.024597 0.032522 0.036150
v 0.024597 0.032522 0.036150
v 0.024597 0.032522 0.036150
v 0.024597 0.032522 0.036150
v 0.024597 0.032522 0.036150
v 0.022401 0.031367 0.038833
v 0.022401 0.031367 0.038833
v 0.022401 0.031367 0.038833
v 0.022401 0.031367 0.038833
v 0.022401 0.031367 0.038833
v 0.022401 0.031367 0.038833
v 0.029556 0.030298 0.037505
v 0.029556 0.030298 0.037505
v 0.029556 0.030298 0.037505
v 0.029556 0.030298 0.037505
v 0.029556 0.030298 0.037505
v 0.029556 0.030298 0.037505
v 0.020178 0.029860 0.041307
v 0.020178 0.029860 0.041307
v 0.020178 0.029860 0.041307
v 0.020178 0.029860 0.041307
v 0.020178 0.029860 0.041307
v 0.020178 0.029860 0.041307
v 0.027738 0.028654 0.039906
v 0.027738 0.028654 0.039906
v 0.027738 0.028654 0.039906
v 0.027738 0.028654 0.039906
v 0.027738 0.028654 0.039906
v 0.027738 0.028654 0.039906
v 0.025926 0.026717 0.042076
v 0.025926 0.026717 0.042076
v 0.025926 0.026717 0.042076
v 0.025926 0.026717 0.042076
v 0.025926 0.026717 0.042076
v 0.017953 0.028033 0.043569
v 0.017953 0.028033 0.043569
v 0.017953 0.028033 0.043569
v 0.017953 0.028033 0.043569
v 0.017953 0.028033 0.043569
v 0.017953 0.028033 0.043569
v -0.026146 -0.025320 0.038544
v -0.026146 -0.025320 0.038544
v -0.026146 -0.025320 0.038544
v -0.026146 -0.025320 0.038544
v -0.026146 -0.025320 0.038544
v -0.026146 -0.025320 0.038544
v -0.027209 -0.024960 0.035715
v -0.027209 -0.024960 0.035715
v -0.027209 -0.024960 0.035715
v -0.027209 -0.024960 0.035715
v -0.027209 -0.024960 0.035715
v -0.027209 -0.024960 0.035715
v -0.024149 -0.028014 0.034255
v -0.024149 -0.028014 0.034255
v -0.024149 -0.028014 0.034255
v -0.024149 -0.028014 0.034255
v -0.024149 -0.028014 0.034255
v -0.024149 -0.028014 0.034255
v -0.024149 -0.028014 0.034255
v -0.016671 -0.031216 0.039836
v -0.016671 -0.031216 0.039836
v -0.016671 -0.031216 0.039836
v -0.016671 -0.031216 0.039836
v -0.016671 -0.031216 0.039836
v -0.016671 -0.031216 0.039836
v -0.018264 -0.031139 0.037692
v -0.018264 -0.031139 0.037692
v -0.018264 -0.031139 0.037692
v -0.018264 -0.031139 0.037692
v -0.018264 -0.031139 0.037692
v -0.018264 -0.031139 0.037692
v -0.018264 -0.031139 0.037692
v -0.014711 -0.033225 0.035755
v -0.014711 -0.033225 0.035755
v -0.014711 -0.033225 0.035755
v -0.014711 -0.033225 0.035755
v -0.014711 -0.033225 0.035755
v -0.014711 -0.033225 0.035755
v -0.036474 -0.004298 0.039954
v -0.036474 -0.004298 0.039954
v -0.036474 -0.004298 0.039954
v -0.036474 -0.004298 0.039954
v -0.036474 -0.004298 0.039954
v -0.036474 -0.004298 0.039954
v -0.035557 -0.011902 0.025582
v -0.035557 -0.011902 0.025582
v -0.035557 -0.011902 0.025582
v -0.035557 -0.011902 0.025582
v -0.035541 -0.011942 0.025576
v -0.035541 -0.011942 0.025576
v -0.035541 -0.011942 0.025576
v -0.035541 -0.011942 0.025576
v -0.035184 -0.012716 0.032191
v -0.035184 -0.012716 0.032191
v -0.035184 -0.012716 0.032191
v -0.035184 -0.012716 0.032191
v -0.035184 -0.012716 0.032191
v -0.035184 -0.012716 0.032191
v -0.035184 -0.012716 0.032191
v -0.035184 -0.012716 0.032191
v 0.011684 -0.035944 0.022274
v 0.011684 -0.035944 0.022274
v 0.011684 -0.035944 0.022274
v 0.011684 -0.035944 0.022274
v 0.012534 -0.035781 0.022973
v 0.012534 -0.035781 0.022973
v 0.012534 -0.035781 0.022973
v 0.012534 -0.035781 0.022973
v 0.012534 -0.035781 0.022973
v 0.009740 -0.036426 0.025123
v 0.009740 -0.036426 0.025123
v 0.009740 -0.036426 0.025123
v 0.009740 -0.036426 0.025123
v 0.009740 -0.036426 0.025123
v 0.009740 -0.036426 0.025123
v 0.009740 -0.036426 0.025123
v 0.017705 -0.034820 0.025398
v 0.017705 -0.034820 0.025398
v 0.017705 -0.034820 0.025398
v 0.017705 -0.034820 0.025398
v 0.019113 -0.034578 0.025570
v 0.019113 -0.034578 0.025570
v 0.019113 -0.034578 0.025570
v 0.019113 -0.034578 0.025570
v 0.019113 -0.034578 0.025570
v 0.016622 -0.035279 0.028092
v 0.016622 -0.035279 0.028092
v 0.016622 -0.035279 0.028092
v 0.016622 -0.035279 0.028092
v 0.016622 -0.035279 0.028092
v 0.016622 -0.035279 0.028092
v 0.016622 -0.035279 0.028092
v 0.016622 -0.035279 0.028092
v 0.051495 -0.031907 0.022311
v 0.051495 -0.031907 0.022311
v 0.051495 -0.031907 0.022311
v 0.051495 -0.031907 0.022311
v 0.051495 -0.031907 0.022311
v 0.048868 -0.032026 0.022948
v 0.048868 -0.032026 0.022948
v 0.048868 -0.032026 0.022948
v 0.048868 -0.032026 0.022948
v 0.048868 -0.032026 0.022948
v 0.048868 -0.032026 0.022948
v 0.048868 -0.032026 0.022948
v 0.049395 -0.031734 0.021219
v 0.049395 -0.031734 0.021219
v 0.049395 -0.031734 0.021219
v 0.049395 -0.031734 0.021219
v 0.049395 -0.031734 0.021219
v 0.059488 -0.026156 0.032786
v 0.059488 -0.026156 0.032786
v 0.059488 -0.026156 0.032786
v 0.059488 -0.026156 0.032786
v 0.059488 -0.026156 0.032786
v 0.059578 -0.026015 0.032879
v 0.059578 -0.026015 0.032879
v 0.059578 -0.026015 0.032879
v 0.059578 -0.026015 0.032879
v 0.044106 -0.026802 0.036275
v 0.044106 -0.026802 0.036275
v 0.044106 -0.026802 0.036275
v 0.044106 -0.026802 0.036275
v 0.044106 -0.026802 0.036275
v 0.044106 -0.026802 0.036275
v 0.044106 -0.026802 0.036275
v 0.044106 -0.026802 0.036275
v 0.038497 -0.008786 0.045380
v 0.038497 -0.008786 0.045380
v 0.038497 -0.008786 0.045380
v 0.038497 -0.008786 0.045380
v 0.038497 -0.008786 0.045380
v 0.038497 -0.008786 0.045380
v 0.038497 -0.008786 0.045380
v 0.038497 -0.008786 0.045380
v 0.019347 -0.016518 0.048520
v 0.019347 -0.016518 0.048520
v 0.019347 -0.016518 0.048520
v 0.019347 -0.016518 0.048520
v 0.019347 -0.016518 0.048520
v 0.019347 -0.016518 0.048520
v 0.019347 -0.016518 0.048520
v 0.019347 -0.016518 0.048520
v 0.019347 -0.016518 0.048520
v 0.019347 -0.016518 0.048520
v -0.016473 -0.017528 0.053050
v -0.016473 -0.017528 0.053050
v -0.016473 -0.017528 0.053050
v -0.016473 -0.017528 0.053050
v -0.016473 -0.017528 0.053050
v -0.016473 -0.017528 0.053050
v -0.016473 -0.017528 0.053050
v -0.016473 -0.017528 0.053050
v -0.016473 -0.017528 0.053050
v -0.014077 -0.021273 0.051713
v -0.014077 -0.021273 0.051713
v -0.014077 -0.021273 0.051713
v -0.014077 -0.021273 0.051713
v -0.014077 -0.021273 0.051713
v -0.014077 -0.021273 0.051713
v -0.014077 -0.021273 0.051713
v -0.014077 -0.021273 0.051713
v -0.014077 -0.021273 0.051713
v -0.014077 -0.021273 0.051713
v -0.007110 -0.020270 0.052257
v -0.007110 -0.020270 0.052257
v -0.007110 -0.020270 0.052257
v -0.007110 -0.020270 0.052257
v -0.007110 -0.020270 0.052257
v -0.007110 -0.020270 0.052257
v -0.004620 -0.023489 0.050708
v -0.004620 -0.023489 0.050708
v -0.004620 -0.023489 0.050708
v -0.004620 -0.023489 0.050708
v -0.004620 -0.023489 0.050708
v -0.004620 -0.023489 0.050708
v -0.004620 -0.023489 0.050708
v -0.004620 -0.023489 0.050708
v -0.004620 -0.023489 0.050708
v -0.004620 -0.023489 0.050708
v -0.004620 -0.023489 0.050708
v 0.003085 -0.022172 0.050288
v 0.003085 -0.022172 0.050288
v 0.003085 -0.022172 0.050288
v 0.003085 -0.022172 0.050288
v 0.003085 -0.022172 0.050288
v 0.003085 -0.022172 0.050288
v 0.003085 -0.022172 0.050288
v 0.003085 -0.022172 0.050288
v 0.003085 -0.022172 0.050288
v 0.011623 -0.020769 0.049057
v 0.011623 -0.020769 0.049057
v 0.011623 -0.020769 0.049057
v 0.011623 -0.020769 0.049057
v 0.011623 -0.020769 0.049057
v 0.011623 -0.020769 0.049057
v 0.011623 -0.020769 0.049057
v 0.011623 -0.020769 0.049057
v 0.011623 -0.020769 0.049057
v 0.018065 -0.013423 0.049571
v 0.018065 -0.013423 0.049571
v 0.018065 -0.013423 0.049571
v 0.018065 -0.013423 0.049571
v 0.018065 -0.013423 0.049571
v 0.039028 -0.011708 0.044708
v 0.039028 -0.011708 0.044708
v 0.039028 -0.011708 0.044708
v 0.039028 -0.011708 0.044708
v 0.039028 -0.011708 0.044708
v 0.039028 -0.011708 0.044708
v 0.039028 -0.011708 0.044708
v 0.038108 -0.005798 0.045854
v 0.038108 -0.005798 0.045854
v 0.038108 -0.005798 0.045854
v 0.038108 -0.005798 0.045854
v 0.038108 -0.005798 0.045854
v 0.038108 -0.005798 0.045854
v 0.038108 -0.005798 0.045854
v 0.037875 -0.002766 0.046130
v 0.037875 -0.002766 0.046130
v 0.037875 -0.002766 0.046130
v 0.037875 -0.002766 0.046130
v 0.037875 -0.002766 0.046130
v 0.037875 -0.002766 0.046130
v 0.037875 -0.002766 0.046130
v 0.037875 -0.002766 0.046130
v 0.037875 -0.002766 0.046130
v 0.037875 -0.002766 0.046130
v 0.060130 -0.005373 0.040945
v 0.060130 -0.005373 0.040945
v 0.060130 -0.005373 0.040945
v 0.060130 -0.005373 0.040945
v 0.060130 -0.005373 0.040945
v 0.060130 -0.005373 0.040945
v 0.060130 -0.005373 0.040945
v 0.060130 -0.005373 0.040945
v 0.060130 -0.005373 0.040945
v 0.060130 -0.005373 0.040945
v 0.060130 -0.005373 0.040945
v 0.060130 -0.005373 0.040945
v 0.060130 -0.005373 0.040945
v 0.078725 -0.003946 0.037391
v 0.078725 -0.003946 0.037391
v 0.078725 -0.003946 0.037391
v 0.078725 -0.003946 0.037391
v 0.078725 -0.003946 0.037391
v 0.078725 -0.003946 0.037391
v 0.078921 -0.003726 0.037378
v 0.078921 -0.003726 0.037378
v 0.078921 -0.003726 0.037378
v 0.078921 -0.003726 0.037378
v 0.078921 -0.003726 0.037378
v 0.079758 -0.002524 0.037282
v 0.079758 -0.002524 0.037282
v 0.079758 -0.002524 0.037282
v 0.079758 -0.002524 0.037282
v 0.079758 -0.002524 0.037282
v 0.080200 -0.001887 0.037231
v 0.080200 -0.001887 0.037231
v 0.080200 -0.001887 0.037231
v 0.080200 -0.001887 0.037231
v 0.080483 -0.001174 0.037194
v 0.080483 -0.001174 0.037194
v 0.080483 -0.001174 0.037194
v 0.080483 -0.001174 0.037194
v 0.080483 -0.001174 0.037194
v 0.080483 -0.001174 0.037194
v 0.080702 -0.000623 0.037165
v 0.080702 -0.000623 0.037165
v 0.080702 -0.000623 0.037165
v 0.080702 -0.000623 0.037165
v 0.080759 -0.000078 0.037157
v 0.080759 -0.000078 0.037157
v 0.080759 -0.000078 0.037157
v 0.080759 -0.000078 0.037157
v 0.080759 -0.000078 0.037157
v 0.080759 -0.000078 0.037157
v 0.060344 -0.010933 0.039978
v 0.060344 -0.010933 0.039978
v 0.060344 -0.010933 0.039978
v 0.060344 -0.010933 0.039978
v 0.060344 -0.010933 0.039978
v 0.060344 -0.010933 0.039978
v 0.060344 -0.010933 0.039978
v 0.060344 -0.010933 0.039978
v 0.060344 -0.010933 0.039978
v 0.060344 -0.010933 0.039978
v 0.072204 -0.010858 0.037577
v 0.072204 -0.010858 0.037577
v 0.072204 -0.010858 0.037577
v 0.072204 -0.010858 0.037577
v 0.072204 -0.010858 0.037577
v 0.073630 -0.009420 0.037585
v 0.073630 -0.009420 0.037585
v 0.073630 -0.009420 0.037585
v 0.073630 -0.009420 0.037585
v 0.073630 -0.009420 0.037585
v 0.075429 -0.007605 0.037595
v 0.075429 -0.007605 0.037595
v 0.075429 -0.007605 0.037595
v 0.075429 -0.007605 0.037595
v 0.075429 -0.007605 0.037595
v 0.075748 -0.007283 0.037597
v 0.075748 -0.007283 0.037597
v 0.075748 -0.007283 0.037597
v 0.075748 -0.007283 0.037597
v 0.075748 -0.007283 0.037597
v 0.077491 -0.005330 0.037477
v 0.077491 -0.005330 0.037477
v 0.077491 -0.005330 0.037477
v 0.077491 -0.005330 0.037477
v 0.077491 -0.005330 0.037477
v 0.066941 -0.016245 0.037013
v 0.066941 -0.016245 0.037013
v 0.066941 -0.016245 0.037013
v 0.066941 -0.016245 0.037013
v 0.066941 -0.016245 0.037013
v 0.066941 -0.016245 0.037013
v 0.067504 -0.015618 0.037152
v 0.067504 -0.015618 0.037152
v 0.067504 -0.015618 0.037152
v 0.067504 -0.015618 0.037152
v 0.067930 -0.015186 0.037198
v 0.067930 -0.015186 0.037198
v 0.067930 -0.015186 0.037198
v 0.067930 -0.015186 0.037198
v 0.071401 -0.011668 0.037572
v 0.071401 -0.011668 0.037572
v 0.071401 -0.011668 0.037572
v 0.071401 -0.011668 0.037572
v 0.071401 -0.011668 0.037572
v 0.062895 -0.021074 0.035645
v 0.062895 -0.021074 0.035645
v 0.062895 -0.021074 0.035645
v 0.062895 -0.021074 0.035645
v 0.064926 -0.018492 0.036518
v 0.064926 -0.018492 0.036518
v 0.064926 -0.018492 0.036518
v 0.064926 -0.018492 0.036518
v 0.064926 -0.018492 0.036518
v 0.060668 -0.016323 0.038302
v 0.060668 -0.016323 0.038302
v 0.060668 -0.016323 0.038302
v 0.060668 -0.016323 0.038302
v 0.060668 -0.016323 0.038302
v 0.060668 -0.016323 0.038302
v 0.060668 -0.016323 0.038302
v 0.060668 -0.016323 0.038302
v 0.062683 -0.021377 0.035500
v 0.062683 -0.021377 0.035500
v 0.062683 -0.021377 0.035500
v 0.062683 -0.021377 0.035500
v 0.062683 -0.021377 0.035500
v 0.061053 -0.021411 0.035849
v 0.061053 -0.021411 0.035849
v 0.061053 -0.021411 0.035849
v 0.061053 -0.021411 0.035849
v 0.061053 -0.021411 0.035849
v 0.061053 -0.021411 0.035849
v 0.061228 -0.023456 0.034507
v 0.061228 -0.023456 0.034507
v 0.061228 -0.023456 0.034507
v 0.061228 -0.023456 0.034507
v 0.061981 -0.022381 0.035020
v 0.061981 -0.022381 0.035020
v 0.061981 -0.022381 0.035020
v 0.061981 -0.022381 0.035020
v 0.061010 -0.023768 0.034358
v 0.061010 -0.023768 0.034358
v 0.061010 -0.023768 0.034358
v 0.061010 -0.023768 0.034358
v 0.061010 -0.023768 0.034358
v 0.061010 -0.023768 0.034358
v 0.042187 -0.022373 0.039973
v 0.042187 -0.022373 0.039973
v 0.042187 -0.022373 0.039973
v 0.042187 -0.022373 0.039973
v 0.042187 -0.022373 0.039973
v 0.042187 -0.022373 0.039973
v 0.042187 -0.022373 0.039973
v 0.042187 -0.022373 0.039973
v 0.059620 -0.025950 0.032922
v 0.059620 -0.025950 0.032922
v 0.059620 -0.025950 0.032922
v 0.059620 -0.025950 0.032922
v 0.059620 -0.025950 0.032922
v 0.058661 -0.027531 0.031543
v 0.058661 -0.027531 0.031543
v 0.058661 -0.027531 0.031543
v 0.058661 -0.027531 0.031543
v 0.058661 -0.027531 0.031543
v 0.045088 -0.028671 0.034054
v 0.045088 -0.028671 0.034054
v 0.045088 -0.028671 0.034054
v 0.045088 -0.028671 0.034054
v 0.045088 -0.028671 0.034054
v 0.045088 -0.028671 0.034054
v 0.045088 -0.028671 0.034054
v 0.045088 -0.028671 0.034054
v 0.058374 -0.028008 0.031112
v 0.058374 -0.028008 0.031112
v 0.058374 -0.028008 0.031112
v 0.058374 -0.028008 0.031112
v 0.057127 -0.029941 0.028731
v 0.057127 -0.029941 0.028731
v 0.057127 -0.029941 0.028731
v 0.057127 -0.029941 0.028731
v 0.057127 -0.029941 0.028731
v 0.057294 -0.029685 0.029059
v 0.057294 -0.029685 0.029059
v 0.057294 -0.029685 0.029059
v 0.057294 -0.029685 0.029059
v 0.057294 -0.029685 0.029059
v 0.046064 -0.030222 0.031576
v 0.046064 -0.030222 0.031576
v 0.046064 -0.030222 0.031576
v 0.046064 -0.030222 0.031576
v 0.046064 -0.030222 0.031576
v 0.046064 -0.030222 0.031576
v 0.046064 -0.030222 0.031576
v 0.046064 -0.030222 0.031576
v 0.046064 -0.030222 0.031576
v 0.057789 -0.028925 0.030029
v 0.057789 -0.028925 0.030029
v 0.057789 -0.028925 0.030029
v 0.057789 -0.028925 0.030029
v 0.057789 -0.028925 0.030029
v 0.058229 -0.028249 0.030894
v 0.058229 -0.028249 0.030894
v 0.058229 -0.028249 0.030894
v 0.058229 -0.028249 0.030894
v 0.058229 -0.028249 0.030894
v 0.054931 -0.031597 0.025054
v 0.054931 -0.031597 0.025054
v 0.054931 -0.031597 0.025054
v 0.054931 -0.031597 0.025054
v 0.054931 -0.031597 0.025054
v 0.056108 -0.031001 0.026753
v 0.056108 -0.031001 0.026753
v 0.056108 -0.031001 0.026753
v 0.056108 -0.031001 0.026753
v 0.047023 -0.031363 0.028854
v 0.047023 -0.031363 0.028854
v 0.047023 -0.031363 0.028854
v 0.047023 -0.031363 0.028854
v 0.047023 -0.031363 0.028854
v 0.047023 -0.031363 0.028854
v 0.047023 -0.031363 0.028854
v 0.047023 -0.031363 0.028854
v 0.047023 -0.031363 0.028854
v 0.056130 -0.030978 0.026796
v 0.056130 -0.030978 0.026796
v 0.056130 -0.030978 0.026796
v 0.056130 -0.030978 0.026796
v 0.056130 -0.030978 0.026796
v 0.056292 -0.030809 0.027111
v 0.056292 -0.030809 0.027111
v 0.056292 -0.030809 0.027111
v 0.056292 -0.030809 0.027111
v 0.051748 -0.031928 0.022443
v 0.051748 -0.031928 0.022443
v 0.051748 -0.031928 0.022443
v 0.051748 -0.031928 0.022443
v 0.051748 -0.031928 0.022443
v 0.051748 -0.031928 0.022443
v 0.052189 -0.031912 0.022751
v 0.052189 -0.031912 0.022751
v 0.052189 -0.031912 0.022751
v 0.052189 -0.031912 0.022751
v 0.052189 -0.031912 0.022751
v 0.052189 -0.031912 0.022751
v 0.047958 -0.031991 0.025943
v 0.047958 -0.031991 0.025943
v 0.047958 -0.031991 0.025943
v 0.047958 -0.031991 0.025943
v 0.047958 -0.031991 0.025943
v 0.047958 -0.031991 0.025943
v 0.047958 -0.031991 0.025943
v 0.047958 -0.031991 0.025943
v 0.047958 -0.031991 0.025943
v 0.053607 -0.031861 0.023741
v 0.053607 -0.031861 0.023741
v 0.053607 -0.031861 0.023741
v 0.053607 -0.031861 0.023741
v 0.054329 -0.031717 0.024457
v 0.054329 -0.031717 0.024457
v 0.054329 -0.031717 0.024457
v 0.054329 -0.031717 0.024457
v 0.054329 -0.031717 0.024457
v 0.054329 -0.031717 0.024457
v 0.054489 -0.031685 0.024616
v 0.054489 -0.031685 0.024616
v 0.054489 -0.031685 0.024616
v 0.054489 -0.031685 0.024616
v 0.054489 -0.031685 0.024616
v 0.036532 -0.032816 0.025971
v 0.036532 -0.032816 0.025971
v 0.036532 -0.032816 0.025971
v 0.036532 -0.032816 0.025971
v 0.036532 -0.032816 0.025971
v 0.036532 -0.032816 0.025971
v 0.036532 -0.032816 0.025971
v 0.023189 -0.033924 0.025744
v 0.023189 -0.033924 0.025744
v 0.023189 -0.033924 0.025744
v 0.023189 -0.033924 0.025744
v 0.023189 -0.033924 0.025744
v 0.025626 -0.033980 0.028071
v 0.025626 -0.033980 0.028071
v 0.025626 -0.033980 0.028071
v 0.025626 -0.033980 0.028071
v 0.025626 -0.033980 0.028071
v 0.025626 -0.033980 0.028071
v 0.025626 -0.033980 0.028071
v 0.025626 -0.033980 0.028071
v 0.025626 -0.033980 0.028071
v 0.025626 -0.033980 0.028071
v 0.020416 -0.034353 0.025729
v 0.020416 -0.034353 0.025729
v 0.020416 -0.034353 0.025729
v 0.020416 -0.034353 0.025729
v 0.020416 -0.034353 0.025729
v 0.020866 -0.034630 0.028407
v 0.020866 -0.034630 0.028407
v 0.020866 -0.034630 0.028407
v 0.020866 -0.034630 0.028407
v 0.020866 -0.034630 0.028407
v 0.020866 -0.034630 0.028407
v 0.020866 -0.034630 0.028407
v 0.020866 -0.034630 0.028407
v 0.020441 -0.034349 0.025732
v 0.020441 -0.034349 0.025732
v 0.020441 -0.034349 0.025732
v 0.020441 -0.034349 0.025732
v 0.020441 -0.034349 0.025732
v 0.016986 -0.034951 0.025194
v 0.016986 -0.034951 0.025194
v 0.016986 -0.034951 0.025194
v 0.016986 -0.034951 0.025194
v 0.013383 -0.035619 0.023672
v 0.013383 -0.035619 0.023672
v 0.013383 -0.035619 0.023672
v 0.013383 -0.035619 0.023672
v 0.013383 -0.035619 0.023672
v 0.012916 -0.035889 0.027015
v 0.012916 -0.035889 0.027015
v 0.012916 -0.035889 0.027015
v 0.012916 -0.035889 0.027015
v 0.012916 -0.035889 0.027015
v 0.012916 -0.035889 0.027015
v 0.012916 -0.035889 0.027015
v 0.012916 -0.035889 0.027015
v 0.013784 -0.035543 0.023883
v 0.013784 -0.035543 0.023883
v 0.013784 -0.035543 0.023883
v 0.013784 -0.035543 0.023883
v 0.015426 -0.035236 0.024749
v 0.015426 -0.035236 0.024749
v 0.015426 -0.035236 0.024749
v 0.015426 -0.035236 0.024749
v 0.015426 -0.035236 0.024749
v 0.015426 -0.035236 0.024749
v 0.007059 -0.036865 0.022414
v 0.007059 -0.036865 0.022414
v 0.007059 -0.036865 0.022414
v 0.007059 -0.036865 0.022414
v 0.007059 -0.036865 0.022414
v 0.007059 -0.036865 0.022414
v 0.007059 -0.036865 0.022414
v 0.010047 -0.036266 0.020407
v 0.010047 -0.036266 0.020407
v 0.010047 -0.036266 0.020407
v 0.010047 -0.036266 0.020407
v 0.011132 -0.036053 0.021645
v 0.011132 -0.036053 0.021645
v 0.011132 -0.036053 0.021645
v 0.011132 -0.036053 0.021645
v 0.011132 -0.036053 0.021645
v 0.007955 -0.036673 0.017177
v 0.007955 -0.036673 0.017177
v 0.007955 -0.036673 0.017177
v 0.007955 -0.036673 0.017177
v 0.008268 -0.036617 0.017763
v 0.008268 -0.036617 0.017763
v 0.008268 -0.036617 0.017763
v 0.008268 -0.036617 0.017763
v 0.008268 -0.036617 0.017763
v 0.004804 -0.037188 0.018961
v 0.004804 -0.037188 0.018961
v 0.004804 -0.037188 0.018961
v 0.004804 -0.037188 0.018961
v 0.004804 -0.037188 0.018961
v 0.004804 -0.037188 0.018961
v 0.004804 -0.037188 0.018961
v 0.004804 -0.037188 0.018961
v 0.009008 -0.036471 0.018863
v 0.009008 -0.036471 0.018863
v 0.009008 -0.036471 0.018863
v 0.009008 -0.036471 0.018863
v 0.009008 -0.036471 0.018863
v 0.009008 -0.036471 0.018863
v 0.009008 -0.036471 0.018863
v 0.002868 -0.037391 0.014925
v 0.002868 -0.037391 0.014925
v 0.002868 -0.037391 0.014925
v 0.002868 -0.037391 0.014925
v 0.002868 -0.037391 0.014925
v 0.002868 -0.037391 0.014925
v 0.002868 -0.037391 0.014925
v 0.002868 -0.037391 0.014925
v 0.002868 -0.037391 0.014925
v 0.002868 -0.037391 0.014925
v 0.002868 -0.037391 0.014925
v 0.006304 -0.036973 0.014085
v 0.006304 -0.036973 0.014085
v 0.006304 -0.036973 0.014085
v 0.006304 -0.036973 0.014085
v 0.007237 -0.036804 0.015831
v 0.007237 -0.036804 0.015831
v 0.007237 -0.036804 0.015831
v 0.007237 -0.036804 0.015831
v 0.007237 -0.036804 0.015831
v 0.001266 -0.037482 0.010983
v 0.001266 -0.037482 0.010983
v 0.001266 -0.037482 0.010983
v 0.001266 -0.037482 0.010983
v 0.001266 -0.037482 0.010983
v 0.001963 -0.037452 0.010707
v 0.001963 -0.037452 0.010707
v 0.001963 -0.037452 0.010707
v 0.001963 -0.037452 0.010707
v 0.001963 -0.037452 0.010707
v 0.006019 -0.037014 0.013428
v 0.006019 -0.037014 0.013428
v 0.006019 -0.037014 0.013428
v 0.006019 -0.037014 0.013428
v 0.006019 -0.037014 0.013428
v 0.004413 -0.037243 0.009736
v 0.004413 -0.037243 0.009736
v 0.004413 -0.037243 0.009736
v 0.004413 -0.037243 0.009736
v 0.004413 -0.037243 0.009736
v 0.000006 -0.037503 0.011484
v 0.000006 -0.037503 0.011484
v 0.000006 -0.037503 0.011484
v 0.000006 -0.037503 0.011484
v 0.000006 -0.037503 0.011484
v 0.000006 -0.037503 0.011484
v 0.000006 -0.037503 0.011484
v 0.000006 -0.037503 0.011484
v -0.001747 -0.037462 0.012179
v -0.001747 -0.037462 0.012179
v -0.001747 -0.037462 0.012179
v -0.001747 -0.037462 0.012179
v -0.001747 -0.037462 0.012179
v -0.001747 -0.037462 0.012179
v -0.000927 -0.037484 0.016722
v -0.000927 -0.037484 0.016722
v -0.000927 -0.037484 0.016722
v -0.000927 -0.037484 0.016722
v -0.000927 -0.037484 0.016722
v -0.000927 -0.037484 0.016722
v -0.000927 -0.037484 0.016722
v 0.000086 -0.037503 0.011452
v 0.000086 -0.037503 0.011452
v 0.000086 -0.037503 0.011452
v 0.000086 -0.037503 0.011452
v -0.004735 -0.037188 0.018515
v -0.004735 -0.037188 0.018515
v -0.004735 -0.037188 0.018515
v -0.004735 -0.037188 0.018515
v -0.004735 -0.037188 0.018515
v -0.004735 -0.037188 0.018515
v -0.004735 -0.037188 0.018515
v -0.005898 -0.037035 0.013824
v -0.005898 -0.037035 0.013824
v -0.005898 -0.037035 0.013824
v -0.005898 -0.037035 0.013824
v -0.005898 -0.037035 0.013824
v -0.002627 -0.037372 0.012528
v -0.002627 -0.037372 0.012528
v -0.002627 -0.037372 0.012528
v -0.002627 -0.037372 0.012528
v -0.010307 -0.036038 0.015573
v -0.010307 -0.036038 0.015573
v -0.010307 -0.036038 0.015573
v -0.010307 -0.036038 0.015573
v -0.009961 -0.036154 0.015435
v -0.009961 -0.036154 0.015435
v -0.009961 -0.036154 0.015435
v -0.009961 -0.036154 0.015435
v -0.009961 -0.036154 0.015435
v -0.008524 -0.036498 0.020285
v -0.008524 -0.036498 0.020285
v -0.008524 -0.036498 0.020285
v -0.008524 -0.036498 0.020285
v -0.008524 -0.036498 0.020285
v -0.008524 -0.036498 0.020285
v -0.008524 -0.036498 0.020285
v -0.008524 -0.036498 0.020285
v -0.006657 -0.036871 0.014125
v -0.006657 -0.036871 0.014125
v -0.006657 -0.036871 0.014125
v -0.006657 -0.036871 0.014125
v -0.006657 -0.036871 0.014125
v -0.006497 -0.036906 0.014062
v -0.006497 -0.036906 0.014062
v -0.006497 -0.036906 0.014062
v -0.006497 -0.036906 0.014062
v -0.013177 -0.035073 0.016711
v -0.013177 -0.035073 0.016711
v -0.013177 -0.035073 0.016711
v -0.013177 -0.035073 0.016711
v -0.013177 -0.035073 0.016711
v -0.012261 -0.035409 0.022015
v -0.012261 -0.035409 0.022015
v -0.012261 -0.035409 0.022015
v -0.012261 -0.035409 0.022015
v -0.012261 -0.035409 0.022015
v -0.012261 -0.035409 0.022015
v -0.012261 -0.035409 0.022015
v -0.013886 -0.034835 0.016992
v -0.013886 -0.034835 0.016992
v -0.013886 -0.034835 0.016992
v -0.013886 -0.034835 0.016992
v -0.013886 -0.034835 0.016992
v -0.014022 -0.034772 0.017046
v -0.014022 -0.034772 0.017046
v -0.014022 -0.034772 0.017046
v -0.014022 -0.034772 0.017046
v -0.014022 -0.034772 0.017046
v -0.015910 -0.033917 0.023686
v -0.015910 -0.033917 0.023686
v -0.015910 -0.033917 0.023686
v -0.015910 -0.033917 0.023686
v -0.015910 -0.033917 0.023686
v -0.015910 -0.033917 0.023686
v -0.015910 -0.033917 0.023686
v -0.017627 -0.033099 0.018475
v -0.017627 -0.033099 0.018475
v -0.017627 -0.033099 0.018475
v -0.017627 -0.033099 0.018475
v -0.019851 -0.031753 0.019357
v -0.019851 -0.031753 0.019357
v -0.019851 -0.031753 0.019357
v -0.019851 -0.031753 0.019357
v -0.019851 -0.031753 0.019357
v -0.019851 -0.031753 0.019357
v -0.019430 -0.032020 0.025281
v -0.019430 -0.032020 0.025281
v -0.019430 -0.032020 0.025281
v -0.019430 -0.032020 0.025281
v -0.019430 -0.032020 0.025281
v -0.019430 -0.032020 0.025281
v -0.019430 -0.032020 0.025281
v -0.019430 -0.032020 0.025281
v -0.020998 -0.031059 0.019812
v -0.020998 -0.031059 0.019812
v -0.020998 -0.031059 0.019812
v -0.020998 -0.031059 0.019812
v -0.025669 -0.027261 0.021664
v -0.025669 -0.027261 0.021664
v -0.025669 -0.027261 0.021664
v -0.025669 -0.027261 0.021664
v -0.025669 -0.027261 0.021664
v -0.024384 -0.028488 0.021155
v -0.024384 -0.028488 0.021155
v -0.024384 -0.028488 0.021155
v -0.024384 -0.028488 0.021155
v -0.022779 -0.029721 0.026782
v -0.022779 -0.029721 0.026782
v -0.022779 -0.029721 0.026782
v -0.022779 -0.029721 0.026782
v -0.022779 -0.029721 0.026782
v -0.022779 -0.029721 0.026782
v -0.024182 -0.028643 0.021075
v -0.024182 -0.028643 0.021075
v -0.024182 -0.028643 0.021075
v -0.024182 -0.028643 0.021075
v -0.024182 -0.028643 0.021075
v -0.021139 -0.030973 0.019868
v -0.021139 -0.030973 0.019868
v -0.021139 -0.030973 0.019868
v -0.021139 -0.030973 0.019868
v -0.029751 -0.022800 0.023283
v -0.029751 -0.022800 0.023283
v -0.029751 -0.022800 0.023283
v -0.029751 -0.022800 0.023283
v -0.029751 -0.022800 0.023283
v -0.027328 -0.025676 0.022322
v -0.027328 -0.025676 0.022322
v -0.027328 -0.025676 0.022322
v -0.027328 -0.025676 0.022322
v -0.027328 -0.025676 0.022322
v -0.025908 -0.027025 0.028169
v -0.025908 -0.027025 0.028169
v -0.025908 -0.027025 0.028169
v -0.025908 -0.027025 0.028169
v -0.025908 -0.027025 0.028169
v -0.025908 -0.027025 0.028169
v -0.025908 -0.027025 0.028169
v -0.025908 -0.027025 0.028169
v -0.025908 -0.027025 0.028169
v -0.027293 -0.025709 0.022308
v -0.027293 -0.025709 0.022308
v -0.027293 -0.025709 0.022308
v -0.027293 -0.025709 0.022308
v -0.027112 -0.025882 0.022237
v -0.027112 -0.025882 0.022237
v -0.027112 -0.025882 0.022237
v -0.027112 -0.025882 0.022237
v -0.027112 -0.025882 0.022237
v -0.031677 -0.019991 0.024047
v -0.031677 -0.019991 0.024047
v -0.031677 -0.019991 0.024047
v -0.031677 -0.019991 0.024047
v -0.031677 -0.019991 0.024047
v -0.031677 -0.019991 0.024047
v -0.029940 -0.022575 0.023358
v -0.029940 -0.022575 0.023358
v -0.029940 -0.022575 0.023358
v -0.029940 -0.022575 0.023358
v -0.028766 -0.023949 0.029423
v -0.028766 -0.023949 0.029423
v -0.028766 -0.023949 0.029423
v -0.028766 -0.023949 0.029423
v -0.028766 -0.023949 0.029423
v -0.028766 -0.023949 0.029423
v -0.028766 -0.023949 0.029423
v -0.031299 -0.020513 0.030524
v -0.031299 -0.020513 0.030524
v -0.031299 -0.020513 0.030524
v -0.031299 -0.020513 0.030524
v -0.031299 -0.020513 0.030524
v -0.031299 -0.020513 0.030524
v -0.031299 -0.020513 0.030524
v -0.031299 -0.020513 0.030524
v -0.034000 -0.015791 0.024967
v -0.034000 -0.015791 0.024967
v -0.034000 -0.015791 0.024967
v -0.034000 -0.015791 0.024967
v -0.034000 -0.015791 0.024967
v -0.032197 -0.019218 0.024253
v -0.032197 -0.019218 0.024253
v -0.032197 -0.019218 0.024253
v -0.032197 -0.019218 0.024253
v -0.032059 -0.019424 0.024198
v -0.032059 -0.019424 0.024198
v -0.032059 -0.019424 0.024198
v -0.032059 -0.019424 0.024198
v -0.034856 -0.013673 0.025305
v -0.034856 -0.013673 0.025305
v -0.034856 -0.013673 0.025305
v -0.034856 -0.013673 0.025305
v -0.034856 -0.013673 0.025305
v -0.034856 -0.013673 0.025305
v -0.034074 -0.015650 0.024996
v -0.034074 -0.015650 0.024996
v -0.034074 -0.015650 0.024996
v -0.034074 -0.015650 0.024996
v -0.033456 -0.016754 0.031453
v -0.033456 -0.016754 0.031453
v -0.033456 -0.016754 0.031453
v -0.033456 -0.016754 0.031453
v -0.033456 -0.016754 0.031453
v -0.033456 -0.016754 0.031453
v -0.033456 -0.016754 0.031453
v -0.036628 -0.008016 0.026005
v -0.036628 -0.008016 0.026005
v -0.036628 -0.008016 0.026005
v -0.036628 -0.008016 0.026005
v -0.036628 -0.008016 0.026005
v -0.037477 -0.000321 0.026340
v -0.037477 -0.000321 0.026340
v -0.037477 -0.000321 0.026340
v -0.037477 -0.000321 0.026340
v -0.037477 -0.000321 0.026340
v -0.037290 -0.003791 0.026266
v -0.037290 -0.003791 0.026266
v -0.037290 -0.003791 0.026266
v -0.037290 -0.003791 0.026266
v -0.037185 -0.004055 0.033037
v -0.037185 -0.004055 0.033037
v -0.037185 -0.004055 0.033037
v -0.037185 -0.004055 0.033037
v -0.037185 -0.004055 0.033037
v -0.037185 -0.004055 0.033037
v -0.037185 -0.004055 0.033037
v -0.037185 -0.004055 0.033037
v -0.037185 -0.004055 0.033037
v -0.037185 -0.004055 0.033037
v -0.037185 -0.004055 0.033037
v -0.037277 -0.004034 0.026261
v -0.037277 -0.004034 0.026261
v -0.037277 -0.004034 0.026261
v -0.037277 -0.004034 0.026261
v -0.037277 -0.004034 0.026261
v -0.035740 -0.004389 0.043048
v -0.035740 -0.004389 0.043048
v -0.035740 -0.004389 0.043048
v -0.035740 -0.004389 0.043048
v -0.035740 -0.004389 0.043048
v -0.035740 -0.004389 0.043048
v -0.035740 -0.004389 0.043048
v -0.034696 -0.004455 0.045843
v -0.034696 -0.004455 0.045843
v -0.034696 -0.004455 0.045843
v -0.034696 -0.004455 0.045843
v -0.034696 -0.004455 0.045843
v -0.034696 -0.004455 0.045843
v -0.034696 -0.004455 0.045843
v -0.033309 -0.004496 0.048309
v -0.033309 -0.004496 0.048309
v -0.033309 -0.004496 0.048309
v -0.033309 -0.004496 0.048309
v -0.033309 -0.004496 0.048309
v -0.033309 -0.004496 0.048309
v -0.033309 -0.004496 0.048309
v -0.031558 -0.004509 0.050429
v -0.031558 -0.004509 0.050429
v -0.031558 -0.004509 0.050429
v -0.031558 -0.004509 0.050429
v -0.031558 -0.004509 0.050429
v -0.031558 -0.004509 0.050429
v -0.029430 -0.004496 0.052189
v -0.029430 -0.004496 0.052189
v -0.029430 -0.004496 0.052189
v -0.029430 -0.004496 0.052189
v -0.029430 -0.004496 0.052189
v -0.029430 -0.004496 0.052189
v -0.029430 -0.004496 0.052189
v -0.026923 -0.004458 0.053589
v -0.026923 -0.004458 0.053589
v -0.026923 -0.004458 0.053589
v -0.026923 -0.004458 0.053589
v -0.026923 -0.004458 0.053589
v -0.026923 -0.004458 0.053589
v -0.026923 -0.004458 0.053589
v -0.024037 -0.004395 0.054632
v -0.024037 -0.004395 0.054632
v -0.024037 -0.004395 0.054632
v -0.024037 -0.004395 0.054632
v -0.024037 -0.004395 0.054632
v -0.024037 -0.004395 0.054632
v -0.024037 -0.004395 0.054632
v -0.024037 -0.004395 0.054632
v -0.020783 -0.004310 0.055330
v -0.020783 -0.004310 0.055330
v -0.020783 -0.004310 0.055330
v -0.020783 -0.004310 0.055330
v -0.020783 -0.004310 0.055330
v -0.020783 -0.004310 0.055330
v -0.020783 -0.004310 0.055330
v -0.020783 -0.004310 0.055330
v -0.020783 -0.004310 0.055330
v -0.020783 -0.004310 0.055330
v -0.020783 -0.004310 0.055330
v -0.019904 -0.008965 0.054877
v -0.019904 -0.008965 0.054877
v -0.019904 -0.008965 0.054877
v -0.019904 -0.008965 0.054877
v -0.019904 -0.008965 0.054877
v -0.019904 -0.008965 0.054877
v -0.019904 -0.008965 0.054877
v -0.019904 -0.008965 0.054877
v -0.019904 -0.008965 0.054877
v -0.019904 -0.008965 0.054877
v -0.018444 -0.013401 0.054111
v -0.018444 -0.013401 0.054111
v -0.018444 -0.013401 0.054111
v -0.018444 -0.013401 0.054111
v -0.018444 -0.013401 0.054111
v -0.018444 -0.013401 0.054111
v -0.018444 -0.013401 0.054111
v -0.018444 -0.013401 0.054111
v 0.024144 -0.024526 0.044021
v 0.024144 -0.024526 0.044021
v 0.024144 -0.024526 0.044021
v 0.024144 -0.024526 0.044021
v 0.024144 -0.024526 0.044021
v 0.024144 -0.024526 0.044021
v 0.015756 -0.025909 0.045617
v 0.015756 -0.025909 0.045617
v 0.015756 -0.025909 0.045617
v 0.015756 -0.025909 0.045617
v 0.015756 -0.025909 0.045617
v 0.017950 -0.028040 0.043570
v 0.017950 -0.028040 0.043570
v 0.017950 -0.028040 0.043570
v 0.017950 -0.028040 0.043570
v 0.017950 -0.028040 0.043570
v 0.017950 -0.028040 0.043570
v 0.034856 -0.032934 0.029036
v 0.034856 -0.032934 0.029036
v 0.034856 -0.032934 0.029036
v 0.034856 -0.032934 0.029036
v 0.034856 -0.032934 0.029036
v 0.034856 -0.032934 0.029036
v 0.034856 -0.032934 0.029036
v 0.033127 -0.032512 0.032036
v 0.033127 -0.032512 0.032036
v 0.033127 -0.032512 0.032036
v 0.033127 -0.032512 0.032036
v 0.033127 -0.032512 0.032036
v 0.033127 -0.032512 0.032036
v 0.031356 -0.031611 0.034876
v 0.031356 -0.031611 0.034876
v 0.031356 -0.031611 0.034876
v 0.031356 -0.031611 0.034876
v 0.031356 -0.031611 0.034876
v 0.031356 -0.031611 0.034876
v 0.029553 -0.030305 0.037505
v 0.029553 -0.030305 0.037505
v 0.029553 -0.030305 0.037505
v 0.029553 -0.030305 0.037505
v 0.029553 -0.030305 0.037505
v 0.029553 -0.030305 0.037505
v 0.027735 -0.028660 0.039906
v 0.027735 -0.028660 0.039906
v 0.027735 -0.028660 0.039906
v 0.027735 -0.028660 0.039906
v 0.027735 -0.028660 0.039906
v 0.027735 -0.028660 0.039906
v 0.020175 -0.029868 0.041308
v 0.020175 -0.029868 0.041308
v 0.020175 -0.029868 0.041308
v 0.020175 -0.029868 0.041308
v 0.020175 -0.029868 0.041308
v 0.020175 -0.029868 0.041308
v 0.022398 -0.031374 0.038833
v 0.022398 -0.031374 0.038833
v 0.022398 -0.031374 0.038833
v 0.022398 -0.031374 0.038833
v 0.022398 -0.031374 0.038833
v 0.022398 -0.031374 0.038833
v 0.024595 -0.032529 0.036151
v 0.024595 -0.032529 0.036151
v 0.024595 -0.032529 0.036151
v 0.024595 -0.032529 0.036151
v 0.024595 -0.032529 0.036151
v 0.024595 -0.032529 0.036151
v 0.026747 -0.033282 0.033282
v 0.026747 -0.033282 0.033282
v 0.026747 -0.033282 0.033282
v 0.026747 -0.033282 0.033282
v 0.026747 -0.033282 0.033282
v 0.026747 -0.033282 0.033282
v 0.028842 -0.033575 0.030272
v 0.028842 -0.033575 0.030272
v 0.028842 -0.033575 0.030272
v 0.028842 -0.033575 0.030272
v 0.028842 -0.033575 0.030272
v 0.007977 -0.027349 0.046657
v 0.007977 -0.027349 0.046657
v 0.007977 -0.027349 0.046657
v 0.007977 -0.027349 0.046657
v 0.007977 -0.027349 0.046657
v 0.007977 -0.027349 0.046657
v 0.007977 -0.027349 0.046657
v 0.007977 -0.027349 0.046657
v 0.010561 -0.029417 0.044525
v 0.010561 -0.029417 0.044525
v 0.010561 -0.029417 0.044525
v 0.010561 -0.029417 0.044525
v 0.010561 -0.029417 0.044525
v 0.010561 -0.029417 0.044525
v 0.013173 -0.031138 0.042193
v 0.013173 -0.031138 0.042193
v 0.013173 -0.031138 0.042193
v 0.013173 -0.031138 0.042193
v 0.013173 -0.031138 0.042193
v 0.013173 -0.031138 0.042193
v 0.015775 -0.032508 0.039667
v 0.015775 -0.032508 0.039667
v 0.015775 -0.032508 0.039667
v 0.015775 -0.032508 0.039667
v 0.015775 -0.032508 0.039667
v 0.015775 -0.032508 0.039667
v 0.018339 -0.033511 0.036958
v 0.018339 -0.033511 0.036958
v 0.018339 -0.033511 0.036958
v 0.018339 -0.033511 0.036958
v 0.018339 -0.033511 0.036958
v 0.018339 -0.033511 0.036958
v 0.020844 -0.034116 0.034087
v 0.020844 -0.034116 0.034087
v 0.020844 -0.034116 0.034087
v 0.020844 -0.034116 0.034087
v 0.020844 -0.034116 0.034087
v 0.020844 -0.034116 0.034087
v 0.023278 -0.034282 0.031099
v 0.023278 -0.034282 0.031099
v 0.023278 -0.034282 0.031099
v 0.023278 -0.034282 0.031099
v 0.023278 -0.034282 0.031099
v -0.007114 -0.032724 0.042402
v -0.007114 -0.032724 0.042402
v -0.007114 -0.032724 0.042402
v -0.007114 -0.032724 0.042402
v -0.007114 -0.032724 0.042402
v -0.007114 -0.032724 0.042402
v -0.007114 -0.032724 0.042402
v -0.010531 -0.030737 0.044572
v -0.010531 -0.030737 0.044572
v -0.010531 -0.030737 0.044572
v -0.010531 -0.030737 0.044572
v -0.012813 -0.031010 0.043282
v -0.012813 -0.031010 0.043282
v -0.012813 -0.031010 0.043282
v -0.012813 -0.031010 0.043282
v -0.012813 -0.031010 0.043282
v -0.012813 -0.031010 0.043282
v -0.011326 -0.033192 0.039622
v -0.011326 -0.033192 0.039622
v -0.011326 -0.033192 0.039622
v -0.011326 -0.033192 0.039622
v -0.011326 -0.033192 0.039622
v -0.011326 -0.033192 0.039622
v -0.011326 -0.033192 0.039622
v -0.014858 -0.031172 0.041703
v -0.014858 -0.031172 0.041703
v -0.014858 -0.031172 0.041703
v -0.014858 -0.031172 0.041703
v -0.014858 -0.031172 0.041703
v 0.009776 -0.036342 0.029722
v 0.009776 -0.036342 0.029722
v 0.009776 -0.036342 0.029722
v 0.009776 -0.036342 0.029722
v 0.009776 -0.036342 0.029722
v 0.009776 -0.036342 0.029722
v 0.006397 -0.036857 0.027648
v 0.006397 -0.036857 0.027648
v 0.006397 -0.036857 0.027648
v 0.006397 -0.036857 0.027648
v 0.006397 -0.036857 0.027648
v 0.006397 -0.036857 0.027648
v 0.006530 -0.036413 0.032424
v 0.006530 -0.036413 0.032424
v 0.006530 -0.036413 0.032424
v 0.006530 -0.036413 0.032424
v 0.006530 -0.036413 0.032424
v 0.006530 -0.036413 0.032424
v 0.002956 -0.036919 0.030174
v 0.002956 -0.036919 0.030174
v 0.002956 -0.036919 0.030174
v 0.002956 -0.036919 0.030174
v 0.002956 -0.036919 0.030174
v 0.002956 -0.036919 0.030174
v 0.003196 -0.036096 0.035072
v 0.003196 -0.036096 0.035072
v 0.003196 -0.036096 0.035072
v 0.003196 -0.036096 0.035072
v 0.003196 -0.036096 0.035072
v 0.003196 -0.036096 0.035072
v -0.000560 -0.036599 0.032661
v -0.000560 -0.036599 0.032661
v -0.000560 -0.036599 0.032661
v -0.000560 -0.036599 0.032661
v -0.000560 -0.036599 0.032661
v -0.000560 -0.036599 0.032661
v -0.000208 -0.035385 0.037633
v -0.000208 -0.035385 0.037633
v -0.000208 -0.035385 0.037633
v -0.000208 -0.035385 0.037633
v -0.000208 -0.035385 0.037633
v -0.000208 -0.035385 0.037633
v -0.004134 -0.035884 0.035080
v -0.004134 -0.035884 0.035080
v -0.004134 -0.035884 0.035080
v -0.004134 -0.035884 0.035080
v -0.004134 -0.035884 0.035080
v -0.004134 -0.035884 0.035080
v -0.003657 -0.034267 0.040083
v -0.003657 -0.034267 0.040083
v -0.003657 -0.034267 0.040083
v -0.003657 -0.034267 0.040083
v -0.003657 -0.034267 0.040083
v -0.003657 -0.034267 0.040083
v -0.007735 -0.034755 0.037407
v -0.007735 -0.034755 0.037407
v -0.007735 -0.034755 0.037407
v -0.007735 -0.034755 0.037407
v -0.007735 -0.034755 0.037407
v -0.007735 -0.034755 0.037407
v -0.011069 -0.034858 0.033700
v -0.011069 -0.034858 0.033700
v -0.011069 -0.034858 0.033700
v -0.011069 -0.034858 0.033700
v -0.011069 -0.034858 0.033700
v -0.011069 -0.034858 0.033700
v -0.007388 -0.036055 0.031547
v -0.007388 -0.036055 0.031547
v -0.007388 -0.036055 0.031547
v -0.007388 -0.036055 0.031547
v -0.007388 -0.036055 0.031547
v -0.007388 -0.036055 0.031547
v -0.003706 -0.036837 0.029318
v -0.003706 -0.036837 0.029318
v -0.003706 -0.036837 0.029318
v -0.003706 -0.036837 0.029318
v -0.003706 -0.036837 0.029318
v -0.003706 -0.036837 0.029318
v -0.000056 -0.037223 0.027036
v -0.000056 -0.037223 0.027036
v -0.000056 -0.037223 0.027036
v -0.000056 -0.037223 0.027036
v -0.000056 -0.037223 0.027036
v -0.000056 -0.037223 0.027036
v 0.003541 -0.037227 0.024723
v 0.003541 -0.037227 0.024723
v 0.003541 -0.037227 0.024723
v 0.003541 -0.037227 0.024723
v 0.003541 -0.037227 0.024723
v 0.003541 -0.037227 0.024723
v -0.020846 -0.030635 0.032643
v -0.020846 -0.030635 0.032643
v -0.020846 -0.030635 0.032643
v -0.020846 -0.030635 0.032643
v -0.020846 -0.030635 0.032643
v -0.020846 -0.030635 0.032643
v -0.017360 -0.032817 0.030904
v -0.017360 -0.032817 0.030904
v -0.017360 -0.032817 0.030904
v -0.017360 -0.032817 0.030904
v -0.017360 -0.032817 0.030904
v -0.017360 -0.032817 0.030904
v -0.013746 -0.034564 0.029058
v -0.013746 -0.034564 0.029058
v -0.013746 -0.034564 0.029058
v -0.013746 -0.034564 0.029058
v -0.013746 -0.034564 0.029058
v -0.013746 -0.034564 0.029058
v -0.010053 -0.035887 0.027128
v -0.010053 -0.035887 0.027128
v -0.010053 -0.035887 0.027128
v -0.010053 -0.035887 0.027128
v -0.010053 -0.035887 0.027128
v -0.010053 -0.035887 0.027128
v -0.006319 -0.036797 0.025132
v -0.006319 -0.036797 0.025132
v -0.006319 -0.036797 0.025132
v -0.006319 -0.036797 0.025132
v -0.006319 -0.036797 0.025132
v -0.006319 -0.036797 0.025132
v -0.002580 -0.037309 0.023091
v -0.002580 -0.037309 0.023091
v -0.002580 -0.037309 0.023091
v -0.002580 -0.037309 0.023091
v -0.002580 -0.037309 0.023091
v -0.002580 -0.037309 0.023091
v 0.001137 -0.037435 0.021026
v 0.001137 -0.037435 0.021026
v 0.001137 -0.037435 0.021026
v 0.001137 -0.037435 0.021026
v 0.001137 -0.037435 0.021026
v 0.001137 -0.037435 0.021026
v 0.018224 -0.035010 0.031365
v 0.018224 -0.035010 0.031365
v 0.018224 -0.035010 0.031365
v 0.018224 -0.035010 0.031365
v 0.018224 -0.035010 0.031365
v 0.018224 -0.035010 0.031365
v 0.013716 -0.035713 0.030943
v 0.013716 -0.035713 0.030943
v 0.013716 -0.035713 0.030943
v 0.013716 -0.035713 0.030943
v 0.013716 -0.035713 0.030943
v 0.013716 -0.035713 0.030943
v 0.015483 -0.034957 0.034298
v 0.015483 -0.034957 0.034298
v 0.015483 -0.034957 0.034298
v 0.015483 -0.034957 0.034298
v 0.015483 -0.034957 0.034298
v 0.015483 -0.034957 0.034298
v 0.010703 -0.035743 0.033781
v 0.010703 -0.035743 0.033781
v 0.010703 -0.035743 0.033781
v 0.010703 -0.035743 0.033781
v 0.010703 -0.035743 0.033781
v 0.010703 -0.035743 0.033781
v 0.012659 -0.034485 0.037135
v 0.012659 -0.034485 0.037135
v 0.012659 -0.034485 0.037135
v 0.012659 -0.034485 0.037135
v 0.012659 -0.034485 0.037135
v 0.012659 -0.034485 0.037135
v 0.007601 -0.035371 0.036545
v 0.007601 -0.035371 0.036545
v 0.007601 -0.035371 0.036545
v 0.007601 -0.035371 0.036545
v 0.007601 -0.035371 0.036545
v 0.007601 -0.035371 0.036545
v 0.009766 -0.033616 0.039837
v 0.009766 -0.033616 0.039837
v 0.009766 -0.033616 0.039837
v 0.009766 -0.033616 0.039837
v 0.009766 -0.033616 0.039837
v 0.009766 -0.033616 0.039837
v 0.004425 -0.034605 0.039199
v 0.004425 -0.034605 0.039199
v 0.004425 -0.034605 0.039199
v 0.004425 -0.034605 0.039199
v 0.004425 -0.034605 0.039199
v 0.004425 -0.034605 0.039199
v 0.006826 -0.032366 0.042380
v 0.006826 -0.032366 0.042380
v 0.006826 -0.032366 0.042380
v 0.006826 -0.032366 0.042380
v 0.006826 -0.032366 0.042380
v 0.006826 -0.032366 0.042380
v 0.001199 -0.033444 0.041720
v 0.001199 -0.033444 0.041720
v 0.001199 -0.033444 0.041720
v 0.001199 -0.033444 0.041720
v 0.001199 -0.033444 0.041720
v 0.001199 -0.033444 0.041720
v 0.003869 -0.030736 0.044752
v 0.003869 -0.030736 0.044752
v 0.003869 -0.030736 0.044752
v 0.003869 -0.030736 0.044752
v 0.003869 -0.030736 0.044752
v 0.003869 -0.030736 0.044752
v -0.002044 -0.031876 0.044090
v -0.002044 -0.031876 0.044090
v -0.002044 -0.031876 0.044090
v -0.002044 -0.031876 0.044090
v -0.002044 -0.031876 0.044090
v -0.002044 -0.031876 0.044090
v 0.000939 -0.028718 0.046940
v 0.000939 -0.028718 0.046940
v 0.000939 -0.028718 0.046940
v 0.000939 -0.028718 0.046940
v 0.000939 -0.028718 0.046940
v 0.000939 -0.028718 0.046940
v -0.005257 -0.029888 0.046293
v -0.005257 -0.029888 0.046293
v -0.005257 -0.029888 0.046293
v -0.005257 -0.029888 0.046293
v -0.005257 -0.029888 0.046293
v -0.005257 -0.029888 0.046293
v -0.008383 -0.027463 0.048312
v -0.008383 -0.027463 0.048312
v -0.008383 -0.027463 0.048312
v -0.008383 -0.027463 0.048312
v -0.008383 -0.027463 0.048312
v -0.008383 -0.027463 0.048312
v -0.013847 -0.028285 0.046570
v -0.013847 -0.028285 0.046570
v -0.013847 -0.028285 0.046570
v -0.013847 -0.028285 0.046570
v -0.013847 -0.028285 0.046570
v -0.013847 -0.028285 0.046570
v -0.013847 -0.028285 0.046570
v -0.001913 -0.026305 0.048930
v -0.001913 -0.026305 0.048930
v -0.001913 -0.026305 0.048930
v -0.001913 -0.026305 0.048930
v -0.001913 -0.026305 0.048930
v -0.001913 -0.026305 0.048930
v -0.036789 -0.007032 0.026068
v -0.036789 -0.007032 0.026068
v -0.036789 -0.007032 0.026068
v -0.036789 -0.007032 0.026068
v -0.036789 -0.007032 0.026068
v -0.036439 -0.008461 0.032723
v -0.036439 -0.008461 0.032723
v -0.036439 -0.008461 0.032723
v -0.036439 -0.008461 0.032723
v -0.036439 -0.008461 0.032723
v -0.036439 -0.008461 0.032723
v -0.035637 -0.008954 0.039583
v -0.035637 -0.008954 0.039583
v -0.035637 -0.008954 0.039583
v -0.035637 -0.008954 0.039583
v -0.035637 -0.008954 0.039583
v -0.035637 -0.008954 0.039583
v -0.034237 -0.013423 0.038957
v -0.034237 -0.013423 0.038957
v -0.034237 -0.013423 0.038957
v -0.034237 -0.013423 0.038957
v -0.034237 -0.013423 0.038957
v -0.034237 -0.013423 0.038957
v -0.034867 -0.009137 0.042653
v -0.034867 -0.009137 0.042653
v -0.034867 -0.009137 0.042653
v -0.034867 -0.009137 0.042653
v -0.034867 -0.009137 0.042653
v -0.034867 -0.009137 0.042653
v -0.033409 -0.013685 0.041987
v -0.033409 -0.013685 0.041987
v -0.033409 -0.013685 0.041987
v -0.033409 -0.013685 0.041987
v -0.033409 -0.013685 0.041987
v -0.033409 -0.013685 0.041987
v -0.033794 -0.009272 0.045428
v -0.033794 -0.009272 0.045428
v -0.033794 -0.009272 0.045428
v -0.033794 -0.009272 0.045428
v -0.033794 -0.009272 0.045428
v -0.033794 -0.009272 0.045428
v -0.032292 -0.013874 0.044729
v -0.032292 -0.013874 0.044729
v -0.032292 -0.013874 0.044729
v -0.032292 -0.013874 0.044729
v -0.032292 -0.013874 0.044729
v -0.032292 -0.013874 0.044729
v -0.032388 -0.009352 0.047878
v -0.032388 -0.009352 0.047878
v -0.032388 -0.009352 0.047878
v -0.032388 -0.009352 0.047878
v -0.032388 -0.009352 0.047878
v -0.032388 -0.009352 0.047878
v -0.030854 -0.013986 0.047151
v -0.030854 -0.013986 0.047151
v -0.030854 -0.013986 0.047151
v -0.030854 -0.013986 0.047151
v -0.030854 -0.013986 0.047151
v -0.030854 -0.013986 0.047151
v -0.030627 -0.009378 0.049985
v -0.030627 -0.009378 0.049985
v -0.030627 -0.009378 0.049985
v -0.030627 -0.009378 0.049985
v -0.030627 -0.009378 0.049985
v -0.030627 -0.009378 0.049985
v -0.029078 -0.014019 0.049237
v -0.029078 -0.014019 0.049237
v -0.029078 -0.014019 0.049237
v -0.029078 -0.014019 0.049237
v -0.029078 -0.014019 0.049237
v -0.029078 -0.014019 0.049237
v -0.028498 -0.009350 0.051737
v -0.028498 -0.009350 0.051737
v -0.028498 -0.009350 0.051737
v -0.028498 -0.009350 0.051737
v -0.028498 -0.009350 0.051737
v -0.028498 -0.009350 0.051737
v -0.026949 -0.013973 0.050975
v -0.026949 -0.013973 0.050975
v -0.026949 -0.013973 0.050975
v -0.026949 -0.013973 0.050975
v -0.026949 -0.013973 0.050975
v -0.026949 -0.013973 0.050975
v -0.025999 -0.009269 0.053132
v -0.025999 -0.009269 0.053132
v -0.025999 -0.009269 0.053132
v -0.025999 -0.009269 0.053132
v -0.025999 -0.009269 0.053132
v -0.025999 -0.009269 0.053132
v -0.024465 -0.013851 0.052363
v -0.024465 -0.013851 0.052363
v -0.024465 -0.013851 0.052363
v -0.024465 -0.013851 0.052363
v -0.024465 -0.013851 0.052363
v -0.024465 -0.013851 0.052363
v -0.023131 -0.009139 0.054176
v -0.023131 -0.009139 0.054176
v -0.023131 -0.009139 0.054176
v -0.023131 -0.009139 0.054176
v -0.023131 -0.009139 0.054176
v -0.023131 -0.009139 0.054176
v -0.021628 -0.013658 0.053405
v -0.021628 -0.013658 0.053405
v -0.021628 -0.013658 0.053405
v -0.021628 -0.013658 0.053405
v -0.021628 -0.013658 0.053405
v -0.021628 -0.013658 0.053405
v -0.032322 -0.017624 0.038090
v -0.032322 -0.017624 0.038090
v -0.032322 -0.017624 0.038090
v -0.032322 -0.017624 0.038090
v -0.032322 -0.017624 0.038090
v -0.032322 -0.017624 0.038090
v -0.031421 -0.017943 0.041066
v -0.031421 -0.017943 0.041066
v -0.031421 -0.017943 0.041066
v -0.031421 -0.017943 0.041066
v -0.031421 -0.017943 0.041066
v -0.031421 -0.017943 0.041066
v -0.030248 -0.018171 0.043761
v -0.030248 -0.018171 0.043761
v -0.030248 -0.018171 0.043761
v -0.030248 -0.018171 0.043761
v -0.030248 -0.018171 0.043761
v -0.030248 -0.018171 0.043761
v -0.028773 -0.018302 0.046145
v -0.028773 -0.018302 0.046145
v -0.028773 -0.018302 0.046145
v -0.028773 -0.018302 0.046145
v -0.028773 -0.018302 0.046145
v -0.028773 -0.018302 0.046145
v -0.026978 -0.018334 0.048202
v -0.026978 -0.018334 0.048202
v -0.026978 -0.018334 0.048202
v -0.026978 -0.018334 0.048202
v -0.026978 -0.018334 0.048202
v -0.026978 -0.018334 0.048202
v -0.024852 -0.018268 0.049920
v -0.024852 -0.018268 0.049920
v -0.024852 -0.018268 0.049920
v -0.024852 -0.018268 0.049920
v -0.024852 -0.018268 0.049920
v -0.024852 -0.018268 0.049920
v -0.022391 -0.018107 0.051298
v -0.022391 -0.018107 0.051298
v -0.022391 -0.018107 0.051298
v -0.022391 -0.018107 0.051298
v -0.022391 -0.018107 0.051298
v -0.022391 -0.018107 0.051298
v -0.019595 -0.017858 0.052338
v -0.019595 -0.017858 0.052338
v -0.019595 -0.017858 0.052338
v -0.019595 -0.017858 0.052338
v -0.019595 -0.017858 0.052338
v -0.019595 -0.017858 0.052338
v -0.029956 -0.021485 0.037002
v -0.029956 -0.021485 0.037002
v -0.029956 -0.021485 0.037002
v -0.029956 -0.021485 0.037002
v -0.029956 -0.021485 0.037002
v -0.029956 -0.021485 0.037002
v -0.028975 -0.021838 0.039910
v -0.028975 -0.021838 0.039910
v -0.028975 -0.021838 0.039910
v -0.028975 -0.021838 0.039910
v -0.028975 -0.021838 0.039910
v -0.028975 -0.021838 0.039910
v -0.027740 -0.022086 0.042547
v -0.027740 -0.022086 0.042547
v -0.027740 -0.022086 0.042547
v -0.027740 -0.022086 0.042547
v -0.027740 -0.022086 0.042547
v -0.027740 -0.022086 0.042547
v -0.026226 -0.022222 0.044884
v -0.026226 -0.022222 0.044884
v -0.026226 -0.022222 0.044884
v -0.026226 -0.022222 0.044884
v -0.026226 -0.022222 0.044884
v -0.026226 -0.022222 0.044884
v -0.024415 -0.022245 0.046904
v -0.024415 -0.022245 0.046904
v -0.024415 -0.022245 0.046904
v -0.024415 -0.022245 0.046904
v -0.024415 -0.022245 0.046904
v -0.024415 -0.022245 0.046904
v -0.022297 -0.022156 0.048597
v -0.022297 -0.022156 0.048597
v -0.022297 -0.022156 0.048597
v -0.022297 -0.022156 0.048597
v -0.022297 -0.022156 0.048597
v -0.022297 -0.022156 0.048597
v -0.019866 -0.021959 0.049959
v -0.019866 -0.021959 0.049959
v -0.019866 -0.021959 0.049959
v -0.019866 -0.021959 0.049959
v -0.019866 -0.021959 0.049959
v -0.019866 -0.021959 0.049959
v -0.017125 -0.021662 0.050995
v -0.017125 -0.021662 0.050995
v -0.017125 -0.021662 0.050995
v -0.017125 -0.021662 0.050995
v -0.017125 -0.021662 0.050995
v -0.017125 -0.021662 0.050995
v -0.011350 -0.024592 0.050126
v -0.011350 -0.024592 0.050126
v -0.011350 -0.024592 0.050126
v -0.011350 -0.024592 0.050126
v -0.011350 -0.024592 0.050126
v -0.014310 -0.025025 0.049403
v -0.014310 -0.025025 0.049403
v -0.014310 -0.025025 0.049403
v -0.014310 -0.025025 0.049403
v -0.014310 -0.025025 0.049403
v -0.014310 -0.025025 0.049403
v -0.016987 -0.025360 0.048375
v -0.016987 -0.025360 0.048375
v -0.016987 -0.025360 0.048375
v -0.016987 -0.025360 0.048375
v -0.016987 -0.025360 0.048375
v -0.016987 -0.025360 0.048375
v -0.016187 -0.028540 0.045251
v -0.016187 -0.028540 0.045251
v -0.016187 -0.028540 0.045251
v -0.016187 -0.028540 0.045251
v -0.016187 -0.028540 0.045251
v -0.016187 -0.028540 0.045251
v -0.019377 -0.025588 0.047031
v -0.019377 -0.025588 0.047031
v -0.019377 -0.025588 0.047031
v -0.019377 -0.025588 0.047031
v -0.019377 -0.025588 0.047031
v -0.019377 -0.025588 0.047031
v -0.018267 -0.028678 0.043627
v -0.018267 -0.028678 0.043627
v -0.018267 -0.028678 0.043627
v -0.018267 -0.028678 0.043627
v -0.018267 -0.028678 0.043627
v -0.018267 -0.028678 0.043627
v -0.021481 -0.025702 0.045370
v -0.021481 -0.025702 0.045370
v -0.021481 -0.025702 0.045370
v -0.021481 -0.025702 0.045370
v -0.021481 -0.025702 0.045370
v -0.021481 -0.025702 0.045370
v -0.020090 -0.028695 0.041702
v -0.020090 -0.028695 0.041702
v -0.020090 -0.028695 0.041702
v -0.020090 -0.028695 0.041702
v -0.020090 -0.028695 0.041702
v -0.020090 -0.028695 0.041702
v -0.023302 -0.025696 0.043393
v -0.023302 -0.025696 0.043393
v -0.023302 -0.025696 0.043393
v -0.023302 -0.025696 0.043393
v -0.023302 -0.025696 0.043393
v -0.023302 -0.025696 0.043393
v -0.021667 -0.028588 0.039486
v -0.021667 -0.028588 0.039486
v -0.021667 -0.028588 0.039486
v -0.021667 -0.028588 0.039486
v -0.021667 -0.028588 0.039486
v -0.021667 -0.028588 0.039486
v -0.024852 -0.025568 0.041113
v -0.024852 -0.025568 0.041113
v -0.024852 -0.025568 0.041113
v -0.024852 -0.025568 0.041113
v -0.024852 -0.025568 0.041113
v 0.040442 -0.017281 0.042759
v 0.040442 -0.017281 0.042759
v 0.040442 -0.017281 0.042759
v 0.040442 -0.017281 0.042759
v 0.040442 -0.017281 0.042759
v 0.040442 -0.017281 0.042759
v 0.040442 -0.017281 0.042759
v 0.020817 -0.019411 0.047242
v 0.020817 -0.019411 0.047242
v 0.020817 -0.019411 0.047242
v 0.020817 -0.019411 0.047242
v 0.020817 -0.019411 0.047242
v 0.020817 -0.019411 0.047242
v 0.022430 -0.022083 0.045742
v 0.022430 -0.022083 0.045742
v 0.022430 -0.022083 0.045742
v 0.022430 -0.022083 0.045742
v 0.022430 -0.022083 0.045742
v 0.022430 -0.022083 0.045742
v 0.013631 -0.023484 0.047447
v 0.013631 -0.023484 0.047447
v 0.013631 -0.023484 0.047447
v 0.013631 -0.023484 0.047447
v 0.013631 -0.023484 0.047447
v 0.013631 -0.023484 0.047447
v 0.005466 -0.024934 0.048582
v 0.005466 -0.024934 0.048582
v 0.005466 -0.024934 0.048582
v 0.005466 -0.024934 0.048582
v 0.005466 -0.024934 0.048582
v 0.005466 -0.024934 0.048582
v 0.033821 -0.028532 0.010588
v 0.033821 -0.028532 0.010588
v 0.033821 -0.028532 0.010588
v 0.033821 -0.028532 0.010588
v 0.033913 -0.028508 0.010594
v 0.033913 -0.028508 0.010594
v 0.033913 -0.028508 0.010594
v 0.033913 -0.028508 0.010594
v 0.033913 -0.028508 0.010594
v 0.033913 -0.028508 0.010594
v 0.031883 -0.029660 0.012244
v 0.031883 -0.029660 0.012244
v 0.031883 -0.029660 0.012244
v 0.031883 -0.029660 0.012244
v 0.031883 -0.029660 0.012244
v 0.031883 -0.029660 0.012244
v 0.031883 -0.029660 0.012244
v 0.031883 -0.029660 0.012244
v 0.031883 -0.029660 0.012244
v 0.024086 -0.032571 0.017227
v 0.024086 -0.032571 0.017227
v 0.024086 -0.032571 0.017227
v 0.024086 -0.032571 0.017227
v 0.024086 -0.032571 0.017227
v 0.024086 -0.032571 0.017227
v 0.024086 -0.032571 0.017227
v 0.024086 -0.032571 0.017227
v 0.024086 -0.032571 0.017227
v 0.024086 -0.032571 0.017227
v 0.020910 -0.033894 0.023507
v 0.020910 -0.033894 0.023507
v 0.020910 -0.033894 0.023507
v 0.020910 -0.033894 0.023507
v 0.020910 -0.033894 0.023507
v 0.020910 -0.033894 0.023507
v 0.020910 -0.033894 0.023507
v 0.020910 -0.033894 0.023507
v 0.020910 -0.033894 0.023507
v 0.022229 -0.033336 0.021383
v 0.022229 -0.033336 0.021383
v 0.022229 -0.033336 0.021383
v 0.022229 -0.033336 0.021383
v 0.022229 -0.033336 0.021383
v 0.022229 -0.033336 0.021383
v 0.022229 -0.033336 0.021383
v 0.022229 -0.033336 0.021383
v 0.029402 -0.030750 0.013907
v 0.029402 -0.030750 0.013907
v 0.029402 -0.030750 0.013907
v 0.029402 -0.030750 0.013907
v 0.029402 -0.030750 0.013907
v 0.029402 -0.030750 0.013907
v 0.029402 -0.030750 0.013907
v 0.036629 -0.027791 0.010775
v 0.036629 -0.027791 0.010775
v 0.036629 -0.027791 0.010775
v 0.036629 -0.027791 0.010775
v 0.036629 -0.027791 0.010775
v 0.036629 -0.027791 0.010775
v 0.030246 -0.029516 0.009475
v 0.030246 -0.029516 0.009475
v 0.030246 -0.029516 0.009475
v 0.030246 -0.029516 0.009475
v 0.030246 -0.029516 0.009475
v 0.030246 -0.029516 0.009475
v 0.030246 -0.029516 0.009475
v 0.031647 -0.029125 0.010113
v 0.031647 -0.029125 0.010113
v 0.031647 -0.029125 0.010113
v 0.031647 -0.029125 0.010113
v 0.029732 -0.030230 0.011731
v 0.029732 -0.030230 0.011731
v 0.029732 -0.030230 0.011731
v 0.029732 -0.030230 0.011731
v 0.029732 -0.030230 0.011731
v 0.029732 -0.030230 0.011731
v 0.031801 -0.029083 0.010146
v 0.031801 -0.029083 0.010146
v 0.031801 -0.029083 0.010146
v 0.031801 -0.029083 0.010146
v 0.031801 -0.029083 0.010146
v 0.031801 -0.029083 0.010146
v 0.033424 -0.028640 0.010501
v 0.033424 -0.028640 0.010501
v 0.033424 -0.028640 0.010501
v 0.033424 -0.028640 0.010501
v 0.033424 -0.028640 0.010501
v 0.025600 -0.030865 0.005591
v 0.025600 -0.030865 0.005591
v 0.025600 -0.030865 0.005591
v 0.025600 -0.030865 0.005591
v 0.026493 -0.030603 0.006464
v 0.026493 -0.030603 0.006464
v 0.026493 -0.030603 0.006464
v 0.026493 -0.030603 0.006464
v 0.021999 -0.032762 0.008803
v 0.021999 -0.032762 0.008803
v 0.021999 -0.032762 0.008803
v 0.021999 -0.032762 0.008803
v 0.021999 -0.032762 0.008803
v 0.021999 -0.032762 0.008803
v 0.021999 -0.032762 0.008803
v 0.021999 -0.032762 0.008803
v 0.021999 -0.032762 0.008803
v 0.021999 -0.032762 0.008803
v 0.021999 -0.032762 0.008803
v 0.021999 -0.032762 0.008803
v 0.027639 -0.030266 0.007584
v 0.027639 -0.030266 0.007584
v 0.027639 -0.030266 0.007584
v 0.027639 -0.030266 0.007584
v 0.027639 -0.030266 0.007584
v 0.027639 -0.030266 0.007584
v 0.025353 -0.031822 0.012242
v 0.025353 -0.031822 0.012242
v 0.025353 -0.031822 0.012242
v 0.025353 -0.031822 0.012242
v 0.025353 -0.031822 0.012242
v 0.025353 -0.031822 0.012242
v 0.025353 -0.031822 0.012242
v 0.025353 -0.031822 0.012242
v 0.025353 -0.031822 0.012242
v 0.025353 -0.031822 0.012242
v 0.028115 -0.030126 0.008049
v 0.028115 -0.030126 0.008049
v 0.028115 -0.030126 0.008049
v 0.028115 -0.030126 0.008049
v 0.028115 -0.030126 0.008049
v 0.028115 -0.030126 0.008049
v 0.029817 -0.029635 0.009280
v 0.029817 -0.029635 0.009280
v 0.029817 -0.029635 0.009280
v 0.029817 -0.029635 0.009280
v 0.025416 -0.030915 0.005373
v 0.025416 -0.030915 0.005373
v 0.025416 -0.030915 0.005373
v 0.025416 -0.030915 0.005373
v 0.025416 -0.030915 0.005373
v 0.022072 -0.032235 0.003835
v 0.022072 -0.032235 0.003835
v 0.022072 -0.032235 0.003835
v 0.022072 -0.032235 0.003835
v 0.022072 -0.032235 0.003835
v 0.023631 -0.031402 0.003259
v 0.023631 -0.031402 0.003259
v 0.023631 -0.031402 0.003259
v 0.023631 -0.031402 0.003259
v 0.023631 -0.031402 0.003259
v 0.014130 -0.035228 0.006398
v 0.014130 -0.035228 0.006398
v 0.014130 -0.035228 0.006398
v 0.014130 -0.035228 0.006398
v 0.014130 -0.035228 0.006398
v 0.018482 -0.033792 0.005040
v 0.018482 -0.033792 0.005040
v 0.018482 -0.033792 0.005040
v 0.018482 -0.033792 0.005040
v 0.018482 -0.033792 0.005040
v 0.019205 -0.033479 0.004798
v 0.019205 -0.033479 0.004798
v 0.019205 -0.033479 0.004798
v 0.019205 -0.033479 0.004798
v 0.019205 -0.033479 0.004798
v 0.019205 -0.033479 0.004798
v 0.019207 -0.033477 0.004797
v 0.019207 -0.033477 0.004797
v 0.019207 -0.033477 0.004797
v 0.019207 -0.033477 0.004797
v 0.019207 -0.033477 0.004797
v 0.019207 -0.033477 0.004797
v 0.011749 -0.035862 0.013560
v 0.011749 -0.035862 0.013560
v 0.011749 -0.035862 0.013560
v 0.011749 -0.035862 0.013560
v 0.011749 -0.035862 0.013560
v 0.011749 -0.035862 0.013560
v 0.011749 -0.035862 0.013560
v 0.011749 -0.035862 0.013560
v 0.011749 -0.035862 0.013560
v 0.011749 -0.035862 0.013560
v 0.011749 -0.035862 0.013560
v 0.011749 -0.035862 0.013560
v 0.008975 -0.036497 0.008007
v 0.008975 -0.036497 0.008007
v 0.008975 -0.036497 0.008007
v 0.008975 -0.036497 0.008007
v 0.008977 -0.036496 0.008006
v 0.008977 -0.036496 0.008006
v 0.008977 -0.036496 0.008006
v 0.008977 -0.036496 0.008006
v 0.013923 -0.035296 0.006462
v 0.013923 -0.035296 0.006462
v 0.013923 -0.035296 0.006462
v 0.013923 -0.035296 0.006462
v 0.013923 -0.035296 0.006462
v 0.013923 -0.035296 0.006462
v 0.016891 -0.034517 0.011182
v 0.016891 -0.034517 0.011182
v 0.016891 -0.034517 0.011182
v 0.016891 -0.034517 0.011182
v 0.016891 -0.034517 0.011182
v 0.016891 -0.034517 0.011182
v 0.008870 -0.036522 0.008040
v 0.008870 -0.036522 0.008040
v 0.008870 -0.036522 0.008040
v 0.008870 -0.036522 0.008040
v 0.008870 -0.036522 0.008040
v 0.008870 -0.036522 0.008040
v 0.008870 -0.036522 0.008040
v 0.004385 -0.037246 0.009661
v 0.004385 -0.037246 0.009661
v 0.004385 -0.037246 0.009661
v 0.004385 -0.037246 0.009661
v 0.004385 -0.037246 0.009661
v 0.004358 -0.037250 0.009586
v 0.004358 -0.037250 0.009586
v 0.004358 -0.037250 0.009586
v 0.004358 -0.037250 0.009586
v 0.004358 -0.037250 0.009586
v 0.004358 -0.037250 0.009586
v 0.015236 -0.034981 0.018393
v 0.015236 -0.034981 0.018393
v 0.015236 -0.034981 0.018393
v 0.015236 -0.034981 0.018393
v 0.015236 -0.034981 0.018393
v 0.015236 -0.034981 0.018393
v 0.015236 -0.034981 0.018393
v 0.013406 -0.035439 0.016160
v 0.013406 -0.035439 0.016160
v 0.013406 -0.035439 0.016160
v 0.013406 -0.035439 0.016160
v 0.013406 -0.035439 0.016160
v 0.013406 -0.035439 0.016160
v 0.012985 -0.035562 0.020039
v 0.012985 -0.035562 0.020039
v 0.012985 -0.035562 0.020039
v 0.012985 -0.035562 0.020039
v 0.012985 -0.035562 0.020039
v 0.012985 -0.035562 0.020039
v 0.012985 -0.035562 0.020039
v 0.012985 -0.035562 0.020039
v 0.015227 -0.035074 0.021904
v 0.015227 -0.035074 0.021904
v 0.015227 -0.035074 0.021904
v 0.015227 -0.035074 0.021904
v 0.015227 -0.035074 0.021904
v 0.015227 -0.035074 0.021904
v 0.015227 -0.035074 0.021904
v 0.017857 -0.034510 0.023007
v 0.017857 -0.034510 0.023007
v 0.017857 -0.034510 0.023007
v 0.017857 -0.034510 0.023007
v 0.017857 -0.034510 0.023007
v 0.017857 -0.034510 0.023007
v 0.017857 -0.034510 0.023007
v 0.017857 -0.034510 0.023007
v 0.017857 -0.034510 0.023007
v 0.017211 -0.034505 0.019971
v 0.017211 -0.034505 0.019971
v 0.017211 -0.034505 0.019971
v 0.017211 -0.034505 0.019971
v 0.017211 -0.034505 0.019971
v 0.017211 -0.034505 0.019971
v 0.017211 -0.034505 0.019971
v 0.019467 -0.033960 0.020901
v 0.019467 -0.033960 0.020901
v 0.019467 -0.033960 0.020901
v 0.019467 -0.033960 0.020901
v 0.019467 -0.033960 0.020901
v 0.024171 -0.032693 0.019435
v 0.024171 -0.032693 0.019435
v 0.024171 -0.032693 0.019435
v 0.024171 -0.032693 0.019435
v 0.024171 -0.032693 0.019435
v 0.024171 -0.032693 0.019435
v 0.021602 -0.033316 0.018992
v 0.021602 -0.033316 0.018992
v 0.021602 -0.033316 0.018992
v 0.021602 -0.033316 0.018992
v 0.021602 -0.033316 0.018992
v 0.021602 -0.033316 0.018992
v 0.027289 -0.031309 0.013329
v 0.027289 -0.031309 0.013329
v 0.027289 -0.031309 0.013329
v 0.027289 -0.031309 0.013329
v 0.027289 -0.031309 0.013329
v 0.027289 -0.031309 0.013329
v 0.022066 -0.033111 0.016516
v 0.022066 -0.033111 0.016516
v 0.022066 -0.033111 0.016516
v 0.022066 -0.033111 0.016516
v 0.022066 -0.033111 0.016516
v 0.022066 -0.033111 0.016516
v 0.018495 -0.034067 0.013399
v 0.018495 -0.034067 0.013399
v 0.018495 -0.034067 0.013399
v 0.018495 -0.034067 0.013399
v 0.018495 -0.034067 0.013399
v 0.018495 -0.034067 0.013399
v 0.020237 -0.033593 0.015263
v 0.020237 -0.033593 0.015263
v 0.020237 -0.033593 0.015263
v 0.020237 -0.033593 0.015263
v 0.020237 -0.033593 0.015263
v 0.026247 0.031244 0.011217
v 0.026247 0.031244 0.011217
v 0.026247 0.031244 0.011217
v 0.026247 0.031244 0.011217
v 0.026247 0.031244 0.011217
v 0.026247 0.031244 0.011217
v 0.026247 0.031244 0.011217
v 0.026247 0.031244 0.011217
v 0.026247 0.031244 0.011217
v 0.024493 0.031787 0.009534
v 0.024493 0.031787 0.009534
v 0.024493 0.031787 0.009534
v 0.024493 0.031787 0.009534
v 0.024493 0.031787 0.009534
v 0.024493 0.031787 0.009534
v 0.024493 0.031787 0.009534
v 0.024493 0.031787 0.009534
v 0.024493 0.031787 0.009534
v 0.024493 0.031787 0.009534
v 0.019072 0.033808 0.012617
v 0.019072 0.033808 0.012617
v 0.019072 0.033808 0.012617
v 0.019072 0.033808 0.012617
v 0.019072 0.033808 0.012617
v 0.019072 0.033808 0.012617
v 0.019072 0.033808 0.012617
v 0.019072 0.033808 0.012617
v 0.019072 0.033808 0.012617
v 0.020217 0.033205 0.006040
v 0.020217 0.033205 0.006040
v 0.020217 0.033205 0.006040
v 0.020217 0.033205 0.006040
v 0.020217 0.033205 0.006040
v 0.015886 0.034721 0.007735
v 0.015886 0.034721 0.007735
v 0.015886 0.034721 0.007735
v 0.015886 0.034721 0.007735
v 0.015886 0.034721 0.007735
v 0.020846 0.033286 0.014609
v 0.020846 0.033286 0.014609
v 0.020846 0.033286 0.014609
v 0.020846 0.033286 0.014609
v 0.020846 0.033286 0.014609
v 0.020846 0.033286 0.014609
v 0.020846 0.033286 0.014609
v 0.029368 0.029466 0.007797
v 0.029368 0.029466 0.007797
v 0.029368 0.029466 0.007797
v 0.029368 0.029466 0.007797
v 0.029092 0.029396 0.006709
v 0.029092 0.029396 0.006709
v 0.029092 0.029396 0.006709
v 0.029092 0.029396 0.006709
v 0.026418 0.030174 0.003762
v 0.026418 0.030174 0.003762
v 0.026418 0.030174 0.003762
v 0.026418 0.030174 0.003762
v 0.026418 0.030174 0.003762
v 0.026418 0.030174 0.003762
v 0.026418 0.030174 0.003762
v 0.026176 0.030248 0.003514
v 0.026176 0.030248 0.003514
v 0.026176 0.030248 0.003514
v 0.026176 0.030248 0.003514
v 0.026176 0.030248 0.003514
v 0.023997 0.031486 0.004484
v 0.023997 0.031486 0.004484
v 0.023997 0.031486 0.004484
v 0.023997 0.031486 0.004484
v 0.023997 0.031486 0.004484
v 0.028975 0.029367 0.006245
v 0.028975 0.029367 0.006245
v 0.028975 0.029367 0.006245
v 0.028975 0.029367 0.006245
v 0.028975 0.029367 0.006245
v 0.028975 0.029367 0.006245
v 0.027576 0.029821 0.004949
v 0.027576 0.029821 0.004949
v 0.027576 0.029821 0.004949
v 0.027576 0.029821 0.004949
v 0.029601 0.029490 0.008457
v 0.029601 0.029490 0.008457
v 0.029601 0.029490 0.008457
v 0.029601 0.029490 0.008457
v 0.029601 0.029490 0.008457
v 0.029601 0.029490 0.008457
v 0.029601 0.029490 0.008457
v 0.029751 0.029505 0.008883
v 0.029751 0.029505 0.008883
v 0.029751 0.029505 0.008883
v 0.029751 0.029505 0.008883
v 0.029751 0.029505 0.008883
v 0.029751 0.029505 0.008883
v 0.015585 0.034851 0.018104
v 0.015585 0.034851 0.018104
v 0.015585 0.034851 0.018104
v 0.015585 0.034851 0.018104
v 0.015585 0.034851 0.018104
v 0.015585 0.034851 0.018104
v 0.015585 0.034851 0.018104
v 0.015585 0.034851 0.018104
v 0.015585 0.034851 0.018104
v 0.013195 0.035494 0.019930
v 0.013195 0.035494 0.019930
v 0.013195 0.035494 0.019930
v 0.013195 0.035494 0.019930
v 0.013195 0.035494 0.019930
v 0.013195 0.035494 0.019930
v 0.013195 0.035494 0.019930
v 0.013195 0.035494 0.019930
v 0.013195 0.035494 0.019930
v 0.013195 0.035494 0.019930
v 0.013663 0.035349 0.015708
v 0.013663 0.035349 0.015708
v 0.013663 0.035349 0.015708
v 0.013663 0.035349 0.015708
v 0.013663 0.035349 0.015708
v 0.013663 0.035349 0.015708
v 0.013663 0.035349 0.015708
v 0.013663 0.035349 0.015708
v 0.013663 0.035349 0.015708
v 0.015630 0.034810 0.007835
v 0.015630 0.034810 0.007835
v 0.015630 0.034810 0.007835
v 0.015630 0.034810 0.007835
v 0.015630 0.034810 0.007835
v 0.010349 0.036191 0.009912
v 0.010349 0.036191 0.009912
v 0.010349 0.036191 0.009912
v 0.010349 0.036191 0.009912
v 0.010349 0.036191 0.009912
v 0.010349 0.036191 0.009912
v 0.010349 0.036191 0.009912
v 0.010238 0.036220 0.009956
v 0.010238 0.036220 0.009956
v 0.010238 0.036220 0.009956
v 0.010238 0.036220 0.009956
v 0.010238 0.036220 0.009956
v 0.021347 0.032691 0.005575
v 0.021347 0.032691 0.005575
v 0.021347 0.032691 0.005575
v 0.021347 0.032691 0.005575
v 0.021347 0.032691 0.005575
v 0.021347 0.032691 0.005575
v 0.021347 0.032691 0.005575
v 0.080968 -0.001349 0.037115
v 0.080968 -0.001349 0.037115
v 0.080968 -0.001349 0.037115
v 0.080968 -0.001349 0.037115
v 0.080968 -0.001349 0.037115
v 0.080968 -0.001349 0.037115
v 0.081170 -0.000087 0.037089
v 0.081170 -0.000087 0.037089
v 0.081170 -0.000087 0.037089
v 0.081170 -0.000087 0.037089
v 0.081183 -0.000003 0.037087
v 0.081183 -0.000003 0.037087
v 0.081183 -0.000003 0.037087
v 0.081183 -0.000003 0.037087
v 0.081183 -0.000003 0.037087
v 0.081183 -0.000003 0.037087
v 0.080955 -0.001428 0.037117
v 0.080955 -0.001428 0.037117
v 0.080955 -0.001428 0.037117
v 0.080955 -0.001428 0.037117
v 0.080314 -0.002871 0.037190
v 0.080314 -0.002871 0.037190
v 0.080314 -0.002871 0.037190
v 0.080314 -0.002871 0.037190
v 0.080314 -0.002871 0.037190
v 0.080314 -0.002871 0.037190
v 0.080059 -0.003443 0.037219
v 0.080059 -0.003443 0.037219
v 0.080059 -0.003443 0.037219
v 0.080059 -0.003443 0.037219
v 0.080059 -0.003443 0.037219
v 0.079417 -0.004460 0.037266
v 0.079417 -0.004460 0.037266
v 0.079417 -0.004460 0.037266
v 0.079417 -0.004460 0.037266
v 0.079417 -0.004460 0.037266
v 0.077979 -0.006738 0.037371
v 0.077979 -0.006738 0.037371
v 0.077979 -0.006738 0.037371
v 0.077979 -0.006738 0.037371
v 0.077979 -0.006738 0.037371
v 0.077979 -0.006738 0.037371
v 0.077979 -0.006738 0.037371
v 0.077185 -0.007838 0.037372
v 0.077185 -0.007838 0.037372
v 0.077185 -0.007838 0.037372
v 0.077185 -0.007838 0.037372
v 0.077185 -0.007838 0.037372
v 0.076620 -0.008620 0.037373
v 0.076620 -0.008620 0.037373
v 0.076620 -0.008620 0.037373
v 0.076620 -0.008620 0.037373
v 0.076620 -0.008620 0.037373
v 0.075672 -0.009934 0.037374
v 0.075672 -0.009934 0.037374
v 0.075672 -0.009934 0.037374
v 0.075672 -0.009934 0.037374
v 0.075672 -0.009934 0.037374
v 0.075672 -0.009934 0.037374
v 0.075017 -0.010627 0.037390
v 0.075017 -0.010627 0.037390
v 0.075017 -0.010627 0.037390
v 0.075017 -0.010627 0.037390
v 0.075017 -0.010627 0.037390
v 0.075017 -0.010627 0.037390
v 0.075017 -0.010627 0.037390
v 0.069337 -0.016276 0.036829
v 0.069337 -0.016276 0.036829
v 0.069337 -0.016276 0.036829
v 0.069337 -0.016276 0.036829
v 0.069337 -0.016276 0.036829
v 0.069337 -0.016276 0.036829
v 0.069337 -0.016276 0.036829
v 0.069337 -0.016276 0.036829
v 0.069337 -0.016276 0.036829
v 0.069337 -0.016276 0.036829
v 0.069337 -0.016276 0.036829
v 0.069337 -0.016276 0.036829
v 0.070546 -0.016650 0.036862
v 0.070546 -0.016650 0.036862
v 0.070546 -0.016650 0.036862
v 0.070546 -0.016650 0.036862
v 0.071455 -0.015494 0.037062
v 0.071455 -0.015494 0.037062
v 0.071455 -0.015494 0.037062
v 0.071455 -0.015494 0.037062
v 0.071455 -0.015494 0.037062
v 0.073749 -0.012517 0.037286
v 0.073749 -0.012517 0.037286
v 0.073749 -0.012517 0.037286
v 0.073749 -0.012517 0.037286
v 0.073749 -0.012517 0.037286
v 0.074659 -0.011337 0.037375
v 0.074659 -0.011337 0.037375
v 0.074659 -0.011337 0.037375
v 0.074659 -0.011337 0.037375
v 0.074659 -0.011337 0.037375
v 0.074659 -0.011337 0.037375
v 0.075111 -0.010711 0.037374
v 0.075111 -0.010711 0.037374
v 0.075111 -0.010711 0.037374
v 0.075111 -0.010711 0.037374
v 0.067546 -0.020523 0.035948
v 0.067546 -0.020523 0.035948
v 0.067546 -0.020523 0.035948
v 0.067546 -0.020523 0.035948
v 0.067546 -0.020523 0.035948
v 0.067745 -0.020263 0.036024
v 0.067745 -0.020263 0.036024
v 0.067745 -0.020263 0.036024
v 0.067745 -0.020263 0.036024
v 0.066481 -0.019376 0.036078
v 0.066481 -0.019376 0.036078
v 0.066481 -0.019376 0.036078
v 0.066481 -0.019376 0.036078
v 0.066481 -0.019376 0.036078
v 0.066481 -0.019376 0.036078
v 0.066481 -0.019376 0.036078
v 0.066481 -0.019376 0.036078
v 0.066481 -0.019376 0.036078
v 0.069124 -0.018459 0.036549
v 0.069124 -0.018459 0.036549
v 0.069124 -0.018459 0.036549
v 0.069124 -0.018459 0.036549
v 0.069124 -0.018459 0.036549
v 0.070252 -0.017024 0.036797
v 0.070252 -0.017024 0.036797
v 0.070252 -0.017024 0.036797
v 0.070252 -0.017024 0.036797
v 0.065116 -0.023943 0.034516
v 0.065116 -0.023943 0.034516
v 0.065116 -0.023943 0.034516
v 0.065116 -0.023943 0.034516
v 0.065116 -0.023943 0.034516
v 0.065211 -0.023797 0.034605
v 0.065211 -0.023797 0.034605
v 0.065211 -0.023797 0.034605
v 0.065211 -0.023797 0.034605
v 0.065211 -0.023797 0.034605
v 0.063577 -0.023084 0.034582
v 0.063577 -0.023084 0.034582
v 0.063577 -0.023084 0.034582
v 0.063577 -0.023084 0.034582
v 0.063577 -0.023084 0.034582
v 0.063577 -0.023084 0.034582
v 0.063577 -0.023084 0.034582
v 0.063577 -0.023084 0.034582
v 0.063577 -0.023084 0.034582
v 0.063577 -0.023084 0.034582
v 0.063577 -0.023084 0.034582
v 0.063577 -0.023084 0.034582
v 0.063577 -0.023084 0.034582
v 0.065269 -0.023709 0.034658
v 0.065269 -0.023709 0.034658
v 0.065269 -0.023709 0.034658
v 0.065269 -0.023709 0.034658
v 0.065269 -0.023709 0.034658
v 0.067071 -0.021144 0.035768
v 0.067071 -0.021144 0.035768
v 0.067071 -0.021144 0.035768
v 0.067071 -0.021144 0.035768
v 0.063105 -0.027001 0.032485
v 0.063105 -0.027001 0.032485
v 0.063105 -0.027001 0.032485
v 0.063105 -0.027001 0.032485
v 0.063105 -0.027001 0.032485
v 0.063593 -0.026265 0.033105
v 0.063593 -0.026265 0.033105
v 0.063593 -0.026265 0.033105
v 0.063593 -0.026265 0.033105
v 0.063593 -0.026265 0.033105
v 0.061313 -0.026438 0.032455
v 0.061313 -0.026438 0.032455
v 0.061313 -0.026438 0.032455
v 0.061313 -0.026438 0.032455
v 0.061313 -0.026438 0.032455
v 0.061313 -0.026438 0.032455
v 0.061313 -0.026438 0.032455
v 0.061313 -0.026438 0.032455
v 0.061313 -0.026438 0.032455
v 0.061313 -0.026438 0.032455
v 0.064511 -0.024865 0.033956
v 0.064511 -0.024865 0.033956
v 0.064511 -0.024865 0.033956
v 0.064511 -0.024865 0.033956
v 0.061116 -0.029825 0.029581
v 0.061116 -0.029825 0.029581
v 0.061116 -0.029825 0.029581
v 0.061116 -0.029825 0.029581
v 0.061116 -0.029825 0.029581
v 0.062004 -0.028615 0.030986
v 0.062004 -0.028615 0.030986
v 0.062004 -0.028615 0.030986
v 0.062004 -0.028615 0.030986
v 0.060371 -0.027950 0.031121
v 0.060371 -0.027950 0.031121
v 0.060371 -0.027950 0.031121
v 0.060371 -0.027950 0.031121
v 0.060371 -0.027950 0.031121
v 0.060371 -0.027950 0.031121
v 0.060371 -0.027950 0.031121
v 0.060371 -0.027950 0.031121
v 0.060371 -0.027950 0.031121
v 0.062324 -0.028178 0.031493
v 0.062324 -0.028178 0.031493
v 0.062324 -0.028178 0.031493
v 0.062324 -0.028178 0.031493
v 0.062324 -0.028178 0.031493
v 0.062984 -0.027184 0.032331
v 0.062984 -0.027184 0.032331
v 0.062984 -0.027184 0.032331
v 0.062984 -0.027184 0.032331
v 0.061047 -0.029899 0.029460
v 0.061047 -0.029899 0.029460
v 0.061047 -0.029899 0.029460
v 0.061047 -0.029899 0.029460
v 0.059530 -0.029298 0.029607
v 0.059530 -0.029298 0.029607
v 0.059530 -0.029298 0.029607
v 0.059530 -0.029298 0.029607
v 0.059530 -0.029298 0.029607
v 0.059530 -0.029298 0.029607
v 0.059530 -0.029298 0.029607
v 0.059530 -0.029298 0.029607
v 0.060976 -0.029975 0.029335
v 0.060976 -0.029975 0.029335
v 0.060976 -0.029975 0.029335
v 0.060976 -0.029975 0.029335
v 0.060976 -0.029975 0.029335
v 0.060976 -0.029975 0.029335
v 0.060976 -0.029975 0.029335
v 0.058810 -0.030321 0.028121
v 0.058810 -0.030321 0.028121
v 0.058810 -0.030321 0.028121
v 0.058810 -0.030321 0.028121
v 0.058810 -0.030321 0.028121
v 0.058810 -0.030321 0.028121
v 0.058810 -0.030321 0.028121
v 0.058810 -0.030321 0.028121
v 0.060359 -0.030639 0.028248
v 0.060359 -0.030639 0.028248
v 0.060359 -0.030639 0.028248
v 0.060359 -0.030639 0.028248
v 0.060170 -0.030843 0.027915
v 0.060170 -0.030843 0.027915
v 0.060170 -0.030843 0.027915
v 0.060170 -0.030843 0.027915
v 0.059991 -0.031035 0.027599
v 0.059991 -0.031035 0.027599
v 0.059991 -0.031035 0.027599
v 0.059991 -0.031035 0.027599
v 0.059991 -0.031035 0.027599
v 0.058022 -0.031146 0.026531
v 0.058022 -0.031146 0.026531
v 0.058022 -0.031146 0.026531
v 0.058022 -0.031146 0.026531
v 0.058022 -0.031146 0.026531
v 0.058022 -0.031146 0.026531
v 0.058022 -0.031146 0.026531
v 0.058022 -0.031146 0.026531
v 0.058022 -0.031146 0.026531
v 0.058022 -0.031146 0.026531
v 0.058022 -0.031146 0.026531
v 0.059197 -0.031597 0.026245
v 0.059197 -0.031597 0.026245
v 0.059197 -0.031597 0.026245
v 0.059197 -0.031597 0.026245
v 0.058757 -0.031908 0.025496
v 0.058757 -0.031908 0.025496
v 0.058757 -0.031908 0.025496
v 0.058757 -0.031908 0.025496
v 0.058757 -0.031908 0.025496
v 0.057275 -0.031629 0.025247
v 0.057275 -0.031629 0.025247
v 0.057275 -0.031629 0.025247
v 0.057275 -0.031629 0.025247
v 0.057275 -0.031629 0.025247
v 0.057275 -0.031629 0.025247
v 0.058339 -0.032071 0.024875
v 0.058339 -0.032071 0.024875
v 0.058339 -0.032071 0.024875
v 0.058339 -0.032071 0.024875
v 0.058339 -0.032071 0.024875
v 0.058339 -0.032071 0.024875
v 0.056918 -0.032114 0.024008
v 0.056918 -0.032114 0.024008
v 0.056918 -0.032114 0.024008
v 0.056918 -0.032114 0.024008
v 0.056918 -0.032114 0.024008
v 0.056918 -0.032114 0.024008
v 0.057550 -0.032381 0.023701
v 0.057550 -0.032381 0.023701
v 0.057550 -0.032381 0.023701
v 0.057550 -0.032381 0.023701
v 0.056176 -0.031801 0.024367
v 0.056176 -0.031801 0.024367
v 0.056176 -0.031801 0.024367
v 0.056176 -0.031801 0.024367
v 0.056176 -0.031801 0.024367
v 0.056176 -0.031801 0.024367
v 0.056512 -0.031943 0.024205
v 0.056512 -0.031943 0.024205
v 0.056512 -0.031943 0.024205
v 0.056512 -0.031943 0.024205
v 0.062726 0.025996 0.034950
v 0.062726 0.025996 0.034950
v 0.062726 0.025996 0.034950
v 0.062726 0.025996 0.034950
v 0.062541 0.026198 0.034872
v 0.062541 0.026198 0.034872
v 0.062541 0.026198 0.034872
v 0.062541 0.026198 0.034872
v 0.061113 0.024629 0.034697
v 0.061113 0.024629 0.034697
v 0.061113 0.024629 0.034697
v 0.061113 0.024629 0.034697
v 0.061113 0.024629 0.034697
v 0.061113 0.024629 0.034697
v 0.061113 0.024629 0.034697
v 0.061113 0.024629 0.034697
v 0.061113 0.024629 0.034697
v 0.061113 0.024629 0.034697
v 0.060294 0.028647 0.033923
v 0.060294 0.028647 0.033923
v 0.060294 0.028647 0.033923
v 0.060294 0.028647 0.033923
v 0.060294 0.028647 0.033923
v 0.060104 0.028408 0.033871
v 0.060104 0.028408 0.033871
v 0.060104 0.028408 0.033871
v 0.060104 0.028408 0.033871
v 0.060104 0.028408 0.033871
v 0.061391 0.027451 0.034386
v 0.061391 0.027451 0.034386
v 0.061391 0.027451 0.034386
v 0.061391 0.027451 0.034386
v 0.061391 0.027451 0.034386
v 0.056785 0.032257 0.032135
v 0.056785 0.032257 0.032135
v 0.056785 0.032257 0.032135
v 0.056785 0.032257 0.032135
v 0.056785 0.032257 0.032135
v 0.055929 0.033044 0.031580
v 0.055929 0.033044 0.031580
v 0.055929 0.033044 0.031580
v 0.055929 0.033044 0.031580
v 0.055929 0.033044 0.031580
v 0.054971 0.031611 0.031296
v 0.054971 0.031611 0.031296
v 0.054971 0.031611 0.031296
v 0.054971 0.031611 0.031296
v 0.054971 0.031611 0.031296
v 0.054971 0.031611 0.031296
v 0.054971 0.031611 0.031296
v 0.054971 0.031611 0.031296
v 0.054971 0.031611 0.031296
v 0.073713 0.010334 0.037474
v 0.073713 0.010334 0.037474
v 0.073713 0.010334 0.037474
v 0.073713 0.010334 0.037474
v 0.073713 0.010334 0.037474
v 0.073713 0.010334 0.037474
v 0.073713 0.010334 0.037474
v 0.073713 0.010334 0.037474
v 0.073713 0.010334 0.037474
v 0.073713 0.010334 0.037474
v 0.080096 0.003326 0.037215
v 0.080096 0.003326 0.037215
v 0.080096 0.003326 0.037215
v 0.080096 0.003326 0.037215
v 0.080096 0.003326 0.037215
v 0.080096 0.003326 0.037215
v 0.081078 0.000935 0.037101
v 0.081078 0.000935 0.037101
v 0.081078 0.000935 0.037101
v 0.081078 0.000935 0.037101
v 0.081078 0.000935 0.037101
v 0.081078 0.000935 0.037101
v 0.081071 0.001003 0.037102
v 0.081071 0.001003 0.037102
v 0.081071 0.001003 0.037102
v 0.081071 0.001003 0.037102
v 0.081071 0.001003 0.037102
v 0.080468 0.002546 0.037174
v 0.080468 0.002546 0.037174
v 0.080468 0.002546 0.037174
v 0.080468 0.002546 0.037174
v 0.080468 0.002546 0.037174
v 0.080348 0.002853 0.037188
v 0.080348 0.002853 0.037188
v 0.080348 0.002853 0.037188
v 0.080348 0.002853 0.037188
v 0.078608 0.005185 0.037347
v 0.078608 0.005185 0.037347
v 0.078608 0.005185 0.037347
v 0.078608 0.005185 0.037347
v 0.078608 0.005185 0.037347
v 0.078608 0.005185 0.037347
v 0.078608 0.005185 0.037347
v 0.078608 0.005185 0.037347
v 0.078608 0.005185 0.037347
v 0.070423 0.013508 0.037302
v 0.070423 0.013508 0.037302
v 0.070423 0.013508 0.037302
v 0.070423 0.013508 0.037302
v 0.070423 0.013508 0.037302
v 0.070423 0.013508 0.037302
v 0.067070 0.016584 0.036921
v 0.067070 0.016584 0.036921
v 0.067070 0.016584 0.036921
v 0.067070 0.016584 0.036921
v 0.067070 0.016584 0.036921
v 0.067070 0.016584 0.036921
v 0.067070 0.016584 0.036921
v 0.067070 0.016584 0.036921
v 0.065224 0.018210 0.036624
v 0.065224 0.018210 0.036624
v 0.065224 0.018210 0.036624
v 0.065224 0.018210 0.036624
v 0.065224 0.018210 0.036624
v 0.065224 0.018210 0.036624
v 0.065224 0.018210 0.036624
v 0.065224 0.018210 0.036624
v 0.059356 0.023018 0.035282
v 0.059356 0.023018 0.035282
v 0.059356 0.023018 0.035282
v 0.059356 0.023018 0.035282
v 0.059356 0.023018 0.035282
v 0.059356 0.023018 0.035282
v 0.059356 0.023018 0.035282
v 0.059356 0.023018 0.035282
v 0.059356 0.023018 0.035282
v 0.054057 0.026812 0.033543
v 0.054057 0.026812 0.033543
v 0.054057 0.026812 0.033543
v 0.054057 0.026812 0.033543
v 0.054057 0.026812 0.033543
v 0.054057 0.026812 0.033543
v 0.054057 0.026812 0.033543
v 0.054057 0.026812 0.033543
v 0.054057 0.026812 0.033543
v 0.054057 0.026812 0.033543
v 0.054057 0.026812 0.033543
v 0.049359 0.029655 0.031582
v 0.049359 0.029655 0.031582
v 0.049359 0.029655 0.031582
v 0.049359 0.029655 0.031582
v 0.049359 0.029655 0.031582
v 0.049359 0.029655 0.031582
v 0.049359 0.029655 0.031582
v 0.049359 0.029655 0.031582
v 0.053340 0.029754 0.031543
v 0.053340 0.029754 0.031543
v 0.053340 0.029754 0.031543
v 0.053340 0.029754 0.031543
v 0.053340 0.029754 0.031543
v 0.053340 0.029754 0.031543
v 0.053340 0.029754 0.031543
v 0.053340 0.029754 0.031543
v 0.051098 0.030929 0.030439
v 0.051098 0.030929 0.030439
v 0.051098 0.030929 0.030439
v 0.051098 0.030929 0.030439
v 0.050139 0.030113 0.030955
v 0.050139 0.030113 0.030955
v 0.050139 0.030113 0.030955
v 0.050139 0.030113 0.030955
v 0.050139 0.030113 0.030955
v 0.052711 0.032741 0.030018
v 0.052711 0.032741 0.030018
v 0.052711 0.032741 0.030018
v 0.052711 0.032741 0.030018
v 0.052711 0.032741 0.030018
v 0.052399 0.032296 0.030003
v 0.052399 0.032296 0.030003
v 0.052399 0.032296 0.030003
v 0.052399 0.032296 0.030003
v 0.052399 0.032296 0.030003
v 0.051399 0.031185 0.030277
v 0.051399 0.031185 0.030277
v 0.051399 0.031185 0.030277
v 0.051399 0.031185 0.030277
v 0.051399 0.031185 0.030277
v 0.053996 0.034820 0.030328
v 0.053996 0.034820 0.030328
v 0.053996 0.034820 0.030328
v 0.053996 0.034820 0.030328
v 0.053996 0.034820 0.030328
v 0.053996 0.034820 0.030328
v 0.053401 0.033726 0.030050
v 0.053401 0.033726 0.030050
v 0.053401 0.033726 0.030050
v 0.053401 0.033726 0.030050
v 0.057435 0.030174 0.032607
v 0.057435 0.030174 0.032607
v 0.057435 0.030174 0.032607
v 0.057435 0.030174 0.032607
v 0.057435 0.030174 0.032607
v 0.057435 0.030174 0.032607
v 0.057435 0.030174 0.032607
v 0.057435 0.030174 0.032607
v 0.058030 0.030992 0.032792
v 0.058030 0.030992 0.032792
v 0.058030 0.030992 0.032792
v 0.058030 0.030992 0.032792
v 0.057850 0.031176 0.032697
v 0.057850 0.031176 0.032697
v 0.057850 0.031176 0.032697
v 0.057850 0.031176 0.032697
v 0.057850 0.031176 0.032697
v 0.057850 0.031176 0.032697
v 0.059677 0.029319 0.033662
v 0.059677 0.029319 0.033662
v 0.059677 0.029319 0.033662
v 0.059677 0.029319 0.033662
v 0.059677 0.029319 0.033662
v 0.059677 0.029319 0.033662
v 0.055801 0.028304 0.032672
v 0.055801 0.028304 0.032672
v 0.055801 0.028304 0.032672
v 0.055801 0.028304 0.032672
v 0.055801 0.028304 0.032672
v 0.068862 0.018246 0.036692
v 0.068862 0.018246 0.036692
v 0.068862 0.018246 0.036692
v 0.068862 0.018246 0.036692
v 0.068862 0.018246 0.036692
v 0.068862 0.018246 0.036692
v 0.068862 0.018246 0.036692
v 0.067517 0.020378 0.036352
v 0.067517 0.020378 0.036352
v 0.067517 0.020378 0.036352
v 0.067517 0.020378 0.036352
v 0.067517 0.020378 0.036352
v 0.067006 0.019869 0.036317
v 0.067006 0.019869 0.036317
v 0.067006 0.019869 0.036317
v 0.067006 0.019869 0.036317
v 0.067006 0.019869 0.036317
v 0.067006 0.019869 0.036317
v 0.066379 0.021768 0.036111
v 0.066379 0.021768 0.036111
v 0.066379 0.021768 0.036111
v 0.066379 0.021768 0.036111
v 0.066379 0.021768 0.036111
v 0.066379 0.021768 0.036111
v 0.066379 0.021768 0.036111
v 0.064027 0.024490 0.035364
v 0.064027 0.024490 0.035364
v 0.064027 0.024490 0.035364
v 0.064027 0.024490 0.035364
v 0.064027 0.024490 0.035364
v 0.064027 0.024490 0.035364
v 0.070366 0.016886 0.036942
v 0.070366 0.016886 0.036942
v 0.070366 0.016886 0.036942
v 0.070366 0.016886 0.036942
v 0.070366 0.016886 0.036942
v 0.070227 0.017065 0.036927
v 0.070227 0.017065 0.036927
v 0.070227 0.017065 0.036927
v 0.070227 0.017065 0.036927
v 0.069086 0.018460 0.036685
v 0.069086 0.018460 0.036685
v 0.069086 0.018460 0.036685
v 0.069086 0.018460 0.036685
v 0.070567 0.016628 0.036963
v 0.070567 0.016628 0.036963
v 0.070567 0.016628 0.036963
v 0.070567 0.016628 0.036963
v 0.070567 0.016628 0.036963
v 0.071930 0.014873 0.037110
v 0.071930 0.014873 0.037110
v 0.071930 0.014873 0.037110
v 0.071930 0.014873 0.037110
v 0.071930 0.014873 0.037110
v 0.071930 0.014873 0.037110
v 0.074165 0.011993 0.037351
v 0.074165 0.011993 0.037351
v 0.074165 0.011993 0.037351
v 0.074165 0.011993 0.037351
v 0.074165 0.011993 0.037351
v 0.074165 0.011993 0.037351
v 0.077918 0.006823 0.037374
v 0.077918 0.006823 0.037374
v 0.077918 0.006823 0.037374
v 0.077918 0.006823 0.037374
v 0.077918 0.006823 0.037374
v 0.077918 0.006823 0.037374
v 0.077918 0.006823 0.037374
v 0.077918 0.006823 0.037374
v 0.077265 0.007723 0.037370
v 0.077265 0.007723 0.037370
v 0.077265 0.007723 0.037370
v 0.077265 0.007723 0.037370
v 0.077265 0.007723 0.037370
v 0.074724 0.011223 0.037354
v 0.074724 0.011223 0.037354
v 0.074724 0.011223 0.037354
v 0.074724 0.011223 0.037354
v 0.078834 0.005366 0.037309
v 0.078834 0.005366 0.037309
v 0.078834 0.005366 0.037309
v 0.078834 0.005366 0.037309
v 0.079988 0.003529 0.037226
v 0.079988 0.003529 0.037226
v 0.079988 0.003529 0.037226
v 0.079988 0.003529 0.037226
v 0.053474 0.034827 0.029941
v 0.053474 0.034827 0.029941
v 0.053474 0.034827 0.029941
v 0.053474 0.034827 0.029941
v 0.053474 0.034827 0.029941
v 0.053474 0.034827 0.029941
v 0.052964 0.034833 0.029563
v 0.052964 0.034833 0.029563
v 0.052964 0.034833 0.029563
v 0.052964 0.034833 0.029563
v 0.052964 0.034833 0.029563
v 0.052149 0.032766 0.029690
v 0.052149 0.032766 0.029690
v 0.052149 0.032766 0.029690
v 0.052149 0.032766 0.029690
v 0.052149 0.032766 0.029690
v 0.052149 0.032766 0.029690
v 0.052149 0.032766 0.029690
v 0.052149 0.032766 0.029690
v 0.052149 0.032766 0.029690
v 0.052149 0.032766 0.029690
v 0.052498 0.034041 0.029414
v 0.052498 0.034041 0.029414
v 0.052498 0.034041 0.029414
v 0.052498 0.034041 0.029414
v 0.051578 0.032810 0.029403
v 0.051578 0.032810 0.029403
v 0.051578 0.032810 0.029403
v 0.051578 0.032810 0.029403
v 0.051578 0.032810 0.029403
v 0.050455 0.031019 0.030189
v 0.050455 0.031019 0.030189
v 0.050455 0.031019 0.030189
v 0.050455 0.031019 0.030189
v 0.050455 0.031019 0.030189
v 0.050455 0.031019 0.030189
v 0.050455 0.031019 0.030189
v 0.050455 0.031019 0.030189
v 0.050455 0.031019 0.030189
v 0.048646 0.029850 0.031367
v 0.048646 0.029850 0.031367
v 0.048646 0.029850 0.031367
v 0.048646 0.029850 0.031367
v 0.048646 0.029850 0.031367
v 0.048646 0.029850 0.031367
v 0.048646 0.029850 0.031367
v 0.049817 0.031173 0.029989
v 0.049817 0.031173 0.029989
v 0.049817 0.031173 0.029989
v 0.049817 0.031173 0.029989
v 0.049817 0.031173 0.029989
v 0.048968 0.030580 0.030437
v 0.048968 0.030580 0.030437
v 0.048968 0.030580 0.030437
v 0.048968 0.030580 0.030437
v 0.047956 0.030124 0.031184
v 0.047956 0.030124 0.031184
v 0.047956 0.030124 0.031184
v 0.047956 0.030124 0.031184
v 0.047956 0.030124 0.031184
v 0.047956 0.030124 0.031184
v 0.047956 0.030124 0.031184
v 0.047988 0.030139 0.031160
v 0.047988 0.030139 0.031160
v 0.047988 0.030139 0.031160
v 0.047988 0.030139 0.031160
v 0.047988 0.030139 0.031160
v 0.051571 0.032802 0.029403
v 0.051571 0.032802 0.029403
v 0.051571 0.032802 0.029403
v 0.051571 0.032802 0.029403
v 0.051525 0.032740 0.029402
v 0.051525 0.032740 0.029402
v 0.051525 0.032740 0.029402
v 0.051525 0.032740 0.029402
v 0.051525 0.032740 0.029402
v 0.050214 0.031451 0.029779
v 0.050214 0.031451 0.029779
v 0.050214 0.031451 0.029779
v 0.050214 0.031451 0.029779
v 0.050214 0.031451 0.029779
v 0.051378 0.034851 0.028192
v 0.051378 0.034851 0.028192
v 0.051378 0.034851 0.028192
v 0.051378 0.034851 0.028192
v 0.051378 0.034851 0.028192
v 0.051378 0.034851 0.028192
v 0.051378 0.034851 0.028192
v 0.042462 0.033354 0.019961
v 0.042462 0.033354 0.019961
v 0.042462 0.033354 0.019961
v 0.042462 0.033354 0.019961
v 0.042462 0.033354 0.019961
v 0.042440 0.033338 0.019983
v 0.042440 0.033338 0.019983
v 0.042440 0.033338 0.019983
v 0.042440 0.033338 0.019983
v 0.043879 0.033846 0.021341
v 0.043879 0.033846 0.021341
v 0.043879 0.033846 0.021341
v 0.043879 0.033846 0.021341
v 0.043879 0.033846 0.021341
v 0.043879 0.033846 0.021341
v 0.043879 0.033846 0.021341
v 0.043879 0.033846 0.021341
v 0.042922 0.033971 0.019437
v 0.042922 0.033971 0.019437
v 0.042922 0.033971 0.019437
v 0.042922 0.033971 0.019437
v 0.042922 0.033971 0.019437
v 0.042922 0.033971 0.019437
v 0.042922 0.033971 0.019437
v 0.044706 0.034889 0.020569
v 0.044706 0.034889 0.020569
v 0.044706 0.034889 0.020569
v 0.044706 0.034889 0.020569
v 0.044706 0.034889 0.020569
v 0.044706 0.034889 0.020569
v 0.044706 0.034889 0.020569
v 0.043513 0.034883 0.018731
v 0.043513 0.034883 0.018731
v 0.043513 0.034883 0.018731
v 0.043513 0.034883 0.018731
v 0.043333 0.034523 0.018968
v 0.043333 0.034523 0.018968
v 0.043333 0.034523 0.018968
v 0.043333 0.034523 0.018968
v 0.045674 0.034893 0.022058
v 0.045674 0.034893 0.022058
v 0.045674 0.034893 0.022058
v 0.045674 0.034893 0.022058
v 0.045674 0.034893 0.022058
v 0.045674 0.034893 0.022058
v 0.045415 0.034155 0.022925
v 0.045415 0.034155 0.022925
v 0.045415 0.034155 0.022925
v 0.045415 0.034155 0.022925
v 0.045415 0.034155 0.022925
v 0.045415 0.034155 0.022925
v 0.045415 0.034155 0.022925
v 0.045415 0.034155 0.022925
v 0.046026 0.034892 0.022513
v 0.046026 0.034892 0.022513
v 0.046026 0.034892 0.022513
v 0.046026 0.034892 0.022513
v 0.049827 0.034869 0.026852
v 0.049827 0.034869 0.026852
v 0.049827 0.034869 0.026852
v 0.049827 0.034869 0.026852
v 0.049670 0.034870 0.026681
v 0.049670 0.034870 0.026681
v 0.049670 0.034870 0.026681
v 0.049670 0.034870 0.026681
v 0.049670 0.034870 0.026681
v 0.048803 0.033832 0.026850
v 0.048803 0.033832 0.026850
v 0.048803 0.033832 0.026850
v 0.048803 0.033832 0.026850
v 0.048803 0.033832 0.026850
v 0.048803 0.033832 0.026850
v 0.048803 0.033832 0.026850
v 0.048803 0.033832 0.026850
v 0.049201 0.034874 0.026172
v 0.049201 0.034874 0.026172
v 0.049201 0.034874 0.026172
v 0.049201 0.034874 0.026172
v 0.049201 0.034874 0.026172
v 0.048384 0.033948 0.026373
v 0.048384 0.033948 0.026373
v 0.048384 0.033948 0.026373
v 0.048384 0.033948 0.026373
v 0.048384 0.033948 0.026373
v 0.048384 0.033948 0.026373
v 0.047581 0.034886 0.024413
v 0.047581 0.034886 0.024413
v 0.047581 0.034886 0.024413
v 0.047581 0.034886 0.024413
v 0.047581 0.034886 0.024413
v 0.047581 0.034886 0.024413
v 0.046958 0.034189 0.024686
v 0.046958 0.034189 0.024686
v 0.046958 0.034189 0.024686
v 0.046958 0.034189 0.024686
v 0.046958 0.034189 0.024686
v 0.046958 0.034189 0.024686
v 0.047054 0.034890 0.023841
v 0.047054 0.034890 0.023841
v 0.047054 0.034890 0.023841
v 0.047054 0.034890 0.023841
v 0.047054 0.034890 0.023841
v 0.046220 0.034892 0.022764
v 0.046220 0.034892 0.022764
v 0.046220 0.034892 0.022764
v 0.046220 0.034892 0.022764
v 0.046220 0.034892 0.022764
v 0.050356 0.034863 0.027308
v 0.050356 0.034863 0.027308
v 0.050356 0.034863 0.027308
v 0.050356 0.034863 0.027308
v 0.050356 0.034863 0.027308
v 0.050187 0.033353 0.028264
v 0.050187 0.033353 0.028264
v 0.050187 0.033353 0.028264
v 0.050187 0.033353 0.028264
v 0.050187 0.033353 0.028264
v 0.050187 0.033353 0.028264
v 0.050187 0.033353 0.028264
v 0.050187 0.033353 0.028264
v 0.050187 0.033353 0.028264
v 0.048343 0.031819 0.028883
v 0.048343 0.031819 0.028883
v 0.048343 0.031819 0.028883
v 0.048343 0.031819 0.028883
v 0.048343 0.031819 0.028883
v 0.048343 0.031819 0.028883
v 0.048343 0.031819 0.028883
v 0.048343 0.031819 0.028883
v 0.046386 0.030984 0.030030
v 0.046386 0.030984 0.030030
v 0.046386 0.030984 0.030030
v 0.046386 0.030984 0.030030
v 0.046386 0.030984 0.030030
v 0.046386 0.030984 0.030030
v 0.046386 0.030984 0.030030
v 0.046386 0.030984 0.030030
v 0.044899 0.031713 0.028709
v 0.044899 0.031713 0.028709
v 0.044899 0.031713 0.028709
v 0.044899 0.031713 0.028709
v 0.044899 0.031713 0.028709
v 0.044899 0.031713 0.028709
v 0.044477 0.031888 0.028289
v 0.044477 0.031888 0.028289
v 0.044477 0.031888 0.028289
v 0.044477 0.031888 0.028289
v 0.044477 0.031888 0.028289
v 0.044477 0.031888 0.028289
v 0.044477 0.031888 0.028289
v 0.044477 0.031888 0.028289
v 0.041722 0.032471 0.025515
v 0.041722 0.032471 0.025515
v 0.041722 0.032471 0.025515
v 0.041722 0.032471 0.025515
v 0.041722 0.032471 0.025515
v 0.041722 0.032471 0.025515
v 0.041722 0.032471 0.025515
v 0.041722 0.032471 0.025515
v 0.041722 0.032471 0.025515
v 0.041722 0.032471 0.025515
v 0.041722 0.032471 0.025515
v 0.043119 0.032300 0.026894
v 0.043119 0.032300 0.026894
v 0.043119 0.032300 0.026894
v 0.043119 0.032300 0.026894
v 0.043119 0.032300 0.026894
v 0.043119 0.032300 0.026894
v 0.040023 0.032168 0.022192
v 0.040023 0.032168 0.022192
v 0.040023 0.032168 0.022192
v 0.040023 0.032168 0.022192
v 0.040023 0.032168 0.022192
v 0.042201 0.032706 0.022763
v 0.042201 0.032706 0.022763
v 0.042201 0.032706 0.022763
v 0.042201 0.032706 0.022763
v 0.042201 0.032706 0.022763
v 0.042201 0.032706 0.022763
v 0.042201 0.032706 0.022763
v 0.042201 0.032706 0.022763
v 0.042201 0.032706 0.022763
v 0.038915 0.032224 0.023048
v 0.038915 0.032224 0.023048
v 0.038915 0.032224 0.023048
v 0.038915 0.032224 0.023048
v 0.038915 0.032224 0.023048
v 0.038915 0.032224 0.023048
v 0.038915 0.032224 0.023048
v 0.039750 0.032182 0.022403
v 0.039750 0.032182 0.022403
v 0.039750 0.032182 0.022403
v 0.039750 0.032182 0.022403
v 0.042080 0.033082 0.020333
v 0.042080 0.033082 0.020333
v 0.042080 0.033082 0.020333
v 0.042080 0.033082 0.020333
v 0.042080 0.033082 0.020333
v 0.041334 0.032550 0.021060
v 0.041334 0.032550 0.021060
v 0.041334 0.032550 0.021060
v 0.041334 0.032550 0.021060
v 0.041334 0.032550 0.021060
v 0.041001 0.032453 0.021347
v 0.041001 0.032453 0.021347
v 0.041001 0.032453 0.021347
v 0.041001 0.032453 0.021347
v 0.040779 0.032388 0.021539
v 0.040779 0.032388 0.021539
v 0.040779 0.032388 0.021539
v 0.040779 0.032388 0.021539
v 0.040779 0.032388 0.021539
v 0.040779 0.032388 0.021539
v 0.046921 0.032390 0.027571
v 0.046921 0.032390 0.027571
v 0.046921 0.032390 0.027571
v 0.046921 0.032390 0.027571
v 0.046921 0.032390 0.027571
v 0.046921 0.032390 0.027571
v 0.046504 0.032527 0.027139
v 0.046504 0.032527 0.027139
v 0.046504 0.032527 0.027139
v 0.046504 0.032527 0.027139
v 0.046504 0.032527 0.027139
v 0.046504 0.032527 0.027139
v 0.045124 0.032834 0.025654
v 0.045124 0.032834 0.025654
v 0.045124 0.032834 0.025654
v 0.045124 0.032834 0.025654
v 0.045124 0.032834 0.025654
v 0.045124 0.032834 0.025654
v 0.043663 0.032890 0.024138
v 0.043663 0.032890 0.024138
v 0.043663 0.032890 0.024138
v 0.043663 0.032890 0.024138
v 0.043663 0.032890 0.024138
v 0.032421 0.029718 0.014297
v 0.032421 0.029718 0.014297
v 0.032421 0.029718 0.014297
v 0.032421 0.029718 0.014297
v 0.032421 0.029718 0.014297
v 0.032421 0.029718 0.014297
v 0.032421 0.029718 0.014297
v 0.032421 0.029718 0.014297
v 0.040272 0.034842 0.011391
v 0.040272 0.034842 0.011391
v 0.040272 0.034842 0.011391
v 0.040272 0.034842 0.011391
v 0.040146 0.034841 0.010924
v 0.040146 0.034841 0.010924
v 0.040146 0.034841 0.010924
v 0.040146 0.034841 0.010924
v 0.040146 0.034841 0.010924
v 0.039801 0.033573 0.011230
v 0.039801 0.033573 0.011230
v 0.039801 0.033573 0.011230
v 0.039801 0.033573 0.011230
v 0.039801 0.033573 0.011230
v 0.039801 0.033573 0.011230
v 0.039801 0.033573 0.011230
v 0.039801 0.033573 0.011230
v 0.039049 0.033550 0.008329
v 0.039049 0.033550 0.008329
v 0.039049 0.033550 0.008329
v 0.039049 0.033550 0.008329
v 0.039049 0.033550 0.008329
v 0.039333 0.033545 0.009394
v 0.039333 0.033545 0.009394
v 0.039333 0.033545 0.009394
v 0.039333 0.033545 0.009394
v 0.039333 0.033545 0.009394
v 0.039333 0.033545 0.009394
v 0.039333 0.033545 0.009394
v 0.039333 0.033545 0.009394
v 0.039343 0.034526 0.008150
v 0.039343 0.034526 0.008150
v 0.039343 0.034526 0.008150
v 0.039343 0.034526 0.008150
v 0.039343 0.034526 0.008150
v 0.039668 0.034837 0.009149
v 0.039668 0.034837 0.009149
v 0.039668 0.034837 0.009149
v 0.039668 0.034837 0.009149
v 0.039668 0.034837 0.009149
v 0.039668 0.034837 0.009149
v 0.039668 0.034837 0.009149
v 0.039387 0.034835 0.008105
v 0.039387 0.034835 0.008105
v 0.039387 0.034835 0.008105
v 0.039387 0.034835 0.008105
v 0.042865 0.034876 0.017491
v 0.042865 0.034876 0.017491
v 0.042865 0.034876 0.017491
v 0.042865 0.034876 0.017491
v 0.042865 0.034876 0.017491
v 0.042865 0.034876 0.017491
v 0.041455 0.034858 0.014591
v 0.041455 0.034858 0.014591
v 0.041455 0.034858 0.014591
v 0.041455 0.034858 0.014591
v 0.041455 0.034858 0.014591
v 0.041086 0.033742 0.015203
v 0.041086 0.033742 0.015203
v 0.041086 0.033742 0.015203
v 0.041086 0.033742 0.015203
v 0.041086 0.033742 0.015203
v 0.041086 0.033742 0.015203
v 0.041086 0.033742 0.015203
v 0.041086 0.033742 0.015203
v 0.041452 0.034858 0.014583
v 0.041452 0.034858 0.014583
v 0.041452 0.034858 0.014583
v 0.041452 0.034858 0.014583
v 0.041452 0.034858 0.014583
v 0.040356 0.034843 0.011619
v 0.040356 0.034843 0.011619
v 0.040356 0.034843 0.011619
v 0.040356 0.034843 0.011619
v 0.040356 0.034843 0.011619
v 0.040356 0.034843 0.011619
v 0.043188 0.034880 0.018155
v 0.043188 0.034880 0.018155
v 0.043188 0.034880 0.018155
v 0.043188 0.034880 0.018155
v 0.043188 0.034880 0.018155
v 0.043188 0.034880 0.018155
v 0.040403 0.032624 0.015996
v 0.040403 0.032624 0.015996
v 0.040403 0.032624 0.015996
v 0.040403 0.032624 0.015996
v 0.040403 0.032624 0.015996
v 0.040403 0.032624 0.015996
v 0.040403 0.032624 0.015996
v 0.040403 0.032624 0.015996
v 0.039416 0.031702 0.016892
v 0.039416 0.031702 0.016892
v 0.039416 0.031702 0.016892
v 0.039416 0.031702 0.016892
v 0.039416 0.031702 0.016892
v 0.039416 0.031702 0.016892
v 0.039416 0.031702 0.016892
v 0.039416 0.031702 0.016892
v 0.039416 0.031702 0.016892
v 0.037521 0.031619 0.021174
v 0.037521 0.031619 0.021174
v 0.037521 0.031619 0.021174
v 0.037521 0.031619 0.021174
v 0.037521 0.031619 0.021174
v 0.037521 0.031619 0.021174
v 0.037521 0.031619 0.021174
v 0.037521 0.031619 0.021174
v 0.036777 0.030851 0.018709
v 0.036777 0.030851 0.018709
v 0.036777 0.030851 0.018709
v 0.036777 0.030851 0.018709
v 0.036777 0.030851 0.018709
v 0.036777 0.030851 0.018709
v 0.036777 0.030851 0.018709
v 0.036777 0.030851 0.018709
v 0.033867 0.029501 0.013843
v 0.033867 0.029501 0.013843
v 0.033867 0.029501 0.013843
v 0.033867 0.029501 0.013843
v 0.033867 0.029501 0.013843
v 0.033867 0.029501 0.013843
v 0.033867 0.029501 0.013843
v 0.034604 0.030094 0.016738
v 0.034604 0.030094 0.016738
v 0.034604 0.030094 0.016738
v 0.034604 0.030094 0.016738
v 0.034604 0.030094 0.016738
v 0.034604 0.030094 0.016738
v 0.034604 0.030094 0.016738
v 0.034604 0.030094 0.016738
v 0.034604 0.030094 0.016738
v 0.031123 0.029387 0.010679
v 0.031123 0.029387 0.010679
v 0.031123 0.029387 0.010679
v 0.031123 0.029387 0.010679
v 0.031123 0.029387 0.010679
v 0.031123 0.029387 0.010679
v 0.031923 0.029360 0.011908
v 0.031923 0.029360 0.011908
v 0.031923 0.029360 0.011908
v 0.031923 0.029360 0.011908
v 0.031923 0.029360 0.011908
v 0.031923 0.029360 0.011908
v 0.031923 0.029360 0.011908
v 0.031711 0.029229 0.010557
v 0.031711 0.029229 0.010557
v 0.031711 0.029229 0.010557
v 0.031711 0.029229 0.010557
v 0.032158 0.029108 0.010464
v 0.032158 0.029108 0.010464
v 0.032158 0.029108 0.010464
v 0.032158 0.029108 0.010464
v 0.032158 0.029108 0.010464
v 0.032158 0.029108 0.010464
v 0.033397 0.029203 0.011526
v 0.033397 0.029203 0.011526
v 0.033397 0.029203 0.011526
v 0.033397 0.029203 0.011526
v 0.033397 0.029203 0.011526
v 0.033397 0.029203 0.011526
v 0.033397 0.029203 0.011526
v 0.033397 0.029203 0.011526
v 0.033186 0.029116 0.010219
v 0.033186 0.029116 0.010219
v 0.033186 0.029116 0.010219
v 0.033186 0.029116 0.010219
v 0.034942 0.029411 0.011081
v 0.034942 0.029411 0.011081
v 0.034942 0.029411 0.011081
v 0.034942 0.029411 0.011081
v 0.034942 0.029411 0.011081
v 0.034942 0.029411 0.011081
v 0.034942 0.029411 0.011081
v 0.033906 0.029121 0.010047
v 0.033906 0.029121 0.010047
v 0.033906 0.029121 0.010047
v 0.033906 0.029121 0.010047
v 0.033906 0.029121 0.010047
v 0.033432 0.029118 0.010160
v 0.033432 0.029118 0.010160
v 0.033432 0.029118 0.010160
v 0.033432 0.029118 0.010160
v 0.036197 0.029983 0.009406
v 0.036197 0.029983 0.009406
v 0.036197 0.029983 0.009406
v 0.036197 0.029983 0.009406
v 0.036197 0.029983 0.009406
v 0.035757 0.029713 0.009541
v 0.035757 0.029713 0.009541
v 0.035757 0.029713 0.009541
v 0.035757 0.029713 0.009541
v 0.036426 0.030013 0.010606
v 0.036426 0.030013 0.010606
v 0.036426 0.030013 0.010606
v 0.036426 0.030013 0.010606
v 0.036426 0.030013 0.010606
v 0.036426 0.030013 0.010606
v 0.036426 0.030013 0.010606
v 0.036426 0.030013 0.010606
v 0.035570 0.029598 0.009598
v 0.035570 0.029598 0.009598
v 0.035570 0.029598 0.009598
v 0.035570 0.029598 0.009598
v 0.035570 0.029598 0.009598
v 0.034724 0.029356 0.009826
v 0.034724 0.029356 0.009826
v 0.034724 0.029356 0.009826
v 0.034724 0.029356 0.009826
v 0.034724 0.029356 0.009826
v 0.037710 0.030974 0.010142
v 0.037710 0.030974 0.010142
v 0.037710 0.030974 0.010142
v 0.037710 0.030974 0.010142
v 0.037710 0.030974 0.010142
v 0.037710 0.030974 0.010142
v 0.037710 0.030974 0.010142
v 0.037475 0.030955 0.008993
v 0.037475 0.030955 0.008993
v 0.037475 0.030955 0.008993
v 0.037475 0.030955 0.008993
v 0.037030 0.030494 0.009151
v 0.037030 0.030494 0.009151
v 0.037030 0.030494 0.009151
v 0.037030 0.030494 0.009151
v 0.037030 0.030494 0.009151
v 0.037489 0.030969 0.008988
v 0.037489 0.030969 0.008988
v 0.037489 0.030969 0.008988
v 0.037489 0.030969 0.008988
v 0.037489 0.030969 0.008988
v 0.038694 0.032194 0.009729
v 0.038694 0.032194 0.009729
v 0.038694 0.032194 0.009729
v 0.038694 0.032194 0.009729
v 0.038694 0.032194 0.009729
v 0.038694 0.032194 0.009729
v 0.038694 0.032194 0.009729
v 0.038694 0.032194 0.009729
v 0.038080 0.031581 0.008779
v 0.038080 0.031581 0.008779
v 0.038080 0.031581 0.008779
v 0.038080 0.031581 0.008779
v 0.038843 0.032865 0.008454
v 0.038843 0.032865 0.008454
v 0.038843 0.032865 0.008454
v 0.038843 0.032865 0.008454
v 0.038640 0.032524 0.008541
v 0.038640 0.032524 0.008541
v 0.038640 0.032524 0.008541
v 0.038640 0.032524 0.008541
v 0.038640 0.032524 0.008541
v 0.038442 0.032190 0.008625
v 0.038442 0.032190 0.008625
v 0.038442 0.032190 0.008625
v 0.038442 0.032190 0.008625
v 0.038442 0.032190 0.008625
v 0.035391 0.029643 0.013308
v 0.035391 0.029643 0.013308
v 0.035391 0.029643 0.013308
v 0.035391 0.029643 0.013308
v 0.035391 0.029643 0.013308
v 0.035391 0.029643 0.013308
v 0.036863 0.030181 0.012731
v 0.036863 0.030181 0.012731
v 0.036863 0.030181 0.012731
v 0.036863 0.030181 0.012731
v 0.036863 0.030181 0.012731
v 0.036863 0.030181 0.012731
v 0.036863 0.030181 0.012731
v 0.038147 0.031083 0.012163
v 0.038147 0.031083 0.012163
v 0.038147 0.031083 0.012163
v 0.038147 0.031083 0.012163
v 0.038147 0.031083 0.012163
v 0.039142 0.032256 0.011651
v 0.039142 0.032256 0.011651
v 0.039142 0.032256 0.011651
v 0.039142 0.032256 0.011651
v 0.039142 0.032256 0.011651
v 0.039142 0.032256 0.011651
v 0.036084 0.030125 0.016078
v 0.036084 0.030125 0.016078
v 0.036084 0.030125 0.016078
v 0.036084 0.030125 0.016078
v 0.036084 0.030125 0.016078
v 0.036084 0.030125 0.016078
v 0.037518 0.030545 0.015331
v 0.037518 0.030545 0.015331
v 0.037518 0.030545 0.015331
v 0.037518 0.030545 0.015331
v 0.037518 0.030545 0.015331
v 0.038173 0.031088 0.017824
v 0.038173 0.031088 0.017824
v 0.038173 0.031088 0.017824
v 0.038173 0.031088 0.017824
v 0.038173 0.031088 0.017824
v 0.038173 0.031088 0.017824
v 0.038886 0.031653 0.020212
v 0.038886 0.031653 0.020212
v 0.038886 0.031653 0.020212
v 0.038886 0.031653 0.020212
v 0.038886 0.031653 0.020212
v 0.038886 0.031653 0.020212
v 0.035791 0.029692 0.005349
v 0.035791 0.029692 0.005349
v 0.035791 0.029692 0.005349
v 0.035791 0.029692 0.005349
v 0.035791 0.029692 0.005349
v 0.035358 0.029483 0.005431
v 0.035358 0.029483 0.005431
v 0.035358 0.029483 0.005431
v 0.035358 0.029483 0.005431
v 0.035488 0.029557 0.007394
v 0.035488 0.029557 0.007394
v 0.035488 0.029557 0.007394
v 0.035488 0.029557 0.007394
v 0.035488 0.029557 0.007394
v 0.035488 0.029557 0.007394
v 0.035488 0.029557 0.007394
v 0.035488 0.029557 0.007394
v 0.035488 0.029557 0.007394
v 0.035488 0.029557 0.007394
v 0.035488 0.029557 0.007394
v 0.033141 0.028860 0.007884
v 0.033141 0.028860 0.007884
v 0.033141 0.028860 0.007884
v 0.033141 0.028860 0.007884
v 0.033141 0.028860 0.007884
v 0.033141 0.028860 0.007884
v 0.033141 0.028860 0.007884
v 0.033141 0.028860 0.007884
v 0.033141 0.028860 0.007884
v 0.033141 0.028860 0.007884
v 0.033141 0.028860 0.007884
v 0.039135 0.034833 0.006873
v 0.039135 0.034833 0.006873
v 0.039135 0.034833 0.006873
v 0.039135 0.034833 0.006873
v 0.039135 0.034833 0.006873
v 0.039135 0.034833 0.006873
v 0.039135 0.034833 0.006873
v 0.039041 0.034832 0.006246
v 0.039041 0.034832 0.006246
v 0.039041 0.034832 0.006246
v 0.039041 0.034832 0.006246
v 0.039041 0.034832 0.006246
v 0.039041 0.034832 0.006246
v 0.038352 0.032473 0.006597
v 0.038352 0.032473 0.006597
v 0.038352 0.032473 0.006597
v 0.038352 0.032473 0.006597
v 0.038352 0.032473 0.006597
v 0.038352 0.032473 0.006597
v 0.038352 0.032473 0.006597
v 0.038352 0.032473 0.006597
v 0.038352 0.032473 0.006597
v 0.038352 0.032473 0.006597
v 0.038901 0.034830 0.005319
v 0.038901 0.034830 0.005319
v 0.038901 0.034830 0.005319
v 0.038901 0.034830 0.005319
v 0.038744 0.034828 0.004273
v 0.038744 0.034828 0.004273
v 0.038744 0.034828 0.004273
v 0.038744 0.034828 0.004273
v 0.038744 0.034828 0.004273
v 0.038628 0.033918 0.004413
v 0.038628 0.033918 0.004413
v 0.038628 0.033918 0.004413
v 0.038628 0.033918 0.004413
v 0.038628 0.033918 0.004413
v 0.038136 0.032463 0.004675
v 0.038136 0.032463 0.004675
v 0.038136 0.032463 0.004675
v 0.038136 0.032463 0.004675
v 0.038136 0.032463 0.004675
v 0.038136 0.032463 0.004675
v 0.037228 0.030864 0.006954
v 0.037228 0.030864 0.006954
v 0.037228 0.030864 0.006954
v 0.037228 0.030864 0.006954
v 0.037228 0.030864 0.006954
v 0.037228 0.030864 0.006954
v 0.037228 0.030864 0.006954
v 0.037228 0.030864 0.006954
v 0.037228 0.030864 0.006954
v 0.037228 0.030864 0.006954
v 0.037228 0.030864 0.006954
v 0.030786 0.029044 0.008290
v 0.030786 0.029044 0.008290
v 0.030786 0.029044 0.008290
v 0.030786 0.029044 0.008290
v 0.030786 0.029044 0.008290
v 0.030786 0.029044 0.008290
v 0.030786 0.029044 0.008290
v 0.030786 0.029044 0.008290
v 0.030786 0.029044 0.008290
v 0.029897 0.029034 0.006175
v 0.029897 0.029034 0.006175
v 0.029897 0.029034 0.006175
v 0.029897 0.029034 0.006175
v 0.029897 0.029034 0.006175
v 0.029897 0.029034 0.006175
v 0.030665 0.028758 0.006117
v 0.030665 0.028758 0.006117
v 0.030665 0.028758 0.006117
v 0.030665 0.028758 0.006117
v 0.030665 0.028758 0.006117
v 0.030691 0.028749 0.006115
v 0.030691 0.028749 0.006115
v 0.030691 0.028749 0.006115
v 0.030691 0.028749 0.006115
v 0.030691 0.028749 0.006115
v 0.032298 0.028619 0.005932
v 0.032298 0.028619 0.005932
v 0.032298 0.028619 0.005932
v 0.032298 0.028619 0.005932
v 0.032298 0.028619 0.005932
v 0.032470 0.028605 0.005913
v 0.032470 0.028605 0.005913
v 0.032470 0.028605 0.005913
v 0.032470 0.028605 0.005913
v 0.034677 0.029155 0.005561
v 0.034677 0.029155 0.005561
v 0.034677 0.029155 0.005561
v 0.034677 0.029155 0.005561
v 0.034209 0.028929 0.005651
v 0.034209 0.028929 0.005651
v 0.034209 0.028929 0.005651
v 0.034209 0.028929 0.005651
v 0.034209 0.028929 0.005651
v 0.033032 0.028710 0.005828
v 0.033032 0.028710 0.005828
v 0.033032 0.028710 0.005828
v 0.033032 0.028710 0.005828
v 0.033032 0.028710 0.005828
v 0.036721 0.030501 0.005121
v 0.036721 0.030501 0.005121
v 0.036721 0.030501 0.005121
v 0.036721 0.030501 0.005121
v 0.036721 0.030501 0.005121
v 0.038134 0.032458 0.004675
v 0.038134 0.032458 0.004675
v 0.038134 0.032458 0.004675
v 0.038134 0.032458 0.004675
v 0.038074 0.032282 0.004707
v 0.038074 0.032282 0.004707
v 0.038074 0.032282 0.004707
v 0.038074 0.032282 0.004707
v 0.038074 0.032282 0.004707
v 0.037108 0.030837 0.005026
v 0.037108 0.030837 0.005026
v 0.037108 0.030837 0.005026
v 0.037108 0.030837 0.005026
v 0.037108 0.030837 0.005026
v 0.034747 0.029013 0.004458
v 0.034747 0.029013 0.004458
v 0.034747 0.029013 0.004458
v 0.034747 0.029013 0.004458
v 0.034747 0.029013 0.004458
v 0.034747 0.029013 0.004458
v 0.034747 0.029013 0.004458
v 0.034747 0.029013 0.004458
v 0.034747 0.029013 0.004458
v 0.034747 0.029013 0.004458
v 0.034747 0.029013 0.004458
v 0.034747 0.029013 0.004458
v 0.037691 0.031537 0.002662
v 0.037691 0.031537 0.002662
v 0.037691 0.031537 0.002662
v 0.037691 0.031537 0.002662
v 0.037691 0.031537 0.002662
v 0.036824 0.030403 0.002966
v 0.036824 0.030403 0.002966
v 0.036824 0.030403 0.002966
v 0.036824 0.030403 0.002966
v 0.036824 0.030403 0.002966
v 0.036764 0.030423 0.004025
v 0.036764 0.030423 0.004025
v 0.036764 0.030423 0.004025
v 0.036764 0.030423 0.004025
v 0.036764 0.030423 0.004025
v 0.036764 0.030423 0.004025
v 0.036764 0.030423 0.004025
v 0.036764 0.030423 0.004025
v 0.036764 0.030423 0.004025
v 0.029916 0.028727 0.004942
v 0.029916 0.028727 0.004942
v 0.029916 0.028727 0.004942
v 0.029916 0.028727 0.004942
v 0.029916 0.028727 0.004942
v 0.029916 0.028727 0.004942
v 0.029916 0.028727 0.004942
v 0.029916 0.028727 0.004942
v 0.029916 0.028727 0.004942
v 0.029916 0.028727 0.004942
v 0.028758 0.029189 0.004957
v 0.028758 0.029189 0.004957
v 0.028758 0.029189 0.004957
v 0.028758 0.029189 0.004957
v 0.028758 0.029189 0.004957
v 0.028758 0.029189 0.004957
v 0.032353 0.028427 0.004777
v 0.032353 0.028427 0.004777
v 0.032353 0.028427 0.004777
v 0.032353 0.028427 0.004777
v 0.032353 0.028427 0.004777
v 0.032353 0.028427 0.004777
v 0.032353 0.028427 0.004777
v 0.032353 0.028427 0.004777
v 0.032353 0.028427 0.004777
v 0.031934 0.028195 0.003718
v 0.031934 0.028195 0.003718
v 0.031934 0.028195 0.003718
v 0.031934 0.028195 0.003718
v 0.031934 0.028195 0.003718
v 0.030202 0.028388 0.003759
v 0.030202 0.028388 0.003759
v 0.030202 0.028388 0.003759
v 0.030202 0.028388 0.003759
v 0.030202 0.028388 0.003759
v 0.028546 0.029015 0.003696
v 0.028546 0.029015 0.003696
v 0.028546 0.029015 0.003696
v 0.028546 0.029015 0.003696
v 0.030063 0.028441 0.003754
v 0.030063 0.028441 0.003754
v 0.030063 0.028441 0.003754
v 0.030063 0.028441 0.003754
v 0.030063 0.028441 0.003754
v 0.030130 0.028415 0.003756
v 0.030130 0.028415 0.003756
v 0.030130 0.028415 0.003756
v 0.030130 0.028415 0.003756
v 0.030130 0.028415 0.003756
v 0.030130 0.028415 0.003756
v 0.034866 0.028944 0.003399
v 0.034866 0.028944 0.003399
v 0.034866 0.028944 0.003399
v 0.034866 0.028944 0.003399
v 0.034866 0.028944 0.003399
v 0.033669 0.028442 0.003574
v 0.033669 0.028442 0.003574
v 0.033669 0.028442 0.003574
v 0.033669 0.028442 0.003574
v 0.033648 0.028439 0.003576
v 0.033648 0.028439 0.003576
v 0.033648 0.028439 0.003576
v 0.033648 0.028439 0.003576
v 0.033648 0.028439 0.003576
v 0.032501 0.028275 0.003671
v 0.032501 0.028275 0.003671
v 0.032501 0.028275 0.003671
v 0.032501 0.028275 0.003671
v 0.032501 0.028275 0.003671
v 0.036659 0.030187 0.003024
v 0.036659 0.030187 0.003024
v 0.036659 0.030187 0.003024
v 0.036659 0.030187 0.003024
v 0.036647 0.030171 0.003028
v 0.036647 0.030171 0.003028
v 0.036647 0.030171 0.003028
v 0.036647 0.030171 0.003028
v 0.036647 0.030171 0.003028
v 0.035275 0.029116 0.003339
v 0.035275 0.029116 0.003339
v 0.035275 0.029116 0.003339
v 0.035275 0.029116 0.003339
v 0.035275 0.029116 0.003339
v 0.038337 0.033122 0.002264
v 0.038337 0.033122 0.002264
v 0.038337 0.033122 0.002264
v 0.038337 0.033122 0.002264
v 0.038068 0.032462 0.002430
v 0.038068 0.032462 0.002430
v 0.038068 0.032462 0.002430
v 0.038068 0.032462 0.002430
v 0.038068 0.032462 0.002430
v 0.038110 0.032446 0.003543
v 0.038110 0.032446 0.003543
v 0.038110 0.032446 0.003543
v 0.038110 0.032446 0.003543
v 0.038110 0.032446 0.003543
v 0.038110 0.032446 0.003543
v 0.038110 0.032446 0.003543
v 0.038110 0.032446 0.003543
v 0.038110 0.032446 0.003543
v 0.038110 0.032446 0.003543
v 0.038110 0.032446 0.003543
v 0.038645 0.034824 0.003070
v 0.038645 0.034824 0.003070
v 0.038645 0.034824 0.003070
v 0.038645 0.034824 0.003070
v 0.038645 0.034824 0.003070
v 0.038645 0.034824 0.003070
v 0.038546 0.034821 0.001862
v 0.038546 0.034821 0.001862
v 0.038546 0.034821 0.001862
v 0.038546 0.034821 0.001862
v 0.038546 0.034821 0.001862
v 0.038546 0.034821 0.001862
v 0.038344 0.033183 0.002250
v 0.038344 0.033183 0.002250
v 0.038344 0.033183 0.002250
v 0.038344 0.033183 0.002250
v 0.038344 0.033183 0.002250
v 0.030379 0.026664 -0.000215
v 0.030379 0.026664 -0.000215
v 0.030379 0.026664 -0.000215
v 0.030379 0.026664 -0.000215
v 0.030379 0.026664 -0.000215
v 0.030379 0.026664 -0.000215
v 0.030379 0.026664 -0.000215
v 0.031980 0.026511 -0.000130
v 0.031980 0.026511 -0.000130
v 0.031980 0.026511 -0.000130
v 0.031980 0.026511 -0.000130
v 0.031980 0.026511 -0.000130
v 0.031980 0.026511 -0.000130
v 0.032519 0.025131 -0.001686
v 0.032519 0.025131 -0.001686
v 0.032519 0.025131 -0.001686
v 0.032519 0.025131 -0.001686
v 0.032519 0.025131 -0.001686
v 0.032519 0.025131 -0.001686
v 0.032519 0.025131 -0.001686
v 0.032519 0.025131 -0.001686
v 0.034071 0.025412 -0.001962
v 0.034071 0.025412 -0.001962
v 0.034071 0.025412 -0.001962
v 0.034071 0.025412 -0.001962
v 0.034071 0.025412 -0.001962
v 0.034071 0.025412 -0.001962
v 0.034071 0.025412 -0.001962
v 0.038306 0.032400 -0.000190
v 0.038306 0.032400 -0.000190
v 0.038306 0.032400 -0.000190
v 0.038306 0.032400 -0.000190
v 0.038306 0.032400 -0.000190
v 0.038306 0.032400 -0.000190
v 0.038306 0.032400 -0.000190
v 0.038306 0.032400 -0.000190
v 0.038306 0.032400 -0.000190
v 0.038844 0.030919 -0.005070
v 0.038844 0.030919 -0.005070
v 0.038844 0.030919 -0.005070
v 0.038844 0.030919 -0.005070
v 0.038844 0.030919 -0.005070
v 0.038874 0.030680 -0.005261
v 0.038874 0.030680 -0.005261
v 0.038874 0.030680 -0.005261
v 0.038874 0.030680 -0.005261
v 0.038603 0.029434 -0.004614
v 0.038603 0.029434 -0.004614
v 0.038603 0.029434 -0.004614
v 0.038603 0.029434 -0.004614
v 0.038603 0.029434 -0.004614
v 0.038603 0.029434 -0.004614
v 0.038603 0.029434 -0.004614
v 0.028553 0.028715 0.002759
v 0.028553 0.028715 0.002759
v 0.028553 0.028715 0.002759
v 0.028553 0.028715 0.002759
v 0.028553 0.028715 0.002759
v 0.028553 0.028715 0.002759
v 0.028566 0.028203 0.001158
v 0.028566 0.028203 0.001158
v 0.028566 0.028203 0.001158
v 0.028566 0.028203 0.001158
v 0.028564 0.028287 0.001420
v 0.028564 0.028287 0.001420
v 0.028564 0.028287 0.001420
v 0.028564 0.028287 0.001420
v 0.028564 0.028287 0.001420
v 0.028564 0.028287 0.001420
v 0.028564 0.028287 0.001420
v 0.028852 0.027598 0.000322
v 0.028852 0.027598 0.000322
v 0.028852 0.027598 0.000322
v 0.028852 0.027598 0.000322
v 0.028852 0.027598 0.000322
v 0.030017 0.027735 0.001596
v 0.030017 0.027735 0.001596
v 0.030017 0.027735 0.001596
v 0.030017 0.027735 0.001596
v 0.030017 0.027735 0.001596
v 0.030017 0.027735 0.001596
v 0.030017 0.027735 0.001596
v 0.030017 0.027735 0.001596
v 0.030017 0.027735 0.001596
v 0.029114 0.027045 -0.000442
v 0.029114 0.027045 -0.000442
v 0.029114 0.027045 -0.000442
v 0.029114 0.027045 -0.000442
v 0.029114 0.027045 -0.000442
v 0.029114 0.027044 -0.000443
v 0.029114 0.027044 -0.000443
v 0.029114 0.027044 -0.000443
v 0.029114 0.027044 -0.000443
v 0.029114 0.027044 -0.000443
v 0.029868 0.025511 -0.001924
v 0.029868 0.025511 -0.001924
v 0.029868 0.025511 -0.001924
v 0.029868 0.025511 -0.001924
v 0.029868 0.025511 -0.001924
v 0.029868 0.025511 -0.001924
v 0.029868 0.025511 -0.001924
v 0.029442 0.026350 -0.001402
v 0.029442 0.026350 -0.001402
v 0.029442 0.026350 -0.001402
v 0.029442 0.026350 -0.001402
v 0.031062 0.025201 -0.001701
v 0.031062 0.025201 -0.001701
v 0.031062 0.025201 -0.001701
v 0.031062 0.025201 -0.001701
v 0.031062 0.025201 -0.001701
v 0.031481 0.024307 -0.002321
v 0.031481 0.024307 -0.002321
v 0.031481 0.024307 -0.002321
v 0.031481 0.024307 -0.002321
v 0.031481 0.024307 -0.002321
v 0.031481 0.024307 -0.002321
v 0.031481 0.024307 -0.002321
v 0.030847 0.024452 -0.002427
v 0.030847 0.024452 -0.002427
v 0.030847 0.024452 -0.002427
v 0.030847 0.024452 -0.002427
v 0.030847 0.024452 -0.002427
v 0.030847 0.024452 -0.002427
v 0.030847 0.024452 -0.002427
v 0.030847 0.024452 -0.002427
v 0.030751 0.023773 -0.003006
v 0.030751 0.023773 -0.003006
v 0.030751 0.023773 -0.003006
v 0.030751 0.023773 -0.003006
v 0.030751 0.023773 -0.003006
v 0.030751 0.023773 -0.003006
v 0.030751 0.023773 -0.003006
v 0.030376 0.024511 -0.002547
v 0.030376 0.024511 -0.002547
v 0.030376 0.024511 -0.002547
v 0.030376 0.024511 -0.002547
v 0.030337 0.024589 -0.002498
v 0.030337 0.024589 -0.002498
v 0.030337 0.024589 -0.002498
v 0.030337 0.024589 -0.002498
v 0.038070 0.026819 -0.004956
v 0.038070 0.026819 -0.004956
v 0.038070 0.026819 -0.004956
v 0.038070 0.026819 -0.004956
v 0.038070 0.026819 -0.004956
v 0.038070 0.026819 -0.004956
v 0.038070 0.026819 -0.004956
v 0.038070 0.026819 -0.004956
v 0.038070 0.026819 -0.004956
v 0.038070 0.026819 -0.004956
v 0.039082 0.029026 -0.006582
v 0.039082 0.029026 -0.006582
v 0.039082 0.029026 -0.006582
v 0.039082 0.029026 -0.006582
v 0.039082 0.029026 -0.006582
v 0.039082 0.029026 -0.006582
v 0.039269 0.027251 -0.007536
v 0.039269 0.027251 -0.007536
v 0.039269 0.027251 -0.007536
v 0.039269 0.027251 -0.007536
v 0.039269 0.027251 -0.007536
v 0.039331 0.026663 -0.007853
v 0.039331 0.026663 -0.007853
v 0.039331 0.026663 -0.007853
v 0.039331 0.026663 -0.007853
v 0.039331 0.026663 -0.007853
v 0.039331 0.026663 -0.007853
v 0.039331 0.026663 -0.007853
v 0.038492 0.025210 -0.006325
v 0.038492 0.025210 -0.006325
v 0.038492 0.025210 -0.006325
v 0.038492 0.025210 -0.006325
v 0.038492 0.025210 -0.006325
v 0.038492 0.025210 -0.006325
v 0.038517 0.033707 -0.001133
v 0.038517 0.033707 -0.001133
v 0.038517 0.033707 -0.001133
v 0.038517 0.033707 -0.001133
v 0.038517 0.033707 -0.001133
v 0.038608 0.032799 -0.002701
v 0.038608 0.032799 -0.002701
v 0.038608 0.032799 -0.002701
v 0.038608 0.032799 -0.002701
v 0.038608 0.032799 -0.002701
v 0.038381 0.031387 -0.002217
v 0.038381 0.031387 -0.002217
v 0.038381 0.031387 -0.002217
v 0.038381 0.031387 -0.002217
v 0.038381 0.031387 -0.002217
v 0.038381 0.031387 -0.002217
v 0.038381 0.031387 -0.002217
v 0.038381 0.031387 -0.002217
v 0.038637 0.032505 -0.003208
v 0.038637 0.032505 -0.003208
v 0.038637 0.032505 -0.003208
v 0.038637 0.032505 -0.003208
v 0.038637 0.032505 -0.003208
v 0.038517 0.033906 -0.000627
v 0.038517 0.033906 -0.000627
v 0.038517 0.033906 -0.000627
v 0.038517 0.033906 -0.000627
v 0.038517 0.033906 -0.000627
v 0.038517 0.033781 -0.000945
v 0.038517 0.033781 -0.000945
v 0.038517 0.033781 -0.000945
v 0.038517 0.033781 -0.000945
v 0.038519 0.034626 0.001198
v 0.038519 0.034626 0.001198
v 0.038519 0.034626 0.001198
v 0.038519 0.034626 0.001198
v 0.038519 0.034626 0.001198
v 0.037675 0.030850 0.000297
v 0.037675 0.030850 0.000297
v 0.037675 0.030850 0.000297
v 0.037675 0.030850 0.000297
v 0.037675 0.030850 0.000297
v 0.037675 0.030850 0.000297
v 0.037675 0.030850 0.000297
v 0.036616 0.029470 0.000762
v 0.036616 0.029470 0.000762
v 0.036616 0.029470 0.000762
v 0.036616 0.029470 0.000762
v 0.036616 0.029470 0.000762
v 0.036616 0.029470 0.000762
v 0.036616 0.029470 0.000762
v 0.036616 0.029470 0.000762
v 0.033512 0.027719 0.001459
v 0.033512 0.027719 0.001459
v 0.033512 0.027719 0.001459
v 0.033512 0.027719 0.001459
v 0.033512 0.027719 0.001459
v 0.033512 0.027719 0.001459
v 0.033512 0.027719 0.001459
v 0.033512 0.027719 0.001459
v 0.035189 0.028391 0.001163
v 0.035189 0.028391 0.001163
v 0.035189 0.028391 0.001163
v 0.035189 0.028391 0.001163
v 0.035189 0.028391 0.001163
v 0.035189 0.028391 0.001163
v 0.031737 0.027504 0.001613
v 0.031737 0.027504 0.001613
v 0.031737 0.027504 0.001613
v 0.031737 0.027504 0.001613
v 0.031737 0.027504 0.001613
v 0.031737 0.027504 0.001613
v 0.031737 0.027504 0.001613
v 0.036057 0.023721 -0.004250
v 0.036057 0.023721 -0.004250
v 0.036057 0.023721 -0.004250
v 0.036057 0.023721 -0.004250
v 0.036057 0.023721 -0.004250
v 0.036057 0.023721 -0.004250
v 0.035972 0.023691 -0.004199
v 0.035972 0.023691 -0.004199
v 0.035972 0.023691 -0.004199
v 0.035972 0.023691 -0.004199
v 0.035763 0.025037 -0.003344
v 0.035763 0.025037 -0.003344
v 0.035763 0.025037 -0.003344
v 0.035763 0.025037 -0.003344
v 0.035763 0.025037 -0.003344
v 0.035763 0.025037 -0.003344
v 0.035763 0.025037 -0.003344
v 0.035763 0.025037 -0.003344
v 0.035940 0.023680 -0.004179
v 0.035940 0.023680 -0.004179
v 0.035940 0.023680 -0.004179
v 0.035940 0.023680 -0.004179
v 0.031942 0.023326 -0.002925
v 0.031942 0.023326 -0.002925
v 0.031942 0.023326 -0.002925
v 0.031942 0.023326 -0.002925
v 0.031934 0.023327 -0.002925
v 0.031934 0.023327 -0.002925
v 0.031934 0.023327 -0.002925
v 0.031934 0.023327 -0.002925
v 0.031579 0.023366 -0.002896
v 0.031579 0.023366 -0.002896
v 0.031579 0.023366 -0.002896
v 0.031579 0.023366 -0.002896
v 0.031579 0.023366 -0.002896
v 0.031579 0.023366 -0.002896
v 0.031339 0.023456 -0.002954
v 0.031339 0.023456 -0.002954
v 0.031339 0.023456 -0.002954
v 0.031339 0.023456 -0.002954
v 0.031339 0.023456 -0.002954
v 0.031334 0.023458 -0.002955
v 0.031334 0.023458 -0.002955
v 0.031334 0.023458 -0.002955
v 0.031334 0.023458 -0.002955
v 0.031334 0.023458 -0.002955
v 0.030812 0.023654 -0.003080
v 0.030812 0.023654 -0.003080
v 0.030812 0.023654 -0.003080
v 0.030812 0.023654 -0.003080
v 0.030812 0.023654 -0.003080
v 0.030812 0.023654 -0.003080
v 0.030812 0.023654 -0.003080
v 0.033243 0.023180 -0.003032
v 0.033243 0.023180 -0.003032
v 0.033243 0.023180 -0.003032
v 0.033243 0.023180 -0.003032
v 0.033243 0.023180 -0.003032
v 0.033243 0.023180 -0.003032
v 0.033243 0.023180 -0.003032
v 0.035717 0.023602 -0.004045
v 0.035717 0.023602 -0.004045
v 0.035717 0.023602 -0.004045
v 0.035717 0.023602 -0.004045
v 0.034585 0.023402 -0.003574
v 0.034585 0.023402 -0.003574
v 0.034585 0.023402 -0.003574
v 0.034585 0.023402 -0.003574
v 0.034585 0.023402 -0.003574
v 0.034585 0.023402 -0.003574
v 0.033293 0.023174 -0.003036
v 0.033293 0.023174 -0.003036
v 0.033293 0.023174 -0.003036
v 0.033293 0.023174 -0.003036
v 0.033293 0.023174 -0.003036
v 0.033261 0.023178 -0.003033
v 0.033261 0.023178 -0.003033
v 0.033261 0.023178 -0.003033
v 0.033261 0.023178 -0.003033
v 0.039081 0.029037 -0.006576
v 0.039081 0.029037 -0.006576
v 0.039081 0.029037 -0.006576
v 0.039081 0.029037 -0.006576
v 0.037938 0.028154 -0.003861
v 0.037938 0.028154 -0.003861
v 0.037938 0.028154 -0.003861
v 0.037938 0.028154 -0.003861
v 0.037938 0.028154 -0.003861
v 0.037938 0.028154 -0.003861
v 0.036909 0.026990 -0.003121
v 0.036909 0.026990 -0.003121
v 0.036909 0.026990 -0.003121
v 0.036909 0.026990 -0.003121
v 0.036909 0.026990 -0.003121
v 0.035582 0.026047 -0.002464
v 0.035582 0.026047 -0.002464
v 0.035582 0.026047 -0.002464
v 0.035582 0.026047 -0.002464
v 0.035582 0.026047 -0.002464
v 0.035582 0.026047 -0.002464
v 0.037751 0.029904 -0.001651
v 0.037751 0.029904 -0.001651
v 0.037751 0.029904 -0.001651
v 0.037751 0.029904 -0.001651
v 0.037751 0.029904 -0.001651
v 0.037751 0.029904 -0.001651
v 0.036705 0.028554 -0.001101
v 0.036705 0.028554 -0.001101
v 0.036705 0.028554 -0.001101
v 0.036705 0.028554 -0.001101
v 0.036705 0.028554 -0.001101
v 0.036705 0.028554 -0.001101
v 0.035305 0.027473 -0.000625
v 0.035305 0.027473 -0.000625
v 0.035305 0.027473 -0.000625
v 0.035305 0.027473 -0.000625
v 0.035305 0.027473 -0.000625
v 0.035305 0.027473 -0.000625
v 0.033675 0.026775 -0.000283
v 0.033675 0.026775 -0.000283
v 0.033675 0.026775 -0.000283
v 0.033675 0.026775 -0.000283
v 0.033675 0.026775 -0.000283
v 0.033675 0.026775 -0.000283
v 0.038166 0.025010 -0.006047
v 0.038166 0.025010 -0.006047
v 0.038166 0.025010 -0.006047
v 0.038166 0.025010 -0.006047
v 0.038166 0.025010 -0.006047
v 0.038128 0.024987 -0.006015
v 0.038128 0.024987 -0.006015
v 0.038128 0.024987 -0.006015
v 0.038128 0.024987 -0.006015
v 0.041278 -0.027784 0.008539
v 0.041278 -0.027784 0.008539
v 0.041278 -0.027784 0.008539
v 0.041278 -0.027784 0.008539
v 0.041278 -0.027784 0.008539
v 0.041278 -0.027784 0.008539
v 0.040938 -0.027682 0.008734
v 0.040938 -0.027682 0.008734
v 0.040938 -0.027682 0.008734
v 0.040938 -0.027682 0.008734
v 0.040938 -0.027682 0.008734
v 0.038358 -0.026132 0.005144
v 0.038358 -0.026132 0.005144
v 0.038358 -0.026132 0.005144
v 0.038358 -0.026132 0.005144
v 0.038358 -0.026132 0.005144
v 0.038358 -0.026132 0.005144
v 0.038358 -0.026132 0.005144
v 0.038358 -0.026132 0.005144
v 0.038358 -0.026132 0.005144
v 0.038358 -0.026132 0.005144
v 0.032904 -0.026522 0.004284
v 0.032904 -0.026522 0.004284
v 0.032904 -0.026522 0.004284
v 0.032904 -0.026522 0.004284
v 0.032301 -0.026162 0.002611
v 0.032301 -0.026162 0.002611
v 0.032301 -0.026162 0.002611
v 0.032301 -0.026162 0.002611
v 0.032301 -0.026162 0.002611
v 0.032301 -0.026162 0.002611
v 0.034511 -0.025245 0.002460
v 0.034511 -0.025245 0.002460
v 0.034511 -0.025245 0.002460
v 0.034511 -0.025245 0.002460
v 0.034511 -0.025245 0.002460
v 0.034511 -0.025245 0.002460
v 0.034511 -0.025245 0.002460
v 0.034511 -0.025245 0.002460
v 0.032708 -0.024026 -0.001006
v 0.032708 -0.024026 -0.001006
v 0.032708 -0.024026 -0.001006
v 0.032708 -0.024026 -0.001006
v 0.032708 -0.024026 -0.001006
v 0.033184 -0.023866 -0.001077
v 0.033184 -0.023866 -0.001077
v 0.033184 -0.023866 -0.001077
v 0.033184 -0.023866 -0.001077
v 0.033184 -0.023866 -0.001077
v 0.033287 -0.023990 -0.000759
v 0.033287 -0.023990 -0.000759
v 0.033287 -0.023990 -0.000759
v 0.033287 -0.023990 -0.000759
v 0.033287 -0.023990 -0.000759
v 0.033287 -0.023990 -0.000759
v 0.033287 -0.023990 -0.000759
v 0.033287 -0.023990 -0.000759
v 0.034185 -0.023529 -0.001225
v 0.034185 -0.023529 -0.001225
v 0.034185 -0.023529 -0.001225
v 0.034185 -0.023529 -0.001225
v 0.035471 -0.023376 -0.001570
v 0.035471 -0.023376 -0.001570
v 0.035471 -0.023376 -0.001570
v 0.035471 -0.023376 -0.001570
v 0.035471 -0.023376 -0.001570
v 0.035685 -0.023687 -0.001010
v 0.035685 -0.023687 -0.001010
v 0.035685 -0.023687 -0.001010
v 0.035685 -0.023687 -0.001010
v 0.035685 -0.023687 -0.001010
v 0.035685 -0.023687 -0.001010
v 0.035685 -0.023687 -0.001010
v 0.035685 -0.023687 -0.001010
v 0.042558 -0.028986 0.004790
v 0.042558 -0.028986 0.004790
v 0.042558 -0.028986 0.004790
v 0.042558 -0.028986 0.004790
v 0.042558 -0.028986 0.004790
v 0.043339 -0.029507 0.007001
v 0.043339 -0.029507 0.007001
v 0.043339 -0.029507 0.007001
v 0.043339 -0.029507 0.007001
v 0.042674 -0.028760 0.007557
v 0.042674 -0.028760 0.007557
v 0.042674 -0.028760 0.007557
v 0.042674 -0.028760 0.007557
v 0.042674 -0.028760 0.007557
v 0.042674 -0.028760 0.007557
v 0.042248 -0.028754 0.003769
v 0.042248 -0.028754 0.003769
v 0.042248 -0.028754 0.003769
v 0.042248 -0.028754 0.003769
v 0.042248 -0.028754 0.003769
v 0.042248 -0.028754 0.003769
v 0.042328 -0.028833 0.004139
v 0.042328 -0.028833 0.004139
v 0.042328 -0.028833 0.004139
v 0.042328 -0.028833 0.004139
v 0.040419 -0.026978 0.004332
v 0.040419 -0.026978 0.004332
v 0.040419 -0.026978 0.004332
v 0.040419 -0.026978 0.004332
v 0.040419 -0.026978 0.004332
v 0.040419 -0.026978 0.004332
v 0.040419 -0.026978 0.004332
v 0.040419 -0.026978 0.004332
v 0.040419 -0.026978 0.004332
v 0.040419 -0.026978 0.004332
v 0.040419 -0.026978 0.004332
v 0.042168 -0.028674 0.003395
v 0.042168 -0.028674 0.003395
v 0.042168 -0.028674 0.003395
v 0.042168 -0.028674 0.003395
v 0.042025 -0.028520 0.003468
v 0.042025 -0.028520 0.003468
v 0.042025 -0.028520 0.003468
v 0.042025 -0.028520 0.003468
v 0.042025 -0.028520 0.003468
v 0.041573 -0.028084 0.000629
v 0.041573 -0.028084 0.000629
v 0.041573 -0.028084 0.000629
v 0.041573 -0.028084 0.000629
v 0.041573 -0.028084 0.000629
v 0.040859 -0.027114 0.000535
v 0.040859 -0.027114 0.000535
v 0.040859 -0.027114 0.000535
v 0.040859 -0.027114 0.000535
v 0.040859 -0.027114 0.000535
v 0.040859 -0.027114 0.000535
v 0.040859 -0.027114 0.000535
v 0.040383 -0.026351 -0.000968
v 0.040383 -0.026351 -0.000968
v 0.040383 -0.026351 -0.000968
v 0.040383 -0.026351 -0.000968
v 0.040383 -0.026351 -0.000968
v 0.040383 -0.026351 -0.000968
v 0.040383 -0.026351 -0.000968
v 0.041340 -0.027612 -0.000881
v 0.041340 -0.027612 -0.000881
v 0.041340 -0.027612 -0.000881
v 0.041340 -0.027612 -0.000881
v 0.041340 -0.027612 -0.000881
v 0.041497 -0.027929 0.000135
v 0.041497 -0.027929 0.000135
v 0.041497 -0.027929 0.000135
v 0.041497 -0.027929 0.000135
v 0.040947 -0.026587 -0.003571
v 0.040947 -0.026587 -0.003571
v 0.040947 -0.026587 -0.003571
v 0.040947 -0.026587 -0.003571
v 0.040947 -0.026587 -0.003571
v 0.040947 -0.026587 -0.003571
v 0.041062 -0.027011 -0.002708
v 0.041062 -0.027011 -0.002708
v 0.041062 -0.027011 -0.002708
v 0.041062 -0.027011 -0.002708
v 0.039807 -0.025239 -0.002610
v 0.039807 -0.025239 -0.002610
v 0.039807 -0.025239 -0.002610
v 0.039807 -0.025239 -0.002610
v 0.039807 -0.025239 -0.002610
v 0.039807 -0.025239 -0.002610
v 0.039807 -0.025239 -0.002610
v 0.039807 -0.025239 -0.002610
v 0.039807 -0.025239 -0.002610
v 0.039807 -0.025239 -0.002610
v 0.041085 -0.027094 -0.002538
v 0.041085 -0.027094 -0.002538
v 0.041085 -0.027094 -0.002538
v 0.041085 -0.027094 -0.002538
v 0.041085 -0.027094 -0.002538
v 0.041085 -0.027094 -0.002538
v 0.041233 -0.027394 -0.001577
v 0.041233 -0.027394 -0.001577
v 0.041233 -0.027394 -0.001577
v 0.041233 -0.027394 -0.001577
v 0.041233 -0.027394 -0.001577
v 0.037908 -0.023658 -0.002640
v 0.037908 -0.023658 -0.002640
v 0.037908 -0.023658 -0.002640
v 0.037908 -0.023658 -0.002640
v 0.037908 -0.023658 -0.002640
v 0.038845 -0.023979 -0.003231
v 0.038845 -0.023979 -0.003231
v 0.038845 -0.023979 -0.003231
v 0.038845 -0.023979 -0.003231
v 0.038845 -0.023979 -0.003231
v 0.040701 -0.025577 -0.005448
v 0.040701 -0.025577 -0.005448
v 0.040701 -0.025577 -0.005448
v 0.040701 -0.025577 -0.005448
v 0.040780 -0.025977 -0.004813
v 0.040780 -0.025977 -0.004813
v 0.040780 -0.025977 -0.004813
v 0.040780 -0.025977 -0.004813
v 0.040043 -0.024787 -0.004399
v 0.040043 -0.024787 -0.004399
v 0.040043 -0.024787 -0.004399
v 0.040043 -0.024787 -0.004399
v 0.040043 -0.024787 -0.004399
v 0.040043 -0.024787 -0.004399
v 0.039397 -0.024351 -0.003769
v 0.039397 -0.024351 -0.003769
v 0.039397 -0.024351 -0.003769
v 0.039397 -0.024351 -0.003769
v 0.039397 -0.024351 -0.003769
v 0.039079 -0.024137 -0.003459
v 0.039079 -0.024137 -0.003459
v 0.039079 -0.024137 -0.003459
v 0.039079 -0.024137 -0.003459
v 0.035833 -0.023333 -0.001667
v 0.035833 -0.023333 -0.001667
v 0.035833 -0.023333 -0.001667
v 0.035833 -0.023333 -0.001667
v 0.035833 -0.023333 -0.001667
v 0.036578 -0.023408 -0.001981
v 0.036578 -0.023408 -0.001981
v 0.036578 -0.023408 -0.001981
v 0.036578 -0.023408 -0.001981
v 0.037926 -0.024123 -0.001650
v 0.037926 -0.024123 -0.001650
v 0.037926 -0.024123 -0.001650
v 0.037926 -0.024123 -0.001650
v 0.037926 -0.024123 -0.001650
v 0.037926 -0.024123 -0.001650
v 0.037926 -0.024123 -0.001650
v 0.037926 -0.024123 -0.001650
v 0.037926 -0.024123 -0.001650
v 0.037432 -0.023494 -0.002340
v 0.037432 -0.023494 -0.002340
v 0.037432 -0.023494 -0.002340
v 0.037432 -0.023494 -0.002340
v 0.037432 -0.023494 -0.002340
v 0.037616 -0.023557 -0.002456
v 0.037616 -0.023557 -0.002456
v 0.037616 -0.023557 -0.002456
v 0.037616 -0.023557 -0.002456
v 0.037616 -0.023557 -0.002456
v 0.033712 -0.023688 -0.001155
v 0.033712 -0.023688 -0.001155
v 0.033712 -0.023688 -0.001155
v 0.033712 -0.023688 -0.001155
v 0.033712 -0.023688 -0.001155
v 0.031093 -0.025009 -0.000952
v 0.031093 -0.025009 -0.000952
v 0.031093 -0.025009 -0.000952
v 0.031093 -0.025009 -0.000952
v 0.031093 -0.025009 -0.000952
v 0.031093 -0.025009 -0.000952
v 0.032056 -0.026016 0.001932
v 0.032056 -0.026016 0.001932
v 0.032056 -0.026016 0.001932
v 0.032056 -0.026016 0.001932
v 0.031737 -0.025683 0.000977
v 0.031737 -0.025683 0.000977
v 0.031737 -0.025683 0.000977
v 0.031737 -0.025683 0.000977
v 0.031737 -0.025683 0.000977
v 0.033962 -0.024738 0.000948
v 0.033962 -0.024738 0.000948
v 0.033962 -0.024738 0.000948
v 0.033962 -0.024738 0.000948
v 0.033962 -0.024738 0.000948
v 0.033962 -0.024738 0.000948
v 0.033962 -0.024738 0.000948
v 0.033962 -0.024738 0.000948
v 0.033962 -0.024738 0.000948
v 0.031143 -0.025062 -0.000801
v 0.031143 -0.025062 -0.000801
v 0.031143 -0.025062 -0.000801
v 0.031143 -0.025062 -0.000801
v 0.031143 -0.025062 -0.000801
v 0.031143 -0.025062 -0.000801
v 0.031094 -0.025010 -0.000950
v 0.031094 -0.025010 -0.000950
v 0.031094 -0.025010 -0.000950
v 0.031094 -0.025010 -0.000950
v 0.032098 -0.026041 0.002048
v 0.032098 -0.026041 0.002048
v 0.032098 -0.026041 0.002048
v 0.032098 -0.026041 0.002048
v 0.034014 -0.026914 0.006621
v 0.034014 -0.026914 0.006621
v 0.034014 -0.026914 0.006621
v 0.034014 -0.026914 0.006621
v 0.033820 -0.026855 0.006239
v 0.033820 -0.026855 0.006239
v 0.033820 -0.026855 0.006239
v 0.033820 -0.026855 0.006239
v 0.033820 -0.026855 0.006239
v 0.033820 -0.026855 0.006239
v 0.036025 -0.026080 0.005824
v 0.036025 -0.026080 0.005824
v 0.036025 -0.026080 0.005824
v 0.036025 -0.026080 0.005824
v 0.036025 -0.026080 0.005824
v 0.036025 -0.026080 0.005824
v 0.036025 -0.026080 0.005824
v 0.036025 -0.026080 0.005824
v 0.033706 -0.026821 0.006015
v 0.033706 -0.026821 0.006015
v 0.033706 -0.026821 0.006015
v 0.033706 -0.026821 0.006015
v 0.033706 -0.026821 0.006015
v 0.033706 -0.026821 0.006015
v 0.033095 -0.026635 0.004811
v 0.033095 -0.026635 0.004811
v 0.033095 -0.026635 0.004811
v 0.033095 -0.026635 0.004811
v 0.034413 -0.027035 0.007406
v 0.034413 -0.027035 0.007406
v 0.034413 -0.027035 0.007406
v 0.034413 -0.027035 0.007406
v 0.034413 -0.027035 0.007406
v 0.034413 -0.027035 0.007406
v 0.034413 -0.027035 0.007406
v 0.037490 -0.026680 0.007989
v 0.037490 -0.026680 0.007989
v 0.037490 -0.026680 0.007989
v 0.037490 -0.026680 0.007989
v 0.037490 -0.026680 0.007989
v 0.037490 -0.026680 0.007989
v 0.037490 -0.026680 0.007989
v 0.037490 -0.026680 0.007989
v 0.035249 -0.027320 0.008677
v 0.035249 -0.027320 0.008677
v 0.035249 -0.027320 0.008677
v 0.035249 -0.027320 0.008677
v 0.035249 -0.027320 0.008677
v 0.038450 -0.027350 0.010037
v 0.038450 -0.027350 0.010037
v 0.038450 -0.027350 0.010037
v 0.038450 -0.027350 0.010037
v 0.038450 -0.027350 0.010037
v 0.038259 -0.027349 0.010130
v 0.038259 -0.027349 0.010130
v 0.038259 -0.027349 0.010130
v 0.038259 -0.027349 0.010130
v 0.038259 -0.027349 0.010130
v 0.035345 -0.027353 0.008823
v 0.035345 -0.027353 0.008823
v 0.035345 -0.027353 0.008823
v 0.035345 -0.027353 0.008823
v 0.035345 -0.027353 0.008823
v 0.035345 -0.027353 0.008823
v 0.035345 -0.027353 0.008823
v 0.040370 -0.027513 0.009061
v 0.040370 -0.027513 0.009061
v 0.040370 -0.027513 0.009061
v 0.040370 -0.027513 0.009061
v 0.039868 -0.027363 0.009351
v 0.039868 -0.027363 0.009351
v 0.039868 -0.027363 0.009351
v 0.039868 -0.027363 0.009351
v 0.039868 -0.027363 0.009351
v 0.038821 -0.027354 0.009858
v 0.038821 -0.027354 0.009858
v 0.038821 -0.027354 0.009858
v 0.038821 -0.027354 0.009858
v 0.038821 -0.027354 0.009858
v 0.038821 -0.027354 0.009858
v 0.042544 -0.028613 0.007666
v 0.042544 -0.028613 0.007666
v 0.042544 -0.028613 0.007666
v 0.042544 -0.028613 0.007666
v 0.042070 -0.028303 0.007993
v 0.042070 -0.028303 0.007993
v 0.042070 -0.028303 0.007993
v 0.042070 -0.028303 0.007993
v 0.042070 -0.028303 0.007993
v 0.036354 -0.024523 0.000577
v 0.036354 -0.024523 0.000577
v 0.036354 -0.024523 0.000577
v 0.036354 -0.024523 0.000577
v 0.036354 -0.024523 0.000577
v 0.036354 -0.024523 0.000577
v 0.036896 -0.025100 0.002015
v 0.036896 -0.025100 0.002015
v 0.036896 -0.025100 0.002015
v 0.036896 -0.025100 0.002015
v 0.036896 -0.025100 0.002015
v 0.036896 -0.025100 0.002015
v 0.039078 -0.025749 0.001351
v 0.039078 -0.025749 0.001351
v 0.039078 -0.025749 0.001351
v 0.039078 -0.025749 0.001351
v 0.039078 -0.025749 0.001351
v 0.039078 -0.025749 0.001351
v 0.038561 -0.025085 -0.000084
v 0.038561 -0.025085 -0.000084
v 0.038561 -0.025085 -0.000084
v 0.038561 -0.025085 -0.000084
v 0.038561 -0.025085 -0.000084
v 0.038561 -0.025085 -0.000084
v 0.037894 -0.027860 0.011378
v 0.037894 -0.027860 0.011378
v 0.037894 -0.027860 0.011378
v 0.037894 -0.027860 0.011378
v 0.038833 -0.027637 0.010966
v 0.038833 -0.027637 0.010966
v 0.038833 -0.027637 0.010966
v 0.038833 -0.027637 0.010966
v 0.038833 -0.027637 0.010966
v 0.038833 -0.027637 0.010966
v 0.043703 -0.029704 0.007848
v 0.043703 -0.029704 0.007848
v 0.043703 -0.029704 0.007848
v 0.043703 -0.029704 0.007848
v 0.043703 -0.029704 0.007848
v 0.042361 -0.028604 0.008868
v 0.042361 -0.028604 0.008868
v 0.042361 -0.028604 0.008868
v 0.042361 -0.028604 0.008868
v 0.042361 -0.028604 0.008868
v 0.042361 -0.028604 0.008868
v 0.042361 -0.028604 0.008868
v 0.040708 -0.027871 0.009935
v 0.040708 -0.027871 0.009935
v 0.040708 -0.027871 0.009935
v 0.040708 -0.027871 0.009935
v 0.040708 -0.027871 0.009935
v 0.040708 -0.027871 0.009935
v 0.040708 -0.027871 0.009935
v 0.041656 -0.028027 0.009403
v 0.041656 -0.028027 0.009403
v 0.041656 -0.028027 0.009403
v 0.041656 -0.028027 0.009403
v 0.041656 -0.028027 0.009403
v 0.042064 -0.028361 0.009093
v 0.042064 -0.028361 0.009093
v 0.042064 -0.028361 0.009093
v 0.042064 -0.028361 0.009093
v 0.042064 -0.028361 0.009093
v 0.039015 -0.027594 0.010886
v 0.039015 -0.027594 0.010886
v 0.039015 -0.027594 0.010886
v 0.039015 -0.027594 0.010886
v 0.039015 -0.027594 0.010886
v 0.039015 -0.027594 0.010886
v 0.040049 -0.027763 0.010305
v 0.040049 -0.027763 0.010305
v 0.040049 -0.027763 0.010305
v 0.040049 -0.027763 0.010305
v 0.040049 -0.027763 0.010305
v 0.041024 -0.028182 0.012322
v 0.041024 -0.028182 0.012322
v 0.041024 -0.028182 0.012322
v 0.041024 -0.028182 0.012322
v 0.041024 -0.028182 0.012322
v 0.041024 -0.028182 0.012322
v 0.041024 -0.028182 0.012322
v 0.041024 -0.028182 0.012322
v 0.041024 -0.028182 0.012322
v 0.038908 -0.028481 0.013530
v 0.038908 -0.028481 0.013530
v 0.038908 -0.028481 0.013530
v 0.038908 -0.028481 0.013530
v 0.038908 -0.028481 0.013530
v 0.038908 -0.028481 0.013530
v 0.038908 -0.028481 0.013530
v 0.038908 -0.028481 0.013530
v 0.042292 -0.028906 0.014411
v 0.042292 -0.028906 0.014411
v 0.042292 -0.028906 0.014411
v 0.042292 -0.028906 0.014411
v 0.042292 -0.028906 0.014411
v 0.042292 -0.028906 0.014411
v 0.042292 -0.028906 0.014411
v 0.042959 -0.029286 0.015312
v 0.042959 -0.029286 0.015312
v 0.042959 -0.029286 0.015312
v 0.042959 -0.029286 0.015312
v 0.042959 -0.029286 0.015312
v 0.042959 -0.029286 0.015312
v 0.042959 -0.029286 0.015312
v 0.042959 -0.029286 0.015312
v 0.042959 -0.029286 0.015312
v 0.042959 -0.029286 0.015312
v 0.042959 -0.029286 0.015312
v 0.046711 -0.031124 0.019353
v 0.046711 -0.031124 0.019353
v 0.046711 -0.031124 0.019353
v 0.046711 -0.031124 0.019353
v 0.046711 -0.031124 0.019353
v 0.046711 -0.031124 0.019353
v 0.046711 -0.031124 0.019353
v 0.048540 -0.031694 0.014563
v 0.048540 -0.031694 0.014563
v 0.048540 -0.031694 0.014563
v 0.048540 -0.031694 0.014563
v 0.049455 -0.031915 0.015408
v 0.049455 -0.031915 0.015408
v 0.049455 -0.031915 0.015408
v 0.049455 -0.031915 0.015408
v 0.048217 -0.031113 0.017379
v 0.048217 -0.031113 0.017379
v 0.048217 -0.031113 0.017379
v 0.048217 -0.031113 0.017379
v 0.048217 -0.031113 0.017379
v 0.048217 -0.031113 0.017379
v 0.048217 -0.031113 0.017379
v 0.048217 -0.031113 0.017379
v 0.048217 -0.031113 0.017379
v 0.048217 -0.031113 0.017379
v 0.048217 -0.031113 0.017379
v 0.048217 -0.031113 0.017379
v 0.051496 -0.032407 0.017291
v 0.051496 -0.032407 0.017291
v 0.051496 -0.032407 0.017291
v 0.051496 -0.032407 0.017291
v 0.051496 -0.032407 0.017291
v 0.050911 -0.031946 0.018172
v 0.050911 -0.031946 0.018172
v 0.050911 -0.031946 0.018172
v 0.050911 -0.031946 0.018172
v 0.050911 -0.031946 0.018172
v 0.050238 -0.031707 0.019103
v 0.050238 -0.031707 0.019103
v 0.050238 -0.031707 0.019103
v 0.050238 -0.031707 0.019103
v 0.050157 -0.031678 0.019216
v 0.050157 -0.031678 0.019216
v 0.050157 -0.031678 0.019216
v 0.050157 -0.031678 0.019216
v 0.050157 -0.031678 0.019216
v 0.049938 -0.031600 0.019520
v 0.049938 -0.031600 0.019520
v 0.049938 -0.031600 0.019520
v 0.049938 -0.031600 0.019520
v 0.049938 -0.031600 0.019520
v 0.049938 -0.031600 0.019520
v 0.049938 -0.031600 0.019520
v 0.044094 -0.029311 0.012751
v 0.044094 -0.029311 0.012751
v 0.044094 -0.029311 0.012751
v 0.044094 -0.029311 0.012751
v 0.044094 -0.029311 0.012751
v 0.044094 -0.029311 0.012751
v 0.044094 -0.029311 0.012751
v 0.046007 -0.030739 0.011765
v 0.046007 -0.030739 0.011765
v 0.046007 -0.030739 0.011765
v 0.046007 -0.030739 0.011765
v 0.046007 -0.030739 0.011765
v 0.044674 -0.029608 0.013546
v 0.044674 -0.029608 0.013546
v 0.044674 -0.029608 0.013546
v 0.044674 -0.029608 0.013546
v 0.044674 -0.029608 0.013546
v 0.044674 -0.029608 0.013546
v 0.046297 -0.030866 0.012179
v 0.046297 -0.030866 0.012179
v 0.046297 -0.030866 0.012179
v 0.046297 -0.030866 0.012179
v 0.046297 -0.030866 0.012179
v 0.046297 -0.030866 0.012179
v 0.048496 -0.031678 0.014516
v 0.048496 -0.031678 0.014516
v 0.048496 -0.031678 0.014516
v 0.048496 -0.031678 0.014516
v 0.044300 -0.029980 0.009053
v 0.044300 -0.029980 0.009053
v 0.044300 -0.029980 0.009053
v 0.044300 -0.029980 0.009053
v 0.044300 -0.029980 0.009053
v 0.044300 -0.029980 0.009053
v 0.044300 -0.029980 0.009053
v 0.042997 -0.028747 0.010925
v 0.042997 -0.028747 0.010925
v 0.042997 -0.028747 0.010925
v 0.042997 -0.028747 0.010925
v 0.042997 -0.028747 0.010925
v 0.042997 -0.028747 0.010925
v 0.042997 -0.028747 0.010925
v 0.042997 -0.028747 0.010925
v 0.042997 -0.028747 0.010925
v 0.042997 -0.028747 0.010925
v 0.044764 -0.030194 0.009987
v 0.044764 -0.030194 0.009987
v 0.044764 -0.030194 0.009987
v 0.044764 -0.030194 0.009987
v 0.044874 -0.030242 0.010144
v 0.044874 -0.030242 0.010144
v 0.044874 -0.030242 0.010144
v 0.044874 -0.030242 0.010144
v 0.044874 -0.030242 0.010144
v 0.045519 -0.030525 0.011067
v 0.045519 -0.030525 0.011067
v 0.045519 -0.030525 0.011067
v 0.045519 -0.030525 0.011067
v 0.052341 -0.032510 0.018078
v 0.052341 -0.032510 0.018078
v 0.052341 -0.032510 0.018078
v 0.052341 -0.032510 0.018078
v 0.053063 -0.032597 0.018750
v 0.053063 -0.032597 0.018750
v 0.053063 -0.032597 0.018750
v 0.053063 -0.032597 0.018750
v 0.052046 -0.032007 0.020013
v 0.052046 -0.032007 0.020013
v 0.052046 -0.032007 0.020013
v 0.052046 -0.032007 0.020013
v 0.052046 -0.032007 0.020013
v 0.052046 -0.032007 0.020013
v 0.052046 -0.032007 0.020013
v 0.052046 -0.032007 0.020013
v 0.052046 -0.032007 0.020013
v 0.052046 -0.032007 0.020013
v 0.057341 -0.032415 0.023442
v 0.057341 -0.032415 0.023442
v 0.057341 -0.032415 0.023442
v 0.057341 -0.032415 0.023442
v 0.057341 -0.032415 0.023442
v 0.057341 -0.032415 0.023442
v 0.056457 -0.032171 0.023416
v 0.056457 -0.032171 0.023416
v 0.056457 -0.032171 0.023416
v 0.056457 -0.032171 0.023416
v 0.056457 -0.032171 0.023416
v 0.056457 -0.032171 0.023416
v 0.056457 -0.032171 0.023416
v 0.056457 -0.032171 0.023416
v 0.057058 -0.032461 0.023092
v 0.057058 -0.032461 0.023092
v 0.057058 -0.032461 0.023092
v 0.057058 -0.032461 0.023092
v 0.057058 -0.032461 0.023092
v 0.055498 -0.032269 0.022434
v 0.055498 -0.032269 0.022434
v 0.055498 -0.032269 0.022434
v 0.055498 -0.032269 0.022434
v 0.055498 -0.032269 0.022434
v 0.055498 -0.032269 0.022434
v 0.055498 -0.032269 0.022434
v 0.055498 -0.032269 0.022434
v 0.055498 -0.032269 0.022434
v 0.056148 -0.032608 0.021966
v 0.056148 -0.032608 0.021966
v 0.056148 -0.032608 0.021966
v 0.056148 -0.032608 0.021966
v 0.056148 -0.032608 0.021966
v 0.056148 -0.032608 0.021966
v 0.053547 -0.032656 0.019201
v 0.053547 -0.032656 0.019201
v 0.053547 -0.032656 0.019201
v 0.053547 -0.032656 0.019201
v 0.053547 -0.032656 0.019201
v 0.054643 -0.032661 0.020336
v 0.054643 -0.032661 0.020336
v 0.054643 -0.032661 0.020336
v 0.054643 -0.032661 0.020336
v 0.053846 -0.032227 0.021121
v 0.053846 -0.032227 0.021121
v 0.053846 -0.032227 0.021121
v 0.053846 -0.032227 0.021121
v 0.053846 -0.032227 0.021121
v 0.053846 -0.032227 0.021121
v 0.055790 -0.032666 0.021524
v 0.055790 -0.032666 0.021524
v 0.055790 -0.032666 0.021524
v 0.055790 -0.032666 0.021524
v 0.055790 -0.032666 0.021524
v 0.055792 -0.032666 0.021527
v 0.055792 -0.032666 0.021527
v 0.055792 -0.032666 0.021527
v 0.055792 -0.032666 0.021527
v 0.055792 -0.032666 0.021527
v 0.051567 -0.032416 0.017358
v 0.051567 -0.032416 0.017358
v 0.051567 -0.032416 0.017358
v 0.051567 -0.032416 0.017358
v 0.051567 -0.032416 0.017358
v 0.051567 -0.032416 0.017358
v 0.051567 -0.032416 0.017358
v 0.014368 0.035112 0.004844
v 0.014368 0.035112 0.004844
v 0.014368 0.035112 0.004844
v 0.014368 0.035112 0.004844
v 0.014368 0.035112 0.004844
v 0.010807 0.035756 -0.004339
v 0.010807 0.035756 -0.004339
v 0.010807 0.035756 -0.004339
v 0.010807 0.035756 -0.004339
v 0.010494 0.035844 -0.004339
v 0.010494 0.035844 -0.004339
v 0.010494 0.035844 -0.004339
v 0.010494 0.035844 -0.004339
v 0.010494 0.035844 -0.004339
v 0.012937 0.035417 0.001627
v 0.012937 0.035417 0.001627
v 0.012937 0.035417 0.001627
v 0.012937 0.035417 0.001627
v 0.012937 0.035417 0.001627
v 0.012937 0.035417 0.001627
v 0.012937 0.035417 0.001627
v 0.012937 0.035417 0.001627
v 0.012937 0.035417 0.001627
v 0.012937 0.035417 0.001627
v 0.005759 0.036951 -0.004339
v 0.005759 0.036951 -0.004339
v 0.005759 0.036951 -0.004339
v 0.005759 0.036951 -0.004339
v 0.005173 0.037027 -0.004339
v 0.005173 0.037027 -0.004339
v 0.005173 0.037027 -0.004339
v 0.005173 0.037027 -0.004339
v 0.005173 0.037027 -0.004339
v 0.007475 0.036755 0.002704
v 0.007475 0.036755 0.002704
v 0.007475 0.036755 0.002704
v 0.007475 0.036755 0.002704
v 0.007475 0.036755 0.002704
v 0.007475 0.036755 0.002704
v 0.007475 0.036755 0.002704
v 0.007475 0.036755 0.002704
v 0.002781 0.037394 0.004737
v 0.002781 0.037394 0.004737
v 0.002781 0.037394 0.004737
v 0.002781 0.037394 0.004737
v 0.002781 0.037394 0.004737
v 0.002781 0.037394 0.004737
v 0.002781 0.037394 0.004737
v 0.003869 0.037289 0.008069
v 0.003869 0.037289 0.008069
v 0.003869 0.037289 0.008069
v 0.003869 0.037289 0.008069
v 0.008845 0.036518 0.006487
v 0.008845 0.036518 0.006487
v 0.008845 0.036518 0.006487
v 0.008845 0.036518 0.006487
v 0.008845 0.036518 0.006487
v 0.008845 0.036518 0.006487
v 0.008845 0.036518 0.006487
v 0.008845 0.036518 0.006487
v 0.002556 0.037403 0.003931
v 0.002556 0.037403 0.003931
v 0.002556 0.037403 0.003931
v 0.002556 0.037403 0.003931
v 0.002556 0.037403 0.003931
v 0.002556 0.037403 0.003931
v 0.002556 0.037403 0.003931
v 0.002239 0.037408 -0.004339
v 0.002239 0.037408 -0.004339
v 0.002239 0.037408 -0.004339
v 0.002239 0.037408 -0.004339
v 0.000248 0.037496 -0.004339
v 0.000248 0.037496 -0.004339
v 0.000248 0.037496 -0.004339
v 0.000248 0.037496 -0.004339
v 0.009416 0.036146 -0.004339
v 0.009416 0.036146 -0.004339
v 0.009416 0.036146 -0.004339
v 0.009416 0.036146 -0.004339
v 0.023541 0.030959 0.000448
v 0.023541 0.030959 0.000448
v 0.023541 0.030959 0.000448
v 0.023541 0.030959 0.000448
v 0.023541 0.030959 0.000448
v 0.022951 0.031093 -0.000327
v 0.022951 0.031093 -0.000327
v 0.022951 0.031093 -0.000327
v 0.022951 0.031093 -0.000327
v 0.022951 0.031093 -0.000327
v 0.018300 0.033486 0.000642
v 0.018300 0.033486 0.000642
v 0.018300 0.033486 0.000642
v 0.018300 0.033486 0.000642
v 0.018300 0.033486 0.000642
v 0.018300 0.033486 0.000642
v 0.018300 0.033486 0.000642
v 0.018300 0.033486 0.000642
v 0.019894 0.031789 -0.004339
v 0.019894 0.031789 -0.004339
v 0.019894 0.031789 -0.004339
v 0.019894 0.031789 -0.004339
v 0.019894 0.031789 -0.004339
v 0.016704 0.033526 -0.004339
v 0.016704 0.033526 -0.004339
v 0.016704 0.033526 -0.004339
v 0.016704 0.033526 -0.004339
v 0.015561 0.034028 -0.004339
v 0.015561 0.034028 -0.004339
v 0.015561 0.034028 -0.004339
v 0.015561 0.034028 -0.004339
v 0.015561 0.034028 -0.004339
v 0.014811 0.034357 -0.004339
v 0.014811 0.034357 -0.004339
v 0.014811 0.034357 -0.004339
v 0.014811 0.034357 -0.004339
v 0.024084 0.030812 0.001079
v 0.024084 0.030812 0.001079
v 0.024084 0.030812 0.001079
v 0.024084 0.030812 0.001079
v 0.024084 0.030812 0.001079
v 0.024084 0.030812 0.001079
v 0.024084 0.030812 0.001079
v 0.024084 0.030812 0.001079
v 0.024084 0.030812 0.001079
v 0.000006 0.037497 -0.004339
v 0.000006 0.037497 -0.004339
v 0.000006 0.037497 -0.004339
v 0.000006 0.037497 -0.004339
v 0.000006 0.037497 -0.004339
v 0.000006 0.037497 -0.004339
v -0.037493 -0.000322 -0.004338
v -0.037493 -0.000322 -0.004338
v -0.037493 -0.000322 -0.004338
v -0.037493 -0.000322 -0.004338
v -0.037493 -0.000322 -0.004338
v -0.037493 -0.000322 -0.004338
v -0.037493 -0.000322 -0.004338
v -0.037493 -0.000322 -0.004338
v -0.037493 -0.000322 -0.004338
v -0.036829 -0.007039 -0.004338
v -0.036829 -0.007039 -0.004338
v -0.036829 -0.007039 -0.004338
v -0.036829 -0.007039 -0.004338
v -0.036829 -0.007039 -0.004338
v -0.036829 -0.007039 -0.004338
v -0.036829 -0.007039 -0.004338
v -0.036829 -0.007039 -0.004338
v -0.036829 -0.007039 -0.004338
v -0.034906 -0.013693 -0.004338
v -0.034906 -0.013693 -0.004338
v -0.034906 -0.013693 -0.004338
v -0.034906 -0.013693 -0.004338
v -0.034906 -0.013693 -0.004338
v -0.034906 -0.013693 -0.004338
v -0.034906 -0.013693 -0.004338
v -0.034906 -0.013693 -0.004338
v -0.034906 -0.013693 -0.004338
v -0.031710 -0.020013 -0.004338
v -0.031710 -0.020013 -0.004338
v -0.031710 -0.020013 -0.004338
v -0.031710 -0.020013 -0.004338
v -0.031710 -0.020013 -0.004338
v -0.031710 -0.020013 -0.004338
v -0.031710 -0.020013 -0.004338
v -0.031710 -0.020013 -0.004338
v -0.031710 -0.020013 -0.004338
v -0.031710 -0.020013 -0.004338
v -0.031710 -0.020013 -0.004338
v -0.031710 -0.020013 -0.004338
v -0.031710 -0.020013 -0.004338
v -0.031710 -0.020013 -0.004338
v -0.031710 -0.020013 -0.004338
v -0.031710 -0.020013 -0.004338
v -0.031710 -0.020013 -0.004338
v -0.031710 -0.020013 -0.004338
v -0.031710 -0.020013 -0.004338
v -0.031710 -0.020013 -0.004338
v -0.031710 -0.020013 -0.004338
v -0.031710 -0.020013 -0.004338
v -0.031710 -0.020013 -0.004338
v -0.031710 -0.020013 -0.004338
v -0.031710 -0.020013 -0.004338
v -0.031710 -0.020013 -0.004338
v -0.031710 -0.020013 -0.004338
v -0.031710 -0.020013 -0.004338
v -0.031710 -0.020013 -0.004338
v -0.031710 -0.020013 -0.004338
v -0.031710 -0.020013 -0.004338
v -0.031710 -0.020013 -0.004338
v -0.031710 -0.020013 -0.004338
v -0.027295 -0.025711 -0.004338
v -0.027295 -0.025711 -0.004338
v -0.027295 -0.025711 -0.004338
v -0.027295 -0.025711 -0.004338
v -0.027295 -0.025711 -0.004338
v -0.027295 -0.025711 -0.004338
v -0.025707 -0.027300 -0.004338
v -0.025707 -0.027300 -0.004338
v -0.025707 -0.027300 -0.004338
v -0.025707 -0.027300 -0.004338
v -0.025707 -0.027300 -0.004338
v -0.025707 -0.027300 -0.004338
v -0.025707 -0.027300 -0.004338
v -0.025707 -0.027300 -0.004338
v -0.025707 -0.027300 -0.004338
v -0.025707 -0.027300 -0.004338
v -0.025707 -0.027300 -0.004338
v -0.019878 -0.031798 -0.004338
v -0.019878 -0.031798 -0.004338
v -0.019878 -0.031798 -0.004338
v -0.019878 -0.031798 -0.004338
v -0.019878 -0.031798 -0.004338
v -0.019878 -0.031798 -0.004338
v -0.019878 -0.031798 -0.004338
v -0.013187 -0.035106 -0.004338
v -0.013187 -0.035106 -0.004338
v -0.013187 -0.035106 -0.004338
v -0.013187 -0.035106 -0.004338
v -0.013187 -0.035106 -0.004338
v -0.013187 -0.035106 -0.004338
v -0.013187 -0.035106 -0.004338
v -0.006663 -0.036905 -0.004339
v -0.006663 -0.036905 -0.004339
v -0.006663 -0.036905 -0.004339
v -0.006663 -0.036905 -0.004339
v -0.006663 -0.036905 -0.004339
v -0.006663 -0.036905 -0.004339
v -0.006663 -0.036905 -0.004339
v -0.006663 -0.036905 -0.004339
v -0.006663 -0.036905 -0.004339
v 0.000006 -0.037503 -0.004339
v 0.000006 -0.037503 -0.004339
v 0.000006 -0.037503 -0.004339
v 0.000006 -0.037503 -0.004339
v 0.000006 -0.037503 -0.004339
v -0.005908 0.037028 -0.004339
v -0.005908 0.037028 -0.004339
v -0.005908 0.037028 -0.004339
v -0.005908 0.037028 -0.004339
v -0.005908 0.037028 -0.004339
v -0.005908 0.037028 -0.004339
v -0.012593 0.035317 -0.004338
v -0.012593 0.035317 -0.004338
v -0.012593 0.035317 -0.004338
v -0.012593 0.035317 -0.004338
v -0.012593 0.035317 -0.004338
v -0.012593 0.035317 -0.004338
v -0.012593 0.035317 -0.004338
v -0.012593 0.035317 -0.004338
v -0.018985 0.032333 -0.004338
v -0.018985 0.032333 -0.004338
v -0.018985 0.032333 -0.004338
v -0.018985 0.032333 -0.004338
v -0.018985 0.032333 -0.004338
v -0.018985 0.032333 -0.004338
v -0.018985 0.032333 -0.004338
v -0.018985 0.032333 -0.004338
v -0.024810 0.028112 -0.004338
v -0.024810 0.028112 -0.004338
v -0.024810 0.028112 -0.004338
v -0.024810 0.028112 -0.004338
v -0.024810 0.028112 -0.004338
v -0.024810 0.028112 -0.004338
v -0.024810 0.028112 -0.004338
v -0.024810 0.028112 -0.004338
v -0.027227 0.025777 -0.004338
v -0.027227 0.025777 -0.004338
v -0.027227 0.025777 -0.004338
v -0.027227 0.025777 -0.004338
v -0.027227 0.025777 -0.004338
v -0.027227 0.025777 -0.004338
v -0.027227 0.025777 -0.004338
v -0.027227 0.025777 -0.004338
v -0.027227 0.025777 -0.004338
v -0.027227 0.025777 -0.004338
v -0.027227 0.025777 -0.004338
v -0.027227 0.025777 -0.004338
v -0.031739 0.019961 -0.004338
v -0.031739 0.019961 -0.004338
v -0.031739 0.019961 -0.004338
v -0.031739 0.019961 -0.004338
v -0.031739 0.019961 -0.004338
v -0.031739 0.019961 -0.004338
v -0.035063 0.013279 -0.004338
v -0.035063 0.013279 -0.004338
v -0.035063 0.013279 -0.004338
v -0.035063 0.013279 -0.004338
v -0.035063 0.013279 -0.004338
v -0.035063 0.013279 -0.004338
v -0.035063 0.013279 -0.004338
v -0.035063 0.013279 -0.004338
v -0.036880 0.006758 -0.004338
v -0.036880 0.006758 -0.004338
v -0.036880 0.006758 -0.004338
v -0.036880 0.006758 -0.004338
v -0.036880 0.006758 -0.004338
v -0.036880 0.006758 -0.004338
v -0.036880 0.006758 -0.004338
v -0.036880 0.006758 -0.004338
v 0.000248 -0.037502 -0.004339
v 0.000248 -0.037502 -0.004339
v 0.000248 -0.037502 -0.004339
v 0.000248 -0.037502 -0.004339
v 0.000248 -0.037502 -0.004339
v 0.002198 -0.037425 0.002657
v 0.002198 -0.037425 0.002657
v 0.002198 -0.037425 0.002657
v 0.002198 -0.037425 0.002657
v 0.002198 -0.037425 0.002657
v 0.002725 -0.037404 0.004548
v 0.002725 -0.037404 0.004548
v 0.002725 -0.037404 0.004548
v 0.002725 -0.037404 0.004548
v 0.002725 -0.037404 0.004548
v 0.003998 -0.037226 -0.004339
v 0.003998 -0.037226 -0.004339
v 0.003998 -0.037226 -0.004339
v 0.003998 -0.037226 -0.004339
v 0.003998 -0.037226 -0.004339
v 0.004782 -0.037088 -0.004339
v 0.004782 -0.037088 -0.004339
v 0.004782 -0.037088 -0.004339
v 0.004782 -0.037088 -0.004339
v 0.006684 -0.036890 0.001648
v 0.006684 -0.036890 0.001648
v 0.006684 -0.036890 0.001648
v 0.006684 -0.036890 0.001648
v 0.006684 -0.036890 0.001648
v 0.006684 -0.036890 0.001648
v 0.006684 -0.036890 0.001648
v 0.006684 -0.036890 0.001648
v 0.006684 -0.036890 0.001648
v 0.006684 -0.036890 0.001648
v 0.006684 -0.036890 0.001648
v 0.021734 -0.031864 0.000530
v 0.021734 -0.031864 0.000530
v 0.021734 -0.031864 0.000530
v 0.021734 -0.031864 0.000530
v 0.021734 -0.031864 0.000530
v 0.021734 -0.031864 0.000530
v 0.022759 -0.031623 0.002081
v 0.022759 -0.031623 0.002081
v 0.022759 -0.031623 0.002081
v 0.022759 -0.031623 0.002081
v 0.022949 -0.031575 0.002348
v 0.022949 -0.031575 0.002348
v 0.022949 -0.031575 0.002348
v 0.022949 -0.031575 0.002348
v 0.022949 -0.031575 0.002348
v 0.021052 -0.032025 -0.000503
v 0.021052 -0.032025 -0.000503
v 0.021052 -0.032025 -0.000503
v 0.021052 -0.032025 -0.000503
v 0.021052 -0.032025 -0.000503
v 0.021052 -0.032025 -0.000503
v 0.016726 -0.034075 0.000204
v 0.016726 -0.034075 0.000204
v 0.016726 -0.034075 0.000204
v 0.016726 -0.034075 0.000204
v 0.016726 -0.034075 0.000204
v 0.016726 -0.034075 0.000204
v 0.016726 -0.034075 0.000204
v 0.016726 -0.034075 0.000204
v 0.019646 -0.032357 -0.002631
v 0.019646 -0.032357 -0.002631
v 0.019646 -0.032357 -0.002631
v 0.019646 -0.032357 -0.002631
v 0.019646 -0.032357 -0.002631
v 0.015320 -0.034180 -0.004339
v 0.015320 -0.034180 -0.004339
v 0.015320 -0.034180 -0.004339
v 0.015320 -0.034180 -0.004339
v 0.015320 -0.034180 -0.004339
v 0.018567 -0.032588 -0.004339
v 0.018567 -0.032588 -0.004339
v 0.018567 -0.032588 -0.004339
v 0.018567 -0.032588 -0.004339
v 0.018567 -0.032588 -0.004339
v 0.011740 -0.035737 0.000870
v 0.011740 -0.035737 0.000870
v 0.011740 -0.035737 0.000870
v 0.011740 -0.035737 0.000870
v 0.011740 -0.035737 0.000870
v 0.011740 -0.035737 0.000870
v 0.011740 -0.035737 0.000870
v 0.011740 -0.035737 0.000870
v 0.013225 -0.034993 -0.004339
v 0.013225 -0.034993 -0.004339
v 0.013225 -0.034993 -0.004339
v 0.013225 -0.034993 -0.004339
v 0.013225 -0.034993 -0.004339
v 0.014484 -0.034504 -0.004339
v 0.014484 -0.034504 -0.004339
v 0.014484 -0.034504 -0.004339
v 0.014484 -0.034504 -0.004339
v 0.007604 -0.036593 -0.004339
v 0.007604 -0.036593 -0.004339
v 0.007604 -0.036593 -0.004339
v 0.007604 -0.036593 -0.004339
v 0.009062 -0.036250 -0.004339
v 0.009062 -0.036250 -0.004339
v 0.009062 -0.036250 -0.004339
v 0.009062 -0.036250 -0.004339
v 0.009062 -0.036250 -0.004339
v 0.009724 -0.036050 -0.004339
v 0.009724 -0.036050 -0.004339
v 0.009724 -0.036050 -0.004339
v 0.009724 -0.036050 -0.004339
v 0.029793 -0.027971 0.003193
v 0.029793 -0.027971 0.003193
v 0.029793 -0.027971 0.003193
v 0.029793 -0.027971 0.003193
v 0.029793 -0.027971 0.003193
v 0.029793 -0.027971 0.003193
v 0.029793 -0.027971 0.003193
v 0.029793 -0.027971 0.003193
v 0.029793 -0.027971 0.003193
v 0.029793 -0.027971 0.003193
v 0.029793 -0.027971 0.003193
v 0.031870 -0.027367 0.004925
v 0.031870 -0.027367 0.004925
v 0.031870 -0.027367 0.004925
v 0.031870 -0.027367 0.004925
v 0.031870 -0.027367 0.004925
v 0.031870 -0.027367 0.004925
v 0.031870 -0.027367 0.004925
v 0.031054 -0.024574 -0.001573
v 0.031054 -0.024574 -0.001573
v 0.031054 -0.024574 -0.001573
v 0.031054 -0.024574 -0.001573
v 0.030258 -0.025274 -0.001551
v 0.030258 -0.025274 -0.001551
v 0.030258 -0.025274 -0.001551
v 0.030258 -0.025274 -0.001551
v 0.030258 -0.025274 -0.001551
v 0.030258 -0.025274 -0.001551
v 0.030258 -0.025274 -0.001551
v 0.030258 -0.025274 -0.001551
v 0.030258 -0.025274 -0.001551
v 0.030258 -0.025274 -0.001551
v 0.026177 -0.028904 -0.000551
v 0.026177 -0.028904 -0.000551
v 0.026177 -0.028904 -0.000551
v 0.026177 -0.028904 -0.000551
v 0.026177 -0.028904 -0.000551
v 0.026177 -0.028904 -0.000551
v 0.026177 -0.028904 -0.000551
v 0.026177 -0.028904 -0.000551
v 0.026177 -0.028904 -0.000551
v 0.026177 -0.028904 -0.000551
v 0.026177 -0.028904 -0.000551
v 0.028880 -0.023849 -0.004339
v 0.028880 -0.023849 -0.004339
v 0.028880 -0.023849 -0.004339
v 0.028880 -0.023849 -0.004339
v 0.028880 -0.023849 -0.004339
v 0.028880 -0.023849 -0.004339
v 0.031177 -0.023693 -0.002424
v 0.031177 -0.023693 -0.002424
v 0.031177 -0.023693 -0.002424
v 0.031177 -0.023693 -0.002424
v 0.031177 -0.023693 -0.002424
v 0.027544 -0.025457 -0.004339
v 0.027544 -0.025457 -0.004339
v 0.027544 -0.025457 -0.004339
v 0.027544 -0.025457 -0.004339
v 0.027544 -0.025457 -0.004339
v 0.027544 -0.025457 -0.004339
v 0.031144 -0.023928 -0.002196
v 0.031144 -0.023928 -0.002196
v 0.031144 -0.023928 -0.002196
v 0.031144 -0.023928 -0.002196
v 0.031144 -0.023928 -0.002196
v 0.031144 -0.023928 -0.002196
v 0.031079 -0.024395 -0.001746
v 0.031079 -0.024395 -0.001746
v 0.031079 -0.024395 -0.001746
v 0.031079 -0.024395 -0.001746
v 0.031079 -0.024395 -0.001746
v 0.031079 -0.024395 -0.001746
v 0.030073 -0.022413 -0.004339
v 0.030073 -0.022413 -0.004339
v 0.030073 -0.022413 -0.004339
v 0.030073 -0.022413 -0.004339
v 0.030073 -0.022413 -0.004339
v 0.030073 -0.022413 -0.004339
v 0.030575 -0.021695 -0.004339
v 0.030575 -0.021695 -0.004339
v 0.030575 -0.021695 -0.004339
v 0.030575 -0.021695 -0.004339
v 0.030575 -0.021695 -0.004339
v 0.030575 -0.021695 -0.004339
v 0.031812 -0.021790 -0.003371
v 0.031812 -0.021790 -0.003371
v 0.031812 -0.021790 -0.003371
v 0.031812 -0.021790 -0.003371
v 0.031812 -0.021790 -0.003371
v 0.031698 -0.022132 -0.003265
v 0.031698 -0.022132 -0.003265
v 0.031698 -0.022132 -0.003265
v 0.031698 -0.022132 -0.003265
v 0.031698 -0.022132 -0.003265
v 0.031503 -0.022715 -0.002951
v 0.031503 -0.022715 -0.002951
v 0.031503 -0.022715 -0.002951
v 0.031503 -0.022715 -0.002951
v 0.031503 -0.022715 -0.002951
v 0.031503 -0.022715 -0.002951
v 0.031503 -0.022715 -0.002951
v 0.031270 -0.023415 -0.002574
v 0.031270 -0.023415 -0.002574
v 0.031270 -0.023415 -0.002574
v 0.031270 -0.023415 -0.002574
v 0.031270 -0.023415 -0.002574
v 0.031371 -0.020557 -0.004339
v 0.031371 -0.020557 -0.004339
v 0.031371 -0.020557 -0.004339
v 0.031371 -0.020557 -0.004339
v 0.031371 -0.020557 -0.004339
v 0.031371 -0.020557 -0.004339
v 0.031371 -0.020557 -0.004339
v 0.031371 -0.020557 -0.004339
v 0.031371 -0.020557 -0.004339
v 0.033368 -0.017126 -0.004339
v 0.033368 -0.017126 -0.004339
v 0.033368 -0.017126 -0.004339
v 0.033368 -0.017126 -0.004339
v 0.033368 -0.017126 -0.004339
v 0.032973 -0.018310 -0.004176
v 0.032973 -0.018310 -0.004176
v 0.032973 -0.018310 -0.004176
v 0.032973 -0.018310 -0.004176
v 0.032695 -0.019147 -0.004061
v 0.032695 -0.019147 -0.004061
v 0.032695 -0.019147 -0.004061
v 0.032695 -0.019147 -0.004061
v 0.032695 -0.019147 -0.004061
v 0.032695 -0.019147 -0.004061
v 0.032550 -0.019581 -0.004001
v 0.032550 -0.019581 -0.004001
v 0.032550 -0.019581 -0.004001
v 0.032550 -0.019581 -0.004001
v 0.032444 -0.019899 -0.003958
v 0.032444 -0.019899 -0.003958
v 0.032444 -0.019899 -0.003958
v 0.032444 -0.019899 -0.003958
v 0.032148 -0.020786 -0.003683
v 0.032148 -0.020786 -0.003683
v 0.032148 -0.020786 -0.003683
v 0.032148 -0.020786 -0.003683
v 0.032148 -0.020786 -0.003683
v 0.032148 -0.020786 -0.003683
v 0.032138 -0.020815 -0.003674
v 0.032138 -0.020815 -0.003674
v 0.032138 -0.020815 -0.003674
v 0.032138 -0.020815 -0.003674
v 0.032138 -0.020815 -0.003674
v 0.032138 -0.020815 -0.003674
v 0.031926 -0.021450 -0.003477
v 0.031926 -0.021450 -0.003477
v 0.031926 -0.021450 -0.003477
v 0.031926 -0.021450 -0.003477
v 0.031926 -0.021450 -0.003477
v 0.022955 -0.029660 -0.004339
v 0.022955 -0.029660 -0.004339
v 0.022955 -0.029660 -0.004339
v 0.022955 -0.029660 -0.004339
v 0.022955 -0.029660 -0.004339
v 0.022955 -0.029660 -0.004339
v 0.023010 -0.029613 -0.004339
v 0.023010 -0.029613 -0.004339
v 0.023010 -0.029613 -0.004339
v 0.023010 -0.029613 -0.004339
v 0.025965 -0.027066 -0.004339
v 0.025965 -0.027066 -0.004339
v 0.025965 -0.027066 -0.004339
v 0.025965 -0.027066 -0.004339
v 0.025965 -0.027066 -0.004339
v 0.027080 -0.025929 -0.004339
v 0.027080 -0.025929 -0.004339
v 0.027080 -0.025929 -0.004339
v 0.027080 -0.025929 -0.004339
v 0.019705 -0.031912 -0.004339
v 0.019705 -0.031912 -0.004339
v 0.019705 -0.031912 -0.004339
v 0.019705 -0.031912 -0.004339
v 0.019705 -0.031912 -0.004339
v 0.032978 -0.019506 -0.003809
v 0.032978 -0.019506 -0.003809
v 0.032978 -0.019506 -0.003809
v 0.032978 -0.019506 -0.003809
v 0.032978 -0.019506 -0.003809
v 0.032978 -0.019506 -0.003809
v 0.032922 -0.019635 -0.003786
v 0.032922 -0.019635 -0.003786
v 0.032922 -0.019635 -0.003786
v 0.032922 -0.019635 -0.003786
v 0.032922 -0.019635 -0.003786
v 0.032818 -0.019634 -0.003903
v 0.032818 -0.019634 -0.003903
v 0.032818 -0.019634 -0.003903
v 0.032818 -0.019634 -0.003903
v 0.032818 -0.019634 -0.003903
v 0.032818 -0.019634 -0.003903
v 0.032818 -0.019634 -0.003903
v 0.033806 -0.016403 -0.004339
v 0.033806 -0.016403 -0.004339
v 0.033806 -0.016403 -0.004339
v 0.033806 -0.016403 -0.004339
v 0.033806 -0.016403 -0.004339
v 0.033806 -0.016403 -0.004339
v 0.033047 -0.018333 -0.004184
v 0.033047 -0.018333 -0.004184
v 0.033047 -0.018333 -0.004184
v 0.033047 -0.018333 -0.004184
v 0.033047 -0.018333 -0.004184
v 0.034223 -0.016195 -0.004339
v 0.034223 -0.016195 -0.004339
v 0.034223 -0.016195 -0.004339
v 0.034223 -0.016195 -0.004339
v 0.034223 -0.016195 -0.004339
v 0.034223 -0.016195 -0.004339
v 0.034239 -0.016590 -0.004339
v 0.034239 -0.016590 -0.004339
v 0.034239 -0.016590 -0.004339
v 0.034239 -0.016590 -0.004339
v 0.034239 -0.016590 -0.004339
v 0.034239 -0.016590 -0.004339
v 0.034239 -0.016590 -0.004339
v 0.033930 -0.017304 -0.004209
v 0.033930 -0.017304 -0.004209
v 0.033930 -0.017304 -0.004209
v 0.033930 -0.017304 -0.004209
v 0.033930 -0.017304 -0.004209
v 0.034202 -0.015936 -0.004339
v 0.034202 -0.015936 -0.004339
v 0.034202 -0.015936 -0.004339
v 0.034202 -0.015936 -0.004339
v 0.034214 -0.015959 -0.004339
v 0.034214 -0.015959 -0.004339
v 0.034214 -0.015959 -0.004339
v 0.034214 -0.015959 -0.004339
v 0.033196 -0.018367 -0.004132
v 0.033196 -0.018367 -0.004132
v 0.033196 -0.018367 -0.004132
v 0.033196 -0.018367 -0.004132
v 0.033196 -0.018367 -0.004132
v 0.033196 -0.018367 -0.004132
v 0.033196 -0.018367 -0.004132
v 0.033196 -0.018367 -0.004132
v 0.033196 -0.018367 -0.004132
v 0.033196 -0.018367 -0.004132
v 0.033196 -0.018367 -0.004132
v 0.033350 -0.018406 -0.004105
v 0.033350 -0.018406 -0.004105
v 0.033350 -0.018406 -0.004105
v 0.033350 -0.018406 -0.004105
v 0.033350 -0.018406 -0.004105
v 0.033350 -0.018406 -0.004105
v 0.033350 -0.018406 -0.004105
v 0.033985 -0.016155 -0.004330
v 0.033985 -0.016155 -0.004330
v 0.033985 -0.016155 -0.004330
v 0.033985 -0.016155 -0.004330
v 0.033985 -0.016155 -0.004330
v 0.033985 -0.016155 -0.004330
v 0.034082 -0.015948 -0.004339
v 0.034082 -0.015948 -0.004339
v 0.034082 -0.015948 -0.004339
v 0.034082 -0.015948 -0.004339
v 0.034130 -0.015917 -0.004339
v 0.034130 -0.015917 -0.004339
v 0.034130 -0.015917 -0.004339
v 0.034130 -0.015917 -0.004339
v 0.034152 -0.015911 -0.004339
v 0.034152 -0.015911 -0.004339
v 0.034152 -0.015911 -0.004339
v 0.034152 -0.015911 -0.004339
v 0.034152 -0.015911 -0.004339
v 0.034168 -0.015912 -0.004339
v 0.034168 -0.015912 -0.004339
v 0.034168 -0.015912 -0.004339
v 0.034168 -0.015912 -0.004339
v 0.034168 -0.015912 -0.004339
v 0.034168 -0.015912 -0.004339
v 0.034168 -0.015912 -0.004339
v 0.034183 -0.015918 -0.004339
v 0.034183 -0.015918 -0.004339
v 0.034183 -0.015918 -0.004339
v 0.034183 -0.015918 -0.004339
v 0.034183 -0.015918 -0.004339
v 0.032669 -0.019604 -0.003957
v 0.032669 -0.019604 -0.003957
v 0.032669 -0.019604 -0.003957
v 0.032669 -0.019604 -0.003957
v 0.032669 -0.019604 -0.003957
v 0.032669 -0.019604 -0.003957
v 0.032669 -0.019604 -0.003957
v 0.032475 -0.020670 -0.003598
v 0.032475 -0.020670 -0.003598
v 0.032475 -0.020670 -0.003598
v 0.032475 -0.020670 -0.003598
v 0.032475 -0.020670 -0.003598
v 0.032395 -0.020855 -0.003565
v 0.032395 -0.020855 -0.003565
v 0.032395 -0.020855 -0.003565
v 0.032395 -0.020855 -0.003565
v 0.032257 -0.020841 -0.003651
v 0.032257 -0.020841 -0.003651
v 0.032257 -0.020841 -0.003651
v 0.032257 -0.020841 -0.003651
v 0.032257 -0.020841 -0.003651
v 0.032257 -0.020841 -0.003651
v 0.032257 -0.020841 -0.003651
v 0.032273 -0.021137 -0.003513
v 0.032273 -0.021137 -0.003513
v 0.032273 -0.021137 -0.003513
v 0.032273 -0.021137 -0.003513
v 0.032273 -0.021137 -0.003513
v 0.032273 -0.021137 -0.003513
v 0.031994 -0.021791 -0.003248
v 0.031994 -0.021791 -0.003248
v 0.031994 -0.021791 -0.003248
v 0.031994 -0.021791 -0.003248
v 0.031994 -0.021791 -0.003248
v 0.031994 -0.021791 -0.003248
v 0.031819 -0.022202 -0.003082
v 0.031819 -0.022202 -0.003082
v 0.031819 -0.022202 -0.003082
v 0.031819 -0.022202 -0.003082
v 0.031819 -0.022202 -0.003082
v 0.031601 -0.022712 -0.002875
v 0.031601 -0.022712 -0.002875
v 0.031601 -0.022712 -0.002875
v 0.031601 -0.022712 -0.002875
v 0.031601 -0.022712 -0.002875
v 0.031349 -0.023305 -0.002634
v 0.031349 -0.023305 -0.002634
v 0.031349 -0.023305 -0.002634
v 0.031349 -0.023305 -0.002634
v 0.031349 -0.023305 -0.002634
v 0.031303 -0.023505 -0.002467
v 0.031303 -0.023505 -0.002467
v 0.031303 -0.023505 -0.002467
v 0.031303 -0.023505 -0.002467
v 0.031303 -0.023505 -0.002467
v 0.031303 -0.023505 -0.002467
v 0.031070 -0.024534 -0.001605
v 0.031070 -0.024534 -0.001605
v 0.031070 -0.024534 -0.001605
v 0.031070 -0.024534 -0.001605
v 0.031070 -0.024534 -0.001605
v 0.031070 -0.024534 -0.001605
v 0.031214 -0.023899 -0.002137
v 0.031214 -0.023899 -0.002137
v 0.031214 -0.023899 -0.002137
v 0.031214 -0.023899 -0.002137
v 0.031214 -0.023899 -0.002137
v 0.031214 -0.023899 -0.002137
v 0.031096 -0.024416 -0.001704
v 0.031096 -0.024416 -0.001704
v 0.031096 -0.024416 -0.001704
v 0.031096 -0.024416 -0.001704
v 0.033205 -0.018981 -0.003905
v 0.033205 -0.018981 -0.003905
v 0.033205 -0.018981 -0.003905
v 0.033205 -0.018981 -0.003905
v 0.033205 -0.018981 -0.003905
v 0.033452 -0.018410 -0.004008
v 0.033452 -0.018410 -0.004008
v 0.033452 -0.018410 -0.004008
v 0.033452 -0.018410 -0.004008
v 0.033452 -0.018410 -0.004008
v 0.032156 -0.023705 -0.001730
v 0.032156 -0.023705 -0.001730
v 0.032156 -0.023705 -0.001730
v 0.032156 -0.023705 -0.001730
v 0.032156 -0.023705 -0.001730
v 0.032156 -0.023705 -0.001730
v 0.032156 -0.023705 -0.001730
v 0.032595 -0.020611 -0.003641
v 0.032595 -0.020611 -0.003641
v 0.032595 -0.020611 -0.003641
v 0.032595 -0.020611 -0.003641
v 0.032595 -0.020611 -0.003641
v 0.034843 -0.014335 -0.004378
v 0.034843 -0.014335 -0.004378
v 0.034843 -0.014335 -0.004378
v 0.034843 -0.014335 -0.004378
v 0.034843 -0.014335 -0.004378
v 0.034843 -0.014335 -0.004378
v 0.034843 -0.014335 -0.004378
v 0.034379 -0.015671 -0.004339
v 0.034379 -0.015671 -0.004339
v 0.034379 -0.015671 -0.004339
v 0.034379 -0.015671 -0.004339
v 0.034379 -0.015671 -0.004339
v 0.034379 -0.015671 -0.004339
v 0.034379 -0.015671 -0.004339
v 0.034379 -0.015671 -0.004339
v 0.034500 -0.014876 -0.004339
v 0.034500 -0.014876 -0.004339
v 0.034500 -0.014876 -0.004339
v 0.034500 -0.014876 -0.004339
v 0.034500 -0.014876 -0.004339
v 0.034543 -0.014611 -0.004339
v 0.034543 -0.014611 -0.004339
v 0.034543 -0.014611 -0.004339
v 0.034543 -0.014611 -0.004339
v 0.034543 -0.014611 -0.004339
v 0.034595 -0.014483 -0.004339
v 0.034595 -0.014483 -0.004339
v 0.034595 -0.014483 -0.004339
v 0.034595 -0.014483 -0.004339
v 0.034660 -0.014329 -0.004339
v 0.034660 -0.014329 -0.004339
v 0.034660 -0.014329 -0.004339
v 0.034660 -0.014329 -0.004339
v 0.034660 -0.014329 -0.004339
v 0.034108 -0.017272 -0.004301
v 0.034108 -0.017272 -0.004301
v 0.034108 -0.017272 -0.004301
v 0.034108 -0.017272 -0.004301
v 0.034108 -0.017272 -0.004301
v 0.034108 -0.017272 -0.004301
v 0.034108 -0.017272 -0.004301
v 0.035097 -0.014336 -0.004468
v 0.035097 -0.014336 -0.004468
v 0.035097 -0.014336 -0.004468
v 0.035097 -0.014336 -0.004468
v 0.035097 -0.014336 -0.004468
v 0.035097 -0.014336 -0.004468
v 0.034990 -0.014339 -0.004409
v 0.034990 -0.014339 -0.004409
v 0.034990 -0.014339 -0.004409
v 0.034990 -0.014339 -0.004409
v 0.034990 -0.014339 -0.004409
v 0.035094 -0.014336 -0.004466
v 0.035094 -0.014336 -0.004466
v 0.035094 -0.014336 -0.004466
v 0.035094 -0.014336 -0.004466
v 0.035094 -0.014336 -0.004466
v 0.033569 -0.018861 -0.004058
v 0.033569 -0.018861 -0.004058
v 0.033569 -0.018861 -0.004058
v 0.033569 -0.018861 -0.004058
v 0.033569 -0.018861 -0.004058
v 0.033569 -0.018861 -0.004058
v 0.033569 -0.018861 -0.004058
v 0.033050 -0.020374 -0.003678
v 0.033050 -0.020374 -0.003678
v 0.033050 -0.020374 -0.003678
v 0.033050 -0.020374 -0.003678
v 0.033050 -0.020374 -0.003678
v 0.032599 -0.021722 -0.003150
v 0.032599 -0.021722 -0.003150
v 0.032599 -0.021722 -0.003150
v 0.032599 -0.021722 -0.003150
v 0.032599 -0.021722 -0.003150
v 0.032599 -0.021722 -0.003150
v 0.032599 -0.021722 -0.003150
v 0.032599 -0.021722 -0.003150
v 0.032599 -0.021722 -0.003150
v 0.032599 -0.021722 -0.003150
v 0.032599 -0.021722 -0.003150
v 0.032277 -0.022849 -0.002490
v 0.032277 -0.022849 -0.002490
v 0.032277 -0.022849 -0.002490
v 0.032277 -0.022849 -0.002490
v 0.032277 -0.022849 -0.002490
v 0.032277 -0.022849 -0.002490
v 0.032277 -0.022849 -0.002490
v 0.032277 -0.022849 -0.002490
v 0.032277 -0.022849 -0.002490
v 0.033521 -0.023105 -0.001888
v 0.033521 -0.023105 -0.001888
v 0.033521 -0.023105 -0.001888
v 0.033521 -0.023105 -0.001888
v 0.033521 -0.023105 -0.001888
v 0.033521 -0.023105 -0.001888
v 0.033521 -0.023105 -0.001888
v 0.033521 -0.023105 -0.001888
v 0.033521 -0.023105 -0.001888
v 0.036406 -0.021866 -0.003551
v 0.036406 -0.021866 -0.003551
v 0.036406 -0.021866 -0.003551
v 0.036406 -0.021866 -0.003551
v 0.036406 -0.021866 -0.003551
v 0.036406 -0.021866 -0.003551
v 0.036406 -0.021866 -0.003551
v 0.037755 -0.022069 -0.004276
v 0.037755 -0.022069 -0.004276
v 0.037755 -0.022069 -0.004276
v 0.037755 -0.022069 -0.004276
v 0.037755 -0.022069 -0.004276
v 0.037755 -0.022069 -0.004276
v 0.037755 -0.022069 -0.004276
v 0.036458 -0.022723 -0.002749
v 0.036458 -0.022723 -0.002749
v 0.036458 -0.022723 -0.002749
v 0.036458 -0.022723 -0.002749
v 0.036458 -0.022723 -0.002749
v 0.036458 -0.022723 -0.002749
v 0.038907 -0.022495 -0.005158
v 0.038907 -0.022495 -0.005158
v 0.038907 -0.022495 -0.005158
v 0.038907 -0.022495 -0.005158
v 0.038907 -0.022495 -0.005158
v 0.038907 -0.022495 -0.005158
v 0.038907 -0.022495 -0.005158
v 0.038907 -0.022495 -0.005158
v 0.038907 -0.022495 -0.005158
v 0.038907 -0.022495 -0.005158
v 0.038907 -0.022495 -0.005158
v 0.038907 -0.022495 -0.005158
v 0.040363 -0.023795 -0.007057
v 0.040363 -0.023795 -0.007057
v 0.040363 -0.023795 -0.007057
v 0.040363 -0.023795 -0.007057
v 0.040485 -0.024496 -0.006601
v 0.040485 -0.024496 -0.006601
v 0.040485 -0.024496 -0.006601
v 0.040485 -0.024496 -0.006601
v 0.040485 -0.024496 -0.006601
v 0.040485 -0.024496 -0.006601
v 0.040198 -0.022844 -0.007674
v 0.040198 -0.022844 -0.007674
v 0.040198 -0.022844 -0.007674
v 0.040198 -0.022844 -0.007674
v 0.040198 -0.022844 -0.007674
v 0.040291 -0.023377 -0.007328
v 0.040291 -0.023377 -0.007328
v 0.040291 -0.023377 -0.007328
v 0.040291 -0.023377 -0.007328
v 0.040291 -0.023377 -0.007328
v 0.040338 -0.023650 -0.007151
v 0.040338 -0.023650 -0.007151
v 0.040338 -0.023650 -0.007151
v 0.040338 -0.023650 -0.007151
v 0.039808 -0.018451 -0.009077
v 0.039808 -0.018451 -0.009077
v 0.039808 -0.018451 -0.009077
v 0.039808 -0.018451 -0.009077
v 0.039808 -0.018451 -0.009077
v 0.039940 -0.020529 -0.008568
v 0.039940 -0.020529 -0.008568
v 0.039940 -0.020529 -0.008568
v 0.039940 -0.020529 -0.008568
v 0.039940 -0.020529 -0.008568
v 0.038738 -0.020127 -0.006514
v 0.038738 -0.020127 -0.006514
v 0.038738 -0.020127 -0.006514
v 0.038738 -0.020127 -0.006514
v 0.038738 -0.020127 -0.006514
v 0.038738 -0.020127 -0.006514
v 0.038738 -0.020127 -0.006514
v 0.038738 -0.020127 -0.006514
v 0.039966 -0.020925 -0.008471
v 0.039966 -0.020925 -0.008471
v 0.039966 -0.020925 -0.008471
v 0.039966 -0.020925 -0.008471
v 0.039719 -0.013975 -0.009428
v 0.039719 -0.013975 -0.009428
v 0.039719 -0.013975 -0.009428
v 0.039719 -0.013975 -0.009428
v 0.039719 -0.013975 -0.009428
v 0.039736 -0.015393 -0.009396
v 0.039736 -0.015393 -0.009396
v 0.039736 -0.015393 -0.009396
v 0.039736 -0.015393 -0.009396
v 0.039165 -0.014047 -0.008186
v 0.039165 -0.014047 -0.008186
v 0.039165 -0.014047 -0.008186
v 0.039165 -0.014047 -0.008186
v 0.039165 -0.014047 -0.008186
v 0.039788 -0.017593 -0.009166
v 0.039788 -0.017593 -0.009166
v 0.039788 -0.017593 -0.009166
v 0.039788 -0.017593 -0.009166
v 0.039788 -0.017593 -0.009166
v 0.039788 -0.017593 -0.009166
v 0.039788 -0.017593 -0.009166
v 0.038787 -0.014083 -0.007707
v 0.038787 -0.014083 -0.007707
v 0.038787 -0.014083 -0.007707
v 0.038787 -0.014083 -0.007707
v 0.038787 -0.014083 -0.007707
v 0.038717 -0.017210 -0.007356
v 0.038717 -0.017210 -0.007356
v 0.038717 -0.017210 -0.007356
v 0.038717 -0.017210 -0.007356
v 0.038717 -0.017210 -0.007356
v 0.038717 -0.017210 -0.007356
v 0.038717 -0.017210 -0.007356
v 0.038717 -0.017210 -0.007356
v 0.038762 -0.014086 -0.007675
v 0.038762 -0.014086 -0.007675
v 0.038762 -0.014086 -0.007675
v 0.038762 -0.014086 -0.007675
v 0.038762 -0.014086 -0.007675
v 0.035736 -0.014314 -0.004824
v 0.035736 -0.014314 -0.004824
v 0.035736 -0.014314 -0.004824
v 0.035736 -0.014314 -0.004824
v 0.035736 -0.014314 -0.004824
v 0.036098 -0.014301 -0.005026
v 0.036098 -0.014301 -0.005026
v 0.036098 -0.014301 -0.005026
v 0.036098 -0.014301 -0.005026
v 0.036887 -0.017008 -0.005728
v 0.036887 -0.017008 -0.005728
v 0.036887 -0.017008 -0.005728
v 0.036887 -0.017008 -0.005728
v 0.036887 -0.017008 -0.005728
v 0.036887 -0.017008 -0.005728
v 0.036887 -0.017008 -0.005728
v 0.036887 -0.017008 -0.005728
v 0.036887 -0.017008 -0.005728
v 0.037269 -0.014216 -0.006034
v 0.037269 -0.014216 -0.006034
v 0.037269 -0.014216 -0.006034
v 0.037269 -0.014216 -0.006034
v 0.037269 -0.014216 -0.006034
v 0.037290 -0.014214 -0.006052
v 0.037290 -0.014214 -0.006052
v 0.037290 -0.014214 -0.006052
v 0.037290 -0.014214 -0.006052
v 0.037290 -0.014214 -0.006052
v 0.037888 -0.014171 -0.006567
v 0.037888 -0.014171 -0.006567
v 0.037888 -0.014171 -0.006567
v 0.037888 -0.014171 -0.006567
v 0.036537 -0.019691 -0.004894
v 0.036537 -0.019691 -0.004894
v 0.036537 -0.019691 -0.004894
v 0.036537 -0.019691 -0.004894
v 0.036537 -0.019691 -0.004894
v 0.036537 -0.019691 -0.004894
v 0.036537 -0.019691 -0.004894
v 0.036437 -0.020852 -0.004276
v 0.036437 -0.020852 -0.004276
v 0.036437 -0.020852 -0.004276
v 0.036437 -0.020852 -0.004276
v 0.036437 -0.020852 -0.004276
v 0.033771 -0.021222 -0.003333
v 0.033771 -0.021222 -0.003333
v 0.033771 -0.021222 -0.003333
v 0.033771 -0.021222 -0.003333
v 0.033771 -0.021222 -0.003333
v 0.033771 -0.021222 -0.003333
v 0.033559 -0.022274 -0.002652
v 0.033559 -0.022274 -0.002652
v 0.033559 -0.022274 -0.002652
v 0.033559 -0.022274 -0.002652
v 0.033559 -0.022274 -0.002652
v 0.035727 -0.014314 -0.004819
v 0.035727 -0.014314 -0.004819
v 0.035727 -0.014314 -0.004819
v 0.035727 -0.014314 -0.004819
v 0.035727 -0.014314 -0.004819
v 0.034935 -0.017117 -0.004603
v 0.034935 -0.017117 -0.004603
v 0.034935 -0.017117 -0.004603
v 0.034935 -0.017117 -0.004603
v 0.034935 -0.017117 -0.004603
v 0.034935 -0.017117 -0.004603
v 0.034103 -0.019982 -0.003896
v 0.034103 -0.019982 -0.003896
v 0.034103 -0.019982 -0.003896
v 0.034103 -0.019982 -0.003896
v 0.034103 -0.019982 -0.003896
v 0.034103 -0.019982 -0.003896
v 0.034103 -0.019982 -0.003896
v 0.037878 -0.010918 -0.006091
v 0.037878 -0.010918 -0.006091
v 0.037878 -0.010918 -0.006091
v 0.037878 -0.010918 -0.006091
v 0.037878 -0.010918 -0.006091
v 0.037878 -0.010918 -0.006091
v 0.037878 -0.010918 -0.006091
v 0.037878 -0.010918 -0.006091
v 0.035896 -0.010869 -0.004339
v 0.035896 -0.010869 -0.004339
v 0.035896 -0.010869 -0.004339
v 0.035896 -0.010869 -0.004339
v 0.035896 -0.010869 -0.004339
v 0.036745 -0.007482 -0.004339
v 0.036745 -0.007482 -0.004339
v 0.036745 -0.007482 -0.004339
v 0.036745 -0.007482 -0.004339
v 0.036893 -0.007488 -0.004368
v 0.036893 -0.007488 -0.004368
v 0.036893 -0.007488 -0.004368
v 0.036893 -0.007488 -0.004368
v 0.036893 -0.007488 -0.004368
v 0.036893 -0.007488 -0.004368
v 0.039705 0.013512 -0.009429
v 0.039705 0.013512 -0.009429
v 0.039705 0.013512 -0.009429
v 0.039705 0.013512 -0.009429
v 0.039705 0.013512 -0.009429
v 0.039705 0.013512 -0.009429
v 0.039705 0.001019 -0.009429
v 0.039705 0.001019 -0.009429
v 0.039705 0.001019 -0.009429
v 0.039705 0.001019 -0.009429
v 0.039705 0.001019 -0.009429
v 0.039159 0.006787 -0.007829
v 0.039159 0.006787 -0.007829
v 0.039159 0.006787 -0.007829
v 0.039159 0.006787 -0.007829
v 0.039159 0.006787 -0.007829
v 0.039159 0.006787 -0.007829
v 0.039159 0.006787 -0.007829
v 0.039266 -0.000218 -0.007868
v 0.039266 -0.000218 -0.007868
v 0.039266 -0.000218 -0.007868
v 0.039266 -0.000218 -0.007868
v 0.039266 -0.000218 -0.007868
v 0.038789 0.013553 -0.007709
v 0.038789 0.013553 -0.007709
v 0.038789 0.013553 -0.007709
v 0.038789 0.013553 -0.007709
v 0.038789 0.013553 -0.007709
v 0.038789 0.013553 -0.007709
v 0.038789 0.013553 -0.007709
v 0.039371 0.013528 -0.008565
v 0.039371 0.013528 -0.008565
v 0.039371 0.013528 -0.008565
v 0.039371 0.013528 -0.008565
v 0.039371 0.013528 -0.008565
v 0.039371 0.013528 -0.008565
v 0.036684 0.013623 -0.005337
v 0.036684 0.013623 -0.005337
v 0.036684 0.013623 -0.005337
v 0.036684 0.013623 -0.005337
v 0.036684 0.013623 -0.005337
v 0.036684 0.013623 -0.005337
v 0.037405 0.013602 -0.006055
v 0.037405 0.013602 -0.006055
v 0.037405 0.013602 -0.006055
v 0.037405 0.013602 -0.006055
v 0.037971 0.010348 -0.006105
v 0.037971 0.010348 -0.006105
v 0.037971 0.010348 -0.006105
v 0.037971 0.010348 -0.006105
v 0.037971 0.010348 -0.006105
v 0.037971 0.010348 -0.006105
v 0.037971 0.010348 -0.006105
v 0.038208 0.013578 -0.006855
v 0.038208 0.013578 -0.006855
v 0.038208 0.013578 -0.006855
v 0.038208 0.013578 -0.006855
v 0.035950 0.013624 -0.004838
v 0.035950 0.013624 -0.004838
v 0.035950 0.013624 -0.004838
v 0.035950 0.013624 -0.004838
v 0.036867 0.010402 -0.004831
v 0.036867 0.010402 -0.004831
v 0.036867 0.010402 -0.004831
v 0.036867 0.010402 -0.004831
v 0.036867 0.010402 -0.004831
v 0.036867 0.010402 -0.004831
v 0.037171 0.006923 -0.004468
v 0.037171 0.006923 -0.004468
v 0.037171 0.006923 -0.004468
v 0.037171 0.006923 -0.004468
v 0.037171 0.006923 -0.004468
v 0.037171 0.006923 -0.004468
v 0.037171 0.006923 -0.004468
v 0.037171 0.006923 -0.004468
v 0.035371 0.013622 -0.004460
v 0.035371 0.013622 -0.004460
v 0.035371 0.013622 -0.004460
v 0.035371 0.013622 -0.004460
v 0.035371 0.013622 -0.004460
v 0.035371 0.013622 -0.004460
v 0.035412 0.013625 -0.004472
v 0.035412 0.013625 -0.004472
v 0.035412 0.013625 -0.004472
v 0.035412 0.013625 -0.004472
v 0.035412 0.013625 -0.004472
v 0.037001 0.006920 -0.004369
v 0.037001 0.006920 -0.004369
v 0.037001 0.006920 -0.004369
v 0.037001 0.006920 -0.004369
v 0.037001 0.006920 -0.004369
v 0.037001 0.006920 -0.004369
v 0.037001 0.006920 -0.004369
v 0.036568 0.008326 -0.004339
v 0.036568 0.008326 -0.004339
v 0.036568 0.008326 -0.004339
v 0.036568 0.008326 -0.004339
v 0.036568 0.008326 -0.004339
v 0.036568 0.008326 -0.004339
v 0.036568 0.008326 -0.004339
v 0.036568 0.008326 -0.004339
v 0.035123 0.013608 -0.004388
v 0.035123 0.013608 -0.004388
v 0.035123 0.013608 -0.004388
v 0.035123 0.013608 -0.004388
v 0.035123 0.013608 -0.004388
v 0.035123 0.013608 -0.004388
v 0.035123 0.013608 -0.004388
v 0.035123 0.013608 -0.004388
v 0.035412 0.012347 -0.004339
v 0.035412 0.012347 -0.004339
v 0.035412 0.012347 -0.004339
v 0.035412 0.012347 -0.004339
v 0.034951 0.013598 -0.004339
v 0.034951 0.013598 -0.004339
v 0.034951 0.013598 -0.004339
v 0.037280 -0.004113 -0.004339
v 0.037280 -0.004113 -0.004339
v 0.037280 -0.004113 -0.004339
v 0.037280 -0.004113 -0.004339
v 0.037493 -0.000184 -0.004339
v 0.037493 -0.000184 -0.004339
v 0.037493 -0.000184 -0.004339
v 0.037493 -0.000184 -0.004339
v 0.037493 -0.000184 -0.004339
v 0.037493 -0.000184 -0.004339
v 0.037493 -0.000184 -0.004339
v 0.037493 -0.000184 -0.004339
v 0.037493 -0.000184 -0.004339
v 0.037493 -0.000184 -0.004339
v 0.037493 -0.000184 -0.004339
v 0.037493 -0.000184 -0.004339
v 0.037493 -0.000184 -0.004339
v 0.037632 -0.000186 -0.004369
v 0.037632 -0.000186 -0.004369
v 0.037632 -0.000186 -0.004369
v 0.037632 -0.000186 -0.004369
v 0.037632 -0.000186 -0.004369
v 0.037632 -0.000186 -0.004369
v 0.037505 0.000039 -0.004339
v 0.037505 0.000039 -0.004339
v 0.037505 0.000039 -0.004339
v 0.037505 0.000039 -0.004339
v 0.037505 0.000039 -0.004339
v 0.037483 0.003376 -0.004369
v 0.037483 0.003376 -0.004369
v 0.037483 0.003376 -0.004369
v 0.037483 0.003376 -0.004369
v 0.037483 0.003376 -0.004369
v 0.037483 0.003376 -0.004369
v 0.037271 0.004176 -0.004339
v 0.037271 0.004176 -0.004339
v 0.037271 0.004176 -0.004339
v 0.037271 0.004176 -0.004339
v 0.037271 0.004176 -0.004339
v 0.036809 0.006905 -0.004339
v 0.036809 0.006905 -0.004339
v 0.036809 0.006905 -0.004339
v 0.036809 0.006905 -0.004339
v 0.036029 -0.010960 -0.004367
v 0.036029 -0.010960 -0.004367
v 0.036029 -0.010960 -0.004367
v 0.036029 -0.010960 -0.004367
v 0.036029 -0.010960 -0.004367
v 0.036029 -0.010960 -0.004367
v 0.036029 -0.010960 -0.004367
v 0.037067 -0.007487 -0.004467
v 0.037067 -0.007487 -0.004467
v 0.037067 -0.007487 -0.004467
v 0.037067 -0.007487 -0.004467
v 0.037067 -0.007487 -0.004467
v 0.037067 -0.007487 -0.004467
v 0.037067 -0.007487 -0.004467
v 0.037067 -0.007487 -0.004467
v 0.036711 -0.011020 -0.004826
v 0.036711 -0.011020 -0.004826
v 0.036711 -0.011020 -0.004826
v 0.036711 -0.011020 -0.004826
v 0.036711 -0.011020 -0.004826
v 0.036711 -0.011020 -0.004826
v 0.036711 -0.011020 -0.004826
v 0.036711 -0.011020 -0.004826
v 0.036711 -0.011020 -0.004826
v 0.039715 -0.012550 -0.009429
v 0.039715 -0.012550 -0.009429
v 0.039715 -0.012550 -0.009429
v 0.039715 -0.012550 -0.009429
v 0.038989 -0.010782 -0.007753
v 0.038989 -0.010782 -0.007753
v 0.038989 -0.010782 -0.007753
v 0.038989 -0.010782 -0.007753
v 0.038989 -0.010782 -0.007753
v 0.038989 -0.010782 -0.007753
v 0.038989 -0.010782 -0.007753
v 0.038989 -0.010782 -0.007753
v 0.038700 -0.000205 -0.006192
v 0.038700 -0.000205 -0.006192
v 0.038700 -0.000205 -0.006192
v 0.038700 -0.000205 -0.006192
v 0.038700 -0.000205 -0.006192
v 0.038700 -0.000205 -0.006192
v 0.038700 -0.000205 -0.006192
v 0.038700 -0.000205 -0.006192
v 0.038380 0.006862 -0.006158
v 0.038380 0.006862 -0.006158
v 0.038380 0.006862 -0.006158
v 0.038380 0.006862 -0.006158
v 0.038380 0.006862 -0.006158
v 0.037549 0.006915 -0.004850
v 0.037549 0.006915 -0.004850
v 0.037549 0.006915 -0.004850
v 0.037549 0.006915 -0.004850
v 0.037549 0.006915 -0.004850
v 0.037549 0.006915 -0.004850
v 0.038083 -0.000193 -0.004863
v 0.038083 -0.000193 -0.004863
v 0.038083 -0.000193 -0.004863
v 0.038083 -0.000193 -0.004863
v 0.038083 -0.000193 -0.004863
v 0.037779 -0.000188 -0.004471
v 0.037779 -0.000188 -0.004471
v 0.037779 -0.000188 -0.004471
v 0.037779 -0.000188 -0.004471
v 0.037779 -0.000188 -0.004471
v 0.037779 -0.000188 -0.004471
v 0.037779 -0.000188 -0.004471
v 0.037438 -0.003859 -0.004369
v 0.037438 -0.003859 -0.004369
v 0.037438 -0.003859 -0.004369
v 0.037438 -0.003859 -0.004369
v 0.037438 -0.003859 -0.004369
v 0.037438 -0.003859 -0.004369
v 0.036779 -0.007346 -0.004339
v 0.036779 -0.007346 -0.004339
v 0.036779 -0.007346 -0.004339
v 0.036779 -0.007346 -0.004339
v 0.036779 -0.007346 -0.004339
v 0.037459 -0.007469 -0.004848
v 0.037459 -0.007469 -0.004848
v 0.037459 -0.007469 -0.004848
v 0.037459 -0.007469 -0.004848
v 0.037459 -0.007469 -0.004848
v 0.037459 -0.007469 -0.004848
v 0.038327 -0.007388 -0.006152
v 0.038327 -0.007388 -0.006152
v 0.038327 -0.007388 -0.006152
v 0.038327 -0.007388 -0.006152
v 0.038327 -0.007388 -0.006152
v 0.039141 -0.007280 -0.007822
v 0.039141 -0.007280 -0.007822
v 0.039141 -0.007280 -0.007822
v 0.039141 -0.007280 -0.007822
v 0.039141 -0.007280 -0.007822
v 0.039141 -0.007280 -0.007822
v 0.039141 -0.007280 -0.007822
v 0.039141 -0.007280 -0.007822
v 0.039141 -0.007280 -0.007822
v 0.039705 -0.008431 -0.009429
v 0.039705 -0.008431 -0.009429
v 0.039705 -0.008431 -0.009429
v 0.039705 -0.008431 -0.009429
v 0.039705 -0.008431 -0.009429
v 0.039705 -0.000231 -0.009429
v 0.039705 -0.000231 -0.009429
v 0.039705 -0.000231 -0.009429
v 0.039705 -0.000231 -0.009429
v 0.039705 -0.000231 -0.009429
v 0.039705 -0.004437 -0.009429
v 0.039705 -0.004437 -0.009429
v 0.039705 -0.004437 -0.009429
v 0.039705 -0.004437 -0.009429
v 0.039705 -0.004437 -0.009429
v 0.039705 -0.007185 -0.009429
v 0.039705 -0.007185 -0.009429
v 0.039705 -0.007185 -0.009429
v 0.039705 -0.007185 -0.009429
v 0.071233 -0.035345 0.008602
v 0.071233 -0.035345 0.008602
v 0.071233 -0.035345 0.008602
v 0.071233 -0.035345 0.008602
v 0.071233 -0.035345 0.008602
v 0.071233 -0.035345 0.008602
v 0.076000 -0.035372 -0.000000
v 0.076000 -0.035372 -0.000000
v 0.076000 -0.035372 -0.000000
v 0.076000 -0.035372 -0.000000
v 0.076000 -0.035372 -0.000000
v 0.076000 -0.035372 -0.000000
v 0.076000 -0.035372 -0.000000
v 0.076000 -0.035372 -0.000000
v 0.076000 -0.035372 -0.000000
v 0.076000 -0.035372 -0.000000
v 0.076000 -0.035372 -0.000000
v 0.076000 -0.035372 -0.000000
v 0.076000 -0.035372 -0.000000
v 0.076000 -0.035372 -0.000000
v 0.076000 -0.035372 -0.000000
v 0.076000 -0.035372 -0.000000
v 0.076000 -0.035372 -0.000000
v 0.076000 -0.035372 -0.000000
v 0.076000 -0.035372 -0.000000
v 0.076000 -0.035372 -0.000000
v 0.076000 -0.035372 -0.000000
v 0.076000 -0.035372 -0.000000
v 0.076000 -0.035372 -0.000000
v 0.076000 -0.035372 -0.000000
v 0.076000 -0.035372 -0.000000
v 0.076000 -0.035372 -0.000000
v 0.076000 -0.035372 -0.000000
v 0.076000 -0.035372 -0.000000
v 0.076000 -0.035372 -0.000000
v 0.076000 -0.035372 -0.000000
v 0.076000 -0.035372 -0.000000
v 0.076000 -0.035372 -0.000000
v 0.076000 -0.035372 -0.000000
v 0.076000 -0.035372 -0.000000
v 0.076000 -0.035372 -0.000000
v 0.076000 -0.035372 -0.000000
v 0.076000 -0.035372 -0.000000
v 0.076000 -0.035372 -0.000000
v 0.076000 -0.035372 -0.000000
v 0.072850 -0.035345 0.009317
v 0.072850 -0.035345 0.009317
v 0.072850 -0.035345 0.009317
v 0.072850 -0.035345 0.009317
v 0.072850 -0.035345 0.009317
v 0.076323 -0.035345 0.009830
v 0.076323 -0.035345 0.009830
v 0.076323 -0.035345 0.009830
v 0.076323 -0.035345 0.009830
v 0.076323 -0.035345 0.009830
v 0.078010 -0.035345 0.009627
v 0.078010 -0.035345 0.009627
v 0.078010 -0.035345 0.009627
v 0.078010 -0.035345 0.009627
v 0.078010 -0.035345 0.009627
v 0.074571 -0.035345 0.009731
v 0.074571 -0.035345 0.009731
v 0.074571 -0.035345 0.009731
v 0.074571 -0.035345 0.009731
v 0.074571 -0.035345 0.009731
v 0.079625 -0.035345 0.009142
v 0.079625 -0.035345 0.009142
v 0.079625 -0.035345 0.009142
v 0.079625 -0.035345 0.009142
v 0.079625 -0.035345 0.009142
v 0.081105 -0.035345 0.008406
v 0.081105 -0.035345 0.008406
v 0.081105 -0.035345 0.008406
v 0.081105 -0.035345 0.008406
v 0.081105 -0.035345 0.008406
v 0.082421 -0.035345 0.007449
v 0.082421 -0.035345 0.007449
v 0.082421 -0.035345 0.007449
v 0.082421 -0.035345 0.007449
v 0.082421 -0.035345 0.007449
v 0.083546 -0.035345 0.006307
v 0.083546 -0.035345 0.006307
v 0.083546 -0.035345 0.006307
v 0.083546 -0.035345 0.006307
v 0.083546 -0.035345 0.006307
v 0.084351 -0.035345 0.005194
v 0.084351 -0.035345 0.005194
v 0.084351 -0.035345 0.005194
v 0.084351 -0.035345 0.005194
v 0.084351 -0.035345 0.005194
v 0.085079 -0.035345 0.003782
v 0.085079 -0.035345 0.003782
v 0.085079 -0.035345 0.003782
v 0.085079 -0.035345 0.003782
v 0.085079 -0.035345 0.003782
v 0.085607 -0.035345 0.002103
v 0.085607 -0.035345 0.002103
v 0.085607 -0.035345 0.002103
v 0.085607 -0.035345 0.002103
v 0.085607 -0.035345 0.002103
v 0.085828 -0.035345 0.000376
v 0.085828 -0.035345 0.000376
v 0.085828 -0.035345 0.000376
v 0.085828 -0.035345 0.000376
v 0.085828 -0.035345 0.000376
v 0.085743 -0.035345 -0.001341
v 0.085743 -0.035345 -0.001341
v 0.085743 -0.035345 -0.001341
v 0.085743 -0.035345 -0.001341
v 0.085743 -0.035345 -0.001341
v 0.085712 -0.035345 -0.001550
v 0.085712 -0.035345 -0.001550
v 0.085712 -0.035345 -0.001550
v 0.085712 -0.035345 -0.001550
v 0.085712 -0.035345 -0.001550
v 0.085303 -0.035345 -0.003191
v 0.085303 -0.035345 -0.003191
v 0.085303 -0.035345 -0.003191
v 0.085303 -0.035345 -0.003191
v 0.085303 -0.035345 -0.003191
v 0.084627 -0.035345 -0.004722
v 0.084627 -0.035345 -0.004722
v 0.084627 -0.035345 -0.004722
v 0.084627 -0.035345 -0.004722
v 0.084627 -0.035345 -0.004722
v 0.113451 -0.012550 -0.001842
v 0.113451 -0.012550 -0.001842
v 0.113451 -0.012550 -0.001842
v 0.113451 -0.012550 -0.001842
v 0.113451 -0.012550 -0.001842
v 0.113451 -0.012550 -0.001842
v 0.110296 -0.012550 -0.015159
v 0.110296 -0.012550 -0.015159
v 0.110296 -0.012550 -0.015159
v 0.110296 -0.012550 -0.015159
v 0.110296 -0.012550 -0.015159
v 0.110296 -0.012550 -0.015159
v 0.110296 -0.012550 -0.015159
v 0.111468 -0.012550 -0.012167
v 0.111468 -0.012550 -0.012167
v 0.111468 -0.012550 -0.012167
v 0.111468 -0.012550 -0.012167
v 0.111468 -0.012550 -0.012167
v 0.111468 -0.012550 -0.012167
v 0.111072 -0.020531 -0.012032
v 0.111072 -0.020531 -0.012032
v 0.111072 -0.020531 -0.012032
v 0.111072 -0.020531 -0.012032
v 0.111072 -0.020531 -0.012032
v 0.098224 -0.029981 -0.024383
v 0.098224 -0.029981 -0.024383
v 0.098224 -0.029981 -0.024383
v 0.098224 -0.029981 -0.024383
v 0.098224 -0.029981 -0.024383
v 0.098224 -0.029981 -0.024383
v 0.098224 -0.029981 -0.024383
v 0.099611 -0.027011 -0.025905
v 0.099611 -0.027011 -0.025905
v 0.099611 -0.027011 -0.025905
v 0.099611 -0.027011 -0.025905
v 0.099611 -0.027011 -0.025905
v 0.099611 -0.027011 -0.025905
v 0.099611 -0.027011 -0.025905
v 0.103524 -0.027011 -0.021701
v 0.103524 -0.027011 -0.021701
v 0.103524 -0.027011 -0.021701
v 0.103524 -0.027011 -0.021701
v 0.103524 -0.027011 -0.021701
v 0.103524 -0.027011 -0.021701
v 0.092196 -0.033902 -0.020809
v 0.092196 -0.033902 -0.020809
v 0.092196 -0.033902 -0.020809
v 0.092196 -0.033902 -0.020809
v 0.092196 -0.033902 -0.020809
v 0.092196 -0.033902 -0.020809
v 0.094387 -0.032328 -0.023624
v 0.094387 -0.032328 -0.023624
v 0.094387 -0.032328 -0.023624
v 0.094387 -0.032328 -0.023624
v 0.096192 -0.032416 -0.022154
v 0.096192 -0.032416 -0.022154
v 0.096192 -0.032416 -0.022154
v 0.096192 -0.032416 -0.022154
v 0.096192 -0.032416 -0.022154
v 0.096192 -0.032416 -0.022154
v 0.096192 -0.032416 -0.022154
v 0.098666 -0.021554 -0.029122
v 0.098666 -0.021554 -0.029122
v 0.098666 -0.021554 -0.029122
v 0.098666 -0.021554 -0.029122
v 0.098666 -0.021554 -0.029122
v 0.098666 -0.021554 -0.029122
v 0.098666 -0.021554 -0.029122
v 0.098719 -0.020524 -0.029190
v 0.098719 -0.020524 -0.029190
v 0.098719 -0.020524 -0.029190
v 0.098719 -0.020524 -0.029190
v 0.098719 -0.020524 -0.029190
v 0.100977 -0.020531 -0.027404
v 0.100977 -0.020531 -0.027404
v 0.100977 -0.020531 -0.027404
v 0.100977 -0.020531 -0.027404
v 0.100977 -0.020531 -0.027404
v 0.100977 -0.020531 -0.027404
v 0.073870 -0.012550 0.037330
v 0.073870 -0.012550 0.037330
v 0.073870 -0.012550 0.037330
v 0.073870 -0.012550 0.037330
v 0.077233 -0.012550 0.037394
v 0.077233 -0.012550 0.037394
v 0.077233 -0.012550 0.037394
v 0.077233 -0.012550 0.037394
v 0.077233 -0.012550 0.037394
v 0.077233 -0.012550 0.037394
v 0.077233 -0.012550 0.037394
v 0.077233 -0.012550 0.037394
v 0.077233 -0.012550 0.037394
v 0.077233 -0.012550 0.037394
v 0.070718 -0.023798 0.035868
v 0.070718 -0.023798 0.035868
v 0.070718 -0.023798 0.035868
v 0.070718 -0.023798 0.035868
v 0.070718 -0.023798 0.035868
v 0.070718 -0.023798 0.035868
v 0.070718 -0.023798 0.035868
v 0.070718 -0.023798 0.035868
v 0.070718 -0.023798 0.035868
v 0.070718 -0.023798 0.035868
v 0.064773 -0.027011 0.033139
v 0.064773 -0.027011 0.033139
v 0.064773 -0.027011 0.033139
v 0.064773 -0.027011 0.033139
v 0.064773 -0.027011 0.033139
v 0.064773 -0.027011 0.033139
v 0.064773 -0.027011 0.033139
v 0.099033 -0.004386 -0.029593
v 0.099033 -0.004386 -0.029593
v 0.099033 -0.004386 -0.029593
v 0.099033 -0.004386 -0.029593
v 0.099033 -0.004386 -0.029593
v 0.101259 -0.012550 -0.027712
v 0.101259 -0.012550 -0.027712
v 0.101259 -0.012550 -0.027712
v 0.101259 -0.012550 -0.027712
v 0.101259 -0.012550 -0.027712
v 0.101259 -0.012550 -0.027712
v 0.101259 -0.012550 -0.027712
v 0.101259 -0.012550 -0.027712
v 0.101259 -0.012550 -0.027712
v 0.101259 -0.012550 -0.027712
v 0.101259 -0.012550 -0.027712
v 0.099021 -0.012549 -0.029578
v 0.099021 -0.012549 -0.029578
v 0.099021 -0.012549 -0.029578
v 0.099021 -0.012549 -0.029578
v 0.069959 -0.035315 0.007761
v 0.069959 -0.035315 0.007761
v 0.069959 -0.035315 0.007761
v 0.069959 -0.035315 0.007761
v 0.069959 -0.035315 0.007761
v 0.072330 -0.035366 0.004715
v 0.072330 -0.035366 0.004715
v 0.072330 -0.035366 0.004715
v 0.072330 -0.035366 0.004715
v 0.065934 -0.034911 0.018163
v 0.065934 -0.034911 0.018163
v 0.065934 -0.034911 0.018163
v 0.065934 -0.034911 0.018163
v 0.065934 -0.034911 0.018163
v 0.065934 -0.034911 0.018163
v 0.065934 -0.034911 0.018163
v 0.063246 -0.034895 0.016387
v 0.063246 -0.034895 0.016387
v 0.063246 -0.034895 0.016387
v 0.063246 -0.034895 0.016387
v 0.066209 -0.035234 0.012578
v 0.066209 -0.035234 0.012578
v 0.066209 -0.035234 0.012578
v 0.066209 -0.035234 0.012578
v 0.066209 -0.035234 0.012578
v 0.060142 -0.034015 0.020377
v 0.060142 -0.034015 0.020377
v 0.060142 -0.034015 0.020377
v 0.060142 -0.034015 0.020377
v 0.060142 -0.034015 0.020377
v 0.060602 -0.034231 0.019787
v 0.060602 -0.034231 0.019787
v 0.060602 -0.034231 0.019787
v 0.060602 -0.034231 0.019787
v 0.060602 -0.034231 0.019787
v 0.063480 -0.034048 0.022593
v 0.063480 -0.034048 0.022593
v 0.063480 -0.034048 0.022593
v 0.063480 -0.034048 0.022593
v 0.063480 -0.034048 0.022593
v 0.063480 -0.034048 0.022593
v 0.063480 -0.034048 0.022593
v 0.063480 -0.034048 0.022593
v 0.063480 -0.034048 0.022593
v 0.062986 -0.034865 0.016721
v 0.062986 -0.034865 0.016721
v 0.062986 -0.034865 0.016721
v 0.062986 -0.034865 0.016721
v 0.062986 -0.034865 0.016721
v 0.057589 -0.032410 0.023651
v 0.057589 -0.032410 0.023651
v 0.057589 -0.032410 0.023651
v 0.057589 -0.032410 0.023651
v 0.057589 -0.032410 0.023651
v 0.057589 -0.032410 0.023651
v 0.058984 -0.033472 0.021864
v 0.058984 -0.033472 0.021864
v 0.058984 -0.033472 0.021864
v 0.058984 -0.033472 0.021864
v 0.058984 -0.033472 0.021864
v 0.058984 -0.033472 0.021864
v 0.061470 -0.032416 0.026217
v 0.061470 -0.032416 0.026217
v 0.061470 -0.032416 0.026217
v 0.061470 -0.032416 0.026217
v 0.061470 -0.032416 0.026217
v 0.061470 -0.032416 0.026217
v 0.061470 -0.032416 0.026217
v 0.061470 -0.032416 0.026217
v 0.061470 -0.032416 0.026217
v 0.061470 -0.032416 0.026217
v 0.061470 -0.032416 0.026217
v 0.065433 -0.029981 0.031222
v 0.065433 -0.029981 0.031222
v 0.065433 -0.029981 0.031222
v 0.065433 -0.029981 0.031222
v 0.065433 -0.029981 0.031222
v 0.065433 -0.029981 0.031222
v 0.065433 -0.029981 0.031222
v 0.065433 -0.029981 0.031222
v 0.065433 -0.029981 0.031222
v 0.065433 -0.029981 0.031222
v 0.065433 -0.029981 0.031222
v 0.070907 -0.027011 0.034611
v 0.070907 -0.027011 0.034611
v 0.070907 -0.027011 0.034611
v 0.070907 -0.027011 0.034611
v 0.070907 -0.027011 0.034611
v 0.070907 -0.027011 0.034611
v 0.070907 -0.027011 0.034611
v 0.070612 -0.020531 0.036572
v 0.070612 -0.020531 0.036572
v 0.070612 -0.020531 0.036572
v 0.070612 -0.020531 0.036572
v 0.070612 -0.020531 0.036572
v 0.070612 -0.020531 0.036572
v 0.070612 -0.020531 0.036572
v 0.070612 -0.020531 0.036572
v 0.073894 -0.020531 0.036922
v 0.073894 -0.020531 0.036922
v 0.073894 -0.020531 0.036922
v 0.073894 -0.020531 0.036922
v 0.073894 -0.020531 0.036922
v 0.073894 -0.020531 0.036922
v 0.073894 -0.020531 0.036922
v 0.083662 -0.012550 0.036668
v 0.083662 -0.012550 0.036668
v 0.083662 -0.012550 0.036668
v 0.083662 -0.012550 0.036668
v 0.083662 -0.012550 0.036668
v 0.083662 -0.012550 0.036668
v 0.083662 -0.012550 0.036668
v 0.083662 -0.012550 0.036668
v 0.083662 -0.012550 0.036668
v 0.083662 -0.012550 0.036668
v 0.083662 -0.012550 0.036668
v 0.083662 -0.012550 0.036668
v 0.083662 -0.012550 0.036668
v 0.083662 -0.012550 0.036668
v 0.083662 -0.012550 0.036668
v 0.080464 -0.012550 0.037172
v 0.080464 -0.012550 0.037172
v 0.080464 -0.012550 0.037172
v 0.080464 -0.012550 0.037172
v 0.080464 -0.012550 0.037172
v 0.100485 -0.023798 -0.026864
v 0.100485 -0.023798 -0.026864
v 0.100485 -0.023798 -0.026864
v 0.100485 -0.023798 -0.026864
v 0.100485 -0.023798 -0.026864
v 0.100485 -0.023798 -0.026864
v 0.100485 -0.023798 -0.026864
v 0.098249 -0.023759 -0.028586
v 0.098249 -0.023759 -0.028586
v 0.098249 -0.023759 -0.028586
v 0.098249 -0.023759 -0.028586
v 0.088812 -0.034901 -0.016462
v 0.088812 -0.034901 -0.016462
v 0.088812 -0.034901 -0.016462
v 0.088812 -0.034901 -0.016462
v 0.088812 -0.034901 -0.016462
v 0.091860 -0.034002 -0.020377
v 0.091860 -0.034002 -0.020377
v 0.091860 -0.034002 -0.020377
v 0.091860 -0.034002 -0.020377
v 0.091860 -0.034002 -0.020377
v 0.093400 -0.034048 -0.019090
v 0.093400 -0.034048 -0.019090
v 0.093400 -0.034048 -0.019090
v 0.093400 -0.034048 -0.019090
v 0.093400 -0.034048 -0.019090
v 0.093400 -0.034048 -0.019090
v 0.093400 -0.034048 -0.019090
v 0.094775 -0.032050 -0.024122
v 0.094775 -0.032050 -0.024122
v 0.094775 -0.032050 -0.024122
v 0.094775 -0.032050 -0.024122
v 0.094775 -0.032050 -0.024122
v 0.094775 -0.032050 -0.024122
v 0.096220 -0.029903 -0.025979
v 0.096220 -0.029903 -0.025979
v 0.096220 -0.029903 -0.025979
v 0.096220 -0.029903 -0.025979
v 0.096601 -0.029337 -0.026469
v 0.096601 -0.029337 -0.026469
v 0.096601 -0.029337 -0.026469
v 0.096601 -0.029337 -0.026469
v 0.096601 -0.029337 -0.026469
v 0.096601 -0.029337 -0.026469
v 0.097476 -0.026961 -0.027593
v 0.097476 -0.026961 -0.027593
v 0.097476 -0.026961 -0.027593
v 0.097476 -0.026961 -0.027593
v 0.097818 -0.026034 -0.028032
v 0.097818 -0.026034 -0.028032
v 0.097818 -0.026034 -0.028032
v 0.097818 -0.026034 -0.028032
v 0.097818 -0.026034 -0.028032
v 0.097818 -0.026034 -0.028032
v 0.105445 -0.012550 -0.023216
v 0.105445 -0.012550 -0.023216
v 0.105445 -0.012550 -0.023216
v 0.105445 -0.012550 -0.023216
v 0.105445 -0.012550 -0.023216
v 0.105445 -0.012550 -0.023216
v 0.105445 -0.012550 -0.023216
v 0.101908 -0.029981 -0.020427
v 0.101908 -0.029981 -0.020427
v 0.101908 -0.029981 -0.020427
v 0.101908 -0.029981 -0.020427
v 0.101908 -0.029981 -0.020427
v 0.101908 -0.029981 -0.020427
v 0.106746 -0.027011 -0.016829
v 0.106746 -0.027011 -0.016829
v 0.106746 -0.027011 -0.016829
v 0.106746 -0.027011 -0.016829
v 0.106746 -0.027011 -0.016829
v 0.106746 -0.027011 -0.016829
v 0.105117 -0.020531 -0.022957
v 0.105117 -0.020531 -0.022957
v 0.105117 -0.020531 -0.022957
v 0.105117 -0.020531 -0.022957
v 0.105117 -0.020531 -0.022957
v 0.105117 -0.020531 -0.022957
v 0.104544 -0.023798 -0.022505
v 0.104544 -0.023798 -0.022505
v 0.104544 -0.023798 -0.022505
v 0.104544 -0.023798 -0.022505
v 0.104544 -0.023798 -0.022505
v 0.104544 -0.023798 -0.022505
v 0.108525 -0.020531 -0.017803
v 0.108525 -0.020531 -0.017803
v 0.108525 -0.020531 -0.017803
v 0.108525 -0.020531 -0.017803
v 0.108525 -0.020531 -0.017803
v 0.107884 -0.023798 -0.017453
v 0.107884 -0.023798 -0.017453
v 0.107884 -0.023798 -0.017453
v 0.107884 -0.023798 -0.017453
v 0.107884 -0.023798 -0.017453
v 0.107884 -0.023798 -0.017453
v 0.108891 -0.012550 -0.018004
v 0.108891 -0.012550 -0.018004
v 0.108891 -0.012550 -0.018004
v 0.108891 -0.012550 -0.018004
v 0.108891 -0.012550 -0.018004
v 0.108891 -0.012550 -0.018004
v 0.108891 -0.012550 -0.018004
v 0.099539 -0.032416 -0.018559
v 0.099539 -0.032416 -0.018559
v 0.099539 -0.032416 -0.018559
v 0.099539 -0.032416 -0.018559
v 0.099539 -0.032416 -0.018559
v 0.099539 -0.032416 -0.018559
v 0.104940 -0.029981 -0.015841
v 0.104940 -0.029981 -0.015841
v 0.104940 -0.029981 -0.015841
v 0.104940 -0.029981 -0.015841
v 0.104940 -0.029981 -0.015841
v 0.104940 -0.029981 -0.015841
v 0.109154 -0.027011 -0.011374
v 0.109154 -0.027011 -0.011374
v 0.109154 -0.027011 -0.011374
v 0.109154 -0.027011 -0.011374
v 0.109154 -0.027011 -0.011374
v 0.109154 -0.027011 -0.011374
v 0.110382 -0.023798 -0.011795
v 0.110382 -0.023798 -0.011795
v 0.110382 -0.023798 -0.011795
v 0.110382 -0.023798 -0.011795
v 0.110382 -0.023798 -0.011795
v 0.110382 -0.023798 -0.011795
v 0.110382 -0.023798 -0.011795
v 0.109913 -0.020531 -0.014990
v 0.109913 -0.020531 -0.014990
v 0.109913 -0.020531 -0.014990
v 0.109913 -0.020531 -0.014990
v 0.109913 -0.020531 -0.014990
v 0.109913 -0.020531 -0.014990
v 0.108814 -0.016926 -0.017961
v 0.108814 -0.016926 -0.017961
v 0.108814 -0.016926 -0.017961
v 0.108814 -0.016926 -0.017961
v 0.108814 -0.016926 -0.017961
v 0.108814 -0.016926 -0.017961
v 0.105376 -0.016926 -0.023161
v 0.105376 -0.016926 -0.023161
v 0.105376 -0.016926 -0.023161
v 0.105376 -0.016926 -0.023161
v 0.105376 -0.016926 -0.023161
v 0.105376 -0.016926 -0.023161
v 0.101199 -0.016926 -0.027647
v 0.101199 -0.016926 -0.027647
v 0.101199 -0.016926 -0.027647
v 0.101199 -0.016926 -0.027647
v 0.101199 -0.016926 -0.027647
v 0.101199 -0.016926 -0.027647
v 0.099018 -0.014657 -0.029574
v 0.099018 -0.014657 -0.029574
v 0.099018 -0.014657 -0.029574
v 0.099018 -0.014657 -0.029574
v 0.099018 -0.014657 -0.029574
v 0.099018 -0.014657 -0.029574
v 0.111975 -0.020531 -0.008978
v 0.111975 -0.020531 -0.008978
v 0.111975 -0.020531 -0.008978
v 0.111975 -0.020531 -0.008978
v 0.111975 -0.020531 -0.008978
v 0.111975 -0.020531 -0.008978
v 0.112380 -0.012550 -0.009079
v 0.112380 -0.012550 -0.009079
v 0.112380 -0.012550 -0.009079
v 0.112380 -0.012550 -0.009079
v 0.112380 -0.012550 -0.009079
v 0.112380 -0.012550 -0.009079
v 0.112380 -0.012550 -0.009079
v 0.112380 -0.012550 -0.009079
v 0.112615 -0.020531 -0.005842
v 0.112615 -0.020531 -0.005842
v 0.112615 -0.020531 -0.005842
v 0.112615 -0.020531 -0.005842
v 0.112615 -0.020531 -0.005842
v 0.112615 -0.020531 -0.005842
v 0.113028 -0.012550 -0.005908
v 0.113028 -0.012550 -0.005908
v 0.113028 -0.012550 -0.005908
v 0.113028 -0.012550 -0.005908
v 0.113028 -0.012550 -0.005908
v 0.113028 -0.012550 -0.005908
v 0.113146 -0.012550 -0.005114
v 0.113146 -0.012550 -0.005114
v 0.113146 -0.012550 -0.005114
v 0.113146 -0.012550 -0.005114
v 0.113146 -0.012550 -0.005114
v 0.113146 -0.012550 -0.005114
v 0.113146 -0.012550 -0.005114
v 0.113146 -0.012550 -0.005114
v 0.111894 -0.023798 -0.005727
v 0.111894 -0.023798 -0.005727
v 0.111894 -0.023798 -0.005727
v 0.111894 -0.023798 -0.005727
v 0.111894 -0.023798 -0.005727
v 0.111894 -0.023798 -0.005727
v 0.111894 -0.023798 -0.005727
v 0.112732 -0.020531 -0.005057
v 0.112732 -0.020531 -0.005057
v 0.112732 -0.020531 -0.005057
v 0.112732 -0.020531 -0.005057
v 0.112732 -0.020531 -0.005057
v 0.112732 -0.020531 -0.005057
v 0.112009 -0.023798 -0.004958
v 0.112009 -0.023798 -0.004958
v 0.112009 -0.023798 -0.004958
v 0.112009 -0.023798 -0.004958
v 0.112009 -0.023798 -0.004958
v 0.110613 -0.027011 -0.005523
v 0.110613 -0.027011 -0.005523
v 0.110613 -0.027011 -0.005523
v 0.110613 -0.027011 -0.005523
v 0.110613 -0.027011 -0.005523
v 0.110613 -0.027011 -0.005523
v 0.107207 -0.029981 -0.010706
v 0.107207 -0.029981 -0.010706
v 0.107207 -0.029981 -0.010706
v 0.107207 -0.029981 -0.010706
v 0.107207 -0.029981 -0.010706
v 0.107207 -0.029981 -0.010706
v 0.102294 -0.032416 -0.014393
v 0.102294 -0.032416 -0.014393
v 0.102294 -0.032416 -0.014393
v 0.102294 -0.032416 -0.014393
v 0.102294 -0.032416 -0.014393
v 0.102294 -0.032416 -0.014393
v 0.096284 -0.034048 -0.015993
v 0.096284 -0.034048 -0.015993
v 0.096284 -0.034048 -0.015993
v 0.096284 -0.034048 -0.015993
v 0.096284 -0.034048 -0.015993
v 0.096284 -0.034048 -0.015993
v 0.089988 -0.034911 -0.015347
v 0.089988 -0.034911 -0.015347
v 0.089988 -0.034911 -0.015347
v 0.089988 -0.034911 -0.015347
v 0.089988 -0.034911 -0.015347
v 0.089988 -0.034911 -0.015347
v 0.084767 -0.035284 -0.011264
v 0.084767 -0.035284 -0.011264
v 0.084767 -0.035284 -0.011264
v 0.084767 -0.035284 -0.011264
v 0.084767 -0.035284 -0.011264
v 0.084767 -0.035284 -0.011264
v 0.112322 -0.023798 0.001390
v 0.112322 -0.023798 0.001390
v 0.112322 -0.023798 0.001390
v 0.112322 -0.023798 0.001390
v 0.112322 -0.023798 0.001390
v 0.112322 -0.023798 0.001390
v 0.112322 -0.023798 0.001390
v 0.113034 -0.020531 -0.001822
v 0.113034 -0.020531 -0.001822
v 0.113034 -0.020531 -0.001822
v 0.113034 -0.020531 -0.001822
v 0.113034 -0.020531 -0.001822
v 0.113051 -0.020531 0.001418
v 0.113051 -0.020531 0.001418
v 0.113051 -0.020531 0.001418
v 0.113051 -0.020531 0.001418
v 0.113051 -0.020531 0.001418
v 0.113051 -0.020531 0.001418
v 0.113469 -0.012550 0.001434
v 0.113469 -0.012550 0.001434
v 0.113469 -0.012550 0.001434
v 0.113469 -0.012550 0.001434
v 0.113469 -0.012550 0.001434
v 0.113469 -0.012550 0.001434
v 0.110723 -0.027011 -0.004781
v 0.110723 -0.027011 -0.004781
v 0.110723 -0.027011 -0.004781
v 0.110723 -0.027011 -0.004781
v 0.110723 -0.027011 -0.004781
v 0.110723 -0.027011 -0.004781
v 0.108580 -0.029981 -0.005198
v 0.108580 -0.029981 -0.005198
v 0.108580 -0.029981 -0.005198
v 0.108580 -0.029981 -0.005198
v 0.108580 -0.029981 -0.005198
v 0.108580 -0.029981 -0.005198
v 0.104353 -0.032416 -0.009727
v 0.104353 -0.032416 -0.009727
v 0.104353 -0.032416 -0.009727
v 0.104353 -0.032416 -0.009727
v 0.104353 -0.032416 -0.009727
v 0.104353 -0.032416 -0.009727
v 0.098658 -0.034048 -0.012402
v 0.098658 -0.034048 -0.012402
v 0.098658 -0.034048 -0.012402
v 0.098658 -0.034048 -0.012402
v 0.098658 -0.034048 -0.012402
v 0.098658 -0.034048 -0.012402
v 0.092307 -0.034911 -0.012857
v 0.092307 -0.034911 -0.012857
v 0.092307 -0.034911 -0.012857
v 0.092307 -0.034911 -0.012857
v 0.092307 -0.034911 -0.012857
v 0.092307 -0.034911 -0.012857
v 0.082625 -0.035345 -0.007269
v 0.082625 -0.035345 -0.007269
v 0.082625 -0.035345 -0.007269
v 0.082625 -0.035345 -0.007269
v 0.082625 -0.035345 -0.007269
v 0.082625 -0.035345 -0.007269
v 0.082625 -0.035345 -0.007269
v 0.111508 -0.023798 0.007772
v 0.111508 -0.023798 0.007772
v 0.111508 -0.023798 0.007772
v 0.111508 -0.023798 0.007772
v 0.111508 -0.023798 0.007772
v 0.111508 -0.023798 0.007772
v 0.111508 -0.023798 0.007772
v 0.112778 -0.020531 0.004709
v 0.112778 -0.020531 0.004709
v 0.112778 -0.020531 0.004709
v 0.112778 -0.020531 0.004709
v 0.112778 -0.020531 0.004709
v 0.112221 -0.020531 0.007928
v 0.112221 -0.020531 0.007928
v 0.112221 -0.020531 0.007928
v 0.112221 -0.020531 0.007928
v 0.112221 -0.020531 0.007928
v 0.112221 -0.020531 0.007928
v 0.113193 -0.012550 0.004762
v 0.113193 -0.012550 0.004762
v 0.113193 -0.012550 0.004762
v 0.113193 -0.012550 0.004762
v 0.113193 -0.012550 0.004762
v 0.113193 -0.012550 0.004762
v 0.113193 -0.012550 0.004762
v 0.112629 -0.012550 0.008017
v 0.112629 -0.012550 0.008017
v 0.112629 -0.012550 0.008017
v 0.112629 -0.012550 0.008017
v 0.112629 -0.012550 0.008017
v 0.112629 -0.012550 0.008017
v 0.111755 -0.012550 0.011294
v 0.111755 -0.012550 0.011294
v 0.111755 -0.012550 0.011294
v 0.111755 -0.012550 0.011294
v 0.111755 -0.012550 0.011294
v 0.111755 -0.012550 0.011294
v 0.111755 -0.012550 0.011294
v 0.110613 -0.012550 0.014418
v 0.110613 -0.012550 0.014418
v 0.110613 -0.012550 0.014418
v 0.110613 -0.012550 0.014418
v 0.110613 -0.012550 0.014418
v 0.110613 -0.012550 0.014418
v 0.111356 -0.020531 0.011168
v 0.111356 -0.020531 0.011168
v 0.111356 -0.020531 0.011168
v 0.111356 -0.020531 0.011168
v 0.111356 -0.020531 0.011168
v 0.110228 -0.020531 0.014257
v 0.110228 -0.020531 0.014257
v 0.110228 -0.020531 0.014257
v 0.110228 -0.020531 0.014257
v 0.110228 -0.020531 0.014257
v 0.110228 -0.020531 0.014257
v 0.107840 -0.012550 0.019803
v 0.107840 -0.012550 0.019803
v 0.107840 -0.012550 0.019803
v 0.107840 -0.012550 0.019803
v 0.107840 -0.012550 0.019803
v 0.107840 -0.012550 0.019803
v 0.107840 -0.012550 0.019803
v 0.107840 -0.012550 0.019803
v 0.107840 -0.012550 0.019803
v 0.100482 -0.012550 0.028401
v 0.100482 -0.012550 0.028401
v 0.100482 -0.012550 0.028401
v 0.100482 -0.012550 0.028401
v 0.100482 -0.012550 0.028401
v 0.100482 -0.012550 0.028401
v 0.100482 -0.012550 0.028401
v 0.100482 -0.012550 0.028401
v 0.100482 -0.012550 0.028401
v 0.100482 -0.012550 0.028401
v 0.100482 -0.012550 0.028401
v 0.100482 -0.012550 0.028401
v 0.100482 -0.012550 0.028401
v 0.100482 -0.012550 0.028401
v 0.100482 -0.012550 0.028401
v 0.100482 -0.012550 0.028401
v 0.100482 -0.012550 0.028401
v 0.100482 -0.012550 0.028401
v 0.100482 -0.012550 0.028401
v 0.100482 -0.012550 0.028401
v 0.100482 -0.012550 0.028401
v 0.100482 -0.012550 0.028401
v 0.100482 -0.012550 0.028401
v 0.100482 -0.012550 0.028401
v 0.100482 -0.012550 0.028401
v 0.100482 -0.012550 0.028401
v 0.100482 -0.012550 0.028401
v 0.100482 -0.012550 0.028401
v 0.100482 -0.012550 0.028401
v 0.100482 -0.012550 0.028401
v 0.100482 -0.012550 0.028401
v 0.100482 -0.012550 0.028401
v 0.100482 -0.012550 0.028401
v 0.100482 -0.012550 0.028401
v 0.104703 -0.016926 0.023990
v 0.104703 -0.016926 0.023990
v 0.104703 -0.016926 0.023990
v 0.104703 -0.016926 0.023990
v 0.104703 -0.016926 0.023990
v 0.104771 -0.012550 0.024046
v 0.104771 -0.012550 0.024046
v 0.104771 -0.012550 0.024046
v 0.104771 -0.012550 0.024046
v 0.104771 -0.012550 0.024046
v 0.104771 -0.012550 0.024046
v 0.104771 -0.012550 0.024046
v 0.107486 -0.020531 0.019583
v 0.107486 -0.020531 0.019583
v 0.107486 -0.020531 0.019583
v 0.107486 -0.020531 0.019583
v 0.107486 -0.020531 0.019583
v 0.107486 -0.020531 0.019583
v 0.107486 -0.020531 0.019583
v 0.109554 -0.023798 0.013977
v 0.109554 -0.023798 0.013977
v 0.109554 -0.023798 0.013977
v 0.109554 -0.023798 0.013977
v 0.109554 -0.023798 0.013977
v 0.109554 -0.023798 0.013977
v 0.109554 -0.023798 0.013977
v 0.109554 -0.023798 0.013977
v 0.104683 0.035020 0.023966
v 0.104683 0.035020 0.023966
v 0.095464 -0.012550 0.032047
v 0.095464 -0.012550 0.032047
v 0.095464 -0.012550 0.032047
v 0.095464 -0.012550 0.032047
v 0.095464 -0.012550 0.032047
v 0.095464 -0.012550 0.032047
v 0.095464 -0.012550 0.032047
v 0.095464 -0.012550 0.032047
v 0.095464 -0.012550 0.032047
v 0.095464 -0.012550 0.032047
v 0.095464 -0.012550 0.032047
v 0.095464 -0.012550 0.032047
v 0.095464 -0.012550 0.032047
v 0.095464 -0.012550 0.032047
v 0.095464 -0.012550 0.032047
v 0.095464 -0.012550 0.032047
v 0.095464 -0.012550 0.032047
v 0.100424 -0.016926 0.028334
v 0.100424 -0.016926 0.028334
v 0.100424 -0.016926 0.028334
v 0.100424 -0.016926 0.028334
v 0.100424 -0.016926 0.028334
v 0.100424 -0.016926 0.028334
v 0.104450 -0.020531 0.023778
v 0.104450 -0.020531 0.023778
v 0.104450 -0.020531 0.023778
v 0.104450 -0.020531 0.023778
v 0.104450 -0.020531 0.023778
v 0.104450 -0.020531 0.023778
v 0.106866 -0.023798 0.019197
v 0.106866 -0.023798 0.019197
v 0.106866 -0.023798 0.019197
v 0.106866 -0.023798 0.019197
v 0.106866 -0.023798 0.019197
v 0.106866 -0.023798 0.019197
v 0.099733 -0.023798 0.027531
v 0.099733 -0.023798 0.027531
v 0.099733 -0.023798 0.027531
v 0.099733 -0.023798 0.027531
v 0.099733 -0.023798 0.027531
v 0.099733 -0.023798 0.027531
v 0.095247 -0.020531 0.031690
v 0.095247 -0.020531 0.031690
v 0.095247 -0.020531 0.031690
v 0.095247 -0.020531 0.031690
v 0.095247 -0.020531 0.031690
v 0.094868 -0.023798 0.031066
v 0.094868 -0.023798 0.031066
v 0.094868 -0.023798 0.031066
v 0.094868 -0.023798 0.031066
v 0.094868 -0.023798 0.031066
v 0.094868 -0.023798 0.031066
v 0.092536 -0.020531 0.033182
v 0.092536 -0.020531 0.033182
v 0.092536 -0.020531 0.033182
v 0.092536 -0.020531 0.033182
v 0.092536 -0.020531 0.033182
v 0.092536 -0.020531 0.033182
v 0.089399 -0.023798 0.033780
v 0.089399 -0.023798 0.033780
v 0.089399 -0.023798 0.033780
v 0.089399 -0.023798 0.033780
v 0.089399 -0.023798 0.033780
v 0.089399 -0.023798 0.033780
v 0.089399 -0.023798 0.033780
v 0.092723 -0.012550 0.033556
v 0.092723 -0.012550 0.033556
v 0.092723 -0.012550 0.033556
v 0.092723 -0.012550 0.033556
v 0.092723 -0.012550 0.033556
v 0.092723 -0.012550 0.033556
v 0.092723 -0.012550 0.033556
v 0.092723 -0.012550 0.033556
v 0.092723 -0.012550 0.033556
v 0.092723 -0.012550 0.033556
v 0.092723 -0.012550 0.033556
v 0.092723 -0.012550 0.033556
v 0.089822 -0.012550 0.034845
v 0.089822 -0.012550 0.034845
v 0.089822 -0.012550 0.034845
v 0.089822 -0.012550 0.034845
v 0.089822 -0.012550 0.034845
v 0.089822 -0.012550 0.034845
v 0.089822 -0.012550 0.034845
v 0.089822 -0.012550 0.034845
v 0.089822 -0.012550 0.034845
v 0.095418 -0.016926 0.031971
v 0.095418 -0.016926 0.031971
v 0.095418 -0.016926 0.031971
v 0.095418 -0.016926 0.031971
v 0.095418 -0.016926 0.031971
v 0.095418 -0.016926 0.031971
v 0.100209 -0.020531 0.028084
v 0.100209 -0.020531 0.028084
v 0.100209 -0.020531 0.028084
v 0.100209 -0.020531 0.028084
v 0.100209 -0.020531 0.028084
v 0.100209 -0.020531 0.028084
v 0.103890 -0.023798 0.023310
v 0.103890 -0.023798 0.023310
v 0.103890 -0.023798 0.023310
v 0.103890 -0.023798 0.023310
v 0.103890 -0.023798 0.023310
v 0.103890 -0.023798 0.023310
v 0.089668 -0.020531 0.034457
v 0.089668 -0.020531 0.034457
v 0.089668 -0.020531 0.034457
v 0.089668 -0.020531 0.034457
v 0.089668 -0.020531 0.034457
v 0.086673 -0.020531 0.035490
v 0.086673 -0.020531 0.035490
v 0.086673 -0.020531 0.035490
v 0.086673 -0.020531 0.035490
v 0.086673 -0.020531 0.035490
v 0.086673 -0.020531 0.035490
v 0.083428 -0.023798 0.035552
v 0.083428 -0.023798 0.035552
v 0.083428 -0.023798 0.035552
v 0.083428 -0.023798 0.035552
v 0.083428 -0.023798 0.035552
v 0.083428 -0.023798 0.035552
v 0.083428 -0.023798 0.035552
v 0.086793 -0.012550 0.035888
v 0.086793 -0.012550 0.035888
v 0.086793 -0.012550 0.035888
v 0.086793 -0.012550 0.035888
v 0.086793 -0.012550 0.035888
v 0.086793 -0.012550 0.035888
v 0.086793 -0.012550 0.035888
v 0.086793 -0.012550 0.035888
v 0.083577 -0.020531 0.036262
v 0.083577 -0.020531 0.036262
v 0.083577 -0.020531 0.036262
v 0.083577 -0.020531 0.036262
v 0.083577 -0.020531 0.036262
v 0.080414 -0.020531 0.036762
v 0.080414 -0.020531 0.036762
v 0.080414 -0.020531 0.036762
v 0.080414 -0.020531 0.036762
v 0.080414 -0.020531 0.036762
v 0.080414 -0.020531 0.036762
v 0.077196 -0.023798 0.036265
v 0.077196 -0.023798 0.036265
v 0.077196 -0.023798 0.036265
v 0.077196 -0.023798 0.036265
v 0.077196 -0.023798 0.036265
v 0.077196 -0.023798 0.036265
v 0.077220 -0.020531 0.036984
v 0.077220 -0.020531 0.036984
v 0.077220 -0.020531 0.036984
v 0.077220 -0.020531 0.036984
v 0.077220 -0.020531 0.036984
v 0.077220 -0.020531 0.036984
v 0.110240 -0.027011 0.007494
v 0.110240 -0.027011 0.007494
v 0.110240 -0.027011 0.007494
v 0.110240 -0.027011 0.007494
v 0.110240 -0.027011 0.007494
v 0.110240 -0.027011 0.007494
v 0.108356 -0.027011 0.013478
v 0.108356 -0.027011 0.013478
v 0.108356 -0.027011 0.013478
v 0.108356 -0.027011 0.013478
v 0.108356 -0.027011 0.013478
v 0.108356 -0.027011 0.013478
v 0.105763 -0.027011 0.018511
v 0.105763 -0.027011 0.018511
v 0.105763 -0.027011 0.018511
v 0.105763 -0.027011 0.018511
v 0.105763 -0.027011 0.018511
v 0.105763 -0.027011 0.018511
v 0.102894 -0.027011 0.022478
v 0.102894 -0.027011 0.022478
v 0.102894 -0.027011 0.022478
v 0.102894 -0.027011 0.022478
v 0.102894 -0.027011 0.022478
v 0.102894 -0.027011 0.022478
v 0.098885 -0.027011 0.026548
v 0.098885 -0.027011 0.026548
v 0.098885 -0.027011 0.026548
v 0.098885 -0.027011 0.026548
v 0.098885 -0.027011 0.026548
v 0.098885 -0.027011 0.026548
v 0.094195 -0.027011 0.029957
v 0.094195 -0.027011 0.029957
v 0.094195 -0.027011 0.029957
v 0.094195 -0.027011 0.029957
v 0.094195 -0.027011 0.029957
v 0.094195 -0.027011 0.029957
v 0.088920 -0.027011 0.032576
v 0.088920 -0.027011 0.032576
v 0.088920 -0.027011 0.032576
v 0.088920 -0.027011 0.032576
v 0.088920 -0.027011 0.032576
v 0.088920 -0.027011 0.032576
v 0.083162 -0.027011 0.034289
v 0.083162 -0.027011 0.034289
v 0.083162 -0.027011 0.034289
v 0.083162 -0.027011 0.034289
v 0.083162 -0.027011 0.034289
v 0.083162 -0.027011 0.034289
v 0.077153 -0.027011 0.034985
v 0.077153 -0.027011 0.034985
v 0.077153 -0.027011 0.034985
v 0.077153 -0.027011 0.034985
v 0.077153 -0.027011 0.034985
v 0.077153 -0.027011 0.034985
v 0.108968 -0.029981 0.001261
v 0.108968 -0.029981 0.001261
v 0.108968 -0.029981 0.001261
v 0.108968 -0.029981 0.001261
v 0.108968 -0.029981 0.001261
v 0.108968 -0.029981 0.001261
v 0.108229 -0.029981 0.007054
v 0.108229 -0.029981 0.007054
v 0.108229 -0.029981 0.007054
v 0.108229 -0.029981 0.007054
v 0.108229 -0.029981 0.007054
v 0.108229 -0.029981 0.007054
v 0.106455 -0.029981 0.012686
v 0.106455 -0.029981 0.012686
v 0.106455 -0.029981 0.012686
v 0.106455 -0.029981 0.012686
v 0.106455 -0.029981 0.012686
v 0.106455 -0.029981 0.012686
v 0.104015 -0.029981 0.017424
v 0.104015 -0.029981 0.017424
v 0.104015 -0.029981 0.017424
v 0.104015 -0.029981 0.017424
v 0.104015 -0.029981 0.017424
v 0.104015 -0.029981 0.017424
v 0.101314 -0.029981 0.021158
v 0.101314 -0.029981 0.021158
v 0.101314 -0.029981 0.021158
v 0.101314 -0.029981 0.021158
v 0.101314 -0.029981 0.021158
v 0.101314 -0.029981 0.021158
v 0.097541 -0.029981 0.024989
v 0.097541 -0.029981 0.024989
v 0.097541 -0.029981 0.024989
v 0.097541 -0.029981 0.024989
v 0.097541 -0.029981 0.024989
v 0.097541 -0.029981 0.024989
v 0.093126 -0.029981 0.028198
v 0.093126 -0.029981 0.028198
v 0.093126 -0.029981 0.028198
v 0.093126 -0.029981 0.028198
v 0.093126 -0.029981 0.028198
v 0.093126 -0.029981 0.028198
v 0.088162 -0.029981 0.030665
v 0.088162 -0.029981 0.030665
v 0.088162 -0.029981 0.030665
v 0.088162 -0.029981 0.030665
v 0.088162 -0.029981 0.030665
v 0.088162 -0.029981 0.030665
v 0.082742 -0.029981 0.032284
v 0.082742 -0.029981 0.032284
v 0.082742 -0.029981 0.032284
v 0.082742 -0.029981 0.032284
v 0.082742 -0.029981 0.032284
v 0.082742 -0.029981 0.032284
v 0.077085 -0.029981 0.032948
v 0.077085 -0.029981 0.032948
v 0.077085 -0.029981 0.032948
v 0.077085 -0.029981 0.032948
v 0.077085 -0.029981 0.032948
v 0.077085 -0.029981 0.032948
v 0.071206 -0.029981 0.032606
v 0.071206 -0.029981 0.032606
v 0.071206 -0.029981 0.032606
v 0.071206 -0.029981 0.032606
v 0.071206 -0.029981 0.032606
v 0.071206 -0.029981 0.032606
v 0.105695 -0.032416 -0.004088
v 0.105695 -0.032416 -0.004088
v 0.105695 -0.032416 -0.004088
v 0.105695 -0.032416 -0.004088
v 0.105695 -0.032416 -0.004088
v 0.105695 -0.032416 -0.004088
v 0.105953 -0.032416 0.001146
v 0.105953 -0.032416 0.001146
v 0.105953 -0.032416 0.001146
v 0.105953 -0.032416 0.001146
v 0.105953 -0.032416 0.001146
v 0.105953 -0.032416 0.001146
v 0.105282 -0.032416 0.006409
v 0.105282 -0.032416 0.006409
v 0.105282 -0.032416 0.006409
v 0.105282 -0.032416 0.006409
v 0.105282 -0.032416 0.006409
v 0.105282 -0.032416 0.006409
v 0.103671 -0.032416 0.011526
v 0.103671 -0.032416 0.011526
v 0.103671 -0.032416 0.011526
v 0.103671 -0.032416 0.011526
v 0.103671 -0.032416 0.011526
v 0.103671 -0.032416 0.011526
v 0.101454 -0.032416 0.015831
v 0.101454 -0.032416 0.015831
v 0.101454 -0.032416 0.015831
v 0.101454 -0.032416 0.015831
v 0.101454 -0.032416 0.015831
v 0.101454 -0.032416 0.015831
v 0.099000 -0.032416 0.019223
v 0.099000 -0.032416 0.019223
v 0.099000 -0.032416 0.019223
v 0.099000 -0.032416 0.019223
v 0.099000 -0.032416 0.019223
v 0.099000 -0.032416 0.019223
v 0.095571 -0.032416 0.022704
v 0.095571 -0.032416 0.022704
v 0.095571 -0.032416 0.022704
v 0.095571 -0.032416 0.022704
v 0.095571 -0.032416 0.022704
v 0.095571 -0.032416 0.022704
v 0.091560 -0.032416 0.025620
v 0.091560 -0.032416 0.025620
v 0.091560 -0.032416 0.025620
v 0.091560 -0.032416 0.025620
v 0.091560 -0.032416 0.025620
v 0.091560 -0.032416 0.025620
v 0.087050 -0.032416 0.027863
v 0.087050 -0.032416 0.027863
v 0.087050 -0.032416 0.027863
v 0.087050 -0.032416 0.027863
v 0.087050 -0.032416 0.027863
v 0.087050 -0.032416 0.027863
v 0.082125 -0.032416 0.029339
v 0.082125 -0.032416 0.029339
v 0.082125 -0.032416 0.029339
v 0.082125 -0.032416 0.029339
v 0.082125 -0.032416 0.029339
v 0.082125 -0.032416 0.029339
v 0.076986 -0.032416 0.029951
v 0.076986 -0.032416 0.029951
v 0.076986 -0.032416 0.029951
v 0.076986 -0.032416 0.029951
v 0.076986 -0.032416 0.029951
v 0.076986 -0.032416 0.029951
v 0.071644 -0.032416 0.029646
v 0.071644 -0.032416 0.029646
v 0.071644 -0.032416 0.029646
v 0.071644 -0.032416 0.029646
v 0.071644 -0.032416 0.029646
v 0.071644 -0.032416 0.029646
v 0.066399 -0.032416 0.028389
v 0.066399 -0.032416 0.028389
v 0.066399 -0.032416 0.028389
v 0.066399 -0.032416 0.028389
v 0.066399 -0.032416 0.028389
v 0.066399 -0.032416 0.028389
v 0.101507 -0.034048 -0.004070
v 0.101507 -0.034048 -0.004070
v 0.101507 -0.034048 -0.004070
v 0.101507 -0.034048 -0.004070
v 0.101507 -0.034048 -0.004070
v 0.101507 -0.034048 -0.004070
v 0.101589 -0.034048 -0.003523
v 0.101589 -0.034048 -0.003523
v 0.101589 -0.034048 -0.003523
v 0.101589 -0.034048 -0.003523
v 0.101589 -0.034048 -0.003523
v 0.101589 -0.034048 -0.003523
v 0.101811 -0.034048 0.000988
v 0.101811 -0.034048 0.000988
v 0.101811 -0.034048 0.000988
v 0.101811 -0.034048 0.000988
v 0.101811 -0.034048 0.000988
v 0.101811 -0.034048 0.000988
v 0.101233 -0.034048 0.005523
v 0.101233 -0.034048 0.005523
v 0.101233 -0.034048 0.005523
v 0.101233 -0.034048 0.005523
v 0.101233 -0.034048 0.005523
v 0.101233 -0.034048 0.005523
v 0.099844 -0.034048 0.009932
v 0.099844 -0.034048 0.009932
v 0.099844 -0.034048 0.009932
v 0.099844 -0.034048 0.009932
v 0.099844 -0.034048 0.009932
v 0.099844 -0.034048 0.009932
v 0.097934 -0.034048 0.013642
v 0.097934 -0.034048 0.013642
v 0.097934 -0.034048 0.013642
v 0.097934 -0.034048 0.013642
v 0.097934 -0.034048 0.013642
v 0.097934 -0.034048 0.013642
v 0.095819 -0.034048 0.016565
v 0.095819 -0.034048 0.016565
v 0.095819 -0.034048 0.016565
v 0.095819 -0.034048 0.016565
v 0.095819 -0.034048 0.016565
v 0.095819 -0.034048 0.016565
v 0.092865 -0.034048 0.019564
v 0.092865 -0.034048 0.019564
v 0.092865 -0.034048 0.019564
v 0.092865 -0.034048 0.019564
v 0.092865 -0.034048 0.019564
v 0.092865 -0.034048 0.019564
v 0.089408 -0.034048 0.022077
v 0.089408 -0.034048 0.022077
v 0.089408 -0.034048 0.022077
v 0.089408 -0.034048 0.022077
v 0.089408 -0.034048 0.022077
v 0.089408 -0.034048 0.022077
v 0.085522 -0.034048 0.024011
v 0.085522 -0.034048 0.024011
v 0.085522 -0.034048 0.024011
v 0.085522 -0.034048 0.024011
v 0.085522 -0.034048 0.024011
v 0.085522 -0.034048 0.024011
v 0.081278 -0.034048 0.025285
v 0.081278 -0.034048 0.025285
v 0.081278 -0.034048 0.025285
v 0.081278 -0.034048 0.025285
v 0.081278 -0.034048 0.025285
v 0.081278 -0.034048 0.025285
v 0.076850 -0.034048 0.025816
v 0.076850 -0.034048 0.025816
v 0.076850 -0.034048 0.025816
v 0.076850 -0.034048 0.025816
v 0.076850 -0.034048 0.025816
v 0.076850 -0.034048 0.025816
v 0.072247 -0.034048 0.025555
v 0.072247 -0.034048 0.025555
v 0.072247 -0.034048 0.025555
v 0.072247 -0.034048 0.025555
v 0.072247 -0.034048 0.025555
v 0.072247 -0.034048 0.025555
v 0.067727 -0.034048 0.024469
v 0.067727 -0.034048 0.024469
v 0.067727 -0.034048 0.024469
v 0.067727 -0.034048 0.024469
v 0.067727 -0.034048 0.024469
v 0.067727 -0.034048 0.024469
v 0.095642 -0.034911 -0.006738
v 0.095642 -0.034911 -0.006738
v 0.095642 -0.034911 -0.006738
v 0.095642 -0.034911 -0.006738
v 0.095642 -0.034911 -0.006738
v 0.095642 -0.034911 -0.006738
v 0.096506 -0.034911 -0.003272
v 0.096506 -0.034911 -0.003272
v 0.096506 -0.034911 -0.003272
v 0.096506 -0.034911 -0.003272
v 0.096506 -0.034911 -0.003272
v 0.096506 -0.034911 -0.003272
v 0.096572 -0.034911 -0.002832
v 0.096572 -0.034911 -0.002832
v 0.096572 -0.034911 -0.002832
v 0.096572 -0.034911 -0.002832
v 0.096572 -0.034911 -0.002832
v 0.096572 -0.034911 -0.002832
v 0.096750 -0.034911 0.000794
v 0.096750 -0.034911 0.000794
v 0.096750 -0.034911 0.000794
v 0.096750 -0.034911 0.000794
v 0.096750 -0.034911 0.000794
v 0.096750 -0.034911 0.000794
v 0.096285 -0.034911 0.004440
v 0.096285 -0.034911 0.004440
v 0.096285 -0.034911 0.004440
v 0.096285 -0.034911 0.004440
v 0.096285 -0.034911 0.004440
v 0.096285 -0.034911 0.004440
v 0.095169 -0.034911 0.007985
v 0.095169 -0.034911 0.007985
v 0.095169 -0.034911 0.007985
v 0.095169 -0.034911 0.007985
v 0.095169 -0.034911 0.007985
v 0.095169 -0.034911 0.007985
v 0.093633 -0.034911 0.010967
v 0.093633 -0.034911 0.010967
v 0.093633 -0.034911 0.010967
v 0.093633 -0.034911 0.010967
v 0.093633 -0.034911 0.010967
v 0.093633 -0.034911 0.010967
v 0.091933 -0.034911 0.013317
v 0.091933 -0.034911 0.013317
v 0.091933 -0.034911 0.013317
v 0.091933 -0.034911 0.013317
v 0.091933 -0.034911 0.013317
v 0.091933 -0.034911 0.013317
v 0.089558 -0.034911 0.015729
v 0.089558 -0.034911 0.015729
v 0.089558 -0.034911 0.015729
v 0.089558 -0.034911 0.015729
v 0.089558 -0.034911 0.015729
v 0.089558 -0.034911 0.015729
v 0.086779 -0.034911 0.017749
v 0.086779 -0.034911 0.017749
v 0.086779 -0.034911 0.017749
v 0.086779 -0.034911 0.017749
v 0.086779 -0.034911 0.017749
v 0.086779 -0.034911 0.017749
v 0.083655 -0.034911 0.019303
v 0.083655 -0.034911 0.019303
v 0.083655 -0.034911 0.019303
v 0.083655 -0.034911 0.019303
v 0.083655 -0.034911 0.019303
v 0.083655 -0.034911 0.019303
v 0.080243 -0.034911 0.020328
v 0.080243 -0.034911 0.020328
v 0.080243 -0.034911 0.020328
v 0.080243 -0.034911 0.020328
v 0.080243 -0.034911 0.020328
v 0.080243 -0.034911 0.020328
v 0.076683 -0.034911 0.020755
v 0.076683 -0.034911 0.020755
v 0.076683 -0.034911 0.020755
v 0.076683 -0.034911 0.020755
v 0.076683 -0.034911 0.020755
v 0.076683 -0.034911 0.020755
v 0.072982 -0.034911 0.020546
v 0.072982 -0.034911 0.020546
v 0.072982 -0.034911 0.020546
v 0.072982 -0.034911 0.020546
v 0.072982 -0.034911 0.020546
v 0.072982 -0.034911 0.020546
v 0.069349 -0.034911 0.019672
v 0.069349 -0.034911 0.019672
v 0.069349 -0.034911 0.019672
v 0.069349 -0.034911 0.019672
v 0.069349 -0.034911 0.019672
v 0.069349 -0.034911 0.019672
v 0.080417 -0.035361 -0.005675
v 0.080417 -0.035361 -0.005675
v 0.080417 -0.035361 -0.005675
v 0.080417 -0.035361 -0.005675
v 0.082041 -0.035332 -0.007761
v 0.082041 -0.035332 -0.007761
v 0.082041 -0.035332 -0.007761
v 0.082041 -0.035332 -0.007761
v 0.111025 -0.027011 0.001340
v 0.111025 -0.027011 0.001340
v 0.111025 -0.027011 0.001340
v 0.111025 -0.027011 0.001340
v 0.111025 -0.027011 0.001340
v 0.111025 -0.027011 0.001340
v 0.108684 -0.029981 -0.004500
v 0.108684 -0.029981 -0.004500
v 0.108684 -0.029981 -0.004500
v 0.108684 -0.029981 -0.004500
v 0.108684 -0.029981 -0.004500
v 0.108684 -0.029981 -0.004500
v 0.105601 -0.032416 -0.004723
v 0.105601 -0.032416 -0.004723
v 0.105601 -0.032416 -0.004723
v 0.105601 -0.032416 -0.004723
v 0.105601 -0.032416 -0.004723
v 0.105601 -0.032416 -0.004723
v 0.100432 -0.034048 -0.008382
v 0.100432 -0.034048 -0.008382
v 0.100432 -0.034048 -0.008382
v 0.100432 -0.034048 -0.008382
v 0.100432 -0.034048 -0.008382
v 0.100432 -0.034048 -0.008382
v 0.094215 -0.034911 -0.009971
v 0.094215 -0.034911 -0.009971
v 0.094215 -0.034911 -0.009971
v 0.094215 -0.034911 -0.009971
v 0.094215 -0.034911 -0.009971
v 0.094215 -0.034911 -0.009971
v 0.083723 -0.035345 -0.006089
v 0.083723 -0.035345 -0.006089
v 0.083723 -0.035345 -0.006089
v 0.083723 -0.035345 -0.006089
v 0.083723 -0.035345 -0.006089
v 0.080608 -0.035345 -0.008689
v 0.080608 -0.035345 -0.008689
v 0.080608 -0.035345 -0.008689
v 0.080608 -0.035345 -0.008689
v 0.080608 -0.035345 -0.008689
v 0.080608 -0.035345 -0.008689
v 0.079146 -0.035345 -0.009318
v 0.079146 -0.035345 -0.009318
v 0.079146 -0.035345 -0.009318
v 0.079146 -0.035345 -0.009318
v 0.079146 -0.035345 -0.009318
v 0.069738 -0.035345 -0.007584
v 0.069738 -0.035345 -0.007584
v 0.069738 -0.035345 -0.007584
v 0.069738 -0.035345 -0.007584
v 0.069738 -0.035345 -0.007584
v 0.068586 -0.035345 -0.006462
v 0.068586 -0.035345 -0.006462
v 0.068586 -0.035345 -0.006462
v 0.068586 -0.035345 -0.006462
v 0.068586 -0.035345 -0.006462
v 0.093031 -0.023798 -0.032111
v 0.093031 -0.023798 -0.032111
v 0.093031 -0.023798 -0.032111
v 0.093031 -0.023798 -0.032111
v 0.093031 -0.023798 -0.032111
v 0.093031 -0.023798 -0.032111
v 0.093031 -0.023798 -0.032111
v 0.092423 -0.027011 -0.030965
v 0.092423 -0.027011 -0.030965
v 0.092423 -0.027011 -0.030965
v 0.092423 -0.027011 -0.030965
v 0.092423 -0.027011 -0.030965
v 0.092423 -0.027011 -0.030965
v 0.092423 -0.027011 -0.030965
v 0.087211 -0.027011 -0.033209
v 0.087211 -0.027011 -0.033209
v 0.087211 -0.027011 -0.033209
v 0.087211 -0.027011 -0.033209
v 0.087211 -0.027011 -0.033209
v 0.087211 -0.027011 -0.033209
v 0.086552 -0.029981 -0.031259
v 0.086552 -0.029981 -0.031259
v 0.086552 -0.029981 -0.031259
v 0.086552 -0.029981 -0.031259
v 0.086552 -0.029981 -0.031259
v 0.086552 -0.029981 -0.031259
v 0.087859 -0.020531 -0.035131
v 0.087859 -0.020531 -0.035131
v 0.087859 -0.020531 -0.035131
v 0.087859 -0.020531 -0.035131
v 0.087859 -0.020531 -0.035131
v 0.087859 -0.020531 -0.035131
v 0.087993 -0.012550 -0.035527
v 0.087993 -0.012550 -0.035527
v 0.087993 -0.012550 -0.035527
v 0.087993 -0.012550 -0.035527
v 0.087993 -0.012550 -0.035527
v 0.087993 -0.012550 -0.035527
v 0.087993 -0.012550 -0.035527
v 0.093569 -0.012550 -0.033126
v 0.093569 -0.012550 -0.033126
v 0.093569 -0.012550 -0.033126
v 0.093569 -0.012550 -0.033126
v 0.093569 -0.012550 -0.033126
v 0.093569 -0.012550 -0.033126
v 0.093569 -0.012550 -0.033126
v 0.063084 -0.034048 -0.022369
v 0.063084 -0.034048 -0.022369
v 0.063084 -0.034048 -0.022369
v 0.063084 -0.034048 -0.022369
v 0.063084 -0.034048 -0.022369
v 0.063084 -0.034048 -0.022369
v 0.065616 -0.034911 -0.017983
v 0.065616 -0.034911 -0.017983
v 0.065616 -0.034911 -0.017983
v 0.065616 -0.034911 -0.017983
v 0.065616 -0.034911 -0.017983
v 0.065616 -0.034911 -0.017983
v 0.062777 -0.034911 -0.016012
v 0.062777 -0.034911 -0.016012
v 0.062777 -0.034911 -0.016012
v 0.062777 -0.034911 -0.016012
v 0.062777 -0.034911 -0.016012
v 0.062777 -0.034911 -0.016012
v 0.047799 -0.016926 -0.024578
v 0.047799 -0.016926 -0.024578
v 0.047799 -0.016926 -0.024578
v 0.047799 -0.016926 -0.024578
v 0.047799 -0.016926 -0.024578
v 0.048048 -0.020531 -0.024362
v 0.048048 -0.020531 -0.024362
v 0.048048 -0.020531 -0.024362
v 0.048048 -0.020531 -0.024362
v 0.048048 -0.020531 -0.024362
v 0.046057 -0.020531 -0.021869
v 0.046057 -0.020531 -0.021869
v 0.046057 -0.020531 -0.021869
v 0.046057 -0.020531 -0.021869
v 0.046057 -0.020531 -0.021869
v 0.046057 -0.020531 -0.021869
v 0.046057 -0.020531 -0.021869
v 0.051442 -0.034048 0.008006
v 0.051442 -0.034048 0.008006
v 0.051442 -0.034048 0.008006
v 0.051442 -0.034048 0.008006
v 0.051442 -0.034048 0.008006
v 0.051442 -0.034048 0.008006
v 0.047500 -0.032416 0.009290
v 0.047500 -0.032416 0.009290
v 0.047500 -0.032416 0.009290
v 0.047500 -0.032416 0.009290
v 0.047500 -0.032416 0.009290
v 0.047500 -0.032416 0.009290
v 0.047500 -0.032416 0.009290
v 0.047500 -0.032416 0.009290
v 0.047500 -0.032416 0.009290
v 0.047500 -0.032416 0.009290
v 0.046328 -0.032416 0.004255
v 0.046328 -0.032416 0.004255
v 0.046328 -0.032416 0.004255
v 0.046328 -0.032416 0.004255
v 0.046328 -0.032416 0.004255
v 0.046328 -0.032416 0.004255
v 0.046328 -0.032416 0.004255
v 0.041664 -0.027011 -0.007041
v 0.041664 -0.027011 -0.007041
v 0.041664 -0.027011 -0.007041
v 0.041664 -0.027011 -0.007041
v 0.041664 -0.027011 -0.007041
v 0.041664 -0.027011 -0.007041
v 0.041664 -0.027011 -0.007041
v 0.041664 -0.027011 -0.007041
v 0.041664 -0.027011 -0.007041
v 0.041664 -0.027011 -0.007041
v 0.046821 0.035020 0.023555
v 0.046821 0.035020 0.023555
v 0.046821 0.035020 0.023555
v 0.046821 0.035020 0.023555
v 0.046269 0.035020 0.022723
v 0.046269 0.035020 0.022723
v 0.046269 0.035020 0.022723
v 0.046269 0.035020 0.022723
v 0.040097 -0.012550 -0.010816
v 0.040097 -0.012550 -0.010816
v 0.040097 -0.012550 -0.010816
v 0.040097 -0.012550 -0.010816
v 0.040097 -0.012550 -0.010816
v 0.040097 -0.012550 -0.010816
v 0.040097 -0.012550 -0.010816
v 0.040097 -0.012550 -0.010816
v 0.040097 -0.012550 -0.010816
v 0.040097 -0.012550 -0.010816
v 0.041196 -0.012550 -0.013953
v 0.041196 -0.012550 -0.013953
v 0.041196 -0.012550 -0.013953
v 0.041196 -0.012550 -0.013953
v 0.041196 -0.012550 -0.013953
v 0.041196 -0.012550 -0.013953
v 0.041196 -0.012550 -0.013953
v 0.041196 -0.012550 -0.013953
v 0.041196 -0.012550 -0.013953
v 0.039704 0.018371 -0.009425
v 0.039704 0.018371 -0.009425
v 0.039704 0.018371 -0.009425
v 0.039704 0.018371 -0.009425
v 0.039674 0.019796 -0.009310
v 0.039674 0.019796 -0.009310
v 0.039674 0.019796 -0.009310
v 0.039674 0.019796 -0.009310
v 0.039674 0.019796 -0.009310
v 0.039632 0.021833 -0.009147
v 0.039632 0.021833 -0.009147
v 0.039632 0.021833 -0.009147
v 0.039632 0.021833 -0.009147
v 0.039632 0.021833 -0.009147
v 0.039560 0.023280 -0.008849
v 0.039560 0.023280 -0.008849
v 0.039560 0.023280 -0.008849
v 0.039560 0.023280 -0.008849
v 0.039560 0.023280 -0.008849
v 0.039560 0.023280 -0.008849
v 0.039493 0.024617 -0.008574
v 0.039493 0.024617 -0.008574
v 0.039493 0.024617 -0.008574
v 0.039493 0.024617 -0.008574
v 0.042262 -0.023798 -0.013526
v 0.042262 -0.023798 -0.013526
v 0.042262 -0.023798 -0.013526
v 0.042262 -0.023798 -0.013526
v 0.042262 -0.023798 -0.013526
v 0.042262 -0.023798 -0.013526
v 0.042262 -0.023798 -0.013526
v 0.042262 -0.023798 -0.013526
v 0.042262 -0.023798 -0.013526
v 0.042262 -0.023798 -0.013526
v 0.042262 -0.023798 -0.013526
v 0.040497 -0.020531 -0.010696
v 0.040497 -0.020531 -0.010696
v 0.040497 -0.020531 -0.010696
v 0.040497 -0.020531 -0.010696
v 0.040497 -0.020531 -0.010696
v 0.040497 -0.020531 -0.010696
v 0.040392 -0.023798 -0.007302
v 0.040392 -0.023798 -0.007302
v 0.040392 -0.023798 -0.007302
v 0.040392 -0.023798 -0.007302
v 0.040392 -0.023798 -0.007302
v 0.040392 -0.023798 -0.007302
v 0.043018 -0.029981 -0.000831
v 0.043018 -0.029981 -0.000831
v 0.043018 -0.029981 -0.000831
v 0.043018 -0.029981 -0.000831
v 0.043018 -0.029981 -0.000831
v 0.043018 -0.029981 -0.000831
v 0.043018 -0.029981 -0.000831
v 0.043018 -0.029981 -0.000831
v 0.043018 -0.029981 -0.000831
v 0.043018 -0.029981 -0.000831
v 0.043342 -0.029981 0.004683
v 0.043342 -0.029981 0.004683
v 0.043342 -0.029981 0.004683
v 0.043342 -0.029981 0.004683
v 0.043342 -0.029981 0.004683
v 0.043342 -0.029981 0.004683
v 0.043342 -0.029981 0.004683
v 0.043342 -0.029981 0.004683
v 0.053157 -0.034048 0.012058
v 0.053157 -0.034048 0.012058
v 0.053157 -0.034048 0.012058
v 0.053157 -0.034048 0.012058
v 0.053157 -0.034048 0.012058
v 0.053157 -0.034048 0.012058
v 0.053157 -0.034048 0.012058
v 0.049491 -0.032416 0.013993
v 0.049491 -0.032416 0.013993
v 0.049491 -0.032416 0.013993
v 0.049491 -0.032416 0.013993
v 0.049491 -0.032416 0.013993
v 0.049491 -0.032416 0.013993
v 0.049491 -0.032416 0.013993
v 0.049491 -0.032416 0.013993
v 0.055479 -0.034048 0.015687
v 0.055479 -0.034048 0.015687
v 0.055479 -0.034048 0.015687
v 0.055479 -0.034048 0.015687
v 0.055479 -0.034048 0.015687
v 0.055479 -0.034048 0.015687
v 0.055479 -0.034048 0.015687
v 0.055479 -0.034048 0.015687
v 0.055479 -0.034048 0.015687
v 0.055479 -0.034048 0.015687
v 0.055479 -0.034048 0.015687
v 0.058321 -0.034048 0.018832
v 0.058321 -0.034048 0.018832
v 0.058321 -0.034048 0.018832
v 0.058321 -0.034048 0.018832
v 0.058321 -0.034048 0.018832
v 0.058321 -0.034048 0.018832
v 0.061787 -0.034911 0.015140
v 0.061787 -0.034911 0.015140
v 0.061787 -0.034911 0.015140
v 0.061787 -0.034911 0.015140
v 0.061787 -0.034911 0.015140
v 0.061787 -0.034911 0.015140
v 0.061787 -0.034911 0.015140
v 0.061787 -0.034911 0.015140
v 0.061787 -0.034911 0.015140
v 0.069269 -0.035345 0.007171
v 0.069269 -0.035345 0.007171
v 0.069269 -0.035345 0.007171
v 0.069269 -0.035345 0.007171
v 0.069269 -0.035345 0.007171
v 0.069269 -0.035345 0.007171
v 0.096420 -0.012550 -0.031448
v 0.096420 -0.012550 -0.031448
v 0.096420 -0.012550 -0.031448
v 0.096420 -0.012550 -0.031448
v 0.096420 -0.012550 -0.031448
v 0.096420 -0.012550 -0.031448
v 0.096420 -0.012550 -0.031448
v 0.096420 -0.012550 -0.031448
v 0.059502 -0.034911 0.012611
v 0.059502 -0.034911 0.012611
v 0.059502 -0.034911 0.012611
v 0.059502 -0.034911 0.012611
v 0.059502 -0.034911 0.012611
v 0.059502 -0.034911 0.012611
v 0.068186 -0.035345 0.005973
v 0.068186 -0.035345 0.005973
v 0.068186 -0.035345 0.005973
v 0.068186 -0.035345 0.005973
v 0.068186 -0.035345 0.005973
v 0.057635 -0.034911 0.009694
v 0.057635 -0.034911 0.009694
v 0.057635 -0.034911 0.009694
v 0.057635 -0.034911 0.009694
v 0.057635 -0.034911 0.009694
v 0.057635 -0.034911 0.009694
v 0.055241 -0.034911 -0.000523
v 0.055241 -0.034911 -0.000523
v 0.055241 -0.034911 -0.000523
v 0.055241 -0.034911 -0.000523
v 0.055241 -0.034911 -0.000523
v 0.055241 -0.034911 -0.000523
v 0.066168 -0.035345 -0.000248
v 0.066168 -0.035345 -0.000248
v 0.066168 -0.035345 -0.000248
v 0.066168 -0.035345 -0.000248
v 0.066168 -0.035345 -0.000248
v 0.066264 -0.035345 0.001396
v 0.066264 -0.035345 0.001396
v 0.066264 -0.035345 0.001396
v 0.066264 -0.035345 0.001396
v 0.066264 -0.035345 0.001396
v 0.043680 -0.029981 -0.006628
v 0.043680 -0.029981 -0.006628
v 0.043680 -0.029981 -0.006628
v 0.043680 -0.029981 -0.006628
v 0.043680 -0.029981 -0.006628
v 0.043680 -0.029981 -0.006628
v 0.043680 -0.029981 -0.006628
v 0.043680 -0.029981 -0.006628
v 0.046034 -0.032416 -0.000755
v 0.046034 -0.032416 -0.000755
v 0.046034 -0.032416 -0.000755
v 0.046034 -0.032416 -0.000755
v 0.046034 -0.032416 -0.000755
v 0.046034 -0.032416 -0.000755
v 0.050431 -0.034048 0.003666
v 0.050431 -0.034048 0.003666
v 0.050431 -0.034048 0.003666
v 0.050431 -0.034048 0.003666
v 0.050431 -0.034048 0.003666
v 0.050431 -0.034048 0.003666
v 0.056256 -0.034911 0.006436
v 0.056256 -0.034911 0.006436
v 0.056256 -0.034911 0.006436
v 0.056256 -0.034911 0.006436
v 0.056256 -0.034911 0.006436
v 0.056256 -0.034911 0.006436
v 0.067302 -0.035345 0.004591
v 0.067302 -0.035345 0.004591
v 0.067302 -0.035345 0.004591
v 0.067302 -0.035345 0.004591
v 0.067302 -0.035345 0.004591
v 0.044256 -0.020531 -0.019161
v 0.044256 -0.020531 -0.019161
v 0.044256 -0.020531 -0.019161
v 0.044256 -0.020531 -0.019161
v 0.044256 -0.020531 -0.019161
v 0.044256 -0.020531 -0.019161
v 0.041584 -0.020531 -0.013798
v 0.041584 -0.020531 -0.013798
v 0.041584 -0.020531 -0.013798
v 0.041584 -0.020531 -0.013798
v 0.041584 -0.020531 -0.013798
v 0.041584 -0.020531 -0.013798
v 0.043898 -0.012550 -0.019377
v 0.043898 -0.012550 -0.019377
v 0.043898 -0.012550 -0.019377
v 0.043898 -0.012550 -0.019377
v 0.043898 -0.012550 -0.019377
v 0.043898 -0.012550 -0.019377
v 0.043898 -0.012550 -0.019377
v 0.043898 -0.012550 -0.019377
v 0.043898 -0.012550 -0.019377
v 0.044881 -0.023798 -0.018783
v 0.044881 -0.023798 -0.018783
v 0.044881 -0.023798 -0.018783
v 0.044881 -0.023798 -0.018783
v 0.044881 -0.023798 -0.018783
v 0.043467 -0.027011 -0.013043
v 0.043467 -0.027011 -0.013043
v 0.043467 -0.027011 -0.013043
v 0.043467 -0.027011 -0.013043
v 0.043467 -0.027011 -0.013043
v 0.043467 -0.027011 -0.013043
v 0.052124 -0.012550 -0.028913
v 0.052124 -0.012550 -0.028913
v 0.052124 -0.012550 -0.028913
v 0.052124 -0.012550 -0.028913
v 0.052124 -0.012550 -0.028913
v 0.052124 -0.012550 -0.028913
v 0.052124 -0.012550 -0.028913
v 0.052124 -0.012550 -0.028913
v 0.052124 -0.012550 -0.028913
v 0.052124 -0.012550 -0.028913
v 0.047733 -0.012550 -0.024636
v 0.047733 -0.012550 -0.024636
v 0.047733 -0.012550 -0.024636
v 0.047733 -0.012550 -0.024636
v 0.047733 -0.012550 -0.024636
v 0.047733 -0.012550 -0.024636
v 0.045720 -0.012550 -0.022116
v 0.045720 -0.012550 -0.022116
v 0.045720 -0.012550 -0.022116
v 0.045720 -0.012550 -0.022116
v 0.045720 -0.012550 -0.022116
v 0.048598 -0.023798 -0.023882
v 0.048598 -0.023798 -0.023882
v 0.048598 -0.023798 -0.023882
v 0.048598 -0.023798 -0.023882
v 0.048598 -0.023798 -0.023882
v 0.048598 -0.023798 -0.023882
v 0.048598 -0.023798 -0.023882
v 0.048598 -0.023798 -0.023882
v 0.045992 -0.027011 -0.018113
v 0.045992 -0.027011 -0.018113
v 0.045992 -0.027011 -0.018113
v 0.045992 -0.027011 -0.018113
v 0.045992 -0.027011 -0.018113
v 0.045992 -0.027011 -0.018113
v 0.045377 -0.029981 -0.012277
v 0.045377 -0.029981 -0.012277
v 0.045377 -0.029981 -0.012277
v 0.045377 -0.029981 -0.012277
v 0.045377 -0.029981 -0.012277
v 0.045377 -0.029981 -0.012277
v 0.046636 -0.032416 -0.006022
v 0.046636 -0.032416 -0.006022
v 0.046636 -0.032416 -0.006022
v 0.046636 -0.032416 -0.006022
v 0.046636 -0.032416 -0.006022
v 0.046636 -0.032416 -0.006022
v 0.050178 -0.034048 -0.000651
v 0.050178 -0.034048 -0.000651
v 0.050178 -0.034048 -0.000651
v 0.050178 -0.034048 -0.000651
v 0.050178 -0.034048 -0.000651
v 0.050178 -0.034048 -0.000651
v 0.055444 -0.034911 0.002947
v 0.055444 -0.034911 0.002947
v 0.055444 -0.034911 0.002947
v 0.055444 -0.034911 0.002947
v 0.055444 -0.034911 0.002947
v 0.055444 -0.034911 0.002947
v 0.066649 -0.035345 0.003048
v 0.066649 -0.035345 0.003048
v 0.066649 -0.035345 0.003048
v 0.066649 -0.035345 0.003048
v 0.066649 -0.035345 0.003048
v 0.052181 -0.016926 -0.028845
v 0.052181 -0.016926 -0.028845
v 0.052181 -0.016926 -0.028845
v 0.052181 -0.016926 -0.028845
v 0.052181 -0.016926 -0.028845
v 0.052181 -0.016926 -0.028845
v 0.057250 -0.012550 -0.032472
v 0.057250 -0.012550 -0.032472
v 0.057250 -0.012550 -0.032472
v 0.057250 -0.012550 -0.032472
v 0.057250 -0.012550 -0.032472
v 0.057250 -0.012550 -0.032472
v 0.071082 -0.035345 -0.008517
v 0.071082 -0.035345 -0.008517
v 0.071082 -0.035345 -0.008517
v 0.071082 -0.035345 -0.008517
v 0.071082 -0.035345 -0.008517
v 0.072591 -0.035345 -0.009225
v 0.072591 -0.035345 -0.009225
v 0.072591 -0.035345 -0.009225
v 0.072591 -0.035345 -0.009225
v 0.072591 -0.035345 -0.009225
v 0.055657 -0.034911 -0.004172
v 0.055657 -0.034911 -0.004172
v 0.055657 -0.034911 -0.004172
v 0.055657 -0.034911 -0.004172
v 0.055657 -0.034911 -0.004172
v 0.055657 -0.034911 -0.004172
v 0.050696 -0.034048 -0.005189
v 0.050696 -0.034048 -0.005189
v 0.050696 -0.034048 -0.005189
v 0.050696 -0.034048 -0.005189
v 0.050696 -0.034048 -0.005189
v 0.050696 -0.034048 -0.005189
v 0.052025 -0.034048 -0.009612
v 0.052025 -0.034048 -0.009612
v 0.052025 -0.034048 -0.009612
v 0.052025 -0.034048 -0.009612
v 0.052025 -0.034048 -0.009612
v 0.052025 -0.034048 -0.009612
v 0.048177 -0.032416 -0.011154
v 0.048177 -0.032416 -0.011154
v 0.048177 -0.032416 -0.011154
v 0.048177 -0.032416 -0.011154
v 0.048177 -0.032416 -0.011154
v 0.048177 -0.032416 -0.011154
v 0.050337 -0.032416 -0.015490
v 0.050337 -0.032416 -0.015490
v 0.050337 -0.032416 -0.015490
v 0.050337 -0.032416 -0.015490
v 0.050337 -0.032416 -0.015490
v 0.050337 -0.032416 -0.015490
v 0.047754 -0.029981 -0.017049
v 0.047754 -0.029981 -0.017049
v 0.047754 -0.029981 -0.017049
v 0.047754 -0.029981 -0.017049
v 0.047754 -0.029981 -0.017049
v 0.047754 -0.029981 -0.017049
v 0.051128 -0.029981 -0.021677
v 0.051128 -0.029981 -0.021677
v 0.051128 -0.029981 -0.021677
v 0.051128 -0.029981 -0.021677
v 0.051128 -0.029981 -0.021677
v 0.051128 -0.029981 -0.021677
v 0.049577 -0.027011 -0.023029
v 0.049577 -0.027011 -0.023029
v 0.049577 -0.027011 -0.023029
v 0.049577 -0.027011 -0.023029
v 0.049577 -0.027011 -0.023029
v 0.049577 -0.027011 -0.023029
v 0.053682 -0.027011 -0.027027
v 0.053682 -0.027011 -0.027027
v 0.053682 -0.027011 -0.027027
v 0.053682 -0.027011 -0.027027
v 0.053682 -0.027011 -0.027027
v 0.053682 -0.027011 -0.027027
v 0.052855 -0.023798 -0.028028
v 0.052855 -0.023798 -0.028028
v 0.052855 -0.023798 -0.028028
v 0.052855 -0.023798 -0.028028
v 0.052855 -0.023798 -0.028028
v 0.052855 -0.023798 -0.028028
v 0.057824 -0.023798 -0.031478
v 0.057824 -0.023798 -0.031478
v 0.057824 -0.023798 -0.031478
v 0.057824 -0.023798 -0.031478
v 0.057824 -0.023798 -0.031478
v 0.057824 -0.023798 -0.031478
v 0.057459 -0.020531 -0.032110
v 0.057459 -0.020531 -0.032110
v 0.057459 -0.020531 -0.032110
v 0.057459 -0.020531 -0.032110
v 0.057459 -0.020531 -0.032110
v 0.060227 -0.020531 -0.033557
v 0.060227 -0.020531 -0.033557
v 0.060227 -0.020531 -0.033557
v 0.060227 -0.020531 -0.033557
v 0.060227 -0.020531 -0.033557
v 0.060227 -0.020531 -0.033557
v 0.063003 -0.012550 -0.035172
v 0.063003 -0.012550 -0.035172
v 0.063003 -0.012550 -0.035172
v 0.063003 -0.012550 -0.035172
v 0.063003 -0.012550 -0.035172
v 0.063003 -0.012550 -0.035172
v 0.063003 -0.012550 -0.035172
v 0.060050 -0.012550 -0.033935
v 0.060050 -0.012550 -0.033935
v 0.060050 -0.012550 -0.033935
v 0.060050 -0.012550 -0.033935
v 0.060050 -0.012550 -0.033935
v 0.060050 -0.012550 -0.033935
v 0.060050 -0.012550 -0.033935
v 0.052391 -0.020531 -0.028591
v 0.052391 -0.020531 -0.028591
v 0.052391 -0.020531 -0.028591
v 0.052391 -0.020531 -0.028591
v 0.052391 -0.020531 -0.028591
v 0.052391 -0.020531 -0.028591
v 0.057294 -0.016926 -0.032395
v 0.057294 -0.016926 -0.032395
v 0.057294 -0.016926 -0.032395
v 0.057294 -0.016926 -0.032395
v 0.057294 -0.016926 -0.032395
v 0.057294 -0.016926 -0.032395
v 0.068802 -0.034911 -0.019478
v 0.068802 -0.034911 -0.019478
v 0.068802 -0.034911 -0.019478
v 0.068802 -0.034911 -0.019478
v 0.068802 -0.034911 -0.019478
v 0.068802 -0.034911 -0.019478
v 0.067047 -0.034048 -0.024229
v 0.067047 -0.034048 -0.024229
v 0.067047 -0.034048 -0.024229
v 0.067047 -0.034048 -0.024229
v 0.067047 -0.034048 -0.024229
v 0.067047 -0.034048 -0.024229
v 0.065610 -0.032416 -0.028117
v 0.065610 -0.032416 -0.028117
v 0.065610 -0.032416 -0.028117
v 0.065610 -0.032416 -0.028117
v 0.065610 -0.032416 -0.028117
v 0.065610 -0.032416 -0.028117
v 0.074223 -0.035345 -0.009673
v 0.074223 -0.035345 -0.009673
v 0.074223 -0.035345 -0.009673
v 0.074223 -0.035345 -0.009673
v 0.074223 -0.035345 -0.009673
v 0.063401 -0.023798 -0.034095
v 0.063401 -0.023798 -0.034095
v 0.063401 -0.023798 -0.034095
v 0.063401 -0.023798 -0.034095
v 0.063401 -0.023798 -0.034095
v 0.063401 -0.023798 -0.034095
v 0.063401 -0.023798 -0.034095
v 0.058473 -0.027011 -0.030354
v 0.058473 -0.027011 -0.030354
v 0.058473 -0.027011 -0.030354
v 0.058473 -0.027011 -0.030354
v 0.058473 -0.027011 -0.030354
v 0.058473 -0.027011 -0.030354
v 0.054993 -0.029981 -0.025439
v 0.054993 -0.029981 -0.025439
v 0.054993 -0.029981 -0.025439
v 0.054993 -0.029981 -0.025439
v 0.054993 -0.029981 -0.025439
v 0.054993 -0.029981 -0.025439
v 0.053403 -0.032416 -0.019695
v 0.053403 -0.032416 -0.019695
v 0.053403 -0.032416 -0.019695
v 0.053403 -0.032416 -0.019695
v 0.053403 -0.032416 -0.019695
v 0.053403 -0.032416 -0.019695
v 0.053886 -0.034048 -0.013348
v 0.053886 -0.034048 -0.013348
v 0.053886 -0.034048 -0.013348
v 0.053886 -0.034048 -0.013348
v 0.053886 -0.034048 -0.013348
v 0.053886 -0.034048 -0.013348
v 0.056725 -0.034911 -0.007727
v 0.056725 -0.034911 -0.007727
v 0.056725 -0.034911 -0.007727
v 0.056725 -0.034911 -0.007727
v 0.056725 -0.034911 -0.007727
v 0.056725 -0.034911 -0.007727
v 0.066365 -0.035345 -0.001976
v 0.066365 -0.035345 -0.001976
v 0.066365 -0.035345 -0.001976
v 0.066365 -0.035345 -0.001976
v 0.066365 -0.035345 -0.001976
v 0.069224 -0.012550 -0.036879
v 0.069224 -0.012550 -0.036879
v 0.069224 -0.012550 -0.036879
v 0.069224 -0.012550 -0.036879
v 0.069224 -0.012550 -0.036879
v 0.069224 -0.012550 -0.036879
v 0.069224 -0.012550 -0.036879
v 0.069224 -0.012550 -0.036879
v 0.066067 -0.012550 -0.036157
v 0.066067 -0.012550 -0.036157
v 0.066067 -0.012550 -0.036157
v 0.066067 -0.012550 -0.036157
v 0.066067 -0.012550 -0.036157
v 0.066067 -0.012550 -0.036157
v 0.072247 -0.034911 -0.020424
v 0.072247 -0.034911 -0.020424
v 0.072247 -0.034911 -0.020424
v 0.072247 -0.034911 -0.020424
v 0.072247 -0.034911 -0.020424
v 0.072247 -0.034911 -0.020424
v 0.071332 -0.034048 -0.025405
v 0.071332 -0.034048 -0.025405
v 0.071332 -0.034048 -0.025405
v 0.071332 -0.034048 -0.025405
v 0.071332 -0.034048 -0.025405
v 0.071332 -0.034048 -0.025405
v 0.070583 -0.032416 -0.029482
v 0.070583 -0.032416 -0.029482
v 0.070583 -0.032416 -0.029482
v 0.070583 -0.032416 -0.029482
v 0.070583 -0.032416 -0.029482
v 0.070583 -0.032416 -0.029482
v 0.070038 -0.029981 -0.032449
v 0.070038 -0.029981 -0.032449
v 0.070038 -0.029981 -0.032449
v 0.070038 -0.029981 -0.032449
v 0.070038 -0.029981 -0.032449
v 0.070038 -0.029981 -0.032449
v 0.075712 -0.035345 -0.009831
v 0.075712 -0.035345 -0.009831
v 0.075712 -0.035345 -0.009831
v 0.075712 -0.035345 -0.009831
v 0.075712 -0.035345 -0.009831
v 0.066871 -0.035345 -0.003660
v 0.066871 -0.035345 -0.003660
v 0.066871 -0.035345 -0.003660
v 0.066871 -0.035345 -0.003660
v 0.066871 -0.035345 -0.003660
v 0.058222 -0.034911 -0.010731
v 0.058222 -0.034911 -0.010731
v 0.058222 -0.034911 -0.010731
v 0.058222 -0.034911 -0.010731
v 0.058222 -0.034911 -0.010731
v 0.058222 -0.034911 -0.010731
v 0.056528 -0.034048 -0.016971
v 0.056528 -0.034048 -0.016971
v 0.056528 -0.034048 -0.016971
v 0.056528 -0.034048 -0.016971
v 0.056528 -0.034048 -0.016971
v 0.056528 -0.034048 -0.016971
v 0.056913 -0.032416 -0.023113
v 0.056913 -0.032416 -0.023113
v 0.056913 -0.032416 -0.023113
v 0.056913 -0.032416 -0.023113
v 0.056913 -0.032416 -0.023113
v 0.056913 -0.032416 -0.023113
v 0.059502 -0.029981 -0.028571
v 0.059502 -0.029981 -0.028571
v 0.059502 -0.029981 -0.028571
v 0.059502 -0.029981 -0.028571
v 0.059502 -0.029981 -0.028571
v 0.059502 -0.029981 -0.028571
v 0.063851 -0.027011 -0.032878
v 0.063851 -0.027011 -0.032878
v 0.063851 -0.027011 -0.032878
v 0.063851 -0.027011 -0.032878
v 0.063851 -0.027011 -0.032878
v 0.063851 -0.027011 -0.032878
v 0.069431 -0.023798 -0.035750
v 0.069431 -0.023798 -0.035750
v 0.069431 -0.023798 -0.035750
v 0.069431 -0.023798 -0.035750
v 0.069431 -0.023798 -0.035750
v 0.069431 -0.023798 -0.035750
v 0.069431 -0.023798 -0.035750
v 0.063148 -0.020531 -0.034780
v 0.063148 -0.020531 -0.034780
v 0.063148 -0.020531 -0.034780
v 0.063148 -0.020531 -0.034780
v 0.063148 -0.020531 -0.034780
v 0.066178 -0.020531 -0.035754
v 0.066178 -0.020531 -0.035754
v 0.066178 -0.020531 -0.035754
v 0.066178 -0.020531 -0.035754
v 0.066178 -0.020531 -0.035754
v 0.066178 -0.020531 -0.035754
v 0.069300 -0.020531 -0.036468
v 0.069300 -0.020531 -0.036468
v 0.069300 -0.020531 -0.036468
v 0.069300 -0.020531 -0.036468
v 0.069300 -0.020531 -0.036468
v 0.069300 -0.020531 -0.036468
v 0.074915 -0.020531 -0.037062
v 0.074915 -0.020531 -0.037062
v 0.074915 -0.020531 -0.037062
v 0.074915 -0.020531 -0.037062
v 0.074915 -0.020531 -0.037062
v 0.074915 -0.020531 -0.037062
v 0.074903 -0.012550 -0.037480
v 0.074903 -0.012550 -0.037480
v 0.074903 -0.012550 -0.037480
v 0.074903 -0.012550 -0.037480
v 0.074903 -0.012550 -0.037480
v 0.074903 -0.012550 -0.037480
v 0.074903 -0.012550 -0.037480
v 0.075392 -0.034911 -0.020757
v 0.075392 -0.034911 -0.020757
v 0.075392 -0.034911 -0.020757
v 0.075392 -0.034911 -0.020757
v 0.075392 -0.034911 -0.020757
v 0.075392 -0.034911 -0.020757
v 0.075244 -0.034048 -0.025819
v 0.075244 -0.034048 -0.025819
v 0.075244 -0.034048 -0.025819
v 0.075244 -0.034048 -0.025819
v 0.075244 -0.034048 -0.025819
v 0.075244 -0.034048 -0.025819
v 0.075123 -0.032416 -0.029962
v 0.075123 -0.032416 -0.029962
v 0.075123 -0.032416 -0.029962
v 0.075123 -0.032416 -0.029962
v 0.075123 -0.032416 -0.029962
v 0.075123 -0.032416 -0.029962
v 0.075034 -0.029981 -0.032977
v 0.075034 -0.029981 -0.032977
v 0.075034 -0.029981 -0.032977
v 0.075034 -0.029981 -0.032977
v 0.075034 -0.029981 -0.032977
v 0.075034 -0.029981 -0.032977
v 0.074974 -0.027011 -0.035035
v 0.074974 -0.027011 -0.035035
v 0.074974 -0.027011 -0.035035
v 0.074974 -0.027011 -0.035035
v 0.074974 -0.027011 -0.035035
v 0.074974 -0.027011 -0.035035
v 0.077442 -0.035345 -0.009729
v 0.077442 -0.035345 -0.009729
v 0.077442 -0.035345 -0.009729
v 0.077442 -0.035345 -0.009729
v 0.077442 -0.035345 -0.009729
v 0.074936 -0.023798 -0.036332
v 0.074936 -0.023798 -0.036332
v 0.074936 -0.023798 -0.036332
v 0.074936 -0.023798 -0.036332
v 0.074936 -0.023798 -0.036332
v 0.069666 -0.027011 -0.034474
v 0.069666 -0.027011 -0.034474
v 0.069666 -0.027011 -0.034474
v 0.069666 -0.027011 -0.034474
v 0.069666 -0.027011 -0.034474
v 0.069666 -0.027011 -0.034474
v 0.064564 -0.029981 -0.030947
v 0.064564 -0.029981 -0.030947
v 0.064564 -0.029981 -0.030947
v 0.064564 -0.029981 -0.030947
v 0.064564 -0.029981 -0.030947
v 0.064564 -0.029981 -0.030947
v 0.061011 -0.032416 -0.025959
v 0.061011 -0.032416 -0.025959
v 0.061011 -0.032416 -0.025959
v 0.061011 -0.032416 -0.025959
v 0.061011 -0.032416 -0.025959
v 0.061011 -0.032416 -0.025959
v 0.059553 -0.034048 -0.019917
v 0.059553 -0.034048 -0.019917
v 0.059553 -0.034048 -0.019917
v 0.059553 -0.034048 -0.019917
v 0.059553 -0.034048 -0.019917
v 0.059553 -0.034048 -0.019917
v 0.060345 -0.034911 -0.013644
v 0.060345 -0.034911 -0.013644
v 0.060345 -0.034911 -0.013644
v 0.060345 -0.034911 -0.013644
v 0.060345 -0.034911 -0.013644
v 0.060345 -0.034911 -0.013644
v 0.067580 -0.035345 -0.005082
v 0.067580 -0.035345 -0.005082
v 0.067580 -0.035345 -0.005082
v 0.067580 -0.035345 -0.005082
v 0.067580 -0.035345 -0.005082
v 0.081500 -0.012550 -0.037091
v 0.081500 -0.012550 -0.037091
v 0.081500 -0.012550 -0.037091
v 0.081500 -0.012550 -0.037091
v 0.081500 -0.012550 -0.037091
v 0.081500 -0.012550 -0.037091
v 0.078223 -0.012550 -0.037431
v 0.078223 -0.012550 -0.037431
v 0.078223 -0.012550 -0.037431
v 0.078223 -0.012550 -0.037431
v 0.078223 -0.012550 -0.037431
v 0.078223 -0.012550 -0.037431
v 0.078223 -0.012550 -0.037431
v 0.079046 -0.034911 -0.020541
v 0.079046 -0.034911 -0.020541
v 0.079046 -0.034911 -0.020541
v 0.079046 -0.034911 -0.020541
v 0.079046 -0.034911 -0.020541
v 0.079046 -0.034911 -0.020541
v 0.079788 -0.034048 -0.025551
v 0.079788 -0.034048 -0.025551
v 0.079788 -0.034048 -0.025551
v 0.079788 -0.034048 -0.025551
v 0.079788 -0.034048 -0.025551
v 0.079788 -0.034048 -0.025551
v 0.080396 -0.032416 -0.029651
v 0.080396 -0.032416 -0.029651
v 0.080396 -0.032416 -0.029651
v 0.080396 -0.032416 -0.029651
v 0.080396 -0.032416 -0.029651
v 0.080396 -0.032416 -0.029651
v 0.080839 -0.029981 -0.032635
v 0.080839 -0.029981 -0.032635
v 0.080839 -0.029981 -0.032635
v 0.080839 -0.029981 -0.032635
v 0.080839 -0.029981 -0.032635
v 0.080839 -0.029981 -0.032635
v 0.081141 -0.027011 -0.034672
v 0.081141 -0.027011 -0.034672
v 0.081141 -0.027011 -0.034672
v 0.081141 -0.027011 -0.034672
v 0.081141 -0.027011 -0.034672
v 0.081141 -0.027011 -0.034672
v 0.081331 -0.023798 -0.035955
v 0.081331 -0.023798 -0.035955
v 0.081331 -0.023798 -0.035955
v 0.081331 -0.023798 -0.035955
v 0.081331 -0.023798 -0.035955
v 0.081331 -0.023798 -0.035955
v 0.081331 -0.023798 -0.035955
v 0.078198 -0.020531 -0.037013
v 0.078198 -0.020531 -0.037013
v 0.078198 -0.020531 -0.037013
v 0.078198 -0.020531 -0.037013
v 0.078198 -0.020531 -0.037013
v 0.084710 -0.020531 -0.036041
v 0.084710 -0.020531 -0.036041
v 0.084710 -0.020531 -0.036041
v 0.084710 -0.020531 -0.036041
v 0.084710 -0.020531 -0.036041
v 0.084808 -0.012550 -0.036447
v 0.084808 -0.012550 -0.036447
v 0.084808 -0.012550 -0.036447
v 0.084808 -0.012550 -0.036447
v 0.084808 -0.012550 -0.036447
v 0.084808 -0.012550 -0.036447
v 0.084808 -0.012550 -0.036447
v 0.085587 -0.032416 -0.028401
v 0.085587 -0.032416 -0.028401
v 0.085587 -0.032416 -0.028401
v 0.085587 -0.032416 -0.028401
v 0.085587 -0.032416 -0.028401
v 0.085587 -0.032416 -0.028401
v 0.091459 -0.029981 -0.029146
v 0.091459 -0.029981 -0.029146
v 0.091459 -0.029981 -0.029146
v 0.091459 -0.029981 -0.029146
v 0.091459 -0.029981 -0.029146
v 0.091459 -0.029981 -0.029146
v 0.091459 -0.029981 -0.029146
v 0.085730 -0.034911 -0.018345
v 0.085730 -0.034911 -0.018345
v 0.085730 -0.034911 -0.018345
v 0.085730 -0.034911 -0.018345
v 0.085730 -0.034911 -0.018345
v 0.085730 -0.034911 -0.018345
v 0.085730 -0.034911 -0.018345
v 0.082642 -0.034911 -0.019675
v 0.082642 -0.034911 -0.019675
v 0.082642 -0.034911 -0.019675
v 0.082642 -0.034911 -0.019675
v 0.082642 -0.034911 -0.019675
v 0.082642 -0.034911 -0.019675
v 0.088103 -0.034048 -0.022819
v 0.088103 -0.034048 -0.022819
v 0.088103 -0.034048 -0.022819
v 0.088103 -0.034048 -0.022819
v 0.088103 -0.034048 -0.022819
v 0.088103 -0.034048 -0.022819
v 0.084262 -0.034048 -0.024473
v 0.084262 -0.034048 -0.024473
v 0.084262 -0.034048 -0.024473
v 0.084262 -0.034048 -0.024473
v 0.084262 -0.034048 -0.024473
v 0.084262 -0.034048 -0.024473
v 0.090045 -0.032416 -0.026481
v 0.090045 -0.032416 -0.026481
v 0.090045 -0.032416 -0.026481
v 0.090045 -0.032416 -0.026481
v 0.090045 -0.032416 -0.026481
v 0.090045 -0.032416 -0.026481
v 0.090045 -0.032416 -0.026481
v 0.096192 -0.020531 -0.031098
v 0.096192 -0.020531 -0.031098
v 0.096192 -0.020531 -0.031098
v 0.096192 -0.020531 -0.031098
v 0.096192 -0.020531 -0.031098
v 0.096192 -0.020531 -0.031098
v 0.093373 -0.020531 -0.032756
v 0.093373 -0.020531 -0.032756
v 0.093373 -0.020531 -0.032756
v 0.093373 -0.020531 -0.032756
v 0.093373 -0.020531 -0.032756
v 0.093373 -0.020531 -0.032756
v 0.087626 -0.023798 -0.034439
v 0.087626 -0.023798 -0.034439
v 0.087626 -0.023798 -0.034439
v 0.087626 -0.023798 -0.034439
v 0.087626 -0.023798 -0.034439
v 0.087626 -0.023798 -0.034439
v 0.087626 -0.023798 -0.034439
v 0.087626 -0.023798 -0.034439
v 0.081438 -0.020531 -0.036678
v 0.081438 -0.020531 -0.036678
v 0.081438 -0.020531 -0.036678
v 0.081438 -0.020531 -0.036678
v 0.081438 -0.020531 -0.036678
v 0.081438 -0.020531 -0.036678
v 0.038614 0.019042 -0.007514
v 0.038614 0.019042 -0.007514
v 0.038614 0.019042 -0.007514
v 0.038614 0.019042 -0.007514
v 0.038614 0.019042 -0.007514
v 0.038614 0.019042 -0.007514
v 0.038614 0.019042 -0.007514
v 0.031818 0.022335 -0.003352
v 0.031818 0.022335 -0.003352
v 0.031818 0.022335 -0.003352
v 0.031818 0.022335 -0.003352
v 0.031818 0.022335 -0.003352
v 0.031818 0.022335 -0.003352
v 0.031818 0.022335 -0.003352
v 0.032386 0.022185 -0.003317
v 0.032386 0.022185 -0.003317
v 0.032386 0.022185 -0.003317
v 0.032386 0.022185 -0.003317
v 0.032386 0.022185 -0.003317
v 0.032386 0.022185 -0.003317
v 0.032857 0.020972 -0.003685
v 0.032857 0.020972 -0.003685
v 0.032857 0.020972 -0.003685
v 0.032857 0.020972 -0.003685
v 0.032857 0.020972 -0.003685
v 0.032857 0.020972 -0.003685
v 0.032857 0.020972 -0.003685
v 0.038434 0.022063 -0.007019
v 0.038434 0.022063 -0.007019
v 0.038434 0.022063 -0.007019
v 0.038434 0.022063 -0.007019
v 0.038434 0.022063 -0.007019
v 0.038434 0.022063 -0.007019
v 0.038434 0.022063 -0.007019
v 0.036374 0.021196 -0.005208
v 0.036374 0.021196 -0.005208
v 0.036374 0.021196 -0.005208
v 0.036374 0.021196 -0.005208
v 0.036374 0.021196 -0.005208
v 0.036374 0.021196 -0.005208
v 0.036374 0.021196 -0.005208
v 0.036374 0.021196 -0.005208
v 0.036374 0.021196 -0.005208
v 0.036374 0.021196 -0.005208
v 0.033996 0.020865 -0.003934
v 0.033996 0.020865 -0.003934
v 0.033996 0.020865 -0.003934
v 0.033996 0.020865 -0.003934
v 0.033996 0.020865 -0.003934
v 0.033996 0.020865 -0.003934
v 0.033996 0.020865 -0.003934
v 0.032337 0.021108 -0.003691
v 0.032337 0.021108 -0.003691
v 0.032337 0.021108 -0.003691
v 0.032337 0.021108 -0.003691
v 0.032337 0.021108 -0.003691
v 0.032337 0.021108 -0.003691
v 0.032337 0.021108 -0.003691
v 0.032337 0.021108 -0.003691
v 0.032337 0.021108 -0.003691
v 0.032337 0.021108 -0.003691
v 0.032037 0.021211 -0.003718
v 0.032037 0.021211 -0.003718
v 0.032037 0.021211 -0.003718
v 0.032037 0.021211 -0.003718
v 0.032037 0.021211 -0.003718
v 0.031404 0.022472 -0.003389
v 0.031404 0.022472 -0.003389
v 0.031404 0.022472 -0.003389
v 0.031404 0.022472 -0.003389
v 0.031404 0.022472 -0.003389
v 0.031404 0.022472 -0.003389
v 0.033513 0.018043 -0.004155
v 0.033513 0.018043 -0.004155
v 0.033513 0.018043 -0.004155
v 0.033513 0.018043 -0.004155
v 0.033513 0.018043 -0.004155
v 0.033284 0.018538 -0.004094
v 0.033284 0.018538 -0.004094
v 0.033284 0.018538 -0.004094
v 0.033284 0.018538 -0.004094
v 0.033349 0.018541 -0.004124
v 0.033349 0.018541 -0.004124
v 0.033349 0.018541 -0.004124
v 0.033349 0.018541 -0.004124
v 0.033349 0.018541 -0.004124
v 0.032933 0.019298 -0.004001
v 0.032933 0.019298 -0.004001
v 0.032933 0.019298 -0.004001
v 0.032933 0.019298 -0.004001
v 0.032933 0.019298 -0.004001
v 0.032933 0.019298 -0.004001
v 0.032933 0.019298 -0.004001
v 0.032653 0.019905 -0.003927
v 0.032653 0.019905 -0.003927
v 0.032653 0.019905 -0.003927
v 0.032653 0.019905 -0.003927
v 0.032211 0.020863 -0.003809
v 0.032211 0.020863 -0.003809
v 0.032211 0.020863 -0.003809
v 0.032211 0.020863 -0.003809
v 0.032198 0.020889 -0.003802
v 0.032198 0.020889 -0.003802
v 0.032198 0.020889 -0.003802
v 0.032198 0.020889 -0.003802
v 0.032198 0.020889 -0.003802
v 0.032198 0.020889 -0.003802
v 0.033842 0.017330 -0.004243
v 0.033842 0.017330 -0.004243
v 0.033842 0.017330 -0.004243
v 0.033842 0.017330 -0.004243
v 0.033766 0.018441 -0.004168
v 0.033766 0.018441 -0.004168
v 0.033766 0.018441 -0.004168
v 0.033766 0.018441 -0.004168
v 0.033766 0.018441 -0.004168
v 0.033766 0.018441 -0.004168
v 0.033766 0.018441 -0.004168
v 0.033766 0.018441 -0.004168
v 0.034114 0.016691 -0.004293
v 0.034114 0.016691 -0.004293
v 0.034114 0.016691 -0.004293
v 0.034114 0.016691 -0.004293
v 0.034114 0.016691 -0.004293
v 0.034606 0.015910 -0.004399
v 0.034606 0.015910 -0.004399
v 0.034606 0.015910 -0.004399
v 0.034606 0.015910 -0.004399
v 0.034606 0.015910 -0.004399
v 0.034606 0.015910 -0.004399
v 0.034606 0.015910 -0.004399
v 0.034606 0.015910 -0.004399
v 0.034365 0.016104 -0.004339
v 0.034365 0.016104 -0.004339
v 0.034365 0.016104 -0.004339
v 0.034365 0.016104 -0.004339
v 0.034365 0.016104 -0.004339
v 0.034816 0.013943 -0.004339
v 0.034816 0.013943 -0.004339
v 0.034816 0.013943 -0.004339
v 0.034816 0.013943 -0.004339
v 0.034816 0.013943 -0.004339
v 0.034816 0.013943 -0.004339
v 0.034816 0.013943 -0.004339
v 0.034513 0.015393 -0.004339
v 0.034513 0.015393 -0.004339
v 0.034513 0.015393 -0.004339
v 0.034513 0.015393 -0.004339
v 0.034513 0.015393 -0.004339
v 0.034513 0.015393 -0.004339
v 0.034398 0.015942 -0.004339
v 0.034398 0.015942 -0.004339
v 0.034398 0.015942 -0.004339
v 0.034398 0.015942 -0.004339
v 0.034708 0.018350 -0.004476
v 0.034708 0.018350 -0.004476
v 0.034708 0.018350 -0.004476
v 0.034708 0.018350 -0.004476
v 0.034708 0.018350 -0.004476
v 0.034708 0.018350 -0.004476
v 0.034708 0.018350 -0.004476
v 0.034708 0.018350 -0.004476
v 0.034708 0.018350 -0.004476
v 0.034708 0.018350 -0.004476
v 0.036761 0.018524 -0.005759
v 0.036761 0.018524 -0.005759
v 0.036761 0.018524 -0.005759
v 0.036761 0.018524 -0.005759
v 0.036761 0.018524 -0.005759
v 0.036761 0.018524 -0.005759
v 0.036761 0.018524 -0.005759
v 0.031945 0.021219 -0.003789
v 0.031945 0.021219 -0.003789
v 0.031945 0.021219 -0.003789
v 0.031945 0.021219 -0.003789
v 0.031945 0.021219 -0.003789
v 0.032152 0.020681 -0.003866
v 0.032152 0.020681 -0.003866
v 0.032152 0.020681 -0.003866
v 0.032152 0.020681 -0.003866
v 0.032152 0.020681 -0.003866
v 0.032152 0.020681 -0.003866
v 0.032470 0.019855 -0.003985
v 0.032470 0.019855 -0.003985
v 0.032470 0.019855 -0.003985
v 0.032470 0.019855 -0.003985
v 0.032470 0.019855 -0.003985
v 0.032597 0.019896 -0.003981
v 0.032597 0.019896 -0.003981
v 0.032597 0.019896 -0.003981
v 0.032597 0.019896 -0.003981
v 0.032597 0.019896 -0.003981
v 0.032597 0.019896 -0.003981
v 0.034317 0.015339 -0.004339
v 0.034317 0.015339 -0.004339
v 0.034317 0.015339 -0.004339
v 0.034317 0.015339 -0.004339
v 0.034317 0.015339 -0.004339
v 0.034317 0.015339 -0.004339
v 0.034317 0.015339 -0.004339
v 0.034317 0.015339 -0.004339
v 0.034317 0.015339 -0.004339
v 0.034317 0.015339 -0.004339
v 0.034317 0.015339 -0.004339
v 0.034317 0.015339 -0.004339
v 0.034317 0.015339 -0.004339
v 0.034317 0.015339 -0.004339
v 0.034317 0.015339 -0.004339
v 0.034317 0.015339 -0.004339
v 0.034317 0.015339 -0.004339
v 0.034317 0.015339 -0.004339
v 0.033751 0.016352 -0.004339
v 0.033751 0.016352 -0.004339
v 0.033751 0.016352 -0.004339
v 0.033751 0.016352 -0.004339
v 0.033751 0.016352 -0.004339
v 0.033751 0.016352 -0.004339
v 0.033751 0.016352 -0.004339
v 0.033917 0.016631 -0.004285
v 0.033917 0.016631 -0.004285
v 0.033917 0.016631 -0.004285
v 0.033917 0.016631 -0.004285
v 0.033917 0.016631 -0.004285
v 0.033917 0.016631 -0.004285
v 0.033917 0.016631 -0.004285
v 0.033917 0.016631 -0.004285
v 0.033917 0.016631 -0.004285
v 0.033917 0.016631 -0.004285
v 0.033917 0.016631 -0.004285
v 0.033917 0.016631 -0.004285
v 0.033917 0.016631 -0.004285
v 0.033917 0.016631 -0.004285
v 0.033917 0.016631 -0.004285
v 0.033678 0.016562 -0.004326
v 0.033678 0.016562 -0.004326
v 0.033678 0.016562 -0.004326
v 0.033678 0.016562 -0.004326
v 0.033116 0.018174 -0.004227
v 0.033116 0.018174 -0.004227
v 0.033116 0.018174 -0.004227
v 0.033116 0.018174 -0.004227
v 0.033116 0.018174 -0.004227
v 0.033116 0.018174 -0.004227
v 0.034373 0.015318 -0.004339
v 0.034373 0.015318 -0.004339
v 0.034373 0.015318 -0.004339
v 0.034373 0.015318 -0.004339
v 0.034373 0.015318 -0.004339
v 0.034369 0.015316 -0.004339
v 0.034369 0.015316 -0.004339
v 0.034369 0.015316 -0.004339
v 0.034369 0.015316 -0.004339
v 0.034369 0.015316 -0.004339
v 0.034369 0.015316 -0.004339
v 0.034369 0.015316 -0.004339
v 0.034369 0.015316 -0.004339
v 0.034352 0.015317 -0.004339
v 0.034352 0.015317 -0.004339
v 0.034352 0.015317 -0.004339
v 0.034352 0.015317 -0.004339
v 0.034352 0.015317 -0.004339
v 0.034352 0.015317 -0.004339
v 0.034352 0.015317 -0.004339
v 0.034352 0.015317 -0.004339
v 0.034352 0.015317 -0.004339
v 0.034352 0.015317 -0.004339
v 0.034352 0.015317 -0.004339
v 0.034352 0.015317 -0.004339
v 0.034352 0.015317 -0.004339
v 0.034352 0.015317 -0.004339
v 0.034352 0.015317 -0.004339
v 0.034352 0.015317 -0.004339
v 0.034352 0.015317 -0.004339
v 0.034352 0.015317 -0.004339
v 0.034352 0.015317 -0.004339
v 0.034352 0.015317 -0.004339
v 0.034381 0.015322 -0.004339
v 0.034381 0.015322 -0.004339
v 0.034381 0.015322 -0.004339
v 0.034381 0.015322 -0.004339
v 0.034395 0.015340 -0.004339
v 0.034395 0.015340 -0.004339
v 0.034395 0.015340 -0.004339
v 0.034395 0.015340 -0.004339
v 0.034395 0.015340 -0.004339
v 0.034395 0.015340 -0.004339
v 0.034412 0.015425 -0.004339
v 0.034412 0.015425 -0.004339
v 0.034412 0.015425 -0.004339
v 0.034412 0.015425 -0.004339
v 0.034412 0.015425 -0.004339
v 0.028300 0.027801 -0.000238
v 0.028300 0.027801 -0.000238
v 0.028300 0.027801 -0.000238
v 0.028300 0.027801 -0.000238
v 0.028300 0.027801 -0.000238
v 0.026562 0.026473 -0.004339
v 0.026562 0.026473 -0.004339
v 0.026562 0.026473 -0.004339
v 0.026562 0.026473 -0.004339
v 0.024074 0.028717 -0.004339
v 0.024074 0.028717 -0.004339
v 0.024074 0.028717 -0.004339
v 0.024074 0.028717 -0.004339
v 0.026150 0.028303 -0.002309
v 0.026150 0.028303 -0.002309
v 0.026150 0.028303 -0.002309
v 0.026150 0.028303 -0.002309
v 0.026150 0.028303 -0.002309
v 0.026150 0.028303 -0.002309
v 0.026150 0.028303 -0.002309
v 0.026150 0.028303 -0.002309
v 0.026150 0.028303 -0.002309
v 0.026150 0.028303 -0.002309
v 0.026150 0.028303 -0.002309
v 0.023613 0.029133 -0.004339
v 0.023613 0.029133 -0.004339
v 0.023613 0.029133 -0.004339
v 0.023613 0.029133 -0.004339
v 0.023613 0.029133 -0.004339
v 0.023613 0.029133 -0.004339
v 0.023613 0.029133 -0.004339
v 0.020416 0.031456 -0.004339
v 0.020416 0.031456 -0.004339
v 0.020416 0.031456 -0.004339
v 0.020416 0.031456 -0.004339
v 0.027906 0.025042 -0.004339
v 0.027906 0.025042 -0.004339
v 0.027906 0.025042 -0.004339
v 0.027906 0.025042 -0.004339
v 0.027906 0.025042 -0.004339
v 0.029989 0.024652 -0.002902
v 0.029989 0.024652 -0.002902
v 0.029989 0.024652 -0.002902
v 0.029989 0.024652 -0.002902
v 0.029989 0.024652 -0.002902
v 0.029989 0.024652 -0.002902
v 0.029989 0.024652 -0.002902
v 0.028110 0.024825 -0.004339
v 0.028110 0.024825 -0.004339
v 0.028110 0.024825 -0.004339
v 0.028110 0.024825 -0.004339
v 0.028110 0.024825 -0.004339
v 0.028110 0.024825 -0.004339
v 0.031159 0.020840 -0.004339
v 0.031159 0.020840 -0.004339
v 0.031159 0.020840 -0.004339
v 0.031159 0.020840 -0.004339
v 0.031159 0.020840 -0.004339
v 0.031159 0.020840 -0.004339
v 0.030575 0.021717 -0.004339
v 0.030575 0.021717 -0.004339
v 0.030575 0.021717 -0.004339
v 0.030575 0.021717 -0.004339
v 0.031832 0.019829 -0.004339
v 0.031832 0.019829 -0.004339
v 0.031832 0.019829 -0.004339
v 0.031832 0.019829 -0.004339
v 0.031832 0.019829 -0.004339
v 0.031832 0.019829 -0.004339
v 0.031832 0.019829 -0.004339
usemtl dark
f 54 55 144
f 155 157 164
f 168 170 177
f 179 181 186
f 196 200 205
f 217 221 222
f 218 226 203
f 202 225 230
f 204 231 195
f 201 235 206
f 209 236 240
f 210 241 31
f 30 239 246
f 29 245 251
f 250 255 27
f 26 254 262
f 28 263 8
f 7 261 267
f 6 266 12
f 268 271 20
f 264 273 11
f 10 272 276
f 9 274 14
f 15 275 280
f 13 278 18
f 22 279 283
f 21 282 269
f 285 287 292
f 293 288 300
f 301 302 294
f 296 303 305
f 295 304 214
f 215 306 307
f 216 308 220
f 313 319 325
f 312 323 331
f 332 324 334
f 330 333 336
f 342 348 350
f 341 355 345
f 346 356 360
f 347 361 369
f 370 362 377
f 368 376 382
f 381 387 366
f 365 386 391
f 367 392 316
f 315 390 398
f 314 397 320
f 400 405 406
f 407 408 401
f 402 409 410
f 403 411 413
f 415 412 418
f 414 417 422
f 351 424 343
f 344 425 428
f 340 426 433
f 434 427 437
f 432 435 442
f 443 436 445
f 441 444 419
f 421 446 448
f 420 447 423
f 335 450 329
f 328 449 453
f 327 451 463
f 465 452 467
f 464 466 469
f 472 474 477
f 475 473 480
f 478 483 470
f 404 399 479
f 476 484 471
f 486 488 493
f 492 487 3
f 494 4 497
f 503 505 509
f 510 506 515
f 512 516 489
f 490 517 518
f 491 519 485
f 520 522 526
f 527 523 534
f 535 537 531
f 530 536 539
f 529 538 507
f 508 540 541
f 511 542 504
f 544 549 554
f 552 548 555
f 553 557 564
f 543 566 546
f 545 565 567
f 547 569 525
f 524 568 570
f 528 571 521
f 572 583 587
f 586 582 592
f 585 590 558
f 559 591 594
f 556 593 563
f 595 598 578
f 575 597 599
f 600 602 576
f 574 601 604
f 573 603 584
f 596 579 607
f 605 577 608
f 606 609 613
f 614 610 616
f 615 619 624
f 625 632 620
f 617 631 634
f 618 635 623
f 637 641 648
f 649 643 650
f 636 652 639
f 640 653 655
f 638 654 626
f 627 656 657
f 628 658 633
f 182 659 187
f 188 660 663
f 183 662 666
f 665 661 671
f 664 669 642
f 645 670 673
f 644 672 651
f 674 677 682
f 681 676 688
f 680 686 189
f 191 687 690
f 190 689 180
f 694 698 702
f 693 701 685
f 684 700 704
f 683 703 675
f 705 708 459
f 468 482 462
f 461 481 710
f 460 709 706
f 707 712 458
f 457 711 715
f 456 714 697
f 696 713 717
f 695 716 699
f 169 719 176
f 175 718 720
f 178 722 373
f 372 721 724
f 371 723 349
f 726 728 736
f 734 727 738
f 737 740 174
f 172 739 741
f 173 742 167
f 156 743 163
f 165 744 746
f 166 747 733
f 732 745 748
f 735 749 725
f 56 61 145
f 146 62 63
f 147 64 65
f 66 67 148
f 149 68 69
f 150 70 71
f 72 73 151
f 152 74 75
f 153 77 753
f 752 76 59
f 754 60 57
f 58 87 755
f 756 88 89
f 757 90 91
f 92 93 758
f 759 94 95
f 760 96 97
f 98 99 761
f 762 100 101
f 763 102 103
f 104 105 764
f 765 106 107
f 766 108 109
f 110 111 767
f 768 112 113
f 769 114 115
f 116 83 770
f 771 84 85
f 772 86 128
f 773 127 125
f 120 117 777
f 126 123 774
f 775 124 121
f 776 122 119
f 118 81 778
f 779 82 78
f 780 80 161
f 160 79 781
f 162 782 154
f 46 47 140
f 45 138 43
f 44 139 793
f 42 792 41
f 48 49 141
f 142 50 51
f 143 52 53
f 32 33 211
f 213 34 36
f 212 35 789
f 790 37 38
f 791 39 40
f 270 286 19
f 17 284 291
f 16 290 25
f 24 289 500
f 23 499 2
f 1 498 5
f 647 630 134
f 692 679 135
f 678 184 129
f 136 185 668
f 131 667 646
f 629 622 133
f 130 621 611
f 134 612 581
f 513 495 783
f 691 133 455
f 454 132 750
f 455 751 158
f 514 785 532
f 496 501 785
f 788 502 299
f 786 298 208
f 207 297 219
f 171 363 729
f 730 364 310
f 731 311 159
f 158 309 326
f 158 326 455
f 580 588 133
f 137 589 562
f 133 561 785
f 784 560 550
f 787 551 533
f 800 806 256
f 258 253 802
f 801 252 249
f 799 248 812
f 811 247 244
f 810 243 817
f 807 821 257
f 260 823 828
f 259 827 265
f 798 281 277
f 242 237 814
f 815 238 232
f 816 233 829
f 830 234 197
f 831 198 834
f 835 199 192
f 836 193 839
f 840 194 227
f 841 228 844
f 846 229 223
f 847 224 851
f 857 864 394
f 873 359 880
f 879 357 354
f 878 353 885
f 884 352 339
f 883 338 890
f 888 337 430
f 889 431 895
f 894 429 440
f 893 439 899
f 898 438 416
f 858 395 907
f 396 388 908
f 909 389 383
f 910 384 914
f 915 385 378
f 916 380 874
f 872 379 375
f 871 374 358
f 918 321 862
f 863 322 318
f 861 317 393
f 876 881 929
f 930 882 886
f 932 887 892
f 891 897 928
f 924 896 901
f 923 900 906
f 865 925 921
f 919 922 904
f 920 905 868
f 917 877 913
f 911 875 926
f 912 931 860
f 859 927 866
f 902 933 869
f 903 870 867
f 938 818 832
f 833 837 942
f 944 838 843
f 941 842 848
f 796 825 935
f 937 826 822
f 813 820 805
f 803 819 939
f 804 943 809
f 808 940 824
f 855 945 794
f 856 795 852
f 854 797 936
f 853 934 849
f 850 937 845
usemtl white
f 946 954 960
f 965 967 978
f 986 989 993
f 961 1001 947
f 948 1002 1006
f 949 1008 1011
f 1009 1007 1015
f 988 1020 992
f 990 1019 1024
f 991 1025 968
f 966 1024 1028
f 966 1028 977
f 976 1032 963
f 964 1033 1038
f 962 1037 1041
f 1040 1036 1046
f 1047 1051 1042
f 1042 1051 1054
f 1043 1055 1058
f 1055 1060 1058
f 1058 1060 1063
f 1059 1064 1077
f 1076 1063 1079
f 1075 1078 1084
f 1016 1091 1010
f 1010 1091 1096
f 1010 1096 994
f 995 1097 1101
f 994 1100 987
f 1080 1103 1086
f 1085 1102 1107
f 1087 1108 1113
f 1111 1106 1114
f 1112 1115 1121
f 1122 1116 1124
f 1120 1123 1128
f 1125 1130 1129
f 1129 1130 1133
f 1129 1133 1137
f 1137 1133 1139
f 1136 1138 1143
f 1144 1139 1146
f 1144 1146 1150
f 1149 1145 1153
f 1151 1154 1160
f 1152 1161 1157
f 1158 1162 1165
f 1159 1167 1172
f 1174 1178 1182
f 1166 1186 1171
f 1171 1186 1191
f 1170 1190 1196
f 1195 1189 1198
f 1197 1199 1203
f 1204 1200 1206
f 1205 1207 1211
f 1206 1212 1210
f 1210 1212 1215
f 1210 1215 1219
f 1219 1215 1221
f 1218 1220 1225
f 1227 1222 1230
f 1226 1229 1235
f 1234 1228 1237
f 1233 1236 1241
f 1242 1238 1243
f 1242 1243 1248
f 1244 1251 1249
f 1248 1250 1255
f 1247 1254 1175
f 1177 1255 1259
f 1176 1258 1180
f 1263 1268 1272
f 1275 1277 1280
f 1280 1277 1281
f 1280 1281 1284
f 1173 1179 1287
f 1288 1181 1289
f 1288 1289 1292
f 1292 1289 1294
f 1293 1295 1300
f 1299 1294 1302
f 1298 1301 1306
f 1307 1302 1309
f 1305 1308 1312
f 1313 1309 1315
f 1314 1316 1320
f 1319 1315 1321
f 1319 1321 1324
f 1324 1321 1326
f 1325 1327 1332
f 1333 1328 1336
f 1331 1334 1339
f 1335 1342 1340
f 1339 1341 1345
f 1339 1345 1348
f 1348 1345 1349
f 1348 1349 1352
f 1352 1349 1353
f 1352 1353 1357
f 1357 1353 1359
f 1356 1358 1362
f 1363 1359 1364
f 1363 1364 1367
f 1367 1364 1368
f 1367 1368 1371
f 1371 1368 1372
f 1371 1372 1275
f 1275 1372 1376
f 1274 1375 1276
f 1273 1380 1265
f 1264 1379 1382
f 1262 1381 1385
f 1386 1383 1390
f 1384 1389 1391
f 1393 1390 1397
f 1392 1396 1398
f 1398 1396 1401
f 1398 1401 1402
f 1402 1401 1405
f 1405 1401 1408
f 1405 1408 1410
f 1410 1408 1413
f 1410 1413 1416
f 1416 1413 1419
f 1416 1419 1284
f 1284 1419 1422
f 1284 1422 1280
f 1550 1492 1555
f 1423 1420 1740
f 1421 1414 1741
f 1742 1415 1409
f 1745 1748 1451
f 1744 1450 1752
f 1753 1452 1449
f 1751 1448 1443
f 1466 1447 1760
f 1757 1763 1457
f 1458 1764 1767
f 1460 1768 1771
f 1446 1445 1759
f 1758 1444 1456
f 1756 1454 1749
f 1750 1455 1453
f 1772 1775 1462
f 1463 1776 1780
f 1464 1781 1784
f 1783 1789 1461
f 1459 1788 1793
f 1465 1794 1469
f 1467 1792 1799
f 1468 1801 1471
f 1802 1442 1440
f 1803 1441 1806
f 1805 1439 1478
f 1804 1477 1808
f 1809 1479 1474
f 1810 1475 1797
f 1798 1476 1472
f 1800 1473 1470
f 1811 1816 1482
f 1822 1526 1813
f 1814 1527 1485
f 1815 1486 1481
f 1541 1531 1821
f 1819 1530 1528
f 1820 1529 1525
f 1818 1826 1540
f 1537 1825 1830
f 1536 1829 1834
f 1833 1838 1534
f 1533 1837 1842
f 1532 1841 1846
f 1847 1849 1535
f 1538 1850 1854
f 1539 1855 1547
f 1549 1856 1860
f 1548 1859 1495
f 1866 1509 1869
f 1868 1508 1504
f 1867 1503 1873
f 1872 1502 1501
f 1871 1500 1863
f 1862 1499 1498
f 1861 1497 1496
f 1812 1483 1876
f 1877 1484 1480
f 1874 1865 1887
f 1875 1888 1870
f 1832 1827 1879
f 1884 1828 1823
f 1886 1824 1817
f 1845 1840 1883
f 1881 1839 1836
f 1878 1835 1831
f 1848 1843 1851
f 1853 1844 1882
f 1852 1880 1857
f 1858 1885 1864
f 1747 1743 1899
f 1796 1898 1807
f 1766 1761 1890
f 1895 1762 1754
f 1897 1755 1746
f 1778 1774 1893
f 1891 1773 1770
f 1889 1769 1765
f 1782 1777 1785
f 1787 1779 1894
f 1786 1892 1790
f 1791 1896 1795
f 1903 1908 1917
f 1915 1905 1920
f 1916 1924 1928
f 1904 1932 1909
f 1907 1931 1937
f 1910 1938 1941
f 1940 1936 1948
f 1939 1947 1951
f 1954 1961 1970
f 1971 1978 1957
f 1956 1977 1981
f 1958 1983 1919
f 1918 1982 1986
f 1923 1987 1927
f 1992 1997 1962
f 1967 1998 2002
f 1966 2001 1972
f 2003 2007 2016
f 2018 2010 2023
f 2013 2019 2024
f 2026 2022 2031
f 2027 2033 1988
f 1990 2034 2038
f 1991 2039 1996
f 2041 2051 2055
f 2054 2059 2040
f 2043 2060 2065
f 2042 2063 2068
f 2069 2064 2074
f 2071 2076 2012
f 2011 2075 2079
f 2017 2080 2004
f 2087 2092 2047
f 2049 2093 2096
f 2050 2097 2053
f 2102 2106 2111
f 2109 2105 2115
f 2114 2116 2122
f 2124 2117 2128
f 2127 2132 2121
f 2123 2133 2136
f 2125 2138 2086
f 2085 2137 2142
f 2084 2141 2091
f 2149 2153 2156
f 2163 2169 2175
f 2179 2184 2188
f 2190 2187 2197
f 2189 2194 2202
f 2206 2216 2219
f 2218 2212 2223
f 2207 2230 2217
f 2210 2229 2235
f 2211 2236 2199
f 2198 2234 2240
f 2193 2239 2201
f 2173 2167 2244
f 2168 2251 2249
f 2243 2250 2255
f 2245 2256 2227
f 2226 2254 2260
f 2225 2259 2220
f 2164 2178 2266
f 2264 2176 2270
f 2265 2274 2277
f 2275 2269 2280
f 2276 2282 2287
f 2157 2154 2295
f 2294 2152 2301
f 2291 2299 2284
f 2286 2300 2306
f 2283 2305 2290
f 2310 2319 2324
f 2307 2322 2158
f 2162 2323 2328
f 2155 2327 2148
f 2334 2338 2344
f 2343 2349 2333
f 2329 2348 2354
f 2330 2355 2361
f 2360 2353 2366
f 2365 2369 2358
f 2359 2370 2376
f 2356 2374 2377
f 2382 2375 2387
f 2378 2385 2311
f 2313 2386 2391
f 2309 2390 2318
f 2395 2400 2403
f 2402 2399 2420
f 2427 2431 2440
f 2454 2460 2463
f 2479 2483 2475
f 2490 2498 2502
f 2508 2512 2530
f 2531 2513 2534
f 2542 2546 2520
f 2548 2552 2559
f 2570 2574 2580
f 2592 2595 2614
f 2609 2594 2568
f 2615 2620 2606
f 2569 2579 2611
f 2610 2578 2626
f 2608 2625 2616
f 2633 2636 2588
f 2584 2635 2642
f 2593 2643 2596
f 2650 2654 2662
f 2663 2655 2667
f 2634 2673 2637
f 2638 2674 2677
f 2639 2678 2681
f 2682 2679 2691
f 2680 2690 2666
f 2664 2689 2694
f 2665 2695 2661
f 2696 2702 2708
f 2706 2701 2724
f 2707 2726 2728
f 2727 2720 2733
f 2700 2737 2723
f 2722 2736 2743
f 2721 2742 2565
f 2566 2744 2748
f 2567 2749 2549
f 2543 2527 2756
f 2532 2757 2764
f 2765 2758 2768
f 2766 2769 2776
f 2778 2770 2781
f 2777 2779 2789
f 2767 2795 2536
f 2535 2794 2800
f 2533 2799 2529
f 2528 2798 2805
f 2526 2804 2755
f 2809 2815 2818
f 2495 2825 2516
f 2525 2826 2831
f 2524 2830 2811
f 2810 2820 2523
f 2519 2819 2834
f 2518 2833 2507
f 2842 2845 2851
f 2846 2843 2500
f 2499 2840 2857
f 2503 2858 2491
f 2850 2859 2841
f 2844 2860 2865
f 2839 2864 2873
f 2863 2874 2871
f 2872 2875 2881
f 2870 2880 2888
f 2887 2879 2890
f 2889 2892 2900
f 2891 2480 2899
f 2898 2478 2474
f 2901 2477 2905
f 2904 2462 2459
f 2911 2915 2465
f 2467 2916 2920
f 2469 2921 2455
f 2925 2909 2928
f 2929 2910 2464
f 2930 2466 2936
f 2935 2461 2938
f 2934 2937 2949
f 2950 2939 2953
f 2957 2964 2970
f 2969 2963 2980
f 2962 2982 2979
f 2978 2981 2987
f 2977 2986 2993
f 2995 2988 2998
f 2994 2997 3005
f 3003 2996 3007
f 3004 3008 2435
f 3013 3019 3023
f 3029 3033 2443
f 2436 3032 3014
f 3015 3024 2437
f 2438 3025 3038
f 2439 3039 2426
f 3042 3050 2449
f 2450 3053 3057
f 2442 3056 3028
f 3041 3058 3049
f 3051 3059 3064
f 3052 3065 3073
f 3074 3081 3086
f 3088 3084 3095
f 3087 3094 3098
f 3097 3093 3072
f 3096 3071 3103
f 3102 3070 3063
f 3075 3106 3082
f 3085 3107 3112
f 3083 3111 3120
f 3113 3125 3123
f 3122 3124 3130
f 3121 3129 3138
f 3139 3132 2422
f 2421 3131 2404
f 2401 3128 3140
f 2407 3141 3146
f 3154 3159 3163
f 3167 3153 3171
f 3170 3152 2408
f 3172 2416 3177
f 3155 3164 2411
f 2412 3165 3185
f 2413 3186 2396
f 3192 3196 3200
f 3201 3198 3206
f 3197 3215 3205
f 3204 3214 3219
f 3207 3220 3222
f 3223 3221 3229
f 3224 3231 3234
f 2621 3240 2613
f 2612 3239 3245
f 2599 3244 3248
f 2484 3255 2476
f 2473 3254 3259
f 2471 3258 3263
f 3267 3272 2942
f 3264 3278 2472
f 2470 3277 3284
f 2468 3283 2941
f 2940 3282 3288
f 2943 3289 3268
f 3273 3293 2944
f 2945 3294 3297
f 2946 3298 2954
f 2955 3299 3302
f 2956 3304 3312
f 3311 3303 3314
f 3313 3315 2971
f 2973 3316 3321
f 2972 3320 2958
f 2547 3328 2522
f 2521 3327 3332
f 2517 3330 2496
f 2497 3331 3336
f 2494 3335 2501
f 2713 3341 3348
f 3347 3353 2712
f 2711 3349 3356
f 2719 3357 2732
f 3346 3363 3351
f 3352 3364 3369
f 3350 3368 3371
f 3373 3370 3380
f 3372 3379 3383
f 3382 3378 3390
f 3381 3389 2780
f 2782 3391 3395
f 2783 3396 2790
f 2649 3400 2653
f 2652 3399 3406
f 2651 3405 2555
f 2554 3404 3412
f 2553 3411 2562
f 2561 3410 3417
f 3416 3421 2560
f 2563 3422 3426
f 2564 3427 2718
f 2725 3428 3432
f 2717 3431 3437
f 3436 3441 2716
f 2714 3440 3445
f 2715 3446 3342
f 3450 3454 2603
f 3230 3459 3233
f 3232 3458 3463
f 3235 3464 3250
f 3251 3465 3470
f 3249 3468 2600
f 2601 3469 3474
f 2602 3475 3449
f 3455 3478 2604
f 2605 3479 3483
f 2607 3485 2591
f 2590 3484 3490
f 2589 3489 3495
f 3494 3499 2585
f 2587 3500 3504
f 2586 3503 2632
f 3145 3505 2405
f 2406 3506 3510
f 2409 3512 3517
f 3518 3521 2410
f 2414 3522 3524
f 2415 3527 3176
f 3178 3532 3535
f 3523 3541 3525
f 3526 3542 3546
f 3528 3547 3551
f 3199 3533 3190
f 3191 3534 3529
f 3193 3531 3556
f 3555 3530 3552
f 3006 3558 2434
f 2432 3557 3563
f 2433 3564 2441
f 2444 3565 3569
f 2445 3570 3573
f 3574 3578 2446
f 2448 3579 3583
f 2447 3582 3040
f 3586 3597 2028
f 3604 3608 3617
f 3618 3622 3626
f 3639 3644 3649
f 3656 3661 3666
f 3671 3676 3685
f 3675 3690 3684
f 3683 3689 3696
f 3679 3694 3700
f 3703 3695 3711
f 3712 3716 3704
f 3705 3717 3720
f 3708 3721 3725
f 3730 3735 3743
f 3745 3736 3750
f 3742 3749 3688
f 3686 3748 3753
f 3687 3754 3672
f 3759 3762 3772
f 3773 3763 3778
f 3770 3776 3746
f 3747 3777 3782
f 3744 3781 3731
f 3787 3792 3774
f 3775 3793 3798
f 3771 3797 3758
f 3807 3814 3791
f 3789 3812 3819
f 3788 3818 3794
f 3824 3828 3811
f 3810 3827 3833
f 3809 3832 3838
f 3837 3842 3804
f 3805 3843 3846
f 3806 3847 3813
f 3853 3856 3865
f 3872 3880 3889
f 3871 3888 3868
f 3894 3899 3883
f 3898 3902 3878
f 3879 3903 3909
f 3877 3908 3886
f 3885 3906 3910
f 3887 3914 3867
f 3863 3913 3918
f 3864 3919 3852
f 3924 3927 3933
f 3934 3929 3936
f 3946 3951 3955
f 3954 3950 3963
f 3952 3962 3940
f 3941 3964 3969
f 3937 3968 3935
f 3945 3953 3973
f 3975 3958 3979
f 3974 3977 3987
f 3983 3991 3998
f 3997 4003 3980
f 3976 4002 4006
f 3978 4007 3988
f 4012 4016 4020
f 4030 4035 4042
f 4040 4034 4051
f 4038 4050 4054
f 4021 4017 4043
f 4044 4018 4060
f 4041 4059 4029
f 4064 4067 4076
f 4077 4068 4080
f 3664 3660 4066
f 4069 3662 4085
f 4070 4086 4081
f 4089 4094 4098
f 4096 4093 4107
f 4097 4108 3663
f 3665 4109 4113
f 3667 4114 3657
f 4119 4127 4132
f 4131 4135 4115
f 4116 4136 4140
f 4117 4141 4095
f 4100 4142 4146
f 4099 4145 4090
f 4152 4163 4167
f 4168 4171 4153
f 4154 4172 4175
f 4155 4177 4181
f 4179 4176 4189
f 4193 4147 4199
f 4200 4148 4204
f 4194 4212 4150
f 4149 4211 4215
f 4151 4216 4162
f 4220 4226 4233
f 4232 4223 4237
f 3643 4240 3646
f 3647 4241 4244
f 3651 4246 4225
f 4224 4245 4251
f 4222 4250 4236
f 3638 3648 4257
f 4256 3645 4263
f 4255 4260 4268
f 4270 4277 4280
f 4281 4279 4293
f 4282 4294 4298
f 4299 4303 4284
f 4283 4302 4307
f 4286 4309 4259
f 4258 4308 4312
f 4261 4313 4269
f 4314 4320 4326
f 4335 4338 4349
f 4350 4339 4332
f 4348 4330 4353
f 4354 4331 4321
f 4357 4365 4370
f 4371 4375 4359
f 4362 4376 4379
f 4363 4380 4383
f 4366 4358 4389
f 4390 4360 4400
f 4388 4395 4401
f 4406 4410 4420
f 4418 4409 4422
f 4421 4423 4394
f 4397 4424 4429
f 4396 4428 4402
f 4433 4436 4447
f 4448 4437 4450
f 4449 4451 4416
f 4417 4452 4455
f 4419 4456 4405
f 4469 4472 4445
f 4442 4470 4476
f 4446 4477 4432
f 4481 4486 4501
f 4497 4485 4503
f 4496 4502 4507
f 4506 4512 4493
f 4492 4511 4516
f 4490 4515 4460
f 4464 4517 4521
f 4465 4522 4525
f 4526 4530 4466
f 4467 4531 4535
f 4468 4536 4471
f 4543 4546 4498
f 4499 4548 4551
f 4500 4552 4480
f 4556 4561 4570
f 4572 4562 4576
f 4569 4574 4542
f 4544 4575 4580
f 4545 4581 4547
f 4585 4589 4601
f 4600 4588 4604
f 4597 4602 4568
f 4573 4603 4608
f 4571 4607 4557
f 3724 4611 3707
f 3710 4612 4617
f 3709 4616 4598
f 4596 4615 4620
f 4599 4621 4584
f 4627 4636 4642
f 4640 4633 4647
f 4651 4657 4637
f 4634 4656 4662
f 4632 4661 4646
f 4665 4671 4676
f 4674 4670 4684
f 4666 4677 4689
f 4690 4678 4696
f 4688 4695 4702
f 4710 4717 4697
f 4694 4715 4722
f 4693 4721 4701
f 4725 4731 4709
f 4726 4711 4736
f 4734 4708 4739
f 4735 4742 4748
f 4730 4752 4707
f 4706 4751 4756
f 4705 4755 4716
f 3623 4759 3628
f 3629 4760 4764
f 3631 4765 4743
f 4741 4763 4769
f 4740 4768 4747
f 4775 4786 4788
f 4787 4779 4791
f 4797 2181 4805
f 4796 4804 4782
f 4781 4803 4810
f 4780 4809 4792
f 4815 4822 4828
f 4827 4821 4834
f 4843 4847 4838
f 4836 4846 4851
f 4837 4852 4829
f 4842 4830 4855
f 4856 4835 4862
f 4857 4864 4868
f 4872 4877 4884
f 4879 4876 4891
f 4878 4890 4858
f 4863 4892 4896
f 4865 4897 4869
f 3607 4901 3616
f 3609 4900 4905
f 3614 4906 4883
f 4885 4907 4910
f 4886 4911 4873
f 3603 3615 4916
f 4914 3613 4922
f 4915 4924 1953
f 2247 4930 4932
f 4940 2273 4937
f 4936 2272 2177
f 4933 2174 2248
f 4949 2160 4957
f 4958 2161 2296
f 4953 2292 4943
f 4944 2293 2285
f 4939 2281 2271
f 4961 2379 4951
f 4952 2381 2312
f 4948 2308 2159
f 4816 2340 4824
f 4823 2339 2335
f 4820 2332 4965
f 4964 2331 2362
f 4962 2357 2380
f 4972 1912 4921
f 4920 1911 1942
f 4923 1943 1952
f 2029 1989 3587
f 3592 1993 1964
f 3591 1963 4974
f 4975 1965 1955
f 4978 1960 4969
f 4968 1959 1922
f 4967 1921 1906
f 4983 2046 4987
f 4986 2044 2070
f 4989 2073 3594
f 3593 2072 2014
f 3595 2015 2025
f 4995 2089 4980
f 4979 2088 2048
f 4982 2052 2045
f 4641 2101 4626
f 4625 2100 2110
f 4628 2112 4992
f 4993 2113 2120
f 4996 2126 2090
f 2246 2228 4929
f 4926 2224 2214
f 4925 2213 5002
f 5003 2215 2200
f 4999 2195 4798
f 4799 2196 2186
f 4795 2185 2180
f 4685 5005 4675
f 4680 5006 4653
f 4679 4652 5010
f 5009 4650 4635
f 5011 4639 5016
f 5015 4638 4629
f 5017 4630 5021
f 5022 4631 4994
f 5023 4998 5028
f 5027 4997 4981
f 5030 4984 3858
f 3859 4985 4988
f 3866 4991 3870
f 3869 4990 3596
f 3876 3599 5035
f 5034 3598 3588
f 5038 3590 5043
f 5042 3589 4973
f 5044 4976 5048
f 5049 4977 4966
f 5050 4970 4045
f 4046 4971 4917
f 4047 4919 4025
f 4024 4918 3610
f 4026 3611 5054
f 5055 3612 4880
f 5056 4881 5061
f 5062 4882 4861
f 5060 4860 4185
f 4184 4859 4833
f 4183 4831 4157
f 4158 4832 4819
f 4156 4817 4206
f 4207 4818 4963
f 4205 4959 5067
f 5068 4960 4950
f 5066 4947 5074
f 5073 4946 4956
f 5071 4954 4343
f 4344 4955 4945
f 4337 4941 4328
f 4329 4942 4938
f 4323 4935 5079
f 5078 4934 4931
f 5075 4927 5082
f 5083 4928 5004
f 5081 5001 5089
f 5088 5000 4802
f 5087 4800 5094
f 5095 4801 4785
f 5093 4783 3630
f 3632 4784 4774
f 3627 4773 3619
f 4345 4275 4333
f 4334 4278 4271
f 4336 4272 4340
f 4341 4273 4285
f 4342 4287 5069
f 5070 4288 4262
f 5072 4265 5064
f 5063 4264 3650
f 5065 3652 4201
f 4202 3653 4227
f 4203 4229 4198
f 4197 4228 4221
f 4190 4126 4180
f 4178 4125 4118
f 4182 4120 5057
f 5058 4121 4101
f 5059 4103 5053
f 5052 4102 3670
f 5051 3668 4022
f 4023 3669 4073
f 4019 4071 4011
f 4013 4072 4065
f 4055 5103 4039
f 4036 5102 3993
f 4037 3994 5047
f 5046 3992 3984
f 5045 3982 5041
f 5040 3981 3959
f 5039 3957 5037
f 5036 3956 3942
f 5033 3938 3874
f 3875 3939 3930
f 3873 3928 3884
f 3881 3926 3923
f 3882 3925 3893
f 3855 3822 3861
f 3862 3823 3808
f 3860 3802 5031
f 5032 3803 3790
f 5029 3785 5025
f 5026 3786 3769
f 5024 3768 5020
f 5019 3767 3741
f 5018 3740 5014
f 5013 3739 3682
f 5012 3680 4682
f 4683 3681 3706
f 4681 3702 4700
f 4699 3701 4595
f 4698 4593 4713
f 4714 4594 4567
f 4712 4565 4744
f 4745 4566 4539
f 4746 4540 3633
f 3634 4541 4491
f 3635 4494 5096
f 5097 4495 4461
f 5098 4462 5090
f 5091 4463 4441
f 5092 4444 5085
f 5084 4443 4413
f 5086 4415 5077
f 5076 4414 4393
f 5080 4399 4325
f 4324 4398 4356
f 4327 4361 4315
f 4316 4364 4384
f 2423 5105 2429
f 2428 5104 5111
f 2430 5114 3002
f 3001 5112 2991
f 2992 5113 2975
f 2974 5110 5118
f 2976 5121 2968
f 2967 5120 3309
f 3308 5119 5127
f 3310 5129 2952
f 5134 2926 2933
f 5133 2932 5126
f 5125 2931 2947
f 5128 2948 2951
f 2927 5135 2922
f 2923 5136 5140
f 2924 5143 2907
f 2906 5142 5145
f 2908 5147 2913
f 2912 5146 5151
f 2914 5154 2918
f 2917 5153 5157
f 2919 5161 2452
f 2451 5160 5164
f 2897 2902 5172
f 5173 2903 2458
f 5169 2456 5165
f 5166 2457 2453
f 2896 5170 2884
f 2886 5171 5181
f 2885 5180 2869
f 5185 2823 5195
f 5194 2822 2493
f 2492 2488 5191
f 5192 2489 2855
f 5193 2856 5179
f 5177 2854 2837
f 5178 2838 2868
f 5199 5206 2729
f 2773 5217 5223
f 3355 5229 3359
f 3360 5230 5202
f 3358 5201 2735
f 2734 5200 2730
f 2771 2759 5214
f 5216 2760 2538
f 5215 2537 5240
f 5241 2539 2515
f 5239 2514 2511
f 3354 3374 5228
f 5231 3375 3386
f 5227 3384 5220
f 5222 3385 2785
f 5221 2784 2772
f 5242 5253 2572
f 2747 5256 2751
f 2752 5257 5264
f 2750 5261 2550
f 2551 5262 2557
f 2558 5263 5272
f 2556 5268 2656
f 2573 2597 5244
f 5245 2598 2646
f 5243 2644 5276
f 2645 2640 5278
f 5279 2641 2685
f 5277 2684 5271
f 5270 2683 2669
f 5269 2668 2657
f 2571 5250 2576
f 2577 5251 5287
f 2575 5283 2581
f 2583 5284 5289
f 2582 5288 2628
f 2629 5290 5298
f 2627 5294 2618
f 2619 5295 5304
f 2617 5300 2623
f 2624 5301 5308
f 2622 5307 3242
f 3241 5306 5314
f 3243 5315 3247
f 3246 5313 3252
f 3253 5316 3238
f 3236 5312 5320
f 3237 5322 3225
f 3226 5323 3210
f 3208 5321 5330
f 3209 5333 3203
f 5340 3174 5344
f 5345 3175 3180
f 5346 3181 5332
f 5331 3179 3537
f 5329 3536 3202
f 3173 5336 3168
f 3169 5337 5351
f 3166 5347 3149
f 3151 5348 5353
f 3150 5352 3157
f 3158 5354 5361
f 3156 5358 3160
f 3162 5359 5364
f 3161 5363 3183
f 3184 5365 5373
f 3182 5369 2393
f 2394 5370 5378
f 5388 3031 3026
f 3068 5393 3047
f 3048 5394 5389
f 3046 5387 3054
f 3055 5390 3027
f 5403 2419 5376
f 5375 2418 2397
f 5377 2398 2392
f 3069 3092 5395
f 5392 3091 3078
f 5396 3080 5409
f 5408 3079 3118
f 5407 3117 5400
f 5401 3119 3136
f 5402 3137 2417
f 3012 3030 5386
f 5106 2424 5413
f 5414 2425 3034
f 3011 5382 3017
f 3018 5383 5422
f 3016 5419 3020
f 3022 5420 5425
f 3021 5424 3036
f 3037 5426 5433
f 3035 5430 5415
f 5236 2510 5439
f 5437 2509 2836
f 5436 2835 5445
f 5441 2832 2816
f 5444 2821 5451
f 5449 2817 2814
f 5447 2813 5453
f 5452 2812 2806
f 5454 2808 5461
f 5459 2807 2829
f 5458 2828 5188
f 5186 2827 2824
f 2709 2731 5207
f 5255 2746 5466
f 5465 2745 2741
f 2710 5211 2698
f 2697 5209 5469
f 2699 5473 2704
f 2703 5471 5474
f 2705 5479 2739
f 2738 5475 5480
f 2740 5482 5463
f 5485 5492 5497
f 5502 5507 5515
f 5519 5525 5530
f 5535 5543 5548
f 5553 5557 5561
f 5570 5578 5581
f 5498 5493 5579
f 5586 5593 5600
f 5602 5594 5606
f 5601 5605 5615
f 5613 5604 5616
f 5614 5617 5625
f 5626 5618 5628
f 5627 5629 5575
f 5576 5630 5634
f 5577 5635 5580
f 5571 5583 5642
f 5641 5582 5494
f 5643 5495 5648
f 5649 5496 5488
f 5647 5486 5652
f 5654 5487 5656
f 5653 5655 5663
f 5664 5657 5666
f 5665 5667 5674
f 5668 5679 5677
f 5675 5678 5683
f 5676 5684 5691
f 5692 5685 5694
f 5693 5695 5558
f 5559 5696 5700
f 5560 5701 5564
f 5707 5715 5717
f 5554 5562 5726
f 5728 5563 5730
f 5727 5729 5713
f 5714 5731 5735
f 5716 5736 5718
f 5743 5750 5758
f 5719 5759 5708
f 5709 5760 5766
f 5710 5767 5772
f 5773 5768 5778
f 5774 5780 5783
f 5781 5779 5791
f 5782 5792 5794
f 5793 5790 5801
f 5795 5803 5749
f 5747 5802 5807
f 5748 5808 5756
f 5814 5818 5824
f 5813 5823 5833
f 5757 5838 5742
f 5741 5837 5843
f 5740 5842 5846
f 5844 5841 5830
f 5845 5831 5849
f 5850 5832 5822
f 5812 5856 5815
f 5817 5857 5861
f 5816 5860 5863
f 5864 5862 5872
f 5865 5873 5876
f 5875 5871 5883
f 5874 5882 5885
f 5887 5884 5893
f 5886 5892 5895
f 5896 5894 5904
f 5897 5905 5907
f 5915 5920 5929
f 5927 5919 5930
f 5928 5931 5939
f 5940 5932 5944
f 5908 5906 5950
f 5949 5903 5957
f 5951 5958 5960
f 5961 5959 5969
f 5962 5970 5942
f 5943 5971 5975
f 5945 5976 5941
f 5926 5980 5913
f 5914 5981 5986
f 5912 5985 5989
f 5988 5984 5995
f 5987 5994 5998
f 5999 5997 6004
f 6002 5996 6012
f 6003 6013 6017
f 6021 6025 6036
f 6041 6050 6052
f 6054 6051 6063
f 6053 6062 6066
f 6065 6061 6075
f 6064 6074 6028
f 6027 6073 6080
f 6026 6079 6037
f 5547 5542 6081
f 6089 6096 6038
f 6040 6097 6102
f 6039 6101 6049
f 6042 6082 6090
f 6091 6083 5545
f 6092 5546 6107
f 6105 5544 5536
f 6106 5538 6112
f 6110 5537 6113
f 6111 6115 6123
f 6122 6114 6126
f 6121 6125 6134
f 6132 6124 6014
f 6133 6015 6138
f 6139 6016 6011
f 5531 5526 6140
f 6020 6035 5521
f 5520 6034 6149
f 5524 6151 5529
f 5528 6150 6156
f 5527 6155 6143
f 6141 6154 6160
f 6142 6161 6164
f 6163 6159 6173
f 6162 6172 6176
f 6175 6171 6184
f 6174 6183 6187
f 6182 6194 6185
f 6186 6195 6199
f 6188 6200 6203
f 6204 6201 6211
f 6202 6209 6212
f 6210 6221 6213
f 6214 6222 6226
f 6215 6228 6231
f 6230 6227 6235
f 6236 6229 6244
f 6234 6243 6248
f 6242 6256 6246
f 6245 6255 6261
f 6247 6262 6266
f 6265 6260 6272
f 6264 6271 6280
f 6279 6270 6283
f 6276 6281 6291
f 6292 6282 6295
f 6290 6293 6302
f 6303 6294 6305
f 6301 6304 6312
f 6314 6306 6317
f 6313 6315 6323
f 6324 6316 6326
f 6325 6327 6335
f 6336 6328 6339
f 6334 6338 6347
f 6345 6337 6349
f 6346 6350 6357
f 6355 6348 6358
f 6356 6359 6367
f 6360 6372 6369
f 6368 6371 6377
f 6370 6378 6385
f 6384 6376 6387
f 6383 6386 6395
f 6396 6388 6399
f 6397 6400 6407
f 6405 6398 6409
f 6406 6410 5518
f 5516 6408 6415
f 5514 6414 5501
f 6421 6430 6432
f 6431 6429 6438
f 6437 6428 6447
f 6436 6446 6450
f 6449 6445 6458
f 6448 6457 6461
f 6462 6459 6466
f 6467 6460 6475
f 6468 6476 5505
f 5506 6477 6480
f 5508 6481 5517
f 6433 6482 6422
f 6423 6483 6487
f 6424 6488 6496
f 6497 6489 6500
f 6502 6490 6504
f 6501 6503 6511
f 6513 6505 6515
f 6512 6514 6523
f 6516 6527 6525
f 6522 6526 6531
f 6524 6533 6541
f 6540 6532 6544
f 6539 6543 6552
f 6550 6542 6554
f 6551 6555 6564
f 5603 6567 5587
f 5588 6568 6561
f 5589 6562 6569
f 6570 6563 6553
f 6573 6577 6584
f 6590 6597 6586
f 6583 6596 6602
f 6585 6603 6574
f 6598 6591 6607
f 6608 6592 6611
f 6609 6613 6616
f 6618 6614 6624
f 6617 6623 6629
f 6630 6625 6633
f 6631 6636 6639
f 6638 6635 6644
f 6640 6646 6651
f 6650 6645 6655
f 6652 6658 6661
f 6660 6657 6666
f 6662 6667 6672
f 6671 6665 6676
f 6673 6680 6683
f 6682 6679 6688
f 6684 6690 6695
f 6694 6689 6704
f 6709 6715 6705
f 6702 6714 6718
f 6703 6719 6693
f 6696 6720 6725
f 6697 6726 6730
f 6733 6737 6744
f 6734 6745 6751
f 6749 6743 6758
f 6750 6759 6763
f 6767 6770 6778
f 6755 6784 6762
f 6761 6783 6776
f 6777 6785 6792
f 6775 6791 6766
f 6796 6807 6810
f 6771 6768 6814
f 6814 6768 6819
f 6813 6818 6825
f 6827 6820 6832
f 6826 6830 6836
f 6838 6831 6799
f 6837 6798 6842
f 6841 6797 6811
f 6848 6852 6861
f 6858 6864 6868
f 6806 6876 6847
f 6846 6860 6805
f 6803 6859 6869
f 6804 6870 6809
f 6885 6892 6896
f 6897 6893 6901
f 6895 6907 6883
f 6882 6906 6910
f 6884 6912 6918
f 6917 6911 6923
f 6916 6922 6928
f 6927 6921 6931
f 6932 6923 6865
f 6933 6866 6862
f 6939 6900 6891
f 6890 6943 6937
f 6938 6944 6950
f 6936 6949 6960
f 6958 6948 6965
f 6959 6966 6970
f 6980 6987 6998
f 6979 7001 7004
f 7004 7008 6979
f 6981 7009 7016
f 6976 7014 7021
f 7022 7015 7027
f 7000 6978 7034
f 7033 6977 6997
f 7035 6999 7040
f 7047 7056 7062
f 7061 7066 7044
f 7046 7067 7072
f 7050 7073 7077
f 7082 7088 7095
f 7083 7096 7049
f 7043 7094 7099
f 7045 7100 7055
f 7104 7111 7116
f 7115 7110 7123
f 7114 7121 7080
f 7081 7122 7126
f 7084 7127 7089
f 7076 7130 7042
f 7051 7131 7138
f 7048 7137 6990
f 6994 7139 7143
f 6991 7142 7146
f 7147 7153 6993
f 6992 7152 7157
f 6989 7156 7039
f 7162 7167 7172
f 7173 7179 7185
f 7107 7193 7161
f 7163 7174 7109
f 7106 7171 7183
f 7108 7184 7112
f 7199 7203 7210
f 7217 7222 7226
f 7227 7223 7241
f 7231 7242 7247
f 7182 7176 7211
f 7208 7175 7230
f 7209 7232 7198
f 7197 7228 7246
f 7250 7219 7255
f 7253 7218 7229
f 7254 7233 7261
f 7263 7234 7267
f 7262 7266 7274
f 7276 7284 7286
f 7277 7287 7293
f 7294 7288 7298
f 7292 7297 7303
f 7300 7309 7312
f 7324 7330 7337
f 7335 7329 7344
f 7336 7345 7314
f 7316 7346 7351
f 7350 7354 7313
f 7317 7355 7361
f 7315 7360 7301
f 7302 7362 7305
f 7323 7334 7367
f 7365 7331 7370
f 7378 7382 7384
f 7389 7383 7394
f 7388 7392 7369
f 7371 7393 7398
f 7372 7399 7366
f 7025 7028 7400
f 7403 7032 7408
f 7404 7409 7411
f 7416 7410 7420
f 7412 7419 7422
f 7424 7421 7430
f 7425 7431 7433
f 7437 7432 7441
f 7434 7440 7374
f 7377 7442 7448
f 7376 7447 7381
f 7449 7454 7460
f 7468 7474 7482
f 7490 7495 7500
f 7499 7494 7506
f 7509 7513 7517
f 7534 7538 7542
f 7548 7553 7561
f 7568 7575 7579
f 7586 7590 7593
f 7607 7614 7620
f 7624 7630 7635
f 7644 7649 7657
f 7664 7669 7674
f 7680 7684 7690
f 7592 7698 7595
f 7602 7699 7707
f 7597 7706 7712
f 7591 7718 7696
f 7695 7717 7721
f 7697 7723 7726
f 7722 7735 7725
f 7724 7734 7738
f 7727 7740 7742
f 7743 7741 7748
f 7739 7755 7747
f 7746 7754 7758
f 7749 7761 7763
f 7762 7760 7769
f 7759 7775 7768
f 7767 7774 7780
f 7766 7779 7783
f 7781 7778 7790
f 7782 7791 7794
f 7792 7789 7799
f 7793 7800 7802
f 7803 7801 7810
f 7804 7811 7814
f 7812 7809 7820
f 7813 7821 7691
f 7688 7819 7824
f 7689 7825 7679
f 7678 7828 7681
f 7682 7829 7833
f 7683 7834 7836
f 7837 7835 7846
f 7838 7847 7849
f 7852 7848 7859
f 7850 7857 7864
f 7869 7876 7860
f 7856 7875 7890
f 7858 7891 7865
f 7862 7887 7897
f 7902 7906 7911
f 7912 7907 7915
f 7914 7917 7924
f 7926 7918 7931
f 7927 7933 7884
f 7883 7930 7935
f 7886 7937 7896
f 7665 7663 7948
f 7950 7672 7957
f 7960 7673 7668
f 7959 7667 7966
f 7964 7666 7949
f 7962 7944 7971
f 7970 7943 7976
f 7980 7985 7995
f 7629 8002 7634
f 7633 8001 8007
f 7632 8006 8010
f 7996 7987 8019
f 8018 7986 8023
f 8017 8021 8027
f 8028 8022 8034
f 8029 8035 8040
f 8041 7638 8031
f 8026 7631 8009
f 8032 8014 8047
f 8045 8013 8055
f 8048 8056 8060
f 8068 7647 8074
f 8072 7645 7658
f 8071 7652 8081
f 8082 7655 8064
f 8080 8062 8087
f 8084 8057 8054
f 8091 8067 8098
f 8099 8069 8075
f 8096 8073 8103
f 8101 8070 8079
f 7625 7637 8108
f 8107 7636 8110
f 8109 8112 8120
f 7606 8125 7613
f 7612 8123 8131
f 7609 8129 8141
f 8145 8130 8150
f 8142 8149 8121
f 8155 8162 7621
f 7618 8161 8168
f 7619 8169 7605
f 8172 8182 8157
f 8158 8184 8189
f 8159 8190 8164
f 8195 8201 8206
f 8205 8199 8213
f 8204 8210 7600
f 7601 8211 8216
f 7598 8215 7587
f 7577 7569 8219
f 8225 7571 8233
f 8220 8231 8239
f 8245 8250 7581
f 8257 8262 8268
f 8270 8263 8275
f 8269 8274 8280
f 8285 8292 8297
f 8296 8290 8301
f 8299 8304 8309
f 8313 8318 8300
f 8298 8316 8323
f 8295 8319 8283
f 8286 8324 8329
f 8284 8327 8333
f 8332 8326 8343
f 8331 8342 8347
f 8349 8312 8354
f 8355 8314 8306
f 8356 8308 8361
f 8360 8305 8365
f 8372 8379 8267
f 8266 8378 8368
f 8264 8366 8276
f 8277 8367 8307
f 8273 8303 8279
f 8278 8302 8291
f 8384 8390 8396
f 8393 8387 8374
f 8391 8369 8243
f 8249 8371 8265
f 8246 8260 8251
f 8252 8261 8256
f 8382 8395 8399
f 8401 8398 8406
f 8403 8416 8421
f 8427 8436 8440
f 8442 7522 8449
f 8448 7521 8454
f 8424 8439 8458
f 8459 8441 8466
f 8460 8467 8469
f 8471 8468 8479
f 8470 8477 8443
f 8453 7520 8482
f 8481 7519 7516
f 8480 7515 8488
f 8486 7514 8497
f 8485 8495 8500
f 8506 8510 8518
f 8514 8509 8520
f 8517 8522 8532
f 8527 8519 7544
f 8531 7546 8537
f 7565 8541 8547
f 8546 8552 7564
f 7563 8551 8555
f 7562 8554 7549
f 7539 8564 7543
f 7541 8561 7879
f 7540 7878 8535
f 8534 7877 7870
f 7535 7547 8570
f 8569 7545 8521
f 8571 8524 8575
f 8507 8499 8512
f 8513 8504 8498
f 8511 8494 8525
f 8526 8496 8579
f 8523 8578 8574
f 7527 8584 8590
f 8589 8595 7526
f 7525 8594 8600
f 7523 8599 7510
f 8444 8478 7524
f 7518 8476 8604
f 7531 8605 8610
f 8609 8614 7530
f 7529 8613 8618
f 7528 8617 8585
f 8622 8627 8409
f 8410 8632 8637
f 8638 8643 8414
f 8413 8642 8648
f 8412 8647 8623
f 8628 7489 8415
f 8408 7488 7497
f 8407 7496 8418
f 8420 7498 7505
f 8419 7504 8651
f 8650 7503 8659
f 8649 8658 8428
f 8425 8657 8662
f 8426 8663 8435
f 8667 8672 8227
f 8226 8671 8676
f 8666 8223 8683
f 8684 8224 8242
f 8682 8240 8688
f 8695 8701 8238
f 8236 8700 8706
f 8241 8707 8689
f 8710 8716 8718
f 8717 8715 8728
f 8732 8737 8743
f 8741 8734 7475
f 8742 7477 8726
f 8727 7478 7469
f 8729 7470 8719
f 8744 8170 8750
f 8751 8171 8156
f 8749 8154 8755
f 8754 8153 8759
f 8758 8151 8764
f 8765 8152 7617
f 8763 7616 8771
f 8770 7615 7611
f 8769 7608 8775
f 8776 7610 8144
f 8774 8133 8781
f 8119 8111 8140
f 8143 8113 8785
f 8139 8784 8790
f 8789 8795 8138
f 8137 8794 8800
f 8136 8799 8805
f 8804 8810 8135
f 8134 8809 8815
f 8132 8814 8780
f 7994 8818 7978
f 7981 8820 7974
f 7979 7972 8822
f 8824 7973 7940
f 8823 7939 8829
f 8828 7938 7464
f 8827 7458 8833
f 8834 7459 7453
f 7465 8837 8842
f 8841 8848 7463
f 7462 8847 8853
f 7461 8852 7450
f 8838 7466 8857
f 8858 7467 7941
f 8859 7945 8865
f 7662 7901 7946
f 7947 7903 7913
f 7942 7909 8862
f 8864 7910 7922
f 8863 7920 8869
f 8874 8878 7889
f 7882 8877 8884
f 7881 8883 7925
f 7923 8882 8889
f 7921 8888 8870
f 8873 7888 8895
f 8894 7885 7874
f 8893 7873 7558
f 7567 7880 8563
f 7566 8562 8542
f 7552 8900 7560
f 7559 8899 8905
f 7557 8904 8892
f 8733 8703 8738
f 8736 8702 8696
f 8735 8690 7476
f 7479 8691 8176
f 7473 8175 7481
f 7480 8174 8745
f 7580 7576 8244
f 8248 7578 8222
f 8247 8221 8392
f 8394 8228 8677
f 8397 8678 8405
f 8404 8675 8910
f 8411 8911 8633
f 8229 8915 8235
f 8234 8914 8194
f 8237 8196 8693
f 8694 8197 8207
f 8692 8203 8178
f 8177 8202 7599
f 8173 7594 8183
f 8185 7596 7710
f 8917 6722 6716
f 6576 6606 8927
f 6599 6610 6620
f 8926 6605 8939
f 6632 6641 6619
f 6621 6643 8936
f 6622 8937 6600
f 6601 8938 6604
f 6642 6654 8934
f 8932 6653 6663
f 8933 6664 6675
f 6674 6685 8931
f 8935 6686 6700
f 8940 6701 8944
f 8943 6698 8946
f 8945 8949 8956
f 8955 8948 8961
f 8966 6963 6973
f 8976 6899 6902
f 6867 6924 6871
f 6872 6925 6913
f 6874 6914 8971
f 8972 6915 6908
f 8973 6909 6898
f 6812 6875 6844
f 6843 6873 8970
f 6845 8974 6839
f 6840 8975 6828
f 8965 8982 6961
f 6962 8983 8986
f 6964 8988 6941
f 6940 8987 8991
f 6942 8992 6904
f 6905 8993 8998
f 6903 8997 8981
f 8979 8996 9002
f 8978 9001 9007
f 6829 8977 6816
f 6817 8980 9008
f 6815 9006 6772
f 6773 9009 9013
f 6774 9014 6782
f 9012 9017 6779
f 6780 9018 9022
f 6781 9023 6764
f 6765 9024 6753
f 6752 9021 9027
f 6754 9028 6735
f 6699 6731 8947
f 8950 6732 6727
f 8951 6729 8963
f 8962 6728 6723
f 8960 6721 6972
f 6975 6724 8919
f 6974 8918 8967
f 7005 7003 9035
f 9034 7002 7037
f 7124 7113 7186
f 7273 9045 9049
f 7359 7296 7304
f 7018 9058 7029
f 7030 9059 9063
f 7031 9064 7406
f 7407 9066 7418
f 7445 7439 9068
f 9067 7438 7429
f 9065 7428 7417
f 7325 7322 9072
f 7321 7364 9071
f 9070 7363 7397
f 9069 7396 7446
f 7443 7395 7390
f 7444 7391 7380
f 9077 7340 9084
f 9083 7339 7328
f 9082 7326 9089
f 9090 7327 9073
f 9078 9094 7342
f 7341 9093 9098
f 7343 9099 7349
f 7348 9097 9105
f 7347 9104 7353
f 7352 9103 7356
f 7357 9106 7278
f 7358 7279 7295
f 9044 9110 9048
f 9050 9111 9115
f 9051 9116 7011
f 7010 9114 9121
f 7012 9122 7019
f 7017 9120 9125
f 7020 9126 9060
f 7141 7136 7260
f 7256 7132 7251
f 7079 7215 7135
f 7134 7213 7249
f 7133 7248 7252
f 7078 7074 7214
f 7216 7075 7071
f 7212 7069 7220
f 7221 7070 7240
f 7239 7068 7064
f 7238 7063 7243
f 7245 7065 7059
f 7244 7057 7195
f 7196 7058 7201
f 7202 7060 7102
f 7200 7101 7204
f 7103 7097 7206
f 7207 7098 7092
f 7205 7090 7180
f 7181 7091 7187
f 7189 7093 7129
f 7188 7128 7125
f 7038 7041 7159
f 7036 7158 9033
f 9038 7160 7154
f 9039 7155 7151
f 7013 7007 9052
f 9047 7006 9037
f 9046 9036 7272
f 7270 9032 7148
f 7271 7149 7257
f 7258 7150 7144
f 7259 7145 7140
f 9128 9135 9147
f 8680 9153 9157
f 9163 3361 3345
f 8629 8909 9174
f 8636 8631 9181
f 9180 8630 9175
f 9178 9170 9188
f 3362 9164 3367
f 3366 9161 9191
f 3365 9189 3376
f 8908 8674 9173
f 9172 8673 8670
f 9171 8669 9160
f 9159 8668 8665
f 9158 8664 8681
f 3344 9185 9162
f 9166 9187 9169
f 9165 9168 9196
f 9195 9167 9156
f 9194 9154 9201
f 9202 9155 9150
f 9200 9148 9208
f 2763 2775 9206
f 9205 2774 2787
f 9204 2786 9197
f 9199 2788 3393
f 9198 3392 9190
f 9193 3394 3388
f 9192 3387 3377
f 8687 8705 9133
f 9130 8704 8697
f 9131 8698 9138
f 9140 8699 8731
f 9139 8730 8740
f 8679 8685 9151
f 9152 8686 9132
f 9149 9129 9209
f 9207 9127 9146
f 9203 9143 2762
f 2761 9142 2793
f 2796 2792 9211
f 9210 2791 9141
f 9214 9144 9217
f 9218 9145 9134
f 9220 9136 8723
f 8724 9137 8739
f 3329 3325 9224
f 9222 8725 8713
f 9216 9219 9231
f 2540 2754 9239
f 9238 2753 2803
f 9221 8712 9232
f 9236 8714 8709
f 9235 8708 9246
f 9245 9225 9233
f 9234 9226 9242
f 9230 9240 9215
f 9213 9237 2802
f 9212 2801 2797
f 9223 3324 9241
f 9243 3326 2544
f 9244 2545 2541
f 3337 3334 9252
f 9251 3333 9229
f 9250 9228 9262
f 9261 9227 9249
f 9257 9248 8721
f 8720 9247 8711
f 9268 9272 9276
f 9184 3343 3340
f 3339 3443 9182
f 9183 3444 9286
f 9186 9289 9176
f 3442 3439 9285
f 9284 3438 3435
f 9283 3434 9294
f 3433 3430 9293
f 9292 3429 3425
f 9291 3424 9299
f 9298 3423 3418
f 3420 9266 9300
f 9301 9269 9277
f 9302 9278 9295
f 9296 9279 9303
f 9297 9305 9288
f 9287 9304 9309
f 9290 9310 9177
f 9179 9312 8634
f 8635 9313 8641
f 8639 9311 9307
f 8640 9308 8646
f 8645 9306 9282
f 8644 9281 8621
f 8620 9280 9275
f 8619 9274 8626
f 9253 9263 9319
f 2505 3338 9255
f 8782 8816 9321
f 9333 3256 2487
f 9326 9329 9336
f 9345 8772 8779
f 2895 9354 9343
f 9332 2486 9342
f 9340 2485 2481
f 9341 2482 2893
f 2894 2882 9353
f 9355 2883 2876
f 9356 2878 9361
f 9360 2877 2866
f 9365 2867 2862
f 8773 9346 8766
f 8767 9347 9366
f 8768 9367 8760
f 8762 9368 9373
f 8761 9372 8756
f 2861 2852 9363
f 9364 2853 2849
f 9362 2847 9382
f 9383 2848 2504
f 2506 9256 9384
f 9381 9254 9320
f 9380 9317 9358
f 9359 9318 9379
f 9357 9377 9351
f 9352 9378 9371
f 9350 9370 9339
f 9338 9369 9349
f 9337 9348 9327
f 9323 9344 8778
f 9322 8777 8783
f 8722 7472 9259
f 9258 7471 7483
f 9260 7484 9315
f 9316 7485 8748
f 9314 8746 9374
f 9375 8747 8752
f 9376 8753 8757
f 9271 9267 9390
f 8656 9397 9405
f 2630 3501 9407
f 8607 8603 9419
f 9417 8601 9425
f 9414 9423 9412
f 8602 8475 9427
f 9426 8474 8465
f 9424 8464 9434
f 9435 2687 9443
f 9442 2686 2675
f 9445 2676 2672
f 3397 2648 9450
f 9449 2647 2659
f 9448 2658 9436
f 9437 2660 2692
f 9438 2693 2688
f 8463 8437 9431
f 9432 8438 8432
f 9433 8433 9403
f 9404 8434 8661
f 9402 8660 8654
f 8655 7501 9395
f 9396 7502 7491
f 9398 7492 9458
f 9461 7493 7487
f 9460 7486 8625
f 8624 9273 9459
f 9456 9270 9389
f 9457 9391 9394
f 9393 9388 9467
f 9392 9466 9401
f 9399 9465 9454
f 9400 9455 9430
f 9428 9453 9439
f 9429 9440 9420
f 9422 9441 9447
f 9421 9446 9411
f 9410 9444 2671
f 9408 2670 2631
f 3398 9451 3401
f 3402 9452 9463
f 3403 9464 3409
f 3408 9462 9387
f 3407 9386 3415
f 3413 9385 9264
f 3414 9265 3419
f 9331 9328 9472
f 9478 3274 3269
f 9486 9477 9490
f 9480 3271 9493
f 9492 3270 3292
f 9491 3291 9499
f 9497 3290 3285
f 9498 3287 9505
f 9504 3286 3281
f 9503 3280 9511
f 9510 3279 3266
f 9509 3265 3262
f 8793 9482 9514
f 9516 9484 9489
f 9515 9488 9522
f 9521 9487 9496
f 9520 9495 9528
f 9527 9494 9502
f 9526 9500 9473
f 9474 9501 9507
f 9471 9506 9330
f 9335 9508 3261
f 9334 3260 3257
f 8791 9513 8798
f 8797 9512 9519
f 8796 9518 8803
f 8802 9517 9525
f 8801 9524 8808
f 8806 9523 9469
f 8807 9470 8813
f 8811 9468 9324
f 8812 9325 8817
f 9533 9536 9544
f 3453 3447 9530
f 9409 3502 3498
f 9415 9413 9552
f 8606 9418 9558
f 8580 8616 9561
f 9560 8615 8612
f 9559 8611 8608
f 9406 3496 9549
f 9550 3497 3491
f 9551 3492 9564
f 9565 3493 3488
f 9563 3486 9569
f 9570 3487 3480
f 9571 3482 9577
f 9575 3481 3476
f 9576 3477 3451
f 3452 9529 9578
f 9580 9534 9545
f 9579 9542 9573
f 9574 9543 9583
f 9572 9582 9568
f 9567 9581 9589
f 9566 9588 9555
f 9416 9553 9556
f 9557 9554 9587
f 9562 9590 8581
f 8582 9591 9584
f 8583 9585 8586
f 8588 9586 9547
f 8587 9546 8591
f 8593 9548 9540
f 8592 9539 8596
f 3300 3295 9595
f 9601 8043 8036
f 3009 2999 9610
f 9621 9625 9606
f 9613 9627 3561
f 9612 3559 3010
f 3000 2989 9611
f 9615 2990 2985
f 9614 2984 9634
f 8024 7989 9638
f 9637 7988 7984
f 9635 7983 9646
f 9645 7982 8826
f 9644 8825 8832
f 9651 9659 9628
f 9630 9660 9642
f 9629 9641 9609
f 9608 9640 9648
f 9607 9647 9622
f 9619 9643 8831
f 9618 8830 8836
f 2983 2965 9631
f 9632 2966 2960
f 9633 2961 9655
f 9653 2959 3322
f 9654 3323 3319
f 8025 9639 8039
f 8038 9636 9657
f 8037 9656 9602
f 9605 9658 9650
f 9604 9649 9663
f 9665 9652 3318
f 9664 3317 3305
f 3301 9597 3307
f 8788 8114 9668
f 9669 8115 7639
f 3306 9594 9666
f 9661 9593 9673
f 9662 9674 9603
f 9599 9670 7640
f 9600 7641 8042
f 8792 8786 9481
f 9483 8787 9667
f 9485 9671 9475
f 9476 9672 9592
f 9479 9598 3276
f 3275 9596 3296
f 3187 3554 9677
f 3473 3466 9683
f 3448 3471 9531
f 9532 3472 9682
f 9535 9688 9538
f 8598 9541 9695
f 3461 3457 9700
f 9537 9687 9690
f 9689 9686 9706
f 9691 9711 8492
f 8493 7512 9693
f 9692 7511 7507
f 9694 7508 8597
f 8568 8573 9709
f 9707 8572 8576
f 9710 8577 8491
f 9718 9721 9731
f 9730 9720 9733
f 9732 9735 9702
f 3467 3462 9684
f 9681 3460 9696
f 9685 9703 9705
f 9704 9701 9734
f 9708 9737 8567
f 8565 9736 9725
f 8566 9726 7533
f 7532 9723 7537
f 3456 3228 9699
f 9698 3227 3218
f 9697 3217 9728
f 9727 3216 3211
f 9729 3213 9715
f 9714 3212 3195
f 9713 3194 3189
f 9744 8540 8560
f 3188 9678 9712
f 9717 9680 9741
f 9716 9740 9719
f 9724 9743 8559
f 9722 8558 7536
f 8543 8539 9749
f 9748 8538 9742
f 9745 9739 9755
f 9754 9738 9679
f 9751 9675 3548
f 3549 9676 3553
f 3567 9759 9768
f 3045 3585 9775
f 3062 3043 9782
f 9783 3044 9773
f 9780 9770 9788
f 3584 3580 9774
f 9776 3581 3575
f 9777 3576 9765
f 9766 3577 3571
f 9767 3572 3566
f 9757 9794 9764
f 9763 9793 9802
f 9762 9800 9771
f 9772 9801 9807
f 9769 9806 9787
f 7455 7452 9791
f 9790 7451 8856
f 9789 8855 9799
f 9798 8854 8851
f 9797 8850 9805
f 9803 8849 8845
f 9804 8846 9785
f 8835 7457 9617
f 9616 7456 9792
f 9620 9796 9624
f 9623 9795 9758
f 9626 9760 3560
f 3562 9761 3568
f 9746 9756 9810
f 9817 8907 8902
f 9823 9821 9833
f 9818 8903 9830
f 9828 8901 7555
f 9829 7556 9840
f 3514 3507 9845
f 9846 3508 3148
f 9844 3147 3142
f 9843 9853 3513
f 3511 9849 9859
f 3509 9857 3515
f 3516 9858 3520
f 7554 7551 9839
f 9835 7550 8556
f 9836 8557 9866
f 9865 8553 8550
f 9864 8549 9872
f 9871 8548 8545
f 8544 9750 9870
f 9868 9747 9811
f 9869 9814 9863
f 9862 9813 9856
f 9867 9860 9837
f 9838 9861 9850
f 9841 9851 9831
f 9832 9852 9842
f 9834 9847 9824
f 9825 9848 3143
f 3519 9854 3539
f 3540 9855 9812
f 3538 9809 3545
f 3544 9808 9753
f 3543 9752 3550
f 8896 8906 9815
f 3105 3067 9877
f 9876 3066 3060
f 9778 9786 9885
f 9880 9784 8843
f 9881 8844 8839
f 8840 8860 9882
f 9884 8861 8867
f 9883 8866 9889
f 9891 8868 8872
f 3104 9875 3099
f 3100 9879 9901
f 3101 9903 3090
f 9909 9911 9923
f 9924 9912 9927
f 9922 9925 9895
f 9896 9926 9899
f 9894 9898 9888
f 9887 9897 9874
f 9886 9873 9779
f 9781 9878 3061
f 3133 3127 9917
f 9916 3126 3115
f 9915 3114 9929
f 9930 3116 3110
f 9928 3109 9904
f 9902 3108 3077
f 9900 3076 3089
f 8871 8890 9890
f 9893 8891 8886
f 9892 8885 9919
f 9921 8887 8880
f 9920 8879 9905
f 9908 8881 8876
f 8875 8898 9907
f 9906 8897 9816
f 9910 9820 9914
f 9913 9819 9822
f 9918 9827 3135
f 3134 9826 3144
f 9931 9943 7281
f 9095 9933 9102
f 9101 9932 7282
f 9100 7280 7275
f 9947 9952 9937
f 9938 9953 9957
f 9939 9958 9944
f 9961 9967 9976
f 9974 9966 9980
f 9975 9981 9985
f 8350 8357 9991
f 9988 8353 10002
f 9989 10003 10005
f 10004 9997 10008
f 10016 10021 9993
f 9998 10022 10009
f 9085 9061 10025
f 8352 8358 9999
f 10001 8359 8364
f 10000 8362 9977
f 9978 8363 8375
f 9979 8376 9962
f 9963 8377 8370
f 9984 9948 9971
f 9973 9949 9942
f 9972 9940 9994
f 9995 9941 10032
f 9996 10033 10017
f 10026 10034 9087
f 9088 10035 10015
f 9086 10013 9079
f 9081 10014 10031
f 9080 10030 9076
f 9075 10029 9936
f 9074 9934 9091
f 9092 9935 9096
f 8320 8315 10041
f 10023 10019 10053
f 10020 10037 9057
f 9056 10036 10028
f 9053 10027 9062
f 8317 8310 10043
f 10044 8311 8348
f 10046 8351 9992
f 9990 10007 10045
f 10040 10006 10011
f 10039 10010 10054
f 10055 10012 10024
f 8337 10056 10061
f 10062 10068 8338
f 8339 10069 10073
f 8341 10074 8346
f 10077 10057 10085
f 10094 10100 10082
f 10080 10099 10103
f 10081 10104 10076
f 9041 7269 7264
f 7265 10109 9042
f 9040 10108 10096
f 9043 10098 9108
f 9107 10097 10090
f 9109 10091 9112
f 10058 8344 10087
f 10086 8340 8325
f 10088 8328 8321
f 10018 9054 10049
f 10050 9055 9124
f 10047 9123 9117
f 8322 10042 10089
f 10083 10038 10051
f 10084 10052 10095
f 10093 10048 9119
f 10092 9118 9113
f 7306 7299 7289
f 10115 10122 7308
f 10134 10141 10145
f 10144 10148 10130
f 10131 10149 10154
f 10129 10153 10121
f 10118 10152 10158
f 10119 10159 10123
f 8383 8400 10164
f 10138 8389 8380
f 8381 10163 10139
f 10132 10162 10168
f 10133 10169 10140
f 9987 9983 10136
f 10135 9982 9969
f 10137 9970 8388
f 8385 9968 9964
f 8386 9965 8373
f 7307 7291 10114
f 10113 7290 7285
f 10112 7283 9945
f 9946 9960 10117
f 10116 9959 9955
f 10120 9956 10128
f 10126 9954 9950
f 10127 9951 9986
f 10106 10101 7224
f 7225 10102 10110
f 7237 10111 7268
f 10065 10060 10173
f 10172 10059 10078
f 10176 10079 10105
f 8272 8282 10187
f 10186 8281 8294
f 10185 8293 8287
f 8330 8345 10072
f 10075 10070 8334
f 8336 10071 10067
f 8335 10064 8289
f 10200 10206 7573
f 7574 10207 10211
f 7570 10210 8232
f 7572 7582 10198
f 10199 7583 8255
f 10197 8254 10189
f 10183 8253 8258
f 10184 8259 8271
f 10215 10221 10194
f 10193 10220 10225
f 10190 10224 10201
f 8288 10063 10188
f 10192 10066 10175
f 10191 10174 10214
f 7170 10230 10182
f 10177 10229 10233
f 10178 10234 10216
f 10107 7236 10181
f 10180 7235 7178
f 10179 7177 7169
f 8461 8473 10238
f 8653 10245 8423
f 8422 10243 10166
f 8417 10165 8402
f 10146 10142 10247
f 10248 10143 10170
f 10249 10171 10167
f 7318 7310 10259
f 10261 7311 10125
f 10124 10160 10257
f 10258 10161 10157
f 10255 10155 10251
f 10253 10156 10151
f 10252 10150 10147
f 8462 10239 8431
f 7338 7320 10267
f 10266 7319 10260
f 10264 10256 10242
f 10241 10254 10250
f 10237 10246 8430
f 8429 10244 8652
f 10226 7168 7164
f 10232 10227 10273
f 10284 10202 10196
f 10195 10223 10283
f 10282 10222 10219
f 10281 10218 10277
f 10274 10217 10213
f 10272 10212 10231
f 8230 10209 8916
f 8913 10208 10205
f 8912 10204 8192
f 8191 10203 10285
f 8193 10291 8200
f 8198 10287 8209
f 8208 10286 10293
f 8212 10294 8217
f 10300 10304 10289
f 10288 10303 10307
f 10290 10308 10295
f 10228 7166 10275
f 10269 7165 7194
f 10268 7192 10312
f 10313 10317 10271
f 10270 10316 10322
f 10276 10323 10280
f 10278 10321 10326
f 10279 10327 10299
f 10263 10240 10334
f 10340 10348 10351
f 8501 10357 8487
f 8490 10359 10362
f 8489 10361 8483
f 7436 10371 7427
f 7426 10369 10381
f 7423 10378 7415
f 7413 10376 10353
f 7414 10355 7405
f 7401 10349 10346
f 7402 10347 7026
f 7435 7375 10370
f 10375 7379 7387
f 10374 7385 10384
f 10385 7386 7368
f 10386 7373 7332
f 7333 10265 10387
f 10383 10262 10333
f 10382 10331 10372
f 10373 10332 10393
f 10368 10392 10380
f 10379 10391 10367
f 10377 10366 10354
f 10352 10365 10360
f 10350 10356 10339
f 10342 10358 8503
f 10341 8502 8508
f 8484 10364 8457
f 8456 10363 10389
f 8455 10388 8450
f 8451 10390 10328
f 8452 10329 8445
f 8446 10330 10235
f 8447 10236 8472
f 7719 7716 10398
f 10402 10405 10416
f 10433 7855 7845
f 7190 7105 7117
f 10297 10325 10437
f 10436 10324 10319
f 10438 10320 10453
f 10451 10318 10314
f 10452 10315 10311
f 8218 10296 10447
f 10292 10305 10441
f 10442 10306 10302
f 10440 10301 10298
f 7827 10430 7831
f 7832 10431 10408
f 7830 10407 7844
f 7843 10406 10457
f 7842 10456 10432
f 7826 7677 10429
f 10428 7676 7823
f 10425 7822 7817
f 7818 7808 10427
f 10426 7807 7798
f 10417 7797 7787
f 7788 7777 10424
f 10422 7776 7773
f 10418 7772 7756
f 10462 10467 10475
f 10474 10466 10478
f 10477 10480 10415
f 10411 10479 10483
f 10412 10484 10401
f 7054 6996 10473
f 10470 6995 6985
f 10471 6986 10461
f 7085 10448 7119
f 7120 10450 10310
f 7118 10309 7191
f 7714 7588 10444
f 10446 7589 7585
f 10443 7584 8214
f 7715 10445 10397
f 10395 10439 10454
f 10396 10455 10493
f 10490 10449 7087
f 10489 7086 7053
f 7757 7752 10420
f 10421 7753 7736
f 10423 7737 7733
f 7052 10472 10488
f 10492 10476 10414
f 10491 10413 10394
f 10399 10419 7731
f 10400 7732 7720
f 6988 6982 10463
f 10464 6983 10494
f 10465 10497 10468
f 10469 10498 10481
f 10482 10499 10485
f 10487 10500 10503
f 10486 10502 10403
f 8530 8536 10511
f 10506 8533 7868
f 7861 10435 7871
f 7867 10434 10458
f 7872 10460 10509
f 10507 10459 10409
f 10508 10410 10404
f 10337 8505 8515
f 6984 7024 10496
f 10495 7023 10343
f 10501 10345 10505
f 10504 10344 10335
f 10510 10336 8528
f 8529 10338 8516
f 6821 6769 6794
f 6795 10514 6822
f 6824 10515 10522
f 6823 10519 6835
f 6808 6800 6879
f 6881 6801 10524
f 6880 10523 10533
f 10534 10528 10538
f 10537 10527 10543
f 10544 10529 10546
f 10542 10545 10560
f 7977 8821 10566
f 10572 10577 10549
f 10548 10576 10581
f 10547 10580 10561
f 7975 10565 7969
f 7967 10564 10570
f 7968 10571 7961
f 7963 10573 10550
f 7965 10557 7954
f 10584 7951 7958
f 6802 6833 10525
f 10526 6834 10518
f 10530 10520 10551
f 10555 10521 10589
f 10556 10590 10594
f 10593 10597 10552
f 10553 10598 10601
f 10554 10602 7953
f 7956 10603 10610
f 7955 10609 10583
f 10611 6853 6849
f 10617 10613 10626
f 10635 10641 10648
f 10649 10654 10638
f 10632 10653 10658
f 10634 10659 10629
f 10627 10657 10663
f 10624 10662 10616
f 10640 7993 10644
f 10642 7991 8015
f 10643 8016 10667
f 10669 8020 8030
f 10579 10575 10637
f 10636 10574 10567
f 10639 10569 7992
f 7990 10568 10562
f 7997 10563 8819
f 10612 6851 10622
f 10621 6850 6878
f 10620 6877 10531
f 10532 10536 10625
f 10623 10535 10539
f 10628 10541 10633
f 10630 10540 10558
f 10631 10559 10578
f 7916 7908 10673
f 10672 7905 10686
f 10688 10691 10678
f 10687 10677 10696
f 10692 10702 10682
f 10681 10701 10671
f 10695 10708 10716
f 10586 6788 10707
f 10706 6787 6757
f 10705 6756 10715
f 10587 10517 6790
f 6789 10516 10513
f 6786 10512 6793
f 10697 10680 10712
f 10711 10679 10604
f 10714 10605 10600
f 10599 10596 10713
f 10710 10595 10592
f 10709 10591 10588
f 7904 7899 10684
f 10685 7900 7661
f 10683 7660 10608
f 10607 7659 7671
f 10606 7670 10582
f 10585 7675 7952
f 10656 10651 10723
f 6946 6894 6886
f 6857 10614 10730
f 6934 6863 6855
f 6935 6856 6929
f 6926 6854 10729
f 6930 10731 6919
f 6920 10732 6887
f 6889 10735 10746
f 6888 10745 6947
f 10750 10755 10739
f 10738 10754 10760
f 10737 10759 10747
f 10728 8063 7653
f 7648 10764 7656
f 7654 10763 10770
f 7651 10769 10727
f 10726 10768 10775
f 10725 10774 10740
f 10742 10776 10780
f 10741 10779 10751
f 10724 10652 8061
f 8058 10650 10646
f 8059 10647 8046
f 8044 10645 10668
f 8049 10670 8033
f 10615 10619 10734
f 10733 10618 10665
f 10736 10666 10721
f 10720 10664 10660
f 10722 10661 10655
f 10782 7863 7898
f 6760 6747 10718
f 10693 10690 10786
f 10785 10689 10698
f 10787 10700 10805
f 10801 10699 10719
f 10676 10703 10795
f 10796 10704 10694
f 7919 10675 7932
f 7928 10674 10793
f 7929 10794 7934
f 7936 10797 7895
f 10807 10812 10790
f 10789 10811 10817
f 10791 10818 7892
f 7894 10819 10824
f 7893 10823 10781
f 10717 6746 10799
f 10800 6748 6738
f 10804 6739 10829
f 10828 10833 10803
f 10802 10832 10836
f 10806 10837 10788
f 10798 10838 10843
f 10792 10842 10808
f 10846 6967 6952
f 10850 10856 10865
f 10862 10855 10873
f 10859 10871 6953
f 6956 10872 10877
f 6955 10876 10847
f 10888 8066 8088
f 8089 10892 10890
f 10886 10891 10897
f 10883 10895 10867
f 10870 10896 10901
f 10868 10900 10851
f 8065 10887 7642
f 7643 10889 10762
f 7646 10765 7650
f 10749 10777 10864
f 10869 10778 10772
f 10866 10771 10882
f 10885 10773 10767
f 10884 10766 10761
f 6945 10743 6951
f 6957 10744 10757
f 6954 10756 10860
f 10861 10758 10752
f 10863 10753 10748
f 7796 7806 10909
f 10918 7708 7700
f 10932 10831 6742
f 9025 9019 10926
f 9026 10928 9029
f 9030 10931 6740
f 9031 6741 6736
f 10911 10816 10809
f 10810 10844 10914
f 10915 10845 10840
f 10912 10839 10920
f 10923 10841 10834
f 10924 10835 10830
f 7805 7816 10906
f 10905 7815 7692
f 10910 7693 10813
f 10814 7694 7686
f 10815 7687 10822
f 10820 7685 7840
f 10821 7841 10827
f 10826 7839 7854
f 10825 7853 10784
f 10783 7851 7866
f 10937 10943 7702
f 7704 10944 10949
f 7703 10948 10919
f 7728 7744 10950
f 10951 7745 7750
f 7701 7730 10936
f 10935 7729 10956
f 10938 10957 10966
f 10967 10961 10971
f 6713 10977 10989
f 10980 10976 10994
f 10978 10992 10958
f 10962 10993 10997
f 10963 10998 10972
f 10982 8989 8984
f 6717 6712 8922
f 8921 6711 10988
f 8920 10987 8969
f 8968 10985 8985
f 9003 8999 10981
f 10984 9000 8995
f 10983 8994 8990
f 9020 9016 10929
f 10925 9015 9010
f 10927 9011 9004
f 7751 7764 10952
f 10955 7765 7771
f 10953 7770 7784
f 9005 10986 10930
f 10922 10979 10960
f 10921 10959 10913
f 10908 10954 7786
f 10907 7785 7795
f 8957 6971 6968
f 6969 10848 8959
f 8964 10849 10881
f 8958 10878 8952
f 11001 11013 6582
f 6581 6575 8924
f 11017 11024 10999
f 11007 11025 11029
f 11028 11033 11004
f 11006 11034 11038
f 11005 11037 11014
f 8012 11042 8053
f 8050 11041 11046
f 8051 11047 11019
f 8090 8097 10894
f 10893 8095 10899
f 10898 8094 10904
f 10903 8092 11053
f 10902 11052 10853
f 8954 10879 11059
f 11061 10880 10875
f 11060 10874 10857
f 8086 11069 8078
f 8076 11068 11050
f 8077 11051 8100
f 8102 11055 8093
f 10858 10852 11063
f 11064 10854 11054
f 11062 11048 11009
f 11010 11049 11067
f 11008 11065 11018
f 11021 11066 8085
f 11020 8083 8052
f 6580 8923 11000
f 11002 8925 8929
f 11003 8930 11058
f 11057 8928 8942
f 11056 8941 8953
f 6710 6706 10973
f 10975 6708 11076
f 10974 11074 10991
f 11083 10939 10934
f 10933 10964 11082
f 11086 10965 10970
f 11084 10969 11077
f 11072 10968 10995
f 11073 10996 10990
f 8166 8160 11080
f 11087 8163 8188
f 11085 8186 10940
f 10941 8187 8179
f 10942 8181 10946
f 10945 8180 7709
f 10947 7713 10917
f 10916 7711 7705
f 11094 8124 7604
f 6707 6692 11071
f 11070 6691 11099
f 11075 11101 11079
f 11078 11100 11092
f 11081 11095 8167
f 8165 11093 7603
f 11023 11015 11106
f 11107 11016 11043
f 11109 11045 8004
f 8003 11044 11039
f 8008 11040 8011
f 6589 6578 11112
f 11113 6579 11011
f 11012 11035 11114
f 11115 11036 11030
f 11118 11032 11104
f 11102 11031 11026
f 11105 11027 11022
f 6593 6587 11119
f 11120 6588 11111
f 11122 11116 11125
f 11126 11117 11103
f 11128 11108 7998
f 8000 11110 8005
f 11096 6687 6678
f 11088 11098 11136
f 11097 6681 11135
f 11131 6677 6668
f 11132 6670 11143
f 6669 6659 11142
f 11138 6656 6647
f 11139 6649 11148
f 6615 11154 6627
f 6628 11155 11146
f 6626 11145 6634
f 6637 11147 6648
f 11157 11161 11150
f 11149 11160 11166
f 11151 11167 11140
f 11141 11168 11172
f 11144 11173 11133
f 11134 11174 11178
f 11137 11180 11089
f 8122 11091 8127
f 8126 11090 11181
f 8128 11182 8148
f 8146 11179 11176
f 8147 11177 8118
f 8116 11175 11170
f 8117 11171 8106
f 8104 11169 11164
f 8105 11165 7623
f 7622 11163 7628
f 7999 7626 11129
f 11130 7627 11162
f 11127 11158 11123
f 11124 11159 11156
f 11121 11152 6594
f 6595 11153 6612
f 11187 11191 11196
f 5099 4053 11206
f 11215 3995 3990
f 3989 5101 11214
f 11212 5100 11207
f 11217 11210 11220
f 4052 4048 11204
f 11205 4049 4033
f 11203 4032 11229
f 4031 4028 11227
f 11226 4027 4057
f 11228 4058 11236
f 11233 4056 4014
f 11234 4015 4008
f 5955 11225 11242
f 11240 11221 11211
f 11239 11208 11245
f 11246 11209 11232
f 11244 11231 11199
f 11198 11230 11238
f 11197 11237 11188
f 11183 11235 4009
f 11185 4010 4063
f 5956 11243 5968
f 5966 11241 11248
f 5967 11249 5974
f 5973 11247 11202
f 5972 11201 5938
f 5937 11200 11195
f 5936 11193 5924
f 4139 4133 11252
f 11260 6131 6135
f 5979 5925 11194
f 4061 4074 11263
f 11266 4075 4079
f 11265 4078 4083
f 11276 5992 5983
f 5982 5977 11275
f 11278 5978 11192
f 11272 11189 11269
f 11271 11190 11186
f 11264 11184 4062
f 11282 6136 6008
f 4084 11288 11267
f 11268 11292 11280
f 11270 11281 11273
f 11274 11284 6009
f 11277 6010 5993
f 4082 3658 11285
f 11287 3659 3655
f 11286 3654 4110
f 6137 11283 11261
f 11258 11279 11291
f 11256 11290 11296
f 11294 11289 4111
f 11295 4112 4106
f 11299 4104 4091
f 6104 6108 11313
f 11314 6109 6120
f 4105 11300 11293
f 11298 11306 11310
f 11297 11308 11257
f 11262 11311 6119
f 11259 6118 6130
f 4092 4087 11302
f 11303 4088 4144
f 11301 4143 4137
f 11322 6094 6088
f 4138 11250 11304
f 11307 11255 11318
f 11305 11316 11309
f 11315 11320 6087
f 11312 6086 6103
f 6098 6095 11327
f 11326 6093 11321
f 11323 11319 11333
f 11332 11317 11254
f 11330 11251 4128
f 4129 11253 4134
f 5836 5755 11340
f 5900 5890 11347
f 5954 5901 11223
f 11224 5902 11349
f 11222 11344 11219
f 3986 4005 11354
f 11353 4004 4000
f 5891 5881 11348
f 11346 5880 5870
f 11345 5869 11363
f 3985 11352 3972
f 3970 11350 11364
f 3971 11365 3943
f 3944 11366 3947
f 3948 11367 11372
f 3949 11374 3961
f 11380 11392 11394
f 11393 11391 11375
f 11395 11376 11357
f 11358 11377 11368
f 11359 11369 11341
f 11342 11370 11355
f 11343 11356 11218
f 11213 11351 3999
f 11216 4001 3996
f 3960 11373 3967
f 3965 11371 11388
f 3966 11389 3932
f 5839 5834 11381
f 5868 5859 11362
f 11361 5858 5855
f 11360 5854 11398
f 11397 5853 5810
f 11396 5809 11384
f 11385 5811 5829
f 11382 5828 5840
f 11401 3892 3922
f 5835 11339 11383
f 11379 11336 11405
f 11378 11404 11390
f 11387 11400 3921
f 11386 3920 3931
f 3895 3891 11407
f 11406 3890 11399
f 11409 11402 11412
f 11413 11403 11335
f 11415 11337 5804
f 5805 11338 5754
f 11423 11426 11435
f 4196 4218 11421
f 11324 11334 11443
f 4174 11451 4188
f 4187 11447 11442
f 4186 11440 4122
f 4123 11441 11329
f 4124 11331 4130
f 4173 4170 11450
f 11449 4169 4166
f 11448 4164 11455
f 11456 4165 4159
f 11457 4161 11463
f 11461 4160 4213
f 11462 4214 4208
f 4195 11420 4192
f 6099 11328 11469
f 11467 11325 11444
f 11468 11445 11472
f 11473 11446 11452
f 11474 11454 11479
f 11478 11453 11458
f 11480 11460 11434
f 11433 11459 11465
f 11436 11466 11424
f 11418 11464 4209
f 11419 4210 4191
f 6100 11470 6046
f 6047 11471 11475
f 6048 11476 6058
f 6059 11477 11481
f 6060 11482 6070
f 6072 11483 11438
f 6071 11437 6076
f 6078 11439 11432
f 6077 11431 6033
f 11488 11490 11501
f 11417 5806 5799
f 11411 11414 11504
f 11416 5798 11507
f 11509 5800 5788
f 11508 5787 11511
f 11517 3905 11528
f 11526 3904 3901
f 11525 3900 3897
f 11530 3915 11520
f 11521 3917 3911
f 11522 3912 3907
f 3825 3857 11537
f 11532 3854 3851
f 11531 3850 3916
f 5789 5776 11512
f 11516 5777 5765
f 11515 5764 11540
f 11541 5769 5761
f 11542 5762 11545
f 11546 5763 5720
f 5721 11484 11548
f 11549 11487 11500
f 11547 11497 11543
f 11544 11498 11536
f 11539 11534 11514
f 11513 11533 11523
f 11510 11519 11506
f 11505 11518 11529
f 11503 11527 11410
f 11408 11524 3896
f 3826 11538 3831
f 3829 11535 11496
f 3830 11499 3834
f 3835 11502 11493
f 3836 11494 3839
f 6219 6207 11553
f 4306 4301 11561
f 3642 3637 11567
f 6148 6032 11430
f 11428 11425 11579
f 11575 11422 4219
f 11571 4217 4230
f 11584 6152 6146
f 4231 4234 11573
f 11574 4235 4249
f 11572 4248 11591
f 11587 4247 4242
f 11588 4243 4238
f 6147 11429 11586
f 11581 11427 11578
f 11580 11577 11597
f 11596 11576 11594
f 11595 11593 11603
f 6196 6192 11604
f 11606 6193 6179
f 11607 6180 11598
f 11599 6181 6168
f 11600 6169 11582
f 11583 6170 6157
f 11585 6158 6153
f 3636 4254 11566
f 11564 4252 11610
f 11569 11615 11552
f 4239 3640 11589
f 11590 3641 11565
f 11592 11570 11602
f 11601 11568 11551
f 11605 11556 6197
f 6198 11557 6208
f 4253 4267 11612
f 11611 4266 4311
f 11608 4310 4304
f 11622 6241 6225
f 4305 11559 11609
f 11614 11563 11619
f 11613 11618 11550
f 11555 11621 6224
f 11554 6223 6220
f 6252 6240 11627
f 11626 6239 11620
f 11623 11617 11633
f 11632 11616 11562
f 11629 11558 4295
f 4296 11560 4300
f 5566 5703 11639
f 3848 3844 11645
f 5499 5585 11652
f 3757 3751 11663
f 3673 3755 11670
f 11671 3756 11662
f 11667 11658 11655
f 5500 11653 5489
f 3752 3738 11665
f 11664 3737 3732
f 11666 3733 11678
f 11679 3734 3783
f 11681 3784 3779
f 5490 11654 11683
f 11687 11656 11659
f 11688 11660 11692
f 11693 11661 11675
f 11694 11676 11699
f 5699 5687 11698
f 11696 5686 5682
f 11695 5681 11691
f 11690 5680 5671
f 11689 5670 11686
f 11685 5669 5659
f 11684 5658 5491
f 11707 3765 3761
f 3760 3799 11706
f 11708 3800 11712
f 11703 11709 11640
f 3780 3766 11682
f 11680 3764 11705
f 11677 11702 11700
f 11701 11704 11641
f 11697 11636 5698
f 5697 11635 5702
f 3849 11647 3816
f 3801 3796 11715
f 11713 3795 3820
f 11714 3821 3815
f 11717 5737 5732
f 3817 11648 11716
f 11710 11643 11720
f 11711 11721 11642
f 11637 11718 5733
f 11638 5734 5565
f 5722 5738 11485
f 11486 5739 11719
f 11489 11722 11491
f 11492 11723 11644
f 11495 11649 3841
f 3840 11646 3845
f 4318 4385 11728
f 4382 4377 11736
f 6296 6285 11739
f 11740 6286 11750
f 11743 11751 11732
f 4381 11731 4386
f 4387 11734 11730
f 11729 11733 11752
f 11726 11749 11760
f 11758 4355 11725
f 11724 4352 4319
f 11727 4322 4317
f 4291 4274 11753
f 11757 4276 4347
f 11756 4346 4351
f 11628 11763 6253
f 6254 11764 6257
f 6269 6259 11769
f 11768 6258 11765
f 11767 11762 11777
f 11774 11761 11625
f 11773 11624 11634
f 6284 6273 11746
f 11747 6274 11770
f 11748 11771 11759
f 11755 11766 11776
f 11754 11775 4292
f 4289 11772 11630
f 4290 11631 4297
f 11669 11657 11782
f 3677 3674 11672
f 11788 4613 3727
f 11797 11785 11802
f 11804 11792 3729
f 11803 3728 11812
f 11808 3726 3722
f 3693 11816 3697
f 3698 11817 11821
f 3699 11822 3714
f 3715 11823 11811
f 3713 11810 3719
f 3718 11809 3723
f 5596 11793 11826
f 11828 11796 11801
f 11827 11800 11834
f 11833 11799 11807
f 11832 11805 11839
f 11840 11806 11820
f 11838 11818 11783
f 11784 11819 11814
f 11781 11813 11668
f 11673 11815 3691
f 11674 3692 3678
f 5595 11825 5609
f 5608 11824 11831
f 5607 11830 5621
f 5620 11829 11837
f 5619 11836 5633
f 5631 11835 11779
f 5632 11780 5638
f 5636 11778 11650
f 5637 11651 5584
f 6307 6297 11741
f 6329 6318 11841
f 6391 6379 11848
f 4473 4537 11858
f 6413 6401 11862
f 6418 6411 11870
f 11871 6412 11861
f 11874 11865 11855
f 11878 4478 4475
f 4474 11859 11877
f 11875 11856 11866
f 11876 11867 11882
f 4459 4454 11888
f 11886 4453 4440
f 11885 4439 11881
f 11880 4438 4435
f 11879 4434 4479
f 6402 6389 11863
f 11864 6390 11847
f 11868 11851 11883
f 11884 11852 11889
f 11887 11892 4457
f 6375 6361 11898
f 11899 6363 11905
f 11901 11908 11911
f 4425 4411 11893
f 11895 4412 4408
f 11894 4407 4458
f 4391 4403 11915
f 11917 4404 4431
f 4430 4427 11916
f 11914 4426 11896
f 11912 11891 11902
f 11900 11890 11853
f 11897 11850 6374
f 6373 11849 6380
f 6362 6352 11904
f 11903 6351 6340
f 11907 6341 6331
f 11925 4372 4368
f 6330 11842 11906
f 11909 11845 11920
f 11910 11921 11913
f 11918 11924 4367
f 11919 4369 4392
f 4378 4373 11737
f 11738 4374 11926
f 11735 11923 11745
f 11744 11922 11846
f 11742 11844 6309
f 6308 11843 6319
f 6484 6435 11929
f 4577 4563 11936
f 6547 6534 11941
f 6571 6556 11948
f 6572 11949 5592
f 5591 11947 11795
f 5590 11794 5597
f 4590 4587 11959
f 11958 4586 4622
f 11961 4624 11791
f 11789 4623 4618
f 11790 4619 4614
f 4560 4609 11966
f 11967 4610 4605
f 4606 4592 11969
f 11968 4591 11960
f 11962 11957 11954
f 11953 11956 11787
f 11952 11786 11798
f 4564 4558 11937
f 11938 4559 11965
f 11933 11964 11945
f 11944 11963 11955
f 11940 11951 6546
f 6545 11950 6557
f 6529 6519 11971
f 11970 6518 11980
f 11973 11983 11985
f 11988 4549 4582
f 4583 4578 11989
f 11991 4579 11939
f 11986 11934 11974
f 11975 11935 11946
f 11972 11943 6530
f 6528 11942 6535
f 6517 6507 11979
f 11977 6506 6491
f 11978 6492 6486
f 11997 4483 4553
f 6485 11930 11976
f 11981 11932 11994
f 11982 11995 11984
f 11987 11998 4554
f 11990 4555 4550
f 4488 4484 12004
f 12002 4482 11996
f 12000 11992 12008
f 12010 11993 11931
f 12006 11927 6439
f 6441 11928 6434
f 12001 12009 12017
f 12019 5503 6417
f 11860 4538 4534
f 11872 11854 12024
f 11857 4532 12028
f 12029 4533 4527
f 12030 4528 12034
f 4529 4523 12035
f 12036 4524 4518
f 12037 4519 12041
f 4520 4513 12042
f 12043 4514 4508
f 12044 4509 12047
f 12050 4510 4505
f 12049 4504 4489
f 4487 12003 12048
f 12046 11999 12016
f 12045 12015 12040
f 12039 12014 12056
f 12038 12054 12032
f 12033 12055 12062
f 12031 12060 12026
f 12027 12061 12023
f 12025 12022 11873
f 11869 12018 6416
f 5504 12021 5511
f 5510 12020 12058
f 5509 12057 6469
f 6471 12059 12052
f 6470 12051 6463
f 6464 12053 12011
f 6465 12012 6451
f 6452 12013 12005
f 6453 12007 6440
f 6005 6019 12064
f 6129 6117 12072
f 12082 12088 5246
f 5247 12089 5254
f 6045 12092 12100
f 5541 5549 12098
f 12099 5550 6085
f 12097 6084 6043
f 6116 5539 12070
f 12073 5540 12096
f 12076 12102 12079
f 12078 12101 12094
f 12080 12095 12086
f 5248 5282 12083
f 12081 5280 12106
f 12077 12104 12074
f 12075 12105 12069
f 12071 12066 6128
f 6127 12063 6018
f 5273 5266 12112
f 12114 5267 12118
f 12111 12116 12127
f 5281 5275 12108
f 12107 5274 12113
f 12103 12109 12067
f 12068 12110 12125
f 12065 12120 6006
f 5916 5990 12121
f 12122 5991 6000
f 12123 6001 6007
f 5923 5918 12131
f 12129 5917 12124
f 12134 12128 12137
f 12135 12126 12115
f 12140 12119 5260
f 5259 12117 5265
f 12144 12153 12157
f 12138 5258 5467
f 12133 12136 12164
f 12139 5468 12167
f 12165 5464 5483
f 12166 5484 12173
f 12172 5481 5477
f 12171 5476 12178
f 12179 5478 5472
f 12176 5470 5212
f 5210 12146 12175
f 12174 12145 12158
f 12177 12160 12169
f 12168 12159 12183
f 12170 12184 12161
f 12162 12185 12189
f 12163 12190 12132
f 12130 12188 5922
f 5921 12187 5935
f 5934 12186 12182
f 5933 12181 5948
f 5947 12180 12156
f 5946 12155 5965
f 5964 12154 12150
f 5963 12149 5953
f 12085 12093 12197
f 12203 5311 5303
f 12210 12202 12213
f 12201 5302 12211
f 12217 5305 5297
f 12216 5296 12219
f 12222 5299 5291
f 12223 5293 12227
f 12226 5292 5285
f 12228 5286 5249
f 5252 12087 12229
f 12225 12084 12196
f 12224 12194 12220
f 12221 12195 12235
f 12218 12234 12215
f 12214 12233 12240
f 12212 12239 12209
f 12207 12237 6024
f 6023 12236 6029
f 6031 12238 12231
f 6030 12230 6067
f 6068 12232 12191
f 6069 12192 6055
f 6056 12193 12090
f 6057 12091 6044
f 5911 5952 12148
f 5208 5204 12141
f 12142 5205 12245
f 12143 12246 12151
f 12252 5899 5910
f 5909 12147 12251
f 12254 12152 12247
f 12253 12242 12261
f 5821 5866 12256
f 12258 5867 5878
f 12257 5877 12248
f 12250 5879 5889
f 12249 5888 5898
f 5827 5819 12263
f 12264 5820 12255
f 12267 12259 12269
f 12272 12260 12241
f 12273 12244 5234
f 5233 12243 5203
f 5224 5219 12278
f 12277 5218 12284
f 12275 12281 12293
f 5232 5225 12270
f 12271 5226 12279
f 12268 12276 12266
f 12265 12274 12292
f 12262 12288 5825
f 5744 5848 12286
f 12285 5847 5851
f 12289 5852 5826
f 5753 5746 12296
f 12295 5745 12287
f 12299 12291 12302
f 12301 12290 12280
f 12305 12283 5238
f 5237 12282 5213
f 5532 6145 12308
f 6165 6178 12316
f 12321 6237 6250
f 5339 5342 12333
f 12332 5341 12338
f 12331 12335 12346
f 6251 12343 12322
f 12326 12345 12334
f 12327 12337 12352
f 6191 6206 12350
f 12347 6205 6216
f 12348 6217 12323
f 12324 6218 6232
f 12325 6233 6238
f 5343 5328 12340
f 12339 5327 12357
f 12336 12354 12351
f 12353 12356 12319
f 12349 12315 6190
f 6189 12314 6177
f 5326 5318 12365
f 12364 5317 12367
f 12362 12366 12311
f 5334 5325 12359
f 12358 5324 12363
f 12355 12360 12318
f 12320 12361 12310
f 12317 12306 6166
f 6167 12307 6144
f 12206 6022 5523
f 5522 5534 12205
f 12204 5533 12309
f 12208 12313 12200
f 12198 12312 12368
f 12199 12369 5309
f 5310 12370 5319
f 12375 12379 12384
f 12394 5797 5752
f 12303 5235 5438
f 12297 12300 12401
f 12304 5440 12403
f 12399 5435 5443
f 12400 5446 12410
f 5442 5450 12409
f 12405 5448 5456
f 12404 5455 12414
f 12415 5457 5462
f 12412 5460 5190
f 5189 12373 12411
f 12413 12376 12385
f 12416 12388 12407
f 12406 12387 12417
f 12408 12421 12397
f 12398 12422 12395
f 12402 12396 12298
f 12294 12393 5751
f 5796 12392 5786
f 5784 12391 12419
f 5785 12420 5775
f 5770 12418 12389
f 5771 12390 5706
f 5705 12386 12383
f 5704 12382 5712
f 12329 12344 12429
f 12432 5381 5372
f 12438 12435 12447
f 12431 5371 12443
f 12445 5374 5367
f 12444 5366 12450
f 5368 5360 12451
f 12453 5362 5356
f 12454 5357 12458
f 12457 5355 5349
f 12461 5350 5335
f 5338 12330 12462
f 12460 12328 12428
f 12459 12423 12455
f 12456 12424 12467
f 12452 12464 12449
f 12448 12463 12470
f 12446 12469 12437
f 12442 12472 6300
f 6299 12471 6287
f 6289 12473 12466
f 6288 12465 6275
f 6277 12468 12425
f 6278 12426 6263
f 6267 12427 12341
f 6268 12342 6249
f 5646 5650 12479
f 5723 5711 12380
f 5187 5197 12371
f 12372 5198 12484
f 12374 12487 12377
f 12495 5552 5725
f 5724 12381 12494
f 12490 12378 12488
f 12489 12485 12497
f 5662 5672 12500
f 12502 5673 5690
f 12501 5689 12493
f 12491 5688 5555
f 12492 5556 5551
f 5182 5176 12504
f 12503 5175 12511
f 12506 12513 12476
f 5651 5660 12480
f 12481 5661 12499
f 12477 12496 12507
f 12508 12498 12486
f 12505 12483 5184
f 5183 12482 5196
f 12518 5569 5639
f 5640 5644 12519
f 12520 5645 12478
f 12516 12474 12525
f 12526 12475 12512
f 12523 12509 5167
f 5168 12510 5174
f 6322 6333 12534
f 5391 5397 12538
f 12539 5398 12541
f 12540 12544 12549
f 6392 6403 12554
f 12555 6404 5513
f 12553 5512 6479
f 6394 12556 12560
f 12557 12550 12545
f 12558 12546 12563
f 6344 6354 12569
f 12567 6353 6366
f 12566 6365 12562
f 12561 6364 6382
f 12559 6381 6393
f 5412 5405 12572
f 12571 5404 12576
f 12574 12579 12527
f 6332 6343 12532
f 12531 6342 12568
f 12528 12565 12575
f 12573 12564 12547
f 12570 12543 5411
f 5410 12542 5399
f 12439 6298 6310
f 6311 6320 12440
f 12441 6321 12533
f 12436 12529 12433
f 12434 12530 12580
f 12430 12577 5379
f 5380 12578 5406
f 12585 12588 12595
f 12521 5163 5159
f 12514 12524 12607
f 12522 5162 12606
f 12602 5158 5155
f 12603 5156 12611
f 12610 5152 5150
f 12609 5148 12617
f 12618 5149 5144
f 12616 5141 5139
f 5138 12583 12615
f 12619 12586 12596
f 12620 12597 12612
f 12613 12598 12621
f 12614 12622 12604
f 12605 12623 12627
f 12608 12628 12515
f 12517 12630 5567
f 5568 12631 5574
f 5572 12629 12625
f 5573 12626 5624
f 5623 12624 12601
f 5622 12600 5612
f 5611 12599 12593
f 5610 12590 5598
f 12537 12548 12635
f 12640 5108 5416
f 12645 12642 12655
f 12641 5417 12652
f 12653 5418 5431
f 12654 5432 12659
f 12660 5434 5428
f 12661 5429 12666
f 12665 5427 5421
f 12667 5423 5384
f 5385 12535 12669
f 12670 12536 12634
f 12668 12632 12663
f 12664 12633 12673
f 12662 12672 12658
f 12657 12671 12678
f 12656 12677 12647
f 12648 12679 6425
f 6426 12680 6442
f 6443 12681 12674
f 6444 12675 6454
f 6456 12676 12637
f 6455 12636 6472
f 6473 12638 12551
f 6474 12552 6478
f 6495 6498 12687
f 6565 5599 12591
f 5137 5130 12581
f 12582 5131 12690
f 12584 12693 12587
f 6566 12592 6558
f 6559 12594 12699
f 12697 12589 12694
f 12698 12695 12703
f 6510 6521 12709
f 12708 6520 6538
f 12706 6537 12702
f 12701 6536 6549
f 12700 6548 6560
f 5124 5117 12712
f 12710 5116 12718
f 12713 12720 12684
f 5132 5122 12691
f 12692 5123 12711
f 12696 12714 12704
f 12705 12715 12685
f 12707 12689 6509
f 6508 12688 6499
f 12650 6427 6420
f 5115 5109 12717
f 12716 5107 12639
f 12719 12644 12683
f 12682 12643 12646
f 12686 12651 6494
f 6493 12649 6419
f 12721 12729 12737
f 12743 12749 12753
f 12763 12767 12776
f 12777 12768 12780
f 12746 12757 12782
f 12787 12795 12802
f 12801 12792 12807
f 12800 12806 12812
f 12815 12821 12826
f 12828 12822 12835
f 12827 12834 12839
f 12844 12848 12726
f 12727 12849 12854
f 12731 12855 12740
f 12733 12852 12858
f 12734 12859 12817
f 12862 12866 12875
f 12874 12865 12885
f 12871 12880 12888
f 12893 12897 12877
f 12878 12898 12901
f 12881 12902 12889
f 12894 12879 12908
f 12906 12876 12913
f 12905 12909 12923
f 12927 12933 12940
f 12939 12931 12943
f 12947 12957 12961
f 12962 12966 12950
f 12949 12965 12972
f 12945 12971 12975
f 12974 12970 12979
f 12958 12948 12988
f 12987 12946 12755
f 12986 12754 12765
f 12766 12756 12750
f 12764 12748 12769
f 12810 12783 12797
f 12799 12784 12759
f 12798 12758 12989
f 12990 12760 12951
f 12991 12952 12995
f 12996 12953 12977
f 12997 12978 12930
f 12929 12976 12982
f 12932 12983 12944
f 12928 12922 12934
f 12936 12924 12912
f 12935 12911 13000
f 12998 12910 13002
f 12999 13003 12994
f 12993 13001 13009
f 12992 13008 12805
f 12804 13007 12825
f 12803 12824 12791
f 12788 12823 12836
f 13014 13020 13025
f 13024 13019 13033
f 13023 13029 13038
f 13037 13028 13045
f 13027 13047 13043
f 13042 13046 13051
f 13044 13052 12742
f 12741 13050 13056
f 12738 13055 12722
f 12864 13060 12884
f 12883 13059 13064
f 12882 13063 12917
f 12918 13065 13069
f 12818 12829 12735
f 12736 12830 13010
f 12739 13011 13039
f 13040 13012 13004
f 13041 13005 13034
f 13035 13006 12914
f 13036 12915 13021
f 13022 12916 13068
f 13026 13070 13015
f 13077 13081 13085
f 13093 13098 13087
f 13103 13109 13119
f 13123 13130 13136
f 13108 13140 13118
f 13117 13139 13143
f 13121 13144 13124
f 13149 13153 13163
f 13162 13152 13165
f 13164 13166 13174
f 13177 13167 13180
f 13175 13179 13183
f 13148 13161 13189
f 13188 13160 13200
f 13187 13197 13201
f 13205 13209 13220
f 13222 13210 13224
f 13223 13225 13196
f 13198 13226 13230
f 13199 13231 13202
f 13237 13239 13215
f 13216 13240 13244
f 13218 13246 13248
f 13206 13221 13255
f 13254 13219 13250
f 13253 13249 13260
f 13268 13272 13275
f 13094 13088 13277
f 13276 13086 13082
f 13274 13078 13267
f 13283 13288 13291
f 13289 13287 13301
f 13290 13302 13305
f 13303 13300 13312
f 13304 13313 13315
f 13314 13311 13323
f 13316 13324 13090
f 13084 13322 13329
f 13083 13328 13075
f 13333 13338 13114
f 13115 13339 13173
f 13120 13178 13104
f 13102 13176 13184
f 13343 13348 13292
f 13294 13349 13354
f 13293 13353 13284
f 13122 13135 13116
f 13112 13134 13355
f 13113 13356 13332
f 13337 13345 13172
f 13170 13344 13296
f 13171 13297 13159
f 13157 13295 13307
f 13158 13308 13195
f 13193 13306 13318
f 13194 13319 13217
f 13213 13317 13091
f 13214 13092 13236
f 13234 13089 13099
f 13364 13372 13378
f 13384 13389 13393
f 13400 13405 13408
f 12747 12786 13418
f 13425 13431 13439
f 13442 13448 13450
f 2192 2204 13464
f 4813 13469 2336
f 2337 13471 2342
f 4814 4825 13472
f 13474 4826 4850
f 13468 4849 13480
f 2341 13470 2345
f 2346 13473 13375
f 2347 13376 2351
f 2352 13377 13371
f 2350 13370 2364
f 13359 2314 2388
f 2389 2384 13363
f 13362 2383 2373
f 13361 2372 13369
f 13368 2371 2368
f 13367 2367 2363
f 2304 2297 13485
f 2166 2267 13497
f 13498 2268 2279
f 13496 2278 2288
f 2298 2151 13488
f 13486 2150 2146
f 13487 2147 2325
f 2253 2170 13508
f 2208 2221 13514
f 13516 2222 2262
f 13517 2263 13507
f 13505 2261 2257
f 13506 2258 2252
f 2238 2232 13525
f 13463 2203 13521
f 13522 2205 2241
f 13524 2242 2237
f 13536 4808 13461
f 13460 4806 2182
f 13462 2183 2191
f 4789 13531 4776
f 4777 13532 13543
f 4790 4793 13533
f 13534 4794 4811
f 13535 4812 4807
f 13553 4771 13542
f 13540 4770 4766
f 13541 4767 4761
f 4762 3624 13544
f 13546 3625 3621
f 13545 3620 4778
f 4729 4737 13552
f 13555 4738 4750
f 13554 4749 4772
f 13561 4753 4733
f 4732 4728 13558
f 13556 4727 13549
f 13560 13550 13565
f 13566 13551 13572
f 13575 13583 13568
f 13582 13574 13586
f 13589 13576 13595
f 13587 13594 13600
f 13606 13612 13590
f 13593 13614 13618
f 13592 13615 13598
f 13625 13630 13635
f 13621 13631 13603
f 13605 13633 13609
f 13628 13624 13640
f 13639 13619 13646
f 13636 13644 13649
f 13656 13662 13642
f 13645 13663 13651
f 13666 13670 13676
f 13677 13671 13682
f 13679 13686 13654
f 13653 13683 13659
f 13667 13678 13691
f 13690 13674 13698
f 13687 13694 13701
f 13708 13712 13715
f 13716 13713 13724
f 13718 13726 13693
f 13695 13727 13730
f 13696 13732 13704
f 13735 13705 13739
f 13740 13709 13717
f 13742 13719 13745
f 13746 13720 13748
f 13444 13455 13758
f 13761 13767 13771
f 13768 13765 13778
f 13780 13788 13791
f 13790 13787 13762
f 13797 13804 13811
f 13810 13803 13817
f 13807 13816 13783
f 13823 13828 13835
f 13829 13825 13839
f 13830 13840 13800
f 13820 13842 13846
f 13850 13844 13853
f 13849 13851 13861
f 13863 13870 13856
f 13857 13872 13878
f 13852 13876 13862
f 13880 13889 13868
f 13864 13887 13892
f 13865 13893 13871
f 13898 13905 13885
f 13884 13903 13911
f 13883 13910 13891
f 13913 13922 13901
f 13897 13920 13926
f 13896 13925 13904
f 13931 13940 13918
f 13916 13936 13943
f 13917 13944 13924
f 13947 13955 13959
f 13958 13954 13970
f 13957 13969 13935
f 13930 13966 13974
f 13929 13973 13937
f 13979 13950 13983
f 13984 13951 13961
f 13985 13964 13989
f 13988 13963 13994
f 14001 14004 14009
f 14014 14018 14028
f 14029 14019 14032
f 14003 14000 14036
f 12819 12814 14044
f 14048 12816 12857
f 14047 12856 12851
f 12790 12837 14051
f 14056 12838 12833
f 12785 12811 13417
f 13420 12813 12808
f 13421 12809 12793
f 12752 12744 14059
f 14061 14068 14074
f 12751 14058 12772
f 12770 14057 14072
f 12771 14073 12781
f 14069 14062 14079
f 14080 14063 14082
f 14078 14081 14091
f 14097 14101 14104
f 14106 14102 14116
f 14103 14115 14086
f 14084 14114 14120
f 14085 14121 14093
f 14126 14130 14133
f 14134 14131 14145
f 14132 14144 14109
f 14105 14143 14149
f 14107 14150 14098
f 14154 14158 14167
f 14168 14160 14172
f 14177 14179 14186
f 14187 14180 14157
f 14185 14156 14193
f 14192 14155 14153
f 14173 14161 14197
f 14196 14159 14199
f 14198 14203 14210
f 13406 14214 13410
f 13409 14213 14219
f 13407 14217 14200
f 14202 14218 14224
f 14201 14223 14209
f 13390 14228 13394
f 13391 14226 14231
f 13392 14232 14234
f 14244 14247 14253
f 14254 14248 14263
f 14262 14268 14251
f 14249 14266 14271
f 14250 14272 14275
f 14276 14273 14285
f 14277 14286 14291
f 14305 14310 14316
f 14315 14321 14304
f 14298 14320 14325
f 14299 14326 14332
f 14331 14242 14293
f 14295 14243 14252
f 14301 14255 14334
f 14336 14256 14338
f 4888 14347 4893
f 4895 14348 14354
f 4894 14353 4867
f 4848 4844 13477
f 13478 4845 4840
f 13481 4841 14356
f 14351 4839 4853
f 14352 4854 4866
f 14236 14359 13396
f 13397 14361 14280
f 13395 14278 13385
f 13383 14274 14290
f 14368 14376 14363
f 14366 14380 14374
f 14377 14383 14388
f 14373 14387 13491
f 2289 2302 13499
f 13500 2303 13482
f 13501 13483 14392
f 14393 13484 14384
f 14394 14386 14400
f 14399 14385 14378
f 2326 2320 13490
f 13492 2321 2317
f 13489 2315 14371
f 14372 2316 13360
f 14375 13365 14362
f 14364 13366 13379
f 14360 13373 14279
f 14281 13374 13466
f 14282 13467 14259
f 14258 13465 13476
f 14257 13475 14339
f 14343 13479 14355
f 14342 14350 14406
f 14403 14349 14344
f 14410 14418 14421
f 14409 14425 14434
f 14435 14426 14439
f 14432 14436 14446
f 14447 14437 14451
f 14444 14448 14457
f 14416 14407 14463
f 14464 14408 14433
f 14461 14430 14469
f 14470 14431 14445
f 14467 14442 14475
f 14476 14443 14455
f 14473 14453 14481
f 14485 14419 14493
f 14494 14420 14417
f 14491 14414 14499
f 14500 14415 14462
f 14497 14459 14505
f 14506 14460 14468
f 14503 14465 14511
f 14512 14466 14474
f 14509 14471 14517
f 14518 14472 14479
f 14516 14478 14524
f 13763 13772 13792
f 13793 13773 14525
f 13796 14528 14531
f 14539 14483 14547
f 14548 14484 14492
f 14545 14489 14553
f 14554 14490 14498
f 14551 14495 14559
f 14560 14496 14504
f 14557 14501 14565
f 14566 14502 14510
f 14563 14507 14571
f 14572 14508 14515
f 14569 14513 14577
f 14578 14514 14521
f 14576 14520 14584
f 14587 14537 14595
f 14596 14538 14546
f 14593 14543 14601
f 14602 14544 14552
f 14599 14549 14607
f 14608 14550 14558
f 14605 14555 14613
f 14614 14556 14564
f 14611 14561 14619
f 14620 14562 14570
f 14617 14567 14625
f 14626 14568 14575
f 14624 14574 14632
f 14631 14573 14581
f 14630 14580 14638
f 14641 14585 14649
f 14650 14586 14594
f 14647 14591 14655
f 14656 14592 14600
f 14653 14597 14661
f 14662 14598 14606
f 14659 14603 14667
f 14668 14604 14612
f 14665 14609 14673
f 14674 14610 14618
f 14671 14615 14679
f 14680 14616 14623
f 14677 14621 14685
f 14686 14622 14629
f 14684 14628 13456
f 13454 14627 14634
f 13453 14633 13754
f 13577 14639 13596
f 13597 14640 14648
f 13591 14645 13607
f 13608 14646 14654
f 13604 14651 13622
f 13623 14652 14660
f 13620 14657 13647
f 13648 14658 14666
f 13643 14663 13657
f 13658 14664 14672
f 13655 14669 13680
f 13681 14670 14678
f 13675 14675 13699
f 13700 14676 14683
f 13697 14682 13723
f 13722 14681 13452
f 13721 13451 13752
f 13751 13449 13447
f 14687 14696 14700
f 14699 14695 14053
f 14701 14054 14040
f 14042 14055 12831
f 14045 12832 12820
f 14704 14689 14713
f 14714 14690 14703
f 14711 14698 14717
f 14719 14702 14041
f 14721 14043 14724
f 14725 14046 12850
f 14727 12853 12847
f 12846 12843 14726
f 14722 12840 14728
f 14723 14732 14720
f 14716 14731 14736
f 14718 14739 14712
f 14710 14737 14741
f 14715 14744 14706
f 14705 14743 14747
f 14753 14746 14761
f 14763 14748 14745
f 14759 14740 14767
f 14769 14742 14738
f 14765 14734 14771
f 14775 14735 14730
f 14774 14729 14024
f 14026 14733 12841
f 14027 12842 14013
f 14779 14788 14791
f 14798 14781 14803
f 14802 14780 14792
f 14806 14795 14810
f 14808 14794 14817
f 14812 14819 14823
f 14820 14818 14830
f 14821 14831 14834
f 14833 14829 14843
f 14832 14842 13504
f 13503 14841 13527
f 13502 13526 13513
f 13512 13523 2231
f 13515 2233 2209
f 14846 14801 14851
f 14850 14800 14804
f 14854 14807 14858
f 14856 14805 14809
f 14860 14813 14864
f 14862 14811 14822
f 14866 14825 14398
f 14395 14824 14836
f 14396 14837 14391
f 14390 14835 13511
f 14389 13510 13494
f 13493 13509 2171
f 13495 2172 2165
f 14030 14873 14025
f 14022 14870 14880
f 14023 14881 14772
f 14770 14878 14884
f 14773 14887 14766
f 14764 14885 14889
f 14768 14893 14760
f 14758 14891 14895
f 14762 14899 14754
f 14752 14897 14901
f 14031 14035 14874
f 14875 14039 14002
f 14872 13998 13436
f 13438 13999 14007
f 13440 14008 13426
f 13784 13794 13808
f 13809 13795 14530
f 13814 14533 14907
f 14908 14535 14912
f 14911 14915 14919
f 14921 14917 14925
f 14923 14927 14931
f 14934 14928 14782
f 14935 14784 14938
f 14939 14786 14776
f 14941 14777 14944
f 14945 14778 14796
f 14947 14797 14949
f 14951 14799 14844
f 14953 14845 14955
f 13819 13833 13841
f 13843 13834 14960
f 13845 14962 13854
f 13855 14964 14966
f 13858 14968 13866
f 13867 14970 14972
f 13869 14974 13881
f 13882 14976 14978
f 13886 14980 13899
f 13900 14982 14984
f 13902 14986 13914
f 13915 14988 14990
f 13919 14992 13932
f 13933 14994 14996
f 13934 14998 13956
f 13801 13812 13831
f 13832 13813 14906
f 13836 14909 14961
f 14963 14910 14918
f 14965 14920 14967
f 14969 14922 14930
f 14971 14932 14973
f 14975 14933 14936
f 14977 14937 14979
f 14981 14940 14942
f 14983 14943 14985
f 14987 14946 14948
f 14989 14950 14991
f 14993 14952 14954
f 14995 14956 14997
f 13571 13547 13578
f 13579 13548 13537
f 13580 13538 14642
f 14643 13539 13528
f 14644 13529 14588
f 14589 13530 13457
f 14590 13458 14540
f 14541 13459 13518
f 14542 13519 14486
f 14487 13520 14838
f 14488 14839 14423
f 14424 14840 14828
f 14422 14826 14411
f 14412 14827 14814
f 14413 14815 14428
f 14429 14816 14793
f 14427 14790 14441
f 14440 14789 14787
f 14438 14785 14452
f 14450 14783 14929
f 14449 14926 14458
f 14456 14924 14916
f 14454 14914 14482
f 14480 14913 14536
f 14477 14534 14523
f 14522 14532 14529
f 14519 14527 14583
f 14582 14526 13774
f 14579 13770 14637
f 14636 13769 13779
f 14635 13775 13755
f 12745 13416 14060
f 14064 13419 15002
f 14065 15003 14083
f 14087 15005 15008
f 14088 15009 14108
f 14110 15012 15014
f 14111 15017 14136
f 14139 15019 15022
f 14140 15024 15027
f 15030 15025 15035
f 15031 15036 15039
f 15046 15042 15054
f 15052 15040 15037
f 15051 15034 14905
f 14176 14125 14178
f 14181 14127 14135
f 14182 14137 14162
f 14163 14138 15026
f 14164 15028 14204
f 14205 15029 15038
f 14206 15041 13412
f 13415 15043 15048
f 14904 15032 14756
f 14757 15033 15023
f 14755 15021 14751
f 14750 15020 15018
f 14749 15016 14709
f 14708 15015 15013
f 14707 15011 14692
f 14691 15010 15007
f 14688 15006 14697
f 14693 15004 13423
f 14694 13424 14052
f 14049 13422 12794
f 14050 12796 12789
f 14235 13399 14357
f 14358 13401 13411
f 14365 13414 14370
f 14369 13413 15047
f 14367 15045 14382
f 14381 15044 15053
f 14379 15050 14402
f 14401 15049 14903
f 14397 14900 14865
f 14867 14902 14898
f 14863 14894 14859
f 14861 14896 14892
f 14857 14888 14853
f 14855 14890 14886
f 14852 14882 14847
f 14849 14883 14877
f 14848 14876 14957
f 14959 14879 14869
f 14958 14868 14999
f 15000 14871 13434
f 15001 13435 13960
f 13965 13437 13430
f 13962 13429 13993
f 15058 15066 15069
f 15077 15086 15088
f 13703 13731 15095
f 15102 15105 15110
f 15115 15120 15129
f 15131 15136 15144
f 15151 15153 15162
f 15169 15173 15177
f 1950 1944 15187
f 1980 1976 15193
f 2129 2118 15206
f 15207 2119 2108
f 15205 2107 2104
f 2140 2135 15216
f 2056 2098 15222
f 15223 2099 2095
f 15221 2094 2145
f 2062 15231 2067
f 2066 15230 2077
f 2020 2009 15240
f 15238 2008 2005
f 15239 2006 2083
f 2000 1995 15250
f 15248 1994 2036
f 15245 2035 15242
f 15244 2037 2032
f 15241 2030 2021
f 1913 1926 15195
f 15194 1925 1985
f 15191 1984 1979
f 1900 15254 1929
f 1930 15258 1935
f 15188 1945 15261
f 4904 4899 15272
f 4898 3605 15269
f 15270 3606 3600
f 15271 3601 15185
f 15189 3602 4913
f 15186 4912 1949
f 14404 14345 15275
f 15277 14346 4887
f 4889 4875 15282
f 15281 4874 4871
f 15279 4870 4909
f 14405 15276 14341
f 14340 15274 15295
f 14337 15291 14335
f 14333 15290 14300
f 14294 15286 15300
f 14292 15299 15305
f 15306 15310 14296
f 14297 15311 15314
f 14303 15315 15321
f 15320 15324 14302
f 14306 15325 15330
f 14307 15331 14311
f 15337 15346 15289
f 15284 15344 15351
f 15283 15350 15355
f 15356 15360 15285
f 15287 15361 15365
f 15288 15366 15301
f 15370 15375 15332
f 15376 15379 15333
f 15334 15380 15384
f 15335 15385 15345
f 15389 15393 15396
f 15387 15395 15405
f 15410 15417 15421
f 15416 15409 15426
f 15427 15412 15430
f 15425 15428 15438
f 15168 15174 15443
f 15445 15175 15450
f 15444 15448 15456
f 15462 15466 15471
f 15472 15467 15480
f 15473 15481 15447
f 15446 15479 15485
f 15449 15486 15457
f 15491 15494 15499
f 15500 15495 15508
f 15501 15509 15470
f 15468 15507 15512
f 15469 15513 15461
f 15519 15524 15527
f 15525 15537 15528
f 15530 15538 15543
f 15532 15544 15498
f 15496 15542 15548
f 15497 15549 15490
f 13242 13238 15555
f 13273 15163 13278
f 13279 15164 15154
f 13280 15155 13095
f 13096 15156 15550
f 13097 15551 13100
f 13101 15552 13235
f 15560 13263 15571
f 15567 13261 13252
f 15566 13251 13247
f 15139 15573 15583
f 15584 15574 15588
f 15581 15586 15561
f 15133 15147 15591
f 15123 15597 15606
f 15605 15594 15608
f 15604 15607 15613
f 15622 15624 15629
f 15633 15637 15646
f 15649 15638 15651
f 15666 15669 15672
f 15680 15683 15662
f 15668 15665 15689
f 15688 15664 15686
f 15687 15685 15693
f 15699 15657 15709
f 15710 15659 15716
f 15701 15720 15658
f 15660 15721 15679
f 15727 15733 15713
f 15711 15732 15736
f 15712 15737 15706
f 15741 15743 15748
f 15752 15745 15755
f 15753 15759 15724
f 15723 15758 15763
f 15722 15762 15730
f 15740 15747 15767
f 15768 15749 15774
f 15764 15772 15779
f 15778 15769 15784
f 15785 15770 15791
f 15783 15789 15796
f 15794 15786 15801
f 15802 15787 15809
f 15799 15806 15813
f 15818 15821 15824
f 15827 15823 15832
f 15828 15834 15804
f 15803 15833 15836
f 15807 15838 15814
f 15842 15846 15849
f 15852 15848 15860
f 15854 15861 15865
f 15871 15874 15877
f 15068 15065 15883
f 15879 15061 15890
f 15878 15889 15872
f 15895 15898 15884
f 15888 15900 15904
f 15887 15903 15870
f 15909 15912 15915
f 15100 15107 15925
f 15930 15935 15940
f 15939 15934 15948
f 13737 15931 13710
f 13706 15927 15936
f 13707 15937 13711
f 13714 15938 13725
f 13702 15094 13688
f 13689 15097 15952
f 13692 15956 13668
f 13665 15955 13669
f 13673 15957 15961
f 13672 15960 13685
f 15970 13652 13664
f 15966 13661 15964
f 15959 13660 13684
f 13650 15969 13637
f 13638 15971 15973
f 13641 15978 13629
f 13626 15976 15979
f 13627 15982 13632
f 15986 13611 15984
f 15983 13610 13634
f 13581 13585 15993
f 15994 13588 13601
f 15996 13602 15991
f 15989 13599 13616
f 15990 13617 13613
f 13584 15995 13569
f 13570 15999 16001
f 13573 16006 13567
f 4757 4754 13562
f 13564 16005 13559
f 13557 16004 4718
f 13563 4719 4758
f 4667 4691 16007
f 16019 4686 4672
f 4692 4703 16009
f 16010 4704 4723
f 16011 4724 4720
f 4645 4649 16028
f 16027 4648 4663
f 4659 4655 16018
f 16017 4654 5007
f 16020 5008 4687
f 16032 16040 16045
f 16051 15533 16054
f 16055 15534 15502
f 16057 15503 16060
f 16061 15504 15474
f 16063 15475 16066
f 16067 15476 15451
f 16068 15452 16072
f 16073 15453 15179
f 16076 15180 16031
f 13245 13243 15563
f 15562 13241 15554
f 15564 15556 16049
f 16047 15553 15158
f 16048 15159 15531
f 15529 15157 15152
f 15526 15148 15516
f 16035 16046 16077
f 16075 16044 16083
f 16074 16082 16071
f 16070 16081 16089
f 16069 16088 16065
f 16064 16086 16095
f 16062 16093 16059
f 16058 16090 16100
f 16056 16097 16053
f 16052 16096 16104
f 16050 16102 15565
f 16037 16114 16042
f 16041 16113 16118
f 16043 16120 16080
f 16078 16119 16125
f 16079 16126 16087
f 16085 16124 16132
f 16084 16131 16094
f 16092 16130 16138
f 16091 16137 16101
f 16099 16136 16144
f 16098 16143 16106
f 16105 16140 16149
f 16103 16145 15569
f 16151 16158 16166
f 16168 16176 15079
f 15119 15603 15128
f 15126 15600 16184
f 15124 16182 16189
f 16187 16179 16195
f 16186 16193 16202
f 16199 16191 16205
f 16198 16204 16214
f 16212 16203 16217
f 16211 16216 16226
f 16225 16215 16229
f 16223 16228 16238
f 16237 16227 16153
f 16236 16152 16173
f 16172 16150 16165
f 16170 16162 16178
f 15078 15091 16167
f 16169 15092 16241
f 16171 16242 16233
f 16234 16244 16247
f 16235 16248 16221
f 16222 16250 16252
f 16224 16254 16209
f 16210 16256 16258
f 16213 16260 16197
f 16200 16262 16264
f 16201 16265 16185
f 16188 16267 15617
f 16190 15619 15125
f 15127 15621 15628
f 15130 15630 15116
f 15864 15815 15853
f 15855 15819 15825
f 15856 15826 16269
f 16271 15829 15805
f 16273 15808 16275
f 16277 15810 15788
f 16279 15790 16281
f 16283 15792 15771
f 16285 15773 16287
f 16289 15775 15750
f 16291 15751 16293
f 16295 15754 15725
f 16297 15726 16299
f 16301 15728 15714
f 16303 15715 16305
f 16307 15717 15661
f 16310 15663 15643
f 15645 15667 15673
f 15647 15674 15634
f 2061 2058 15229
f 15228 2057 15224
f 15225 15220 15217
f 15214 15219 2143
f 15215 2144 2139
f 15135 15582 15142
f 15140 15580 16314
f 15141 16315 16320
f 16318 16311 16324
f 16319 16325 16334
f 16332 16323 16336
f 16333 16337 16346
f 16344 16335 16348
f 16345 16349 16358
f 16356 16347 16360
f 16357 16361 16370
f 16368 16359 16372
f 16369 16373 16382
f 16380 16371 16385
f 16381 16386 16394
f 16393 16383 16399
f 16389 16396 16406
f 15557 15568 15577
f 15578 15570 16146
f 15579 16147 16312
f 16313 16148 16139
f 16316 16142 16327
f 16326 16141 16133
f 16328 16135 16339
f 16338 16134 16128
f 16340 16129 16352
f 16350 16127 16122
f 16351 16123 16364
f 16362 16121 16116
f 16363 16117 16376
f 16374 16115 16109
f 16375 16110 16388
f 16387 16107 16412
f 16384 16410 16400
f 15951 16416 15942
f 15943 16418 16420
f 15944 16421 16425
f 16429 16424 16432
f 16430 16433 16438
f 16440 16434 16443
f 16442 16444 16450
f 16451 16445 16455
f 16454 16458 16462
f 16463 16459 16467
f 16466 16470 16474
f 16475 16471 16479
f 16478 16482 16486
f 16487 16483 16491
f 16490 16494 16498
f 16499 16495 16503
f 16502 16506 16510
f 16511 16507 16515
f 16514 16518 16013
f 16014 16519 16022
f 16016 16025 4658
f 4660 16029 4664
f 4673 4669 16021
f 16015 4668 16008
f 16012 16003 16513
f 16512 16002 16000
f 16509 15998 16501
f 16500 15997 15992
f 16497 15988 16489
f 16488 15987 15985
f 16485 15981 16477
f 16476 15980 15977
f 16473 15975 16465
f 16464 15974 15972
f 16461 15968 16453
f 16452 15967 15965
f 16449 15963 16441
f 16439 15962 15958
f 16437 15954 16428
f 16427 15953 15098
f 16426 15096 15946
f 15941 15093 13729
f 15945 13733 13728
f 16417 15923 16419
f 16422 15926 15108
f 16423 15109 16431
f 16435 15114 16522
f 16436 16523 16446
f 16447 16524 16527
f 16448 16528 16456
f 16457 16529 16533
f 16460 16534 16468
f 16469 16536 16539
f 16472 16542 16480
f 16481 16543 16545
f 16484 16548 16492
f 16493 16549 16551
f 16496 16554 16504
f 16505 16555 16557
f 16508 16560 16516
f 16517 16561 16563
f 16520 16566 16023
f 16024 16567 15200
f 16026 15203 4643
f 4644 15204 2103
f 15106 15908 15111
f 15112 15910 15916
f 15113 15917 16521
f 16525 15921 16570
f 16526 16571 16530
f 16531 16572 16575
f 16532 16576 16535
f 16537 16577 16581
f 16538 16582 16540
f 16541 16584 16587
f 16544 16589 16546
f 16547 16591 16593
f 16550 16596 16552
f 16553 16597 16599
f 16556 16602 16558
f 16559 16603 16605
f 16562 16608 16564
f 16565 16609 16611
f 16568 16614 15201
f 15202 16615 15209
f 15208 15212 2130
f 2131 15213 2134
f 16409 16621 16398
f 16397 16618 16627
f 16395 16624 16405
f 16404 16623 16633
f 16401 16630 16638
f 16637 16629 16645
f 16634 16642 16650
f 16648 16641 16657
f 16646 16654 16661
f 16659 16653 16669
f 16658 16668 16673
f 16672 16665 16680
f 16670 16679 15059
f 15876 15841 15880
f 15881 15843 15850
f 15882 15851 15067
f 15070 15857 16270
f 15072 16272 15080
f 15083 16274 16276
f 15085 16278 15087
f 15089 16280 16282
f 15090 16284 16239
f 16240 16286 16288
f 16243 16290 16245
f 16246 16292 16294
f 16249 16296 16251
f 16253 16298 16300
f 16255 16302 16257
f 16259 16304 16306
f 16261 16308 16263
f 16266 16309 15642
f 16268 15644 15618
f 15620 15648 15650
f 15623 15652 15625
f 15060 15071 16671
f 16674 15073 15081
f 16675 15082 16660
f 16662 15084 15074
f 16663 15075 16647
f 16649 15076 16174
f 16651 16175 16635
f 16636 16177 16161
f 16639 16163 16402
f 16403 16164 16157
f 16407 16159 16390
f 16391 16160 16154
f 16392 16155 16377
f 16379 16156 16231
f 16378 16230 16365
f 16367 16232 16219
f 16366 16218 16353
f 16355 16220 16207
f 16354 16206 16341
f 16343 16208 16194
f 16342 16192 16329
f 16330 16196 16180
f 16331 16181 16317
f 16321 16183 15599
f 16322 15601 15143
f 15145 15602 15611
f 15146 15612 15590
f 15394 15371 15397
f 15398 15372 15336
f 15402 15339 16683
f 1946 1934 15263
f 15262 1933 15256
f 15264 15257 15196
f 15190 15255 1901
f 15197 1902 1914
f 4908 4902 15278
f 15280 4903 15268
f 15273 15267 15293
f 15292 15266 15182
f 15294 15184 15341
f 15340 15183 15260
f 15338 15259 16682
f 16686 15265 15199
f 16684 15198 16692
f 16689 15192 1975
f 16688 1974 15252
f 15251 1973 1969
f 15249 1968 1999
f 15420 15406 15408
f 15411 15407 15399
f 15413 15400 15431
f 15432 15401 16681
f 15435 16687 16699
f 16697 16685 16693
f 16694 16691 16704
f 16703 16690 15253
f 16700 15247 16710
f 16709 15246 15243
f 16706 15237 15233
f 15232 15236 2081
f 15235 2082 2078
f 15914 15894 15918
f 15919 15896 15885
f 15920 15886 16569
f 16573 15891 15062
f 16574 15063 16578
f 16579 15064 15055
f 16580 15056 16583
f 16585 15057 16676
f 16586 16677 16588
f 16590 16678 16664
f 16592 16666 16594
f 16595 16667 16652
f 16598 16655 16600
f 16601 16656 16640
f 16604 16643 16606
f 16607 16644 16628
f 16610 16631 16612
f 16613 16632 16622
f 16616 16625 15210
f 15211 16626 16617
f 15218 16619 15226
f 15227 16620 16408
f 15234 16411 16707
f 16708 16413 16108
f 16711 16112 16702
f 16701 16111 16036
f 16705 16039 16696
f 16695 16038 16030
f 16698 16034 15434
f 15433 16033 15181
f 15429 15178 15440
f 15439 15176 15172
f 16713 16721 16725
f 13106 13185 16735
f 13227 13211 16743
f 16744 13212 13208
f 16742 13207 13259
f 13190 13204 16753
f 16751 13203 13232
f 13186 13182 16736
f 16734 13181 13169
f 16733 13168 13156
f 16762 13142 13111
f 16769 13132 16718
f 16716 13131 13125
f 16717 13126 16723
f 16724 13127 13147
f 16773 16780 16787
f 16784 16778 16790
f 16783 16789 16728
f 16729 16791 16795
f 16730 16796 16714
f 16799 16803 16815
f 16816 16804 16820
f 16814 16819 16833
f 16834 16821 16836
f 16832 16835 16842
f 16800 16817 16845
f 16846 16818 16852
f 16847 16853 16855
f 16863 16866 16808
f 16868 16872 16813
f 16811 16871 16878
f 16812 16879 16851
f 16889 16896 16900
f 16907 16862 16911
f 16885 15675 15671
f 16897 16890 16920
f 15670 15690 16883
f 16884 15691 15696
f 16882 15695 16918
f 16916 15694 16924
f 16917 16925 16931
f 16934 15656 16941
f 16939 15653 15640
f 16940 15641 16888
f 16886 15639 15635
f 16887 15636 15676
f 15118 15631 16947
f 16948 15632 15626
f 16954 15610 15596
f 16958 15598 16952
f 16945 15595 15121
f 16946 15122 15117
f 15134 15593 16963
f 16962 15592 15614
f 13262 15559 13257
f 13256 15558 15585
f 13258 15587 16741
f 16746 15589 15575
f 16748 15576 16965
f 16960 15572 15137
f 16961 15138 15132
f 15627 15654 16949
f 16950 15655 16932
f 16951 16933 16956
f 16959 16936 16972
f 16964 16976 16747
f 16749 16978 16756
f 16745 16750 13228
f 13229 16752 13233
f 13150 13192 16983
f 16981 13191 16754
f 16986 16757 16989
f 16987 16755 16977
f 16990 16979 16970
f 16974 16980 16968
f 16969 16966 16955
f 16957 16967 15616
f 16953 15615 15609
f 16841 16772 16831
f 16829 16771 16785
f 16830 16786 16998
f 16996 16782 16726
f 16997 16727 16764
f 16759 16722 13145
f 16761 13146 13141
f 13110 13107 16760
f 16758 13105 16732
f 16763 16739 16993
f 16994 16740 17002
f 16995 17003 16825
f 16912 16864 16809
f 16913 16810 17010
f 17009 16807 16828
f 17008 16827 17015
f 17014 16826 17004
f 16901 16904 16891
f 16893 16905 16909
f 16892 16908 16942
f 16944 16910 17006
f 16943 17005 16937
f 16938 17007 17013
f 16935 17011 16971
f 16975 17012 17000
f 16973 16999 16991
f 16992 17001 16738
f 16988 16737 16985
f 16982 16731 13154
f 16984 13155 13151
f 17017 17026 17042
f 17045 17052 17039
f 13016 13072 17060
f 17064 17067 17028
f 17070 17077 17084
f 17068 17089 17029
f 17033 17090 17093
f 17032 17092 17069
f 17063 17027 17101
f 17102 17031 17024
f 17100 17022 17107
f 17108 17023 12869
f 17106 12868 12863
f 13073 13067 17021
f 17019 13066 13061
f 17020 13062 12867
f 17112 13030 17054
f 17055 13032 13017
f 17056 13018 13013
f 13057 13053 17113
f 17114 13054 13048
f 17115 13049 13031
f 14020 14015 17118
f 13058 17116 12725
f 12723 17109 17124
f 12724 17126 12732
f 12730 17125 14017
f 12728 14016 12845
f 14005 14038 17122
f 17121 14037 14034
f 17120 14033 14021
f 13997 13432 17129
f 17130 13433 13427
f 17131 13428 14010
f 17038 17051 17141
f 17036 17139 17136
f 17133 17138 17147
f 17128 17143 13996
f 13995 17142 13991
f 13992 17148 17153
f 13990 17151 13987
f 17071 17085 17034
f 17030 17082 17156
f 17025 17154 17040
f 17043 17159 17048
f 13071 17018 17059
f 17058 17016 17041
f 17057 17037 17117
f 17111 17035 17135
f 17110 17134 17127
f 17119 17132 14011
f 17123 14012 14006
f 17165 17169 15327
f 15328 17170 17175
f 15326 17173 14308
f 15329 15323 17166
f 17163 15322 15317
f 17164 15318 17180
f 17179 15316 17184
f 15319 15313 17186
f 17183 15312 15308
f 17185 15309 17191
f 17189 15307 15303
f 17190 15304 17196
f 17194 15302 15297
f 17195 15298 17202
f 17201 15296 15363
f 17199 15362 17206
f 17208 15364 15359
f 17207 15358 17213
f 17211 15357 15353
f 17212 15354 17219
f 17216 15352 15348
f 17217 15349 17223
f 17233 17242 17246
f 17244 17250 17229
f 17230 17251 17255
f 17227 17254 17220
f 17225 17258 17262
f 17224 17261 17218
f 17267 17270 17276
f 17277 17271 17284
f 17274 17282 17228
f 17231 17285 17288
f 17232 17289 17241
f 17293 17299 17303
f 17301 17298 17316
f 17305 17317 17273
f 17272 17313 17318
f 17275 17321 17266
f 17326 17331 17335
f 17332 17329 17300
f 17302 17330 17344
f 17304 17345 17294
f 17349 17353 17356
f 17357 17354 17367
f 17355 17366 17333
f 17336 17368 17372
f 17334 17371 17325
f 17376 17378 17388
f 17389 17379 17393
f 17390 17394 17400
f 17401 17395 17404
f 17405 17396 17411
f 17409 17392 17413
f 17410 17417 17427
f 17426 17416 17432
f 17430 17414 17433
f 17431 17435 17441
f 17442 17436 17448
f 17444 17449 17454
f 15505 15493 17420
f 15492 15488 17418
f 17423 15489 17460
f 17415 17456 17434
f 17437 17457 17463
f 17438 17464 17450
f 15482 15477 17381
f 17382 15478 15463
f 17383 15464 17398
f 17399 15465 15460
f 17397 15458 17419
f 17422 15459 15511
f 17421 15510 15506
f 15455 15483 17360
f 17363 15484 17384
f 17358 17380 17350
f 17348 17377 17375
f 15436 15170 17338
f 17340 15171 15167
f 17337 15166 17362
f 17361 15165 15442
f 17359 15441 15454
f 15437 17339 15423
f 15424 17341 17311
f 15422 17310 15415
f 15386 15404 17308
f 17307 15403 15418
f 17309 15419 15414
f 15388 17312 15392
f 15390 17306 17278
f 15391 17280 15369
f 15367 17279 17234
f 15368 17235 15373
f 15347 15343 17222
f 17221 15342 15381
f 17226 15383 17238
f 17236 15382 15377
f 17237 15378 15374
f 17467 17472 17476
f 17487 17489 17495
f 17501 17506 17509
f 14283 14269 17522
f 14239 14327 17530
f 14309 17174 14314
f 14313 17172 17536
f 14312 17535 14318
f 14317 17534 17542
f 14319 17543 14324
f 14323 17541 17548
f 14322 17546 14329
f 14330 17547 17552
f 14328 17551 17532
f 14265 14261 17560
f 17558 14260 14245
f 17559 14246 14241
f 14284 17523 14287
f 14288 17525 17566
f 14289 17567 13382
f 13381 17565 17575
f 13380 17574 13387
f 13386 17573 17579
f 13388 17582 14227
f 13404 13398 17589
f 17592 13402 14238
f 17591 14237 17583
f 17581 14233 14230
f 17580 14229 14225
f 14208 14221 17599
f 17600 14222 14216
f 17603 14220 17590
f 17588 14215 14212
f 17587 14211 13403
f 14152 14165 17607
f 17610 14166 14171
f 17609 14170 17602
f 17601 14169 14195
f 17598 14194 14207
f 17617 17622 17626
f 17616 17625 17593
f 17597 17627 17608
f 17514 17632 17635
f 17515 17636 17612
f 17615 17638 17640
f 17618 17643 17623
f 17507 17649 17510
f 17508 17648 17651
f 17513 17652 17631
f 17657 17665 17671
f 17488 17486 17658
f 17654 17483 17673
f 17656 17675 17664
f 17661 17680 17492
f 17491 17678 17474
f 17490 17473 17496
f 17497 17475 17471
f 17684 17692 17696
f 17697 17693 17707
f 17695 17702 17477
f 17479 17704 17713
f 17478 17712 17468
f 17714 17719 17683
f 17685 17722 17725
f 17686 17726 17694
f 17730 17570 17735
f 17736 17572 17562
f 17737 17564 17741
f 17740 17563 17517
f 17746 17756 17521
f 17520 17755 17760
f 17519 17759 17743
f 14270 14264 17524
f 17526 14267 17561
f 17518 17553 17745
f 17750 17556 17764
f 14240 17531 17557
f 17554 17527 17765
f 17555 17768 17763
f 17731 17718 17571
f 17568 17717 17687
f 17569 17689 17578
f 17577 17688 17699
f 17576 17698 17584
f 17586 17700 17481
f 17585 17480 17595
f 17596 17482 17682
f 17594 17681 17619
f 17614 17679 17660
f 17613 17659 17516
f 17512 17655 17670
f 17511 17669 17502
f 17650 17645 17771
f 17772 17779 17781
f 17780 17775 17790
f 17785 17793 17798
f 17653 17774 17633
f 17629 17773 17782
f 17803 17642 17789
f 17788 17639 17637
f 17783 17634 17630
f 17611 17628 17807
f 17624 17620 17801
f 17802 17621 17641
f 17605 17811 14188
f 17606 14189 14151
f 17604 17806 17810
f 17809 17805 17819
f 17808 17815 17820
f 14184 14190 17828
f 17830 14191 17814
f 17829 17812 17834
f 17835 17813 17823
f 17797 17838 17784
f 17786 17839 17841
f 17787 17842 17799
f 17800 17844 17846
f 17804 17849 17818
f 17791 17777 17852
f 17861 17864 17870
f 17859 17867 17879
f 17884 17891 17893
f 17894 17878 17886
f 17885 17877 17866
f 17887 17869 17900
f 17899 17868 17902
f 17901 17904 17912
f 17915 17920 17923
f 17924 17921 17933
f 17927 17935 17937
f 17936 17934 17945
f 17938 17947 17950
f 17949 17946 17958
f 17948 17956 17903
f 17905 17957 17962
f 17906 17963 17913
f 17917 17925 17967
f 17968 17926 17970
f 17966 17969 17854
f 17856 17973 17796
f 17855 17794 17792
f 17845 17843 17974
f 17972 17840 17837
f 17971 17836 17795
f 17833 17822 17985
f 17981 17821 17817
f 14141 14129 17992
f 17991 14128 14124
f 17990 14123 17827
f 17826 14122 14175
f 17825 14174 14183
f 14142 17993 14148
f 14147 17989 17999
f 14146 17998 14095
f 14094 17997 18004
f 14096 18005 14099
f 18017 14092 18024
f 18022 14090 14117
f 18023 14118 18003
f 18007 14119 14113
f 18006 14112 14100
f 14070 14067 18013
f 18012 14066 14076
f 18014 14077 14089
f 18026 18008 18034
f 12779 14071 18043
f 18045 14075 18018
f 18044 18015 18048
f 18049 18016 18029
f 18052 18057 18030
f 18059 18062 18035
f 18037 18063 18069
f 18036 18068 18027
f 17824 17832 17988
f 17987 17831 17984
f 17986 17982 17995
f 17996 17983 18075
f 17994 18074 18002
f 18001 18073 18081
f 18000 18079 18020
f 18021 18080 18087
f 18019 18085 18010
f 18011 18086 18092
f 18009 18091 18038
f 17865 18053 17871
f 17872 18054 18031
f 17873 18032 17907
f 17908 18033 18088
f 17909 18089 17951
f 17952 18090 18082
f 17953 18084 17940
f 17939 18083 18076
f 17941 18077 17928
f 17929 18078 18070
f 17930 18071 17975
f 17976 18072 17978
f 17977 17979 17847
f 17848 17980 17816
f 12892 12907 18098
f 18103 18109 18112
f 18121 18125 18135
f 18133 18123 18138
f 18132 18137 18144
f 18150 18156 18160
f 18161 18157 18170
f 18104 18114 18175
f 17890 18180 17892
f 17895 18182 17880
f 18181 18152 17875
f 17874 18151 18163
f 17876 18165 17858
f 17857 18164 18185
f 17860 18188 17862
f 18066 18061 18199
f 18198 18060 18058
f 18193 18055 18187
f 18189 18056 18050
f 18190 18051 17863
f 12778 18040 12773
f 12774 18041 18203
f 12775 18206 12762
f 18212 12968 12963
f 12964 12959 18213
f 18214 12960 12956
f 18211 12955 18207
f 18205 12954 12985
f 18204 12984 12761
f 18094 12903 18219
f 12919 12926 18230
f 18228 12925 12938
f 18226 12937 12941
f 12886 12900 18099
f 18097 12899 12896
f 18096 12895 12891
f 12860 12870 18233
f 18236 12873 18244
f 18234 18241 18248
f 18247 18240 18254
f 18251 18238 18260
f 18250 18258 18265
f 18271 18276 18255
f 18257 18278 18281
f 18259 18282 18266
f 18286 18291 18296
f 18294 18290 18301
f 18297 18302 18267
f 18270 18304 18309
f 18269 18308 18275
f 18313 18320 18322
f 18319 18312 18330
f 18326 18311 18336
f 18327 18338 18341
f 18122 18344 18126
f 18129 18345 18348
f 18127 18347 18331
f 18333 18351 18354
f 18334 18355 18340
f 12872 12890 18243
f 18242 12887 18100
f 18239 18093 18261
f 18262 18095 18221
f 18256 18216 18272
f 18273 18218 18361
f 18268 18357 18298
f 18299 18359 18368
f 18310 18370 18335
f 18337 18372 18379
f 18332 18375 18128
f 18130 18377 18116
f 18124 18110 18139
f 18140 18111 18108
f 12942 12980 18227
f 18229 12981 12973
f 18224 12967 18384
f 18386 12969 18215
f 18382 18208 18389
f 18391 18210 18396
f 18394 18209 18200
f 18397 18202 18401
f 18400 18201 18039
f 18402 18042 18046
f 18169 18176 18159
f 18158 18174 18113
f 18162 18117 18184
f 18183 18115 18376
f 18186 18380 18192
f 18191 18378 18371
f 18194 18373 18364
f 18365 18374 18316
f 18363 18315 18293
f 18292 18314 18323
f 18295 18324 18285
f 18047 18028 18403
f 18398 18025 18065
f 18399 18067 18395
f 18393 18064 18197
f 18392 18196 18388
f 18387 18195 18366
f 18390 18369 18383
f 18381 18367 18358
f 18385 18362 18225
f 18223 18360 18217
f 18231 18220 12920
f 12921 18222 12904
f 18408 18411 18419
f 18264 18280 18431
f 18436 18444 18449
f 18458 18464 18468
f 18459 18469 18442
f 18445 18470 18475
f 18443 18473 18448
f 18349 18346 18454
f 18453 18343 18119
f 18450 18118 18437
f 18438 18120 18134
f 18435 18131 18143
f 18350 18455 18352
f 18356 18457 18481
f 18353 18478 18339
f 18287 18325 18488
f 18417 18289 18284
f 18321 18318 18484
f 18482 18317 18328
f 18483 18329 18342
f 18279 18277 18429
f 18426 18274 18306
f 18425 18305 18422
f 18423 18307 18303
f 18416 18300 18288
f 18263 18430 18249
f 18252 18434 18491
f 18253 18492 18245
f 18496 17098 17105
f 18246 18493 18232
f 18237 18494 17104
f 18235 17103 12861
f 18503 17087 17066
f 17065 17062 18502
f 18500 17061 17096
f 18501 17097 18506
f 18508 17099 18497
f 18507 18495 18513
f 18510 18490 18518
f 18514 18489 18432
f 18517 18433 18522
f 18412 18526 18420
f 18418 18525 18528
f 18421 18529 18424
f 18427 18530 18534
f 18428 18535 18520
f 18283 18487 18415
f 18414 18486 18541
f 18413 18539 18405
f 18476 18545 18452
f 18451 18544 18547
f 18456 18550 18480
f 18479 18548 18551
f 18485 18555 18540
f 18527 18523 18560
f 18572 18576 18581
f 18499 18591 17086
f 17088 18595 18598
f 18610 18615 18587
f 18588 18616 18618
f 18623 18597 18628
f 18630 18599 18596
f 18629 18594 18635
f 18634 18593 18621
f 18641 18643 18563
f 18567 18644 18647
f 18564 18646 18603
f 18607 18650 18654
f 18606 18653 18613
f 18577 18659 18582
f 18580 18658 18661
f 18585 18664 18557
f 18556 18663 18667
f 18562 18669 18640
f 18673 18677 18685
f 18686 18678 18569
f 18694 18700 18682
f 18679 18698 18705
f 18680 18706 18671
f 18570 18578 18687
f 18688 18579 18552
f 18689 18553 18549
f 18546 18542 18683
f 18684 18543 18474
f 18681 18472 18693
f 18695 18477 18471
f 18692 18467 18463
f 18524 18410 18561
f 18559 18409 18407
f 18558 18406 18586
f 18584 18404 18538
f 18583 18537 18554
f 18531 18566 18536
f 18532 18565 18604
f 18533 18605 18519
f 18498 18504 18590
f 18592 18505 18512
f 18589 18511 18611
f 18608 18509 18515
f 18609 18516 18521
f 18708 18717 18727
f 18720 18714 18732
f 18670 18703 18736
f 18748 18752 18756
f 18633 18762 18627
f 18626 18760 18622
f 18769 18776 18781
f 18777 18771 18787
f 18778 18790 18792
f 18791 18789 18798
f 18804 18809 18713
f 18814 18823 18828
f 18815 18829 18802
f 18832 18839 18825
f 18826 18840 18843
f 18827 18844 18801
f 18849 18862 18867
f 18865 18873 18875
f 18884 18888 18892
f 18893 18889 18901
f 18738 18905 18911
f 18906 18739 18915
f 18913 18735 18702
f 18914 18704 18697
f 18672 18742 18675
f 18674 18741 18918
f 18676 18919 18568
f 18571 18924 18574
f 18573 18922 18926
f 18575 18929 18657
f 18649 18645 18938
f 18934 18642 18638
f 18936 18639 18946
f 18944 18637 18668
f 18942 18665 18930
f 18931 18666 18662
f 18928 18660 18656
f 18648 18937 18651
f 18655 18940 18950
f 18652 18948 18612
f 18614 18951 18617
f 18619 18953 18784
f 18620 18786 18631
f 18636 18788 18772
f 18632 18770 18761
f 18958 18961 18967
f 18966 18960 18972
f 18979 18983 18819
f 18818 18982 18985
f 18822 18987 18824
f 18831 18989 18993
f 18830 18992 18833
f 18835 18994 18999
f 18834 18998 19002
f 18803 18710 18816
f 18813 18707 18726
f 18812 18724 18820
f 18821 18725 19013
f 18817 19011 18978
f 18973 19014 18968
f 18971 19017 19021
f 18969 19018 18728
f 18731 19023 19025
f 18733 19026 18721
f 18722 19028 19031
f 18723 19032 19012
f 18751 19036 18755
f 18754 19035 18859
f 18758 18861 19038
f 19037 18860 18847
f 19042 18850 19044
f 19045 18856 19049
f 18903 18745 18894
f 18895 18747 18753
f 18898 18757 19055
f 19056 18759 19039
f 19059 19041 19062
f 19061 19040 19043
f 19064 19047 19068
f 19066 19046 19050
f 19070 19053 19074
f 18866 18877 18848
f 18853 18880 19081
f 18851 19080 19083
f 19084 18954 18852
f 18855 18957 18965
f 18854 18964 19048
f 19052 18970 18730
f 19051 18729 19072
f 19076 18734 18716
f 18808 18797 18712
f 18711 18796 18785
f 18709 18782 18718
f 18719 18783 18952
f 18715 18947 19075
f 19077 18949 18939
f 19073 18933 19069
f 19071 18935 18945
f 19067 18941 19063
f 19065 18943 18932
f 19060 18925 19057
f 19058 18927 18923
f 19054 18921 18897
f 18896 18920 18743
f 18891 18737 18881
f 18883 18740 18912
f 19091 19094 19100
f 19109 19113 19124
f 19127 19133 19138
f 19145 19152 19156
f 19163 19167 19171
f 19181 19184 19189
f 19191 19185 19165
f 19200 19203 19210
f 19207 19201 19211
f 19219 19228 19214
f 19213 19227 19233
f 19212 19232 19208
f 19237 19242 19245
f 19246 19243 19257
f 19244 19255 19218
f 19220 19258 19262
f 19221 19263 19229
f 19268 19274 19253
f 19278 19281 19284
f 19285 19282 19236
f 19288 19239 19292
f 19289 19238 19247
f 19293 19249 19297
f 19296 19248 19271
f 19300 19306 19314
f 19313 19305 19319
f 19309 19317 19323
f 19146 19159 19327
f 19128 19140 19331
f 19337 19342 19351
f 19350 19341 19355
f 19352 19356 19141
f 19142 19357 19361
f 19143 19362 19332
f 19122 19112 19349
f 19354 19114 19366
f 19353 19365 19338
f 19370 19374 19386
f 19385 19373 19388
f 19383 19387 19121
f 19125 19389 19394
f 19123 19393 19108
f 19369 19384 19399
f 19398 19382 19411
f 19397 19409 19412
f 19405 19417 19422
f 19413 19410 19429
f 19428 19408 19426
f 19427 19425 16768
f 19095 19436 19101
f 19102 19437 19439
f 19105 19442 19447
f 19164 19173 19190
f 19187 19172 19450
f 19194 19452 19457
f 19134 19330 19139
f 19136 19326 19158
f 19137 19160 19348
f 19346 19157 19462
f 19347 19463 19120
f 19118 19461 19468
f 19119 19469 19381
f 19379 19467 19106
f 19380 19107 19407
f 19404 19104 19445
f 19406 19446 19418
f 19456 19089 19193
f 19196 19090 19099
f 19195 19098 19473
f 19475 19103 19465
f 19474 19464 19479
f 19481 19466 19459
f 19480 19458 19311
f 19315 19460 19154
f 19312 19153 19299
f 19302 19155 19151
f 19199 19179 19202
f 19205 19180 19188
f 19204 19186 19215
f 19217 19192 19471
f 19216 19470 19222
f 19224 19472 19477
f 19223 19476 19250
f 19252 19478 19308
f 19251 19307 19265
f 19269 19310 19324
f 19484 13129 16765
f 19485 16766 19490
f 19169 19493 19174
f 19175 19494 19498
f 19509 19097 19515
f 19513 19096 19092
f 19511 19087 19517
f 19520 19088 19455
f 19516 19453 19499
f 19500 19454 19451
f 19497 19449 19170
f 16767 19424 19491
f 19486 19423 19419
f 19487 19421 19525
f 19523 19420 19448
f 19521 19443 19528
f 19531 19444 19441
f 19527 19440 19507
f 19505 19438 19435
f 19504 19434 19093
f 19522 19530 19535
f 13138 19548 13358
f 13357 19546 13334
f 13336 19540 13342
f 13341 19537 19555
f 19562 13350 19552
f 19554 13352 13347
f 19553 13346 13340
f 13309 13298 19560
f 13299 13285 19561
f 19563 13286 13281
f 19564 13282 13351
f 19573 13269 13080
f 13079 13076 19572
f 19571 13074 13326
f 19570 13325 19559
f 19566 13327 13321
f 19565 13320 13310
f 19577 19581 19586
f 19585 19580 19595
f 19587 19596 19600
f 19602 19605 19589
f 19588 19604 19608
f 19590 19609 19613
f 19621 19629 19632
f 19633 19631 19639
f 19634 19641 19582
f 19584 19643 19647
f 19583 19646 19576
f 19496 19653 19501
f 19502 19654 19657
f 19652 19666 19655
f 19658 19668 19672
f 19656 19671 19620
f 19622 19673 19676
f 19623 19677 19630
f 19508 19514 19664
f 19659 19512 19518
f 19660 19519 19503
f 13137 13133 19547
f 19544 13128 19482
f 19545 19483 19489
f 19488 19526 19543
f 19542 19524 19538
f 19541 19536 13330
f 13331 19539 13335
f 19529 19510 19534
f 19533 19506 19662
f 19532 19661 19549
f 19551 19663 19625
f 19550 19624 19556
f 19558 19626 19636
f 19557 19635 19567
f 19568 19637 19591
f 19569 19592 13264
f 13266 19593 19616
f 13265 19615 13270
f 19680 19684 19687
f 19701 17452 17447
f 19700 19703 19712
f 19713 19704 19716
f 19714 19717 19726
f 19733 19736 19742
f 19741 19735 19746
f 19739 19745 19715
f 19719 19748 19752
f 19718 19751 19727
f 19692 19607 19603
f 19681 19689 19760
f 19755 19686 19599
f 19756 19601 19597
f 15523 15518 19695
f 15161 13271 19619
f 19606 19691 19611
f 19612 19693 15515
f 19610 15514 19614
f 19618 15517 15150
f 19617 15149 15160
f 19685 19731 19688
f 19690 19732 19740
f 19694 19743 15520
f 15521 19744 19721
f 15522 19722 15535
f 19699 17445 19702
f 19706 17446 17462
f 19705 17461 17455
f 15536 19723 15541
f 15539 19720 19707
f 15540 19708 15545
f 15547 19709 17459
f 15546 17458 15487
f 17140 17050 19765
f 19769 19774 19779
f 19788 19792 19796
f 13982 13986 17150
f 19809 19812 19815
f 19816 19813 13980
f 19797 19794 19828
f 19827 19793 19832
f 19825 19831 19836
f 19776 19773 19800
f 19802 19775 19840
f 19799 19839 19789
f 19842 19846 19855
f 19856 19847 19861
f 19862 19867 19858
f 19854 19866 19871
f 19851 19870 19781
f 19784 19872 19876
f 19783 19875 19770
f 19877 17155 17081
f 19879 17083 17076
f 19878 19841 17158
f 17160 19843 19857
f 17157 19853 17047
f 17046 19852 19782
f 17044 19780 17049
f 13981 17149 19817
f 19821 17152 17145
f 19820 17144 19763
f 19764 17146 17137
f 19766 17053 19785
f 19762 19778 19819
f 19818 19777 19801
f 19814 19798 19808
f 19807 19795 19826
f 19806 13948 19810
f 19811 13949 13978
f 19835 19890 19822
f 19823 19891 13971
f 19824 13972 19805
f 19803 13968 13952
f 19804 13953 13946
f 19893 15928 13736
f 19901 15949 19897
f 19895 15947 15933
f 19894 15932 15929
f 15099 15924 19904
f 19902 15922 16414
f 19903 16415 15950
f 15897 15892 19913
f 15893 15913 19914
f 19911 15911 15907
f 19910 15905 19905
f 19906 15906 15103
f 19907 15104 15101
f 15840 19923 15845
f 15844 19921 19952
f 15839 15875 19922
f 19920 15873 15869
f 19919 15867 19912
f 19915 15868 15901
f 19916 15902 15899
f 19958 15862 19953
f 19955 15863 15859
f 19954 15858 15847
f 15835 15830 19962
f 15831 15822 19963
f 19960 15820 15817
f 19959 15816 15866
f 15781 19972 15777
f 15776 19971 19976
f 15780 19979 15766
f 15782 15795 19973
f 19970 15793 15800
f 19969 15797 19961
f 19964 15798 15811
f 19965 15812 15837
f 19983 15744 19980
f 19977 15742 15738
f 19978 15739 15765
f 15729 15760 19984
f 19986 15761 15757
f 19985 15756 15746
f 19993 15698 15708
f 19992 15707 19989
f 19988 15705 15735
f 19987 15734 15731
f 13967 19886 13975
f 13977 19887 20000
f 13928 13921 20005
f 20008 13923 13942
f 20007 13941 19997
f 19999 13945 13939
f 19998 13938 13976
f 13894 13888 20013
f 20016 13890 13909
f 20015 13908 20003
f 20006 13912 13907
f 20004 13906 13927
f 13847 13859 20021
f 20022 13860 13875
f 20024 13877 20011
f 20012 13879 13873
f 20014 13874 13895
f 13799 13838 20030
f 20028 13837 13824
f 20031 13826 20019
f 20020 13827 13821
f 20023 13822 13848
f 13798 20029 13806
f 13802 20027 20042
f 13805 20043 13818
f 13766 13760 20050
f 20049 13759 13786
f 20048 13785 20039
f 20040 13789 13781
f 20041 13782 13815
f 13734 13738 19892
f 19898 13741 13744
f 19896 13743 20053
f 20056 13747 13750
f 20054 13749 13445
f 13446 13441 20055
f 20058 13443 13756
f 20057 13753 20045
f 20046 13757 13776
f 20047 13777 13764
f 19996 20063 15700
f 15702 20064 20066
f 20067 20071 15703
f 15704 20072 16928
f 15697 16926 15718
f 15692 15684 16923
f 16921 15682 15678
f 16922 15681 16929
f 16927 15677 15719
f 20080 20084 20089
f 16877 16870 20096
f 20098 20102 16880
f 16881 20103 20107
f 16876 20106 16850
f 16854 20108 16856
f 20112 20122 20125
f 20126 20124 20133
f 20127 20134 20138
f 20147 20151 20118
f 20120 20152 20156
f 20119 20155 20132
f 20083 20159 20088
f 20093 20160 20164
f 20090 20163 20140
f 20143 20165 20169
f 20142 20168 20150
f 16895 16919 20094
f 20065 20078 20068
f 20070 20079 20086
f 20069 20085 20073
f 20074 20087 16914
f 20075 16915 16930
f 20144 16860 16906
f 20141 16902 20091
f 20095 16903 16899
f 20092 16898 16894
f 16861 20145 16865
f 16867 20146 20117
f 16869 20121 16873
f 16875 20123 20113
f 16874 20111 20097
f 16802 16849 20176
f 19395 19392 20183
f 16844 16839 19378
f 19431 16770 16720
f 16774 19371 19402
f 16719 16712 19430
f 19433 16715 16797
f 19432 16794 19414
f 19416 16798 16792
f 19415 16788 19400
f 19401 16793 16779
f 19403 16781 16776
f 19377 16837 19390
f 19372 16775 19375
f 19376 16777 16843
f 20179 19117 20187
f 20185 19115 19111
f 20184 19110 19396
f 19343 19339 20170
f 20177 19340 19367
f 20178 19368 19116
f 20190 19335 20198
f 19334 19363 20195
f 20196 19364 19360
f 20194 19359 20208
f 20218 20221 20227
f 20228 20222 20232
f 20226 20231 20199
f 20193 20230 20238
f 20192 20237 20189
f 20245 20253 20257
f 20258 20261 20246
f 20244 20260 20265
f 20247 20268 20215
f 20217 20269 20274
f 20216 20273 20219
f 20279 20289 20292
f 20293 20298 20280
f 20281 20299 20303
f 20278 20302 20305
f 20306 20311 20282
f 20283 20312 20317
f 20284 20318 20250
f 20252 20319 20324
f 20251 20323 20256
f 20330 20334 20212
f 20211 20333 20339
f 20210 20337 20197
f 20201 20338 20343
f 20200 20342 20229
f 16859 20109 20204
f 16848 16858 20175
f 20174 16857 20202
f 20180 20209 19345
f 19344 20207 19358
f 20110 20104 20205
f 20206 20105 20100
f 20203 20099 20327
f 20328 20101 20115
f 20329 20116 20348
f 20347 20114 20129
f 20346 20128 20139
f 19391 16838 20181
f 20186 16840 16823
f 20182 16822 20171
f 20173 16824 16806
f 20172 16805 16801
f 20353 20359 20365
f 20288 20372 20377
f 20378 20387 20393
f 20396 20401 20405
f 20404 20400 20379
f 20409 20383 20417
f 20376 20369 20413
f 20414 20371 20427
f 20426 20370 20431
f 20424 20430 20435
f 20434 20440 20423
f 20422 20436 20442
f 20425 20447 20410
f 20407 20441 20449
f 20406 20448 20397
f 20304 20301 20458
f 20457 20300 20297
f 20463 20467 20472
f 20473 20468 20481
f 20308 20470 20315
f 20314 20469 20476
f 20316 20478 20320
f 20321 20479 20484
f 20322 20486 20255
f 20254 20485 20259
f 20263 20487 20492
f 20262 20491 20270
f 20490 20496 20266
f 20267 20497 20502
f 20264 20498 20271
f 20272 20500 20503
f 20275 20506 20220
f 19336 20191 20514
f 20509 20188 20236
f 20223 20508 20235
f 20234 20507 20520
f 20233 20519 20241
f 20240 20518 20524
f 20239 20523 20513
f 20354 20366 20529
f 20382 20394 20415
f 20419 20395 20533
f 20420 20534 20527
f 20528 20363 20421
f 20418 20362 20456
f 20416 20453 20408
f 20411 20454 20295
f 20412 20296 20375
f 20374 20294 20291
f 20373 20290 20285
f 20307 20459 20313
f 20310 20455 20361
f 20309 20360 20471
f 20475 20364 20358
f 20474 20357 20464
f 20510 20522 20539
f 20356 20350 20543
f 20553 20556 20563
f 20562 20568 20552
f 20551 20567 20573
f 20550 20572 20577
f 20582 20391 20386
f 20587 20389 20593
f 20554 20547 20596
f 20555 20598 20388
f 20384 20594 20600
f 20385 20602 20590
f 20392 20583 20530
f 20531 20584 20604
f 20532 20605 20525
f 20526 20606 20349
f 20351 20608 20611
f 20352 20614 20545
f 20493 20488 20621
f 20622 20489 20482
f 20483 20477 20623
f 20625 20480 20465
f 20626 20466 20462
f 20517 20504 20634
f 20635 20505 20501
f 19333 20511 19129
f 19130 20512 20541
f 19126 20535 19132
f 19135 20537 20644
f 19131 20641 19329
f 19328 20640 19147
f 20647 20657 19325
f 19318 19303 20659
f 20660 19304 19298
f 20664 19301 19150
f 19291 19295 20673
f 20671 19294 19270
f 20675 19272 20653
f 20654 19273 19266
f 20655 19267 19321
f 20669 20680 20685
f 19290 20672 19287
f 19286 20670 20686
f 19283 20684 19277
f 20691 20695 20666
f 20668 20696 20700
f 20667 20699 20679
f 20705 20710 20714
f 20713 20709 20721
f 20727 20731 20734
f 20732 20730 20740
f 20736 20743 20747
f 20744 20742 20751
f 20748 20752 20760
f 20764 20769 20778
f 20767 20783 20774
f 20773 20782 20787
f 20771 20785 20754
f 20756 20789 20793
f 20753 20791 20761
f 19322 19316 20645
f 20648 19320 20661
f 20651 20662 20637
f 20638 20663 19148
f 20639 19149 19144
f 20800 20803 20807
f 20808 20804 20812
f 20811 20815 20628
f 20817 20763 20824
f 20822 20762 20776
f 20823 20777 20828
f 20588 20818 20581
f 20585 20821 20825
f 20586 20826 20607
f 20609 20827 20831
f 20610 20832 20612
f 20613 20833 20617
f 20615 20620 20546
f 20544 20616 20461
f 20542 20460 20355
f 20499 20495 20632
f 20631 20494 20624
f 20627 20619 20810
f 20809 20618 20834
f 20806 20830 20799
f 20798 20829 20779
f 20795 20775 20717
f 20716 20772 20755
f 20711 20749 20703
f 20704 20750 20741
f 20722 20690 20715
f 20712 20689 20665
f 20718 20676 20796
f 20794 20674 20652
f 20797 20658 20802
f 20801 20656 20646
f 20805 20649 20813
f 20814 20650 20636
f 20816 20642 20629
f 20630 20643 20536
f 20633 20540 20516
f 20515 20538 20521
f 20786 20781 20841
f 20843 20848 20855
f 20859 20868 20871
f 20869 20865 20878
f 20875 20883 20893
f 20872 20889 20862
f 20896 20902 20909
f 20910 20903 20914
f 20917 20898 20922
f 20932 20936 20943
f 20929 20941 20924
f 20923 20940 20918
f 20944 20951 20959
f 20960 20952 20967
f 20963 20968 20971
f 20975 20979 20995
f 20994 20978 20998
f 20993 20997 21006
f 21007 20999 21009
f 21005 21008 20947
f 20950 21010 21014
f 20949 21013 20953
f 20548 20576 21020
f 21023 20578 20845
f 20601 20595 21019
f 21021 20597 20549
f 20844 20857 21022
f 21018 20853 21029
f 21017 21025 20599
f 20765 20819 21037
f 21038 20820 20589
f 20840 20780 21034
f 21036 20784 20768
f 21039 20770 20766
f 21043 20725 21046
f 21048 20726 20733
f 20735 20746 21052
f 21051 20745 20758
f 21049 20757 20836
f 20838 20759 20790
f 20842 20792 20788
f 20879 21053 20870
f 20873 21055 21061
f 20874 21062 20881
f 20894 20908 20920
f 20919 20907 21069
f 20921 21071 20928
f 20927 21070 21076
f 20926 21074 21079
f 20962 20937 20948
f 20946 20933 20931
f 20945 20930 21004
f 21002 20925 21077
f 21003 21082 20991
f 20992 21083 21085
f 20996 21089 20976
f 20974 21087 21090
f 20911 20884 20905
f 20906 20886 21065
f 20904 21064 21068
f 21067 21063 21059
f 21066 21056 21072
f 21073 21057 21095
f 21075 21098 21080
f 21081 21099 21026
f 21078 21024 21084
f 21086 21028 20852
f 21088 20854 21091
f 21092 20856 20849
f 21033 21105 20839
f 20835 21102 21113
f 20837 21114 21050
f 21045 21111 21118
f 21047 21119 21044
f 21124 21127 21108
f 21110 21128 21133
f 21109 21132 21117
f 20864 21120 20876
f 20877 21121 21106
f 20880 21107 21054
f 21058 21112 21101
f 21060 21103 21096
f 21097 21104 21032
f 21100 21035 21027
f 21031 21040 20592
f 21030 20591 20603
f 21137 21154 21182
f 21187 21160 21189
f 21198 21158 21186
f 21199 21190 21162
f 21204 21200 21164
f 21209 21205 21165
f 21214 21210 21166
f 21219 21215 21168
f 21224 21220 21170
f 21229 21225 21172
f 21234 21230 21175
f 21240 21235 21176
f 21245 21239 21174
f 21250 21244 21173
f 21255 21249 21171
f 1722 1718 21261
f 21270 21272 21280
f 21288 21293 21297
f 21306 21310 21314
f 21325 21331 21333
f 21340 21342 17256
f 17315 17297 21354
f 17327 17322 21362
f 1711 1706 21371
f 21373 1707 21376
f 21372 21374 21387
f 21391 21394 21135
f 21138 21396 21177
f 21197 21183 21156
f 21400 21405 21410
f 21417 21420 21426
f 21430 21423 21435
f 21443 21448 21425
f 21427 21449 21418
f 17406 17412 21456
f 21451 17408 17425
f 17453 21441 17443
f 17440 21438 21453
f 17439 21452 17429
f 17428 21450 17424
f 17370 17365 21468
f 21462 17364 17351
f 17352 17346 21463
f 21465 17347 17374
f 21464 17373 17385
f 21473 17292 21366
f 21365 17290 17343
f 21364 17342 17328
f 21481 17264 21355
f 21356 17265 17320
f 21352 17319 17314
f 21484 17240 17287
f 17286 17283 21482
f 21480 17281 17269
f 21479 17268 17263
f 17252 17247 21490
f 21345 17204 17209
f 17210 17215 21349
f 21347 17214 17259
f 21348 17260 17257
f 17751 1073 1062
f 1048 17754 1052
f 1050 17753 17744
f 1053 17747 1056
f 1057 17749 1061
f 17748 17761 1065
f 1066 17762 17766
f 1067 17767 17528
f 17529 17549 1068
f 1069 17550 17544
f 1070 17545 17539
f 17538 17176 21506
f 21499 17171 17167
f 17168 17162 21500
f 21498 17161 17178
f 21496 17177 17181
f 17182 17188 21497
f 21494 17187 17192
f 21495 17193 17200
f 17205 21346 17197
f 17198 21351 21510
f 17203 21513 21502
f 1017 983 17708
f 1018 17711 1022
f 1021 17710 17701
f 1023 17703 1026
f 17724 17720 970
f 1027 17706 973
f 971 17705 17691
f 969 17690 17723
f 17721 17716 975
f 974 17715 17729
f 972 17727 1029
f 1030 17728 17732
f 1031 17734 1035
f 1034 17733 17738
f 1039 17742 1049
f 1044 17739 17757
f 1045 17758 17752
f 17674 1098 1095
f 17778 17769 998
f 999 17770 17644
f 1000 17646 1003
f 1004 17647 17503
f 1005 17505 1013
f 1012 17504 17498
f 1014 17499 1088
f 1090 17500 17668
f 1089 17666 1092
f 1093 17667 17662
f 1094 17663 17672
f 17494 17469 980
f 982 17470 17465
f 985 17466 17709
f 1099 17677 984
f 981 17676 17485
f 979 17484 17493
f 21514 21523 21323
f 21528 21531 21535
f 21546 21551 21284
f 21283 21550 21553
f 21287 21557 21292
f 21290 21556 21560
f 21291 21561 21564
f 1708 1702 21377
f 21379 1703 1700
f 21380 1701 1704
f 1705 1551 21381
f 21382 1552 1544
f 21384 1545 21570
f 21309 21542 21313
f 21317 21547 21285
f 21319 21286 21576
f 21578 21289 21298
f 21580 21300 21582
f 21326 21334 21517
f 21519 21335 21587
f 21520 21588 21595
f 21598 21590 21600
f 21597 21599 21606
f 1546 1543 21572
f 21571 1542 1553
f 21574 1554 21612
f 21532 21303 21536
f 21539 21308 21315
f 21541 21316 21618
f 21620 21318 21575
f 21621 21577 21623
f 21626 21579 21581
f 21627 21583 21629
f 21637 21609 21643
f 21642 21608 21602
f 21644 21603 21651
f 21649 21601 21592
f 21648 21591 21657
f 21655 21589 21337
f 21654 21336 21663
f 21661 21332 21330
f 21660 21329 21669
f 21282 21275 21676
f 21675 21274 21678
f 21677 21682 21688
f 1519 1516 21685
f 21684 1515 21693
f 21683 21692 21689
f 21690 21694 21698
f 1556 1493 21613
f 21614 1494 1506
f 21616 1507 21267
f 21265 1505 1510
f 21271 1511 21273
f 21277 1512 1523
f 21276 1522 21679
f 21681 1524 1521
f 21680 1520 1518
f 21707 21634 21638
f 21635 21632 21585
f 21636 21586 21607
f 21604 21584 21301
f 21605 21302 21596
f 21594 21299 21296
f 21593 21295 21518
f 21516 21294 21567
f 21515 21566 21524
f 21699 21717 21691
f 21687 21714 21711
f 21686 21710 21674
f 21673 21709 21641
f 21672 21640 21281
f 21278 21639 21645
f 21279 21647 21269
f 21268 21646 21653
f 21266 21652 21615
f 21611 21650 21659
f 21610 21658 21573
f 21569 21656 21665
f 21568 21664 21383
f 21378 21662 21671
f 21375 21670 21388
f 21715 21722 21712
f 21708 21720 21729
f 21706 21727 21633
f 21631 21725 21735
f 21630 21733 21628
f 21625 21730 21740
f 21624 21739 21622
f 21619 21736 21746
f 21617 21745 21540
f 21538 21742 21752
f 21537 21751 21529
f 21526 21749 21758
f 21766 21768 21774
f 21777 21771 21263
f 21776 21262 21782
f 21783 21264 1719
f 21781 1717 1715
f 1517 1514 21697
f 21696 1513 1491
f 21695 1489 21700
f 21701 1490 1487
f 21702 1488 1720
f 1721 21260 21705
f 21704 21259 21770
f 21703 21769 21718
f 21713 21767 21763
f 21716 21765 21723
f 21721 21761 21788
f 21719 21787 21728
f 21726 21784 21794
f 21724 21793 21734
f 21732 21790 21800
f 21731 21799 21741
f 21738 21797 21807
f 21737 21805 21747
f 21744 21803 21813
f 21743 21811 21753
f 21748 21809 21819
f 21750 21820 21759
f 21826 21829 21835
f 21837 21830 21839
f 21838 21840 21850
f 1731 21848 1429
f 1430 21851 21841
f 1431 21845 1433
f 1432 21844 1716
f 1730 1729 21857
f 21852 1728 1725
f 21855 1727 21864
f 21862 1726 1724
f 21861 1723 1739
f 21867 21853 21874
f 21875 21854 21863
f 21871 21859 21882
f 21884 21860 1738
f 21880 1737 1735
f 21916 21920 21924
f 21930 21923 21934
f 1736 1734 21881
f 21878 1733 1427
f 21879 1428 1426
f 1425 21929 21877
f 21876 21928 21933
f 21883 21937 21872
f 21870 21936 21940
f 21873 21943 21865
f 1424 21946 21926
f 21927 21947 1271
f 21925 1270 21918
f 21915 1269 1267
f 21914 1266 1388
f 1387 1395 21913
f 21912 1394 1400
f 21911 1399 1404
f 1403 1407 21910
f 21909 1406 1412
f 21908 1411 1418
f 1417 1286 21907
f 21906 1285 1283
f 21905 1282 1279
f 1278 1377 21903
f 21904 1378 1374
f 21902 1373 1370
f 1369 1366 21901
f 21900 1365 1361
f 21899 1360 1355
f 1354 1351 21898
f 21897 1350 1347
f 21896 1346 1344
f 1343 1338 21895
f 21894 1337 1330
f 21893 1329 1323
f 1322 1318 21892
f 21891 1317 1311
f 21890 1310 1304
f 1303 1297 21889
f 21888 1296 1291
f 21887 1290 1185
f 1184 21964 21886
f 21885 21962 21966
f 21917 21970 21921
f 21919 21968 21972
f 21922 21976 21932
f 21931 21974 21978
f 21935 21982 21939
f 1183 1261 21961
f 21960 1260 1257
f 21959 1256 1253
f 1252 1246 21958
f 21957 1245 1240
f 21956 1239 1232
f 1231 1224 21955
f 21954 1223 1217
f 21953 1216 1214
f 21985 21992 21999
f 21996 21989 22004
f 21995 22002 22012
f 22015 1141 22033
f 22031 1140 1135
f 22029 1134 1131
f 1213 1209 21952
f 21951 1208 1202
f 21950 1201 1194
f 1192 22023 21949
f 21948 22022 22036
f 21963 22039 21967
f 21965 22037 22041
f 21969 22045 21973
f 21971 22044 22048
f 21975 22051 21979
f 1193 1188 22024
f 22021 1187 1169
f 22020 1168 1164
f 1163 1156 22019
f 22018 1155 1148
f 22016 1147 1142
f 22000 22054 22009
f 22008 22052 22060
f 22007 22059 22069
f 17540 17533 1071
f 1072 17537 21504
f 1074 21505 1081
f 1082 21508 22071
f 1083 22073 1104
f 1132 1127 22030
f 22028 1126 1119
f 22027 1118 22077
f 22075 1117 1110
f 22074 1109 1105
f 22057 22080 22066
f 22065 22078 22086
f 22064 22085 22094
f 22091 22083 22098
f 22089 22095 21358
f 21361 22097 21493
f 21357 21489 21486
f 21485 21488 17245
f 21483 17243 17239
f 17253 17249 21339
f 21338 17248 21487
f 21341 21491 21343
f 21344 21492 22096
f 21350 22099 21509
f 21511 22100 22084
f 21512 22087 21501
f 21503 22088 22079
f 21507 22081 22070
f 22072 22082 22058
f 22076 22061 22025
f 22026 22062 22053
f 22032 22055 22013
f 22014 22056 22001
f 22017 22003 22034
f 22035 22005 21990
f 22038 21993 22042
f 22040 21991 21984
f 22043 21988 22047
f 22105 21942 22112
f 22111 21938 21981
f 22110 21980 22118
f 22117 21977 22050
f 22116 22049 22124
f 22120 22046 21986
f 22121 21987 22130
f 22126 21983 21997
f 22127 21998 22136
f 22132 21994 22010
f 22133 22011 22142
f 22138 22006 22067
f 22139 22068 22148
f 22144 22063 22092
f 22145 22093 22154
f 22149 22090 21359
f 22150 21360 21476
f 21474 21353 17296
f 21472 17295 17291
f 22159 22103 22166
f 22165 22101 22109
f 22164 22108 22172
f 22171 22107 22115
f 22170 22114 22178
f 22176 22113 22122
f 22177 22123 22184
f 22182 22119 22128
f 22183 22129 22190
f 22188 22125 22134
f 22189 22135 22196
f 22192 22131 22140
f 22193 22141 22202
f 22198 22137 22146
f 22199 22147 22208
f 22204 22143 22152
f 22205 22153 22214
f 22209 22151 21477
f 22210 21478 22218
f 22215 21475 21367
f 22216 21368 21469
f 21461 21363 17323
f 21467 17324 17369
f 22225 22156 22232
f 22230 22155 22162
f 22231 22163 22238
f 22237 22161 22169
f 22236 22168 22244
f 22243 22167 22175
f 22242 22174 22250
f 22248 22173 22180
f 22249 22181 22256
f 22254 22179 22186
f 22255 22187 22262
f 22260 22185 22194
f 22261 22195 22268
f 22266 22191 22200
f 22267 22201 22274
f 22272 22197 22206
f 22273 22207 22280
f 22276 22203 22212
f 22277 22213 22286
f 22281 22211 22219
f 22282 22220 22290
f 22288 22217 21471
f 22287 21470 22296
f 22294 21466 17387
f 22293 17386 21454
f 21458 17391 17403
f 21457 17402 17407
f 22304 22222 22308
f 22309 22223 22228
f 22310 22229 22316
f 22314 22227 22234
f 22315 22235 22322
f 22321 22233 22241
f 22320 22240 22328
f 22326 22239 22246
f 22327 22247 22334
f 22333 22245 22253
f 22332 22252 22340
f 22339 22251 22259
f 22338 22258 22346
f 22344 22257 22264
f 22345 22265 22352
f 22350 22263 22270
f 22351 22271 22358
f 22356 22269 22278
f 22357 22279 22364
f 22360 22275 22284
f 22361 22285 22370
f 22365 22283 22291
f 22366 22292 22374
f 22372 22289 22298
f 22371 22297 22379
f 22378 22295 21460
f 22377 21459 21428
f 21424 21455 21442
f 21257 22383 21251
f 21252 22385 22389
f 21253 22390 21246
f 21248 22391 22396
f 21247 22395 21241
f 21243 22397 22403
f 21242 22402 21238
f 21236 22401 22408
f 21237 22409 21233
f 21231 22407 22414
f 21232 22415 21228
f 21227 22413 22421
f 21226 22420 21223
f 21222 22419 22427
f 21221 22426 21218
f 21217 22425 22433
f 21216 22432 21213
f 21212 22431 22439
f 21211 22438 21208
f 21206 22437 22444
f 21207 22445 21203
f 21202 22443 22451
f 21201 22450 21193
f 21192 22449 22459
f 21191 22458 21188
f 21184 22457 22465
f 21185 22466 21196
f 21194 22464 22471
f 21195 22472 21181
f 21180 22470 21403
f 21179 21402 21136
f 21139 21404 21413
f 21134 21412 21390
f 22388 22300 22392
f 22393 22301 22305
f 22394 22306 22398
f 22399 22307 22312
f 22400 22313 22406
f 22405 22311 22319
f 22404 22318 22412
f 22411 22317 22325
f 22410 22324 22418
f 22416 22323 22330
f 22417 22331 22424
f 22423 22329 22337
f 22422 22336 22430
f 22428 22335 22342
f 22429 22343 22436
f 22434 22341 22348
f 22435 22349 22442
f 22440 22347 22354
f 22441 22355 22448
f 22446 22353 22362
f 22447 22363 22454
f 22452 22359 22368
f 22453 22369 22460
f 22455 22367 22375
f 22456 22376 22463
f 22462 22373 22382
f 22461 22381 22469
f 22468 22380 21432
f 22467 21431 21399
f 21398 21429 21434
f 21401 21436 21406
f 21178 22476 21817
f 21815 22473 22478
f 21814 22477 21755
f 1714 21843 21780
f 21779 21842 21832
f 21778 21831 21775
f 21772 21828 21825
f 21773 21827 21764
f 21760 21822 22484
f 21762 22486 21789
f 21786 22483 22492
f 21785 22490 21795
f 21792 22487 22497
f 21791 22496 21801
f 21798 22493 22503
f 21796 22502 21806
f 21804 22500 22510
f 21802 22508 21812
f 21810 22505 22514
f 21808 22513 21818
f 21816 22511 21167
f 1732 21858 21849
f 21846 21856 21868
f 21847 21869 21836
f 21833 21866 21944
f 21834 21945 21824
f 21821 21941 22104
f 21823 22106 22485
f 22481 22102 22158
f 22482 22160 22491
f 22489 22157 22226
f 22488 22224 22498
f 22495 22221 22303
f 22494 22302 22504
f 22501 22299 22387
f 22499 22386 22509
f 22507 22384 21258
f 22506 21256 22515
f 22512 21254 21169
f 22518 21163 22523
f 22530 21151 22536
f 22537 22546 22555
f 22554 22545 22562
f 22568 22574 22577
f 22586 22589 22596
f 22602 22606 22616
f 22619 22631 22640
f 21439 17451 19696
f 19254 19241 22648
f 22653 22655 17960
f 17916 959 17922
f 17919 956 953
f 17959 17954 22651
f 22654 17955 17943
f 22652 17942 950
f 951 17944 17931
f 952 17932 17918
f 17776 996 17850
f 17851 997 955
f 17853 957 17964
f 17965 958 17914
f 1566 17882 1567
f 1568 17883 17896
f 1569 17897 22656
f 22657 17898 17910
f 22658 17911 17961
f 1577 1574 18441
f 18439 1573 18447
f 18440 18145 1576
f 1578 18146 18142
f 1575 18141 1581
f 1579 18136 18105
f 1580 18107 1584
f 18106 18101 1582
f 1585 18102 18172
f 1583 18171 1586
f 1587 18173 18166
f 1588 18167 1589
f 1590 18168 18154
f 1591 18155 1559
f 1558 18153 18149
f 1557 18148 1561
f 1560 18147 18177
f 1562 18178 1563
f 1564 18179 17888
f 1565 17889 17881
f 1610 1608 18907
f 18904 1606 18909
f 18908 18916 1611
f 1612 18917 18699
f 1613 18701 1617
f 18696 18691 1615
f 1614 18690 18462
f 1616 18465 1570
f 1572 18466 18461
f 1571 18460 18446
f 18858 19034 1602
f 1598 19033 18749
f 18750 18746 1599
f 1595 18744 18900
f 1596 18902 1594
f 1593 18899 18887
f 1592 18886 1605
f 1609 18890 18885
f 1607 18882 18910
f 21116 21131 22662
f 21126 21123 22670
f 22669 21122 20866
f 22671 20867 20858
f 22678 22682 1624
f 1625 22683 22688
f 1623 22687 22693
f 1604 18869 1597
f 1601 18870 18864
f 1600 18863 18857
f 22692 22699 1622
f 1621 22698 18871
f 1629 18872 1631
f 1630 18868 1603
f 20728 20724 22663
f 22659 20723 21041
f 22660 21042 21115
f 22704 20687 20720
f 22703 20719 20707
f 22705 20708 22717
f 22713 20706 20701
f 22714 20702 20737
f 20681 20678 22720
f 22719 20677 20697
f 22721 20698 20692
f 19240 19235 22647
f 22646 19234 19280
f 22643 19279 19276
f 19198 19209 22730
f 19183 19178 22738
f 19206 19231 22726
f 22725 19230 19225
f 22727 19226 19260
f 22740 19648 19495
f 19492 19168 22739
f 22735 19166 19161
f 22736 19162 19182
f 19638 19628 22628
f 22626 19627 19674
f 22627 19675 19669
f 22745 19757 22756
f 22757 19761 19598
f 19594 19578 22753
f 22754 19579 19575
f 22751 19574 19644
f 19754 19749 22766
f 22763 19747 19737
f 19738 19734 22764
f 22761 19730 19683
f 22759 19682 19678
f 22770 21415 19728
f 19724 21414 21444
f 19725 21446 19711
f 19710 21445 19697
f 19698 21447 21440
f 21408 21437 22781
f 22779 21433 21422
f 22775 21421 22773
f 22772 21419 21416
f 21140 21395 22786
f 22789 21397 21393
f 22788 21392 22783
f 22778 21389 21409
f 22780 21411 21407
f 21370 21385 22796
f 21369 22795 1710
f 19729 19753 22771
f 22769 19750 22762
f 22774 22768 22777
f 22776 22767 22800
f 22782 22803 22785
f 22784 22802 22806
f 22787 22808 21150
f 19645 19642 22752
f 22750 19640 22630
f 22755 22632 22743
f 22744 22633 22620
f 22747 22622 22809
f 19670 19667 22629
f 22624 19665 19650
f 22625 19651 22637
f 22636 19649 22742
f 22634 22741 22732
f 22731 22737 19177
f 22729 19176 19197
f 22818 22821 22826
f 19261 22832 22728
f 22734 22837 22841
f 22733 22839 22635
f 22638 22842 22845
f 22639 22847 22618
f 22621 22850 22852
f 22623 22853 22810
f 22812 22856 22858
f 22864 22711 22873
f 22870 22706 22718
f 22869 22715 22666
f 22667 22716 20738
f 22668 20739 20729
f 19275 20682 22641
f 22642 20683 22723
f 22645 22724 22709
f 22702 22722 20693
f 22707 20694 20688
f 1643 22877 1620
f 1619 22874 22676
f 1618 22675 1628
f 1626 22672 20860
f 1627 20861 22680
f 22863 22883 22710
f 22712 22885 22890
f 22708 22888 22644
f 22650 22892 22835
f 22649 22831 19256
f 19259 22833 19264
f 22897 22603 22909
f 22904 22601 22613
f 22906 22615 22914
f 22912 22611 22881
f 22867 22916 22886
f 22887 22919 22925
f 22884 22923 22889
f 22893 22926 22930
f 22891 22929 22834
f 22838 22932 22936
f 22836 22935 22840
f 22844 22938 22942
f 22843 22941 22846
f 22848 22944 22947
f 22849 22949 22851
f 22854 22952 22954
f 22855 22955 22857
f 22860 22957 21146
f 1644 1641 22878
f 22879 1642 1639
f 22880 1640 22911
f 22910 1638 1635
f 22913 1636 22905
f 22907 1637 1632
f 22908 1634 22896
f 22895 1633 1646
f 22894 1645 1647
f 22527 22534 22599
f 1648 1650 22901
f 22900 1649 1655
f 22899 1654 1651
f 22608 22605 22959
f 22958 22604 22898
f 22962 22903 22966
f 22964 22902 1652
f 22969 1653 1671
f 22600 22593 22529
f 22528 22592 22970
f 22531 22973 21152
f 22978 21153 22974
f 22823 22820 22984
f 22980 22816 22989
f 22981 22991 22995
f 22992 22987 23001
f 22993 23003 23007
f 23004 23000 23014
f 23006 23015 23020
f 23016 23012 23024
f 23018 23027 23030
f 23028 23026 23036
f 23031 23039 23041
f 23040 23038 23048
f 23043 23050 23052
f 23059 23068 1668
f 21130 21125 22661
f 22664 21129 22673
f 22665 22674 22868
f 22872 22677 22876
f 22871 22875 22862
f 22865 22882 22612
f 22866 22614 22915
f 22917 22617 22607
f 22921 22610 23073
f 23071 22609 22960
f 23074 22963 23078
f 23077 22961 22965
f 23080 22968 23065
f 23064 22967 1669
f 23067 1670 1666
f 22975 22971 23086
f 23087 22972 22594
f 23083 22590 23092
f 23093 22591 22588
f 23089 22585 23099
f 23104 21155 22979
f 23054 23106 23044
f 23045 23108 23117
f 23042 23113 23032
f 23033 23114 23120
f 23029 23119 23017
f 23021 23122 23126
f 23019 23125 23005
f 23009 23128 23132
f 23008 23131 22994
f 22997 23134 23138
f 22996 23137 22982
f 22985 23140 23144
f 22983 23143 22822
f 22825 23146 21143
f 1662 23150 1661
f 1660 23148 23159
f 1659 23158 1658
f 1657 23156 23061
f 1656 23057 1664
f 1665 23058 1667
f 23101 22976 23165
f 23166 22977 23088
f 23162 23085 23170
f 23169 23084 23094
f 23168 23091 23176
f 23175 23090 23100
f 23174 23096 23181
f 23187 21157 23105
f 21145 23147 23194
f 23191 23145 23141
f 23192 23142 23199
f 23196 23139 23135
f 23198 23136 23206
f 23202 23133 23129
f 23204 23130 23212
f 23208 23127 23123
f 23210 23124 23216
f 23214 23121 23115
f 23217 23118 23221
f 23220 23116 23107
f 23224 23112 23228
f 22829 22824 21142
f 23056 23235 23109
f 23110 23237 23240
f 23111 23241 23226
f 23229 23243 23246
f 23231 23249 23252
f 23250 23248 23258
f 1663 1680 23151
f 23152 1681 1678
f 23153 1679 1675
f 1676 23256 23154
f 23155 23257 23247
f 23149 23245 23161
f 23160 23244 23242
f 23157 23239 23063
f 23062 23238 23236
f 23060 23233 23069
f 23070 23234 23055
f 23066 23053 23082
f 23081 23051 23049
f 23079 23046 23075
f 23076 23047 23037
f 23072 23034 22920
f 22922 23035 23025
f 22918 23022 22924
f 22928 23023 23011
f 22927 23010 22931
f 22934 23013 22999
f 22933 22998 22937
f 22940 23002 22988
f 22939 22986 22943
f 22946 22990 22817
f 22945 22815 22948
f 22950 22819 22827
f 22951 22828 22953
f 22956 22830 21144
f 19679 19759 22760
f 22758 19758 22746
f 22765 22748 22798
f 22799 22749 22811
f 22801 22814 22805
f 22804 22813 22859
f 22807 22861 21148
f 23186 23102 23264
f 23265 23103 23167
f 23263 23164 23271
f 23270 23163 23173
f 23269 23172 23277
f 23276 23171 23179
f 23275 23177 23282
f 23283 23178 23185
f 23281 23184 23289
f 23293 21159 23188
f 23251 23298 23230
f 23232 23299 23306
f 23227 23303 23223
f 23225 23305 23313
f 23222 23309 23218
f 23219 23311 23317
f 23215 23315 23209
f 23213 23319 23323
f 23211 23321 23203
f 23207 23324 23328
f 23205 23327 23197
f 23201 23331 23335
f 23200 23333 23193
f 23195 23336 21147
f 1436 1690 23343
f 1672 1438 23345
f 23295 23190 23352
f 23351 23189 23266
f 23354 23268 23358
f 23357 23267 23272
f 23359 23273 23363
f 23364 23274 23278
f 23365 23279 23369
f 23370 23280 23284
f 23371 23285 23375
f 23376 23286 23290
f 23377 23292 23383
f 23261 23390 23254
f 23253 23388 23381
f 23255 23384 23302
f 23301 23382 23291
f 23300 23287 23307
f 23308 23288 23183
f 23304 23180 23312
f 23314 23182 23097
f 23310 23095 23316
f 23320 23098 22584
f 23318 22583 23322
f 23326 22587 22597
f 23325 22595 23329
f 23332 22598 22533
f 23330 22532 23334
f 23337 22535 21149
f 22564 23397 23401
f 23398 23394 23340
f 22565 23402 22569
f 22570 23403 1684
f 22571 1686 1682
f 23342 1689 23399
f 23400 1691 1687
f 23404 1688 1685
f 1683 1698 22572
f 22573 1699 1695
f 22575 1696 22578
f 22579 1697 1692
f 22582 1694 22792
f 22790 1693 1712
f 22794 1713 1709
f 23409 22560 23411
f 22521 22526 23420
f 23419 22525 23427
f 23422 23429 23431
f 23432 23430 23439
f 23435 23441 23443
f 22474 21141 22517
f 21668 21327 23454
f 23455 21328 21324
f 23450 21320 23459
f 23461 21321 22541
f 23457 22539 23469
f 23467 22538 22556
f 1437 1434 23344
f 23350 1435 23339
f 23348 23338 23471
f 23474 23341 23395
f 23473 23393 23462
f 23466 23396 22563
f 23468 22566 23456
f 23458 22567 22576
f 23460 22581 23452
f 23451 22580 22791
f 23453 22793 21666
f 21667 22797 21386
f 22561 22544 23413
f 23417 22547 21554
f 23416 21552 21549
f 21548 21545 23415
f 23414 21544 23449
f 23412 23448 23410
f 23407 23444 23442
f 21543 21311 23446
f 23447 21312 21307
f 23445 21305 23436
f 23434 21304 21534
f 23433 21533 23424
f 21322 21522 22543
f 22542 21521 21565
f 22540 21563 22550
f 22549 21562 21559
f 22548 21558 21555
f 21530 21527 23423
f 23421 21525 21757
f 23418 21754 22516
f 22519 21756 22479
f 22520 22480 22475
f 1677 1673 23259
f 23262 1674 23347
f 23260 23346 23389
f 23392 23349 23472
f 23391 23470 23385
f 23387 23475 23465
f 23386 23464 23380
f 23379 23463 22553
f 23378 22551 23373
f 23374 22552 22559
f 23372 22557 23367
f 23368 22558 23408
f 23366 23405 23361
f 23362 23406 23440
f 23360 23438 23356
f 23355 23437 23428
f 23353 23425 23296
f 23297 23426 22524
f 23294 22522 21161
f 22691 22685 23477
f 23484 23494 23502
f 23503 19078 22695
f 22697 19079 18879
f 22694 18876 22700
f 22701 18878 18874
f 18974 18962 23513
f 23514 18963 18959
f 23511 18956 23508
f 23507 18955 19086
f 23506 19085 19082
f 23526 19009 19030
f 19029 19027 23525
f 23522 19024 19022
f 23520 19019 23517
f 23519 19020 19016
f 23515 19015 18975
f 18980 23491 18984
f 18986 23495 23485
f 18988 23488 18990
f 18991 23489 18997
f 23532 23538 23543
f 23548 23554 23558
f 23557 23553 23562
f 23569 23575 23535
f 23534 23574 23581
f 23533 23580 23539
f 23586 23593 23599
f 23596 23589 23607
f 23595 23604 23609
f 20935 20961 23603
f 20972 23613 20964
f 20966 23614 23622
f 20965 23621 23605
f 23602 23620 23627
f 23601 23626 23608
f 23631 20916 20939
f 23637 20942 20934
f 20900 20895 23641
f 20885 20912 23640
f 23642 20913 20901
f 22681 20863 20890
f 20887 23644 23481
f 20882 23479 20892
f 20891 23478 22686
f 20888 22684 22679
f 18981 18977 23492
f 23490 18976 19008
f 23493 19010 23499
f 23498 19007 23524
f 23497 23523 23638
f 23634 23521 23518
f 23584 23551 23590
f 23591 23552 23559
f 23592 23560 23527
f 23528 23561 23564
f 23536 23565 23570
f 19000 18996 23545
f 23544 18995 23487
f 23542 23486 23531
f 23530 23483 23501
f 23529 23500 23594
f 23588 23496 23636
f 23587 23635 23600
f 23606 23639 20938
f 22696 22690 23505
f 23504 22689 23476
f 23509 23482 23512
f 23510 23480 23643
f 23516 23645 23632
f 23633 23646 20899
f 23630 20897 20915
f 19005 23546 23649
f 23650 23547 23540
f 23651 23541 23657
f 23652 23537 23579
f 23653 23582 23660
f 23668 23572 23568
f 23686 23692 23707
f 23705 23691 23709
f 23706 23710 23714
f 23720 23724 23702
f 23703 23731 23750
f 23704 23751 23685
f 23754 23723 23759
f 23757 23719 23701
f 23756 23698 23763
f 23762 23697 23610
f 23659 23665 23713
f 23716 23666 23566
f 23717 23567 23708
f 23696 23563 23556
f 23695 23555 23550
f 23549 23583 23694
f 23699 23585 23597
f 23700 23598 23611
f 23658 23578 23664
f 23663 23577 23573
f 23667 23576 23571
f 18795 23771 18780
f 18779 23770 18768
f 17094 17091 18600
f 17095 18601 17073
f 18602 18625 17074
f 17072 18624 18763
f 17075 18765 17079
f 17078 18764 18773
f 17080 18775 19883
f 23774 23779 23789
f 23788 23778 23797
f 23781 23793 19884
f 19885 23794 19844
f 19845 23795 19849
f 19850 23796 23801
f 19848 23800 19863
f 23775 23790 23806
f 23804 23782 23807
f 23805 23810 23819
f 23825 23829 19006
f 19003 23828 23816
f 19004 23817 18836
f 18837 23818 23808
f 18838 23812 18841
f 23712 23693 23833
f 23711 23832 23715
f 19001 23647 23822
f 23824 23648 23655
f 23823 23654 23834
f 23835 23656 23661
f 23836 23662 23718
f 18774 18767 19882
f 19880 18766 23767
f 19881 23768 23780
f 23787 23769 18794
f 23784 18793 18799
f 18800 18811 23785
f 23783 18810 18805
f 23786 18806 23809
f 23811 18807 18845
f 23813 18846 18842
f 20402 20558 20380
f 20381 20560 20390
f 20973 20969 23615
f 23618 20970 20958
f 23773 23803 19947
f 19966 23687 23672
f 20433 20429 23747
f 23745 20428 20368
f 20954 21015 23726
f 23728 21016 21012
f 23612 23629 23766
f 23764 23628 23623
f 23765 23625 23760
f 23758 23624 23617
f 23761 23619 23755
f 23752 23616 20955
f 23753 20957 23722
f 23721 20956 23729
f 23732 20135 23669
f 23676 20136 20130
f 23684 20131 20154
f 20153 20149 23677
f 23675 20148 20167
f 23671 20166 20161
f 20162 20157 23681
f 23683 20158 20082
f 23673 20081 20076
f 20574 20569 20980
f 19772 19768 19950
f 19928 19767 19873
f 19946 19874 19869
f 19968 19957 23690
f 23689 19956 19939
f 23688 19937 23830
f 23831 19941 23821
f 20077 20062 23678
f 23670 20061 19994
f 23682 19995 19991
f 20225 20341 23743
f 23742 20340 20336
f 23736 20335 20331
f 19889 19834 19949
f 19935 19833 19830
f 19933 19829 19790
f 19791 19787 19951
f 19930 19786 19837
f 19934 19838 19771
f 23798 23791 19931
f 19948 23792 23777
f 19929 23776 23772
f 23802 23814 19924
f 19943 23815 23827
f 19925 23826 23820
f 19990 19982 23680
f 23674 19981 19974
f 23679 19975 19967
f 21011 21001 23727
f 23725 21000 20983
f 23730 20989 23749
f 20367 20286 23733
f 23741 20287 20277
f 23737 20276 20248
f 20249 20243 23744
f 23734 20242 20213
f 23739 20214 20224
f 20332 20326 23748
f 23738 20325 20344
f 23740 20345 20137
f 19868 19864 19926
f 19945 19865 19860
f 19944 19859 23799
f 20851 20988 21094
f 21093 20986 20977
f 20403 20399 20561
f 20557 20398 20450
f 20559 20451 20565
f 20566 20452 20446
f 20432 23746 20439
f 20438 23735 20985
f 20437 20982 20443
f 20445 20987 20571
f 20444 20570 20564
f 20850 20846 20984
f 20990 20847 20580
f 20981 20579 20575
f 20018 20009 19936
f 19942 20010 20002
f 19932 20001 19888
f 19918 19909 20036
f 20032 19908 19899
f 19917 20035 19940
f 19938 20033 20026
f 19927 20025 20017
f 19900 20059 20034
f 20037 20060 20051
f 20038 20052 20044
