# xArm7 link5
mtllib material.lib
v -0.022729 0.018048 0.029531
v -0.022729 0.018048 0.029531
v -0.027287 0.018048 0.025502
v -0.027287 0.018048 0.025502
v -0.027287 0.018048 0.025502
v -0.020955 0.004748 0.031099
v -0.020955 0.004748 0.031099
v -0.020955 0.004748 0.031099
v -0.020955 0.004748 0.031099
v -0.020955 0.004748 0.031099
v -0.020955 0.004748 0.031099
v -0.020955 0.004748 0.031099
v -0.028290 0.004748 0.024616
v -0.028290 0.004748 0.024616
v -0.028290 0.004748 0.024616
v -0.028290 0.004748 0.024616
v -0.028290 0.004748 0.024616
v -0.028290 0.004748 0.024616
v -0.028290 0.018048 0.024616
v -0.028290 0.018048 0.024616
v -0.032002 0.018048 0.019014
v -0.032002 0.018048 0.019014
v -0.032002 0.018048 0.019014
v -0.033697 0.004748 0.016455
v -0.033697 0.004748 0.016455
v -0.033697 0.004748 0.016455
v -0.033697 0.004748 0.016455
v -0.033697 0.004748 0.016455
v -0.033697 0.004748 0.016455
v -0.036808 0.018048 0.007173
v -0.036808 0.018048 0.007173
v -0.036808 0.004748 0.007173
v -0.036808 0.004748 0.007173
v -0.036808 0.004748 0.007173
v -0.036808 0.004748 0.007173
v -0.036808 0.004748 0.007173
v -0.036808 0.004748 0.007173
v -0.036808 0.004748 0.007173
v -0.035282 0.018048 0.011726
v -0.035282 0.018048 0.011726
v -0.035282 0.018048 0.011726
v -0.033697 0.018048 0.016455
v -0.033697 0.018048 0.016455
v -0.037500 0.018048 -0.000369
v -0.037500 0.018048 -0.000369
v -0.037410 0.004748 -0.002598
v -0.037410 0.004748 -0.002598
v -0.037410 0.004748 -0.002598
v -0.037410 0.004748 -0.002598
v -0.037410 0.004748 -0.002598
v -0.037410 0.004748 -0.002598
v -0.037410 0.004748 -0.002598
v -0.037174 0.018048 0.003314
v -0.037174 0.018048 0.003314
v -0.037174 0.018048 0.003314
v -0.036852 0.018048 0.006950
v -0.036852 0.018048 0.006950
v -0.037410 0.018048 -0.002598
v -0.037410 0.018048 -0.002598
v -0.036244 0.018048 -0.008344
v -0.036244 0.018048 -0.008344
v -0.036244 0.018048 -0.008344
v -0.035463 0.004748 -0.012192
v -0.035463 0.004748 -0.012192
v -0.035463 0.004748 -0.012192
v -0.035463 0.004748 -0.012192
v -0.035463 0.004748 -0.012192
v -0.035463 0.004748 -0.012192
v -0.035463 0.018048 -0.012192
v -0.035463 0.018048 -0.012192
v -0.033610 0.018048 -0.015913
v -0.033610 0.018048 -0.015913
v -0.033610 0.018048 -0.015913
v -0.031099 0.004748 -0.020955
v -0.031099 0.004748 -0.020955
v -0.031099 0.004748 -0.020955
v -0.031099 0.004748 -0.020955
v -0.031099 0.004748 -0.020955
v -0.031099 0.004748 -0.020955
v -0.031099 0.018048 -0.020955
v -0.031099 0.018048 -0.020955
v -0.029477 0.018048 -0.022790
v -0.029477 0.018048 -0.022790
v -0.029477 0.018048 -0.022790
v -0.024616 0.004748 -0.028290
v -0.024616 0.004748 -0.028290
v -0.024616 0.004748 -0.028290
v -0.024616 0.004748 -0.028290
v -0.024616 0.004748 -0.028290
v -0.024616 0.004748 -0.028290
v -0.024616 0.018048 -0.028290
v -0.024616 0.018048 -0.028290
v -0.024003 0.018048 -0.028714
v -0.024003 0.018048 -0.028714
v -0.024003 0.018048 -0.028714
v -0.016455 0.004748 -0.033697
v -0.016455 0.004748 -0.033697
v -0.016455 0.004748 -0.033697
v -0.016455 0.004748 -0.033697
v -0.016455 0.004748 -0.033697
v -0.016455 0.004748 -0.033697
v -0.016455 0.004748 -0.033697
v -0.016455 0.004748 -0.033697
v -0.017778 0.018048 -0.033021
v -0.017778 0.018048 -0.033021
v -0.017308 0.018048 -0.033261
v -0.017308 0.018048 -0.033261
v -0.016455 0.018048 -0.033697
v -0.016455 0.018048 -0.033697
v -0.009686 0.018049 -0.035965
v -0.009686 0.018049 -0.035965
v -0.009686 0.018049 -0.035965
v -0.007173 0.004749 -0.036808
v -0.007173 0.004749 -0.036808
v -0.007173 0.004749 -0.036808
v -0.007173 0.004749 -0.036808
v 0.002598 0.004749 -0.037410
v 0.002598 0.004749 -0.037410
v 0.002598 0.004749 -0.037410
v 0.002598 0.004749 -0.037410
v -0.007173 0.018049 -0.036808
v 0.002598 0.018049 -0.037410
v 0.008299 0.018049 -0.036253
v 0.008299 0.018049 -0.036253
v 0.008299 0.018049 -0.036253
v 0.012192 0.004749 -0.035463
v 0.012192 0.004749 -0.035463
v 0.012192 0.004749 -0.035463
v 0.012192 0.004749 -0.035463
v 0.012192 0.004749 -0.035463
v 0.012192 0.004749 -0.035463
v 0.012192 0.004749 -0.035463
v 0.012192 0.004749 -0.035463
v 0.012192 0.018049 -0.035463
v 0.012192 0.018049 -0.035463
v 0.013194 0.018049 -0.035102
v 0.013194 0.018049 -0.035102
v 0.013378 0.018049 -0.035032
v 0.013378 0.018049 -0.035032
v 0.015946 0.018049 -0.033938
v 0.015946 0.018049 -0.033938
v 0.015946 0.018049 -0.033938
v 0.020955 0.004749 -0.031099
v 0.020955 0.004749 -0.031099
v 0.020955 0.004749 -0.031099
v 0.020955 0.004749 -0.031099
v 0.020955 0.004749 -0.031099
v 0.020955 0.004749 -0.031099
v 0.020859 0.018049 -0.030942
v 0.020859 0.018049 -0.030942
v 0.022834 0.018049 -0.029737
v 0.022834 0.018049 -0.029737
v 0.022834 0.018049 -0.029737
v 0.028290 0.004749 -0.024616
v 0.028290 0.004749 -0.024616
v 0.028290 0.004749 -0.024616
v 0.028290 0.004749 -0.024616
v 0.028290 0.004749 -0.024616
v 0.028290 0.004749 -0.024616
v 0.033173 0.018049 -0.017457
v 0.033173 0.018049 -0.017457
v 0.033697 0.004749 -0.016455
v 0.033697 0.004749 -0.016455
v 0.033697 0.004749 -0.016455
v 0.033697 0.004749 -0.016455
v 0.033697 0.004749 -0.016455
v 0.033697 0.004749 -0.016455
v 0.033697 0.004749 -0.016455
v 0.028667 0.018049 -0.024158
v 0.028667 0.018049 -0.024158
v 0.028667 0.018049 -0.024158
v 0.028242 0.018049 -0.024565
v 0.028242 0.018049 -0.024565
v 0.033586 0.018049 -0.016411
v 0.033586 0.018049 -0.016411
v 0.036150 0.018049 -0.009918
v 0.036150 0.018049 -0.009918
v 0.036150 0.018049 -0.009918
v 0.036808 0.004749 -0.007173
v 0.036808 0.004749 -0.007173
v 0.036808 0.004749 -0.007173
v 0.036808 0.004749 -0.007173
v 0.036808 0.004749 -0.007173
v 0.036808 0.004749 -0.007173
v 0.036597 0.018049 -0.007139
v 0.036597 0.018049 -0.007139
v 0.037435 0.018049 -0.001925
v 0.037435 0.018049 -0.001925
v 0.037435 0.018049 -0.001925
v 0.037410 0.004749 0.002598
v 0.037410 0.004749 0.002598
v 0.037410 0.004749 0.002598
v 0.037410 0.004749 0.002598
v 0.037410 0.004749 0.002598
v 0.037410 0.004749 0.002598
v 0.037181 0.018049 0.002585
v 0.037181 0.018049 0.002585
v 0.036980 0.018049 0.006138
v 0.036980 0.018049 0.006138
v 0.036980 0.018049 0.006138
v 0.035463 0.004749 0.012192
v 0.035463 0.004749 0.012192
v 0.035463 0.004749 0.012192
v 0.035463 0.004749 0.012192
v 0.035463 0.004749 0.012192
v 0.035463 0.004749 0.012192
v 0.031072 0.018049 0.020941
v 0.031072 0.018049 0.020941
v 0.031099 0.004749 0.020955
v 0.031099 0.004749 0.020955
v 0.031099 0.004749 0.020955
v 0.031099 0.004749 0.020955
v 0.031099 0.004749 0.020955
v 0.031099 0.004749 0.020955
v 0.031099 0.004749 0.020955
v 0.034794 0.018049 0.013953
v 0.034794 0.018049 0.013953
v 0.034794 0.018049 0.013953
v 0.035299 0.018049 0.012146
v 0.035299 0.018049 0.012146
v 0.030987 0.018049 0.021100
v 0.030987 0.018049 0.021100
v 0.026239 0.018049 0.026777
v 0.026239 0.018049 0.026777
v 0.026239 0.018049 0.026777
v 0.024616 0.004749 0.028290
v 0.024616 0.004749 0.028290
v 0.024616 0.004749 0.028290
v 0.024616 0.004749 0.028290
v 0.024616 0.004749 0.028290
v 0.024616 0.004749 0.028290
v 0.016356 0.018049 0.033493
v 0.016356 0.018049 0.033493
v 0.016455 0.004749 0.033697
v 0.016455 0.004749 0.033697
v 0.016455 0.004749 0.033697
v 0.016455 0.004749 0.033697
v 0.016455 0.004749 0.033697
v 0.016455 0.004749 0.033697
v 0.016455 0.004749 0.033697
v 0.019876 0.018049 0.031789
v 0.019876 0.018049 0.031789
v 0.019876 0.018049 0.031789
v 0.024502 0.018049 0.028145
v 0.024502 0.018049 0.028145
v 0.012598 0.018049 0.035312
v 0.012598 0.018049 0.035312
v 0.011949 0.018049 0.035541
v 0.011949 0.018049 0.035541
v 0.011949 0.018049 0.035541
v 0.007173 0.004749 0.036808
v 0.007173 0.004749 0.036808
v 0.007173 0.004749 0.036808
v 0.007173 0.004749 0.036808
v 0.007173 0.004749 0.036808
v 0.007173 0.004749 0.036808
v -0.000389 0.018049 0.037495
v -0.000389 0.018049 0.037495
v -0.002598 0.004749 0.037410
v -0.002598 0.004749 0.037410
v -0.002598 0.004749 0.037410
v -0.002598 0.004749 0.037410
v -0.002598 0.004749 0.037410
v -0.002598 0.004749 0.037410
v -0.002598 0.004749 0.037410
v 0.004735 0.018049 0.037029
v 0.004735 0.018049 0.037029
v 0.004735 0.018049 0.037029
v 0.007173 0.018049 0.036808
v 0.007173 0.018049 0.036808
v -0.002598 0.018049 0.037410
v -0.002598 0.018049 0.037410
v -0.008306 0.018049 0.036252
v -0.008306 0.018049 0.036252
v -0.008306 0.018049 0.036252
v -0.012192 0.004749 0.035463
v -0.012192 0.004749 0.035463
v -0.012192 0.004749 0.035463
v -0.012192 0.004749 0.035463
v -0.012192 0.004749 0.035463
v -0.012192 0.004749 0.035463
v -0.012192 0.018049 0.035463
v -0.012192 0.018049 0.035463
v -0.015863 0.018048 0.033635
v -0.015863 0.018048 0.033635
v -0.015863 0.018048 0.033635
v -0.020955 0.018048 0.031099
v -0.020955 0.018048 0.031099
v 0.000000 0.004749 0.000000
v 0.000000 0.004749 0.000000
v 0.000000 0.004749 0.000000
v 0.000000 0.004749 0.000000
v 0.000000 0.004749 0.000000
v 0.000000 0.004749 0.000000
v 0.000000 0.004749 0.000000
v 0.000000 0.004749 0.000000
v 0.000000 0.004749 0.000000
v 0.000000 0.004749 0.000000
v 0.000000 0.004749 0.000000
v 0.000000 0.004749 0.000000
v 0.000000 0.004749 0.000000
v 0.000000 0.004749 0.000000
v 0.000000 0.004749 0.000000
v 0.000000 0.004749 0.000000
v 0.000000 0.004749 0.000000
v 0.000000 0.004749 0.000000
v 0.000000 0.004749 0.000000
v 0.000000 0.004749 0.000000
v 0.000000 0.004749 0.000000
v 0.000000 0.004749 0.000000
v 0.000000 0.004749 0.000000
v 0.000000 0.004749 0.000000
v -0.022729 0.018048 0.029531
v -0.022729 0.018048 0.029531
v -0.022729 0.018048 0.029531
v -0.022729 0.018048 0.029531
v -0.027287 0.018048 0.025502
v -0.027287 0.018048 0.025502
v -0.027287 0.018048 0.025502
v -0.027287 0.018048 0.025502
v -0.027287 0.018048 0.025502
v -0.028290 0.018048 0.024616
v -0.028290 0.018048 0.024616
v -0.028290 0.018048 0.024616
v -0.032002 0.018048 0.019014
v -0.032002 0.018048 0.019014
v -0.032002 0.018048 0.019014
v -0.032002 0.018048 0.019014
v -0.032002 0.018048 0.019014
v -0.036808 0.018048 0.007173
v -0.036808 0.018048 0.007173
v -0.036808 0.018048 0.007173
v -0.035282 0.018048 0.011726
v -0.035282 0.018048 0.011726
v -0.035282 0.018048 0.011726
v -0.035282 0.018048 0.011726
v -0.033697 0.018048 0.016455
v -0.033697 0.018048 0.016455
v -0.033697 0.018048 0.016455
v -0.033697 0.018048 0.016455
v -0.037500 0.018048 -0.000369
v -0.037500 0.018048 -0.000369
v -0.037500 0.018048 -0.000369
v -0.037500 0.018048 -0.000369
v -0.037500 0.018048 -0.000369
v -0.037174 0.018048 0.003314
v -0.037174 0.018048 0.003314
v -0.037174 0.018048 0.003314
v -0.037174 0.018048 0.003314
v -0.036852 0.018048 0.006950
v -0.036852 0.018048 0.006950
v -0.037410 0.018048 -0.002598
v -0.037410 0.018048 -0.002598
v -0.037410 0.018048 -0.002598
v -0.036244 0.018048 -0.008344
v -0.036244 0.018048 -0.008344
v -0.036244 0.018048 -0.008344
v -0.036244 0.018048 -0.008344
v -0.036244 0.018048 -0.008344
v -0.035463 0.018048 -0.012192
v -0.035463 0.018048 -0.012192
v -0.035463 0.018048 -0.012192
v -0.035463 0.018048 -0.012192
v -0.033610 0.018048 -0.015913
v -0.033610 0.018048 -0.015913
v -0.033610 0.018048 -0.015913
v -0.033610 0.018048 -0.015913
v -0.031099 0.018048 -0.020955
v -0.031099 0.018048 -0.020955
v -0.031099 0.018048 -0.020955
v -0.031099 0.018048 -0.020955
v -0.029477 0.018048 -0.022790
v -0.029477 0.018048 -0.022790
v -0.029477 0.018048 -0.022790
v -0.029477 0.018048 -0.022790
v -0.024616 0.018048 -0.028290
v -0.024616 0.018048 -0.028290
v -0.024616 0.018048 -0.028290
v -0.024616 0.018048 -0.028290
v -0.024003 0.018048 -0.028714
v -0.024003 0.018048 -0.028714
v -0.024003 0.018048 -0.028714
v -0.024003 0.018048 -0.028714
v -0.017778 0.018048 -0.033021
v -0.017778 0.018048 -0.033021
v -0.017778 0.018048 -0.033021
v -0.017308 0.018048 -0.033261
v -0.017308 0.018048 -0.033261
v -0.017308 0.018048 -0.033261
v -0.017308 0.018048 -0.033261
v -0.016455 0.018048 -0.033697
v -0.016455 0.018048 -0.033697
v -0.016455 0.018048 -0.033697
v -0.016455 0.018048 -0.033697
v -0.009686 0.018049 -0.035965
v -0.009686 0.018049 -0.035965
v -0.009686 0.018049 -0.035965
v -0.009686 0.018049 -0.035965
v -0.007173 0.004749 -0.036808
v -0.007173 0.004749 -0.036808
v 0.000355 0.018049 -0.037498
v 0.000355 0.018049 -0.037498
v 0.000355 0.018049 -0.037498
v 0.000355 0.018049 -0.037498
v 0.002598 0.004749 -0.037410
v 0.002598 0.004749 -0.037410
v 0.002598 0.004749 -0.037410
v -0.001759 0.018049 -0.037304
v -0.001759 0.018049 -0.037304
v -0.001759 0.018049 -0.037304
v -0.001759 0.018049 -0.037304
v -0.001759 0.018049 -0.037304
v -0.001759 0.018049 -0.037304
v -0.001759 0.018049 -0.037304
v -0.001759 0.018049 -0.037304
v -0.007173 0.018049 -0.036808
v -0.007173 0.018049 -0.036808
v -0.007173 0.018049 -0.036808
v -0.007173 0.018049 -0.036808
v 0.002598 0.018049 -0.037410
v 0.002598 0.018049 -0.037410
v 0.002598 0.018049 -0.037410
v 0.002598 0.018049 -0.037410
v 0.008299 0.018049 -0.036253
v 0.008299 0.018049 -0.036253
v 0.008299 0.018049 -0.036253
v 0.008299 0.018049 -0.036253
v 0.008299 0.018049 -0.036253
v 0.012192 0.018049 -0.035463
v 0.012192 0.018049 -0.035463
v 0.012192 0.018049 -0.035463
v 0.013194 0.018049 -0.035102
v 0.013194 0.018049 -0.035102
v 0.013194 0.018049 -0.035102
v 0.013378 0.018049 -0.035032
v 0.013378 0.018049 -0.035032
v 0.013378 0.018049 -0.035032
v 0.015946 0.018049 -0.033938
v 0.015946 0.018049 -0.033938
v 0.015946 0.018049 -0.033938
v 0.020859 0.018049 -0.030942
v 0.020859 0.018049 -0.030942
v 0.020859 0.018049 -0.030942
v 0.020859 0.018049 -0.030942
v 0.022834 0.018049 -0.029737
v 0.022834 0.018049 -0.029737
v 0.022834 0.018049 -0.029737
v 0.022834 0.018049 -0.029737
v 0.022834 0.018049 -0.029737
v 0.033173 0.018049 -0.017457
v 0.033173 0.018049 -0.017457
v 0.033173 0.018049 -0.017457
v 0.033173 0.018049 -0.017457
v 0.033173 0.018049 -0.017457
v 0.033173 0.018049 -0.017457
v 0.028667 0.018049 -0.024158
v 0.028667 0.018049 -0.024158
v 0.028667 0.018049 -0.024158
v 0.028242 0.018049 -0.024565
v 0.028242 0.018049 -0.024565
v 0.028242 0.018049 -0.024565
v 0.028242 0.018049 -0.024565
v 0.033586 0.018049 -0.016411
v 0.033586 0.018049 -0.016411
v 0.033586 0.018049 -0.016411
v 0.036150 0.018049 -0.009918
v 0.036150 0.018049 -0.009918
v 0.036150 0.018049 -0.009918
v 0.036150 0.018049 -0.009918
v 0.036150 0.018049 -0.009918
v 0.036597 0.018049 -0.007139
v 0.036597 0.018049 -0.007139
v 0.036597 0.018049 -0.007139
v 0.036597 0.018049 -0.007139
v 0.037435 0.018049 -0.001925
v 0.037435 0.018049 -0.001925
v 0.037435 0.018049 -0.001925
v 0.037435 0.018049 -0.001925
v 0.037435 0.018049 -0.001925
v 0.037181 0.018049 0.002585
v 0.037181 0.018049 0.002585
v 0.037181 0.018049 0.002585
v 0.036980 0.018049 0.006138
v 0.036980 0.018049 0.006138
v 0.036980 0.018049 0.006138
v 0.036980 0.018049 0.006138
v 0.036980 0.018049 0.006138
v 0.031072 0.018049 0.020941
v 0.031072 0.018049 0.020941
v 0.031072 0.018049 0.020941
v 0.031072 0.018049 0.020941
v 0.034794 0.018049 0.013953
v 0.034794 0.018049 0.013953
v 0.034794 0.018049 0.013953
v 0.034794 0.018049 0.013953
v 0.034794 0.018049 0.013953
v 0.035299 0.018049 0.012146
v 0.035299 0.018049 0.012146
v 0.035299 0.018049 0.012146
v 0.030987 0.018049 0.021100
v 0.030987 0.018049 0.021100
v 0.030987 0.018049 0.021100
v 0.026239 0.018049 0.026777
v 0.026239 0.018049 0.026777
v 0.026239 0.018049 0.026777
v 0.026239 0.018049 0.026777
v 0.026239 0.018049 0.026777
v 0.016356 0.018049 0.033493
v 0.016356 0.018049 0.033493
v 0.016356 0.018049 0.033493
v 0.019876 0.018049 0.031789
v 0.019876 0.018049 0.031789
v 0.019876 0.018049 0.031789
v 0.019876 0.018049 0.031789
v 0.019876 0.018049 0.031789
v 0.024502 0.018049 0.028145
v 0.024502 0.018049 0.028145
v 0.024502 0.018049 0.028145
v 0.012598 0.018049 0.035312
v 0.012598 0.018049 0.035312
v 0.012598 0.018049 0.035312
v 0.012598 0.018049 0.035312
v 0.012598 0.018049 0.035312
v 0.011949 0.018049 0.035541
v 0.011949 0.018049 0.035541
v 0.011949 0.018049 0.035541
v -0.000389 0.018049 0.037495
v -0.000389 0.018049 0.037495
v -0.000389 0.018049 0.037495
v -0.000389 0.018049 0.037495
v -0.000389 0.018049 0.037495
v 0.004735 0.018049 0.037029
v 0.004735 0.018049 0.037029
v 0.004735 0.018049 0.037029
v 0.004735 0.018049 0.037029
v 0.007173 0.018049 0.036808
v 0.007173 0.018049 0.036808
v 0.007173 0.018049 0.036808
v -0.002598 0.018049 0.037410
v -0.002598 0.018049 0.037410
v -0.002598 0.018049 0.037410
v -0.008306 0.018049 0.036252
v -0.008306 0.018049 0.036252
v -0.008306 0.018049 0.036252
v -0.008306 0.018049 0.036252
v -0.008306 0.018049 0.036252
v -0.012192 0.018049 0.035463
v -0.012192 0.018049 0.035463
v -0.012192 0.018049 0.035463
v -0.015863 0.018048 0.033635
v -0.015863 0.018048 0.033635
v -0.015863 0.018048 0.033635
v -0.015863 0.018048 0.033635
v -0.015863 0.018048 0.033635
v -0.020955 0.018048 0.031099
v -0.020955 0.018048 0.031099
v -0.020955 0.018048 0.031099
v 0.036940 0.066765 -0.005779
v 0.036940 0.066765 -0.005779
v 0.036940 0.066765 -0.005779
v 0.036940 0.066765 -0.005779
v 0.036940 0.066765 -0.005779
v 0.036940 0.066765 -0.005779
v 0.036989 0.065049 -0.003946
v 0.036989 0.065049 -0.003946
v 0.036989 0.065049 -0.003946
v 0.036989 0.065049 -0.003946
v 0.036989 0.065049 -0.003946
v 0.036677 0.063456 -0.007310
v 0.036677 0.063456 -0.007310
v 0.036677 0.063456 -0.007310
v 0.036677 0.063456 -0.007310
v 0.036677 0.063456 -0.007310
v 0.036677 0.063456 -0.007310
v 0.036677 0.063456 -0.007310
v 0.036829 0.069367 -0.010542
v 0.036829 0.069367 -0.010542
v 0.036829 0.069367 -0.010542
v 0.036829 0.069367 -0.010542
v 0.036829 0.069367 -0.010542
v 0.036829 0.069367 -0.010542
v 0.036886 0.068202 -0.007986
v 0.036886 0.068202 -0.007986
v 0.036886 0.068202 -0.007986
v 0.036886 0.068202 -0.007986
v 0.036886 0.068202 -0.007986
v 0.036458 0.066189 -0.011016
v 0.036458 0.066189 -0.011016
v 0.036458 0.066189 -0.011016
v 0.036458 0.066189 -0.011016
v 0.036458 0.066189 -0.011016
v 0.036458 0.066189 -0.011016
v 0.036458 0.066189 -0.011016
v 0.010413 0.085392 -0.042160
v 0.010413 0.085392 -0.042160
v 0.010413 0.085392 -0.042160
v 0.010413 0.085392 -0.042160
v 0.009759 0.085438 -0.042160
v 0.009759 0.085438 -0.042160
v 0.009759 0.085438 -0.042160
v 0.009759 0.085438 -0.042160
v 0.009811 0.085623 -0.029115
v 0.009811 0.085623 -0.029115
v 0.009811 0.085623 -0.029115
v 0.009811 0.085623 -0.029115
v 0.009811 0.085623 -0.029115
v 0.009811 0.085623 -0.029115
v -0.000385 0.065987 0.036075
v -0.000385 0.065987 0.036075
v -0.000385 0.065987 0.036075
v -0.000385 0.065987 0.036075
v -0.000385 0.065593 0.036146
v -0.000385 0.065593 0.036146
v -0.000385 0.065593 0.036146
v -0.000385 0.065593 0.036146
v -0.000385 0.065593 0.036146
v -0.000385 0.065593 0.036146
v -0.000385 0.065593 0.036146
v 0.006842 0.065473 0.035468
v 0.006842 0.065473 0.035468
v 0.006842 0.065473 0.035468
v 0.006842 0.065473 0.035468
v 0.006842 0.065473 0.035468
v 0.006842 0.065473 0.035468
v 0.006842 0.065473 0.035468
v 0.006842 0.065473 0.035468
v 0.006842 0.065473 0.035468
v 0.006842 0.065473 0.035468
v 0.006842 0.065473 0.035468
v 0.006842 0.065473 0.035468
v 0.031417 0.054559 -0.019877
v 0.031417 0.054559 -0.019877
v 0.031417 0.054559 -0.019877
v 0.031417 0.054559 -0.019877
v 0.031417 0.054559 -0.019877
v 0.030488 0.054409 -0.021181
v 0.030488 0.054409 -0.021181
v 0.030488 0.054409 -0.021181
v 0.030488 0.054409 -0.021181
v 0.030299 0.055641 -0.021517
v 0.030299 0.055641 -0.021517
v 0.030299 0.055641 -0.021517
v 0.030299 0.055641 -0.021517
v 0.030299 0.055641 -0.021517
v 0.030299 0.055641 -0.021517
v 0.030299 0.055641 -0.021517
v 0.030299 0.055641 -0.021517
v 0.030299 0.055641 -0.021517
v -0.000384 0.052902 -0.037457
v -0.000384 0.052902 -0.037457
v -0.000384 0.052902 -0.037457
v -0.000384 0.052902 -0.037457
v -0.000384 0.052902 -0.037457
v -0.000384 0.052902 -0.037457
v -0.000384 0.052902 -0.037457
v -0.000384 0.052902 -0.037457
v -0.000384 0.052902 -0.037457
v -0.000384 0.052902 -0.037457
v 0.006710 0.052622 -0.036748
v 0.006710 0.052622 -0.036748
v 0.006710 0.052622 -0.036748
v 0.006710 0.052622 -0.036748
v 0.006710 0.052622 -0.036748
v 0.006710 0.052622 -0.036748
v 0.006259 0.052609 -0.036854
v 0.006259 0.052609 -0.036854
v 0.006259 0.052609 -0.036854
v 0.006259 0.052609 -0.036854
v 0.005804 0.052597 -0.036961
v 0.005804 0.052597 -0.036961
v 0.005804 0.052597 -0.036961
v 0.005804 0.052597 -0.036961
v 0.001385 0.052542 -0.037437
v 0.001385 0.052542 -0.037437
v 0.001385 0.052542 -0.037437
v 0.001385 0.052542 -0.037437
v 0.001385 0.052542 -0.037437
v 0.001385 0.052542 -0.037437
v 0.001385 0.052542 -0.037437
v -0.000384 0.052538 -0.037479
v -0.000384 0.052538 -0.037479
v -0.000384 0.052538 -0.037479
v -0.000384 0.052538 -0.037479
v 0.013058 0.054484 -0.034878
v 0.013058 0.054484 -0.034878
v 0.013058 0.054484 -0.034878
v 0.013058 0.054484 -0.034878
v 0.013058 0.054484 -0.034878
v 0.013058 0.054484 -0.034878
v 0.013058 0.054484 -0.034878
v 0.013331 0.052846 -0.034789
v 0.013331 0.052846 -0.034789
v 0.013331 0.052846 -0.034789
v 0.013331 0.052846 -0.034789
v 0.013331 0.052846 -0.034789
v 0.010494 0.052723 -0.035858
v 0.010494 0.052723 -0.035858
v 0.010494 0.052723 -0.035858
v 0.010494 0.052723 -0.035858
v 0.010494 0.052723 -0.035858
v 0.013606 0.052858 -0.034685
v 0.013606 0.052858 -0.034685
v 0.013606 0.052858 -0.034685
v 0.013606 0.052858 -0.034685
v 0.013624 0.052876 -0.034752
v 0.013624 0.052876 -0.034752
v 0.013624 0.052876 -0.034752
v 0.013624 0.052876 -0.034752
v 0.013624 0.052876 -0.034752
v 0.015089 0.052922 -0.034126
v 0.015089 0.052922 -0.034126
v 0.015089 0.052922 -0.034126
v 0.015089 0.052922 -0.034126
v 0.015089 0.052922 -0.034126
v 0.015089 0.052922 -0.034126
v 0.019988 0.053568 -0.031430
v 0.019988 0.053568 -0.031430
v 0.019988 0.053568 -0.031430
v 0.019988 0.053568 -0.031430
v 0.019988 0.053568 -0.031430
v 0.019988 0.053568 -0.031430
v 0.019988 0.053568 -0.031430
v 0.019988 0.053568 -0.031430
v 0.019988 0.053568 -0.031430
v 0.018847 0.053148 -0.032161
v 0.018847 0.053148 -0.032161
v 0.018847 0.053148 -0.032161
v 0.018847 0.053148 -0.032161
v 0.019885 0.053229 -0.031452
v 0.019885 0.053229 -0.031452
v 0.019885 0.053229 -0.031452
v 0.019885 0.053229 -0.031452
v 0.025791 0.053761 -0.026811
v 0.025791 0.053761 -0.026811
v 0.025791 0.053761 -0.026811
v 0.025791 0.053761 -0.026811
v 0.025675 0.053749 -0.026913
v 0.025675 0.053749 -0.026913
v 0.025675 0.053749 -0.026913
v 0.025675 0.053749 -0.026913
v 0.025614 0.054490 -0.026964
v 0.025614 0.054490 -0.026964
v 0.025614 0.054490 -0.026964
v 0.025614 0.054490 -0.026964
v 0.025614 0.054490 -0.026964
v 0.025614 0.054490 -0.026964
v 0.025614 0.054490 -0.026964
v 0.025614 0.054490 -0.026964
v 0.025614 0.054490 -0.026964
v 0.022667 0.053447 -0.029550
v 0.022667 0.053447 -0.029550
v 0.022667 0.053447 -0.029550
v 0.022667 0.053447 -0.029550
v 0.022667 0.053447 -0.029550
v 0.022667 0.053447 -0.029550
v 0.020048 0.053242 -0.031340
v 0.020048 0.053242 -0.031340
v 0.020048 0.053242 -0.031340
v 0.020048 0.053242 -0.031340
v 0.030407 0.054395 -0.021295
v 0.030407 0.054395 -0.021295
v 0.030407 0.054395 -0.021295
v 0.030407 0.054395 -0.021295
v 0.028889 0.054150 -0.023427
v 0.028889 0.054150 -0.023427
v 0.028889 0.054150 -0.023427
v 0.028889 0.054150 -0.023427
v 0.028889 0.054150 -0.023427
v 0.025989 0.053781 -0.026638
v 0.025989 0.053781 -0.026638
v 0.025989 0.053781 -0.026638
v 0.025989 0.053781 -0.026638
v 0.025989 0.053781 -0.026638
v 0.033570 0.055011 -0.015942
v 0.033570 0.055011 -0.015942
v 0.033570 0.055011 -0.015942
v 0.033570 0.055011 -0.015942
v 0.033570 0.055011 -0.015942
v 0.033873 0.057035 -0.015291
v 0.033873 0.057035 -0.015291
v 0.033873 0.057035 -0.015291
v 0.033873 0.057035 -0.015291
v 0.033873 0.057035 -0.015291
v 0.033873 0.057035 -0.015291
v 0.033873 0.057035 -0.015291
v 0.033873 0.057035 -0.015291
v 0.033995 0.055132 -0.014899
v 0.033995 0.055132 -0.014899
v 0.033995 0.055132 -0.014899
v 0.033995 0.055132 -0.014899
v 0.036263 0.055937 -0.007926
v 0.036263 0.055937 -0.007926
v 0.036263 0.055937 -0.007926
v 0.036263 0.055937 -0.007926
v 0.036180 0.055881 -0.008410
v 0.036180 0.055881 -0.008410
v 0.036180 0.055881 -0.008410
v 0.036180 0.055881 -0.008410
v 0.036194 0.058713 -0.008513
v 0.036194 0.058713 -0.008513
v 0.036194 0.058713 -0.008513
v 0.036194 0.058713 -0.008513
v 0.036194 0.058713 -0.008513
v 0.036194 0.058713 -0.008513
v 0.036194 0.058713 -0.008513
v 0.036194 0.058713 -0.008513
v 0.036194 0.058713 -0.008513
v 0.035094 0.055444 -0.012200
v 0.035094 0.055444 -0.012200
v 0.035094 0.055444 -0.012200
v 0.035094 0.055444 -0.012200
v 0.035094 0.055444 -0.012200
v 0.035094 0.055444 -0.012200
v 0.034050 0.055147 -0.014764
v 0.034050 0.055147 -0.014764
v 0.034050 0.055147 -0.014764
v 0.034050 0.055147 -0.014764
v 0.036937 0.056419 -0.003758
v 0.036937 0.056419 -0.003758
v 0.036937 0.056419 -0.003758
v 0.036937 0.056419 -0.003758
v 0.036937 0.056419 -0.003758
v 0.036899 0.056377 -0.004123
v 0.036899 0.056377 -0.004123
v 0.036899 0.056377 -0.004123
v 0.036899 0.056377 -0.004123
v 0.036835 0.059697 -0.004992
v 0.036835 0.059697 -0.004992
v 0.036835 0.059697 -0.004992
v 0.036835 0.059697 -0.004992
v 0.036835 0.059697 -0.004992
v 0.036835 0.059697 -0.004992
v 0.036835 0.059697 -0.004992
v 0.036835 0.059697 -0.004992
v 0.036835 0.059697 -0.004992
v 0.036877 0.056352 -0.004339
v 0.036877 0.056352 -0.004339
v 0.036877 0.056352 -0.004339
v 0.036877 0.056352 -0.004339
v 0.036877 0.056352 -0.004339
v 0.036291 0.055956 -0.007762
v 0.036291 0.055956 -0.007762
v 0.036291 0.055956 -0.007762
v 0.036291 0.055956 -0.007762
v 0.036291 0.055956 -0.007762
v 0.037081 0.056781 -0.000639
v 0.037081 0.056781 -0.000639
v 0.037081 0.056781 -0.000639
v 0.037081 0.056781 -0.000639
v 0.037088 0.058311 -0.000704
v 0.037088 0.058311 -0.000704
v 0.037088 0.058311 -0.000704
v 0.037088 0.058311 -0.000704
v 0.037088 0.058311 -0.000704
v 0.037088 0.058311 -0.000704
v 0.037088 0.058311 -0.000704
v 0.037088 0.058311 -0.000704
v 0.037088 0.058311 -0.000704
v 0.037065 0.060801 -0.001423
v 0.037065 0.060801 -0.001423
v 0.037065 0.060801 -0.001423
v 0.037065 0.060801 -0.001423
v 0.037065 0.060801 -0.001423
v 0.037031 0.063056 -0.002496
v 0.037031 0.063056 -0.002496
v 0.037031 0.063056 -0.002496
v 0.037031 0.063056 -0.002496
v 0.037031 0.063056 -0.002496
v 0.037031 0.063056 -0.002496
v 0.037072 0.056960 0.000896
v 0.037072 0.056960 0.000896
v 0.037072 0.056960 0.000896
v 0.037072 0.056960 0.000896
v 0.037097 0.056822 -0.000289
v 0.037097 0.056822 -0.000289
v 0.037097 0.056822 -0.000289
v 0.037097 0.056822 -0.000289
v 0.037091 0.056805 -0.000435
v 0.037091 0.056805 -0.000435
v 0.037091 0.056805 -0.000435
v 0.037091 0.056805 -0.000435
v 0.035732 0.057951 0.009420
v 0.035732 0.057951 0.009420
v 0.035732 0.057951 0.009420
v 0.035732 0.057951 0.009420
v 0.035732 0.057951 0.009420
v 0.036285 0.057655 0.006875
v 0.036285 0.057655 0.006875
v 0.036285 0.057655 0.006875
v 0.036285 0.057655 0.006875
v 0.036294 0.059946 0.006510
v 0.036294 0.059946 0.006510
v 0.036294 0.059946 0.006510
v 0.036294 0.059946 0.006510
v 0.036294 0.059946 0.006510
v 0.036294 0.059946 0.006510
v 0.036294 0.059946 0.006510
v 0.036294 0.059946 0.006510
v 0.036294 0.059946 0.006510
v 0.036334 0.057628 0.006650
v 0.036334 0.057628 0.006650
v 0.036334 0.057628 0.006650
v 0.036334 0.057628 0.006650
v 0.036652 0.057458 0.005184
v 0.036652 0.057458 0.005184
v 0.036652 0.057458 0.005184
v 0.036652 0.057458 0.005184
v 0.036652 0.057458 0.005184
v 0.034071 0.061359 0.013434
v 0.034071 0.061359 0.013434
v 0.034071 0.061359 0.013434
v 0.034071 0.061359 0.013434
v 0.034071 0.061359 0.013434
v 0.034071 0.061359 0.013434
v 0.034071 0.061359 0.013434
v 0.034163 0.058474 0.013899
v 0.034163 0.058474 0.013899
v 0.034163 0.058474 0.013899
v 0.034163 0.058474 0.013899
v 0.034163 0.058474 0.013899
v 0.034261 0.058450 0.013696
v 0.034261 0.058450 0.013696
v 0.034261 0.058450 0.013696
v 0.034261 0.058450 0.013696
v 0.034261 0.058450 0.013696
v 0.030553 0.062595 0.019808
v 0.030553 0.062595 0.019808
v 0.030553 0.062595 0.019808
v 0.030553 0.062595 0.019808
v 0.030553 0.062595 0.019808
v 0.030553 0.062595 0.019808
v 0.030553 0.062595 0.019808
v 0.030553 0.062595 0.019808
v 0.030553 0.062595 0.019808
v 0.030777 0.059206 0.020148
v 0.030777 0.059206 0.020148
v 0.030777 0.059206 0.020148
v 0.030777 0.059206 0.020148
v 0.032418 0.058899 0.017533
v 0.032418 0.058899 0.017533
v 0.032418 0.058899 0.017533
v 0.032418 0.058899 0.017533
v 0.032418 0.058899 0.017533
v 0.027339 0.059733 0.024643
v 0.027339 0.059733 0.024643
v 0.027339 0.059733 0.024643
v 0.027339 0.059733 0.024643
v 0.027339 0.059733 0.024643
v 0.030151 0.059322 0.021144
v 0.030151 0.059322 0.021144
v 0.030151 0.059322 0.021144
v 0.030151 0.059322 0.021144
v 0.030151 0.059322 0.021144
v 0.030656 0.059228 0.020340
v 0.030656 0.059228 0.020340
v 0.030656 0.059228 0.020340
v 0.030656 0.059228 0.020340
v 0.023849 0.060130 0.028023
v 0.023849 0.060130 0.028023
v 0.023849 0.060130 0.028023
v 0.023849 0.060130 0.028023
v 0.023849 0.060130 0.028023
v 0.025975 0.059888 0.025965
v 0.025975 0.059888 0.025965
v 0.025975 0.059888 0.025965
v 0.025975 0.059888 0.025965
v 0.025880 0.063644 0.025392
v 0.025880 0.063644 0.025392
v 0.025880 0.063644 0.025392
v 0.025880 0.063644 0.025392
v 0.025880 0.063644 0.025392
v 0.025880 0.063644 0.025392
v 0.025880 0.063644 0.025392
v 0.025880 0.063644 0.025392
v 0.025880 0.063644 0.025392
v 0.026122 0.059872 0.025822
v 0.026122 0.059872 0.025822
v 0.026122 0.059872 0.025822
v 0.026122 0.059872 0.025822
v 0.016719 0.060693 0.032797
v 0.016719 0.060693 0.032797
v 0.016719 0.060693 0.032797
v 0.016719 0.060693 0.032797
v 0.016719 0.060693 0.032797
v 0.016719 0.060693 0.032797
v 0.020355 0.060440 0.030652
v 0.020355 0.060440 0.030652
v 0.020355 0.060440 0.030652
v 0.020355 0.060440 0.030652
v 0.020355 0.060440 0.030652
v 0.020224 0.064485 0.029971
v 0.020224 0.064485 0.029971
v 0.020224 0.064485 0.029971
v 0.020224 0.064485 0.029971
v 0.020224 0.064485 0.029971
v 0.020224 0.064485 0.029971
v 0.020224 0.064485 0.029971
v 0.020224 0.064485 0.029971
v 0.020441 0.060434 0.030602
v 0.020441 0.060434 0.030602
v 0.020441 0.060434 0.030602
v 0.020441 0.060434 0.030602
v 0.020496 0.060429 0.030560
v 0.020496 0.060429 0.030560
v 0.020496 0.060429 0.030560
v 0.020496 0.060429 0.030560
v 0.020496 0.060429 0.030560
v 0.012730 0.060901 0.034564
v 0.012730 0.060901 0.034564
v 0.012730 0.060901 0.034564
v 0.012730 0.060901 0.034564
v 0.013877 0.060841 0.034056
v 0.013877 0.060841 0.034056
v 0.013877 0.060841 0.034056
v 0.013877 0.060841 0.034056
v 0.013798 0.065099 0.033373
v 0.013798 0.065099 0.033373
v 0.013798 0.065099 0.033373
v 0.013798 0.065099 0.033373
v 0.013798 0.065099 0.033373
v 0.013798 0.065099 0.033373
v 0.013798 0.065099 0.033373
v 0.013798 0.065099 0.033373
v 0.013798 0.065099 0.033373
v 0.013988 0.060836 0.034007
v 0.013988 0.060836 0.034007
v 0.013988 0.060836 0.034007
v 0.013988 0.060836 0.034007
v 0.006885 0.061090 0.036164
v 0.006885 0.061090 0.036164
v 0.006885 0.061090 0.036164
v 0.006885 0.061090 0.036164
v 0.006947 0.061089 0.036153
v 0.006947 0.061089 0.036153
v 0.006947 0.061089 0.036153
v 0.006947 0.061089 0.036153
v 0.008536 0.061054 0.035860
v 0.008536 0.061054 0.035860
v 0.008536 0.061054 0.035860
v 0.008536 0.061054 0.035860
v 0.008536 0.061054 0.035860
v 0.008536 0.061054 0.035860
v -0.000384 0.061182 0.036941
v -0.000384 0.061182 0.036941
v -0.000384 0.061182 0.036941
v -0.000384 0.061182 0.036941
v -0.000384 0.061182 0.036941
v 0.004198 0.061148 0.036659
v 0.004198 0.061148 0.036659
v 0.004198 0.061148 0.036659
v 0.004198 0.061148 0.036659
v 0.004198 0.061148 0.036659
v -0.000385 0.070371 0.034580
v -0.000385 0.070371 0.034580
v -0.000385 0.070371 0.034580
v -0.000385 0.070371 0.034580
v -0.000385 0.070077 0.034724
v -0.000385 0.070077 0.034724
v -0.000385 0.070077 0.034724
v -0.000385 0.070077 0.034724
v 0.006746 0.069930 0.034054
v 0.006746 0.069930 0.034054
v 0.006746 0.069930 0.034054
v 0.006746 0.069930 0.034054
v 0.006746 0.069930 0.034054
v 0.006746 0.069930 0.034054
v 0.006746 0.069930 0.034054
v 0.006746 0.069930 0.034054
v -0.000385 0.069756 0.034881
v -0.000385 0.069756 0.034881
v -0.000385 0.069756 0.034881
v -0.000385 0.069756 0.034881
v -0.000385 0.069756 0.034881
v -0.000385 0.069756 0.034881
v -0.000385 0.066069 0.036060
v -0.000385 0.066069 0.036060
v -0.000385 0.066069 0.036060
v -0.000385 0.066069 0.036060
v -0.000385 0.073119 0.033233
v -0.000385 0.073119 0.033233
v -0.000385 0.073119 0.033233
v -0.000385 0.073119 0.033233
v -0.000385 0.073119 0.033233
v -0.000385 0.073119 0.033233
v 0.006611 0.073896 0.031957
v 0.006611 0.073896 0.031957
v 0.006611 0.073896 0.031957
v 0.006611 0.073896 0.031957
v 0.006611 0.073896 0.031957
v 0.006611 0.073896 0.031957
v 0.006611 0.073896 0.031957
v 0.006611 0.073896 0.031957
v -0.000385 0.074043 0.032573
v -0.000385 0.074043 0.032573
v -0.000385 0.074043 0.032573
v -0.000385 0.074043 0.032573
v -0.000385 0.077607 0.029571
v -0.000385 0.077607 0.029571
v -0.000385 0.077607 0.029571
v -0.000385 0.077607 0.029571
v -0.000385 0.077457 0.029722
v -0.000385 0.077457 0.029722
v -0.000385 0.077457 0.029722
v -0.000385 0.077457 0.029722
v 0.006440 0.077305 0.029134
v 0.006440 0.077305 0.029134
v 0.006440 0.077305 0.029134
v 0.006440 0.077305 0.029134
v 0.006440 0.077305 0.029134
v 0.006440 0.077305 0.029134
v 0.006440 0.077305 0.029134
v 0.006440 0.077305 0.029134
v -0.000385 0.076050 0.031139
v -0.000385 0.076050 0.031139
v -0.000385 0.076050 0.031139
v -0.000385 0.076050 0.031139
v -0.000385 0.076050 0.031139
v -0.000385 0.076050 0.031139
v -0.000385 0.074258 0.032419
v -0.000385 0.074258 0.032419
v -0.000385 0.074258 0.032419
v -0.000385 0.074258 0.032419
v -0.000385 0.078555 0.028616
v -0.000385 0.078555 0.028616
v -0.000385 0.078555 0.028616
v -0.000385 0.078555 0.028616
v -0.000385 0.078555 0.028616
v -0.000385 0.078555 0.028616
v 0.006240 0.080120 0.025583
v 0.006240 0.080120 0.025583
v 0.006240 0.080120 0.025583
v 0.006240 0.080120 0.025583
v 0.006240 0.080120 0.025583
v 0.006240 0.080120 0.025583
v 0.006240 0.080120 0.025583
v 0.006240 0.080120 0.025583
v -0.000385 0.080303 0.026163
v -0.000385 0.080303 0.026163
v -0.000385 0.080303 0.026163
v -0.000385 0.080303 0.026163
v -0.000386 0.082537 0.021886
v -0.000386 0.082537 0.021886
v -0.000386 0.082537 0.021886
v -0.000386 0.082537 0.021886
v -0.000386 0.082424 0.022204
v -0.000386 0.082424 0.022204
v -0.000386 0.082424 0.022204
v -0.000386 0.082424 0.022204
v 0.006019 0.082336 0.021332
v 0.006019 0.082336 0.021332
v 0.006019 0.082336 0.021332
v 0.006019 0.082336 0.021332
v 0.006019 0.082336 0.021332
v 0.006019 0.082336 0.021332
v 0.006019 0.082336 0.021332
v 0.006019 0.082336 0.021332
v 0.006019 0.082336 0.021332
v -0.000385 0.080663 0.025658
v -0.000385 0.080663 0.025658
v -0.000385 0.080663 0.025658
v -0.000385 0.080663 0.025658
v -0.000385 0.080663 0.025658
v -0.000385 0.080663 0.025658
v -0.000385 0.080400 0.026028
v -0.000385 0.080400 0.026028
v -0.000385 0.080400 0.026028
v -0.000385 0.080400 0.026028
v 0.005788 0.083979 0.016434
v 0.005788 0.083979 0.016434
v 0.005788 0.083979 0.016434
v 0.005788 0.083979 0.016434
v 0.005788 0.083979 0.016434
v 0.005788 0.083979 0.016434
v 0.005788 0.083979 0.016434
v 0.005788 0.083979 0.016434
v -0.000386 0.083860 0.018162
v -0.000386 0.083860 0.018162
v -0.000386 0.083860 0.018162
v -0.000386 0.083860 0.018162
v -0.000386 0.083860 0.018162
v -0.000386 0.083860 0.018162
v -0.000386 0.082577 0.021774
v -0.000386 0.082577 0.021774
v -0.000386 0.082577 0.021774
v -0.000386 0.082577 0.021774
v -0.000386 0.084980 0.013403
v -0.000386 0.084980 0.013403
v -0.000386 0.084980 0.013403
v -0.000386 0.084980 0.013403
v -0.000386 0.084980 0.013403
v -0.000386 0.084980 0.013403
v -0.000386 0.084163 0.016873
v -0.000386 0.084163 0.016873
v -0.000386 0.084163 0.016873
v -0.000386 0.084163 0.016873
v -0.000386 0.084149 0.016935
v -0.000386 0.084149 0.016935
v -0.000386 0.084149 0.016935
v -0.000386 0.084149 0.016935
v -0.000386 0.085783 0.007742
v -0.000386 0.085783 0.007742
v -0.000386 0.085783 0.007742
v -0.000386 0.085783 0.007742
v -0.000386 0.085783 0.007742
v -0.000386 0.085783 0.007742
v -0.000386 0.085262 0.011416
v -0.000386 0.085262 0.011416
v -0.000386 0.085262 0.011416
v -0.000386 0.085262 0.011416
v 0.005559 0.085106 0.010964
v 0.005559 0.085106 0.010964
v 0.005559 0.085106 0.010964
v 0.005559 0.085106 0.010964
v 0.005559 0.085106 0.010964
v 0.005559 0.085106 0.010964
v 0.005559 0.085106 0.010964
v -0.000386 0.086432 -0.010328
v -0.000386 0.086432 -0.010328
v -0.000386 0.086432 -0.010328
v -0.000386 0.086432 -0.010328
v -0.000386 0.086432 -0.010328
v -0.000386 0.086294 -0.000994
v -0.000386 0.086294 -0.000994
v -0.000386 0.086294 -0.000994
v -0.000386 0.086294 -0.000994
v -0.000386 0.086294 -0.000994
v 0.005147 0.086152 -0.001338
v 0.005147 0.086152 -0.001338
v 0.005147 0.086152 -0.001338
v 0.005147 0.086152 -0.001338
v 0.005147 0.086152 -0.001338
v 0.005147 0.086152 -0.001338
v 0.005147 0.086152 -0.001338
v 0.005147 0.086152 -0.001338
v 0.005147 0.086152 -0.001338
v -0.000386 0.086291 -0.000839
v -0.000386 0.086291 -0.000839
v -0.000386 0.086291 -0.000839
v -0.000386 0.086291 -0.000839
v -0.000386 0.086266 0.000886
v -0.000386 0.086266 0.000886
v -0.000386 0.086266 0.000886
v -0.000386 0.086266 0.000886
v 0.004681 0.085793 -0.042160
v 0.004681 0.085793 -0.042160
v 0.004681 0.085793 -0.042160
v 0.004681 0.085793 -0.042160
v 0.004681 0.085793 -0.042160
v 0.004681 0.085793 -0.042160
v 0.004681 0.085793 -0.042160
v 0.004681 0.085793 -0.042160
v -0.000386 0.086148 -0.042160
v -0.000386 0.086148 -0.042160
v -0.000386 0.086148 -0.042160
v -0.000386 0.086148 -0.042160
v -0.000386 0.086394 -0.014596
v -0.000386 0.086394 -0.014596
v -0.000386 0.086394 -0.014596
v -0.000386 0.086394 -0.014596
v -0.000386 0.086394 -0.014596
v -0.000386 0.086394 -0.014596
v 0.010070 0.085756 -0.015489
v 0.010070 0.085756 -0.015489
v 0.010070 0.085756 -0.015489
v 0.010070 0.085756 -0.015489
v 0.010070 0.085756 -0.015489
v 0.010070 0.085756 -0.015489
v 0.010070 0.085756 -0.015489
v 0.004856 0.086237 -0.014820
v 0.004856 0.086237 -0.014820
v 0.004856 0.086237 -0.014820
v 0.004856 0.086237 -0.014820
v 0.004856 0.086237 -0.014820
v 0.004856 0.086237 -0.014820
v -0.000386 0.086396 -0.014265
v -0.000386 0.086396 -0.014265
v -0.000386 0.086396 -0.014265
v -0.000386 0.086396 -0.014265
v 0.012042 0.085278 -0.042160
v 0.012042 0.085278 -0.042160
v 0.012042 0.085278 -0.042160
v 0.012042 0.085278 -0.042160
v 0.012042 0.085278 -0.042160
v 0.012042 0.085278 -0.042160
v 0.014876 0.084867 -0.029640
v 0.014876 0.084867 -0.029640
v 0.014876 0.084867 -0.029640
v 0.014876 0.084867 -0.029640
v 0.014876 0.084867 -0.029640
v 0.014876 0.084867 -0.029640
v 0.019791 0.083555 -0.042160
v 0.019791 0.083555 -0.042160
v 0.019791 0.083555 -0.042160
v 0.019791 0.083555 -0.042160
v 0.019791 0.083555 -0.042160
v 0.019895 0.083756 -0.030359
v 0.019895 0.083756 -0.030359
v 0.019895 0.083756 -0.030359
v 0.019895 0.083756 -0.030359
v 0.019895 0.083756 -0.030359
v 0.019895 0.083756 -0.030359
v 0.019992 0.083511 -0.042160
v 0.019992 0.083511 -0.042160
v 0.019992 0.083511 -0.042160
v 0.019992 0.083511 -0.042160
v 0.019992 0.083511 -0.042160
v 0.024833 0.082218 -0.031254
v 0.024833 0.082218 -0.031254
v 0.024833 0.082218 -0.031254
v 0.024833 0.082218 -0.031254
v 0.024833 0.082218 -0.031254
v 0.024833 0.082218 -0.031254
v 0.024833 0.082218 -0.031254
v 0.024833 0.082218 -0.031254
v 0.022764 0.082894 -0.042160
v 0.022764 0.082894 -0.042160
v 0.022764 0.082894 -0.042160
v 0.022764 0.082894 -0.042160
v 0.022764 0.082894 -0.042160
v 0.029616 0.080103 -0.032302
v 0.029616 0.080103 -0.032302
v 0.029616 0.080103 -0.032302
v 0.029616 0.080103 -0.032302
v 0.029616 0.080103 -0.032302
v 0.029616 0.080103 -0.032302
v 0.029616 0.080103 -0.032302
v 0.029616 0.080103 -0.032302
v 0.026469 0.081381 -0.042160
v 0.026469 0.081381 -0.042160
v 0.026469 0.081381 -0.042160
v 0.026469 0.081381 -0.042160
v 0.026469 0.081381 -0.042160
v 0.026469 0.081381 -0.042160
v 0.024722 0.082095 -0.042160
v 0.024722 0.082095 -0.042160
v 0.024722 0.082095 -0.042160
v 0.024722 0.082095 -0.042160
v 0.033986 0.077068 -0.042160
v 0.033986 0.077068 -0.042160
v 0.033986 0.077068 -0.042160
v 0.033986 0.077068 -0.042160
v 0.033986 0.077068 -0.042160
v 0.031273 0.078940 -0.042160
v 0.031273 0.078940 -0.042160
v 0.031273 0.078940 -0.042160
v 0.031273 0.078940 -0.042160
v 0.031273 0.078940 -0.042160
v 0.029568 0.080116 -0.042160
v 0.029568 0.080116 -0.042160
v 0.029568 0.080116 -0.042160
v 0.029568 0.080116 -0.042160
v 0.034009 0.077044 -0.033485
v 0.034009 0.077044 -0.033485
v 0.034009 0.077044 -0.033485
v 0.034009 0.077044 -0.033485
v 0.034009 0.077044 -0.033485
v 0.034009 0.077044 -0.033485
v 0.034399 0.076548 -0.042160
v 0.034399 0.076548 -0.042160
v 0.034399 0.076548 -0.042160
v 0.034399 0.076548 -0.042160
v 0.034399 0.076548 -0.042160
v 0.035765 0.074876 -0.034128
v 0.035765 0.074876 -0.034128
v 0.035765 0.074876 -0.034128
v 0.035765 0.074876 -0.034128
v 0.035765 0.074876 -0.034128
v 0.035765 0.074876 -0.034128
v 0.035765 0.074876 -0.034128
v 0.035765 0.074876 -0.034128
v 0.035729 0.074877 -0.042160
v 0.035729 0.074877 -0.042160
v 0.035729 0.074877 -0.042160
v 0.035729 0.074877 -0.042160
v 0.035729 0.074877 -0.042160
v 0.035858 0.074715 -0.042160
v 0.035858 0.074715 -0.042160
v 0.035858 0.074715 -0.042160
v 0.035858 0.074715 -0.042160
v 0.035906 0.074538 -0.042160
v 0.035906 0.074538 -0.042160
v 0.035906 0.074538 -0.042160
v 0.035906 0.074538 -0.042160
v 0.035906 0.074538 -0.042160
v 0.035906 0.074538 -0.042160
v 0.036566 0.072101 -0.034808
v 0.036566 0.072101 -0.034808
v 0.036566 0.072101 -0.034808
v 0.036566 0.072101 -0.034808
v 0.036566 0.072101 -0.034808
v 0.036566 0.072101 -0.034808
v 0.036566 0.072101 -0.034808
v 0.036566 0.072101 -0.034808
v 0.036401 0.072708 -0.042160
v 0.036401 0.072708 -0.042160
v 0.036401 0.072708 -0.042160
v 0.036401 0.072708 -0.042160
v 0.035715 0.069421 -0.042160
v 0.035715 0.069421 -0.042160
v 0.035715 0.069421 -0.042160
v 0.035715 0.069421 -0.042160
v 0.035859 0.069582 -0.042160
v 0.035859 0.069582 -0.042160
v 0.035859 0.069582 -0.042160
v 0.035859 0.069582 -0.042160
v 0.035859 0.069582 -0.042160
v 0.035764 0.069381 -0.035484
v 0.035764 0.069381 -0.035484
v 0.035764 0.069381 -0.035484
v 0.035764 0.069381 -0.035484
v 0.035764 0.069381 -0.035484
v 0.035764 0.069381 -0.035484
v 0.035764 0.069381 -0.035484
v 0.035764 0.069381 -0.035484
v 0.036271 0.071069 -0.042160
v 0.036271 0.071069 -0.042160
v 0.036271 0.071069 -0.042160
v 0.036271 0.071069 -0.042160
v 0.036271 0.071069 -0.042160
v 0.036561 0.072115 -0.042160
v 0.036561 0.072115 -0.042160
v 0.036561 0.072115 -0.042160
v 0.036561 0.072115 -0.042160
v 0.036561 0.072115 -0.042160
v 0.035529 0.069214 -0.042160
v 0.035529 0.069214 -0.042160
v 0.035529 0.069214 -0.042160
v 0.035529 0.069214 -0.042160
v 0.035529 0.069214 -0.042160
v 0.034005 0.067331 -0.036112
v 0.034005 0.067331 -0.036112
v 0.034005 0.067331 -0.036112
v 0.034005 0.067331 -0.036112
v 0.034005 0.067331 -0.036112
v 0.034005 0.067331 -0.036112
v 0.034005 0.067331 -0.036112
v 0.034005 0.067331 -0.036112
v 0.033906 0.067407 -0.042160
v 0.033906 0.067407 -0.042160
v 0.033906 0.067407 -0.042160
v 0.033906 0.067407 -0.042160
v 0.033906 0.067407 -0.042160
v 0.028830 0.064243 -0.042160
v 0.028830 0.064243 -0.042160
v 0.028830 0.064243 -0.042160
v 0.028830 0.064243 -0.042160
v 0.028830 0.064243 -0.042160
v 0.029612 0.064542 -0.037236
v 0.029612 0.064542 -0.037236
v 0.029612 0.064542 -0.037236
v 0.029612 0.064542 -0.037236
v 0.029612 0.064542 -0.037236
v 0.029612 0.064542 -0.037236
v 0.029612 0.064542 -0.037236
v 0.029612 0.064542 -0.037236
v 0.028295 0.064068 -0.042160
v 0.028295 0.064068 -0.042160
v 0.028295 0.064068 -0.042160
v 0.028295 0.064068 -0.042160
v 0.028295 0.064068 -0.042160
v 0.028295 0.064068 -0.042160
v 0.024830 0.062674 -0.038205
v 0.024830 0.062674 -0.038205
v 0.024830 0.062674 -0.038205
v 0.024830 0.062674 -0.038205
v 0.024830 0.062674 -0.038205
v 0.024830 0.062674 -0.038205
v 0.024830 0.062674 -0.038205
v 0.024830 0.062674 -0.038205
v 0.024706 0.062898 -0.042160
v 0.024706 0.062898 -0.042160
v 0.024706 0.062898 -0.042160
v 0.024706 0.062898 -0.042160
v 0.029316 0.064524 -0.042160
v 0.029316 0.064524 -0.042160
v 0.029316 0.064524 -0.042160
v 0.029316 0.064524 -0.042160
v 0.029518 0.064641 -0.042160
v 0.029518 0.064641 -0.042160
v 0.029518 0.064641 -0.042160
v 0.029518 0.064641 -0.042160
v 0.029518 0.064641 -0.042160
v 0.029518 0.064641 -0.042160
v 0.033481 0.066934 -0.042160
v 0.033481 0.066934 -0.042160
v 0.033481 0.066934 -0.042160
v 0.033481 0.066934 -0.042160
v 0.016003 0.060682 -0.042160
v 0.016003 0.060682 -0.042160
v 0.016003 0.060682 -0.042160
v 0.016003 0.060682 -0.042160
v 0.019815 0.061459 -0.042160
v 0.019815 0.061459 -0.042160
v 0.019815 0.061459 -0.042160
v 0.019815 0.061459 -0.042160
v 0.019815 0.061459 -0.042160
v 0.019896 0.061333 -0.039022
v 0.019896 0.061333 -0.039022
v 0.019896 0.061333 -0.039022
v 0.019896 0.061333 -0.039022
v 0.019896 0.061333 -0.039022
v 0.019896 0.061333 -0.039022
v 0.019896 0.061333 -0.039022
v 0.019896 0.061333 -0.039022
v 0.019896 0.061333 -0.039022
v 0.021087 0.061718 -0.042160
v 0.021087 0.061718 -0.042160
v 0.021087 0.061718 -0.042160
v 0.021087 0.061718 -0.042160
v 0.021087 0.061718 -0.042160
v 0.022282 0.062107 -0.042160
v 0.022282 0.062107 -0.042160
v 0.022282 0.062107 -0.042160
v 0.022282 0.062107 -0.042160
v 0.013142 0.060364 -0.042160
v 0.013142 0.060364 -0.042160
v 0.013142 0.060364 -0.042160
v 0.013142 0.060364 -0.042160
v 0.013142 0.060364 -0.042160
v 0.009821 0.059646 -0.040175
v 0.009821 0.059646 -0.040175
v 0.009821 0.059646 -0.040175
v 0.009821 0.059646 -0.040175
v 0.009821 0.059646 -0.040175
v 0.009821 0.059646 -0.040175
v 0.009821 0.059646 -0.040175
v 0.009749 0.059988 -0.042160
v 0.009749 0.059988 -0.042160
v 0.009749 0.059988 -0.042160
v 0.009749 0.059988 -0.042160
v 0.009749 0.059988 -0.042160
v 0.004872 0.059446 -0.042160
v 0.004872 0.059446 -0.042160
v 0.004872 0.059446 -0.042160
v 0.004872 0.059446 -0.042160
v 0.004872 0.059446 -0.042160
v 0.004729 0.059185 -0.040491
v 0.004729 0.059185 -0.040491
v 0.004729 0.059185 -0.040491
v 0.004729 0.059185 -0.040491
v 0.004729 0.059185 -0.040491
v 0.004729 0.059185 -0.040491
v 0.004729 0.059185 -0.040491
v 0.004729 0.059185 -0.040491
v 0.001769 0.059357 -0.042161
v 0.001769 0.059357 -0.042161
v 0.001769 0.059357 -0.042161
v 0.001769 0.059357 -0.042161
v 0.001769 0.059357 -0.042161
v 0.001769 0.059357 -0.042161
v -0.000384 0.058966 -0.040613
v -0.000384 0.058966 -0.040613
v -0.000384 0.058966 -0.040613
v -0.000384 0.058966 -0.040613
v -0.000384 0.058966 -0.040613
v -0.000384 0.059295 -0.042161
v -0.000384 0.059295 -0.042161
v -0.000384 0.059295 -0.042161
v -0.000384 0.059295 -0.042161
v -0.000384 0.059295 -0.042161
v -0.000384 0.055131 -0.037471
v -0.000384 0.055131 -0.037471
v -0.000384 0.055131 -0.037471
v -0.000384 0.055131 -0.037471
v -0.000384 0.055131 -0.037471
v -0.000384 0.055469 -0.037473
v -0.000384 0.055469 -0.037473
v -0.000384 0.055469 -0.037473
v -0.000384 0.055469 -0.037473
v 0.005581 0.056683 -0.037206
v 0.005581 0.056683 -0.037206
v 0.005581 0.056683 -0.037206
v 0.005581 0.056683 -0.037206
v 0.005581 0.056683 -0.037206
v 0.005581 0.056683 -0.037206
v 0.005581 0.056683 -0.037206
v 0.005581 0.056683 -0.037206
v 0.005581 0.056683 -0.037206
v -0.000384 0.056425 -0.037739
v -0.000384 0.056425 -0.037739
v -0.000384 0.056425 -0.037739
v -0.000384 0.056425 -0.037739
v -0.000384 0.056425 -0.037739
v -0.000384 0.057013 -0.037902
v -0.000384 0.057013 -0.037902
v -0.000384 0.057013 -0.037902
v -0.000384 0.057013 -0.037902
v 0.006451 0.053904 -0.036775
v 0.006451 0.053904 -0.036775
v 0.006451 0.053904 -0.036775
v 0.006451 0.053904 -0.036775
v 0.006451 0.053904 -0.036775
v 0.006451 0.053904 -0.036775
v 0.006451 0.053904 -0.036775
v 0.006451 0.053904 -0.036775
v 0.006451 0.053904 -0.036775
v -0.000384 0.053695 -0.037462
v -0.000384 0.053695 -0.037462
v -0.000384 0.053695 -0.037462
v -0.000384 0.053695 -0.037462
v -0.000384 0.053729 -0.037462
v -0.000384 0.053729 -0.037462
v -0.000384 0.053729 -0.037462
v -0.000384 0.053729 -0.037462
v -0.000384 0.053729 -0.037462
v -0.000384 0.053729 -0.037462
v 0.036772 0.070277 -0.013415
v 0.036772 0.070277 -0.013415
v 0.036772 0.070277 -0.013415
v 0.036772 0.070277 -0.013415
v 0.036772 0.070277 -0.013415
v 0.036772 0.070277 -0.013415
v 0.036217 0.067940 -0.015986
v 0.036217 0.067940 -0.015986
v 0.036217 0.067940 -0.015986
v 0.036217 0.067940 -0.015986
v 0.036217 0.067940 -0.015986
v 0.036217 0.067940 -0.015986
v 0.034925 0.066062 -0.018459
v 0.034925 0.066062 -0.018459
v 0.034925 0.066062 -0.018459
v 0.034925 0.066062 -0.018459
v 0.034925 0.066062 -0.018459
v 0.034925 0.066062 -0.018459
v 0.035419 0.064515 -0.013961
v 0.035419 0.064515 -0.013961
v 0.035419 0.064515 -0.013961
v 0.035419 0.064515 -0.013961
v 0.035419 0.064515 -0.013961
v 0.035419 0.064515 -0.013961
v 0.031393 0.063258 -0.023074
v 0.031393 0.063258 -0.023074
v 0.031393 0.063258 -0.023074
v 0.031393 0.063258 -0.023074
v 0.031393 0.063258 -0.023074
v 0.031393 0.063258 -0.023074
v 0.032357 0.061894 -0.019534
v 0.032357 0.061894 -0.019534
v 0.032357 0.061894 -0.019534
v 0.032357 0.061894 -0.019534
v 0.032357 0.061894 -0.019534
v 0.032357 0.061894 -0.019534
v 0.027114 0.061177 -0.027207
v 0.027114 0.061177 -0.027207
v 0.027114 0.061177 -0.027207
v 0.027114 0.061177 -0.027207
v 0.027114 0.061177 -0.027207
v 0.027114 0.061177 -0.027207
v 0.028352 0.059864 -0.024580
v 0.028352 0.059864 -0.024580
v 0.028352 0.059864 -0.024580
v 0.028352 0.059864 -0.024580
v 0.028352 0.059864 -0.024580
v 0.028352 0.059864 -0.024580
v 0.022285 0.059561 -0.030771
v 0.022285 0.059561 -0.030771
v 0.022285 0.059561 -0.030771
v 0.022285 0.059561 -0.030771
v 0.022285 0.059561 -0.030771
v 0.022285 0.059561 -0.030771
v 0.023579 0.058247 -0.028959
v 0.023579 0.058247 -0.028959
v 0.023579 0.058247 -0.028959
v 0.023579 0.058247 -0.028959
v 0.023579 0.058247 -0.028959
v 0.023579 0.058247 -0.028959
v 0.017019 0.058298 -0.033676
v 0.017019 0.058298 -0.033676
v 0.017019 0.058298 -0.033676
v 0.017019 0.058298 -0.033676
v 0.017019 0.058298 -0.033676
v 0.017019 0.058298 -0.033676
v 0.018173 0.056970 -0.032539
v 0.018173 0.056970 -0.032539
v 0.018173 0.056970 -0.032539
v 0.018173 0.056970 -0.032539
v 0.018173 0.056970 -0.032539
v 0.018173 0.056970 -0.032539
v 0.011418 0.057335 -0.035846
v 0.011418 0.057335 -0.035846
v 0.011418 0.057335 -0.035846
v 0.011418 0.057335 -0.035846
v 0.011418 0.057335 -0.035846
v 0.011418 0.057335 -0.035846
v 0.012276 0.055998 -0.035207
v 0.012276 0.055998 -0.035207
v 0.012276 0.055998 -0.035207
v 0.012276 0.055998 -0.035207
v 0.012276 0.055998 -0.035207
v 0.012276 0.055998 -0.035207
v 0.035869 0.062082 -0.010610
v 0.035869 0.062082 -0.010610
v 0.035869 0.062082 -0.010610
v 0.035869 0.062082 -0.010610
v 0.035869 0.062082 -0.010610
v 0.035869 0.062082 -0.010610
v 0.033236 0.059829 -0.016916
v 0.033236 0.059829 -0.016916
v 0.033236 0.059829 -0.016916
v 0.033236 0.059829 -0.016916
v 0.033236 0.059829 -0.016916
v 0.033236 0.059829 -0.016916
v 0.029481 0.058017 -0.022677
v 0.029481 0.058017 -0.022677
v 0.029481 0.058017 -0.022677
v 0.029481 0.058017 -0.022677
v 0.029481 0.058017 -0.022677
v 0.029481 0.058017 -0.022677
v 0.024759 0.056543 -0.027701
v 0.024759 0.056543 -0.027701
v 0.024759 0.056543 -0.027701
v 0.024759 0.056543 -0.027701
v 0.024759 0.056543 -0.027701
v 0.024759 0.056543 -0.027701
v 0.019225 0.055370 -0.031815
v 0.019225 0.055370 -0.031815
v 0.019225 0.055370 -0.031815
v 0.019225 0.055370 -0.031815
v 0.019225 0.055370 -0.031815
v 0.019225 0.055370 -0.031815
v 0.036201 0.072644 -0.010835
v 0.036201 0.072644 -0.010835
v 0.036201 0.072644 -0.010835
v 0.036201 0.072644 -0.010835
v 0.036201 0.072644 -0.010835
v 0.036201 0.072644 -0.010835
v 0.036201 0.072644 -0.010835
v 0.036322 0.071579 -0.007719
v 0.036322 0.071579 -0.007719
v 0.036322 0.071579 -0.007719
v 0.036322 0.071579 -0.007719
v 0.036322 0.071579 -0.007719
v 0.036322 0.071579 -0.007719
v 0.022263 0.081980 0.004367
v 0.022263 0.081980 0.004367
v 0.022263 0.081980 0.004367
v 0.022263 0.081980 0.004367
v 0.022263 0.081980 0.004367
v 0.022263 0.081980 0.004367
v 0.016992 0.083440 0.007379
v 0.016992 0.083440 0.007379
v 0.016992 0.083440 0.007379
v 0.016992 0.083440 0.007379
v 0.016992 0.083440 0.007379
v 0.016992 0.083440 0.007379
v 0.017570 0.082256 0.012439
v 0.017570 0.082256 0.012439
v 0.017570 0.082256 0.012439
v 0.017570 0.082256 0.012439
v 0.017570 0.082256 0.012439
v 0.017570 0.082256 0.012439
v 0.011388 0.084481 0.009602
v 0.011388 0.084481 0.009602
v 0.011388 0.084481 0.009602
v 0.011388 0.084481 0.009602
v 0.011388 0.084481 0.009602
v 0.011388 0.084481 0.009602
v 0.036444 0.070235 -0.004950
v 0.036444 0.070235 -0.004950
v 0.036444 0.070235 -0.004950
v 0.036444 0.070235 -0.004950
v 0.036444 0.070235 -0.004950
v 0.036444 0.070235 -0.004950
v 0.036561 0.068596 -0.002561
v 0.036561 0.068596 -0.002561
v 0.036561 0.068596 -0.002561
v 0.036561 0.068596 -0.002561
v 0.036561 0.068596 -0.002561
v 0.036561 0.068596 -0.002561
v 0.036668 0.066656 -0.000578
v 0.036668 0.066656 -0.000578
v 0.036668 0.066656 -0.000578
v 0.036668 0.066656 -0.000578
v 0.036668 0.066656 -0.000578
v 0.036668 0.066656 -0.000578
v 0.036759 0.064423 0.000989
v 0.036759 0.064423 0.000989
v 0.036759 0.064423 0.000989
v 0.036759 0.064423 0.000989
v 0.036759 0.064423 0.000989
v 0.036759 0.064423 0.000989
v 0.036831 0.061914 0.002147
v 0.036831 0.061914 0.002147
v 0.036831 0.061914 0.002147
v 0.036831 0.061914 0.002147
v 0.036831 0.061914 0.002147
v 0.036831 0.061914 0.002147
v 0.036882 0.059160 0.002923
v 0.036882 0.059160 0.002923
v 0.036882 0.059160 0.002923
v 0.036882 0.059160 0.002923
v 0.036882 0.059160 0.002923
v 0.036882 0.059160 0.002923
v 0.036842 0.057232 0.003243
v 0.036842 0.057232 0.003243
v 0.036842 0.057232 0.003243
v 0.036842 0.057232 0.003243
v 0.036842 0.057232 0.003243
v 0.036842 0.057232 0.003243
v 0.030295 0.066304 0.018719
v 0.030295 0.066304 0.018719
v 0.030295 0.066304 0.018719
v 0.030295 0.066304 0.018719
v 0.030295 0.066304 0.018719
v 0.030295 0.066304 0.018719
v 0.025609 0.067627 0.024190
v 0.025609 0.067627 0.024190
v 0.025609 0.067627 0.024190
v 0.025609 0.067627 0.024190
v 0.025609 0.067627 0.024190
v 0.025609 0.067627 0.024190
v 0.029931 0.069654 0.017097
v 0.029931 0.069654 0.017097
v 0.029931 0.069654 0.017097
v 0.029931 0.069654 0.017097
v 0.029931 0.069654 0.017097
v 0.029931 0.069654 0.017097
v 0.025229 0.071205 0.022402
v 0.025229 0.071205 0.022402
v 0.025229 0.071205 0.022402
v 0.025229 0.071205 0.022402
v 0.025229 0.071205 0.022402
v 0.025229 0.071205 0.022402
v 0.029471 0.072600 0.014907
v 0.029471 0.072600 0.014907
v 0.029471 0.072600 0.014907
v 0.029471 0.072600 0.014907
v 0.029471 0.072600 0.014907
v 0.029471 0.072600 0.014907
v 0.024747 0.074326 0.019991
v 0.024747 0.074326 0.019991
v 0.024747 0.074326 0.019991
v 0.024747 0.074326 0.019991
v 0.024747 0.074326 0.019991
v 0.024747 0.074326 0.019991
v 0.028931 0.075115 0.012142
v 0.028931 0.075115 0.012142
v 0.028931 0.075115 0.012142
v 0.028931 0.075115 0.012142
v 0.028931 0.075115 0.012142
v 0.028931 0.075115 0.012142
v 0.024183 0.076959 0.016951
v 0.024183 0.076959 0.016951
v 0.024183 0.076959 0.016951
v 0.024183 0.076959 0.016951
v 0.024183 0.076959 0.016951
v 0.024183 0.076959 0.016951
v 0.028336 0.077189 0.008819
v 0.028336 0.077189 0.008819
v 0.028336 0.077189 0.008819
v 0.028336 0.077189 0.008819
v 0.028336 0.077189 0.008819
v 0.028336 0.077189 0.008819
v 0.023561 0.079098 0.013303
v 0.023561 0.079098 0.013303
v 0.023561 0.079098 0.013303
v 0.023561 0.079098 0.013303
v 0.023561 0.079098 0.013303
v 0.023561 0.079098 0.013303
v 0.027715 0.078835 0.004975
v 0.027715 0.078835 0.004975
v 0.027715 0.078835 0.004975
v 0.027715 0.078835 0.004975
v 0.027715 0.078835 0.004975
v 0.027715 0.078835 0.004975
v 0.022910 0.080759 0.009088
v 0.022910 0.080759 0.009088
v 0.022910 0.080759 0.009088
v 0.022910 0.080759 0.009088
v 0.022910 0.080759 0.009088
v 0.022910 0.080759 0.009088
v 0.027096 0.080082 0.000662
v 0.027096 0.080082 0.000662
v 0.027096 0.080082 0.000662
v 0.027096 0.080082 0.000662
v 0.027096 0.080082 0.000662
v 0.018152 0.080597 0.016962
v 0.018152 0.080597 0.016962
v 0.018152 0.080597 0.016962
v 0.018152 0.080597 0.016962
v 0.018152 0.080597 0.016962
v 0.018152 0.080597 0.016962
v 0.018708 0.078418 0.020882
v 0.018708 0.078418 0.020882
v 0.018708 0.078418 0.020882
v 0.018708 0.078418 0.020882
v 0.018708 0.078418 0.020882
v 0.018708 0.078418 0.020882
v 0.019212 0.075698 0.024152
v 0.019212 0.075698 0.024152
v 0.019212 0.075698 0.024152
v 0.019212 0.075698 0.024152
v 0.019212 0.075698 0.024152
v 0.019212 0.075698 0.024152
v 0.019643 0.072443 0.026748
v 0.019643 0.072443 0.026748
v 0.019643 0.072443 0.026748
v 0.019643 0.072443 0.026748
v 0.019643 0.072443 0.026748
v 0.019643 0.072443 0.026748
v 0.019983 0.068686 0.028675
v 0.019983 0.068686 0.028675
v 0.019983 0.068686 0.028675
v 0.019983 0.068686 0.028675
v 0.019983 0.068686 0.028675
v 0.019983 0.068686 0.028675
v 0.013618 0.069459 0.032005
v 0.013618 0.069459 0.032005
v 0.013618 0.069459 0.032005
v 0.013618 0.069459 0.032005
v 0.013618 0.069459 0.032005
v 0.013618 0.069459 0.032005
v 0.013364 0.073346 0.029973
v 0.013364 0.073346 0.029973
v 0.013364 0.073346 0.029973
v 0.013364 0.073346 0.029973
v 0.013364 0.073346 0.029973
v 0.013364 0.073346 0.029973
v 0.013043 0.076698 0.027237
v 0.013043 0.076698 0.027237
v 0.013043 0.076698 0.027237
v 0.013043 0.076698 0.027237
v 0.013043 0.076698 0.027237
v 0.013043 0.076698 0.027237
v 0.012667 0.079477 0.023793
v 0.012667 0.079477 0.023793
v 0.012667 0.079477 0.023793
v 0.012667 0.079477 0.023793
v 0.012667 0.079477 0.023793
v 0.012667 0.079477 0.023793
v 0.012253 0.081680 0.019669
v 0.012253 0.081680 0.019669
v 0.012253 0.081680 0.019669
v 0.012253 0.081680 0.019669
v 0.012253 0.081680 0.019669
v 0.012253 0.081680 0.019669
v 0.011819 0.083331 0.014915
v 0.011819 0.083331 0.014915
v 0.011819 0.083331 0.014915
v 0.011819 0.083331 0.014915
v 0.011819 0.083331 0.014915
v 0.011819 0.083331 0.014915
v 0.030513 0.079258 -0.012366
v 0.030513 0.079258 -0.012366
v 0.030513 0.079258 -0.012366
v 0.030513 0.079258 -0.012366
v 0.030513 0.079258 -0.012366
v 0.030513 0.079258 -0.012366
v 0.025986 0.081571 -0.009109
v 0.025986 0.081571 -0.009109
v 0.025986 0.081571 -0.009109
v 0.025986 0.081571 -0.009109
v 0.025986 0.081571 -0.009109
v 0.025986 0.081571 -0.009109
v 0.025986 0.081571 -0.009109
v 0.025986 0.081571 -0.009109
v 0.030921 0.078612 -0.007836
v 0.030921 0.078612 -0.007836
v 0.030921 0.078612 -0.007836
v 0.030921 0.078612 -0.007836
v 0.030921 0.078612 -0.007836
v 0.031377 0.077690 -0.003615
v 0.031377 0.077690 -0.003615
v 0.031377 0.077690 -0.003615
v 0.031377 0.077690 -0.003615
v 0.031377 0.077690 -0.003615
v 0.031377 0.077690 -0.003615
v 0.034908 0.074610 -0.008336
v 0.034908 0.074610 -0.008336
v 0.034908 0.074610 -0.008336
v 0.034908 0.074610 -0.008336
v 0.034908 0.074610 -0.008336
v 0.034908 0.074610 -0.008336
v 0.031859 0.076448 0.000238
v 0.031859 0.076448 0.000238
v 0.031859 0.076448 0.000238
v 0.031859 0.076448 0.000238
v 0.031859 0.076448 0.000238
v 0.031859 0.076448 0.000238
v 0.035156 0.073449 -0.004974
v 0.035156 0.073449 -0.004974
v 0.035156 0.073449 -0.004974
v 0.035156 0.073449 -0.004974
v 0.035156 0.073449 -0.004974
v 0.035156 0.073449 -0.004974
v 0.032343 0.074853 0.003667
v 0.032343 0.074853 0.003667
v 0.032343 0.074853 0.003667
v 0.032343 0.074853 0.003667
v 0.032343 0.074853 0.003667
v 0.032343 0.074853 0.003667
v 0.035405 0.071982 -0.001984
v 0.035405 0.071982 -0.001984
v 0.035405 0.071982 -0.001984
v 0.035405 0.071982 -0.001984
v 0.035405 0.071982 -0.001984
v 0.035405 0.071982 -0.001984
v 0.032807 0.072883 0.006626
v 0.032807 0.072883 0.006626
v 0.032807 0.072883 0.006626
v 0.032807 0.072883 0.006626
v 0.032807 0.072883 0.006626
v 0.032807 0.072883 0.006626
v 0.035643 0.070195 0.000593
v 0.035643 0.070195 0.000593
v 0.035643 0.070195 0.000593
v 0.035643 0.070195 0.000593
v 0.035643 0.070195 0.000593
v 0.035643 0.070195 0.000593
v 0.033227 0.070532 0.009085
v 0.033227 0.070532 0.009085
v 0.033227 0.070532 0.009085
v 0.033227 0.070532 0.009085
v 0.033227 0.070532 0.009085
v 0.033227 0.070532 0.009085
v 0.035859 0.068084 0.002732
v 0.035859 0.068084 0.002732
v 0.035859 0.068084 0.002732
v 0.035859 0.068084 0.002732
v 0.035859 0.068084 0.002732
v 0.035859 0.068084 0.002732
v 0.033586 0.067809 0.011030
v 0.033586 0.067809 0.011030
v 0.033586 0.067809 0.011030
v 0.033586 0.067809 0.011030
v 0.033586 0.067809 0.011030
v 0.033586 0.067809 0.011030
v 0.036044 0.065655 0.004423
v 0.036044 0.065655 0.004423
v 0.036044 0.065655 0.004423
v 0.036044 0.065655 0.004423
v 0.036044 0.065655 0.004423
v 0.036044 0.065655 0.004423
v 0.033869 0.064738 0.012469
v 0.033869 0.064738 0.012469
v 0.033869 0.064738 0.012469
v 0.033869 0.064738 0.012469
v 0.033869 0.064738 0.012469
v 0.033869 0.064738 0.012469
v 0.036190 0.062931 0.005673
v 0.036190 0.062931 0.005673
v 0.036190 0.062931 0.005673
v 0.036190 0.062931 0.005673
v 0.036190 0.062931 0.005673
v 0.036190 0.062931 0.005673
v 0.034674 0.075493 -0.012026
v 0.034674 0.075493 -0.012026
v 0.034674 0.075493 -0.012026
v 0.034674 0.075493 -0.012026
v 0.034674 0.075493 -0.012026
v 0.034674 0.075493 -0.012026
v 0.015223 0.084936 -0.016583
v 0.015223 0.084936 -0.016583
v 0.015223 0.084936 -0.016583
v 0.015223 0.084936 -0.016583
v 0.015223 0.084936 -0.016583
v 0.015223 0.084936 -0.016583
v 0.020283 0.083746 -0.018077
v 0.020283 0.083746 -0.018077
v 0.020283 0.083746 -0.018077
v 0.020283 0.083746 -0.018077
v 0.020283 0.083746 -0.018077
v 0.020283 0.083746 -0.018077
v 0.025204 0.082121 -0.019928
v 0.025204 0.082121 -0.019928
v 0.025204 0.082121 -0.019928
v 0.025204 0.082121 -0.019928
v 0.025204 0.082121 -0.019928
v 0.025204 0.082121 -0.019928
v 0.029904 0.079927 -0.022090
v 0.029904 0.079927 -0.022090
v 0.029904 0.079927 -0.022090
v 0.029904 0.079927 -0.022090
v 0.029904 0.079927 -0.022090
v 0.029904 0.079927 -0.022090
v 0.021102 0.083340 -0.006303
v 0.021102 0.083340 -0.006303
v 0.021102 0.083340 -0.006303
v 0.021102 0.083340 -0.006303
v 0.021102 0.083340 -0.006303
v 0.021102 0.083340 -0.006303
v 0.015955 0.084669 -0.004031
v 0.015955 0.084669 -0.004031
v 0.015955 0.084669 -0.004031
v 0.015955 0.084669 -0.004031
v 0.015955 0.084669 -0.004031
v 0.015955 0.084669 -0.004031
v 0.010615 0.085599 -0.002360
v 0.010615 0.085599 -0.002360
v 0.010615 0.085599 -0.002360
v 0.010615 0.085599 -0.002360
v 0.010615 0.085599 -0.002360
v 0.010615 0.085599 -0.002360
v 0.004875 0.058652 -0.038996
v 0.004875 0.058652 -0.038996
v 0.004875 0.058652 -0.038996
v 0.004875 0.058652 -0.038996
v 0.004875 0.058652 -0.038996
v 0.004875 0.058652 -0.038996
v 0.004875 0.058652 -0.038996
v 0.004875 0.058652 -0.038996
v 0.010092 0.059190 -0.038333
v 0.010092 0.059190 -0.038333
v 0.010092 0.059190 -0.038333
v 0.010092 0.059190 -0.038333
v 0.010092 0.059190 -0.038333
v 0.010092 0.059190 -0.038333
v 0.015242 0.059985 -0.037291
v 0.015242 0.059985 -0.037291
v 0.015242 0.059985 -0.037291
v 0.015242 0.059985 -0.037291
v 0.015242 0.059985 -0.037291
v 0.015242 0.059985 -0.037291
v -0.000384 0.057541 -0.038303
v -0.000384 0.057541 -0.038303
v -0.000384 0.057541 -0.038303
v -0.000384 0.057541 -0.038303
v -0.000384 0.057541 -0.038303
v -0.000384 0.058062 -0.038698
v -0.000384 0.058062 -0.038698
v -0.000384 0.058062 -0.038698
v -0.000384 0.058062 -0.038698
v -0.000384 0.058062 -0.038698
v -0.000384 0.058370 -0.039238
v -0.000384 0.058370 -0.039238
v -0.000384 0.058370 -0.039238
v -0.000384 0.058370 -0.039238
v -0.000384 0.058386 -0.039267
v -0.000384 0.058386 -0.039267
v -0.000384 0.058386 -0.039267
v -0.000384 0.058386 -0.039267
v -0.000384 0.058386 -0.039267
v -0.000384 0.058855 -0.040087
v -0.000384 0.058855 -0.040087
v -0.000384 0.058855 -0.040087
v -0.000384 0.058855 -0.040087
v 0.015981 0.059309 -0.035265
v 0.015981 0.059309 -0.035265
v 0.015981 0.059309 -0.035265
v 0.015981 0.059309 -0.035265
v 0.015981 0.059309 -0.035265
v 0.015981 0.059309 -0.035265
v 0.010645 0.058417 -0.036876
v 0.010645 0.058417 -0.036876
v 0.010645 0.058417 -0.036876
v 0.010645 0.058417 -0.036876
v 0.010645 0.058417 -0.036876
v 0.010645 0.058417 -0.036876
v 0.005170 0.057808 -0.037895
v 0.005170 0.057808 -0.037895
v 0.005170 0.057808 -0.037895
v 0.005170 0.057808 -0.037895
v 0.005170 0.057808 -0.037895
v 0.005170 0.057808 -0.037895
v -0.000384 0.057529 -0.038293
v -0.000384 0.057529 -0.038293
v -0.000384 0.057529 -0.038293
v -0.000384 0.057529 -0.038293
v -0.000384 0.057529 -0.038293
v -0.000384 0.057529 -0.038293
v 0.034154 0.076830 -0.024512
v 0.034154 0.076830 -0.024512
v 0.034154 0.076830 -0.024512
v 0.034154 0.076830 -0.024512
v 0.034154 0.076830 -0.024512
v 0.034154 0.076830 -0.024512
v 0.034465 0.076130 -0.015988
v 0.034465 0.076130 -0.015988
v 0.034465 0.076130 -0.015988
v 0.034465 0.076130 -0.015988
v 0.034465 0.076130 -0.015988
v 0.035834 0.074678 -0.025818
v 0.035834 0.074678 -0.025818
v 0.035834 0.074678 -0.025818
v 0.035834 0.074678 -0.025818
v 0.035834 0.074678 -0.025818
v 0.035834 0.074678 -0.025818
v 0.035984 0.074036 -0.017924
v 0.035984 0.074036 -0.017924
v 0.035984 0.074036 -0.017924
v 0.035984 0.074036 -0.017924
v 0.035984 0.074036 -0.017924
v 0.035984 0.074036 -0.017924
v 0.036600 0.071956 -0.027192
v 0.036600 0.071956 -0.027192
v 0.036600 0.071956 -0.027192
v 0.036600 0.071956 -0.027192
v 0.036600 0.071956 -0.027192
v 0.036600 0.071956 -0.027192
v 0.036671 0.071442 -0.019940
v 0.036671 0.071442 -0.019940
v 0.036671 0.071442 -0.019940
v 0.036671 0.071442 -0.019940
v 0.036671 0.071442 -0.019940
v 0.036671 0.071442 -0.019940
v 0.035842 0.069279 -0.028557
v 0.035842 0.069279 -0.028557
v 0.035842 0.069279 -0.028557
v 0.035842 0.069279 -0.028557
v 0.035842 0.069279 -0.028557
v 0.035842 0.069279 -0.028557
v 0.035999 0.068885 -0.021948
v 0.035999 0.068885 -0.021948
v 0.035999 0.068885 -0.021948
v 0.035999 0.068885 -0.021948
v 0.035999 0.068885 -0.021948
v 0.035999 0.068885 -0.021948
v 0.034162 0.067237 -0.029838
v 0.034162 0.067237 -0.029838
v 0.034162 0.067237 -0.029838
v 0.034162 0.067237 -0.029838
v 0.034162 0.067237 -0.029838
v 0.034162 0.067237 -0.029838
v 0.034480 0.066892 -0.023854
v 0.034480 0.066892 -0.023854
v 0.034480 0.066892 -0.023854
v 0.034480 0.066892 -0.023854
v 0.034480 0.066892 -0.023854
v 0.034480 0.066892 -0.023854
v 0.029911 0.064410 -0.032159
v 0.029911 0.064410 -0.032159
v 0.029911 0.064410 -0.032159
v 0.029911 0.064410 -0.032159
v 0.029911 0.064410 -0.032159
v 0.029911 0.064410 -0.032159
v 0.030527 0.064040 -0.027360
v 0.030527 0.064040 -0.027360
v 0.030527 0.064040 -0.027360
v 0.030527 0.064040 -0.027360
v 0.030527 0.064040 -0.027360
v 0.030527 0.064040 -0.027360
v 0.025213 0.062473 -0.034183
v 0.025213 0.062473 -0.034183
v 0.025213 0.062473 -0.034183
v 0.025213 0.062473 -0.034183
v 0.025213 0.062473 -0.034183
v 0.025213 0.062473 -0.034183
v 0.026003 0.062014 -0.030459
v 0.026003 0.062014 -0.030459
v 0.026003 0.062014 -0.030459
v 0.026003 0.062014 -0.030459
v 0.026003 0.062014 -0.030459
v 0.026003 0.062014 -0.030459
v 0.020297 0.061052 -0.035900
v 0.020297 0.061052 -0.035900
v 0.020297 0.061052 -0.035900
v 0.020297 0.061052 -0.035900
v 0.020297 0.061052 -0.035900
v 0.021123 0.060484 -0.033110
v 0.021123 0.060484 -0.033110
v 0.021123 0.060484 -0.033110
v 0.021123 0.060484 -0.033110
v 0.021123 0.060484 -0.033110
v 0.021123 0.060484 -0.033110
v -0.037798 0.063177 -0.002571
v -0.037798 0.063177 -0.002571
v -0.037798 0.063177 -0.002571
v -0.037798 0.063177 -0.002571
v -0.037798 0.063177 -0.002571
v -0.037798 0.063177 -0.002571
v -0.037756 0.065132 -0.004024
v -0.037756 0.065132 -0.004024
v -0.037756 0.065132 -0.004024
v -0.037756 0.065132 -0.004024
v -0.037756 0.065132 -0.004024
v -0.037441 0.063528 -0.007382
v -0.037441 0.063528 -0.007382
v -0.037441 0.063528 -0.007382
v -0.037441 0.063528 -0.007382
v -0.037441 0.063528 -0.007382
v -0.037441 0.063528 -0.007382
v -0.037441 0.063528 -0.007382
v -0.037707 0.066816 -0.005851
v -0.037707 0.066816 -0.005851
v -0.037707 0.066816 -0.005851
v -0.037707 0.066816 -0.005851
v -0.037707 0.066816 -0.005851
v -0.037707 0.066816 -0.005851
v -0.037654 0.068228 -0.008042
v -0.037654 0.068228 -0.008042
v -0.037654 0.068228 -0.008042
v -0.037654 0.068228 -0.008042
v -0.037654 0.068228 -0.008042
v -0.037224 0.066211 -0.011068
v -0.037224 0.066211 -0.011068
v -0.037224 0.066211 -0.011068
v -0.037224 0.066211 -0.011068
v -0.037224 0.066211 -0.011068
v -0.037224 0.066211 -0.011068
v -0.037224 0.066211 -0.011068
v -0.035922 0.073459 -0.005011
v -0.035922 0.073459 -0.005011
v -0.035922 0.073459 -0.005011
v -0.035922 0.073459 -0.005011
v -0.035922 0.073459 -0.005011
v -0.035922 0.073459 -0.005011
v -0.035922 0.073459 -0.005011
v -0.035922 0.073459 -0.005011
v -0.035678 0.074605 -0.008336
v -0.035678 0.074605 -0.008336
v -0.035678 0.074605 -0.008336
v -0.035678 0.074605 -0.008336
v -0.035678 0.074605 -0.008336
v -0.036970 0.072638 -0.010835
v -0.036970 0.072638 -0.010835
v -0.036970 0.072638 -0.010835
v -0.036970 0.072638 -0.010835
v -0.036970 0.072638 -0.010835
v -0.036970 0.072638 -0.010835
v -0.036970 0.072638 -0.010835
v -0.034029 0.076254 -0.005927
v -0.034029 0.076254 -0.005927
v -0.034029 0.076254 -0.005927
v -0.034029 0.076254 -0.005927
v -0.034029 0.076254 -0.005927
v -0.006556 0.083994 0.016373
v -0.006556 0.083994 0.016373
v -0.006556 0.083994 0.016373
v -0.006556 0.083994 0.016373
v -0.006556 0.083994 0.016373
v -0.006556 0.083994 0.016373
v -0.006556 0.083994 0.016373
v -0.006556 0.083994 0.016373
v -0.006330 0.085106 0.010964
v -0.006330 0.085106 0.010964
v -0.006330 0.085106 0.010964
v -0.006330 0.085106 0.010964
v -0.006330 0.085106 0.010964
v -0.006330 0.085106 0.010964
v -0.012159 0.084480 0.009602
v -0.012159 0.084480 0.009602
v -0.012159 0.084480 0.009602
v -0.012159 0.084480 0.009602
v -0.012159 0.084480 0.009602
v -0.012159 0.084480 0.009602
v -0.006800 0.055367 -0.036871
v -0.006800 0.055367 -0.036871
v -0.006800 0.055367 -0.036871
v -0.006800 0.055367 -0.036871
v -0.006800 0.055367 -0.036871
v -0.006800 0.055367 -0.036871
v -0.006800 0.055367 -0.036871
v -0.006800 0.055367 -0.036871
v -0.033686 0.054856 -0.017258
v -0.033686 0.054856 -0.017258
v -0.033686 0.054856 -0.017258
v -0.033686 0.054856 -0.017258
v -0.033686 0.054856 -0.017258
v -0.034806 0.055144 -0.014756
v -0.034806 0.055144 -0.014756
v -0.034806 0.055144 -0.014756
v -0.034806 0.055144 -0.014756
v -0.034624 0.057142 -0.015332
v -0.034624 0.057142 -0.015332
v -0.034624 0.057142 -0.015332
v -0.034624 0.057142 -0.015332
v -0.034624 0.057142 -0.015332
v -0.034624 0.057142 -0.015332
v -0.034624 0.057142 -0.015332
v -0.034624 0.057142 -0.015332
v -0.034624 0.057142 -0.015332
v -0.009580 0.061037 0.035725
v -0.009580 0.061037 0.035725
v -0.009580 0.061037 0.035725
v -0.009580 0.061037 0.035725
v -0.007662 0.061095 0.036215
v -0.007662 0.061095 0.036215
v -0.007662 0.061095 0.036215
v -0.007662 0.061095 0.036215
v -0.007605 0.065859 0.035375
v -0.007605 0.065859 0.035375
v -0.007605 0.065859 0.035375
v -0.007605 0.065859 0.035375
v -0.007605 0.065859 0.035375
v -0.007605 0.065859 0.035375
v -0.007605 0.065859 0.035375
v -0.007605 0.065859 0.035375
v -0.007605 0.065859 0.035375
v -0.007605 0.065859 0.035375
v -0.007605 0.065859 0.035375
v -0.007605 0.065859 0.035375
v -0.007507 0.070229 0.033928
v -0.007507 0.070229 0.033928
v -0.007507 0.070229 0.033928
v -0.007507 0.070229 0.033928
v -0.007507 0.070229 0.033928
v -0.007507 0.070229 0.033928
v -0.007507 0.070229 0.033928
v -0.007507 0.070229 0.033928
v -0.007372 0.074113 0.031810
v -0.007372 0.074113 0.031810
v -0.007372 0.074113 0.031810
v -0.007372 0.074113 0.031810
v -0.007372 0.074113 0.031810
v -0.007372 0.074113 0.031810
v -0.007372 0.074113 0.031810
v -0.007372 0.074113 0.031810
v -0.007201 0.077451 0.028982
v -0.007201 0.077451 0.028982
v -0.007201 0.077451 0.028982
v -0.007201 0.077451 0.028982
v -0.007201 0.077451 0.028982
v -0.007201 0.077451 0.028982
v -0.007201 0.077451 0.028982
v -0.007201 0.077451 0.028982
v -0.007003 0.080208 0.025443
v -0.007003 0.080208 0.025443
v -0.007003 0.080208 0.025443
v -0.007003 0.080208 0.025443
v -0.007003 0.080208 0.025443
v -0.007003 0.080208 0.025443
v -0.007003 0.080208 0.025443
v -0.007003 0.080208 0.025443
v -0.005922 0.086146 -0.001183
v -0.005922 0.086146 -0.001183
v -0.005922 0.086146 -0.001183
v -0.005922 0.086146 -0.001183
v -0.005922 0.086146 -0.001183
v -0.005922 0.086146 -0.001183
v -0.005922 0.086146 -0.001183
v -0.005922 0.086146 -0.001183
v -0.005411 0.085998 -0.042160
v -0.005411 0.085998 -0.042160
v -0.005411 0.085998 -0.042160
v -0.005411 0.085998 -0.042160
v -0.005411 0.085998 -0.042160
v -0.005411 0.085998 -0.042160
v -0.005633 0.086239 -0.014493
v -0.005633 0.086239 -0.014493
v -0.005633 0.086239 -0.014493
v -0.005633 0.086239 -0.014493
v -0.005633 0.086239 -0.014493
v -0.005633 0.086239 -0.014493
v -0.005633 0.086239 -0.014493
v -0.005633 0.086239 -0.014493
v -0.005633 0.086239 -0.014493
v -0.005633 0.086239 -0.014493
v -0.006784 0.082380 0.021223
v -0.006784 0.082380 0.021223
v -0.006784 0.082380 0.021223
v -0.006784 0.082380 0.021223
v -0.006784 0.082380 0.021223
v -0.006784 0.082380 0.021223
v -0.006784 0.082380 0.021223
v -0.006784 0.082380 0.021223
v -0.006784 0.082380 0.021223
v -0.001862 0.061178 0.036911
v -0.001862 0.061178 0.036911
v -0.001862 0.061178 0.036911
v -0.001862 0.061178 0.036911
v -0.007496 0.061100 0.036258
v -0.007496 0.061100 0.036258
v -0.007496 0.061100 0.036258
v -0.007496 0.061100 0.036258
v -0.006562 0.061120 0.036426
v -0.006562 0.061120 0.036426
v -0.006562 0.061120 0.036426
v -0.006562 0.061120 0.036426
v -0.006562 0.061120 0.036426
v -0.006562 0.061120 0.036426
v -0.002660 0.061168 0.036829
v -0.002660 0.061168 0.036829
v -0.002660 0.061168 0.036829
v -0.002660 0.061168 0.036829
v -0.002660 0.061168 0.036829
v -0.002660 0.061168 0.036829
v -0.016187 0.060763 0.033410
v -0.016187 0.060763 0.033410
v -0.016187 0.060763 0.033410
v -0.016187 0.060763 0.033410
v -0.015840 0.060785 0.033595
v -0.015840 0.060785 0.033595
v -0.015840 0.060785 0.033595
v -0.015840 0.060785 0.033595
v -0.014555 0.065475 0.033283
v -0.014555 0.065475 0.033283
v -0.014555 0.065475 0.033283
v -0.014555 0.065475 0.033283
v -0.014555 0.065475 0.033283
v -0.014555 0.065475 0.033283
v -0.014555 0.065475 0.033283
v -0.014555 0.065475 0.033283
v -0.014555 0.065475 0.033283
v -0.014648 0.060839 0.034054
v -0.014648 0.060839 0.034054
v -0.014648 0.060839 0.034054
v -0.014648 0.060839 0.034054
v -0.011743 0.060971 0.035172
v -0.011743 0.060971 0.035172
v -0.011743 0.060971 0.035172
v -0.011743 0.060971 0.035172
v -0.011743 0.060971 0.035172
v -0.011743 0.060971 0.035172
v -0.023532 0.060232 0.028913
v -0.023532 0.060232 0.028913
v -0.023532 0.060232 0.028913
v -0.023532 0.060232 0.028913
v -0.022204 0.060341 0.029841
v -0.022204 0.060341 0.029841
v -0.022204 0.060341 0.029841
v -0.022204 0.060341 0.029841
v -0.020977 0.064846 0.029886
v -0.020977 0.064846 0.029886
v -0.020977 0.064846 0.029886
v -0.020977 0.064846 0.029886
v -0.020977 0.064846 0.029886
v -0.020977 0.064846 0.029886
v -0.020977 0.064846 0.029886
v -0.020977 0.064846 0.029886
v -0.020977 0.064846 0.029886
v -0.021097 0.060433 0.030616
v -0.021097 0.060433 0.030616
v -0.021097 0.060433 0.030616
v -0.021097 0.060433 0.030616
v -0.020045 0.060520 0.031352
v -0.020045 0.060520 0.031352
v -0.020045 0.060520 0.031352
v -0.020045 0.060520 0.031352
v -0.020045 0.060520 0.031352
v -0.020045 0.060520 0.031352
v -0.027461 0.059801 0.025254
v -0.027461 0.059801 0.025254
v -0.027461 0.059801 0.025254
v -0.027461 0.059801 0.025254
v -0.026781 0.059890 0.026005
v -0.026781 0.059890 0.026005
v -0.026781 0.059890 0.026005
v -0.026781 0.059890 0.026005
v -0.026630 0.063985 0.025313
v -0.026630 0.063985 0.025313
v -0.026630 0.063985 0.025313
v -0.026630 0.063985 0.025313
v -0.026630 0.063985 0.025313
v -0.026630 0.063985 0.025313
v -0.026630 0.063985 0.025313
v -0.026630 0.063985 0.025313
v -0.026545 0.059920 0.026266
v -0.026545 0.059920 0.026266
v -0.026545 0.059920 0.026266
v -0.026545 0.059920 0.026266
v -0.026545 0.059920 0.026266
v -0.026545 0.059920 0.026266
v -0.031975 0.059134 0.019575
v -0.031975 0.059134 0.019575
v -0.031975 0.059134 0.019575
v -0.031975 0.059134 0.019575
v -0.031813 0.059161 0.019801
v -0.031813 0.059161 0.019801
v -0.031813 0.059161 0.019801
v -0.031813 0.059161 0.019801
v -0.031305 0.062911 0.019737
v -0.031305 0.062911 0.019737
v -0.031305 0.062911 0.019737
v -0.031305 0.062911 0.019737
v -0.031305 0.062911 0.019737
v -0.031305 0.062911 0.019737
v -0.031305 0.062911 0.019737
v -0.031305 0.062911 0.019737
v -0.031305 0.062911 0.019737
v -0.031428 0.059224 0.020340
v -0.031428 0.059224 0.020340
v -0.031428 0.059224 0.020340
v -0.031428 0.059224 0.020340
v -0.029596 0.059524 0.022898
v -0.029596 0.059524 0.022898
v -0.029596 0.059524 0.022898
v -0.029596 0.059524 0.022898
v -0.029596 0.059524 0.022898
v -0.029596 0.059524 0.022898
v -0.034999 0.058435 0.013602
v -0.034999 0.058435 0.013602
v -0.034999 0.058435 0.013602
v -0.034999 0.058435 0.013602
v -0.034884 0.058468 0.013881
v -0.034884 0.058468 0.013881
v -0.034884 0.058468 0.013881
v -0.034884 0.058468 0.013881
v -0.034826 0.061646 0.013370
v -0.034826 0.061646 0.013370
v -0.034826 0.061646 0.013370
v -0.034826 0.061646 0.013370
v -0.034826 0.061646 0.013370
v -0.034826 0.061646 0.013370
v -0.034826 0.061646 0.013370
v -0.034826 0.061646 0.013370
v -0.034826 0.061646 0.013370
v -0.034118 0.058684 0.015732
v -0.034118 0.058684 0.015732
v -0.034118 0.058684 0.015732
v -0.034118 0.058684 0.015732
v -0.034118 0.058684 0.015732
v -0.034118 0.058684 0.015732
v -0.037056 0.060198 0.006456
v -0.037056 0.060198 0.006456
v -0.037056 0.060198 0.006456
v -0.037056 0.060198 0.006456
v -0.037056 0.060198 0.006456
v -0.037109 0.057651 0.006888
v -0.037109 0.057651 0.006888
v -0.037109 0.057651 0.006888
v -0.037109 0.057651 0.006888
v -0.037109 0.057651 0.006888
v -0.037096 0.057660 0.006962
v -0.037096 0.057660 0.006962
v -0.037096 0.057660 0.006962
v -0.037096 0.057660 0.006962
v -0.037096 0.057660 0.006962
v -0.035791 0.058212 0.011688
v -0.035791 0.058212 0.011688
v -0.035791 0.058212 0.011688
v -0.035791 0.058212 0.011688
v -0.035791 0.058212 0.011688
v -0.037595 0.062096 0.002077
v -0.037595 0.062096 0.002077
v -0.037595 0.062096 0.002077
v -0.037595 0.062096 0.002077
v -0.037595 0.062096 0.002077
v -0.037595 0.062096 0.002077
v -0.037595 0.062096 0.002077
v -0.037595 0.062096 0.002077
v -0.037595 0.062096 0.002077
v -0.037624 0.057240 0.003353
v -0.037624 0.057240 0.003353
v -0.037624 0.057240 0.003353
v -0.037624 0.057240 0.003353
v -0.037573 0.057328 0.004111
v -0.037573 0.057328 0.004111
v -0.037573 0.057328 0.004111
v -0.037573 0.057328 0.004111
v -0.037573 0.057328 0.004111
v -0.037631 0.057228 0.003246
v -0.037631 0.057228 0.003246
v -0.037631 0.057228 0.003246
v -0.037631 0.057228 0.003246
v -0.037631 0.057228 0.003246
v -0.037631 0.057228 0.003246
v -0.037831 0.060965 -0.001487
v -0.037831 0.060965 -0.001487
v -0.037831 0.060965 -0.001487
v -0.037831 0.060965 -0.001487
v -0.037831 0.060965 -0.001487
v -0.037831 0.060965 -0.001487
v -0.037831 0.060965 -0.001487
v -0.037866 0.056817 -0.000289
v -0.037866 0.056817 -0.000289
v -0.037866 0.056817 -0.000289
v -0.037866 0.056817 -0.000289
v -0.037696 0.056403 -0.003857
v -0.037696 0.056403 -0.003857
v -0.037696 0.056403 -0.003857
v -0.037696 0.056403 -0.003857
v -0.037696 0.056403 -0.003857
v -0.037599 0.059843 -0.005051
v -0.037599 0.059843 -0.005051
v -0.037599 0.059843 -0.005051
v -0.037599 0.059843 -0.005051
v -0.037599 0.059843 -0.005051
v -0.037599 0.059843 -0.005051
v -0.037599 0.059843 -0.005051
v -0.037652 0.056373 -0.004121
v -0.037652 0.056373 -0.004121
v -0.037652 0.056373 -0.004121
v -0.037652 0.056373 -0.004121
v -0.037652 0.056373 -0.004121
v -0.037078 0.055972 -0.007578
v -0.037078 0.055972 -0.007578
v -0.037078 0.055972 -0.007578
v -0.037078 0.055972 -0.007578
v -0.037078 0.055972 -0.007578
v -0.036954 0.058844 -0.008566
v -0.036954 0.058844 -0.008566
v -0.036954 0.058844 -0.008566
v -0.036954 0.058844 -0.008566
v -0.036954 0.058844 -0.008566
v -0.036954 0.058844 -0.008566
v -0.036954 0.058844 -0.008566
v -0.036954 0.058844 -0.008566
v -0.037047 0.055951 -0.007760
v -0.037047 0.055951 -0.007760
v -0.037047 0.055951 -0.007760
v -0.037047 0.055951 -0.007760
v -0.034890 0.055165 -0.014569
v -0.034890 0.055165 -0.014569
v -0.034890 0.055165 -0.014569
v -0.034890 0.055165 -0.014569
v -0.035492 0.055320 -0.013224
v -0.035492 0.055320 -0.013224
v -0.035492 0.055320 -0.013224
v -0.035492 0.055320 -0.013224
v -0.035492 0.055320 -0.013224
v -0.036916 0.055860 -0.008552
v -0.036916 0.055860 -0.008552
v -0.036916 0.055860 -0.008552
v -0.036916 0.055860 -0.008552
v -0.036916 0.055860 -0.008552
v -0.031425 0.054421 -0.021040
v -0.031425 0.054421 -0.021040
v -0.031425 0.054421 -0.021040
v -0.031425 0.054421 -0.021040
v -0.031425 0.054421 -0.021040
v -0.031045 0.055730 -0.021546
v -0.031045 0.055730 -0.021546
v -0.031045 0.055730 -0.021546
v -0.031045 0.055730 -0.021546
v -0.031045 0.055730 -0.021546
v -0.031045 0.055730 -0.021546
v -0.031045 0.055730 -0.021546
v -0.031045 0.055730 -0.021546
v -0.031295 0.054402 -0.021207
v -0.031295 0.054402 -0.021207
v -0.031295 0.054402 -0.021207
v -0.031295 0.054402 -0.021207
v -0.031295 0.054402 -0.021207
v -0.026359 0.054565 -0.026981
v -0.026359 0.054565 -0.026981
v -0.026359 0.054565 -0.026981
v -0.026359 0.054565 -0.026981
v -0.026359 0.054565 -0.026981
v -0.026359 0.054565 -0.026981
v -0.026359 0.054565 -0.026981
v -0.026359 0.054565 -0.026981
v -0.026527 0.053761 -0.026782
v -0.026527 0.053761 -0.026782
v -0.026527 0.053761 -0.026782
v -0.026527 0.053761 -0.026782
v -0.026667 0.053777 -0.026641
v -0.026667 0.053777 -0.026641
v -0.026667 0.053777 -0.026641
v -0.026667 0.053777 -0.026641
v -0.026667 0.053777 -0.026641
v -0.028457 0.053983 -0.024847
v -0.028457 0.053983 -0.024847
v -0.028457 0.053983 -0.024847
v -0.028457 0.053983 -0.024847
v -0.020827 0.053238 -0.031350
v -0.020827 0.053238 -0.031350
v -0.020827 0.053238 -0.031350
v -0.020827 0.053238 -0.031350
v -0.020958 0.053247 -0.031270
v -0.020958 0.053247 -0.031270
v -0.020958 0.053247 -0.031270
v -0.020958 0.053247 -0.031270
v -0.020736 0.053632 -0.031439
v -0.020736 0.053632 -0.031439
v -0.020736 0.053632 -0.031439
v -0.020736 0.053632 -0.031439
v -0.020736 0.053632 -0.031439
v -0.020736 0.053632 -0.031439
v -0.020736 0.053632 -0.031439
v -0.020736 0.053632 -0.031439
v -0.021720 0.053300 -0.030808
v -0.021720 0.053300 -0.030808
v -0.021720 0.053300 -0.030808
v -0.021720 0.053300 -0.030808
v -0.021720 0.053300 -0.030808
v -0.025400 0.053631 -0.027912
v -0.025400 0.053631 -0.027912
v -0.025400 0.053631 -0.027912
v -0.025400 0.053631 -0.027912
v -0.025400 0.053631 -0.027912
v -0.017892 0.053034 -0.033129
v -0.017892 0.053034 -0.033129
v -0.017892 0.053034 -0.033129
v -0.017892 0.053034 -0.033129
v -0.017892 0.053034 -0.033129
v -0.017892 0.053034 -0.033129
v -0.014377 0.052932 -0.034754
v -0.014377 0.052932 -0.034754
v -0.014377 0.052932 -0.034754
v -0.014377 0.052932 -0.034754
v -0.014377 0.052932 -0.034754
v -0.014377 0.052932 -0.034754
v -0.014377 0.052932 -0.034754
v -0.014377 0.052932 -0.034754
v -0.014436 0.052856 -0.034689
v -0.014436 0.052856 -0.034689
v -0.014436 0.052856 -0.034689
v -0.014436 0.052856 -0.034689
v -0.012081 0.052759 -0.035538
v -0.012081 0.052759 -0.035538
v -0.012081 0.052759 -0.035538
v -0.012081 0.052759 -0.035538
v -0.012081 0.052759 -0.035538
v -0.012081 0.052759 -0.035538
v -0.013659 0.052816 -0.035040
v -0.013659 0.052816 -0.035040
v -0.013659 0.052816 -0.035040
v -0.013659 0.052816 -0.035040
v -0.014382 0.052853 -0.034714
v -0.014382 0.052853 -0.034714
v -0.014382 0.052853 -0.034714
v -0.014382 0.052853 -0.034714
v -0.013810 0.054520 -0.034883
v -0.013810 0.054520 -0.034883
v -0.013810 0.054520 -0.034883
v -0.013810 0.054520 -0.034883
v -0.013810 0.054520 -0.034883
v -0.013810 0.054520 -0.034883
v -0.013810 0.054520 -0.034883
v -0.007210 0.053938 -0.036775
v -0.007210 0.053938 -0.036775
v -0.007210 0.053938 -0.036775
v -0.007210 0.053938 -0.036775
v -0.007210 0.053938 -0.036775
v -0.007210 0.053938 -0.036775
v -0.009566 0.052668 -0.036330
v -0.009566 0.052668 -0.036330
v -0.009566 0.052668 -0.036330
v -0.009566 0.052668 -0.036330
v -0.009566 0.052668 -0.036330
v -0.007477 0.052623 -0.036729
v -0.007477 0.052623 -0.036729
v -0.007477 0.052623 -0.036729
v -0.007477 0.052623 -0.036729
v -0.007477 0.052623 -0.036729
v -0.007477 0.052623 -0.036729
v -0.007477 0.052623 -0.036729
v -0.005153 0.052572 -0.037172
v -0.005153 0.052572 -0.037172
v -0.005153 0.052572 -0.037172
v -0.005153 0.052572 -0.037172
v -0.005153 0.052572 -0.037172
v -0.007367 0.052620 -0.036750
v -0.007367 0.052620 -0.036750
v -0.007367 0.052620 -0.036750
v -0.007367 0.052620 -0.036750
v -0.006350 0.056683 -0.037206
v -0.006350 0.056683 -0.037206
v -0.006350 0.056683 -0.037206
v -0.006350 0.056683 -0.037206
v -0.006350 0.056683 -0.037206
v -0.006350 0.056683 -0.037206
v -0.006350 0.056683 -0.037206
v -0.005943 0.057796 -0.037885
v -0.005943 0.057796 -0.037885
v -0.005943 0.057796 -0.037885
v -0.005943 0.057796 -0.037885
v -0.005943 0.057796 -0.037885
v -0.005943 0.057796 -0.037885
v -0.005943 0.057796 -0.037885
v -0.005649 0.058635 -0.038965
v -0.005649 0.058635 -0.038965
v -0.005649 0.058635 -0.038965
v -0.005649 0.058635 -0.038965
v -0.005649 0.058635 -0.038965
v -0.005649 0.058635 -0.038965
v -0.005649 0.058635 -0.038965
v -0.005649 0.058635 -0.038965
v -0.005649 0.058635 -0.038965
v -0.005649 0.058635 -0.038965
v -0.012585 0.083345 0.014855
v -0.012585 0.083345 0.014855
v -0.012585 0.083345 0.014855
v -0.012585 0.083345 0.014855
v -0.012585 0.083345 0.014855
v -0.012585 0.083345 0.014855
v -0.017763 0.083438 0.007379
v -0.017763 0.083438 0.007379
v -0.017763 0.083438 0.007379
v -0.017763 0.083438 0.007379
v -0.017763 0.083438 0.007379
v -0.017763 0.083438 0.007379
v -0.013014 0.081724 0.019563
v -0.013014 0.081724 0.019563
v -0.013014 0.081724 0.019563
v -0.013014 0.081724 0.019563
v -0.013014 0.081724 0.019563
v -0.013014 0.081724 0.019563
v -0.018334 0.082270 0.012382
v -0.018334 0.082270 0.012382
v -0.018334 0.082270 0.012382
v -0.018334 0.082270 0.012382
v -0.018334 0.082270 0.012382
v -0.018334 0.082270 0.012382
v -0.023034 0.081976 0.004367
v -0.023034 0.081976 0.004367
v -0.023034 0.081976 0.004367
v -0.023034 0.081976 0.004367
v -0.023034 0.081976 0.004367
v -0.023034 0.081976 0.004367
v -0.013424 0.079564 0.023658
v -0.013424 0.079564 0.023658
v -0.013424 0.079564 0.023658
v -0.013424 0.079564 0.023658
v -0.013424 0.079564 0.023658
v -0.013424 0.079564 0.023658
v -0.018909 0.080640 0.016861
v -0.018909 0.080640 0.016861
v -0.018909 0.080640 0.016861
v -0.018909 0.080640 0.016861
v -0.018909 0.080640 0.016861
v -0.018909 0.080640 0.016861
v -0.023673 0.080772 0.009035
v -0.023673 0.080772 0.009035
v -0.023673 0.080772 0.009035
v -0.023673 0.080772 0.009035
v -0.023673 0.080772 0.009035
v -0.023673 0.080772 0.009035
v -0.027867 0.080078 0.000662
v -0.027867 0.080078 0.000662
v -0.027867 0.080078 0.000662
v -0.027867 0.080078 0.000662
v -0.027867 0.080078 0.000662
v -0.027867 0.080078 0.000662
v -0.013797 0.076841 0.027089
v -0.013797 0.076841 0.027089
v -0.013797 0.076841 0.027089
v -0.013797 0.076841 0.027089
v -0.013797 0.076841 0.027089
v -0.013797 0.076841 0.027089
v -0.019459 0.078502 0.020753
v -0.019459 0.078502 0.020753
v -0.019459 0.078502 0.020753
v -0.019459 0.078502 0.020753
v -0.019459 0.078502 0.020753
v -0.019459 0.078502 0.020753
v -0.024316 0.079139 0.013209
v -0.024316 0.079139 0.013209
v -0.024316 0.079139 0.013209
v -0.024316 0.079139 0.013209
v -0.024316 0.079139 0.013209
v -0.024316 0.079139 0.013209
v -0.028478 0.078848 0.004927
v -0.028478 0.078848 0.004927
v -0.028478 0.078848 0.004927
v -0.028478 0.078848 0.004927
v -0.028478 0.078848 0.004927
v -0.028478 0.078848 0.004927
v -0.032147 0.077685 -0.003615
v -0.032147 0.077685 -0.003615
v -0.032147 0.077685 -0.003615
v -0.032147 0.077685 -0.003615
v -0.032147 0.077685 -0.003615
v -0.032147 0.077685 -0.003615
v -0.032147 0.077685 -0.003615
v -0.032623 0.076460 0.000195
v -0.032623 0.076460 0.000195
v -0.032623 0.076460 0.000195
v -0.032623 0.076460 0.000195
v -0.032623 0.076460 0.000195
v -0.029092 0.077229 0.008734
v -0.029092 0.077229 0.008734
v -0.029092 0.077229 0.008734
v -0.029092 0.077229 0.008734
v -0.029092 0.077229 0.008734
v -0.029092 0.077229 0.008734
v -0.024932 0.077040 0.016832
v -0.024932 0.077040 0.016832
v -0.024932 0.077040 0.016832
v -0.024932 0.077040 0.016832
v -0.024932 0.077040 0.016832
v -0.024932 0.077040 0.016832
v -0.019960 0.075837 0.024012
v -0.019960 0.075837 0.024012
v -0.019960 0.075837 0.024012
v -0.019960 0.075837 0.024012
v -0.019960 0.075837 0.024012
v -0.019960 0.075837 0.024012
v -0.014117 0.073559 0.029830
v -0.014117 0.073559 0.029830
v -0.014117 0.073559 0.029830
v -0.014117 0.073559 0.029830
v -0.014117 0.073559 0.029830
v -0.014117 0.073559 0.029830
v -0.014372 0.069751 0.031883
v -0.014372 0.069751 0.031883
v -0.014372 0.069751 0.031883
v -0.014372 0.069751 0.031883
v -0.014372 0.069751 0.031883
v -0.014372 0.069751 0.031883
v -0.020389 0.072648 0.026613
v -0.020389 0.072648 0.026613
v -0.020389 0.072648 0.026613
v -0.020389 0.072648 0.026613
v -0.020389 0.072648 0.026613
v -0.020389 0.072648 0.026613
v -0.025492 0.074458 0.019861
v -0.025492 0.074458 0.019861
v -0.025492 0.074458 0.019861
v -0.025492 0.074458 0.019861
v -0.025492 0.074458 0.019861
v -0.025492 0.074458 0.019861
v -0.029681 0.075192 0.012033
v -0.029681 0.075192 0.012033
v -0.029681 0.075192 0.012033
v -0.029681 0.075192 0.012033
v -0.029681 0.075192 0.012033
v -0.029681 0.075192 0.012033
v -0.033102 0.074890 0.003591
v -0.033102 0.074890 0.003591
v -0.033102 0.074890 0.003591
v -0.033102 0.074890 0.003591
v -0.033102 0.074890 0.003591
v -0.033102 0.074890 0.003591
v -0.037211 0.070266 -0.005011
v -0.037211 0.070266 -0.005011
v -0.037211 0.070266 -0.005011
v -0.037211 0.070266 -0.005011
v -0.037211 0.070266 -0.005011
v -0.037211 0.070266 -0.005011
v -0.037327 0.068654 -0.002639
v -0.037327 0.068654 -0.002639
v -0.037327 0.068654 -0.002639
v -0.037327 0.068654 -0.002639
v -0.037327 0.068654 -0.002639
v -0.037327 0.068654 -0.002639
v -0.036168 0.072016 -0.002051
v -0.036168 0.072016 -0.002051
v -0.036168 0.072016 -0.002051
v -0.036168 0.072016 -0.002051
v -0.036168 0.072016 -0.002051
v -0.036168 0.072016 -0.002051
v -0.036404 0.070260 0.000509
v -0.036404 0.070260 0.000509
v -0.036404 0.070260 0.000509
v -0.036404 0.070260 0.000509
v -0.036404 0.070260 0.000509
v -0.036404 0.070260 0.000509
v -0.033561 0.072955 0.006529
v -0.033561 0.072955 0.006529
v -0.033561 0.072955 0.006529
v -0.033561 0.072955 0.006529
v -0.033561 0.072955 0.006529
v -0.033561 0.072955 0.006529
v -0.033978 0.070648 0.008980
v -0.033978 0.070648 0.008980
v -0.033978 0.070648 0.008980
v -0.033978 0.070648 0.008980
v -0.033978 0.070648 0.008980
v -0.033978 0.070648 0.008980
v -0.030217 0.072725 0.014789
v -0.030217 0.072725 0.014789
v -0.030217 0.072725 0.014789
v -0.030217 0.072725 0.014789
v -0.030217 0.072725 0.014789
v -0.030217 0.072725 0.014789
v -0.030676 0.069836 0.016983
v -0.030676 0.069836 0.016983
v -0.030676 0.069836 0.016983
v -0.030676 0.069836 0.016983
v -0.030676 0.069836 0.016983
v -0.030676 0.069836 0.016983
v -0.025972 0.071400 0.022277
v -0.025972 0.071400 0.022277
v -0.025972 0.071400 0.022277
v -0.025972 0.071400 0.022277
v -0.025972 0.071400 0.022277
v -0.025972 0.071400 0.022277
v -0.026355 0.067892 0.024083
v -0.026355 0.067892 0.024083
v -0.026355 0.067892 0.024083
v -0.026355 0.067892 0.024083
v -0.026355 0.067892 0.024083
v -0.026355 0.067892 0.024083
v -0.020731 0.068966 0.028559
v -0.020731 0.068966 0.028559
v -0.020731 0.068966 0.028559
v -0.020731 0.068966 0.028559
v -0.020731 0.068966 0.028559
v -0.020731 0.068966 0.028559
v -0.037432 0.066750 -0.000663
v -0.037432 0.066750 -0.000663
v -0.037432 0.066750 -0.000663
v -0.037432 0.066750 -0.000663
v -0.037432 0.066750 -0.000663
v -0.037432 0.066750 -0.000663
v -0.037523 0.064559 0.000907
v -0.037523 0.064559 0.000907
v -0.037523 0.064559 0.000907
v -0.037523 0.064559 0.000907
v -0.037523 0.064559 0.000907
v -0.037523 0.064559 0.000907
v -0.036619 0.068186 0.002641
v -0.036619 0.068186 0.002641
v -0.036619 0.068186 0.002641
v -0.036619 0.068186 0.002641
v -0.036619 0.068186 0.002641
v -0.036619 0.068186 0.002641
v -0.036803 0.065803 0.004336
v -0.036803 0.065803 0.004336
v -0.036803 0.065803 0.004336
v -0.036803 0.065803 0.004336
v -0.036803 0.065803 0.004336
v -0.036803 0.065803 0.004336
v -0.034336 0.067976 0.010929
v -0.034336 0.067976 0.010929
v -0.034336 0.067976 0.010929
v -0.034336 0.067976 0.010929
v -0.034336 0.067976 0.010929
v -0.034336 0.067976 0.010929
v -0.034621 0.064963 0.012382
v -0.034621 0.064963 0.012382
v -0.034621 0.064963 0.012382
v -0.034621 0.064963 0.012382
v -0.034621 0.064963 0.012382
v -0.034621 0.064963 0.012382
v -0.031042 0.066551 0.018622
v -0.031042 0.066551 0.018622
v -0.031042 0.066551 0.018622
v -0.031042 0.066551 0.018622
v -0.031042 0.066551 0.018622
v -0.031042 0.066551 0.018622
v -0.036950 0.063130 0.005598
v -0.036950 0.063130 0.005598
v -0.036950 0.063130 0.005598
v -0.036950 0.063130 0.005598
v -0.036950 0.063130 0.005598
v -0.012186 0.057334 -0.035846
v -0.012186 0.057334 -0.035846
v -0.012186 0.057334 -0.035846
v -0.012186 0.057334 -0.035846
v -0.012186 0.057334 -0.035846
v -0.012186 0.057334 -0.035846
v -0.013034 0.056014 -0.035213
v -0.013034 0.056014 -0.035213
v -0.013034 0.056014 -0.035213
v -0.013034 0.056014 -0.035213
v -0.013034 0.056014 -0.035213
v -0.013034 0.056014 -0.035213
v -0.017788 0.058296 -0.033676
v -0.017788 0.058296 -0.033676
v -0.017788 0.058296 -0.033676
v -0.017788 0.058296 -0.033676
v -0.017788 0.058296 -0.033676
v -0.017788 0.058296 -0.033676
v -0.018928 0.056985 -0.032550
v -0.018928 0.056985 -0.032550
v -0.018928 0.056985 -0.032550
v -0.018928 0.056985 -0.032550
v -0.018928 0.056985 -0.032550
v -0.018928 0.056985 -0.032550
v -0.023054 0.059558 -0.030771
v -0.023054 0.059558 -0.030771
v -0.023054 0.059558 -0.030771
v -0.023054 0.059558 -0.030771
v -0.023054 0.059558 -0.030771
v -0.023054 0.059558 -0.030771
v -0.024332 0.058262 -0.028977
v -0.024332 0.058262 -0.028977
v -0.024332 0.058262 -0.028977
v -0.024332 0.058262 -0.028977
v -0.024332 0.058262 -0.028977
v -0.024332 0.058262 -0.028977
v -0.027883 0.061174 -0.027207
v -0.027883 0.061174 -0.027207
v -0.027883 0.061174 -0.027207
v -0.027883 0.061174 -0.027207
v -0.027883 0.061174 -0.027207
v -0.027883 0.061174 -0.027207
v -0.029106 0.059879 -0.024607
v -0.029106 0.059879 -0.024607
v -0.029106 0.059879 -0.024607
v -0.029106 0.059879 -0.024607
v -0.029106 0.059879 -0.024607
v -0.029106 0.059879 -0.024607
v -0.032163 0.063254 -0.023074
v -0.032163 0.063254 -0.023074
v -0.032163 0.063254 -0.023074
v -0.032163 0.063254 -0.023074
v -0.032163 0.063254 -0.023074
v -0.032163 0.063254 -0.023074
v -0.033115 0.061910 -0.019570
v -0.033115 0.061910 -0.019570
v -0.033115 0.061910 -0.019570
v -0.033115 0.061910 -0.019570
v -0.033115 0.061910 -0.019570
v -0.033115 0.061910 -0.019570
v -0.035695 0.066058 -0.018459
v -0.035695 0.066058 -0.018459
v -0.035695 0.066058 -0.018459
v -0.035695 0.066058 -0.018459
v -0.035695 0.066058 -0.018459
v -0.035695 0.066058 -0.018459
v -0.036183 0.064534 -0.014008
v -0.036183 0.064534 -0.014008
v -0.036183 0.064534 -0.014008
v -0.036183 0.064534 -0.014008
v -0.036183 0.064534 -0.014008
v -0.036183 0.064534 -0.014008
v -0.036986 0.067935 -0.015986
v -0.036986 0.067935 -0.015986
v -0.036986 0.067935 -0.015986
v -0.036986 0.067935 -0.015986
v -0.036986 0.067935 -0.015986
v -0.036986 0.067935 -0.015986
v -0.037542 0.070273 -0.013415
v -0.037542 0.070273 -0.013415
v -0.037542 0.070273 -0.013415
v -0.037542 0.070273 -0.013415
v -0.037542 0.070273 -0.013415
v -0.037542 0.070273 -0.013415
v -0.019972 0.055409 -0.031828
v -0.019972 0.055409 -0.031828
v -0.019972 0.055409 -0.031828
v -0.019972 0.055409 -0.031828
v -0.019972 0.055409 -0.031828
v -0.019972 0.055409 -0.031828
v -0.025502 0.056585 -0.027724
v -0.025502 0.056585 -0.027724
v -0.025502 0.056585 -0.027724
v -0.025502 0.056585 -0.027724
v -0.025502 0.056585 -0.027724
v -0.025502 0.056585 -0.027724
v -0.030225 0.058063 -0.022713
v -0.030225 0.058063 -0.022713
v -0.030225 0.058063 -0.022713
v -0.030225 0.058063 -0.022713
v -0.030225 0.058063 -0.022713
v -0.030225 0.058063 -0.022713
v -0.033986 0.059883 -0.016967
v -0.033986 0.059883 -0.016967
v -0.033986 0.059883 -0.016967
v -0.033986 0.059883 -0.016967
v -0.033986 0.059883 -0.016967
v -0.033986 0.059883 -0.016967
v -0.036628 0.062146 -0.010674
v -0.036628 0.062146 -0.010674
v -0.036628 0.062146 -0.010674
v -0.036628 0.062146 -0.010674
v -0.036628 0.062146 -0.010674
v -0.036628 0.062146 -0.010674
v -0.036740 0.070019 -0.042160
v -0.036740 0.070019 -0.042160
v -0.036740 0.070019 -0.042160
v -0.036740 0.070019 -0.042160
v -0.036740 0.070019 -0.042160
v -0.036601 0.069528 -0.042160
v -0.036601 0.069528 -0.042160
v -0.036601 0.069528 -0.042160
v -0.036601 0.069528 -0.042160
v -0.036615 0.069269 -0.028396
v -0.036615 0.069269 -0.028396
v -0.036615 0.069269 -0.028396
v -0.036615 0.069269 -0.028396
v -0.036615 0.069269 -0.028396
v -0.036615 0.069269 -0.028396
v -0.036615 0.069269 -0.028396
v -0.036615 0.069269 -0.028396
v -0.037371 0.071944 -0.027014
v -0.037371 0.071944 -0.027014
v -0.037371 0.071944 -0.027014
v -0.037371 0.071944 -0.027014
v -0.037371 0.071944 -0.027014
v -0.037371 0.071944 -0.027014
v -0.037371 0.071944 -0.027014
v -0.037223 0.071729 -0.042160
v -0.037223 0.071729 -0.042160
v -0.037223 0.071729 -0.042160
v -0.037223 0.071729 -0.042160
v -0.037223 0.071729 -0.042160
v -0.037166 0.070535 -0.027714
v -0.037166 0.070535 -0.027714
v -0.037166 0.070535 -0.027714
v -0.037166 0.070535 -0.027714
v -0.037166 0.070535 -0.027714
v -0.037166 0.070535 -0.027714
v -0.036937 0.070719 -0.042160
v -0.036937 0.070719 -0.042160
v -0.036937 0.070719 -0.042160
v -0.036937 0.070719 -0.042160
v -0.036937 0.070719 -0.042160
v -0.036496 0.069405 -0.042160
v -0.036496 0.069405 -0.042160
v -0.036496 0.069405 -0.042160
v -0.036496 0.069405 -0.042160
v -0.035515 0.068248 -0.042160
v -0.035515 0.068248 -0.042160
v -0.035515 0.068248 -0.042160
v -0.035515 0.068248 -0.042160
v -0.035515 0.068248 -0.042160
v -0.035515 0.068248 -0.042160
v -0.034937 0.067228 -0.029692
v -0.034937 0.067228 -0.029692
v -0.034937 0.067228 -0.029692
v -0.034937 0.067228 -0.029692
v -0.034937 0.067228 -0.029692
v -0.034937 0.067228 -0.029692
v -0.034937 0.067228 -0.029692
v -0.025483 0.062860 -0.042160
v -0.025483 0.062860 -0.042160
v -0.025483 0.062860 -0.042160
v -0.025483 0.062860 -0.042160
v -0.025996 0.062463 -0.034090
v -0.025996 0.062463 -0.034090
v -0.025996 0.062463 -0.034090
v -0.025996 0.062463 -0.034090
v -0.025996 0.062463 -0.034090
v -0.025996 0.062463 -0.034090
v -0.025996 0.062463 -0.034090
v -0.025996 0.062463 -0.034090
v -0.028493 0.063923 -0.042160
v -0.028493 0.063923 -0.042160
v -0.028493 0.063923 -0.042160
v -0.028493 0.063923 -0.042160
v -0.028493 0.063923 -0.042160
v -0.030691 0.064401 -0.032041
v -0.030691 0.064401 -0.032041
v -0.030691 0.064401 -0.032041
v -0.030691 0.064401 -0.032041
v -0.030691 0.064401 -0.032041
v -0.030691 0.064401 -0.032041
v -0.030691 0.064401 -0.032041
v -0.034744 0.067341 -0.042160
v -0.034744 0.067341 -0.042160
v -0.034744 0.067341 -0.042160
v -0.034744 0.067341 -0.042160
v -0.032864 0.066162 -0.042160
v -0.032864 0.066162 -0.042160
v -0.032864 0.066162 -0.042160
v -0.032864 0.066162 -0.042160
v -0.032864 0.066162 -0.042160
v -0.032864 0.066162 -0.042160
v -0.030326 0.064570 -0.042160
v -0.030326 0.064570 -0.042160
v -0.030326 0.064570 -0.042160
v -0.030326 0.064570 -0.042160
v -0.030326 0.064570 -0.042160
v -0.010871 0.059174 -0.038293
v -0.010871 0.059174 -0.038293
v -0.010871 0.059174 -0.038293
v -0.010871 0.059174 -0.038293
v -0.010871 0.059174 -0.038293
v -0.010871 0.059174 -0.038293
v -0.010871 0.059174 -0.038293
v -0.010526 0.059969 -0.042160
v -0.010526 0.059969 -0.042160
v -0.010526 0.059969 -0.042160
v -0.010526 0.059969 -0.042160
v -0.010526 0.059969 -0.042160
v -0.005452 0.059632 -0.042160
v -0.005452 0.059632 -0.042160
v -0.005452 0.059632 -0.042160
v -0.005452 0.059632 -0.042160
v -0.005452 0.059632 -0.042160
v -0.023210 0.062058 -0.042160
v -0.023210 0.062058 -0.042160
v -0.023210 0.062058 -0.042160
v -0.023210 0.062058 -0.042160
v -0.023210 0.062058 -0.042160
v -0.022152 0.061856 -0.042160
v -0.022152 0.061856 -0.042160
v -0.022152 0.061856 -0.042160
v -0.022152 0.061856 -0.042160
v -0.022152 0.061856 -0.042160
v -0.021080 0.061040 -0.035829
v -0.021080 0.061040 -0.035829
v -0.021080 0.061040 -0.035829
v -0.021080 0.061040 -0.035829
v -0.021080 0.061040 -0.035829
v -0.021080 0.061040 -0.035829
v -0.020566 0.061554 -0.042160
v -0.020566 0.061554 -0.042160
v -0.020566 0.061554 -0.042160
v -0.020566 0.061554 -0.042160
v -0.020566 0.061554 -0.042160
v -0.016024 0.059971 -0.037238
v -0.016024 0.059971 -0.037238
v -0.016024 0.059971 -0.037238
v -0.016024 0.059971 -0.037238
v -0.016024 0.059971 -0.037238
v -0.016024 0.059971 -0.037238
v -0.013185 0.060146 -0.042160
v -0.013185 0.060146 -0.042160
v -0.013185 0.060146 -0.042160
v -0.013185 0.060146 -0.042160
v -0.013185 0.060146 -0.042160
v -0.013185 0.060146 -0.042160
v -0.012168 0.060078 -0.042160
v -0.012168 0.060078 -0.042160
v -0.012168 0.060078 -0.042160
v -0.012168 0.060078 -0.042160
v -0.036771 0.068873 -0.021873
v -0.036771 0.068873 -0.021873
v -0.036771 0.068873 -0.021873
v -0.036771 0.068873 -0.021873
v -0.036771 0.068873 -0.021873
v -0.036771 0.068873 -0.021873
v -0.036771 0.068873 -0.021873
v -0.035254 0.066881 -0.023786
v -0.035254 0.066881 -0.023786
v -0.035254 0.066881 -0.023786
v -0.035254 0.066881 -0.023786
v -0.035254 0.066881 -0.023786
v -0.035254 0.066881 -0.023786
v -0.031305 0.064030 -0.027306
v -0.031305 0.064030 -0.027306
v -0.031305 0.064030 -0.027306
v -0.031305 0.064030 -0.027306
v -0.031305 0.064030 -0.027306
v -0.031305 0.064030 -0.027306
v -0.026783 0.062003 -0.030417
v -0.026783 0.062003 -0.030417
v -0.026783 0.062003 -0.030417
v -0.026783 0.062003 -0.030417
v -0.026783 0.062003 -0.030417
v -0.026783 0.062003 -0.030417
v -0.021904 0.060473 -0.033079
v -0.021904 0.060473 -0.033079
v -0.021904 0.060473 -0.033079
v -0.021904 0.060473 -0.033079
v -0.021904 0.060473 -0.033079
v -0.021904 0.060473 -0.033079
v -0.016761 0.059297 -0.035243
v -0.016761 0.059297 -0.035243
v -0.016761 0.059297 -0.035243
v -0.016761 0.059297 -0.035243
v -0.016761 0.059297 -0.035243
v -0.016761 0.059297 -0.035243
v -0.011421 0.058404 -0.036862
v -0.011421 0.058404 -0.036862
v -0.011421 0.058404 -0.036862
v -0.011421 0.058404 -0.036862
v -0.011421 0.058404 -0.036862
v -0.011421 0.058404 -0.036862
v -0.014358 0.084940 -0.042160
v -0.014358 0.084940 -0.042160
v -0.014358 0.084940 -0.042160
v -0.014358 0.084940 -0.042160
v -0.014358 0.084940 -0.042160
v -0.016008 0.084934 -0.016278
v -0.016008 0.084934 -0.016278
v -0.016008 0.084934 -0.016278
v -0.016008 0.084934 -0.016278
v -0.016008 0.084934 -0.016278
v -0.016008 0.084934 -0.016278
v -0.016008 0.084934 -0.016278
v -0.010850 0.085756 -0.015169
v -0.010850 0.085756 -0.015169
v -0.010850 0.085756 -0.015169
v -0.010850 0.085756 -0.015169
v -0.010850 0.085756 -0.015169
v -0.010850 0.085756 -0.015169
v -0.010850 0.085756 -0.015169
v -0.005467 0.085996 -0.042160
v -0.005467 0.085996 -0.042160
v -0.005467 0.085996 -0.042160
v -0.005467 0.085996 -0.042160
v -0.005768 0.085987 -0.042160
v -0.005768 0.085987 -0.042160
v -0.005768 0.085987 -0.042160
v -0.005768 0.085987 -0.042160
v -0.005768 0.085987 -0.042160
v -0.010520 0.085408 -0.042160
v -0.010520 0.085408 -0.042160
v -0.010520 0.085408 -0.042160
v -0.010520 0.085408 -0.042160
v -0.010520 0.085408 -0.042160
v -0.021069 0.083740 -0.017789
v -0.021069 0.083740 -0.017789
v -0.021069 0.083740 -0.017789
v -0.021069 0.083740 -0.017789
v -0.021069 0.083740 -0.017789
v -0.021069 0.083740 -0.017789
v -0.021069 0.083740 -0.017789
v -0.021069 0.083740 -0.017789
v -0.022072 0.083331 -0.042160
v -0.022072 0.083331 -0.042160
v -0.022072 0.083331 -0.042160
v -0.022072 0.083331 -0.042160
v -0.022956 0.082997 -0.042160
v -0.022956 0.082997 -0.042160
v -0.022956 0.082997 -0.042160
v -0.022956 0.082997 -0.042160
v -0.022956 0.082997 -0.042160
v -0.025988 0.082111 -0.019664
v -0.025988 0.082111 -0.019664
v -0.025988 0.082111 -0.019664
v -0.025988 0.082111 -0.019664
v -0.025988 0.082111 -0.019664
v -0.025988 0.082111 -0.019664
v -0.025988 0.082111 -0.019664
v -0.036485 0.074858 -0.042160
v -0.036485 0.074858 -0.042160
v -0.036485 0.074858 -0.042160
v -0.036485 0.074858 -0.042160
v -0.036607 0.074664 -0.025625
v -0.036607 0.074664 -0.025625
v -0.036607 0.074664 -0.025625
v -0.036607 0.074664 -0.025625
v -0.036607 0.074664 -0.025625
v -0.036607 0.074664 -0.025625
v -0.036607 0.074664 -0.025625
v -0.036607 0.074664 -0.025625
v -0.036125 0.075288 -0.042160
v -0.036125 0.075288 -0.042160
v -0.036125 0.075288 -0.042160
v -0.036125 0.075288 -0.042160
v -0.036125 0.075288 -0.042160
v -0.036125 0.075288 -0.042160
v -0.034930 0.076815 -0.024303
v -0.034930 0.076815 -0.024303
v -0.034930 0.076815 -0.024303
v -0.034930 0.076815 -0.024303
v -0.034930 0.076815 -0.024303
v -0.034930 0.076815 -0.024303
v -0.034930 0.076815 -0.024303
v -0.034930 0.076815 -0.024303
v -0.034930 0.076815 -0.024303
v -0.034689 0.077006 -0.042160
v -0.034689 0.077006 -0.042160
v -0.034689 0.077006 -0.042160
v -0.034689 0.077006 -0.042160
v -0.034287 0.077486 -0.042160
v -0.034287 0.077486 -0.042160
v -0.034287 0.077486 -0.042160
v -0.034287 0.077486 -0.042160
v -0.025479 0.082044 -0.042160
v -0.025479 0.082044 -0.042160
v -0.025479 0.082044 -0.042160
v -0.025479 0.082044 -0.042160
v -0.029633 0.080475 -0.042160
v -0.029633 0.080475 -0.042160
v -0.029633 0.080475 -0.042160
v -0.029633 0.080475 -0.042160
v -0.029633 0.080475 -0.042160
v -0.029633 0.080475 -0.042160
v -0.030686 0.079914 -0.021851
v -0.030686 0.079914 -0.021851
v -0.030686 0.079914 -0.021851
v -0.030686 0.079914 -0.021851
v -0.030686 0.079914 -0.021851
v -0.030686 0.079914 -0.021851
v -0.030686 0.079914 -0.021851
v -0.030298 0.080048 -0.042160
v -0.030298 0.080048 -0.042160
v -0.030298 0.080048 -0.042160
v -0.030298 0.080048 -0.042160
v -0.030298 0.080048 -0.042160
v -0.030298 0.080048 -0.042160
v -0.033762 0.077823 -0.042160
v -0.033762 0.077823 -0.042160
v -0.033762 0.077823 -0.042160
v -0.033762 0.077823 -0.042160
v -0.015586 0.084791 -0.042160
v -0.015586 0.084791 -0.042160
v -0.015586 0.084791 -0.042160
v -0.015586 0.084791 -0.042160
v -0.016160 0.084721 -0.042160
v -0.016160 0.084721 -0.042160
v -0.016160 0.084721 -0.042160
v -0.016160 0.084721 -0.042160
v -0.016160 0.084721 -0.042160
v -0.020589 0.083679 -0.042160
v -0.020589 0.083679 -0.042160
v -0.020589 0.083679 -0.042160
v -0.020589 0.083679 -0.042160
v -0.020589 0.083679 -0.042160
v -0.031293 0.079241 -0.012255
v -0.031293 0.079241 -0.012255
v -0.031293 0.079241 -0.012255
v -0.031293 0.079241 -0.012255
v -0.031293 0.079241 -0.012255
v -0.031293 0.079241 -0.012255
v -0.026769 0.081556 -0.008986
v -0.026769 0.081556 -0.008986
v -0.026769 0.081556 -0.008986
v -0.026769 0.081556 -0.008986
v -0.026769 0.081556 -0.008986
v -0.026769 0.081556 -0.008986
v -0.021885 0.083328 -0.006169
v -0.021885 0.083328 -0.006169
v -0.021885 0.083328 -0.006169
v -0.021885 0.083328 -0.006169
v -0.021885 0.083328 -0.006169
v -0.021885 0.083328 -0.006169
v -0.016737 0.084659 -0.003888
v -0.016737 0.084659 -0.003888
v -0.016737 0.084659 -0.003888
v -0.016737 0.084659 -0.003888
v -0.016737 0.084659 -0.003888
v -0.016737 0.084659 -0.003888
v -0.011394 0.085591 -0.002210
v -0.011394 0.085591 -0.002210
v -0.011394 0.085591 -0.002210
v -0.011394 0.085591 -0.002210
v -0.011394 0.085591 -0.002210
v -0.011394 0.085591 -0.002210
v -0.037442 0.071428 -0.019858
v -0.037442 0.071428 -0.019858
v -0.037442 0.071428 -0.019858
v -0.037442 0.071428 -0.019858
v -0.037442 0.071428 -0.019858
v -0.037442 0.071428 -0.019858
v -0.036757 0.074019 -0.017834
v -0.036757 0.074019 -0.017834
v -0.036757 0.074019 -0.017834
v -0.036757 0.074019 -0.017834
v -0.036757 0.074019 -0.017834
v -0.036757 0.074019 -0.017834
v -0.035240 0.076112 -0.015891
v -0.035240 0.076112 -0.015891
v -0.035240 0.076112 -0.015891
v -0.035240 0.076112 -0.015891
v -0.035240 0.076112 -0.015891
v -0.035240 0.076112 -0.015891
v -0.033365 0.077810 -0.014032
v -0.033365 0.077810 -0.014032
v -0.033365 0.077810 -0.014032
v -0.033365 0.077810 -0.014032
v -0.033365 0.077810 -0.014032
v -0.036664 0.074644 -0.042160
v -0.036664 0.074644 -0.042160
v -0.036664 0.074644 -0.042160
v -0.036664 0.074644 -0.042160
v -0.037023 0.073280 -0.042160
v -0.037023 0.073280 -0.042160
v -0.037023 0.073280 -0.042160
v -0.037023 0.073280 -0.042160
v -0.037023 0.073280 -0.042160
v -0.037023 0.073280 -0.042160
v -0.037330 0.072110 -0.042160
v -0.037330 0.072110 -0.042160
v -0.037330 0.072110 -0.042160
v -0.037330 0.072110 -0.042160
v -0.037330 0.072110 -0.042160
v 0.022308 0.083036 -0.046224
v 0.022308 0.083036 -0.046224
v 0.022308 0.083036 -0.046224
v 0.022308 0.083036 -0.046224
v 0.022308 0.083036 -0.046224
v 0.024766 0.082216 -0.046224
v 0.024766 0.082216 -0.046224
v 0.024766 0.082216 -0.046224
v 0.024766 0.082216 -0.046224
v 0.024766 0.082216 -0.046224
v 0.024835 0.081996 -0.052900
v 0.024835 0.081996 -0.052900
v 0.024835 0.081996 -0.052900
v 0.024835 0.081996 -0.052900
v 0.024835 0.081996 -0.052900
v 0.024835 0.081996 -0.052900
v 0.024835 0.081996 -0.052900
v 0.024835 0.081996 -0.052900
v 0.033345 0.028376 -0.138540
v 0.033345 0.028376 -0.138540
v 0.033345 0.028376 -0.138540
v 0.033345 0.028376 -0.138540
v 0.032785 0.029061 -0.138438
v 0.032785 0.029061 -0.138438
v 0.032785 0.029061 -0.138438
v 0.032785 0.029061 -0.138438
v 0.033824 0.029508 -0.135401
v 0.033824 0.029508 -0.135401
v 0.033824 0.029508 -0.135401
v 0.033824 0.029508 -0.135401
v 0.033824 0.029508 -0.135401
v 0.033824 0.029508 -0.135401
v 0.033824 0.029508 -0.135401
v 0.033824 0.029508 -0.135401
v 0.033824 0.029508 -0.135401
v 0.030093 0.032357 -0.137951
v 0.030093 0.032357 -0.137951
v 0.030093 0.032357 -0.137951
v 0.030093 0.032357 -0.137951
v 0.030093 0.032357 -0.137951
v 0.030093 0.032357 -0.137951
v 0.031136 0.032984 -0.135017
v 0.031136 0.032984 -0.135017
v 0.031136 0.032984 -0.135017
v 0.031136 0.032984 -0.135017
v 0.031136 0.032984 -0.135017
v 0.033466 0.028195 -0.138566
v 0.033466 0.028195 -0.138566
v 0.033466 0.028195 -0.138566
v 0.033466 0.028195 -0.138566
v 0.033466 0.028195 -0.138566
v 0.036136 0.025957 -0.135833
v 0.036136 0.025957 -0.135833
v 0.036136 0.025957 -0.135833
v 0.036136 0.025957 -0.135833
v 0.036136 0.025957 -0.135833
v 0.036136 0.025957 -0.135833
v 0.036136 0.025957 -0.135833
v 0.036136 0.025957 -0.135833
v 0.035227 0.025584 -0.138952
v 0.035227 0.025584 -0.138952
v 0.035227 0.025584 -0.138952
v 0.035227 0.025584 -0.138952
v 0.029624 0.061585 -0.101091
v 0.029624 0.061585 -0.101091
v 0.029624 0.061585 -0.101091
v 0.029624 0.061585 -0.101091
v 0.029624 0.061585 -0.101091
v 0.029624 0.061585 -0.101091
v 0.029624 0.061585 -0.101091
v 0.029624 0.061585 -0.101091
v 0.029624 0.061585 -0.101091
v 0.031855 0.059074 -0.101429
v 0.031855 0.059074 -0.101429
v 0.031855 0.059074 -0.101429
v 0.031855 0.059074 -0.101429
v 0.031855 0.059074 -0.101429
v 0.031905 0.058911 -0.101614
v 0.031905 0.058911 -0.101614
v 0.031905 0.058911 -0.101614
v 0.031905 0.058911 -0.101614
v 0.031905 0.058911 -0.101614
v 0.031536 0.055693 -0.107114
v 0.031536 0.055693 -0.107114
v 0.031536 0.055693 -0.107114
v 0.031536 0.055693 -0.107114
v 0.031536 0.055693 -0.107114
v 0.031536 0.055693 -0.107114
v 0.031536 0.055693 -0.107114
v 0.031536 0.055693 -0.107114
v 0.028531 0.059786 -0.105436
v 0.028531 0.059786 -0.105436
v 0.028531 0.059786 -0.105436
v 0.028531 0.059786 -0.105436
v 0.028893 0.058682 -0.106558
v 0.028893 0.058682 -0.106558
v 0.028893 0.058682 -0.106558
v 0.028893 0.058682 -0.106558
v 0.028893 0.058682 -0.106558
v 0.028980 0.058417 -0.106827
v 0.028980 0.058417 -0.106827
v 0.028980 0.058417 -0.106827
v 0.028980 0.058417 -0.106827
v 0.028980 0.058417 -0.106827
v 0.028298 0.070662 -0.086892
v 0.028298 0.070662 -0.086892
v 0.028298 0.070662 -0.086892
v 0.028298 0.070662 -0.086892
v 0.028298 0.070662 -0.086892
v 0.028298 0.070662 -0.086892
v 0.028298 0.070662 -0.086892
v 0.029543 0.066618 -0.092850
v 0.029543 0.066618 -0.092850
v 0.029543 0.066618 -0.092850
v 0.029543 0.066618 -0.092850
v 0.027695 0.067285 -0.094240
v 0.027695 0.067285 -0.094240
v 0.027695 0.067285 -0.094240
v 0.027695 0.067285 -0.094240
v 0.027695 0.067285 -0.094240
v 0.027695 0.067285 -0.094240
v 0.027695 0.067285 -0.094240
v 0.027695 0.067285 -0.094240
v 0.027695 0.067285 -0.094240
v 0.030003 0.065119 -0.094554
v 0.030003 0.065119 -0.094554
v 0.030003 0.065119 -0.094554
v 0.030003 0.065119 -0.094554
v 0.030003 0.065119 -0.094554
v 0.030003 0.065119 -0.094554
v 0.027657 0.072743 -0.083827
v 0.027657 0.072743 -0.083827
v 0.027657 0.072743 -0.083827
v 0.027657 0.072743 -0.083827
v 0.025915 0.072490 -0.086584
v 0.025915 0.072490 -0.086584
v 0.025915 0.072490 -0.086584
v 0.025915 0.072490 -0.086584
v 0.025915 0.072490 -0.086584
v 0.025915 0.072490 -0.086584
v 0.025915 0.072490 -0.086584
v 0.025915 0.072490 -0.086584
v 0.025915 0.072490 -0.086584
v 0.026864 0.075342 -0.078554
v 0.026864 0.075342 -0.078554
v 0.026864 0.075342 -0.078554
v 0.026864 0.075342 -0.078554
v 0.026864 0.075342 -0.078554
v 0.026864 0.075342 -0.078554
v 0.026864 0.075342 -0.078554
v 0.024425 0.076859 -0.078259
v 0.024425 0.076859 -0.078259
v 0.024425 0.076859 -0.078259
v 0.024425 0.076859 -0.078259
v 0.024425 0.076859 -0.078259
v 0.024425 0.076859 -0.078259
v 0.025212 0.069114 -0.093790
v 0.025212 0.069114 -0.093790
v 0.025212 0.069114 -0.093790
v 0.025212 0.069114 -0.093790
v 0.025212 0.069114 -0.093790
v 0.025148 0.069291 -0.093525
v 0.025148 0.069291 -0.093525
v 0.025148 0.069291 -0.093525
v 0.025148 0.069291 -0.093525
v 0.025148 0.069291 -0.093525
v 0.025148 0.069291 -0.093525
v 0.025148 0.069291 -0.093525
v 0.023681 0.073306 -0.087518
v 0.023681 0.073306 -0.087518
v 0.023681 0.073306 -0.087518
v 0.023681 0.073306 -0.087518
v 0.027107 0.063817 -0.100669
v 0.027107 0.063817 -0.100669
v 0.027107 0.063817 -0.100669
v 0.027107 0.063817 -0.100669
v 0.027107 0.063817 -0.100669
v 0.027027 0.064046 -0.100399
v 0.027027 0.064046 -0.100399
v 0.027027 0.064046 -0.100399
v 0.027027 0.064046 -0.100399
v 0.027027 0.064046 -0.100399
v 0.027027 0.064046 -0.100399
v 0.027027 0.064046 -0.100399
v 0.025930 0.067151 -0.096727
v 0.025930 0.067151 -0.096727
v 0.025930 0.067151 -0.096727
v 0.025930 0.067151 -0.096727
v 0.026264 0.077310 -0.074563
v 0.026264 0.077310 -0.074563
v 0.026264 0.077310 -0.074563
v 0.026264 0.077310 -0.074563
v 0.026264 0.077310 -0.074563
v 0.026264 0.077310 -0.074563
v 0.021899 0.078164 -0.077693
v 0.021899 0.078164 -0.077693
v 0.021899 0.078164 -0.077693
v 0.021899 0.078164 -0.077693
v 0.021899 0.078164 -0.077693
v 0.021899 0.078164 -0.077693
v 0.021882 0.078211 -0.077597
v 0.021882 0.078211 -0.077597
v 0.021882 0.078211 -0.077597
v 0.021882 0.078211 -0.077597
v 0.021882 0.078211 -0.077597
v 0.021882 0.078211 -0.077597
v 0.021882 0.078211 -0.077597
v 0.020591 0.081714 -0.066646
v 0.020591 0.081714 -0.066646
v 0.020591 0.081714 -0.066646
v 0.020591 0.081714 -0.066646
v 0.020591 0.081714 -0.066646
v 0.025141 0.081003 -0.061039
v 0.025141 0.081003 -0.061039
v 0.025141 0.081003 -0.061039
v 0.025141 0.081003 -0.061039
v 0.025141 0.081003 -0.061039
v 0.025141 0.081003 -0.061039
v 0.025141 0.081003 -0.061039
v 0.025300 0.080484 -0.064453
v 0.025300 0.080484 -0.064453
v 0.025300 0.080484 -0.064453
v 0.025300 0.080484 -0.064453
v 0.025300 0.080484 -0.064453
v 0.025300 0.080484 -0.064453
v 0.020871 0.080954 -0.069023
v 0.020871 0.080954 -0.069023
v 0.020871 0.080954 -0.069023
v 0.020871 0.080954 -0.069023
v 0.020871 0.080954 -0.069023
v 0.020871 0.080954 -0.069023
v 0.025809 0.078810 -0.069785
v 0.025809 0.078810 -0.069785
v 0.025809 0.078810 -0.069785
v 0.025809 0.078810 -0.069785
v 0.025809 0.078810 -0.069785
v 0.025809 0.078810 -0.069785
v 0.020889 0.080905 -0.069177
v 0.020889 0.080905 -0.069177
v 0.020889 0.080905 -0.069177
v 0.020889 0.080905 -0.069177
v 0.020889 0.080905 -0.069177
v 0.026236 0.077401 -0.074272
v 0.026236 0.077401 -0.074272
v 0.026236 0.077401 -0.074272
v 0.026236 0.077401 -0.074272
v 0.026236 0.077401 -0.074272
v 0.023435 0.073976 -0.086162
v 0.023435 0.073976 -0.086162
v 0.023435 0.073976 -0.086162
v 0.023435 0.073976 -0.086162
v 0.023435 0.073976 -0.086162
v 0.023391 0.074098 -0.085916
v 0.023391 0.074098 -0.085916
v 0.023391 0.074098 -0.085916
v 0.023391 0.074098 -0.085916
v 0.023391 0.074098 -0.085916
v 0.023391 0.074098 -0.085916
v 0.021935 0.078067 -0.077889
v 0.021935 0.078067 -0.077889
v 0.021935 0.078067 -0.077889
v 0.021935 0.078067 -0.077889
v 0.021935 0.078067 -0.077889
v 0.021935 0.078067 -0.077889
v 0.034893 0.030589 -0.131949
v 0.034893 0.030589 -0.131949
v 0.034893 0.030589 -0.131949
v 0.034893 0.030589 -0.131949
v 0.034893 0.030589 -0.131949
v 0.034893 0.030589 -0.131949
v 0.034893 0.030589 -0.131949
v 0.034893 0.030589 -0.131949
v 0.034893 0.030589 -0.131949
v 0.037733 0.028648 -0.128729
v 0.037733 0.028648 -0.128729
v 0.037733 0.028648 -0.128729
v 0.037733 0.028648 -0.128729
v 0.037733 0.028648 -0.128729
v 0.037733 0.028648 -0.128729
v 0.037680 0.028022 -0.129513
v 0.037680 0.028022 -0.129513
v 0.037680 0.028022 -0.129513
v 0.037680 0.028022 -0.129513
v 0.037062 0.026831 -0.132304
v 0.037062 0.026831 -0.132304
v 0.037062 0.026831 -0.132304
v 0.037062 0.026831 -0.132304
v 0.037062 0.026831 -0.132304
v 0.036736 0.026202 -0.133776
v 0.036736 0.026202 -0.133776
v 0.036736 0.026202 -0.133776
v 0.036736 0.026202 -0.133776
v 0.036736 0.026202 -0.133776
v 0.036736 0.026202 -0.133776
v 0.035633 0.032584 -0.128447
v 0.035633 0.032584 -0.128447
v 0.035633 0.032584 -0.128447
v 0.035633 0.032584 -0.128447
v 0.035633 0.032584 -0.128447
v 0.035633 0.032584 -0.128447
v 0.035633 0.032584 -0.128447
v 0.035633 0.032584 -0.128447
v 0.032247 0.034530 -0.131420
v 0.032247 0.034530 -0.131420
v 0.032247 0.034530 -0.131420
v 0.032247 0.034530 -0.131420
v 0.032247 0.034530 -0.131420
v 0.032598 0.035019 -0.130283
v 0.032598 0.035019 -0.130283
v 0.032598 0.035019 -0.130283
v 0.032598 0.035019 -0.130283
v 0.031224 0.033107 -0.134731
v 0.031224 0.033107 -0.134731
v 0.031224 0.033107 -0.134731
v 0.031224 0.033107 -0.134731
v 0.031224 0.033107 -0.134731
v 0.032158 0.034407 -0.131708
v 0.032158 0.034407 -0.131708
v 0.032158 0.034407 -0.131708
v 0.032158 0.034407 -0.131708
v 0.032158 0.034407 -0.131708
v 0.035869 0.035600 -0.124859
v 0.035869 0.035600 -0.124859
v 0.035869 0.035600 -0.124859
v 0.035869 0.035600 -0.124859
v 0.035869 0.035600 -0.124859
v 0.035869 0.035600 -0.124859
v 0.035869 0.035600 -0.124859
v 0.035869 0.035600 -0.124859
v 0.035869 0.035600 -0.124859
v 0.037521 0.035764 -0.121325
v 0.037521 0.035764 -0.121325
v 0.037521 0.035764 -0.121325
v 0.037521 0.035764 -0.121325
v 0.037521 0.035764 -0.121325
v 0.037521 0.035764 -0.121325
v 0.037965 0.032278 -0.124326
v 0.037965 0.032278 -0.124326
v 0.037965 0.032278 -0.124326
v 0.037965 0.032278 -0.124326
v 0.037987 0.031696 -0.124908
v 0.037987 0.031696 -0.124908
v 0.037987 0.031696 -0.124908
v 0.037987 0.031696 -0.124908
v 0.037987 0.031696 -0.124908
v 0.037979 0.031593 -0.125037
v 0.037979 0.031593 -0.125037
v 0.037979 0.031593 -0.125037
v 0.037979 0.031593 -0.125037
v 0.037979 0.031593 -0.125037
v 0.035532 0.039600 -0.121083
v 0.035532 0.039600 -0.121083
v 0.035532 0.039600 -0.121083
v 0.035532 0.039600 -0.121083
v 0.035532 0.039600 -0.121083
v 0.035532 0.039600 -0.121083
v 0.035532 0.039600 -0.121083
v 0.035532 0.039600 -0.121083
v 0.035532 0.039600 -0.121083
v 0.034635 0.044435 -0.116973
v 0.034635 0.044435 -0.116973
v 0.034635 0.044435 -0.116973
v 0.034635 0.044435 -0.116973
v 0.034635 0.044435 -0.116973
v 0.034635 0.044435 -0.116973
v 0.034635 0.044435 -0.116973
v 0.034635 0.044435 -0.116973
v 0.036659 0.040758 -0.117145
v 0.036659 0.040758 -0.117145
v 0.036659 0.040758 -0.117145
v 0.036659 0.040758 -0.117145
v 0.036659 0.040758 -0.117145
v 0.036659 0.040758 -0.117145
v 0.037142 0.038739 -0.118763
v 0.037142 0.038739 -0.118763
v 0.037142 0.038739 -0.118763
v 0.037142 0.038739 -0.118763
v 0.033167 0.039434 -0.124758
v 0.033167 0.039434 -0.124758
v 0.033167 0.039434 -0.124758
v 0.033167 0.039434 -0.124758
v 0.033167 0.039434 -0.124758
v 0.033147 0.039692 -0.124506
v 0.033147 0.039692 -0.124506
v 0.033147 0.039692 -0.124506
v 0.033147 0.039692 -0.124506
v 0.033147 0.039692 -0.124506
v 0.031867 0.047821 -0.116799
v 0.031867 0.047821 -0.116799
v 0.031867 0.047821 -0.116799
v 0.031867 0.047821 -0.116799
v 0.031794 0.048110 -0.116535
v 0.031794 0.048110 -0.116535
v 0.031794 0.048110 -0.116535
v 0.031794 0.048110 -0.116535
v 0.031794 0.048110 -0.116535
v 0.031794 0.048110 -0.116535
v 0.033260 0.049886 -0.112368
v 0.033260 0.049886 -0.112368
v 0.033260 0.049886 -0.112368
v 0.033260 0.049886 -0.112368
v 0.033260 0.049886 -0.112368
v 0.033260 0.049886 -0.112368
v 0.033260 0.049886 -0.112368
v 0.033260 0.049886 -0.112368
v 0.035283 0.046500 -0.112540
v 0.035283 0.046500 -0.112540
v 0.035283 0.046500 -0.112540
v 0.035283 0.046500 -0.112540
v 0.035283 0.046500 -0.112540
v 0.032869 0.043299 -0.120974
v 0.032869 0.043299 -0.120974
v 0.032869 0.043299 -0.120974
v 0.032869 0.043299 -0.120974
v 0.032848 0.043572 -0.120707
v 0.032848 0.043572 -0.120707
v 0.032848 0.043572 -0.120707
v 0.032848 0.043572 -0.120707
v 0.032848 0.043572 -0.120707
v 0.032848 0.043572 -0.120707
v 0.032810 0.044067 -0.120223
v 0.032810 0.044067 -0.120223
v 0.032810 0.044067 -0.120223
v 0.032810 0.044067 -0.120223
v 0.033710 0.052724 -0.107350
v 0.033710 0.052724 -0.107350
v 0.033710 0.052724 -0.107350
v 0.033710 0.052724 -0.107350
v 0.033710 0.052724 -0.107350
v 0.033710 0.052724 -0.107350
v 0.034173 0.051134 -0.108824
v 0.034173 0.051134 -0.108824
v 0.034173 0.051134 -0.108824
v 0.034173 0.051134 -0.108824
v 0.032870 0.036498 -0.128325
v 0.032870 0.036498 -0.128325
v 0.032870 0.036498 -0.128325
v 0.032870 0.036498 -0.128325
v 0.032907 0.036701 -0.128057
v 0.032907 0.036701 -0.128057
v 0.032907 0.036701 -0.128057
v 0.032907 0.036701 -0.128057
v 0.032907 0.036701 -0.128057
v 0.032907 0.036701 -0.128057
v 0.033239 0.038506 -0.125666
v 0.033239 0.038506 -0.125666
v 0.033239 0.038506 -0.125666
v 0.033239 0.038506 -0.125666
v 0.019924 0.083484 -0.052640
v 0.019924 0.083484 -0.052640
v 0.019924 0.083484 -0.052640
v 0.019924 0.083484 -0.052640
v 0.019924 0.083484 -0.052640
v 0.019924 0.083484 -0.052640
v 0.019924 0.083484 -0.052640
v 0.019924 0.083484 -0.052640
v 0.019827 0.083735 -0.046224
v 0.019827 0.083735 -0.046224
v 0.019827 0.083735 -0.046224
v 0.019827 0.083735 -0.046224
v 0.020025 0.083679 -0.046224
v 0.020025 0.083679 -0.046224
v 0.020025 0.083679 -0.046224
v 0.020025 0.083679 -0.046224
v 0.019925 0.083482 -0.052684
v 0.019925 0.083482 -0.052684
v 0.019925 0.083482 -0.052684
v 0.019925 0.083482 -0.052684
v 0.019925 0.083482 -0.052684
v 0.019987 0.083321 -0.056809
v 0.019987 0.083321 -0.056809
v 0.019987 0.083321 -0.056809
v 0.019987 0.083321 -0.056809
v 0.019987 0.083321 -0.056809
v 0.024856 0.081929 -0.054960
v 0.024856 0.081929 -0.054960
v 0.024856 0.081929 -0.054960
v 0.024856 0.081929 -0.054960
v 0.024856 0.081929 -0.054960
v 0.020214 0.082718 -0.060499
v 0.020214 0.082718 -0.060499
v 0.020214 0.082718 -0.060499
v 0.020214 0.082718 -0.060499
v 0.020214 0.082718 -0.060499
v 0.020214 0.082718 -0.060499
v 0.020214 0.082718 -0.060499
v 0.020220 0.082702 -0.060599
v 0.020220 0.082702 -0.060599
v 0.020220 0.082702 -0.060599
v 0.020220 0.082702 -0.060599
v 0.020220 0.082702 -0.060599
v 0.030579 0.052947 -0.112123
v 0.030579 0.052947 -0.112123
v 0.030579 0.052947 -0.112123
v 0.030579 0.052947 -0.112123
v 0.030579 0.052947 -0.112123
v 0.030506 0.053238 -0.111858
v 0.030506 0.053238 -0.111858
v 0.030506 0.053238 -0.111858
v 0.030506 0.053238 -0.111858
v 0.030506 0.053238 -0.111858
v 0.029945 0.055470 -0.109821
v 0.029945 0.055470 -0.109821
v 0.029945 0.055470 -0.109821
v 0.029945 0.055470 -0.109821
v 0.012295 0.085241 -0.046224
v 0.012295 0.085241 -0.046224
v 0.012295 0.085241 -0.046224
v 0.012295 0.085241 -0.046224
v 0.012295 0.085241 -0.046224
v 0.010418 0.085487 -0.046224
v 0.010418 0.085487 -0.046224
v 0.010418 0.085487 -0.046224
v 0.010418 0.085487 -0.046224
v 0.010418 0.085487 -0.046224
v 0.010420 0.085494 -0.044191
v 0.010420 0.085494 -0.044191
v 0.010420 0.085494 -0.044191
v 0.010420 0.085494 -0.044191
v 0.010420 0.085494 -0.044191
v 0.010420 0.085494 -0.044191
v 0.010420 0.085494 -0.044191
v 0.010420 0.085494 -0.044191
v 0.010420 0.085494 -0.044191
v 0.010420 0.085494 -0.044191
v 0.010420 0.085494 -0.044191
v 0.010420 0.085494 -0.044191
v 0.034457 0.076599 -0.044191
v 0.034457 0.076599 -0.044191
v 0.034457 0.076599 -0.044191
v 0.034457 0.076599 -0.044191
v 0.034457 0.076599 -0.044191
v 0.034457 0.076599 -0.044191
v 0.034457 0.076599 -0.044191
v 0.034457 0.076599 -0.044191
v 0.034457 0.076599 -0.044191
v 0.001769 0.059434 -0.044189
v 0.001769 0.059434 -0.044189
v 0.001769 0.059434 -0.044189
v 0.001769 0.059434 -0.044189
v 0.001769 0.059434 -0.044189
v 0.001769 0.059434 -0.044189
v 0.001769 0.059434 -0.044189
v 0.001769 0.059434 -0.044189
v 0.001769 0.059434 -0.044189
v 0.001769 0.059434 -0.044189
v -0.000385 0.059366 -0.044191
v -0.000385 0.059366 -0.044191
v -0.000385 0.059366 -0.044191
v -0.000385 0.059366 -0.044191
v -0.000385 0.059366 -0.044191
v -0.000385 0.059366 -0.044191
v -0.000385 0.059366 -0.044191
v -0.000385 0.059437 -0.046224
v -0.000385 0.059437 -0.046224
v -0.000385 0.059437 -0.046224
v -0.000385 0.059437 -0.046224
v -0.000385 0.059437 -0.046224
v 0.001768 0.059512 -0.046224
v 0.001768 0.059512 -0.046224
v 0.001768 0.059512 -0.046224
v 0.001768 0.059512 -0.046224
v 0.003355 0.059567 -0.046224
v 0.003355 0.059567 -0.046224
v 0.003355 0.059567 -0.046224
v 0.003355 0.059567 -0.046224
v 0.003355 0.059567 -0.046224
v 0.003355 0.059567 -0.046224
v 0.007188 0.059700 -0.046224
v 0.007188 0.059700 -0.046224
v 0.007188 0.059700 -0.046224
v 0.007188 0.059700 -0.046224
v 0.007234 0.059701 -0.046224
v 0.007234 0.059701 -0.046224
v 0.007234 0.059701 -0.046224
v 0.007234 0.059701 -0.046224
v 0.007234 0.059701 -0.046224
v 0.013155 0.060284 -0.044191
v 0.013155 0.060284 -0.044191
v 0.013155 0.060284 -0.044191
v 0.013155 0.060284 -0.044191
v 0.013155 0.060284 -0.044191
v 0.013155 0.060284 -0.044191
v 0.013155 0.060284 -0.044191
v 0.013155 0.060284 -0.044191
v 0.013155 0.060284 -0.044191
v 0.022311 0.062036 -0.044191
v 0.022311 0.062036 -0.044191
v 0.022311 0.062036 -0.044191
v 0.022311 0.062036 -0.044191
v 0.022311 0.062036 -0.044191
v 0.022311 0.062036 -0.044191
v 0.022311 0.062036 -0.044191
v 0.022311 0.062036 -0.044191
v 0.022311 0.062036 -0.044191
v 0.022311 0.062036 -0.044191
v 0.022311 0.062036 -0.044191
v 0.022290 0.062158 -0.046224
v 0.022290 0.062158 -0.046224
v 0.022290 0.062158 -0.046224
v 0.022290 0.062158 -0.046224
v 0.022290 0.062158 -0.046224
v 0.014817 0.060526 -0.046224
v 0.014817 0.060526 -0.046224
v 0.014817 0.060526 -0.046224
v 0.014817 0.060526 -0.046224
v 0.014817 0.060526 -0.046224
v 0.013153 0.060345 -0.046224
v 0.013153 0.060345 -0.046224
v 0.013153 0.060345 -0.046224
v 0.013153 0.060345 -0.046224
v 0.013153 0.060345 -0.046224
v 0.013153 0.060345 -0.046224
v 0.029348 0.064480 -0.044191
v 0.029348 0.064480 -0.044191
v 0.029348 0.064480 -0.044191
v 0.029348 0.064480 -0.044191
v 0.029348 0.064480 -0.044191
v 0.029348 0.064480 -0.044191
v 0.029348 0.064480 -0.044191
v 0.029348 0.064480 -0.044191
v 0.029348 0.064480 -0.044191
v 0.028314 0.064025 -0.044191
v 0.028314 0.064025 -0.044191
v 0.028314 0.064025 -0.044191
v 0.028314 0.064025 -0.044191
v 0.028314 0.064025 -0.044191
v 0.028314 0.064025 -0.044191
v 0.024287 0.062594 -0.046224
v 0.024287 0.062594 -0.046224
v 0.024287 0.062594 -0.046224
v 0.024287 0.062594 -0.046224
v 0.024752 0.062781 -0.046224
v 0.024752 0.062781 -0.046224
v 0.024752 0.062781 -0.046224
v 0.024752 0.062781 -0.046224
v 0.024752 0.062781 -0.046224
v 0.028254 0.064186 -0.046224
v 0.028254 0.064186 -0.046224
v 0.028254 0.064186 -0.046224
v 0.028254 0.064186 -0.046224
v 0.028254 0.064186 -0.046224
v 0.028254 0.064186 -0.046224
v 0.029302 0.064606 -0.046224
v 0.029302 0.064606 -0.046224
v 0.029302 0.064606 -0.046224
v 0.029302 0.064606 -0.046224
v 0.029519 0.064693 -0.046224
v 0.029519 0.064693 -0.046224
v 0.029519 0.064693 -0.046224
v 0.029519 0.064693 -0.046224
v 0.030828 0.065218 -0.046224
v 0.030828 0.065218 -0.046224
v 0.030828 0.065218 -0.046224
v 0.030828 0.065218 -0.046224
v 0.030828 0.065218 -0.046224
v 0.033376 0.066852 -0.044191
v 0.033376 0.066852 -0.044191
v 0.033376 0.066852 -0.044191
v 0.033376 0.066852 -0.044191
v 0.033376 0.066852 -0.044191
v 0.033376 0.066852 -0.044191
v 0.033376 0.066852 -0.044191
v 0.033376 0.066852 -0.044191
v 0.035598 0.069158 -0.044191
v 0.035598 0.069158 -0.044191
v 0.035598 0.069158 -0.044191
v 0.035598 0.069158 -0.044191
v 0.035598 0.069158 -0.044191
v 0.035598 0.069158 -0.044191
v 0.035598 0.069158 -0.044191
v 0.035598 0.069158 -0.044191
v 0.035598 0.069158 -0.044191
v 0.035598 0.069158 -0.044191
v 0.035598 0.069158 -0.044191
v 0.033285 0.066986 -0.046224
v 0.033285 0.066986 -0.046224
v 0.033285 0.066986 -0.046224
v 0.033285 0.066986 -0.046224
v 0.033285 0.066986 -0.046224
v 0.033917 0.067441 -0.046224
v 0.033917 0.067441 -0.046224
v 0.033917 0.067441 -0.046224
v 0.033917 0.067441 -0.046224
v 0.033917 0.067441 -0.046224
v 0.034583 0.067920 -0.046224
v 0.034583 0.067920 -0.046224
v 0.034583 0.067920 -0.046224
v 0.034583 0.067920 -0.046224
v 0.035519 0.069220 -0.046224
v 0.035519 0.069220 -0.046224
v 0.035519 0.069220 -0.046224
v 0.035519 0.069220 -0.046224
v 0.035519 0.069220 -0.046224
v 0.036433 0.071029 -0.044191
v 0.036433 0.071029 -0.044191
v 0.036433 0.071029 -0.044191
v 0.036433 0.071029 -0.044191
v 0.036433 0.071029 -0.044191
v 0.036433 0.071029 -0.044191
v 0.036433 0.071029 -0.044191
v 0.036433 0.071029 -0.044191
v 0.035684 0.069448 -0.046224
v 0.035684 0.069448 -0.046224
v 0.035684 0.069448 -0.046224
v 0.035684 0.069448 -0.046224
v 0.036059 0.069969 -0.046224
v 0.036059 0.069969 -0.046224
v 0.036059 0.069969 -0.046224
v 0.036059 0.069969 -0.046224
v 0.036059 0.069969 -0.046224
v 0.036059 0.069969 -0.046224
v 0.036520 0.072745 -0.044191
v 0.036520 0.072745 -0.044191
v 0.036520 0.072745 -0.044191
v 0.036520 0.072745 -0.044191
v 0.036520 0.072745 -0.044191
v 0.036520 0.072745 -0.044191
v 0.036520 0.072745 -0.044191
v 0.036520 0.072745 -0.044191
v 0.036520 0.072745 -0.044191
v 0.036555 0.072365 -0.046224
v 0.036555 0.072365 -0.046224
v 0.036555 0.072365 -0.046224
v 0.036555 0.072365 -0.046224
v 0.036507 0.072135 -0.046224
v 0.036507 0.072135 -0.046224
v 0.036507 0.072135 -0.046224
v 0.036507 0.072135 -0.046224
v 0.036507 0.072135 -0.046224
v 0.036286 0.071065 -0.046224
v 0.036286 0.071065 -0.046224
v 0.036286 0.071065 -0.046224
v 0.036286 0.071065 -0.046224
v 0.036286 0.071065 -0.046224
v 0.035851 0.074496 -0.046224
v 0.035851 0.074496 -0.046224
v 0.035851 0.074496 -0.046224
v 0.035851 0.074496 -0.046224
v 0.035944 0.074553 -0.044191
v 0.035944 0.074553 -0.044191
v 0.035944 0.074553 -0.044191
v 0.035944 0.074553 -0.044191
v 0.035944 0.074553 -0.044191
v 0.035944 0.074553 -0.044191
v 0.035944 0.074553 -0.044191
v 0.035944 0.074553 -0.044191
v 0.036206 0.073965 -0.046224
v 0.036206 0.073965 -0.046224
v 0.036206 0.073965 -0.046224
v 0.036206 0.073965 -0.046224
v 0.036206 0.073965 -0.046224
v 0.036206 0.073965 -0.046224
v 0.036473 0.072739 -0.046224
v 0.036473 0.072739 -0.046224
v 0.036473 0.072739 -0.046224
v 0.036473 0.072739 -0.046224
v 0.035631 0.074824 -0.046224
v 0.035631 0.074824 -0.046224
v 0.035631 0.074824 -0.046224
v 0.035631 0.074824 -0.046224
v 0.035631 0.074824 -0.046224
v 0.031319 0.079023 -0.046224
v 0.031319 0.079023 -0.046224
v 0.031319 0.079023 -0.046224
v 0.031319 0.079023 -0.046224
v 0.031319 0.079023 -0.046224
v 0.031363 0.079075 -0.044191
v 0.031363 0.079075 -0.044191
v 0.031363 0.079075 -0.044191
v 0.031363 0.079075 -0.044191
v 0.031363 0.079075 -0.044191
v 0.031363 0.079075 -0.044191
v 0.031363 0.079075 -0.044191
v 0.031363 0.079075 -0.044191
v 0.031363 0.079075 -0.044191
v 0.033935 0.077014 -0.046224
v 0.033935 0.077014 -0.046224
v 0.033935 0.077014 -0.046224
v 0.033935 0.077014 -0.046224
v 0.033935 0.077014 -0.046224
v 0.034409 0.076650 -0.046224
v 0.034409 0.076650 -0.046224
v 0.034409 0.076650 -0.046224
v 0.034409 0.076650 -0.046224
v 0.034409 0.076650 -0.046224
v 0.026529 0.081534 -0.044191
v 0.026529 0.081534 -0.044191
v 0.026529 0.081534 -0.044191
v 0.026529 0.081534 -0.044191
v 0.026529 0.081534 -0.044191
v 0.026529 0.081534 -0.044191
v 0.026529 0.081534 -0.044191
v 0.026529 0.081534 -0.044191
v 0.030795 0.079426 -0.046224
v 0.030795 0.079426 -0.046224
v 0.030795 0.079426 -0.046224
v 0.030795 0.079426 -0.046224
v 0.029516 0.080018 -0.046224
v 0.029516 0.080018 -0.046224
v 0.029516 0.080018 -0.046224
v 0.029516 0.080018 -0.046224
v 0.029516 0.080018 -0.046224
v 0.020028 0.083682 -0.044191
v 0.020028 0.083682 -0.044191
v 0.020028 0.083682 -0.044191
v 0.020028 0.083682 -0.044191
v 0.020028 0.083682 -0.044191
v 0.020028 0.083682 -0.044191
v 0.020028 0.083682 -0.044191
v 0.020028 0.083682 -0.044191
v 0.020028 0.083682 -0.044191
v 0.020028 0.083682 -0.044191
v 0.020028 0.083682 -0.044191
v 0.026475 0.081425 -0.046224
v 0.026475 0.081425 -0.046224
v 0.026475 0.081425 -0.046224
v 0.026475 0.081425 -0.046224
v 0.026475 0.081425 -0.046224
v 0.017328 0.084329 -0.046224
v 0.017328 0.084329 -0.046224
v 0.017328 0.084329 -0.046224
v 0.017328 0.084329 -0.046224
v 0.017328 0.084329 -0.046224
v 0.017328 0.084329 -0.046224
v 0.017328 0.084329 -0.046224
v 0.014816 0.084829 -0.046224
v 0.014816 0.084829 -0.046224
v 0.014816 0.084829 -0.046224
v 0.014816 0.084829 -0.046224
v -0.000386 0.086147 -0.044191
v -0.000386 0.086147 -0.044191
v -0.000386 0.086147 -0.044191
v -0.000386 0.086147 -0.044191
v -0.000386 0.086147 -0.044191
v -0.000386 0.086147 -0.044191
v -0.000386 0.086147 -0.044191
v -0.000386 0.086147 -0.044191
v -0.000386 0.086147 -0.044191
v -0.000386 0.086147 -0.044191
v -0.000386 0.086147 -0.044191
v -0.000386 0.086147 -0.044191
v 0.009766 0.085572 -0.046224
v 0.009766 0.085572 -0.046224
v 0.009766 0.085572 -0.046224
v 0.009766 0.085572 -0.046224
v 0.007233 0.085826 -0.046224
v 0.007233 0.085826 -0.046224
v 0.007233 0.085826 -0.046224
v 0.007233 0.085826 -0.046224
v 0.007233 0.085826 -0.046224
v 0.004695 0.086005 -0.046224
v 0.004695 0.086005 -0.046224
v 0.004695 0.086005 -0.046224
v 0.004695 0.086005 -0.046224
v 0.004695 0.086005 -0.046224
v 0.003425 0.086067 -0.046224
v 0.003425 0.086067 -0.046224
v 0.003425 0.086067 -0.046224
v 0.003425 0.086067 -0.046224
v 0.003425 0.086067 -0.046224
v 0.002155 0.086112 -0.046224
v 0.002155 0.086112 -0.046224
v 0.002155 0.086112 -0.046224
v 0.002155 0.086112 -0.046224
v 0.000885 0.086138 -0.046224
v 0.000885 0.086138 -0.046224
v 0.000885 0.086138 -0.046224
v 0.000885 0.086138 -0.046224
v 0.000885 0.086138 -0.046224
v 0.000885 0.086138 -0.046224
v -0.000386 0.086147 -0.046224
v -0.000386 0.086147 -0.046224
v -0.000386 0.086147 -0.046224
v -0.000386 0.086147 -0.046224
v 0.026506 0.046121 -0.124497
v 0.026506 0.046121 -0.124497
v 0.026506 0.046121 -0.124497
v 0.026506 0.046121 -0.124497
v 0.026503 0.046363 -0.124239
v 0.026503 0.046363 -0.124239
v 0.026503 0.046363 -0.124239
v 0.026503 0.046363 -0.124239
v 0.026503 0.046363 -0.124239
v 0.030166 0.043146 -0.124313
v 0.030166 0.043146 -0.124313
v 0.030166 0.043146 -0.124313
v 0.030166 0.043146 -0.124313
v 0.030166 0.043146 -0.124313
v 0.030166 0.043146 -0.124313
v 0.030166 0.043146 -0.124313
v 0.030166 0.043146 -0.124313
v 0.030166 0.043146 -0.124313
v 0.029955 0.040084 -0.127805
v 0.029955 0.040084 -0.127805
v 0.029955 0.040084 -0.127805
v 0.029955 0.040084 -0.127805
v 0.029955 0.040084 -0.127805
v 0.029955 0.040084 -0.127805
v 0.029955 0.040084 -0.127805
v 0.029955 0.040084 -0.127805
v 0.021171 0.068128 -0.099841
v 0.021171 0.068128 -0.099841
v 0.021171 0.068128 -0.099841
v 0.021171 0.068128 -0.099841
v 0.021171 0.068128 -0.099841
v 0.021171 0.068128 -0.099841
v 0.021171 0.068128 -0.099841
v 0.019477 0.072742 -0.092949
v 0.019477 0.072742 -0.092949
v 0.019477 0.072742 -0.092949
v 0.019477 0.072742 -0.092949
v 0.019477 0.072742 -0.092949
v 0.019477 0.072742 -0.092949
v 0.019477 0.072742 -0.092949
v 0.023791 0.038035 -0.137113
v 0.023791 0.038035 -0.137113
v 0.023791 0.038035 -0.137113
v 0.023791 0.038035 -0.137113
v 0.023791 0.038035 -0.137113
v 0.023791 0.038035 -0.137113
v 0.023764 0.038057 -0.137110
v 0.023764 0.038057 -0.137110
v 0.023764 0.038057 -0.137110
v 0.023764 0.038057 -0.137110
v 0.023764 0.038057 -0.137110
v 0.024686 0.039220 -0.134397
v 0.024686 0.039220 -0.134397
v 0.024686 0.039220 -0.134397
v 0.024686 0.039220 -0.134397
v 0.024686 0.039220 -0.134397
v 0.027604 0.034868 -0.137581
v 0.027604 0.034868 -0.137581
v 0.027604 0.034868 -0.137581
v 0.027604 0.034868 -0.137581
v 0.027046 0.035332 -0.137512
v 0.027046 0.035332 -0.137512
v 0.027046 0.035332 -0.137512
v 0.027046 0.035332 -0.137512
v 0.028201 0.036291 -0.134378
v 0.028201 0.036291 -0.134378
v 0.028201 0.036291 -0.134378
v 0.028201 0.036291 -0.134378
v 0.028201 0.036291 -0.134378
v 0.028201 0.036291 -0.134378
v 0.028201 0.036291 -0.134378
v 0.028201 0.036291 -0.134378
v 0.028201 0.036291 -0.134378
v 0.028201 0.036291 -0.134378
v 0.027889 0.034600 -0.137620
v 0.027889 0.034600 -0.137620
v 0.027889 0.034600 -0.137620
v 0.027889 0.034600 -0.137620
v 0.027889 0.034600 -0.137620
v 0.026007 0.061216 -0.106323
v 0.026007 0.061216 -0.106323
v 0.026007 0.061216 -0.106323
v 0.026007 0.061216 -0.106323
v 0.026007 0.061216 -0.106323
v 0.026007 0.061216 -0.106323
v 0.026007 0.061216 -0.106323
v 0.026007 0.061216 -0.106323
v 0.026007 0.061216 -0.106323
v 0.022800 0.063358 -0.105984
v 0.022800 0.063358 -0.105984
v 0.022800 0.063358 -0.105984
v 0.022800 0.063358 -0.105984
v 0.021783 0.066458 -0.102311
v 0.021783 0.066458 -0.102311
v 0.021783 0.066458 -0.102311
v 0.021783 0.066458 -0.102311
v 0.021783 0.066458 -0.102311
v 0.021783 0.066458 -0.102311
v 0.021783 0.066458 -0.102311
v 0.021240 0.067938 -0.100121
v 0.021240 0.067938 -0.100121
v 0.021240 0.067938 -0.100121
v 0.021240 0.067938 -0.100121
v 0.021240 0.067938 -0.100121
v 0.019532 0.072596 -0.093230
v 0.019532 0.072596 -0.093230
v 0.019532 0.072596 -0.093230
v 0.019532 0.072596 -0.093230
v 0.019532 0.072596 -0.093230
v 0.019531 0.072601 -0.093222
v 0.019531 0.072601 -0.093222
v 0.019531 0.072601 -0.093222
v 0.019531 0.072601 -0.093222
v 0.019531 0.072601 -0.093222
v 0.015144 0.084034 -0.060248
v 0.015144 0.084034 -0.060248
v 0.015144 0.084034 -0.060248
v 0.015144 0.084034 -0.060248
v 0.015144 0.084034 -0.060248
v 0.015140 0.084042 -0.060150
v 0.015140 0.084042 -0.060150
v 0.015140 0.084042 -0.060150
v 0.015140 0.084042 -0.060150
v 0.015140 0.084042 -0.060150
v 0.015140 0.084042 -0.060150
v 0.015140 0.084042 -0.060150
v 0.015203 0.083890 -0.061931
v 0.015203 0.083890 -0.061931
v 0.015203 0.083890 -0.061931
v 0.015203 0.083890 -0.061931
v 0.015203 0.083890 -0.061931
v 0.015759 0.082479 -0.068501
v 0.015759 0.082479 -0.068501
v 0.015759 0.082479 -0.068501
v 0.015759 0.082479 -0.068501
v 0.015759 0.082479 -0.068501
v 0.015759 0.082479 -0.068501
v 0.015759 0.082479 -0.068501
v 0.018009 0.076627 -0.085467
v 0.018009 0.076627 -0.085467
v 0.018009 0.076627 -0.085467
v 0.018009 0.076627 -0.085467
v 0.018009 0.076627 -0.085467
v 0.017963 0.076748 -0.085233
v 0.017963 0.076748 -0.085233
v 0.017963 0.076748 -0.085233
v 0.017963 0.076748 -0.085233
v 0.017963 0.076748 -0.085233
v 0.015772 0.082446 -0.068655
v 0.015772 0.082446 -0.068655
v 0.015772 0.082446 -0.068655
v 0.015772 0.082446 -0.068655
v 0.015772 0.082446 -0.068655
v 0.015772 0.082446 -0.068655
v 0.016139 0.081515 -0.072989
v 0.016139 0.081515 -0.072989
v 0.016139 0.081515 -0.072989
v 0.016139 0.081515 -0.072989
v 0.016139 0.081515 -0.072989
v 0.016699 0.080057 -0.076996
v 0.016699 0.080057 -0.076996
v 0.016699 0.080057 -0.076996
v 0.016699 0.080057 -0.076996
v 0.016699 0.080057 -0.076996
v 0.016699 0.080057 -0.076996
v 0.016727 0.079983 -0.077197
v 0.016727 0.079983 -0.077197
v 0.016727 0.079983 -0.077197
v 0.016727 0.079983 -0.077197
v 0.016727 0.079983 -0.077197
v 0.016727 0.079983 -0.077197
v 0.017571 0.077786 -0.083234
v 0.017571 0.077786 -0.083234
v 0.017571 0.077786 -0.083234
v 0.017571 0.077786 -0.083234
v 0.017571 0.077786 -0.083234
v 0.029250 0.037812 -0.131141
v 0.029250 0.037812 -0.131141
v 0.029250 0.037812 -0.131141
v 0.029250 0.037812 -0.131141
v 0.029250 0.037812 -0.131141
v 0.029250 0.037812 -0.131141
v 0.029250 0.037812 -0.131141
v 0.029250 0.037812 -0.131141
v 0.029250 0.037812 -0.131141
v 0.029250 0.037812 -0.131141
v 0.029250 0.037812 -0.131141
v 0.029250 0.037812 -0.131141
v 0.024782 0.039341 -0.134117
v 0.024782 0.039341 -0.134117
v 0.024782 0.039341 -0.134117
v 0.024782 0.039341 -0.134117
v 0.024782 0.039341 -0.134117
v 0.025527 0.040282 -0.131922
v 0.025527 0.040282 -0.131922
v 0.025527 0.040282 -0.131922
v 0.025527 0.040282 -0.131922
v 0.025527 0.040282 -0.131922
v 0.025672 0.040782 -0.131217
v 0.025672 0.040782 -0.131217
v 0.025672 0.040782 -0.131217
v 0.025672 0.040782 -0.131217
v 0.027645 0.056161 -0.111694
v 0.027645 0.056161 -0.111694
v 0.027645 0.056161 -0.111694
v 0.027645 0.056161 -0.111694
v 0.027645 0.056161 -0.111694
v 0.027645 0.056161 -0.111694
v 0.027645 0.056161 -0.111694
v 0.027645 0.056161 -0.111694
v 0.028960 0.051336 -0.116396
v 0.028960 0.051336 -0.116396
v 0.028960 0.051336 -0.116396
v 0.028960 0.051336 -0.116396
v 0.028960 0.051336 -0.116396
v 0.028960 0.051336 -0.116396
v 0.028960 0.051336 -0.116396
v 0.029827 0.046940 -0.120555
v 0.029827 0.046940 -0.120555
v 0.029827 0.046940 -0.120555
v 0.029827 0.046940 -0.120555
v 0.029827 0.046940 -0.120555
v 0.029827 0.046940 -0.120555
v 0.029827 0.046940 -0.120555
v 0.029827 0.046940 -0.120555
v 0.029827 0.046940 -0.120555
v 0.026463 0.049103 -0.121312
v 0.026463 0.049103 -0.121312
v 0.026463 0.049103 -0.121312
v 0.026463 0.049103 -0.121312
v 0.026273 0.049976 -0.120427
v 0.026273 0.049976 -0.120427
v 0.026273 0.049976 -0.120427
v 0.026273 0.049976 -0.120427
v 0.026273 0.049976 -0.120427
v 0.025726 0.040967 -0.130957
v 0.025726 0.040967 -0.130957
v 0.025726 0.040967 -0.130957
v 0.025726 0.040967 -0.130957
v 0.025726 0.040967 -0.130957
v 0.026348 0.043112 -0.127937
v 0.026348 0.043112 -0.127937
v 0.026348 0.043112 -0.127937
v 0.026348 0.043112 -0.127937
v 0.026348 0.043112 -0.127937
v 0.026403 0.043303 -0.127668
v 0.026403 0.043303 -0.127668
v 0.026403 0.043303 -0.127668
v 0.026403 0.043303 -0.127668
v 0.026403 0.043303 -0.127668
v 0.026541 0.043777 -0.127001
v 0.026541 0.043777 -0.127001
v 0.026541 0.043777 -0.127001
v 0.026541 0.043777 -0.127001
v 0.026541 0.043777 -0.127001
v 0.014846 0.084758 -0.051784
v 0.014846 0.084758 -0.051784
v 0.014846 0.084758 -0.051784
v 0.014846 0.084758 -0.051784
v 0.014846 0.084758 -0.051784
v 0.014870 0.084700 -0.052463
v 0.014870 0.084700 -0.052463
v 0.014870 0.084700 -0.052463
v 0.014870 0.084700 -0.052463
v 0.014870 0.084700 -0.052463
v 0.014872 0.084696 -0.052506
v 0.014872 0.084696 -0.052506
v 0.014872 0.084696 -0.052506
v 0.014872 0.084696 -0.052506
v 0.014872 0.084696 -0.052506
v 0.025428 0.053862 -0.116485
v 0.025428 0.053862 -0.116485
v 0.025428 0.053862 -0.116485
v 0.025428 0.053862 -0.116485
v 0.025428 0.053862 -0.116485
v 0.025371 0.054124 -0.116218
v 0.025371 0.054124 -0.116218
v 0.025371 0.054124 -0.116218
v 0.025371 0.054124 -0.116218
v 0.025371 0.054124 -0.116218
v 0.024470 0.058265 -0.112017
v 0.024470 0.058265 -0.112017
v 0.024470 0.058265 -0.112017
v 0.024470 0.058265 -0.112017
v 0.024470 0.058265 -0.112017
v 0.022876 0.063126 -0.106259
v 0.022876 0.063126 -0.106259
v 0.022876 0.063126 -0.106259
v 0.022876 0.063126 -0.106259
v 0.022876 0.063126 -0.106259
v 0.021867 0.056423 -0.116367
v 0.021867 0.056423 -0.116367
v 0.021867 0.056423 -0.116367
v 0.021867 0.056423 -0.116367
v 0.021867 0.056423 -0.116367
v 0.021867 0.056423 -0.116367
v 0.021867 0.056423 -0.116367
v 0.021867 0.056423 -0.116367
v 0.021867 0.056423 -0.116367
v 0.021098 0.041583 -0.134074
v 0.021098 0.041583 -0.134074
v 0.021098 0.041583 -0.134074
v 0.021098 0.041583 -0.134074
v 0.021098 0.041583 -0.134074
v 0.021098 0.041583 -0.134074
v 0.021098 0.041583 -0.134074
v 0.021098 0.041583 -0.134074
v 0.021098 0.041583 -0.134074
v 0.021993 0.043383 -0.130981
v 0.021993 0.043383 -0.130981
v 0.021993 0.043383 -0.130981
v 0.021993 0.043383 -0.130981
v 0.021993 0.043383 -0.130981
v 0.021993 0.043383 -0.130981
v 0.021993 0.043383 -0.130981
v 0.021993 0.043383 -0.130981
v 0.022606 0.045792 -0.127750
v 0.022606 0.045792 -0.127750
v 0.022606 0.045792 -0.127750
v 0.022606 0.045792 -0.127750
v 0.022606 0.045792 -0.127750
v 0.022606 0.045792 -0.127750
v 0.022606 0.045792 -0.127750
v 0.022606 0.045792 -0.127750
v 0.022811 0.048817 -0.124314
v 0.022811 0.048817 -0.124314
v 0.022811 0.048817 -0.124314
v 0.022811 0.048817 -0.124314
v 0.022811 0.048817 -0.124314
v 0.022811 0.048817 -0.124314
v 0.022811 0.048817 -0.124314
v 0.022811 0.048817 -0.124314
v 0.022811 0.048817 -0.124314
v 0.022811 0.048817 -0.124314
v 0.022811 0.048817 -0.124314
v 0.019461 0.065239 -0.106142
v 0.019461 0.065239 -0.106142
v 0.019461 0.065239 -0.106142
v 0.019461 0.065239 -0.106142
v 0.019461 0.065239 -0.106142
v 0.019461 0.065239 -0.106142
v 0.019461 0.065239 -0.106142
v 0.013517 0.074359 -0.094203
v 0.013517 0.074359 -0.094203
v 0.013517 0.074359 -0.094203
v 0.013517 0.074359 -0.094203
v 0.013517 0.074359 -0.094203
v 0.013517 0.074359 -0.094203
v 0.013517 0.074359 -0.094203
v 0.014542 0.071000 -0.099604
v 0.014542 0.071000 -0.099604
v 0.014542 0.071000 -0.099604
v 0.014542 0.071000 -0.099604
v 0.014542 0.071000 -0.099604
v 0.014542 0.071000 -0.099604
v 0.014542 0.071000 -0.099604
v 0.014542 0.071000 -0.099604
v 0.015509 0.067832 -0.104697
v 0.015509 0.067832 -0.104697
v 0.015509 0.067832 -0.104697
v 0.015509 0.067832 -0.104697
v 0.015509 0.067832 -0.104697
v 0.015509 0.067832 -0.104697
v 0.012125 0.078672 -0.084962
v 0.012125 0.078672 -0.084962
v 0.012125 0.078672 -0.084962
v 0.012125 0.078672 -0.084962
v 0.012125 0.078672 -0.084962
v 0.012125 0.078672 -0.084962
v 0.012125 0.078672 -0.084962
v 0.012125 0.078672 -0.084962
v 0.011934 0.079262 -0.083698
v 0.011934 0.079262 -0.083698
v 0.011934 0.079262 -0.083698
v 0.011934 0.079262 -0.083698
v 0.011934 0.079262 -0.083698
v 0.011934 0.079262 -0.083698
v 0.011934 0.079262 -0.083698
v 0.013284 0.075081 -0.092656
v 0.013284 0.075081 -0.092656
v 0.013284 0.075081 -0.092656
v 0.013284 0.075081 -0.092656
v 0.013284 0.075081 -0.092656
v 0.013284 0.075081 -0.092656
v 0.013284 0.075081 -0.092656
v 0.011190 0.081485 -0.076708
v 0.011190 0.081485 -0.076708
v 0.011190 0.081485 -0.076708
v 0.011190 0.081485 -0.076708
v 0.011190 0.081485 -0.076708
v 0.011190 0.081485 -0.076708
v 0.010746 0.082814 -0.072529
v 0.010746 0.082814 -0.072529
v 0.010746 0.082814 -0.072529
v 0.010746 0.082814 -0.072529
v 0.010746 0.082814 -0.072529
v 0.010746 0.082814 -0.072529
v 0.010746 0.082814 -0.072529
v 0.010480 0.083573 -0.068254
v 0.010480 0.083573 -0.068254
v 0.010480 0.083573 -0.068254
v 0.010480 0.083573 -0.068254
v 0.010480 0.083573 -0.068254
v 0.010480 0.083573 -0.068254
v 0.010480 0.083573 -0.068254
v 0.010480 0.083573 -0.068254
v 0.010020 0.084891 -0.060832
v 0.010020 0.084891 -0.060832
v 0.010020 0.084891 -0.060832
v 0.010020 0.084891 -0.060832
v 0.010020 0.084891 -0.060832
v 0.010020 0.084891 -0.060832
v 0.010020 0.084891 -0.060832
v 0.010002 0.084939 -0.059967
v 0.010002 0.084939 -0.059967
v 0.010002 0.084939 -0.059967
v 0.010002 0.084939 -0.059967
v 0.010002 0.084939 -0.059967
v 0.010002 0.084939 -0.059967
v 0.010002 0.084939 -0.059967
v 0.009846 0.085357 -0.052362
v 0.009846 0.085357 -0.052362
v 0.009846 0.085357 -0.052362
v 0.009846 0.085357 -0.052362
v 0.009846 0.085357 -0.052362
v 0.009846 0.085357 -0.052362
v 0.009846 0.085357 -0.052362
v 0.009846 0.085357 -0.052362
v 0.009846 0.085357 -0.052362
v 0.009846 0.085357 -0.052362
v 0.009769 0.085566 -0.048554
v 0.009769 0.085566 -0.048554
v 0.009769 0.085566 -0.048554
v 0.009769 0.085566 -0.048554
v 0.009769 0.085566 -0.048554
v 0.009769 0.085566 -0.048554
v 0.020749 0.040087 -0.136811
v 0.020749 0.040087 -0.136811
v 0.020749 0.040087 -0.136811
v 0.020749 0.040087 -0.136811
v 0.020749 0.040087 -0.136811
v 0.020211 0.040373 -0.136768
v 0.020211 0.040373 -0.136768
v 0.020211 0.040373 -0.136768
v 0.020211 0.040373 -0.136768
v 0.019266 0.040878 -0.136694
v 0.019266 0.040878 -0.136694
v 0.019266 0.040878 -0.136694
v 0.019266 0.040878 -0.136694
v 0.019266 0.040878 -0.136694
v 0.017078 0.043896 -0.133919
v 0.017078 0.043896 -0.133919
v 0.017078 0.043896 -0.133919
v 0.017078 0.043896 -0.133919
v 0.017078 0.043896 -0.133919
v 0.017078 0.043896 -0.133919
v 0.017078 0.043896 -0.133919
v 0.016419 0.042398 -0.136470
v 0.016419 0.042398 -0.136470
v 0.016419 0.042398 -0.136470
v 0.016419 0.042398 -0.136470
v 0.016419 0.042398 -0.136470
v 0.018582 0.051645 -0.123683
v 0.018582 0.051645 -0.123683
v 0.018582 0.051645 -0.123683
v 0.018582 0.051645 -0.123683
v 0.018582 0.051645 -0.123683
v 0.018582 0.051645 -0.123683
v 0.017875 0.045712 -0.130827
v 0.017875 0.045712 -0.130827
v 0.017875 0.045712 -0.130827
v 0.017875 0.045712 -0.130827
v 0.017875 0.045712 -0.130827
v 0.018012 0.046023 -0.130296
v 0.018012 0.046023 -0.130296
v 0.018012 0.046023 -0.130296
v 0.018012 0.046023 -0.130296
v 0.018012 0.046023 -0.130296
v 0.018237 0.048243 -0.127686
v 0.018237 0.048243 -0.127686
v 0.018237 0.048243 -0.127686
v 0.018237 0.048243 -0.127686
v 0.018237 0.048243 -0.127686
v 0.018536 0.051192 -0.124216
v 0.018536 0.051192 -0.124216
v 0.018536 0.051192 -0.124216
v 0.018536 0.051192 -0.124216
v 0.018536 0.051192 -0.124216
v 0.017683 0.058515 -0.116211
v 0.017683 0.058515 -0.116211
v 0.017683 0.058515 -0.116211
v 0.017683 0.058515 -0.116211
v 0.017466 0.060166 -0.114416
v 0.017466 0.060166 -0.114416
v 0.017466 0.060166 -0.114416
v 0.017466 0.060166 -0.114416
v 0.017466 0.060166 -0.114416
v 0.017466 0.060166 -0.114416
v 0.015752 0.066879 -0.105904
v 0.015752 0.066879 -0.105904
v 0.015752 0.066879 -0.105904
v 0.015752 0.066879 -0.105904
v 0.008323 0.045124 -0.136068
v 0.008323 0.045124 -0.136068
v 0.008323 0.045124 -0.136068
v 0.008323 0.045124 -0.136068
v 0.008323 0.045124 -0.136068
v 0.009065 0.048874 -0.130622
v 0.009065 0.048874 -0.130622
v 0.009065 0.048874 -0.130622
v 0.009065 0.048874 -0.130622
v 0.009065 0.048874 -0.130622
v 0.009065 0.048874 -0.130622
v 0.009361 0.044828 -0.136112
v 0.009361 0.044828 -0.136112
v 0.009361 0.044828 -0.136112
v 0.009361 0.044828 -0.136112
v 0.009361 0.044828 -0.136112
v 0.009361 0.044828 -0.136112
v 0.013607 0.047459 -0.130662
v 0.013607 0.047459 -0.130662
v 0.013607 0.047459 -0.130662
v 0.013607 0.047459 -0.130662
v 0.013607 0.047459 -0.130662
v 0.013607 0.047459 -0.130662
v 0.013607 0.047459 -0.130662
v 0.013607 0.047459 -0.130662
v 0.013607 0.047459 -0.130662
v 0.013607 0.047459 -0.130662
v 0.013607 0.047459 -0.130662
v 0.012437 0.043950 -0.136241
v 0.012437 0.043950 -0.136241
v 0.012437 0.043950 -0.136241
v 0.012437 0.043950 -0.136241
v 0.012937 0.043807 -0.136262
v 0.012937 0.043807 -0.136262
v 0.012937 0.043807 -0.136262
v 0.012937 0.043807 -0.136262
v 0.012937 0.043807 -0.136262
v 0.012937 0.043807 -0.136262
v 0.007888 0.069319 -0.105297
v 0.007888 0.069319 -0.105297
v 0.007888 0.069319 -0.105297
v 0.007888 0.069319 -0.105297
v 0.007465 0.071942 -0.101426
v 0.007465 0.071942 -0.101426
v 0.007465 0.071942 -0.101426
v 0.007465 0.071942 -0.101426
v 0.007465 0.071942 -0.101426
v 0.007465 0.071942 -0.101426
v 0.011913 0.068284 -0.105788
v 0.011913 0.068284 -0.105788
v 0.011913 0.068284 -0.105788
v 0.011913 0.068284 -0.105788
v 0.011913 0.068284 -0.105788
v 0.011913 0.068284 -0.105788
v 0.011913 0.068284 -0.105788
v 0.011913 0.068284 -0.105788
v 0.011913 0.068284 -0.105788
v 0.007260 0.073056 -0.099346
v 0.007260 0.073056 -0.099346
v 0.007260 0.073056 -0.099346
v 0.007260 0.073056 -0.099346
v 0.007260 0.073056 -0.099346
v 0.007232 0.073207 -0.099064
v 0.007232 0.073207 -0.099064
v 0.007232 0.073207 -0.099064
v 0.007232 0.073207 -0.099064
v 0.007232 0.073207 -0.099064
v 0.006613 0.076572 -0.092777
v 0.006613 0.076572 -0.092777
v 0.006613 0.076572 -0.092777
v 0.006613 0.076572 -0.092777
v 0.006613 0.076572 -0.092777
v 0.006613 0.076572 -0.092777
v 0.005100 0.084181 -0.069389
v 0.005100 0.084181 -0.069389
v 0.005100 0.084181 -0.069389
v 0.005100 0.084181 -0.069389
v 0.005100 0.084181 -0.069389
v 0.005458 0.082433 -0.076196
v 0.005458 0.082433 -0.076196
v 0.005458 0.082433 -0.076196
v 0.005458 0.082433 -0.076196
v 0.005458 0.082433 -0.076196
v 0.005469 0.082382 -0.076396
v 0.005469 0.082382 -0.076396
v 0.005469 0.082382 -0.076396
v 0.005469 0.082382 -0.076396
v 0.005469 0.082382 -0.076396
v 0.005469 0.082382 -0.076396
v 0.005469 0.082382 -0.076396
v 0.005062 0.084353 -0.068018
v 0.005062 0.084353 -0.068018
v 0.005062 0.084353 -0.068018
v 0.005062 0.084353 -0.068018
v 0.005058 0.084372 -0.067867
v 0.005058 0.084372 -0.067867
v 0.005058 0.084372 -0.067867
v 0.005058 0.084372 -0.067867
v 0.005058 0.084372 -0.067867
v 0.005058 0.084372 -0.067867
v 0.004836 0.085387 -0.059774
v 0.004836 0.085387 -0.059774
v 0.004836 0.085387 -0.059774
v 0.004836 0.085387 -0.059774
v 0.004836 0.085387 -0.059774
v 0.004836 0.085387 -0.059774
v 0.005750 0.081013 -0.081728
v 0.005750 0.081013 -0.081728
v 0.005750 0.081013 -0.081728
v 0.005750 0.081013 -0.081728
v 0.005750 0.081013 -0.081728
v 0.005956 0.079954 -0.084362
v 0.005956 0.079954 -0.084362
v 0.005956 0.079954 -0.084362
v 0.005956 0.079954 -0.084362
v 0.005974 0.079859 -0.084598
v 0.005974 0.079859 -0.084598
v 0.005974 0.079859 -0.084598
v 0.005974 0.079859 -0.084598
v 0.005974 0.079859 -0.084598
v 0.005974 0.079859 -0.084598
v 0.006579 0.076746 -0.092344
v 0.006579 0.076746 -0.092344
v 0.006579 0.076746 -0.092344
v 0.006579 0.076746 -0.092344
v 0.006558 0.076855 -0.092073
v 0.006558 0.076855 -0.092073
v 0.006558 0.076855 -0.092073
v 0.006558 0.076855 -0.092073
v 0.006558 0.076855 -0.092073
v 0.006558 0.076855 -0.092073
v 0.014130 0.053031 -0.124105
v 0.014130 0.053031 -0.124105
v 0.014130 0.053031 -0.124105
v 0.014130 0.053031 -0.124105
v 0.014130 0.053031 -0.124105
v 0.014130 0.053031 -0.124105
v 0.014130 0.053031 -0.124105
v 0.014130 0.053031 -0.124105
v 0.014450 0.043195 -0.136352
v 0.014450 0.043195 -0.136352
v 0.014450 0.043195 -0.136352
v 0.014450 0.043195 -0.136352
v 0.009350 0.054654 -0.123806
v 0.009350 0.054654 -0.123806
v 0.009350 0.054654 -0.123806
v 0.009350 0.054654 -0.123806
v 0.009395 0.056934 -0.121241
v 0.009395 0.056934 -0.121241
v 0.009395 0.056934 -0.121241
v 0.009395 0.056934 -0.121241
v 0.009395 0.056934 -0.121241
v 0.009395 0.056934 -0.121241
v 0.013497 0.060247 -0.116126
v 0.013497 0.060247 -0.116126
v 0.013497 0.060247 -0.116126
v 0.013497 0.060247 -0.116126
v 0.013497 0.060247 -0.116126
v 0.013497 0.060247 -0.116126
v 0.013497 0.060247 -0.116126
v 0.013497 0.060247 -0.116126
v 0.013497 0.060247 -0.116126
v 0.008947 0.061376 -0.115962
v 0.008947 0.061376 -0.115962
v 0.008947 0.061376 -0.115962
v 0.008947 0.061376 -0.115962
v 0.008947 0.061376 -0.115962
v 0.009101 0.049056 -0.130358
v 0.009101 0.049056 -0.130358
v 0.009101 0.049056 -0.130358
v 0.009101 0.049056 -0.130358
v 0.009101 0.049056 -0.130358
v 0.009255 0.049832 -0.129231
v 0.009255 0.049832 -0.129231
v 0.009255 0.049832 -0.129231
v 0.009255 0.049832 -0.129231
v 0.009255 0.049832 -0.129231
v 0.009255 0.049832 -0.129231
v 0.009346 0.054425 -0.124064
v 0.009346 0.054425 -0.124064
v 0.009346 0.054425 -0.124064
v 0.009346 0.054425 -0.124064
v 0.004833 0.085399 -0.059679
v 0.004833 0.085399 -0.059679
v 0.004833 0.085399 -0.059679
v 0.004833 0.085399 -0.059679
v 0.004768 0.085697 -0.057298
v 0.004768 0.085697 -0.057298
v 0.004768 0.085697 -0.057298
v 0.004768 0.085697 -0.057298
v 0.004768 0.085697 -0.057298
v 0.004735 0.085837 -0.052281
v 0.004735 0.085837 -0.052281
v 0.004735 0.085837 -0.052281
v 0.004735 0.085837 -0.052281
v 0.004735 0.085837 -0.052281
v 0.004735 0.085837 -0.052281
v 0.004735 0.085837 -0.052281
v 0.008924 0.061603 -0.115692
v 0.008924 0.061603 -0.115692
v 0.008924 0.061603 -0.115692
v 0.008924 0.061603 -0.115692
v 0.008576 0.065057 -0.111587
v 0.008576 0.065057 -0.111587
v 0.008576 0.065057 -0.111587
v 0.008576 0.065057 -0.111587
v 0.008576 0.065057 -0.111587
v 0.008576 0.065057 -0.111587
v 0.007919 0.069130 -0.105577
v 0.007919 0.069130 -0.105577
v 0.007919 0.069130 -0.105577
v 0.007919 0.069130 -0.105577
v 0.007919 0.069130 -0.105577
v 0.004110 0.045820 -0.135966
v 0.004110 0.045820 -0.135966
v 0.004110 0.045820 -0.135966
v 0.004110 0.045820 -0.135966
v 0.004110 0.045820 -0.135966
v 0.004100 0.045821 -0.135965
v 0.004100 0.045821 -0.135965
v 0.004100 0.045821 -0.135965
v 0.004100 0.045821 -0.135965
v 0.004100 0.045821 -0.135965
v 0.004500 0.049522 -0.130562
v 0.004500 0.049522 -0.130562
v 0.004500 0.049522 -0.130562
v 0.004500 0.049522 -0.130562
v 0.004500 0.049522 -0.130562
v 0.004500 0.049522 -0.130562
v 0.004500 0.049522 -0.130562
v 0.004500 0.049522 -0.130562
v 0.004503 0.049790 -0.130258
v 0.004503 0.049790 -0.130258
v 0.004503 0.049790 -0.130258
v 0.004503 0.049790 -0.130258
v 0.004503 0.049790 -0.130258
v 0.004503 0.049790 -0.130258
v 0.004503 0.049790 -0.130258
v 0.004560 0.055496 -0.123777
v 0.004560 0.055496 -0.123777
v 0.004560 0.055496 -0.123777
v 0.004560 0.055496 -0.123777
v 0.004560 0.055496 -0.123777
v 0.004560 0.055496 -0.123777
v 0.004560 0.055496 -0.123777
v 0.004560 0.055496 -0.123777
v 0.004560 0.055496 -0.123777
v 0.004390 0.062388 -0.115666
v 0.004390 0.062388 -0.115666
v 0.004390 0.062388 -0.115666
v 0.004390 0.062388 -0.115666
v 0.004390 0.062388 -0.115666
v 0.004390 0.062388 -0.115666
v 0.004390 0.062388 -0.115666
v 0.004390 0.062388 -0.115666
v 0.004594 0.058830 -0.119991
v 0.004594 0.058830 -0.119991
v 0.004594 0.058830 -0.119991
v 0.004594 0.058830 -0.119991
v 0.004594 0.058830 -0.119991
v 0.004594 0.058830 -0.119991
v 0.003828 0.069932 -0.105235
v 0.003828 0.069932 -0.105235
v 0.003828 0.069932 -0.105235
v 0.003828 0.069932 -0.105235
v 0.003828 0.069932 -0.105235
v 0.003828 0.069932 -0.105235
v 0.003828 0.069932 -0.105235
v 0.003828 0.069932 -0.105235
v 0.004221 0.065352 -0.112064
v 0.004221 0.065352 -0.112064
v 0.004221 0.065352 -0.112064
v 0.004221 0.065352 -0.112064
v 0.004221 0.065352 -0.112064
v 0.004221 0.065352 -0.112064
v 0.004221 0.065352 -0.112064
v 0.003487 0.073659 -0.098957
v 0.003487 0.073659 -0.098957
v 0.003487 0.073659 -0.098957
v 0.003487 0.073659 -0.098957
v 0.003487 0.073659 -0.098957
v 0.003487 0.073659 -0.098957
v 0.003487 0.073659 -0.098957
v 0.003487 0.073659 -0.098957
v 0.003487 0.073659 -0.098957
v 0.003640 0.072120 -0.101973
v 0.003640 0.072120 -0.101973
v 0.003640 0.072120 -0.101973
v 0.003640 0.072120 -0.101973
v 0.003640 0.072120 -0.101973
v 0.003640 0.072120 -0.101973
v 0.003131 0.077229 -0.091962
v 0.003131 0.077229 -0.091962
v 0.003131 0.077229 -0.091962
v 0.003131 0.077229 -0.091962
v 0.003131 0.077229 -0.091962
v 0.003131 0.077229 -0.091962
v 0.003131 0.077229 -0.091962
v 0.003131 0.077229 -0.091962
v 0.002819 0.080221 -0.084262
v 0.002819 0.080221 -0.084262
v 0.002819 0.080221 -0.084262
v 0.002819 0.080221 -0.084262
v 0.002819 0.080221 -0.084262
v 0.002819 0.080221 -0.084262
v 0.002819 0.080221 -0.084262
v 0.002819 0.080221 -0.084262
v 0.002819 0.080221 -0.084262
v 0.002819 0.080221 -0.084262
v 0.003058 0.077968 -0.090516
v 0.003058 0.077968 -0.090516
v 0.003058 0.077968 -0.090516
v 0.003058 0.077968 -0.090516
v 0.003058 0.077968 -0.090516
v 0.002624 0.082056 -0.079172
v 0.002624 0.082056 -0.079172
v 0.002624 0.082056 -0.079172
v 0.002624 0.082056 -0.079172
v 0.002624 0.082056 -0.079172
v 0.002624 0.082056 -0.079172
v 0.002549 0.082721 -0.076137
v 0.002549 0.082721 -0.076137
v 0.002549 0.082721 -0.076137
v 0.002549 0.082721 -0.076137
v 0.002549 0.082721 -0.076137
v 0.002549 0.082721 -0.076137
v 0.002549 0.082721 -0.076137
v 0.002343 0.084550 -0.067795
v 0.002343 0.084550 -0.067795
v 0.002343 0.084550 -0.067795
v 0.002343 0.084550 -0.067795
v 0.002343 0.084550 -0.067795
v 0.002343 0.084550 -0.067795
v 0.002343 0.084550 -0.067795
v 0.002343 0.084550 -0.067795
v 0.002343 0.084550 -0.067795
v 0.002233 0.085480 -0.059632
v 0.002233 0.085480 -0.059632
v 0.002233 0.085480 -0.059632
v 0.002233 0.085480 -0.059632
v 0.002233 0.085480 -0.059632
v 0.002233 0.085480 -0.059632
v 0.002233 0.085480 -0.059632
v 0.002233 0.085480 -0.059632
v 0.002233 0.085480 -0.059632
v 0.002314 0.084813 -0.066595
v 0.002314 0.084813 -0.066595
v 0.002314 0.084813 -0.066595
v 0.002314 0.084813 -0.066595
v 0.002314 0.084813 -0.066595
v 0.002314 0.084813 -0.066595
v 0.002174 0.085964 -0.054582
v 0.002174 0.085964 -0.054582
v 0.002174 0.085964 -0.054582
v 0.002174 0.085964 -0.054582
v 0.002174 0.085964 -0.054582
v 0.002174 0.085964 -0.054582
v 0.002174 0.085964 -0.054582
v -0.000327 0.077306 -0.092230
v -0.000327 0.077306 -0.092230
v -0.000327 0.077306 -0.092230
v -0.000327 0.077306 -0.092230
v -0.000328 0.077418 -0.091962
v -0.000328 0.077418 -0.091962
v -0.000328 0.077418 -0.091962
v -0.000328 0.077418 -0.091962
v -0.000328 0.077418 -0.091962
v -0.000328 0.077418 -0.091962
v -0.000382 0.085627 -0.059627
v -0.000382 0.085627 -0.059627
v -0.000382 0.085627 -0.059627
v -0.000382 0.085627 -0.059627
v -0.000382 0.085627 -0.059627
v -0.000384 0.085858 -0.057235
v -0.000384 0.085858 -0.057235
v -0.000384 0.085858 -0.057235
v -0.000384 0.085858 -0.057235
v -0.000384 0.085858 -0.057235
v -0.000386 0.086143 -0.048441
v -0.000386 0.086143 -0.048441
v -0.000386 0.086143 -0.048441
v -0.000386 0.086143 -0.048441
v -0.000386 0.086143 -0.048441
v -0.000386 0.086143 -0.048441
v -0.000371 0.083934 -0.071854
v -0.000371 0.083934 -0.071854
v -0.000371 0.083934 -0.071854
v -0.000371 0.083934 -0.071854
v -0.000371 0.083934 -0.071854
v -0.000375 0.084588 -0.067928
v -0.000375 0.084588 -0.067928
v -0.000375 0.084588 -0.067928
v -0.000375 0.084588 -0.067928
v -0.000375 0.084613 -0.067778
v -0.000375 0.084613 -0.067778
v -0.000375 0.084613 -0.067778
v -0.000375 0.084613 -0.067778
v -0.000375 0.084613 -0.067778
v -0.000379 0.085154 -0.064533
v -0.000379 0.085154 -0.064533
v -0.000379 0.085154 -0.064533
v -0.000379 0.085154 -0.064533
v -0.000379 0.085154 -0.064533
v -0.000379 0.085154 -0.064533
v -0.000382 0.085618 -0.059721
v -0.000382 0.085618 -0.059721
v -0.000382 0.085618 -0.059721
v -0.000382 0.085618 -0.059721
v -0.000364 0.082886 -0.076128
v -0.000364 0.082886 -0.076128
v -0.000364 0.082886 -0.076128
v -0.000364 0.082886 -0.076128
v -0.000364 0.082886 -0.076128
v -0.000364 0.082837 -0.076327
v -0.000364 0.082837 -0.076327
v -0.000364 0.082837 -0.076327
v -0.000364 0.082837 -0.076327
v -0.000364 0.082837 -0.076327
v -0.000359 0.082134 -0.079194
v -0.000359 0.082134 -0.079194
v -0.000359 0.082134 -0.079194
v -0.000359 0.082134 -0.079194
v -0.000359 0.082134 -0.079194
v -0.000348 0.080445 -0.084278
v -0.000348 0.080445 -0.084278
v -0.000348 0.080445 -0.084278
v -0.000348 0.080445 -0.084278
v -0.000348 0.080445 -0.084278
v -0.000347 0.080365 -0.084518
v -0.000347 0.080365 -0.084518
v -0.000347 0.080365 -0.084518
v -0.000347 0.080365 -0.084518
v -0.000343 0.079665 -0.086626
v -0.000343 0.079665 -0.086626
v -0.000343 0.079665 -0.086626
v -0.000343 0.079665 -0.086626
v -0.000343 0.079665 -0.086626
v -0.000325 0.076891 -0.093215
v -0.000325 0.076891 -0.093215
v -0.000325 0.076891 -0.093215
v -0.000325 0.076891 -0.093215
v -0.000325 0.076891 -0.093215
v -0.000325 0.076891 -0.093215
v -0.000305 0.073954 -0.098995
v -0.000305 0.073954 -0.098995
v -0.000305 0.073954 -0.098995
v -0.000305 0.073954 -0.098995
v -0.000281 0.070247 -0.105289
v -0.000281 0.070247 -0.105289
v -0.000281 0.070247 -0.105289
v -0.000281 0.070247 -0.105289
v -0.000281 0.070247 -0.105289
v -0.000303 0.073576 -0.099738
v -0.000303 0.073576 -0.099738
v -0.000303 0.073576 -0.099738
v -0.000303 0.073576 -0.099738
v -0.000303 0.073576 -0.099738
v -0.000303 0.073576 -0.099738
v -0.000304 0.073810 -0.099278
v -0.000304 0.073810 -0.099278
v -0.000304 0.073810 -0.099278
v -0.000304 0.073810 -0.099278
v -0.000233 0.062685 -0.115684
v -0.000233 0.062685 -0.115684
v -0.000233 0.062685 -0.115684
v -0.000233 0.062685 -0.115684
v -0.000233 0.062685 -0.115684
v -0.000250 0.065551 -0.112120
v -0.000250 0.065551 -0.112120
v -0.000250 0.065551 -0.112120
v -0.000250 0.065551 -0.112120
v -0.000278 0.069777 -0.106072
v -0.000278 0.069777 -0.106072
v -0.000278 0.069777 -0.106072
v -0.000278 0.069777 -0.106072
v -0.000278 0.069777 -0.106072
v -0.000278 0.069777 -0.106072
v -0.000280 0.070074 -0.105577
v -0.000280 0.070074 -0.105577
v -0.000280 0.070074 -0.105577
v -0.000280 0.070074 -0.105577
v -0.000185 0.052573 -0.127263
v -0.000185 0.052573 -0.127263
v -0.000185 0.052573 -0.127263
v -0.000185 0.052573 -0.127263
v -0.000185 0.052573 -0.127263
v -0.000185 0.052573 -0.127263
v -0.000198 0.055503 -0.123980
v -0.000198 0.055503 -0.123980
v -0.000198 0.055503 -0.123980
v -0.000198 0.055503 -0.123980
v -0.000199 0.055732 -0.123724
v -0.000199 0.055732 -0.123724
v -0.000199 0.055732 -0.123724
v -0.000199 0.055732 -0.123724
v -0.000199 0.055732 -0.123724
v -0.000221 0.060656 -0.118207
v -0.000221 0.060656 -0.118207
v -0.000221 0.060656 -0.118207
v -0.000221 0.060656 -0.118207
v -0.000221 0.060656 -0.118207
v -0.000221 0.060656 -0.118207
v -0.000232 0.062466 -0.115957
v -0.000232 0.062466 -0.115957
v -0.000232 0.062466 -0.115957
v -0.000232 0.062466 -0.115957
v -0.000175 0.046055 -0.135931
v -0.000175 0.046055 -0.135931
v -0.000175 0.046055 -0.135931
v -0.000175 0.046055 -0.135931
v -0.000175 0.046055 -0.135931
v -0.000176 0.048847 -0.131767
v -0.000176 0.048847 -0.131767
v -0.000176 0.048847 -0.131767
v -0.000176 0.048847 -0.131767
v -0.000176 0.048847 -0.131767
v -0.000179 0.049885 -0.130512
v -0.000179 0.049885 -0.130512
v -0.000179 0.049885 -0.130512
v -0.000179 0.049885 -0.130512
v -0.000179 0.049885 -0.130512
v -0.000179 0.050091 -0.130263
v -0.000179 0.050091 -0.130263
v -0.000179 0.050091 -0.130263
v -0.000179 0.050091 -0.130263
v -0.020833 0.080248 -0.073459
v -0.020833 0.080248 -0.073459
v -0.020833 0.080248 -0.073459
v -0.020833 0.080248 -0.073459
v -0.020833 0.080248 -0.073459
v -0.020833 0.080248 -0.073459
v -0.020833 0.080248 -0.073459
v -0.020345 0.081518 -0.069108
v -0.020345 0.081518 -0.069108
v -0.020345 0.081518 -0.069108
v -0.020345 0.081518 -0.069108
v -0.020345 0.081518 -0.069108
v -0.020345 0.081518 -0.069108
v -0.020345 0.081518 -0.069108
v -0.017123 0.082480 -0.068776
v -0.017123 0.082480 -0.068776
v -0.017123 0.082480 -0.068776
v -0.017123 0.082480 -0.068776
v -0.017123 0.082480 -0.068776
v -0.017123 0.082480 -0.068776
v -0.026488 0.065176 -0.100746
v -0.026488 0.065176 -0.100746
v -0.026488 0.065176 -0.100746
v -0.026488 0.065176 -0.100746
v -0.026488 0.065176 -0.100746
v -0.026488 0.065176 -0.100746
v -0.024614 0.070253 -0.093802
v -0.024614 0.070253 -0.093802
v -0.024614 0.070253 -0.093802
v -0.024614 0.070253 -0.093802
v -0.024614 0.070253 -0.093802
v -0.024614 0.070253 -0.093802
v -0.021018 0.072325 -0.093382
v -0.021018 0.072325 -0.093382
v -0.021018 0.072325 -0.093382
v -0.021018 0.072325 -0.093382
v -0.021018 0.072325 -0.093382
v -0.021018 0.072325 -0.093382
v -0.002480 0.086123 -0.046224
v -0.002480 0.086123 -0.046224
v -0.002480 0.086123 -0.046224
v -0.002480 0.086123 -0.046224
v -0.002480 0.086123 -0.046224
v -0.002480 0.086123 -0.046224
v -0.021783 0.039623 -0.136879
v -0.021783 0.039623 -0.136879
v -0.021783 0.039623 -0.136879
v -0.021783 0.039623 -0.136879
v -0.021783 0.039623 -0.136879
v -0.021783 0.039623 -0.136879
v -0.024920 0.037341 -0.137215
v -0.024920 0.037341 -0.137215
v -0.024920 0.037341 -0.137215
v -0.024920 0.037341 -0.137215
v -0.025976 0.038391 -0.134464
v -0.025976 0.038391 -0.134464
v -0.025976 0.038391 -0.134464
v -0.025976 0.038391 -0.134464
v -0.025976 0.038391 -0.134464
v -0.025976 0.038391 -0.134464
v -0.025976 0.038391 -0.134464
v -0.025976 0.038391 -0.134464
v -0.033090 0.028929 -0.138457
v -0.033090 0.028929 -0.138457
v -0.033090 0.028929 -0.138457
v -0.033090 0.028929 -0.138457
v -0.033090 0.028929 -0.138457
v -0.035477 0.025478 -0.138967
v -0.035477 0.025478 -0.138967
v -0.035477 0.025478 -0.138967
v -0.035477 0.025478 -0.138967
v -0.035477 0.025478 -0.138967
v -0.036493 0.025812 -0.135872
v -0.036493 0.025812 -0.135872
v -0.036493 0.025812 -0.135872
v -0.036493 0.025812 -0.135872
v -0.036493 0.025812 -0.135872
v -0.032443 0.029840 -0.138322
v -0.032443 0.029840 -0.138322
v -0.032443 0.029840 -0.138322
v -0.032443 0.029840 -0.138322
v -0.032443 0.029840 -0.138322
v -0.032521 0.029751 -0.138335
v -0.032521 0.029751 -0.138335
v -0.032521 0.029751 -0.138335
v -0.032521 0.029751 -0.138335
v -0.033548 0.030371 -0.135350
v -0.033548 0.030371 -0.135350
v -0.033548 0.030371 -0.135350
v -0.033548 0.030371 -0.135350
v -0.033548 0.030371 -0.135350
v -0.033548 0.030371 -0.135350
v -0.033548 0.030371 -0.135350
v -0.033548 0.030371 -0.135350
v -0.033548 0.030371 -0.135350
v -0.033548 0.030371 -0.135350
v -0.029661 0.033020 -0.137853
v -0.029661 0.033020 -0.137853
v -0.029661 0.033020 -0.137853
v -0.029661 0.033020 -0.137853
v -0.029661 0.033020 -0.137853
v -0.030030 0.034615 -0.134881
v -0.030030 0.034615 -0.134881
v -0.030030 0.034615 -0.134881
v -0.030030 0.034615 -0.134881
v -0.030030 0.034615 -0.134881
v -0.030030 0.034615 -0.134881
v -0.030030 0.034615 -0.134881
v -0.030030 0.034615 -0.134881
v -0.029132 0.033625 -0.137763
v -0.029132 0.033625 -0.137763
v -0.029132 0.033625 -0.137763
v -0.029132 0.033625 -0.137763
v -0.025609 0.036840 -0.137289
v -0.025609 0.036840 -0.137289
v -0.025609 0.036840 -0.137289
v -0.025609 0.036840 -0.137289
v -0.025777 0.036687 -0.137312
v -0.025777 0.036687 -0.137312
v -0.025777 0.036687 -0.137312
v -0.025777 0.036687 -0.137312
v -0.025777 0.036687 -0.137312
v -0.028916 0.033822 -0.137734
v -0.028916 0.033822 -0.137734
v -0.028916 0.033822 -0.137734
v -0.028916 0.033822 -0.137734
v -0.028916 0.033822 -0.137734
v -0.021444 0.041615 -0.134104
v -0.021444 0.041615 -0.134104
v -0.021444 0.041615 -0.134104
v -0.021444 0.041615 -0.134104
v -0.021444 0.041615 -0.134104
v -0.021444 0.041615 -0.134104
v -0.021444 0.041615 -0.134104
v -0.021444 0.041615 -0.134104
v -0.020516 0.040342 -0.136773
v -0.020516 0.040342 -0.136773
v -0.020516 0.040342 -0.136773
v -0.020516 0.040342 -0.136773
v -0.021445 0.039814 -0.136850
v -0.021445 0.039814 -0.136850
v -0.021445 0.039814 -0.136850
v -0.021445 0.039814 -0.136850
v -0.013194 0.043832 -0.136258
v -0.013194 0.043832 -0.136258
v -0.013194 0.043832 -0.136258
v -0.013194 0.043832 -0.136258
v -0.013194 0.043832 -0.136258
v -0.013194 0.043832 -0.136258
v -0.015758 0.042751 -0.136418
v -0.015758 0.042751 -0.136418
v -0.015758 0.042751 -0.136418
v -0.015758 0.042751 -0.136418
v -0.016504 0.044212 -0.133811
v -0.016504 0.044212 -0.133811
v -0.016504 0.044212 -0.133811
v -0.016504 0.044212 -0.133811
v -0.016504 0.044212 -0.133811
v -0.016504 0.044212 -0.133811
v -0.016504 0.044212 -0.133811
v -0.016504 0.044212 -0.133811
v -0.016737 0.042338 -0.136478
v -0.016737 0.042338 -0.136478
v -0.016737 0.042338 -0.136478
v -0.016737 0.042338 -0.136478
v -0.017775 0.041900 -0.136543
v -0.017775 0.041900 -0.136543
v -0.017775 0.041900 -0.136543
v -0.017775 0.041900 -0.136543
v -0.017775 0.041900 -0.136543
v -0.017775 0.041900 -0.136543
v -0.004085 0.045859 -0.135960
v -0.004085 0.045859 -0.135960
v -0.004085 0.045859 -0.135960
v -0.004085 0.045859 -0.135960
v -0.004085 0.045859 -0.135960
v -0.005502 0.045631 -0.135993
v -0.005502 0.045631 -0.135993
v -0.005502 0.045631 -0.135993
v -0.005502 0.045631 -0.135993
v -0.006026 0.049445 -0.130525
v -0.006026 0.049445 -0.130525
v -0.006026 0.049445 -0.130525
v -0.006026 0.049445 -0.130525
v -0.006026 0.049445 -0.130525
v -0.006026 0.049445 -0.130525
v -0.006026 0.049445 -0.130525
v -0.006026 0.049445 -0.130525
v -0.006026 0.049445 -0.130525
v -0.006026 0.049445 -0.130525
v -0.006026 0.049445 -0.130525
v -0.006547 0.045463 -0.136018
v -0.006547 0.045463 -0.136018
v -0.006547 0.045463 -0.136018
v -0.006547 0.045463 -0.136018
v -0.006547 0.045463 -0.136018
v -0.008677 0.045120 -0.136068
v -0.008677 0.045120 -0.136068
v -0.008677 0.045120 -0.136068
v -0.008677 0.045120 -0.136068
v -0.008677 0.045120 -0.136068
v -0.008677 0.045120 -0.136068
v -0.010729 0.044535 -0.136155
v -0.010729 0.044535 -0.136155
v -0.010729 0.044535 -0.136155
v -0.010729 0.044535 -0.136155
v -0.011245 0.046114 -0.133593
v -0.011245 0.046114 -0.133593
v -0.011245 0.046114 -0.133593
v -0.011245 0.046114 -0.133593
v -0.011245 0.046114 -0.133593
v -0.011245 0.046114 -0.133593
v -0.011747 0.044244 -0.136197
v -0.011747 0.044244 -0.136197
v -0.011747 0.044244 -0.136197
v -0.011747 0.044244 -0.136197
v -0.001233 0.046002 -0.135939
v -0.001233 0.046002 -0.135939
v -0.001233 0.046002 -0.135939
v -0.001233 0.046002 -0.135939
v -0.001233 0.046002 -0.135939
v -0.006280 0.055109 -0.124034
v -0.006280 0.055109 -0.124034
v -0.006280 0.055109 -0.124034
v -0.006280 0.055109 -0.124034
v -0.006280 0.055109 -0.124034
v -0.006280 0.055109 -0.124034
v -0.006280 0.055109 -0.124034
v -0.006280 0.055109 -0.124034
v -0.006057 0.062146 -0.116041
v -0.006057 0.062146 -0.116041
v -0.006057 0.062146 -0.116041
v -0.006057 0.062146 -0.116041
v -0.006057 0.062146 -0.116041
v -0.006057 0.062146 -0.116041
v -0.006057 0.062146 -0.116041
v -0.006057 0.062146 -0.116041
v -0.006057 0.062146 -0.116041
v -0.005438 0.069801 -0.105642
v -0.005438 0.069801 -0.105642
v -0.005438 0.069801 -0.105642
v -0.005438 0.069801 -0.105642
v -0.005438 0.069801 -0.105642
v -0.005438 0.069801 -0.105642
v -0.005438 0.069801 -0.105642
v -0.005051 0.073580 -0.099343
v -0.005051 0.073580 -0.099343
v -0.005051 0.073580 -0.099343
v -0.005051 0.073580 -0.099343
v -0.005051 0.073580 -0.099343
v -0.005051 0.073580 -0.099343
v -0.005051 0.073580 -0.099343
v -0.005051 0.073580 -0.099343
v -0.004660 0.077136 -0.092300
v -0.004660 0.077136 -0.092300
v -0.004660 0.077136 -0.092300
v -0.004660 0.077136 -0.092300
v -0.004660 0.077136 -0.092300
v -0.004660 0.077136 -0.092300
v -0.004660 0.077136 -0.092300
v -0.004660 0.077136 -0.092300
v -0.004297 0.080272 -0.084592
v -0.004297 0.080272 -0.084592
v -0.004297 0.080272 -0.084592
v -0.004297 0.080272 -0.084592
v -0.004297 0.080272 -0.084592
v -0.004297 0.080272 -0.084592
v -0.004297 0.080272 -0.084592
v -0.004297 0.080272 -0.084592
v -0.003994 0.082790 -0.076390
v -0.003994 0.082790 -0.076390
v -0.003994 0.082790 -0.076390
v -0.003994 0.082790 -0.076390
v -0.003994 0.082790 -0.076390
v -0.003994 0.082790 -0.076390
v -0.003994 0.082790 -0.076390
v -0.003994 0.082790 -0.076390
v -0.007152 0.084309 -0.068082
v -0.007152 0.084309 -0.068082
v -0.007152 0.084309 -0.068082
v -0.007152 0.084309 -0.068082
v -0.007152 0.084309 -0.068082
v -0.007152 0.084309 -0.068082
v -0.007152 0.084309 -0.068082
v -0.007152 0.084309 -0.068082
v -0.006875 0.085406 -0.059823
v -0.006875 0.085406 -0.059823
v -0.006875 0.085406 -0.059823
v -0.006875 0.085406 -0.059823
v -0.006875 0.085406 -0.059823
v -0.006875 0.085406 -0.059823
v -0.006875 0.085406 -0.059823
v -0.006875 0.085406 -0.059823
v -0.006875 0.085406 -0.059823
v -0.006755 0.085855 -0.052299
v -0.006755 0.085855 -0.052299
v -0.006755 0.085855 -0.052299
v -0.006755 0.085855 -0.052299
v -0.006755 0.085855 -0.052299
v -0.006755 0.085855 -0.052299
v -0.006755 0.085855 -0.052299
v -0.006721 0.085750 -0.046224
v -0.006721 0.085750 -0.046224
v -0.006721 0.085750 -0.046224
v -0.006721 0.085750 -0.046224
v -0.006721 0.085750 -0.046224
v -0.006721 0.085750 -0.046224
v -0.005398 0.085866 -0.046224
v -0.005398 0.085866 -0.046224
v -0.005398 0.085866 -0.046224
v -0.005398 0.085866 -0.046224
v -0.022879 0.074864 -0.086094
v -0.022879 0.074864 -0.086094
v -0.022879 0.074864 -0.086094
v -0.022879 0.074864 -0.086094
v -0.022879 0.074864 -0.086094
v -0.022879 0.074864 -0.086094
v -0.019434 0.076509 -0.085665
v -0.019434 0.076509 -0.085665
v -0.019434 0.076509 -0.085665
v -0.019434 0.076509 -0.085665
v -0.019434 0.076509 -0.085665
v -0.019434 0.076509 -0.085665
v -0.031754 0.056570 -0.107216
v -0.031754 0.056570 -0.107216
v -0.031754 0.056570 -0.107216
v -0.031754 0.056570 -0.107216
v -0.031754 0.056570 -0.107216
v -0.031754 0.056570 -0.107216
v -0.031754 0.056570 -0.107216
v -0.029845 0.062334 -0.101150
v -0.029845 0.062334 -0.101150
v -0.029845 0.062334 -0.101150
v -0.029845 0.062334 -0.101150
v -0.029845 0.062334 -0.101150
v -0.029845 0.062334 -0.101150
v -0.029845 0.062334 -0.101150
v -0.029845 0.062334 -0.101150
v -0.032809 0.058992 -0.101816
v -0.032809 0.058992 -0.101816
v -0.032809 0.058992 -0.101816
v -0.032809 0.058992 -0.101816
v -0.032809 0.058992 -0.101816
v -0.034500 0.053117 -0.107175
v -0.034500 0.053117 -0.107175
v -0.034500 0.053117 -0.107175
v -0.034500 0.053117 -0.107175
v -0.034500 0.053117 -0.107175
v -0.034585 0.052820 -0.107446
v -0.034585 0.052820 -0.107446
v -0.034585 0.052820 -0.107446
v -0.034585 0.052820 -0.107446
v -0.035714 0.048897 -0.111025
v -0.035714 0.048897 -0.111025
v -0.035714 0.048897 -0.111025
v -0.035714 0.048897 -0.111025
v -0.035714 0.048897 -0.111025
v -0.035714 0.048897 -0.111025
v -0.030796 0.065467 -0.094425
v -0.030796 0.065467 -0.094425
v -0.030796 0.065467 -0.094425
v -0.030796 0.065467 -0.094425
v -0.030496 0.066431 -0.093325
v -0.030496 0.066431 -0.093325
v -0.030496 0.066431 -0.093325
v -0.030496 0.066431 -0.093325
v -0.030496 0.066431 -0.093325
v -0.027908 0.067902 -0.094255
v -0.027908 0.067902 -0.094255
v -0.027908 0.067902 -0.094255
v -0.027908 0.067902 -0.094255
v -0.027908 0.067902 -0.094255
v -0.027908 0.067902 -0.094255
v -0.027908 0.067902 -0.094255
v -0.026113 0.072978 -0.086562
v -0.026113 0.072978 -0.086562
v -0.026113 0.072978 -0.086562
v -0.026113 0.072978 -0.086562
v -0.026113 0.072978 -0.086562
v -0.026113 0.072978 -0.086562
v -0.026113 0.072978 -0.086562
v -0.026113 0.072978 -0.086562
v -0.026113 0.072978 -0.086562
v -0.029137 0.070752 -0.086974
v -0.029137 0.070752 -0.086974
v -0.029137 0.070752 -0.086974
v -0.029137 0.070752 -0.086974
v -0.029137 0.070752 -0.086974
v -0.032740 0.059211 -0.101565
v -0.032740 0.059211 -0.101565
v -0.032740 0.059211 -0.101565
v -0.032740 0.059211 -0.101565
v -0.032664 0.059458 -0.101283
v -0.032664 0.059458 -0.101283
v -0.032664 0.059458 -0.101283
v -0.032664 0.059458 -0.101283
v -0.032664 0.059458 -0.101283
v -0.030864 0.065246 -0.094677
v -0.030864 0.065246 -0.094677
v -0.030864 0.065246 -0.094677
v -0.030864 0.065246 -0.094677
v -0.030864 0.065246 -0.094677
v -0.018106 0.079964 -0.077370
v -0.018106 0.079964 -0.077370
v -0.018106 0.079964 -0.077370
v -0.018106 0.079964 -0.077370
v -0.018106 0.079964 -0.077370
v -0.018106 0.079964 -0.077370
v -0.021423 0.078702 -0.077770
v -0.021423 0.078702 -0.077770
v -0.021423 0.078702 -0.077770
v -0.021423 0.078702 -0.077770
v -0.021423 0.078702 -0.077770
v -0.021423 0.078702 -0.077770
v -0.024607 0.077230 -0.078212
v -0.024607 0.077230 -0.078212
v -0.024607 0.077230 -0.078212
v -0.024607 0.077230 -0.078212
v -0.024607 0.077230 -0.078212
v -0.024607 0.077230 -0.078212
v -0.024607 0.077230 -0.078212
v -0.019397 0.083929 -0.052641
v -0.019397 0.083929 -0.052641
v -0.019397 0.083929 -0.052641
v -0.019397 0.083929 -0.052641
v -0.019397 0.083929 -0.052641
v -0.019397 0.083929 -0.052641
v -0.019397 0.083929 -0.052641
v -0.013102 0.085153 -0.052433
v -0.013102 0.085153 -0.052433
v -0.013102 0.085153 -0.052433
v -0.013102 0.085153 -0.052433
v -0.013102 0.085153 -0.052433
v -0.013102 0.085153 -0.052433
v -0.013102 0.085153 -0.052433
v -0.013102 0.085153 -0.052433
v -0.013102 0.085153 -0.052433
v -0.019683 0.083216 -0.060533
v -0.019683 0.083216 -0.060533
v -0.019683 0.083216 -0.060533
v -0.019683 0.083216 -0.060533
v -0.019683 0.083216 -0.060533
v -0.019683 0.083216 -0.060533
v -0.019683 0.083216 -0.060533
v -0.019683 0.083216 -0.060533
v -0.019683 0.083216 -0.060533
v -0.013325 0.084600 -0.060103
v -0.013325 0.084600 -0.060103
v -0.013325 0.084600 -0.060103
v -0.013325 0.084600 -0.060103
v -0.013325 0.084600 -0.060103
v -0.013841 0.083264 -0.068488
v -0.013841 0.083264 -0.068488
v -0.013841 0.083264 -0.068488
v -0.013841 0.083264 -0.068488
v -0.013841 0.083264 -0.068488
v -0.013841 0.083264 -0.068488
v -0.013841 0.083264 -0.068488
v -0.013841 0.083264 -0.068488
v -0.027685 0.075381 -0.078594
v -0.027685 0.075381 -0.078594
v -0.027685 0.075381 -0.078594
v -0.027685 0.075381 -0.078594
v -0.027685 0.075381 -0.078594
v -0.027653 0.075482 -0.078389
v -0.027653 0.075482 -0.078389
v -0.027653 0.075482 -0.078389
v -0.027653 0.075482 -0.078389
v -0.027073 0.077336 -0.074624
v -0.027073 0.077336 -0.074624
v -0.027073 0.077336 -0.074624
v -0.027073 0.077336 -0.074624
v -0.027073 0.077336 -0.074624
v -0.027073 0.077336 -0.074624
v -0.027073 0.077336 -0.074624
v -0.026135 0.080337 -0.065154
v -0.026135 0.080337 -0.065154
v -0.026135 0.080337 -0.065154
v -0.026135 0.080337 -0.065154
v -0.026135 0.080337 -0.065154
v -0.026135 0.080337 -0.065154
v -0.025924 0.081002 -0.061045
v -0.025924 0.081002 -0.061045
v -0.025924 0.081002 -0.061045
v -0.025924 0.081002 -0.061045
v -0.025924 0.081002 -0.061045
v -0.025919 0.081019 -0.060942
v -0.025919 0.081019 -0.060942
v -0.025919 0.081019 -0.060942
v -0.025919 0.081019 -0.060942
v -0.025919 0.081019 -0.060942
v -0.025652 0.081860 -0.055748
v -0.025652 0.081860 -0.055748
v -0.025652 0.081860 -0.055748
v -0.025652 0.081860 -0.055748
v -0.025652 0.081860 -0.055748
v -0.025618 0.081965 -0.052900
v -0.025618 0.081965 -0.052900
v -0.025618 0.081965 -0.052900
v -0.025618 0.081965 -0.052900
v -0.025618 0.081965 -0.052900
v -0.025618 0.081965 -0.052900
v -0.025618 0.081965 -0.052900
v -0.027041 0.077437 -0.074306
v -0.027041 0.077437 -0.074306
v -0.027041 0.077437 -0.074306
v -0.027041 0.077437 -0.074306
v -0.027023 0.077497 -0.074117
v -0.027023 0.077497 -0.074117
v -0.027023 0.077497 -0.074117
v -0.027023 0.077497 -0.074117
v -0.027023 0.077497 -0.074117
v -0.027023 0.077497 -0.074117
v -0.026597 0.078860 -0.069817
v -0.026597 0.078860 -0.069817
v -0.026597 0.078860 -0.069817
v -0.026597 0.078860 -0.069817
v -0.026597 0.078860 -0.069817
v -0.026581 0.078910 -0.069658
v -0.026581 0.078910 -0.069658
v -0.026581 0.078910 -0.069658
v -0.026581 0.078910 -0.069658
v -0.013062 0.085193 -0.046224
v -0.013062 0.085193 -0.046224
v -0.013062 0.085193 -0.046224
v -0.013062 0.085193 -0.046224
v -0.013794 0.085129 -0.046224
v -0.013794 0.085129 -0.046224
v -0.013794 0.085129 -0.046224
v -0.013794 0.085129 -0.046224
v -0.014359 0.085001 -0.046224
v -0.014359 0.085001 -0.046224
v -0.014359 0.085001 -0.046224
v -0.014359 0.085001 -0.046224
v -0.014359 0.085001 -0.046224
v -0.029086 0.070913 -0.086738
v -0.029086 0.070913 -0.086738
v -0.029086 0.070913 -0.086738
v -0.029086 0.070913 -0.086738
v -0.028564 0.072572 -0.084299
v -0.028564 0.072572 -0.084299
v -0.028564 0.072572 -0.084299
v -0.028564 0.072572 -0.084299
v -0.028564 0.072572 -0.084299
v -0.028313 0.073373 -0.082672
v -0.028313 0.073373 -0.082672
v -0.028313 0.073373 -0.082672
v -0.028313 0.073373 -0.082672
v -0.028313 0.073373 -0.082672
v -0.028313 0.073373 -0.082672
v -0.022375 0.043463 -0.131045
v -0.022375 0.043463 -0.131045
v -0.022375 0.043463 -0.131045
v -0.022375 0.043463 -0.131045
v -0.022375 0.043463 -0.131045
v -0.022375 0.043463 -0.131045
v -0.023275 0.048967 -0.124432
v -0.023275 0.048967 -0.124432
v -0.023275 0.048967 -0.124432
v -0.023275 0.048967 -0.124432
v -0.023275 0.048967 -0.124432
v -0.023275 0.048967 -0.124432
v -0.023028 0.045912 -0.127846
v -0.023028 0.045912 -0.127846
v -0.023028 0.045912 -0.127846
v -0.023028 0.045912 -0.127846
v -0.023028 0.045912 -0.127846
v -0.023028 0.045912 -0.127846
v -0.027819 0.042396 -0.128060
v -0.027819 0.042396 -0.128060
v -0.027819 0.042396 -0.128060
v -0.027819 0.042396 -0.128060
v -0.027819 0.042396 -0.128060
v -0.027819 0.042396 -0.128060
v -0.022417 0.056594 -0.116500
v -0.022417 0.056594 -0.116500
v -0.022417 0.056594 -0.116500
v -0.022417 0.056594 -0.116500
v -0.022417 0.056594 -0.116500
v -0.022417 0.056594 -0.116500
v -0.022417 0.056594 -0.116500
v -0.027126 0.053419 -0.116712
v -0.027126 0.053419 -0.116712
v -0.027126 0.053419 -0.116712
v -0.027126 0.053419 -0.116712
v -0.027126 0.053419 -0.116712
v -0.027126 0.053419 -0.116712
v -0.021391 0.060919 -0.111722
v -0.021391 0.060919 -0.111722
v -0.021391 0.060919 -0.111722
v -0.021391 0.060919 -0.111722
v -0.021391 0.060919 -0.111722
v -0.021391 0.060919 -0.111722
v -0.025934 0.058043 -0.111977
v -0.025934 0.058043 -0.111977
v -0.025934 0.058043 -0.111977
v -0.025934 0.058043 -0.111977
v -0.025934 0.058043 -0.111977
v -0.025934 0.058043 -0.111977
v -0.020091 0.065386 -0.106251
v -0.020091 0.065386 -0.106251
v -0.020091 0.065386 -0.106251
v -0.020091 0.065386 -0.106251
v -0.020091 0.065386 -0.106251
v -0.020091 0.065386 -0.106251
v -0.024421 0.062863 -0.106555
v -0.024421 0.062863 -0.106555
v -0.024421 0.062863 -0.106555
v -0.024421 0.062863 -0.106555
v -0.024421 0.062863 -0.106555
v -0.024421 0.062863 -0.106555
v -0.018641 0.069836 -0.100016
v -0.018641 0.069836 -0.100016
v -0.018641 0.069836 -0.100016
v -0.018641 0.069836 -0.100016
v -0.018641 0.069836 -0.100016
v -0.018641 0.069836 -0.100016
v -0.022730 0.067693 -0.100364
v -0.022730 0.067693 -0.100364
v -0.022730 0.067693 -0.100364
v -0.022730 0.067693 -0.100364
v -0.022730 0.067693 -0.100364
v -0.022730 0.067693 -0.100364
v -0.017174 0.074082 -0.093006
v -0.017174 0.074082 -0.093006
v -0.017174 0.074082 -0.093006
v -0.017174 0.074082 -0.093006
v -0.017174 0.074082 -0.093006
v -0.017174 0.074082 -0.093006
v -0.017174 0.074082 -0.093006
v -0.037519 0.026876 -0.132393
v -0.037519 0.026876 -0.132393
v -0.037519 0.026876 -0.132393
v -0.037519 0.026876 -0.132393
v -0.037519 0.026876 -0.132393
v -0.037604 0.026988 -0.132095
v -0.037604 0.026988 -0.132095
v -0.037604 0.026988 -0.132095
v -0.037604 0.026988 -0.132095
v -0.034727 0.031568 -0.131972
v -0.034727 0.031568 -0.131972
v -0.034727 0.031568 -0.131972
v -0.034727 0.031568 -0.131972
v -0.034727 0.031568 -0.131972
v -0.034727 0.031568 -0.131972
v -0.034727 0.031568 -0.131972
v -0.034727 0.031568 -0.131972
v -0.038076 0.027612 -0.130427
v -0.038076 0.027612 -0.130427
v -0.038076 0.027612 -0.130427
v -0.038076 0.027612 -0.130427
v -0.038076 0.027612 -0.130427
v -0.038076 0.027612 -0.130427
v -0.035572 0.033654 -0.128535
v -0.035572 0.033654 -0.128535
v -0.035572 0.033654 -0.128535
v -0.035572 0.033654 -0.128535
v -0.035572 0.033654 -0.128535
v -0.035572 0.033654 -0.128535
v -0.035572 0.033654 -0.128535
v -0.035572 0.033654 -0.128535
v -0.032029 0.038277 -0.128291
v -0.032029 0.038277 -0.128291
v -0.032029 0.038277 -0.128291
v -0.032029 0.038277 -0.128291
v -0.032029 0.038277 -0.128291
v -0.032029 0.038277 -0.128291
v -0.031197 0.036054 -0.131631
v -0.031197 0.036054 -0.131631
v -0.031197 0.036054 -0.131631
v -0.031197 0.036054 -0.131631
v -0.031197 0.036054 -0.131631
v -0.031197 0.036054 -0.131631
v -0.027056 0.040050 -0.131320
v -0.027056 0.040050 -0.131320
v -0.027056 0.040050 -0.131320
v -0.027056 0.040050 -0.131320
v -0.027056 0.040050 -0.131320
v -0.027056 0.040050 -0.131320
v -0.036596 0.025846 -0.135558
v -0.036596 0.025846 -0.135558
v -0.036596 0.025846 -0.135558
v -0.036596 0.025846 -0.135558
v -0.036596 0.025846 -0.135558
v -0.036787 0.025909 -0.134976
v -0.036787 0.025909 -0.134976
v -0.036787 0.025909 -0.134976
v -0.036787 0.025909 -0.134976
v -0.036787 0.025909 -0.134976
v -0.035903 0.036719 -0.124994
v -0.035903 0.036719 -0.124994
v -0.035903 0.036719 -0.124994
v -0.035903 0.036719 -0.124994
v -0.035903 0.036719 -0.124994
v -0.035903 0.036719 -0.124994
v -0.035903 0.036719 -0.124994
v -0.038598 0.031760 -0.125262
v -0.038598 0.031760 -0.125262
v -0.038598 0.031760 -0.125262
v -0.038598 0.031760 -0.125262
v -0.038579 0.032035 -0.125014
v -0.038579 0.032035 -0.125014
v -0.038579 0.032035 -0.125014
v -0.038579 0.032035 -0.125014
v -0.038579 0.032035 -0.125014
v -0.028113 0.045455 -0.124617
v -0.028113 0.045455 -0.124617
v -0.028113 0.045455 -0.124617
v -0.028113 0.045455 -0.124617
v -0.028113 0.045455 -0.124617
v -0.027877 0.049170 -0.120879
v -0.027877 0.049170 -0.120879
v -0.027877 0.049170 -0.120879
v -0.027877 0.049170 -0.120879
v -0.027877 0.049170 -0.120879
v -0.027877 0.049170 -0.120879
v -0.032354 0.041340 -0.124806
v -0.032354 0.041340 -0.124806
v -0.032354 0.041340 -0.124806
v -0.032354 0.041340 -0.124806
v -0.032354 0.041340 -0.124806
v -0.032354 0.041340 -0.124806
v -0.032102 0.045191 -0.121063
v -0.032102 0.045191 -0.121063
v -0.032102 0.045191 -0.121063
v -0.032102 0.045191 -0.121063
v -0.032102 0.045191 -0.121063
v -0.032102 0.045191 -0.121063
v -0.035641 0.040719 -0.121241
v -0.035641 0.040719 -0.121241
v -0.035641 0.040719 -0.121241
v -0.035641 0.040719 -0.121241
v -0.035641 0.040719 -0.121241
v -0.035641 0.040719 -0.121241
v -0.035641 0.040719 -0.121241
v -0.035641 0.040719 -0.121241
v -0.038312 0.035921 -0.121496
v -0.038312 0.035921 -0.121496
v -0.038312 0.035921 -0.121496
v -0.038312 0.035921 -0.121496
v -0.038312 0.035921 -0.121496
v -0.038291 0.036218 -0.121226
v -0.038291 0.036218 -0.121226
v -0.038291 0.036218 -0.121226
v -0.038291 0.036218 -0.121226
v -0.038215 0.037334 -0.120216
v -0.038215 0.037334 -0.120216
v -0.038215 0.037334 -0.120216
v -0.038215 0.037334 -0.120216
v -0.038215 0.037334 -0.120216
v -0.038215 0.037334 -0.120216
v -0.031287 0.049696 -0.116925
v -0.031287 0.049696 -0.116925
v -0.031287 0.049696 -0.116925
v -0.031287 0.049696 -0.116925
v -0.031287 0.049696 -0.116925
v -0.031287 0.049696 -0.116925
v -0.034800 0.045509 -0.117132
v -0.034800 0.045509 -0.117132
v -0.034800 0.045509 -0.117132
v -0.034800 0.045509 -0.117132
v -0.034800 0.045509 -0.117132
v -0.034800 0.045509 -0.117132
v -0.034800 0.045509 -0.117132
v -0.029989 0.054671 -0.112241
v -0.029989 0.054671 -0.112241
v -0.029989 0.054671 -0.112241
v -0.029989 0.054671 -0.112241
v -0.029989 0.054671 -0.112241
v -0.029989 0.054671 -0.112241
v -0.033461 0.050876 -0.112506
v -0.033461 0.050876 -0.112506
v -0.033461 0.050876 -0.112506
v -0.033461 0.050876 -0.112506
v -0.033461 0.050876 -0.112506
v -0.033461 0.050876 -0.112506
v -0.033461 0.050876 -0.112506
v -0.033461 0.050876 -0.112506
v -0.028336 0.059904 -0.106881
v -0.028336 0.059904 -0.106881
v -0.028336 0.059904 -0.106881
v -0.028336 0.059904 -0.106881
v -0.028336 0.059904 -0.106881
v -0.028336 0.059904 -0.106881
v -0.038285 0.028765 -0.128880
v -0.038285 0.028765 -0.128880
v -0.038285 0.028765 -0.128880
v -0.038285 0.028765 -0.128880
v -0.038322 0.028968 -0.128608
v -0.038322 0.028968 -0.128608
v -0.038322 0.028968 -0.128608
v -0.038322 0.028968 -0.128608
v -0.038661 0.030839 -0.126096
v -0.038661 0.030839 -0.126096
v -0.038661 0.030839 -0.126096
v -0.038661 0.030839 -0.126096
v -0.038661 0.030839 -0.126096
v -0.038661 0.030839 -0.126096
v -0.011753 0.048221 -0.130638
v -0.011753 0.048221 -0.130638
v -0.011753 0.048221 -0.130638
v -0.011753 0.048221 -0.130638
v -0.011753 0.048221 -0.130638
v -0.011753 0.048221 -0.130638
v -0.011753 0.048221 -0.130638
v -0.011753 0.048221 -0.130638
v -0.010517 0.068901 -0.105779
v -0.010517 0.068901 -0.105779
v -0.010517 0.068901 -0.105779
v -0.010517 0.068901 -0.105779
v -0.010517 0.068901 -0.105779
v -0.010517 0.068901 -0.105779
v -0.010517 0.068901 -0.105779
v -0.011773 0.061014 -0.116149
v -0.011773 0.061014 -0.116149
v -0.011773 0.061014 -0.116149
v -0.011773 0.061014 -0.116149
v -0.011773 0.061014 -0.116149
v -0.011773 0.061014 -0.116149
v -0.012239 0.053856 -0.124127
v -0.012239 0.053856 -0.124127
v -0.012239 0.053856 -0.124127
v -0.012239 0.053856 -0.124127
v -0.012239 0.053856 -0.124127
v -0.012239 0.053856 -0.124127
v -0.012239 0.053856 -0.124127
v -0.017263 0.059148 -0.116307
v -0.017263 0.059148 -0.116307
v -0.017263 0.059148 -0.116307
v -0.017263 0.059148 -0.116307
v -0.017263 0.059148 -0.116307
v -0.016453 0.063232 -0.111495
v -0.016453 0.063232 -0.111495
v -0.016453 0.063232 -0.111495
v -0.016453 0.063232 -0.111495
v -0.016453 0.063232 -0.111495
v -0.016453 0.063232 -0.111495
v -0.015429 0.067417 -0.105987
v -0.015429 0.067417 -0.105987
v -0.015429 0.067417 -0.105987
v -0.015429 0.067417 -0.105987
v -0.015429 0.067417 -0.105987
v -0.015429 0.067417 -0.105987
v -0.009735 0.072817 -0.099491
v -0.009735 0.072817 -0.099491
v -0.009735 0.072817 -0.099491
v -0.009735 0.072817 -0.099491
v -0.009735 0.072817 -0.099491
v -0.009735 0.072817 -0.099491
v -0.014287 0.071559 -0.099720
v -0.014287 0.071559 -0.099720
v -0.014287 0.071559 -0.099720
v -0.014287 0.071559 -0.099720
v -0.014287 0.071559 -0.099720
v -0.014287 0.071559 -0.099720
v -0.008945 0.076516 -0.092452
v -0.008945 0.076516 -0.092452
v -0.008945 0.076516 -0.092452
v -0.008945 0.076516 -0.092452
v -0.008945 0.076516 -0.092452
v -0.008945 0.076516 -0.092452
v -0.013133 0.075489 -0.092691
v -0.013133 0.075489 -0.092691
v -0.013133 0.075489 -0.092691
v -0.013133 0.075489 -0.092691
v -0.013133 0.075489 -0.092691
v -0.013133 0.075489 -0.092691
v -0.008215 0.079790 -0.084739
v -0.008215 0.079790 -0.084739
v -0.008215 0.079790 -0.084739
v -0.008215 0.079790 -0.084739
v -0.008215 0.079790 -0.084739
v -0.008215 0.079790 -0.084739
v -0.012067 0.078992 -0.084974
v -0.012067 0.078992 -0.084974
v -0.012067 0.078992 -0.084974
v -0.012067 0.078992 -0.084974
v -0.012067 0.078992 -0.084974
v -0.012067 0.078992 -0.084974
v -0.007604 0.082433 -0.076523
v -0.007604 0.082433 -0.076523
v -0.007604 0.082433 -0.076523
v -0.007604 0.082433 -0.076523
v -0.007604 0.082433 -0.076523
v -0.007604 0.082433 -0.076523
v -0.011174 0.081838 -0.076736
v -0.011174 0.081838 -0.076736
v -0.011174 0.081838 -0.076736
v -0.011174 0.081838 -0.076736
v -0.011174 0.081838 -0.076736
v -0.017945 0.051791 -0.124265
v -0.017945 0.051791 -0.124265
v -0.017945 0.051791 -0.124265
v -0.017945 0.051791 -0.124265
v -0.017945 0.051791 -0.124265
v -0.017945 0.051791 -0.124265
v -0.017754 0.048741 -0.127658
v -0.017754 0.048741 -0.127658
v -0.017754 0.048741 -0.127658
v -0.017754 0.048741 -0.127658
v -0.017754 0.048741 -0.127658
v -0.017754 0.048741 -0.127658
v -0.017240 0.046210 -0.130815
v -0.017240 0.046210 -0.130815
v -0.017240 0.046210 -0.130815
v -0.017240 0.046210 -0.130815
v -0.017240 0.046210 -0.130815
v -0.019315 0.083884 -0.046224
v -0.019315 0.083884 -0.046224
v -0.019315 0.083884 -0.046224
v -0.019315 0.083884 -0.046224
v -0.019315 0.083884 -0.046224
v -0.022976 0.083059 -0.046224
v -0.022976 0.083059 -0.046224
v -0.022976 0.083059 -0.046224
v -0.022976 0.083059 -0.046224
v -0.022976 0.083059 -0.046224
v -0.023035 0.083046 -0.046224
v -0.023035 0.083046 -0.046224
v -0.023035 0.083046 -0.046224
v -0.023035 0.083046 -0.046224
v -0.023035 0.083046 -0.046224
v -0.025617 0.081967 -0.052855
v -0.025617 0.081967 -0.052855
v -0.025617 0.081967 -0.052855
v -0.025617 0.081967 -0.052855
v -0.025617 0.081967 -0.052855
v -0.025537 0.082212 -0.046224
v -0.025537 0.082212 -0.046224
v -0.025537 0.082212 -0.046224
v -0.025537 0.082212 -0.046224
v -0.025537 0.082212 -0.046224
v -0.037436 0.040935 -0.117354
v -0.037436 0.040935 -0.117354
v -0.037436 0.040935 -0.117354
v -0.037436 0.040935 -0.117354
v -0.037366 0.041261 -0.117095
v -0.037366 0.041261 -0.117095
v -0.037366 0.041261 -0.117095
v -0.037366 0.041261 -0.117095
v -0.037366 0.041261 -0.117095
v -0.036186 0.046714 -0.112760
v -0.036186 0.046714 -0.112760
v -0.036186 0.046714 -0.112760
v -0.036186 0.046714 -0.112760
v -0.036186 0.046714 -0.112760
v -0.036116 0.047042 -0.112500
v -0.036116 0.047042 -0.112500
v -0.036116 0.047042 -0.112500
v -0.036116 0.047042 -0.112500
v -0.015818 0.077891 -0.085287
v -0.015818 0.077891 -0.085287
v -0.015818 0.077891 -0.085287
v -0.015818 0.077891 -0.085287
v -0.015818 0.077891 -0.085287
v -0.015818 0.077891 -0.085287
v -0.014682 0.081012 -0.077021
v -0.014682 0.081012 -0.077021
v -0.014682 0.081012 -0.077021
v -0.014682 0.081012 -0.077021
v -0.014682 0.081012 -0.077021
v -0.028542 0.063800 -0.044191
v -0.028542 0.063800 -0.044191
v -0.028542 0.063800 -0.044191
v -0.028542 0.063800 -0.044191
v -0.028542 0.063800 -0.044191
v -0.028542 0.063800 -0.044191
v -0.028542 0.063800 -0.044191
v -0.028542 0.063800 -0.044191
v -0.028542 0.063800 -0.044191
v -0.032962 0.066015 -0.044191
v -0.032962 0.066015 -0.044191
v -0.032962 0.066015 -0.044191
v -0.032962 0.066015 -0.044191
v -0.032962 0.066015 -0.044191
v -0.032962 0.066015 -0.044191
v -0.032962 0.066015 -0.044191
v -0.032962 0.066015 -0.044191
v -0.032962 0.066015 -0.044191
v -0.033602 0.066447 -0.046224
v -0.033602 0.066447 -0.046224
v -0.033602 0.066447 -0.046224
v -0.033602 0.066447 -0.046224
v -0.032936 0.066070 -0.046224
v -0.032936 0.066070 -0.046224
v -0.032936 0.066070 -0.046224
v -0.032936 0.066070 -0.046224
v -0.032936 0.066070 -0.046224
v -0.036223 0.075374 -0.044190
v -0.036223 0.075374 -0.044190
v -0.036223 0.075374 -0.044190
v -0.036223 0.075374 -0.044190
v -0.036223 0.075374 -0.044190
v -0.036223 0.075374 -0.044190
v -0.036223 0.075374 -0.044190
v -0.036223 0.075374 -0.044190
v -0.036223 0.075374 -0.044190
v -0.036223 0.075374 -0.044190
v -0.033801 0.077890 -0.044190
v -0.033801 0.077890 -0.044190
v -0.033801 0.077890 -0.044190
v -0.033801 0.077890 -0.044190
v -0.033801 0.077890 -0.044190
v -0.033801 0.077890 -0.044190
v -0.033801 0.077890 -0.044190
v -0.033801 0.077890 -0.044190
v -0.033801 0.077890 -0.044190
v -0.033801 0.077890 -0.044190
v -0.005411 0.086008 -0.044190
v -0.005411 0.086008 -0.044190
v -0.005411 0.086008 -0.044190
v -0.005411 0.086008 -0.044190
v -0.005411 0.086008 -0.044190
v -0.005411 0.086008 -0.044190
v -0.005411 0.086008 -0.044190
v -0.005411 0.086008 -0.044190
v -0.005411 0.086008 -0.044190
v -0.012171 0.060067 -0.044191
v -0.012171 0.060067 -0.044191
v -0.012171 0.060067 -0.044191
v -0.012171 0.060067 -0.044191
v -0.012171 0.060067 -0.044191
v -0.012171 0.060067 -0.044191
v -0.012171 0.060067 -0.044191
v -0.012171 0.060067 -0.044191
v -0.012171 0.060067 -0.044191
v -0.012171 0.060067 -0.044191
v -0.012171 0.060067 -0.044191
v -0.006454 0.059824 -0.046224
v -0.006454 0.059824 -0.046224
v -0.006454 0.059824 -0.046224
v -0.006454 0.059824 -0.046224
v -0.006454 0.059824 -0.046224
v -0.006454 0.059824 -0.046224
v -0.006454 0.059824 -0.046224
v -0.012168 0.060187 -0.046224
v -0.012168 0.060187 -0.046224
v -0.012168 0.060187 -0.046224
v -0.012168 0.060187 -0.046224
v -0.012168 0.060187 -0.046224
v -0.012833 0.060230 -0.046224
v -0.012833 0.060230 -0.046224
v -0.012833 0.060230 -0.046224
v -0.012833 0.060230 -0.046224
v -0.014369 0.085037 -0.044190
v -0.014369 0.085037 -0.044190
v -0.014369 0.085037 -0.044190
v -0.014369 0.085037 -0.044190
v -0.014369 0.085037 -0.044190
v -0.014369 0.085037 -0.044190
v -0.014369 0.085037 -0.044190
v -0.014369 0.085037 -0.044190
v -0.014369 0.085037 -0.044190
v -0.014369 0.085037 -0.044190
v -0.014369 0.085037 -0.044190
v -0.022979 0.083063 -0.044190
v -0.022979 0.083063 -0.044190
v -0.022979 0.083063 -0.044190
v -0.022979 0.083063 -0.044190
v -0.022979 0.083063 -0.044190
v -0.022979 0.083063 -0.044190
v -0.022979 0.083063 -0.044190
v -0.022979 0.083063 -0.044190
v -0.022979 0.083063 -0.044190
v -0.022979 0.083063 -0.044190
v -0.022979 0.083063 -0.044190
v -0.022979 0.083063 -0.044190
v -0.029510 0.080535 -0.044190
v -0.029510 0.080535 -0.044190
v -0.029510 0.080535 -0.044190
v -0.029510 0.080535 -0.044190
v -0.029510 0.080535 -0.044190
v -0.029510 0.080535 -0.044190
v -0.029510 0.080535 -0.044190
v -0.029510 0.080535 -0.044190
v -0.029510 0.080535 -0.044190
v -0.027962 0.081250 -0.046224
v -0.027962 0.081250 -0.046224
v -0.027962 0.081250 -0.046224
v -0.027962 0.081250 -0.046224
v -0.027962 0.081250 -0.046224
v -0.029497 0.080515 -0.046224
v -0.029497 0.080515 -0.046224
v -0.029497 0.080515 -0.046224
v -0.029497 0.080515 -0.046224
v -0.030334 0.080115 -0.046224
v -0.030334 0.080115 -0.046224
v -0.030334 0.080115 -0.046224
v -0.030334 0.080115 -0.046224
v -0.030334 0.080115 -0.046224
v -0.033132 0.078266 -0.046224
v -0.033132 0.078266 -0.046224
v -0.033132 0.078266 -0.046224
v -0.033132 0.078266 -0.046224
v -0.033132 0.078266 -0.046224
v -0.035683 0.075980 -0.046224
v -0.035683 0.075980 -0.046224
v -0.035683 0.075980 -0.046224
v -0.035683 0.075980 -0.046224
v -0.034207 0.077555 -0.046224
v -0.034207 0.077555 -0.046224
v -0.034207 0.077555 -0.046224
v -0.034207 0.077555 -0.046224
v -0.034207 0.077555 -0.046224
v -0.034207 0.077555 -0.046224
v -0.033767 0.077846 -0.046224
v -0.033767 0.077846 -0.046224
v -0.033767 0.077846 -0.046224
v -0.033767 0.077846 -0.046224
v -0.036144 0.075487 -0.046224
v -0.036144 0.075487 -0.046224
v -0.036144 0.075487 -0.046224
v -0.036144 0.075487 -0.046224
v -0.036144 0.075487 -0.046224
v -0.036579 0.074475 -0.046224
v -0.036579 0.074475 -0.046224
v -0.036579 0.074475 -0.046224
v -0.036579 0.074475 -0.046224
v -0.036579 0.074475 -0.046224
v -0.037179 0.073325 -0.044190
v -0.037179 0.073325 -0.044190
v -0.037179 0.073325 -0.044190
v -0.037179 0.073325 -0.044190
v -0.037179 0.073325 -0.044190
v -0.037179 0.073325 -0.044190
v -0.037179 0.073325 -0.044190
v -0.037313 0.071708 -0.044191
v -0.037313 0.071708 -0.044191
v -0.037313 0.071708 -0.044191
v -0.037313 0.071708 -0.044191
v -0.037313 0.071708 -0.044191
v -0.037313 0.071708 -0.044191
v -0.037313 0.071708 -0.044191
v -0.036843 0.069995 -0.044191
v -0.036843 0.069995 -0.044191
v -0.036843 0.069995 -0.044191
v -0.036843 0.069995 -0.044191
v -0.036843 0.069995 -0.044191
v -0.036843 0.069995 -0.044191
v -0.036843 0.069995 -0.044191
v -0.036843 0.069995 -0.044191
v -0.036843 0.069995 -0.044191
v -0.036843 0.069995 -0.044191
v -0.036843 0.069995 -0.044191
v -0.037087 0.073291 -0.046224
v -0.037087 0.073291 -0.046224
v -0.037087 0.073291 -0.046224
v -0.037087 0.073291 -0.046224
v -0.037087 0.073291 -0.046224
v -0.037274 0.072856 -0.046224
v -0.037274 0.072856 -0.046224
v -0.037274 0.072856 -0.046224
v -0.037274 0.072856 -0.046224
v -0.037274 0.072856 -0.046224
v -0.037204 0.071720 -0.046224
v -0.037204 0.071720 -0.046224
v -0.037204 0.071720 -0.046224
v -0.037204 0.071720 -0.046224
v -0.037204 0.071720 -0.046224
v -0.037204 0.071720 -0.046224
v -0.037148 0.070811 -0.046224
v -0.037148 0.070811 -0.046224
v -0.037148 0.070811 -0.046224
v -0.037148 0.070811 -0.046224
v -0.036768 0.070037 -0.046224
v -0.036768 0.070037 -0.046224
v -0.036768 0.070037 -0.046224
v -0.036768 0.070037 -0.046224
v -0.036768 0.070037 -0.046224
v -0.036429 0.069348 -0.046224
v -0.036429 0.069348 -0.046224
v -0.036429 0.069348 -0.046224
v -0.036429 0.069348 -0.046224
v -0.036429 0.069348 -0.046224
v -0.035603 0.068179 -0.044191
v -0.035603 0.068179 -0.044191
v -0.035603 0.068179 -0.044191
v -0.035603 0.068179 -0.044191
v -0.035603 0.068179 -0.044191
v -0.035603 0.068179 -0.044191
v -0.035603 0.068179 -0.044191
v -0.035603 0.068179 -0.044191
v -0.036244 0.068973 -0.046224
v -0.036244 0.068973 -0.046224
v -0.036244 0.068973 -0.046224
v -0.036244 0.068973 -0.046224
v -0.035516 0.068276 -0.046224
v -0.035516 0.068276 -0.046224
v -0.035516 0.068276 -0.046224
v -0.035516 0.068276 -0.046224
v -0.035516 0.068276 -0.046224
v -0.035516 0.068276 -0.046224
v -0.034102 0.066924 -0.046224
v -0.034102 0.066924 -0.046224
v -0.034102 0.066924 -0.046224
v -0.034102 0.066924 -0.046224
v -0.031347 0.065174 -0.046224
v -0.031347 0.065174 -0.046224
v -0.031347 0.065174 -0.046224
v -0.031347 0.065174 -0.046224
v -0.031347 0.065174 -0.046224
v -0.022167 0.061802 -0.044191
v -0.022167 0.061802 -0.044191
v -0.022167 0.061802 -0.044191
v -0.022167 0.061802 -0.044191
v -0.022167 0.061802 -0.044191
v -0.022167 0.061802 -0.044191
v -0.022167 0.061802 -0.044191
v -0.022167 0.061802 -0.044191
v -0.022167 0.061802 -0.044191
v -0.022167 0.061802 -0.044191
v -0.022167 0.061802 -0.044191
v -0.030084 0.064461 -0.046224
v -0.030084 0.064461 -0.046224
v -0.030084 0.064461 -0.046224
v -0.030084 0.064461 -0.046224
v -0.028515 0.063888 -0.046224
v -0.028515 0.063888 -0.046224
v -0.028515 0.063888 -0.046224
v -0.028515 0.063888 -0.046224
v -0.028515 0.063888 -0.046224
v -0.028515 0.063888 -0.046224
v -0.025373 0.062740 -0.046224
v -0.025373 0.062740 -0.046224
v -0.025373 0.062740 -0.046224
v -0.025373 0.062740 -0.046224
v -0.024580 0.062450 -0.046224
v -0.024580 0.062450 -0.046224
v -0.024580 0.062450 -0.046224
v -0.024580 0.062450 -0.046224
v -0.022142 0.061954 -0.046224
v -0.022142 0.061954 -0.046224
v -0.022142 0.061954 -0.046224
v -0.022142 0.061954 -0.046224
v -0.022142 0.061954 -0.046224
v -0.019122 0.061339 -0.046224
v -0.019122 0.061339 -0.046224
v -0.019122 0.061339 -0.046224
v -0.019122 0.061339 -0.046224
v -0.019122 0.061339 -0.046224
v -0.014051 0.060307 -0.046224
v -0.014051 0.060307 -0.046224
v -0.014051 0.060307 -0.046224
v -0.014051 0.060307 -0.046224
v -0.014051 0.060307 -0.046224
v 0.004745 0.038049 0.037165
v 0.004745 0.038049 0.037165
v 0.004745 0.038049 0.037165
v 0.004745 0.038049 0.037165
v 0.004745 0.038049 0.037165
v 0.004745 0.038049 0.037165
v 0.006963 0.038049 0.036768
v 0.006963 0.038049 0.036768
v 0.006963 0.038049 0.036768
v 0.006963 0.038049 0.036768
v 0.006963 0.038049 0.036768
v 0.006948 0.049863 0.036758
v 0.006948 0.049863 0.036758
v 0.006948 0.049863 0.036758
v 0.006948 0.049863 0.036758
v 0.006948 0.049863 0.036758
v 0.006948 0.049863 0.036758
v 0.006948 0.049863 0.036758
v 0.006948 0.049863 0.036758
v 0.006948 0.049863 0.036758
v 0.036587 0.038049 0.008160
v 0.036587 0.038049 0.008160
v 0.036587 0.038049 0.008160
v 0.036587 0.038049 0.008160
v 0.036587 0.038049 0.008160
v 0.036587 0.038049 0.008160
v 0.036708 0.038049 0.007386
v 0.036708 0.038049 0.007386
v 0.036708 0.038049 0.007386
v 0.036708 0.038049 0.007386
v 0.036544 0.047970 0.007283
v 0.036544 0.047970 0.007283
v 0.036544 0.047970 0.007283
v 0.036544 0.047970 0.007283
v 0.036544 0.047970 0.007283
v 0.036544 0.047970 0.007283
v 0.036544 0.047970 0.007283
v 0.036544 0.047970 0.007283
v 0.036544 0.047970 0.007283
v 0.036544 0.047970 0.007283
v 0.036544 0.047970 0.007283
v 0.014757 0.038049 -0.034473
v 0.014757 0.038049 -0.034473
v 0.014757 0.038049 -0.034473
v 0.014757 0.038049 -0.034473
v 0.014757 0.038049 -0.034473
v 0.014104 0.038049 -0.034708
v 0.014104 0.038049 -0.034708
v 0.014104 0.038049 -0.034708
v 0.014104 0.038049 -0.034708
v 0.014104 0.038049 -0.034708
v 0.013804 0.045297 -0.034904
v 0.013804 0.045297 -0.034904
v 0.013804 0.045297 -0.034904
v 0.013804 0.045297 -0.034904
v 0.013804 0.045297 -0.034904
v 0.013804 0.045297 -0.034904
v 0.013804 0.045297 -0.034904
v 0.013804 0.045297 -0.034904
v 0.013804 0.045297 -0.034904
v 0.013804 0.045297 -0.034904
v 0.013804 0.045297 -0.034904
v 0.013804 0.045297 -0.034904
v 0.013804 0.045297 -0.034904
v 0.001544 0.038049 -0.037476
v 0.001544 0.038049 -0.037476
v 0.001544 0.038049 -0.037476
v 0.001544 0.038049 -0.037476
v 0.001544 0.038049 -0.037476
v 0.000355 0.038049 -0.037507
v 0.000355 0.038049 -0.037507
v 0.000355 0.038049 -0.037507
v 0.000355 0.038049 -0.037507
v 0.000355 0.038049 -0.037507
v 0.000355 0.038049 -0.037507
v -0.000091 0.045128 -0.037631
v -0.000091 0.045128 -0.037631
v -0.000091 0.045128 -0.037631
v -0.000091 0.045128 -0.037631
v -0.000091 0.045128 -0.037631
v -0.000091 0.045128 -0.037631
v -0.000091 0.045128 -0.037631
v 0.006643 0.045167 -0.037006
v 0.006643 0.045167 -0.037006
v 0.006643 0.045167 -0.037006
v 0.006643 0.045167 -0.037006
v 0.006643 0.045167 -0.037006
v 0.006643 0.045167 -0.037006
v 0.006643 0.045167 -0.037006
v 0.006643 0.045167 -0.037006
v 0.006643 0.045167 -0.037006
v -0.000105 0.045355 -0.037635
v -0.000105 0.045355 -0.037635
v -0.000105 0.045355 -0.037635
v -0.000105 0.045355 -0.037635
v -0.000105 0.045355 -0.037635
v -0.000186 0.046645 -0.037658
v -0.000186 0.046645 -0.037658
v -0.000186 0.046645 -0.037658
v -0.000186 0.046645 -0.037658
v -0.000186 0.046645 -0.037658
v 0.006099 0.038049 -0.037006
v 0.006099 0.038049 -0.037006
v 0.006099 0.038049 -0.037006
v 0.006099 0.038049 -0.037006
v 0.006099 0.038049 -0.037006
v 0.010580 0.038049 -0.035978
v 0.010580 0.038049 -0.035978
v 0.010580 0.038049 -0.035978
v 0.010580 0.038049 -0.035978
v 0.010580 0.038049 -0.035978
v 0.008345 0.038049 -0.036491
v 0.008345 0.038049 -0.036491
v 0.008345 0.038049 -0.036491
v 0.008345 0.038049 -0.036491
v 0.008345 0.038049 -0.036491
v 0.008345 0.038049 -0.036491
v 0.007009 0.038049 -0.036797
v 0.007009 0.038049 -0.036797
v 0.007009 0.038049 -0.036797
v 0.007009 0.038049 -0.036797
v 0.022363 0.038049 -0.030093
v 0.022363 0.038049 -0.030093
v 0.022363 0.038049 -0.030093
v 0.022363 0.038049 -0.030093
v 0.020626 0.038049 -0.031234
v 0.020626 0.038049 -0.031234
v 0.020626 0.038049 -0.031234
v 0.020626 0.038049 -0.031234
v 0.020626 0.038049 -0.031234
v 0.020398 0.045513 -0.031429
v 0.020398 0.045513 -0.031429
v 0.020398 0.045513 -0.031429
v 0.020398 0.045513 -0.031429
v 0.020398 0.045513 -0.031429
v 0.020398 0.045513 -0.031429
v 0.020398 0.045513 -0.031429
v 0.020398 0.045513 -0.031429
v 0.020398 0.045513 -0.031429
v 0.020398 0.045513 -0.031429
v 0.020398 0.045513 -0.031429
v 0.020398 0.045513 -0.031429
v 0.018673 0.038049 -0.032515
v 0.018673 0.038049 -0.032515
v 0.018673 0.038049 -0.032515
v 0.018673 0.038049 -0.032515
v 0.018673 0.038049 -0.032515
v 0.015922 0.038049 -0.033891
v 0.015922 0.038049 -0.033891
v 0.015922 0.038049 -0.033891
v 0.015922 0.038049 -0.033891
v 0.015922 0.038049 -0.033891
v 0.026167 0.045807 -0.026731
v 0.026167 0.045807 -0.026731
v 0.026167 0.045807 -0.026731
v 0.026167 0.045807 -0.026731
v 0.026167 0.045807 -0.026731
v 0.026167 0.045807 -0.026731
v 0.026167 0.045807 -0.026731
v 0.026167 0.045807 -0.026731
v 0.026167 0.045807 -0.026731
v 0.026167 0.045807 -0.026731
v 0.026372 0.038049 -0.026591
v 0.026372 0.038049 -0.026591
v 0.026372 0.038049 -0.026591
v 0.026372 0.038049 -0.026591
v 0.025787 0.038049 -0.027214
v 0.025787 0.038049 -0.027214
v 0.025787 0.038049 -0.027214
v 0.025787 0.038049 -0.027214
v 0.025787 0.038049 -0.027214
v 0.025787 0.038049 -0.027214
v 0.022815 0.038049 -0.029714
v 0.022815 0.038049 -0.029714
v 0.022815 0.038049 -0.029714
v 0.022815 0.038049 -0.029714
v 0.030891 0.046168 -0.021002
v 0.030891 0.046168 -0.021002
v 0.030891 0.046168 -0.021002
v 0.030891 0.046168 -0.021002
v 0.030891 0.046168 -0.021002
v 0.030891 0.046168 -0.021002
v 0.030891 0.046168 -0.021002
v 0.030891 0.046168 -0.021002
v 0.030891 0.046168 -0.021002
v 0.030891 0.046168 -0.021002
v 0.028725 0.038049 -0.024089
v 0.028725 0.038049 -0.024089
v 0.028725 0.038049 -0.024089
v 0.028725 0.038049 -0.024089
v 0.028725 0.038049 -0.024089
v 0.028725 0.038049 -0.024089
v 0.028663 0.038049 -0.024155
v 0.028663 0.038049 -0.024155
v 0.028663 0.038049 -0.024155
v 0.028663 0.038049 -0.024155
v 0.028663 0.038049 -0.024155
v 0.033213 0.038049 -0.017381
v 0.033213 0.038049 -0.017381
v 0.033213 0.038049 -0.017381
v 0.033213 0.038049 -0.017381
v 0.033213 0.038049 -0.017381
v 0.033169 0.038049 -0.017455
v 0.033169 0.038049 -0.017455
v 0.033169 0.038049 -0.017455
v 0.033169 0.038049 -0.017455
v 0.034391 0.046582 -0.014471
v 0.034391 0.046582 -0.014471
v 0.034391 0.046582 -0.014471
v 0.034391 0.046582 -0.014471
v 0.034391 0.046582 -0.014471
v 0.034391 0.046582 -0.014471
v 0.034391 0.046582 -0.014471
v 0.034391 0.046582 -0.014471
v 0.034391 0.046582 -0.014471
v 0.034391 0.046582 -0.014471
v 0.034391 0.046582 -0.014471
v 0.034391 0.046582 -0.014471
v 0.031128 0.038048 -0.020889
v 0.031128 0.038048 -0.020889
v 0.031128 0.038048 -0.020889
v 0.031128 0.038048 -0.020889
v 0.031128 0.038048 -0.020889
v 0.031110 0.038048 -0.020913
v 0.031110 0.038048 -0.020913
v 0.031110 0.038048 -0.020913
v 0.031110 0.038048 -0.020913
v 0.036391 0.038049 -0.008991
v 0.036391 0.038049 -0.008991
v 0.036391 0.038049 -0.008991
v 0.036391 0.038049 -0.008991
v 0.036391 0.038049 -0.008991
v 0.036107 0.038049 -0.009905
v 0.036107 0.038049 -0.009905
v 0.036107 0.038049 -0.009905
v 0.036107 0.038049 -0.009905
v 0.036539 0.047032 -0.007398
v 0.036539 0.047032 -0.007398
v 0.036539 0.047032 -0.007398
v 0.036539 0.047032 -0.007398
v 0.036539 0.047032 -0.007398
v 0.036539 0.047032 -0.007398
v 0.036539 0.047032 -0.007398
v 0.036539 0.047032 -0.007398
v 0.036539 0.047032 -0.007398
v 0.036539 0.047032 -0.007398
v 0.036539 0.047032 -0.007398
v 0.035094 0.038049 -0.013174
v 0.035094 0.038049 -0.013174
v 0.035094 0.038049 -0.013174
v 0.035094 0.038049 -0.013174
v 0.035094 0.038049 -0.013174
v 0.034558 0.038049 -0.014374
v 0.034558 0.038049 -0.014374
v 0.034558 0.038049 -0.014374
v 0.034558 0.038049 -0.014374
v 0.034558 0.038049 -0.014374
v 0.037479 0.038049 -0.000632
v 0.037479 0.038049 -0.000632
v 0.037479 0.038049 -0.000632
v 0.037479 0.038049 -0.000632
v 0.037385 0.038049 -0.001921
v 0.037385 0.038049 -0.001921
v 0.037385 0.038049 -0.001921
v 0.037385 0.038049 -0.001921
v 0.037262 0.047501 -0.000055
v 0.037262 0.047501 -0.000055
v 0.037262 0.047501 -0.000055
v 0.037262 0.047501 -0.000055
v 0.037262 0.047501 -0.000055
v 0.037262 0.047501 -0.000055
v 0.037262 0.047501 -0.000055
v 0.037262 0.047501 -0.000055
v 0.037262 0.047501 -0.000055
v 0.037262 0.047501 -0.000055
v 0.037262 0.047501 -0.000055
v 0.037262 0.047501 -0.000055
v 0.037262 0.047501 -0.000055
v 0.037262 0.047501 -0.000055
v 0.037262 0.047501 -0.000055
v 0.037262 0.047501 -0.000055
v 0.037173 0.038049 -0.004821
v 0.037173 0.038049 -0.004821
v 0.037173 0.038049 -0.004821
v 0.037173 0.038049 -0.004821
v 0.037173 0.038049 -0.004821
v 0.037173 0.038049 -0.004821
v 0.036706 0.038049 -0.007313
v 0.036706 0.038049 -0.007313
v 0.036706 0.038049 -0.007313
v 0.036706 0.038049 -0.007313
v 0.036905 0.038049 0.006127
v 0.036905 0.038049 0.006127
v 0.036905 0.038049 0.006127
v 0.036905 0.038049 0.006127
v 0.037328 0.038049 0.003424
v 0.037328 0.038049 0.003424
v 0.037328 0.038049 0.003424
v 0.037328 0.038049 0.003424
v 0.037328 0.038049 0.003424
v 0.037328 0.038049 0.003424
v 0.037455 0.038049 0.000034
v 0.037455 0.038049 0.000034
v 0.037455 0.038049 0.000034
v 0.037455 0.038049 0.000034
v 0.037455 0.038049 0.000034
v 0.033604 0.038049 0.016615
v 0.033604 0.038049 0.016615
v 0.033604 0.038049 0.016615
v 0.033604 0.038049 0.016615
v 0.033604 0.038049 0.016615
v 0.034514 0.038049 0.014432
v 0.034514 0.038049 0.014432
v 0.034514 0.038049 0.014432
v 0.034514 0.038049 0.014432
v 0.034403 0.048422 0.014340
v 0.034403 0.048422 0.014340
v 0.034403 0.048422 0.014340
v 0.034403 0.048422 0.014340
v 0.034403 0.048422 0.014340
v 0.034403 0.048422 0.014340
v 0.034403 0.048422 0.014340
v 0.034403 0.048422 0.014340
v 0.034403 0.048422 0.014340
v 0.034403 0.048422 0.014340
v 0.034403 0.048422 0.014340
v 0.034725 0.038049 0.013925
v 0.034725 0.038049 0.013925
v 0.034725 0.038049 0.013925
v 0.034725 0.038049 0.013925
v 0.035457 0.038049 0.012169
v 0.035457 0.038049 0.012169
v 0.035457 0.038049 0.012169
v 0.035457 0.038049 0.012169
v 0.035457 0.038049 0.012169
v 0.031195 0.038049 0.020791
v 0.031195 0.038049 0.020791
v 0.031195 0.038049 0.020791
v 0.031195 0.038049 0.020791
v 0.031195 0.038049 0.020791
v 0.030919 0.048838 0.020840
v 0.030919 0.048838 0.020840
v 0.030919 0.048838 0.020840
v 0.030919 0.048838 0.020840
v 0.030919 0.048838 0.020840
v 0.030919 0.048838 0.020840
v 0.030919 0.048838 0.020840
v 0.030919 0.048838 0.020840
v 0.030919 0.048838 0.020840
v 0.030919 0.048838 0.020840
v 0.030919 0.048838 0.020840
v 0.031065 0.038049 0.020961
v 0.031065 0.038049 0.020961
v 0.031065 0.038049 0.020961
v 0.031065 0.038049 0.020961
v 0.031065 0.038049 0.020961
v 0.026229 0.049203 0.026530
v 0.026229 0.049203 0.026530
v 0.026229 0.049203 0.026530
v 0.026229 0.049203 0.026530
v 0.026229 0.049203 0.026530
v 0.026229 0.049203 0.026530
v 0.026229 0.049203 0.026530
v 0.026229 0.049203 0.026530
v 0.026229 0.049203 0.026530
v 0.026229 0.049203 0.026530
v 0.026229 0.049203 0.026530
v 0.026229 0.049203 0.026530
v 0.028362 0.038049 0.024516
v 0.028362 0.038049 0.024516
v 0.028362 0.038049 0.024516
v 0.028362 0.038049 0.024516
v 0.028362 0.038049 0.024516
v 0.030970 0.038049 0.021087
v 0.030970 0.038049 0.021087
v 0.030970 0.038049 0.021087
v 0.030970 0.038049 0.021087
v 0.030970 0.038049 0.021087
v 0.025293 0.038049 0.027672
v 0.025293 0.038049 0.027672
v 0.025293 0.038049 0.027672
v 0.025293 0.038049 0.027672
v 0.025293 0.038049 0.027672
v 0.026201 0.038049 0.026739
v 0.026201 0.038049 0.026739
v 0.026201 0.038049 0.026739
v 0.026201 0.038049 0.026739
v 0.026201 0.038049 0.026739
v 0.026316 0.038049 0.026620
v 0.026316 0.038049 0.026620
v 0.026316 0.038049 0.026620
v 0.026316 0.038049 0.026620
v 0.021640 0.038049 0.030614
v 0.021640 0.038049 0.030614
v 0.021640 0.038049 0.030614
v 0.021640 0.038049 0.030614
v 0.021640 0.038049 0.030614
v 0.020518 0.049503 0.031192
v 0.020518 0.049503 0.031192
v 0.020518 0.049503 0.031192
v 0.020518 0.049503 0.031192
v 0.020518 0.049503 0.031192
v 0.020518 0.049503 0.031192
v 0.020518 0.049503 0.031192
v 0.020518 0.049503 0.031192
v 0.020518 0.049503 0.031192
v 0.020518 0.049503 0.031192
v 0.020583 0.038049 0.031267
v 0.020583 0.038049 0.031267
v 0.020583 0.038049 0.031267
v 0.020583 0.038049 0.031267
v 0.014007 0.049726 0.034645
v 0.014007 0.049726 0.034645
v 0.014007 0.049726 0.034645
v 0.014007 0.049726 0.034645
v 0.014007 0.049726 0.034645
v 0.014007 0.049726 0.034645
v 0.014007 0.049726 0.034645
v 0.014007 0.049726 0.034645
v 0.014007 0.049726 0.034645
v 0.014007 0.049726 0.034645
v 0.014007 0.049726 0.034645
v 0.017648 0.038049 0.033078
v 0.017648 0.038049 0.033078
v 0.017648 0.038049 0.033078
v 0.017648 0.038049 0.033078
v 0.017648 0.038049 0.033078
v 0.017648 0.038049 0.033078
v 0.019838 0.038049 0.031727
v 0.019838 0.038049 0.031727
v 0.019838 0.038049 0.031727
v 0.019838 0.038049 0.031727
v 0.019838 0.038049 0.031727
v 0.008899 0.038049 0.036421
v 0.008899 0.038049 0.036421
v 0.008899 0.038049 0.036421
v 0.008899 0.038049 0.036421
v 0.008899 0.038049 0.036421
v 0.008899 0.038049 0.036421
v 0.012585 0.038049 0.035272
v 0.012585 0.038049 0.035272
v 0.012585 0.038049 0.035272
v 0.012585 0.038049 0.035272
v 0.012585 0.038049 0.035272
v 0.013377 0.038049 0.035025
v 0.013377 0.038049 0.035025
v 0.013377 0.038049 0.035025
v 0.013377 0.038049 0.035025
v 0.014052 0.038049 0.034717
v 0.014052 0.038049 0.034717
v 0.014052 0.038049 0.034717
v 0.014052 0.038049 0.034717
v -0.000386 0.049909 0.037437
v -0.000386 0.049909 0.037437
v -0.000386 0.049909 0.037437
v -0.000386 0.049909 0.037437
v -0.000387 0.048143 0.037467
v -0.000387 0.048143 0.037467
v -0.000387 0.048143 0.037467
v -0.000387 0.048143 0.037467
v -0.000388 0.044459 0.037484
v -0.000388 0.044459 0.037484
v -0.000388 0.044459 0.037484
v -0.000388 0.044459 0.037484
v -0.000388 0.044459 0.037484
v -0.000388 0.041060 0.037491
v -0.000388 0.041060 0.037491
v -0.000388 0.041060 0.037491
v -0.000388 0.041060 0.037491
v -0.000388 0.041060 0.037491
v -0.000388 0.041060 0.037491
v -0.000388 0.041060 0.037491
v 0.004281 0.038049 0.037248
v 0.004281 0.038049 0.037248
v 0.004281 0.038049 0.037248
v 0.004281 0.038049 0.037248
v 0.004281 0.038049 0.037248
v -0.000389 0.038049 0.037492
v -0.000389 0.038049 0.037492
v -0.000389 0.038049 0.037492
v -0.000389 0.038049 0.037492
v 0.006952 0.056044 0.036597
v 0.006952 0.056044 0.036597
v 0.006952 0.056044 0.036597
v 0.006952 0.056044 0.036597
v 0.006952 0.056044 0.036597
v 0.006952 0.056044 0.036597
v 0.006952 0.056044 0.036597
v 0.006952 0.056044 0.036597
v 0.006952 0.056044 0.036597
v -0.000385 0.055344 0.037344
v -0.000385 0.055344 0.037344
v -0.000385 0.055344 0.037344
v -0.000385 0.055344 0.037344
v -0.000385 0.055344 0.037344
v -0.000385 0.055344 0.037344
v -0.000385 0.056109 0.037291
v -0.000385 0.056109 0.037291
v -0.000385 0.056109 0.037291
v -0.000385 0.056109 0.037291
v -0.000385 0.056109 0.037291
v -0.000385 0.056109 0.037291
v 0.014007 0.055844 0.034458
v 0.014007 0.055844 0.034458
v 0.014007 0.055844 0.034458
v 0.014007 0.055844 0.034458
v 0.014007 0.055844 0.034458
v 0.014007 0.055844 0.034458
v 0.014007 0.055844 0.034458
v -0.002662 0.049905 0.037373
v -0.002662 0.049905 0.037373
v -0.002662 0.049905 0.037373
v -0.002662 0.049905 0.037373
v -0.002662 0.049905 0.037373
v -0.002662 0.049905 0.037373
v -0.002662 0.049905 0.037373
v -0.002662 0.049905 0.037373
v -0.002662 0.049905 0.037373
v -0.002662 0.049905 0.037373
v -0.009604 0.038049 0.036228
v -0.009604 0.038049 0.036228
v -0.009604 0.038049 0.036228
v -0.009604 0.038049 0.036228
v -0.008353 0.038049 0.036487
v -0.008353 0.038049 0.036487
v -0.008353 0.038049 0.036487
v -0.008353 0.038049 0.036487
v -0.009580 0.049835 0.036269
v -0.009580 0.049835 0.036269
v -0.009580 0.049835 0.036269
v -0.009580 0.049835 0.036269
v -0.009580 0.049835 0.036269
v -0.009580 0.049835 0.036269
v -0.009580 0.049835 0.036269
v -0.009580 0.049835 0.036269
v -0.009580 0.049835 0.036269
v -0.009580 0.049835 0.036269
v -0.009580 0.049835 0.036269
v -0.009580 0.049835 0.036269
v -0.005306 0.038049 0.037118
v -0.005306 0.038049 0.037118
v -0.005306 0.038049 0.037118
v -0.005306 0.038049 0.037118
v -0.005306 0.038049 0.037118
v -0.005306 0.038049 0.037118
v -0.002668 0.038049 0.037336
v -0.002668 0.038049 0.037336
v -0.002668 0.038049 0.037336
v -0.002668 0.038049 0.037336
v -0.002668 0.038049 0.037336
v -0.002668 0.038049 0.037336
v -0.000887 0.038049 0.037484
v -0.000887 0.038049 0.037484
v -0.000887 0.038049 0.037484
v -0.000887 0.038049 0.037484
v -0.016171 0.038049 0.033751
v -0.016171 0.038049 0.033751
v -0.016171 0.038049 0.033751
v -0.016171 0.038049 0.033751
v -0.015970 0.038049 0.033849
v -0.015970 0.038049 0.033849
v -0.015970 0.038049 0.033849
v -0.015970 0.038049 0.033849
v -0.016172 0.049685 0.033899
v -0.016172 0.049685 0.033899
v -0.016172 0.049685 0.033899
v -0.016172 0.049685 0.033899
v -0.016172 0.049685 0.033899
v -0.016172 0.049685 0.033899
v -0.016172 0.049685 0.033899
v -0.016172 0.049685 0.033899
v -0.016172 0.049685 0.033899
v -0.016172 0.049685 0.033899
v -0.016172 0.049685 0.033899
v -0.016172 0.049685 0.033899
v -0.014293 0.038049 0.034666
v -0.014293 0.038049 0.034666
v -0.014293 0.038049 0.034666
v -0.014293 0.038049 0.034666
v -0.014293 0.038049 0.034666
v -0.014293 0.038049 0.034666
v -0.009877 0.038049 0.036172
v -0.009877 0.038049 0.036172
v -0.009877 0.038049 0.036172
v -0.009877 0.038049 0.036172
v -0.009877 0.038049 0.036172
v -0.022207 0.049458 0.030345
v -0.022207 0.049458 0.030345
v -0.022207 0.049458 0.030345
v -0.022207 0.049458 0.030345
v -0.022207 0.049458 0.030345
v -0.022207 0.049458 0.030345
v -0.022207 0.049458 0.030345
v -0.022207 0.049458 0.030345
v -0.022207 0.049458 0.030345
v -0.022207 0.049458 0.030345
v -0.022215 0.038048 0.030183
v -0.022215 0.038048 0.030183
v -0.022215 0.038048 0.030183
v -0.022215 0.038048 0.030183
v -0.022215 0.038048 0.030183
v -0.022215 0.038048 0.030183
v -0.018487 0.038049 0.032624
v -0.018487 0.038049 0.032624
v -0.018487 0.038049 0.032624
v -0.018487 0.038049 0.032624
v -0.018487 0.038049 0.032624
v -0.027338 0.038049 0.025570
v -0.027338 0.038049 0.025570
v -0.027338 0.038049 0.025570
v -0.027338 0.038049 0.025570
v -0.026099 0.038048 0.026926
v -0.026099 0.038048 0.026926
v -0.026099 0.038048 0.026926
v -0.026099 0.038048 0.026926
v -0.027475 0.049164 0.025732
v -0.027475 0.049164 0.025732
v -0.027475 0.049164 0.025732
v -0.027475 0.049164 0.025732
v -0.027475 0.049164 0.025732
v -0.027475 0.049164 0.025732
v -0.027475 0.049164 0.025732
v -0.027475 0.049164 0.025732
v -0.027475 0.049164 0.025732
v -0.027475 0.049164 0.025732
v -0.027475 0.049164 0.025732
v -0.027475 0.049164 0.025732
v -0.022867 0.038048 0.029686
v -0.022867 0.038048 0.029686
v -0.022867 0.038048 0.029686
v -0.022867 0.038048 0.029686
v -0.022867 0.038048 0.029686
v -0.022867 0.038048 0.029686
v -0.022520 0.038048 0.029983
v -0.022520 0.038048 0.029983
v -0.022520 0.038048 0.029983
v -0.022520 0.038048 0.029983
v -0.031736 0.038049 0.019956
v -0.031736 0.038049 0.019956
v -0.031736 0.038049 0.019956
v -0.031736 0.038049 0.019956
v -0.031736 0.038049 0.019956
v -0.029193 0.038049 0.023537
v -0.029193 0.038049 0.023537
v -0.029193 0.038049 0.023537
v -0.029193 0.038049 0.023537
v -0.029193 0.038049 0.023537
v -0.027417 0.038049 0.025483
v -0.027417 0.038049 0.025483
v -0.027417 0.038049 0.025483
v -0.027417 0.038049 0.025483
v -0.027417 0.038049 0.025483
v -0.032200 0.038049 0.019149
v -0.032200 0.038049 0.019149
v -0.032200 0.038049 0.019149
v -0.032200 0.038049 0.019149
v -0.032200 0.038049 0.019149
v -0.032200 0.038049 0.019149
v -0.031853 0.038049 0.019791
v -0.031853 0.038049 0.019791
v -0.031853 0.038049 0.019791
v -0.031853 0.038049 0.019791
v -0.031793 0.048812 0.020220
v -0.031793 0.048812 0.020220
v -0.031793 0.048812 0.020220
v -0.031793 0.048812 0.020220
v -0.031793 0.048812 0.020220
v -0.031793 0.048812 0.020220
v -0.031793 0.048812 0.020220
v -0.031793 0.048812 0.020220
v -0.031793 0.048812 0.020220
v -0.031793 0.048812 0.020220
v -0.037011 0.047986 0.007286
v -0.037011 0.047986 0.007286
v -0.037011 0.047986 0.007286
v -0.037011 0.047986 0.007286
v -0.037011 0.047986 0.007286
v -0.036853 0.038048 0.006950
v -0.036853 0.038048 0.006950
v -0.036853 0.038048 0.006950
v -0.036853 0.038048 0.006950
v -0.036853 0.038048 0.006950
v -0.036853 0.038048 0.006950
v -0.036853 0.038048 0.006950
v -0.035010 0.048415 0.013997
v -0.035010 0.048415 0.013997
v -0.035010 0.048415 0.013997
v -0.035010 0.048415 0.013997
v -0.035010 0.048415 0.013997
v -0.035010 0.048415 0.013997
v -0.035010 0.048415 0.013997
v -0.035010 0.048415 0.013997
v -0.035010 0.048415 0.013997
v -0.035010 0.048415 0.013997
v -0.035010 0.048415 0.013997
v -0.035010 0.048415 0.013997
v -0.035010 0.048415 0.013997
v -0.035010 0.048415 0.013997
v -0.035707 0.038048 0.011463
v -0.035707 0.038048 0.011463
v -0.035707 0.038048 0.011463
v -0.035707 0.038048 0.011463
v -0.035707 0.038048 0.011463
v -0.035568 0.038048 0.011821
v -0.035568 0.038048 0.011821
v -0.035568 0.038048 0.011821
v -0.035568 0.038048 0.011821
v -0.034847 0.038049 0.013669
v -0.034847 0.038049 0.013669
v -0.034847 0.038049 0.013669
v -0.034847 0.038049 0.013669
v -0.034847 0.038049 0.013669
v -0.034035 0.038049 0.015748
v -0.034035 0.038049 0.015748
v -0.034035 0.038049 0.015748
v -0.034035 0.038049 0.015748
v -0.037016 0.048282 0.007296
v -0.037016 0.048282 0.007296
v -0.037016 0.048282 0.007296
v -0.037016 0.048282 0.007296
v -0.037016 0.048282 0.007296
v -0.037016 0.048282 0.007296
v -0.037016 0.048282 0.007296
v -0.037015 0.048216 0.007293
v -0.037015 0.048216 0.007293
v -0.037015 0.048216 0.007293
v -0.037015 0.048216 0.007293
v -0.037307 0.038048 0.003327
v -0.037307 0.038048 0.003327
v -0.037307 0.038048 0.003327
v -0.037307 0.038048 0.003327
v -0.037307 0.038048 0.003327
v -0.037256 0.038048 0.004299
v -0.037256 0.038048 0.004299
v -0.037256 0.038048 0.004299
v -0.037256 0.038048 0.004299
v -0.037256 0.038048 0.004299
v -0.037553 0.047979 0.003663
v -0.037553 0.047979 0.003663
v -0.037553 0.047979 0.003663
v -0.037553 0.047979 0.003663
v -0.037553 0.047979 0.003663
v -0.037553 0.047979 0.003663
v -0.037553 0.047979 0.003663
v -0.037553 0.047979 0.003663
v -0.037553 0.047979 0.003663
v -0.037553 0.047979 0.003663
v -0.037553 0.047979 0.003663
v -0.037553 0.047979 0.003663
v -0.037708 0.047739 -0.000127
v -0.037708 0.047739 -0.000127
v -0.037708 0.047739 -0.000127
v -0.037708 0.047739 -0.000127
v -0.037666 0.045372 -0.000084
v -0.037666 0.045372 -0.000084
v -0.037666 0.045372 -0.000084
v -0.037666 0.045372 -0.000084
v -0.037666 0.045372 -0.000084
v -0.037309 0.038048 0.003304
v -0.037309 0.038048 0.003304
v -0.037309 0.038048 0.003304
v -0.037309 0.038048 0.003304
v -0.037309 0.038048 0.003304
v -0.037502 0.038048 -0.000369
v -0.037502 0.038048 -0.000369
v -0.037502 0.038048 -0.000369
v -0.037502 0.038048 -0.000369
v -0.037709 0.047802 -0.000128
v -0.037709 0.047802 -0.000128
v -0.037709 0.047802 -0.000128
v -0.037709 0.047802 -0.000128
v -0.037709 0.047802 -0.000128
v -0.037709 0.047802 -0.000128
v -0.037709 0.047802 -0.000128
v -0.037709 0.047802 -0.000128
v -0.037709 0.047802 -0.000128
v -0.026688 0.046064 -0.026687
v -0.026688 0.046064 -0.026687
v -0.026688 0.046064 -0.026687
v -0.026688 0.046064 -0.026687
v -0.026688 0.046064 -0.026687
v -0.026688 0.046064 -0.026687
v -0.026688 0.046064 -0.026687
v -0.026688 0.046064 -0.026687
v -0.026688 0.046064 -0.026687
v -0.026688 0.046064 -0.026687
v -0.026688 0.046064 -0.026687
v -0.026688 0.046064 -0.026687
v -0.013586 0.038048 -0.034964
v -0.013586 0.038048 -0.034964
v -0.013586 0.038048 -0.034964
v -0.013586 0.038048 -0.034964
v -0.013586 0.038048 -0.034964
v -0.013779 0.038048 -0.034876
v -0.013779 0.038048 -0.034876
v -0.013779 0.038048 -0.034876
v -0.013779 0.038048 -0.034876
v -0.014338 0.045535 -0.034881
v -0.014338 0.045535 -0.034881
v -0.014338 0.045535 -0.034881
v -0.014338 0.045535 -0.034881
v -0.014338 0.045535 -0.034881
v -0.014338 0.045535 -0.034881
v -0.014338 0.045535 -0.034881
v -0.014338 0.045535 -0.034881
v -0.014338 0.045535 -0.034881
v -0.014338 0.045535 -0.034881
v -0.014338 0.045535 -0.034881
v -0.014338 0.045535 -0.034881
v -0.036502 0.038049 -0.008396
v -0.036502 0.038049 -0.008396
v -0.036502 0.038049 -0.008396
v -0.036502 0.038049 -0.008396
v -0.036638 0.038049 -0.007704
v -0.036638 0.038049 -0.007704
v -0.036638 0.038049 -0.007704
v -0.036638 0.038049 -0.007704
v -0.037025 0.047323 -0.007339
v -0.037025 0.047323 -0.007339
v -0.037025 0.047323 -0.007339
v -0.037025 0.047323 -0.007339
v -0.037025 0.047323 -0.007339
v -0.037025 0.047323 -0.007339
v -0.037025 0.047323 -0.007339
v -0.037025 0.047323 -0.007339
v -0.037025 0.047323 -0.007339
v -0.037025 0.047323 -0.007339
v -0.037025 0.047323 -0.007339
v -0.037178 0.038049 -0.004942
v -0.037178 0.038049 -0.004942
v -0.037178 0.038049 -0.004942
v -0.037178 0.038049 -0.004942
v -0.037178 0.038049 -0.004942
v -0.037178 0.038049 -0.004942
v -0.037501 0.038048 -0.000512
v -0.037501 0.038048 -0.000512
v -0.037501 0.038048 -0.000512
v -0.037501 0.038048 -0.000512
v -0.037501 0.038048 -0.000512
v -0.037501 0.038048 -0.000512
v -0.037501 0.038048 -0.000512
v -0.034889 0.046861 -0.014415
v -0.034889 0.046861 -0.014415
v -0.034889 0.046861 -0.014415
v -0.034889 0.046861 -0.014415
v -0.034889 0.046861 -0.014415
v -0.034889 0.046861 -0.014415
v -0.034889 0.046861 -0.014415
v -0.034889 0.046861 -0.014415
v -0.034889 0.046861 -0.014415
v -0.034889 0.046861 -0.014415
v -0.034443 0.038048 -0.014750
v -0.034443 0.038048 -0.014750
v -0.034443 0.038048 -0.014750
v -0.034443 0.038048 -0.014750
v -0.034443 0.038048 -0.014750
v -0.034791 0.038048 -0.014014
v -0.034791 0.038048 -0.014014
v -0.034791 0.038048 -0.014014
v -0.034791 0.038048 -0.014014
v -0.034791 0.038048 -0.014014
v -0.036298 0.038049 -0.009443
v -0.036298 0.038049 -0.009443
v -0.036298 0.038049 -0.009443
v -0.036298 0.038049 -0.009443
v -0.036298 0.038049 -0.009443
v -0.033840 0.038048 -0.016029
v -0.033840 0.038048 -0.016029
v -0.033840 0.038048 -0.016029
v -0.033840 0.038048 -0.016029
v -0.033840 0.038048 -0.016029
v -0.031401 0.046436 -0.020950
v -0.031401 0.046436 -0.020950
v -0.031401 0.046436 -0.020950
v -0.031401 0.046436 -0.020950
v -0.031401 0.046436 -0.020950
v -0.031401 0.046436 -0.020950
v -0.031401 0.046436 -0.020950
v -0.031401 0.046436 -0.020950
v -0.031401 0.046436 -0.020950
v -0.031401 0.046436 -0.020950
v -0.032933 0.038048 -0.017952
v -0.032933 0.038048 -0.017952
v -0.032933 0.038048 -0.017952
v -0.032933 0.038048 -0.017952
v -0.032933 0.038048 -0.017952
v -0.029611 0.038048 -0.022913
v -0.029611 0.038048 -0.022913
v -0.029611 0.038048 -0.022913
v -0.029611 0.038048 -0.022913
v -0.029611 0.038048 -0.022913
v -0.030633 0.038048 -0.021645
v -0.030633 0.038048 -0.021645
v -0.030633 0.038048 -0.021645
v -0.030633 0.038048 -0.021645
v -0.030633 0.038048 -0.021645
v -0.030892 0.038048 -0.021229
v -0.030892 0.038048 -0.021229
v -0.030892 0.038048 -0.021229
v -0.030892 0.038048 -0.021229
v -0.024765 0.038048 -0.028172
v -0.024765 0.038048 -0.028172
v -0.024765 0.038048 -0.028172
v -0.024765 0.038048 -0.028172
v -0.024765 0.038048 -0.028172
v -0.026109 0.038048 -0.026856
v -0.026109 0.038048 -0.026856
v -0.026109 0.038048 -0.026856
v -0.026109 0.038048 -0.026856
v -0.027653 0.038048 -0.025343
v -0.027653 0.038048 -0.025343
v -0.027653 0.038048 -0.025343
v -0.027653 0.038048 -0.025343
v -0.027653 0.038048 -0.025343
v -0.024025 0.038048 -0.028749
v -0.024025 0.038048 -0.028749
v -0.024025 0.038048 -0.028749
v -0.024025 0.038048 -0.028749
v -0.024025 0.038048 -0.028749
v -0.020926 0.045760 -0.031395
v -0.020926 0.045760 -0.031395
v -0.020926 0.045760 -0.031395
v -0.020926 0.045760 -0.031395
v -0.020926 0.045760 -0.031395
v -0.020926 0.045760 -0.031395
v -0.020926 0.045760 -0.031395
v -0.020926 0.045760 -0.031395
v -0.020926 0.045760 -0.031395
v -0.020926 0.045760 -0.031395
v -0.020926 0.045760 -0.031395
v -0.021279 0.038048 -0.030891
v -0.021279 0.038048 -0.030891
v -0.021279 0.038048 -0.030891
v -0.021279 0.038048 -0.030891
v -0.021279 0.038048 -0.030891
v -0.017310 0.038048 -0.033265
v -0.017310 0.038048 -0.033265
v -0.017310 0.038048 -0.033265
v -0.017310 0.038048 -0.033265
v -0.017310 0.038048 -0.033265
v -0.017500 0.038048 -0.033178
v -0.017500 0.038048 -0.033178
v -0.017500 0.038048 -0.033178
v -0.017500 0.038048 -0.033178
v -0.017500 0.038048 -0.033178
v -0.020337 0.038048 -0.031461
v -0.020337 0.038048 -0.031461
v -0.020337 0.038048 -0.031461
v -0.020337 0.038048 -0.031461
v -0.020337 0.038048 -0.031461
v -0.009758 0.038048 -0.036177
v -0.009758 0.038048 -0.036177
v -0.009758 0.038048 -0.036177
v -0.009758 0.038048 -0.036177
v -0.009758 0.038048 -0.036177
v -0.007181 0.045399 -0.036996
v -0.007181 0.045399 -0.036996
v -0.007181 0.045399 -0.036996
v -0.007181 0.045399 -0.036996
v -0.007181 0.045399 -0.036996
v -0.007181 0.045399 -0.036996
v -0.007181 0.045399 -0.036996
v -0.007181 0.045399 -0.036996
v -0.007181 0.045399 -0.036996
v -0.007181 0.045399 -0.036996
v -0.007181 0.045399 -0.036996
v -0.007181 0.045399 -0.036996
v -0.007181 0.045399 -0.036996
v -0.009036 0.038048 -0.036406
v -0.009036 0.038048 -0.036406
v -0.009036 0.038048 -0.036406
v -0.009036 0.038048 -0.036406
v -0.009036 0.038048 -0.036406
v -0.001770 0.038049 -0.037394
v -0.001770 0.038049 -0.037394
v -0.001770 0.038049 -0.037394
v -0.001770 0.038049 -0.037394
v -0.001770 0.038049 -0.037394
v -0.001770 0.038049 -0.037394
v -0.004334 0.038048 -0.037258
v -0.004334 0.038048 -0.037258
v -0.004334 0.038048 -0.037258
v -0.004334 0.038048 -0.037258
v -0.006655 0.038048 -0.036838
v -0.006655 0.038048 -0.036838
v -0.006655 0.038048 -0.036838
v -0.006655 0.038048 -0.036838
v -0.006655 0.038048 -0.036838
v 0.032579 0.027989 -0.142204
v 0.032579 0.027989 -0.142204
v 0.032579 0.027989 -0.142204
v 0.032579 0.027989 -0.142204
v 0.032579 0.027989 -0.142204
v 0.032579 0.027989 -0.142204
v 0.032579 0.027989 -0.142204
v 0.032579 0.027989 -0.142204
v 0.032579 0.027989 -0.142204
v 0.032579 0.027989 -0.142204
v 0.032579 0.027989 -0.142204
v 0.035263 0.025525 -0.138960
v 0.035263 0.025525 -0.138960
v 0.035263 0.025525 -0.138960
v 0.035263 0.025525 -0.138960
v 0.035263 0.025525 -0.138960
v 0.026437 0.033527 -0.144070
v 0.026437 0.033527 -0.144070
v 0.026437 0.033527 -0.144070
v 0.026437 0.033527 -0.144070
v 0.026437 0.033527 -0.144070
v 0.027063 0.033990 -0.141289
v 0.027063 0.033990 -0.141289
v 0.027063 0.033990 -0.141289
v 0.027063 0.033990 -0.141289
v 0.027063 0.033990 -0.141289
v 0.027102 0.034019 -0.141115
v 0.027102 0.034019 -0.141115
v 0.027102 0.034019 -0.141115
v 0.027102 0.034019 -0.141115
v 0.027102 0.034019 -0.141115
v 0.027102 0.034019 -0.141115
v 0.027102 0.034019 -0.141115
v 0.027102 0.034019 -0.141115
v 0.028541 0.031168 -0.173000
v 0.028541 0.031168 -0.173000
v 0.028541 0.031168 -0.173000
v 0.028541 0.031168 -0.173000
v 0.028503 0.031203 -0.173000
v 0.028503 0.031203 -0.173000
v 0.028503 0.031203 -0.173000
v 0.028503 0.031203 -0.173000
v 0.028188 0.031362 -0.165894
v 0.028188 0.031362 -0.165894
v 0.028188 0.031362 -0.165894
v 0.028188 0.031362 -0.165894
v 0.028188 0.031362 -0.165894
v 0.028188 0.031362 -0.165894
v 0.028188 0.031362 -0.165894
v 0.028188 0.031362 -0.165894
v 0.031585 0.028079 -0.173000
v 0.031585 0.028079 -0.173000
v 0.031585 0.028079 -0.173000
v 0.031585 0.028079 -0.173000
v 0.031585 0.028079 -0.173000
v 0.029294 0.030462 -0.173000
v 0.029294 0.030462 -0.173000
v 0.029294 0.030462 -0.173000
v 0.029294 0.030462 -0.173000
v 0.028693 0.031028 -0.173000
v 0.028693 0.031028 -0.173000
v 0.028693 0.031028 -0.173000
v 0.028693 0.031028 -0.173000
v 0.034511 0.024394 -0.173000
v 0.034511 0.024394 -0.173000
v 0.034511 0.024394 -0.173000
v 0.034511 0.024394 -0.173000
v 0.034014 0.025019 -0.173000
v 0.034014 0.025019 -0.173000
v 0.034014 0.025019 -0.173000
v 0.034014 0.025019 -0.173000
v 0.033666 0.025407 -0.164858
v 0.033666 0.025407 -0.164858
v 0.033666 0.025407 -0.164858
v 0.033666 0.025407 -0.164858
v 0.033666 0.025407 -0.164858
v 0.033666 0.025407 -0.164858
v 0.033666 0.025407 -0.164858
v 0.033666 0.025407 -0.164858
v 0.033666 0.025407 -0.164858
v 0.033666 0.025407 -0.164858
v 0.033666 0.025407 -0.164858
v 0.037955 0.018482 -0.165169
v 0.037955 0.018482 -0.165169
v 0.037955 0.018482 -0.165169
v 0.037955 0.018482 -0.165169
v 0.037955 0.018482 -0.165169
v 0.037955 0.018482 -0.165169
v 0.038274 0.017919 -0.173000
v 0.038274 0.017919 -0.173000
v 0.038274 0.017919 -0.173000
v 0.038274 0.017919 -0.173000
v 0.037633 0.019229 -0.173000
v 0.037633 0.019229 -0.173000
v 0.037633 0.019229 -0.173000
v 0.037633 0.019229 -0.173000
v 0.037633 0.019229 -0.173000
v 0.035262 0.023294 -0.173000
v 0.035262 0.023294 -0.173000
v 0.035262 0.023294 -0.173000
v 0.035262 0.023294 -0.173000
v 0.037239 0.020999 -0.143270
v 0.037239 0.020999 -0.143270
v 0.037239 0.020999 -0.143270
v 0.037239 0.020999 -0.143270
v 0.037239 0.020999 -0.143270
v 0.037239 0.020999 -0.143270
v 0.037239 0.020999 -0.143270
v 0.037239 0.020999 -0.143270
v 0.037048 0.021036 -0.144518
v 0.037048 0.021036 -0.144518
v 0.037048 0.021036 -0.144518
v 0.037048 0.021036 -0.144518
v 0.037048 0.021036 -0.144518
v 0.032151 0.027682 -0.146252
v 0.032151 0.027682 -0.146252
v 0.032151 0.027682 -0.146252
v 0.032151 0.027682 -0.146252
v 0.032151 0.027682 -0.146252
v 0.032151 0.027682 -0.146252
v 0.032151 0.027682 -0.146252
v 0.032151 0.027682 -0.146252
v 0.032151 0.027682 -0.146252
v 0.032151 0.027682 -0.146252
v 0.032151 0.027682 -0.146252
v 0.037039 0.020815 -0.147047
v 0.037039 0.020815 -0.147047
v 0.037039 0.020815 -0.147047
v 0.037039 0.020815 -0.147047
v 0.037039 0.020803 -0.147189
v 0.037039 0.020803 -0.147189
v 0.037039 0.020803 -0.147189
v 0.037039 0.020803 -0.147189
v 0.037039 0.020803 -0.147189
v 0.032611 0.026563 -0.155435
v 0.032611 0.026563 -0.155435
v 0.032611 0.026563 -0.155435
v 0.032611 0.026563 -0.155435
v 0.032611 0.026563 -0.155435
v 0.032611 0.026563 -0.155435
v 0.032611 0.026563 -0.155435
v 0.032611 0.026563 -0.155435
v 0.032611 0.026563 -0.155435
v 0.032611 0.026563 -0.155435
v 0.032611 0.026563 -0.155435
v 0.032611 0.026563 -0.155435
v 0.037019 0.020332 -0.152593
v 0.037019 0.020332 -0.152593
v 0.037019 0.020332 -0.152593
v 0.037019 0.020332 -0.152593
v 0.037281 0.019811 -0.155862
v 0.037281 0.019811 -0.155862
v 0.037281 0.019811 -0.155862
v 0.037281 0.019811 -0.155862
v 0.037281 0.019811 -0.155862
v 0.026448 0.033368 -0.145356
v 0.026448 0.033368 -0.145356
v 0.026448 0.033368 -0.145356
v 0.026448 0.033368 -0.145356
v 0.026448 0.033368 -0.145356
v 0.026446 0.033388 -0.145195
v 0.026446 0.033388 -0.145195
v 0.026446 0.033388 -0.145195
v 0.026446 0.033388 -0.145195
v 0.037795 0.020894 -0.139645
v 0.037795 0.020894 -0.139645
v 0.037795 0.020894 -0.139645
v 0.037795 0.020894 -0.139645
v 0.037795 0.020894 -0.139645
v 0.026879 0.032317 -0.154820
v 0.026879 0.032317 -0.154820
v 0.026879 0.032317 -0.154820
v 0.026879 0.032317 -0.154820
v 0.026879 0.032317 -0.154820
v 0.026867 0.032326 -0.154719
v 0.026867 0.032326 -0.154719
v 0.026867 0.032326 -0.154719
v 0.026867 0.032326 -0.154719
v 0.026501 0.032593 -0.151621
v 0.026501 0.032593 -0.151621
v 0.026501 0.032593 -0.151621
v 0.026501 0.032593 -0.151621
v 0.026501 0.032593 -0.151621
v 0.026485 0.032819 -0.149796
v 0.026485 0.032819 -0.149796
v 0.026485 0.032819 -0.149796
v 0.026485 0.032819 -0.149796
v 0.026485 0.032819 -0.149796
v 0.037297 0.019778 -0.156067
v 0.037297 0.019778 -0.156067
v 0.037297 0.019778 -0.156067
v 0.037297 0.019778 -0.156067
v 0.037297 0.019778 -0.156067
v 0.037883 0.018611 -0.163387
v 0.037883 0.018611 -0.163387
v 0.037883 0.018611 -0.163387
v 0.037883 0.018611 -0.163387
v 0.037883 0.018611 -0.163387
v 0.037945 0.018499 -0.164932
v 0.037945 0.018499 -0.164932
v 0.037945 0.018499 -0.164932
v 0.037945 0.018499 -0.164932
v 0.028033 0.031475 -0.164582
v 0.028033 0.031475 -0.164582
v 0.028033 0.031475 -0.164582
v 0.028033 0.031475 -0.164582
v 0.028033 0.031475 -0.164582
v 0.028033 0.031475 -0.164582
v 0.028033 0.031475 -0.164582
v 0.028031 0.031476 -0.164565
v 0.028031 0.031476 -0.164565
v 0.028031 0.031476 -0.164565
v 0.028031 0.031476 -0.164565
v 0.041854 -0.005755 -0.165880
v 0.041854 -0.005755 -0.165880
v 0.041854 -0.005755 -0.165880
v 0.041854 -0.005755 -0.165880
v 0.041853 -0.005760 -0.165935
v 0.041853 -0.005760 -0.165935
v 0.041853 -0.005760 -0.165935
v 0.041853 -0.005760 -0.165935
v 0.041853 -0.005760 -0.165935
v 0.041853 -0.005760 -0.165935
v 0.042254 0.000367 -0.165667
v 0.042254 0.000367 -0.165667
v 0.042254 0.000367 -0.165667
v 0.042254 0.000367 -0.165667
v 0.042254 0.000367 -0.165667
v 0.042254 0.000367 -0.165667
v 0.042254 0.000367 -0.165667
v 0.042254 0.000367 -0.165667
v 0.042254 0.000367 -0.165667
v 0.039609 0.015276 -0.147785
v 0.039609 0.015276 -0.147785
v 0.039609 0.015276 -0.147785
v 0.039609 0.015276 -0.147785
v 0.039609 0.015276 -0.147785
v 0.039609 0.015276 -0.147785
v 0.039609 0.015276 -0.147785
v 0.039609 0.015276 -0.147785
v 0.039609 0.015276 -0.147785
v 0.039609 0.015276 -0.147785
v 0.039609 0.015276 -0.147785
v 0.041459 0.009234 -0.148522
v 0.041459 0.009234 -0.148522
v 0.041459 0.009234 -0.148522
v 0.041459 0.009234 -0.148522
v 0.041459 0.009234 -0.148522
v 0.041459 0.009234 -0.148522
v 0.041459 0.009234 -0.148522
v 0.041459 0.009234 -0.148522
v 0.041526 0.008121 -0.156848
v 0.041526 0.008121 -0.156848
v 0.041526 0.008121 -0.156848
v 0.041526 0.008121 -0.156848
v 0.041526 0.008121 -0.156848
v 0.041526 0.008121 -0.156848
v 0.041526 0.008121 -0.156848
v 0.041526 0.008121 -0.156848
v 0.041741 0.006579 -0.165413
v 0.041741 0.006579 -0.165413
v 0.041741 0.006579 -0.165413
v 0.041741 0.006579 -0.165413
v 0.041741 0.006579 -0.165413
v 0.041741 0.006579 -0.165413
v 0.041741 0.006579 -0.165413
v 0.041741 0.006579 -0.165413
v 0.040309 0.012639 -0.165164
v 0.040309 0.012639 -0.165164
v 0.040309 0.012639 -0.165164
v 0.040309 0.012639 -0.165164
v 0.040309 0.012639 -0.165164
v 0.040309 0.012639 -0.165164
v 0.040309 0.012639 -0.165164
v 0.040309 0.012639 -0.165164
v 0.040309 0.012639 -0.165164
v 0.040309 0.012639 -0.165164
v 0.039179 0.015844 -0.173000
v 0.039179 0.015844 -0.173000
v 0.039179 0.015844 -0.173000
v 0.039179 0.015844 -0.173000
v 0.039179 0.015844 -0.173000
v 0.040456 0.012097 -0.173000
v 0.040456 0.012097 -0.173000
v 0.040456 0.012097 -0.173000
v 0.040456 0.012097 -0.173000
v 0.040696 0.011394 -0.173000
v 0.040696 0.011394 -0.173000
v 0.040696 0.011394 -0.173000
v 0.040696 0.011394 -0.173000
v 0.040696 0.011394 -0.173000
v 0.041817 0.006035 -0.173000
v 0.041817 0.006035 -0.173000
v 0.041817 0.006035 -0.173000
v 0.041817 0.006035 -0.173000
v 0.041713 0.006783 -0.173000
v 0.041713 0.006783 -0.173000
v 0.041713 0.006783 -0.173000
v 0.041713 0.006783 -0.173000
v 0.042253 -0.000167 -0.173000
v 0.042253 -0.000167 -0.173000
v 0.042253 -0.000167 -0.173000
v 0.042260 0.000211 -0.173000
v 0.042260 0.000211 -0.173000
v 0.042260 0.000211 -0.173000
v 0.042260 0.000211 -0.173000
v 0.042260 0.000211 -0.173000
v 0.041975 0.004908 -0.173000
v 0.041975 0.004908 -0.173000
v 0.041975 0.004908 -0.173000
v 0.041975 0.004908 -0.173000
v 0.042227 -0.001680 -0.173000
v 0.042227 -0.001680 -0.173000
v 0.042227 -0.001680 -0.173000
v 0.042227 -0.001680 -0.173000
v 0.041778 -0.006367 -0.173000
v 0.041778 -0.006367 -0.173000
v 0.041778 -0.006367 -0.173000
v 0.041778 -0.006367 -0.173000
v 0.042129 0.005713 -0.141888
v 0.042129 0.005713 -0.141888
v 0.042129 0.005713 -0.141888
v 0.042129 0.005713 -0.141888
v 0.042129 0.005713 -0.141888
v 0.042358 0.002480 -0.142366
v 0.042358 0.002480 -0.142366
v 0.042358 0.002480 -0.142366
v 0.042358 0.002480 -0.142366
v 0.042358 0.002480 -0.142366
v 0.042383 0.002950 -0.149270
v 0.042383 0.002950 -0.149270
v 0.042383 0.002950 -0.149270
v 0.042383 0.002950 -0.149270
v 0.042383 0.002950 -0.149270
v 0.042383 0.002950 -0.149270
v 0.042383 0.002950 -0.149270
v 0.042383 0.002950 -0.149270
v 0.042383 0.002950 -0.149270
v 0.042383 0.002950 -0.149270
v 0.042383 0.002950 -0.149270
v 0.042428 0.001487 -0.142513
v 0.042428 0.001487 -0.142513
v 0.042428 0.001487 -0.142513
v 0.042428 0.001487 -0.142513
v 0.042229 -0.003877 -0.143305
v 0.042229 -0.003877 -0.143305
v 0.042229 -0.003877 -0.143305
v 0.042229 -0.003877 -0.143305
v 0.042229 -0.003877 -0.143305
v 0.042381 -0.003481 -0.146714
v 0.042381 -0.003481 -0.146714
v 0.042381 -0.003481 -0.146714
v 0.042381 -0.003481 -0.146714
v 0.042381 -0.003481 -0.146714
v 0.042277 -0.002744 -0.143138
v 0.042277 -0.002744 -0.143138
v 0.042277 -0.002744 -0.143138
v 0.042277 -0.002744 -0.143138
v 0.042277 -0.002744 -0.143138
v 0.042447 0.001228 -0.142551
v 0.042447 0.001228 -0.142551
v 0.042447 0.001228 -0.142551
v 0.042447 0.001228 -0.142551
v 0.042447 0.001228 -0.142551
v 0.041633 0.008794 -0.141433
v 0.041633 0.008794 -0.141433
v 0.041633 0.008794 -0.141433
v 0.041633 0.008794 -0.141433
v 0.041633 0.008794 -0.141433
v 0.042085 0.006324 -0.141798
v 0.042085 0.006324 -0.141798
v 0.042085 0.006324 -0.141798
v 0.042085 0.006324 -0.141798
v 0.040092 0.014962 -0.140521
v 0.040092 0.014962 -0.140521
v 0.040092 0.014962 -0.140521
v 0.040092 0.014962 -0.140521
v 0.040092 0.014962 -0.140521
v 0.040092 0.014962 -0.140521
v 0.040092 0.014962 -0.140521
v 0.040384 0.013988 -0.140665
v 0.040384 0.013988 -0.140665
v 0.040384 0.013988 -0.140665
v 0.040384 0.013988 -0.140665
v 0.041153 0.011414 -0.141045
v 0.041153 0.011414 -0.141045
v 0.041153 0.011414 -0.141045
v 0.041153 0.011414 -0.141045
v 0.041153 0.011414 -0.141045
v 0.041153 0.011414 -0.141045
v 0.041432 0.009888 -0.141271
v 0.041432 0.009888 -0.141271
v 0.041432 0.009888 -0.141271
v 0.041432 0.009888 -0.141271
v 0.039005 0.017992 -0.140073
v 0.039005 0.017992 -0.140073
v 0.039005 0.017992 -0.140073
v 0.039005 0.017992 -0.140073
v 0.039647 0.016451 -0.140301
v 0.039647 0.016451 -0.140301
v 0.039647 0.016451 -0.140301
v 0.039647 0.016451 -0.140301
v 0.042312 -0.003618 -0.149761
v 0.042312 -0.003618 -0.149761
v 0.042312 -0.003618 -0.149761
v 0.042312 -0.003618 -0.149761
v 0.042312 -0.003618 -0.149761
v 0.042306 -0.003629 -0.150016
v 0.042306 -0.003629 -0.150016
v 0.042306 -0.003629 -0.150016
v 0.042306 -0.003629 -0.150016
v 0.042306 -0.003629 -0.150016
v 0.042279 0.001877 -0.157355
v 0.042279 0.001877 -0.157355
v 0.042279 0.001877 -0.157355
v 0.042279 0.001877 -0.157355
v 0.042279 0.001877 -0.157355
v 0.042279 0.001877 -0.157355
v 0.042279 0.001877 -0.157355
v 0.042279 0.001877 -0.157355
v 0.042212 -0.003816 -0.154149
v 0.042212 -0.003816 -0.154149
v 0.042212 -0.003816 -0.154149
v 0.042212 -0.003816 -0.154149
v 0.042212 -0.003816 -0.154149
v 0.039829 0.014151 -0.156353
v 0.039829 0.014151 -0.156353
v 0.039829 0.014151 -0.156353
v 0.039829 0.014151 -0.156353
v 0.039829 0.014151 -0.156353
v 0.042094 -0.004440 -0.157692
v 0.042094 -0.004440 -0.157692
v 0.042094 -0.004440 -0.157692
v 0.042094 -0.004440 -0.157692
v 0.042089 -0.004471 -0.157864
v 0.042089 -0.004471 -0.157864
v 0.042089 -0.004471 -0.157864
v 0.042089 -0.004471 -0.157864
v 0.042089 -0.004471 -0.157864
v 0.041869 -0.005633 -0.164457
v 0.041869 -0.005633 -0.164457
v 0.041869 -0.005633 -0.164457
v 0.041869 -0.005633 -0.164457
v 0.041869 -0.005633 -0.164457
v 0.029599 0.079949 -0.053137
v 0.029599 0.079949 -0.053137
v 0.029599 0.079949 -0.053137
v 0.029599 0.079949 -0.053137
v 0.029599 0.079949 -0.053137
v 0.029599 0.079949 -0.053137
v 0.029599 0.079949 -0.053137
v 0.029599 0.079949 -0.053137
v 0.029599 0.079949 -0.053137
v 0.029599 0.079949 -0.053137
v 0.018047 0.002856 -0.119616
v 0.018047 0.002856 -0.119616
v 0.018047 0.002856 -0.119616
v 0.018047 0.002856 -0.119616
v 0.018047 0.002856 -0.119616
v 0.018099 0.002281 -0.119836
v 0.018099 0.002281 -0.119836
v 0.018099 0.002281 -0.119836
v 0.018099 0.002281 -0.119836
v 0.018099 0.002281 -0.119836
v 0.018099 0.002281 -0.119836
v 0.022797 0.005931 -0.119279
v 0.022797 0.005931 -0.119279
v 0.022797 0.005931 -0.119279
v 0.022797 0.005931 -0.119279
v 0.022797 0.005931 -0.119279
v 0.022797 0.005931 -0.119279
v 0.022797 0.005931 -0.119279
v 0.022797 0.005931 -0.119279
v 0.019906 -0.016510 -0.127202
v 0.019906 -0.016510 -0.127202
v 0.019906 -0.016510 -0.127202
v 0.019906 -0.016510 -0.127202
v 0.019978 -0.017053 -0.127449
v 0.019978 -0.017053 -0.127449
v 0.019978 -0.017053 -0.127449
v 0.019978 -0.017053 -0.127449
v 0.019978 -0.017053 -0.127449
v 0.019978 -0.017053 -0.127449
v 0.025079 -0.012552 -0.126864
v 0.025079 -0.012552 -0.126864
v 0.025079 -0.012552 -0.126864
v 0.025079 -0.012552 -0.126864
v 0.025079 -0.012552 -0.126864
v 0.025079 -0.012552 -0.126864
v 0.025079 -0.012552 -0.126864
v 0.025079 -0.012552 -0.126864
v 0.032742 -0.026135 -0.142607
v 0.032742 -0.026135 -0.142607
v 0.032742 -0.026135 -0.142607
v 0.032742 -0.026135 -0.142607
v 0.032742 -0.026135 -0.142607
v 0.032742 -0.026135 -0.142607
v 0.032742 -0.026135 -0.142607
v 0.032742 -0.026135 -0.142607
v 0.035121 -0.022711 -0.142168
v 0.035121 -0.022711 -0.142168
v 0.035121 -0.022711 -0.142168
v 0.035121 -0.022711 -0.142168
v 0.035121 -0.022711 -0.142168
v 0.035121 -0.022711 -0.142168
v 0.035121 -0.022711 -0.142168
v 0.033872 -0.021561 -0.137847
v 0.033872 -0.021561 -0.137847
v 0.033872 -0.021561 -0.137847
v 0.033872 -0.021561 -0.137847
v 0.033872 -0.021561 -0.137847
v 0.033872 -0.021561 -0.137847
v 0.033872 -0.021561 -0.137847
v 0.023689 -0.034740 -0.143434
v 0.023689 -0.034740 -0.143434
v 0.023689 -0.034740 -0.143434
v 0.023689 -0.034740 -0.143434
v 0.023720 -0.034755 -0.143706
v 0.023720 -0.034755 -0.143706
v 0.023720 -0.034755 -0.143706
v 0.023720 -0.034755 -0.143706
v 0.023720 -0.034755 -0.143706
v 0.023720 -0.034755 -0.143706
v 0.027022 -0.032205 -0.143377
v 0.027022 -0.032205 -0.143377
v 0.027022 -0.032205 -0.143377
v 0.027022 -0.032205 -0.143377
v 0.027022 -0.032205 -0.143377
v 0.027022 -0.032205 -0.143377
v 0.027022 -0.032205 -0.143377
v 0.027022 -0.032205 -0.143377
v 0.027022 -0.032205 -0.143377
v 0.027022 -0.032205 -0.143377
v 0.027022 -0.032205 -0.143377
v 0.039215 0.031655 -0.121431
v 0.039215 0.031655 -0.121431
v 0.039215 0.031655 -0.121431
v 0.039215 0.031655 -0.121431
v 0.039215 0.031655 -0.121431
v 0.039215 0.031655 -0.121431
v 0.039215 0.031655 -0.121431
v 0.039483 0.024376 -0.128922
v 0.039483 0.024376 -0.128922
v 0.039483 0.024376 -0.128922
v 0.039483 0.024376 -0.128922
v 0.039483 0.024376 -0.128922
v 0.039483 0.024376 -0.128922
v 0.039483 0.024376 -0.128922
v 0.039966 0.011389 -0.123414
v 0.039966 0.011389 -0.123414
v 0.039966 0.011389 -0.123414
v 0.039966 0.011389 -0.123414
v 0.039966 0.011389 -0.123414
v 0.039966 0.011389 -0.123414
v 0.039966 0.011389 -0.123414
v 0.039320 0.017857 -0.119451
v 0.039320 0.017857 -0.119451
v 0.039320 0.017857 -0.119451
v 0.039320 0.017857 -0.119451
v 0.039320 0.017857 -0.119451
v 0.037786 0.014347 -0.120038
v 0.037786 0.014347 -0.120038
v 0.037786 0.014347 -0.120038
v 0.037786 0.014347 -0.120038
v 0.037786 0.014347 -0.120038
v 0.037786 0.014347 -0.120038
v 0.037786 0.014347 -0.120038
v 0.037786 0.014347 -0.120038
v 0.029826 0.078890 -0.061548
v 0.029826 0.078890 -0.061548
v 0.029826 0.078890 -0.061548
v 0.029826 0.078890 -0.061548
v 0.029826 0.078890 -0.061548
v 0.029826 0.078890 -0.061548
v 0.033182 0.070612 -0.079924
v 0.033182 0.070612 -0.079924
v 0.033182 0.070612 -0.079924
v 0.033182 0.070612 -0.079924
v 0.033182 0.070612 -0.079924
v 0.034946 0.068605 -0.080379
v 0.034946 0.068605 -0.080379
v 0.034946 0.068605 -0.080379
v 0.034946 0.068605 -0.080379
v 0.034946 0.068605 -0.080379
v 0.034946 0.068605 -0.080379
v 0.035647 0.062739 -0.088890
v 0.035647 0.062739 -0.088890
v 0.035647 0.062739 -0.088890
v 0.035647 0.062739 -0.088890
v 0.035647 0.062739 -0.088890
v 0.035647 0.062739 -0.088890
v 0.024765 0.062540 -0.054367
v 0.024765 0.062540 -0.054367
v 0.024765 0.062540 -0.054367
v 0.024765 0.062540 -0.054367
v 0.024765 0.062540 -0.054367
v 0.024765 0.062540 -0.054367
v 0.024765 0.062540 -0.054367
v 0.024765 0.062540 -0.054367
v 0.024765 0.062540 -0.054367
v 0.024765 0.062540 -0.054367
v 0.029559 0.064385 -0.054081
v 0.029559 0.064385 -0.054081
v 0.029559 0.064385 -0.054081
v 0.029559 0.064385 -0.054081
v 0.029559 0.064385 -0.054081
v 0.029559 0.064385 -0.054081
v 0.029559 0.064385 -0.054081
v 0.029559 0.064385 -0.054081
v 0.029559 0.064385 -0.054081
v 0.029534 0.063162 -0.063552
v 0.029534 0.063162 -0.063552
v 0.029534 0.063162 -0.063552
v 0.029534 0.063162 -0.063552
v 0.029534 0.063162 -0.063552
v 0.029534 0.063162 -0.063552
v 0.033958 0.065962 -0.062960
v 0.033958 0.065962 -0.062960
v 0.033958 0.065962 -0.062960
v 0.033958 0.065962 -0.062960
v 0.033958 0.065962 -0.062960
v 0.033958 0.065962 -0.062960
v 0.026054 -0.033569 -0.147693
v 0.026054 -0.033569 -0.147693
v 0.026054 -0.033569 -0.147693
v 0.026054 -0.033569 -0.147693
v 0.027545 -0.032343 -0.147512
v 0.027545 -0.032343 -0.147512
v 0.027545 -0.032343 -0.147512
v 0.027545 -0.032343 -0.147512
v 0.027545 -0.032343 -0.147512
v 0.030428 -0.029613 -0.147109
v 0.030428 -0.029613 -0.147109
v 0.030428 -0.029613 -0.147109
v 0.030428 -0.029613 -0.147109
v 0.030628 -0.029411 -0.147079
v 0.030628 -0.029411 -0.147079
v 0.030628 -0.029411 -0.147079
v 0.030628 -0.029411 -0.147079
v 0.030036 -0.029311 -0.143011
v 0.030036 -0.029311 -0.143011
v 0.030036 -0.029311 -0.143011
v 0.030036 -0.029311 -0.143011
v 0.030036 -0.029311 -0.143011
v 0.030036 -0.029311 -0.143011
v 0.030036 -0.029311 -0.143011
v 0.030036 -0.029311 -0.143011
v 0.031608 -0.028421 -0.146933
v 0.031608 -0.028421 -0.146933
v 0.031608 -0.028421 -0.146933
v 0.031608 -0.028421 -0.146933
v 0.031608 -0.028421 -0.146933
v 0.033395 -0.026185 -0.146602
v 0.033395 -0.026185 -0.146602
v 0.033395 -0.026185 -0.146602
v 0.033395 -0.026185 -0.146602
v 0.033395 -0.026185 -0.146602
v 0.040489 -0.012564 -0.144589
v 0.040489 -0.012564 -0.144589
v 0.040489 -0.012564 -0.144589
v 0.040489 -0.012564 -0.144589
v 0.040489 -0.012564 -0.144589
v 0.040862 -0.011079 -0.144369
v 0.040862 -0.011079 -0.144369
v 0.040862 -0.011079 -0.144369
v 0.040862 -0.011079 -0.144369
v 0.040862 -0.011079 -0.144369
v 0.040210 -0.011322 -0.140669
v 0.040210 -0.011322 -0.140669
v 0.040210 -0.011322 -0.140669
v 0.040210 -0.011322 -0.140669
v 0.040210 -0.011322 -0.140669
v 0.040210 -0.011322 -0.140669
v 0.040210 -0.011322 -0.140669
v 0.040210 -0.011322 -0.140669
v 0.041357 -0.009113 -0.144079
v 0.041357 -0.009113 -0.144079
v 0.041357 -0.009113 -0.144079
v 0.041357 -0.009113 -0.144079
v 0.037319 -0.020114 -0.145705
v 0.037319 -0.020114 -0.145705
v 0.037319 -0.020114 -0.145705
v 0.037319 -0.020114 -0.145705
v 0.037319 -0.020114 -0.145705
v 0.038903 -0.016909 -0.145231
v 0.038903 -0.016909 -0.145231
v 0.038903 -0.016909 -0.145231
v 0.038903 -0.016909 -0.145231
v 0.038903 -0.016909 -0.145231
v 0.038856 -0.015270 -0.141198
v 0.038856 -0.015270 -0.141198
v 0.038856 -0.015270 -0.141198
v 0.038856 -0.015270 -0.141198
v 0.038856 -0.015270 -0.141198
v 0.038856 -0.015270 -0.141198
v 0.038856 -0.015270 -0.141198
v 0.038856 -0.015270 -0.141198
v 0.038856 -0.015270 -0.141198
v 0.039560 -0.015108 -0.144965
v 0.039560 -0.015108 -0.144965
v 0.039560 -0.015108 -0.144965
v 0.039560 -0.015108 -0.144965
v 0.039694 -0.014742 -0.144911
v 0.039694 -0.014742 -0.144911
v 0.039694 -0.014742 -0.144911
v 0.039694 -0.014742 -0.144911
v 0.034242 -0.025125 -0.146446
v 0.034242 -0.025125 -0.146446
v 0.034242 -0.025125 -0.146446
v 0.034242 -0.025125 -0.146446
v 0.034399 -0.024928 -0.146417
v 0.034399 -0.024928 -0.146417
v 0.034399 -0.024928 -0.146417
v 0.034399 -0.024928 -0.146417
v 0.034399 -0.024928 -0.146417
v 0.035820 -0.022702 -0.146088
v 0.035820 -0.022702 -0.146088
v 0.035820 -0.022702 -0.146088
v 0.035820 -0.022702 -0.146088
v 0.035820 -0.022702 -0.146088
v 0.036795 -0.021174 -0.145862
v 0.036795 -0.021174 -0.145862
v 0.036795 -0.021174 -0.145862
v 0.036795 -0.021174 -0.145862
v 0.028522 -0.031540 -0.147394
v 0.028522 -0.031540 -0.147394
v 0.028522 -0.031540 -0.147394
v 0.028522 -0.031540 -0.147394
v 0.028522 -0.031540 -0.147394
v 0.025237 -0.034240 -0.147793
v 0.025237 -0.034240 -0.147793
v 0.025237 -0.034240 -0.147793
v 0.025237 -0.034240 -0.147793
v 0.025237 -0.034240 -0.147793
v 0.024200 -0.034984 -0.147903
v 0.024200 -0.034984 -0.147903
v 0.024200 -0.034984 -0.147903
v 0.024200 -0.034984 -0.147903
v 0.024200 -0.034984 -0.147903
v 0.039669 0.017879 -0.136749
v 0.039669 0.017879 -0.136749
v 0.039669 0.017879 -0.136749
v 0.039669 0.017879 -0.136749
v 0.039669 0.017879 -0.136749
v 0.039669 0.017879 -0.136749
v 0.039669 0.017879 -0.136749
v 0.040866 0.013744 -0.137262
v 0.040866 0.013744 -0.137262
v 0.040866 0.013744 -0.137262
v 0.040866 0.013744 -0.137262
v 0.040866 0.013744 -0.137262
v 0.040866 0.013744 -0.137262
v 0.040866 0.013744 -0.137262
v 0.041692 0.009545 -0.137803
v 0.041692 0.009545 -0.137803
v 0.041692 0.009545 -0.137803
v 0.041692 0.009545 -0.137803
v 0.041692 0.009545 -0.137803
v 0.041692 0.009545 -0.137803
v 0.041692 0.009545 -0.137803
v 0.042148 0.005313 -0.138368
v 0.042148 0.005313 -0.138368
v 0.042148 0.005313 -0.138368
v 0.042148 0.005313 -0.138368
v 0.042148 0.005313 -0.138368
v 0.042148 0.005313 -0.138368
v 0.042148 0.005313 -0.138368
v 0.042148 0.005313 -0.138368
v 0.042224 0.001079 -0.138953
v 0.042224 0.001079 -0.138953
v 0.042224 0.001079 -0.138953
v 0.042224 0.001079 -0.138953
v 0.042224 0.001079 -0.138953
v 0.042224 0.001079 -0.138953
v 0.042224 0.001079 -0.138953
v 0.041579 -0.008228 -0.143948
v 0.041579 -0.008228 -0.143948
v 0.041579 -0.008228 -0.143948
v 0.041579 -0.008228 -0.143948
v 0.041579 -0.008228 -0.143948
v 0.041771 -0.006945 -0.143759
v 0.041771 -0.006945 -0.143759
v 0.041771 -0.006945 -0.143759
v 0.041771 -0.006945 -0.143759
v 0.041771 -0.006945 -0.143759
v 0.041771 -0.006945 -0.143759
v 0.041227 -0.007264 -0.140116
v 0.041227 -0.007264 -0.140116
v 0.041227 -0.007264 -0.140116
v 0.041227 -0.007264 -0.140116
v 0.041227 -0.007264 -0.140116
v 0.041227 -0.007264 -0.140116
v 0.041906 -0.003123 -0.139542
v 0.041906 -0.003123 -0.139542
v 0.041906 -0.003123 -0.139542
v 0.041906 -0.003123 -0.139542
v 0.041906 -0.003123 -0.139542
v 0.041906 -0.003123 -0.139542
v 0.041906 -0.003123 -0.139542
v 0.041906 -0.003123 -0.139542
v 0.021192 0.026625 -0.109172
v 0.021192 0.026625 -0.109172
v 0.021192 0.026625 -0.109172
v 0.021192 0.026625 -0.109172
v 0.021192 0.026625 -0.109172
v 0.021192 0.026625 -0.109172
v 0.021192 0.026625 -0.109172
v 0.021192 0.026625 -0.109172
v 0.016484 0.023988 -0.109936
v 0.016484 0.023988 -0.109936
v 0.016484 0.023988 -0.109936
v 0.016484 0.023988 -0.109936
v 0.016599 0.021998 -0.111162
v 0.016599 0.021998 -0.111162
v 0.016599 0.021998 -0.111162
v 0.016599 0.021998 -0.111162
v 0.016599 0.021998 -0.111162
v 0.021903 0.016305 -0.114695
v 0.021903 0.016305 -0.114695
v 0.021903 0.016305 -0.114695
v 0.021903 0.016305 -0.114695
v 0.021903 0.016305 -0.114695
v 0.021903 0.016305 -0.114695
v 0.021903 0.016305 -0.114695
v 0.015898 0.034445 -0.103010
v 0.015898 0.034445 -0.103010
v 0.015898 0.034445 -0.103010
v 0.015898 0.034445 -0.103010
v 0.015898 0.034445 -0.103010
v 0.020659 0.036299 -0.102482
v 0.020659 0.036299 -0.102482
v 0.020659 0.036299 -0.102482
v 0.020659 0.036299 -0.102482
v 0.020659 0.036299 -0.102482
v 0.020659 0.036299 -0.102482
v 0.020659 0.036299 -0.102482
v 0.020453 0.040730 -0.098660
v 0.020453 0.040730 -0.098660
v 0.020453 0.040730 -0.098660
v 0.020453 0.040730 -0.098660
v 0.020453 0.040730 -0.098660
v 0.020453 0.040730 -0.098660
v 0.020453 0.040730 -0.098660
v 0.020453 0.040730 -0.098660
v 0.015303 0.046974 -0.090922
v 0.015303 0.046974 -0.090922
v 0.015303 0.046974 -0.090922
v 0.015303 0.046974 -0.090922
v 0.015303 0.046974 -0.090922
v 0.015470 0.043228 -0.095033
v 0.015470 0.043228 -0.095033
v 0.015470 0.043228 -0.095033
v 0.015470 0.043228 -0.095033
v 0.015470 0.043228 -0.095033
v 0.020151 0.048507 -0.090067
v 0.020151 0.048507 -0.090067
v 0.020151 0.048507 -0.090067
v 0.020151 0.048507 -0.090067
v 0.020151 0.048507 -0.090067
v 0.020151 0.048507 -0.090067
v 0.020151 0.048507 -0.090067
v 0.020151 0.048507 -0.090067
v 0.020285 0.044815 -0.094517
v 0.020285 0.044815 -0.094517
v 0.020285 0.044815 -0.094517
v 0.020285 0.044815 -0.094517
v 0.020285 0.044815 -0.094517
v 0.020285 0.044815 -0.094517
v 0.015481 0.042990 -0.095294
v 0.015481 0.042990 -0.095294
v 0.015481 0.042990 -0.095294
v 0.015481 0.042990 -0.095294
v 0.015481 0.042990 -0.095294
v 0.015599 0.040348 -0.098194
v 0.015599 0.040348 -0.098194
v 0.015599 0.040348 -0.098194
v 0.015599 0.040348 -0.098194
v 0.015599 0.040348 -0.098194
v 0.015664 0.039074 -0.099233
v 0.015664 0.039074 -0.099233
v 0.015664 0.039074 -0.099233
v 0.015664 0.039074 -0.099233
v 0.015679 0.038770 -0.099481
v 0.015679 0.038770 -0.099481
v 0.015679 0.038770 -0.099481
v 0.015679 0.038770 -0.099481
v 0.015679 0.038770 -0.099481
v 0.015915 0.034110 -0.103283
v 0.015915 0.034110 -0.103283
v 0.015915 0.034110 -0.103283
v 0.015915 0.034110 -0.103283
v 0.016020 0.032017 -0.104990
v 0.016020 0.032017 -0.104990
v 0.016020 0.032017 -0.104990
v 0.016020 0.032017 -0.104990
v 0.016020 0.032017 -0.104990
v 0.016020 0.032017 -0.104990
v 0.016459 0.024420 -0.109670
v 0.016459 0.024420 -0.109670
v 0.016459 0.024420 -0.109670
v 0.016459 0.024420 -0.109670
v 0.015069 0.052850 -0.081996
v 0.015069 0.052850 -0.081996
v 0.015069 0.052850 -0.081996
v 0.015069 0.052850 -0.081996
v 0.015069 0.052850 -0.081996
v 0.015069 0.052850 -0.081996
v 0.015168 0.050367 -0.085805
v 0.015168 0.050367 -0.085805
v 0.015168 0.050367 -0.085805
v 0.015168 0.050367 -0.085805
v 0.020047 0.051762 -0.085337
v 0.020047 0.051762 -0.085337
v 0.020047 0.051762 -0.085337
v 0.020047 0.051762 -0.085337
v 0.020047 0.051762 -0.085337
v 0.020047 0.051762 -0.085337
v 0.015174 0.050215 -0.086039
v 0.015174 0.050215 -0.086039
v 0.015174 0.050215 -0.086039
v 0.015174 0.050215 -0.086039
v 0.015174 0.050215 -0.086039
v 0.015174 0.050215 -0.086039
v 0.015294 0.047177 -0.090700
v 0.015294 0.047177 -0.090700
v 0.015294 0.047177 -0.090700
v 0.015294 0.047177 -0.090700
v 0.014910 0.057446 -0.070501
v 0.014910 0.057446 -0.070501
v 0.014910 0.057446 -0.070501
v 0.014910 0.057446 -0.070501
v 0.014910 0.057446 -0.070501
v 0.014927 0.056902 -0.072646
v 0.014927 0.056902 -0.072646
v 0.014927 0.056902 -0.072646
v 0.014927 0.056902 -0.072646
v 0.014927 0.056902 -0.072646
v 0.024761 0.058320 -0.074420
v 0.024761 0.058320 -0.074420
v 0.024761 0.058320 -0.074420
v 0.024761 0.058320 -0.074420
v 0.024761 0.058320 -0.074420
v 0.024761 0.058320 -0.074420
v 0.024761 0.058320 -0.074420
v 0.024761 0.058320 -0.074420
v 0.024761 0.058320 -0.074420
v 0.014972 0.055611 -0.075624
v 0.014972 0.055611 -0.075624
v 0.014972 0.055611 -0.075624
v 0.014972 0.055611 -0.075624
v 0.014975 0.055530 -0.075811
v 0.014975 0.055530 -0.075811
v 0.014975 0.055530 -0.075811
v 0.014975 0.055530 -0.075811
v 0.014975 0.055530 -0.075811
v 0.014866 0.058841 -0.065001
v 0.014866 0.058841 -0.065001
v 0.014866 0.058841 -0.065001
v 0.014866 0.058841 -0.065001
v 0.014867 0.058809 -0.065127
v 0.014867 0.058809 -0.065127
v 0.014867 0.058809 -0.065127
v 0.014867 0.058809 -0.065127
v 0.014867 0.058809 -0.065127
v 0.024758 0.061279 -0.064150
v 0.024758 0.061279 -0.064150
v 0.024758 0.061279 -0.064150
v 0.024758 0.061279 -0.064150
v 0.024758 0.061279 -0.064150
v 0.024758 0.061279 -0.064150
v 0.024758 0.061279 -0.064150
v 0.024758 0.061279 -0.064150
v 0.024758 0.061279 -0.064150
v 0.014909 0.057487 -0.070339
v 0.014909 0.057487 -0.070339
v 0.014909 0.057487 -0.070339
v 0.014909 0.057487 -0.070339
v 0.014909 0.057487 -0.070339
v 0.024757 0.060034 -0.069282
v 0.024757 0.060034 -0.069282
v 0.024757 0.060034 -0.069282
v 0.024757 0.060034 -0.069282
v 0.024757 0.060034 -0.069282
v 0.015056 0.053242 -0.081092
v 0.015056 0.053242 -0.081092
v 0.015056 0.053242 -0.081092
v 0.015056 0.053242 -0.081092
v 0.015056 0.053242 -0.081092
v 0.024804 0.053458 -0.084361
v 0.024804 0.053458 -0.084361
v 0.024804 0.053458 -0.084361
v 0.024804 0.053458 -0.084361
v 0.024804 0.053458 -0.084361
v 0.024804 0.053458 -0.084361
v 0.024804 0.053458 -0.084361
v 0.024853 0.050343 -0.089033
v 0.024853 0.050343 -0.089033
v 0.024853 0.050343 -0.089033
v 0.024853 0.050343 -0.089033
v 0.024853 0.050343 -0.089033
v 0.024853 0.050343 -0.089033
v 0.024927 0.046815 -0.093446
v 0.024927 0.046815 -0.093446
v 0.024927 0.046815 -0.093446
v 0.024927 0.046815 -0.093446
v 0.024927 0.046815 -0.093446
v 0.024927 0.046815 -0.093446
v 0.025175 0.038697 -0.101400
v 0.025175 0.038697 -0.101400
v 0.025175 0.038697 -0.101400
v 0.025175 0.038697 -0.101400
v 0.025175 0.038697 -0.101400
v 0.025175 0.038697 -0.101400
v 0.025175 0.038697 -0.101400
v 0.029469 0.055606 -0.083276
v 0.029469 0.055606 -0.083276
v 0.029469 0.055606 -0.083276
v 0.029469 0.055606 -0.083276
v 0.029469 0.055606 -0.083276
v 0.029469 0.055606 -0.083276
v 0.029478 0.058179 -0.078479
v 0.029478 0.058179 -0.078479
v 0.029478 0.058179 -0.078479
v 0.029478 0.058179 -0.078479
v 0.029478 0.058179 -0.078479
v 0.024775 0.056125 -0.079471
v 0.024775 0.056125 -0.079471
v 0.024775 0.056125 -0.079471
v 0.024775 0.056125 -0.079471
v 0.024775 0.056125 -0.079471
v 0.024775 0.056125 -0.079471
v 0.015052 0.053338 -0.080871
v 0.015052 0.053338 -0.080871
v 0.015052 0.053338 -0.080871
v 0.015052 0.053338 -0.080871
v 0.015052 0.053338 -0.080871
v 0.033927 0.063165 -0.072662
v 0.033927 0.063165 -0.072662
v 0.033927 0.063165 -0.072662
v 0.033927 0.063165 -0.072662
v 0.033927 0.063165 -0.072662
v 0.033927 0.063165 -0.072662
v 0.029495 0.060299 -0.073543
v 0.029495 0.060299 -0.073543
v 0.029495 0.060299 -0.073543
v 0.029495 0.060299 -0.073543
v 0.029495 0.060299 -0.073543
v 0.029495 0.060299 -0.073543
v 0.029495 0.060299 -0.073543
v 0.033905 0.058599 -0.082163
v 0.033905 0.058599 -0.082163
v 0.033905 0.058599 -0.082163
v 0.033905 0.058599 -0.082163
v 0.033905 0.058599 -0.082163
v 0.033905 0.058599 -0.082163
v 0.033905 0.058599 -0.082163
v 0.033926 0.052419 -0.090975
v 0.033926 0.052419 -0.090975
v 0.033926 0.052419 -0.090975
v 0.033926 0.052419 -0.090975
v 0.033926 0.052419 -0.090975
v 0.033926 0.052419 -0.090975
v 0.033926 0.052419 -0.090975
v 0.014821 0.060386 -0.053473
v 0.014821 0.060386 -0.053473
v 0.014821 0.060386 -0.053473
v 0.014821 0.060386 -0.053473
v 0.014821 0.060386 -0.053473
v 0.014825 0.060242 -0.054785
v 0.014825 0.060242 -0.054785
v 0.014825 0.060242 -0.054785
v 0.014825 0.060242 -0.054785
v 0.014825 0.060242 -0.054785
v 0.014825 0.060236 -0.054843
v 0.014825 0.060236 -0.054843
v 0.014825 0.060236 -0.054843
v 0.014825 0.060236 -0.054843
v 0.014825 0.060236 -0.054843
v 0.014851 0.059335 -0.063050
v 0.014851 0.059335 -0.063050
v 0.014851 0.059335 -0.063050
v 0.014851 0.059335 -0.063050
v 0.014851 0.059335 -0.063050
v 0.036634 0.030537 -0.110746
v 0.036634 0.030537 -0.110746
v 0.036634 0.030537 -0.110746
v 0.036634 0.030537 -0.110746
v 0.036634 0.030537 -0.110746
v 0.038167 0.033664 -0.110139
v 0.038167 0.033664 -0.110139
v 0.038167 0.033664 -0.110139
v 0.038167 0.033664 -0.110139
v 0.038167 0.033664 -0.110139
v 0.038167 0.033664 -0.110139
v 0.038167 0.033664 -0.110139
v 0.037104 0.040501 -0.104643
v 0.037104 0.040501 -0.104643
v 0.037104 0.040501 -0.104643
v 0.037104 0.040501 -0.104643
v 0.037104 0.040501 -0.104643
v 0.037104 0.040501 -0.104643
v 0.030415 0.068971 -0.087422
v 0.030415 0.068971 -0.087422
v 0.030415 0.068971 -0.087422
v 0.030415 0.068971 -0.087422
v 0.030415 0.068971 -0.087422
v 0.030415 0.068971 -0.087422
v 0.030415 0.068971 -0.087422
v 0.032015 0.062992 -0.095052
v 0.032015 0.062992 -0.095052
v 0.032015 0.062992 -0.095052
v 0.032015 0.062992 -0.095052
v 0.032015 0.062992 -0.095052
v 0.032015 0.062992 -0.095052
v 0.033754 0.056460 -0.101819
v 0.033754 0.056460 -0.101819
v 0.033754 0.056460 -0.101819
v 0.033754 0.056460 -0.101819
v 0.033754 0.056460 -0.101819
v 0.033754 0.056460 -0.101819
v 0.033754 0.056460 -0.101819
v 0.036260 0.039081 -0.104953
v 0.036260 0.039081 -0.104953
v 0.036260 0.039081 -0.104953
v 0.036260 0.039081 -0.104953
v 0.036260 0.039081 -0.104953
v 0.036260 0.039081 -0.104953
v 0.036802 0.048603 -0.097885
v 0.036802 0.048603 -0.097885
v 0.036802 0.048603 -0.097885
v 0.036802 0.048603 -0.097885
v 0.036802 0.048603 -0.097885
v 0.036802 0.048603 -0.097885
v 0.036008 0.047251 -0.098179
v 0.036008 0.047251 -0.098179
v 0.036008 0.047251 -0.098179
v 0.036008 0.047251 -0.098179
v 0.036008 0.047251 -0.098179
v 0.036008 0.047251 -0.098179
v 0.036591 0.055904 -0.090115
v 0.036591 0.055904 -0.090115
v 0.036591 0.055904 -0.090115
v 0.036591 0.055904 -0.090115
v 0.036591 0.055904 -0.090115
v 0.036591 0.055904 -0.090115
v 0.035856 0.054594 -0.090381
v 0.035856 0.054594 -0.090381
v 0.035856 0.054594 -0.090381
v 0.035856 0.054594 -0.090381
v 0.035856 0.054594 -0.090381
v 0.035856 0.054594 -0.090381
v 0.036458 0.061992 -0.081428
v 0.036458 0.061992 -0.081428
v 0.036458 0.061992 -0.081428
v 0.036458 0.061992 -0.081428
v 0.036458 0.061992 -0.081428
v 0.036458 0.061992 -0.081428
v 0.035779 0.060703 -0.081654
v 0.035779 0.060703 -0.081654
v 0.035779 0.060703 -0.081654
v 0.035779 0.060703 -0.081654
v 0.035779 0.060703 -0.081654
v 0.035779 0.060703 -0.081654
v 0.036384 0.066517 -0.072092
v 0.036384 0.066517 -0.072092
v 0.036384 0.066517 -0.072092
v 0.036384 0.066517 -0.072092
v 0.036384 0.066517 -0.072092
v 0.036384 0.066517 -0.072092
v 0.035750 0.065233 -0.072266
v 0.035750 0.065233 -0.072266
v 0.035750 0.065233 -0.072266
v 0.035750 0.065233 -0.072266
v 0.035750 0.065233 -0.072266
v 0.035750 0.065233 -0.072266
v 0.036351 0.069300 -0.062584
v 0.036351 0.069300 -0.062584
v 0.036351 0.069300 -0.062584
v 0.036351 0.069300 -0.062584
v 0.036351 0.069300 -0.062584
v 0.036351 0.069300 -0.062584
v 0.035747 0.068016 -0.062698
v 0.035747 0.068016 -0.062698
v 0.035747 0.068016 -0.062698
v 0.035747 0.068016 -0.062698
v 0.035747 0.068016 -0.062698
v 0.035747 0.068016 -0.062698
v 0.037698 0.042042 -0.104356
v 0.037698 0.042042 -0.104356
v 0.037698 0.042042 -0.104356
v 0.037698 0.042042 -0.104356
v 0.037698 0.042042 -0.104356
v 0.037314 0.050084 -0.097613
v 0.037314 0.050084 -0.097613
v 0.037314 0.050084 -0.097613
v 0.037314 0.050084 -0.097613
v 0.037314 0.050084 -0.097613
v 0.037314 0.050084 -0.097613
v 0.037017 0.057349 -0.089871
v 0.037017 0.057349 -0.089871
v 0.037017 0.057349 -0.089871
v 0.037017 0.057349 -0.089871
v 0.037017 0.057349 -0.089871
v 0.037017 0.057349 -0.089871
v 0.036804 0.063424 -0.081223
v 0.036804 0.063424 -0.081223
v 0.036804 0.063424 -0.081223
v 0.036804 0.063424 -0.081223
v 0.036804 0.063424 -0.081223
v 0.036804 0.063424 -0.081223
v 0.036667 0.067949 -0.071935
v 0.036667 0.067949 -0.071935
v 0.036667 0.067949 -0.071935
v 0.036667 0.067949 -0.071935
v 0.036667 0.067949 -0.071935
v 0.036667 0.067949 -0.071935
v 0.036593 0.070736 -0.062481
v 0.036593 0.070736 -0.062481
v 0.036593 0.070736 -0.062481
v 0.036593 0.070736 -0.062481
v 0.036593 0.070736 -0.062481
v 0.033977 0.067160 -0.053802
v 0.033977 0.067160 -0.053802
v 0.033977 0.067160 -0.053802
v 0.033977 0.067160 -0.053802
v 0.033977 0.067160 -0.053802
v 0.033977 0.067160 -0.053802
v 0.033977 0.067160 -0.053802
v 0.035751 0.069208 -0.053679
v 0.035751 0.069208 -0.053679
v 0.035751 0.069208 -0.053679
v 0.035751 0.069208 -0.053679
v 0.035751 0.069208 -0.053679
v 0.035751 0.069208 -0.053679
v 0.035751 0.069208 -0.053679
v 0.035764 0.074714 -0.053484
v 0.035764 0.074714 -0.053484
v 0.035764 0.074714 -0.053484
v 0.035764 0.074714 -0.053484
v 0.035764 0.074714 -0.053484
v 0.035764 0.074714 -0.053484
v 0.035764 0.074714 -0.053484
v 0.035764 0.074714 -0.053484
v 0.036565 0.071932 -0.053579
v 0.036565 0.071932 -0.053579
v 0.036565 0.071932 -0.053579
v 0.036565 0.071932 -0.053579
v 0.036565 0.071932 -0.053579
v 0.036565 0.071932 -0.053579
v 0.036565 0.071932 -0.053579
v 0.036565 0.071932 -0.053579
v 0.036565 0.071932 -0.053579
v 0.036565 0.071932 -0.053579
v 0.036340 0.070493 -0.053627
v 0.036340 0.070493 -0.053627
v 0.036340 0.070493 -0.053627
v 0.036340 0.070493 -0.053627
v 0.036340 0.070493 -0.053627
v 0.036340 0.070493 -0.053627
v 0.029081 0.074019 -0.079048
v 0.029081 0.074019 -0.079048
v 0.029081 0.074019 -0.079048
v 0.029081 0.074019 -0.079048
v 0.029081 0.074019 -0.079048
v 0.029081 0.074019 -0.079048
v 0.029081 0.074019 -0.079048
v 0.030740 0.074592 -0.075054
v 0.030740 0.074592 -0.075054
v 0.030740 0.074592 -0.075054
v 0.030740 0.074592 -0.075054
v 0.030740 0.074592 -0.075054
v 0.030740 0.074592 -0.075054
v 0.030740 0.074592 -0.075054
v 0.030351 0.076415 -0.070548
v 0.030351 0.076415 -0.070548
v 0.030351 0.076415 -0.070548
v 0.030351 0.076415 -0.070548
v 0.030351 0.076415 -0.070548
v 0.030351 0.076415 -0.070548
v 0.034001 0.076886 -0.053375
v 0.034001 0.076886 -0.053375
v 0.034001 0.076886 -0.053375
v 0.034001 0.076886 -0.053375
v 0.034001 0.076886 -0.053375
v 0.034001 0.076886 -0.053375
v 0.034001 0.076886 -0.053375
v 0.034001 0.076886 -0.053375
v 0.032062 0.077456 -0.061798
v 0.032062 0.077456 -0.061798
v 0.032062 0.077456 -0.061798
v 0.032062 0.077456 -0.061798
v 0.032062 0.077456 -0.061798
v 0.032062 0.077456 -0.061798
v 0.034132 0.075720 -0.062045
v 0.034132 0.075720 -0.062045
v 0.034132 0.075720 -0.062045
v 0.034132 0.075720 -0.062045
v 0.034132 0.075720 -0.062045
v 0.034438 0.073003 -0.071277
v 0.034438 0.073003 -0.071277
v 0.034438 0.073003 -0.071277
v 0.034438 0.073003 -0.071277
v 0.034438 0.073003 -0.071277
v 0.034438 0.073003 -0.071277
v 0.032486 0.074844 -0.070913
v 0.032486 0.074844 -0.070913
v 0.032486 0.074844 -0.070913
v 0.032486 0.074844 -0.070913
v 0.032486 0.074844 -0.070913
v 0.032486 0.074844 -0.070913
v 0.032486 0.074844 -0.070913
v 0.032486 0.074844 -0.070913
v 0.027545 0.073262 -0.082863
v 0.027545 0.073262 -0.082863
v 0.027545 0.073262 -0.082863
v 0.027545 0.073262 -0.082863
v 0.040768 -0.007165 -0.138073
v 0.040768 -0.007165 -0.138073
v 0.040768 -0.007165 -0.138073
v 0.040768 -0.007165 -0.138073
v 0.040768 -0.007165 -0.138073
v 0.040768 -0.007165 -0.138073
v 0.040768 -0.007165 -0.138073
v 0.041181 -0.002744 -0.135507
v 0.041181 -0.002744 -0.135507
v 0.041181 -0.002744 -0.135507
v 0.041181 -0.002744 -0.135507
v 0.041181 -0.002744 -0.135507
v 0.041181 -0.002744 -0.135507
v 0.041181 -0.002744 -0.135507
v 0.041181 -0.002744 -0.135507
v 0.039107 -0.004798 -0.132106
v 0.039107 -0.004798 -0.132106
v 0.039107 -0.004798 -0.132106
v 0.039107 -0.004798 -0.132106
v 0.039107 -0.004798 -0.132106
v 0.039107 -0.004798 -0.132106
v 0.039107 -0.004798 -0.132106
v 0.039688 -0.005985 -0.134057
v 0.039688 -0.005985 -0.134057
v 0.039688 -0.005985 -0.134057
v 0.039688 -0.005985 -0.134057
v 0.039688 -0.005985 -0.134057
v 0.040248 -0.006760 -0.136048
v 0.040248 -0.006760 -0.136048
v 0.040248 -0.006760 -0.136048
v 0.040248 -0.006760 -0.136048
v 0.040248 -0.006760 -0.136048
v 0.040316 -0.000956 -0.131576
v 0.040316 -0.000956 -0.131576
v 0.040316 -0.000956 -0.131576
v 0.040316 -0.000956 -0.131576
v 0.040316 -0.000956 -0.131576
v 0.039414 0.002520 -0.127768
v 0.039414 0.002520 -0.127768
v 0.039414 0.002520 -0.127768
v 0.039414 0.002520 -0.127768
v 0.039414 0.002520 -0.127768
v 0.039414 0.002520 -0.127768
v 0.037946 -0.001112 -0.128308
v 0.037946 -0.001112 -0.128308
v 0.037946 -0.001112 -0.128308
v 0.037946 -0.001112 -0.128308
v 0.037946 -0.001112 -0.128308
v 0.036866 0.004294 -0.124549
v 0.036866 0.004294 -0.124549
v 0.036866 0.004294 -0.124549
v 0.036866 0.004294 -0.124549
v 0.036866 0.004294 -0.124549
v 0.036866 0.004294 -0.124549
v 0.041248 0.003060 -0.131025
v 0.041248 0.003060 -0.131025
v 0.041248 0.003060 -0.131025
v 0.041248 0.003060 -0.131025
v 0.041248 0.003060 -0.131025
v 0.041248 0.003060 -0.131025
v 0.041800 0.001384 -0.134945
v 0.041800 0.001384 -0.134945
v 0.041800 0.001384 -0.134945
v 0.041800 0.001384 -0.134945
v 0.041800 0.001384 -0.134945
v 0.042009 0.005600 -0.134394
v 0.042009 0.005600 -0.134394
v 0.042009 0.005600 -0.134394
v 0.042009 0.005600 -0.134394
v 0.042009 0.005600 -0.134394
v 0.042009 0.005600 -0.134394
v 0.040621 0.006390 -0.127213
v 0.040621 0.006390 -0.127213
v 0.040621 0.006390 -0.127213
v 0.040621 0.006390 -0.127213
v 0.040621 0.006390 -0.127213
v 0.040621 0.006390 -0.127213
v 0.040621 0.006390 -0.127213
v 0.041725 0.007221 -0.130494
v 0.041725 0.007221 -0.130494
v 0.041725 0.007221 -0.130494
v 0.041725 0.007221 -0.130494
v 0.041725 0.007221 -0.130494
v 0.041725 0.007221 -0.130494
v 0.041827 0.009865 -0.133880
v 0.041827 0.009865 -0.133880
v 0.041827 0.009865 -0.133880
v 0.041827 0.009865 -0.133880
v 0.041827 0.009865 -0.133880
v 0.041827 0.009865 -0.133880
v 0.041827 0.009865 -0.133880
v 0.035934 0.011199 -0.120639
v 0.035934 0.011199 -0.120639
v 0.035934 0.011199 -0.120639
v 0.035934 0.011199 -0.120639
v 0.035934 0.011199 -0.120639
v 0.035934 0.011199 -0.120639
v 0.038553 0.007690 -0.123983
v 0.038553 0.007690 -0.123983
v 0.038553 0.007690 -0.123983
v 0.038553 0.007690 -0.123983
v 0.038553 0.007690 -0.123983
v 0.038553 0.007690 -0.123983
v 0.034626 0.027873 -0.111406
v 0.034626 0.027873 -0.111406
v 0.034626 0.027873 -0.111406
v 0.034626 0.027873 -0.111406
v 0.034626 0.027873 -0.111406
v 0.034626 0.027873 -0.111406
v 0.034626 0.027873 -0.111406
v 0.035184 0.019221 -0.116340
v 0.035184 0.019221 -0.116340
v 0.035184 0.019221 -0.116340
v 0.035184 0.019221 -0.116340
v 0.035184 0.019221 -0.116340
v 0.036398 0.072190 -0.062382
v 0.036398 0.072190 -0.062382
v 0.036398 0.072190 -0.062382
v 0.036398 0.072190 -0.062382
v 0.036398 0.072190 -0.062382
v 0.036398 0.072190 -0.062382
v 0.035840 0.073521 -0.062277
v 0.035840 0.073521 -0.062277
v 0.035840 0.073521 -0.062277
v 0.035840 0.073521 -0.062277
v 0.035840 0.073521 -0.062277
v 0.035840 0.073521 -0.062277
v 0.036522 0.069402 -0.071783
v 0.036522 0.069402 -0.071783
v 0.036522 0.069402 -0.071783
v 0.036522 0.069402 -0.071783
v 0.036522 0.069402 -0.071783
v 0.036522 0.069402 -0.071783
v 0.036022 0.070744 -0.071624
v 0.036022 0.070744 -0.071624
v 0.036022 0.070744 -0.071624
v 0.036022 0.070744 -0.071624
v 0.036022 0.070744 -0.071624
v 0.036022 0.070744 -0.071624
v 0.036738 0.064881 -0.081024
v 0.036738 0.064881 -0.081024
v 0.036738 0.064881 -0.081024
v 0.036738 0.064881 -0.081024
v 0.036738 0.064881 -0.081024
v 0.036738 0.064881 -0.081024
v 0.036331 0.066244 -0.080819
v 0.036331 0.066244 -0.080819
v 0.036331 0.066244 -0.080819
v 0.036331 0.066244 -0.080819
v 0.036331 0.066244 -0.080819
v 0.036331 0.066244 -0.080819
v 0.037055 0.058827 -0.089636
v 0.037055 0.058827 -0.089636
v 0.037055 0.058827 -0.089636
v 0.037055 0.058827 -0.089636
v 0.037055 0.058827 -0.089636
v 0.037055 0.058827 -0.089636
v 0.036769 0.060229 -0.089396
v 0.036769 0.060229 -0.089396
v 0.036769 0.060229 -0.089396
v 0.036769 0.060229 -0.089396
v 0.036769 0.060229 -0.089396
v 0.036769 0.060229 -0.089396
v 0.037469 0.051605 -0.097353
v 0.037469 0.051605 -0.097353
v 0.037469 0.051605 -0.097353
v 0.037469 0.051605 -0.097353
v 0.037469 0.051605 -0.097353
v 0.037469 0.051605 -0.097353
v 0.037324 0.053072 -0.097090
v 0.037324 0.053072 -0.097090
v 0.037324 0.053072 -0.097090
v 0.037324 0.053072 -0.097090
v 0.037324 0.053072 -0.097090
v 0.037324 0.053072 -0.097090
v 0.037970 0.043630 -0.104081
v 0.037970 0.043630 -0.104081
v 0.037970 0.043630 -0.104081
v 0.037970 0.043630 -0.104081
v 0.037970 0.043630 -0.104081
v 0.037970 0.043630 -0.104081
v 0.037970 0.045186 -0.103806
v 0.037970 0.045186 -0.103806
v 0.037970 0.045186 -0.103806
v 0.037970 0.045186 -0.103806
v 0.037970 0.045186 -0.103806
v 0.037970 0.045186 -0.103806
v 0.038543 0.035338 -0.109858
v 0.038543 0.035338 -0.109858
v 0.038543 0.035338 -0.109858
v 0.038543 0.035338 -0.109858
v 0.038543 0.035338 -0.109858
v 0.038543 0.035338 -0.109858
v 0.038675 0.037001 -0.109581
v 0.038675 0.037001 -0.109581
v 0.038675 0.037001 -0.109581
v 0.038675 0.037001 -0.109581
v 0.038675 0.037001 -0.109581
v 0.038675 0.037001 -0.109581
v 0.039804 0.019718 -0.119175
v 0.039804 0.019718 -0.119175
v 0.039804 0.019718 -0.119175
v 0.039804 0.019718 -0.119175
v 0.039804 0.019718 -0.119175
v 0.039804 0.019718 -0.119175
v 0.040105 0.021600 -0.118909
v 0.040105 0.021600 -0.118909
v 0.040105 0.021600 -0.118909
v 0.040105 0.021600 -0.118909
v 0.040105 0.021600 -0.118909
v 0.040105 0.021600 -0.118909
v 0.040750 0.015308 -0.122884
v 0.040750 0.015308 -0.122884
v 0.040750 0.015308 -0.122884
v 0.040750 0.015308 -0.122884
v 0.040750 0.015308 -0.122884
v 0.040750 0.015308 -0.122884
v 0.041022 0.019317 -0.122410
v 0.041022 0.019317 -0.122410
v 0.041022 0.019317 -0.122410
v 0.041022 0.019317 -0.122410
v 0.041022 0.019317 -0.122410
v 0.041022 0.019317 -0.122410
v 0.041022 0.019317 -0.122410
v 0.034249 0.036624 -0.105618
v 0.034249 0.036624 -0.105618
v 0.034249 0.036624 -0.105618
v 0.034249 0.036624 -0.105618
v 0.034249 0.036624 -0.105618
v 0.034249 0.036624 -0.105618
v 0.034028 0.044959 -0.098824
v 0.034028 0.044959 -0.098824
v 0.034028 0.044959 -0.098824
v 0.034028 0.044959 -0.098824
v 0.034028 0.044959 -0.098824
v 0.034028 0.044959 -0.098824
v 0.041784 0.011468 -0.130012
v 0.041784 0.011468 -0.130012
v 0.041784 0.011468 -0.130012
v 0.041784 0.011468 -0.130012
v 0.041784 0.011468 -0.130012
v 0.041299 0.010451 -0.126688
v 0.041299 0.010451 -0.126688
v 0.041299 0.010451 -0.126688
v 0.041299 0.010451 -0.126688
v 0.041299 0.010451 -0.126688
v 0.041299 0.010451 -0.126688
v 0.040692 0.020091 -0.129226
v 0.040692 0.020091 -0.129226
v 0.040692 0.020091 -0.129226
v 0.040692 0.020091 -0.129226
v 0.040692 0.020091 -0.129226
v 0.040692 0.020091 -0.129226
v 0.041445 0.015769 -0.129589
v 0.041445 0.015769 -0.129589
v 0.041445 0.015769 -0.129589
v 0.041445 0.015769 -0.129589
v 0.041445 0.015769 -0.129589
v 0.041445 0.015769 -0.129589
v 0.041263 0.014146 -0.133407
v 0.041263 0.014146 -0.133407
v 0.041263 0.014146 -0.133407
v 0.041263 0.014146 -0.133407
v 0.041263 0.014146 -0.133407
v 0.041263 0.014146 -0.133407
v 0.040306 0.018409 -0.132980
v 0.040306 0.018409 -0.132980
v 0.040306 0.018409 -0.132980
v 0.040306 0.018409 -0.132980
v 0.040306 0.018409 -0.132980
v 0.040306 0.018409 -0.132980
v 0.040306 0.018409 -0.132980
v 0.038932 0.022605 -0.132597
v 0.038932 0.022605 -0.132597
v 0.038932 0.022605 -0.132597
v 0.038932 0.022605 -0.132597
v 0.038932 0.022605 -0.132597
v 0.040702 0.023133 -0.125492
v 0.040702 0.023133 -0.125492
v 0.040702 0.023133 -0.125492
v 0.040702 0.023133 -0.125492
v 0.040702 0.023133 -0.125492
v 0.040702 0.023133 -0.125492
v 0.040702 0.023133 -0.125492
v 0.041518 0.014614 -0.126220
v 0.041518 0.014614 -0.126220
v 0.041518 0.014614 -0.126220
v 0.041518 0.014614 -0.126220
v 0.041518 0.014614 -0.126220
v 0.041518 0.014614 -0.126220
v 0.034135 0.064970 -0.088379
v 0.034135 0.064970 -0.088379
v 0.034135 0.064970 -0.088379
v 0.034135 0.064970 -0.088379
v 0.034135 0.064970 -0.088379
v 0.034135 0.064970 -0.088379
v 0.036507 0.055783 -0.096548
v 0.036507 0.055783 -0.096548
v 0.036507 0.055783 -0.096548
v 0.036507 0.055783 -0.096548
v 0.036507 0.055783 -0.096548
v 0.036507 0.055783 -0.096548
v 0.035287 0.058292 -0.096014
v 0.035287 0.058292 -0.096014
v 0.035287 0.058292 -0.096014
v 0.035287 0.058292 -0.096014
v 0.035287 0.058292 -0.096014
v 0.035287 0.058292 -0.096014
v 0.037473 0.048148 -0.103255
v 0.037473 0.048148 -0.103255
v 0.037473 0.048148 -0.103255
v 0.037473 0.048148 -0.103255
v 0.037473 0.048148 -0.103255
v 0.037473 0.048148 -0.103255
v 0.036559 0.050982 -0.102727
v 0.036559 0.050982 -0.102727
v 0.036559 0.050982 -0.102727
v 0.036559 0.050982 -0.102727
v 0.036559 0.050982 -0.102727
v 0.036559 0.050982 -0.102727
v 0.038477 0.040244 -0.109040
v 0.038477 0.040244 -0.109040
v 0.038477 0.040244 -0.109040
v 0.038477 0.040244 -0.109040
v 0.038477 0.040244 -0.109040
v 0.038477 0.040244 -0.109040
v 0.037853 0.043429 -0.108540
v 0.037853 0.043429 -0.108540
v 0.037853 0.043429 -0.108540
v 0.037853 0.043429 -0.108540
v 0.037853 0.043429 -0.108540
v 0.037853 0.043429 -0.108540
v 0.040317 0.025392 -0.118417
v 0.040317 0.025392 -0.118417
v 0.040317 0.025392 -0.118417
v 0.040317 0.025392 -0.118417
v 0.040317 0.025392 -0.118417
v 0.040097 0.029232 -0.117990
v 0.040097 0.029232 -0.117990
v 0.040097 0.029232 -0.117990
v 0.040097 0.029232 -0.117990
v 0.040097 0.029232 -0.117990
v 0.040097 0.029232 -0.117990
v 0.039598 0.027398 -0.125232
v 0.039598 0.027398 -0.125232
v 0.039598 0.027398 -0.125232
v 0.039598 0.027398 -0.125232
v 0.039598 0.027398 -0.125232
v 0.039598 0.027398 -0.125232
v 0.039598 0.027398 -0.125232
v 0.040286 0.027531 -0.121682
v 0.040286 0.027531 -0.121682
v 0.040286 0.027531 -0.121682
v 0.040286 0.027531 -0.121682
v 0.040286 0.027531 -0.121682
v 0.040286 0.027531 -0.121682
v 0.031211 0.072397 -0.079477
v 0.031211 0.072397 -0.079477
v 0.031211 0.072397 -0.079477
v 0.031211 0.072397 -0.079477
v 0.031211 0.072397 -0.079477
v 0.031211 0.072397 -0.079477
v 0.032380 0.067034 -0.087886
v 0.032380 0.067034 -0.087886
v 0.032380 0.067034 -0.087886
v 0.032380 0.067034 -0.087886
v 0.032380 0.067034 -0.087886
v 0.032380 0.067034 -0.087886
v 0.033786 0.060689 -0.095513
v 0.033786 0.060689 -0.095513
v 0.033786 0.060689 -0.095513
v 0.033786 0.060689 -0.095513
v 0.033786 0.060689 -0.095513
v 0.033786 0.060689 -0.095513
v 0.035323 0.053753 -0.102247
v 0.035323 0.053753 -0.102247
v 0.035323 0.053753 -0.102247
v 0.035323 0.053753 -0.102247
v 0.035323 0.053753 -0.102247
v 0.035323 0.053753 -0.102247
v 0.036867 0.046595 -0.108101
v 0.036867 0.046595 -0.108101
v 0.036867 0.046595 -0.108101
v 0.036867 0.046595 -0.108101
v 0.036867 0.046595 -0.108101
v 0.036867 0.046595 -0.108101
v 0.035489 0.049722 -0.107725
v 0.035489 0.049722 -0.107725
v 0.035489 0.049722 -0.107725
v 0.035489 0.049722 -0.107725
v 0.035489 0.049722 -0.107725
v 0.035489 0.049722 -0.107725
v 0.035489 0.049722 -0.107725
v 0.035489 0.049722 -0.107725
v 0.039459 0.033113 -0.117641
v 0.039459 0.033113 -0.117641
v 0.039459 0.033113 -0.117641
v 0.039459 0.033113 -0.117641
v 0.039459 0.033113 -0.117641
v 0.039459 0.033113 -0.117641
v 0.038347 0.036983 -0.117367
v 0.038347 0.036983 -0.117367
v 0.038347 0.036983 -0.117367
v 0.038347 0.036983 -0.117367
v 0.038347 0.036983 -0.117367
v 0.038347 0.036983 -0.117367
v 0.021940 -0.029616 -0.134515
v 0.021940 -0.029616 -0.134515
v 0.021940 -0.029616 -0.134515
v 0.021940 -0.029616 -0.134515
v 0.022019 -0.029908 -0.134868
v 0.022019 -0.029908 -0.134868
v 0.022019 -0.029908 -0.134868
v 0.022019 -0.029908 -0.134868
v 0.022019 -0.029908 -0.134868
v 0.025003 -0.027496 -0.134599
v 0.025003 -0.027496 -0.134599
v 0.025003 -0.027496 -0.134599
v 0.025003 -0.027496 -0.134599
v 0.025003 -0.027496 -0.134599
v 0.025003 -0.027496 -0.134599
v 0.025003 -0.027496 -0.134599
v 0.025003 -0.027496 -0.134599
v 0.022882 -0.033101 -0.138731
v 0.022882 -0.033101 -0.138731
v 0.022882 -0.033101 -0.138731
v 0.022882 -0.033101 -0.138731
v 0.022882 -0.033101 -0.138731
v 0.022882 -0.033101 -0.138731
v 0.026108 -0.030768 -0.138836
v 0.026108 -0.030768 -0.138836
v 0.026108 -0.030768 -0.138836
v 0.026108 -0.030768 -0.138836
v 0.026108 -0.030768 -0.138836
v 0.026108 -0.030768 -0.138836
v 0.022950 -0.033239 -0.139126
v 0.022950 -0.033239 -0.139126
v 0.022950 -0.033239 -0.139126
v 0.022950 -0.033239 -0.139126
v 0.022950 -0.033239 -0.139126
v 0.022950 -0.033239 -0.139126
v 0.023664 -0.034692 -0.143293
v 0.023664 -0.034692 -0.143293
v 0.023664 -0.034692 -0.143293
v 0.023664 -0.034692 -0.143293
v 0.023664 -0.034692 -0.143293
v 0.028987 -0.027941 -0.138536
v 0.028987 -0.027941 -0.138536
v 0.028987 -0.027941 -0.138536
v 0.028987 -0.027941 -0.138536
v 0.028987 -0.027941 -0.138536
v 0.027727 -0.024776 -0.134346
v 0.027727 -0.024776 -0.134346
v 0.027727 -0.024776 -0.134346
v 0.027727 -0.024776 -0.134346
v 0.027727 -0.024776 -0.134346
v 0.027727 -0.024776 -0.134346
v 0.026391 -0.019620 -0.130493
v 0.026391 -0.019620 -0.130493
v 0.026391 -0.019620 -0.130493
v 0.026391 -0.019620 -0.130493
v 0.026391 -0.019620 -0.130493
v 0.026391 -0.019620 -0.130493
v 0.026391 -0.019620 -0.130493
v 0.026391 -0.019620 -0.130493
v 0.026391 -0.019620 -0.130493
v 0.026391 -0.019620 -0.130493
v 0.038267 -0.015023 -0.139096
v 0.038267 -0.015023 -0.139096
v 0.038267 -0.015023 -0.139096
v 0.038267 -0.015023 -0.139096
v 0.038267 -0.015023 -0.139096
v 0.037599 -0.014437 -0.137024
v 0.037599 -0.014437 -0.137024
v 0.037599 -0.014437 -0.137024
v 0.037599 -0.014437 -0.137024
v 0.037599 -0.014437 -0.137024
v 0.037599 -0.014437 -0.137024
v 0.031577 -0.024860 -0.138207
v 0.031577 -0.024860 -0.138207
v 0.031577 -0.024860 -0.138207
v 0.031577 -0.024860 -0.138207
v 0.031577 -0.024860 -0.138207
v 0.031577 -0.024860 -0.138207
v 0.032398 -0.018720 -0.133760
v 0.032398 -0.018720 -0.133760
v 0.032398 -0.018720 -0.133760
v 0.032398 -0.018720 -0.133760
v 0.032398 -0.018720 -0.133760
v 0.032398 -0.018720 -0.133760
v 0.032398 -0.018720 -0.133760
v 0.032398 -0.018720 -0.133760
v 0.020842 -0.023589 -0.130418
v 0.020842 -0.023589 -0.130418
v 0.020842 -0.023589 -0.130418
v 0.020842 -0.023589 -0.130418
v 0.020917 -0.024064 -0.130681
v 0.020917 -0.024064 -0.130681
v 0.020917 -0.024064 -0.130681
v 0.020917 -0.024064 -0.130681
v 0.020942 -0.024221 -0.130768
v 0.020942 -0.024221 -0.130768
v 0.020942 -0.024221 -0.130768
v 0.020942 -0.024221 -0.130768
v 0.020996 -0.024513 -0.130971
v 0.020996 -0.024513 -0.130971
v 0.020996 -0.024513 -0.130971
v 0.020996 -0.024513 -0.130971
v 0.020996 -0.024513 -0.130971
v 0.020996 -0.024513 -0.130971
v 0.021939 -0.029613 -0.134513
v 0.021939 -0.029613 -0.134513
v 0.021939 -0.029613 -0.134513
v 0.021939 -0.029613 -0.134513
v 0.023864 -0.003879 -0.123227
v 0.023864 -0.003879 -0.123227
v 0.023864 -0.003879 -0.123227
v 0.023864 -0.003879 -0.123227
v 0.023864 -0.003879 -0.123227
v 0.023864 -0.003879 -0.123227
v 0.023864 -0.003879 -0.123227
v 0.018982 -0.007404 -0.123548
v 0.018982 -0.007404 -0.123548
v 0.018982 -0.007404 -0.123548
v 0.018982 -0.007404 -0.123548
v 0.019035 -0.007988 -0.123772
v 0.019035 -0.007988 -0.123772
v 0.019035 -0.007988 -0.123772
v 0.019035 -0.007988 -0.123772
v 0.019035 -0.007988 -0.123772
v 0.019601 -0.014204 -0.126155
v 0.019601 -0.014204 -0.126155
v 0.019601 -0.014204 -0.126155
v 0.019601 -0.014204 -0.126155
v 0.019601 -0.014204 -0.126155
v 0.017162 0.013669 -0.115093
v 0.017162 0.013669 -0.115093
v 0.017162 0.013669 -0.115093
v 0.017162 0.013669 -0.115093
v 0.017162 0.013669 -0.115093
v 0.017197 0.013150 -0.115338
v 0.017197 0.013150 -0.115338
v 0.017197 0.013150 -0.115338
v 0.017197 0.013150 -0.115338
v 0.017197 0.013150 -0.115338
v 0.017451 0.009402 -0.117107
v 0.017451 0.009402 -0.117107
v 0.017451 0.009402 -0.117107
v 0.017451 0.009402 -0.117107
v 0.036881 -0.013453 -0.135000
v 0.036881 -0.013453 -0.135000
v 0.036881 -0.013453 -0.135000
v 0.036881 -0.013453 -0.135000
v 0.036881 -0.013453 -0.135000
v 0.036136 -0.012033 -0.133031
v 0.036136 -0.012033 -0.133031
v 0.036136 -0.012033 -0.133031
v 0.036136 -0.012033 -0.133031
v 0.036136 -0.012033 -0.133031
v 0.036136 -0.012033 -0.133031
v 0.030872 -0.013981 -0.129944
v 0.030872 -0.013981 -0.129944
v 0.030872 -0.013981 -0.129944
v 0.030872 -0.013981 -0.129944
v 0.030872 -0.013981 -0.129944
v 0.030872 -0.013981 -0.129944
v 0.034649 -0.007822 -0.129240
v 0.034649 -0.007822 -0.129240
v 0.034649 -0.007822 -0.129240
v 0.034649 -0.007822 -0.129240
v 0.034649 -0.007822 -0.129240
v 0.034649 -0.007822 -0.129240
v 0.029422 -0.007410 -0.126284
v 0.029422 -0.007410 -0.126284
v 0.029422 -0.007410 -0.126284
v 0.029422 -0.007410 -0.126284
v 0.029422 -0.007410 -0.126284
v 0.029422 -0.007410 -0.126284
v 0.033266 -0.001839 -0.125538
v 0.033266 -0.001839 -0.125538
v 0.033266 -0.001839 -0.125538
v 0.033266 -0.001839 -0.125538
v 0.033266 -0.001839 -0.125538
v 0.033266 -0.001839 -0.125538
v 0.028134 0.000711 -0.122561
v 0.028134 0.000711 -0.122561
v 0.028134 0.000711 -0.122561
v 0.028134 0.000711 -0.122561
v 0.028134 0.000711 -0.122561
v 0.028134 0.000711 -0.122561
v 0.032073 0.005663 -0.121720
v 0.032073 0.005663 -0.121720
v 0.032073 0.005663 -0.121720
v 0.032073 0.005663 -0.121720
v 0.032073 0.005663 -0.121720
v 0.032073 0.005663 -0.121720
v 0.027057 0.009940 -0.118493
v 0.027057 0.009940 -0.118493
v 0.027057 0.009940 -0.118493
v 0.027057 0.009940 -0.118493
v 0.027057 0.009940 -0.118493
v 0.027057 0.009940 -0.118493
v 0.031112 0.014275 -0.117527
v 0.031112 0.014275 -0.117527
v 0.031112 0.014275 -0.117527
v 0.031112 0.014275 -0.117527
v 0.031112 0.014275 -0.117527
v 0.031112 0.014275 -0.117527
v 0.026210 0.019734 -0.113780
v 0.026210 0.019734 -0.113780
v 0.026210 0.019734 -0.113780
v 0.026210 0.019734 -0.113780
v 0.026210 0.019734 -0.113780
v 0.026210 0.019734 -0.113780
v 0.030397 0.023479 -0.112688
v 0.030397 0.023479 -0.112688
v 0.030397 0.023479 -0.112688
v 0.030397 0.023479 -0.112688
v 0.030397 0.023479 -0.112688
v 0.030397 0.023479 -0.112688
v 0.025591 0.029507 -0.108149
v 0.025591 0.029507 -0.108149
v 0.025591 0.029507 -0.108149
v 0.025591 0.029507 -0.108149
v 0.025591 0.029507 -0.108149
v 0.025591 0.029507 -0.108149
v 0.029913 0.032719 -0.106958
v 0.029913 0.032719 -0.106958
v 0.029913 0.032719 -0.106958
v 0.029913 0.032719 -0.106958
v 0.029913 0.032719 -0.106958
v 0.029913 0.032719 -0.106958
v 0.029628 0.041458 -0.100164
v 0.029628 0.041458 -0.100164
v 0.029628 0.041458 -0.100164
v 0.029628 0.041458 -0.100164
v 0.029628 0.041458 -0.100164
v 0.029628 0.041458 -0.100164
v 0.029497 0.049221 -0.092242
v 0.029497 0.049221 -0.092242
v 0.029497 0.049221 -0.092242
v 0.029497 0.049221 -0.092242
v 0.029497 0.049221 -0.092242
v 0.029497 0.049221 -0.092242
v 0.029473 0.052608 -0.087877
v 0.029473 0.052608 -0.087877
v 0.029473 0.052608 -0.087877
v 0.029473 0.052608 -0.087877
v 0.029473 0.052608 -0.087877
v 0.013195 0.011769 -0.115698
v 0.013195 0.011769 -0.115698
v 0.013195 0.011769 -0.115698
v 0.013195 0.011769 -0.115698
v 0.013195 0.011769 -0.115698
v 0.013195 0.011769 -0.115698
v 0.013195 0.011769 -0.115698
v 0.013195 0.011769 -0.115698
v 0.007194 0.059469 -0.055019
v 0.007194 0.059469 -0.055019
v 0.007194 0.059469 -0.055019
v 0.007194 0.059469 -0.055019
v 0.007194 0.059469 -0.055019
v 0.007194 0.059469 -0.055019
v 0.007194 0.059469 -0.055019
v 0.007194 0.059469 -0.055019
v 0.007194 0.059469 -0.055019
v -0.000384 0.059235 -0.054603
v -0.000384 0.059235 -0.054603
v -0.000384 0.059235 -0.054603
v -0.000384 0.059235 -0.054603
v -0.000384 0.059235 -0.054603
v -0.000384 0.059186 -0.055094
v -0.000384 0.059186 -0.055094
v -0.000384 0.059186 -0.055094
v -0.000384 0.059186 -0.055094
v -0.000384 0.059186 -0.055094
v 0.003361 0.059267 -0.055077
v 0.003361 0.059267 -0.055077
v 0.003361 0.059267 -0.055077
v 0.003361 0.059267 -0.055077
v 0.003361 0.059267 -0.055077
v 0.003361 0.059267 -0.055077
v 0.003361 0.059267 -0.055077
v 0.021145 -0.036851 -0.148179
v 0.021145 -0.036851 -0.148179
v 0.021145 -0.036851 -0.148179
v 0.021145 -0.036851 -0.148179
v 0.021145 -0.036851 -0.148179
v 0.018251 -0.037941 -0.143686
v 0.018251 -0.037941 -0.143686
v 0.018251 -0.037941 -0.143686
v 0.018251 -0.037941 -0.143686
v 0.018251 -0.037941 -0.143686
v 0.018251 -0.037941 -0.143686
v 0.018251 -0.037941 -0.143686
v 0.018251 -0.037941 -0.143686
v 0.018251 -0.037941 -0.143686
v 0.018251 -0.037941 -0.143686
v 0.018251 -0.037941 -0.143686
v 0.019999 -0.037553 -0.148282
v 0.019999 -0.037553 -0.148282
v 0.019999 -0.037553 -0.148282
v 0.019999 -0.037553 -0.148282
v 0.015596 -0.039588 -0.148583
v 0.015596 -0.039588 -0.148583
v 0.015596 -0.039588 -0.148583
v 0.015596 -0.039588 -0.148583
v 0.015596 -0.039588 -0.148583
v 0.015846 -0.039473 -0.148566
v 0.015846 -0.039473 -0.148566
v 0.015846 -0.039473 -0.148566
v 0.015846 -0.039473 -0.148566
v 0.018621 -0.038189 -0.148376
v 0.018621 -0.038189 -0.148376
v 0.018621 -0.038189 -0.148376
v 0.018621 -0.038189 -0.148376
v 0.018621 -0.038189 -0.148376
v 0.006365 -0.042067 -0.148949
v 0.006365 -0.042067 -0.148949
v 0.006365 -0.042067 -0.148949
v 0.006365 -0.042067 -0.148949
v 0.006365 -0.042067 -0.148949
v 0.006365 -0.042067 -0.148949
v 0.010206 -0.041270 -0.148832
v 0.010206 -0.041270 -0.148832
v 0.010206 -0.041270 -0.148832
v 0.010206 -0.041270 -0.148832
v 0.012394 -0.040303 -0.143980
v 0.012394 -0.040303 -0.143980
v 0.012394 -0.040303 -0.143980
v 0.012394 -0.040303 -0.143980
v 0.012394 -0.040303 -0.143980
v 0.012394 -0.040303 -0.143980
v 0.012394 -0.040303 -0.143980
v 0.012394 -0.040303 -0.143980
v 0.012394 -0.040303 -0.143980
v 0.010993 -0.041107 -0.148808
v 0.010993 -0.041107 -0.148808
v 0.010993 -0.041107 -0.148808
v 0.010993 -0.041107 -0.148808
v 0.012635 -0.040565 -0.148728
v 0.012635 -0.040565 -0.148728
v 0.012635 -0.040565 -0.148728
v 0.012635 -0.040565 -0.148728
v 0.012635 -0.040565 -0.148728
v 0.006237 -0.041739 -0.144159
v 0.006237 -0.041739 -0.144159
v 0.006237 -0.041739 -0.144159
v 0.006237 -0.041739 -0.144159
v 0.006237 -0.041739 -0.144159
v 0.006237 -0.041739 -0.144159
v 0.006237 -0.041739 -0.144159
v 0.006237 -0.041739 -0.144159
v 0.006237 -0.041739 -0.144159
v 0.000080 -0.042160 -0.144230
v 0.000080 -0.042160 -0.144230
v 0.000080 -0.042160 -0.144230
v 0.000080 -0.042160 -0.144230
v 0.000080 -0.042160 -0.144230
v 0.000080 -0.042160 -0.144230
v 0.000081 -0.042357 -0.145179
v 0.000081 -0.042357 -0.145179
v 0.000081 -0.042357 -0.145179
v 0.000081 -0.042357 -0.145179
v 0.000081 -0.042357 -0.145179
v 0.000083 -0.042553 -0.149021
v 0.000083 -0.042553 -0.149021
v 0.000083 -0.042553 -0.149021
v 0.000083 -0.042553 -0.149021
v 0.001426 -0.042529 -0.149018
v 0.001426 -0.042529 -0.149018
v 0.001426 -0.042529 -0.149018
v 0.001426 -0.042529 -0.149018
v 0.001426 -0.042529 -0.149018
v 0.001426 -0.042529 -0.149018
v 0.004368 -0.042262 -0.148978
v 0.004368 -0.042262 -0.148978
v 0.004368 -0.042262 -0.148978
v 0.004368 -0.042262 -0.148978
v 0.006249 -0.042091 -0.148953
v 0.006249 -0.042091 -0.148953
v 0.006249 -0.042091 -0.148953
v 0.006249 -0.042091 -0.148953
v 0.005951 -0.038579 -0.137244
v 0.005951 -0.038579 -0.137244
v 0.005951 -0.038579 -0.137244
v 0.005951 -0.038579 -0.137244
v 0.005951 -0.038579 -0.137244
v 0.005951 -0.038579 -0.137244
v 0.005951 -0.038579 -0.137244
v 0.000065 -0.039032 -0.137310
v 0.000065 -0.039032 -0.137310
v 0.000065 -0.039032 -0.137310
v 0.000065 -0.039032 -0.137310
v 0.000072 -0.040580 -0.139506
v 0.000072 -0.040580 -0.139506
v 0.000072 -0.040580 -0.139506
v 0.000072 -0.040580 -0.139506
v 0.000072 -0.040580 -0.139506
v 0.000072 -0.040580 -0.139506
v 0.006058 -0.040101 -0.139457
v 0.006058 -0.040101 -0.139457
v 0.006058 -0.040101 -0.139457
v 0.006058 -0.040101 -0.139457
v 0.006058 -0.040101 -0.139457
v 0.006058 -0.040101 -0.139457
v 0.000077 -0.041570 -0.141842
v 0.000077 -0.041570 -0.141842
v 0.000077 -0.041570 -0.141842
v 0.000077 -0.041570 -0.141842
v 0.000077 -0.041570 -0.141842
v 0.000077 -0.041570 -0.141842
v 0.006153 -0.041132 -0.141772
v 0.006153 -0.041132 -0.141772
v 0.006153 -0.041132 -0.141772
v 0.006153 -0.041132 -0.141772
v 0.006153 -0.041132 -0.141772
v 0.006153 -0.041132 -0.141772
v 0.000078 -0.041757 -0.142282
v 0.000078 -0.041757 -0.142282
v 0.000078 -0.041757 -0.142282
v 0.000078 -0.041757 -0.142282
v 0.000078 -0.041757 -0.142282
v 0.000063 -0.038808 -0.136992
v 0.000063 -0.038808 -0.136992
v 0.000063 -0.038808 -0.136992
v 0.000063 -0.038808 -0.136992
v 0.000063 -0.038808 -0.136992
v 0.000063 -0.038808 -0.136992
v 0.005834 -0.036525 -0.135147
v 0.005834 -0.036525 -0.135147
v 0.005834 -0.036525 -0.135147
v 0.005834 -0.036525 -0.135147
v 0.005834 -0.036525 -0.135147
v 0.005834 -0.036525 -0.135147
v 0.005834 -0.036525 -0.135147
v 0.000055 -0.036973 -0.135225
v 0.000055 -0.036973 -0.135225
v 0.000055 -0.036973 -0.135225
v 0.000055 -0.036973 -0.135225
v 0.000028 -0.031208 -0.131390
v 0.000028 -0.031208 -0.131390
v 0.000028 -0.031208 -0.131390
v 0.000028 -0.031208 -0.131390
v 0.000038 -0.033351 -0.132543
v 0.000038 -0.033351 -0.132543
v 0.000038 -0.033351 -0.132543
v 0.000038 -0.033351 -0.132543
v 0.005575 -0.030763 -0.131295
v 0.005575 -0.030763 -0.131295
v 0.005575 -0.030763 -0.131295
v 0.005575 -0.030763 -0.131295
v 0.005575 -0.030763 -0.131295
v 0.005575 -0.030763 -0.131295
v 0.005575 -0.030763 -0.131295
v 0.005575 -0.030763 -0.131295
v 0.000052 -0.036447 -0.134719
v 0.000052 -0.036447 -0.134719
v 0.000052 -0.036447 -0.134719
v 0.000052 -0.036447 -0.134719
v 0.000052 -0.036447 -0.134719
v 0.000052 -0.036447 -0.134719
v -0.000008 -0.023334 -0.127840
v -0.000008 -0.023334 -0.127840
v -0.000008 -0.023334 -0.127840
v -0.000008 -0.023334 -0.127840
v -0.000006 -0.023936 -0.128055
v -0.000006 -0.023936 -0.128055
v -0.000006 -0.023936 -0.128055
v -0.000006 -0.023936 -0.128055
v 0.005290 -0.022887 -0.127776
v 0.005290 -0.022887 -0.127776
v 0.005290 -0.022887 -0.127776
v 0.005290 -0.022887 -0.127776
v 0.005290 -0.022887 -0.127776
v 0.005290 -0.022887 -0.127776
v 0.005290 -0.022887 -0.127776
v 0.005290 -0.022887 -0.127776
v 0.000019 -0.029296 -0.130361
v 0.000019 -0.029296 -0.130361
v 0.000019 -0.029296 -0.130361
v 0.000019 -0.029296 -0.130361
v 0.000019 -0.029296 -0.130361
v 0.000019 -0.029296 -0.130361
v 0.004990 -0.013223 -0.124331
v 0.004990 -0.013223 -0.124331
v 0.004990 -0.013223 -0.124331
v 0.004990 -0.013223 -0.124331
v 0.004990 -0.013223 -0.124331
v 0.004990 -0.013223 -0.124331
v -0.000051 -0.014069 -0.124529
v -0.000051 -0.014069 -0.124529
v -0.000051 -0.014069 -0.124529
v -0.000051 -0.014069 -0.124529
v -0.000051 -0.014069 -0.124529
v -0.000051 -0.014069 -0.124529
v 0.004688 -0.002285 -0.120619
v 0.004688 -0.002285 -0.120619
v 0.004688 -0.002285 -0.120619
v 0.004688 -0.002285 -0.120619
v 0.004688 -0.002285 -0.120619
v 0.004688 -0.002285 -0.120619
v 0.004688 -0.002285 -0.120619
v 0.004688 -0.002285 -0.120619
v -0.000104 -0.002664 -0.120671
v -0.000104 -0.002664 -0.120671
v -0.000104 -0.002664 -0.120671
v -0.000104 -0.002664 -0.120671
v -0.000053 -0.013643 -0.124385
v -0.000053 -0.013643 -0.124385
v -0.000053 -0.013643 -0.124385
v -0.000053 -0.013643 -0.124385
v -0.000053 -0.013643 -0.124385
v -0.000053 -0.013643 -0.124385
v 0.004129 0.020802 -0.110929
v 0.004129 0.020802 -0.110929
v 0.004129 0.020802 -0.110929
v 0.004129 0.020802 -0.110929
v 0.004129 0.020802 -0.110929
v 0.004129 0.020802 -0.110929
v 0.004129 0.020802 -0.110929
v 0.004129 0.020802 -0.110929
v -0.000210 0.020504 -0.110951
v -0.000210 0.020504 -0.110951
v -0.000210 0.020504 -0.110951
v -0.000210 0.020504 -0.110951
v -0.000195 0.017164 -0.112703
v -0.000195 0.017164 -0.112703
v -0.000195 0.017164 -0.112703
v -0.000195 0.017164 -0.112703
v -0.000195 0.017164 -0.112703
v 0.004397 0.009288 -0.116267
v 0.004397 0.009288 -0.116267
v 0.004397 0.009288 -0.116267
v 0.004397 0.009288 -0.116267
v 0.004397 0.009288 -0.116267
v 0.004397 0.009288 -0.116267
v 0.004397 0.009288 -0.116267
v -0.000160 0.009504 -0.116117
v -0.000160 0.009504 -0.116117
v -0.000160 0.009504 -0.116117
v -0.000160 0.009504 -0.116117
v -0.000160 0.009504 -0.116117
v -0.000157 0.008957 -0.116323
v -0.000157 0.008957 -0.116323
v -0.000157 0.008957 -0.116323
v -0.000157 0.008957 -0.116323
v -0.000157 0.008957 -0.116323
v -0.000109 -0.001604 -0.120313
v -0.000109 -0.001604 -0.120313
v -0.000109 -0.001604 -0.120313
v -0.000109 -0.001604 -0.120313
v -0.000109 -0.001604 -0.120313
v 0.003893 0.031587 -0.104335
v 0.003893 0.031587 -0.104335
v 0.003893 0.031587 -0.104335
v 0.003893 0.031587 -0.104335
v 0.003893 0.031587 -0.104335
v 0.003893 0.031587 -0.104335
v -0.000260 0.031341 -0.104372
v -0.000260 0.031341 -0.104372
v -0.000260 0.031341 -0.104372
v -0.000260 0.031341 -0.104372
v -0.000260 0.031341 -0.104372
v -0.000253 0.029736 -0.105549
v -0.000253 0.029736 -0.105549
v -0.000253 0.029736 -0.105549
v -0.000253 0.029736 -0.105549
v -0.000253 0.029736 -0.105549
v -0.000226 0.023850 -0.109196
v -0.000226 0.023850 -0.109196
v -0.000226 0.023850 -0.109196
v -0.000226 0.023850 -0.109196
v -0.000226 0.023850 -0.109196
v 0.003790 0.036519 -0.100515
v 0.003790 0.036519 -0.100515
v 0.003790 0.036519 -0.100515
v 0.003790 0.036519 -0.100515
v 0.003790 0.036519 -0.100515
v 0.003790 0.036519 -0.100515
v 0.003790 0.036519 -0.100515
v -0.000276 0.034956 -0.101722
v -0.000276 0.034956 -0.101722
v -0.000276 0.034956 -0.101722
v -0.000276 0.034956 -0.101722
v -0.000276 0.034956 -0.101722
v -0.000303 0.040862 -0.096390
v -0.000303 0.040862 -0.096390
v -0.000303 0.040862 -0.096390
v -0.000303 0.040862 -0.096390
v -0.000303 0.040862 -0.096390
v -0.000303 0.040862 -0.096390
v -0.000299 0.040045 -0.097258
v -0.000299 0.040045 -0.097258
v -0.000299 0.040045 -0.097258
v -0.000299 0.040045 -0.097258
v 0.003698 0.041060 -0.096342
v 0.003698 0.041060 -0.096342
v 0.003698 0.041060 -0.096342
v 0.003698 0.041060 -0.096342
v 0.003698 0.041060 -0.096342
v 0.003698 0.041060 -0.096342
v 0.003698 0.041060 -0.096342
v -0.000282 0.036290 -0.100551
v -0.000282 0.036290 -0.100551
v -0.000282 0.036290 -0.100551
v -0.000282 0.036290 -0.100551
v -0.000282 0.036290 -0.100551
v -0.000282 0.036290 -0.100551
v 0.003617 0.045158 -0.091826
v 0.003617 0.045158 -0.091826
v 0.003617 0.045158 -0.091826
v 0.003617 0.045158 -0.091826
v 0.003617 0.045158 -0.091826
v 0.003617 0.045158 -0.091826
v 0.003617 0.045158 -0.091826
v -0.000319 0.044433 -0.092596
v -0.000319 0.044433 -0.092596
v -0.000319 0.044433 -0.092596
v -0.000319 0.044433 -0.092596
v -0.000338 0.048616 -0.087047
v -0.000338 0.048616 -0.087047
v -0.000338 0.048616 -0.087047
v -0.000338 0.048616 -0.087047
v -0.000338 0.048616 -0.087047
v -0.000336 0.048188 -0.087731
v -0.000336 0.048188 -0.087731
v -0.000336 0.048188 -0.087731
v -0.000336 0.048188 -0.087731
v 0.003548 0.048768 -0.086994
v 0.003548 0.048768 -0.086994
v 0.003548 0.048768 -0.086994
v 0.003548 0.048768 -0.086994
v 0.003548 0.048768 -0.086994
v 0.003548 0.048768 -0.086994
v 0.003548 0.048768 -0.086994
v 0.003548 0.048768 -0.086994
v -0.000322 0.044986 -0.091880
v -0.000322 0.044986 -0.091880
v -0.000322 0.044986 -0.091880
v -0.000322 0.044986 -0.091880
v -0.000322 0.044986 -0.091880
v -0.000322 0.044986 -0.091880
v 0.003491 0.051854 -0.081887
v 0.003491 0.051854 -0.081887
v 0.003491 0.051854 -0.081887
v 0.003491 0.051854 -0.081887
v 0.003491 0.051854 -0.081887
v 0.003491 0.051854 -0.081887
v 0.003491 0.051854 -0.081887
v -0.000351 0.051717 -0.081937
v -0.000351 0.051717 -0.081937
v -0.000351 0.051717 -0.081937
v -0.000351 0.051717 -0.081937
v -0.000351 0.051717 -0.081937
v -0.000350 0.051357 -0.082663
v -0.000350 0.051357 -0.082663
v -0.000350 0.051357 -0.082663
v -0.000350 0.051357 -0.082663
v -0.000350 0.051357 -0.082663
v 0.003445 0.054391 -0.076566
v 0.003445 0.054391 -0.076566
v 0.003445 0.054391 -0.076566
v 0.003445 0.054391 -0.076566
v 0.003445 0.054391 -0.076566
v 0.003445 0.054391 -0.076566
v 0.003445 0.054391 -0.076566
v -0.000363 0.054266 -0.076612
v -0.000363 0.054266 -0.076612
v -0.000363 0.054266 -0.076612
v -0.000363 0.054266 -0.076612
v -0.000363 0.054266 -0.076612
v -0.000361 0.053967 -0.077397
v -0.000361 0.053967 -0.077397
v -0.000361 0.053967 -0.077397
v -0.000361 0.053967 -0.077397
v -0.000361 0.053967 -0.077397
v 0.003410 0.056371 -0.071111
v 0.003410 0.056371 -0.071111
v 0.003410 0.056371 -0.071111
v 0.003410 0.056371 -0.071111
v 0.003410 0.056371 -0.071111
v 0.003410 0.056371 -0.071111
v 0.003410 0.056371 -0.071111
v -0.000371 0.056258 -0.071152
v -0.000371 0.056258 -0.071152
v -0.000371 0.056258 -0.071152
v -0.000371 0.056258 -0.071152
v -0.000371 0.056258 -0.071152
v -0.000370 0.056039 -0.071947
v -0.000370 0.056039 -0.071947
v -0.000370 0.056039 -0.071947
v -0.000370 0.056039 -0.071947
v -0.000370 0.056039 -0.071947
v 0.003386 0.057809 -0.065624
v 0.003386 0.057809 -0.065624
v 0.003386 0.057809 -0.065624
v 0.003386 0.057809 -0.065624
v 0.003386 0.057809 -0.065624
v 0.003386 0.057809 -0.065624
v 0.003386 0.057809 -0.065624
v 0.003386 0.057809 -0.065624
v -0.000377 0.057711 -0.065659
v -0.000377 0.057711 -0.065659
v -0.000377 0.057711 -0.065659
v -0.000377 0.057711 -0.065659
v -0.000377 0.057590 -0.066322
v -0.000377 0.057590 -0.066322
v -0.000377 0.057590 -0.066322
v -0.000377 0.057590 -0.066322
v -0.000377 0.057590 -0.066322
v -0.000381 0.058644 -0.060535
v -0.000381 0.058644 -0.060535
v -0.000381 0.058644 -0.060535
v -0.000381 0.058644 -0.060535
v -0.000381 0.058644 -0.060535
v -0.000385 0.059437 -0.046839
v -0.000385 0.059437 -0.046839
v -0.000385 0.059437 -0.046839
v -0.000385 0.059437 -0.046839
v -0.000385 0.059437 -0.046839
v -0.000385 0.059437 -0.046839
v 0.012585 0.022859 -0.110301
v 0.012585 0.022859 -0.110301
v 0.012585 0.022859 -0.110301
v 0.012585 0.022859 -0.110301
v 0.012585 0.022859 -0.110301
v 0.012585 0.022859 -0.110301
v 0.012585 0.022859 -0.110301
v 0.012585 0.022859 -0.110301
v 0.012585 0.022859 -0.110301
v 0.012073 0.033231 -0.103678
v 0.012073 0.033231 -0.103678
v 0.012073 0.033231 -0.103678
v 0.012073 0.033231 -0.103678
v 0.012073 0.033231 -0.103678
v 0.012073 0.033231 -0.103678
v 0.012073 0.033231 -0.103678
v 0.012073 0.033231 -0.103678
v 0.011857 0.037971 -0.099860
v 0.011857 0.037971 -0.099860
v 0.011857 0.037971 -0.099860
v 0.011857 0.037971 -0.099860
v 0.011857 0.037971 -0.099860
v 0.011857 0.037971 -0.099860
v 0.011857 0.037971 -0.099860
v 0.011667 0.042334 -0.095699
v 0.011667 0.042334 -0.095699
v 0.011667 0.042334 -0.095699
v 0.011667 0.042334 -0.095699
v 0.011667 0.042334 -0.095699
v 0.011667 0.042334 -0.095699
v 0.011667 0.042334 -0.095699
v 0.011667 0.042334 -0.095699
v 0.011504 0.046272 -0.091208
v 0.011504 0.046272 -0.091208
v 0.011504 0.046272 -0.091208
v 0.011504 0.046272 -0.091208
v 0.011504 0.046272 -0.091208
v 0.011504 0.046272 -0.091208
v 0.011504 0.046272 -0.091208
v 0.007271 0.056620 -0.070960
v 0.007271 0.056620 -0.070960
v 0.007271 0.056620 -0.070960
v 0.007271 0.056620 -0.070960
v 0.007271 0.056620 -0.070960
v 0.007271 0.056620 -0.070960
v 0.007271 0.056620 -0.070960
v 0.007271 0.056620 -0.070960
v 0.007326 0.054672 -0.076388
v 0.007326 0.054672 -0.076388
v 0.007326 0.054672 -0.076388
v 0.007326 0.054672 -0.076388
v 0.007326 0.054672 -0.076388
v 0.007326 0.054672 -0.076388
v 0.007326 0.054672 -0.076388
v 0.007400 0.052176 -0.081685
v 0.007400 0.052176 -0.081685
v 0.007400 0.052176 -0.081685
v 0.007400 0.052176 -0.081685
v 0.007400 0.052176 -0.081685
v 0.007400 0.052176 -0.081685
v 0.007400 0.052176 -0.081685
v 0.007400 0.052176 -0.081685
v 0.007400 0.052176 -0.081685
v 0.007232 0.058035 -0.065503
v 0.007232 0.058035 -0.065503
v 0.007232 0.058035 -0.065503
v 0.007232 0.058035 -0.065503
v 0.007232 0.058035 -0.065503
v 0.007232 0.058035 -0.065503
v 0.007232 0.058035 -0.065503
v 0.011368 0.049740 -0.086413
v 0.011368 0.049740 -0.086413
v 0.011368 0.049740 -0.086413
v 0.011368 0.049740 -0.086413
v 0.011368 0.049740 -0.086413
v 0.011368 0.049740 -0.086413
v 0.017985 -0.037332 -0.141341
v 0.017985 -0.037332 -0.141341
v 0.017985 -0.037332 -0.141341
v 0.017985 -0.037332 -0.141341
v 0.017985 -0.037332 -0.141341
v 0.017985 -0.037332 -0.141341
v 0.017683 -0.036299 -0.139062
v 0.017683 -0.036299 -0.139062
v 0.017683 -0.036299 -0.139062
v 0.017683 -0.036299 -0.139062
v 0.017683 -0.036299 -0.139062
v 0.017683 -0.036299 -0.139062
v 0.017351 -0.034782 -0.136878
v 0.017351 -0.034782 -0.136878
v 0.017351 -0.034782 -0.136878
v 0.017351 -0.034782 -0.136878
v 0.017351 -0.034782 -0.136878
v 0.017351 -0.034782 -0.136878
v 0.016995 -0.032747 -0.134800
v 0.016995 -0.032747 -0.134800
v 0.016995 -0.032747 -0.134800
v 0.016995 -0.032747 -0.134800
v 0.016995 -0.032747 -0.134800
v 0.016995 -0.032747 -0.134800
v 0.016995 -0.032747 -0.134800
v 0.016995 -0.032747 -0.134800
v 0.016232 -0.027079 -0.130957
v 0.016232 -0.027079 -0.130957
v 0.016232 -0.027079 -0.130957
v 0.016232 -0.027079 -0.130957
v 0.016232 -0.027079 -0.130957
v 0.016232 -0.027079 -0.130957
v 0.016232 -0.027079 -0.130957
v 0.016232 -0.027079 -0.130957
v 0.016232 -0.027079 -0.130957
v 0.015436 -0.019384 -0.127410
v 0.015436 -0.019384 -0.127410
v 0.015436 -0.019384 -0.127410
v 0.015436 -0.019384 -0.127410
v 0.015436 -0.019384 -0.127410
v 0.015436 -0.019384 -0.127410
v 0.015436 -0.019384 -0.127410
v 0.014644 -0.009991 -0.123909
v 0.014644 -0.009991 -0.123909
v 0.014644 -0.009991 -0.123909
v 0.014644 -0.009991 -0.123909
v 0.014644 -0.009991 -0.123909
v 0.014644 -0.009991 -0.123909
v 0.014644 -0.009991 -0.123909
v 0.014644 -0.009991 -0.123909
v 0.012223 -0.039693 -0.141609
v 0.012223 -0.039693 -0.141609
v 0.012223 -0.039693 -0.141609
v 0.012223 -0.039693 -0.141609
v 0.012223 -0.039693 -0.141609
v 0.012223 -0.039693 -0.141609
v 0.012029 -0.038658 -0.139307
v 0.012029 -0.038658 -0.139307
v 0.012029 -0.038658 -0.139307
v 0.012029 -0.038658 -0.139307
v 0.012029 -0.038658 -0.139307
v 0.012029 -0.038658 -0.139307
v 0.011814 -0.037135 -0.137105
v 0.011814 -0.037135 -0.137105
v 0.011814 -0.037135 -0.137105
v 0.011814 -0.037135 -0.137105
v 0.011814 -0.037135 -0.137105
v 0.011814 -0.037135 -0.137105
v 0.011582 -0.035084 -0.135015
v 0.011582 -0.035084 -0.135015
v 0.011582 -0.035084 -0.135015
v 0.011582 -0.035084 -0.135015
v 0.011582 -0.035084 -0.135015
v 0.011582 -0.035084 -0.135015
v 0.011076 -0.029351 -0.131166
v 0.011076 -0.029351 -0.131166
v 0.011076 -0.029351 -0.131166
v 0.011076 -0.029351 -0.131166
v 0.011076 -0.029351 -0.131166
v 0.011076 -0.029351 -0.131166
v 0.010535 -0.021539 -0.127636
v 0.010535 -0.021539 -0.127636
v 0.010535 -0.021539 -0.127636
v 0.010535 -0.021539 -0.127636
v 0.010535 -0.021539 -0.127636
v 0.010535 -0.021539 -0.127636
v 0.009981 -0.011975 -0.124170
v 0.009981 -0.011975 -0.124170
v 0.009981 -0.011975 -0.124170
v 0.009981 -0.011975 -0.124170
v 0.009981 -0.011975 -0.124170
v 0.009981 -0.011975 -0.124170
v 0.009437 -0.001169 -0.120429
v 0.009437 -0.001169 -0.120429
v 0.009437 -0.001169 -0.120429
v 0.009437 -0.001169 -0.120429
v 0.009437 -0.001169 -0.120429
v 0.009437 -0.001169 -0.120429
v 0.013888 0.000598 -0.120123
v 0.013888 0.000598 -0.120123
v 0.013888 0.000598 -0.120123
v 0.013888 0.000598 -0.120123
v 0.013888 0.000598 -0.120123
v 0.013888 0.000598 -0.120123
v 0.008924 0.010249 -0.116050
v 0.008924 0.010249 -0.116050
v 0.008924 0.010249 -0.116050
v 0.008924 0.010249 -0.116050
v 0.008924 0.010249 -0.116050
v 0.008924 0.010249 -0.116050
v 0.008461 0.021599 -0.110690
v 0.008461 0.021599 -0.110690
v 0.008461 0.021599 -0.110690
v 0.008461 0.021599 -0.110690
v 0.008461 0.021599 -0.110690
v 0.008461 0.021599 -0.110690
v 0.008062 0.032223 -0.104085
v 0.008062 0.032223 -0.104085
v 0.008062 0.032223 -0.104085
v 0.008062 0.032223 -0.104085
v 0.008062 0.032223 -0.104085
v 0.008062 0.032223 -0.104085
v 0.007890 0.037079 -0.100267
v 0.007890 0.037079 -0.100267
v 0.007890 0.037079 -0.100267
v 0.007890 0.037079 -0.100267
v 0.007890 0.037079 -0.100267
v 0.007890 0.037079 -0.100267
v 0.007737 0.041550 -0.096098
v 0.007737 0.041550 -0.096098
v 0.007737 0.041550 -0.096098
v 0.007737 0.041550 -0.096098
v 0.007737 0.041550 -0.096098
v 0.007737 0.041550 -0.096098
v 0.007605 0.045585 -0.091592
v 0.007605 0.045585 -0.091592
v 0.007605 0.045585 -0.091592
v 0.007605 0.045585 -0.091592
v 0.007605 0.045585 -0.091592
v 0.007605 0.045585 -0.091592
v 0.007492 0.049139 -0.086774
v 0.007492 0.049139 -0.086774
v 0.007492 0.049139 -0.086774
v 0.007492 0.049139 -0.086774
v 0.007492 0.049139 -0.086774
v 0.007492 0.049139 -0.086774
v 0.041195 -0.009598 -0.158129
v 0.041195 -0.009598 -0.158129
v 0.041195 -0.009598 -0.158129
v 0.041195 -0.009598 -0.158129
v 0.041195 -0.009598 -0.158129
v 0.041195 -0.009598 -0.158129
v 0.041195 -0.009598 -0.158129
v 0.030601 -0.029397 -0.152867
v 0.030601 -0.029397 -0.152867
v 0.030601 -0.029397 -0.152867
v 0.030601 -0.029397 -0.152867
v 0.030601 -0.029397 -0.152867
v 0.030601 -0.029397 -0.152867
v 0.030601 -0.029397 -0.152867
v 0.030601 -0.029397 -0.152867
v 0.030601 -0.029397 -0.152867
v 0.030601 -0.029397 -0.152867
v -0.002778 -0.042173 -0.173000
v -0.002778 -0.042173 -0.173000
v -0.002778 -0.042173 -0.173000
v -0.002778 -0.042173 -0.173000
v -0.002593 -0.042175 -0.173000
v -0.002593 -0.042175 -0.173000
v -0.002593 -0.042175 -0.173000
v -0.002593 -0.042175 -0.173000
v -0.002593 -0.042175 -0.173000
v -0.002593 -0.042175 -0.173000
v -0.002593 -0.042175 -0.173000
v -0.002593 -0.042175 -0.173000
v -0.002593 -0.042175 -0.173000
v -0.002593 -0.042175 -0.173000
v -0.002593 -0.042175 -0.173000
v -0.002461 -0.042205 -0.167443
v -0.002461 -0.042205 -0.167443
v -0.002461 -0.042205 -0.167443
v -0.002461 -0.042205 -0.167443
v -0.002461 -0.042205 -0.167443
v -0.002461 -0.042205 -0.167443
v -0.002461 -0.042205 -0.167443
v 0.041610 -0.007384 -0.173000
v 0.041610 -0.007384 -0.173000
v 0.041610 -0.007384 -0.173000
v 0.041610 -0.007384 -0.173000
v 0.041610 -0.007384 -0.173000
v 0.040797 -0.010953 -0.166086
v 0.040797 -0.010953 -0.166086
v 0.040797 -0.010953 -0.166086
v 0.040797 -0.010953 -0.166086
v 0.040797 -0.010953 -0.166086
v 0.040797 -0.010953 -0.166086
v 0.040797 -0.010953 -0.166086
v 0.040797 -0.010953 -0.166086
v 0.040797 -0.010953 -0.166086
v 0.040657 -0.011432 -0.173000
v 0.040657 -0.011432 -0.173000
v 0.040657 -0.011432 -0.173000
v 0.040657 -0.011432 -0.173000
v 0.040531 -0.011965 -0.173000
v 0.040531 -0.011965 -0.173000
v 0.040531 -0.011965 -0.173000
v 0.040531 -0.011965 -0.173000
v 0.040531 -0.011965 -0.173000
v 0.038922 -0.016399 -0.166316
v 0.038922 -0.016399 -0.166316
v 0.038922 -0.016399 -0.166316
v 0.038922 -0.016399 -0.166316
v 0.038922 -0.016399 -0.166316
v 0.038922 -0.016399 -0.166316
v 0.038922 -0.016399 -0.166316
v 0.038922 -0.016399 -0.166316
v 0.038906 -0.016499 -0.173000
v 0.038906 -0.016499 -0.173000
v 0.038906 -0.016499 -0.173000
v 0.038906 -0.016499 -0.173000
v 0.036322 -0.021541 -0.166533
v 0.036322 -0.021541 -0.166533
v 0.036322 -0.021541 -0.166533
v 0.036322 -0.021541 -0.166533
v 0.036322 -0.021541 -0.166533
v 0.036322 -0.021541 -0.166533
v 0.036322 -0.021541 -0.166533
v 0.036835 -0.020716 -0.173000
v 0.036835 -0.020716 -0.173000
v 0.036835 -0.020716 -0.173000
v 0.036835 -0.020716 -0.173000
v 0.036835 -0.020716 -0.173000
v 0.038743 -0.016833 -0.173000
v 0.038743 -0.016833 -0.173000
v 0.038743 -0.016833 -0.173000
v 0.038743 -0.016833 -0.173000
v 0.033048 -0.026284 -0.166735
v 0.033048 -0.026284 -0.166735
v 0.033048 -0.026284 -0.166735
v 0.033048 -0.026284 -0.166735
v 0.033048 -0.026284 -0.166735
v 0.033048 -0.026284 -0.166735
v 0.033048 -0.026284 -0.166735
v 0.034286 -0.024708 -0.173000
v 0.034286 -0.024708 -0.173000
v 0.034286 -0.024708 -0.173000
v 0.034286 -0.024708 -0.173000
v 0.034286 -0.024708 -0.173000
v 0.036076 -0.021904 -0.173000
v 0.036076 -0.021904 -0.173000
v 0.036076 -0.021904 -0.173000
v 0.036076 -0.021904 -0.173000
v 0.029162 -0.030542 -0.166917
v 0.029162 -0.030542 -0.166917
v 0.029162 -0.030542 -0.166917
v 0.029162 -0.030542 -0.166917
v 0.029162 -0.030542 -0.166917
v 0.029162 -0.030542 -0.166917
v 0.029162 -0.030542 -0.166917
v 0.031249 -0.028452 -0.173000
v 0.031249 -0.028452 -0.173000
v 0.031249 -0.028452 -0.173000
v 0.031249 -0.028452 -0.173000
v 0.031249 -0.028452 -0.173000
v 0.032767 -0.026579 -0.173000
v 0.032767 -0.026579 -0.173000
v 0.032767 -0.026579 -0.173000
v 0.032767 -0.026579 -0.173000
v 0.024732 -0.034237 -0.167076
v 0.024732 -0.034237 -0.167076
v 0.024732 -0.034237 -0.167076
v 0.024732 -0.034237 -0.167076
v 0.024732 -0.034237 -0.167076
v 0.024732 -0.034237 -0.167076
v 0.024732 -0.034237 -0.167076
v 0.027897 -0.031745 -0.173000
v 0.027897 -0.031745 -0.173000
v 0.027897 -0.031745 -0.173000
v 0.027897 -0.031745 -0.173000
v 0.027897 -0.031745 -0.173000
v 0.028876 -0.030783 -0.173000
v 0.028876 -0.030783 -0.173000
v 0.028876 -0.030783 -0.173000
v 0.028876 -0.030783 -0.173000
v 0.019573 -0.037426 -0.173000
v 0.019573 -0.037426 -0.173000
v 0.019573 -0.037426 -0.173000
v 0.019573 -0.037426 -0.173000
v 0.020071 -0.037192 -0.173000
v 0.020071 -0.037192 -0.173000
v 0.020071 -0.037192 -0.173000
v 0.020071 -0.037192 -0.173000
v 0.019840 -0.037297 -0.167211
v 0.019840 -0.037297 -0.167211
v 0.019840 -0.037297 -0.167211
v 0.019840 -0.037297 -0.167211
v 0.019840 -0.037297 -0.167211
v 0.019840 -0.037297 -0.167211
v 0.019840 -0.037297 -0.167211
v 0.019840 -0.037297 -0.167211
v 0.024170 -0.034668 -0.173000
v 0.024170 -0.034668 -0.173000
v 0.024170 -0.034668 -0.173000
v 0.024170 -0.034668 -0.173000
v 0.024170 -0.034668 -0.173000
v 0.024463 -0.034438 -0.173000
v 0.024463 -0.034438 -0.173000
v 0.024463 -0.034438 -0.173000
v 0.024463 -0.034438 -0.173000
v 0.015819 -0.039190 -0.173000
v 0.015819 -0.039190 -0.173000
v 0.015819 -0.039190 -0.173000
v 0.015819 -0.039190 -0.173000
v 0.015819 -0.039190 -0.173000
v 0.014574 -0.039664 -0.167316
v 0.014574 -0.039664 -0.167316
v 0.014574 -0.039664 -0.167316
v 0.014574 -0.039664 -0.167316
v 0.014574 -0.039664 -0.167316
v 0.014574 -0.039664 -0.167316
v 0.014574 -0.039664 -0.167316
v 0.014315 -0.039701 -0.173000
v 0.014315 -0.039701 -0.173000
v 0.014315 -0.039701 -0.173000
v 0.014315 -0.039701 -0.173000
v 0.011334 -0.040715 -0.173000
v 0.011334 -0.040715 -0.173000
v 0.011334 -0.040715 -0.173000
v 0.011334 -0.040715 -0.173000
v 0.011334 -0.040715 -0.173000
v 0.009032 -0.041291 -0.167391
v 0.009032 -0.041291 -0.167391
v 0.009032 -0.041291 -0.167391
v 0.009032 -0.041291 -0.167391
v 0.009032 -0.041291 -0.167391
v 0.009032 -0.041291 -0.167391
v 0.009032 -0.041291 -0.167391
v 0.009032 -0.041291 -0.167391
v 0.008805 -0.041266 -0.173000
v 0.008805 -0.041266 -0.173000
v 0.008805 -0.041266 -0.173000
v 0.008805 -0.041266 -0.173000
v 0.003317 -0.042143 -0.167434
v 0.003317 -0.042143 -0.167434
v 0.003317 -0.042143 -0.167434
v 0.003317 -0.042143 -0.167434
v 0.003317 -0.042143 -0.167434
v 0.003317 -0.042143 -0.167434
v 0.003317 -0.042143 -0.167434
v 0.001957 -0.042219 -0.173000
v 0.001957 -0.042219 -0.173000
v 0.001957 -0.042219 -0.173000
v 0.001957 -0.042219 -0.173000
v 0.003137 -0.042098 -0.173000
v 0.003137 -0.042098 -0.173000
v 0.003137 -0.042098 -0.173000
v 0.003137 -0.042098 -0.173000
v 0.003137 -0.042098 -0.173000
v 0.006631 -0.041740 -0.173000
v 0.006631 -0.041740 -0.173000
v 0.006631 -0.041740 -0.173000
v 0.006631 -0.041740 -0.173000
v -0.007557 -0.041584 -0.173000
v -0.007557 -0.041584 -0.173000
v -0.007557 -0.041584 -0.173000
v -0.007557 -0.041584 -0.173000
v -0.007557 -0.041584 -0.173000
v -0.008194 -0.041473 -0.167418
v -0.008194 -0.041473 -0.167418
v -0.008194 -0.041473 -0.167418
v -0.008194 -0.041473 -0.167418
v -0.008194 -0.041473 -0.167418
v -0.008194 -0.041473 -0.167418
v -0.008194 -0.041473 -0.167418
v -0.008273 -0.041412 -0.173000
v -0.008273 -0.041412 -0.173000
v -0.008273 -0.041412 -0.173000
v -0.008273 -0.041412 -0.173000
v -0.012126 -0.040488 -0.173000
v -0.012126 -0.040488 -0.173000
v -0.012126 -0.040488 -0.173000
v -0.012126 -0.040488 -0.173000
v -0.012126 -0.040488 -0.173000
v -0.013771 -0.039963 -0.167360
v -0.013771 -0.039963 -0.167360
v -0.013771 -0.039963 -0.167360
v -0.013771 -0.039963 -0.167360
v -0.013771 -0.039963 -0.167360
v -0.013771 -0.039963 -0.167360
v -0.013771 -0.039963 -0.167360
v -0.013795 -0.039885 -0.173000
v -0.013795 -0.039885 -0.173000
v -0.013795 -0.039885 -0.173000
v -0.013795 -0.039885 -0.173000
v -0.016580 -0.038878 -0.173000
v -0.016580 -0.038878 -0.173000
v -0.016580 -0.038878 -0.173000
v -0.016580 -0.038878 -0.173000
v -0.016580 -0.038878 -0.173000
v -0.019087 -0.037705 -0.167270
v -0.019087 -0.037705 -0.167270
v -0.019087 -0.037705 -0.167270
v -0.019087 -0.037705 -0.167270
v -0.019087 -0.037705 -0.167270
v -0.019087 -0.037705 -0.167270
v -0.019087 -0.037705 -0.167270
v -0.019067 -0.037645 -0.173000
v -0.019067 -0.037645 -0.173000
v -0.019067 -0.037645 -0.173000
v -0.019067 -0.037645 -0.173000
v -0.020893 -0.036741 -0.173000
v -0.020893 -0.036741 -0.173000
v -0.020893 -0.036741 -0.173000
v -0.020893 -0.036741 -0.173000
v -0.020893 -0.036741 -0.173000
v -0.024043 -0.034744 -0.167151
v -0.024043 -0.034744 -0.167151
v -0.024043 -0.034744 -0.167151
v -0.024043 -0.034744 -0.167151
v -0.024043 -0.034744 -0.167151
v -0.024043 -0.034744 -0.167151
v -0.024043 -0.034744 -0.167151
v -0.024002 -0.034736 -0.173000
v -0.024002 -0.034736 -0.173000
v -0.024002 -0.034736 -0.173000
v -0.024002 -0.034736 -0.173000
v -0.024002 -0.034736 -0.173000
v -0.024002 -0.034736 -0.173000
v -0.024002 -0.034736 -0.173000
v -0.024002 -0.034736 -0.173000
v -0.024002 -0.034736 -0.173000
v -0.024002 -0.034736 -0.173000
v -0.028513 -0.031201 -0.173000
v -0.028513 -0.031201 -0.173000
v -0.028513 -0.031201 -0.173000
v -0.028513 -0.031201 -0.173000
v -0.024843 -0.034195 -0.173000
v -0.024843 -0.034195 -0.173000
v -0.024843 -0.034195 -0.173000
v -0.028519 -0.031189 -0.170541
v -0.028519 -0.031189 -0.170541
v -0.028519 -0.031189 -0.170541
v -0.028519 -0.031189 -0.170541
v -0.028519 -0.031189 -0.170541
v -0.028567 -0.031164 -0.167004
v -0.028567 -0.031164 -0.167004
v -0.028567 -0.031164 -0.167004
v -0.028567 -0.031164 -0.167004
v -0.028567 -0.031164 -0.167004
v -0.028664 -0.031115 -0.160023
v -0.028664 -0.031115 -0.160023
v -0.028664 -0.031115 -0.160023
v -0.028664 -0.031115 -0.160023
v -0.028664 -0.031115 -0.160023
v -0.028664 -0.031115 -0.160023
v -0.028664 -0.031115 -0.160023
v -0.028448 -0.031614 -0.147404
v -0.028448 -0.031614 -0.147404
v -0.028448 -0.031614 -0.147404
v -0.028448 -0.031614 -0.147404
v -0.028448 -0.031614 -0.147404
v -0.028448 -0.031614 -0.147404
v -0.028604 -0.031298 -0.153237
v -0.028604 -0.031298 -0.153237
v -0.028604 -0.031298 -0.153237
v -0.028604 -0.031298 -0.153237
v -0.028604 -0.031298 -0.153237
v -0.028604 -0.031298 -0.153237
v -0.024523 -0.034502 -0.147831
v -0.024523 -0.034502 -0.147831
v -0.024523 -0.034502 -0.147831
v -0.024523 -0.034502 -0.147831
v -0.023691 -0.035114 -0.147921
v -0.023691 -0.035114 -0.147921
v -0.023691 -0.035114 -0.147921
v -0.023691 -0.035114 -0.147921
v -0.023691 -0.035114 -0.147921
v -0.024086 -0.034745 -0.160243
v -0.024086 -0.034745 -0.160243
v -0.024086 -0.034745 -0.160243
v -0.024086 -0.034745 -0.160243
v -0.024086 -0.034745 -0.160243
v -0.024086 -0.034745 -0.160243
v -0.024086 -0.034745 -0.160243
v -0.024086 -0.034745 -0.160243
v -0.024086 -0.034745 -0.160243
v -0.028705 -0.031093 -0.157013
v -0.028705 -0.031093 -0.157013
v -0.028705 -0.031093 -0.157013
v -0.028705 -0.031093 -0.157013
v -0.028705 -0.031093 -0.157013
v -0.028665 -0.031114 -0.159948
v -0.028665 -0.031114 -0.159948
v -0.028665 -0.031114 -0.159948
v -0.028665 -0.031114 -0.159948
v -0.019040 -0.037771 -0.160484
v -0.019040 -0.037771 -0.160484
v -0.019040 -0.037771 -0.160484
v -0.019040 -0.037771 -0.160484
v -0.019040 -0.037771 -0.160484
v -0.019040 -0.037771 -0.160484
v -0.019040 -0.037771 -0.160484
v -0.020038 -0.037388 -0.148258
v -0.020038 -0.037388 -0.148258
v -0.020038 -0.037388 -0.148258
v -0.020038 -0.037388 -0.148258
v -0.020038 -0.037388 -0.148258
v -0.021569 -0.036675 -0.148152
v -0.021569 -0.036675 -0.148152
v -0.021569 -0.036675 -0.148152
v -0.021569 -0.036675 -0.148152
v -0.021569 -0.036675 -0.148152
v -0.013191 -0.040434 -0.148708
v -0.013191 -0.040434 -0.148708
v -0.013191 -0.040434 -0.148708
v -0.013191 -0.040434 -0.148708
v -0.014125 -0.040140 -0.148665
v -0.014125 -0.040140 -0.148665
v -0.014125 -0.040140 -0.148665
v -0.014125 -0.040140 -0.148665
v -0.013615 -0.040071 -0.160665
v -0.013615 -0.040071 -0.160665
v -0.013615 -0.040071 -0.160665
v -0.013615 -0.040071 -0.160665
v -0.013615 -0.040071 -0.160665
v -0.013615 -0.040071 -0.160665
v -0.013615 -0.040071 -0.160665
v -0.013615 -0.040071 -0.160665
v -0.013615 -0.040071 -0.160665
v -0.015168 -0.039655 -0.148593
v -0.015168 -0.039655 -0.148593
v -0.015168 -0.039655 -0.148593
v -0.015168 -0.039655 -0.148593
v -0.015168 -0.039655 -0.148593
v -0.018603 -0.038056 -0.148356
v -0.018603 -0.038056 -0.148356
v -0.018603 -0.038056 -0.148356
v -0.018603 -0.038056 -0.148356
v -0.018603 -0.038056 -0.148356
v -0.007915 -0.041591 -0.160783
v -0.007915 -0.041591 -0.160783
v -0.007915 -0.041591 -0.160783
v -0.007915 -0.041591 -0.160783
v -0.007915 -0.041591 -0.160783
v -0.007915 -0.041591 -0.160783
v -0.007915 -0.041591 -0.160783
v -0.010056 -0.041227 -0.148825
v -0.010056 -0.041227 -0.148825
v -0.010056 -0.041227 -0.148825
v -0.010056 -0.041227 -0.148825
v -0.010056 -0.041227 -0.148825
v -0.010056 -0.041227 -0.148825
v -0.011423 -0.040992 -0.148790
v -0.011423 -0.040992 -0.148790
v -0.011423 -0.040992 -0.148790
v -0.011423 -0.040992 -0.148790
v -0.011423 -0.040992 -0.148790
v -0.007411 -0.041684 -0.148893
v -0.007411 -0.041684 -0.148893
v -0.007411 -0.041684 -0.148893
v -0.007411 -0.041684 -0.148893
v -0.007411 -0.041684 -0.148893
v -0.007617 -0.041781 -0.154337
v -0.007617 -0.041781 -0.154337
v -0.007617 -0.041781 -0.154337
v -0.007617 -0.041781 -0.154337
v -0.007617 -0.041781 -0.154337
v -0.004754 -0.042142 -0.148960
v -0.004754 -0.042142 -0.148960
v -0.004754 -0.042142 -0.148960
v -0.004754 -0.042142 -0.148960
v -0.004754 -0.042142 -0.148960
v -0.001667 -0.042442 -0.154414
v -0.001667 -0.042442 -0.154414
v -0.001667 -0.042442 -0.154414
v -0.001667 -0.042442 -0.154414
v -0.001667 -0.042442 -0.154414
v -0.001667 -0.042442 -0.154414
v -0.001667 -0.042442 -0.154414
v -0.001667 -0.042442 -0.154414
v -0.001667 -0.042442 -0.154414
v -0.002969 -0.042450 -0.149006
v -0.002969 -0.042450 -0.149006
v -0.002969 -0.042450 -0.149006
v -0.002969 -0.042450 -0.149006
v -0.002969 -0.042450 -0.149006
v -0.001552 -0.042498 -0.149013
v -0.001552 -0.042498 -0.149013
v -0.001552 -0.042498 -0.149013
v -0.001552 -0.042498 -0.149013
v -0.001552 -0.042498 -0.149013
v 0.004317 -0.042252 -0.154391
v 0.004317 -0.042252 -0.154391
v 0.004317 -0.042252 -0.154391
v 0.004317 -0.042252 -0.154391
v 0.004317 -0.042252 -0.154391
v 0.004317 -0.042252 -0.154391
v 0.004317 -0.042252 -0.154391
v 0.004317 -0.042252 -0.154391
v 0.010210 -0.041216 -0.154268
v 0.010210 -0.041216 -0.154268
v 0.010210 -0.041216 -0.154268
v 0.010210 -0.041216 -0.154268
v 0.010210 -0.041216 -0.154268
v 0.010210 -0.041216 -0.154268
v 0.010210 -0.041216 -0.154268
v 0.010210 -0.041216 -0.154268
v 0.015893 -0.039360 -0.154049
v 0.015893 -0.039360 -0.154049
v 0.015893 -0.039360 -0.154049
v 0.015893 -0.039360 -0.154049
v 0.015893 -0.039360 -0.154049
v 0.015893 -0.039360 -0.154049
v 0.015893 -0.039360 -0.154049
v 0.015893 -0.039360 -0.154049
v 0.021252 -0.036730 -0.153738
v 0.021252 -0.036730 -0.153738
v 0.021252 -0.036730 -0.153738
v 0.021252 -0.036730 -0.153738
v 0.021252 -0.036730 -0.153738
v 0.021252 -0.036730 -0.153738
v 0.021252 -0.036730 -0.153738
v 0.021252 -0.036730 -0.153738
v 0.026185 -0.033385 -0.153341
v 0.026185 -0.033385 -0.153341
v 0.026185 -0.033385 -0.153341
v 0.026185 -0.033385 -0.153341
v 0.026185 -0.033385 -0.153341
v 0.026185 -0.033385 -0.153341
v 0.026185 -0.033385 -0.153341
v 0.026185 -0.033385 -0.153341
v 0.034418 -0.024844 -0.152325
v 0.034418 -0.024844 -0.152325
v 0.034418 -0.024844 -0.152325
v 0.034418 -0.024844 -0.152325
v 0.034418 -0.024844 -0.152325
v 0.034418 -0.024844 -0.152325
v 0.034418 -0.024844 -0.152325
v 0.034418 -0.024844 -0.152325
v 0.037564 -0.019813 -0.151726
v 0.037564 -0.019813 -0.151726
v 0.037564 -0.019813 -0.151726
v 0.037564 -0.019813 -0.151726
v 0.037564 -0.019813 -0.151726
v 0.037564 -0.019813 -0.151726
v 0.037564 -0.019813 -0.151726
v 0.037564 -0.019813 -0.151726
v 0.039975 -0.014398 -0.151079
v 0.039975 -0.014398 -0.151079
v 0.039975 -0.014398 -0.151079
v 0.039975 -0.014398 -0.151079
v 0.039975 -0.014398 -0.151079
v 0.039975 -0.014398 -0.151079
v 0.039975 -0.014398 -0.151079
v 0.039975 -0.014398 -0.151079
v 0.039975 -0.014398 -0.151079
v 0.041595 -0.008708 -0.150401
v 0.041595 -0.008708 -0.150401
v 0.041595 -0.008708 -0.150401
v 0.041595 -0.008708 -0.150401
v 0.041595 -0.008708 -0.150401
v 0.041595 -0.008708 -0.150401
v 0.041595 -0.008708 -0.150401
v 0.041595 -0.008708 -0.150401
v 0.041595 -0.008708 -0.150401
v 0.041595 -0.008708 -0.150401
v -0.002054 -0.042295 -0.160835
v -0.002054 -0.042295 -0.160835
v -0.002054 -0.042295 -0.160835
v -0.002054 -0.042295 -0.160835
v -0.002054 -0.042295 -0.160835
v -0.002054 -0.042295 -0.160835
v 0.003848 -0.042164 -0.160819
v 0.003848 -0.042164 -0.160819
v 0.003848 -0.042164 -0.160819
v 0.003848 -0.042164 -0.160819
v 0.003848 -0.042164 -0.160819
v 0.003848 -0.042164 -0.160819
v 0.009670 -0.041203 -0.160735
v 0.009670 -0.041203 -0.160735
v 0.009670 -0.041203 -0.160735
v 0.009670 -0.041203 -0.160735
v 0.009670 -0.041203 -0.160735
v 0.009670 -0.041203 -0.160735
v 0.015294 -0.039436 -0.160587
v 0.015294 -0.039436 -0.160587
v 0.015294 -0.039436 -0.160587
v 0.015294 -0.039436 -0.160587
v 0.015294 -0.039436 -0.160587
v 0.015294 -0.039436 -0.160587
v 0.020609 -0.036906 -0.160376
v 0.020609 -0.036906 -0.160376
v 0.020609 -0.036906 -0.160376
v 0.020609 -0.036906 -0.160376
v 0.020609 -0.036906 -0.160376
v 0.020609 -0.036906 -0.160376
v 0.025517 -0.033671 -0.160109
v 0.025517 -0.033671 -0.160109
v 0.025517 -0.033671 -0.160109
v 0.025517 -0.033671 -0.160109
v 0.025517 -0.033671 -0.160109
v 0.025517 -0.033671 -0.160109
v 0.029929 -0.029801 -0.159790
v 0.029929 -0.029801 -0.159790
v 0.029929 -0.029801 -0.159790
v 0.029929 -0.029801 -0.159790
v 0.029929 -0.029801 -0.159790
v 0.029929 -0.029801 -0.159790
v 0.033769 -0.025372 -0.159427
v 0.033769 -0.025372 -0.159427
v 0.033769 -0.025372 -0.159427
v 0.033769 -0.025372 -0.159427
v 0.033769 -0.025372 -0.159427
v 0.033769 -0.025372 -0.159427
v 0.036967 -0.020468 -0.159024
v 0.036967 -0.020468 -0.159024
v 0.036967 -0.020468 -0.159024
v 0.036967 -0.020468 -0.159024
v 0.036967 -0.020468 -0.159024
v 0.036967 -0.020468 -0.159024
v 0.039461 -0.015176 -0.158589
v 0.039461 -0.015176 -0.158589
v 0.039461 -0.015176 -0.158589
v 0.039461 -0.015176 -0.158589
v 0.039461 -0.015176 -0.158589
v 0.039461 -0.015176 -0.158589
v -0.032982 -0.026719 -0.152697
v -0.032982 -0.026719 -0.152697
v -0.032982 -0.026719 -0.152697
v -0.032982 -0.026719 -0.152697
v -0.032982 -0.026719 -0.152697
v -0.032982 -0.026719 -0.152697
v -0.032982 -0.026719 -0.152697
v -0.032982 -0.026719 -0.152697
v -0.032982 -0.026719 -0.152697
v -0.032982 -0.026719 -0.152697
v -0.032982 -0.026719 -0.152697
v -0.032982 -0.026719 -0.152697
v -0.039400 0.015677 -0.149270
v -0.039400 0.015677 -0.149270
v -0.039400 0.015677 -0.149270
v -0.039400 0.015677 -0.149270
v -0.039400 0.015677 -0.149270
v -0.039486 0.015241 -0.156228
v -0.039486 0.015241 -0.156228
v -0.039486 0.015241 -0.156228
v -0.039486 0.015241 -0.156228
v -0.039486 0.015241 -0.156228
v -0.041232 0.009587 -0.156717
v -0.041232 0.009587 -0.156717
v -0.041232 0.009587 -0.156717
v -0.041232 0.009587 -0.156717
v -0.041232 0.009587 -0.156717
v -0.041232 0.009587 -0.156717
v -0.041232 0.009587 -0.156717
v -0.041232 0.009587 -0.156717
v -0.041232 0.009587 -0.156717
v -0.041232 0.009587 -0.156717
v -0.041313 -0.008937 -0.173000
v -0.041313 -0.008937 -0.173000
v -0.041313 -0.008937 -0.173000
v -0.041313 -0.008937 -0.173000
v -0.040993 -0.010090 -0.173000
v -0.040993 -0.010090 -0.173000
v -0.040993 -0.010090 -0.173000
v -0.040993 -0.010090 -0.173000
v -0.040993 -0.010090 -0.173000
v -0.041273 -0.009418 -0.158280
v -0.041273 -0.009418 -0.158280
v -0.041273 -0.009418 -0.158280
v -0.041273 -0.009418 -0.158280
v -0.041273 -0.009418 -0.158280
v -0.041273 -0.009418 -0.158280
v -0.041273 -0.009418 -0.158280
v -0.033277 -0.026061 -0.173000
v -0.033277 -0.026061 -0.173000
v -0.033277 -0.026061 -0.173000
v -0.032607 -0.026824 -0.173000
v -0.032607 -0.026824 -0.173000
v -0.032607 -0.026824 -0.173000
v -0.032607 -0.026824 -0.173000
v -0.032607 -0.026824 -0.173000
v -0.032607 -0.026824 -0.173000
v -0.032607 -0.026824 -0.173000
v -0.032852 -0.026584 -0.159666
v -0.032852 -0.026584 -0.159666
v -0.032852 -0.026584 -0.159666
v -0.032852 -0.026584 -0.159666
v -0.032852 -0.026584 -0.159666
v -0.032852 -0.026584 -0.159666
v -0.032852 -0.026584 -0.159666
v -0.032852 -0.026584 -0.159666
v -0.030172 -0.029600 -0.173000
v -0.030172 -0.029600 -0.173000
v -0.030172 -0.029600 -0.173000
v -0.030172 -0.029600 -0.173000
v -0.030172 -0.029600 -0.173000
v -0.030172 -0.029600 -0.173000
v -0.036025 -0.022108 -0.173000
v -0.036025 -0.022108 -0.173000
v -0.036025 -0.022108 -0.173000
v -0.036025 -0.022108 -0.173000
v -0.036025 -0.022108 -0.173000
v -0.036518 -0.021302 -0.159243
v -0.036518 -0.021302 -0.159243
v -0.036518 -0.021302 -0.159243
v -0.036518 -0.021302 -0.159243
v -0.036518 -0.021302 -0.159243
v -0.036518 -0.021302 -0.159243
v -0.036518 -0.021302 -0.159243
v -0.036246 -0.021699 -0.173000
v -0.036246 -0.021699 -0.173000
v -0.036246 -0.021699 -0.173000
v -0.036246 -0.021699 -0.173000
v -0.036246 -0.021699 -0.173000
v -0.038256 -0.017974 -0.173000
v -0.038256 -0.017974 -0.173000
v -0.038256 -0.017974 -0.173000
v -0.038256 -0.017974 -0.173000
v -0.038256 -0.017974 -0.173000
v -0.039350 -0.015538 -0.158778
v -0.039350 -0.015538 -0.158778
v -0.039350 -0.015538 -0.158778
v -0.039350 -0.015538 -0.158778
v -0.039350 -0.015538 -0.158778
v -0.039350 -0.015538 -0.158778
v -0.039350 -0.015538 -0.158778
v -0.039350 -0.015538 -0.158778
v -0.039027 -0.016060 -0.173000
v -0.039027 -0.016060 -0.173000
v -0.039027 -0.016060 -0.173000
v -0.039027 -0.016060 -0.173000
v -0.039027 -0.016060 -0.173000
v -0.039027 -0.016060 -0.173000
v -0.039027 -0.016060 -0.173000
v -0.039027 -0.016060 -0.173000
v -0.039027 -0.016060 -0.173000
v -0.039027 -0.016060 -0.173000
v -0.039027 -0.016060 -0.173000
v -0.039027 -0.016060 -0.173000
v -0.039027 -0.016060 -0.173000
v -0.040027 -0.013581 -0.173000
v -0.040027 -0.013581 -0.173000
v -0.040027 -0.013581 -0.173000
v -0.040027 -0.013581 -0.173000
v -0.042049 -0.004297 -0.173000
v -0.042049 -0.004297 -0.173000
v -0.042049 -0.004297 -0.173000
v -0.042049 -0.004297 -0.173000
v -0.042049 -0.004297 -0.173000
v -0.042229 -0.003086 -0.157762
v -0.042229 -0.003086 -0.157762
v -0.042229 -0.003086 -0.157762
v -0.042229 -0.003086 -0.157762
v -0.042229 -0.003086 -0.157762
v -0.042229 -0.003086 -0.157762
v -0.042229 -0.003086 -0.157762
v -0.042068 -0.003897 -0.173000
v -0.042068 -0.003897 -0.173000
v -0.042068 -0.003897 -0.173000
v -0.042068 -0.003897 -0.173000
v -0.042266 0.000433 -0.173000
v -0.042266 0.000433 -0.173000
v -0.042266 0.000433 -0.173000
v -0.042266 0.000433 -0.173000
v -0.042266 0.000433 -0.173000
v -0.042266 0.000433 -0.173000
v -0.042266 0.000433 -0.173000
v -0.042266 0.000433 -0.173000
v -0.042266 0.000433 -0.173000
v -0.042266 0.000433 -0.173000
v -0.042266 0.000433 -0.173000
v -0.042266 0.000433 -0.173000
v -0.042266 0.000433 -0.173000
v -0.042266 0.000433 -0.173000
v -0.042266 0.000433 -0.173000
v -0.042266 0.000433 -0.173000
v -0.042266 0.000433 -0.173000
v -0.042266 0.000433 -0.173000
v -0.042266 0.000433 -0.173000
v -0.042266 0.000433 -0.173000
v -0.042266 0.000433 -0.173000
v -0.042266 0.000433 -0.173000
v -0.042266 0.000433 -0.173000
v -0.042266 0.000433 -0.173000
v -0.042266 0.000433 -0.173000
v -0.042266 0.000433 -0.173000
v -0.042266 0.000433 -0.173000
v -0.042266 0.000433 -0.173000
v -0.042266 0.000433 -0.173000
v -0.042266 0.000433 -0.173000
v -0.042266 0.000433 -0.173000
v -0.042266 0.000433 -0.173000
v -0.042266 0.000433 -0.173000
v -0.042266 0.000433 -0.173000
v -0.042266 0.000433 -0.173000
v -0.042266 0.000433 -0.173000
v -0.042266 0.000433 -0.173000
v -0.042266 0.000433 -0.173000
v -0.042266 0.000433 -0.173000
v -0.042266 0.000433 -0.173000
v -0.042266 0.000433 -0.173000
v -0.042266 0.000433 -0.173000
v -0.042266 0.000433 -0.173000
v -0.042266 0.000433 -0.173000
v -0.042266 0.000433 -0.173000
v -0.042266 0.000433 -0.173000
v -0.042266 0.000433 -0.173000
v -0.042266 0.000433 -0.173000
v -0.042266 0.000433 -0.173000
v -0.042266 0.000433 -0.173000
v -0.042266 0.000433 -0.173000
v -0.042202 0.003300 -0.157236
v -0.042202 0.003300 -0.157236
v -0.042202 0.003300 -0.157236
v -0.042202 0.003300 -0.157236
v -0.042202 0.003300 -0.157236
v -0.042202 0.003300 -0.157236
v -0.042202 0.003300 -0.157236
v -0.042202 0.003300 -0.157236
v -0.042134 0.002389 -0.173000
v -0.042134 0.002389 -0.173000
v -0.042134 0.002389 -0.173000
v -0.042134 0.002389 -0.173000
v -0.042134 0.002389 -0.173000
v -0.042134 0.002389 -0.173000
v -0.042134 0.002389 -0.173000
v -0.042134 0.002389 -0.173000
v -0.042134 0.002389 -0.173000
v -0.042134 0.002389 -0.173000
v -0.042134 0.002389 -0.173000
v -0.042134 0.002389 -0.173000
v -0.042134 0.002389 -0.173000
v -0.042134 0.002389 -0.173000
v -0.042134 0.002389 -0.173000
v -0.042134 0.002389 -0.173000
v -0.042134 0.002389 -0.173000
v -0.042134 0.002389 -0.173000
v -0.042134 0.002389 -0.173000
v -0.042134 0.002389 -0.173000
v -0.042134 0.002389 -0.173000
v -0.042134 0.002389 -0.173000
v -0.042134 0.002389 -0.173000
v -0.042134 0.002389 -0.173000
v -0.042134 0.002389 -0.173000
v -0.042134 0.002389 -0.173000
v -0.042134 0.002389 -0.173000
v -0.039489 0.015229 -0.156429
v -0.039489 0.015229 -0.156429
v -0.039489 0.015229 -0.156429
v -0.039489 0.015229 -0.156429
v -0.039489 0.015229 -0.156429
v -0.039489 0.015229 -0.156429
v -0.039562 0.014864 -0.162269
v -0.039562 0.014864 -0.162269
v -0.039562 0.014864 -0.162269
v -0.039562 0.014864 -0.162269
v -0.039740 0.014399 -0.173000
v -0.039740 0.014399 -0.173000
v -0.039740 0.014399 -0.173000
v -0.039740 0.014399 -0.173000
v -0.039740 0.014399 -0.173000
v -0.041102 0.009862 -0.173000
v -0.041102 0.009862 -0.173000
v -0.041102 0.009862 -0.173000
v -0.041327 0.008624 -0.173000
v -0.041327 0.008624 -0.173000
v -0.041327 0.008624 -0.173000
v -0.041327 0.008624 -0.173000
v -0.041327 0.008624 -0.173000
v -0.041327 0.008624 -0.173000
v -0.041327 0.008624 -0.173000
v -0.041943 0.005239 -0.173000
v -0.041943 0.005239 -0.173000
v -0.041943 0.005239 -0.173000
v -0.041943 0.005239 -0.173000
v -0.041310 0.009887 -0.148345
v -0.041310 0.009887 -0.148345
v -0.041310 0.009887 -0.148345
v -0.041310 0.009887 -0.148345
v -0.041310 0.009887 -0.148345
v -0.041310 0.009887 -0.148345
v -0.041310 0.009887 -0.148345
v -0.041310 0.009887 -0.148345
v -0.041310 0.009887 -0.148345
v -0.039546 0.015591 -0.147638
v -0.039546 0.015591 -0.147638
v -0.039546 0.015591 -0.147638
v -0.039546 0.015591 -0.147638
v -0.039546 0.015591 -0.147638
v -0.039537 0.015596 -0.147735
v -0.039537 0.015596 -0.147735
v -0.039537 0.015596 -0.147735
v -0.039537 0.015596 -0.147735
v -0.040725 0.012771 -0.140844
v -0.040725 0.012771 -0.140844
v -0.040725 0.012771 -0.140844
v -0.040725 0.012771 -0.140844
v -0.040188 0.015216 -0.140483
v -0.040188 0.015216 -0.140483
v -0.040188 0.015216 -0.140483
v -0.040188 0.015216 -0.140483
v -0.039883 0.015394 -0.143885
v -0.039883 0.015394 -0.143885
v -0.039883 0.015394 -0.143885
v -0.039883 0.015394 -0.143885
v -0.039883 0.015394 -0.143885
v -0.039883 0.015394 -0.143885
v -0.039883 0.015394 -0.143885
v -0.039883 0.015394 -0.143885
v -0.041504 0.009229 -0.141368
v -0.041504 0.009229 -0.141368
v -0.041504 0.009229 -0.141368
v -0.041504 0.009229 -0.141368
v -0.041504 0.009229 -0.141368
v -0.041504 0.009229 -0.141368
v -0.042334 0.003549 -0.149110
v -0.042334 0.003549 -0.149110
v -0.042334 0.003549 -0.149110
v -0.042334 0.003549 -0.149110
v -0.042334 0.003549 -0.149110
v -0.042334 0.003549 -0.149110
v -0.042334 0.003549 -0.149110
v -0.042145 0.006316 -0.141798
v -0.042145 0.006316 -0.141798
v -0.042145 0.006316 -0.141798
v -0.042145 0.006316 -0.141798
v -0.042145 0.006316 -0.141798
v -0.041870 0.007567 -0.141613
v -0.041870 0.007567 -0.141613
v -0.041870 0.007567 -0.141613
v -0.041870 0.007567 -0.141613
v -0.042405 -0.002907 -0.149878
v -0.042405 -0.002907 -0.149878
v -0.042405 -0.002907 -0.149878
v -0.042405 -0.002907 -0.149878
v -0.042405 -0.002907 -0.149878
v -0.042405 -0.002907 -0.149878
v -0.042405 -0.002907 -0.149878
v -0.042405 -0.002907 -0.149878
v -0.042405 -0.002907 -0.149878
v -0.042185 -0.003553 -0.143257
v -0.042185 -0.003553 -0.143257
v -0.042185 -0.003553 -0.143257
v -0.042185 -0.003553 -0.143257
v -0.042185 -0.003553 -0.143257
v -0.042275 -0.003034 -0.143180
v -0.042275 -0.003034 -0.143180
v -0.042275 -0.003034 -0.143180
v -0.042275 -0.003034 -0.143180
v -0.042328 -0.002732 -0.143135
v -0.042328 -0.002732 -0.143135
v -0.042328 -0.002732 -0.143135
v -0.042328 -0.002732 -0.143135
v -0.042328 -0.002732 -0.143135
v -0.042227 0.002281 -0.142394
v -0.042227 0.002281 -0.142394
v -0.042227 0.002281 -0.142394
v -0.042227 0.002281 -0.142394
v -0.042227 0.002281 -0.142394
v -0.042215 0.002869 -0.142308
v -0.042215 0.002869 -0.142308
v -0.042215 0.002869 -0.142308
v -0.042215 0.002869 -0.142308
v -0.042215 0.002869 -0.142308
v -0.041357 -0.008278 -0.143955
v -0.041357 -0.008278 -0.143955
v -0.041357 -0.008278 -0.143955
v -0.041357 -0.008278 -0.143955
v -0.041357 -0.008278 -0.143955
v -0.041478 -0.009320 -0.150637
v -0.041478 -0.009320 -0.150637
v -0.041478 -0.009320 -0.150637
v -0.041478 -0.009320 -0.150637
v -0.041478 -0.009320 -0.150637
v -0.041478 -0.009320 -0.150637
v -0.041478 -0.009320 -0.150637
v -0.041478 -0.009320 -0.150637
v -0.041073 -0.009899 -0.144195
v -0.041073 -0.009899 -0.144195
v -0.041073 -0.009899 -0.144195
v -0.041073 -0.009899 -0.144195
v -0.039559 -0.015526 -0.151373
v -0.039559 -0.015526 -0.151373
v -0.039559 -0.015526 -0.151373
v -0.039559 -0.015526 -0.151373
v -0.039559 -0.015526 -0.151373
v -0.039559 -0.015526 -0.151373
v -0.039559 -0.015526 -0.151373
v -0.040052 -0.013408 -0.144713
v -0.040052 -0.013408 -0.144713
v -0.040052 -0.013408 -0.144713
v -0.040052 -0.013408 -0.144713
v -0.040052 -0.013408 -0.144713
v -0.040785 -0.011544 -0.144438
v -0.040785 -0.011544 -0.144438
v -0.040785 -0.011544 -0.144438
v -0.040785 -0.011544 -0.144438
v -0.040785 -0.011544 -0.144438
v -0.036258 -0.021762 -0.145948
v -0.036258 -0.021762 -0.145948
v -0.036258 -0.021762 -0.145948
v -0.036258 -0.021762 -0.145948
v -0.037524 -0.019837 -0.145663
v -0.037524 -0.019837 -0.145663
v -0.037524 -0.019837 -0.145663
v -0.037524 -0.019837 -0.145663
v -0.037524 -0.019837 -0.145663
v -0.036702 -0.021371 -0.152065
v -0.036702 -0.021371 -0.152065
v -0.036702 -0.021371 -0.152065
v -0.036702 -0.021371 -0.152065
v -0.036702 -0.021371 -0.152065
v -0.036702 -0.021371 -0.152065
v -0.036702 -0.021371 -0.152065
v -0.036702 -0.021371 -0.152065
v -0.038101 -0.018370 -0.145447
v -0.038101 -0.018370 -0.145447
v -0.038101 -0.018370 -0.145447
v -0.038101 -0.018370 -0.145447
v -0.038101 -0.018370 -0.145447
v -0.039039 -0.015983 -0.145094
v -0.039039 -0.015983 -0.145094
v -0.039039 -0.015983 -0.145094
v -0.039039 -0.015983 -0.145094
v -0.039039 -0.015983 -0.145094
v -0.035461 -0.022973 -0.146127
v -0.035461 -0.022973 -0.146127
v -0.035461 -0.022973 -0.146127
v -0.035461 -0.022973 -0.146127
v -0.035461 -0.022973 -0.146127
v -0.032763 -0.027075 -0.146733
v -0.032763 -0.027075 -0.146733
v -0.032763 -0.027075 -0.146733
v -0.032763 -0.027075 -0.146733
v -0.032763 -0.027075 -0.146733
v -0.028450 -0.031612 -0.147404
v -0.028450 -0.031612 -0.147404
v -0.028450 -0.031612 -0.147404
v -0.028450 -0.031612 -0.147404
v -0.028781 -0.031264 -0.147352
v -0.028781 -0.031264 -0.147352
v -0.028781 -0.031264 -0.147352
v -0.028781 -0.031264 -0.147352
v -0.028781 -0.031264 -0.147352
v -0.032468 -0.027385 -0.146779
v -0.032468 -0.027385 -0.146779
v -0.032468 -0.027385 -0.146779
v -0.032468 -0.027385 -0.146779
v -0.032696 -0.027146 -0.146744
v -0.032696 -0.027146 -0.146744
v -0.032696 -0.027146 -0.146744
v -0.032696 -0.027146 -0.146744
v 0.022272 0.036333 -0.144688
v 0.022272 0.036333 -0.144688
v 0.022272 0.036333 -0.144688
v 0.022272 0.036333 -0.144688
v 0.022272 0.036333 -0.144688
v 0.022272 0.036333 -0.144688
v 0.022272 0.036333 -0.144688
v 0.022272 0.036333 -0.144688
v 0.022741 0.035203 -0.154362
v 0.022741 0.035203 -0.154362
v 0.022741 0.035203 -0.154362
v 0.022741 0.035203 -0.154362
v 0.022741 0.035203 -0.154362
v 0.022741 0.035203 -0.154362
v 0.022741 0.035203 -0.154362
v 0.022741 0.035203 -0.154362
v 0.022824 0.037126 -0.140528
v 0.022824 0.037126 -0.140528
v 0.022824 0.037126 -0.140528
v 0.022824 0.037126 -0.140528
v 0.022824 0.037126 -0.140528
v 0.022824 0.037126 -0.140528
v 0.022824 0.037126 -0.140528
v -0.031263 0.028446 -0.173000
v -0.031263 0.028446 -0.173000
v -0.031263 0.028446 -0.173000
v -0.031263 0.028446 -0.173000
v -0.032116 0.027394 -0.173000
v -0.032116 0.027394 -0.173000
v -0.032116 0.027394 -0.173000
v -0.032116 0.027394 -0.173000
v -0.032116 0.027394 -0.173000
v -0.031389 0.027988 -0.155239
v -0.031389 0.027988 -0.155239
v -0.031389 0.027988 -0.155239
v -0.031389 0.027988 -0.155239
v -0.031389 0.027988 -0.155239
v -0.031389 0.027988 -0.155239
v -0.031389 0.027988 -0.155239
v -0.031389 0.027988 -0.155239
v -0.037443 0.019984 -0.147162
v -0.037443 0.019984 -0.147162
v -0.037443 0.019984 -0.147162
v -0.037443 0.019984 -0.147162
v -0.037443 0.019984 -0.147162
v -0.037443 0.019984 -0.147162
v -0.037443 0.019984 -0.147162
v -0.037443 0.019984 -0.147162
v -0.039734 0.016553 -0.140285
v -0.039734 0.016553 -0.140285
v -0.039734 0.016553 -0.140285
v -0.039734 0.016553 -0.140285
v -0.039734 0.016553 -0.140285
v -0.039242 0.017876 -0.140090
v -0.039242 0.017876 -0.140090
v -0.039242 0.017876 -0.140090
v -0.039242 0.017876 -0.140090
v -0.039242 0.017876 -0.140090
v -0.037834 0.019907 -0.143230
v -0.037834 0.019907 -0.143230
v -0.037834 0.019907 -0.143230
v -0.037834 0.019907 -0.143230
v -0.037834 0.019907 -0.143230
v -0.037834 0.019907 -0.143230
v -0.037834 0.019907 -0.143230
v -0.037834 0.019907 -0.143230
v -0.037398 0.019602 -0.156064
v -0.037398 0.019602 -0.156064
v -0.037398 0.019602 -0.156064
v -0.037398 0.019602 -0.156064
v -0.037398 0.019602 -0.156064
v -0.037398 0.019602 -0.156064
v -0.037398 0.019602 -0.156064
v -0.037829 0.018709 -0.173000
v -0.037829 0.018709 -0.173000
v -0.037829 0.018709 -0.173000
v -0.037829 0.018709 -0.173000
v -0.037829 0.018709 -0.173000
v -0.037829 0.018709 -0.173000
v -0.037829 0.018709 -0.173000
v -0.038912 0.016507 -0.173000
v -0.038912 0.016507 -0.173000
v -0.038912 0.016507 -0.173000
v -0.038912 0.016507 -0.173000
v -0.038912 0.016507 -0.173000
v -0.034639 0.023998 -0.155651
v -0.034639 0.023998 -0.155651
v -0.034639 0.023998 -0.155651
v -0.034639 0.023998 -0.155651
v -0.034639 0.023998 -0.155651
v -0.034639 0.023998 -0.155651
v -0.034639 0.023998 -0.155651
v -0.034297 0.024704 -0.173000
v -0.034297 0.024704 -0.173000
v -0.034297 0.024704 -0.173000
v -0.034297 0.024704 -0.173000
v -0.035240 0.023227 -0.173000
v -0.035240 0.023227 -0.173000
v -0.035240 0.023227 -0.173000
v -0.035240 0.023227 -0.173000
v -0.035240 0.023227 -0.173000
v -0.036839 0.020724 -0.173000
v -0.036839 0.020724 -0.173000
v -0.036839 0.020724 -0.173000
v -0.036839 0.020724 -0.173000
v -0.023717 0.034589 -0.154464
v -0.023717 0.034589 -0.154464
v -0.023717 0.034589 -0.154464
v -0.023717 0.034589 -0.154464
v -0.023717 0.034589 -0.154464
v -0.023717 0.034589 -0.154464
v -0.023717 0.034589 -0.154464
v -0.024469 0.034441 -0.173000
v -0.024469 0.034441 -0.173000
v -0.024469 0.034441 -0.173000
v -0.024469 0.034441 -0.173000
v -0.024469 0.034441 -0.173000
v -0.027725 0.031529 -0.154839
v -0.027725 0.031529 -0.154839
v -0.027725 0.031529 -0.154839
v -0.027725 0.031529 -0.154839
v -0.027725 0.031529 -0.154839
v -0.027725 0.031529 -0.154839
v -0.027912 0.031740 -0.173000
v -0.027912 0.031740 -0.173000
v -0.027912 0.031740 -0.173000
v -0.027912 0.031740 -0.173000
v -0.028510 0.031152 -0.173000
v -0.028510 0.031152 -0.173000
v -0.028510 0.031152 -0.173000
v -0.028510 0.031152 -0.173000
v -0.028510 0.031152 -0.173000
v -0.014916 0.039167 -0.153861
v -0.014916 0.039167 -0.153861
v -0.014916 0.039167 -0.153861
v -0.014916 0.039167 -0.153861
v -0.014916 0.039167 -0.153861
v -0.014916 0.039167 -0.153861
v -0.014916 0.039167 -0.153861
v -0.015832 0.039189 -0.173000
v -0.015832 0.039189 -0.173000
v -0.015832 0.039189 -0.173000
v -0.015832 0.039189 -0.173000
v -0.015832 0.039189 -0.173000
v -0.019429 0.037142 -0.154134
v -0.019429 0.037142 -0.154134
v -0.019429 0.037142 -0.154134
v -0.019429 0.037142 -0.154134
v -0.019429 0.037142 -0.154134
v -0.019429 0.037142 -0.154134
v -0.020084 0.037190 -0.173000
v -0.020084 0.037190 -0.173000
v -0.020084 0.037190 -0.173000
v -0.020084 0.037190 -0.173000
v -0.020084 0.037190 -0.173000
v -0.024185 0.034663 -0.173000
v -0.024185 0.034663 -0.173000
v -0.024185 0.034663 -0.173000
v -0.024185 0.034663 -0.173000
v -0.010233 0.040646 -0.153657
v -0.010233 0.040646 -0.153657
v -0.010233 0.040646 -0.153657
v -0.010233 0.040646 -0.153657
v -0.010233 0.040646 -0.153657
v -0.010233 0.040646 -0.153657
v -0.010233 0.040646 -0.153657
v -0.011347 0.040714 -0.173000
v -0.011347 0.040714 -0.173000
v -0.011347 0.040714 -0.173000
v -0.011347 0.040714 -0.173000
v -0.011347 0.040714 -0.173000
v -0.011347 0.040714 -0.173000
v -0.015309 0.039367 -0.173000
v -0.015309 0.039367 -0.173000
v -0.015309 0.039367 -0.173000
v -0.015309 0.039367 -0.173000
v -0.010341 0.040934 -0.173000
v -0.010341 0.040934 -0.173000
v -0.010341 0.040934 -0.173000
v -0.010341 0.040934 -0.173000
v -0.010288 0.040821 -0.164094
v -0.010288 0.040821 -0.164094
v -0.010288 0.040821 -0.164094
v -0.010288 0.040821 -0.164094
v -0.010288 0.040821 -0.164094
v -0.006645 0.041739 -0.173000
v -0.006645 0.041739 -0.173000
v -0.006645 0.041739 -0.173000
v -0.006645 0.041739 -0.173000
v -0.006645 0.041739 -0.173000
v -0.005255 0.041765 -0.164034
v -0.005255 0.041765 -0.164034
v -0.005255 0.041765 -0.164034
v -0.005255 0.041765 -0.164034
v -0.005255 0.041765 -0.164034
v -0.005255 0.041765 -0.164034
v -0.005255 0.041765 -0.164034
v -0.005220 0.041886 -0.173000
v -0.005220 0.041886 -0.173000
v -0.005220 0.041886 -0.173000
v -0.005220 0.041886 -0.173000
v -0.001972 0.042219 -0.173000
v -0.001972 0.042219 -0.173000
v -0.001972 0.042219 -0.173000
v -0.001972 0.042219 -0.173000
v -0.001972 0.042219 -0.173000
v -0.000148 0.042092 -0.164009
v -0.000148 0.042092 -0.164009
v -0.000148 0.042092 -0.164009
v -0.000148 0.042092 -0.164009
v -0.000148 0.042092 -0.164009
v -0.000148 0.042092 -0.164009
v -0.000148 0.042092 -0.164009
v -0.000022 0.042200 -0.173000
v -0.000022 0.042200 -0.173000
v -0.000022 0.042200 -0.173000
v -0.000022 0.042200 -0.173000
v 0.002764 0.042174 -0.173000
v 0.002764 0.042174 -0.173000
v 0.002764 0.042174 -0.173000
v 0.002764 0.042174 -0.173000
v 0.002764 0.042174 -0.173000
v 0.004961 0.041797 -0.164020
v 0.004961 0.041797 -0.164020
v 0.004961 0.041797 -0.164020
v 0.004961 0.041797 -0.164020
v 0.004961 0.041797 -0.164020
v 0.004961 0.041797 -0.164020
v 0.004961 0.041797 -0.164020
v 0.005175 0.041877 -0.173000
v 0.005175 0.041877 -0.173000
v 0.005175 0.041877 -0.173000
v 0.005175 0.041877 -0.173000
v 0.007546 0.041585 -0.173000
v 0.007546 0.041585 -0.173000
v 0.007546 0.041585 -0.173000
v 0.007546 0.041585 -0.173000
v 0.007546 0.041585 -0.173000
v 0.009999 0.040885 -0.164067
v 0.009999 0.040885 -0.164067
v 0.009999 0.040885 -0.164067
v 0.009999 0.040885 -0.164067
v 0.009999 0.040885 -0.164067
v 0.009999 0.040885 -0.164067
v 0.009999 0.040885 -0.164067
v 0.010294 0.040926 -0.173000
v 0.010294 0.040926 -0.173000
v 0.010294 0.040926 -0.173000
v 0.010294 0.040926 -0.173000
v 0.012115 0.040490 -0.173000
v 0.012115 0.040490 -0.173000
v 0.012115 0.040490 -0.173000
v 0.012115 0.040490 -0.173000
v 0.012115 0.040490 -0.173000
v 0.014896 0.039369 -0.164148
v 0.014896 0.039369 -0.164148
v 0.014896 0.039369 -0.164148
v 0.014896 0.039369 -0.164148
v 0.014896 0.039369 -0.164148
v 0.014896 0.039369 -0.164148
v 0.014896 0.039369 -0.164148
v 0.015258 0.039354 -0.173000
v 0.015258 0.039354 -0.173000
v 0.015258 0.039354 -0.173000
v 0.015258 0.039354 -0.173000
v 0.015258 0.039354 -0.173000
v 0.016568 0.038880 -0.173000
v 0.016568 0.038880 -0.173000
v 0.016568 0.038880 -0.173000
v 0.016568 0.038880 -0.173000
v 0.016568 0.038880 -0.173000
v 0.019582 0.037268 -0.164260
v 0.019582 0.037268 -0.164260
v 0.019582 0.037268 -0.164260
v 0.019582 0.037268 -0.164260
v 0.019582 0.037268 -0.164260
v 0.019582 0.037268 -0.164260
v 0.019582 0.037268 -0.164260
v 0.019993 0.037184 -0.173000
v 0.019993 0.037184 -0.173000
v 0.019993 0.037184 -0.173000
v 0.019993 0.037184 -0.173000
v 0.023991 0.034611 -0.164398
v 0.023991 0.034611 -0.164398
v 0.023991 0.034611 -0.164398
v 0.023991 0.034611 -0.164398
v 0.023991 0.034611 -0.164398
v 0.023991 0.034611 -0.164398
v 0.023991 0.034611 -0.164398
v 0.023991 0.034611 -0.164398
v 0.020884 0.036742 -0.173000
v 0.020884 0.036742 -0.173000
v 0.020884 0.036742 -0.173000
v 0.020884 0.036742 -0.173000
v 0.020884 0.036742 -0.173000
v 0.024431 0.034456 -0.173000
v 0.024431 0.034456 -0.173000
v 0.024431 0.034456 -0.173000
v 0.024431 0.034456 -0.173000
v 0.024431 0.034456 -0.173000
v 0.024833 0.034196 -0.173000
v 0.024833 0.034196 -0.173000
v 0.024833 0.034196 -0.173000
v 0.024833 0.034196 -0.173000
v 0.024833 0.034196 -0.173000
v 0.018429 0.039766 -0.140072
v 0.018429 0.039766 -0.140072
v 0.018429 0.039766 -0.140072
v 0.018429 0.039766 -0.140072
v 0.018429 0.039766 -0.140072
v 0.018429 0.039766 -0.140072
v 0.018429 0.039766 -0.140072
v 0.018429 0.039766 -0.140072
v 0.013768 0.041844 -0.139708
v 0.013768 0.041844 -0.139708
v 0.013768 0.041844 -0.139708
v 0.013768 0.041844 -0.139708
v 0.013768 0.041844 -0.139708
v 0.013768 0.041844 -0.139708
v 0.013768 0.041844 -0.139708
v 0.013768 0.041844 -0.139708
v 0.013768 0.041844 -0.139708
v 0.008903 0.043321 -0.139447
v 0.008903 0.043321 -0.139447
v 0.008903 0.043321 -0.139447
v 0.008903 0.043321 -0.139447
v 0.008903 0.043321 -0.139447
v 0.008903 0.043321 -0.139447
v 0.003902 0.044165 -0.139294
v 0.003902 0.044165 -0.139294
v 0.003902 0.044165 -0.139294
v 0.003902 0.044165 -0.139294
v 0.003902 0.044165 -0.139294
v 0.003902 0.044165 -0.139294
v 0.003902 0.044165 -0.139294
v -0.001160 0.044359 -0.139255
v -0.001160 0.044359 -0.139255
v -0.001160 0.044359 -0.139255
v -0.001160 0.044359 -0.139255
v -0.001160 0.044359 -0.139255
v -0.001160 0.044359 -0.139255
v -0.001160 0.044359 -0.139255
v -0.001160 0.044359 -0.139255
v -0.006203 0.043897 -0.139329
v -0.006203 0.043897 -0.139329
v -0.006203 0.043897 -0.139329
v -0.006203 0.043897 -0.139329
v -0.006203 0.043897 -0.139329
v -0.006203 0.043897 -0.139329
v -0.006203 0.043897 -0.139329
v -0.006203 0.043897 -0.139329
v -0.011152 0.042788 -0.139516
v -0.011152 0.042788 -0.139516
v -0.011152 0.042788 -0.139516
v -0.011152 0.042788 -0.139516
v -0.011152 0.042788 -0.139516
v -0.011152 0.042788 -0.139516
v -0.011152 0.042788 -0.139516
v -0.011152 0.042788 -0.139516
v -0.015931 0.041056 -0.139812
v -0.015931 0.041056 -0.139812
v -0.015931 0.041056 -0.139812
v -0.015931 0.041056 -0.139812
v -0.015931 0.041056 -0.139812
v -0.015931 0.041056 -0.139812
v -0.015931 0.041056 -0.139812
v -0.015931 0.041056 -0.139812
v -0.020475 0.038734 -0.140209
v -0.020475 0.038734 -0.140209
v -0.020475 0.038734 -0.140209
v -0.020475 0.038734 -0.140209
v -0.020475 0.038734 -0.140209
v -0.020475 0.038734 -0.140209
v -0.020475 0.038734 -0.140209
v -0.020475 0.038734 -0.140209
v -0.024725 0.035867 -0.140696
v -0.024725 0.035867 -0.140696
v -0.024725 0.035867 -0.140696
v -0.024725 0.035867 -0.140696
v -0.024725 0.035867 -0.140696
v -0.024725 0.035867 -0.140696
v -0.024725 0.035867 -0.140696
v -0.024725 0.035867 -0.140696
v -0.024725 0.035867 -0.140696
v -0.028632 0.032501 -0.141259
v -0.028632 0.032501 -0.141259
v -0.028632 0.032501 -0.141259
v -0.028632 0.032501 -0.141259
v -0.028632 0.032501 -0.141259
v -0.028632 0.032501 -0.141259
v -0.028632 0.032501 -0.141259
v -0.028632 0.032501 -0.141259
v -0.032149 0.028686 -0.141880
v -0.032149 0.028686 -0.141880
v -0.032149 0.028686 -0.141880
v -0.032149 0.028686 -0.141880
v -0.032149 0.028686 -0.141880
v -0.032149 0.028686 -0.141880
v -0.032149 0.028686 -0.141880
v -0.032149 0.028686 -0.141880
v -0.035232 0.024472 -0.142542
v -0.035232 0.024472 -0.142542
v -0.035232 0.024472 -0.142542
v -0.035232 0.024472 -0.142542
v -0.035232 0.024472 -0.142542
v -0.035232 0.024472 -0.142542
v -0.035232 0.024472 -0.142542
v -0.035232 0.024472 -0.142542
v -0.036042 0.024481 -0.139114
v -0.036042 0.024481 -0.139114
v -0.036042 0.024481 -0.139114
v -0.036042 0.024481 -0.139114
v -0.036042 0.024481 -0.139114
v -0.036042 0.024481 -0.139114
v -0.038412 0.019702 -0.139820
v -0.038412 0.019702 -0.139820
v -0.038412 0.019702 -0.139820
v -0.038412 0.019702 -0.139820
v -0.038412 0.019702 -0.139820
v -0.037487 0.021741 -0.139519
v -0.037487 0.021741 -0.139519
v -0.037487 0.021741 -0.139519
v -0.037487 0.021741 -0.139519
v -0.037487 0.021741 -0.139519
v -0.037055 0.022693 -0.139379
v -0.037055 0.022693 -0.139379
v -0.037055 0.022693 -0.139379
v -0.037055 0.022693 -0.139379
v 0.022289 0.035699 -0.149351
v 0.022289 0.035699 -0.149351
v 0.022289 0.035699 -0.149351
v 0.022289 0.035699 -0.149351
v 0.022289 0.035699 -0.149351
v 0.022289 0.035699 -0.149351
v 0.017960 0.038087 -0.148965
v 0.017960 0.038087 -0.148965
v 0.017960 0.038087 -0.148965
v 0.017960 0.038087 -0.148965
v 0.017960 0.038087 -0.148965
v 0.017960 0.038087 -0.148965
v 0.018394 0.037639 -0.154051
v 0.018394 0.037639 -0.154051
v 0.018394 0.037639 -0.154051
v 0.018394 0.037639 -0.154051
v 0.018394 0.037639 -0.154051
v 0.018394 0.037639 -0.154051
v 0.013433 0.039947 -0.148652
v 0.013433 0.039947 -0.148652
v 0.013433 0.039947 -0.148652
v 0.013433 0.039947 -0.148652
v 0.013433 0.039947 -0.148652
v 0.013433 0.039947 -0.148652
v 0.013835 0.039543 -0.153799
v 0.013835 0.039543 -0.153799
v 0.013835 0.039543 -0.153799
v 0.013835 0.039543 -0.153799
v 0.013835 0.039543 -0.153799
v 0.013835 0.039543 -0.153799
v 0.008761 0.041264 -0.148425
v 0.008761 0.041264 -0.148425
v 0.008761 0.041264 -0.148425
v 0.008761 0.041264 -0.148425
v 0.008761 0.041264 -0.148425
v 0.008761 0.041264 -0.148425
v 0.009118 0.040899 -0.153616
v 0.009118 0.040899 -0.153616
v 0.009118 0.040899 -0.153616
v 0.009118 0.040899 -0.153616
v 0.009118 0.040899 -0.153616
v 0.009118 0.040899 -0.153616
v 0.003994 0.042023 -0.148291
v 0.003994 0.042023 -0.148291
v 0.003994 0.042023 -0.148291
v 0.003994 0.042023 -0.148291
v 0.003994 0.042023 -0.148291
v 0.003994 0.042023 -0.148291
v 0.004298 0.041692 -0.153508
v 0.004298 0.041692 -0.153508
v 0.004298 0.041692 -0.153508
v 0.004298 0.041692 -0.153508
v 0.004298 0.041692 -0.153508
v 0.004298 0.041692 -0.153508
v -0.000816 0.042215 -0.148254
v -0.000816 0.042215 -0.148254
v -0.000816 0.042215 -0.148254
v -0.000816 0.042215 -0.148254
v -0.000816 0.042215 -0.148254
v -0.000816 0.042215 -0.148254
v -0.000571 0.041915 -0.153478
v -0.000571 0.041915 -0.153478
v -0.000571 0.041915 -0.153478
v -0.000571 0.041915 -0.153478
v -0.000571 0.041915 -0.153478
v -0.000571 0.041915 -0.153478
v -0.005616 0.041840 -0.148315
v -0.005616 0.041840 -0.148315
v -0.005616 0.041840 -0.148315
v -0.005616 0.041840 -0.148315
v -0.005616 0.041840 -0.148315
v -0.005616 0.041840 -0.148315
v -0.005433 0.041566 -0.153528
v -0.005433 0.041566 -0.153528
v -0.005433 0.041566 -0.153528
v -0.005433 0.041566 -0.153528
v -0.005433 0.041566 -0.153528
v -0.005433 0.041566 -0.153528
v -0.010352 0.040899 -0.148473
v -0.010352 0.040899 -0.148473
v -0.010352 0.040899 -0.148473
v -0.010352 0.040899 -0.148473
v -0.010352 0.040899 -0.148473
v -0.010352 0.040899 -0.148473
v -0.014973 0.039404 -0.148725
v -0.014973 0.039404 -0.148725
v -0.014973 0.039404 -0.148725
v -0.014973 0.039404 -0.148725
v -0.014973 0.039404 -0.148725
v -0.014973 0.039404 -0.148725
v -0.019429 0.037371 -0.149061
v -0.019429 0.037371 -0.149061
v -0.019429 0.037371 -0.149061
v -0.019429 0.037371 -0.149061
v -0.019429 0.037371 -0.149061
v -0.019429 0.037371 -0.149061
v -0.023669 0.034818 -0.149471
v -0.023669 0.034818 -0.149471
v -0.023669 0.034818 -0.149471
v -0.023669 0.034818 -0.149471
v -0.023669 0.034818 -0.149471
v -0.023669 0.034818 -0.149471
v -0.027643 0.031765 -0.149938
v -0.027643 0.031765 -0.149938
v -0.027643 0.031765 -0.149938
v -0.027643 0.031765 -0.149938
v -0.027643 0.031765 -0.149938
v -0.027643 0.031765 -0.149938
v 0.017931 0.038782 -0.144251
v 0.017931 0.038782 -0.144251
v 0.017931 0.038782 -0.144251
v 0.017931 0.038782 -0.144251
v 0.017931 0.038782 -0.144251
v 0.017931 0.038782 -0.144251
v 0.013377 0.040695 -0.143900
v 0.013377 0.040695 -0.143900
v 0.013377 0.040695 -0.143900
v 0.013377 0.040695 -0.143900
v 0.013377 0.040695 -0.143900
v 0.013377 0.040695 -0.143900
v 0.008663 0.042048 -0.143645
v 0.008663 0.042048 -0.143645
v 0.008663 0.042048 -0.143645
v 0.008663 0.042048 -0.143645
v 0.008663 0.042048 -0.143645
v 0.008663 0.042048 -0.143645
v 0.003844 0.042821 -0.143496
v 0.003844 0.042821 -0.143496
v 0.003844 0.042821 -0.143496
v 0.003844 0.042821 -0.143496
v 0.003844 0.042821 -0.143496
v 0.003844 0.042821 -0.143496
v -0.001022 0.043002 -0.143455
v -0.001022 0.043002 -0.143455
v -0.001022 0.043002 -0.143455
v -0.001022 0.043002 -0.143455
v -0.001022 0.043002 -0.143455
v -0.001022 0.043002 -0.143455
v -0.005872 0.042588 -0.143524
v -0.005872 0.042588 -0.143524
v -0.005872 0.042588 -0.143524
v -0.005872 0.042588 -0.143524
v -0.005872 0.042588 -0.143524
v -0.005872 0.042588 -0.143524
v -0.010650 0.041585 -0.143702
v -0.010650 0.041585 -0.143702
v -0.010650 0.041585 -0.143702
v -0.010650 0.041585 -0.143702
v -0.010650 0.041585 -0.143702
v -0.010650 0.041585 -0.143702
v -0.015294 0.040009 -0.143985
v -0.015294 0.040009 -0.143985
v -0.015294 0.040009 -0.143985
v -0.015294 0.040009 -0.143985
v -0.015294 0.040009 -0.143985
v -0.015294 0.040009 -0.143985
v -0.019753 0.037880 -0.144365
v -0.019753 0.037880 -0.144365
v -0.019753 0.037880 -0.144365
v -0.019753 0.037880 -0.144365
v -0.019753 0.037880 -0.144365
v -0.019753 0.037880 -0.144365
v -0.023976 0.035227 -0.144829
v -0.023976 0.035227 -0.144829
v -0.023976 0.035227 -0.144829
v -0.023976 0.035227 -0.144829
v -0.023976 0.035227 -0.144829
v -0.023976 0.035227 -0.144829
v -0.027913 0.032078 -0.145361
v -0.027913 0.032078 -0.145361
v -0.027913 0.032078 -0.145361
v -0.027913 0.032078 -0.145361
v -0.027913 0.032078 -0.145361
v -0.027913 0.032078 -0.145361
v -0.031511 0.028465 -0.145940
v -0.031511 0.028465 -0.145940
v -0.031511 0.028465 -0.145940
v -0.031511 0.028465 -0.145940
v -0.031511 0.028465 -0.145940
v -0.031511 0.028465 -0.145940
v -0.034710 0.024420 -0.146546
v -0.034710 0.024420 -0.146546
v -0.034710 0.024420 -0.146546
v -0.034710 0.024420 -0.146546
v -0.034710 0.024420 -0.146546
v -0.034710 0.024420 -0.146546
v -0.040312 0.027759 -0.125111
v -0.040312 0.027759 -0.125111
v -0.040312 0.027759 -0.125111
v -0.040312 0.027759 -0.125111
v -0.040312 0.027759 -0.125111
v -0.040312 0.027759 -0.125111
v -0.040312 0.027759 -0.125111
v -0.040312 0.027759 -0.125111
v -0.040312 0.027759 -0.125111
v -0.031232 0.069206 -0.087250
v -0.031232 0.069206 -0.087250
v -0.031232 0.069206 -0.087250
v -0.031232 0.069206 -0.087250
v -0.031232 0.069206 -0.087250
v -0.031232 0.069206 -0.087250
v -0.031232 0.069206 -0.087250
v -0.033250 0.067115 -0.087589
v -0.033250 0.067115 -0.087589
v -0.033250 0.067115 -0.087589
v -0.033250 0.067115 -0.087589
v -0.032589 0.070020 -0.083565
v -0.032589 0.070020 -0.083565
v -0.032589 0.070020 -0.083565
v -0.032589 0.070020 -0.083565
v -0.032589 0.070020 -0.083565
v -0.032589 0.070020 -0.083565
v -0.032589 0.070020 -0.083565
v -0.036339 0.050184 -0.107607
v -0.036339 0.050184 -0.107607
v -0.036339 0.050184 -0.107607
v -0.036339 0.050184 -0.107607
v -0.036339 0.050184 -0.107607
v -0.036339 0.050184 -0.107607
v -0.036339 0.050184 -0.107607
v -0.036339 0.050184 -0.107607
v -0.036339 0.050184 -0.107607
v -0.036339 0.050184 -0.107607
v -0.032848 0.063314 -0.094888
v -0.032848 0.063314 -0.094888
v -0.032848 0.063314 -0.094888
v -0.032848 0.063314 -0.094888
v -0.032848 0.063314 -0.094888
v -0.032848 0.063314 -0.094888
v -0.032848 0.063314 -0.094888
v -0.032848 0.063314 -0.094888
v -0.032848 0.063314 -0.094888
v -0.034600 0.056861 -0.101677
v -0.034600 0.056861 -0.101677
v -0.034600 0.056861 -0.101677
v -0.034600 0.056861 -0.101677
v -0.034600 0.056861 -0.101677
v -0.034600 0.056861 -0.101677
v -0.034600 0.056861 -0.101677
v -0.034600 0.056861 -0.101677
v -0.034600 0.056861 -0.101677
v -0.037746 0.047040 -0.107955
v -0.037746 0.047040 -0.107955
v -0.037746 0.047040 -0.107955
v -0.037746 0.047040 -0.107955
v -0.037697 0.047273 -0.107776
v -0.037697 0.047273 -0.107776
v -0.037697 0.047273 -0.107776
v -0.037697 0.047273 -0.107776
v -0.037697 0.047273 -0.107776
v -0.033955 0.064010 -0.091889
v -0.033955 0.064010 -0.091889
v -0.033955 0.064010 -0.091889
v -0.033955 0.064010 -0.091889
v -0.033955 0.064010 -0.091889
v -0.033955 0.064010 -0.091889
v -0.036202 0.054067 -0.101994
v -0.036202 0.054067 -0.101994
v -0.036202 0.054067 -0.101994
v -0.036202 0.054067 -0.101994
v -0.036202 0.054067 -0.101994
v -0.035709 0.056309 -0.100086
v -0.035709 0.056309 -0.100086
v -0.035709 0.056309 -0.100086
v -0.035709 0.056309 -0.100086
v -0.035709 0.056309 -0.100086
v -0.035709 0.056309 -0.100086
v -0.034667 0.060883 -0.095217
v -0.034667 0.060883 -0.095217
v -0.034667 0.060883 -0.095217
v -0.034667 0.060883 -0.095217
v -0.031558 0.074621 -0.074853
v -0.031558 0.074621 -0.074853
v -0.031558 0.074621 -0.074853
v -0.031558 0.074621 -0.074853
v -0.031558 0.074621 -0.074853
v -0.031558 0.074621 -0.074853
v -0.031558 0.074621 -0.074853
v -0.032063 0.072365 -0.079209
v -0.032063 0.072365 -0.079209
v -0.032063 0.072365 -0.079209
v -0.032063 0.072365 -0.079209
v -0.032063 0.072365 -0.079209
v -0.032063 0.072365 -0.079209
v -0.031430 0.075194 -0.073749
v -0.031430 0.075194 -0.073749
v -0.031430 0.075194 -0.073749
v -0.031430 0.075194 -0.073749
v -0.031430 0.075194 -0.073749
v -0.031180 0.076320 -0.070349
v -0.031180 0.076320 -0.070349
v -0.031180 0.076320 -0.070349
v -0.031180 0.076320 -0.070349
v -0.031180 0.076320 -0.070349
v -0.031180 0.076320 -0.070349
v -0.030756 0.078228 -0.064594
v -0.030756 0.078228 -0.064594
v -0.030756 0.078228 -0.064594
v -0.030756 0.078228 -0.064594
v -0.030756 0.078228 -0.064594
v -0.030756 0.078228 -0.064594
v -0.030637 0.078761 -0.061425
v -0.030637 0.078761 -0.061425
v -0.030637 0.078761 -0.061425
v -0.030637 0.078761 -0.061425
v -0.030637 0.078761 -0.061425
v -0.030637 0.078761 -0.061425
v -0.032518 0.070333 -0.083132
v -0.032518 0.070333 -0.083132
v -0.032518 0.070333 -0.083132
v -0.032518 0.070333 -0.083132
v -0.032518 0.070333 -0.083132
v -0.038512 0.021867 -0.135988
v -0.038512 0.021867 -0.135988
v -0.038512 0.021867 -0.135988
v -0.038512 0.021867 -0.135988
v -0.038512 0.021867 -0.135988
v -0.038512 0.021867 -0.135988
v -0.038512 0.021867 -0.135988
v -0.038512 0.021867 -0.135988
v -0.038512 0.021867 -0.135988
v -0.038512 0.021867 -0.135988
v -0.039462 0.022697 -0.132373
v -0.039462 0.022697 -0.132373
v -0.039462 0.022697 -0.132373
v -0.039462 0.022697 -0.132373
v -0.039462 0.022697 -0.132373
v -0.039462 0.022697 -0.132373
v -0.039462 0.022697 -0.132373
v -0.039462 0.022697 -0.132373
v -0.040768 0.018590 -0.132756
v -0.040768 0.018590 -0.132756
v -0.040768 0.018590 -0.132756
v -0.040768 0.018590 -0.132756
v -0.040768 0.018590 -0.132756
v -0.040971 0.018829 -0.131716
v -0.040971 0.018829 -0.131716
v -0.040971 0.018829 -0.131716
v -0.040971 0.018829 -0.131716
v -0.040971 0.018829 -0.131716
v -0.040971 0.018829 -0.131716
v -0.040114 0.024613 -0.128755
v -0.040114 0.024613 -0.128755
v -0.040114 0.024613 -0.128755
v -0.040114 0.024613 -0.128755
v -0.040114 0.024613 -0.128755
v -0.040114 0.024613 -0.128755
v -0.040114 0.024613 -0.128755
v -0.040114 0.024613 -0.128755
v -0.040114 0.024613 -0.128755
v -0.040110 0.017815 -0.136125
v -0.040110 0.017815 -0.136125
v -0.040110 0.017815 -0.136125
v -0.040110 0.017815 -0.136125
v -0.040110 0.017815 -0.136125
v -0.040038 0.017820 -0.136454
v -0.040038 0.017820 -0.136454
v -0.040038 0.017820 -0.136454
v -0.040038 0.017820 -0.136454
v -0.040038 0.017820 -0.136454
v -0.040038 0.017820 -0.136454
v -0.039991 0.032104 -0.121338
v -0.039991 0.032104 -0.121338
v -0.039991 0.032104 -0.121338
v -0.039991 0.032104 -0.121338
v -0.039991 0.032104 -0.121338
v -0.039991 0.032104 -0.121338
v -0.039991 0.032104 -0.121338
v -0.039991 0.032104 -0.121338
v -0.037909 0.043611 -0.112761
v -0.037909 0.043611 -0.112761
v -0.037909 0.043611 -0.112761
v -0.037909 0.043611 -0.112761
v -0.037909 0.043611 -0.112761
v -0.037909 0.043611 -0.112761
v -0.037909 0.043611 -0.112761
v -0.039166 0.037478 -0.117280
v -0.039166 0.037478 -0.117280
v -0.039166 0.037478 -0.117280
v -0.039166 0.037478 -0.117280
v -0.039166 0.037478 -0.117280
v -0.039166 0.037478 -0.117280
v -0.039166 0.037478 -0.117280
v -0.039166 0.037478 -0.117280
v -0.041381 0.024263 -0.124581
v -0.041381 0.024263 -0.124581
v -0.041381 0.024263 -0.124581
v -0.041381 0.024263 -0.124581
v -0.041381 0.024263 -0.124581
v -0.041381 0.024263 -0.124581
v -0.040981 0.028025 -0.121668
v -0.040981 0.028025 -0.121668
v -0.040981 0.028025 -0.121668
v -0.040981 0.028025 -0.121668
v -0.040598 0.031621 -0.118882
v -0.040598 0.031621 -0.118882
v -0.040598 0.031621 -0.118882
v -0.040598 0.031621 -0.118882
v -0.040598 0.031621 -0.118882
v -0.040598 0.031621 -0.118882
v -0.041241 0.020428 -0.129111
v -0.041241 0.020428 -0.129111
v -0.041241 0.020428 -0.129111
v -0.041241 0.020428 -0.129111
v -0.041398 0.021363 -0.127587
v -0.041398 0.021363 -0.127587
v -0.041398 0.021363 -0.127587
v -0.041398 0.021363 -0.127587
v -0.041398 0.021363 -0.127587
v -0.041398 0.021363 -0.127587
v -0.041385 0.023496 -0.125376
v -0.041385 0.023496 -0.125376
v -0.041385 0.023496 -0.125376
v -0.041385 0.023496 -0.125376
v -0.030393 0.079853 -0.053089
v -0.030393 0.079853 -0.053089
v -0.030393 0.079853 -0.053089
v -0.030393 0.079853 -0.053089
v -0.030393 0.079853 -0.053089
v -0.030393 0.079853 -0.053089
v -0.030393 0.079853 -0.053089
v -0.030414 0.079763 -0.055472
v -0.030414 0.079763 -0.055472
v -0.030414 0.079763 -0.055472
v -0.030414 0.079763 -0.055472
v -0.030414 0.079763 -0.055472
v -0.030414 0.079763 -0.055472
v -0.040241 0.033563 -0.117512
v -0.040241 0.033563 -0.117512
v -0.040241 0.033563 -0.117512
v -0.040241 0.033563 -0.117512
v -0.040241 0.033563 -0.117512
v -0.039060 0.039991 -0.112974
v -0.039060 0.039991 -0.112974
v -0.039060 0.039991 -0.112974
v -0.039060 0.039991 -0.112974
v -0.039060 0.039991 -0.112974
v -0.039060 0.039991 -0.112974
v -0.037893 0.046343 -0.108489
v -0.037893 0.046343 -0.108489
v -0.037893 0.046343 -0.108489
v -0.037893 0.046343 -0.108489
v -0.037893 0.046343 -0.108489
v -0.040179 0.033296 -0.113770
v -0.040179 0.033296 -0.113770
v -0.040179 0.033296 -0.113770
v -0.040179 0.033296 -0.113770
v -0.040179 0.033296 -0.113770
v -0.040030 0.035550 -0.113501
v -0.040030 0.035550 -0.113501
v -0.040030 0.035550 -0.113501
v -0.040030 0.035550 -0.113501
v -0.040030 0.035550 -0.113501
v -0.040030 0.035550 -0.113501
v -0.040981 0.028645 -0.117916
v -0.040981 0.028645 -0.117916
v -0.040981 0.028645 -0.117916
v -0.040981 0.028645 -0.117916
v -0.040981 0.028645 -0.117916
v -0.040981 0.028645 -0.117916
v -0.040981 0.028645 -0.117916
v -0.040981 0.028645 -0.117916
v -0.042050 0.018010 -0.125710
v -0.042050 0.018010 -0.125710
v -0.042050 0.018010 -0.125710
v -0.042050 0.018010 -0.125710
v -0.042050 0.018010 -0.125710
v -0.042050 0.018010 -0.125710
v -0.042050 0.018010 -0.125710
v -0.042101 0.014787 -0.129452
v -0.042101 0.014787 -0.129452
v -0.042101 0.014787 -0.129452
v -0.042101 0.014787 -0.129452
v -0.042101 0.014787 -0.129452
v -0.042101 0.014787 -0.129452
v -0.042101 0.014787 -0.129452
v -0.022368 -0.029298 -0.134489
v -0.022368 -0.029298 -0.134489
v -0.022368 -0.029298 -0.134489
v -0.022368 -0.029298 -0.134489
v -0.022368 -0.029298 -0.134489
v -0.022368 -0.029298 -0.134489
v -0.023310 -0.032786 -0.138702
v -0.023310 -0.032786 -0.138702
v -0.023310 -0.032786 -0.138702
v -0.023310 -0.032786 -0.138702
v -0.023310 -0.032786 -0.138702
v -0.023310 -0.032786 -0.138702
v -0.019054 -0.035565 -0.138989
v -0.019054 -0.035565 -0.138989
v -0.019054 -0.035565 -0.138989
v -0.019054 -0.035565 -0.138989
v -0.019054 -0.035565 -0.138989
v -0.019054 -0.035565 -0.138989
v -0.019054 -0.035565 -0.138989
v -0.032055 -0.018697 -0.133499
v -0.032055 -0.018697 -0.133499
v -0.032055 -0.018697 -0.133499
v -0.032055 -0.018697 -0.133499
v -0.032055 -0.018697 -0.133499
v -0.032055 -0.018697 -0.133499
v -0.033520 -0.021706 -0.137540
v -0.033520 -0.021706 -0.137540
v -0.033520 -0.021706 -0.137540
v -0.033520 -0.021706 -0.137540
v -0.033520 -0.021706 -0.137540
v -0.033520 -0.021706 -0.137540
v -0.030574 -0.025784 -0.137975
v -0.030574 -0.025784 -0.137975
v -0.030574 -0.025784 -0.137975
v -0.030574 -0.025784 -0.137975
v -0.030574 -0.025784 -0.137975
v -0.030574 -0.025784 -0.137975
v -0.019163 0.060934 -0.054642
v -0.019163 0.060934 -0.054642
v -0.019163 0.060934 -0.054642
v -0.019163 0.060934 -0.054642
v -0.019163 0.060934 -0.054642
v -0.019163 0.060934 -0.054642
v -0.019163 0.060934 -0.054642
v -0.012842 0.059933 -0.054891
v -0.012842 0.059933 -0.054891
v -0.012842 0.059933 -0.054891
v -0.012842 0.059933 -0.054891
v -0.012842 0.059933 -0.054891
v -0.012842 0.059933 -0.054891
v -0.012842 0.059933 -0.054891
v -0.025386 0.062495 -0.054322
v -0.025386 0.062495 -0.054322
v -0.025386 0.062495 -0.054322
v -0.025386 0.062495 -0.054322
v -0.025386 0.062495 -0.054322
v -0.025386 0.062495 -0.054322
v -0.025386 0.062495 -0.054322
v -0.025386 0.062495 -0.054322
v -0.006875 0.036810 -0.100385
v -0.006875 0.036810 -0.100385
v -0.006875 0.036810 -0.100385
v -0.006875 0.036810 -0.100385
v -0.006875 0.036810 -0.100385
v -0.006875 0.036810 -0.100385
v -0.006875 0.036810 -0.100385
v -0.006785 0.041315 -0.096215
v -0.006785 0.041315 -0.096215
v -0.006785 0.041315 -0.096215
v -0.006785 0.041315 -0.096215
v -0.006785 0.041315 -0.096215
v -0.006785 0.041315 -0.096215
v -0.006785 0.041315 -0.096215
v -0.013344 0.042589 -0.095568
v -0.013344 0.042589 -0.095568
v -0.013344 0.042589 -0.095568
v -0.013344 0.042589 -0.095568
v -0.013344 0.042589 -0.095568
v -0.013344 0.042589 -0.095568
v -0.013214 0.046496 -0.091081
v -0.013214 0.046496 -0.091081
v -0.013214 0.046496 -0.091081
v -0.013214 0.046496 -0.091081
v -0.013214 0.046496 -0.091081
v -0.013214 0.046496 -0.091081
v -0.025332 0.050465 -0.088836
v -0.025332 0.050465 -0.088836
v -0.025332 0.050465 -0.088836
v -0.025332 0.050465 -0.088836
v -0.025332 0.050465 -0.088836
v -0.025332 0.050465 -0.088836
v -0.025321 0.053542 -0.084176
v -0.025321 0.053542 -0.084176
v -0.025321 0.053542 -0.084176
v -0.025321 0.053542 -0.084176
v -0.025321 0.053542 -0.084176
v -0.025321 0.053542 -0.084176
v -0.031150 0.056322 -0.082818
v -0.031150 0.056322 -0.082818
v -0.031150 0.056322 -0.082818
v -0.031150 0.056322 -0.082818
v -0.031150 0.056322 -0.082818
v -0.033906 0.036340 -0.105601
v -0.033906 0.036340 -0.105601
v -0.033906 0.036340 -0.105601
v -0.033906 0.036340 -0.105601
v -0.033906 0.036340 -0.105601
v -0.033906 0.036340 -0.105601
v -0.034154 0.027575 -0.111397
v -0.034154 0.027575 -0.111397
v -0.034154 0.027575 -0.111397
v -0.034154 0.027575 -0.111397
v -0.034154 0.027575 -0.111397
v -0.034154 0.027575 -0.111397
v -0.031518 0.024833 -0.112207
v -0.031518 0.024833 -0.112207
v -0.031518 0.024833 -0.112207
v -0.031518 0.024833 -0.112207
v -0.031518 0.024833 -0.112207
v -0.031518 0.024833 -0.112207
v -0.031518 0.024833 -0.112207
v -0.037508 0.057264 -0.089691
v -0.037508 0.057264 -0.089691
v -0.037508 0.057264 -0.089691
v -0.037508 0.057264 -0.089691
v -0.037508 0.057264 -0.089691
v -0.037226 0.056357 -0.089846
v -0.037226 0.056357 -0.089846
v -0.037226 0.056357 -0.089846
v -0.037226 0.056357 -0.089846
v -0.037226 0.056357 -0.089846
v -0.037226 0.056357 -0.089846
v -0.037182 0.062377 -0.081192
v -0.037182 0.062377 -0.081192
v -0.037182 0.062377 -0.081192
v -0.037182 0.062377 -0.081192
v -0.037182 0.062377 -0.081192
v -0.037182 0.062377 -0.081192
v -0.037182 0.062377 -0.081192
v -0.038898 0.043011 -0.108472
v -0.038898 0.043011 -0.108472
v -0.038898 0.043011 -0.108472
v -0.038898 0.043011 -0.108472
v -0.038898 0.043011 -0.108472
v -0.038898 0.043011 -0.108472
v -0.038898 0.043011 -0.108472
v -0.038898 0.043011 -0.108472
v -0.006471 0.059373 -0.055046
v -0.006471 0.059373 -0.055046
v -0.006471 0.059373 -0.055046
v -0.006471 0.059373 -0.055046
v -0.006471 0.059373 -0.055046
v -0.006471 0.059373 -0.055046
v -0.006471 0.059373 -0.055046
v -0.006493 0.057928 -0.065560
v -0.006493 0.057928 -0.065560
v -0.006493 0.057928 -0.065560
v -0.006493 0.057928 -0.065560
v -0.006493 0.057928 -0.065560
v -0.006493 0.057928 -0.065560
v -0.006493 0.057928 -0.065560
v -0.006493 0.057928 -0.065560
v -0.006515 0.056501 -0.071032
v -0.006515 0.056501 -0.071032
v -0.006515 0.056501 -0.071032
v -0.006515 0.056501 -0.071032
v -0.006515 0.056501 -0.071032
v -0.006515 0.056501 -0.071032
v -0.006515 0.056501 -0.071032
v -0.006546 0.054538 -0.076472
v -0.006546 0.054538 -0.076472
v -0.006546 0.054538 -0.076472
v -0.006546 0.054538 -0.076472
v -0.006546 0.054538 -0.076472
v -0.006546 0.054538 -0.076472
v -0.006546 0.054538 -0.076472
v -0.006588 0.052022 -0.081781
v -0.006588 0.052022 -0.081781
v -0.006588 0.052022 -0.081781
v -0.006588 0.052022 -0.081781
v -0.006588 0.052022 -0.081781
v -0.006588 0.052022 -0.081781
v -0.006588 0.052022 -0.081781
v -0.006642 0.048961 -0.086878
v -0.006642 0.048961 -0.086878
v -0.006642 0.048961 -0.086878
v -0.006642 0.048961 -0.086878
v -0.006642 0.048961 -0.086878
v -0.006642 0.048961 -0.086878
v -0.006642 0.048961 -0.086878
v -0.006707 0.045380 -0.091703
v -0.006707 0.045380 -0.091703
v -0.006707 0.045380 -0.091703
v -0.006707 0.045380 -0.091703
v -0.006707 0.045380 -0.091703
v -0.006707 0.045380 -0.091703
v -0.006707 0.045380 -0.091703
v -0.003473 0.031496 -0.104369
v -0.003473 0.031496 -0.104369
v -0.003473 0.031496 -0.104369
v -0.003473 0.031496 -0.104369
v -0.003473 0.031496 -0.104369
v -0.003473 0.031496 -0.104369
v -0.003473 0.031496 -0.104369
v -0.003473 0.031496 -0.104369
v -0.003569 0.020687 -0.110962
v -0.003569 0.020687 -0.110962
v -0.003569 0.020687 -0.110962
v -0.003569 0.020687 -0.110962
v -0.003569 0.020687 -0.110962
v -0.003569 0.020687 -0.110962
v -0.003569 0.020687 -0.110962
v -0.003569 0.020687 -0.110962
v -0.003683 0.009148 -0.116297
v -0.003683 0.009148 -0.116297
v -0.003683 0.009148 -0.116297
v -0.003683 0.009148 -0.116297
v -0.003683 0.009148 -0.116297
v -0.003683 0.009148 -0.116297
v -0.003814 -0.002447 -0.120645
v -0.003814 -0.002447 -0.120645
v -0.003814 -0.002447 -0.120645
v -0.003814 -0.002447 -0.120645
v -0.003814 -0.002447 -0.120645
v -0.003814 -0.002447 -0.120645
v -0.003814 -0.002447 -0.120645
v -0.003958 -0.013404 -0.124355
v -0.003958 -0.013404 -0.124355
v -0.003958 -0.013404 -0.124355
v -0.003958 -0.013404 -0.124355
v -0.003958 -0.013404 -0.124355
v -0.003958 -0.013404 -0.124355
v -0.004111 -0.023084 -0.127797
v -0.004111 -0.023084 -0.127797
v -0.004111 -0.023084 -0.127797
v -0.004111 -0.023084 -0.127797
v -0.004111 -0.023084 -0.127797
v -0.004111 -0.023084 -0.127797
v -0.004111 -0.023084 -0.127797
v -0.004111 -0.023084 -0.127797
v -0.004267 -0.030969 -0.131315
v -0.004267 -0.030969 -0.131315
v -0.004267 -0.030969 -0.131315
v -0.004267 -0.030969 -0.131315
v -0.004267 -0.030969 -0.131315
v -0.004267 -0.030969 -0.131315
v -0.004267 -0.030969 -0.131315
v -0.004267 -0.030969 -0.131315
v -0.004419 -0.036735 -0.135167
v -0.004419 -0.036735 -0.135167
v -0.004419 -0.036735 -0.135167
v -0.004419 -0.036735 -0.135167
v -0.004419 -0.036735 -0.135167
v -0.004419 -0.036735 -0.135167
v -0.004419 -0.036735 -0.135167
v -0.004492 -0.038789 -0.137265
v -0.004492 -0.038789 -0.137265
v -0.004492 -0.038789 -0.137265
v -0.004492 -0.038789 -0.137265
v -0.004492 -0.038789 -0.137265
v -0.004492 -0.038789 -0.137265
v -0.004492 -0.038789 -0.137265
v -0.004684 -0.041948 -0.144186
v -0.004684 -0.041948 -0.144186
v -0.004684 -0.041948 -0.144186
v -0.004684 -0.041948 -0.144186
v -0.004684 -0.041948 -0.144186
v -0.004684 -0.041948 -0.144186
v -0.004684 -0.041948 -0.144186
v -0.004684 -0.041948 -0.144186
v -0.004684 -0.041948 -0.144186
v -0.036473 0.057942 -0.095940
v -0.036473 0.057942 -0.095940
v -0.036473 0.057942 -0.095940
v -0.036473 0.057942 -0.095940
v -0.036473 0.057942 -0.095940
v -0.036473 0.057942 -0.095940
v -0.036473 0.057942 -0.095940
v -0.034466 0.070252 -0.079857
v -0.034466 0.070252 -0.079857
v -0.034466 0.070252 -0.079857
v -0.034466 0.070252 -0.079857
v -0.034466 0.070252 -0.079857
v -0.034466 0.070252 -0.079857
v -0.034466 0.070252 -0.079857
v -0.034466 0.070252 -0.079857
v -0.035376 0.064622 -0.088305
v -0.035376 0.064622 -0.088305
v -0.035376 0.064622 -0.088305
v -0.035376 0.064622 -0.088305
v -0.035376 0.064622 -0.088305
v -0.035376 0.064622 -0.088305
v -0.037721 0.054662 -0.096593
v -0.037721 0.054662 -0.096593
v -0.037721 0.054662 -0.096593
v -0.037721 0.054662 -0.096593
v -0.037721 0.054662 -0.096593
v -0.037721 0.054662 -0.096593
v -0.037721 0.054662 -0.096593
v -0.037189 0.056339 -0.096263
v -0.037189 0.056339 -0.096263
v -0.037189 0.056339 -0.096263
v -0.037189 0.056339 -0.096263
v -0.037189 0.056339 -0.096263
v -0.038188 0.048800 -0.102971
v -0.038188 0.048800 -0.102971
v -0.038188 0.048800 -0.102971
v -0.038188 0.048800 -0.102971
v -0.038188 0.048800 -0.102971
v -0.038188 0.048800 -0.102971
v -0.037679 0.050609 -0.102656
v -0.037679 0.050609 -0.102656
v -0.037679 0.050609 -0.102656
v -0.037679 0.050609 -0.102656
v -0.037679 0.050609 -0.102656
v -0.037679 0.050609 -0.102656
v -0.037793 0.032697 -0.110154
v -0.037793 0.032697 -0.110154
v -0.037793 0.032697 -0.110154
v -0.037793 0.032697 -0.110154
v -0.037793 0.032697 -0.110154
v -0.037793 0.032697 -0.110154
v -0.037793 0.032697 -0.110154
v -0.037511 0.041098 -0.104358
v -0.037511 0.041098 -0.104358
v -0.037511 0.041098 -0.104358
v -0.037511 0.041098 -0.104358
v -0.037511 0.041098 -0.104358
v -0.037511 0.041098 -0.104358
v -0.037511 0.041098 -0.104358
v -0.038616 0.034744 -0.109776
v -0.038616 0.034744 -0.109776
v -0.038616 0.034744 -0.109776
v -0.038616 0.034744 -0.109776
v -0.038616 0.034744 -0.109776
v -0.038616 0.034744 -0.109776
v -0.038216 0.043048 -0.103991
v -0.038216 0.043048 -0.103991
v -0.038216 0.043048 -0.103991
v -0.038216 0.043048 -0.103991
v -0.038216 0.043048 -0.103991
v -0.038216 0.043048 -0.103991
v -0.039116 0.036842 -0.109420
v -0.039116 0.036842 -0.109420
v -0.039116 0.036842 -0.109420
v -0.039116 0.036842 -0.109420
v -0.039116 0.036842 -0.109420
v -0.039116 0.036842 -0.109420
v -0.038524 0.045025 -0.103641
v -0.038524 0.045025 -0.103641
v -0.038524 0.045025 -0.103641
v -0.038524 0.045025 -0.103641
v -0.038524 0.045025 -0.103641
v -0.039303 0.038924 -0.109083
v -0.039303 0.038924 -0.109083
v -0.039303 0.038924 -0.109083
v -0.039303 0.038924 -0.109083
v -0.039303 0.038924 -0.109083
v -0.039303 0.038924 -0.109083
v -0.039210 0.040978 -0.108767
v -0.039210 0.040978 -0.108767
v -0.039210 0.040978 -0.108767
v -0.039210 0.040978 -0.108767
v -0.039210 0.040978 -0.108767
v -0.039210 0.040978 -0.108767
v -0.038493 0.046943 -0.103301
v -0.038493 0.046943 -0.103301
v -0.038493 0.046943 -0.103301
v -0.038493 0.046943 -0.103301
v -0.038493 0.046943 -0.103301
v -0.038493 0.046943 -0.103301
v -0.038248 0.049023 -0.100405
v -0.038248 0.049023 -0.100405
v -0.038248 0.049023 -0.100405
v -0.038248 0.049023 -0.100405
v -0.038248 0.049023 -0.100405
v -0.038248 0.049023 -0.100405
v -0.038044 0.047099 -0.100748
v -0.038044 0.047099 -0.100748
v -0.038044 0.047099 -0.100748
v -0.038044 0.047099 -0.100748
v -0.038044 0.047099 -0.100748
v -0.038044 0.047099 -0.100748
v -0.038044 0.047099 -0.100748
v -0.037990 0.052886 -0.096925
v -0.037990 0.052886 -0.096925
v -0.037990 0.052886 -0.096925
v -0.037990 0.052886 -0.096925
v -0.037990 0.052886 -0.096925
v -0.037893 0.051008 -0.097258
v -0.037893 0.051008 -0.097258
v -0.037893 0.051008 -0.097258
v -0.037893 0.051008 -0.097258
v -0.037893 0.051008 -0.097258
v -0.037752 0.056563 -0.093201
v -0.037752 0.056563 -0.093201
v -0.037752 0.056563 -0.093201
v -0.037752 0.056563 -0.093201
v -0.037752 0.056563 -0.093201
v -0.037752 0.056563 -0.093201
v -0.037039 0.061669 -0.088931
v -0.037039 0.061669 -0.088931
v -0.037039 0.061669 -0.088931
v -0.037039 0.061669 -0.088931
v -0.037039 0.061669 -0.088931
v -0.037039 0.061669 -0.088931
v -0.037039 0.061669 -0.088931
v -0.037039 0.061669 -0.088931
v -0.037039 0.061669 -0.088931
v -0.037648 0.058193 -0.089540
v -0.037648 0.058193 -0.089540
v -0.037648 0.058193 -0.089540
v -0.037648 0.058193 -0.089540
v -0.037648 0.058193 -0.089540
v -0.033800 0.074466 -0.070860
v -0.033800 0.074466 -0.070860
v -0.033800 0.074466 -0.070860
v -0.033800 0.074466 -0.070860
v -0.033800 0.074466 -0.070860
v -0.033800 0.074466 -0.070860
v -0.033800 0.074466 -0.070860
v -0.033800 0.074466 -0.070860
v -0.033393 0.077063 -0.061764
v -0.033393 0.077063 -0.061764
v -0.033393 0.077063 -0.061764
v -0.033393 0.077063 -0.061764
v -0.033393 0.077063 -0.061764
v -0.033393 0.077063 -0.061764
v -0.033393 0.077063 -0.061764
v -0.033218 0.078175 -0.053243
v -0.033218 0.078175 -0.053243
v -0.033218 0.078175 -0.053243
v -0.033218 0.078175 -0.053243
v -0.033218 0.078175 -0.053243
v -0.033218 0.078175 -0.053243
v -0.033218 0.078175 -0.053243
v -0.033218 0.078175 -0.053243
v -0.033218 0.078175 -0.053243
v -0.036730 0.074347 -0.053453
v -0.036730 0.074347 -0.053453
v -0.036730 0.074347 -0.053453
v -0.036730 0.074347 -0.053453
v -0.036730 0.074347 -0.053453
v -0.036730 0.074347 -0.053453
v -0.036730 0.074347 -0.053453
v -0.037329 0.049130 -0.097601
v -0.037329 0.049130 -0.097601
v -0.037329 0.049130 -0.097601
v -0.037329 0.049130 -0.097601
v -0.037329 0.049130 -0.097601
v -0.037329 0.049130 -0.097601
v -0.037672 0.050057 -0.097426
v -0.037672 0.050057 -0.097426
v -0.037672 0.050057 -0.097426
v -0.037672 0.050057 -0.097426
v -0.037672 0.050057 -0.097426
v -0.037672 0.050057 -0.097426
v -0.037761 0.054723 -0.093519
v -0.037761 0.054723 -0.093519
v -0.037761 0.054723 -0.093519
v -0.037761 0.054723 -0.093519
v -0.037761 0.054723 -0.093519
v -0.037761 0.054723 -0.093519
v -0.037537 0.060004 -0.089239
v -0.037537 0.060004 -0.089239
v -0.037537 0.060004 -0.089239
v -0.037537 0.060004 -0.089239
v -0.037537 0.060004 -0.089239
v -0.037537 0.060004 -0.089239
v -0.037183 0.065971 -0.080681
v -0.037183 0.065971 -0.080681
v -0.037183 0.065971 -0.080681
v -0.037183 0.065971 -0.080681
v -0.037183 0.065971 -0.080681
v -0.037183 0.065971 -0.080681
v -0.036487 0.067557 -0.080414
v -0.036487 0.067557 -0.080414
v -0.036487 0.067557 -0.080414
v -0.036487 0.067557 -0.080414
v -0.036487 0.067557 -0.080414
v -0.036487 0.067557 -0.080414
v -0.036935 0.070425 -0.071516
v -0.036935 0.070425 -0.071516
v -0.036935 0.070425 -0.071516
v -0.036935 0.070425 -0.071516
v -0.036935 0.070425 -0.071516
v -0.036935 0.070425 -0.071516
v -0.036089 0.071960 -0.071306
v -0.036089 0.071960 -0.071306
v -0.036089 0.071960 -0.071306
v -0.036089 0.071960 -0.071306
v -0.036089 0.071960 -0.071306
v -0.036089 0.071960 -0.071306
v -0.036790 0.073170 -0.062206
v -0.036790 0.073170 -0.062206
v -0.036790 0.073170 -0.062206
v -0.036790 0.073170 -0.062206
v -0.036790 0.073170 -0.062206
v -0.036790 0.073170 -0.062206
v -0.035850 0.074675 -0.062067
v -0.035850 0.074675 -0.062067
v -0.035850 0.074675 -0.062067
v -0.035850 0.074675 -0.062067
v -0.035850 0.074675 -0.062067
v -0.035850 0.074675 -0.062067
v -0.035748 0.075839 -0.053387
v -0.035748 0.075839 -0.053387
v -0.035748 0.075839 -0.053387
v -0.035748 0.075839 -0.053387
v -0.035748 0.075839 -0.053387
v -0.035748 0.075839 -0.053387
v -0.037475 0.064199 -0.080936
v -0.037475 0.064199 -0.080936
v -0.037475 0.064199 -0.080936
v -0.037475 0.064199 -0.080936
v -0.037475 0.064199 -0.080936
v -0.037475 0.064199 -0.080936
v -0.037173 0.066846 -0.071906
v -0.037173 0.066846 -0.071906
v -0.037173 0.066846 -0.071906
v -0.037173 0.066846 -0.071906
v -0.037173 0.066846 -0.071906
v -0.037173 0.066846 -0.071906
v -0.037366 0.068670 -0.071712
v -0.037366 0.068670 -0.071712
v -0.037366 0.068670 -0.071712
v -0.037366 0.068670 -0.071712
v -0.037366 0.068670 -0.071712
v -0.037366 0.068670 -0.071712
v -0.037178 0.069591 -0.062461
v -0.037178 0.069591 -0.062461
v -0.037178 0.069591 -0.062461
v -0.037178 0.069591 -0.062461
v -0.037178 0.069591 -0.062461
v -0.037178 0.069591 -0.062461
v -0.037309 0.071421 -0.062335
v -0.037309 0.071421 -0.062335
v -0.037309 0.071421 -0.062335
v -0.037309 0.071421 -0.062335
v -0.037309 0.071421 -0.062335
v -0.037309 0.071421 -0.062335
v -0.037185 0.070766 -0.053571
v -0.037185 0.070766 -0.053571
v -0.037185 0.070766 -0.053571
v -0.037185 0.070766 -0.053571
v -0.037185 0.070766 -0.053571
v -0.037185 0.070766 -0.053571
v -0.037185 0.070766 -0.053571
v -0.037287 0.072601 -0.053513
v -0.037287 0.072601 -0.053513
v -0.037287 0.072601 -0.053513
v -0.037287 0.072601 -0.053513
v -0.037287 0.072601 -0.053513
v -0.037287 0.072601 -0.053513
v -0.037287 0.072601 -0.053513
v -0.036696 0.030812 -0.110557
v -0.036696 0.030812 -0.110557
v -0.036696 0.030812 -0.110557
v -0.036696 0.030812 -0.110557
v -0.036461 0.039317 -0.104753
v -0.036461 0.039317 -0.104753
v -0.036461 0.039317 -0.104753
v -0.036461 0.039317 -0.104753
v -0.036461 0.039317 -0.104753
v -0.036461 0.039317 -0.104753
v -0.036348 0.047428 -0.097974
v -0.036348 0.047428 -0.097974
v -0.036348 0.047428 -0.097974
v -0.036348 0.047428 -0.097974
v -0.036348 0.047428 -0.097974
v -0.036348 0.047428 -0.097974
v -0.025513 0.038939 -0.101192
v -0.025513 0.038939 -0.101192
v -0.025513 0.038939 -0.101192
v -0.025513 0.038939 -0.101192
v -0.025513 0.038939 -0.101192
v -0.025513 0.038939 -0.101192
v -0.025513 0.038939 -0.101192
v -0.025364 0.046976 -0.093242
v -0.025364 0.046976 -0.093242
v -0.025364 0.046976 -0.093242
v -0.025364 0.046976 -0.093242
v -0.025364 0.046976 -0.093242
v -0.031071 0.050068 -0.091731
v -0.031071 0.050068 -0.091731
v -0.031071 0.050068 -0.091731
v -0.031071 0.050068 -0.091731
v -0.031071 0.050068 -0.091731
v -0.031071 0.050068 -0.091731
v -0.031071 0.050068 -0.091731
v -0.033931 0.058212 -0.082123
v -0.033931 0.058212 -0.082123
v -0.033931 0.058212 -0.082123
v -0.033931 0.058212 -0.082123
v -0.033931 0.058212 -0.082123
v -0.033931 0.058212 -0.082123
v -0.033931 0.058212 -0.082123
v -0.034033 0.062730 -0.072626
v -0.034033 0.062730 -0.072626
v -0.034033 0.062730 -0.072626
v -0.034033 0.062730 -0.072626
v -0.034033 0.062730 -0.072626
v -0.034033 0.062730 -0.072626
v -0.036405 0.065219 -0.072122
v -0.036405 0.065219 -0.072122
v -0.036405 0.065219 -0.072122
v -0.036405 0.065219 -0.072122
v -0.036405 0.065219 -0.072122
v -0.036405 0.065219 -0.072122
v -0.036449 0.067962 -0.062603
v -0.036449 0.067962 -0.062603
v -0.036449 0.067962 -0.062603
v -0.036449 0.067962 -0.062603
v -0.036449 0.067962 -0.062603
v -0.036449 0.067962 -0.062603
v -0.034114 0.065492 -0.062935
v -0.034114 0.065492 -0.062935
v -0.034114 0.065492 -0.062935
v -0.034114 0.065492 -0.062935
v -0.034114 0.065492 -0.062935
v -0.034114 0.065492 -0.062935
v -0.036474 0.069135 -0.053636
v -0.036474 0.069135 -0.053636
v -0.036474 0.069135 -0.053636
v -0.036474 0.069135 -0.053636
v -0.036474 0.069135 -0.053636
v -0.036474 0.069135 -0.053636
v -0.036474 0.069135 -0.053636
v -0.036474 0.069135 -0.053636
v -0.036474 0.069135 -0.053636
v -0.034155 0.066672 -0.053792
v -0.034155 0.066672 -0.053792
v -0.034155 0.066672 -0.053792
v -0.034155 0.066672 -0.053792
v -0.034155 0.066672 -0.053792
v -0.034155 0.066672 -0.053792
v -0.034155 0.066672 -0.053792
v -0.034155 0.066672 -0.053792
v -0.031201 0.058840 -0.078063
v -0.031201 0.058840 -0.078063
v -0.031201 0.058840 -0.078063
v -0.031201 0.058840 -0.078063
v -0.031201 0.058840 -0.078063
v -0.031201 0.058840 -0.078063
v -0.025323 0.056175 -0.079302
v -0.025323 0.056175 -0.079302
v -0.025323 0.056175 -0.079302
v -0.025323 0.056175 -0.079302
v -0.025323 0.056175 -0.079302
v -0.025323 0.056175 -0.079302
v -0.031252 0.060915 -0.073176
v -0.031252 0.060915 -0.073176
v -0.031252 0.060915 -0.073176
v -0.031252 0.060915 -0.073176
v -0.031252 0.060915 -0.073176
v -0.031252 0.060915 -0.073176
v -0.031252 0.060915 -0.073176
v -0.031336 0.063716 -0.063304
v -0.031336 0.063716 -0.063304
v -0.031336 0.063716 -0.063304
v -0.031336 0.063716 -0.063304
v -0.031336 0.063716 -0.063304
v -0.031336 0.063716 -0.063304
v -0.031380 0.064911 -0.053966
v -0.031380 0.064911 -0.053966
v -0.031380 0.064911 -0.053966
v -0.031380 0.064911 -0.053966
v -0.031380 0.064911 -0.053966
v -0.031380 0.064911 -0.053966
v -0.031380 0.064911 -0.053966
v -0.031380 0.064911 -0.053966
v -0.007220 0.021215 -0.110805
v -0.007220 0.021215 -0.110805
v -0.007220 0.021215 -0.110805
v -0.007220 0.021215 -0.110805
v -0.007220 0.021215 -0.110805
v -0.007220 0.021215 -0.110805
v -0.007220 0.021215 -0.110805
v -0.006978 0.031917 -0.104204
v -0.006978 0.031917 -0.104204
v -0.006978 0.031917 -0.104204
v -0.006978 0.031917 -0.104204
v -0.006978 0.031917 -0.104204
v -0.013677 0.033553 -0.103545
v -0.013677 0.033553 -0.103545
v -0.013677 0.033553 -0.103545
v -0.013677 0.033553 -0.103545
v -0.013677 0.033553 -0.103545
v -0.013677 0.033553 -0.103545
v -0.013498 0.038257 -0.099726
v -0.013498 0.038257 -0.099726
v -0.013498 0.038257 -0.099726
v -0.013498 0.038257 -0.099726
v -0.013498 0.038257 -0.099726
v -0.013498 0.038257 -0.099726
v -0.019653 0.040433 -0.098689
v -0.019653 0.040433 -0.098689
v -0.019653 0.040433 -0.098689
v -0.019653 0.040433 -0.098689
v -0.019653 0.040433 -0.098689
v -0.019653 0.040433 -0.098689
v -0.007506 0.009784 -0.116155
v -0.007506 0.009784 -0.116155
v -0.007506 0.009784 -0.116155
v -0.007506 0.009784 -0.116155
v -0.007506 0.009784 -0.116155
v -0.007506 0.009784 -0.116155
v -0.019516 0.044528 -0.094547
v -0.019516 0.044528 -0.094547
v -0.019516 0.044528 -0.094547
v -0.019516 0.044528 -0.094547
v -0.019516 0.044528 -0.094547
v -0.019516 0.044528 -0.094547
v -0.019408 0.048224 -0.090096
v -0.019408 0.048224 -0.090096
v -0.019408 0.048224 -0.090096
v -0.019408 0.048224 -0.090096
v -0.019408 0.048224 -0.090096
v -0.019408 0.048224 -0.090096
v -0.019326 0.051481 -0.085365
v -0.019326 0.051481 -0.085365
v -0.019326 0.051481 -0.085365
v -0.019326 0.051481 -0.085365
v -0.019326 0.051481 -0.085365
v -0.019326 0.051481 -0.085365
v -0.019177 0.059625 -0.064717
v -0.019177 0.059625 -0.064717
v -0.019177 0.059625 -0.064717
v -0.019177 0.059625 -0.064717
v -0.019177 0.059625 -0.064717
v -0.019177 0.059625 -0.064717
v -0.025365 0.061254 -0.064050
v -0.025365 0.061254 -0.064050
v -0.025365 0.061254 -0.064050
v -0.025365 0.061254 -0.064050
v -0.025365 0.061254 -0.064050
v -0.025365 0.061254 -0.064050
v -0.019194 0.058331 -0.069984
v -0.019194 0.058331 -0.069984
v -0.019194 0.058331 -0.069984
v -0.019194 0.058331 -0.069984
v -0.019194 0.058331 -0.069984
v -0.019194 0.058331 -0.069984
v -0.025349 0.060028 -0.069157
v -0.025349 0.060028 -0.069157
v -0.025349 0.060028 -0.069157
v -0.025349 0.060028 -0.069157
v -0.025349 0.060028 -0.069157
v -0.025349 0.060028 -0.069157
v -0.019222 0.056549 -0.075241
v -0.019222 0.056549 -0.075241
v -0.019222 0.056549 -0.075241
v -0.019222 0.056549 -0.075241
v -0.019222 0.056549 -0.075241
v -0.019222 0.056549 -0.075241
v -0.025334 0.058339 -0.074271
v -0.025334 0.058339 -0.074271
v -0.025334 0.058339 -0.074271
v -0.025334 0.058339 -0.074271
v -0.025334 0.058339 -0.074271
v -0.019265 0.054263 -0.080394
v -0.019265 0.054263 -0.080394
v -0.019265 0.054263 -0.080394
v -0.019265 0.054263 -0.080394
v -0.019265 0.054263 -0.080394
v -0.019265 0.054263 -0.080394
v -0.012874 0.058548 -0.065236
v -0.012874 0.058548 -0.065236
v -0.012874 0.058548 -0.065236
v -0.012874 0.058548 -0.065236
v -0.012874 0.058548 -0.065236
v -0.012874 0.058548 -0.065236
v -0.012907 0.057179 -0.070628
v -0.012907 0.057179 -0.070628
v -0.012907 0.057179 -0.070628
v -0.012907 0.057179 -0.070628
v -0.012907 0.057179 -0.070628
v -0.012907 0.057179 -0.070628
v -0.012955 0.055295 -0.075997
v -0.012955 0.055295 -0.075997
v -0.012955 0.055295 -0.075997
v -0.012955 0.055295 -0.075997
v -0.012955 0.055295 -0.075997
v -0.012955 0.055295 -0.075997
v -0.013021 0.052879 -0.081245
v -0.013021 0.052879 -0.081245
v -0.013021 0.052879 -0.081245
v -0.013021 0.052879 -0.081245
v -0.013021 0.052879 -0.081245
v -0.013021 0.052879 -0.081245
v -0.013107 0.049938 -0.086293
v -0.013107 0.049938 -0.086293
v -0.013107 0.049938 -0.086293
v -0.013107 0.049938 -0.086293
v -0.013107 0.049938 -0.086293
v -0.013107 0.049938 -0.086293
v -0.031723 -0.027237 -0.142356
v -0.031723 -0.027237 -0.142356
v -0.031723 -0.027237 -0.142356
v -0.031723 -0.027237 -0.142356
v -0.031723 -0.027237 -0.142356
v -0.031723 -0.027237 -0.142356
v -0.031723 -0.027237 -0.142356
v -0.031723 -0.027237 -0.142356
v -0.034794 -0.023008 -0.141824
v -0.034794 -0.023008 -0.141824
v -0.034794 -0.023008 -0.141824
v -0.034794 -0.023008 -0.141824
v -0.034794 -0.023008 -0.141824
v -0.034794 -0.023008 -0.141824
v -0.034794 -0.023008 -0.141824
v -0.028146 -0.031058 -0.142832
v -0.028146 -0.031058 -0.142832
v -0.028146 -0.031058 -0.142832
v -0.028146 -0.031058 -0.142832
v -0.028146 -0.031058 -0.142832
v -0.028146 -0.031058 -0.142832
v -0.028146 -0.031058 -0.142832
v -0.024106 -0.034402 -0.143248
v -0.024106 -0.034402 -0.143248
v -0.024106 -0.034402 -0.143248
v -0.024106 -0.034402 -0.143248
v -0.024106 -0.034402 -0.143248
v -0.024106 -0.034402 -0.143248
v -0.024106 -0.034402 -0.143248
v -0.024106 -0.034402 -0.143248
v -0.030572 -0.013807 -0.129724
v -0.030572 -0.013807 -0.129724
v -0.030572 -0.013807 -0.129724
v -0.030572 -0.013807 -0.129724
v -0.030572 -0.013807 -0.129724
v -0.030572 -0.013807 -0.129724
v -0.030572 -0.013807 -0.129724
v -0.030572 -0.013807 -0.129724
v -0.030572 -0.013807 -0.129724
v -0.029238 -0.022558 -0.133870
v -0.029238 -0.022558 -0.133870
v -0.029238 -0.022558 -0.133870
v -0.029238 -0.022558 -0.133870
v -0.029238 -0.022558 -0.133870
v -0.029238 -0.022558 -0.133870
v -0.027165 -0.029501 -0.138362
v -0.027165 -0.029501 -0.138362
v -0.027165 -0.029501 -0.138362
v -0.027165 -0.029501 -0.138362
v -0.027165 -0.029501 -0.138362
v -0.027165 -0.029501 -0.138362
v -0.026013 -0.026117 -0.134199
v -0.026013 -0.026117 -0.134199
v -0.026013 -0.026117 -0.134199
v -0.026013 -0.026117 -0.134199
v -0.026013 -0.026117 -0.134199
v -0.026013 -0.026117 -0.134199
v -0.024808 -0.020734 -0.130382
v -0.024808 -0.020734 -0.130382
v -0.024808 -0.020734 -0.130382
v -0.024808 -0.020734 -0.130382
v -0.024808 -0.020734 -0.130382
v -0.027864 -0.017392 -0.130073
v -0.027864 -0.017392 -0.130073
v -0.027864 -0.017392 -0.130073
v -0.027864 -0.017392 -0.130073
v -0.027864 -0.017392 -0.130073
v -0.022569 -0.004593 -0.123190
v -0.022569 -0.004593 -0.123190
v -0.022569 -0.004593 -0.123190
v -0.022569 -0.004593 -0.123190
v -0.022569 -0.004593 -0.123190
v -0.022569 -0.004593 -0.123190
v -0.022569 -0.004593 -0.123190
v -0.021639 0.005371 -0.119270
v -0.021639 0.005371 -0.119270
v -0.021639 0.005371 -0.119270
v -0.021639 0.005371 -0.119270
v -0.021639 0.005371 -0.119270
v -0.027037 0.010325 -0.118314
v -0.027037 0.010325 -0.118314
v -0.027037 0.010325 -0.118314
v -0.027037 0.010325 -0.118314
v -0.027037 0.010325 -0.118314
v -0.027037 0.010325 -0.118314
v -0.026312 0.020100 -0.113591
v -0.026312 0.020100 -0.113591
v -0.026312 0.020100 -0.113591
v -0.026312 0.020100 -0.113591
v -0.026312 0.020100 -0.113591
v -0.026312 0.020100 -0.113591
v -0.031199 0.033899 -0.106445
v -0.031199 0.033899 -0.106445
v -0.031199 0.033899 -0.106445
v -0.031199 0.033899 -0.106445
v -0.031199 0.033899 -0.106445
v -0.031199 0.033899 -0.106445
v -0.033819 0.044659 -0.098796
v -0.033819 0.044659 -0.098796
v -0.033819 0.044659 -0.098796
v -0.033819 0.044659 -0.098796
v -0.033819 0.044659 -0.098796
v -0.033819 0.044659 -0.098796
v -0.036324 0.054705 -0.090182
v -0.036324 0.054705 -0.090182
v -0.036324 0.054705 -0.090182
v -0.036324 0.054705 -0.090182
v -0.036324 0.054705 -0.090182
v -0.036324 0.054705 -0.090182
v -0.019665 -0.037208 -0.143597
v -0.019665 -0.037208 -0.143597
v -0.019665 -0.037208 -0.143597
v -0.019665 -0.037208 -0.143597
v -0.019665 -0.037208 -0.143597
v -0.019665 -0.037208 -0.143597
v -0.019665 -0.037208 -0.143597
v -0.014894 -0.039425 -0.143872
v -0.014894 -0.039425 -0.143872
v -0.014894 -0.039425 -0.143872
v -0.014894 -0.039425 -0.143872
v -0.014894 -0.039425 -0.143872
v -0.014894 -0.039425 -0.143872
v -0.014894 -0.039425 -0.143872
v -0.014894 -0.039425 -0.143872
v -0.014894 -0.039425 -0.143872
v -0.014457 -0.037776 -0.139218
v -0.014457 -0.037776 -0.139218
v -0.014457 -0.037776 -0.139218
v -0.014457 -0.037776 -0.139218
v -0.014457 -0.037776 -0.139218
v -0.009872 -0.041014 -0.144070
v -0.009872 -0.041014 -0.144070
v -0.009872 -0.041014 -0.144070
v -0.009872 -0.041014 -0.144070
v -0.009872 -0.041014 -0.144070
v -0.009872 -0.041014 -0.144070
v -0.009872 -0.041014 -0.144070
v -0.009597 -0.039370 -0.139382
v -0.009597 -0.039370 -0.139382
v -0.009597 -0.039370 -0.139382
v -0.009597 -0.039370 -0.139382
v -0.009597 -0.039370 -0.139382
v -0.009597 -0.039370 -0.139382
v -0.014206 -0.036253 -0.137022
v -0.014206 -0.036253 -0.137022
v -0.014206 -0.036253 -0.137022
v -0.014206 -0.036253 -0.137022
v -0.014206 -0.036253 -0.137022
v -0.014206 -0.036253 -0.137022
v -0.018328 -0.032019 -0.134737
v -0.018328 -0.032019 -0.134737
v -0.018328 -0.032019 -0.134737
v -0.018328 -0.032019 -0.134737
v -0.018328 -0.032019 -0.134737
v -0.018328 -0.032019 -0.134737
v -0.021367 -0.023756 -0.130658
v -0.021367 -0.023756 -0.130658
v -0.021367 -0.023756 -0.130658
v -0.021367 -0.023756 -0.130658
v -0.021367 -0.023756 -0.130658
v -0.021367 -0.023756 -0.130658
v -0.023639 -0.013453 -0.126792
v -0.023639 -0.013453 -0.126792
v -0.023639 -0.013453 -0.126792
v -0.023639 -0.013453 -0.126792
v -0.023639 -0.013453 -0.126792
v -0.023639 -0.013453 -0.126792
v -0.023639 -0.013453 -0.126792
v -0.023639 -0.013453 -0.126792
v -0.009274 -0.035793 -0.135082
v -0.009274 -0.035793 -0.135082
v -0.009274 -0.035793 -0.135082
v -0.009274 -0.035793 -0.135082
v -0.009274 -0.035793 -0.135082
v -0.009274 -0.035793 -0.135082
v -0.008919 -0.030043 -0.131231
v -0.008919 -0.030043 -0.131231
v -0.008919 -0.030043 -0.131231
v -0.008919 -0.030043 -0.131231
v -0.008919 -0.030043 -0.131231
v -0.008919 -0.030043 -0.131231
v -0.013373 -0.028491 -0.131089
v -0.013373 -0.028491 -0.131089
v -0.013373 -0.028491 -0.131089
v -0.013373 -0.028491 -0.131089
v -0.013373 -0.028491 -0.131089
v -0.013373 -0.028491 -0.131089
v -0.012790 -0.020718 -0.127552
v -0.012790 -0.020718 -0.127552
v -0.012790 -0.020718 -0.127552
v -0.012790 -0.020718 -0.127552
v -0.012790 -0.020718 -0.127552
v -0.012790 -0.020718 -0.127552
v -0.016750 -0.018712 -0.127343
v -0.016750 -0.018712 -0.127343
v -0.016750 -0.018712 -0.127343
v -0.016750 -0.018712 -0.127343
v -0.016750 -0.018712 -0.127343
v -0.016750 -0.018712 -0.127343
v -0.015984 -0.009371 -0.123829
v -0.015984 -0.009371 -0.123829
v -0.015984 -0.009371 -0.123829
v -0.015984 -0.009371 -0.123829
v -0.015984 -0.009371 -0.123829
v -0.019439 -0.007133 -0.123531
v -0.019439 -0.007133 -0.123531
v -0.019439 -0.007133 -0.123531
v -0.019439 -0.007133 -0.123531
v -0.019439 -0.007133 -0.123531
v -0.008549 -0.022197 -0.127706
v -0.008549 -0.022197 -0.127706
v -0.008549 -0.022197 -0.127706
v -0.008549 -0.022197 -0.127706
v -0.008549 -0.022197 -0.127706
v -0.008549 -0.022197 -0.127706
v -0.012216 -0.011215 -0.124071
v -0.012216 -0.011215 -0.124071
v -0.012216 -0.011215 -0.124071
v -0.012216 -0.011215 -0.124071
v -0.012216 -0.011215 -0.124071
v -0.012216 -0.011215 -0.124071
v -0.015276 0.001152 -0.120027
v -0.015276 0.001152 -0.120027
v -0.015276 0.001152 -0.120027
v -0.015276 0.001152 -0.120027
v -0.015276 0.001152 -0.120027
v -0.015276 0.001152 -0.120027
v -0.015276 0.001152 -0.120027
v -0.015276 0.001152 -0.120027
v -0.008182 -0.012582 -0.124249
v -0.008182 -0.012582 -0.124249
v -0.008182 -0.012582 -0.124249
v -0.008182 -0.012582 -0.124249
v -0.008182 -0.012582 -0.124249
v -0.008182 -0.012582 -0.124249
v -0.011673 -0.000489 -0.120312
v -0.011673 -0.000489 -0.120312
v -0.011673 -0.000489 -0.120312
v -0.011673 -0.000489 -0.120312
v -0.011673 -0.000489 -0.120312
v -0.011673 -0.000489 -0.120312
v -0.014647 0.012247 -0.115585
v -0.014647 0.012247 -0.115585
v -0.014647 0.012247 -0.115585
v -0.014647 0.012247 -0.115585
v -0.014647 0.012247 -0.115585
v -0.014647 0.012247 -0.115585
v -0.020870 0.015861 -0.114705
v -0.020870 0.015861 -0.114705
v -0.020870 0.015861 -0.114705
v -0.020870 0.015861 -0.114705
v -0.020870 0.015861 -0.114705
v -0.020870 0.015861 -0.114705
v -0.020267 0.026263 -0.109195
v -0.020267 0.026263 -0.109195
v -0.020267 0.026263 -0.109195
v -0.020267 0.026263 -0.109195
v -0.020267 0.026263 -0.109195
v -0.020267 0.026263 -0.109195
v -0.025815 0.029821 -0.107949
v -0.025815 0.029821 -0.107949
v -0.025815 0.029821 -0.107949
v -0.025815 0.029821 -0.107949
v -0.025815 0.029821 -0.107949
v -0.025815 0.029821 -0.107949
v -0.031068 0.042463 -0.099637
v -0.031068 0.042463 -0.099637
v -0.031068 0.042463 -0.099637
v -0.031068 0.042463 -0.099637
v -0.031068 0.042463 -0.099637
v -0.031068 0.042463 -0.099637
v -0.033844 0.052081 -0.090937
v -0.033844 0.052081 -0.090937
v -0.033844 0.052081 -0.090937
v -0.033844 0.052081 -0.090937
v -0.033844 0.052081 -0.090937
v -0.033844 0.052081 -0.090937
v -0.036354 0.060747 -0.081475
v -0.036354 0.060747 -0.081475
v -0.036354 0.060747 -0.081475
v -0.036354 0.060747 -0.081475
v -0.036354 0.060747 -0.081475
v -0.036354 0.060747 -0.081475
v -0.007830 -0.001710 -0.120521
v -0.007830 -0.001710 -0.120521
v -0.007830 -0.001710 -0.120521
v -0.007830 -0.001710 -0.120521
v -0.007830 -0.001710 -0.120521
v -0.007830 -0.001710 -0.120521
v -0.011180 0.010836 -0.115914
v -0.011180 0.010836 -0.115914
v -0.011180 0.010836 -0.115914
v -0.011180 0.010836 -0.115914
v -0.011180 0.010836 -0.115914
v -0.011180 0.010836 -0.115914
v -0.014112 0.023258 -0.110175
v -0.014112 0.023258 -0.110175
v -0.014112 0.023258 -0.110175
v -0.014112 0.023258 -0.110175
v -0.014112 0.023258 -0.110175
v -0.014112 0.023258 -0.110175
v -0.019822 0.035987 -0.102511
v -0.019822 0.035987 -0.102511
v -0.019822 0.035987 -0.102511
v -0.019822 0.035987 -0.102511
v -0.019822 0.035987 -0.102511
v -0.004561 -0.040311 -0.139479
v -0.004561 -0.040311 -0.139479
v -0.004561 -0.040311 -0.139479
v -0.004561 -0.040311 -0.139479
v -0.004561 -0.040311 -0.139479
v -0.004561 -0.040311 -0.139479
v -0.009441 -0.037846 -0.137175
v -0.009441 -0.037846 -0.137175
v -0.009441 -0.037846 -0.137175
v -0.009441 -0.037846 -0.137175
v -0.009441 -0.037846 -0.137175
v -0.009441 -0.037846 -0.137175
v -0.013939 -0.034205 -0.134937
v -0.013939 -0.034205 -0.134937
v -0.013939 -0.034205 -0.134937
v -0.013939 -0.034205 -0.134937
v -0.013939 -0.034205 -0.134937
v -0.013939 -0.034205 -0.134937
v -0.017544 -0.026370 -0.130896
v -0.017544 -0.026370 -0.130896
v -0.017544 -0.026370 -0.130896
v -0.017544 -0.026370 -0.130896
v -0.017544 -0.026370 -0.130896
v -0.017544 -0.026370 -0.130896
v -0.020373 -0.016259 -0.127086
v -0.020373 -0.016259 -0.127086
v -0.020373 -0.016259 -0.127086
v -0.020373 -0.016259 -0.127086
v -0.020373 -0.016259 -0.127086
v -0.020373 -0.016259 -0.127086
v -0.041401 0.012538 -0.137084
v -0.041401 0.012538 -0.137084
v -0.041401 0.012538 -0.137084
v -0.041401 0.012538 -0.137084
v -0.041401 0.012538 -0.137084
v -0.041401 0.012538 -0.137084
v -0.041401 0.012538 -0.137084
v -0.041401 0.012538 -0.137084
v -0.041401 0.012538 -0.137084
v -0.041401 0.012538 -0.137084
v -0.042145 0.007201 -0.137761
v -0.042145 0.007201 -0.137761
v -0.042145 0.007201 -0.137761
v -0.042145 0.007201 -0.137761
v -0.042145 0.007201 -0.137761
v -0.042145 0.007201 -0.137761
v -0.042145 0.007201 -0.137761
v -0.042145 0.007201 -0.137761
v -0.042243 0.001860 -0.138482
v -0.042243 0.001860 -0.138482
v -0.042243 0.001860 -0.138482
v -0.042243 0.001860 -0.138482
v -0.042243 0.001860 -0.138482
v -0.042243 0.001860 -0.138482
v -0.042243 0.001860 -0.138482
v -0.041778 -0.003417 -0.139222
v -0.041778 -0.003417 -0.139222
v -0.041778 -0.003417 -0.139222
v -0.041778 -0.003417 -0.139222
v -0.041778 -0.003417 -0.139222
v -0.041778 -0.003417 -0.139222
v -0.041778 -0.003417 -0.139222
v -0.040811 -0.008590 -0.139937
v -0.040811 -0.008590 -0.139937
v -0.040811 -0.008590 -0.139937
v -0.040811 -0.008590 -0.139937
v -0.040811 -0.008590 -0.139937
v -0.040811 -0.008590 -0.139937
v -0.040811 -0.008590 -0.139937
v -0.040811 -0.008590 -0.139937
v -0.039336 -0.013617 -0.140612
v -0.039336 -0.013617 -0.140612
v -0.039336 -0.013617 -0.140612
v -0.039336 -0.013617 -0.140612
v -0.039336 -0.013617 -0.140612
v -0.039336 -0.013617 -0.140612
v -0.039336 -0.013617 -0.140612
v -0.037334 -0.018444 -0.141242
v -0.037334 -0.018444 -0.141242
v -0.037334 -0.018444 -0.141242
v -0.037334 -0.018444 -0.141242
v -0.037334 -0.018444 -0.141242
v -0.037334 -0.018444 -0.141242
v -0.037334 -0.018444 -0.141242
v -0.038062 -0.012730 -0.136508
v -0.038062 -0.012730 -0.136508
v -0.038062 -0.012730 -0.136508
v -0.038062 -0.012730 -0.136508
v -0.038062 -0.012730 -0.136508
v -0.038062 -0.012730 -0.136508
v -0.039712 -0.007920 -0.135896
v -0.039712 -0.007920 -0.135896
v -0.039712 -0.007920 -0.135896
v -0.039712 -0.007920 -0.135896
v -0.039712 -0.007920 -0.135896
v -0.039712 -0.007920 -0.135896
v -0.040979 -0.002923 -0.135220
v -0.040979 -0.002923 -0.135220
v -0.040979 -0.002923 -0.135220
v -0.040979 -0.002923 -0.135220
v -0.040979 -0.002923 -0.135220
v -0.040979 -0.002923 -0.135220
v -0.041857 0.002257 -0.134505
v -0.041857 0.002257 -0.134505
v -0.041857 0.002257 -0.134505
v -0.041857 0.002257 -0.134505
v -0.041857 0.002257 -0.134505
v -0.041857 0.002257 -0.134505
v -0.042217 0.007604 -0.133833
v -0.042217 0.007604 -0.133833
v -0.042217 0.007604 -0.133833
v -0.042217 0.007604 -0.133833
v -0.042217 0.007604 -0.133833
v -0.042217 0.007604 -0.133833
v -0.041855 0.013035 -0.133244
v -0.041855 0.013035 -0.133244
v -0.041855 0.013035 -0.133244
v -0.041855 0.013035 -0.133244
v -0.041855 0.013035 -0.133244
v -0.041855 0.013035 -0.133244
v -0.036625 -0.010282 -0.132578
v -0.036625 -0.010282 -0.132578
v -0.036625 -0.010282 -0.132578
v -0.036625 -0.010282 -0.132578
v -0.036625 -0.010282 -0.132578
v -0.036625 -0.010282 -0.132578
v -0.038474 -0.005759 -0.131994
v -0.038474 -0.005759 -0.131994
v -0.038474 -0.005759 -0.131994
v -0.038474 -0.005759 -0.131994
v -0.038474 -0.005759 -0.131994
v -0.038474 -0.005759 -0.131994
v -0.040065 -0.000997 -0.131329
v -0.040065 -0.000997 -0.131329
v -0.040065 -0.000997 -0.131329
v -0.040065 -0.000997 -0.131329
v -0.040065 -0.000997 -0.131329
v -0.040065 -0.000997 -0.131329
v -0.041353 0.004039 -0.130619
v -0.041353 0.004039 -0.130619
v -0.041353 0.004039 -0.130619
v -0.041353 0.004039 -0.130619
v -0.041353 0.004039 -0.130619
v -0.041353 0.004039 -0.130619
v -0.042133 0.009337 -0.129978
v -0.042133 0.009337 -0.129978
v -0.042133 0.009337 -0.129978
v -0.042133 0.009337 -0.129978
v -0.042133 0.009337 -0.129978
v -0.042133 0.009337 -0.129978
v -0.034501 -0.014595 -0.133075
v -0.034501 -0.014595 -0.133075
v -0.034501 -0.014595 -0.133075
v -0.034501 -0.014595 -0.133075
v -0.034501 -0.014595 -0.133075
v -0.036009 -0.017337 -0.137054
v -0.036009 -0.017337 -0.137054
v -0.036009 -0.017337 -0.137054
v -0.036009 -0.017337 -0.137054
v -0.036009 -0.017337 -0.137054
v -0.036009 -0.017337 -0.137054
v -0.035206 -0.006061 -0.128828
v -0.035206 -0.006061 -0.128828
v -0.035206 -0.006061 -0.128828
v -0.035206 -0.006061 -0.128828
v -0.035206 -0.006061 -0.128828
v -0.037257 -0.001873 -0.128237
v -0.037257 -0.001873 -0.128237
v -0.037257 -0.001873 -0.128237
v -0.037257 -0.001873 -0.128237
v -0.037257 -0.001873 -0.128237
v -0.037257 -0.001873 -0.128237
v -0.039151 0.002608 -0.127555
v -0.039151 0.002608 -0.127555
v -0.039151 0.002608 -0.127555
v -0.039151 0.002608 -0.127555
v -0.039151 0.002608 -0.127555
v -0.039151 0.002608 -0.127555
v -0.040784 0.007461 -0.126836
v -0.040784 0.007461 -0.126836
v -0.040784 0.007461 -0.126836
v -0.040784 0.007461 -0.126836
v -0.040784 0.007461 -0.126836
v -0.040784 0.007461 -0.126836
v -0.041869 0.012643 -0.126204
v -0.041869 0.012643 -0.126204
v -0.041869 0.012643 -0.126204
v -0.041869 0.012643 -0.126204
v -0.041869 0.012643 -0.126204
v -0.041869 0.012643 -0.126204
v -0.041672 0.022692 -0.121919
v -0.041672 0.022692 -0.121919
v -0.041672 0.022692 -0.121919
v -0.041672 0.022692 -0.121919
v -0.041672 0.022692 -0.121919
v -0.041672 0.022692 -0.121919
v -0.041672 0.022692 -0.121919
v -0.040195 0.012520 -0.123054
v -0.040195 0.012520 -0.123054
v -0.040195 0.012520 -0.123054
v -0.040195 0.012520 -0.123054
v -0.040195 0.012520 -0.123054
v -0.040195 0.012520 -0.123054
v -0.040195 0.012520 -0.123054
v -0.039621 0.019009 -0.119097
v -0.039621 0.019009 -0.119097
v -0.039621 0.019009 -0.119097
v -0.039621 0.019009 -0.119097
v -0.039621 0.019009 -0.119097
v -0.041424 0.017519 -0.122415
v -0.041424 0.017519 -0.122415
v -0.041424 0.017519 -0.122415
v -0.041424 0.017519 -0.122415
v -0.041424 0.017519 -0.122415
v -0.041424 0.017519 -0.122415
v -0.040820 0.023767 -0.118439
v -0.040820 0.023767 -0.118439
v -0.040820 0.023767 -0.118439
v -0.040820 0.023767 -0.118439
v -0.040820 0.023767 -0.118439
v -0.040820 0.023767 -0.118439
v -0.040820 0.023767 -0.118439
v -0.040097 0.031045 -0.114067
v -0.040097 0.031045 -0.114067
v -0.040097 0.031045 -0.114067
v -0.040097 0.031045 -0.114067
v -0.040097 0.031045 -0.114067
v -0.040097 0.031045 -0.114067
v -0.029194 -0.007120 -0.126093
v -0.029194 -0.007120 -0.126093
v -0.029194 -0.007120 -0.126093
v -0.029194 -0.007120 -0.126093
v -0.029194 -0.007120 -0.126093
v -0.033929 -0.000114 -0.125140
v -0.033929 -0.000114 -0.125140
v -0.033929 -0.000114 -0.125140
v -0.033929 -0.000114 -0.125140
v -0.033929 -0.000114 -0.125140
v -0.033929 -0.000114 -0.125140
v -0.032871 0.007305 -0.121309
v -0.032871 0.007305 -0.121309
v -0.032871 0.007305 -0.121309
v -0.032871 0.007305 -0.121309
v -0.032871 0.007305 -0.121309
v -0.032871 0.007305 -0.121309
v -0.036168 0.003709 -0.124512
v -0.036168 0.003709 -0.124512
v -0.036168 0.003709 -0.124512
v -0.036168 0.003709 -0.124512
v -0.036168 0.003709 -0.124512
v -0.036168 0.003709 -0.124512
v -0.035274 0.010754 -0.120623
v -0.035274 0.010754 -0.120623
v -0.035274 0.010754 -0.120623
v -0.035274 0.010754 -0.120623
v -0.035274 0.010754 -0.120623
v -0.035274 0.010754 -0.120623
v -0.038319 0.007882 -0.123793
v -0.038319 0.007882 -0.123793
v -0.038319 0.007882 -0.123793
v -0.038319 0.007882 -0.123793
v -0.038319 0.007882 -0.123793
v -0.038319 0.007882 -0.123793
v -0.037620 0.014605 -0.119859
v -0.037620 0.014605 -0.119859
v -0.037620 0.014605 -0.119859
v -0.037620 0.014605 -0.119859
v -0.037620 0.014605 -0.119859
v -0.037620 0.014605 -0.119859
v -0.038698 0.016738 -0.119470
v -0.038698 0.016738 -0.119470
v -0.038698 0.016738 -0.119470
v -0.038698 0.016738 -0.119470
v -0.038698 0.016738 -0.119470
v -0.038698 0.016738 -0.119470
v -0.039088 0.026568 -0.114746
v -0.039088 0.026568 -0.114746
v -0.039088 0.026568 -0.114746
v -0.039088 0.026568 -0.114746
v -0.039088 0.026568 -0.114746
v -0.039088 0.026568 -0.114746
v -0.039735 0.028796 -0.114392
v -0.039735 0.028796 -0.114392
v -0.039735 0.028796 -0.114392
v -0.039735 0.028796 -0.114392
v -0.039735 0.028796 -0.114392
v -0.037077 0.022405 -0.115524
v -0.037077 0.022405 -0.115524
v -0.037077 0.022405 -0.115524
v -0.037077 0.022405 -0.115524
v -0.037077 0.022405 -0.115524
v -0.037077 0.022405 -0.115524
v -0.034602 0.018871 -0.116333
v -0.034602 0.018871 -0.116333
v -0.034602 0.018871 -0.116333
v -0.034602 0.018871 -0.116333
v -0.034602 0.018871 -0.116333
v -0.034602 0.018871 -0.116333
v -0.032067 0.015788 -0.117085
v -0.032067 0.015788 -0.117085
v -0.032067 0.015788 -0.117085
v -0.032067 0.015788 -0.117085
v -0.032067 0.015788 -0.117085
v -0.032067 0.015788 -0.117085
v -0.028002 0.001072 -0.122383
v -0.028002 0.001072 -0.122383
v -0.028002 0.001072 -0.122383
v -0.028002 0.001072 -0.122383
v -0.028002 0.001072 -0.122383
v -0.028002 0.001072 -0.122383
usemtl dark
f 2 4 8
f 7 3 15
f 5 20 16
f 14 19 23
f 13 22 27
f 31 35 39
f 41 36 25
f 40 24 42
f 43 26 21
f 45 48 55
f 53 47 32
f 54 33 56
f 57 34 30
f 44 58 46
f 49 59 61
f 50 62 64
f 60 69 63
f 66 70 73
f 65 71 74
f 72 80 75
f 77 81 84
f 76 83 86
f 82 91 85
f 87 92 93
f 88 95 97
f 96 94 104
f 99 105 107
f 106 108 98
f 101 109 112
f 100 111 114
f 121 113 110
f 120 122 125
f 119 124 129
f 128 123 134
f 130 135 136
f 137 138 131
f 132 139 140
f 133 141 145
f 142 149 146
f 147 150 151
f 148 152 156
f 160 164 170
f 171 165 159
f 169 158 173
f 172 157 153
f 161 174 166
f 167 175 176
f 168 177 181
f 178 185 182
f 183 186 187
f 184 188 193
f 189 196 194
f 195 197 200
f 192 199 206
f 208 214 216
f 217 215 203
f 218 204 219
f 220 205 198
f 207 222 213
f 212 221 225
f 211 224 231
f 233 239 241
f 242 240 228
f 243 229 244
f 245 230 223
f 232 247 238
f 237 246 250
f 236 249 256
f 258 265 267
f 266 264 253
f 268 254 269
f 270 255 248
f 257 272 261
f 259 271 273
f 260 274 278
f 275 283 279
f 276 282 285
f 277 286 10
f 9 284 288
f 6 287 1
f 117 126 289
f 311 127 144
f 295 143 154
f 90 103 309
f 292 102 115
f 308 116 118
f 51 67 300
f 304 68 79
f 299 78 89
f 17 28 294
f 306 29 38
f 302 37 52
f 262 280 290
f 296 281 11
f 312 12 18
f 226 234 291
f 310 235 252
f 307 251 263
f 191 202 303
f 298 201 210
f 293 209 227
f 155 163 305
f 297 162 179
f 301 180 190
usemtl white
f 402 405 412
f 413 406 400
f 411 399 419
f 403 421 407
f 563 566 573
f 581 584 591
f 596 601 604
f 610 618 621
f 632 639 644
f 655 659 666
f 665 669 654
f 656 670 676
f 653 673 682
f 687 695 700
f 701 705 710
f 711 708 716
f 713 717 725
f 728 721 731
f 736 740 746
f 744 739 755
f 741 750 720
f 722 752 758
f 723 759 732
f 638 762 643
f 645 763 768
f 640 764 747
f 748 765 771
f 745 770 735
f 633 646 774
f 775 648 781
f 778 783 789
f 794 798 807
f 802 796 813
f 800 810 785
f 782 809 816
f 784 817 790
f 819 825 830
f 831 826 840
f 829 836 804
f 806 838 844
f 805 843 793
f 848 822 856
f 853 820 835
f 851 833 861
f 862 834 869
f 873 877 858
f 855 875 880
f 857 881 849
f 886 890 895
f 894 889 902
f 896 903 905
f 911 917 921
f 931 936 939
f 947 950 928
f 930 952 955
f 929 954 935
f 961 964 971
f 970 963 976
f 972 977 944
f 985 989 994
f 993 988 999
f 995 1001 1004
f 1010 1012 1020
f 1021 1013 1026
f 1019 1025 980
f 1029 1033 625
f 626 1035 1037
f 617 1047 620
f 619 1045 1048
f 627 1051 1031
f 1056 1060 1063
f 1061 1059 1072
f 1064 1073 623
f 624 1074 1078
f 622 1077 611
f 1055 1062 1083
f 1084 1065 1089
f 1082 1085 1095
f 1100 1104 1107
f 1105 1103 1116
f 1109 1118 1088
f 1086 1117 1121
f 1087 1122 1096
f 1099 1106 1127
f 1128 1108 1133
f 1126 1131 1140
f 1143 1147 1149
f 1153 1148 1162
f 1154 1163 1132
f 1130 1161 1167
f 1129 1166 1139
f 1172 1181 1152
f 1150 1180 1184
f 1151 1185 1144
f 1190 1194 1169
f 1170 1195 1199
f 1168 1198 1179
f 1203 1208 1210
f 1219 1225 1228
f 1229 1226 1239
f 1227 1238 1242
f 1249 1254 1261
f 1263 1251 1273
f 1269 1244 1259
f 1271 1260 1278
f 597 605 1280
f 1281 607 1286
f 1284 1290 1294
f 1291 1288 1296
f 1295 1298 1305
f 1306 1300 1308
f 1304 1307 1316
f 1321 1332 1313
f 1312 1330 1337
f 1311 1336 1319
f 1339 1345 1324
f 1325 1346 1351
f 1320 1349 1331
f 1342 1357 1362
f 1358 1355 1363
f 1361 1365 1373
f 1374 1366 1377
f 1379 1370 1384
f 1381 1369 1389
f 1385 1392 1396
f 1401 1403 1408
f 1413 1406 1418
f 1411 1415 1386
f 1391 1419 1422
f 1393 1423 1397
f 1400 1407 1428
f 1429 1409 1435
f 1427 1433 1440
f 1444 1448 1459
f 1461 1449 1467
f 1456 1465 1471
f 1447 1476 1452
f 1451 1474 1478
f 1454 1483 1432
f 1430 1480 1484
f 1434 1486 1441
f 1491 1495 1501
f 1500 1494 1506
f 1503 1508 1462
f 1466 1509 1512
f 1464 1511 1470
f 1488 1497 1516
f 1519 1498 1524
f 1515 1523 1529
f 1528 1522 1535
f 1534 1520 1542
f 1532 1538 1546
f 1550 1539 1554
f 1545 1553 1559
f 1563 1568 1570
f 1575 1569 1583
f 1574 1582 1587
f 660 657 1589
f 1592 658 1600
f 1590 1599 1605
f 1612 578 1617
f 1618 580 590
f 1615 587 1623
f 1624 588 1628
f 1621 1625 1635
f 1636 1627 1641
f 1633 1637 1647
f 1648 1639 1653
f 1645 1649 1659
f 1660 1651 1665
f 1657 1661 1671
f 1672 1662 1676
f 1669 1673 1683
f 1684 1675 1689
f 1680 1685 1576
f 1578 1686 1595
f 1572 1588 1564
f 1565 1591 1606
f 567 864 574
f 575 867 832
f 571 827 1695
f 1696 828 803
f 1693 799 1701
f 1702 801 786
f 1699 779 1707
f 1708 780 647
f 1705 641 1713
f 1714 642 749
f 1711 742 1719
f 1720 743 724
f 1717 718 689
f 690 719 709
f 684 707 692
f 691 706 702
f 586 560 592
f 593 562 572
f 589 569 1629
f 1630 570 1694
f 1626 1691 1640
f 1642 1692 1700
f 1638 1697 1652
f 1654 1698 1706
f 1650 1703 1664
f 1666 1704 1712
f 1663 1709 1677
f 1678 1710 1718
f 1674 1715 1688
f 1690 1716 688
f 1687 686 1596
f 1594 685 698
f 1593 696 662
f 1609 1727 1731
f 1735 1745 1749
f 1209 1189 1211
f 1212 1191 1171
f 1216 1173 1753
f 1610 1732 576
f 577 1733 1761
f 579 1762 582
f 583 1763 1767
f 585 1768 558
f 559 1769 1773
f 561 1774 564
f 565 1775 1779
f 568 1780 865
f 866 1781 1785
f 868 1786 859
f 860 1787 1791
f 863 1793 854
f 852 1792 1799
f 850 1794 870
f 946 927 975
f 974 926 1802
f 973 1801 1811
f 1810 1800 1814
f 1809 1813 1823
f 1822 1812 1826
f 1821 1825 1835
f 1834 1824 1838
f 1833 1837 1847
f 1846 1836 1850
f 1845 1849 1859
f 1858 1848 1862
f 1857 1861 1871
f 1870 1860 1874
f 1869 1873 1739
f 1736 1750 1866
f 1867 1751 1880
f 1868 1881 1854
f 1855 1882 1886
f 1856 1887 1842
f 1843 1888 1892
f 1844 1893 1830
f 1831 1894 1898
f 1832 1899 1818
f 1820 1900 1905
f 1819 1904 1806
f 1808 1906 997
f 1807 996 968
f 969 998 1007
f 967 1003 958
f 982 992 1024
f 1022 991 1902
f 1023 1903 1912
f 1910 1901 1896
f 1911 1897 1918
f 1916 1895 1890
f 1917 1891 1924
f 1923 1889 1885
f 1922 1884 1930
f 1929 1883 1879
f 1928 1878 1936
f 1935 1877 1748
f 1934 1747 1942
f 1941 1746 1742
f 1940 1741 1757
f 1754 1174 1937
f 1938 1175 1155
f 1939 1156 1931
f 1932 1157 1134
f 1933 1135 1925
f 1927 1136 1111
f 1926 1110 1919
f 1921 1112 1091
f 1920 1090 1913
f 1915 1092 1067
f 1914 1066 1907
f 1909 1068 629
f 1908 628 1016
f 1017 630 1040
f 1018 1041 1008
f 1944 1955 1958
f 1957 1954 1962
f 1961 1966 1969
f 1970 1967 1977
f 1971 1978 1980
f 1981 1979 1989
f 1982 1990 1992
f 1993 1991 2001
f 1994 2002 2004
f 2005 2003 2013
f 2006 2014 2016
f 2017 2015 2025
f 2018 2026 2028
f 2029 2027 2037
f 2030 2038 2040
f 2041 2039 913
f 2042 914 892
f 893 915 925
f 891 923 882
f 1948 1959 2047
f 2048 1960 1968
f 2051 1972 1722
f 1723 1973 1983
f 1724 1984 1728
f 1729 1985 1995
f 1730 1996 1758
f 1759 1997 2007
f 1760 2008 1764
f 1765 2009 2019
f 1766 2020 1770
f 1771 2021 2031
f 1772 2032 1776
f 1777 2033 2043
f 1778 2044 1782
f 1783 2045 897
f 1784 899 1789
f 1788 898 906
f 1790 907 1795
f 600 1248 603
f 602 1246 1262
f 606 1266 1285
f 1287 1267 2052
f 1289 2055 1297
f 1299 2056 2058
f 1301 2061 1309
f 1310 2062 2064
f 1314 2067 1322
f 1323 2068 2070
f 1943 2072 1953
f 1952 2071 2069
f 1949 2066 2080
f 2079 2065 2063
f 2076 2060 2086
f 2085 2059 2057
f 2082 2054 2092
f 2091 2053 1268
f 2088 1265 1234
f 1233 1264 1274
f 1230 1272 1221
f 1220 1270 1277
f 1243 1204 1231
f 1232 1205 1213
f 1235 1214 2089
f 2090 1215 1752
f 2093 1755 2083
f 2084 1756 1740
f 2087 1743 2077
f 2078 1744 1734
f 2081 1737 1950
f 1951 1738 1872
f 1956 1875 1963
f 1964 1876 1863
f 1965 1864 1974
f 1975 1865 1851
f 1976 1852 1986
f 1987 1853 1839
f 1988 1840 1998
f 1999 1841 1827
f 2000 1828 2010
f 2011 1829 1815
f 2012 1816 2022
f 2023 1817 1803
f 2024 1804 2034
f 2035 1805 932
f 2036 933 909
f 910 934 941
f 912 942 918
f 2099 1544 2103
f 2102 1543 1521
f 2105 1526 2109
f 2108 1525 1499
f 2116 2122 2094
f 2123 2126 2096
f 2097 2127 2132
f 2095 2131 1541
f 1537 2130 2135
f 1540 2136 1555
f 2110 2137 2106
f 2107 2138 2146
f 2104 2143 2100
f 2101 2144 2152
f 2098 2149 2117
f 2118 2151 2160
f 2166 2169 2173
f 2174 2170 2178
f 2177 2181 2186
f 2189 2182 2191
f 2188 2190 2200
f 2201 2193 2205
f 2198 2202 2212
f 2213 2203 2217
f 2210 2214 2224
f 2225 2215 2229
f 2222 2226 2236
f 2237 2227 2241
f 2234 2238 2247
f 2248 2239 2252
f 1356 2164 1364
f 1367 2165 2172
f 1368 2175 1388
f 1390 2176 2185
f 1387 2184 1412
f 1414 2187 2199
f 1410 2196 1436
f 1437 2197 2211
f 1431 2208 1453
f 1455 2209 2223
f 1450 2220 1468
f 1469 2221 2235
f 1463 2232 1504
f 1505 2233 2246
f 1502 2244 2111
f 2112 2245 2249
f 2113 2250 2140
f 1586 2158 1571
f 1573 2159 2150
f 1577 2154 1681
f 1679 2153 2145
f 1682 2148 1668
f 1667 2147 2139
f 1670 2142 1656
f 1655 2141 2251
f 1658 2254 1644
f 1643 2253 2240
f 1646 2243 1632
f 1631 2242 2228
f 1634 2231 1620
f 1619 2230 2216
f 1622 2219 1614
f 1613 2218 2204
f 1616 2207 1611
f 1607 2206 2194
f 1608 2195 1726
f 1725 2192 2183
f 1721 2180 2050
f 2049 2179 2171
f 2046 2168 1947
f 1946 2167 2163
f 1945 2162 2075
f 2074 2161 1354
f 2073 1352 1326
f 1327 1353 1340
f 2258 2261 2267
f 2276 2279 2285
f 2293 2299 2308
f 2301 2295 2311
f 2318 2324 2333
f 1566 1561 2341
f 2344 2349 2357
f 2363 2367 2375
f 1057 1054 2388
f 1094 1120 2397
f 1101 1097 2403
f 1138 1165 2413
f 1241 1237 2420
f 1253 2425 1256
f 1257 2426 2434
f 1222 1217 2431
f 2436 1218 1276
f 2435 1275 1258
f 1240 2418 1201
f 2320 1186 2327
f 2328 1188 1206
f 1178 1197 2323
f 2321 1196 1192
f 2322 1193 1187
f 1159 1145 2442
f 2446 1146 1142
f 2444 1141 1182
f 1137 2412 1125
f 1102 2404 1115
f 1093 2396 1081
f 1058 2389 1071
f 614 608 2379
f 2380 609 1076
f 2450 1044 616
f 2366 2451 2373
f 2376 2453 2455
f 2381 2460 615
f 612 2459 2463
f 613 2464 2448
f 2470 2472 2477
f 2480 2473 2484
f 2481 2485 2488
f 2496 2499 2507
f 2506 2498 2511
f 2508 2512 2515
f 2523 2527 2532
f 2534 2528 2538
f 2546 2550 2556
f 2555 2549 2562
f 2557 2563 2565
f 2572 2576 2582
f 2583 2577 2588
f 2594 2601 2604
f 2596 2607 2579
f 2578 2606 2610
f 2584 2612 2573
f 2614 2624 2627
f 2625 2615 2634
f 2632 2613 2639
f 2635 2641 2646
f 2644 2637 2648
f 2650 2640 2654
f 2651 2656 2662
f 2663 2657 2668
f 2669 2659 2673
f 2665 2671 2679
f 2350 2683 2358
f 2356 2682 2689
f 2354 2688 2677
f 2675 2687 2695
f 2670 2691 2678
f 2348 2361 2698
f 2696 2360 2702
f 2700 2705 2712
f 2717 2722 2727
f 2715 2726 2707
f 2708 2730 2734
f 2704 2732 2711
f 2735 2739 2746
f 2747 2740 2754
f 2745 2753 2721
f 2720 2752 2760
f 2718 2756 2723
f 2736 2748 2761
f 2766 2750 2772
f 2765 2771 2778
f 2784 2788 2774
f 2770 2786 2792
f 2769 2791 2777
f 2799 2801 2808
f 1598 649 2815
f 2809 2803 2811
f 2816 2805 1603
f 2814 1601 1597
f 681 2822 652
f 651 2820 2826
f 650 2825 2817
f 1567 2343 1581
f 2157 1585 2833
f 2119 2114 2838
f 1558 1552 2850
f 1551 2134 2849
f 2845 2133 2129
f 2843 2128 2124
f 1183 1177 2445
f 2443 1176 2319
f 2440 2316 2855
f 2856 2317 2332
f 2853 2330 2860
f 1164 1160 2411
f 2410 1158 2441
f 2408 2438 2867
f 2868 2439 2854
f 2865 2851 2873
f 2874 2852 2859
f 2871 2857 2878
f 1098 1124 2405
f 2402 1123 2409
f 2399 2406 2884
f 2886 2407 2866
f 2883 2863 2891
f 2892 2864 2872
f 2889 2869 2897
f 2898 2870 2877
f 2895 2875 2902
f 1119 1114 2395
f 2394 1113 2401
f 2391 2398 2908
f 2910 2400 2885
f 2907 2881 2915
f 2916 2882 2890
f 2913 2887 2921
f 2922 2888 2896
f 2919 2893 2927
f 2928 2894 2901
f 2925 2899 2933
f 2932 2940 2924
f 2923 2939 2943
f 2926 2946 2918
f 2917 2945 2949
f 2920 2952 2912
f 2911 2951 2955
f 2914 2958 2906
f 2905 2956 2960
f 2909 2964 2392
f 2390 2962 2383
f 2393 2385 1079
f 1080 2387 1053
f 1075 1070 2378
f 2377 1069 2386
f 2371 2382 2968
f 2970 2384 2963
f 2966 2959 2974
f 2976 2961 2957
f 2973 2953 2981
f 2982 2954 2950
f 2979 2947 2987
f 2988 2948 2944
f 2985 2941 2993
f 2994 2942 2938
f 2991 2936 2296
f 2298 2937 2930
f 2297 2929 2312
f 2281 2278 2996
f 2995 2277 3003
f 2998 3006 3008
f 3007 3005 3015
f 3010 3018 3020
f 3019 3017 3027
f 3022 3030 3032
f 3031 3029 3039
f 3034 3042 3044
f 3043 3041 3051
f 3047 3054 3057
f 3055 3052 2504
f 3059 2510 2479
f 2475 2509 2518
f 2476 2520 2469
f 2263 2260 3062
f 3061 2259 3069
f 3064 3072 3074
f 3073 3071 3081
f 3076 3084 3086
f 3085 3083 3093
f 3088 3096 3098
f 3097 3095 2554
f 3100 2559 2530
f 2529 2558 2567
f 2533 2569 2524
f 2630 2602 2618
f 2617 2598 2593
f 2619 2595 3103
f 3105 2597 2580
f 1584 1579 2830
f 2831 1580 2340
f 2828 2338 3113
f 3111 2336 3118
f 3108 3116 3124
f 3122 3114 3130
f 3120 3128 3135
f 3133 3126 3142
f 3132 3140 3146
f 3145 3139 3155
f 3144 3153 3159
f 3157 3151 3167
f 3156 3165 3172
f 3170 3163 3179
f 3168 3177 3184
f 3183 3175 2290
f 3180 2287 3187
f 3186 2286 2280
f 3189 2283 2305
f 2304 2282 2997
f 2307 3000 2292
f 2291 2999 3009
f 2294 3012 2990
f 2989 3011 3021
f 2992 3024 2984
f 2983 3023 3033
f 2986 3036 2978
f 2977 3035 3045
f 2980 3048 2972
f 2971 3046 3056
f 2975 3060 2967
f 2965 3058 2478
f 2969 2483 2372
f 2370 2482 2491
f 2374 2492 2362
f 1562 1604 2342
f 2339 1602 2804
f 2337 2802 3119
f 3117 2800 2798
f 3115 2795 3131
f 3129 2793 3196
f 3127 3194 3143
f 3141 3192 3202
f 3138 3200 3154
f 3152 3198 3208
f 3150 3206 3166
f 3164 3204 3214
f 3162 3212 3178
f 3176 3211 3221
f 3174 3218 2289
f 2288 3217 2272
f 2284 2269 2274
f 2273 2268 2262
f 2275 2265 3002
f 3001 2264 3063
f 3004 3066 3014
f 3013 3065 3075
f 3016 3078 3026
f 3025 3077 3087
f 3028 3090 3038
f 3037 3089 3099
f 3040 3102 3050
f 3049 3101 2531
f 3053 2536 2505
f 2503 2535 2542
f 2502 2541 2495
f 2807 2782 2797
f 2796 2779 2773
f 2794 2768 3197
f 3195 2767 2749
f 3193 2744 3203
f 3201 2743 2719
f 3199 2716 3209
f 3207 2714 2706
f 3205 2703 3215
f 3213 2701 2359
f 3210 2355 3220
f 3219 2353 2676
f 3216 2674 2271
f 2270 2672 2658
f 2266 2655 2256
f 2255 2653 2638
f 2257 2643 3068
f 3067 2642 2616
f 3070 2621 3080
f 3079 2620 3104
f 3082 3107 3092
f 3091 3106 2581
f 3094 2586 2552
f 2551 2585 2590
f 2553 2592 2544
f 3222 3227 3231
f 3239 3246 3251
f 3253 3248 3258
f 3254 3259 3223
f 3229 3262 3237
f 3238 3263 3268
f 3236 3267 3273
f 3282 3288 3295
f 3291 3284 3301
f 3269 3303 3274
f 3278 3305 3309
f 3277 3308 3297
f 3298 3310 3313
f 3302 3316 3292
f 3322 3325 2842
f 2846 3329 3332
f 2847 3333 1557
f 3281 3336 3287
f 3290 3338 3341
f 3289 3340 3347
f 3350 3344 3354
f 3349 3351 3359
f 3360 3355 3363
f 3361 3364 3320
f 3323 3367 3370
f 3324 3371 3328
f 3378 3234 3380
f 3381 3235 3272
f 3384 3275 3386
f 3388 3276 3296
f 3390 3299 3394
f 3395 3300 3283
f 3396 3285 3400
f 3401 3286 3345
f 3402 3346 3406
f 3407 3348 3356
f 3408 3357 3410
f 3412 3358 3318
f 3414 3319 2835
f 2836 3321 2841
f 2840 2848 2121
f 2120 2844 2125
f 3415 3424 3429
f 2423 3435 2432
f 2433 3437 3442
f 2430 3440 3433
f 3430 3439 3444
f 3431 3445 3417
f 3448 3456 3460
f 3451 3464 3471
f 3472 3482 3485
f 3484 3481 3492
f 3486 3494 3500
f 3499 3493 3503
f 3461 3507 3468
f 3469 3508 3515
f 3467 3513 3523
f 3521 3511 3525
f 3519 3524 3496
f 3498 3527 3531
f 3497 3530 3505
f 3416 3534 3425
f 3426 3535 3541
f 3422 3540 3455
f 3454 3538 3544
f 3453 3543 3458
f 3522 3553 3466
f 3465 3552 3556
f 3470 3559 3450
f 3449 3558 3562
f 3452 3565 3421
f 3420 3564 3568
f 3423 3571 3428
f 3427 3570 3574
f 3432 3577 2429
f 2428 3576 2416
f 2437 2421 1224
f 1223 2419 1236
f 3226 3233 3256
f 3255 3232 3375
f 3252 3372 3240
f 3241 3374 3580
f 3243 3583 3478
f 3476 3582 3586
f 3480 3589 3491
f 3490 3588 3592
f 3495 3595 3518
f 3517 3594 3598
f 3520 3600 3550
f 3473 3603 3483
f 3477 3601 3606
f 3479 3608 3244
f 3242 3605 3612
f 3245 3614 3247
f 2115 2156 2839
f 2837 2155 2832
f 2834 2829 3413
f 3411 2827 3112
f 3409 3110 3405
f 3404 3109 3125
f 3403 3123 3399
f 3398 3121 3137
f 3397 3136 3393
f 3392 3134 3149
f 3391 3148 3389
f 3387 3147 3161
f 3385 3160 3383
f 3382 3158 3173
f 3379 3171 3377
f 3376 3169 3185
f 3373 3182 3579
f 3578 3181 3188
f 3581 3191 3585
f 3584 3190 2306
f 3587 2310 3591
f 3590 2309 2300
f 3593 2303 3597
f 3596 2302 2313
f 3599 2315 3549
f 3548 2314 2931
f 3551 2935 3555
f 3554 2934 2900
f 3557 2904 3561
f 3560 2903 2876
f 3563 2880 3567
f 3566 2879 2858
f 3569 2862 3573
f 3572 2861 2331
f 3575 2335 2415
f 2414 2334 2325
f 2417 2326 1200
f 1202 2329 1207
f 3620 3623 3630
f 3634 3639 3645
f 3644 3638 3654
f 3646 3655 3661
f 3636 3647 3662
f 3664 3649 3668
f 3663 3667 3675
f 3686 3689 3694
f 3685 3693 3701
f 3709 3684 3714
f 3713 3683 3700
f 3712 3698 3718
f 3724 3728 3735
f 3738 3729 3740
f 3739 3741 3682
f 3687 3744 3690
f 3748 3722 3757
f 3747 3750 3761
f 3764 3755 3770
f 3732 3775 3783
f 3723 3734 3758
f 3756 3731 3782
f 3754 3779 3787
f 3708 3792 3680
f 3679 3791 3797
f 3681 3798 3736
f 3737 3799 3803
f 3733 3802 3776
f 3765 3771 3808
f 3805 3768 3814
f 3806 3815 3822
f 3825 3828 3835
f 3827 3836 3844
f 3845 3837 3847
f 3846 3848 3856
f 3857 3849 3819
f 3820 3850 3858
f 3821 3859 3804
f 3786 3866 3752
f 3753 3867 3873
f 3751 3872 3769
f 3766 3868 3876
f 3767 3877 3813
f 3887 3889 3896
f 3886 3895 3900
f 3885 3899 3905
f 3884 3904 3648
f 3650 3906 3669
f 3890 3888 3915
f 3913 3881 3921
f 3912 3920 3926
f 3642 3660 3929
f 3643 3930 3880
f 3882 3931 3935
f 3883 3936 3922
f 3944 3946 3953
f 3952 3956 3942
f 3943 3957 3963
f 3941 3962 3917
f 3916 3961 3891
f 3974 3981 3985
f 3971 3983 3989
f 3973 3990 3948
f 3947 3945 3972
f 3969 3938 3996
f 3967 3995 4002
f 3977 4006 4012
f 4011 4016 3975
f 3980 4020 4022
f 3982 4025 3986
f 4001 4028 3966
f 3968 4029 4033
f 3970 4034 3978
f 3979 4035 4039
f 3976 4038 4005
f 3696 4043 3705
f 3704 4042 4018
f 4017 4041 4046
f 4019 4047 4021
f 3925 4052 3910
f 3911 4053 4057
f 3914 4058 3937
f 3939 4059 4062
f 3940 4063 3997
f 4068 4074 4076
f 4077 3616 4069
f 4070 3618 3627
f 4071 3628 4083
f 4084 3629 4088
f 4087 3626 4090
f 4089 4092 4101
f 4100 4091 3831
f 4099 3829 4105
f 4106 3830 3826
f 4008 4110 4014
f 4013 4109 4114
f 4015 4115 3702
f 3703 4116 4120
f 3699 4119 3719
f 4123 4127 4137
f 1341 1359 4147
f 4154 4168 4171
f 1560 4166 1548
f 1549 4167 4153
f 1547 4152 1533
f 1536 4161 1530
f 4172 4174 4155
f 4157 4175 4180
f 4156 4179 4184
f 4186 4188 4158
f 4159 4190 4193
f 4160 4194 1527
f 1531 4197 1517
f 1514 1510 4209
f 4204 1507 1496
f 4202 1492 4199
f 4201 1493 1490
f 4198 1489 1518
f 4213 4205 4221
f 4220 4203 4200
f 4218 4195 4224
f 4225 4196 4191
f 1479 1477 4235
f 4234 1475 1446
f 4233 1445 4243
f 4238 1443 1458
f 4240 1460 4211
f 4208 1457 1473
f 4207 1472 1513
f 4214 4244 4206
f 4212 4246 4249
f 4210 4248 4239
f 4241 4250 4254
f 4242 4258 4232
f 4229 4255 4259
f 4231 4260 4264
f 4263 4267 4230
f 4236 4269 4273
f 4237 4274 1482
f 1481 4272 1485
f 1487 4279 1442
f 1438 4278 4282
f 1439 4284 1425
f 4270 4292 4275
f 4276 4293 4297
f 4277 4300 4281
f 4280 4296 4301
f 4287 4303 4306
f 4311 1404 4290
f 4283 1402 1398
f 4285 1399 1426
f 4307 4319 4288
f 4286 4318 4322
f 4289 4325 4310
f 4335 1424 4316
f 4313 1420 1417
f 4312 1416 1405
f 4339 4334 4342
f 4345 4336 4317
f 4341 4315 4347
f 4346 4314 4326
f 4351 4358 4363
f 4365 4360 4328
f 4367 4332 4369
f 4370 4333 4337
f 1372 1376 4355
f 4362 1378 1383
f 4361 1380 4329
f 4330 1382 1394
f 4331 1395 1421
f 4352 4374 4359
f 4356 4373 4149
f 4357 4150 1375
f 1371 4148 1360
f 4380 4388 4392
f 4396 4391 4146
f 4395 4144 4398
f 4401 4151 4377
f 4385 4408 1333
f 1328 1348 4383
f 4387 1350 1343
f 4390 1347 4145
f 4143 1344 1338
f 4381 4413 4389
f 4384 4410 4415
f 4386 4418 4409
f 1293 1303 4423
f 4422 1302 1315
f 4427 1317 4402
f 4404 1318 1334
f 4405 1335 1329
f 4414 4431 4406
f 4407 4432 3624
f 4403 3621 4428
f 4429 3622 3619
f 4426 3617 4079
f 1292 4421 1283
f 1282 4420 4141
f 1279 4135 595
f 4078 4075 4425
f 4424 4073 4439
f 4419 4435 4140
f 4142 4436 4444
f 4139 4442 4124
f 4456 1255 1250
f 4455 1245 4132
f 4134 1247 599
f 4133 598 594
f 4128 4460 4138
f 4136 4458 4465
f 4131 4462 4454
f 4457 4463 4469
f 4453 4467 4474
f 4472 4479 4452
f 4451 4478 4485
f 4450 4482 4489
f 4438 4072 4065
f 4494 4499 4503
f 4060 4056 4513
f 3801 3793 4522
f 3785 3777 4529
f 4532 4540 4544
f 4547 4552 4556
f 4555 4551 4533
f 4548 4560 4565
f 4568 4564 3659
f 4566 3658 3651
f 4572 4582 4586
f 3707 4577 3790
f 3788 4573 4588
f 3789 4589 3796
f 3795 4587 4594
f 3794 4593 4523
f 3800 4520 3772
f 3773 4521 4597
f 3774 4598 3778
f 3781 4599 4604
f 3780 4603 4530
f 4608 4616 4096
f 4609 4097 4619
f 4620 4098 4103
f 4621 4104 4628
f 3784 4527 3863
f 3864 4528 4631
f 3865 4633 3870
f 3869 4632 4636
f 3871 4637 3878
f 4102 3823 4625
f 4626 3824 3841
f 4627 3843 4643
f 4642 3842 3853
f 4644 3854 4647
f 4649 3855 3818
f 4648 3817 4654
f 4653 3816 3810
f 4655 3812 4660
f 4659 3811 3874
f 4661 3875 4665
f 4666 3879 4638
f 4512 4055 4675
f 4674 4054 4051
f 4673 4050 3923
f 3924 3919 4678
f 4677 3918 3934
f 4676 3933 4563
f 4561 3932 3927
f 4562 3928 3657
f 4534 4546 4559
f 4558 4545 4683
f 4557 4682 4672
f 4671 4681 4688
f 4667 4687 4691
f 4032 4026 4507
f 4508 4027 4000
f 4506 3999 4516
f 4514 3998 3993
f 4515 3994 4061
f 4698 4112 4107
f 4700 4108 4705
f 4007 4003 4714
f 4715 4004 4037
f 4712 4036 4030
f 4031 4505 4713
f 4710 4501 4498
f 4709 4497 4719
f 4720 4725 4711
f 4708 4724 4704
f 4716 4706 4009
f 4010 4707 4111
f 3706 3710 4575
f 4576 3711 3715
f 4578 3716 4696
f 4697 3717 4117
f 4699 4118 4113
f 4692 4730 4669
f 4668 4729 4733
f 4670 4735 4511
f 4510 4734 4740
f 4509 4739 4504
f 4500 4738 4744
f 4502 4745 4493
f 4749 4445 4437
f 4750 4441 4755
f 4754 4440 4067
f 4753 4064 4759
f 4760 4066 4082
f 4758 4081 4614
f 4613 4080 4085
f 4615 4086 4095
f 4723 4765 4702
f 4701 4764 4768
f 4703 4769 4693
f 4694 4770 4774
f 4695 4775 4574
f 4571 4772 4780
f 4570 4779 4581
f 4766 4763 4788
f 4685 4680 4796
f 4794 4679 4542
f 4795 4543 4537
f 4689 4804 4727
f 4726 4803 4810
f 4728 4813 4731
f 4732 4814 4737
f 4736 4812 4743
f 4742 4811 4824
f 4741 4822 4492
f 4721 4717 4819
f 4823 4718 4496
f 4821 4495 4491
f 4830 4777 4786
f 4783 4776 4771
f 4789 4773 4767
f 4839 4519 4846
f 4845 4518 4590
f 4847 4591 4851
f 4852 4592 4583
f 4853 4584 4828
f 4832 4585 4580
f 4831 4579 4778
f 4662 4857 4867
f 4663 4868 4658
f 4664 4635 4860
f 4858 4634 4629
f 4859 4630 4524
f 4861 4526 4874
f 4873 4525 4600
f 4875 4601 4836
f 4837 4602 4595
f 4838 4596 4517
f 4866 4881 4657
f 4656 4879 4651
f 4652 4880 4888
f 4650 4886 4645
f 4646 4887 4641
f 4640 4885 4896
f 4639 4894 4623
f 4624 4895 4903
f 4622 4900 4617
f 4618 4902 4607
f 4606 4901 4910
f 4605 4908 4611
f 4612 4909 4919
f 4610 4917 4757
f 4125 4443 4748
f 4122 4918 4126
f 4130 4920 4926
f 4129 4925 4461
f 4121 4746 4914
f 4916 4747 4752
f 4915 4751 4756
f 4538 4930 4797
f 4790 4927 4932
f 4791 4933 4937
f 4690 4684 4805
f 4806 4686 4798
f 4802 4792 4946
f 4947 4793 4940
f 4944 4936 4951
f 4958 4784 4817
f 4825 4787 4762
f 4820 4761 4722
f 4945 4962 4800
f 4801 4963 4968
f 4799 4966 4807
f 4809 4967 4973
f 4808 4972 4818
f 4816 4971 4978
f 4815 4977 4957
f 4956 4982 4782
f 4781 4981 4987
f 4785 4988 4829
f 4827 4986 4992
f 4826 4991 4850
f 4996 5001 5004
f 5008 5003 5015
f 5005 5012 5022
f 5021 5011 5025
f 5033 5038 5041
f 5044 5040 4843
f 5046 4844 4848
f 5039 5054 4842
f 4841 5053 5059
f 4840 5058 4835
f 4833 5057 5063
f 4834 5064 4870
f 5070 4893 5075
f 5071 4889 4882
f 5074 4883 5079
f 5069 5085 4891
f 4892 5086 5092
f 4890 5091 4899
f 4897 5089 5095
f 4898 5097 4906
f 4884 4876 5080
f 5081 4877 5101
f 5103 4878 4865
f 5102 4862 5106
f 5107 4863 5111
f 5065 5117 4872
f 4871 5116 5123
f 4869 5122 4856
f 4855 5121 5113
f 4854 5112 4864
f 4969 5017 4976
f 4975 5016 5130
f 4974 5129 4953
f 4948 5133 4943
f 4941 5132 5027
f 4942 5028 4959
f 4960 5029 5019
f 4961 5020 4965
f 4964 5018 4970
f 5138 5144 5126
f 4954 5131 5152
f 5149 5128 5145
f 5147 5143 5158
f 4849 4990 5049
f 5048 4989 4984
f 5047 4983 5151
f 5153 4985 4979
f 5154 4980 4955
f 5002 5163 5013
f 5014 5164 5170
f 5010 5168 5124
f 5125 5169 5173
f 5127 5174 5139
f 4466 4459 4924
f 5096 5178 4905
f 4904 5177 5181
f 4907 5183 4913
f 4912 5182 5189
f 4911 5188 4923
f 4922 5187 4471
f 4921 4470 4464
f 5159 5194 5148
f 5146 5193 5199
f 5150 5200 5045
f 5042 5198 5204
f 5043 5205 5034
f 5208 5214 5223
f 4993 5207 5000
f 4999 5206 5222
f 4998 5221 5161
f 5160 5220 5228
f 5162 5229 5165
f 5167 5230 5239
f 5166 5238 5172
f 5247 5156 5252
f 5253 5157 5142
f 5251 5140 5235
f 5236 5141 5136
f 5237 5137 5171
f 5258 5202 5267
f 5266 5201 5195
f 5268 5196 5244
f 5246 5197 5192
f 5245 5191 5155
f 5277 5051 5281
f 5282 5052 5035
f 5283 5037 5261
f 5260 5036 5032
f 5259 5031 5203
f 5287 5060 5269
f 5275 5062 5055
f 5276 5056 5050
f 5100 5105 5295
f 5294 5104 5108
f 5299 5109 5304
f 5306 5110 5120
f 5305 5118 5289
f 5290 5119 5114
f 5291 5115 5061
f 5099 5292 5076
f 5082 5301 5312
f 5078 5311 5319
f 5320 5066 5313
f 5318 5068 5073
f 5317 5072 5077
f 5331 5176 5093
f 5332 5094 5340
f 5343 5098 5090
f 5342 5087 5325
f 5327 5088 5084
f 5326 5083 5067
f 4475 4468 5185
f 4480 4473 5346
f 5349 4476 5186
f 5350 5190 5337
f 5329 5184 5179
f 5330 5180 5175
f 5354 5359 5286
f 5284 5358 5303
f 4484 4477 5345
f 5336 5364 5347
f 5348 5365 5369
f 5344 5368 4481
f 4486 5370 5376
f 4483 5375 4490
f 5380 5385 5323
f 5322 5384 5390
f 5321 5389 5339
f 5338 5388 5394
f 5341 5395 5333
f 5334 5396 5399
f 5335 5400 5363
f 5381 5328 5405
f 5404 5324 5316
f 5403 5315 5410
f 5409 5314 5309
f 5408 5308 5415
f 5414 5307 5418
f 5419 5310 5296
f 5420 5297 5423
f 5302 5357 5293
f 5300 5360 5429
f 5298 5428 5424
f 5353 5285 5433
f 5435 5288 5274
f 5434 5273 5439
f 5254 5443 5279
f 5278 5442 5448
f 5280 5449 5270
f 5272 5450 5454
f 5271 5453 5438
f 5264 5240 5458
f 5457 5462 5262
f 5263 5463 5467
f 5265 5469 5257
f 5256 5468 5473
f 5255 5472 5444
f 5231 5224 5477
f 5478 5482 5232
f 5233 5483 5486
f 5234 5487 5248
f 5249 5488 5492
f 5250 5494 5243
f 5241 5493 5497
f 5242 5498 5459
f 5217 5212 5502
f 5501 5507 5216
f 5219 5508 5513
f 5218 5512 5227
f 5225 5511 5516
f 5226 5517 5479
f 5523 5531 5534
f 5543 5549 5552
f 5561 4488 5373
f 5564 5571 5577
f 5583 5589 5594
f 5598 5603 5611
f 5608 5601 5584
f 5599 5612 5617
f 5616 5610 5619
f 5618 5620 5628
f 5570 5634 5576
f 5573 5632 5639
f 5572 5637 5622
f 5624 5638 5643
f 5625 5644 5630
f 5647 5655 5659
f 5662 5669 5674
f 5675 5670 5682
f 5673 5681 5688
f 5690 5697 5702
f 5701 5696 5713
f 5716 5722 5728
f 5729 5723 5733
f 5727 5732 5666
f 5515 5510 5705
f 5703 5509 5504
f 5693 5706 5737
f 5738 5708 5506
f 5736 5505 5500
f 5514 5704 5474
f 5476 5707 5746
f 5475 5743 5480
f 5751 5489 5742
f 5744 5490 5484
f 5745 5485 5481
f 5461 5456 5755
f 5754 5455 5496
f 5753 5495 5491
f 5441 5471 5762
f 5761 5470 5466
f 5440 5760 5446
f 5445 5759 5767
f 5447 5768 5451
f 5355 5351 5776
f 5777 5352 5432
f 5775 5430 5766
f 5769 5431 5436
f 5770 5437 5452
f 5356 5778 5426
f 5425 5774 5783
f 5427 5786 5422
f 5401 5407 5793
f 5792 5406 5413
f 5791 5411 5782
f 5785 5412 5417
f 5784 5416 5421
f 5402 5794 5379
f 5377 5790 5798
f 5378 5801 5383
f 5362 5398 5810
f 5809 5397 5393
f 5807 5391 5799
f 5802 5392 5387
f 5800 5386 5382
f 5816 5822 5826
f 5825 5556 5815
f 5817 5558 5372
f 5818 5374 5811
f 5806 5371 5366
f 5808 5367 5361
f 5833 5836 5553
f 5847 5854 5540
f 5860 5852 5865
f 5863 5848 5841
f 5864 5843 5868
f 5869 5844 5875
f 5879 5882 5887
f 5539 5853 5544
f 5546 5855 5891
f 5545 5890 5896
f 5892 5889 5883
f 5894 5884 5904
f 5859 5909 5851
f 5850 5908 5913
f 5849 5912 5885
f 5888 5914 5919
f 5886 5918 5878
f 5922 5839 5931
f 5926 5835 5832
f 5929 5834 5938
f 5945 5950 5963
f 5961 5948 5964
f 5962 5965 5972
f 5981 5985 5934
f 5932 5984 5989
f 5937 5991 5927
f 5928 5992 5521
f 5930 5522 5920
f 5924 5524 5535
f 5997 6002 5956
f 5957 6003 6007
f 5955 6006 5939
f 5942 6008 6013
f 5940 6012 6018
f 5990 6023 5519
f 5520 6024 6029
f 5518 6028 5525
f 5526 6030 6034
f 5528 6035 6039
f 6040 5953 6046
f 6045 5946 6051
f 5903 6055 5893
f 5895 6056 6060
f 5898 6061 6067
f 5551 5547 5830
f 5831 5548 5900
f 5829 5899 5936
f 5935 5897 6066
f 5933 6065 5980
f 5660 5567 5649
f 5645 5563 5575
f 5646 5579 6069
f 6074 6081 6090
f 6092 6102 6105
f 6107 6104 6115
f 6106 6114 6117
f 6119 6116 6127
f 6118 6126 6129
f 6131 6128 6139
f 6130 6138 6141
f 6151 6155 6157
f 6159 6156 6168
f 6170 6175 6160
f 6163 6176 6179
f 6164 6181 6186
f 6189 6182 6086
f 6190 6088 6192
f 6195 6089 6080
f 6196 6082 6070
f 5582 5593 5606
f 5605 5592 6201
f 5604 6200 6204
f 6068 5578 6194
f 6193 5574 5626
f 6191 5623 6188
f 6187 5621 5613
f 6185 5609 6162
f 6161 5607 6206
f 6158 6205 6152
f 6209 6217 6221
f 6076 6227 6231
f 6229 6223 6237
f 6230 6239 6244
f 6241 6234 6211
f 6242 6213 6252
f 6246 6207 6220
f 6222 6257 6249
f 6250 6258 6262
f 6248 6261 6268
f 6270 6279 6282
f 6284 6281 6294
f 6283 6293 6296
f 6169 6304 6171
f 6172 6305 6308
f 6173 6309 6314
f 6075 6091 6226
f 6225 6087 6184
f 6224 6183 6238
f 6236 6180 6178
f 6235 6177 6212
f 6210 6174 6315
f 6208 6313 6216
f 6100 6272 6111
f 6113 6274 6286
f 6112 6285 6123
f 6125 6287 6300
f 6124 6299 6135
f 5664 5676 5724
f 5726 5678 6319
f 5725 6316 5714
f 6327 5747 6334
f 6336 5748 5741
f 6335 5740 6343
f 6341 5739 5699
f 6342 5700 6322
f 6321 5698 5709
f 6323 5712 5719
f 6340 6348 6332
f 6331 6347 6352
f 6333 6354 6326
f 6325 6353 6359
f 6324 6358 6361
f 6363 6360 6371
f 6362 6370 6373
f 6375 6372 6383
f 6374 6382 6385
f 6387 6384 6395
f 6386 6394 6397
f 6400 6396 6407
f 6398 6406 5973
f 6267 6278 6247
f 6253 6280 6271
f 6251 6269 6240
f 6245 6273 6101
f 6243 6099 6228
f 6233 6103 6094
f 6232 6093 6077
f 6078 6095 6408
f 6079 6410 6085
f 6084 6409 6416
f 6083 6414 6072
f 6073 6415 6422
f 6071 6420 5651
f 6052 5947 6428
f 6429 5949 5944
f 6427 5943 6432
f 6430 5941 6019
f 6434 6020 6439
f 6436 6017 6443
f 6437 6444 6449
f 6041 5821 5954
f 5951 5819 5813
f 5952 5814 5968
f 5966 5812 5804
f 5967 5805 5976
f 5974 5803 5795
f 5975 5796 6399
f 6401 5797 5788
f 6402 5789 6390
f 6388 5787 5780
f 6389 5781 6378
f 6376 5779 5772
f 6377 5773 6366
f 6364 5771 5764
f 6365 5765 6330
f 6328 5763 5756
f 6329 5757 5749
f 5752 5758 5465
f 5750 5464 5460
f 6266 6452 6276
f 6277 6453 6457
f 6275 6456 6288
f 6290 6458 6462
f 6292 6463 6467
f 6466 5874 6291
f 6289 5873 5842
f 6295 5846 6298
f 6297 5845 5538
f 6301 5542 6137
f 6136 5541 5550
f 6140 5555 6143
f 6142 5554 5837
f 6144 5840 6469
f 6468 5838 5921
f 6470 5925 6475
f 6474 5923 5533
f 6038 5996 5527
f 5529 5998 5958
f 5530 5959 5532
f 5536 5960 5969
f 5537 5970 6476
f 6477 5971 6404
f 6478 6405 6473
f 6471 6403 6392
f 6472 6393 6147
f 6145 6391 6380
f 6146 6381 6134
f 6132 6379 6368
f 6133 6369 6122
f 6120 6367 6356
f 6121 6357 6110
f 6108 6355 6350
f 6109 6351 6098
f 6096 6349 6344
f 6097 6345 6411
f 6412 6346 6338
f 6413 6339 6419
f 6417 6337 6318
f 6418 6320 6424
f 6423 6317 5677
f 6421 5672 5652
f 5650 5671 5685
f 5648 5684 5656
f 3279 3294 6484
f 3314 3311 6492
f 6500 6503 6493
f 3474 3488 6510
f 3506 3533 6523
f 4449 4487 5560
f 4448 5559 6534
f 1252 4446 2424
f 2427 4447 6533
f 2422 6531 3434
f 3326 6539 3330
f 3334 6544 4164
f 3331 4162 1556
f 4170 4163 6547
f 6551 4165 6545
f 6549 6542 6557
f 6556 6541 6560
f 6567 3419 3446
f 6569 3447 6527
f 6526 3443 3438
f 6532 3441 3436
f 5557 5827 6529
f 6530 5828 5824
f 6528 5820 6570
f 6572 5823 6043
f 6571 6042 6047
f 3546 3539 6562
f 6568 3542 3537
f 6566 3536 3418
f 6044 6050 6565
f 6563 6048 6580
f 6564 6581 3547
f 3545 6579 3459
f 3516 3510 6577
f 6575 3509 3462
f 6576 3463 3457
f 6049 6426 6583
f 6582 6425 6431
f 6584 6433 6438
f 6435 6448 6578
f 6574 6447 6593
f 6573 6592 3514
f 3512 6586 3526
f 6446 6598 6591
f 6590 6594 6600
f 6589 6599 6606
f 6604 6611 6585
f 6588 6612 6525
f 6587 6524 3529
f 3528 6522 3532
f 6515 3489 6519
f 6517 3487 3502
f 6516 3501 3504
f 6616 6513 6618
f 6619 6514 6518
f 6622 6521 6626
f 6625 6520 6610
f 6615 6631 6512
f 6507 6628 6634
f 6508 6636 6642
f 6645 3611 6637
f 6639 3613 3607
f 6643 3610 6509
f 6506 3609 3602
f 6511 3604 3475
f 3228 3224 6654
f 6655 3225 3261
f 6652 3257 6647
f 6649 3260 3249
f 6650 3250 3615
f 6635 6666 6641
f 6640 6665 6671
f 6638 6669 6646
f 6644 6668 6675
f 6648 6677 6653
f 6651 6676 6679
f 6681 6686 6657
f 6656 6685 6689
f 6658 6691 6693
f 6491 3307 6698
f 3312 3306 6699
f 6695 3304 3270
f 6694 3266 6659
f 6661 3271 3265
f 6660 3264 3230
f 6690 6701 6692
f 6696 6703 6707
f 6697 6709 6490
f 6489 6708 6713
f 6488 6712 6498
f 6504 6714 6494
f 6495 6718 6480
f 6496 6481 3315
f 3317 6483 3293
f 3280 6485 3335
f 3337 6486 6721
f 3339 6725 3342
f 6717 6731 6479
f 6482 6733 6737
f 6487 6739 6722
f 6720 6738 6743
f 6719 6742 6745
f 3327 3369 6540
f 6538 3368 3366
f 6537 3365 6729
f 6727 3362 3353
f 6726 3352 3343
f 6747 6752 6724
f 6723 6751 6756
f 6728 6757 6536
f 6535 6755 6759
f 6543 6762 6561
f 6768 6772 6779
f 6787 6789 6798
f 6804 6809 6818
f 6827 6835 6840
f 677 671 6847
f 6844 6858 679
f 678 6857 6863
f 674 6862 683
f 675 6845 6841
f 6842 6846 6864
f 6843 6866 6830
f 6810 6872 6819
f 6814 6869 6875
f 6817 6879 6853
f 6848 6876 6880
f 6849 6881 6867
f 6884 6891 6897
f 6896 6890 6909
f 6894 6907 6825
f 6824 6906 6912
f 6823 6911 6807
f 6921 6925 6933
f 6915 6929 6901
f 6904 6930 6936
f 6903 6935 6886
f 6940 6951 6923
f 6920 6949 6956
f 6922 6958 6926
f 6960 6966 6970
f 6969 6965 6983
f 6972 6985 6947
f 6943 6982 6989
f 6942 6988 6953
f 6990 6995 6999
f 7000 6996 7012
f 7001 7014 6979
f 6974 7011 7016
f 6975 7017 6962
f 7020 7025 7037
f 7036 7024 7048
f 7029 7047 7008
f 7005 7044 7051
f 7004 7050 6992
f 6790 7055 6800
f 6799 7054 7058
f 6801 7060 7030
f 7042 7062 7066
f 7041 7065 7022
f 7072 7075 7084
f 7082 7074 7089
f 7083 7090 7093
f 7069 7078 7100
f 7102 7080 7112
f 7098 7105 7114
f 7128 7133 7103
f 7106 7134 7137
f 7107 7138 7115
f 7145 7149 7127
f 7125 7147 7151
f 7126 7152 7131
f 7142 7119 7157
f 7159 7120 7168
f 7155 7165 7171
f 7181 7188 7160
f 7164 7190 7194
f 7163 7193 7170
f 7200 7202 7177
f 7203 7207 7178
f 7179 7209 7211
f 7180 7212 7185
f 7218 7221 6776
f 6777 7222 7227
f 6774 7226 6764
f 6763 7225 7233
f 6765 7234 7238
f 7236 7232 7243
f 1038 1036 7249
f 7247 1034 1030
f 7248 1032 1052
f 7217 6775 7256
f 7258 6778 7246
f 7257 7245 7264
f 7263 7244 1050
f 7262 1049 1046
f 7006 791 841
f 823 818 7031
f 7009 845 7033
f 7028 842 837
f 7032 839 824
f 760 637 6945
f 6944 636 631
f 6948 635 6973
f 6971 634 776
f 6976 777 787
f 788 815 6978
f 6977 814 808
f 6980 811 7002
f 7003 812 795
f 7007 797 792
f 738 6918 754
f 753 6916 6902
f 751 6899 756
f 757 6900 730
f 672 668 6851
f 6850 667 661
f 6852 664 6816
f 6815 663 697
f 6820 699 693
f 694 704 6822
f 6821 703 712
f 6826 715 6895
f 6893 714 726
f 6898 727 729
f 737 733 6917
f 6919 734 769
f 6924 773 6941
f 6939 772 766
f 6946 767 761
f 7269 1014 1011
f 1000 990 7162
f 7161 986 7182
f 7184 987 984
f 7183 983 7271
f 7268 981 1027
f 7270 1028 1015
f 6773 7197 6780
f 6781 7199 7174
f 6782 7175 7250
f 7251 7176 7265
f 7252 7266 1039
f 1042 7267 1009
f 938 957 7110
f 7108 956 953
f 7104 949 7129
f 7130 951 948
f 7122 945 978
f 6795 900 887
f 888 885 6796
f 6794 884 7087
f 6793 7086 6783
f 6784 7088 7095
f 883 924 7085
f 7081 922 920
f 7079 916 7111
f 7113 919 943
f 7109 940 937
f 979 966 7124
f 7123 965 962
f 7121 960 7169
f 7166 959 1005
f 7167 1006 1002
f 821 846 7039
f 7040 847 879
f 7038 878 874
f 876 872 7043
f 7035 871 1798
f 7034 1796 6802
f 6803 1797 908
f 6797 904 901
f 7230 7223 7278
f 7279 7224 7219
f 7282 7286 7296
f 7297 7287 7302
f 7301 7305 7273
f 7276 7306 7309
f 7277 7312 7229
f 7228 7311 7315
f 7231 7316 7240
f 7318 7322 7331
f 7333 7323 7339
f 7337 7341 7291
f 7292 7342 7344
f 7298 7346 7283
f 7358 7364 7328
f 7326 7363 7366
f 7332 7368 7319
f 7372 7375 7384
f 7389 7376 7392
f 7388 7391 7351
f 7352 7393 7396
f 7356 7398 7361
f 7400 7406 7378
f 7385 7409 7412
f 7386 7413 7373
f 7419 7422 7427
f 7439 7446 7451
f 7447 7445 7462
f 7465 7469 7454
f 7452 7468 7473
f 7453 7474 7476
f 7220 7215 7280
f 7281 7216 7255
f 2462 7259 2447
f 2449 7261 1043
f 2452 2369 7295
f 2454 7299 2456
f 2457 7300 7272
f 2458 7274 2461
f 2465 7275 7253
f 2466 7254 7260
f 2368 2364 7293
f 7294 2365 2493
f 7290 2490 7336
f 7334 2489 2486
f 7335 2487 2474
f 2471 2468 7330
f 7329 2467 2519
f 7327 2517 7357
f 7353 2516 2513
f 7354 2514 2500
f 2501 2497 7355
f 7349 2494 2539
f 7350 2540 7387
f 7383 2537 2526
f 7382 2525 2522
f 2521 2568 7381
f 7379 2566 7433
f 7380 7434 7404
f 7403 7429 7424
f 2564 2561 7431
f 7430 2560 2547
f 7432 2548 2545
f 2543 2591 7428
f 7425 2589 7458
f 7426 7459 7415
f 7417 7460 7478
f 2608 2605 7483
f 2587 2575 7456
f 7455 2574 2570
f 7457 2571 2611
f 2609 7484 7448
f 7450 7485 7489
f 7449 7488 7438
f 7493 7496 7505
f 7499 7442 7437
f 7502 7513 7517
f 7492 7504 7525
f 7523 7503 7518
f 7524 7519 7529
f 7512 7501 7531
f 7530 7500 2631
f 7533 2636 2647
f 7497 7435 7509
f 7510 7436 7486
f 7511 7487 7480
f 2603 2600 7482
f 7481 2599 2629
f 7479 2628 7508
f 7506 2626 2622
f 7507 2623 2633
f 7288 542 7303
f 7304 546 539
f 7307 540 7310
f 7313 541 528
f 7308 527 7314
f 7317 529 7241
f 7325 554 7340
f 7338 550 547
f 7343 548 7345
f 7348 549 545
f 7347 544 7285
f 7284 543 7289
f 7324 7321 553
f 552 7320 7369
f 551 7367 557
f 556 7365 7360
f 555 7359 313
f 7362 7399 316
f 315 7397 7394
f 314 7390 320
f 321 7395 7377
f 7402 329 7407
f 7405 326 322
f 7408 323 7410
f 7414 324 319
f 7411 318 7371
f 7370 317 7374
f 7470 333 337
f 7401 7423 328
f 325 7421 7418
f 327 7420 340
f 339 7416 7477
f 338 7475 7471
f 7472 7466 335
f 336 7467 7464
f 334 7463 332
f 331 7461 7444
f 330 7443 351
f 2733 2729 7544
f 7552 7559 7564
f 7575 7579 7587
f 7586 7578 7595
f 7580 7593 7536
f 7535 7592 7603
f 7527 7516 7598
f 7600 7520 7514
f 7601 7515 7534
f 7611 7617 7623
f 7604 7619 7588
f 7590 7621 7628
f 7585 7625 7574
f 7616 7610 7632
f 7633 7613 7636
f 7629 7634 7644
f 7652 7657 7641
f 7638 7655 7661
f 7639 7662 7648
f 7664 7671 7547
f 7546 7670 7676
f 7540 7673 7651
f 7665 7550 7678
f 7677 7549 7683
f 7681 7685 7694
f 7558 7702 7563
f 7562 7701 7707
f 7561 7705 7692
f 7689 7704 7710
f 7690 7711 7697
f 7555 7568 7716
f 7717 7570 7720
f 7713 7718 7732
f 7740 7745 7730
f 7726 7743 7749
f 7725 7748 7735
f 6839 6834 7741
f 2813 2824 7724
f 7723 2823 2818
f 6838 7737 6856
f 6855 7736 7729
f 6854 7728 6860
f 6859 7727 2819
f 6861 2821 680
f 2789 2785 7565
f 7569 2787 2781
f 7571 2783 7721
f 7719 2780 2806
f 7722 2810 2812
f 2741 2737 7686
f 7687 2738 2762
f 7691 2763 7560
f 7566 2764 2775
f 7567 2776 2790
f 2728 2724 7543
f 7545 2725 2757
f 7548 2758 7682
f 7684 2759 2751
f 7688 2755 2742
f 7653 7642 7541
f 7542 7643 2713
f 7539 2709 2731
f 2685 2352 7609
f 7608 2351 2345
f 7612 2346 7635
f 7637 2347 2697
f 7640 2699 2710
f 2680 2692 7582
f 7589 2693 7605
f 7606 2694 2686
f 7607 2690 2684
f 2645 2649 7532
f 7538 2652 2664
f 7537 2660 7581
f 7583 2661 2666
f 7584 2667 2681
f 347 350 7440
f 7441 7498 349
f 346 7495 7491
f 348 7494 345
f 343 7490 7521
f 344 7522 7528
f 404 6837 422
f 420 6836 6828
f 423 6831 426
f 424 6829 6865
f 6868 6883 428
f 427 6882 6877
f 425 6874 429
f 430 6878 6870
f 431 6871 432
f 433 6873 6811
f 434 6813 436
f 435 6812 6805
f 437 6806 438
f 439 6808 6913
f 440 6914 443
f 6885 446 6892
f 6888 445 442
f 6889 444 6908
f 6905 441 6910
f 6887 6938 448
f 447 6937 6931
f 449 6932 459
f 6934 6927 461
f 462 6928 6959
f 460 6955 456
f 457 6957 6950
f 458 6954 452
f 450 6952 6986
f 451 6987 6981
f 7010 466 7015
f 7019 467 464
f 7018 463 6963
f 6964 465 455
f 6961 453 6967
f 6968 454 6984
f 7013 6998 469
f 468 6997 6991
f 470 6994 474
f 7026 476 7049
f 7046 475 473
f 7045 472 7053
f 7052 471 6993
f 7056 485 7059
f 7061 487 480
f 7063 482 7067
f 7064 481 478
f 7068 479 7023
f 7021 477 7027
f 7092 495 7094
f 7097 496 499
f 7096 497 6785
f 6786 498 483
f 6788 484 6791
f 6792 486 7057
f 7091 7076 493
f 494 7077 7073
f 492 7071 490
f 7070 7101 489
f 488 7099 7116
f 491 7118 502
f 501 7117 7140
f 500 7136 506
f 507 7139 7135
f 7132 7154 505
f 504 7153 7150
f 503 7146 517
f 518 7148 7144
f 516 7141 514
f 515 7143 7158
f 7156 7173 513
f 512 7172 7195
f 511 7191 509
f 510 7192 7189
f 508 7187 523
f 522 7186 7214
f 7213 7210 521
f 519 7208 7205
f 520 7206 526
f 525 7204 7201
f 524 7198 538
f 537 7196 6771
f 536 6769 533
f 7242 530 7235
f 7237 531 532
f 7239 534 6766
f 6767 535 6770
f 391 388 7698
f 7576 356 7594
f 7596 358 354
f 7591 353 7602
f 7599 352 342
f 7597 341 7526
f 7577 7573 357
f 355 7572 7624
f 359 7626 360
f 7627 7620 361
f 362 7622 7614
f 363 7618 366
f 7615 7630 364
f 365 7631 7645
f 367 7646 368
f 7647 7660 370
f 369 7659 7654
f 371 7658 374
f 382 379 7667
f 7656 7650 373
f 372 7649 7672
f 375 7674 376
f 377 7675 7668
f 378 7669 7663
f 7666 7679 380
f 381 7680 7693
f 383 7695 384
f 385 7696 7709
f 386 7712 389
f 387 7708 7703
f 390 7706 7699
f 7700 7557 393
f 392 7556 7551
f 394 7553 396
f 7554 7715 398
f 397 7714 7733
f 395 7731 416
f 417 7734 7746
f 418 7750 409
f 408 7747 7742
f 7744 7738 414
f 415 7739 6833
f 410 6832 401
f 3637 3666 7758
f 7757 3665 3677
f 7760 3678 7764
f 7770 7776 7754
f 7753 7775 7784
f 7782 4569 3652
f 7783 3653 7751
f 7755 3656 3640
f 7756 3641 3635
f 7787 7792 7795
f 7803 7809 7798
f 7797 7808 7813
f 7796 7812 7788
f 7816 7821 7826
f 7825 7820 7805
f 7835 7841 7847
f 7834 7845 7831
f 7832 7846 7851
f 7827 7850 7817
f 7853 7861 7874
f 7860 7877 7872
f 7871 7876 7880
f 7873 7881 7891
f 7895 7882 7898
f 7892 7897 7901
f 7870 7910 7914
f 7913 7771 7867
f 7866 7769 7752
f 7875 7761 7854
f 7852 7759 7763
f 7855 7766 7916
f 7924 7928 7889
f 7887 7927 7933
f 7885 7931 7865
f 7869 7932 7938
f 7868 7937 7909
f 7902 7940 7894
f 7893 7939 7944
f 7896 7945 7828
f 7830 7946 7950
f 7829 7949 7833
f 7804 7799 7822
f 7824 7800 7959
f 7823 7958 7890
f 7886 7957 7962
f 7888 7963 7923
f 7966 7973 7978
f 7990 7995 8002
f 7975 8015 8009
f 7838 7952 8021
f 7842 7836 8030
f 8031 7837 8019
f 8032 8024 8036
f 8035 8023 8039
f 8014 8045 8049
f 7981 8051 8057
f 7976 8055 8016
f 8017 8056 8061
f 8013 8060 8044
f 8052 7982 8065
f 8064 7977 7972
f 8063 7971 8069
f 8074 8077 8084
f 8085 8078 8094
f 8099 8102 8107
f 8109 8103 8087
f 8108 8086 8114
f 8113 8083 8093
f 7996 8116 8120
f 8130 8133 7991
f 7992 8134 8137
f 7989 8136 7994
f 7998 8140 8144
f 7997 8143 8117
f 7856 7919 8147
f 7984 7862 8124
f 8126 7864 7859
f 8125 7858 8151
f 8150 7857 8148
f 8104 8157 8089
f 8088 8156 8161
f 8090 8162 8170
f 8169 8160 8175
f 7900 7883 7985
f 7987 7884 7879
f 7986 7878 7863
f 7905 8178 7942
f 7941 8177 8018
f 7943 8022 7948
f 7947 8020 7951
f 8174 8183 8166
f 8168 8184 8189
f 8167 8188 8194
f 8122 8071 8001
f 7999 8070 8080
f 8000 8081 8006
f 8007 8082 8163
f 8008 8164 7974
f 7980 8165 8193
f 7979 8192 7967
f 8048 8041 8012
f 8011 8040 8027
f 8010 8026 8005
f 8004 8025 8180
f 8003 8179 7993
f 7988 8176 7904
f 7983 7903 7899
f 4434 4416 8198
f 8209 8213 8219
f 8227 8231 8237
f 8243 8250 8259
f 8267 8273 8278
f 3954 3949 8285
f 3897 3892 8293
f 8299 8307 8317
f 3838 3832 8319
f 8327 8331 8336
f 4257 4251 8350
f 8357 8366 8368
f 7762 3676 3670
f 8373 8378 8281
f 8383 8387 8396
f 8401 8403 8247
f 8411 8414 8424
f 8423 8413 8427
f 8432 8435 8443
f 8445 8438 8449
f 8446 8450 8453
f 8404 8458 8248
f 8246 8457 8461
f 8249 8463 8251
f 8254 8464 8467
f 8253 8466 8471
f 8382 8395 8478
f 8374 8282 8483
f 8482 8277 8272
f 8480 8271 8488
f 7765 3671 7915
f 8127 8152 8495
f 8492 8149 8145
f 8493 8146 7918
f 8135 8132 8499
f 8498 8131 8128
f 8507 8142 8139
f 8073 8123 8515
f 8511 8121 8118
f 8523 8092 8075
f 8529 8531 8541
f 8542 8532 8096
f 8540 8095 8546
f 8549 8098 8106
f 8548 8105 8110
f 8556 8562 8566
f 8552 8564 8568
f 8579 8585 8594
f 8598 8602 8605
f 8611 8604 8618
f 8621 8627 8588
f 8628 8631 8590
f 8591 8632 8637
f 8589 8636 8577
f 8578 8640 8582
f 8583 8641 8647
f 8580 8644 8551
f 8555 8646 8651
f 8554 8650 8561
f 8657 8661 8666
f 8665 8660 8673
f 8662 8672 8609
f 8607 8671 8677
f 8606 8675 8599
f 8680 8686 8688
f 8690 8687 8700
f 8689 8699 8704
f 8709 8714 8718
f 8717 8713 8726
f 8720 8728 8731
f 8736 8655 8739
f 8742 8656 8664
f 8741 8663 8747
f 8748 8667 8612
f 8746 8608 8753
f 8754 8610 8617
f 8752 8614 8760
f 8766 8771 8779
f 8781 8773 8695
f 8778 8692 8786
f 8784 8691 8705
f 8367 8365 8789
f 8788 8364 8799
f 8787 8798 8803
f 4268 4265 8355
f 8356 4266 4262
f 4261 4256 8354
f 8353 4253 8349
f 8352 8347 8362
f 8363 8348 8723
f 8361 8722 8796
f 8793 8721 8732
f 8727 8682 8730
f 8729 8681 8693
f 8733 8696 8795
f 8794 8694 8772
f 8797 8774 8801
f 8802 8775 8770
f 8800 8769 8810
f 4222 8816 4216
f 4215 8815 8342
f 4217 8343 4245
f 4247 8351 4252
f 8817 8822 8346
f 8345 8821 8828
f 8344 8827 8719
f 8715 8826 8832
f 8716 8833 8708
f 8838 8841 8848
f 8857 3745 3730
f 3743 8855 8860
f 3742 8859 3688
f 3691 8863 8866
f 8837 8846 8875
f 8876 8847 8878
f 8877 8879 8887
f 8888 8880 8890
f 8889 8891 8899
f 8900 8892 8902
f 8901 8903 8911
f 8912 8904 8914
f 8913 8915 8923
f 8924 8916 8926
f 8925 8927 8935
f 8842 8938 8849
f 8850 8939 8943
f 8851 8944 8881
f 8882 8945 8949
f 8883 8950 8893
f 8894 8951 8955
f 8895 8956 8905
f 8906 8957 8961
f 8907 8962 8917
f 8918 8963 8967
f 8919 8968 8929
f 8977 8981 4305
f 4400 4375 8988
f 8990 4376 4354
f 8989 4353 4364
f 4368 4372 8997
f 8996 4371 4338
f 4340 4344 8999
f 8998 4343 4349
f 9002 4350 9009
f 9007 4348 4327
f 9006 4324 8985
f 8982 4323 4320
f 8983 4321 4308
f 9011 3762 9017
f 3763 3807 9018
f 9020 3809 3862
f 9019 3861 9027
f 8202 9030 9040
f 9042 9034 9045
f 9041 9044 9049
f 9051 9061 9043
f 9038 9055 8322
f 9039 8323 8201
f 8197 8320 3833
f 3860 3852 9025
f 9024 3851 3839
f 4417 4411 8199
f 8204 4412 4379
f 8203 4378 9031
f 9033 4382 4394
f 9032 4393 4397
f 9066 3726 3749
f 3727 3720 8852
f 8853 3721 9013
f 9015 3725 9065
f 9010 9064 3760
f 3759 9063 3746
f 8426 8526 8422
f 8425 8527 8538
f 8421 8537 9071
f 9072 8539 8543
f 9073 8544 9079
f 9088 9092 9075
f 9076 9093 9097
f 9078 9098 9070
f 9074 9101 9087
f 9086 9100 9109
f 9084 9106 9114
f 9112 9105 9120
f 9125 9129 9132
f 9134 9131 8520
f 9137 8525 8518
f 8517 8524 8079
f 8514 8076 8072
f 9144 9123 9146
f 9147 9126 9133
f 9149 9135 9155
f 9156 9136 8516
f 9153 8512 8509
f 8510 8513 8119
f 8506 8115 8141
f 9163 9117 9165
f 9166 9119 9104
f 9169 9107 9139
f 9140 9108 9099
f 9142 9102 9121
f 9122 9103 9077
f 9124 9080 9127
f 9128 9081 8545
f 9130 8547 8519
f 8521 8550 8111
f 8522 8112 8091
f 9174 9180 8312
f 4366 8994 8992
f 8993 8995 9184
f 8991 9183 9192
f 9191 9182 9194
f 9193 9196 9204
f 9203 9195 9206
f 9205 9208 9216
f 9215 9207 9218
f 9217 9220 9228
f 9227 9219 9231
f 9229 9235 9241
f 9240 9234 9247
f 9239 9246 9253
f 9252 9245 9259
f 9249 9258 9262
f 9261 9257 9271
f 9260 9269 9272
f 9273 9270 9279
f 9275 9281 9284
f 8306 8840 8316
f 8315 8839 8836
f 8311 8834 9173
f 9176 8835 8873
f 9175 8872 9294
f 9296 8874 8885
f 9295 8884 9300
f 9302 8886 8897
f 9301 8896 8811
f 8812 8898 8908
f 8813 8909 8804
f 8805 8910 8920
f 8806 8921 8790
f 8791 8922 8932
f 8792 8933 8370
f 9157 9307 9150
f 9148 9304 9313
f 9145 9310 9143
f 9141 9309 8305
f 9138 8301 9168
f 9167 8300 8318
f 9164 8314 9162
f 9161 8313 9181
f 9319 9321 9329
f 8129 8496 8500
f 8497 8494 9336
f 8501 9338 9327
f 9326 9337 9317
f 9314 9335 9342
f 9315 9343 8296
f 8292 9341 3902
f 8294 3903 3898
f 7917 3674 8491
f 8490 3673 9334
f 9333 3672 3909
f 9332 3907 9339
f 9340 3908 3901
f 9349 9355 9323
f 8329 8338 9361
f 9360 8337 9363
f 9362 9365 9373
f 9372 9364 9375
f 9374 9377 9385
f 9384 9376 9387
f 9386 9390 9397
f 9396 9389 9401
f 9398 9402 9405
f 3894 3965 9412
f 9411 3964 3958
f 9282 9351 9286
f 9288 9354 9348
f 9290 9350 9422
f 9418 9346 9416
f 9417 9415 8290
f 8287 9413 3959
f 8288 3960 3955
f 3840 8321 9026
f 9029 8324 9057
f 9028 9056 9022
f 9023 9059 9427
f 9021 9424 9014
f 9012 9423 9429
f 9016 9432 8856
f 8854 9430 9435
f 8858 9438 8862
f 8861 9436 9441
f 8864 9443 8870
f 8868 9442 9447
f 8871 9449 9459
f 9457 9448 9461
f 9460 9464 9472
f 3951 3992 9470
f 9050 8330 9060
f 9062 8332 8328
f 9058 8326 9426
f 9425 8325 9357
f 9428 9359 9433
f 9431 9358 9369
f 9434 9371 9439
f 9437 9370 9381
f 9440 9383 9445
f 9444 9382 9393
f 9446 9395 9451
f 9450 9394 9404
f 9452 9407 9466
f 9320 9318 9347
f 9344 9316 8297
f 9345 8298 9414
f 9410 8295 3893
f 4399 8987 9036
f 9035 8986 9189
f 9037 9190 9047
f 9046 9188 9200
f 9048 9202 9053
f 9052 9201 9212
f 9054 9214 8334
f 8333 9213 9224
f 8335 9226 8340
f 8339 9225 9236
f 8341 9238 9367
f 9366 9237 9248
f 9368 9251 9379
f 9378 9250 9263
f 9380 9264 9391
f 9392 9265 9277
f 9388 9274 9399
f 9400 9276 9285
f 9403 9287 9408
f 9409 9289 9421
f 9406 9420 9465
f 9463 9419 8291
f 9462 8289 9471
f 9469 8286 3950
f 9476 9481 9487
f 9486 9480 9492
f 9488 9494 9496
f 9499 9495 9505
f 9500 9506 8274
f 8276 9507 9512
f 8275 9511 8266
f 8283 9516 9501
f 9497 9513 9520
f 9498 9521 9489
f 9485 9518 9531
f 8473 8431 8256
f 8255 8430 8442
f 8252 8440 8262
f 8263 8441 9535
f 8261 9534 9541
f 8386 8398 8394
f 8397 8400 8244
f 8392 8242 9548
f 9550 8245 8260
f 9547 8257 9555
f 9557 8258 9539
f 8238 8232 9524
f 9525 8233 9561
f 9527 9562 9566
f 9565 9569 9526
f 9530 9570 9576
f 9529 9575 9484
f 9482 9574 9579
f 9483 9580 9474
f 8220 8214 9581
f 8215 9590 9582
f 9583 9591 9594
f 9584 9595 8234
f 8235 9596 9600
f 8236 9601 8226
f 8567 9606 8572
f 8571 9605 9611
f 8569 9610 8217
f 8216 9609 9613
f 8218 9615 8208
f 9540 9617 9558
f 9556 9616 9624
f 9553 9621 9631
f 9632 9622 9636
f 9629 9634 9644
f 9643 9633 9648
f 9641 9646 9656
f 9655 9645 9659
f 9654 9658 9668
f 9666 9657 9670
f 9667 9671 9680
f 9677 9669 9682
f 9679 9683 9691
f 9689 9681 9693
f 9692 9695 8763
f 8761 9694 9699
f 8764 9701 8756
f 8755 9700 9705
f 8757 9707 8750
f 8749 9706 9711
f 8751 9713 8744
f 8603 8623 8616
f 8615 8622 8592
f 8613 8587 8758
f 8762 8593 8584
f 8759 8581 9687
f 9690 8586 8557
f 9688 8553 9675
f 9678 8558 8573
f 9676 8570 9663
f 9665 8574 8222
f 9664 8221 9651
f 9652 8223 9585
f 9653 9586 9639
f 9640 9587 8239
f 9642 8240 9627
f 9628 8241 9528
f 9630 9532 9551
f 9552 9533 9519
f 9554 9523 9546
f 9545 9522 9514
f 9549 9517 8393
f 8390 9515 8279
f 8391 8284 8477
f 8475 8280 8377
f 3834 4094 8200
f 8195 4093 3631
f 8196 3632 4430
f 4433 3633 3625
f 4309 4304 8978
f 8974 4302 4298
f 8975 4299 4294
f 8138 8503 8505
f 8504 8502 9328
f 8508 9331 9152
f 9151 9330 9322
f 9154 9324 9305
f 9306 9325 9356
f 9303 9353 9312
f 9311 9352 9283
f 9308 9280 8304
f 8303 9278 9268
f 8302 9266 8308
f 8309 9267 9254
f 8310 9255 8843
f 8844 9256 9242
f 8845 9243 8940
f 8941 9244 9230
f 8942 9232 8946
f 8947 9233 9221
f 8948 9222 8952
f 8953 9223 9209
f 8954 9210 8959
f 8960 9211 9199
f 8958 9197 8965
f 8966 9198 9187
f 8964 9185 8970
f 8971 9186 9003
f 8969 9000 8930
f 8931 9001 9008
f 8928 9004 8936
f 8937 9005 8984
f 8934 8979 8371
f 8372 8980 8976
f 8369 8972 8358
f 8359 8973 4291
f 8360 4295 4271
f 4048 4045 9454
f 9453 4044 8869
f 8865 4040 3695
f 8867 3697 3692
f 3991 3988 9468
f 9467 3987 9458
f 9456 3984 4024
f 9455 4023 4049
f 8785 8738 8777
f 8776 8737 8740
f 8780 8745 8767
f 8765 8743 9712
f 8768 9714 8808
f 8809 9715 9710
f 8807 9708 9298
f 9299 9709 9704
f 9297 9702 9292
f 9293 9703 9698
f 9291 9696 9170
f 9172 9697 9685
f 9171 9684 9177
f 9178 9686 9672
f 9179 9673 9158
f 9159 9674 9660
f 9160 9661 9115
f 9116 9662 9647
f 9118 9649 9110
f 9111 9650 9635
f 9113 9638 9083
f 9082 9637 9623
f 9085 9626 9090
f 9089 9625 9618
f 9091 9620 9095
f 9094 9619 9542
f 9096 9544 9069
f 9067 9543 9536
f 9068 9537 8418
f 8419 9538 8444
f 8420 8448 8409
f 8408 8447 8454
f 9607 9602 9718
f 4189 4187 9725
f 9737 9742 9745
f 8485 8270 9752
f 9750 8268 9763
f 9751 9765 9768
f 9773 9775 9758
f 9760 9776 9780
f 9759 9779 9766
f 9785 9791 9795
f 9794 9790 9803
f 9800 9805 9808
f 9813 9826 9830
f 9829 9834 9836
f 9831 9839 9815
f 9817 9840 9843
f 9816 9842 9846
f 9850 9859 9864
f 9853 9865 9868
f 9869 9866 9878
f 9867 9876 9879
f 9880 9877 9887
f 9881 9889 9814
f 9812 9888 9825
f 9860 9851 9894
f 9895 9852 9899
f 9893 9896 9905
f 9910 9913 9916
f 9920 9914 9928
f 9918 9927 9898
f 9897 9926 9906
f 9932 9935 9938
f 9940 9936 9949
f 9941 9950 9917
f 9915 9948 9909
f 9953 9962 9939
f 9937 9961 9931
f 9966 9974 9978
f 9967 9980 9952
f 9951 9979 9960
f 9984 9991 9996
f 9982 9994 9998
f 9999 9995 10007
f 10008 10014 10001
f 10000 10013 9964
f 9963 10012 10018
f 9965 10019 9973
f 10021 10029 10035
f 10020 10033 9983
f 9981 10031 10036
f 9985 10039 9992
f 10030 10022 10042
f 10028 10041 10050
f 10057 10062 10064
f 10063 10061 10073
f 10066 10075 10044
f 10043 10074 10052
f 10058 10065 10079
f 10056 10076 10085
f 10091 10095 10099
f 10096 10094 10107
f 10100 10109 10078
f 10077 10108 10086
f 10113 10121 10126
f 10110 10124 10097
f 10098 10125 10090
f 10129 10137 10143
f 10127 10141 10111
f 10112 10142 10120
f 10147 10155 10159
f 10144 10158 10128
f 10130 10160 10138
f 10164 10171 10176
f 10162 10175 10145
f 10146 10177 10154
f 9744 9741 10163
f 10161 9738 10178
f 10165 10182 10172
f 4176 4173 10187
f 9736 9743 10185
f 10186 9746 4178
f 10188 4182 4177
f 9720 9603 10191
f 10196 9604 8565
f 10193 8563 8560
f 8575 8635 10201
f 10199 8633 10206
f 8601 8595 10214
f 10219 8597 10226
f 8634 8630 10208
f 10207 8629 8624
f 10212 8626 10220
f 10215 8625 8620
f 10213 8619 8600
f 8559 8648 10192
f 10194 8649 8643
f 10197 8645 10205
f 10203 8642 8639
f 10202 8638 8576
f 8678 10232 8684
f 8685 10235 10242
f 8735 8783 10251
f 10250 8782 8703
f 10246 8701 10239
f 10240 8702 8697
f 10241 8698 8683
f 9732 10258 8831
f 8679 8725 10234
f 10233 8724 8712
f 10231 8710 10255
f 10256 8711 8706
f 10257 8707 8829
f 8596 8674 10225
f 10227 8676 8670
f 10221 8668 10259
f 10260 8669 8658
f 10261 8659 8652
f 8269 8265 9764
f 9761 8264 9508
f 9762 9509 10269
f 10270 9510 9504
f 10268 9502 10275
f 10276 9503 9493
f 10274 9490 10281
f 10282 9491 9479
f 10280 9477 10289
f 10290 9478 9475
f 9564 9560 10297
f 10293 9559 8228
f 10295 8230 10306
f 8229 8225 10305
f 10304 8224 9599
f 10303 9598 10314
f 10311 9597 9592
f 9473 9578 10288
f 10286 9577 9571
f 10287 9573 10299
f 10298 9572 9568
f 10296 9567 9563
f 9807 9770 9799
f 9802 9772 9757
f 9801 9755 10319
f 10320 9756 10267
f 10318 10265 10325
f 10326 10266 10273
f 10324 10271 10331
f 10332 10272 10279
f 10330 10277 10337
f 10338 10278 10285
f 10336 10283 10343
f 10344 10284 10294
f 10342 10292 10350
f 10349 10291 10302
f 10348 10301 10356
f 10355 10300 10310
f 10354 10309 10362
f 10360 10307 10364
f 10361 10366 10374
f 10372 10363 9717
f 10373 9721 10379
f 10377 9716 10189
f 10380 10195 10386
f 10384 10190 10198
f 10385 10204 10391
f 10390 10200 10209
f 10392 10211 10397
f 10396 10210 10216
f 10398 10218 10403
f 10402 10217 10222
f 10404 10224 10409
f 10408 10223 10262
f 10410 10263 10247
f 10248 10264 8653
f 10249 8654 8734
f 4192 9731 4226
f 8830 8825 9729
f 9728 8824 8819
f 9730 8820 4223
f 4228 8823 8818
f 4227 8814 4219
f 9593 9588 10312
f 10313 9589 8212
f 10308 8210 10365
f 10367 8211 8205
f 10368 8206 9722
f 9723 8207 9614
f 9719 9612 9608
f 4185 4181 9724
f 9727 4183 9748
f 9726 9747 10253
f 10254 9749 10168
f 10252 10166 10229
f 10230 10167 10150
f 10228 10148 10237
f 10238 10149 10133
f 10236 10131 10244
f 10245 10132 10116
f 10243 10114 10406
f 10407 10115 10103
f 10405 10101 10400
f 10401 10102 10082
f 10399 10080 10394
f 10395 10081 10069
f 10393 10067 10388
f 10389 10068 10047
f 10387 10045 10382
f 10383 10046 10024
f 10381 10023 10376
f 10378 10025 9988
f 10375 9986 10369
f 10371 9987 10004
f 10370 10002 10357
f 10359 10003 9969
f 10358 9968 10351
f 10352 9970 9954
f 10353 9955 10345
f 10346 9956 9942
f 10347 9943 10339
f 10340 9944 9919
f 10341 9922 10334
f 10333 9921 9900
f 10335 9902 10328
f 10327 9901 9854
f 10329 9856 10322
f 10321 9855 9870
f 10323 9872 10316
f 10315 9871 9882
f 10317 9884 9797
f 9796 9883 9819
f 9798 9820 9789
f 9786 9818 9848
f 8187 8181 10415
f 8389 8385 10424
f 10429 10432 10446
f 10454 8068 7970
f 10457 10466 10452
f 10467 10458 10472
f 10471 10455 10478
f 10470 10477 10484
f 10489 10495 10473
f 10475 10496 10499
f 10476 10500 10483
f 10505 10511 10485
f 10487 10512 10515
f 10488 10516 10494
f 10521 10527 10501
f 10504 10528 10532
f 10503 10531 10510
f 10537 10543 10517
f 10520 10544 10548
f 10519 10547 10526
f 10551 10555 10559
f 10561 10556 10567
f 10562 10568 10533
f 10535 10569 10572
f 10536 10573 10542
f 10552 10560 10578
f 10577 10557 10583
f 10576 10581 10588
f 10589 10582 10594
f 10593 10579 10600
f 10592 10598 10605
f 10448 10442 10609
f 10433 10614 10607
f 10610 10617 10621
f 10612 10622 10597
f 10595 10620 10625
f 10599 10626 10606
f 10428 10445 10629
f 10628 10444 10637
f 10627 10634 10639
f 10640 10635 10645
f 10644 10633 10653
f 10643 10650 10655
f 10656 10651 10661
f 10660 10649 10669
f 10659 10667 10672
f 10671 10666 10677
f 10676 10665 10686
f 10675 10683 10689
f 10698 10701 10706
f 10708 10702 10690
f 10707 10688 10713
f 10711 10687 10681
f 10712 10682 10720
f 10725 10732 10734
f 10733 10731 10738
f 10737 10730 10746
f 10742 10729 10754
f 10744 10755 10758
f 10760 10767 10748
f 10750 10768 10775
f 10747 10772 10739
f 10777 10783 10789
f 10785 10781 10794
f 10787 10798 10765
f 10763 10795 10799
f 10764 10800 10769
f 10805 10811 10791
f 10793 10813 10820
f 10790 10817 10778
f 10824 10829 10833
f 10836 10831 10840
f 10832 10837 10846
f 10849 10842 10853
f 10860 9845 9841
f 10858 9838 10845
f 10843 9837 9835
f 10841 9832 10852
f 9804 9793 10868
f 10867 9792 9787
f 10866 9784 10862
f 10863 9788 9849
f 10859 9847 9844
f 9806 10871 9811
f 9809 10869 10873
f 9810 10875 9771
f 9754 9769 10885
f 10880 9767 9782
f 10882 9783 10878
f 10876 9781 9777
f 10877 9778 9774
f 9753 10884 8486
f 8487 10887 10890
f 8489 10891 8481
f 8384 8479 10423
f 10418 8476 8380
f 10420 8381 10894
f 10892 8379 8375
f 10893 8376 8484
f 8462 8460 10900
f 10899 8459 8406
f 10897 8405 10425
f 10427 8407 8402
f 10422 8399 8388
f 8465 10901 8468
f 8470 10902 10906
f 8469 10905 8472
f 8455 8451 10915
f 10917 8452 8439
f 10913 8437 10910
f 10909 8436 8434
f 10908 8433 8474
f 10922 8415 10918
f 10920 8417 8412
f 10916 8410 8456
f 8535 8530 10927
f 10925 8528 8429
f 10924 8428 8416
f 8173 8159 10930
f 10929 8158 8155
f 10928 8154 8536
f 8533 8153 8100
f 8534 8101 8097
f 10453 7968 10459
f 10461 7969 7965
f 10460 7964 8190
f 10823 10814 10828
f 10827 10812 10807
f 10830 10810 10839
f 10838 10808 10932
f 10844 10936 10857
f 10856 10935 10939
f 10861 10942 10865
f 10864 10940 10944
f 10870 10948 10874
f 10872 10947 10951
f 10879 10954 10883
f 10881 10953 10957
f 10886 10960 10889
f 10888 10959 10963
f 10895 10966 10421
f 10419 10965 10969
f 10426 10972 10898
f 10896 10971 10975
f 10903 10978 10907
f 10904 10977 10981
f 10911 10984 10914
f 10912 10983 10987
f 10919 10990 10923
f 10921 10988 10412
f 10926 10417 8172
f 8171 10416 8182
f 10759 10719 10745
f 10743 10718 10680
f 10749 10684 10761
f 10762 10685 10664
f 10766 10670 10788
f 10786 10668 10648
f 10792 10654 10806
f 10804 10652 10632
f 10809 10638 10933
f 10931 10636 10443
f 10934 10449 10938
f 10937 10447 10608
f 10941 10613 10945
f 10943 10611 10596
f 10946 10602 10950
f 10949 10601 10580
f 10952 10585 10956
f 10955 10584 10558
f 10958 10564 10962
f 10961 10563 10534
f 10964 10539 10968
f 10967 10538 10518
f 10970 10523 10974
f 10973 10522 10502
f 10976 10507 10980
f 10979 10506 10486
f 10982 10491 10986
f 10985 10490 10474
f 10989 10480 10413
f 10411 10479 10456
f 10414 10463 8186
f 8185 10462 8191
f 10753 10727 11000
f 11003 11009 11020
f 11024 11027 11035
f 11040 11042 11052
f 10697 10704 11058
f 11060 10705 10710
f 11059 10709 10717
f 11039 11051 11065
f 11064 11050 11074
f 11063 11070 11075
f 11076 11071 11082
f 11081 11069 11092
f 11080 11089 11094
f 11038 11029 11087
f 11085 11028 11106
f 11088 11107 11093
f 11023 11034 11112
f 11111 11032 11120
f 11110 11117 11122
f 11123 11118 11127
f 11126 11115 11177
f 11128 11181 11186
f 11008 11212 11018
f 11019 11213 11218
f 11021 11219 11223
f 11222 11228 11017
f 11016 11227 11231
f 11013 11230 11182
f 11184 11232 11238
f 11180 11237 11185
f 11248 11251 11256
f 11260 11263 11268
f 11250 11247 11270
f 11269 11245 11279
f 11267 11278 11259
f 11287 11290 11242
f 11243 11291 11293
f 11244 11294 11276
f 11304 11306 11312
f 11311 11318 11303
f 11299 11316 11323
f 11297 11320 11281
f 11283 11324 11328
f 11284 11329 11289
f 11307 11305 11331
f 11330 11302 11337
f 11332 11338 11343
f 11348 11354 11341
f 11342 11355 11362
f 11339 11359 11344
f 11364 11371 11377
f 11373 11368 11381
f 11376 11385 11353
f 11350 11382 11386
f 11351 11387 11356
f 11365 11378 11392
f 11395 11380 10994
f 11391 10991 11396
f 10728 10721 11001
f 11002 10722 11403
f 10996 11401 11405
f 11406 11411 10999
f 10998 11410 11415
f 10997 11414 11399
f 10757 11054 10715
f 10716 11055 11044
f 10714 11043 11057
f 11255 11004 11246
f 11249 11005 11022
f 11241 11015 11286
f 11285 11014 11183
f 11282 11178 11298
f 11300 11179 11116
f 11301 11119 11335
f 11336 11121 11033
f 11340 11036 11347
f 11349 11037 11086
f 11352 11090 11374
f 11375 11091 11068
f 11379 11073 10993
f 10992 11072 11049
f 10995 11056 10752
f 10751 11053 10756
f 7768 7912 11425
f 7929 7925 11430
f 4541 4535 11440
f 4550 4567 7781
f 11441 11445 11451
f 11007 11258 11461
f 11271 11265 11467
f 11469 11471 11272
f 11274 11473 11477
f 11273 11476 11252
f 11006 11458 11010
f 11484 11491 11215
f 11217 11493 11500
f 11214 11498 11220
f 11221 11499 11224
f 11452 11447 11508
f 11446 11511 11507
f 11506 11510 11515
f 11504 11514 11488
f 11490 11516 11520
f 11487 11519 11492
f 11524 11532 11539
f 11538 11530 11542
f 11535 11541 11546
f 11551 11558 11566
f 11565 11557 11570
f 11563 11569 11528
f 11527 11568 11574
f 11523 11573 11531
f 11578 11585 11555
f 11554 11584 11591
f 11553 11590 11559
f 11595 11600 11603
f 11604 11601 11609
f 11605 11611 11615
f 11616 11612 11619
f 11620 11613 11625
f 11623 11628 11634
f 11633 11627 11637
f 11638 11630 11642
f 11639 11644 11650
f 11649 11643 11653
f 11654 11646 11658
f 11655 11659 11665
f 11666 11660 11669
f 11670 11662 11674
f 11671 11676 11683
f 11682 11675 11686
f 11687 11678 11691
f 11688 11692 11698
f 7922 7960 11705
f 11707 7961 7955
f 11699 11693 11710
f 11711 11694 11701
f 11712 11703 11716
f 11717 11706 7954
f 11715 7953 11720
f 11722 7956 7794
f 11721 7793 7791
f 11437 4531 7777
f 7780 4536 4554
f 7779 4553 4549
f 4539 11436 4931
f 4929 11434 11728
f 4928 11725 4934
f 11737 4950 11723
f 11727 4952 4939
f 11726 4938 4935
f 5023 5026 11731
f 11735 5030 5134
f 11736 5135 4949
f 5024 11732 5006
f 5009 11733 11743
f 5007 11742 4997
f 4995 11740 11750
f 4994 11749 5210
f 5209 11748 5215
f 5211 11746 11757
f 5213 11760 5503
f 5711 5694 11764
f 11765 5695 5689
f 11768 5691 11754
f 11756 5692 5735
f 11755 5734 5499
f 5710 11763 5718
f 5717 11762 11776
f 5715 11772 5720
f 5679 5667 11779
f 11781 5668 5661
f 11784 5663 11770
f 11771 5665 5730
f 11773 5731 5721
f 5680 11780 5687
f 5686 11778 11792
f 5683 11788 5654
f 11794 5635 5631
f 5633 5568 11797
f 11798 5569 5562
f 11801 5565 11786
f 11789 5566 5658
f 11787 5657 5653
f 5636 11795 5641
f 5642 11796 11809
f 5640 11807 5629
f 5580 5600 11811
f 11815 5602 5595
f 11817 5597 11805
f 11804 5596 5615
f 11803 5614 5627
f 5581 11812 5587
f 5588 11813 11825
f 5585 11822 11828
f 11474 11833 11478
f 11479 11834 11837
f 11483 11841 11820
f 11818 11838 11842
f 11821 11844 11827
f 7930 11433 7936
f 7767 11423 7774
f 7906 7934 11849
f 11850 7935 11429
f 11848 11426 11856
f 11857 11427 11861
f 11854 11858 11868
f 11869 11859 11873
f 11866 11870 11880
f 11881 11871 11885
f 11878 11882 11892
f 11893 11883 11897
f 11890 11894 11904
f 11905 11895 11909
f 11901 11906 11915
f 11917 11908 11922
f 11913 11918 11927
f 11929 11920 11582
f 11925 11577 11933
f 11934 11579 11556
f 11931 11550 11939
f 11940 11552 11567
f 11937 11562 11945
f 11946 11564 11529
f 11943 11525 11951
f 11952 11526 11540
f 11949 11537 11456
f 11455 11536 11547
f 11454 11545 11442
f 7778 7772 11438
f 11439 7773 11421
f 11435 11420 11730
f 11729 11418 11957
f 11724 11956 11739
f 11738 11954 11963
f 11734 11961 11745
f 11744 11960 11969
f 11741 11967 11752
f 11751 11966 11975
f 11747 11973 11759
f 11758 11972 11981
f 11753 11978 11766
f 11767 11980 11988
f 11761 11984 11774
f 11775 11986 11995
f 11769 11990 11782
f 11783 11992 12001
f 11777 11996 11790
f 11791 11998 12007
f 11785 12002 11799
f 11800 12004 12013
f 11793 12008 11806
f 11808 12010 12019
f 11802 12014 11814
f 11816 12016 12024
f 11810 12020 11823
f 11824 12022 12031
f 11819 12026 11481
f 11482 12028 11465
f 11480 11462 11254
f 11253 11460 11257
f 7911 7908 11424
f 11422 7907 11851
f 11419 11847 11959
f 11958 11846 11855
f 11955 11853 11965
f 11964 11852 11867
f 11962 11865 11971
f 11970 11864 11879
f 11968 11877 11977
f 11976 11876 11891
f 11974 11888 11982
f 11983 11889 11903
f 11979 11900 11987
f 11989 11902 11916
f 11985 11912 11993
f 11994 11914 11928
f 11991 11924 11999
f 12000 11926 11935
f 11997 11930 12005
f 12006 11932 11941
f 12003 11936 12011
f 12012 11938 11947
f 12009 11942 12017
f 12018 11944 11953
f 12015 11948 12023
f 12025 11950 11457
f 12021 11450 12029
f 12030 11453 11509
f 12027 11503 11463
f 11464 11505 11489
f 11459 11486 11012
f 11011 11485 11216
f 7926 7920 11431
f 11432 7921 11704
f 11428 11700 11862
f 11863 11702 11695
f 11860 11689 11874
f 11875 11690 11677
f 11872 11672 11886
f 11887 11673 11661
f 11884 11656 11898
f 11899 11657 11645
f 11896 11640 11910
f 11911 11641 11629
f 11907 11624 11921
f 11923 11626 11614
f 11919 11608 11581
f 11583 11610 11602
f 11580 11598 11586
f 11587 11599 11594
f 6254 6219 12037
f 12041 12050 12055
f 5856 5862 12067
f 12076 5917 12086
f 12083 5915 5911
f 12082 5910 5906
f 12089 12094 12061
f 12060 12093 12078
f 12068 12085 5858
f 5857 12084 5907
f 5901 5880 12072
f 12075 5881 5877
f 12074 5876 5916
f 5905 12077 12047
f 12043 12073 12101
f 12042 12100 12051
f 12095 12106 12080
f 12079 12105 12109
f 12081 12110 12069
f 12071 12112 12116
f 12070 12115 12098
f 12121 6022 5987
f 12122 5988 12129
f 6021 12120 6025
f 6027 12123 12133
f 6026 12132 6031
f 6033 12134 12139
f 6032 12138 6037
f 6036 12137 5993
f 5994 12140 12144
f 5995 12145 5999
f 6001 12146 12151
f 6000 12150 6005
f 5986 5982 12126
f 12127 5983 5978
f 12128 5979 12156
f 12155 5977 6063
f 12157 6064 12058
f 12056 6062 6057
f 12057 6058 12044
f 12045 6059 6053
f 12046 6054 5902
f 12164 6197 11826
f 11831 6199 5591
f 11830 5590 5586
f 6167 6153 12174
f 12175 6154 6149
f 12172 6148 12163
f 12167 6150 6203
f 12165 6202 6198
f 11829 11845 12166
f 12162 11843 11840
f 12161 11839 11836
f 12180 12185 12169
f 12170 12186 12190
f 12173 12192 6165
f 6166 12194 6303
f 12179 12168 12198
f 12200 12171 12160
f 12199 12158 12203
f 12205 12159 11832
f 12206 11835 11475
f 6218 6214 12036
f 12038 6215 6310
f 12039 6311 12191
f 12195 6312 6307
f 12193 6306 6302
f 6264 6259 12212
f 12213 6260 6255
f 12221 6461 12229
f 12228 6459 6455
f 12226 6454 6450
f 6256 12040 12214
f 12210 12032 12234
f 12207 12233 12238
f 6451 6265 12227
f 12225 6263 12211
f 12224 12209 12245
f 12244 12208 12239
f 5861 5866 12065
f 12066 5867 5872
f 12063 5870 12218
f 12220 5871 6465
f 12219 6464 6460
f 12184 12248 12187
f 12188 12249 12254
f 12189 12255 12035
f 12034 12253 12259
f 12033 12258 12235
f 6607 6601 12262
f 12263 6602 6595
f 6004 12149 6009
f 6010 12152 12270
f 6011 12271 6014
f 6016 12272 12265
f 6015 12264 6440
f 6441 12266 6596
f 6442 6597 6445
f 12243 12276 12223
f 12222 12275 12215
f 12217 12277 12282
f 12216 12281 12059
f 12064 12283 12288
f 12062 12287 12090
f 12290 12295 12301
f 12232 12256 12311
f 12252 12247 12321
f 12324 12333 12337
f 12344 12352 12357
f 6758 6754 12362
f 6554 6558 12371
f 6744 6740 12375
f 12382 12390 12400
f 12398 12388 12405
f 12407 12415 12422
f 12428 12434 12436
f 12446 12448 12457
f 12092 12087 12464
f 12473 9740 9734
f 12474 9735 6552
f 6550 9733 10184
f 6546 10183 4169
f 9739 12472 10180
f 10181 12475 12483
f 10179 12480 10169
f 10157 12490 10136
f 10134 12487 12494
f 10156 10152 12489
f 12488 10151 12479
f 12482 10153 10174
f 12481 10173 10170
f 10123 12504 10089
f 10087 12502 12508
f 10122 10118 12503
f 12501 10117 12495
f 12497 10119 10140
f 12496 10139 10135
f 10055 10084 12518
f 10083 10105 12517
f 12516 10104 12509
f 12511 10106 10093
f 12510 10092 10088
f 12524 10051 12387
f 10048 10071 12386
f 12385 10070 12391
f 12394 10072 10060
f 12393 10059 10054
f 10034 12525 10038
f 10040 12526 12533
f 10032 10027 12522
f 12521 10026 10049
f 9997 12534 10009
f 10006 12532 12540
f 9993 9990 12530
f 12529 9989 10037
f 10015 10010 12537
f 12538 10011 10005
f 9971 12545 9977
f 9958 9976 12553
f 9946 9933 12558
f 12561 9934 9930
f 9923 9911 12563
f 12569 9912 9908
f 9903 12575 9892
f 9858 12583 9863
f 12592 9823 9886
f 10825 10834 12585
f 12586 10835 10847
f 12591 10848 9822
f 9824 10850 10855
f 9821 10851 9827
f 9828 10854 9833
f 12597 12113 12111
f 12125 12154 12607
f 12603 12153 12052
f 12604 12053 12611
f 12612 12054 12048
f 12613 12049 12099
f 12620 12623 12631
f 12630 12621 12633
f 12629 12632 12467
f 12468 12637 12104
f 12463 12102 12091
f 12638 12648 12656
f 12655 12647 12663
f 12652 12661 12668
f 12666 12660 12674
f 12664 12672 12679
f 12681 12675 12689
f 12690 12676 12671
f 12688 12670 12694
f 12698 12673 12659
f 12696 12658 12700
f 12705 12662 12646
f 12462 12684 12626
f 12627 12686 12691
f 12628 12692 12616
f 12614 12687 12693
f 12617 12695 12709
f 12710 12697 12701
f 12699 12712 12706
f 12707 12713 12718
f 12708 12719 12615
f 12618 12720 12722
f 12619 12725 12622
f 12624 12727 12593
f 12625 12595 12636
f 12635 12594 12108
f 12634 12107 12103
f 12443 12455 12733
f 12124 12606 12119
f 12118 12605 12740
f 12117 12739 12130
f 12747 12141 12741
f 12742 12142 12135
f 12743 12136 12131
f 6605 12260 12758
f 12759 12261 12269
f 12757 12267 12748
f 12749 12268 12147
f 12750 12148 12143
f 12763 6633 6627
f 12645 12767 12703
f 12704 12769 12778
f 12702 12775 12715
f 12714 12774 12784
f 12711 12779 12716
f 12717 12780 12785
f 12721 12790 12724
f 12723 12789 12794
f 12726 12796 12798
f 12797 12795 12806
f 12799 12808 12810
f 12809 12807 12818
f 12811 12820 12822
f 12821 12819 12764
f 12823 12766 12828
f 12827 12765 6629
f 12830 6630 6614
f 12734 12456 12838
f 12836 12454 12841
f 12834 12840 12847
f 12846 12839 12853
f 12845 12852 12859
f 12858 12851 12866
f 12857 12864 12871
f 12865 6678 6674
f 12863 6672 12870
f 12872 6673 6667
f 12876 6670 6663
f 12768 12450 12777
f 12776 12449 12447
f 12773 12444 12782
f 12783 12445 12735
f 12781 12732 12787
f 12786 12731 12833
f 12788 12837 12792
f 12791 12835 12848
f 12793 12850 12804
f 12803 12849 12860
f 12805 12862 12816
f 12815 12861 12873
f 12817 12875 12761
f 12760 12874 6662
f 12762 6664 6632
f 6621 6624 12756
f 12754 6623 6608
f 12755 6609 6603
f 6613 6617 12829
f 12831 6620 12752
f 12832 12753 12825
f 12824 12751 12745
f 12826 12746 12814
f 12812 12744 12737
f 12813 12738 12802
f 12800 12736 12601
f 12801 12602 12730
f 12728 12600 12608
f 12729 12609 12596
f 12599 12610 12097
f 12598 12096 12114
f 12879 12430 12885
f 12886 12432 12426
f 12884 12424 12891
f 12895 12901 12911
f 12912 12921 12929
f 12928 12920 12936
f 12935 12919 12939
f 12934 12938 12950
f 12949 12937 12953
f 12948 12952 6704
f 12421 12413 12964
f 12965 12414 12968
f 12963 12966 12976
f 6502 6499 12959
f 12955 6497 6711
f 12954 6710 6706
f 12900 12408 12909
f 12910 12409 12423
f 12906 12420 12918
f 12915 12419 12961
f 12917 12962 12924
f 12923 12960 12974
f 12922 12973 12942
f 12941 12972 12981
f 12940 12980 12958
f 12957 12979 12986
f 12956 12985 6501
f 6705 6702 12951
f 12947 6700 6688
f 12946 6687 6684
f 12996 13002 13010
f 13008 13000 13015
f 13006 13013 13022
f 9972 10016 12546
f 12547 10017 12539
f 12543 12536 13027
f 13026 12535 12528
f 13028 12531 12999
f 12997 12527 12519
f 12998 12523 13004
f 13003 12520 12384
f 13001 12383 13016
f 13014 12381 12399
f 13019 13011 13033
f 13034 13012 12397
f 13032 12395 13039
f 13040 12396 12403
f 13038 12401 13045
f 6746 12380 6749
f 6753 6750 12361
f 12359 6748 12377
f 12360 12379 13048
f 13047 12378 13056
f 13049 13058 13060
f 13059 13057 13068
f 13061 13070 13072
f 13071 13069 13079
f 13073 13081 13083
f 6548 6555 12471
f 12469 6553 12369
f 12470 12370 12477
f 12476 12368 13091
f 12478 13093 12485
f 12484 13092 13097
f 12486 13099 12492
f 12491 13098 13103
f 12493 13105 12499
f 12498 13104 13109
f 12500 13111 12506
f 12505 13110 13115
f 12507 13117 12513
f 6559 6761 12372
f 12366 6760 12364
f 12367 12365 13089
f 13088 12363 13050
f 13090 13052 13095
f 13094 13051 13062
f 13096 13064 13101
f 13100 13063 13074
f 13102 13076 13107
f 13106 13075 13085
f 13108 13087 13113
f 11416 13122 11400
f 11398 13118 13130
f 11397 13127 11393
f 11394 13128 11366
f 13137 12355 13125
f 13119 12353 12349
f 13120 12350 13132
f 11417 11413 13124
f 13123 11412 11409
f 13121 11407 13133
f 13134 11408 11402
f 13135 11404 10723
f 10735 10741 13143
f 13142 10740 10773
f 13151 12346 13160
f 13157 12343 12356
f 13159 12358 13167
f 13163 12354 13136
f 13165 13139 13145
f 13140 13138 10724
f 13144 10726 10736
f 12330 12322 13170
f 13174 12326 13177
f 13173 13175 13182
f 13189 13193 13201
f 13199 13192 13204
f 13202 13206 12442
f 12439 13203 13210
f 12441 13213 12429
f 12427 13209 13219
f 12425 13217 12892
f 12890 13215 13225
f 13231 10771 10802
f 13232 10803 13236
f 13234 10801 10796
f 13235 10797 10782
f 12329 13228 12334
f 12338 13233 13238
f 12336 13237 13243
f 13246 13242 13250
f 10784 10779 13240
f 13241 10780 10819
f 13239 10818 13248
f 13252 10821 10815
f 13253 10816 10826
f 10822 12584 13251
f 13254 12588 13259
f 13249 13255 13245
f 13247 13257 13265
f 13244 13262 12340
f 12339 13261 13268
f 12335 13267 12323
f 12327 13271 13275
f 12325 13273 13176
f 13179 13276 13283
f 13178 13281 13184
f 9857 9891 12582
f 12580 9890 12574
f 12578 12570 13290
f 13292 12572 13297
f 13288 13293 13300
f 13304 13294 13307
f 13303 13305 13314
f 13316 13306 13319
f 13315 13317 13325
f 9904 9925 12576
f 12573 9924 12566
f 12571 12562 13296
f 13298 12564 13330
f 13295 13327 13308
f 13310 13328 13335
f 13309 13333 13320
f 13321 13334 13343
f 13318 13341 13326
f 9907 9947 12568
f 12567 9945 12556
f 12565 12554 13331
f 13332 12555 13350
f 13329 13347 13337
f 13338 13348 13355
f 13336 13354 13346
f 13344 13353 13360
f 13345 13362 13370
f 13367 13359 13372
f 13369 13375 13382
f 13379 13371 12894
f 13380 12897 13388
f 13385 12893 12908
f 13384 12907 13394
f 13392 12905 12916
f 13389 12914 13399
f 13398 12913 12930
f 12552 9975 12544
f 12550 12542 13406
f 13405 12541 13025
f 13403 13024 13412
f 13409 13023 12994
f 13411 12995 13418
f 13415 12993 13007
f 13416 13009 13423
f 13421 13005 13020
f 9929 9959 12560
f 12559 9957 12551
f 12557 12548 13351
f 13352 12549 13404
f 13349 13402 13358
f 13356 13401 13408
f 13357 13410 13364
f 13361 13407 13414
f 13363 13417 13376
f 13373 13413 13420
f 13374 13422 12899
f 12896 13419 13017
f 12898 13021 12904
f 12903 13018 13031
f 12902 13029 12411
f 12412 13030 13037
f 12410 13035 12417
f 12418 13036 13043
f 12416 13041 12970
f 9875 9861 13428
f 13429 9862 12581
f 13425 12577 13433
f 13435 12579 13291
f 13431 13287 13439
f 13441 13289 13302
f 13437 13299 13443
f 13447 13301 13313
f 13446 13311 13451
f 13453 13312 13323
f 13452 13322 13188
f 13190 13324 13339
f 13191 13342 13195
f 13194 13340 13366
f 13196 13368 13208
f 13205 13365 13378
f 13207 13381 13214
f 13212 13377 13387
f 13211 13386 13220
f 13218 13383 13393
f 13216 13391 13226
f 13224 13390 13400
f 11468 11266 13462
f 11472 11470 12204
f 12201 11466 13460
f 12202 13461 12196
f 12197 13463 12178
f 11296 13471 11277
f 11275 13469 13456
f 11280 13458 11261
f 11262 13459 11264
f 11295 11292 13470
f 13465 11288 11327
f 13464 11325 13472
f 11326 11322 13474
f 13473 11321 11315
f 13476 11317 13479
f 11334 13487 11309
f 11310 13489 13482
f 11308 13480 11313
f 11314 13481 11319
f 11333 11345 13486
f 13488 11346 11360
f 13490 11361 13494
f 13496 11363 11358
f 13495 11357 11388
f 11389 11383 13501
f 13502 11384 11369
f 13498 13509 13493
f 13492 13508 13516
f 13491 13515 13485
f 13484 13514 13522
f 13483 13521 13478
f 13477 13520 13529
f 13475 13527 13467
f 13466 13526 13532
f 13468 13534 13454
f 13455 13535 13540
f 13457 13542 12176
f 12177 13543 12183
f 13511 13544 13518
f 13519 13545 13552
f 13517 13551 13525
f 13524 13550 13558
f 13523 13557 13531
f 13530 13556 13565
f 13528 13563 13537
f 13536 13562 13571
f 13533 13568 13538
f 13539 13570 12317
f 13541 12319 12181
f 12182 12320 12246
f 13150 13578 12345
f 12342 13576 13584
f 12341 13583 12351
f 12348 13581 13507
f 12347 13506 13131
f 13126 13504 11370
f 13129 11372 11367
f 13547 13585 13554
f 13555 13586 13592
f 13553 13590 13560
f 13561 13591 13598
f 13559 13596 13566
f 13567 13597 13605
f 13564 13602 13572
f 13573 13603 13611
f 13569 13609 12316
f 12315 13608 12308
f 12318 12310 12250
f 12251 12312 12257
f 12236 13616 12241
f 12240 13615 12300
f 12242 12303 12274
f 13623 13628 13637
f 13638 13629 13643
f 13635 13641 13620
f 12273 12302 12278
f 12280 12306 12298
f 12279 12297 12284
f 13619 13639 12304
f 12305 13640 13646
f 12307 13648 12293
f 13154 13653 13662
f 13661 13652 13664
f 13660 13663 13673
f 13674 13665 13678
f 13672 13675 13685
f 13686 13676 13690
f 13683 13687 13626
f 13627 13688 13696
f 13625 13694 13631
f 13632 13695 13704
f 13630 13699 13644
f 13645 13701 13709
f 13642 13706 13651
f 12088 12285 12465
f 12466 12286 12299
f 12461 12296 12683
f 12682 12294 12289
f 12685 12291 12677
f 12678 12292 13647
f 12680 13649 12665
f 12667 13650 13705
f 12669 13707 12653
f 12654 13708 13700
f 12657 13703 12640
f 12639 13702 13693
f 12644 13698 13712
f 13710 13697 13689
f 13714 13692 13718
f 13716 13691 13677
f 13720 13680 13726
f 13722 13679 13666
f 13723 13667 13728
f 13730 13668 13656
f 13729 13655 13282
f 13280 13654 13156
f 13279 13155 13183
f 13180 13153 13161
f 13181 13162 13172
f 13169 13158 13166
f 13171 13168 12332
f 12328 13164 13141
f 12331 13147 13229
f 13227 13146 10774
f 13230 10776 10770
f 11390 13503 13497
f 13499 13505 13579
f 13500 13580 13510
f 13512 13582 13574
f 13513 13575 13546
f 13549 13577 13149
f 13548 13148 13587
f 13589 13152 13659
f 13588 13657 13594
f 13595 13658 13671
f 13593 13669 13600
f 13601 13670 13684
f 13599 13681 13606
f 13607 13682 13624
f 13604 13621 13612
f 13613 13622 13636
f 13610 13633 12313
f 12314 13634 13618
f 12309 13614 12230
f 12231 13617 12237
f 6735 6732 12992
f 12988 6730 6716
f 12987 6715 6505
f 6741 6736 12376
f 12373 6734 12989
f 12374 12991 13054
f 13053 12990 12982
f 13055 12983 13065
f 13067 12984 12977
f 13066 12975 13077
f 13078 12978 12967
f 13080 12969 13082
f 13084 12971 13042
f 13086 13044 13112
f 13114 13046 12402
f 13116 12404 12512
f 12514 12406 12389
f 12515 12392 10053
f 9885 9873 12589
f 12590 9874 13427
f 12587 13424 13258
f 13260 13426 13434
f 13256 13430 13264
f 13266 13432 13440
f 13263 13436 13269
f 13272 13438 13444
f 13270 13442 13274
f 13278 13445 13449
f 13277 13448 13284
f 13286 13450 13187
f 13285 13186 13732
f 13731 13185 13198
f 13733 13200 13727
f 13725 13197 12438
f 13724 12437 13719
f 13721 12440 12435
f 13717 12431 13713
f 13715 12433 12880
f 13711 12878 12643
f 12641 12877 12882
f 12642 12883 12651
f 12650 12881 12889
f 12649 12888 12772
f 12771 12887 13223
f 12770 13222 12453
f 12452 13221 13397
f 12451 13396 12460
f 12459 13395 12927
f 12458 12926 12844
f 12843 12925 12933
f 12842 12932 12856
f 12855 12931 12945
f 12854 12944 12868
f 12867 12943 6682
f 12869 6683 6680
f 8028 8034 11156
f 10451 10464 11151
f 10525 10546 11161
f 11154 10545 10540
f 11170 10541 10571
f 11561 11593 11210
f 11200 11592 11589
f 11175 11697 11709
f 10513 11152 10492
f 10493 11155 10498
f 10514 10509 11153
f 11140 10508 10529
f 11143 10530 10524
f 10570 10566 11146
f 11145 10565 10554
f 11132 10553 10549
f 11521 11517 11196
f 11635 11647 11193
f 11204 11648 11652
f 11202 11651 11664
f 11663 11668 11197
f 11194 11667 11679
f 11198 11680 11158
f 11168 11681 11685
f 11138 11684 11696
f 7814 7848 11131
f 10465 10469 11157
f 11144 10468 10482
f 11141 10481 10497
f 10550 10575 11173
f 11134 10574 10586
f 11171 10587 10591
f 11109 11030 10440
f 10441 11031 11026
f 10438 11025 11113
f 11518 11513 11209
f 11207 11512 11449
f 11191 11448 11443
f 11588 11596 11188
f 11195 11597 11606
f 11208 11607 11618
f 11617 11622 11203
f 11189 11621 11631
f 11205 11632 11636
f 11708 11714 11149
f 11130 11713 11718
f 11165 11719 7790
f 7789 7785 11129
f 11176 7786 7811
f 11163 7810 7807
f 7849 7844 11166
f 11164 7843 7839
f 11167 7840 8029
f 8033 8038 11150
f 11148 8037 8047
f 11139 8046 8042
f 8043 8058 11160
f 11162 8059 8054
f 11151 8053 8050
f 8050 8062 11151
f 11151 8062 8067
f 11137 8066 10450
f 10590 10603 11133
f 11169 10604 10623
f 11172 10624 10619
f 11114 11125 10439
f 10437 11124 11136
f 10436 11135 10615
f 10616 11147 10618
f 11444 11549 11197
f 11187 11548 11543
f 11192 11544 11533
f 7806 7802 11159
f 11142 7801 7818
f 11174 7819 7815
f 10630 10642 11100
f 11522 11199 11495
f 11496 11206 11240
f 11494 11239 11234
f 10641 10646 11099
f 11105 10647 10658
f 11096 10657 10662
f 10663 10674 11104
f 11097 10673 10678
f 11101 10679 10692
f 11229 11226 11235
f 11233 11225 11501
f 11236 11502 11497
f 11534 11576 11211
f 11201 11575 11572
f 11190 11571 11560
f 11108 10435 11098
f 11095 10434 10430
f 11103 10431 10631
f 10703 10700 10696
f 10691 10699 11061
f 10695 11062 11047
f 11041 11066 11045
f 11048 11067 11079
f 11046 11077 10692
f 10694 11078 11084
f 10693 11083 11102
