# File produced by Open Asset Import Library (http://www.assimp.sf.net)
# (assimp v6.0.0)
mtllib W2.mtl
# 33990 vertex positions
# 0 UV coordinates
# 11308 vertex normals
# Mesh 'W2-mesh' with 9842 faces
g W2-mesh
# Mesh 'W2-mesh' with 1067 faces
g W2-mesh
# Mesh 'W2-mesh' with 421 faces
g W2-mesh

v 0.056319 -0.003866 0.05508
v 0.055511 -0.010261 0.055073
v 0.055876 -0.007642 0.05527
v 0.056352 -0.003868 0.055274
v 0.056413 0.001424 0.055274
v 0.056392 0.00258 0.05508
v 0.056426 0.002581 0.055275
v 0.05573 0.008992 0.055075
v 0.055764 0.008997 0.055269
v 0.055443 0.01045 0.055266
v 0.054342 0.015286 0.055063
v 0.054375 0.015296 0.055258
v 0.05303 0.019206 0.055246
v 0.052245 0.021382 0.055046
v 0.052277 0.021395 0.05524
v 0.049468 0.027198 0.055023
v 0.049497 0.027216 0.055217
v 0.049322 0.027496 0.055216
v 0.046045 0.032661 0.054995
v 0.046072 0.032681 0.055189
v 0.044214 0.035007 0.055173
v 0.042022 0.037697 0.054961
v 0.042047 0.037721 0.055155
v 0.038059 0.041686 0.055122
v 0.037451 0.042242 0.054923
v 0.037473 0.042268 0.055117
v 0.032392 0.046236 0.054881
v 0.032411 0.046265 0.055075
v 0.030864 0.047222 0.055063
v 0.02691 0.049627 0.054836
v 0.026926 0.049658 0.05503
v 0.022885 0.05156 0.054996
v 0.021078 0.052372 0.054787
v 0.02109 0.052405 0.054982
v 0.014971 0.054434 0.054737
v 0.014979 0.054468 0.054931
v 0.014332 0.054606 0.054926
v 0.008668 0.055786 0.054685
v 0.008672 0.055821 0.054879
v 0.00538 0.056141 0.054851
v 0.002253 0.05641 0.054631
v 0.002253 0.056446 0.054825
v -0.004192 0.0563 0.054578
v -0.0037 0.056344 0.054776
v -0.004196 0.056335 0.054772
v -0.010582 0.055455 0.054525
v -0.01059 0.05549 0.054719
v -0.012675 0.054968 0.054701
v -0.016834 0.053888 0.054473
v -0.016846 0.053922 0.054667
v -0.021336 0.052233 0.05463
v -0.022867 0.051618 0.054423
v -0.022883 0.05165 0.054617
v -0.028602 0.048675 0.054375
v -0.028621 0.048706 0.054569
v -0.029446 0.048155 0.054562
v -0.033964 0.045098 0.054331
v -0.033987 0.045126 0.054525
v -0.036763 0.042775 0.054502
v -0.038883 0.040932 0.05429
v -0.038909 0.040958 0.054484
v -0.043295 0.036233 0.054254
v -0.043211 0.036376 0.054448
v -0.043324 0.036256 0.054447
v -0.047143 0.031062 0.054222
v -0.047174 0.031081 0.054415
v -0.048419 0.028936 0.054405
v -0.050377 0.025486 0.054195
v -0.05041 0.025502 0.054389
v -0.052459 0.020802 0.054372
v -0.052953 0.019577 0.054173
v -0.052988 0.019589 0.054367
v -0.05484 0.013413 0.054158
v -0.054876 0.013422 0.054352
v -0.055116 0.012121 0.05435
v -0.056011 0.007075 0.054148
v -0.056048 0.007079 0.054342
v -0.05632 0.003119 0.05434
v -0.056453 0.000644 0.054145
v -0.05649 0.000644 0.054338
v -0.056158 -0.005795 0.054147
v -0.056195 -0.005799 0.054341
v -0.056169 -0.005962 0.054341
v -0.055131 -0.012159 0.054155
v -0.055168 -0.012167 0.054349
v -0.054407 -0.014873 0.054355
v -0.053386 -0.018364 0.05417
v -0.053421 -0.018376 0.054364
v -0.051354 -0.023427 0.054381
v -0.050945 -0.02433 0.05419
v -0.050979 -0.024345 0.054384
v -0.04784 -0.029978 0.054216
v -0.047871 -0.029997 0.05441
v -0.046915 -0.031346 0.054418
v -0.04411 -0.035236 0.054247
v -0.04414 -0.035258 0.054441
v -0.041268 -0.03846 0.054464
v -0.039807 -0.040035 0.054282
v -0.039833 -0.04006 0.054476
v -0.034984 -0.044311 0.054323
v -0.035007 -0.044339 0.054516
v -0.034601 -0.044623 0.05452
v -0.029705 -0.04801 0.054366
v -0.029725 -0.04804 0.05456
v -0.026963 -0.049538 0.054583
v -0.024039 -0.051083 0.054413
v -0.024055 -0.051115 0.054607
v -0.018685 -0.053277 0.054652
v -0.018059 -0.05349 0.054463
v -0.018072 -0.053524 0.054657
v -0.011844 -0.0552 0.054514
v -0.011853 -0.055234 0.054708
v -0.009893 -0.055539 0.054725
v -0.005475 -0.05619 0.054567
v -0.00548 -0.056225 0.054761
v -0.000852 -0.05641 0.0548
v 0.000966 -0.056447 0.054621
v 0.000965 -0.056483 0.054815
v 0.007393 -0.055969 0.054674
v 0.007397 -0.056004 0.054868
v 0.008208 -0.055849 0.054875
v 0.013725 -0.054761 0.054726
v 0.013732 -0.054795 0.054921
v 0.017047 -0.05376 0.054948
v 0.019878 -0.052839 0.054777
v 0.019889 -0.052872 0.054972
v 0.025771 -0.050228 0.054826
v 0.025484 -0.050394 0.055018
v 0.025786 -0.05026 0.055021
v 0.031328 -0.046963 0.054873
v 0.031347 -0.046993 0.055067
v 0.033196 -0.0456 0.055082
v 0.036477 -0.043085 0.054915
v 0.036499 -0.043112 0.055109
v 0.040097 -0.039695 0.055139
v 0.041151 -0.038646 0.054954
v 0.041175 -0.03867 0.055148
v 0.045288 -0.033703 0.054988
v 0.045315 -0.033724 0.055182
v 0.045951 -0.032758 0.055188
v 0.048834 -0.02832 0.055018
v 0.048863 -0.028338 0.055212
v 0.050581 -0.024943 0.055226
v 0.051744 -0.022568 0.055042
v 0.051775 -0.022582 0.055236
v 0.053979 -0.016522 0.05506
v 0.054012 -0.016533 0.055255
v 0.055544 -0.010267 0.055267
v 0.051647 -0.022525 0.054876
v 0.048742 -0.028266 0.054852
v 0.045203 -0.033638 0.054822
v 0.041074 -0.038572 0.054788
v 0.036409 -0.043003 0.054749
v 0.03127 -0.046873 0.054707
v 0.025723 -0.050133 0.054661
v 0.019841 -0.052738 0.054612
v 0.0137 -0.054657 0.054561
v 0.007381 -0.055862 0.054509
v 0.000965 -0.056339 0.054455
v -0.005463 -0.056082 0.054402
v -0.01182 -0.055094 0.054349
v -0.018023 -0.053388 0.054298
v -0.023991 -0.050985 0.054249
v -0.029647 -0.047918 0.054202
v -0.034915 -0.044226 0.054158
v -0.039729 -0.039958 0.054118
v -0.044025 -0.035169 0.054082
v -0.047747 -0.029921 0.054051
v -0.050846 -0.024283 0.054026
v -0.053283 -0.018329 0.054006
v -0.055025 -0.012136 0.053991
v -0.056049 -0.005784 0.053983
v -0.056343 0.000643 0.05398
v -0.055903 0.007061 0.053984
v -0.054734 0.013388 0.053994
v -0.052851 0.01954 0.054009
v -0.050279 0.025437 0.05403
v -0.047052 0.031003 0.054057
v -0.043211 0.036164 0.054089
v -0.038807 0.040854 0.054126
v -0.033897 0.045012 0.054166
v -0.028546 0.048582 0.054211
v -0.022822 0.051519 0.054258
v -0.016801 0.053785 0.054308
v -0.01056 0.055349 0.05436
v -0.004182 0.056192 0.054413
v 0.00225 0.056303 0.054466
v 0.008653 0.055679 0.054519
v 0.014944 0.05433 0.054571
v 0.021039 0.052272 0.054622
v 0.02686 0.049533 0.05467
v 0.032331 0.046148 0.054716
v 0.037381 0.042161 0.054757
v 0.041943 0.037625 0.054795
v 0.045958 0.032598 0.054829
v 0.049375 0.027146 0.054857
v 0.052147 0.021341 0.05488
v 0.05424 0.015257 0.054897
v 0.055625 0.008974 0.054909
v 0.056286 0.002575 0.054914
v 0.056212 -0.003858 0.054914
v 0.055406 -0.010241 0.054907
v 0.053878 -0.016491 0.054894
v 0.051498 -0.02246 0.054764
v 0.048602 -0.028184 0.05474
v 0.045073 -0.033541 0.054711
v 0.040956 -0.03846 0.054676
v 0.036305 -0.042878 0.054638
v 0.03118 -0.046738 0.054595
v 0.02565 -0.049987 0.05455
v 0.019785 -0.052585 0.054501
v 0.013662 -0.054498 0.05445
v 0.00736 -0.0557 0.054398
v 0.000963 -0.056176 0.054345
v -0.005446 -0.05592 0.054292
v -0.011785 -0.054935 0.054239
v -0.01797 -0.053233 0.054188
v -0.023921 -0.050838 0.054138
v -0.02956 -0.047779 0.054092
v -0.034813 -0.044098 0.054048
v -0.039613 -0.039842 0.054008
v -0.043896 -0.035067 0.053973
v -0.047608 -0.029834 0.053942
v -0.050698 -0.024213 0.053916
v -0.053127 -0.018276 0.053896
v -0.054864 -0.0121 0.053882
v -0.055886 -0.005767 0.053873
v -0.056179 0.000641 0.053871
v -0.05574 0.007041 0.053875
v -0.054574 0.013349 0.053884
v -0.052697 0.019483 0.0539
v -0.050132 0.025363 0.053921
v -0.046914 0.030913 0.053948
v -0.043085 0.036059 0.053979
v -0.038694 0.040736 0.054016
v -0.033798 0.044881 0.054057
v -0.028462 0.048441 0.054101
v -0.022755 0.05137 0.054148
v -0.016751 0.053629 0.054198
v -0.010529 0.055189 0.05425
v -0.004169 0.05603 0.054302
v 0.002245 0.05614 0.054355
v 0.008629 0.055518 0.054408
v 0.014901 0.054172 0.05446
v 0.020979 0.05212 0.054511
v 0.026783 0.049389 0.054559
v 0.032239 0.046014 0.054604
v 0.037273 0.042039 0.054646
v 0.041822 0.037516 0.054684
v 0.045826 0.032504 0.054717
v 0.049232 0.027068 0.054745
v 0.051997 0.021279 0.054768
v 0.054083 0.015213 0.054785
v 0.055465 0.008948 0.054797
v 0.056124 0.002567 0.054802
v 0.05605 -0.003847 0.054802
v 0.055247 -0.010212 0.054795
v 0.053722 -0.016443 0.054782
v 0.051321 -0.022383 0.054724
v 0.048435 -0.028087 0.0547
v 0.044918 -0.033425 0.05467
v 0.040815 -0.038328 0.054636
v 0.03618 -0.042731 0.054598
v 0.031073 -0.046577 0.054556
v 0.025562 -0.049815 0.05451
v 0.019717 -0.052405 0.054461
v 0.013615 -0.054311 0.054411
v 0.007335 -0.055509 0.054359
v 0.00096 -0.055983 0.054306
v -0.005427 -0.055728 0.054253
v -0.011744 -0.054746 0.054201
v -0.017908 -0.05305 0.054149
v -0.023838 -0.050663 0.0541
v -0.029458 -0.047615 0.054054
v -0.034693 -0.043947 0.05401
v -0.039477 -0.039705 0.053971
v -0.043745 -0.034946 0.053935
v -0.047443 -0.029732 0.053904
v -0.050523 -0.02413 0.053879
v -0.052944 -0.018213 0.053859
v -0.054675 -0.012059 0.053845
v -0.055693 -0.005747 0.053836
v -0.055986 0.000639 0.053834
v -0.055548 0.007017 0.053837
v -0.054386 0.013303 0.053847
v -0.052515 0.019416 0.053862
v -0.04996 0.025276 0.053884
v -0.046753 0.030806 0.05391
v -0.042936 0.035935 0.053942
v -0.03856 0.040596 0.053978
v -0.033682 0.044727 0.054019
v -0.028364 0.048275 0.054063
v -0.022676 0.051193 0.05411
v -0.016693 0.053445 0.05416
v -0.010492 0.054999 0.054211
v -0.004155 0.055837 0.054263
v 0.002237 0.055946 0.054317
v 0.0086 0.055327 0.054369
v 0.01485 0.053986 0.054421
v 0.020907 0.051941 0.054471
v 0.026692 0.049219 0.054519
v 0.032128 0.045856 0.054564
v 0.037145 0.041894 0.054606
v 0.041679 0.037387 0.054644
v 0.045669 0.032392 0.054677
v 0.049063 0.026975 0.054705
v 0.051818 0.021206 0.054728
v 0.053898 0.015161 0.054745
v 0.055274 0.008918 0.054756
v 0.055931 0.002558 0.054762
v 0.055858 -0.003834 0.054761
v 0.055057 -0.010176 0.054755
v 0.053538 -0.016386 0.054742
v -0.056186 -0.005797 0.055349
v -0.056159 -0.00596 0.05535
v -0.035005 -0.044325 0.055525
v -0.034599 -0.044609 0.055529
v -0.018688 -0.05326 0.05566
v -0.018075 -0.053507 0.055666
v 0.025467 -0.050378 0.056027
v 0.025769 -0.050244 0.056029
v 0.056387 0.001424 0.056283
v 0.0564 0.002581 0.056283
v 0.049473 0.027207 0.056226
v 0.049298 0.027487 0.056224
v 0.038039 0.041673 0.056131
v 0.032392 0.046251 0.056084
v 0.030846 0.047207 0.056071
v 0.022869 0.051544 0.056005
v 0.014966 0.054451 0.05594
v 0.014319 0.054589 0.055934
v -0.003707 0.056326 0.055785
v -0.004203 0.056318 0.055781
v -0.043206 0.036365 0.055457
v -0.043319 0.036245 0.055456
v 0.045929 -0.032747 0.056196
v 0.045292 -0.033713 0.056191
v 0.045176 -0.03363 0.056683
v 0.008197 -0.055832 0.055883
v 0.007386 -0.055987 0.055877
v 0.007363 -0.055848 0.056369
v -0.034922 -0.044216 0.056018
v 0.014924 0.054316 0.056432
v 0.049347 0.02714 0.056717
v -0.056051 -0.005783 0.055843
v 0.056256 0.002574 0.056775
v 0.052119 0.021336 0.05674
v 0.052252 0.021389 0.056249
v 0.053005 0.0192 0.056255
v 0.037453 0.042255 0.056126
v 0.037356 0.04215 0.056618
v 0.008661 0.055803 0.055887
v -0.043216 0.036155 0.05595
v -0.009898 -0.055522 0.055733
v -0.005477 -0.056068 0.056263
v -0.005487 -0.056207 0.05577
v -0.000861 -0.056393 0.055808
v 0.025701 -0.05012 0.056521
v 0.041048 -0.038562 0.056648
v 0.041154 -0.038658 0.056157
v 0.040076 -0.039682 0.056148
v 0.056183 -0.003857 0.056774
v 0.056326 -0.003867 0.056283
v 0.05585 -0.00764 0.056279
v 0.055377 -0.010239 0.056767
v 0.055518 -0.010264 0.056276
v 0.050773 -0.005878 0.130438
v 0.050855 -0.00565 0.130383
v 0.051875 -0.005148 0.129432
v 0.052892 -0.004648 0.128478
v 0.052842 -0.005187 0.128478
v 0.050691 -0.005817 0.130525
v 0.050741 -0.005739 0.130485
v 0.050679 -0.006078 0.130507
v 0.050661 -0.006 0.130534
v 0.050662 -0.005913 0.130543
v 0.05069 -0.006106 0.130493
v 0.051282 -0.007635 0.129711
v 0.051698 -0.009229 0.129051
v 0.052373 -0.008743 0.128476
v 0.05194 -0.011037 0.128474
v 0.044752 -0.024635 0.130481
v 0.044813 -0.024404 0.130536
v 0.045156 -0.024203 0.130327
v 0.044642 -0.024688 0.13055
v 0.044653 -0.02461 0.130577
v 0.044686 -0.024531 0.130587
v 0.044743 -0.024457 0.130572
v 0.045763 -0.026838 0.128522
v 0.045226 -0.025854 0.129478
v 0.044685 -0.024867 0.130426
v 0.044655 -0.024794 0.130488
v 0.045186 -0.024183 0.130309
v 0.046859 -0.025064 0.128442
v 0.046842 -0.025096 0.128443
v 0.046004 -0.026491 0.128504
v 0.045525 -0.023963 0.130113
v 0.045579 -0.023928 0.130081
v 0.046956 -0.024885 0.128438
v 0.046354 -0.023374 0.129649
v 0.047538 -0.023695 0.128442
v 0.046546 -0.023209 0.12955
v 0.04764 -0.022266 0.128984
v 0.048244 -0.022252 0.128448
v 0.048796 -0.021 0.128452
v 0.047911 -0.006565 0.130995
v 0.047993 -0.006334 0.130214
v 0.047981 -0.005785 0.130239
v 0.049219 -0.003433 0.129928
v 0.049758 -0.002897 0.130807
v 0.04916 -0.003289 0.130881
v 0.048968 -0.004287 0.129184
v 0.048822 -0.003799 0.130043
v 0.049041 -0.005333 0.128684
v 0.048751 -0.004528 0.129308
v 0.048952 -0.003471 0.130906
v 0.048687 -0.003957 0.130081
v 0.048464 -0.004056 0.130962
v 0.048356 -0.004459 0.130168
v 0.048439 -0.004085 0.130965
v 0.048387 -0.004168 0.13097
v 0.048323 -0.004524 0.130177
v 0.04808 -0.004798 0.131002
v 0.048125 -0.00501 0.130222
v 0.048021 -0.004972 0.131006
v 0.048087 -0.005141 0.130229
v 0.047886 -0.005629 0.131014
v 0.047994 -0.005634 0.13024
v 0.047881 -0.00569 0.131014
v 0.04787 -0.005832 0.131013
v 0.048158 -0.007404 0.130948
v 0.048192 -0.006954 0.13016
v 0.04821 -0.00673 0.129769
v 0.048678 -0.004628 0.129348
v 0.048498 -0.004943 0.129443
v 0.04848 -0.004983 0.129452
v 0.048372 -0.005281 0.129501
v 0.04835 -0.005361 0.129509
v 0.048297 -0.00566 0.129521
v 0.048289 -0.005752 0.129519
v 0.04829 -0.006084 0.129493
v 0.048411 -0.006471 0.129459
v 0.048956 -0.005386 0.128762
v 0.048926 -0.005411 0.128789
v 0.048853 -0.005495 0.128851
v 0.048845 -0.005506 0.128857
v 0.048802 -0.005592 0.12889
v 0.048793 -0.005616 0.128896
v 0.048774 -0.005706 0.128904
v 0.048772 -0.005734 0.128903
v 0.048779 -0.005834 0.128885
v 0.048815 -0.005949 0.128836
v 0.048593 -0.008551 0.13022
v 0.048721 -0.007977 0.129051
v 0.048992 -0.006394 0.128604
v 0.04937 -0.007341 0.128109
v 0.049098 -0.009303 0.128427
v 0.048909 -0.009768 0.129588
v 0.04901 -0.010345 0.129334
v 0.049221 -0.009934 0.128177
v 0.049034 -0.010596 0.129242
v 0.049369 -0.011264 0.127739
v 0.049908 -0.009519 0.127224
v 0.049885 -0.009398 0.127268
v 0.049776 -0.008818 0.127477
v 0.049125 -0.011562 0.12889
v 0.049109 -0.012791 0.128561
v 0.049367 -0.012609 0.127414
v 0.049025 -0.013599 0.128409
v 0.049284 -0.013493 0.127264
v 0.048967 -0.013901 0.128376
v 0.04904 -0.014785 0.127137
v 0.049961 -0.013467 0.126299
v 0.050056 -0.012488 0.126451
v 0.050057 -0.012399 0.126471
v 0.050064 -0.010996 0.12678
v 0.048797 -0.014779 0.128281
v 0.048442 -0.01594 0.128268
v 0.048653 -0.016053 0.127124
v 0.047962 -0.017051 0.12838
v 0.04807 -0.017385 0.127244
v 0.04926 -0.016305 0.126157
v 0.049561 -0.015318 0.126166
v 0.049689 -0.014899 0.12617
v 0.046622 -0.019582 0.127814
v 0.047885 -0.019044 0.126508
v 0.047408 -0.01852 0.127472
v 0.048452 -0.018065 0.12633
v 0.048615 -0.017783 0.126278
v 0.047914 -0.017161 0.128391
v 0.047318 -0.018204 0.128622
v 0.046613 -0.019183 0.128969
v 0.046328 -0.019524 0.129125
v 0.046304 -0.01995 0.127968
v 0.046084 -0.019776 0.129271
v 0.045349 -0.0209 0.128472
v 0.046668 -0.020636 0.127009
v 0.046755 -0.020534 0.12697
v 0.047018 -0.020225 0.126853
v 0.044301 -0.021733 0.129082
v 0.044984 -0.022234 0.127849
v 0.045614 -0.021698 0.127519
v 0.045472 -0.020408 0.129636
v 0.044535 -0.02119 0.130256
v 0.043512 -0.021873 0.130998
v 0.043228 -0.022211 0.13019
v 0.043173 -0.022485 0.129825
v 0.043117 -0.022759 0.129459
v 0.043187 -0.023467 0.128874
v 0.043441 -0.023332 0.128713
v 0.044253 -0.022781 0.128251
v 0.044457 -0.022634 0.128138
v 0.044458 -0.022633 0.128137
v 0.043869 -0.02304 0.12847
v 0.043825 -0.027519 0.126565
v 0.043122 -0.02623 0.127853
v 0.044569 -0.026683 0.126084
v 0.043835 -0.025401 0.127369
v 0.044184 -0.027148 0.126223
v 0.04385 -0.027493 0.126541
v 0.042928 -0.027893 0.129494
v 0.042978 -0.02799 0.129402
v 0.042802 -0.027108 0.1286
v 0.043122 -0.028012 0.128276
v 0.043176 -0.027992 0.128038
v 0.04326 -0.027942 0.127787
v 0.043467 -0.02782 0.127176
v 0.04219 -0.026468 0.130838
v 0.042066 -0.025711 0.129957
v 0.042367 -0.024861 0.129213
v 0.043046 -0.024049 0.128719
v 0.042917 -0.022477 0.130238
v 0.043063 -0.022191 0.13103
v 0.042939 -0.022927 0.129511
v 0.043127 -0.023504 0.128909
v 0.042903 -0.022966 0.12952
v 0.043115 -0.023513 0.128915
v 0.042717 -0.023202 0.129554
v 0.043056 -0.023574 0.128938
v 0.042666 -0.02328 0.129559
v 0.043041 -0.023595 0.128942
v 0.042972 -0.02227 0.131036
v 0.042854 -0.02254 0.130246
v 0.042514 -0.022768 0.131056
v 0.042532 -0.022927 0.130277
v 0.042392 -0.02294 0.131059
v 0.042445 -0.023056 0.130281
v 0.0423 -0.023112 0.131058
v 0.042209 -0.023497 0.130278
v 0.042075 -0.023533 0.131055
v 0.042025 -0.02366 0.131052
v 0.042169 -0.02359 0.130274
v 0.041845 -0.024359 0.131025
v 0.04201 -0.024102 0.130237
v 0.041831 -0.024465 0.13102
v 0.041994 -0.024181 0.130228
v 0.041832 -0.024774 0.130998
v 0.041934 -0.024808 0.130143
v 0.041833 -0.02531 0.13096
v 0.041866 -0.025518 0.130942
v 0.041938 -0.024965 0.130116
v 0.042525 -0.023543 0.129556
v 0.042501 -0.023599 0.129552
v 0.042399 -0.023902 0.129512
v 0.042387 -0.023948 0.129504
v 0.042332 -0.02432 0.129413
v 0.042328 -0.024414 0.129384
v 0.043031 -0.023614 0.128941
v 0.043003 -0.023669 0.12894
v 0.042997 -0.023685 0.128937
v 0.042978 -0.023773 0.12891
v 0.042978 -0.023787 0.128905
v 0.042986 -0.023896 0.128845
v 0.042992 -0.023923 0.128826
v 0.045604 -0.025117 0.126003
v 0.046673 -0.023079 0.125983
v 0.047641 -0.020915 0.125991
v 0.046403 -0.023602 0.125987
v 0.046525 -0.023365 0.125985
v 0.045673 -0.025012 0.125997
v 0.047748 -0.020675 0.125992
v 0.048151 -0.019774 0.125995
v 0.04874 -0.018171 0.125999
v 0.048839 -0.017902 0.126
v 0.049397 -0.016385 0.126004
v 0.050485 -0.012502 0.12601
v 0.049861 -0.014901 0.126006
v 0.049811 -0.015061 0.126006
v 0.049716 -0.015365 0.126006
v 0.051564 -0.006723 0.126015
v 0.051434 -0.00787 0.126015
v 0.051192 -0.009155 0.126014
v 0.051104 -0.009625 0.126013
v 0.05077 -0.011405 0.126012
v 0.05058 -0.012136 0.126011
v 0.051632 -0.006129 0.126016
v 0.051881 -0.003939 0.126017
v 0.048911 -0.005584 0.128784
v 0.045211 -0.025711 0.126033
v 0.039484 0.029894 0.132576
v 0.039452 0.029894 0.136378
v 0.03938 0.02937 0.136377
v 0.037379 0.030485 0.135047
v 0.036323 0.030782 0.135759
v 0.035646 0.030974 0.136063
v 0.035363 0.031054 0.136134
v 0.034547 0.031285 0.136337
v 0.039161 0.029984 0.133064
v 0.038953 0.030042 0.133322
v 0.038149 0.030268 0.134322
v 0.03118 0.030562 0.138731
v 0.030852 0.030852 0.138807
v 0.038466 0.029805 0.13887
v 0.03841 0.029386 0.13862
v 0.031423 0.030348 0.13856
v 0.038419 0.029458 0.138726
v 0.031247 0.030503 0.138716
v 0.038433 0.029564 0.138797
v 0.03844 0.029617 0.138832
v 0.038402 0.02931 0.138378
v 0.031531 0.030255 0.138321
v 0.038406 0.02935 0.138567
v 0.031515 0.030268 0.138418
v 0.031467 0.030309 0.13852
v 0.049013 0.022592 0.136572
v 0.050184 0.019871 0.136583
v 0.049828 0.019735 0.137781
v 0.05391 -9e-06 0.136625
v 0.053911 -0.001781 0.136625
v 0.053526 -0.001769 0.137817
v 0.051395 -0.002074 0.138977
v 0.051383 -0.002069 0.138977
v 0.051396 -0.001699 0.138977
v 0.052085 -0.002348 0.138879
v 0.052808 -0.002637 0.138529
v 0.052566 -0.00254 0.138646
v 0.052611 -0.001739 0.138673
v 0.053342 -0.002853 0.138013
v 0.053456 -0.002899 0.137805
v 0.053697 -0.002997 0.13737
v 0.053854 -0.003059 0.136624
v 0.053908 0.001886 0.136625
v 0.053523 0.001873 0.137817
v 0.053272 0.005524 0.137815
v 0.052762 0.009228 0.137809
v 0.053636 0.005701 0.136621
v 0.053655 0.005562 0.136622
v 0.051393 0.0018 0.138977
v 0.052608 0.001842 0.138673
v 0.051152 0.005306 0.138975
v 0.052361 0.005431 0.138671
v 0.05066 0.008865 0.138971
v 0.051859 0.009072 0.138666
v 0.049949 0.012283 0.138965
v 0.051131 0.012571 0.13866
v 0.049008 0.01565 0.138957
v 0.05017 0.016016 0.138651
v 0.052021 0.012786 0.137801
v 0.051044 0.01629 0.137792
v 0.051191 0.017019 0.136593
v 0.051409 0.016402 0.136596
v 0.052394 0.012874 0.136606
v 0.052705 0.011381 0.13661
v 0.05314 0.009292 0.136615
v 0.048974 0.019404 0.138641
v 0.047839 0.018961 0.138948
v 0.048718 0.023277 0.13657
v 0.048372 0.023118 0.137768
v 0.047542 0.02273 0.138629
v 0.046439 0.022212 0.138936
v 0.053695 -0.003545 0.136631
v 0.053533 -0.003444 0.137414
v 0.052011 -0.002469 0.138888
v 0.051932 -0.002588 0.138878
v 0.051392 -0.002078 0.138977
v 0.051393 -0.002076 0.138977
v 0.05267 -0.002891 0.138564
v 0.052327 -0.002961 0.138632
v 0.052496 -0.003122 0.138526
v 0.053179 -0.003217 0.138065
v 0.052914 -0.003516 0.138009
v 0.053025 -0.00362 0.137753
v 0.053192 -0.003777 0.137366
v 0.053317 -0.00389 0.13662
v 0.05332 -0.003891 0.136536
v 0.053699 -0.003547 0.136561
v 0.053857 -0.00306 0.136574
v 0.05088 -0.005155 0.136516
v 0.050779 -0.004975 0.137459
v 0.050693 -0.004814 0.137723
v 0.050522 -0.004491 0.138253
v 0.050271 -0.004014 0.138605
v 0.050147 -0.003776 0.138781
v 0.04971 -0.002935 0.138963
v 0.050416 -0.006323 0.13656
v 0.050371 -0.006135 0.136534
v 0.050512 -0.006092 0.130877
v 0.050363 -0.006014 0.136516
v 0.050365 -0.00594 0.136512
v 0.050516 -0.005928 0.130884
v 0.05037 -0.00592 0.136512
v 0.050516 -0.005883 0.130885
v 0.050442 -0.005624 0.136513
v 0.050584 -0.005652 0.130869
v 0.050537 -0.005479 0.136514
v 0.05066 -0.00553 0.130843
v 0.05062 -0.005352 0.136514
v 0.050702 -0.005463 0.130829
v 0.050974 -0.005245 0.130728
v 0.050441 -0.006388 0.136563
v 0.050554 -0.00628 0.13085
v 0.050581 -0.006348 0.130836
v 0.053815 -0.003842 0.127876
v 0.053139 -0.004173 0.128701
v 0.053527 -0.003868 0.133025
v 0.053013 -0.004235 0.128823
v 0.051995 -0.004739 0.129778
v 0.05399 -0.003967 0.126956
v 0.053625 -0.004253 0.127617
v 0.053638 -0.004083 0.12768
v 0.054493 -0.003002 0.125168
v 0.054492 -0.003009 0.125179
v 0.054492 -0.003008 0.12518
v 0.054456 -0.003191 0.125496
v 0.054456 -0.00317 0.125507
v 0.054211 -0.003726 0.126462
v 0.054213 -0.003642 0.126503
v 0.054492 -0.003007 0.12518
v 0.054458 -0.00315 0.125518
v 0.054231 -0.003563 0.126548
v 0.054262 -0.003493 0.126607
v 0.054265 -0.003489 0.126596
v 0.05446 -0.003129 0.125529
v 0.054493 -0.003007 0.125181
v 0.054156 -0.003609 0.126983
v 0.054102 -0.003696 0.12692
v 0.054073 -0.003796 0.126862
v 0.05407 -0.003905 0.126812
v 0.053704 -0.00394 0.12777
v 0.053906 -0.003523 0.133049
v 0.054179 -0.003027 0.130942
v 0.054064 -0.003036 0.133061
v 0.045476 -0.028664 0.132267
v 0.04516 -0.028354 0.136553
v 0.045396 -0.028004 0.136541
v 0.045937 -0.029057 0.125375
v 0.045934 -0.029062 0.125362
v 0.045571 -0.028751 0.130884
v 0.045518 -0.028705 0.1317
v 0.045735 -0.028359 0.131689
v 0.046051 -0.028665 0.126392
v 0.046034 -0.028821 0.126027
v 0.045796 -0.027955 0.131664
v 0.04569 -0.027561 0.131628
v 0.045901 -0.027789 0.128258
v 0.046053 -0.028196 0.127444
v 0.046057 -0.028226 0.127381
v 0.04608 -0.028395 0.127023
v 0.045362 -0.027182 0.136471
v 0.045468 -0.027589 0.136512
v 0.045146 -0.028348 0.13668
v 0.045379 -0.027999 0.136704
v 0.045449 -0.027585 0.136705
v 0.045344 -0.027178 0.136682
v 0.030189 -0.037445 0.112576
v 0.030543 -0.03743 0.112622
v 0.030544 -0.03743 0.112615
v 0.030492 -0.037436 0.112591
v 0.030449 -0.03744 0.112574
v 0.030187 -0.037447 0.112548
v 0.030348 -0.037451 0.112534
v 0.030186 -0.037453 0.112521
v 0.030244 -0.037461 0.112493
v 0.027422 -0.035508 0.113899
v 0.027453 -0.035495 0.114023
v 0.027735 -0.036051 0.113942
v 0.027337 -0.035541 0.113809
v 0.027697 -0.036046 0.113833
v 0.027671 -0.03614 0.113729
v 0.027527 -0.03612 0.113705
v 0.027623 -0.03607 0.113748
v 0.027222 -0.035585 0.113776
v 0.027782 -0.036123 0.113919
v 0.027744 -0.036116 0.113813
v 0.027919 -0.036281 0.113838
v 0.028196 -0.036637 0.113567
v 0.028236 -0.036648 0.11365
v 0.028545 -0.036898 0.113441
v 0.028507 -0.036889 0.113371
v 0.029088 -0.037188 0.11307
v 0.029186 -0.037251 0.11294
v 0.029212 -0.037254 0.112986
v 0.028138 -0.036654 0.113496
v 0.028459 -0.036902 0.113309
v 0.029157 -0.037259 0.112897
v 0.028404 -0.036935 0.113261
v 0.02807 -0.036695 0.113446
v 0.027947 -0.036568 0.113506
v 0.027579 -0.036189 0.113685
v 0.029807 -0.037434 0.112561
v 0.029234 -0.037302 0.112811
v 0.029127 -0.037277 0.112858
v 0.029818 -0.037424 0.11259
v 0.029829 -0.037418 0.11262
v 0.02984 -0.037417 0.112651
v 0.030185 -0.037461 0.112494
v 0.027362 -0.035219 0.114022
v 0.02733 -0.035228 0.113899
v 0.027242 -0.035253 0.113809
v 0.027123 -0.035286 0.113775
v 0.027298 -0.034935 0.114022
v 0.027265 -0.034941 0.113899
v 0.027176 -0.034957 0.113808
v 0.027054 -0.034978 0.113774
v -0.022491 0.00725 0.113363
v -0.022395 0.00725 0.101864
v -0.022414 0.007345 0.101864
v -0.02251 0.007345 0.113363
v -0.022468 0.007427 0.101863
v -0.022564 0.007427 0.113363
v -0.02255 0.007481 0.101863
v -0.022645 0.007481 0.113362
v -0.022645 0.0075 0.101862
v -0.022741 0.0075 0.113361
v -0.022395 -0.00725 0.101864
v -0.022491 -0.00725 0.113363
v -0.022741 -0.0075 0.113361
v -0.022645 -0.0075 0.101862
v -0.02255 -0.007481 0.101863
v -0.022645 -0.007481 0.113362
v -0.022468 -0.007427 0.101863
v -0.022564 -0.007427 0.113363
v -0.022414 -0.007346 0.101864
v -0.02251 -0.007346 0.113363
v -0.038333 -0.00725 0.104232
v -0.038333 0.00725 0.104232
v -0.033166 -0.00725 0.104275
v -0.033166 0.00725 0.104275
v -0.038334 -0.007298 0.104236
v -0.033166 -0.007344 0.1043
v -0.038335 -0.007345 0.104254
v -0.038335 -0.007376 0.104266
v -0.033166 -0.007375 0.104308
v -0.038336 -0.007425 0.104307
v -0.033166 -0.007421 0.104354
v -0.038336 -0.007441 0.10432
v -0.033167 -0.007467 0.1044
v -0.038336 -0.00748 0.104387
v -0.033167 -0.007475 0.104431
v -0.038336 -0.007483 0.104392
v -0.033168 -0.0075 0.104525
v -0.038336 -0.0075 0.104482
v -0.032976 -0.0075 0.104488
v -0.038256 -0.0075 0.113233
v -0.032813 -0.0075 0.104381
v -0.032703 -0.0075 0.10422
v -0.032663 -0.0075 0.104029
v -0.032645 -0.0075 0.101779
v -0.032888 -0.007344 0.104027
v -0.032913 -0.00725 0.104027
v -0.032876 -0.007346 0.101777
v -0.032895 -0.00725 0.101777
v -0.03288 -0.007375 0.104027
v -0.032822 -0.007427 0.101777
v -0.032834 -0.007421 0.104027
v -0.032788 -0.007467 0.104028
v -0.03274 -0.007481 0.101778
v -0.032758 -0.007475 0.104028
v -0.032901 -0.007467 0.104292
v -0.032818 -0.007467 0.104171
v -0.033023 -0.007467 0.104372
v -0.032902 -0.007375 0.104135
v -0.033057 -0.007375 0.104287
v -0.032965 -0.007375 0.104227
v -0.032933 -0.00725 0.104122
v -0.032988 -0.00725 0.104203
v -0.032952 -0.00725 0.104149
v -0.033043 -0.00725 0.104239
v -0.03307 -0.00725 0.104256
v -0.03304 0.00725 0.104242
v -0.032948 0.00725 0.104151
v -0.032913 0.00725 0.104027
v -0.032895 0.00725 0.101777
v -0.032664 0.0075 0.104029
v -0.032645 0.0075 0.101779
v -0.03277 0.007466 0.101778
v -0.032789 0.007466 0.104028
v -0.032861 0.007375 0.101777
v -0.03288 0.007375 0.104027
v -0.033166 0.007344 0.1043
v -0.033166 0.007375 0.104308
v -0.033024 0.007375 0.104271
v -0.033166 0.00742 0.104354
v -0.033167 0.007466 0.1044
v -0.032979 0.007466 0.104351
v -0.033167 0.007475 0.104431
v -0.033168 0.0075 0.104525
v -0.032917 0.0075 0.10446
v -0.032733 0.0075 0.104278
v -0.03284 0.007466 0.104215
v -0.032919 0.007375 0.104168
v -0.038256 0.0075 0.113233
v -0.038336 0.0075 0.104482
v -0.038334 0.007297 0.104236
v -0.038336 0.007486 0.104399
v -0.038336 0.007479 0.104387
v -0.038336 0.007445 0.104326
v -0.038335 0.007344 0.104255
v -0.038336 0.007382 0.10427
v -0.038336 0.007424 0.104307
v -0.038378 0.007295 0.099481
v -0.038378 -0.007296 0.099481
v 0.048913 -0.018849 0.113956
v 0.047956 -0.021486 0.113948
v 0.048002 -0.021486 0.108448
v 0.047839 -0.021723 0.113947
v 0.045912 -0.025686 0.108431
v 0.046496 -0.024421 0.113936
v 0.045867 -0.025686 0.11393
v 0.047838 0.021723 0.113947
v 0.048002 0.021486 0.108448
v 0.046496 0.024421 0.113936
v 0.045912 0.025687 0.10843
v 0.045866 0.025687 0.11393
v 0.049979 -0.015909 0.113964
v 0.050514 -0.014559 0.108469
v 0.050468 -0.014559 0.113968
v 0.052052 -0.006528 0.113982
v 0.051995 -0.00735 0.113981
v 0.05204 -0.00735 0.108481
v 0.051494 -0.009716 0.113977
v 0.050827 -0.012862 0.113972
v 0.052279 -0.003268 0.113983
v 0.052552 0.0 0.108486
v 0.052507 0.0 0.113985
v 0.05204 0.007351 0.108481
v 0.052052 0.006528 0.113982
v 0.052279 0.003269 0.113983
v 0.050468 0.014559 0.113968
v 0.050827 0.012862 0.113972
v 0.050513 0.014559 0.108469
v 0.051494 0.009716 0.113977
v 0.051995 0.007351 0.113981
v 0.047956 0.021486 0.113948
v 0.048912 0.018849 0.113956
v 0.049978 0.015909 0.113964
v -0.0347 0.014633 0.099762
v -0.034767 0.014633 0.107762
v -0.037381 0.015359 0.099739
v -0.037313 0.015322 0.10774
v -0.029536 0.028315 0.107805
v -0.026193 0.031385 0.107833
v -0.026183 0.031338 0.111368
v -0.032495 0.024853 0.111315
v -0.032515 0.02489 0.10778
v -0.0296 0.02819 0.111339
v -0.029517 0.028267 0.11134
v -0.023103 0.033529 0.111393
v -0.022289 0.034063 0.107865
v -0.022266 0.033966 0.1114
v -0.019751 0.035278 0.111421
v -0.017985 0.036034 0.107901
v -0.017972 0.035915 0.111436
v -0.013407 0.03724 0.107939
v -0.008691 0.037646 0.107978
v -0.00872 0.037585 0.111512
v -0.012492 0.037325 0.111481
v -0.013416 0.037132 0.111474
v -0.016192 0.036552 0.111451
v 0.027769 0.037585 0.111815
v 0.027798 0.037647 0.10828
v 0.042838 0.033052 0.108405
v 0.042592 0.033061 0.113903
v 0.039594 0.034999 0.108378
v 0.040562 0.034279 0.113886
v 0.039507 0.034912 0.113878
v 0.045913 0.029995 0.113931
v 0.046032 0.030057 0.108432
v 0.047124 0.028242 0.113941
v 0.048183 0.026945 0.108449
v 0.048053 0.026898 0.113949
v 0.045753 0.030145 0.113929
v 0.044184 0.031617 0.113916
v 0.042735 0.032975 0.113904
v 0.054998 -1.1e-05 0.114006
v 0.054998 0.0 0.114006
v 0.055148 0.0 0.108507
v 0.048611 0.025728 0.113953
v 0.050375 0.022539 0.108467
v 0.050167 0.022464 0.113966
v 0.050182 -0.022471 0.113966
v 0.050375 -0.022538 0.108467
v 0.048606 -0.025748 0.113953
v 0.048183 -0.026944 0.108449
v 0.048053 -0.026898 0.113949
v 0.053169 0.014166 0.113991
v 0.052816 0.015227 0.113988
v 0.05301 0.015272 0.108489
v 0.051264 0.019896 0.113975
v 0.050972 0.020775 0.113973
v 0.053286 0.013572 0.113992
v 0.054611 0.007711 0.108503
v 0.054453 0.007694 0.114002
v 0.055004 0.000574 0.114006
v 0.054549 0.006879 0.114002
v 0.054512 0.007394 0.114002
v 0.054364 -0.00842 0.114001
v 0.054431 -0.007693 0.114001
v 0.054611 -0.00771 0.108503
v 0.054504 -0.006896 0.114002
v 0.05498 -0.00172 0.114006
v 0.053251 -0.013586 0.113992
v 0.05301 -0.015272 0.108489
v 0.052961 -0.014929 0.113989
v 0.050826 -0.021133 0.113972
v 0.051246 -0.019912 0.113975
v 0.052854 -0.01524 0.113988
v 0.039594 -0.034998 0.108378
v 0.039507 -0.034912 0.113878
v 0.040589 -0.034355 0.113887
v 0.042708 -0.032934 0.113904
v 0.042838 -0.033052 0.108405
v 0.042557 -0.033036 0.113903
v 0.040652 -0.034323 0.113887
v 0.047124 -0.028263 0.113941
v 0.046032 -0.030057 0.108432
v 0.046087 -0.029787 0.113932
v 0.045896 -0.029977 0.113931
v 0.043333 -0.032513 0.113909
v 0.044199 -0.031656 0.113917
v 0.045729 -0.030142 0.113929
v 0.027769 -0.037585 0.111815
v 0.027799 -0.037646 0.10828
v -0.00872 -0.037585 0.111512
v -0.008691 -0.037647 0.107978
v -0.012491 -0.037325 0.111481
v -0.013407 -0.037241 0.107939
v -0.013416 -0.037132 0.111474
v -0.016192 -0.036552 0.111451
v -0.017985 -0.036034 0.107901
v -0.017972 -0.035915 0.111436
v -0.022289 -0.034063 0.107865
v -0.026193 -0.031386 0.107833
v -0.026183 -0.031338 0.111368
v -0.023103 -0.03353 0.111393
v -0.022265 -0.033966 0.1114
v -0.019751 -0.035278 0.111421
v -0.012461 -0.037049 0.112467
v -0.008728 -0.037306 0.112498
v -0.016124 -0.036283 0.112436
v -0.019647 -0.035022 0.112407
v -0.022965 -0.033291 0.11238
v -0.026014 -0.031122 0.112354
v -0.025557 -0.030557 0.113076
v -0.022589 -0.032668 0.1131
v -0.019361 -0.034353 0.113127
v -0.015932 -0.03558 0.113156
v -0.012367 -0.036325 0.113185
v -0.008734 -0.036575 0.113215
v -0.024931 -0.029792 0.113343
v -0.022075 -0.031824 0.113367
v -0.018966 -0.033446 0.113393
v -0.015665 -0.034627 0.11342
v -0.012234 -0.035345 0.113449
v -0.008736 -0.035585 0.113477
v -0.03253 -0.024807 0.111324
v -0.032631 -0.02467 0.111349
v -0.032421 -0.024503 0.112301
v -0.035034 -0.020891 0.111997
v -0.035105 -0.020745 0.11202
v -0.035014 -0.020687 0.11228
v -0.037551 -0.014191 0.112873
v -0.037749 -0.013102 0.112964
v -0.036495 -0.016299 0.112985
v -0.037183 -0.01177 0.113242
v -0.037947 -0.012017 0.113055
v -0.037952 -0.01199 0.113057
v -0.038014 -0.011652 0.113086
v -0.038176 -0.01012 0.113173
v -0.038258 -0.007649 0.113233
v -0.036852 -0.016675 0.112596
v -0.036883 -0.016567 0.112608
v -0.036905 -0.016487 0.112617
v -0.036023 -0.018858 0.112306
v -0.034394 -0.020312 0.113003
v -0.03591 -0.01909 0.112271
v -0.033303 -0.023753 0.111516
v -0.033523 -0.023432 0.111573
v -0.034881 -0.021205 0.11195
v -0.032495 -0.024853 0.111315
v -0.029407 -0.027996 0.112326
v -0.0296 -0.028191 0.111339
v -0.029516 -0.028268 0.11134
v -0.031847 -0.024058 0.113024
v -0.028889 -0.027488 0.113048
v -0.028179 -0.0268 0.113316
v -0.031064 -0.023456 0.113292
v -0.033547 -0.019803 0.113272
v -0.035596 -0.015891 0.113255
v -0.029536 -0.028315 0.107805
v -0.032515 -0.024891 0.10778
v -0.034707 -0.014654 0.107762
v -0.034767 -0.014634 0.107762
v -0.037313 -0.015323 0.10774
v -0.034645 0.014648 0.107763
v -0.034496 0.014601 0.107764
v -0.034049 0.016033 0.107767
v -0.034199 0.01608 0.107766
v -0.034251 0.016109 0.107766
v -0.034707 0.014654 0.107762
v -0.034288 0.016156 0.107765
v -0.034304 0.016214 0.107765
v -0.032663 -0.01994 0.107779
v -0.034295 -0.016273 0.107765
v -0.035077 -0.020932 0.107759
v -0.036928 -0.016595 0.107744
v -0.034304 -0.016214 0.107765
v -0.036928 0.016595 0.107744
v -0.035077 0.020932 0.107759
v -0.034049 -0.016034 0.107767
v -0.034496 -0.014602 0.107764
v -0.034199 -0.01608 0.107766
v -0.034645 -0.014648 0.107763
v -0.034251 -0.016109 0.107766
v -0.034288 -0.016156 0.107765
v 0.033274 0.034443 0.108326
v 0.031645 0.037377 0.108312
v 0.027798 0.035051 0.10828
v -0.008691 0.035051 0.107978
v -0.012964 0.034683 0.107942
v -0.017111 0.03359 0.107908
v -0.02101 0.031804 0.107876
v -0.024547 0.029378 0.107846
v -0.027676 0.026504 0.10782
v -0.030464 0.023299 0.107797
v -0.032663 0.01994 0.107779
v -0.034295 0.016273 0.107765
v -0.030464 -0.023299 0.107797
v -0.027675 -0.026505 0.10782
v -0.024547 -0.029379 0.107846
v -0.02101 -0.031804 0.107876
v -0.01711 -0.03359 0.107908
v -0.012963 -0.034683 0.107942
v -0.008691 -0.035051 0.107978
v 0.027799 -0.03505 0.10828
v 0.033275 -0.034443 0.108326
v 0.031646 -0.037377 0.108312
v 0.036001 -0.036399 0.108348
v 0.038484 -0.032651 0.108369
v 0.041428 -0.030865 0.108393
v 0.04394 -0.028509 0.108414
v 0.04394 0.028509 0.108414
v 0.041428 0.030865 0.108393
v 0.038484 0.032652 0.108369
v 0.036001 0.036399 0.108348
v -0.0347 -0.014634 0.099762
v -0.037381 -0.015359 0.099739
v -0.038087 -0.012027 0.099484
v -0.037387 -0.015345 0.099489
v -0.036191 0.015021 0.099499
v -0.037388 0.015345 0.099489
v -0.036947 0.011208 0.099493
v -0.038088 0.012027 0.099484
v -0.037138 0.007326 0.099492
v -0.037138 -0.007326 0.099492
v -0.036947 -0.011209 0.099493
v -0.03619 -0.015022 0.099499
v -0.037949 0.012017 0.113055
v -0.037953 0.01199 0.113058
v -0.038258 0.007649 0.113233
v -0.038233 0.009191 0.113209
v -0.038014 0.011652 0.113086
v -0.036926 0.016452 0.112624
v -0.037596 0.01399 0.112892
v -0.037755 0.0131 0.112966
v -0.03592 0.019093 0.112272
v -0.035863 0.019222 0.112253
v -0.035098 0.02074 0.112019
v -0.036023 0.018858 0.112306
v -0.036883 0.016566 0.112609
v -0.036912 0.016489 0.112619
v -0.032631 0.02467 0.111349
v -0.032531 0.024807 0.111324
v -0.033304 0.023752 0.111516
v -0.034692 0.021545 0.111894
v -0.035025 0.020886 0.111996
v -0.032421 0.024502 0.112301
v -0.029408 0.027996 0.112326
v -0.035015 0.020687 0.11228
v -0.036495 0.016299 0.112985
v -0.034394 0.020312 0.113003
v -0.037183 0.011769 0.113242
v -0.026014 0.031122 0.112354
v -0.025557 0.030557 0.113076
v -0.028889 0.027488 0.113048
v -0.031847 0.024058 0.113024
v -0.024931 0.029792 0.113343
v -0.02818 0.026799 0.113316
v -0.031064 0.023455 0.113292
v -0.033547 0.019803 0.113272
v -0.035596 0.01589 0.113255
v -0.022965 0.033291 0.11238
v -0.019648 0.035022 0.112407
v -0.016124 0.036283 0.112436
v -0.012462 0.037048 0.112467
v -0.008728 0.037305 0.112498
v -0.008734 0.036575 0.113215
v -0.012367 0.036325 0.113185
v -0.015932 0.03558 0.113156
v -0.019361 0.034353 0.113127
v -0.02259 0.032668 0.1131
v -0.008737 0.035585 0.113477
v -0.012234 0.035344 0.113449
v -0.015666 0.034627 0.11342
v -0.018967 0.033446 0.113393
v -0.022075 0.031824 0.113367
v 0.027598 0.036215 0.113677
v 0.027535 0.036132 0.113702
v 0.027222 0.035585 0.113776
v 0.029217 0.037304 0.112811
v 0.02896 0.037217 0.112947
v 0.028234 0.036822 0.113356
v 0.028102 0.036721 0.113429
v 0.027948 0.036567 0.113504
v 0.027801 0.037585 0.111824
v 0.030236 0.037462 0.112491
v 0.030213 0.037462 0.112492
v 0.029821 0.037436 0.112555
v 0.029292 0.037329 0.112772
v 0.031586 0.037281 0.113873
v 0.031564 0.037284 0.113902
v 0.030507 0.037416 0.113589
v 0.03149 0.037293 0.113961
v 0.031217 0.037327 0.114072
v 0.030926 0.037361 0.114122
v 0.030558 0.037401 0.114121
v 0.030533 0.037409 0.113855
v 0.030539 0.037404 0.114105
v 0.030521 0.037406 0.114061
v 0.030553 0.037402 0.114119
v 0.030548 0.037403 0.114116
v 0.030484 0.037437 0.1126
v 0.030426 0.037443 0.112563
v 0.030425 0.037443 0.112562
v 0.030332 0.037453 0.112527
v 0.031602 0.037279 0.113833
v 0.03159 0.037281 0.113867
v 0.031599 0.037282 0.11371
v 0.031589 0.037287 0.113515
v 0.031576 0.037294 0.113228
v 0.030488 0.03743 0.112946
v 0.031558 0.037304 0.112834
v 0.030486 0.037436 0.112605
v 0.030486 0.037437 0.112603
v 0.034197 0.03678 0.114067
v 0.034145 0.036793 0.114043
v 0.034601 0.036678 0.114162
v 0.034069 0.036812 0.114007
v 0.033972 0.036836 0.113934
v 0.03405 0.03682 0.11385
v 0.033942 0.036844 0.113891
v 0.033931 0.036847 0.113858
v 0.033932 0.036848 0.113822
v 0.033954 0.036846 0.113657
v 0.03399 0.036843 0.113387
v 0.031596 0.037297 0.112842
v 0.037962 0.035585 0.113865
v 0.036109 0.036249 0.113906
v 0.035923 0.036302 0.114055
v 0.035426 0.036452 0.11416
v 0.036295 0.036192 0.113757
v 0.0363 0.03619 0.113774
v 0.036326 0.03618 0.113853
v 0.036314 0.036183 0.113909
v 0.036282 0.036193 0.113939
v 0.036146 0.036235 0.114008
v 0.036329 0.036179 0.11387
v 0.036325 0.03618 0.113888
v 0.027915 0.03628 0.113841
v 0.0278 0.03615 0.11391
v 0.027761 0.036142 0.113804
v 0.030215 0.037447 0.112573
v 0.029831 0.037427 0.112584
v 0.030214 0.037454 0.112518
v 0.029842 0.037421 0.112614
v 0.030214 0.037449 0.112545
v 0.029852 0.03742 0.112645
v 0.029318 0.037314 0.112808
v 0.029342 0.037307 0.112848
v 0.029365 0.037309 0.112889
v 0.028295 0.036784 0.113405
v 0.028995 0.037196 0.112989
v 0.028348 0.03677 0.113472
v 0.029028 0.037187 0.113036
v 0.028388 0.03678 0.113548
v 0.028326 0.036728 0.113589
v 0.028225 0.036665 0.113548
v 0.028168 0.036681 0.113478
v 0.029058 0.037191 0.113086
v 0.029082 0.037201 0.113071
v 0.028265 0.036676 0.11363
v 0.02763 0.036082 0.113745
v 0.027689 0.036165 0.113721
v 0.027704 0.036058 0.11383
v 0.027742 0.036064 0.113939
v 0.027336 0.035541 0.113809
v 0.027421 0.035508 0.113899
v 0.027453 0.035496 0.114022
v 0.030573 0.037194 0.118461
v 0.02732 0.033115 0.136435
v 0.027047 0.032296 0.136319
v 0.027188 0.033498 0.128903
v 0.028034 0.034026 0.136571
v 0.027919 0.033922 0.136555
v 0.02781 0.03485 0.129119
v 0.027694 0.033633 0.136512
v 0.027389 0.033244 0.136453
v 0.029734 0.03474 0.136698
v 0.028903 0.034547 0.136657
v 0.029017 0.035732 0.129274
v 0.028878 0.034536 0.136655
v 0.028756 0.034485 0.136646
v 0.030368 0.034728 0.136708
v 0.029888 0.034749 0.136702
v 0.03048 0.035687 0.130785
v 0.030508 0.035923 0.129328
v 0.0291 0.036979 0.118442
v 0.029085 0.037192 0.113593
v 0.027297 0.03493 0.114022
v 0.027912 0.036084 0.118375
v 0.030573 0.037181 0.118588
v 0.029076 0.036462 0.123876
v 0.03055 0.036559 0.124697
v 0.030557 0.036666 0.123917
v 0.027879 0.035573 0.123757
v 0.027302 0.03473 0.118277
v 0.027264 0.03422 0.123589
v 0.026213 0.027529 0.136312
v 0.026015 0.027596 0.114011
v 0.026274 0.029076 0.114014
v 0.025935 0.027138 0.114011
v 0.023911 0.023736 0.126227
v 0.023832 0.023871 0.113993
v 0.024676 0.024598 0.114
v 0.023976 0.023626 0.136293
v 0.024615 0.024166 0.136298
v 0.024992 0.024603 0.136302
v 0.024879 0.024845 0.114002
v 0.025157 0.024793 0.136303
v 0.025043 0.025044 0.114003
v 0.026133 0.027071 0.136311
v 0.026019 0.026559 0.13631
v 0.025795 0.026547 0.11401
v 0.025974 0.026408 0.13631
v 0.025643 0.026136 0.114008
v 0.02581 0.025994 0.136308
v 0.025596 0.026008 0.114008
v 0.02567 0.02564 0.136307
v 0.025247 0.024919 0.136304
v 0.026616 0.031034 0.114016
v 0.02659 0.029682 0.136315
v 0.026472 0.029009 0.136314
v 0.025902 0.027144 0.113887
v 0.026372 0.031077 0.113769
v 0.027053 0.034973 0.113774
v 0.026494 0.031056 0.113802
v 0.027174 0.034952 0.113808
v 0.026583 0.03104 0.113893
v 0.027263 0.034936 0.113899
v 0.025691 0.027182 0.113763
v 0.025812 0.02716 0.113797
v 0.023814 0.0239 0.11387
v 0.024651 0.024622 0.113877
v 0.025676 0.026583 0.113796
v 0.025762 0.026557 0.113886
v 0.025566 0.026022 0.113885
v 0.025016 0.025065 0.11388
v 0.025483 0.026059 0.113794
v 0.024943 0.025118 0.11379
v 0.024585 0.024684 0.113787
v 0.023763 0.023975 0.11378
v 0.025558 0.026619 0.113762
v 0.025369 0.026108 0.11376
v 0.024844 0.025192 0.113756
v 0.024494 0.024768 0.113753
v 0.023693 0.024077 0.113747
v 0.022658 0.022269 0.113983
v 0.022529 0.021415 0.113982
v 0.022626 0.02228 0.11386
v 0.022495 0.021415 0.113859
v 0.022539 0.022306 0.11377
v 0.022404 0.021416 0.113769
v 0.022421 0.022342 0.113736
v 0.022281 0.021417 0.113735
v 0.022496 0.022559 0.113737
v 0.022611 0.022515 0.11377
v 0.022695 0.022482 0.11386
v 0.023109 0.02317 0.113987
v 0.022902 0.022791 0.113985
v 0.022727 0.02247 0.113984
v 0.023214 0.023359 0.113865
v 0.023082 0.023191 0.113864
v 0.023145 0.023418 0.113775
v 0.023009 0.023245 0.113774
v 0.023051 0.023498 0.113741
v 0.022909 0.023318 0.11374
v 0.02324 0.023336 0.113988
v 0.022264 0.00827 0.113735
v 0.022387 0.00827 0.113768
v 0.022478 0.008271 0.113859
v 0.022512 0.008271 0.113982
v 0.022261 -0.004876 0.113735
v 0.022385 -0.004876 0.113768
v 0.022475 -0.004876 0.113859
v 0.022509 -0.004876 0.113982
v 0.022262 -0.021384 0.113735
v 0.022385 -0.021384 0.113768
v 0.022476 -0.021384 0.113859
v 0.02251 -0.021384 0.113982
v 0.023744 -0.023809 0.113992
v 0.023824 -0.023865 0.113993
v 0.023725 -0.023837 0.113869
v 0.023806 -0.023894 0.11387
v 0.023672 -0.023911 0.113779
v 0.023755 -0.02397 0.11378
v 0.023599 -0.024011 0.113746
v 0.023686 -0.024072 0.113746
v 0.023167 -0.023258 0.113987
v 0.023141 -0.02328 0.113864
v 0.023071 -0.023337 0.113774
v 0.022974 -0.023414 0.11374
v 0.022837 -0.02323 0.113739
v 0.022939 -0.02316 0.113773
v 0.023013 -0.023108 0.113863
v 0.022679 -0.022377 0.113983
v 0.022882 -0.022776 0.113985
v 0.023041 -0.023088 0.113986
v 0.022583 -0.022184 0.113859
v 0.022647 -0.022389 0.11386
v 0.022496 -0.022208 0.113769
v 0.022562 -0.022419 0.11377
v 0.022377 -0.022241 0.113736
v 0.022445 -0.02246 0.113736
v 0.022616 -0.022175 0.113983
v 0.02432 -0.02425 0.113997
v 0.024298 -0.024276 0.113874
v 0.024238 -0.024344 0.113784
v 0.024725 -0.024651 0.114001
v 0.0247 -0.024674 0.113877
v 0.02487 -0.024855 0.114002
v 0.025343 -0.025574 0.113883
v 0.025935 -0.027138 0.114011
v 0.025902 -0.027144 0.113887
v 0.025644 -0.026151 0.114008
v 0.025583 -0.026063 0.113885
v 0.025614 -0.026049 0.114008
v 0.025373 -0.025557 0.114006
v 0.024633 -0.024735 0.113787
v 0.025265 -0.025619 0.113792
v 0.0255 -0.026099 0.113794
v 0.025813 -0.02716 0.113797
v 0.024157 -0.024437 0.11375
v 0.024541 -0.024818 0.113753
v 0.025157 -0.025679 0.113759
v 0.025386 -0.026147 0.113761
v 0.025691 -0.027181 0.113763
v 0.026276 -0.029086 0.114014
v 0.026617 -0.031037 0.114016
v 0.026584 -0.031043 0.113893
v 0.026017 -0.027606 0.114011
v 0.026373 -0.03108 0.113769
v 0.026494 -0.031058 0.113802
v 0.027801 -0.037585 0.111824
v 0.038766 -0.035249 0.113872
v 0.030622 -0.037423 0.112593
v 0.030605 -0.037424 0.112639
v 0.030606 -0.037423 0.11264
v 0.036322 -0.036181 0.113842
v 0.036305 -0.036188 0.113807
v 0.036102 -0.036251 0.113915
v 0.036331 -0.036178 0.113866
v 0.036332 -0.036177 0.113883
v 0.036327 -0.036179 0.1139
v 0.036312 -0.036183 0.113923
v 0.035924 -0.036302 0.114075
v 0.036021 -0.036274 0.114061
v 0.036258 -0.0362 0.113966
v 0.037962 -0.035585 0.113865
v 0.03628 -0.036197 0.113755
v 0.031596 -0.037291 0.11284
v 0.032028 -0.037233 0.112949
v 0.034009 -0.036827 0.113957
v 0.034118 -0.0368 0.114025
v 0.034933 -0.036596 0.11386
v 0.033934 -0.036856 0.113376
v 0.033933 -0.036851 0.113644
v 0.033932 -0.036848 0.11382
v 0.033939 -0.036845 0.11387
v 0.033965 -0.036838 0.113913
v 0.034132 -0.036796 0.114034
v 0.034508 -0.036702 0.114153
v 0.035008 -0.036569 0.114196
v 0.03512 -0.036538 0.114194
v 0.030578 -0.036727 0.123382
v 0.030566 -0.03656 0.124698
v 0.033081 -0.036144 0.124748
v 0.033105 0.036139 0.124748
v 0.033903 0.036615 0.118639
v 0.037852 -0.035625 0.113858
v 0.037523 -0.03549 0.1187
v 0.033876 -0.036621 0.118639
v 0.030584 -0.03727 0.117293
v 0.030588 -0.037212 0.118185
v 0.040261 -0.034249 0.118715
v 0.04233 -0.03298 0.118694
v 0.044092 -0.031592 0.118681
v 0.04567 -0.030007 0.118695
v 0.047134 -0.028103 0.118724
v 0.048597 -0.025564 0.118743
v 0.051213 -0.019742 0.118756
v 0.053193 -0.013458 0.11876
v 0.054433 -0.006827 0.118759
v 0.054856 -1.1e-05 0.118758
v 0.054435 0.006805 0.118759
v 0.053198 0.013437 0.11876
v 0.05122 0.019723 0.118756
v 0.047144 0.028089 0.118725
v 0.048606 0.025546 0.118743
v 0.044103 0.031583 0.118681
v 0.04568 0.029996 0.118695
v 0.040276 0.034241 0.118715
v 0.042342 0.032971 0.118694
v 0.037873 0.035617 0.113859
v 0.037544 0.035482 0.118701
v 0.031638 0.037293 0.112854
v 0.030543 0.034698 0.136707
v 0.031918 0.035468 0.130813
v 0.034794 0.034751 0.13087
v 0.032853 0.034294 0.136702
v 0.03856 0.032477 0.136706
v 0.0376 0.033776 0.130885
v 0.039058 0.032243 0.136707
v 0.040389 0.032527 0.130868
v 0.040784 0.031432 0.13671
v 0.036204 0.033353 0.136704
v 0.035762 0.033484 0.136704
v 0.033738 0.034082 0.136702
v 0.041744 0.030895 0.13671
v 0.04311 0.030891 0.130862
v 0.042453 0.030427 0.136707
v 0.045511 0.028826 0.130883
v 0.045002 0.028484 0.136683
v 0.043451 0.029768 0.136703
v 0.047592 0.025347 0.136606
v 0.047486 0.025535 0.13661
v 0.047382 0.026443 0.130917
v 0.046288 0.027142 0.136652
v 0.045431 0.028036 0.136673
v 0.048493 0.023748 0.136568
v 0.048823 0.023773 0.130935
v 0.048484 0.023767 0.136568
v 0.051175 0.0181 0.130946
v 0.052883 0.012206 0.130947
v 0.053922 0.006143 0.130944
v 0.05427 -1e-05 0.130942
v 0.053004 -0.012927 0.125164
v 0.053261 -0.011933 0.125165
v 0.053036 -0.012966 0.12486
v 0.053834 -0.008982 0.125167
v 0.054197 -0.006562 0.124854
v 0.054156 -0.006541 0.125167
v 0.052337 -0.01551 0.125161
v 0.051163 -0.019093 0.124862
v 0.051175 -0.019019 0.125156
v 0.048267 -0.02557 0.125134
v 0.048642 -0.024804 0.125137
v 0.048651 -0.024854 0.124853
v 0.049595 -0.022856 0.125145
v 0.051018 -0.019439 0.125155
v 0.048075 -0.025932 0.12514
v 0.047199 -0.027441 0.124832
v 0.047205 -0.027384 0.125227
v 0.045576 -0.02953 0.124795
v 0.045949 -0.029045 0.12536
v 0.047183 -0.027422 0.125229
v 0.045497 -0.02884 0.130883
v 0.043094 -0.030902 0.130862
v 0.042438 -0.030451 0.136707
v 0.043922 -0.029409 0.136698
v 0.040371 -0.032536 0.130869
v 0.040668 -0.031493 0.13671
v 0.042206 -0.030614 0.136709
v 0.035742 -0.033491 0.136704
v 0.036163 -0.033366 0.136704
v 0.037582 -0.033783 0.130885
v 0.03848 -0.03251 0.136706
v 0.039035 -0.032252 0.136707
v 0.033738 -0.034082 0.136702
v 0.034776 -0.034756 0.13087
v 0.032874 -0.034263 0.136704
v 0.030551 -0.036355 0.126318
v 0.030481 -0.035667 0.130784
v 0.031898 -0.035471 0.130813
v 0.030429 -0.035153 0.134125
v 0.03128 -0.034598 0.136706
v 0.030529 -0.034705 0.136707
v 0.030365 -0.034728 0.136707
v 0.030587 -0.037175 0.118587
v 0.036442 0.035171 0.12482
v 0.039201 0.034035 0.124831
v 0.04155 0.032775 0.124798
v 0.043688 0.03129 0.124777
v 0.045587 0.029518 0.124795
v 0.047208 0.027426 0.124832
v 0.04866 0.024836 0.124853
v 0.05117 0.019074 0.124862
v 0.053041 0.012945 0.12486
v 0.054199 0.006541 0.124854
v 0.054591 -1.1e-05 0.124851
v 0.043675 -0.0313 0.124778
v 0.041536 -0.032784 0.124799
v 0.039185 -0.034042 0.124831
v 0.036422 -0.035177 0.124819
v 0.054316 -0.005329 0.125167
v 0.028885 -0.034509 0.136651
v 0.02937 -0.034686 0.136684
v 0.028934 -0.034966 0.134066
v 0.029514 -0.034712 0.13669
v 0.027243 -0.032951 0.136411
v 0.027673 -0.033648 0.136513
v 0.027722 -0.034086 0.133897
v 0.027694 -0.033681 0.136518
v 0.027785 -0.033785 0.136534
v 0.028447 -0.034324 0.136619
v 0.028571 -0.034394 0.13663
v 0.027099 -0.032733 0.133661
v 0.027191 -0.032822 0.136393
v 0.027047 -0.032295 0.136319
v 0.027919 -0.036164 0.117226
v 0.02911 -0.037058 0.11728
v 0.029092 -0.036528 0.123343
v 0.029061 -0.036162 0.126271
v 0.029111 -0.037003 0.118167
v 0.027855 -0.035277 0.126133
v 0.027889 -0.03564 0.123228
v 0.027918 -0.03611 0.118103
v 0.027234 -0.033922 0.12594
v 0.02727 -0.034284 0.123065
v 0.027304 -0.034754 0.118009
v 0.027306 -0.034809 0.117146
v 0.02659 -0.029682 0.136315
v 0.026474 -0.029019 0.136314
v 0.026216 -0.027539 0.136312
v 0.026134 -0.027071 0.136311
v 0.026128 -0.027041 0.136311
v 0.025914 -0.026223 0.136309
v 0.025819 -0.026008 0.136309
v 0.025579 -0.025461 0.136306
v 0.025519 -0.025352 0.136306
v 0.025001 -0.0246 0.136302
v 0.025054 -0.024658 0.136302
v 0.023893 -0.023746 0.124753
v 0.024491 -0.024047 0.136297
v 0.024391 -0.023957 0.136297
v 0.023968 -0.02362 0.136293
v 0.022949 -0.022673 0.124752
v 0.02287 -0.022135 0.136289
v 0.023074 -0.022538 0.136291
v 0.023346 -0.023023 0.136293
v 0.023259 -0.022904 0.136292
v 0.022608 -0.021285 0.124742
v 0.022714 -0.021181 0.136283
v 0.022827 -0.021994 0.136288
v 0.02264 0.021303 0.126216
v 0.022732 0.021212 0.136283
v 0.022716 0.008282 0.136283
v 0.022713 -0.004631 0.136283
v 0.022861 0.022064 0.136288
v 0.022981 0.022673 0.126226
v 0.023092 0.022553 0.136291
v 0.022907 0.022204 0.136289
v 0.0234 0.023082 0.136293
v 0.02331 0.022965 0.136292
v 0.024697 0.022603 0.138428
v 0.025418 0.021599 0.138762
v 0.025322 0.021508 0.138761
v 0.02417 0.023343 0.137526
v 0.024364 0.022286 0.138426
v 0.023663 0.022861 0.137525
v 0.023583 0.022758 0.137524
v 0.025307 0.021489 0.138761
v 0.024312 0.022219 0.138425
v 0.02524 0.021362 0.13876
v 0.024079 0.021778 0.138424
v 0.025232 0.021339 0.13876
v 0.024052 0.021697 0.138423
v 0.025211 0.021197 0.13876
v 0.023976 0.021204 0.138422
v 0.023227 0.022085 0.137521
v 0.023186 0.021962 0.137521
v 0.023071 0.02121 0.137517
v 0.027359 0.026853 0.13845
v 0.028575 0.026639 0.138788
v 0.028408 0.025894 0.138786
v 0.026467 0.027011 0.137545
v 0.027218 0.026223 0.138449
v 0.026298 0.026304 0.137544
v 0.026345 0.026466 0.137544
v 0.028342 0.02567 0.138786
v 0.027163 0.026035 0.138448
v 0.027896 0.024544 0.138782
v 0.026787 0.025087 0.138445
v 0.027279 0.023492 0.138777
v 0.026266 0.024198 0.138441
v 0.027147 0.023307 0.138776
v 0.026154 0.024043 0.13844
v 0.025974 0.025487 0.137541
v 0.025524 0.024719 0.137537
v 0.025428 0.024585 0.137537
v 0.02485 0.023918 0.137532
v 0.025485 0.023269 0.138434
v 0.026352 0.022389 0.138769
v 0.029489 0.031865 0.138795
v 0.029032 0.029252 0.138792
v 0.028273 0.032079 0.138458
v 0.027816 0.029465 0.138454
v 0.027381 0.032236 0.137553
v 0.026924 0.029622 0.137549
v 0.030187 0.033402 0.138531
v 0.030044 0.03228 0.1388
v 0.029964 0.032284 0.138799
v 0.030303 0.034282 0.137779
v 0.029923 0.033414 0.138528
v 0.029896 0.0343 0.137775
v 0.029765 0.034293 0.137772
v 0.029057 0.034137 0.137748
v 0.028931 0.034087 0.137742
v 0.028302 0.03371 0.137698
v 0.0282 0.033623 0.137689
v 0.029938 0.032282 0.138799
v 0.029839 0.03341 0.138527
v 0.029799 0.032249 0.138798
v 0.029379 0.03331 0.138518
v 0.029775 0.032239 0.138798
v 0.029298 0.033278 0.138516
v 0.029654 0.03216 0.138797
v 0.028887 0.033036 0.138502
v 0.029635 0.032142 0.138797
v 0.02882 0.03298 0.138499
v 0.029546 0.032027 0.138796
v 0.028503 0.032612 0.138481
v 0.029535 0.032005 0.138796
v 0.028459 0.03254 0.138478
v 0.02772 0.033054 0.137631
v 0.027654 0.032944 0.13762
v 0.032747 0.033861 0.137785
v 0.033619 0.033654 0.137789
v 0.032546 0.032994 0.138546
v 0.03339 0.032793 0.138552
v 0.032294 0.031883 0.138819
v 0.033104 0.031688 0.138825
v 0.039213 0.029655 0.138864
v 0.039223 0.029697 0.138865
v 0.039237 0.029665 0.138868
v 0.039195 0.029663 0.138863
v 0.039209 0.029707 0.138864
v 0.039208 0.029727 0.138864
v 0.039213 0.02972 0.138864
v 0.03922 0.029704 0.138865
v 0.039191 0.029709 0.138864
v 0.039189 0.029748 0.138862
v 0.039185 0.029748 0.138862
v 0.039185 0.029754 0.138862
v 0.039181 0.029757 0.138862
v 0.039231 0.029647 0.138867
v 0.039195 0.029573 0.138861
v 0.039175 0.02959 0.138857
v 0.039135 0.029483 0.138846
v 0.039178 0.029672 0.138863
v 0.039155 0.029608 0.138856
v 0.039134 0.029625 0.138857
v 0.039082 0.029542 0.138838
v 0.039055 0.02957 0.138842
v 0.039045 0.029373 0.138802
v 0.038904 0.029313 0.138727
v 0.039109 0.029513 0.138839
v 0.03894 0.029244 0.138749
v 0.038821 0.029106 0.138628
v 0.038789 0.029205 0.138597
v 0.038777 0.02942 0.138733
v 0.038783 0.029423 0.138738
v 0.038854 0.029377 0.138726
v 0.038796 0.029429 0.138747
v 0.039045 0.029565 0.138839
v 0.03882 0.029105 0.138627
v 0.038762 0.029038 0.138512
v 0.03874 0.029157 0.138489
v 0.03874 0.029011 0.138381
v 0.038723 0.029139 0.138379
v 0.038723 0.029291 0.138596
v 0.038666 0.029255 0.138489
v 0.038645 0.029243 0.138378
v 0.038635 0.029348 0.138625
v 0.038597 0.029329 0.138569
v 0.038557 0.029309 0.13851
v 0.038526 0.029293 0.138379
v 0.038912 0.002438 0.136374
v 0.035045 0.002278 0.136341
v 0.035023 0.002271 0.134091
v 0.038931 0.002438 0.134124
v 0.04283 0.00152 0.134156
v 0.042812 0.00152 0.136406
v 0.04633 -0.000431 0.134185
v 0.046311 -0.000431 0.136435
v 0.049162 -0.003264 0.134208
v 0.049144 -0.003264 0.136458
v 0.035006 0.001031 0.138729
v 0.03534 0.000648 0.138844
v 0.035013 0.000938 0.138763
v 0.035062 0.001074 0.13873
v 0.03515 0.001042 0.138764
v 0.035111 0.001122 0.138748
v 0.034946 0.000997 0.138746
v 0.034773 0.001152 0.138588
v 0.034837 0.001219 0.13852
v 0.034729 0.001191 0.138547
v 0.034683 0.001232 0.138444
v 0.034806 0.001252 0.138427
v 0.034669 0.001245 0.138347
v 0.034797 0.001262 0.138346
v 0.034929 0.001288 0.138521
v 0.034907 0.001328 0.138428
v 0.0349 0.00134 0.138347
v 0.03501 0.001332 0.13859
v 0.034985 0.001385 0.13855
v 0.034959 0.001441 0.138446
v 0.034951 0.001459 0.138349
v 0.034923 0.001543 0.13409
v 0.034872 0.001423 0.13409
v 0.034769 0.001345 0.134089
v 0.034641 0.001329 0.134088
v 0.038503 0.029263 0.13637
v 0.038622 0.029213 0.136371
v 0.038701 0.029109 0.136372
v 0.03874 0.029011 0.13838
v 0.038717 0.028981 0.136372
v 0.039292 0.029414 0.138877
v 0.039294 0.029403 0.138877
v 0.038834 0.02978 0.138869
v 0.037587 0.030191 0.138863
v 0.040148 0.030263 0.1386
v 0.038034 0.031253 0.138585
v 0.046216 0.022678 0.138934
v 0.047314 0.023209 0.138627
v 0.048139 0.023605 0.137766
v 0.045972 0.026882 0.137806
v 0.047152 0.025325 0.137786
v 0.043191 0.029429 0.137824
v 0.044711 0.028182 0.137818
v 0.045373 0.024179 0.138927
v 0.046385 0.024832 0.138628
v 0.044369 0.025531 0.138919
v 0.045277 0.026299 0.138627
v 0.043285 0.026668 0.13891
v 0.04409 0.027526 0.138623
v 0.041956 0.027772 0.138899
v 0.042651 0.028708 0.138617
v 0.040461 0.028762 0.138886
v 0.041054 0.029758 0.138607
v 0.039604 0.029242 0.138879
v 0.040573 0.031053 0.137818
v 0.041517 0.030528 0.137822
v 0.035405 0.031004 0.138844
v 0.035769 0.032092 0.138569
v 0.038384 0.032077 0.137808
v 0.036057 0.032938 0.137798
v 0.038806 0.029585 0.138839
v 0.031577 0.030215 0.136313
v 0.031295 0.030002 0.13631
v 0.031249 0.030041 0.138319
v 0.031299 0.03016 0.138317
v 0.031346 0.030121 0.136311
v 0.031402 0.030239 0.138318
v 0.031449 0.030199 0.136312
v 0.031188 0.030469 0.138698
v 0.031131 0.030426 0.138697
v 0.031043 0.030459 0.13873
v 0.031082 0.030378 0.138714
v 0.031359 0.030282 0.138491
v 0.031392 0.030249 0.138399
v 0.031268 0.030212 0.138491
v 0.031292 0.030172 0.138398
v 0.031185 0.030168 0.138558
v 0.031211 0.030115 0.138518
v 0.031239 0.030059 0.138415
v 0.026859 0.001814 0.138774
v 0.027365 0.002383 0.138526
v 0.027209 0.002209 0.138682
v 0.027149 0.002142 0.138698
v 0.02746 0.002489 0.138287
v 0.027404 0.002428 0.138487
v 0.027446 0.002474 0.138384
v 0.027516 0.002519 0.136279
v 0.02773 0.002237 0.136281
v 0.027674 0.002207 0.138289
v 0.027554 0.002258 0.138287
v 0.027611 0.002288 0.13628
v 0.027476 0.002361 0.138286
v 0.027532 0.002391 0.136279
v 0.027243 0.002149 0.138665
v 0.027286 0.002093 0.138665
v 0.027253 0.002005 0.138699
v 0.027334 0.002044 0.138683
v 0.027432 0.002319 0.138459
v 0.027466 0.002351 0.138366
v 0.027502 0.002227 0.138459
v 0.027542 0.002251 0.138367
v 0.027545 0.002146 0.138528
v 0.027598 0.002172 0.138488
v 0.027655 0.002199 0.138386
v 0.03259 0.001611 0.134071
v 0.032494 0.001582 0.13632
v 0.026843 -0.002245 0.136273
v 0.024843 -0.005053 0.136257
v 0.024881 -0.005019 0.134007
v 0.029519 4.6e-05 0.134045
v 0.0295 4.6e-05 0.136295
v 0.026861 -0.002245 0.134023
v 0.029791 -0.034363 0.113742
v 0.029897 -0.034494 0.11374
v 0.029868 -0.034267 0.118677
v 0.029388 -0.032024 0.136294
v 0.029278 -0.031888 0.136294
v 0.029407 -0.032398 0.133204
v 0.029172 -0.031756 0.136293
v 0.029057 -0.031432 0.136292
v 0.029199 -0.031944 0.133121
v 0.030175 -0.032266 0.136301
v 0.03001 -0.032273 0.1363
v 0.029815 -0.032692 0.133269
v 0.02968 -0.032203 0.136297
v 0.029675 -0.0322 0.136297
v 0.030782 -0.034811 0.114914
v 0.030775 -0.034663 0.117972
v 0.030274 -0.034565 0.118704
v 0.030002 -0.034624 0.113739
v 0.030785 -0.034866 0.113783
v 0.030288 -0.034801 0.113743
v 0.030287 -0.034801 0.113743
v 0.029678 -0.034047 0.113752
v 0.02966 -0.03381 0.11864
v 0.029646 -0.033742 0.119446
v 0.030655 -0.034068 0.124096
v 0.030102 -0.033783 0.126023
v 0.03024 -0.034382 0.120845
v 0.030774 -0.034627 0.118716
v 0.03074 -0.034443 0.12086
v 0.030736 -0.034424 0.121033
v 0.030604 -0.033841 0.126048
v 0.030438 -0.033209 0.130248
v 0.030317 -0.032749 0.1333
v 0.029833 -0.034086 0.120808
v 0.029694 -0.033488 0.12597
v 0.029625 -0.033629 0.120761
v 0.029506 -0.033123 0.12512
v 0.029485 -0.033032 0.125902
v 0.028647 -0.028018 0.119424
v 0.028606 -0.027958 0.125097
v 0.02836 -0.02656 0.125094
v 0.02823 -0.026704 0.136285
v 0.028199 -0.026589 0.136285
v 0.025394 -0.021892 0.126216
v 0.0254 -0.021893 0.12507
v 0.026685 -0.02308 0.12508
v 0.026698 -0.023146 0.113728
v 0.025438 -0.021905 0.118074
v 0.026446 -0.022835 0.113726
v 0.02542 -0.021935 0.113717
v 0.02655 -0.023128 0.136271
v 0.026478 -0.023042 0.13627
v 0.025489 -0.022103 0.136262
v 0.025253 -0.021923 0.13626
v 0.027736 -0.024689 0.125089
v 0.027446 -0.024439 0.136278
v 0.026696 -0.023302 0.136272
v 0.027875 -0.025388 0.136282
v 0.027612 -0.024807 0.13628
v 0.02842 -0.027786 0.136286
v 0.028878 -0.030407 0.13629
v 0.027718 -0.024694 0.113736
v 0.027848 -0.024925 0.113737
v 0.028241 -0.026015 0.113741
v 0.027178 -0.023737 0.113732
v 0.028365 -0.026572 0.113742
v 0.028396 -0.026708 0.113742
v 0.02863 -0.028049 0.113744
v 0.025064 -0.021458 0.113709
v 0.025129 -0.021574 0.11371
v 0.025137 -0.02155 0.118073
v 0.025227 -0.021751 0.113711
v 0.025094 -0.021537 0.126213
v 0.024963 -0.021562 0.136258
v 0.024899 -0.021447 0.136257
v 0.025062 -0.02174 0.136259
v 0.025008 -0.021127 0.113713
v 0.02503 -0.021098 0.118071
v 0.024993 -0.021088 0.12507
v 0.024987 -0.021086 0.126212
v 0.024843 -0.021116 0.136257
v 0.024993 0.021054 0.121381
v 0.025008 0.021126 0.113731
v 0.025008 0.0 0.113717
v 0.024914 0.021064 0.130011
v 0.024959 0.021058 0.125069
v 0.024998 2e-06 0.12507
v 0.024834 0.021106 0.136257
v 0.024842 0.003507 0.136257
v 0.024843 0.0 0.136257
v 0.024881 -0.00959 0.134007
v 0.02488 -0.01898 0.134007
v 0.024843 -0.018946 0.136257
v 0.025008 -0.006908 0.113712
v 0.02487 0.021373 0.136257
v 0.024955 0.021556 0.136258
v 0.025021 0.021523 0.13001
v 0.025011 0.021677 0.136258
v 0.025185 0.021695 0.113717
v 0.025129 0.021575 0.11372
v 0.025099 0.021514 0.121383
v 0.025043 0.021391 0.113723
v 0.02542 0.021936 0.113717
v 0.025404 0.021873 0.121386
v 0.025371 0.021877 0.125069
v 0.025325 0.021882 0.130012
v 0.025245 0.021918 0.13626
v 0.029664 0.033845 0.118198
v 0.029678 0.034047 0.113753
v 0.02863 0.028049 0.113744
v 0.026478 0.023042 0.13627
v 0.026544 0.023133 0.136271
v 0.026686 0.023081 0.12508
v 0.02823 0.026704 0.136285
v 0.028419 0.027787 0.136286
v 0.028605 0.027959 0.125096
v 0.028878 0.030408 0.13629
v 0.029056 0.031432 0.136292
v 0.029177 0.03187 0.133584
v 0.027736 0.024689 0.125089
v 0.027609 0.024809 0.13628
v 0.0278 0.025195 0.136281
v 0.028359 0.02656 0.125094
v 0.028192 0.026502 0.136285
v 0.028208 0.026587 0.136285
v 0.027282 0.024149 0.136277
v 0.026269 0.022814 0.136269
v 0.025975 0.022381 0.113722
v 0.026708 0.023139 0.113728
v 0.026788 0.023221 0.113729
v 0.028646 0.028019 0.119424
v 0.029644 0.033741 0.119446
v 0.029483 0.033034 0.125915
v 0.029504 0.033126 0.12512
v 0.029622 0.033626 0.12082
v 0.027558 0.024347 0.113735
v 0.027717 0.024693 0.113736
v 0.028395 0.026709 0.113742
v 0.028359 0.026574 0.113742
v 0.028039 0.02539 0.113739
v 0.029794 0.032618 0.133733
v 0.029679 0.032188 0.136297
v 0.029842 0.032253 0.136298
v 0.029269 0.031896 0.136294
v 0.029278 0.031912 0.136294
v 0.029385 0.032325 0.133667
v 0.029533 0.032131 0.136296
v 0.029107 0.031618 0.136292
v 0.030001 0.034625 0.113739
v 0.029896 0.034494 0.113741
v 0.029872 0.0343 0.118232
v 0.029791 0.034363 0.113743
v 0.030276 0.034597 0.118258
v 0.030287 0.034801 0.113743
v 0.030288 0.034802 0.113743
v 0.030731 0.034427 0.121033
v 0.030734 0.03444 0.12092
v 0.030235 0.034378 0.120904
v 0.030774 0.034661 0.118268
v 0.030774 0.034675 0.117973
v 0.030782 0.034814 0.114915
v 0.030785 0.034867 0.113762
v 0.029692 0.033489 0.125983
v 0.02983 0.034082 0.120868
v 0.030651 0.034071 0.124096
v 0.030099 0.033784 0.126036
v 0.0306 0.033843 0.126061
v 0.030435 0.033209 0.130247
v 0.030297 0.032675 0.133764
v 0.030175 0.032266 0.136301
v 0.045152 0.026605 0.118174
v 0.043905 0.028265 0.11813
v 0.043858 0.027746 0.124314
v 0.045204 0.025962 0.124392
v 0.046504 0.023599 0.12443
v 0.046472 0.024271 0.118199
v 0.039548 -0.032036 0.114998
v 0.041238 -0.030932 0.115006
v 0.041088 -0.030843 0.11807
v 0.049839 -0.015252 0.124439
v 0.035669 -0.030923 0.136347
v 0.0353 -0.031037 0.136343
v 0.036985 -0.031383 0.130366
v 0.033123 -0.031688 0.136325
v 0.032589 -0.0318 0.136321
v 0.03439 -0.032317 0.130332
v 0.037224 0.033151 0.114983
v 0.039548 0.032037 0.114998
v 0.039558 0.032023 0.113835
v 0.040466 0.031514 0.113843
v 0.041238 0.030932 0.115006
v 0.041243 0.030925 0.113849
v 0.042576 0.029635 0.118089
v 0.04267 0.029746 0.113861
v 0.042221 0.030185 0.113857
v 0.044791 0.027378 0.113878
v 0.04396 0.028404 0.113871
v 0.043652 0.028784 0.113868
v 0.045184 0.02676 0.113897
v 0.047774 0.021565 0.118207
v 0.04894 0.018738 0.118211
v 0.049956 0.015801 0.118215
v 0.050808 0.012768 0.118217
v 0.051485 0.009651 0.118218
v 0.051976 0.006471 0.118218
v 0.052274 0.003246 0.118218
v 0.052374 0.0 0.118217
v 0.052274 -0.003246 0.118218
v 0.051976 -0.006471 0.118218
v 0.051485 -0.009651 0.118218
v 0.050808 -0.012767 0.118217
v 0.049956 -0.015801 0.118215
v 0.04894 -0.018737 0.118211
v 0.047774 -0.021565 0.118207
v 0.046472 -0.024271 0.118199
v 0.045153 -0.026605 0.118174
v 0.045184 -0.02676 0.113897
v 0.044791 -0.027378 0.113878
v 0.043905 -0.028265 0.11813
v 0.04396 -0.028404 0.113871
v 0.043652 -0.028784 0.113868
v 0.042577 -0.029634 0.118089
v 0.04267 -0.029745 0.113861
v 0.042221 -0.030185 0.113857
v 0.041243 -0.030925 0.113849
v 0.037241 -0.033139 0.113816
v 0.038439 -0.032652 0.113826
v 0.039559 -0.032023 0.113835
v 0.040466 -0.031514 0.113843
v 0.033988 -0.034243 0.113789
v 0.035883 -0.033692 0.113805
v 0.037224 -0.033151 0.114983
v 0.031882 -0.034514 0.117987
v 0.033 -0.033659 0.12414
v 0.031635 -0.034291 0.121047
v 0.030456 -0.032225 0.136303
v 0.031803 -0.032999 0.130277
v 0.030772 -0.03218 0.136306
v 0.033654 -0.031546 0.13633
v 0.038222 -0.029925 0.136368
v 0.039509 -0.030215 0.130385
v 0.038348 -0.029867 0.136369
v 0.041336 -0.028192 0.136394
v 0.040863 -0.028529 0.13639
v 0.040721 -0.029521 0.1304
v 0.039868 -0.029076 0.136381
v 0.038887 -0.029616 0.136373
v 0.041867 -0.028748 0.130423
v 0.042915 -0.027898 0.130459
v 0.042883 -0.02783 0.131045
v 0.043858 -0.027746 0.124314
v 0.042293 -0.029254 0.124244
v 0.042917 -0.027887 0.130459
v 0.045204 -0.025962 0.124392
v 0.046504 -0.023599 0.12443
v 0.04776 -0.020911 0.124436
v 0.048875 -0.018125 0.124438
v 0.050642 -0.012303 0.124438
v 0.051278 -0.009288 0.124436
v 0.051738 -0.006221 0.124434
v 0.052016 -0.003119 0.124432
v 0.051917 -0.003372 0.126094
v 0.051898 -0.001902 0.127898
v 0.051911 -0.001977 0.127599
v 0.052109 0.0 0.124431
v 0.05185 -0.001822 0.128852
v 0.051935 -0.002319 0.126871
v 0.051937 -0.002775 0.126389
v 0.051927 -0.003068 0.126244
v 0.051405 -0.002019 0.136477
v 0.051745 -0.001869 0.130654
v 0.051445 -0.000117 0.136477
v 0.051782 0.0 0.130654
v 0.051441 0.0 0.136477
v 0.0517 0.002923 0.130654
v 0.051266 0.0043 0.136476
v 0.051329 0.003468 0.136476
v 0.051353 0.002704 0.136477
v 0.051136 0.005403 0.136475
v 0.051453 0.005836 0.130655
v 0.050846 0.007856 0.136472
v 0.051042 0.008727 0.130657
v 0.0508 0.008101 0.136472
v 0.050472 0.011587 0.130659
v 0.050293 0.010787 0.136468
v 0.049744 0.014407 0.13066
v 0.049651 0.013462 0.136462
v 0.050181 0.01138 0.136467
v 0.048862 0.01718 0.130659
v 0.047827 0.019902 0.130657
v 0.047905 0.018769 0.136448
v 0.048364 0.017617 0.136452
v 0.048846 0.01612 0.136456
v 0.049464 0.014199 0.136461
v 0.046643 0.022564 0.130651
v 0.04537 0.024978 0.130604
v 0.045574 0.023865 0.136429
v 0.04646 0.022212 0.136436
v 0.046825 0.021411 0.136439
v 0.047029 0.020962 0.136441
v 0.04382 0.026116 0.136414
v 0.044303 0.025632 0.136418
v 0.044658 0.026012 0.130557
v 0.044776 0.024996 0.136422
v 0.045466 0.024066 0.136428
v 0.040721 0.029521 0.1304
v 0.03987 0.029082 0.136381
v 0.041366 0.028203 0.136394
v 0.039508 0.030215 0.130385
v 0.036985 0.031383 0.130366
v 0.032593 0.031819 0.136321
v 0.033123 0.031689 0.136325
v 0.034389 0.032317 0.130332
v 0.0318 0.032999 0.130277
v 0.032557 0.031827 0.136321
v 0.030452 0.032215 0.136303
v 0.031635 0.034294 0.121047
v 0.032997 0.03366 0.12414
v 0.031573 0.034778 0.11267
v 0.031257 0.034817 0.113071
v 0.032021 0.034653 0.114928
v 0.031019 0.034844 0.113409
v 0.03079 0.034867 0.113753
v 0.031883 0.034516 0.117988
v 0.034001 0.034269 0.112449
v 0.033655 0.034373 0.112348
v 0.032055 0.034704 0.112217
v 0.032333 0.034662 0.111956
v 0.038439 0.032652 0.113826
v 0.03724 0.033151 0.113434
v 0.033968 0.034234 0.114949
v 0.035991 0.033671 0.113026
v 0.035961 -0.032751 0.124195
v 0.033458 -0.033916 0.121078
v 0.032034 -0.034642 0.113784
v 0.032021 -0.034652 0.114927
v 0.033789 -0.034111 0.118015
v 0.03656 -0.032923 0.12113
v 0.038414 -0.031705 0.12421
v 0.033555 -0.034369 0.113785
v 0.033969 -0.034234 0.114949
v 0.036991 -0.033058 0.118061
v 0.03895 -0.031842 0.121139
v 0.040474 -0.030561 0.124213
v 0.039335 -0.031955 0.118071
v 0.04083 -0.030715 0.121138
v 0.033787 0.034111 0.118015
v 0.033455 0.033916 0.121078
v 0.03699 0.033058 0.118061
v 0.036559 0.032923 0.12113
v 0.039335 0.031955 0.118071
v 0.03895 0.031843 0.121139
v 0.041087 0.030843 0.11807
v 0.04083 0.030715 0.121138
v 0.042293 0.029254 0.124244
v 0.04776 0.020911 0.124436
v 0.048875 0.018125 0.124438
v 0.049839 0.015253 0.124439
v 0.050642 0.012304 0.124438
v 0.051278 0.009288 0.124436
v 0.051737 0.006221 0.124434
v 0.052016 0.00312 0.124432
v 0.042677 0.027201 0.136404
v 0.042914 0.027899 0.130459
v 0.041866 0.028748 0.130423
v 0.042927 0.02701 0.136406
v 0.043845 0.026985 0.130505
v 0.040474 0.030562 0.124213
v 0.038414 0.031705 0.12421
v 0.035961 0.032751 0.124195
v 0.042572 -0.027309 0.136404
v 0.042144 -0.026468 0.1364
v 0.041782 -0.024774 0.134147
v 0.041915 -0.02584 0.134148
v 0.041896 -0.02584 0.136398
v 0.042116 -0.023383 0.13415
v 0.042265 -0.023108 0.134348
v 0.042311 -0.023022 0.13441
v 0.0428 -0.022403 0.134768
v 0.042896 -0.022311 0.134807
v 0.043479 -0.021873 0.134911
v 0.044343 -0.021303 0.134918
v 0.048124 -0.007404 0.13495
v 0.04852 -0.008446 0.134953
v 0.048864 -0.010616 0.134956
v 0.048785 -0.013881 0.134955
v 0.049083 -0.012 0.134958
v 0.04852 -0.015553 0.134953
v 0.047788 -0.01699 0.134947
v 0.045953 -0.019693 0.134932
v 0.046887 -0.018759 0.13494
v 0.047977 -0.007 0.134914
v 0.047842 -0.006231 0.134679
v 0.047876 -0.005691 0.134374
v 0.047896 -0.005379 0.134198
v 0.048434 -0.004053 0.134202
v 0.049711 -0.002897 0.136463
v 0.04701 -0.006554 0.135549
v 0.046331 -0.005642 0.135543
v 0.047499 -0.004799 0.134195
v 0.047912 -0.008645 0.135557
v 0.048012 -0.008876 0.135558
v 0.048451 -0.011366 0.135561
v 0.048414 -0.011997 0.135561
v 0.048304 -0.013891 0.13556
v 0.047868 -0.015345 0.135556
v 0.047579 -0.016314 0.135554
v 0.046377 -0.018395 0.135544
v 0.046314 -0.018504 0.135543
v 0.040921 -0.022295 0.135499
v 0.042466 -0.021733 0.135512
v 0.044579 -0.020343 0.135529
v 0.043946 -0.020759 0.135524
v 0.035067 -0.022598 0.13545
v 0.034236 -0.022295 0.135443
v 0.033804 -0.02365 0.134081
v 0.03269 -0.021733 0.13543
v 0.030389 -0.02191 0.134053
v 0.031211 -0.02076 0.135418
v 0.030578 -0.020343 0.135413
v 0.027679 -0.0192 0.13403
v 0.028842 -0.018504 0.135399
v 0.028779 -0.018395 0.135398
v 0.025939 -0.015785 0.134016
v 0.027578 -0.016314 0.135388
v 0.027288 -0.015345 0.135386
v 0.026853 -0.013891 0.135382
v 0.02534 -0.012 0.134011
v 0.026742 -0.011997 0.135381
v 0.026706 -0.011367 0.135381
v 0.025939 -0.008214 0.134016
v 0.027145 -0.008876 0.135384
v 0.027244 -0.008645 0.135385
v 0.027679 -0.004799 0.13403
v 0.028146 -0.006554 0.135393
v 0.028826 -0.005642 0.135398
v 0.029656 -0.004526 0.135405
v 0.030389 -0.002089 0.134053
v 0.031207 -0.003225 0.135418
v 0.031593 -0.0029 0.135421
v 0.033804 -0.000349 0.134081
v 0.033853 -0.001765 0.13544
v 0.034221 -0.001678 0.135443
v 0.037589 0.00025 0.134112
v 0.036314 -0.001182 0.13546
v 0.037578 -0.001108 0.135471
v 0.038842 -0.001182 0.135481
v 0.041375 -0.000349 0.134144
v 0.040935 -0.001678 0.135499
v 0.041303 -0.001765 0.135502
v 0.044789 -0.002089 0.134172
v 0.043563 -0.0029 0.135521
v 0.043949 -0.003224 0.135524
v 0.0455 -0.004526 0.135537
v 0.037578 -0.022891 0.135471
v 0.037589 -0.02425 0.134112
v 0.04009 -0.022598 0.135492
v 0.041375 -0.02365 0.134144
v 0.028876 -0.018478 0.135464
v 0.046278 -0.018478 0.135761
v 0.044549 -0.02031 0.135747
v 0.04454 -0.020298 0.13567
v 0.047968 -0.008889 0.135775
v 0.048406 -0.011369 0.135779
v 0.048391 -0.01137 0.135702
v 0.041286 -0.001806 0.13572
v 0.043537 -0.002936 0.135738
v 0.04353 -0.002949 0.135662
v 0.031615 -0.002936 0.135639
v 0.033866 -0.001806 0.135658
v 0.033872 -0.00182 0.135582
v 0.026747 -0.011369 0.135599
v 0.027184 -0.008889 0.135603
v 0.027199 -0.008893 0.135526
v 0.035075 -0.022555 0.135668
v 0.032708 -0.021694 0.135649
v 0.032715 -0.02168 0.135572
v 0.040918 -0.022295 0.135781
v 0.040088 -0.022598 0.135775
v 0.040078 -0.022555 0.13571
v 0.047909 -0.008645 0.13584
v 0.048009 -0.008876 0.13584
v 0.046328 -0.005642 0.135826
v 0.047008 -0.006554 0.135832
v 0.046971 -0.006576 0.135767
v 0.040933 -0.001678 0.135782
v 0.041301 -0.001765 0.135785
v 0.037576 -0.001182 0.135754
v 0.03884 -0.001182 0.135764
v 0.038836 -0.001225 0.135699
v 0.031204 -0.003225 0.135701
v 0.031591 -0.0029 0.135704
v 0.028823 -0.005642 0.135681
v 0.029654 -0.004526 0.135688
v 0.029686 -0.004555 0.135624
v 0.02674 -0.011997 0.135664
v 0.026703 -0.011367 0.135664
v 0.027286 -0.015345 0.135668
v 0.02685 -0.013891 0.135665
v 0.026893 -0.013884 0.1356
v 0.037576 -0.022891 0.135754
v 0.035064 -0.022598 0.135733
v 0.034233 -0.022295 0.135726
v 0.032688 -0.021733 0.135713
v 0.031208 -0.02076 0.135701
v 0.030575 -0.020343 0.135696
v 0.02884 -0.018504 0.135681
v 0.028875 -0.018478 0.135617
v 0.028777 -0.018395 0.135681
v 0.027575 -0.016314 0.135671
v 0.027616 -0.016297 0.135606
v 0.027142 -0.008876 0.135667
v 0.027242 -0.008645 0.135668
v 0.028182 -0.006576 0.135611
v 0.028144 -0.006554 0.135676
v 0.033851 -0.001765 0.135723
v 0.034219 -0.001678 0.135726
v 0.036317 -0.001225 0.135678
v 0.036311 -0.001182 0.135743
v 0.043561 -0.0029 0.135803
v 0.043947 -0.003224 0.135807
v 0.045467 -0.004555 0.135754
v 0.045498 -0.004526 0.135819
v 0.048448 -0.011366 0.135844
v 0.048412 -0.011997 0.135844
v 0.048259 -0.013884 0.135778
v 0.048301 -0.013891 0.135843
v 0.047866 -0.015345 0.135839
v 0.047576 -0.016314 0.135837
v 0.046375 -0.018395 0.135827
v 0.046312 -0.018504 0.135826
v 0.044576 -0.020343 0.135812
v 0.043943 -0.020759 0.135807
v 0.042445 -0.021694 0.135729
v 0.042464 -0.021733 0.135794
v 0.037576 -0.022848 0.135689
v 0.030605 -0.02031 0.135478
v 0.030614 -0.020298 0.135555
v 0.030604 -0.02031 0.135631
v 0.028183 -0.006576 0.135458
v 0.028196 -0.006583 0.135534
v 0.036318 -0.001225 0.135525
v 0.036319 -0.00124 0.135602
v 0.045468 -0.004555 0.135601
v 0.045456 -0.004566 0.135678
v 0.04826 -0.013884 0.135624
v 0.048245 -0.013881 0.135701
v 0.042446 -0.021694 0.135576
v 0.042439 -0.02168 0.135653
v 0.040075 -0.022541 0.135633
v 0.037577 -0.022833 0.135612
v 0.035079 -0.022541 0.135592
v 0.026748 -0.011369 0.135446
v 0.026895 -0.013884 0.135447
v 0.026909 -0.013881 0.135524
v 0.027186 -0.008889 0.13545
v 0.026763 -0.01137 0.135523
v 0.031617 -0.002936 0.135486
v 0.029687 -0.004555 0.13547
v 0.029698 -0.004566 0.135547
v 0.033867 -0.001806 0.135505
v 0.031624 -0.002949 0.135563
v 0.041288 -0.001806 0.135567
v 0.038837 -0.001225 0.135546
v 0.038835 -0.00124 0.135623
v 0.043539 -0.002936 0.135585
v 0.041282 -0.00182 0.135643
v 0.04797 -0.008889 0.135622
v 0.046972 -0.006576 0.135614
v 0.046958 -0.006583 0.13569
v 0.048407 -0.011369 0.135626
v 0.047954 -0.008893 0.135698
v 0.046279 -0.018478 0.135608
v 0.047538 -0.016297 0.135618
v 0.047523 -0.01629 0.135695
v 0.04455 -0.02031 0.135594
v 0.046266 -0.018469 0.135684
v 0.047537 -0.016297 0.135771
v 0.040079 -0.022555 0.135557
v 0.037578 -0.022848 0.135536
v 0.035076 -0.022555 0.135515
v 0.032709 -0.021694 0.135495
v 0.028888 -0.018469 0.13554
v 0.02763 -0.016291 0.13553
v 0.027617 -0.016297 0.135453
v 0.037569 -0.00025 0.136612
v 0.033938 -0.000825 0.136582
v 0.030662 -0.002494 0.136555
v 0.028063 -0.005093 0.136533
v 0.026394 -0.008369 0.13652
v 0.025819 -0.012 0.136515
v 0.026394 -0.015631 0.13652
v 0.028063 -0.018906 0.136533
v 0.030662 -0.021506 0.136555
v 0.033938 -0.023175 0.136582
v 0.037569 -0.02375 0.136612
v 0.0412 -0.023175 0.136642
v 0.044475 -0.021506 0.13667
v 0.047074 -0.018906 0.136691
v 0.048743 -0.015631 0.136705
v 0.049318 -0.012 0.13671
v 0.048743 -0.008369 0.136705
v 0.047074 -0.005093 0.136691
v 0.044475 -0.002494 0.13667
v 0.0412 -0.000825 0.136642
v 0.033861 -0.023413 0.136581
v 0.030516 -0.021708 0.136554
v 0.027861 -0.019053 0.136532
v 0.026156 -0.015708 0.136518
v 0.025569 -0.012 0.136513
v 0.026156 -0.008292 0.136518
v 0.027861 -0.004946 0.136532
v 0.030515 -0.002292 0.136554
v 0.033861 -0.000587 0.136581
v 0.037569 0.0 0.136612
v 0.041277 -0.000587 0.136643
v 0.044622 -0.002292 0.136671
v 0.047276 -0.004946 0.136693
v 0.048981 -0.008292 0.136707
v 0.049568 -0.012 0.136712
v 0.048981 -0.015708 0.136707
v 0.047277 -0.019053 0.136693
v 0.044622 -0.021708 0.136671
v 0.041277 -0.023412 0.136643
v 0.037569 -0.024 0.136612
v 0.041917 -0.023543 0.138861
v 0.041984 -0.02372 0.138899
v 0.03931 -0.024406 0.138877
v 0.025379 -0.01404 0.138724
v 0.025432 -0.014032 0.138689
v 0.026176 -0.016635 0.138702
v 0.036586 -0.024062 0.138609
v 0.039251 -0.02398 0.138631
v 0.039275 -0.024161 0.138811
v 0.025539 -0.014014 0.138619
v 0.025612 -0.014002 0.138514
v 0.026346 -0.016566 0.138524
v 0.025648 -0.013996 0.138461
v 0.025689 -0.013989 0.138273
v 0.026175 -0.0157 0.138277
v 0.026413 -0.016539 0.138279
v 0.027618 -0.018909 0.138535
v 0.027678 -0.018869 0.138289
v 0.02784 -0.019055 0.13829
v 0.029373 -0.020917 0.13855
v 0.029422 -0.020865 0.138304
v 0.030526 -0.021674 0.138313
v 0.031524 -0.022492 0.138567
v 0.031561 -0.022431 0.138321
v 0.033968 -0.023557 0.138588
v 0.033843 -0.023426 0.13834
v 0.039244 -0.023911 0.138385
v 0.037552 -0.023963 0.138371
v 0.036594 -0.023992 0.138363
v 0.033991 -0.023491 0.138341
v 0.041259 -0.023394 0.138402
v 0.041811 -0.023252 0.138406
v 0.041824 -0.02329 0.138595
v 0.027467 -0.019013 0.138713
v 0.029248 -0.021052 0.138728
v 0.031432 -0.02265 0.138746
v 0.033913 -0.023732 0.138766
v 0.03657 -0.024244 0.138789
v 0.041836 -0.023324 0.138648
v 0.041861 -0.023392 0.138755
v 0.041899 -0.023493 0.138826
v 0.025192 -0.014072 0.13876
v 0.025946 -0.016728 0.138766
v 0.027263 -0.019155 0.138777
v 0.02908 -0.021234 0.138792
v 0.031308 -0.022865 0.138811
v 0.033839 -0.023968 0.138831
v 0.03655 -0.02449 0.138854
v 0.042837 -0.023249 0.138799
v 0.042931 -0.023452 0.138794
v 0.042472 -0.023588 0.13887
v 0.042738 -0.023071 0.138707
v 0.04239 -0.023398 0.138851
v 0.04221 -0.023093 0.138384
v 0.042599 -0.02292 0.138323
v 0.042246 -0.023127 0.138585
v 0.042653 -0.022954 0.138537
v 0.04231 -0.023235 0.13875
v 0.043399 -0.023298 0.138708
v 0.043981 -0.023027 0.138651
v 0.043534 -0.023253 0.138683
v 0.043424 -0.023036 0.138731
v 0.043166 -0.022638 0.13824
v 0.043722 -0.022326 0.138213
v 0.043215 -0.022686 0.138478
v 0.043756 -0.022385 0.138459
v 0.043308 -0.02283 0.138656
v 0.043848 -0.022542 0.138639
v 0.043974 -0.022754 0.138706
v 0.044101 -0.022966 0.138643
v 0.048933 -0.008303 0.138256
v 0.04858 -0.007193 0.138253
v 0.048642 -0.007165 0.1385
v 0.04902 -0.017036 0.138748
v 0.047746 -0.019278 0.138737
v 0.047546 -0.019134 0.13867
v 0.046208 -0.021393 0.13866
v 0.047948 -0.019421 0.138674
v 0.049247 -0.017135 0.138685
v 0.050051 -0.014632 0.138692
v 0.049397 -0.009538 0.138506
v 0.048808 -0.007093 0.13868
v 0.049574 -0.009501 0.138687
v 0.049033 -0.006994 0.138748
v 0.049815 -0.009451 0.138755
v 0.04926 -0.006895 0.138685
v 0.050058 -0.009401 0.138692
v 0.049567 -0.01453 0.138687
v 0.049831 -0.012016 0.138689
v 0.050077 -0.012016 0.138757
v 0.045751 -0.020895 0.138476
v 0.045873 -0.021029 0.138656
v 0.04604 -0.021211 0.138723
v 0.04965 -0.012016 0.138508
v 0.049391 -0.014492 0.138506
v 0.048629 -0.016863 0.138499
v 0.050325 -0.012017 0.138694
v 0.049808 -0.014581 0.138755
v 0.048795 -0.016937 0.13868
v 0.047399 -0.019028 0.138489
v 0.047344 -0.018988 0.138243
v 0.047278 -0.019063 0.138242
v 0.049331 -0.009552 0.138259
v 0.049581 -0.012 0.138261
v 0.048568 -0.016835 0.138253
v 0.048933 -0.015697 0.138256
v 0.049324 -0.014478 0.138259
v 0.049582 -0.012016 0.138261
v 0.045706 -0.020844 0.138229
v 0.044587 -0.02168 0.13822
v 0.047254 -0.004956 0.138451
v 0.047565 -0.005328 0.138454
v 0.047796 -0.00569 0.13843
v 0.048013 -0.006056 0.138368
v 0.04831 -0.006615 0.138283
v 0.025542 -0.011999 0.138265
v 0.025529 -0.011669 0.138264
v 0.025689 -0.010012 0.138273
v 0.026172 -0.008299 0.138277
v 0.025597 -0.013322 0.138269
v 0.033838 -0.000565 0.13834
v 0.036325 -3.2e-05 0.138361
v 0.030524 -0.002322 0.138313
v 0.031405 -0.001659 0.13832
v 0.033776 -0.000578 0.13834
v 0.026396 -0.007503 0.138278
v 0.027626 -0.005205 0.138289
v 0.027846 -0.004949 0.13829
v 0.029322 -0.003226 0.138303
v 0.045893 -0.003329 0.13844
v 0.044585 -0.002319 0.138429
v 0.041473 -0.000625 0.138404
v 0.04383 -0.001736 0.138423
v 0.037554 -4e-05 0.138371
v 0.038931 -4.8e-05 0.138382
v 0.041267 -0.000579 0.138402
v 0.025361 -0.011665 0.138625
v 0.025482 -0.011668 0.138462
v 0.025552 -0.013325 0.138463
v 0.025072 -0.013376 0.138756
v 0.025436 -0.013337 0.138624
v 0.025185 -0.01166 0.138726
v 0.025267 -0.013355 0.138727
v 0.024983 -0.011655 0.138749
v 0.025192 -0.009929 0.13876
v 0.025379 -0.00996 0.138724
v 0.025432 -0.009969 0.138689
v 0.025648 -0.010005 0.138461
v 0.025612 -0.009999 0.138514
v 0.025539 -0.009987 0.138619
v 0.025928 -0.007316 0.138766
v 0.04782 -0.005156 0.13891
v 0.047776 -0.005186 0.138875
v 0.046065 -0.003147 0.138867
v 0.027566 -0.005166 0.138534
v 0.026329 -0.007477 0.138524
v 0.026158 -0.007409 0.138702
v 0.047597 -0.005306 0.138643
v 0.04594 -0.003278 0.138687
v 0.047627 -0.005286 0.138696
v 0.047687 -0.005245 0.138803
v 0.043865 -0.001676 0.13867
v 0.041493 -0.000559 0.13865
v 0.036316 3.7e-05 0.138607
v 0.038937 2.1e-05 0.138629
v 0.033752 -0.000511 0.138586
v 0.031367 -0.001599 0.138566
v 0.029273 -0.003175 0.138549
v 0.043959 -0.001521 0.13885
v 0.041551 -0.000387 0.13883
v 0.038956 0.000203 0.138808
v 0.036295 0.000219 0.138786
v 0.033693 -0.000338 0.138765
v 0.031272 -0.001442 0.138745
v 0.029146 -0.003042 0.138727
v 0.027414 -0.005063 0.138713
v 0.047977 -0.005051 0.138949
v 0.046236 -0.002968 0.138934
v 0.044087 -0.00131 0.138916
v 0.041631 -0.000153 0.138896
v 0.038984 0.000448 0.138874
v 0.03627 0.000465 0.138852
v 0.033615 -0.000103 0.13883
v 0.031145 -0.00123 0.138809
v 0.028976 -0.002862 0.138791
v 0.02721 -0.004923 0.138776
v 0.047846 -0.005684 0.138631
v 0.048297 -0.005442 0.138919
v 0.04812 -0.005549 0.138899
v 0.04796 -0.005634 0.138797
v 0.048076 -0.006061 0.138582
v 0.048213 -0.006016 0.138753
v 0.048397 -0.00593 0.138845
v 0.048591 -0.005819 0.138841
v 0.049166 -0.006714 0.138699
v 0.048701 -0.00597 0.138808
v 0.048895 -0.006234 0.138749
v 0.048751 -0.006444 0.138775
v 0.048377 -0.006606 0.138521
v 0.048537 -0.006544 0.1387
v 0.048967 -0.006332 0.138728
v 0.05014 -0.005925 0.13745
v 0.04878 -0.005832 0.138738
v 0.049534 -0.00597 0.138311
v 0.049612 -0.006156 0.138259
v 0.049756 -0.006517 0.138219
v 0.049814 -0.006655 0.138216
v 0.049863 -0.006634 0.138135
v 0.049583 -0.005887 0.138228
v 0.050122 -0.005923 0.137525
v 0.050133 -0.005988 0.137499
v 0.049488 -0.00588 0.138352
v 0.050277 -0.006456 0.137405
v 0.050159 -0.006119 0.13747
v 0.050231 -0.006368 0.137453
v 0.050268 -0.00646 0.137453
v 0.050465 -0.005213 0.137456
v 0.048129 -0.004627 0.13895
v 0.048999 -0.005005 0.138771
v 0.050248 -0.005543 0.137454
v 0.049742 -0.005326 0.138246
v 0.05006 -0.004841 0.138249
v 0.049467 -0.004291 0.138775
v 0.048774 -0.003645 0.138955
v 0.025192 -0.004631 0.13876
v 0.025195 0.008283 0.13876
v 0.023958 -0.004631 0.138422
v 0.023959 -0.021181 0.138422
v 0.025193 -0.021181 0.13876
v 0.023055 0.008282 0.137517
v 0.023961 0.008283 0.138422
v 0.023052 -0.004631 0.137517
v 0.023053 -0.021181 0.137517
v 0.042162 -0.026449 0.138901
v 0.042586 -0.027281 0.138904
v 0.042363 -0.027461 0.138902
v 0.041861 -0.024153 0.138898
v 0.041813 -0.025327 0.138897
v 0.037513 -0.030221 0.138862
v 0.035366 -0.031017 0.138844
v 0.033104 -0.031688 0.138825
v 0.029489 -0.031865 0.138795
v 0.030864 -0.032162 0.138807
v 0.029513 -0.031954 0.138796
v 0.030043 -0.03228 0.1388
v 0.028575 -0.026639 0.138788
v 0.029032 -0.029252 0.138792
v 0.028568 -0.026597 0.138788
v 0.028253 -0.025397 0.138785
v 0.040869 -0.028512 0.13889
v 0.039501 -0.029297 0.138878
v 0.027764 -0.024284 0.138781
v 0.027677 -0.024126 0.13878
v 0.026996 -0.023109 0.138775
v 0.026171 -0.022215 0.138768
v 0.026026 -0.022084 0.138767
v 0.029901 -0.032277 0.138799
v 0.029877 -0.032272 0.138799
v 0.029744 -0.032222 0.138798
v 0.029723 -0.032211 0.138797
v 0.029612 -0.032119 0.138796
v 0.029597 -0.032101 0.138796
v 0.029522 -0.031976 0.138796
v 0.025402 -0.021587 0.138762
v 0.025299 -0.021488 0.138761
v 0.025284 -0.021468 0.138761
v 0.025219 -0.02134 0.13876
v 0.025212 -0.021316 0.13876
v 0.043246 -0.025897 0.138547
v 0.043006 -0.026019 0.138721
v 0.042753 -0.025204 0.138719
v 0.044318 -0.02485 0.136462
v 0.044312 -0.025002 0.136462
v 0.044103 -0.025029 0.137403
v 0.042788 -0.024351 0.138719
v 0.044254 -0.024261 0.137401
v 0.044447 -0.024375 0.136463
v 0.044439 -0.024395 0.136463
v 0.044119 -0.024635 0.137404
v 0.044325 -0.024677 0.136462
v 0.043557 -0.025099 0.138195
v 0.04358 -0.02452 0.138195
v 0.043728 -0.025652 0.138197
v 0.044057 -0.025487 0.137668
v 0.04422 -0.025405 0.137404
v 0.044409 -0.025313 0.136463
v 0.043092 -0.023551 0.138691
v 0.043696 -0.023922 0.138304
v 0.043777 -0.023971 0.13818
v 0.044238 -0.024252 0.137477
v 0.044675 -0.023908 0.137359
v 0.044769 -0.024056 0.136515
v 0.044731 -0.02408 0.136514
v 0.044328 -0.023533 0.138172
v 0.043995 -0.023745 0.138204
v 0.043946 -0.023777 0.138214
v 0.04444 -0.023526 0.13809
v 0.044669 -0.0239 0.137406
v 0.044613 -0.023935 0.137406
v 0.044413 -0.023481 0.138172
v 0.044582 -0.024203 0.13649
v 0.044404 -0.024094 0.137419
v 0.04456 -0.024226 0.136484
v 0.044375 -0.02412 0.137424
v 0.051151 -0.009176 0.137414
v 0.05027 -0.01758 0.137407
v 0.051144 -0.014859 0.137414
v 0.05131 -0.014893 0.13657
v 0.050714 -0.009265 0.138151
v 0.050995 -0.012017 0.138153
v 0.050706 -0.014769 0.13815
v 0.049861 -0.017403 0.138143
v 0.048494 -0.019808 0.138132
v 0.046663 -0.021882 0.138117
v 0.051441 -0.012018 0.137416
v 0.048858 -0.020064 0.137395
v 0.046968 -0.022206 0.137379
v 0.047085 -0.022326 0.136535
v 0.050427 -0.017645 0.136562
v 0.050141 -0.018147 0.13656
v 0.048998 -0.020158 0.136551
v 0.04785 -0.021459 0.136541
v 0.051318 -0.009142 0.13657
v 0.051435 -0.010292 0.136571
v 0.051611 -0.012018 0.136572
v 0.05137 -0.014319 0.13657
v 0.05167 -0.010273 0.129102
v 0.051785 -0.01114 0.128817
v 0.051553 -0.009383 0.129394
v 0.051152 -0.007834 0.130054
v 0.044867 -0.02414 0.130881
v 0.045555 -0.023713 0.130458
v 0.04636 -0.023139 0.129994
v 0.049662 -0.019524 0.128379
v 0.048727 -0.020828 0.128796
v 0.048044 -0.021579 0.12912
v 0.047606 -0.022059 0.129328
v 0.050461 -0.018082 0.128052
v 0.050378 -0.018232 0.128086
v 0.051149 -0.016359 0.127901
v 0.050628 -0.01772 0.127998
v 0.051803 -0.01274 0.128394
v 0.051645 -0.014286 0.128075
v 0.051633 -0.014348 0.128066
v 0.051525 -0.014938 0.127983
v 0.044698 -0.02427 0.130917
v 0.044479 -0.024643 0.130921
v 0.044559 -0.024452 0.130931
v 0.044566 -0.024443 0.13093
v 0.044449 -0.024833 0.130894
v 0.044451 -0.024852 0.130889
v 0.044475 -0.025089 0.130832
v 0.044544 -0.025268 0.130771
v 0.044525 -0.025142 0.130627
v 0.044575 -0.025002 0.130507
v 0.044483 -0.024989 0.130696
v 0.044545 -0.024887 0.130576
v 0.044476 -0.024776 0.130764
v 0.044687 -0.024311 0.130789
v 0.044575 -0.024463 0.130804
v 0.044507 -0.024621 0.130794
v 0.044821 -0.024197 0.130749
v 0.044812 -0.024243 0.13069
v 0.044542 -0.024727 0.130646
v 0.044567 -0.024609 0.130677
v 0.044618 -0.024491 0.130687
v 0.044702 -0.024375 0.130671
v 0.044802 -0.024288 0.130631
v 0.048731 -0.020895 0.128609
v 0.045509 -0.023807 0.130266
v 0.046326 -0.023229 0.129803
v 0.047592 -0.022139 0.129139
v 0.050035 -0.019074 0.12796
v 0.049726 -0.019648 0.128074
v 0.04967 -0.019574 0.128217
v 0.050475 -0.018112 0.127908
v 0.050245 -0.018683 0.127882
v 0.050527 -0.018159 0.127778
v 0.050644 -0.017746 0.127856
v 0.050696 -0.017785 0.127728
v 0.05117 -0.016367 0.127765
v 0.051225 -0.016386 0.127641
v 0.051552 -0.014928 0.127843
v 0.051674 -0.014268 0.12793
v 0.051523 -0.015276 0.127697
v 0.051616 -0.014927 0.127715
v 0.051745 -0.014258 0.127799
v 0.051838 -0.012704 0.128231
v 0.051927 -0.012675 0.128089
v 0.051826 -0.011087 0.128629
v 0.051935 -0.011643 0.128331
v 0.051176 -0.007739 0.129864
v 0.051586 -0.009308 0.129205
v 0.050587 -0.006273 0.130708
v 0.050591 -0.006236 0.130644
v 0.050624 -0.006193 0.130594
v 0.050886 -0.005335 0.130584
v 0.050677 -0.005535 0.130698
v 0.050558 -0.006219 0.130721
v 0.050601 -0.00615 0.130604
v 0.05053 -0.006062 0.13075
v 0.050535 -0.005889 0.13076
v 0.050588 -0.005696 0.130741
v 0.050581 -0.006031 0.130633
v 0.050585 -0.005899 0.130643
v 0.050624 -0.005753 0.130624
v 0.05069 -0.00563 0.130579
v 0.050844 -0.005477 0.130464
v 0.051864 -0.004974 0.129513
v 0.051906 -0.00483 0.129634
v 0.05288 -0.004472 0.128558
v 0.052922 -0.004327 0.128679
v 0.053007 -0.004586 0.128367
v 0.052999 -0.004411 0.128445
v 0.053045 -0.004266 0.128562
v 0.053888 -0.005288 0.126961
v 0.046208 -0.028155 0.126863
v 0.046198 -0.028013 0.127062
v 0.04685 -0.027121 0.127006
v 0.051923 -0.015392 0.126953
v 0.052841 -0.011841 0.126958
v 0.05341 -0.008913 0.12696
v 0.050769 -0.018874 0.126947
v 0.050614 -0.019291 0.126946
v 0.049201 -0.022683 0.126935
v 0.04619 -0.027886 0.127241
v 0.046017 -0.027338 0.127969
v 0.045894 -0.027098 0.128256
v 0.0461 -0.028734 0.125965
v 0.045946 -0.02904 0.125402
v 0.045938 -0.029056 0.125374
v 0.047885 -0.025371 0.126924
v 0.046065 -0.028086 0.127367
v 0.045937 -0.029057 0.125374
v 0.046053 -0.02879 0.126006
v 0.046101 -0.028308 0.126965
v 0.046075 -0.028761 0.125985
v 0.046145 -0.028227 0.126911
v 0.046112 -0.027979 0.127298
v 0.045912 -0.027485 0.128035
v 0.045871 -0.027643 0.128137
v 0.045783 -0.027241 0.128329
v 0.045736 -0.027394 0.128441
v 0.045761 -0.027533 0.128575
v 0.045645 -0.026977 0.128599
v 0.045592 -0.027123 0.128721
v 0.045611 -0.027255 0.128867
v 0.045111 -0.025991 0.129556
v 0.04506 -0.026135 0.129677
v 0.045079 -0.026264 0.129822
v 0.042597 -0.02728 0.138904
v 0.043363 -0.02726 0.13881
v 0.043944 -0.02724 0.138564
v 0.044168 -0.027232 0.138469
v 0.044745 -0.027207 0.137986
v 0.044944 -0.027198 0.137686
v 0.045139 -0.027188 0.137392
v 0.045207 -0.027564 0.137461
v 0.042597 -0.027282 0.138904
v 0.042596 -0.027284 0.138904
v 0.042596 -0.027286 0.138904
v 0.043321 -0.027488 0.138823
v 0.044152 -0.027463 0.138517
v 0.043344 -0.027374 0.138823
v 0.044109 -0.027695 0.138517
v 0.044763 -0.027523 0.13806
v 0.044707 -0.027843 0.13806
v 0.044041 -0.027916 0.138468
v 0.043764 -0.027799 0.138595
v 0.043296 -0.0276 0.13881
v 0.044952 -0.028276 0.137391
v 0.044692 -0.028176 0.137808
v 0.044581 -0.028133 0.137985
v 0.045141 -0.027945 0.137461
v 0.043089 -0.028376 0.138619
v 0.043653 -0.029079 0.137823
v 0.041971 -0.030253 0.137823
v 0.04046 -0.031113 0.137818
v 0.038305 -0.03211 0.137808
v 0.033619 -0.033654 0.137789
v 0.036016 -0.032951 0.137798
v 0.041488 -0.029495 0.13861
v 0.040039 -0.030321 0.1386
v 0.037957 -0.031285 0.138585
v 0.035729 -0.032105 0.138569
v 0.033391 -0.032793 0.138552
v 0.031199 -0.034156 0.137782
v 0.030301 -0.034282 0.137779
v 0.031049 -0.03328 0.138537
v 0.030185 -0.033402 0.138531
v 0.028273 -0.032078 0.138458
v 0.027381 -0.032235 0.137553
v 0.028376 -0.032377 0.13847
v 0.02753 -0.032693 0.137596
v 0.027581 -0.032804 0.137606
v 0.027999 -0.033423 0.137668
v 0.028081 -0.033509 0.137677
v 0.028664 -0.033955 0.137726
v 0.028771 -0.034012 0.137732
v 0.02841 -0.032449 0.138474
v 0.028688 -0.032851 0.138492
v 0.028742 -0.032907 0.138495
v 0.029123 -0.033194 0.138511
v 0.029193 -0.03323 0.138513
v 0.029638 -0.033382 0.138524
v 0.029718 -0.033396 0.138525
v 0.029456 -0.03425 0.137764
v 0.029579 -0.034271 0.137767
v 0.026468 -0.027011 0.137545
v 0.026924 -0.029622 0.137549
v 0.027816 -0.029465 0.138454
v 0.027359 -0.026853 0.13845
v 0.024685 -0.022593 0.138428
v 0.024161 -0.023336 0.137526
v 0.025209 -0.023011 0.138432
v 0.024612 -0.023695 0.13753
v 0.024718 -0.023791 0.137531
v 0.025318 -0.024441 0.137536
v 0.025814 -0.025181 0.13754
v 0.025877 -0.025297 0.137541
v 0.025332 -0.023122 0.138433
v 0.026027 -0.023876 0.138439
v 0.026602 -0.024733 0.138444
v 0.026675 -0.024867 0.138444
v 0.027087 -0.025806 0.138448
v 0.027353 -0.026817 0.13845
v 0.026233 -0.026107 0.137543
v 0.026462 -0.026979 0.137545
v 0.024025 -0.021652 0.138423
v 0.023154 -0.021899 0.13752
v 0.023193 -0.022024 0.137521
v 0.02405 -0.021733 0.138423
v 0.024275 -0.022178 0.138425
v 0.024326 -0.022247 0.138426
v 0.023536 -0.022703 0.137524
v 0.023613 -0.022807 0.137524
v -0.024938 0.032195 0.105593
v -0.024019 0.03151 0.056599
v -0.020442 0.034904 0.10563
v -0.020055 0.033945 0.056632
v -0.034194 0.019258 0.105516
v -0.032974 0.018994 0.056525
v -0.03202 0.024176 0.105534
v -0.030871 0.023753 0.056542
v -0.028892 0.02855 0.10556
v -0.027844 0.027983 0.056567
v -0.027008 0.030474 0.105576
v -0.025995 0.031361 0.105584
v -0.019162 0.032055 0.056639
v -0.019366 0.032628 0.105639
v 0.027816 0.036768 0.106199
v 0.027813 0.037101 0.106491
v 0.018691 0.037164 0.106348
v 0.018688 0.037471 0.106804
v 0.018687 0.037572 0.107198
v 0.009567 0.037491 0.106518
v 0.009564 0.037568 0.106892
v -0.008672 0.03755 0.105728
v 0.018697 0.036291 0.105955
v 0.018694 0.036703 0.106049
v 0.011105 0.036469 0.105892
v 0.009572 0.036913 0.10595
v 0.027817 0.036077 0.10603
v 0.027816 0.036616 0.106162
v 0.027812 0.037307 0.106673
v 0.027809 0.037425 0.106974
v 0.027806 0.037563 0.107327
v 0.027805 0.037576 0.107504
v -0.007139 0.037458 0.105741
v 0.009573 0.036552 0.105879
v 0.00957 0.03726 0.106175
v 0.009569 -0.037509 0.106322
v 0.009571 -0.037349 0.106084
v 0.000449 -0.037539 0.105926
v 0.00045 -0.037495 0.10586
v -0.008672 -0.037551 0.105728
v 0.009565 -0.037563 0.106617
v 0.000446 -0.037555 0.10604
v -0.002135 -0.037552 0.105877
v 0.018699 -0.036386 0.105955
v 0.009574 -0.036877 0.105879
v 0.009572 -0.037108 0.105928
v 0.004874 -0.037131 0.10584
v 0.00045 -0.037428 0.105817
v 0.027817 -0.036076 0.10603
v 0.023119 -0.036147 0.105991
v 0.027816 -0.036616 0.106162
v 0.018694 -0.036776 0.106041
v 0.027816 -0.036768 0.106199
v 0.027805 -0.037576 0.107504
v 0.027807 -0.037562 0.107327
v 0.018687 -0.037571 0.107135
v 0.018689 -0.037478 0.10673
v 0.016101 -0.03757 0.10703
v 0.027814 -0.037101 0.106491
v 0.018692 -0.037198 0.106314
v 0.027812 -0.037307 0.106673
v 0.02781 -0.037425 0.106974
v 0.000448 -0.037268 0.105803
v 0.039511 -0.034809 0.107602
v 0.039499 -0.034783 0.107558
v 0.03671 -0.03594 0.107405
v 0.029629 -0.037516 0.107552
v 0.030833 -0.037376 0.10763
v 0.030829 -0.037291 0.107039
v 0.036513 -0.033902 0.106102
v 0.036082 -0.034087 0.106099
v 0.036337 -0.034828 0.106246
v 0.034291 -0.034855 0.106084
v 0.033442 -0.035118 0.106077
v 0.033594 -0.03579 0.106203
v 0.033725 -0.036385 0.106599
v 0.036563 -0.035496 0.106705
v 0.035975 -0.036311 0.108083
v 0.035048 -0.036613 0.107983
v 0.033808 -0.03678 0.107202
v 0.030794 -0.036938 0.106511
v 0.032096 -0.035534 0.106066
v 0.03067 -0.035804 0.106054
v 0.030738 -0.036407 0.106164
v 0.029968 -0.035936 0.106048
v 0.03957 -0.034947 0.108388
v 0.037639 -0.03577 0.108264
v 0.036746 -0.03606 0.108167
v 0.038606 -0.032868 0.10612
v 0.038941 -0.03358 0.106262
v 0.03896 -0.033621 0.10629
v 0.039289 -0.034326 0.106785
v 0.031638 -0.037282 0.107682
v 0.032395 -0.037194 0.10773
v 0.033825 -0.036881 0.107866
v 0.041544 -0.033059 0.106804
v 0.041831 -0.033506 0.107621
v 0.047825 -0.026741 0.107351
v 0.047545 -0.026584 0.106854
v 0.046136 -0.028753 0.106842
v 0.04711 -0.026341 0.106534
v 0.046828 -0.026184 0.106327
v 0.045483 -0.028256 0.106316
v 0.041095 -0.03237 0.10628
v 0.040663 -0.031712 0.106137
v 0.043466 -0.030502 0.106299
v 0.042928 -0.029927 0.106156
v 0.044855 -0.027782 0.106172
v 0.046141 -0.025802 0.106182
v 0.048133 -0.026917 0.108459
v 0.048006 -0.026843 0.107673
v 0.046672 -0.029166 0.108447
v 0.046557 -0.029074 0.107661
v 0.04581 -0.030127 0.10844
v 0.044482 -0.031605 0.108429
v 0.044384 -0.031493 0.107643
v 0.042922 -0.032834 0.108416
v 0.041909 -0.033634 0.108407
v 0.044025 -0.031103 0.106824
v 0.053757 -0.01194 0.108505
v 0.053958 -0.011164 0.108507
v 0.053653 -0.011099 0.107372
v 0.054497 -0.005578 0.107379
v 0.053653 0.011099 0.107372
v 0.054497 0.005578 0.107379
v 0.054808 0.005611 0.108514
v 0.047498 0.026558 0.106908
v 0.047134 0.026354 0.106492
v 0.049553 0.021415 0.106512
v 0.046813 0.026176 0.106392
v 0.04614 0.025803 0.106182
v 0.048509 0.020966 0.106202
v 0.048509 -0.020966 0.106202
v 0.049553 -0.021414 0.106512
v 0.050377 -0.015915 0.106218
v 0.05146 -0.016255 0.106528
v 0.051724 -0.010701 0.106229
v 0.052837 -0.01093 0.106539
v 0.052539 -0.005378 0.106235
v 0.053668 -0.005493 0.106546
v 0.052811 0.0 0.106238
v 0.053947 0.0 0.106549
v 0.052539 0.005378 0.106235
v 0.053668 0.005493 0.106546
v 0.051724 0.010702 0.106229
v 0.052837 0.01093 0.106539
v 0.050376 0.015915 0.106218
v 0.05146 0.016256 0.106528
v 0.050318 -0.021745 0.107344
v 0.052255 -0.016506 0.10736
v 0.05478 0.0 0.107381
v 0.052255 0.016507 0.10736
v 0.050318 0.021745 0.107344
v 0.047862 0.026762 0.107324
v 0.047949 0.026812 0.107691
v 0.050604 0.021872 0.108479
v 0.048133 0.026917 0.108459
v 0.053958 0.011164 0.108507
v 0.053757 0.01194 0.108505
v 0.052552 0.016603 0.108496
v 0.051439 0.019614 0.108486
v 0.054808 -0.00561 0.108514
v 0.054889 -0.004008 0.108515
v 0.055092 0.0 0.108516
v 0.054889 0.004008 0.108515
v 0.052552 -0.016603 0.108496
v 0.051439 -0.019614 0.108486
v 0.050604 -0.021871 0.108479
v 0.046136 0.028753 0.106842
v 0.046557 0.029075 0.107661
v 0.042922 0.032835 0.108416
v 0.041908 0.033634 0.108407
v 0.041831 0.033506 0.107621
v 0.039411 0.03459 0.107137
v 0.03927 0.034287 0.106833
v 0.041544 0.033059 0.106804
v 0.045482 0.028256 0.106316
v 0.044855 0.027782 0.106172
v 0.043465 0.030502 0.106299
v 0.042928 0.029927 0.106156
v 0.041095 0.032371 0.10628
v 0.040663 0.031713 0.106137
v 0.038605 0.032869 0.10612
v 0.038934 0.033568 0.106317
v 0.038957 0.033615 0.106331
v 0.039069 0.033853 0.106398
v 0.039484 0.034753 0.107625
v 0.039476 0.034736 0.107574
v 0.039565 0.034935 0.10817
v 0.039569 0.034948 0.108388
v 0.044482 0.031605 0.108429
v 0.044384 0.031494 0.107643
v 0.045809 0.030127 0.10844
v 0.046672 0.029167 0.108447
v 0.044025 0.031103 0.106824
v 0.028807 0.036041 0.106039
v 0.03067 0.035789 0.106054
v 0.030736 0.036385 0.106166
v 0.030792 0.035773 0.106055
v 0.032928 0.035225 0.106073
v 0.033582 0.035737 0.106209
v 0.033719 0.03636 0.106624
v 0.030793 0.036928 0.106521
v 0.030829 0.03729 0.107062
v 0.035482 0.036493 0.108122
v 0.033825 0.036883 0.107946
v 0.033807 0.036775 0.107257
v 0.032809 0.037122 0.107838
v 0.036708 0.035936 0.107451
v 0.036745 0.036058 0.108227
v 0.038067 0.035603 0.108336
v 0.036057 0.034016 0.106099
v 0.036322 0.034784 0.106251
v 0.035257 0.034376 0.106092
v 0.033425 0.035043 0.106077
v 0.036556 0.035476 0.106727
v 0.031637 0.037282 0.107732
v 0.030834 0.037391 0.10766
v 0.030275 0.037467 0.107609
v 0.035978 0.036322 0.108163
v -0.017934 0.035944 0.105651
v -0.015026 0.034211 0.105675
v -0.013372 0.037146 0.105689
v -0.015025 -0.034212 0.105675
v -0.019366 -0.032628 0.105639
v -0.020442 -0.034904 0.10563
v -0.010468 -0.034969 0.105713
v -0.013372 -0.037146 0.105689
v -0.017934 -0.035944 0.105651
v 0.034252 0.032064 0.106084
v 0.029782 -0.033212 0.106047
v -0.010468 0.034968 0.105713
v -0.005849 0.034873 0.105751
v 0.029781 0.033212 0.106047
v 0.025176 0.033518 0.106009
v 0.020592 0.032972 0.105971
v 0.015111 0.032157 0.105925
v -0.001326 0.033929 0.105789
v 0.004063 0.03264 0.105833
v 0.009572 0.032046 0.105879
v 0.034252 -0.032064 0.106084
v 0.038435 -0.030113 0.106119
v 0.025176 -0.033518 0.106009
v 0.020593 -0.032972 0.105971
v 0.015112 -0.032157 0.105925
v 0.009572 -0.032046 0.105879
v 0.004063 -0.03264 0.105833
v -0.001326 -0.033929 0.105789
v -0.005849 -0.034873 0.105751
v 0.038435 0.030113 0.106119
v 0.039953 0.029067 0.106131
v 0.041403 0.027746 0.106143
v 0.041644 0.027493 0.106145
v 0.043159 0.025655 0.106158
v 0.044552 0.023526 0.106169
v 0.044024 -0.02439 0.106165
v 0.042752 -0.026193 0.106154
v 0.041228 -0.027923 0.106142
v 0.039867 -0.029135 0.10613
v 0.046202 -0.020271 0.106183
v 0.045172 -0.022412 0.106174
v 0.045732 0.021297 0.106179
v 0.046994 0.018311 0.106189
v 0.048047 0.015091 0.106198
v 0.049662 -0.006831 0.106212
v 0.048887 0.011661 0.106205
v 0.049481 0.008243 0.10621
v 0.04989 0.004425 0.106214
v 0.05005 0.000631 0.106215
v 0.049972 -0.003126 0.106214
v 0.04912 -0.010468 0.106207
v 0.048893 -0.011632 0.106205
v 0.048139 -0.014762 0.106199
v 0.047197 -0.017754 0.106191
v -0.020249 -0.034425 0.081133
v -0.019162 -0.032055 0.056639
v -0.020055 -0.033945 0.056632
v -0.024019 -0.03151 0.056599
v -0.024938 -0.032195 0.105593
v -0.032974 -0.018995 0.056525
v -0.034194 -0.019258 0.105516
v -0.030871 -0.023753 0.056542
v -0.03202 -0.024177 0.105534
v -0.027844 -0.027984 0.056567
v -0.028891 -0.02855 0.10556
v -0.027008 -0.030474 0.105576
v -0.025995 -0.031361 0.105584
v -0.034629 -0.01638 0.097992
v -0.034621 -0.016642 0.09896
v -0.033491 -0.01684 0.05652
v -0.033664 -0.01463 0.056519
v -0.034681 -0.01463 0.096019
v -0.034675 -0.015436 0.096613
v -0.034666 -0.015673 0.096858
v -0.034647 -0.016049 0.097408
v -0.034637 -0.01624 0.097689
v -0.034717 -0.017098 0.105341
v -0.034698 -0.017226 0.105446
v -0.034697 -0.017233 0.105448
v -0.034727 -0.017011 0.1052
v -0.034722 -0.017056 0.105273
v -0.034729 -0.016975 0.105038
v -0.034728 -0.016972 0.104967
v -0.034625 -0.016675 0.099303
v -0.034654 -0.017475 0.105512
v -0.022223 -0.03398 0.105615
v -0.036501 -0.017475 0.105497
v -0.034973 -0.020887 0.10551
v -0.03242 -0.024832 0.105531
v -0.029448 -0.028248 0.105555
v -0.026113 -0.031312 0.105583
v -0.025185 -0.032041 0.105591
v -0.024226 -0.032729 0.105599
v -0.036646 -0.017054 0.105258
v -0.036651 -0.017037 0.105238
v -0.036667 -0.016975 0.105022
v -0.036616 -0.017148 0.105374
v -0.036563 -0.017302 0.105466
v -0.036586 -0.017236 0.105427
v -0.036616 -0.016675 0.099286
v -0.037529 -0.01268 0.095488
v -0.03738 -0.013475 0.095569
v -0.034668 -0.01268 0.095512
v -0.037309 -0.013822 0.095656
v -0.034681 -0.014619 0.096016
v -0.03713 -0.014613 0.096007
v -0.037101 -0.014741 0.096064
v -0.037038 -0.015 0.096234
v -0.036849 -0.015738 0.096915
v -0.0368 -0.01592 0.097149
v -0.036765 -0.016051 0.097387
v -0.036673 -0.016398 0.098018
v -0.036647 -0.016503 0.098319
v -0.036643 -0.016527 0.09845
v -0.034681 0.01463 0.096019
v -0.034681 0.014618 0.096016
v -0.033664 0.01463 0.056519
v -0.034668 0.01268 0.095512
v -0.037644 -0.011966 0.095487
v -0.037529 0.01268 0.095488
v -0.037644 0.011966 0.095487
v -0.03793 0.007305 0.095485
v -0.03793 -0.007306 0.095485
v -0.037339 0.013675 0.095616
v -0.036806 0.015898 0.097118
v -0.036985 0.015212 0.096396
v -0.034683 0.014924 0.096201
v -0.037057 0.014923 0.09618
v -0.03713 0.014606 0.096019
v -0.037265 0.014026 0.095724
v -0.034625 0.016674 0.099303
v -0.036616 0.016674 0.099286
v -0.034623 0.016497 0.098316
v -0.036625 0.016603 0.098714
v -0.036642 0.016526 0.098406
v -0.036645 0.01651 0.098343
v -0.034629 0.016382 0.097997
v -0.036748 0.016113 0.097442
v -0.034648 0.016048 0.097406
v -0.03676 0.01607 0.097377
v -0.034657 0.015887 0.097121
v -0.034666 0.015676 0.096862
v -0.034729 0.016975 0.105038
v -0.036667 0.016975 0.105022
v -0.034728 0.016971 0.104967
v -0.033491 0.016839 0.05652
v -0.034654 0.017474 0.105512
v -0.034684 0.017307 0.105483
v -0.034696 0.017235 0.105443
v -0.03471 0.017143 0.10536
v -0.034708 0.017159 0.1054
v -0.034723 0.017051 0.105276
v -0.03473 0.016985 0.105116
v -0.034724 0.017047 0.105272
v -0.036659 0.017009 0.105179
v -0.036645 0.017056 0.105258
v -0.036501 0.017474 0.105497
v -0.036542 0.017362 0.105484
v -0.036587 0.017233 0.10543
v -0.036595 0.01721 0.105421
v -0.036635 0.01709 0.105316
v -0.034974 0.020887 0.10551
v -0.03242 0.024832 0.105531
v -0.029448 0.028248 0.105555
v -0.022223 0.03398 0.105615
v -0.026114 0.031311 0.105583
v -0.025185 0.03204 0.105591
v -0.024226 0.032729 0.105599
v -0.032503 0.024872 0.10928
v -0.029526 0.028294 0.109305
v -0.026186 0.031362 0.109333
v -0.008703 0.037616 0.109478
v -0.013415 0.03721 0.109439
v -0.017987 0.036005 0.109401
v -0.022287 0.034037 0.109365
v 0.027786 0.037616 0.10978
v 0.031629 0.037347 0.109812
v 0.039568 0.034971 0.109878
v 0.035979 0.03637 0.109848
v 0.048143 0.02693 0.109949
v 0.045867 0.030189 0.10993
v 0.042967 0.032908 0.109906
v 0.053804 -0.011954 0.109996
v 0.048144 -0.026929 0.109949
v 0.051516 -0.019647 0.109977
v 0.05496 -0.004013 0.110006
v 0.053804 0.011955 0.109996
v 0.05496 0.004013 0.110006
v 0.051516 0.019647 0.109977
v 0.039569 -0.034971 0.109878
v 0.042967 -0.032908 0.109906
v 0.045867 -0.030189 0.10993
v 0.031629 -0.037347 0.109812
v 0.027786 -0.037616 0.10978
v 0.03598 -0.03637 0.109848
v -0.008703 -0.037616 0.109478
v -0.022286 -0.034037 0.109365
v -0.026186 -0.031362 0.109333
v -0.013414 -0.03721 0.109439
v -0.017987 -0.036005 0.109401
v -0.029526 -0.028294 0.109305
v -0.032503 -0.024872 0.10928
v -0.03774 -0.011976 0.099236
v -0.037716 -0.012135 0.099237
v -0.037651 -0.012548 0.099308
v -0.037592 -0.012915 0.099515
v -0.037603 -0.013672 0.105684
v -0.037527 -0.013376 0.100423
v -0.037548 -0.013192 0.099831
v -0.036961 -0.016423 0.10913
v -0.036909 -0.016585 0.109166
v -0.037296 -0.015138 0.107425
v -0.037449 -0.014603 0.107981
v -0.037279 -0.015317 0.108619
v -0.037215 -0.015558 0.108771
v -0.03759 -0.01385 0.106642
v -0.037575 -0.013949 0.106913
v -0.037487 -0.014425 0.107759
v -0.038026 -0.007304 0.099234
v -0.036668 -0.017292 0.109246
v -0.036875 -0.016692 0.10919
v -0.035062 -0.020918 0.109259
v -0.038027 0.007304 0.099234
v -0.035063 0.020917 0.109259
v -0.036906 0.016584 0.109147
v -0.036668 0.017291 0.109246
v -0.0376 0.013768 0.106346
v -0.037296 0.015137 0.107415
v -0.037591 0.013844 0.106623
v -0.037522 0.014251 0.107506
v -0.037286 0.015288 0.108599
v -0.037053 0.016124 0.109035
v -0.036975 0.01638 0.109118
v -0.037341 0.015069 0.108434
v -0.037491 0.014407 0.107735
v -0.037603 0.013672 0.105684
v -0.037527 0.013376 0.100423
v -0.037535 0.013284 0.100014
v -0.037568 0.013064 0.099659
v -0.03762 0.01274 0.099396
v -0.037716 0.012134 0.099237
v -0.037683 0.012348 0.099256
v -0.03774 0.011976 0.099236
v -0.035995 0.017098 0.109251
v -0.034261 0.020929 0.109266
v -0.031951 0.024443 0.109285
v -0.029025 0.027806 0.109309
v -0.025743 0.030821 0.109336
v -0.021942 0.033428 0.109368
v -0.017752 0.035347 0.109403
v -0.013295 0.036522 0.10944
v -0.008703 0.036917 0.109478
v 0.027786 0.036917 0.10978
v 0.031727 0.036626 0.109813
v 0.035582 0.035761 0.109845
v 0.039269 0.034339 0.109876
v 0.042544 0.032351 0.109903
v 0.045338 0.029731 0.109926
v 0.047532 0.026591 0.109944
v 0.050862 0.0194 0.109972
v 0.053121 0.011804 0.10999
v 0.054263 0.003962 0.11
v 0.054263 -0.003962 0.11
v 0.053121 -0.011804 0.10999
v 0.050862 -0.0194 0.109972
v 0.047532 -0.026591 0.109944
v 0.045339 -0.029731 0.109926
v 0.042544 -0.032351 0.109903
v 0.03927 -0.034339 0.109876
v 0.035583 -0.035761 0.109845
v 0.031727 -0.036626 0.109813
v 0.027786 -0.036917 0.10978
v -0.008703 -0.036917 0.109478
v -0.013295 -0.036522 0.10944
v -0.017752 -0.035347 0.109403
v -0.021942 -0.033428 0.109368
v -0.025743 -0.030822 0.109336
v -0.029025 -0.027806 0.109309
v -0.031951 -0.024443 0.109285
v -0.034261 -0.02093 0.109266
v -0.035995 -0.017099 0.109251
v 0.020991 0.031033 0.107974
v 0.021414 0.031033 0.056976
v 0.016838 0.030293 0.056938
v 0.016415 0.030293 0.107936
v 0.01221 0.030023 0.056899
v 0.011787 0.030023 0.107897
v 0.007578 0.030226 0.056861
v 0.007155 0.030226 0.107859
v 0.002992 0.030898 0.056823
v 0.002569 0.030898 0.107821
v -0.001503 0.032034 0.056786
v -0.001926 0.032034 0.107784
v -0.005215 0.032847 0.056755
v -0.005638 0.032847 0.107753
v -0.009011 0.033038 0.056723
v -0.009434 0.033038 0.107721
v -0.012787 0.032602 0.056692
v -0.01321 0.032602 0.10769
v -0.016439 0.031549 0.056662
v -0.016862 0.031549 0.10766
v -0.019867 0.02991 0.056633
v -0.02029 0.02991 0.107631
v -0.001926 -0.032034 0.107784
v -0.001503 -0.032034 0.056786
v 0.002992 -0.030898 0.056823
v 0.002569 -0.030898 0.107821
v 0.007579 -0.030226 0.056861
v 0.007156 -0.030226 0.107859
v 0.01221 -0.030023 0.056899
v 0.011787 -0.030023 0.107897
v 0.016838 -0.030293 0.056938
v 0.016415 -0.030293 0.107936
v 0.021414 -0.031033 0.056976
v 0.020992 -0.031033 0.107974
v -0.02029 -0.02991 0.107631
v -0.019867 -0.02991 0.056633
v -0.016438 -0.03155 0.056662
v -0.016861 -0.03155 0.10766
v -0.012786 -0.032602 0.056692
v -0.013209 -0.032602 0.10769
v -0.009011 -0.033038 0.056723
v -0.009434 -0.033038 0.107721
v -0.005215 -0.032847 0.056755
v -0.005638 -0.032847 0.107753
v 0.005549 0.038027 0.095108
v 0.005666 0.038021 0.095846
v 0.005443 0.037966 0.095844
v 0.005132 0.038045 0.093693
v 0.005408 0.038033 0.094213
v 0.005196 0.037977 0.094283
v 0.004319 0.038081 0.092458
v 0.004634 0.038068 0.092753
v 0.004456 0.03801 0.092887
v -0.004368 0.038459 0.095763
v -0.004293 0.038456 0.094937
v -0.004079 0.038382 0.094975
v -0.004095 0.038447 0.097224
v -0.004307 0.038456 0.09659
v -0.004093 0.038382 0.096556
v -0.002486 0.038376 0.099667
v -0.00278 0.038389 0.099471
v -0.002633 0.038317 0.099311
v 0.005537 0.038027 0.096583
v 0.00517 0.037977 0.097402
v 0.005381 0.038033 0.097475
v 0.005096 0.038045 0.097991
v 0.004407 0.03801 0.098786
v 0.004582 0.038068 0.098922
v 0.004263 0.038081 0.099212
v 0.001785 0.038124 0.10047
v 0.00184 0.038187 0.100683
v 0.001723 0.038192 0.100692
v 0.00021 0.038192 0.100587
v 0.000193 0.038259 0.100806
v -0.001318 0.038259 0.100186
v -0.001216 0.03832 0.100437
v -0.001405 0.038328 0.100387
v -0.003592 0.038359 0.098055
v -0.003474 0.038419 0.098564
v 0.003358 0.038121 0.100032
v 0.003106 0.038132 0.10014
v 0.003236 0.03806 0.099846
v -0.003784 0.038433 0.098158
v -0.004071 0.038447 0.094307
v -0.003554 0.038359 0.093484
v -0.003744 0.038433 0.093378
v -0.003427 0.038419 0.092978
v -0.002574 0.038317 0.092245
v -0.002719 0.038389 0.092082
v -0.002422 0.038376 0.091891
v -0.001245 0.038259 0.091391
v -0.001328 0.038328 0.091189
v 0.000289 0.038192 0.091016
v 0.000276 0.038259 0.090796
v 0.001804 0.038192 0.090936
v 0.001862 0.038124 0.09116
v 0.001921 0.038187 0.090947
v 0.003303 0.03806 0.091806
v 0.003178 0.038132 0.091511
v 0.003428 0.038121 0.091623
v -0.001139 0.03832 0.091143
v 0.013946 0.03818 0.095846
v 0.014114 0.03822 0.095914
v 0.013694 0.038175 0.095844
v 0.013277 0.038256 0.096324
v 0.012874 0.038274 0.096692
v 0.012069 0.038093 0.096435
v 0.012183 0.038096 0.096324
v 0.01226 0.038099 0.096271
v 0.012544 0.038111 0.096139
v 0.012672 0.038116 0.09608
v 0.012959 0.038129 0.095947
v 0.012534 0.038288 0.097176
v 0.011577 0.038079 0.096935
v 0.011632 0.038081 0.096861
v 0.011117 0.038073 0.098473
v 0.011127 0.038073 0.098393
v 0.012218 0.038301 0.098401
v 0.012303 0.038298 0.09776
v 0.01121 0.038073 0.09771
v 0.011233 0.038073 0.097635
v 0.011236 0.038073 0.097624
v 0.011121 0.038073 0.098561
v 0.011723 0.03809 0.100047
v 0.01158 0.038086 0.099815
v 0.012514 0.038288 0.09963
v 0.012293 0.038298 0.099043
v 0.011319 0.038078 0.099394
v 0.011286 0.038078 0.099311
v 0.011249 0.038076 0.099145
v 0.01178 0.038091 0.100112
v 0.013954 0.038193 0.100946
v 0.013652 0.038186 0.100944
v 0.013242 0.038256 0.100495
v 0.013261 0.038159 0.100911
v 0.013176 0.038154 0.100896
v 0.012846 0.038274 0.10012
v 0.012452 0.038116 0.100637
v 0.012413 0.038115 0.100606
v 0.014892 0.038201 0.095853
v 0.015721 0.038322 0.096504
v 0.014675 0.038196 0.095851
v 0.014456 0.038205 0.10095
v 0.014072 0.03822 0.100919
v 0.015148 0.038377 0.100277
v 0.013597 0.037106 0.101912
v 0.013641 0.037292 0.101885
v 0.022588 0.036714 0.101987
v 0.013678 0.037444 0.101862
v 0.014367 0.037975 0.101353
v 0.018151 0.038073 0.10098
v 0.014359 0.037971 0.10136
v 0.013696 0.037466 0.101849
v 0.022521 0.037083 0.101921
v 0.022522 0.037081 0.101922
v 0.022538 0.037057 0.101935
v 0.021906 0.037646 0.101416
v 0.021914 0.037642 0.101422
v 0.013956 0.037791 0.101661
v 0.022294 0.037427 0.10173
v 0.013943 0.037775 0.101671
v 0.022305 0.03741 0.10174
v 0.013815 0.037615 0.101763
v 0.022418 0.037239 0.101834
v 0.023065 0.037827 0.100576
v 0.023619 0.037649 0.100807
v 0.023427 0.037675 0.100902
v 0.023887 0.037614 0.100676
v 0.023467 0.03781 0.100208
v 0.024113 0.037584 0.100564
v 0.024187 0.037575 0.10051
v 0.024722 0.037511 0.099963
v 0.023807 0.037795 0.099724
v 0.024741 0.037509 0.099937
v 0.024773 0.037505 0.099889
v 0.025067 0.037473 0.09926
v 0.024038 0.037785 0.099141
v 0.025098 0.037469 0.099195
v 0.024124 0.037782 0.0985
v 0.025121 0.037467 0.099111
v 0.025015 0.037477 0.097512
v 0.025073 0.037471 0.097755
v 0.024049 0.037785 0.097857
v 0.024981 0.03748 0.097432
v 0.02383 0.037616 0.096206
v 0.023906 0.037606 0.096248
v 0.023496 0.03781 0.09678
v 0.023827 0.037795 0.09727
v 0.024509 0.037533 0.096721
v 0.024567 0.037526 0.096785
v 0.022435 0.03781 0.095917
v 0.022685 0.037782 0.095919
v 0.023099 0.037827 0.096405
v 0.02302 0.037729 0.095945
v 0.023106 0.037716 0.095959
v 0.023702 0.037633 0.096163
v 0.023809 0.037619 0.096199
v 0.021494 0.037913 0.095908
v 0.021708 0.037889 0.09591
v 0.021211 0.038114 0.096624
v 0.02011 0.038237 0.096976
v 0.020668 0.038106 0.096545
v 0.022643 0.037794 0.101018
v 0.022343 0.037827 0.101016
v 0.022228 0.037864 0.100986
v 0.021843 0.037882 0.101011
v 0.022269 0.037864 0.095981
v 0.024234 0.037569 0.100462
v 0.025248 0.036792 0.096217
v 0.024718 0.036815 0.095717
v 0.024678 0.036625 0.095763
v 0.02257 0.037067 0.095057
v 0.022635 0.036907 0.095002
v 0.023608 0.036864 0.09515
v 0.023696 0.037622 0.100854
v 0.024283 0.03756 0.096543
v 0.024799 0.037309 0.096365
v 0.02275 0.037663 0.101318
v 0.022797 0.037663 0.095659
v 0.021761 0.037805 0.0957
v 0.024304 0.037331 0.095897
v 0.023736 0.037622 0.096138
v 0.024757 0.037505 0.097083
v 0.025213 0.037291 0.096977
v 0.02549 0.037279 0.09771
v 0.025193 0.037458 0.09826
v 0.025583 0.037274 0.098512
v 0.025172 0.037461 0.098506
v 0.025476 0.037279 0.099312
v 0.024764 0.037309 0.100645
v 0.025188 0.037291 0.10004
v 0.024261 0.037331 0.101104
v 0.021989 0.037633 0.09552
v 0.021954 0.03766 0.095547
v 0.025155 0.036602 0.100731
v 0.02521 0.036792 0.1008
v 0.025631 0.036582 0.100262
v 0.025664 0.036772 0.100152
v 0.024593 0.036998 0.101254
v 0.024671 0.036815 0.101292
v 0.023553 0.036864 0.10184
v 0.023216 0.037377 0.101616
v 0.023377 0.037217 0.101721
v 0.024456 0.03717 0.101192
v 0.024633 0.036625 0.101244
v 0.02434 0.036638 0.101532
v 0.023539 0.036672 0.10174
v 0.023489 0.037046 0.101795
v 0.022635 0.036906 0.095002
v 0.022646 0.036714 0.094987
v 0.023592 0.036672 0.095249
v 0.02439 0.036638 0.095471
v 0.025191 0.036602 0.096286
v 0.02566 0.036582 0.096762
v 0.025691 0.036772 0.096873
v 0.025688 0.03658 0.096873
v 0.025987 0.036759 0.097657
v 0.025898 0.036571 0.097683
v 0.026087 0.036755 0.098516
v 0.026114 0.036561 0.098516
v 0.025973 0.036759 0.099373
v 0.025884 0.036571 0.099345
v 0.025661 0.03658 0.100152
v 0.022566 0.037077 0.095061
v 0.023544 0.037046 0.095193
v 0.022496 0.037251 0.09512
v 0.02343 0.037217 0.095266
v 0.022354 0.037358 0.095232
v 0.022337 0.037371 0.095246
v 0.023268 0.037377 0.095368
v 0.024501 0.03717 0.095813
v 0.024638 0.036998 0.095753
v 0.025161 0.036975 0.096247
v 0.025124 0.036975 0.100769
v 0.025572 0.036956 0.10013
v 0.025877 0.036943 0.099361
v 0.02599 0.036938 0.098515
v 0.025891 0.036943 0.097668
v 0.025599 0.036956 0.096894
v 0.013754 0.037468 0.094978
v 0.013748 0.03746 0.094974
v 0.014377 0.037962 0.095454
v 0.013655 0.037106 0.094913
v 0.013735 0.037444 0.094964
v 0.018193 0.038057 0.09588
v 0.014415 0.037979 0.095484
v 0.01401 0.037791 0.09517
v 0.013986 0.03776 0.095152
v 0.02249 0.037246 0.095117
v 0.01387 0.037615 0.095065
v 0.013576 0.038066 0.095582
v 0.013529 0.038066 0.101241
v 0.011999 0.037866 0.101003
v 0.012591 0.038107 0.100762
v 0.01267 0.038127 0.100715
v 0.011504 0.037888 0.100535
v 0.01109 0.037907 0.099923
v 0.01072 0.037923 0.098388
v 0.010814 0.037919 0.09919
v 0.010827 0.037919 0.097588
v 0.01154 0.037888 0.096255
v 0.011115 0.037907 0.09686
v 0.012042 0.037866 0.095796
v 0.01263 0.038107 0.096046
v 0.011089 0.037218 0.096169
v 0.01105 0.037412 0.0961
v 0.010612 0.037239 0.096637
v 0.010596 0.037431 0.096747
v 0.011683 0.037564 0.095645
v 0.011588 0.037389 0.095608
v 0.012707 0.03734 0.095059
v 0.013087 0.037821 0.095284
v 0.012913 0.037676 0.095179
v 0.011834 0.037723 0.095708
v 0.012787 0.037516 0.095104
v 0.01161 0.037195 0.095655
v 0.011903 0.037183 0.095367
v 0.012704 0.037148 0.095159
v 0.012651 0.037148 0.10165
v 0.012652 0.03734 0.10175
v 0.011853 0.037183 0.101429
v 0.011542 0.037389 0.101183
v 0.011565 0.037195 0.101136
v 0.011012 0.037412 0.100682
v 0.011052 0.037218 0.100614
v 0.010583 0.037239 0.100137
v 0.010569 0.037431 0.100027
v 0.010555 0.03724 0.100027
v 0.010273 0.037445 0.099242
v 0.010345 0.037249 0.099216
v 0.010173 0.037449 0.098384
v 0.010129 0.037259 0.098383
v 0.010287 0.037445 0.097527
v 0.010359 0.037249 0.097555
v 0.010582 0.03724 0.096748
v 0.012732 0.037516 0.101706
v 0.01286 0.037676 0.101634
v 0.013035 0.037821 0.101532
v 0.011789 0.037723 0.101087
v 0.011637 0.037564 0.101147
v 0.011114 0.037587 0.100653
v 0.011152 0.037587 0.096131
v 0.010703 0.037606 0.09677
v 0.010398 0.037619 0.097539
v 0.010286 0.037624 0.098385
v 0.010384 0.037619 0.099232
v 0.010677 0.037606 0.100006
v 0.013624 0.036391 0.094912
v 0.012807 0.036498 0.095003
v 0.012433 0.036572 0.095113
v 0.011889 0.036706 0.095381
v 0.011732 0.036745 0.095458
v 0.011453 0.036822 0.095657
v 0.010897 0.036976 0.09621
v 0.01068 0.037032 0.096514
v 0.010616 0.037044 0.096643
v 0.010338 0.037096 0.097204
v 0.010155 0.037127 0.098388
v 0.010127 0.037132 0.098569
v 0.010607 0.037141 0.100129
v 0.010642 0.037142 0.100244
v 0.01186 0.037112 0.101418
v 0.013594 0.037045 0.101912
v 0.011903 0.037111 0.10146
v 0.022585 0.036653 0.101987
v 0.023047 0.036632 0.10196
v 0.024309 0.036567 0.10146
v 0.024674 0.036548 0.101315
v 0.025573 0.036487 0.100218
v 0.025784 0.036473 0.099962
v 0.02605 0.036433 0.098505
v 0.026099 0.036425 0.098239
v 0.025608 0.036418 0.096777
v 0.025541 0.036417 0.096578
v 0.024359 0.036448 0.095496
v 0.022633 0.036423 0.094987
v 0.023422 0.036449 0.095083
v 0.023783 0.036456 0.095191
v 0.024249 0.036451 0.095396
v 0.017122 0.036237 0.094941
v 0.020536 0.036326 0.09497
v 0.021085 0.036357 0.094974
v 0.021859 0.036396 0.094981
v 0.021201 0.035872 0.094572
v 0.021884 0.035903 0.094562
v 0.021878 0.035993 0.094776
v 0.02265 0.035927 0.094552
v 0.022646 0.036013 0.094774
v 0.021869 0.03617 0.094927
v 0.02264 0.036192 0.09493
v 0.021117 0.035868 0.094573
v 0.02111 0.035961 0.094779
v 0.021099 0.036137 0.094923
v 0.020548 0.03611 0.09492
v 0.020559 0.035936 0.094782
v 0.019325 0.035812 0.09459
v 0.020253 0.035833 0.094584
v 0.020566 0.035839 0.094582
v 0.017578 0.035774 0.094601
v 0.018261 0.035789 0.094597
v 0.01712 0.035869 0.09478
v 0.01712 0.036036 0.094899
v 0.014647 0.035873 0.094583
v 0.016174 0.035806 0.094596
v 0.017121 0.035764 0.094604
v 0.013591 0.035919 0.094574
v 0.013598 0.036024 0.094751
v 0.013609 0.03619 0.09487
v 0.010027 0.036648 0.097105
v 0.009847 0.036617 0.09704
v 0.010229 0.036554 0.096291
v 0.010184 0.03675 0.097159
v 0.010079 0.036682 0.097123
v 0.010439 0.036617 0.096416
v 0.010293 0.036907 0.097194
v 0.010257 0.036855 0.097182
v 0.010603 0.036791 0.096498
v 0.01332 0.03595 0.094601
v 0.012765 0.036293 0.094964
v 0.012973 0.035991 0.094635
v 0.01271 0.036127 0.094845
v 0.012652 0.036028 0.094667
v 0.012305 0.036197 0.094961
v 0.012223 0.036102 0.094783
v 0.011663 0.036526 0.095433
v 0.01238 0.036364 0.095078
v 0.01082 0.036741 0.096194
v 0.01138 0.036598 0.095636
v 0.011551 0.036356 0.095323
v 0.011254 0.036427 0.095531
v 0.010666 0.036567 0.096104
v 0.011773 0.036197 0.09499
v 0.011421 0.036272 0.095152
v 0.011104 0.036348 0.095366
v 0.010474 0.036499 0.095963
v 0.011877 0.036919 0.101494
v 0.010603 0.036951 0.100267
v 0.009799 0.036684 0.098591
v 0.009606 0.036654 0.0986
v 0.010081 0.036942 0.098574
v 0.009966 0.036785 0.098582
v 0.010195 0.036661 0.100514
v 0.01036 0.036691 0.100413
v 0.010503 0.036793 0.100326
v 0.011636 0.036622 0.101904
v 0.011732 0.036653 0.101735
v 0.011817 0.036758 0.101591
v 0.013568 0.036546 0.102421
v 0.013571 0.036581 0.102227
v 0.013578 0.036689 0.102062
v 0.013586 0.036852 0.101951
v 0.022559 0.036153 0.102495
v 0.022563 0.036189 0.102301
v 0.022569 0.036297 0.102136
v 0.022577 0.03646 0.102026
v 0.024259 0.036261 0.095363
v 0.023049 0.036275 0.102108
v 0.023065 0.036166 0.102272
v 0.023043 0.036439 0.101999
v 0.024686 0.036355 0.101348
v 0.025809 0.03628 0.099981
v 0.026129 0.036233 0.09824
v 0.025565 0.036226 0.09656
v 0.024743 0.036189 0.101438
v 0.0259 0.036113 0.100029
v 0.02623 0.036066 0.098235
v 0.025649 0.036061 0.096503
v 0.024274 0.036206 0.095332
v 0.024303 0.036097 0.09527
v 0.02435 0.036023 0.095176
v 0.024834 0.036077 0.101571
v 0.026042 0.035998 0.100099
v 0.026387 0.035951 0.098225
v 0.02578 0.035946 0.096417
v 0.024374 0.035985 0.095129
v 0.023087 0.03613 0.102465
v 0.024946 0.036036 0.101728
v 0.026215 0.035954 0.100181
v 0.026575 0.035904 0.098212
v 0.025938 0.0359 0.096314
v 0.024461 0.035941 0.094963
v 0.023804 0.036211 0.095134
v 0.023861 0.036027 0.094973
v 0.023537 0.035946 0.094638
v 0.023935 0.035949 0.094746
v 0.023942 0.03595 0.094748
v 0.023482 0.036027 0.094866
v 0.02344 0.036209 0.095027
v 0.020166 0.035263 0.092884
v 0.023505 0.035888 0.094081
v 0.022465 0.035609 0.093021
v 0.024073 0.035883 0.093939
v 0.027126 0.035792 0.093042
v 0.0271 0.035793 0.09305
v 0.027094 0.035793 0.093043
v 0.026687 0.035812 0.093184
v 0.027106 0.035793 0.093058
v 0.026783 0.035811 0.093309
v 0.024667 0.03593 0.094827
v 0.022825 0.035662 0.093042
v 0.023482 0.035723 0.093063
v 0.024758 0.035759 0.093061
v 0.026591 0.03581 0.093059
v 0.003075 0.035099 0.087733
v 0.004752 0.034277 0.056837
v 0.004522 0.034829 0.088244
v 0.004585 0.03482 0.088269
v -0.000528 0.036027 0.087331
v -0.000431 0.035517 0.056794
v 0.000978 0.035595 0.087357
v 0.002468 0.03523 0.087582
v 0.007177 0.034472 0.08931
v 0.01005 0.033707 0.056881
v 0.0098 0.03429 0.090216
v 0.009866 0.034285 0.090239
v 0.015379 0.033814 0.056926
v 0.012585 0.034274 0.091033
v 0.02065 0.034597 0.056969
v 0.020225 0.035204 0.092537
v 0.018707 0.034904 0.09232
v 0.015958 0.034508 0.091825
v 0.015331 0.034444 0.091693
v 0.01504 0.034426 0.091623
v -0.00508 0.037033 0.088689
v -0.005594 0.037093 0.089034
v -0.005386 0.036539 0.056753
v -0.007358 0.037258 0.090449
v -0.007473 0.037524 0.105738
v -0.010922 0.037458 0.105709
v -0.010445 0.036606 0.056711
v -0.006286 0.037173 0.089498
v -0.006716 0.037212 0.089849
v -0.001914 0.036416 0.087503
v -0.003272 0.036726 0.087867
v -0.003783 0.036825 0.088057
v -0.020427 0.034912 0.10563
v -0.02004 0.033953 0.056632
v -0.016062 0.036539 0.105667
v -0.015426 0.035715 0.05667
v -0.019154 0.032079 0.056639
v -0.019358 0.032652 0.105639
v -0.002061 -0.038926 0.100813
v -0.001621 -0.038936 0.100816
v -0.000836 -0.039045 0.100217
v -0.004736 -0.038806 0.096542
v -0.004933 -0.038802 0.096837
v -0.003986 -0.03901 0.09704
v -0.003279 -0.038978 0.100357
v -0.003849 -0.038849 0.100579
v -0.003656 -0.038858 0.100677
v -0.004341 -0.038827 0.100328
v -0.003675 -0.038995 0.099983
v -0.004415 -0.038824 0.100273
v -0.004945 -0.038807 0.099717
v -0.004007 -0.03901 0.099493
v -0.004963 -0.038807 0.09969
v -0.004995 -0.038806 0.099642
v -0.00528 -0.038798 0.099008
v -0.004228 -0.03902 0.098906
v -0.00531 -0.038797 0.098942
v -0.004303 -0.039023 0.098264
v -0.005332 -0.038797 0.098858
v -0.005199 -0.038797 0.097262
v -0.005261 -0.038796 0.097504
v -0.004217 -0.03902 0.097623
v -0.00539 -0.038794 0.098006
v -0.005373 -0.038795 0.098253
v -0.005163 -0.038797 0.097182
v -0.003984 -0.038831 0.095975
v -0.004062 -0.038828 0.096016
v -0.003646 -0.038995 0.096556
v -0.004447 -0.038815 0.096306
v -0.004677 -0.038808 0.096479
v -0.002576 -0.038902 0.095709
v -0.002825 -0.038897 0.095707
v -0.003244 -0.038978 0.096188
v -0.003163 -0.038873 0.095728
v -0.00325 -0.038868 0.09574
v -0.003856 -0.038837 0.095934
v -0.003969 -0.038832 0.095971
v -0.001631 -0.038922 0.095716
v -0.001841 -0.038918 0.095714
v -0.001346 -0.039099 0.096438
v -0.000247 -0.039126 0.096807
v -0.000804 -0.039044 0.096368
v -0.004122 -0.038837 0.10044
v -0.002867 -0.038908 0.100807
v -0.002568 -0.038915 0.100809
v -0.002449 -0.038942 0.100781
v -0.001377 -0.039099 0.100139
v -0.002407 -0.038942 0.095778
v -0.004462 -0.038823 0.100224
v 0.005969 -0.037804 0.101785
v -0.002824 -0.038188 0.101712
v 0.005984 -0.037781 0.101798
v -0.002841 -0.038166 0.101725
v 0.006007 -0.037625 0.101821
v -0.002922 -0.037828 0.101775
v 0.006035 -0.037437 0.10185
v 0.005355 -0.038369 0.101278
v 0.001615 -0.038795 0.100842
v 0.005363 -0.038364 0.101285
v -0.002154 -0.038697 0.101216
v -0.002163 -0.038693 0.101223
v 0.005741 -0.038151 0.101592
v -0.002562 -0.038514 0.101523
v 0.005753 -0.038132 0.101602
v -0.002577 -0.038496 0.101533
v 0.005865 -0.037962 0.101697
v -0.002705 -0.038336 0.101626
v -0.002822 -0.038189 0.101711
v -0.003606 -0.038397 0.095042
v -0.003733 -0.038237 0.094967
v -0.004836 -0.038285 0.095508
v -0.005469 -0.038133 0.095963
v -0.00493 -0.03811 0.095471
v -0.004909 -0.037917 0.095518
v -0.002758 -0.038173 0.094847
v -0.002836 -0.038019 0.094791
v -0.003812 -0.038061 0.094922
v -0.002992 -0.038787 0.101104
v -0.005405 -0.038628 0.096723
v -0.004981 -0.03861 0.096118
v -0.002945 -0.038787 0.095445
v -0.001903 -0.038838 0.095503
v -0.004478 -0.038588 0.095659
v -0.003892 -0.038828 0.095909
v -0.005693 -0.03864 0.097451
v -0.0058 -0.038645 0.098251
v -0.005706 -0.03864 0.099053
v -0.005016 -0.03861 0.100398
v -0.00543 -0.038628 0.099786
v -0.004521 -0.038588 0.100866
v -0.003931 -0.038828 0.100625
v -0.00214 -0.038687 0.09532
v -0.002104 -0.03871 0.095348
v -0.005467 -0.037939 0.100477
v -0.005507 -0.038133 0.100545
v -0.005935 -0.03796 0.1
v -0.00595 -0.038153 0.09989
v -0.004882 -0.038285 0.10101
v -0.004977 -0.03811 0.101046
v -0.003867 -0.038061 0.101613
v -0.003485 -0.038542 0.101395
v -0.00366 -0.038397 0.101497
v -0.00473 -0.038444 0.10095
v -0.003787 -0.038237 0.101569
v -0.004954 -0.037917 0.100999
v -0.004666 -0.037904 0.101292
v -0.003868 -0.037869 0.101513
v -0.002836 -0.038018 0.094791
v -0.002864 -0.037828 0.094776
v -0.003814 -0.037869 0.095022
v -0.004616 -0.037904 0.09523
v -0.00543 -0.037939 0.096032
v -0.005906 -0.03796 0.0965
v -0.005923 -0.038153 0.09661
v -0.005937 -0.037961 0.09661
v -0.006232 -0.038166 0.09739
v -0.00616 -0.037971 0.097418
v -0.006346 -0.038171 0.098247
v -0.006389 -0.03798 0.098246
v -0.006246 -0.038166 0.099105
v -0.006174 -0.037971 0.099079
v -0.005964 -0.037961 0.09989
v -0.002754 -0.038182 0.094851
v -0.00267 -0.038349 0.094911
v -0.002522 -0.038444 0.095026
v -0.002504 -0.038455 0.09504
v -0.003433 -0.038542 0.095147
v -0.004686 -0.038444 0.095571
v -0.005368 -0.038308 0.095994
v -0.005405 -0.038308 0.100516
v -0.005843 -0.038327 0.099869
v -0.006135 -0.03834 0.099095
v -0.006233 -0.038345 0.098248
v -0.006121 -0.03834 0.097402
v -0.005816 -0.038327 0.096633
v 0.006093 -0.037437 0.09485
v 0.001657 -0.038779 0.095743
v 0.005442 -0.038352 0.09538
v 0.005405 -0.038373 0.095409
v 0.006042 -0.037781 0.094901
v 0.00603 -0.037798 0.09491
v 0.006025 -0.037805 0.094914
v 0.005795 -0.038151 0.095103
v 0.005817 -0.038117 0.095084
v -0.002664 -0.038344 0.094909
v 0.005921 -0.037962 0.095
v 0.007332 -0.038336 0.100558
v 0.007664 -0.038295 0.100305
v 0.006917 -0.038533 0.10007
v 0.004945 -0.038635 0.09577
v 0.004121 -0.038829 0.096409
v 0.005155 -0.038612 0.095772
v 0.005885 -0.038532 0.095779
v 0.005719 -0.038587 0.095845
v 0.006132 -0.038505 0.095782
v 0.006549 -0.03855 0.096269
v 0.006945 -0.038533 0.096643
v 0.007734 -0.038283 0.0964
v 0.007622 -0.038296 0.096286
v 0.007546 -0.038305 0.096232
v 0.007274 -0.038341 0.096099
v 0.007142 -0.038358 0.096035
v 0.006858 -0.038395 0.095896
v 0.007277 -0.038518 0.097133
v 0.008214 -0.038227 0.096908
v 0.008161 -0.038233 0.096832
v 0.008646 -0.038181 0.098453
v 0.008638 -0.038182 0.098372
v 0.007573 -0.038505 0.098362
v 0.007498 -0.038508 0.09772
v 0.008566 -0.038189 0.097688
v 0.008545 -0.038191 0.097613
v 0.008542 -0.038192 0.097602
v 0.008641 -0.038182 0.098541
v 0.008018 -0.038252 0.100016
v 0.008165 -0.038235 0.099786
v 0.007257 -0.038518 0.099586
v 0.007488 -0.038508 0.099003
v 0.00843 -0.038205 0.09937
v 0.008465 -0.038201 0.099288
v 0.008504 -0.038197 0.099122
v 0.00796 -0.038259 0.10008
v 0.005793 -0.03855 0.100878
v 0.00609 -0.038517 0.100881
v 0.006514 -0.03855 0.100438
v 0.006477 -0.038456 0.100855
v 0.006562 -0.038443 0.100841
v 0.007069 -0.038372 0.100668
v 0.007284 -0.038342 0.100594
v 0.004852 -0.038653 0.100869
v 0.005291 -0.038605 0.100874
v 0.004634 -0.038836 0.100189
v 0.001651 -0.039131 0.098313
v 0.003504 -0.038965 0.099789
v 0.005678 -0.038587 0.100848
v 0.006824 -0.037939 0.101584
v 0.006936 -0.037769 0.101658
v 0.00804 -0.037721 0.101117
v 0.007 -0.037587 0.101703
v 0.007185 -0.038344 0.096001
v 0.006247 -0.038386 0.095522
v 0.0062 -0.038386 0.101181
v 0.007709 -0.038054 0.100967
v 0.007146 -0.038344 0.100717
v 0.008212 -0.038032 0.100508
v 0.008636 -0.038014 0.099903
v 0.009031 -0.037997 0.098374
v 0.008924 -0.038001 0.099175
v 0.008938 -0.038001 0.097572
v 0.008247 -0.038032 0.096228
v 0.008661 -0.038014 0.09684
v 0.007752 -0.038054 0.09576
v 0.008638 -0.037325 0.096148
v 0.008695 -0.037515 0.09608
v 0.009107 -0.037304 0.096625
v 0.009138 -0.037495 0.096735
v 0.006878 -0.037939 0.095129
v 0.007948 -0.037893 0.095676
v 0.006991 -0.037769 0.095056
v 0.008125 -0.037347 0.095626
v 0.008165 -0.037538 0.095579
v 0.007837 -0.03736 0.095333
v 0.007055 -0.037587 0.095013
v 0.007039 -0.037395 0.095112
v 0.008086 -0.037721 0.095615
v 0.006985 -0.037395 0.101603
v 0.007787 -0.03736 0.101395
v 0.008118 -0.037538 0.101155
v 0.00808 -0.037347 0.101107
v 0.008657 -0.037515 0.100663
v 0.008601 -0.037325 0.100594
v 0.009078 -0.037304 0.100125
v 0.009111 -0.037495 0.100015
v 0.009108 -0.037303 0.100015
v 0.00942 -0.037482 0.099235
v 0.009331 -0.037294 0.099208
v 0.009534 -0.037477 0.098379
v 0.009561 -0.037284 0.098379
v 0.009434 -0.037482 0.09752
v 0.009345 -0.037294 0.097546
v 0.009135 -0.037303 0.096735
v 0.006664 -0.038099 0.101479
v 0.007904 -0.037893 0.101055
v 0.008571 -0.037698 0.100632
v 0.008609 -0.037698 0.09611
v 0.009046 -0.037678 0.096756
v 0.009338 -0.037665 0.09753
v 0.009437 -0.037661 0.098378
v 0.009324 -0.037665 0.099223
v 0.009019 -0.037678 0.099993
v 0.006716 -0.038099 0.095231
v 0.006062 -0.03672 0.09485
v 0.00689 -0.036755 0.094955
v 0.007267 -0.036797 0.095073
v 0.007809 -0.036883 0.095347
v 0.007974 -0.036909 0.095431
v 0.008255 -0.036961 0.095635
v 0.008812 -0.037068 0.096199
v 0.009027 -0.037104 0.096506
v 0.009087 -0.03711 0.09663
v 0.009361 -0.037139 0.097202
v 0.009523 -0.037155 0.098383
v 0.009548 -0.037157 0.098565
v 0.009046 -0.03721 0.100116
v 0.009009 -0.037213 0.100231
v 0.007774 -0.03729 0.101384
v 0.006032 -0.037375 0.10185
v 0.00773 -0.037293 0.101425
v -0.002925 -0.037767 0.101775
v -0.003386 -0.037786 0.101741
v -0.00464 -0.037831 0.10122
v -0.005003 -0.037844 0.101069
v -0.005886 -0.037861 0.099957
v -0.006092 -0.037865 0.099697
v -0.006337 -0.037847 0.098237
v -0.006382 -0.037844 0.09797
v -0.005869 -0.037793 0.096516
v -0.005799 -0.037786 0.096318
v -0.004601 -0.037712 0.095256
v -0.002877 -0.037537 0.094775
v -0.003662 -0.037632 0.094859
v -0.004022 -0.03767 0.09496
v -0.00449 -0.037706 0.095157
v 0.002567 -0.036874 0.094821
v -0.000828 -0.037262 0.094792
v -0.00134 -0.037336 0.094788
v -0.002108 -0.037443 0.094782
v -0.001491 -0.036862 0.094383
v -0.002168 -0.036953 0.094363
v -0.002158 -0.037043 0.094577
v -0.002929 -0.037044 0.09434
v -0.002921 -0.037129 0.094562
v -0.002136 -0.037219 0.094728
v -0.002902 -0.037307 0.094719
v -0.001408 -0.036851 0.094386
v -0.001396 -0.036944 0.094593
v -0.001372 -0.037118 0.094737
v -0.000894 -0.03678 0.094404
v -0.000882 -0.036875 0.094604
v -0.000859 -0.037047 0.094743
v 0.002539 -0.036507 0.094659
v 0.002552 -0.036673 0.094778
v 0.002109 -0.036449 0.094473
v 0.00143 -0.036524 0.094457
v 0.000372 -0.03664 0.094433
v -0.000551 -0.036742 0.094411
v 0.005037 -0.036292 0.094504
v 0.00351 -0.036359 0.094491
v 0.002533 -0.036402 0.094482
v 0.006058 -0.036247 0.094512
v 0.006058 -0.036352 0.094688
v 0.006059 -0.036519 0.094807
v 0.00635 -0.036255 0.094546
v 0.006915 -0.036548 0.094918
v 0.006714 -0.036265 0.094588
v 0.006957 -0.036377 0.094799
v 0.00701 -0.036274 0.094622
v 0.007365 -0.036412 0.094923
v 0.007441 -0.03631 0.094747
v 0.008024 -0.036685 0.095406
v 0.007303 -0.036585 0.095039
v 0.008122 -0.036506 0.095298
v 0.008309 -0.036732 0.095615
v 0.008421 -0.03655 0.095512
v 0.008868 -0.036826 0.096184
v 0.009008 -0.03664 0.096096
v 0.009083 -0.036858 0.096491
v 0.009233 -0.03667 0.096413
v 0.009401 -0.036949 0.097189
v 0.009414 -0.036887 0.097184
v 0.009496 -0.036792 0.097156
v 0.009579 -0.036697 0.097128
v 0.009636 -0.036677 0.097108
v 0.007924 -0.03637 0.094976
v 0.008248 -0.036411 0.09513
v 0.008567 -0.036458 0.09535
v 0.009196 -0.036555 0.095958
v 0.009439 -0.036588 0.096291
v 0.009811 -0.036619 0.097047
v 0.007738 -0.037099 0.10146
v 0.009031 -0.03702 0.100254
v 0.009836 -0.036682 0.098591
v 0.010025 -0.036636 0.098604
v 0.009578 -0.036964 0.09857
v 0.009679 -0.036797 0.09858
v 0.009408 -0.036695 0.100508
v 0.009248 -0.036739 0.100404
v 0.009115 -0.036853 0.100314
v 0.007946 -0.036783 0.101873
v 0.007856 -0.036823 0.101703
v 0.007783 -0.036934 0.101558
v 0.006006 -0.036876 0.102358
v 0.006009 -0.036912 0.102164
v 0.006015 -0.037019 0.101999
v 0.006024 -0.037182 0.101888
v -0.002951 -0.037267 0.102284
v -0.002947 -0.037303 0.10209
v -0.002941 -0.03741 0.101925
v -0.002933 -0.037573 0.101814
v -0.004623 -0.037281 0.09494
v -0.004652 -0.037265 0.094886
v -0.006076 -0.037337 0.096153
v -0.004532 -0.037459 0.0951
v -0.004578 -0.03737 0.09502
v -0.005937 -0.03744 0.096242
v -0.003421 -0.037431 0.101889
v -0.003449 -0.037324 0.102052
v -0.003399 -0.037593 0.101779
v -0.005033 -0.037652 0.101101
v -0.006135 -0.037674 0.099716
v -0.006429 -0.037654 0.09797
v -0.00584 -0.037597 0.0963
v -0.004522 -0.03752 0.095114
v -0.005105 -0.037492 0.10119
v -0.00624 -0.037516 0.099762
v -0.006544 -0.037497 0.097963
v -0.005208 -0.037388 0.101322
v -0.006394 -0.037415 0.09983
v -0.00671 -0.037396 0.097951
v -0.003478 -0.03729 0.102244
v -0.005325 -0.037357 0.101477
v -0.006571 -0.037385 0.099909
v -0.006902 -0.037366 0.097934
v -0.006235 -0.037304 0.096047
v -0.004738 -0.037216 0.09472
v -0.004063 -0.037428 0.094903
v -0.004134 -0.03725 0.094741
v -0.003699 -0.037394 0.094802
v -0.003754 -0.037216 0.09464
v -0.004217 -0.037179 0.094514
v -0.00421 -0.037178 0.094512
v -0.003813 -0.03714 0.094411
v -0.000485 -0.036165 0.092713
v -0.003776 -0.037079 0.093855
v -0.002748 -0.036709 0.092812
v -0.004341 -0.037124 0.093703
v -0.007375 -0.037298 0.092756
v -0.007348 -0.037297 0.092765
v -0.007342 -0.037297 0.092757
v -0.006937 -0.03728 0.092905
v -0.007354 -0.037297 0.092772
v -0.007035 -0.037288 0.093028
v -0.004942 -0.037223 0.094581
v -0.003101 -0.036794 0.092827
v -0.003751 -0.036913 0.092837
v -0.005019 -0.037059 0.092814
v -0.00684 -0.03727 0.092782
v -0.020426 -0.034912 0.10563
v -0.020039 -0.033953 0.056632
v -0.019358 -0.032652 0.105639
v -0.019154 -0.032079 0.056639
v 0.039681 -0.031548 0.057127
v 0.039706 -0.032286 0.106129
v 0.040721 -0.031634 0.106137
v 0.040817 0.031535 0.106138
v 0.039706 0.032287 0.106129
v 0.03968 0.031548 0.057127
v 0.051946 0.004669 0.057229
v 0.05256 2e-06 0.106236
v 0.052488 0.003239 0.106235
v 0.051921 0.004901 0.057229
v 0.047993 0.022403 0.106198
v 0.047143 0.024008 0.106191
v 0.046804 0.023599 0.057186
v 0.04272 0.029974 0.106154
v 0.042534 0.029356 0.057151
v 0.042835 0.029874 0.106155
v 0.043812 0.028017 0.057161
v 0.040388 0.031104 0.057133
v 0.040729 0.030845 0.057136
v 0.04131 0.031202 0.106142
v 0.041834 0.030003 0.057145
v 0.042411 0.029485 0.05715
v 0.04627 0.024573 0.057182
v 0.046714 0.024816 0.106187
v 0.045559 0.025665 0.057176
v 0.045858 0.026133 0.10618
v 0.045095 0.026376 0.057172
v 0.045305 0.026985 0.106175
v 0.044139 0.027599 0.057164
v 0.044385 0.028132 0.106168
v 0.043768 0.0289 0.106163
v 0.047341 0.022618 0.057191
v 0.047494 0.022311 0.057192
v 0.048366 0.0216 0.106201
v 0.048649 0.019696 0.057202
v 0.04921 0.019491 0.106208
v 0.048829 0.019191 0.057203
v 0.049582 0.018562 0.106211
v 0.049633 0.016937 0.05721
v 0.050595 0.015326 0.106219
v 0.05031 0.014547 0.057215
v 0.050728 0.014764 0.10622
v 0.050453 0.014045 0.057216
v 0.051405 0.011913 0.106226
v 0.050996 0.011633 0.057221
v 0.051746 0.0099 0.106229
v 0.05131 0.009761 0.057223
v 0.052009 0.008346 0.106231
v 0.051574 0.008186 0.057226
v 0.052183 0.006948 0.106233
v 0.052346 0.004967 0.106234
v 0.040739 -0.030828 0.057136
v 0.04084 -0.03154 0.106138
v 0.041247 -0.030483 0.05714
v 0.042197 -0.030467 0.10615
v 0.042545 -0.029339 0.057151
v 0.042738 -0.029963 0.106154
v 0.042735 -0.029172 0.057152
v 0.042867 -0.029843 0.106155
v 0.04372 -0.028123 0.057161
v 0.04429 -0.028296 0.106167
v 0.044141 -0.027583 0.057164
v 0.044411 -0.028136 0.106168
v 0.045222 -0.026196 0.057173
v 0.045592 -0.026578 0.106178
v 0.045563 -0.025655 0.057176
v 0.045875 -0.026131 0.10618
v 0.046596 -0.024013 0.057184
v 0.046782 -0.0247 0.106188
v 0.046812 -0.023591 0.057186
v 0.05207 -0.002536 0.05723
v 0.051903 -0.004894 0.057228
v 0.052355 -0.004962 0.106234
v 0.05181 -0.006202 0.057228
v 0.052101 -0.007639 0.106232
v 0.051652 -0.007589 0.057226
v 0.05175 -0.009895 0.106229
v 0.05131 -0.009756 0.057223
v 0.051555 -0.011148 0.106227
v 0.051089 -0.011159 0.057222
v 0.05102 -0.013663 0.106223
v 0.050324 -0.014545 0.057215
v 0.050725 -0.014756 0.10622
v 0.050219 -0.016627 0.106216
v 0.050316 -0.014578 0.057215
v 0.049251 -0.019461 0.106208
v 0.049339 -0.017825 0.057207
v 0.049237 -0.019496 0.106208
v 0.048815 -0.01918 0.057203
v 0.04811 -0.022156 0.106199
v 0.048158 -0.020875 0.057197
v 0.047843 -0.021578 0.057195
v 0.047864 -0.022671 0.106197
v 0.047155 -0.024 0.106191
v 0.052113 0.001091 0.05723
v 0.0521 3e-06 0.05723
v 0.05257 -0.000435 0.106236
v 0.052439 -0.004064 0.106235
v 0.037681 -0.032605 0.05711
v 0.037706 -0.033347 0.106112
v 0.027144 -0.035751 0.090735
v 0.027029 -0.036018 0.106024
v 0.029112 -0.035847 0.106041
v 0.029416 -0.034998 0.057042
v 0.025017 -0.035161 0.057006
v 0.024727 -0.035713 0.088858
v 0.024885 -0.035724 0.088937
v 0.026085 -0.03576 0.089766
v 0.026511 -0.035761 0.090125
v 0.02065 -0.034597 0.056969
v 0.020285 -0.035118 0.087504
v 0.021698 -0.035385 0.087699
v 0.023071 -0.035576 0.088085
v 0.023585 -0.03563 0.088284
v 0.033563 -0.034934 0.106078
v 0.033729 -0.034113 0.057078
v 0.026716 -0.035761 0.090355
v 0.027053 -0.035754 0.090651
v 0.02711 -0.035752 0.090704
v 0.026474 -0.035762 0.090168
v 0.026035 -0.035764 0.08983
v 0.025452 -0.035757 0.089438
v 0.025983 -0.035764 0.089789
v 0.023706 -0.035667 0.088565
v 0.024633 -0.035727 0.088979
v 0.024805 -0.035734 0.089076
v 0.023033 -0.035605 0.088327
v 0.0235 -0.035648 0.088492
v 0.021923 -0.035468 0.088039
v 0.02299 -0.0356 0.088315
v 0.020251 -0.035176 0.087836
v 0.020452 -0.035216 0.087846
v 0.020654 -0.035256 0.08786
v 0.021632 -0.035419 0.087998
v 0.016202 -0.034702 0.088607
v 0.016738 -0.034737 0.08843
v 0.016692 -0.034595 0.088199
v 0.018695 -0.034927 0.087956
v 0.018757 -0.034936 0.087949
v 0.018758 -0.034901 0.087875
v 0.019379 -0.035026 0.087876
v 0.019663 -0.035073 0.087858
v 0.019837 -0.035101 0.087846
v 0.017981 -0.034842 0.088084
v 0.01729 -0.034672 0.088064
v 0.017314 -0.034779 0.08825
v 0.017178 -0.034767 0.088284
v 0.015271 -0.034455 0.088673
v 0.015371 -0.034662 0.088952
v 0.015618 -0.034673 0.088844
v 0.015269 -0.034452 0.088668
v 0.018747 -0.034819 0.087504
v 0.017228 -0.034586 0.087705
v 0.016609 -0.034509 0.087846
v 0.015136 -0.034365 0.088332
v 0.015379 -0.033813 0.056926
v 0.015072 -0.034362 0.088356
v 0.012443 -0.034242 0.089354
v 0.010051 -0.033707 0.056881
v 0.0098 -0.03429 0.090216
v 0.009733 -0.034291 0.090238
v 0.004752 -0.034277 0.056837
v 0.007011 -0.034518 0.090987
v -0.000431 -0.035517 0.056794
v -0.000543 -0.036111 0.092365
v 0.000946 -0.03568 0.092173
v 0.003658 -0.035045 0.091723
v 0.004279 -0.034926 0.091602
v 0.004569 -0.034883 0.091537
v -0.002767 -0.036697 0.092591
v -0.005386 -0.036539 0.056753
v -0.00502 -0.037092 0.092722
v -0.010445 -0.036606 0.056711
v -0.005618 -0.037144 0.092731
v -0.007472 -0.037524 0.105738
v -0.010921 -0.037458 0.105709
v -0.016062 -0.036539 0.105667
v -0.015425 -0.035715 0.05667
v 0.012424 -0.034449 0.089987
v 0.012642 -0.034457 0.089914
v 0.012569 -0.034324 0.089708
v 0.013104 -0.034474 0.089758
v 0.013781 -0.034517 0.08953
v 0.014542 -0.034587 0.08927
v 0.014639 -0.034597 0.089237
v 0.014926 -0.03463 0.089136
v 0.015039 -0.034642 0.089095
v 0.015056 -0.034643 0.089088
v 0.015112 -0.034649 0.089067
v 0.015158 -0.034653 0.089048
v 0.015181 -0.034654 0.089039
v 0.015217 -0.034657 0.089024
v 0.015254 -0.034659 0.089008
v 0.015287 -0.03466 0.088993
v 0.015337 -0.034661 0.088969
v 0.008866 -0.034559 0.091121
v 0.009918 -0.0345 0.090803
v 0.009849 -0.034368 0.090603
v 0.010485 -0.034469 0.090632
v 0.010985 -0.034452 0.090469
v 0.011087 -0.034449 0.090435
v 0.011757 -0.034441 0.090211
v 0.007115 -0.034591 0.09136
v 0.00727 -0.034701 0.091545
v 0.00437 -0.034996 0.091982
v 0.00632 -0.034812 0.091769
v 0.007182 -0.034712 0.091566
v 0.003579 -0.035237 0.092299
v 0.003793 -0.0352 0.092261
v 0.003746 -0.035114 0.092104
v 0.004423 -0.035093 0.09215
v 0.004896 -0.035012 0.092067
v 0.00102 -0.035748 0.092558
v 0.001037 -0.035776 0.092619
v 0.001796 -0.035599 0.092543
v 0.002371 -0.035475 0.092474
v 1.4e-05 -0.036032 0.092691
v 0.000165 -0.035992 0.092685
v 0.000917 -0.035804 0.09263
v 0.014278 -0.037646 0.09518
v 0.014149 -0.037651 0.095917
v 0.014366 -0.037576 0.095919
v 0.014719 -0.037627 0.093772
v 0.014434 -0.037639 0.094288
v 0.014639 -0.037565 0.094361
v 0.015552 -0.037591 0.092551
v 0.015233 -0.037605 0.092841
v 0.015402 -0.037532 0.092978
v 0.022237 -0.037296 0.099872
v 0.022534 -0.037283 0.099681
v 0.022383 -0.037225 0.099518
v 0.014266 -0.037646 0.096655
v 0.014613 -0.037565 0.09748
v 0.014407 -0.037639 0.09755
v 0.015353 -0.037532 0.098876
v 0.015181 -0.037605 0.09901
v 0.015496 -0.037591 0.099305
v 0.016506 -0.037481 0.099957
v 0.016387 -0.037552 0.10014
v 0.017947 -0.037418 0.100603
v 0.017894 -0.037486 0.100817
v 0.018011 -0.037481 0.100827
v 0.01952 -0.037349 0.100747
v 0.019539 -0.037414 0.100967
v 0.021054 -0.037282 0.100372
v 0.020954 -0.037352 0.100621
v 0.021144 -0.037344 0.100574
v 0.016637 -0.037541 0.100252
v 0.023559 -0.037239 0.098385
v 0.023886 -0.037225 0.097456
v 0.023889 -0.03716 0.096788
v 0.024108 -0.037216 0.096826
v 0.023902 -0.03716 0.095207
v 0.024184 -0.037213 0.096
v 0.024122 -0.037216 0.095173
v 0.023401 -0.037182 0.093708
v 0.023599 -0.037239 0.093605
v 0.023289 -0.037253 0.093199
v 0.022442 -0.037225 0.092452
v 0.022595 -0.037283 0.092292
v 0.022302 -0.037296 0.092096
v 0.023243 -0.037253 0.098785
v 0.023364 -0.037182 0.098279
v 0.019599 -0.037349 0.091176
v 0.018092 -0.037481 0.091071
v 0.018024 -0.037418 0.091294
v 0.017975 -0.037486 0.09108
v 0.016573 -0.037481 0.091917
v 0.016709 -0.037541 0.091623
v 0.016457 -0.037552 0.091731
v 0.02122 -0.037344 0.091376
v 0.021031 -0.037352 0.091326
v 0.021127 -0.037282 0.091577
v 0.021086 -0.037372 0.100974
v 0.01785 -0.036776 0.090098
v 0.016181 -0.036849 0.090737
v 0.016236 -0.037186 0.090808
v 0.020375 -0.036666 0.090155
v 0.019633 -0.036698 0.089979
v 0.019641 -0.037038 0.09006
v 0.024218 -0.036497 0.092838
v 0.024116 -0.036502 0.092619
v 0.024063 -0.036844 0.092665
v 0.025001 -0.036462 0.095104
v 0.024878 -0.036468 0.094237
v 0.024815 -0.03681 0.094261
v 0.01531 -0.03692 0.100575
v 0.016067 -0.036893 0.10111
v 0.016151 -0.037186 0.101059
v 0.021876 -0.036641 0.101293
v 0.0228 -0.036594 0.100706
v 0.022798 -0.036896 0.100616
v 0.024959 -0.036463 0.09738
v 0.025129 -0.036456 0.096008
v 0.025063 -0.036799 0.096007
v 0.024162 -0.036518 0.099227
v 0.024604 -0.03649 0.098415
v 0.024786 -0.03681 0.09775
v 0.024826 -0.036473 0.097766
v 0.023485 -0.036557 0.100087
v 0.024008 -0.036844 0.099333
v 0.024049 -0.036525 0.09937
v 0.019958 -0.036732 0.1019
v 0.021024 -0.036682 0.101651
v 0.021264 -0.036963 0.101485
v 0.021274 -0.03667 0.101546
v 0.017945 -0.036819 0.101837
v 0.019034 -0.036773 0.101955
v 0.019543 -0.037038 0.101864
v 0.019535 -0.036751 0.101925
v 0.017054 -0.036855 0.101583
v 0.017786 -0.037115 0.101717
v 0.017759 -0.036827 0.101783
v 0.013997 -0.036961 0.099047
v 0.014534 -0.036946 0.099802
v 0.014782 -0.037247 0.099948
v 0.014722 -0.03694 0.099989
v 0.013289 -0.036973 0.097283
v 0.013522 -0.036971 0.098061
v 0.013801 -0.03729 0.098482
v 0.013736 -0.036967 0.098506
v 0.013296 -0.037313 0.096792
v 0.013201 -0.036977 0.096803
v 0.022911 -0.036555 0.091298
v 0.022875 -0.036896 0.091361
v 0.022576 -0.036569 0.091101
v 0.021371 -0.036622 0.090391
v 0.014775 -0.03691 0.091841
v 0.014127 -0.036938 0.092775
v 0.013844 -0.03729 0.093346
v 0.013215 -0.036977 0.095015
v 0.01331 -0.037313 0.095028
v 0.013221 -0.036977 0.094997
v 0.013756 -0.036954 0.09331
v 0.019634 -0.037304 0.090285
v 0.021283 -0.037232 0.090677
v 0.021356 -0.036963 0.090467
v 0.013531 -0.037568 0.09676
v 0.013545 -0.037568 0.095063
v 0.021169 -0.037372 0.090976
v 0.019613 -0.03744 0.090606
v 0.017979 -0.036771 0.090089
v 0.017882 -0.037115 0.090177
v 0.017942 -0.037378 0.090398
v 0.016359 -0.037447 0.091005
v 0.02461 -0.037086 0.094325
v 0.024849 -0.037075 0.096005
v 0.024307 -0.037234 0.094418
v 0.024533 -0.037223 0.096003
v 0.023887 -0.037118 0.092791
v 0.023625 -0.037264 0.09297
v 0.022547 -0.037311 0.091787
v 0.022744 -0.037168 0.091537
v 0.018017 -0.03751 0.090713
v 0.015786 -0.036866 0.091047
v 0.014849 -0.037247 0.091897
v 0.016446 -0.037575 0.100587
v 0.01793 -0.03751 0.101184
v 0.019539 -0.037304 0.101638
v 0.023834 -0.037118 0.099204
v 0.02267 -0.037168 0.100438
v 0.023575 -0.037264 0.09902
v 0.022478 -0.037311 0.100185
v 0.024582 -0.037086 0.097681
v 0.024281 -0.037234 0.097584
v 0.014084 -0.036645 0.092753
v 0.013213 -0.036862 0.094997
v 0.013422 -0.036755 0.094113
v 0.013775 -0.036678 0.093249
v 0.015815 -0.03652 0.090952
v 0.015743 -0.036524 0.09101
v 0.014962 -0.036572 0.091637
v 0.014348 -0.036617 0.092329
v 0.017965 -0.036415 0.09009
v 0.017655 -0.036427 0.09014
v 0.016623 -0.036476 0.090503
v 0.02259 -0.036444 0.091066
v 0.02234 -0.036444 0.090891
v 0.021855 -0.036421 0.090615
v 0.021694 -0.03641 0.090536
v 0.020677 -0.036359 0.090163
v 0.020374 -0.036358 0.090106
v 0.019799 -0.036356 0.089996
v 0.018706 -0.036385 0.089972
v 0.022797 -0.036443 0.091212
v 0.024174 -0.036411 0.092714
v 0.02422 -0.036411 0.092833
v 0.025045 -0.036415 0.094966
v 0.02504 -0.036417 0.095094
v 0.01314 -0.036954 0.096017
v 0.013146 -0.036959 0.096219
v 0.013193 -0.036967 0.096754
v 0.021999 -0.035909 0.090183
v 0.021912 -0.035904 0.090144
v 0.021809 -0.035989 0.09035
v 0.022086 -0.035914 0.090221
v 0.021976 -0.035997 0.090428
v 0.021892 -0.036181 0.090571
v 0.02173 -0.036172 0.090492
v 0.017642 -0.036267 0.090114
v 0.017617 -0.036125 0.09004
v 0.018698 -0.036221 0.089944
v 0.017583 -0.036015 0.089925
v 0.01833 -0.03598 0.089799
v 0.018687 -0.036075 0.089864
v 0.020231 -0.0359 0.089781
v 0.019821 -0.035913 0.089734
v 0.019807 -0.036025 0.089873
v 0.019384 -0.035932 0.089736
v 0.018675 -0.035964 0.089741
v 0.020691 -0.036158 0.090126
v 0.019799 -0.036179 0.089965
v 0.020699 -0.035885 0.089836
v 0.020724 -0.03599 0.090013
v 0.020771 -0.035883 0.089845
v 0.021697 -0.0359 0.090088
v 0.021458 -0.035896 0.090025
v 0.021093 -0.035889 0.089929
v 0.013058 -0.036528 0.095015
v 0.013131 -0.03663 0.095013
v 0.013365 -0.036551 0.094115
v 0.013167 -0.036681 0.095013
v 0.013234 -0.036387 0.094089
v 0.012953 -0.03646 0.095007
v 0.012965 -0.036317 0.094281
v 0.012845 -0.036352 0.094621
v 0.012901 -0.036425 0.095003
v 0.012734 -0.036383 0.094934
v 0.012718 -0.036387 0.09498
v 0.01305 -0.036293 0.094039
v 0.01372 -0.036231 0.092822
v 0.013505 -0.036245 0.093143
v 0.01364 -0.03635 0.093204
v 0.013311 -0.036266 0.093527
v 0.013111 -0.036287 0.09392
v 0.014317 -0.036454 0.092315
v 0.013734 -0.036501 0.093241
v 0.014244 -0.036311 0.092268
v 0.014873 -0.036271 0.091566
v 0.014784 -0.036163 0.091481
v 0.014369 -0.036189 0.09194
v 0.014139 -0.036203 0.092195
v 0.013821 -0.036224 0.09267
v 0.015792 -0.036361 0.090932
v 0.014934 -0.036412 0.09162
v 0.015673 -0.036113 0.090773
v 0.015596 -0.036117 0.090834
v 0.015743 -0.036221 0.090869
v 0.015259 -0.036136 0.091102
v 0.014907 -0.036156 0.091384
v 0.016605 -0.036318 0.09048
v 0.016566 -0.036177 0.090412
v 0.01612 -0.036089 0.090524
v 0.01579 -0.036106 0.090708
v 0.01729 -0.036029 0.09003
v 0.01681 -0.036053 0.0902
v 0.016512 -0.036068 0.090306
v 0.016311 -0.035424 0.08945
v 0.016039 -0.035421 0.089554
v 0.015854 -0.035424 0.089636
v 0.015652 -0.03543 0.089738
v 0.015468 -0.03544 0.089842
v 0.015357 -0.035448 0.089911
v 0.015154 -0.035466 0.090047
v 0.014945 -0.035489 0.090204
v 0.014888 -0.035497 0.090251
v 0.014586 -0.035542 0.090515
v 0.014132 -0.035621 0.090974
v 0.014028 -0.035638 0.091085
v 0.01345 -0.035701 0.091659
v 0.013048 -0.035725 0.092005
v 0.012671 -0.03575 0.092301
v 0.012315 -0.035785 0.092564
v 0.011968 -0.035833 0.09281
v 0.012018 -0.035941 0.093111
v 0.011922 -0.035802 0.092865
v 0.016484 -0.03543 0.089394
v 0.016464 -0.035416 0.089386
v 0.021254 -0.03572 0.089219
v 0.020956 -0.035687 0.089168
v 0.020623 -0.035655 0.089122
v 0.020114 -0.035614 0.089074
v 0.019562 -0.035579 0.089048
v 0.017881 -0.035492 0.08911
v 0.01889 -0.035544 0.089048
v 0.016983 -0.03544 0.089248
v 0.021621 -0.035701 0.089455
v 0.022528 -0.035813 0.089401
v 0.027107 -0.035752 0.090713
v 0.027045 -0.035755 0.090675
v 0.026686 -0.035766 0.090472
v 0.025942 -0.035788 0.090115
v 0.025433 -0.035801 0.089918
v 0.024691 -0.035815 0.089692
v 0.023907 -0.035823 0.089525
v 0.02337 -0.035823 0.089452
v 0.027104 -0.035753 0.090722
v 0.027037 -0.035755 0.0907
v 0.026656 -0.03577 0.090589
v 0.0259 -0.035801 0.090442
v 0.025412 -0.035821 0.0904
v 0.024747 -0.035851 0.090409
v 0.024106 -0.03588 0.090497
v 0.023705 -0.035899 0.090596
v 0.023138 -0.035928 0.0908
v 0.022597 -0.035934 0.0905
v 0.023081 -0.035931 0.090825
v 0.022468 -0.036013 0.090702
v 0.022374 -0.036199 0.090844
v 0.022873 -0.036089 0.0911
v 0.022833 -0.036198 0.091155
v 0.022813 -0.036253 0.091183
v 0.022967 -0.035976 0.090974
v 0.022935 -0.036013 0.091016
v 0.024987 -0.03627 0.097392
v 0.025075 -0.036222 0.094963
v 0.024414 -0.03594 0.092554
v 0.024572 -0.035893 0.092452
v 0.024199 -0.036219 0.092696
v 0.024283 -0.036054 0.09264
v 0.025516 -0.035894 0.094892
v 0.025329 -0.03594 0.094923
v 0.025174 -0.036056 0.094948
v 0.025422 -0.035943 0.097507
v 0.025238 -0.035988 0.097461
v 0.025085 -0.036103 0.09742
v 0.024632 -0.036299 0.098434
v 0.019025 -0.036591 0.102004
v 0.01278 -0.036495 0.097402
v 0.013032 -0.036498 0.098245
v 0.012968 -0.036524 0.097359
v 0.013212 -0.036527 0.098178
v 0.013131 -0.036625 0.097321
v 0.013368 -0.036627 0.098119
v 0.013244 -0.036783 0.097294
v 0.013477 -0.036783 0.098078
v 0.014494 -0.036761 0.099832
v 0.013954 -0.036775 0.099071
v 0.014404 -0.036608 0.099905
v 0.013854 -0.036621 0.09913
v 0.014276 -0.03651 0.100009
v 0.013712 -0.036522 0.099214
v 0.01413 -0.036482 0.10013
v 0.013548 -0.036494 0.099313
v 0.016036 -0.03671 0.101151
v 0.015274 -0.036737 0.100611
v 0.015973 -0.03656 0.101248
v 0.015198 -0.036585 0.100698
v 0.015887 -0.036463 0.101386
v 0.015091 -0.036488 0.100823
v 0.015791 -0.036434 0.101547
v 0.01497 -0.03646 0.100968
v 0.017031 -0.036673 0.101628
v 0.016986 -0.036523 0.101733
v 0.016927 -0.036425 0.101884
v 0.016861 -0.036395 0.102059
v 0.017929 -0.036637 0.101884
v 0.0179 -0.036486 0.101994
v 0.017864 -0.036389 0.102152
v 0.017826 -0.036358 0.102334
v 0.019017 -0.036439 0.102116
v 0.01901 -0.036341 0.102277
v 0.019005 -0.036308 0.102463
v 0.019956 -0.036549 0.101948
v 0.019964 -0.036397 0.102059
v 0.019982 -0.036297 0.102218
v 0.020006 -0.036264 0.102403
v 0.021161 -0.036208 0.102133
v 0.021104 -0.036244 0.101957
v 0.021058 -0.036345 0.101804
v 0.02103 -0.036499 0.101697
v 0.022818 -0.036408 0.100743
v 0.021889 -0.036457 0.101336
v 0.022878 -0.036251 0.100833
v 0.021932 -0.036302 0.101436
v 0.022972 -0.036145 0.100961
v 0.022 -0.036198 0.10158
v 0.023084 -0.036107 0.10111
v 0.022084 -0.036161 0.101746
v 0.023508 -0.03637 0.100119
v 0.02358 -0.036211 0.100197
v 0.023692 -0.036103 0.100309
v 0.023826 -0.036063 0.100439
v 0.024188 -0.036329 0.099252
v 0.024273 -0.036167 0.099314
v 0.024403 -0.036057 0.099404
v 0.02456 -0.036014 0.099508
v 0.024724 -0.036135 0.098482
v 0.024866 -0.036022 0.09855
v 0.025038 -0.035978 0.098628
v 0.012676 -0.036489 0.096829
v 0.012868 -0.036519 0.096803
v 0.013033 -0.03662 0.096779
v 0.013148 -0.036777 0.096762
v 0.012625 -0.036482 0.096249
v 0.012817 -0.036511 0.09624
v 0.012984 -0.036612 0.096231
v 0.013099 -0.03677 0.096224
v 0.012622 -0.036476 0.09604
v 0.012814 -0.036507 0.096037
v 0.012979 -0.036608 0.096031
v 0.013094 -0.036765 0.096025
v 0.009622 -0.036059 0.093847
v 0.007796 -0.036164 0.094282
v 0.006701 -0.036232 0.09449
v 0.012487 -0.036489 0.096296
v 0.011455 -0.035967 0.093301
v 0.010414 -0.03659 0.096903
v -0.015017 -0.034232 0.105675
v -0.01046 -0.034986 0.105713
v -0.015018 0.034232 0.105675
v -0.010461 0.034986 0.105713
v -0.005843 0.03489 0.105751
v -0.005842 -0.03489 0.105751
v -0.001321 -0.033945 0.105789
v 0.037706 0.033347 0.106112
v 0.038444 0.030128 0.106119
v 0.033563 0.034934 0.106078
v 0.034258 0.03208 0.106084
v 0.029112 0.035848 0.106041
v 0.029784 0.033229 0.106047
v 0.027029 0.036018 0.106024
v 0.004066 -0.032657 0.105833
v 0.009573 -0.032063 0.105879
v 0.01511 -0.032175 0.105925
v 0.020589 -0.032988 0.105971
v 0.025175 -0.033535 0.106009
v 0.029784 -0.033229 0.106047
v 0.034258 -0.03208 0.106084
v 0.038444 -0.030128 0.106119
v 0.039943 0.029097 0.106131
v 0.041369 0.027806 0.106143
v 0.009572 0.032063 0.105879
v 0.004066 0.032657 0.105833
v -0.001321 0.033945 0.105789
v 0.025175 0.033536 0.106009
v 0.020589 0.032989 0.105971
v 0.01511 0.032175 0.105925
v 0.042652 0.026348 0.106153
v 0.040645 -0.028501 0.106137
v 0.039301 -0.029577 0.106126
v 0.044079 0.024335 0.106165
v 0.041041 -0.028131 0.10614
v 0.043601 -0.025061 0.106161
v 0.042379 -0.026683 0.106151
v 0.044716 -0.023276 0.10617
v 0.045375 0.022058 0.106176
v 0.04573 -0.021341 0.106179
v 0.046844 -0.018756 0.106188
v 0.046537 0.019526 0.106186
v 0.046803 0.018862 0.106188
v 0.047881 0.01572 0.106197
v 0.047795 -0.016005 0.106196
v 0.048747 0.012397 0.106204
v 0.049399 0.008919 0.106209
v 0.048579 -0.013123 0.106203
v 0.04965 -0.007087 0.106211
v 0.049129 -0.01052 0.106207
v 0.049964 -0.003584 0.106214
v 0.050071 -2.2e-05 0.106215
v 0.049836 0.005313 0.106213
v 0.049964 0.003587 0.106214
v 0.03768 0.032606 0.05711
v 0.022488 0.035595 0.092801
v 0.025016 0.035161 0.057006
v 0.02469 0.035785 0.092964
v 0.024763 0.035791 0.092969
v 0.029416 0.034998 0.057042
v 0.033729 0.034113 0.057078
v 0.007203 0.034677 0.089944
v 0.006988 0.034704 0.089867
v 0.007052 0.034565 0.089662
v 0.006531 0.034761 0.089704
v 0.005866 0.034862 0.089464
v 0.005117 0.034998 0.089192
v 0.005023 0.035017 0.089157
v 0.00439 0.03493 0.088583
v 0.004741 0.035074 0.089052
v 0.00463 0.035096 0.089009
v 0.004613 0.035099 0.089002
v 0.004558 0.03511 0.088979
v 0.004513 0.035118 0.08896
v 0.00449 0.035121 0.08895
v 0.004455 0.035127 0.088935
v 0.004419 0.035132 0.088918
v 0.004386 0.035136 0.088902
v 0.004337 0.035142 0.088878
v 0.004303 0.035145 0.088861
v 0.010738 0.034477 0.091137
v 0.009691 0.03451 0.090802
v 0.009751 0.034373 0.090602
v 0.009126 0.034528 0.090621
v 0.008629 0.034555 0.090449
v 0.008528 0.034561 0.090414
v 0.007863 0.034611 0.090179
v 0.012481 0.034356 0.091404
v 0.012334 0.03448 0.091587
v 0.01524 0.034522 0.092072
v 0.013286 0.034508 0.091827
v 0.012422 0.034483 0.091609
v 0.016044 0.034692 0.092402
v 0.015828 0.034675 0.092361
v 0.01587 0.034585 0.092205
v 0.015193 0.034623 0.092239
v 0.014716 0.034584 0.092148
v 0.018633 0.034979 0.092704
v 0.018618 0.035008 0.092764
v 0.017847 0.034899 0.092676
v 0.017265 0.034825 0.092597
v 0.019657 0.035175 0.092854
v 0.019504 0.035148 0.092845
v 0.01874 0.035026 0.092778
v 0.004392 0.034928 0.088578
v 0.003485 0.035257 0.088502
v 0.002958 0.035339 0.088316
v 0.002994 0.035194 0.088086
v 0.001032 0.035699 0.08781
v 0.000971 0.035713 0.087801
v 0.000968 0.035678 0.087727
v 0.000361 0.035856 0.087719
v 8.2e-05 0.035927 0.087695
v -8.8e-05 0.035971 0.087681
v -0.000494 0.036081 0.087664
v 0.001734 0.035551 0.08795
v 0.002408 0.035322 0.087941
v 0.00239 0.035431 0.088126
v 0.002524 0.035407 0.088162
v 0.00406 0.035178 0.088748
v -0.006925 0.037229 0.090076
v -0.007265 0.037252 0.090366
v -0.007323 0.037256 0.090418
v -0.00668 0.037209 0.089893
v -0.006237 0.037173 0.089562
v -0.005002 0.037035 0.088828
v -0.00565 0.037115 0.089181
v -0.006184 0.037169 0.089523
v -0.003904 0.036873 0.088336
v -0.00483 0.037014 0.088735
v -0.003236 0.036752 0.088109
v -0.0037 0.036836 0.088266
v -0.002137 0.036519 0.087839
v -0.003193 0.036743 0.088098
v -0.000691 0.036139 0.087671
v -0.000889 0.036196 0.087681
v -0.001851 0.036445 0.087803
v -0.00184 0.036725 0.08926
v -0.002297 0.036979 0.090019
v -0.002733 0.036916 0.089191
v -0.002809 0.037043 0.090289
v -0.00732 0.037256 0.090427
v -0.007258 0.037252 0.090391
v -0.006896 0.037232 0.090193
v -0.006147 0.037189 0.089849
v -0.005635 0.037157 0.089661
v -0.004891 0.037107 0.089447
v -0.004107 0.037046 0.089293
v -0.003571 0.037 0.089228
v -0.007317 0.037256 0.090436
v -0.00725 0.037252 0.090415
v -0.006868 0.037234 0.090311
v -0.006109 0.037198 0.090177
v -0.005621 0.037176 0.090142
v -0.004956 0.037148 0.090163
v -0.004317 0.037121 0.090262
v -0.003917 0.037106 0.090367
v -0.003353 0.037084 0.09058
v -0.003296 0.037082 0.090606
v -0.00221 0.036966 0.089982
v -0.001469 0.036712 0.089031
v -0.002123 0.036954 0.089945
v 0.003254 0.036007 0.089284
v 0.002202 0.036687 0.089798
v 0.001457 0.036717 0.089659
v -0.001174 0.036653 0.088985
v -0.001908 0.036931 0.089892
v -0.000844 0.036592 0.088944
v -0.00034 0.036507 0.088904
v -0.001669 0.036906 0.089833
v -0.001305 0.036867 0.089743
v 0.000208 0.036424 0.088887
v -0.000911 0.036829 0.089657
v -0.000984 0.036833 0.089664
v 0.001873 0.03619 0.088977
v 0.000404 0.036761 0.089579
v 0.000874 0.036331 0.088899
v -3.3e-05 0.03678 0.089569
v -0.000443 0.036803 0.08961
v 0.003273 0.035992 0.089276
v 0.002761 0.036061 0.08913
v 0.001113 0.036731 0.089595
v 0.002494 0.036676 0.089907
v 0.003425 0.035987 0.089343
v 0.003694 0.03596 0.089451
v 0.002971 0.036658 0.090086
v 0.003877 0.035946 0.089537
v 0.003267 0.036646 0.090196
v 0.004078 0.035935 0.089642
v 0.003656 0.036633 0.090421
v 0.00426 0.035929 0.089749
v 0.003983 0.036622 0.09061
v 0.004099 0.036618 0.090677
v 0.00437 0.035927 0.08982
v 0.004175 0.036616 0.090739
v 0.004572 0.035928 0.08996
v 0.004508 0.036606 0.091013
v 0.004779 0.035933 0.09012
v 0.004856 0.036595 0.0913
v 0.004836 0.035936 0.090167
v 0.004977 0.036592 0.0914
v 0.005136 0.035955 0.090437
v 0.005385 0.036581 0.091865
v 0.005612 0.036576 0.092124
v 0.005588 0.035994 0.090903
v 0.005922 0.036569 0.092605
v 0.005691 0.036002 0.091015
v 0.00602 0.036567 0.092758
v 0.00623 0.036563 0.093083
v 0.006263 0.036015 0.091599
v 0.00642 0.036567 0.093469
v 0.00666 0.036004 0.091952
v 0.006614 0.036571 0.093866
v 0.006673 0.036572 0.093987
v 0.007032 0.035996 0.092254
v 0.006756 0.036589 0.094229
v 0.007385 0.036 0.092523
v 0.006873 0.036612 0.094571
v 0.007731 0.036018 0.092775
v 0.006981 0.036634 0.094887
v 0.006996 0.036637 0.094932
v 0.007686 0.03613 0.093075
v 0.007774 0.035983 0.092831
v 0.010071 0.036039 0.09385
v 0.011891 0.035985 0.094316
v 0.012985 0.035958 0.094542
v 0.007214 0.036719 0.096252
v 0.007077 0.036724 0.096203
v 0.007083 0.036718 0.095994
v 0.008246 0.036107 0.093274
v 0.009277 0.036639 0.096894
v 0.005513 0.036858 0.100059
v 0.006108 0.036819 0.099251
v -0.004812 0.037176 0.092208
v -0.005792 0.037261 0.094633
v -0.005738 0.037303 0.097248
v 0.002754 0.037011 0.101942
v 0.003832 0.036956 0.101448
v 0.00466 0.03691 0.100882
v 0.006639 0.036777 0.098192
v 0.006905 0.036751 0.097353
v 0.007016 0.036736 0.096782
v -0.001547 0.0372 0.101945
v -0.000396 0.037154 0.102233
v 0.000604 0.037112 0.10231
v 0.001785 0.037058 0.102201
v -0.005371 0.037306 0.098376
v -0.004906 0.037301 0.099263
v -0.004186 0.037286 0.100207
v -0.003455 0.037265 0.10089
v -0.002464 0.037233 0.101542
v 0.006829 0.036782 0.096753
v 0.00672 0.036797 0.097307
v 0.006673 0.036898 0.096727
v 0.006567 0.036912 0.097267
v 0.006573 0.037064 0.096708
v 0.006469 0.037079 0.097238
v 0.006544 0.037257 0.096699
v 0.006441 0.037272 0.097226
v 0.006888 0.03677 0.096191
v 0.006731 0.036885 0.096179
v 0.00663 0.037052 0.09617
v 0.0066 0.037245 0.096164
v 0.006544 0.037153 0.094941
v 0.006574 0.036968 0.094958
v 0.006894 0.036765 0.095988
v 0.006738 0.036881 0.09598
v 0.006638 0.037047 0.095971
v 0.006609 0.037239 0.095963
v 0.006606 0.036915 0.094959
v 0.006818 0.036691 0.094953
v 0.006768 0.03673 0.094956
v 0.00667 0.036807 0.094962
v 0.00604 0.037291 0.093246
v 0.005678 0.037307 0.092705
v 0.005695 0.037012 0.092683
v 0.006547 0.037268 0.094942
v 0.006342 0.037064 0.094054
v 0.005998 0.037018 0.093184
v 0.003658 0.037396 0.090633
v 0.00399 0.037036 0.090854
v 0.004047 0.037379 0.09095
v 0.004061 0.037034 0.090913
v 0.005045 0.037335 0.09176
v 0.004833 0.037014 0.091553
v 0.005437 0.037006 0.092255
v 0.001871 0.037474 0.089955
v 0.001853 0.037118 0.089957
v 0.002 0.037468 0.089966
v 0.002163 0.037103 0.090011
v 0.003189 0.037063 0.090392
v -0.002742 0.037675 0.090891
v -0.002766 0.037551 0.090856
v -0.002515 0.037529 0.090685
v -0.001526 0.037622 0.090201
v -0.002029 0.037464 0.090417
v -0.001868 0.037439 0.090341
v -0.000526 0.037579 0.089981
v -0.000853 0.037299 0.089985
v -0.000551 0.037272 0.089932
v 0.000219 0.037546 0.089818
v 2.4e-05 0.037219 0.089832
v 0.001115 0.037153 0.089826
v -0.002975 0.037569 0.090998
v -0.003081 0.03769 0.091083
v -0.004374 0.037657 0.092477
v -0.004307 0.037743 0.092384
v -0.004422 0.037662 0.092596
v -0.004413 0.037747 0.0926
v -0.005096 0.037777 0.093989
v -0.005279 0.037739 0.094715
v -0.005233 0.037782 0.094854
v -0.005276 0.037741 0.094843
v -0.005376 0.037788 0.095755
v -0.005229 0.037781 0.097129
v 0.006552 0.037268 0.094959
v 0.006537 0.037268 0.096748
v -0.00449 0.03849 0.097345
v -0.00273 0.038412 0.099976
v -0.001352 0.038352 0.100787
v 0.005981 0.037633 0.093281
v 0.006486 0.037611 0.094971
v 0.006274 0.037886 0.095003
v 0.003631 0.037737 0.090704
v 0.000239 0.037885 0.089899
v -0.004225 0.038079 0.09243
v -0.005003 0.038112 0.094013
v 0.004369 0.037398 0.100484
v 0.003604 0.037437 0.101006
v 0.003546 0.037737 0.100955
v -0.002208 0.037693 0.101094
v -0.003122 0.037726 0.100491
v -0.003093 0.038027 0.100401
v -0.00528 0.038124 0.095756
v -0.004461 0.037768 0.098989
v -0.00489 0.037778 0.09817
v -0.005032 0.038112 0.097502
v -0.005102 0.03778 0.097518
v -0.003798 0.037749 0.09986
v -0.004281 0.038079 0.099098
v -0.004351 0.037765 0.099135
v -0.000299 0.037616 0.101732
v -0.001361 0.03766 0.101466
v -0.001574 0.03796 0.101296
v -0.00161 0.037669 0.101356
v 0.001714 0.037528 0.101702
v 0.000624 0.037577 0.101803
v 0.000142 0.037885 0.101703
v 0.000124 0.037598 0.101764
v 0.002609 0.037486 0.101463
v 0.0019 0.037808 0.101586
v 0.001902 0.037519 0.101652
v 0.005705 0.037323 0.098978
v 0.005156 0.037355 0.099724
v 0.004933 0.037677 0.099866
v 0.004966 0.037366 0.099908
v 0.006196 0.037291 0.098001
v 0.005938 0.037633 0.098417
v 0.005975 0.037306 0.098441
v 0.006472 0.037611 0.096735
v -0.003016 0.038027 0.091147
v 0.000266 0.03815 0.090125
v -0.00139 0.038222 0.090489
v -0.001482 0.03796 0.090277
v 0.00626 0.037886 0.0967
v -0.001269 0.038352 0.090789
v 0.000293 0.038284 0.090446
v 0.001887 0.038214 0.090579
v 0.001996 0.037808 0.090045
v 0.001955 0.038076 0.090266
v 0.003528 0.038007 0.090899
v -0.004776 0.038369 0.094082
v -0.005043 0.03838 0.095758
v -0.004715 0.0385 0.09576
v -0.004028 0.038337 0.092559
v -0.002865 0.038286 0.091325
v -0.00266 0.038412 0.091578
v -0.003758 0.03846 0.092743
v 0.004845 0.037949 0.091968
v 0.004613 0.038094 0.092185
v 0.003371 0.038149 0.091176
v 0.005 0.037677 0.091815
v 0.005788 0.037908 0.093377
v 0.005747 0.037908 0.098317
v 0.005464 0.038055 0.098175
v 0.004781 0.037949 0.099711
v 0.004552 0.038094 0.09949
v 0.003294 0.038149 0.100478
v 0.003447 0.038007 0.100758
v 0.0018 0.038214 0.10105
v 0.001863 0.038076 0.101365
v 0.000172 0.03815 0.101478
v 0.000204 0.038284 0.101157
v -0.002939 0.038286 0.100226
v -0.004081 0.038337 0.098972
v -0.004804 0.038369 0.097438
v -0.003808 0.03846 0.098793
v -0.004935 0.03759 0.098189
v 0.000616 0.037394 0.101851
v 0.006464 0.036821 0.098122
v 0.006318 0.036935 0.098061
v 0.006224 0.037099 0.098018
v 0.00518 0.037167 0.099755
v 0.005731 0.037134 0.099003
v 0.005256 0.037008 0.099829
v 0.005817 0.036971 0.099063
v 0.005372 0.036899 0.099935
v 0.005949 0.036861 0.09915
v 0.003618 0.037253 0.101048
v 0.004388 0.037212 0.100521
v 0.003665 0.037097 0.101145
v 0.004449 0.037055 0.100609
v 0.00374 0.036993 0.101286
v 0.004545 0.036949 0.100736
v 0.002616 0.037302 0.101508
v 0.002645 0.037149 0.101614
v 0.002694 0.037047 0.101766
v 0.001714 0.037345 0.101749
v 0.001728 0.037193 0.10186
v 0.001752 0.037092 0.102018
v 0.000609 0.037243 0.101964
v 0.000605 0.037144 0.102124
v -0.000314 0.037434 0.10178
v -0.000337 0.037283 0.101891
v -0.000366 0.037186 0.10205
v -0.001484 0.03723 0.101769
v -0.001427 0.037327 0.101617
v -0.001384 0.037478 0.101511
v -0.003157 0.037542 0.100528
v -0.002237 0.03751 0.101136
v -0.003232 0.037391 0.100616
v -0.002295 0.037359 0.101235
v -0.003336 0.037294 0.100743
v -0.002375 0.037262 0.101377
v -0.003837 0.037564 0.099892
v -0.003924 0.037412 0.099969
v -0.004047 0.037314 0.100079
v -0.004504 0.037582 0.099014
v -0.004603 0.037428 0.099075
v -0.004744 0.037329 0.099162
v -0.005041 0.037434 0.098235
v -0.005195 0.037335 0.0983
v -0.005274 0.037591 0.097141
v -0.005386 0.037434 0.097167
v -0.005549 0.037332 0.097205
v -0.005325 0.03755 0.094711
v -0.004652 0.037209 0.092313
v -0.003007 0.03738 0.090969
v -0.004416 0.037469 0.092459
v -0.003031 0.037328 0.090941
v -0.004513 0.037311 0.092401
v -0.003181 0.037117 0.090757
v -0.003147 0.037152 0.0908
v -0.00308 0.037222 0.090885
v -0.005603 0.037291 0.094667
v -0.005439 0.037392 0.094694
v -0.002677 0.037111 0.090493
v -0.002184 0.037051 0.090227
v -0.002569 0.037288 0.090637
v -0.002086 0.037228 0.090372
v -0.002017 0.037029 0.090152
v -0.001924 0.037205 0.090296
v 0.002162 0.036943 0.089986
v 0.002176 0.036799 0.089912
v 0.001109 0.036989 0.089799
v 0.001108 0.036843 0.089719
v -1.2e-05 0.03689 0.089709
v -0.000884 0.0371 0.089947
v 8e-06 0.037043 0.089801
v -0.00093 0.036935 0.089833
v 0.00638 0.036856 0.094057
v 0.006498 0.036681 0.094033
v 0.006104 0.036679 0.093141
v 0.005454 0.036841 0.092241
v 0.006023 0.036838 0.093177
v 0.005515 0.036692 0.092196
v 0.004896 0.036707 0.091483
v 0.003999 0.036876 0.090834
v 0.004847 0.036853 0.091536
v 0.004037 0.036732 0.090772
v 0.003194 0.036904 0.090369
v 0.003221 0.03676 0.090301
v -0.052452 0.020795 0.05538
v -0.05298 0.019583 0.055376
v -0.054012 0.016528 0.055367
v -0.054867 0.013418 0.05536
v -0.055107 0.012118 0.055358
v -0.056039 0.007077 0.055351
v -0.056311 0.003118 0.055348
v -0.05648 0.000644 0.055347
v -0.055159 -0.012163 0.055358
v -0.054398 -0.014868 0.055364
v -0.053413 -0.01837 0.055372
v -0.051346 -0.02342 0.05539
v -0.050971 -0.024338 0.055393
v -0.047865 -0.029988 0.055418
v -0.046909 -0.031336 0.055426
v -0.044134 -0.035247 0.055449
v -0.041264 -0.038448 0.055473
v -0.039829 -0.040047 0.055485
v -0.029724 -0.048025 0.055569
v -0.026963 -0.049523 0.055592
v -0.024056 -0.051099 0.055616
v -0.011858 -0.055217 0.055717
v 0.000956 -0.056465 0.055823
v 0.013719 -0.054778 0.055929
v 0.017034 -0.053743 0.055957
v 0.019874 -0.052856 0.05598
v 0.031328 -0.046978 0.056075
v 0.033177 -0.045586 0.056091
v 0.036479 -0.043099 0.056118
v 0.04884 -0.028329 0.05622
v 0.050557 -0.024936 0.056235
v 0.051751 -0.022575 0.056245
v 0.053986 -0.016528 0.056263
v 0.055738 0.008994 0.056278
v 0.055418 0.010447 0.056275
v 0.054349 0.015291 0.056266
v 0.04605 0.032671 0.056197
v 0.044192 0.034996 0.056182
v 0.042025 0.037709 0.056164
v 0.026909 0.049643 0.056039
v 0.021075 0.052388 0.05599
v 0.00537 0.056124 0.05586
v 0.002244 0.056428 0.055834
v -0.010595 0.055473 0.055728
v -0.012679 0.05495 0.05571
v -0.016849 0.053905 0.055676
v -0.021337 0.052216 0.055638
v -0.022884 0.051634 0.055626
v -0.028621 0.04869 0.055578
v -0.029445 0.04814 0.055571
v -0.033984 0.045112 0.055534
v -0.03676 0.042761 0.055511
v -0.038905 0.040945 0.055493
v -0.047168 0.031072 0.055424
v -0.048412 0.028927 0.055414
v -0.050403 0.025494 0.055397
v -0.028554 0.04857 0.056071
v 0.031041 -0.046558 0.056924
v 0.036146 -0.042714 0.056967
v 0.036385 -0.042992 0.05661
v -0.011759 -0.054724 0.056569
v -0.005445 -0.055705 0.056622
v -0.047444 -0.02972 0.056273
v -0.043747 -0.034932 0.056304
v -0.044029 -0.03516 0.055943
v -0.055691 -0.005745 0.056205
v -0.054673 -0.012054 0.056213
v -0.055027 -0.012133 0.055852
v -0.046753 0.030794 0.056279
v -0.049959 0.025266 0.056253
v -0.050282 0.025431 0.055891
v -0.010508 0.054977 0.05658
v -0.016706 0.053423 0.056528
v -0.016812 0.053772 0.056169
v 0.032095 0.045837 0.056933
v 0.026661 0.049199 0.056888
v 0.026838 0.04952 0.056531
v 0.055816 -0.003832 0.05713
v 0.055889 0.002557 0.05713
v 0.044482 -0.033116 0.057167
v 0.047967 -0.027827 0.057196
v 0.048396 -0.028076 0.057068
v 0.040417 -0.037974 0.057133
v 0.04488 -0.033412 0.057039
v 0.035825 -0.042336 0.057095
v 0.040779 -0.038312 0.057005
v 0.007247 -0.054995 0.056858
v 0.013468 -0.053809 0.05691
v 0.01359 -0.054289 0.05678
v 0.000931 -0.055465 0.056806
v 0.007313 -0.055486 0.056728
v -0.005398 -0.055212 0.056753
v 0.00094 -0.05596 0.056675
v -0.034393 -0.04354 0.056513
v -0.029206 -0.047175 0.056556
v -0.029466 -0.047596 0.056423
v -0.039132 -0.039338 0.056473
v -0.034699 -0.043929 0.056379
v -0.043361 -0.034623 0.056438
v -0.03948 -0.039689 0.056339
v -0.049518 0.025042 0.056387
v -0.05205 0.019237 0.056366
v -0.052513 0.019408 0.056231
v -0.028122 0.047828 0.056565
v -0.033391 0.044313 0.056521
v -0.033688 0.044709 0.056388
v -0.022487 0.05072 0.056611
v -0.028372 0.048255 0.056432
v -0.016559 0.052951 0.056661
v -0.022687 0.051173 0.056479
v 0.014692 0.053487 0.05692
v 0.0085 0.054815 0.056868
v 0.008577 0.055304 0.056738
v 0.020693 0.051461 0.05697
v 0.014825 0.053964 0.05679
v 0.026424 0.048764 0.057017
v 0.020879 0.05192 0.05684
v 0.048589 0.026725 0.057201
v 0.045226 0.032092 0.057173
v 0.045631 0.032379 0.057045
v 0.055015 -0.010172 0.057123
v 0.053497 -0.01638 0.057111
v 0.053022 -0.016235 0.057238
v 0.055393 0.002535 0.057257
v 0.055321 -0.003799 0.057257
v 0.054527 -0.010082 0.05725
v 0.049024 0.026964 0.057074
v 0.051319 0.02101 0.057224
v 0.051778 0.021197 0.057096
v 0.053379 0.01502 0.057241
v 0.053856 0.015154 0.057114
v 0.054743 0.008835 0.057252
v 0.055233 0.008914 0.057125
v 0.03181 0.045432 0.057062
v 0.036781 0.041507 0.057103
v -0.010416 0.054491 0.056712
v -0.004137 0.055321 0.056764
v -0.046341 0.030522 0.056414
v -0.04256 0.035603 0.056445
v -0.054191 -0.011947 0.056349
v -0.055199 -0.005694 0.05634
v -0.055489 0.000633 0.056338
v -0.047026 -0.029457 0.056408
v -0.050077 -0.023907 0.056383
v -0.011656 -0.05424 0.056701
v -0.017763 -0.05256 0.056651
v 0.030765 -0.046146 0.057053
v 0.025305 -0.049355 0.057008
v 0.050826 -0.022176 0.05722
v 0.051281 -0.022374 0.057092
v 0.054211 0.015253 0.056758
v 0.055596 0.008972 0.056769
v 0.041917 0.037615 0.056656
v 0.041642 0.037372 0.057012
v 0.041273 0.037041 0.05714
v 0.037111 0.041877 0.056975
v 0.032308 0.046136 0.056576
v -0.004197 0.056178 0.056273
v 0.002234 0.056289 0.056327
v 0.002217 0.055924 0.056685
v 0.002196 0.055429 0.056816
v -0.004172 0.055814 0.056632
v -0.010573 0.055336 0.05622
v -0.038813 0.040844 0.055986
v -0.038564 0.040579 0.056347
v -0.038225 0.04022 0.056481
v -0.042939 0.035921 0.056311
v -0.047056 0.030995 0.055918
v -0.055904 0.00706 0.055844
v -0.054735 0.013385 0.055854
v -0.054384 0.013298 0.056216
v -0.053904 0.01318 0.056351
v -0.055545 0.007014 0.056206
v -0.056345 0.000643 0.055841
v -0.055055 0.006952 0.056341
v -0.055983 0.000638 0.056203
v -0.050849 -0.024277 0.055886
v -0.053285 -0.018324 0.055866
v -0.052943 -0.018206 0.056228
v -0.052476 -0.018045 0.056363
v -0.050522 -0.02412 0.056248
v -0.04775 -0.029914 0.055912
v -0.018034 -0.053375 0.056158
v -0.024001 -0.050973 0.056109
v -0.023848 -0.050642 0.056469
v -0.023639 -0.050194 0.056602
v -0.01792 -0.053029 0.056518
v -0.011833 -0.055081 0.05621
v 0.019821 -0.052725 0.056472
v 0.019689 -0.052383 0.05683
v 0.019514 -0.05192 0.05696
v 0.025532 -0.049795 0.056879
v 0.031247 -0.046862 0.056567
v 0.051618 -0.02252 0.056736
v 0.053849 -0.016487 0.056755
v 0.045931 0.03259 0.056689
v 0.021018 0.052259 0.056482
v 0.008636 0.055665 0.05638
v -0.022832 0.051507 0.056119
v -0.033904 0.045 0.056027
v -0.052853 0.019535 0.05587
v -0.039735 -0.039948 0.055978
v -0.029655 -0.047906 0.056062
v 0.000949 -0.056326 0.056316
v 0.013681 -0.054643 0.056421
v 0.048715 -0.028259 0.056712
v 0.018195 0.038321 0.09696
v 0.018187 0.038409 0.09845
v 0.016281 0.038404 0.096944
v 0.013831 0.038435 0.098889
v 0.013776 0.038438 0.098414
v 0.014559 0.038404 0.096877
v 0.015179 0.038377 0.096574
v 0.01401 0.038428 0.097508
v 0.013839 0.038435 0.097939
v 0.014534 0.038404 0.099963
v 0.013995 0.038428 0.099323
v 0.012075 0.038102 0.100342
v 0.014902 0.038215 0.100953
v 0.016295 0.038407 0.099896
v 0.015689 0.038323 0.100355
v 0.0214 0.037931 0.101007
v 0.018171 0.038325 0.099911
v 0.020048 0.038243 0.099927
v 0.020636 0.038107 0.100396
v 0.022528 0.038056 0.098012
v 0.022583 0.038053 0.098487
v 0.021181 0.038114 0.100326
v 0.02252 0.038056 0.098961
v 0.022349 0.038063 0.099392
v 0.021825 0.038087 0.096938
v 0.022364 0.038063 0.097577
v 0.0218 0.038087 0.100023
v -0.002685 -0.039157 0.097803
v -0.002748 -0.039159 0.098277
v -0.000234 -0.039128 0.099758
v -0.002693 -0.039157 0.098752
v -0.002529 -0.03915 0.099186
v -0.001965 -0.039126 0.096741
v -0.002514 -0.03915 0.097372
v -0.00199 -0.039126 0.099825
v 0.001635 -0.039047 0.099774
v 0.00409 -0.03883 0.100258
v 0.001659 -0.039043 0.096823
v 0.003566 -0.038959 0.096839
v 0.005973 -0.038778 0.098823
v 0.006036 -0.038776 0.09835
v 0.005279 -0.038809 0.096801
v 0.004665 -0.038836 0.096488
v 0.005817 -0.038786 0.097441
v 0.005981 -0.038778 0.097875
v 0.005253 -0.038809 0.099885
v 0.005802 -0.038786 0.099255
v -0.001699 0.038009 0.093225
v 0.003359 0.037787 0.097964
v 0.001515 0.037869 0.092439
v 0.002559 0.037823 0.092908
v 0.001637 0.037691 0.094284
v 0.000318 0.037919 0.09927
v -0.000789 0.037967 0.098979
v -0.00012 0.037766 0.097471
v 0.000624 0.037675 0.095805
v 0.002451 0.037654 0.09582
v 0.002347 0.037659 0.096412
v 0.00411 0.037755 0.095833
v 0.00106 0.037715 0.097579
v 0.000461 0.037741 0.097623
v 0.001459 0.037869 0.099184
v -0.001175 0.037813 0.09609
v -0.00117 0.037813 0.095489
v -0.002799 0.038056 0.096349
v 0.000491 0.037741 0.093983
v 0.001089 0.037715 0.094038
v 0.000376 0.037919 0.092335
v 0.001612 0.037691 0.097342
v 0.002511 0.037823 0.098733
v -0.000985 0.037804 0.09666
v -0.002436 0.03804 0.097435
v -9.2e-05 0.037766 0.094126
v -0.000736 0.037967 0.092607
v 0.002357 0.037659 0.095226
v 0.003931 0.037763 0.094702
v 0.003912 0.037763 0.096962
v 0.002057 0.037671 0.096938
v -0.00062 0.037788 0.097138
v -0.001741 0.038009 0.098345
v -0.002789 0.038056 0.095204
v -0.002409 0.03804 0.094123
v -0.000971 0.037804 0.094922
v -0.000598 0.037788 0.094451
v 0.002076 0.037671 0.094695
v 0.003395 0.037787 0.09369
v 0.021527 -0.036995 0.093418
v 0.016391 -0.037217 0.098072
v 0.018326 -0.037135 0.092578
v 0.017275 -0.037181 0.09303
v 0.018159 -0.036969 0.094421
v 0.01941 -0.037085 0.099428
v 0.020522 -0.037037 0.099156
v 0.019863 -0.036894 0.097637
v 0.019142 -0.036866 0.095958
v 0.01732 -0.037005 0.095943
v 0.017414 -0.037001 0.096537
v 0.015676 -0.03725 0.095929
v 0.018682 -0.036945 0.097725
v 0.01928 -0.036919 0.097779
v 0.01827 -0.037135 0.099324
v 0.020941 -0.036847 0.096274
v 0.020946 -0.036847 0.095672
v 0.022575 -0.036948 0.096559
v 0.01931 -0.036919 0.094139
v 0.018711 -0.036945 0.094184
v 0.019468 -0.037085 0.092493
v 0.018134 -0.036969 0.097479
v 0.017226 -0.037181 0.098855
v 0.020742 -0.036856 0.096841
v 0.022195 -0.036964 0.097639
v 0.022585 -0.036948 0.095414
v 0.022222 -0.036964 0.094328
v 0.020756 -0.036856 0.095102
v 0.020391 -0.036872 0.094625
v 0.019891 -0.036894 0.094292
v 0.020574 -0.037037 0.092784
v 0.017424 -0.037001 0.095351
v 0.015874 -0.037241 0.094801
v 0.015855 -0.037241 0.097061
v 0.017695 -0.036988 0.097068
v 0.014683 -0.037627 0.09807
v 0.020369 -0.036872 0.097312
v 0.021485 -0.036995 0.098537
v 0.02391 -0.037225 0.094539
v 0.019622 -0.037414 0.090957
v 0.017714 -0.036988 0.094824
v 0.016427 -0.037217 0.093799
v 0.013869 -0.037689 0.095114
v 0.013856 -0.037689 0.096715
v 0.016523 -0.037575 0.091285
v 0.015265 -0.037629 0.092273
v 0.014353 -0.037669 0.093588
v 0.015025 -0.037505 0.092052
v 0.014058 -0.037547 0.093446
v 0.014314 -0.037669 0.098248
v 0.014017 -0.037547 0.098386
v 0.015204 -0.037629 0.099578
v 0.014961 -0.037505 0.099795
v 0.016277 -0.037447 0.100864
v 0.01785 -0.037378 0.101497
v 0.019524 -0.03744 0.101317
v 0.021195 -0.037232 0.101274
v 0.005962 0.038034 0.095048
v 0.005948 0.038034 0.096649
v -0.004464 0.03849 0.094179
v 0.005503 0.038055 0.093515
v -0.001478 0.038222 0.101086

usemtl Material_001
f 1 3 2
f 4 3 1
f 1 5 4
f 1 6 5
f 6 7 5
f 6 8 7
f 7 8 9
f 8 10 9
f 8 11 10
f 10 11 12
f 11 13 12
f 11 14 13
f 14 15 13
f 14 16 15
f 15 16 17
f 16 18 17
f 16 19 18
f 18 19 20
f 19 21 20
f 19 22 21
f 21 22 23
f 22 24 23
f 22 25 24
f 25 26 24
f 25 27 26
f 26 27 28
f 27 29 28
f 27 30 29
f 29 30 31
f 30 32 31
f 30 33 32
f 33 34 32
f 33 35 34
f 34 35 36
f 35 37 36
f 35 38 37
f 37 38 39
f 38 40 39
f 38 41 40
f 41 42 40
f 41 43 42
f 42 43 44
f 43 45 44
f 43 46 45
f 45 46 47
f 46 48 47
f 46 49 48
f 48 49 50
f 49 51 50
f 49 52 51
f 52 53 51
f 52 54 53
f 53 54 55
f 54 56 55
f 54 57 56
f 56 57 58
f 57 59 58
f 57 60 59
f 60 61 59
f 60 62 61
f 61 62 63
f 62 64 63
f 62 65 64
f 64 65 66
f 65 67 66
f 65 68 67
f 67 68 69
f 68 70 69
f 68 71 70
f 71 72 70
f 71 73 72
f 72 73 74
f 73 75 74
f 73 76 75
f 75 76 77
f 76 78 77
f 76 79 78
f 79 80 78
f 79 81 80
f 80 81 82
f 81 83 82
f 81 84 83
f 83 84 85
f 84 86 85
f 84 87 86
f 86 87 88
f 87 89 88
f 87 90 89
f 90 91 89
f 90 92 91
f 91 92 93
f 92 94 93
f 92 95 94
f 94 95 96
f 95 97 96
f 95 98 97
f 98 99 97
f 98 100 99
f 99 100 101
f 100 102 101
f 100 103 102
f 102 103 104
f 103 105 104
f 103 106 105
f 105 106 107
f 106 108 107
f 106 109 108
f 109 110 108
f 109 111 110
f 110 111 112
f 111 113 112
f 111 114 113
f 113 114 115
f 114 116 115
f 114 117 116
f 117 118 116
f 117 119 118
f 118 119 120
f 119 121 120
f 119 122 121
f 121 122 123
f 122 124 123
f 122 125 124
f 125 126 124
f 125 127 126
f 126 127 128
f 127 129 128
f 127 130 129
f 129 130 131
f 130 132 131
f 130 133 132
f 132 133 134
f 133 135 134
f 133 136 135
f 136 137 135
f 136 138 137
f 137 138 139
f 138 140 139
f 138 141 140
f 140 141 142
f 141 143 142
f 141 144 143
f 144 145 143
f 144 146 145
f 146 147 145
f 146 2 147
f 2 148 147
f 2 3 148
f 144 141 149
f 141 150 149
f 141 138 150
f 138 151 150
f 138 136 151
f 136 152 151
f 136 133 152
f 133 153 152
f 133 130 153
f 130 154 153
f 130 127 154
f 127 155 154
f 127 125 155
f 125 156 155
f 125 122 156
f 122 157 156
f 122 119 157
f 119 158 157
f 119 117 158
f 117 159 158
f 117 114 159
f 114 160 159
f 114 111 160
f 111 161 160
f 111 109 161
f 109 162 161
f 109 106 162
f 106 163 162
f 106 103 163
f 103 164 163
f 103 100 164
f 100 165 164
f 100 98 165
f 98 166 165
f 98 95 166
f 95 167 166
f 95 92 167
f 92 168 167
f 92 90 168
f 90 169 168
f 90 87 169
f 87 170 169
f 87 84 170
f 84 171 170
f 84 81 171
f 81 172 171
f 81 79 172
f 79 173 172
f 79 76 173
f 76 174 173
f 76 73 174
f 73 175 174
f 73 71 175
f 71 176 175
f 71 68 176
f 68 177 176
f 68 65 177
f 65 178 177
f 65 62 178
f 62 179 178
f 62 60 179
f 60 180 179
f 60 57 180
f 57 181 180
f 57 54 181
f 54 182 181
f 54 52 182
f 52 183 182
f 52 49 183
f 49 184 183
f 49 46 184
f 46 185 184
f 46 43 185
f 43 186 185
f 43 41 186
f 41 187 186
f 41 38 187
f 38 188 187
f 38 35 188
f 35 189 188
f 35 33 189
f 33 190 189
f 33 30 190
f 30 191 190
f 30 27 191
f 27 192 191
f 27 25 192
f 25 193 192
f 25 22 193
f 22 194 193
f 22 19 194
f 19 195 194
f 19 16 195
f 16 196 195
f 16 14 196
f 14 197 196
f 14 11 197
f 11 198 197
f 11 8 198
f 8 199 198
f 8 6 199
f 6 200 199
f 200 6 1
f 1 201 200
f 1 2 201
f 2 202 201
f 2 146 202
f 146 203 202
f 146 144 203
f 144 149 203
f 149 150 204
f 150 205 204
f 150 151 205
f 151 206 205
f 151 152 206
f 152 207 206
f 152 153 207
f 153 208 207
f 153 154 208
f 154 209 208
f 154 155 209
f 155 210 209
f 155 156 210
f 156 211 210
f 156 157 211
f 157 212 211
f 157 158 212
f 158 213 212
f 158 159 213
f 159 214 213
f 159 160 214
f 160 215 214
f 160 161 215
f 161 216 215
f 161 162 216
f 162 217 216
f 162 163 217
f 163 218 217
f 163 164 218
f 164 219 218
f 164 165 219
f 165 220 219
f 165 166 220
f 166 221 220
f 166 167 221
f 167 222 221
f 167 168 222
f 168 223 222
f 168 169 223
f 169 224 223
f 169 170 224
f 170 225 224
f 170 171 225
f 171 226 225
f 171 172 226
f 172 227 226
f 172 173 227
f 173 228 227
f 173 174 228
f 174 229 228
f 174 175 229
f 175 230 229
f 175 176 230
f 176 231 230
f 176 177 231
f 177 232 231
f 177 178 232
f 178 233 232
f 178 179 233
f 179 234 233
f 179 180 234
f 180 235 234
f 180 181 235
f 181 236 235
f 181 182 236
f 182 237 236
f 182 183 237
f 183 238 237
f 183 184 238
f 184 239 238
f 184 185 239
f 185 240 239
f 185 186 240
f 186 241 240
f 186 187 241
f 187 242 241
f 187 188 242
f 188 243 242
f 188 189 243
f 189 244 243
f 189 190 244
f 190 245 244
f 190 191 245
f 191 246 245
f 191 192 246
f 192 247 246
f 192 193 247
f 193 248 247
f 193 194 248
f 194 249 248
f 194 195 249
f 195 250 249
f 195 196 250
f 196 251 250
f 196 197 251
f 197 252 251
f 197 198 252
f 198 253 252
f 198 199 253
f 199 254 253
f 199 200 254
f 200 255 254
f 200 201 255
f 201 256 255
f 201 202 256
f 202 257 256
f 202 203 257
f 203 258 257
f 203 149 258
f 149 204 258
f 204 205 259
f 205 260 259
f 205 206 260
f 206 261 260
f 206 207 261
f 207 262 261
f 207 208 262
f 208 263 262
f 208 209 263
f 209 264 263
f 209 210 264
f 210 265 264
f 210 211 265
f 211 266 265
f 211 212 266
f 212 267 266
f 212 213 267
f 213 268 267
f 213 214 268
f 214 269 268
f 214 215 269
f 215 270 269
f 215 216 270
f 216 271 270
f 216 217 271
f 217 272 271
f 217 218 272
f 218 273 272
f 218 219 273
f 219 274 273
f 219 220 274
f 220 275 274
f 220 221 275
f 221 276 275
f 221 222 276
f 222 277 276
f 222 223 277
f 223 278 277
f 223 224 278
f 224 279 278
f 224 225 279
f 225 280 279
f 225 226 280
f 226 281 280
f 226 227 281
f 227 282 281
f 227 228 282
f 228 283 282
f 228 229 283
f 229 284 283
f 229 230 284
f 230 285 284
f 230 231 285
f 231 286 285
f 231 232 286
f 232 287 286
f 232 233 287
f 233 288 287
f 233 234 288
f 234 289 288
f 234 235 289
f 235 290 289
f 235 236 290
f 236 291 290
f 236 237 291
f 237 292 291
f 237 238 292
f 238 293 292
f 238 239 293
f 239 294 293
f 239 240 294
f 240 295 294
f 240 241 295
f 241 296 295
f 241 242 296
f 242 297 296
f 242 243 297
f 243 298 297
f 243 244 298
f 244 299 298
f 244 245 299
f 245 300 299
f 245 246 300
f 246 301 300
f 246 247 301
f 247 302 301
f 247 248 302
f 248 303 302
f 248 249 303
f 249 304 303
f 249 250 304
f 250 305 304
f 250 251 305
f 251 306 305
f 251 252 306
f 252 307 306
f 252 253 307
f 253 308 307
f 253 254 308
f 254 309 308
f 254 255 309
f 255 310 309
f 255 256 310
f 256 311 310
f 256 257 311
f 257 312 311
f 257 258 312
f 258 204 313
f 204 259 313
f 82 83 314
f 83 315 314
f 101 102 316
f 102 317 316
f 108 110 318
f 110 319 318
f 128 129 320
f 129 321 320
f 5 7 322
f 7 323 322
f 17 18 324
f 18 325 324
f 24 26 326
f 29 328 327
f 32 34 329
f 36 37 330
f 37 331 330
f 44 45 332
f 45 333 332
f 63 64 334
f 64 335 334
f 336 338 337
f 339 341 340
f 317 342 316
f 331 343 330
f 325 344 324
f 314 315 345
f 323 346 322
f 347 349 348
f 327 351 350
f 351 326 350
f 343 331 352
f 353 334 335
f 354 356 355
f 355 356 357
f 358 320 321
f 359 361 360
f 362 364 363
f 365 366 364
f 367 369 368
f 369 371 370
f 372 368 373
f 367 375 374
f 368 372 367
f 372 375 367
f 372 376 375
f 374 377 367
f 377 369 367
f 377 378 369
f 378 371 369
f 378 379 371
f 379 380 371
f 379 381 380
f 382 384 383
f 385 382 386
f 386 382 387
f 382 388 387
f 382 383 388
f 389 384 390
f 384 391 390
f 384 382 391
f 382 392 391
f 382 385 392
f 393 395 394
f 393 384 395
f 384 396 395
f 384 389 396
f 393 394 397
f 394 398 397
f 394 399 398
f 399 400 398
f 399 401 400
f 400 401 402
f 401 403 402
f 401 404 403
f 404 405 403
f 406 408 407
f 409 411 410
f 412 413 409
f 414 415 412
f 409 413 411
f 413 416 411
f 413 417 416
f 417 418 416
f 417 419 418
f 418 419 420
f 419 421 420
f 419 422 421
f 422 423 421
f 422 424 423
f 424 425 423
f 424 426 425
f 426 427 425
f 426 428 427
f 428 429 427
f 428 408 429
f 408 430 429
f 408 406 430
f 406 407 431
f 407 432 431
f 407 433 432
f 412 415 413
f 415 417 413
f 415 434 417
f 434 419 417
f 434 435 419
f 435 422 419
f 435 436 422
f 436 424 422
f 436 437 424
f 437 426 424
f 437 438 426
f 438 428 426
f 438 439 428
f 439 408 428
f 439 440 408
f 440 407 408
f 440 441 407
f 441 433 407
f 441 442 433
f 414 443 415
f 443 434 415
f 443 444 434
f 444 435 434
f 444 445 435
f 445 436 435
f 445 446 436
f 446 437 436
f 446 447 437
f 447 438 437
f 447 448 438
f 448 439 438
f 448 449 439
f 449 440 439
f 449 450 440
f 450 441 440
f 450 451 441
f 451 442 441
f 451 452 442
f 432 453 431
f 454 432 433
f 452 455 442
f 455 433 442
f 455 456 433
f 456 454 433
f 456 457 454
f 432 454 453
f 454 458 453
f 454 457 458
f 457 459 458
f 457 460 459
f 460 461 459
f 460 462 461
f 462 460 463
f 460 464 463
f 460 457 464
f 457 465 464
f 457 456 465
f 461 462 466
f 462 467 466
f 462 468 467
f 468 469 467
f 468 470 469
f 470 471 469
f 470 472 471
f 472 470 473
f 470 474 473
f 470 468 474
f 468 475 474
f 468 462 475
f 462 476 475
f 462 463 476
f 471 472 477
f 472 478 477
f 472 479 478
f 479 480 478
f 479 481 480
f 481 479 482
f 479 483 482
f 479 472 483
f 472 484 483
f 472 473 484
f 485 487 486
f 487 488 486
f 487 481 488
f 481 489 488
f 481 482 489
f 480 481 490
f 481 491 490
f 481 487 491
f 487 492 491
f 487 485 492
f 485 493 492
f 485 494 493
f 494 495 493
f 494 496 495
f 496 494 497
f 494 498 497
f 494 485 498
f 485 499 498
f 485 486 499
f 500 496 501
f 496 502 501
f 496 497 502
f 495 496 503
f 496 504 503
f 496 500 504
f 500 505 504
f 505 500 506
f 500 507 506
f 500 508 507
f 508 510 509
f 511 500 512
f 500 513 512
f 500 501 513
f 508 500 510
f 500 514 510
f 500 511 514
f 515 516 515
f 517 519 518
f 519 516 518
f 519 520 516
f 520 515 516
f 521 523 522
f 523 524 522
f 524 523 525
f 523 526 525
f 523 516 526
f 516 527 526
f 516 515 527
f 528 529 521
f 529 523 521
f 529 530 523
f 530 516 523
f 530 531 516
f 531 518 516
f 507 532 506
f 506 533 505
f 507 508 532
f 509 534 508
f 509 535 534
f 535 536 534
f 535 537 536
f 537 538 536
f 537 539 538
f 539 540 538
f 539 541 540
f 506 532 533
f 532 542 533
f 532 543 542
f 543 544 542
f 543 545 544
f 545 546 544
f 545 547 546
f 547 548 546
f 547 549 548
f 548 549 550
f 549 551 550
f 549 552 551
f 552 553 551
f 552 554 553
f 554 555 553
f 554 556 555
f 556 557 555
f 556 558 557
f 557 558 559
f 558 560 559
f 558 561 560
f 561 528 560
f 561 529 528
f 508 534 532
f 534 543 532
f 534 536 543
f 536 545 543
f 536 538 545
f 538 547 545
f 538 540 547
f 540 549 547
f 540 562 549
f 562 552 549
f 562 563 552
f 563 554 552
f 563 564 554
f 564 556 554
f 564 565 556
f 565 558 556
f 565 566 558
f 566 561 558
f 566 567 561
f 567 529 561
f 567 530 529
f 541 568 540
f 568 562 540
f 568 569 562
f 569 563 562
f 569 570 563
f 570 564 563
f 570 571 564
f 571 565 564
f 571 572 565
f 572 566 565
f 572 573 566
f 573 567 566
f 573 574 567
f 574 530 567
f 574 531 530
f 510 575 509
f 575 535 509
f 575 537 535
f 537 575 539
f 575 541 539
f 575 568 541
f 502 497 576
f 497 577 576
f 497 498 577
f 501 502 578
f 502 579 578
f 502 576 579
f 501 578 513
f 578 512 513
f 578 580 512
f 580 511 512
f 580 575 511
f 575 514 511
f 575 510 514
f 498 499 577
f 499 581 577
f 499 486 581
f 486 582 581
f 486 488 582
f 488 583 582
f 488 489 583
f 489 584 583
f 489 482 584
f 482 585 584
f 482 483 585
f 586 587 473
f 587 484 473
f 587 588 484
f 588 483 484
f 588 589 483
f 589 585 483
f 590 591 456
f 591 465 456
f 591 592 465
f 592 464 465
f 592 593 464
f 593 463 464
f 593 594 463
f 594 476 463
f 594 595 476
f 595 475 476
f 595 586 475
f 586 474 475
f 586 473 474
f 596 414 597
f 447 598 448
f 598 449 448
f 449 598 450
f 598 451 450
f 598 596 451
f 596 452 451
f 596 590 452
f 590 455 452
f 590 456 455
f 444 598 445
f 598 446 445
f 598 447 446
f 596 598 414
f 598 443 414
f 598 444 443
f 568 575 569
f 575 570 569
f 575 571 570
f 571 575 572
f 575 573 572
f 575 574 573
f 574 575 531
f 575 518 531
f 575 599 518
f 599 517 518
f 600 602 601
f 603 601 604
f 604 601 605
f 601 606 605
f 601 607 606
f 601 608 600
f 608 601 609
f 601 610 609
f 601 603 610
f 611 613 612
f 614 616 615
f 616 617 615
f 616 618 617
f 618 611 617
f 618 619 611
f 619 613 611
f 620 622 621
f 622 623 621
f 622 614 623
f 614 624 623
f 614 615 624
f 625 627 626
f 628 630 629
f 631 633 632
f 631 634 633
f 635 637 636
f 637 634 636
f 635 638 630
f 638 639 630
f 639 640 630
f 640 629 630
f 640 641 629
f 628 642 630
f 642 643 630
f 642 644 643
f 645 644 646
f 644 647 646
f 644 642 647
f 634 637 633
f 637 648 633
f 637 649 648
f 649 650 648
f 649 651 650
f 651 652 650
f 651 653 652
f 653 654 652
f 653 655 654
f 655 656 654
f 655 657 656
f 635 630 637
f 630 649 637
f 630 643 649
f 643 651 649
f 643 644 651
f 644 653 651
f 644 645 653
f 645 655 653
f 645 658 655
f 658 657 655
f 658 659 657
f 660 659 661
f 659 662 661
f 659 658 662
f 658 663 662
f 658 645 663
f 645 664 663
f 645 646 664
f 626 627 660
f 627 659 660
f 627 665 659
f 665 657 659
f 665 666 657
f 666 656 657
f 667 668 625
f 668 627 625
f 668 669 627
f 669 665 627
f 669 670 665
f 670 666 665
f 641 672 671
f 673 675 674
f 632 676 631
f 676 634 631
f 636 634 677
f 634 673 677
f 634 676 673
f 676 675 673
f 676 632 675
f 674 678 673
f 678 677 673
f 678 679 677
f 679 680 677
f 679 681 680
f 636 677 635
f 677 638 635
f 677 680 638
f 680 639 638
f 680 672 639
f 672 640 639
f 672 641 640
f 681 682 680
f 682 672 680
f 682 683 672
f 683 671 672
f 683 684 671
f 685 686 684
f 686 671 684
f 686 687 671
f 687 641 671
f 685 684 688
f 684 689 688
f 684 683 689
f 683 682 689
f 682 690 689
f 682 681 690
f 681 691 690
f 681 679 691
f 679 692 691
f 679 678 692
f 678 674 692
f 674 693 692
f 674 675 693
f 675 694 693
f 675 632 694
f 695 697 696
f 696 697 698
f 697 699 698
f 697 700 699
f 700 701 699
f 700 702 701
f 702 703 701
f 702 704 703
f 704 705 703
f 704 706 705
f 706 707 705
f 706 708 707
f 708 688 707
f 708 709 688
f 695 710 697
f 710 711 697
f 710 712 711
f 713 715 714
f 715 716 714
f 715 717 716
f 717 715 709
f 715 688 709
f 715 685 688
f 718 720 719
f 721 723 722
f 723 724 722
f 723 725 724
f 725 726 724
f 725 727 726
f 721 728 723
f 728 725 723
f 728 729 725
f 729 727 725
f 729 730 727
f 731 730 732
f 730 733 732
f 730 729 733
f 729 734 733
f 729 728 734
f 728 721 734
f 735 736 731
f 736 730 731
f 736 737 730
f 737 727 730
f 737 738 727
f 738 726 727
f 713 739 735
f 739 736 735
f 739 720 736
f 720 737 736
f 720 718 737
f 718 738 737
f 735 715 713
f 740 735 731
f 721 741 734
f 741 733 734
f 741 732 733
f 735 740 715
f 740 685 715
f 740 686 685
f 732 741 731
f 741 740 731
f 741 742 740
f 742 686 740
f 742 687 686
f 743 745 744
f 746 748 747
f 748 750 749
f 750 748 751
f 748 752 751
f 748 746 752
f 753 755 754
f 755 753 756
f 753 757 756
f 753 750 757
f 750 758 757
f 750 751 758
f 759 760 754
f 760 753 754
f 760 745 753
f 745 750 753
f 745 743 750
f 743 749 750
f 744 745 761
f 745 762 761
f 745 760 762
f 760 763 762
f 760 759 763
f 759 764 763
f 765 767 766
f 767 765 768
f 765 769 768
f 765 770 769
f 770 771 769
f 770 772 771
f 772 773 771
f 774 776 775
f 777 778 774
f 779 781 780
f 781 782 780
f 781 777 782
f 774 778 776
f 778 783 776
f 778 784 783
f 784 785 783
f 784 786 785
f 785 786 787
f 786 788 787
f 786 789 788
f 789 790 788
f 789 791 790
f 791 792 790
f 777 781 778
f 781 784 778
f 781 779 784
f 779 786 784
f 779 793 786
f 793 789 786
f 793 794 789
f 794 791 789
f 794 795 791
f 795 794 796
f 794 797 796
f 794 793 797
f 793 798 797
f 793 779 798
f 779 799 798
f 779 780 799
f 800 795 801
f 795 802 801
f 795 796 802
f 772 770 803
f 770 804 803
f 770 765 804
f 765 805 804
f 792 791 805
f 791 804 805
f 791 795 804
f 795 803 804
f 795 800 803
f 800 772 803
f 800 806 772
f 806 773 772
f 807 808 775
f 808 774 775
f 808 809 774
f 809 777 774
f 809 810 777
f 810 782 777
f 811 812 807
f 812 808 807
f 812 813 808
f 813 809 808
f 813 814 809
f 814 810 809
f 815 817 816
f 815 818 817
f 818 819 817
f 818 820 819
f 820 821 819
f 820 822 821
f 822 823 821
f 822 824 823
f 825 826 816
f 826 815 816
f 827 829 828
f 827 830 829
f 830 831 829
f 830 832 831
f 832 833 831
f 832 834 833
f 834 825 833
f 834 826 825
f 835 837 836
f 837 838 836
f 835 839 837
f 839 840 837
f 839 841 840
f 841 842 840
f 842 843 840
f 842 844 843
f 844 845 843
f 844 846 845
f 846 847 845
f 846 848 847
f 848 849 847
f 848 850 849
f 850 851 849
f 850 852 851
f 853 851 827
f 851 854 827
f 851 852 854
f 853 827 855
f 827 856 855
f 827 828 856
f 828 857 856
f 828 858 857
f 859 861 860
f 861 862 860
f 859 863 861
f 863 864 861
f 863 865 864
f 865 866 864
f 866 867 864
f 866 868 867
f 868 858 867
f 868 857 858
f 856 869 855
f 857 868 856
f 868 870 856
f 868 866 870
f 851 853 849
f 853 871 849
f 853 855 871
f 866 865 870
f 865 872 870
f 865 863 872
f 855 869 871
f 869 873 871
f 869 874 873
f 863 859 872
f 859 875 872
f 859 860 875
f 874 877 876
f 856 870 869
f 870 874 869
f 870 872 874
f 872 877 874
f 872 875 877
f 849 871 847
f 871 845 847
f 871 873 845
f 873 843 845
f 873 840 843
f 876 878 874
f 878 873 874
f 878 879 873
f 879 840 873
f 879 837 840
f 879 838 837
f 879 878 838
f 878 880 838
f 878 876 880
f 876 877 880
f 877 881 880
f 877 875 881
f 875 882 881
f 875 860 882
f 883 882 862
f 882 860 862
f 884 886 885
f 884 887 886
f 887 888 886
f 887 889 888
f 889 883 888
f 889 882 883
f 890 892 891
f 893 895 894
f 896 898 897
f 884 899 887
f 899 900 887
f 899 898 900
f 898 895 900
f 898 896 895
f 896 894 895
f 887 900 889
f 900 901 889
f 900 895 901
f 895 892 901
f 895 893 892
f 893 891 892
f 889 901 882
f 901 881 882
f 901 892 881
f 892 880 881
f 892 890 880
f 890 838 880
f 823 884 885
f 823 824 884
f 884 824 899
f 824 898 899
f 824 902 898
f 902 897 898
f 902 903 897
f 838 904 836
f 903 905 897
f 905 896 897
f 905 906 896
f 906 894 896
f 906 907 894
f 907 893 894
f 838 890 904
f 890 908 904
f 890 891 908
f 891 909 908
f 891 893 909
f 893 910 909
f 893 907 910
f 911 836 904
f 911 912 836
f 912 835 836
f 912 839 835
f 913 915 914
f 915 916 914
f 915 917 916
f 917 918 916
f 917 919 918
f 920 922 921
f 922 923 921
f 922 924 923
f 913 925 915
f 925 926 915
f 925 927 926
f 928 930 929
f 930 931 929
f 930 926 931
f 926 932 931
f 926 927 932
f 928 933 930
f 933 934 930
f 933 935 934
f 936 934 937
f 934 938 937
f 934 935 938
f 939 941 940
f 941 942 940
f 941 936 942
f 936 943 942
f 936 937 943
f 920 921 944
f 921 945 944
f 921 941 945
f 941 946 945
f 941 939 946
f 947 949 948
f 949 950 948
f 951 953 952
f 954 956 955
f 956 951 955
f 956 957 951
f 957 953 951
f 953 958 952
f 958 959 952
f 958 960 959
f 960 961 959
f 961 962 959
f 961 963 962
f 964 966 965
f 966 964 967
f 964 968 967
f 964 962 968
f 962 969 968
f 962 963 969
f 966 970 965
f 970 971 965
f 972 974 973
f 974 975 973
f 974 976 975
f 977 979 978
f 979 980 978
f 979 981 980
f 977 978 982
f 978 983 982
f 978 972 983
f 972 984 983
f 972 973 984
f 985 987 986
f 981 988 980
f 988 989 980
f 988 990 989
f 991 993 992
f 993 994 992
f 993 995 994
f 996 998 997
f 998 999 997
f 998 989 999
f 989 1000 999
f 989 990 1000
f 996 1001 998
f 1001 1002 998
f 1001 1003 1002
f 986 987 1004
f 987 1005 1004
f 987 1002 1005
f 1002 1006 1005
f 1002 1003 1006
f 1007 1009 1008
f 1009 1010 1008
f 1009 987 1010
f 987 1011 1010
f 987 985 1011
f 1007 1012 1009
f 1012 1013 1009
f 1012 1014 1013
f 991 992 1015
f 992 1016 1015
f 992 1013 1016
f 1013 1017 1016
f 1013 1014 1017
f 1018 1020 1019
f 1021 1023 1022
f 1023 1018 1022
f 1023 1024 1018
f 1024 1020 1018
f 995 1025 994
f 1025 1026 994
f 1025 1027 1026
f 1027 1028 1026
f 1021 1022 1029
f 1022 1030 1029
f 1022 1026 1030
f 1026 1031 1030
f 1026 1028 1031
f 1032 1034 1033
f 1034 1035 1033
f 1034 1036 1035
f 1036 1037 1035
f 1036 1038 1037
f 1038 1039 1037
f 1039 1040 1037
f 1039 1041 1040
f 1042 1044 1043
f 1044 1042 1045
f 1042 1046 1045
f 1042 1040 1046
f 1040 1047 1046
f 1040 1041 1047
f 1048 1034 1049
f 1034 1048 1036
f 1048 1038 1036
f 1048 1050 1038
f 1038 1050 1039
f 1050 1041 1039
f 1050 1051 1041
f 1051 1047 1041
f 1051 1052 1047
f 1044 1045 1053
f 1045 1052 1053
f 1045 1046 1052
f 1046 1047 1052
f 1053 1052 1054
f 1052 1055 1054
f 1052 1051 1055
f 1051 1056 1055
f 1051 1050 1056
f 1050 1057 1056
f 1050 1048 1057
f 1048 1058 1057
f 1048 1049 1058
f 1049 1059 1058
f 1054 1055 1060
f 1055 1061 1060
f 1055 1056 1061
f 1056 1062 1061
f 1056 1057 1062
f 1057 1063 1062
f 1057 1058 1063
f 1058 1064 1063
f 1058 1059 1064
f 1059 1065 1064
f 1066 1068 1067
f 1069 1071 1070
f 1072 1074 1073
f 1075 1077 1076
f 1077 1075 1078
f 1075 1079 1078
f 1075 1080 1079
f 1081 1074 1082
f 1074 1083 1082
f 1074 1072 1083
f 1081 1084 1074
f 1084 1085 1074
f 1084 1086 1085
f 1067 1068 1087
f 1068 1088 1087
f 1068 1071 1088
f 1071 1089 1088
f 1071 1069 1089
f 1066 1090 1068
f 1090 1091 1068
f 1090 1092 1091
f 1092 1093 1091
f 1093 1053 1091
f 1093 1044 1053
f 1070 1071 1086
f 1071 1085 1086
f 1071 1068 1085
f 1068 1094 1085
f 1068 1091 1094
f 1091 1095 1094
f 1091 1053 1095
f 1053 1054 1095
f 1060 1096 1054
f 1096 1095 1054
f 1096 1097 1095
f 1097 1094 1095
f 1097 1098 1094
f 1098 1085 1094
f 1098 1099 1085
f 1099 1074 1085
f 1099 1075 1074
f 1075 1073 1074
f 1075 1076 1073
f 1100 1090 1101
f 1044 1093 1043
f 1093 1100 1043
f 1093 1092 1100
f 1092 1090 1100
f 1102 1104 1103
f 1105 1107 1106
f 1107 1105 1108
f 1105 1109 1108
f 1105 1110 1109
f 1110 1111 1109
f 1110 1112 1111
f 1113 1115 1114
f 1104 1102 1116
f 1102 1115 1116
f 1102 1117 1115
f 1117 1114 1115
f 950 1118 948
f 1118 1110 948
f 1118 1119 1110
f 1119 1112 1110
f 1120 1122 1121
f 1122 1123 1121
f 1122 1124 1123
f 1124 1102 1123
f 1124 1125 1102
f 1125 1117 1102
f 1126 1128 1127
f 1128 971 1127
f 1128 1129 971
f 1129 965 971
f 1129 1130 965
f 1130 964 965
f 1130 1131 964
f 1131 962 964
f 1131 1132 962
f 1132 959 962
f 1132 1133 959
f 1133 952 959
f 1133 1134 952
f 1134 951 952
f 1134 1135 951
f 1135 955 951
f 1135 1136 955
f 1136 1119 955
f 1136 1137 1119
f 1137 1112 1119
f 1113 1138 1115
f 1138 1101 1115
f 1138 1139 1101
f 1139 1100 1101
f 1139 1140 1100
f 1140 1043 1100
f 1140 1141 1043
f 1141 1042 1043
f 1141 1142 1042
f 1142 1040 1042
f 1142 1143 1040
f 1143 1037 1040
f 1143 1144 1037
f 1144 1035 1037
f 1144 1145 1035
f 1145 1033 1035
f 1145 1146 1033
f 1033 1146 1147
f 1146 1148 1147
f 1146 1149 1148
f 1149 1018 1148
f 1149 1150 1018
f 1150 1022 1018
f 1150 1151 1022
f 1151 1026 1022
f 1151 917 1026
f 917 994 1026
f 917 915 994
f 915 992 994
f 915 926 992
f 926 1013 992
f 926 930 1013
f 930 1009 1013
f 930 934 1009
f 934 987 1009
f 934 936 987
f 936 1002 987
f 936 941 1002
f 941 998 1002
f 941 921 998
f 921 989 998
f 921 923 989
f 923 980 989
f 923 1152 980
f 1152 978 980
f 1152 1153 978
f 1153 972 978
f 1153 1154 972
f 1154 974 972
f 1154 1126 974
f 1126 1155 974
f 1126 1127 1155
f 1156 1103 1157
f 1103 1104 1157
f 1078 1158 1077
f 1076 1116 1073
f 1116 1072 1073
f 1076 1077 1116
f 1077 1104 1116
f 1077 1158 1104
f 1158 1157 1104
f 1158 1159 1157
f 1072 1116 1083
f 1116 1082 1083
f 1116 1081 1082
f 1081 1116 1084
f 1116 1086 1084
f 1116 1115 1086
f 1115 1070 1086
f 1115 1069 1070
f 1087 1088 1101
f 1088 1115 1101
f 1088 1089 1115
f 1089 1069 1115
f 1087 1101 1067
f 1101 1066 1067
f 1101 1090 1066
f 912 841 839
f 844 1158 846
f 912 1158 841
f 1158 842 841
f 1158 844 842
f 846 1158 848
f 1158 850 848
f 1158 852 850
f 852 1080 854
f 852 1158 1080
f 1158 1079 1080
f 1158 1078 1079
f 1160 1162 1161
f 1162 1163 1161
f 1162 1164 1163
f 1164 911 1163
f 1164 1165 911
f 1165 912 911
f 1165 1166 912
f 1166 1158 912
f 1166 1167 1158
f 1167 1159 1158
f 1168 950 1169
f 903 1163 905
f 1170 903 902
f 1170 1171 903
f 905 1163 906
f 1163 907 906
f 1163 910 907
f 904 908 911
f 908 1163 911
f 908 909 1163
f 909 910 1163
f 1163 949 1161
f 1171 1172 903
f 1172 1163 903
f 1172 1169 1163
f 1169 949 1163
f 1169 950 949
f 1173 950 1174
f 950 1175 1174
f 950 1168 1175
f 1176 1177 1118
f 1177 1119 1118
f 1177 1178 1119
f 1176 1118 1179
f 1118 1180 1179
f 1118 950 1180
f 950 1181 1180
f 950 1173 1181
f 1182 1183 955
f 1183 954 955
f 1182 955 1184
f 955 1185 1184
f 955 1119 1185
f 1119 1186 1185
f 1119 1178 1186
f 1184 1187 1182
f 1182 1187 1183
f 1187 954 1183
f 1187 1188 954
f 1184 1185 1187
f 1185 1189 1187
f 1185 1186 1189
f 1176 1189 1177
f 1189 1178 1177
f 1189 1186 1178
f 1190 1191 1180
f 1191 1179 1180
f 1190 1174 1175
f 1174 1190 1173
f 1190 1181 1173
f 1190 1180 1181
f 1170 1192 1171
f 1192 1172 1171
f 1192 1169 1172
f 953 957 1193
f 957 1188 1193
f 957 956 1188
f 956 954 1188
f 1193 1188 1194
f 1188 1195 1194
f 1188 1187 1195
f 1187 1196 1195
f 1187 1189 1196
f 1189 1191 1196
f 1189 1176 1191
f 1176 1179 1191
f 1194 1195 1197
f 1195 1198 1197
f 1195 1196 1198
f 1196 1199 1198
f 1196 1191 1199
f 1191 1200 1199
f 1191 1190 1200
f 1190 1201 1200
f 1190 1175 1201
f 1175 1192 1201
f 1175 1168 1192
f 1168 1169 1192
f 1202 953 1193
f 953 1202 958
f 1202 960 958
f 1202 1203 960
f 960 1203 961
f 1203 963 961
f 1203 1204 963
f 1204 969 963
f 1204 1205 969
f 966 967 1206
f 967 1205 1206
f 967 968 1205
f 968 969 1205
f 1206 1205 1207
f 1205 1208 1207
f 1205 1204 1208
f 1204 1209 1208
f 1204 1203 1209
f 1203 1210 1209
f 1203 1202 1210
f 1202 1211 1210
f 1202 1193 1211
f 1193 1194 1211
f 1207 1208 1212
f 1208 1213 1212
f 1208 1209 1213
f 1209 1214 1213
f 1209 1210 1214
f 1210 1215 1214
f 1210 1211 1215
f 1211 1216 1215
f 1211 1194 1216
f 1194 1197 1216
f 1207 1212 1217
f 1212 1218 1217
f 1212 1219 1218
f 1206 1207 1220
f 1207 1221 1220
f 1207 1222 1221
f 1222 1207 1223
f 1207 1224 1223
f 1207 1217 1224
f 1225 1227 1226
f 1227 1225 1228
f 1225 1229 1228
f 1225 970 1229
f 970 1220 1229
f 970 966 1220
f 966 1206 1220
f 1230 1232 1231
f 1232 1233 1231
f 1232 1234 1233
f 1235 1237 1236
f 1238 1237 1239
f 1237 1232 1239
f 1237 1235 1232
f 1235 1234 1232
f 1236 1237 1240
f 1237 1241 1240
f 1237 1238 1241
f 1242 971 1243
f 971 1244 1243
f 971 1245 1244
f 1245 971 1226
f 971 1225 1226
f 971 970 1225
f 1246 1248 1247
f 1248 1230 1247
f 1248 1249 1230
f 1249 1232 1230
f 1249 1250 1232
f 1250 1251 1232
f 1250 1252 1251
f 1252 1253 1251
f 1252 1254 1253
f 1255 1155 1256
f 1255 1257 1155
f 1258 1260 1259
f 1260 1261 1259
f 1260 1262 1261
f 1262 1260 1263
f 1260 1264 1263
f 1260 1265 1264
f 1254 1252 1242
f 1252 971 1242
f 1252 1266 971
f 1266 1127 971
f 1266 1265 1127
f 1265 1155 1127
f 1265 1260 1155
f 1260 1256 1155
f 1260 1258 1256
f 974 1267 976
f 1268 1155 1269
f 1155 1270 1269
f 1155 1257 1270
f 974 1155 1267
f 1155 1271 1267
f 1155 1268 1271
f 1268 1272 1271
f 1268 1273 1272
f 1274 1268 1275
f 1268 1276 1275
f 1268 1269 1276
f 1273 1268 1277
f 1268 1278 1277
f 1268 1274 1278
f 1279 1281 1280
f 1254 1282 1253
f 1254 1242 1282
f 1227 1245 1226
f 1283 1285 1284
f 1285 1286 1284
f 1285 1287 1286
f 1287 1282 1286
f 1288 1289 1283
f 1289 1285 1283
f 1289 1290 1285
f 1290 1287 1285
f 1288 1283 1228
f 1283 1227 1228
f 1283 1284 1227
f 1284 1245 1227
f 1284 1286 1245
f 1286 1244 1245
f 1286 1282 1244
f 1282 1243 1244
f 1282 1242 1243
f 1221 1288 1220
f 1288 1229 1220
f 1288 1228 1229
f 1291 1293 1292
f 1293 1294 1292
f 1295 1297 1296
f 1298 1297 1291
f 1297 1293 1291
f 1297 1295 1293
f 1295 1294 1293
f 1295 1299 1294
f 1299 1300 1294
f 1290 1289 1300
f 1289 1294 1300
f 1289 1288 1294
f 1288 1292 1294
f 1288 1221 1292
f 1221 1291 1292
f 1221 1222 1291
f 1222 1298 1291
f 1279 1301 1281
f 1217 1298 1224
f 1298 1223 1224
f 1298 1222 1223
f 1302 1304 1303
f 1304 1281 1303
f 1304 1305 1281
f 1305 1280 1281
f 1306 1307 1302
f 1307 1304 1302
f 1307 1308 1304
f 1308 1305 1304
f 1296 1297 1301
f 1297 1281 1301
f 1297 1298 1281
f 1298 1303 1281
f 1298 1217 1303
f 1217 1302 1303
f 1217 1218 1302
f 1218 1306 1302
f 1218 1219 1306
f 1240 1309 1236
f 1310 1312 1311
f 1313 1315 1314
f 1315 1316 1314
f 1315 1317 1316
f 1318 1320 1319
f 1320 1321 1319
f 1320 1322 1321
f 1323 1325 1324
f 1325 1326 1324
f 1241 1327 1240
f 1241 1238 1327
f 1282 1251 1253
f 1238 1239 1327
f 1239 1328 1327
f 1239 1232 1328
f 1232 1290 1328
f 1232 1251 1290
f 1251 1287 1290
f 1251 1282 1287
f 1328 1295 1296
f 1295 1328 1299
f 1328 1300 1299
f 1328 1290 1300
f 1296 1301 1328
f 1301 1327 1328
f 1301 1279 1327
f 1329 1330 1308
f 1308 1330 1305
f 1330 1280 1305
f 1330 1279 1280
f 1240 1327 1309
f 1327 1331 1309
f 1327 1332 1331
f 1324 1326 1318
f 1326 1320 1318
f 1326 1333 1320
f 1333 1332 1320
f 1333 1334 1332
f 1334 1331 1332
f 1279 1330 1327
f 1330 1332 1327
f 1330 1335 1332
f 1335 1320 1332
f 1335 1315 1320
f 1315 1322 1320
f 1315 1313 1322
f 1329 1336 1330
f 1336 1335 1330
f 1336 1337 1335
f 1337 1315 1335
f 1337 1312 1315
f 1312 1317 1315
f 1312 1310 1317
f 1338 1340 1339
f 1339 1341 1338
f 1342 1344 1343
f 1345 1346 1342
f 1346 1344 1342
f 1346 1347 1344
f 1347 1348 1344
f 1347 1349 1348
f 1349 1350 1348
f 1338 1341 1351
f 1341 1352 1351
f 1341 1353 1352
f 1353 1354 1352
f 1353 1355 1354
f 1355 1356 1354
f 1355 1357 1356
f 1357 1358 1356
f 1357 1350 1358
f 1350 1359 1358
f 1350 1349 1359
f 1360 1340 1361
f 1340 1362 1361
f 1340 1338 1362
f 1329 1360 1336
f 1360 1337 1336
f 1360 1361 1337
f 1361 1312 1337
f 1361 1311 1312
f 1339 1363 1341
f 1364 1366 1365
f 1366 1367 1365
f 1366 1368 1367
f 1368 1369 1367
f 1368 1360 1369
f 1360 1329 1369
f 1339 1340 1363
f 1370 1371 1364
f 1371 1366 1364
f 1371 1363 1366
f 1363 1368 1366
f 1363 1340 1368
f 1340 1360 1368
f 1343 1373 1372
f 1363 1353 1341
f 1370 1374 1371
f 1371 1375 1363
f 1375 1353 1363
f 1375 1376 1353
f 1376 1355 1353
f 1355 1376 1357
f 1376 1350 1357
f 1376 1377 1350
f 1377 1348 1350
f 1377 1373 1348
f 1373 1344 1348
f 1373 1343 1344
f 1371 1374 1375
f 1374 1376 1375
f 1374 1378 1376
f 1378 1377 1376
f 1378 1379 1377
f 1379 1373 1377
f 1379 1380 1373
f 1380 1372 1373
f 1380 1381 1372
f 1370 1382 1374
f 1382 1378 1374
f 1382 1383 1378
f 1383 1379 1378
f 1383 1384 1379
f 1384 1380 1379
f 1384 1385 1380
f 1385 1381 1380
f 1385 1386 1381
f 1387 1389 1388
f 1389 1390 1388
f 1389 1391 1390
f 1391 1392 1390
f 1391 1393 1392
f 1393 1394 1392
f 1393 1391 1395
f 1391 1396 1395
f 1391 1389 1396
f 1389 1397 1396
f 1389 1387 1397
f 1398 1397 1399
f 1397 1400 1399
f 1397 1387 1400
f 1401 1403 1402
f 1403 1404 1402
f 1403 1405 1404
f 1405 1406 1404
f 1372 1381 1401
f 1381 1403 1401
f 1381 1386 1403
f 1386 1405 1403
f 1395 1396 1406
f 1396 1404 1406
f 1396 1397 1404
f 1397 1402 1404
f 1397 1398 1402
f 1398 1401 1402
f 1398 1407 1401
f 1407 1372 1401
f 1407 1343 1372
f 1408 1409 1394
f 1409 1392 1394
f 1409 1410 1392
f 1410 1390 1392
f 1410 1411 1390
f 1411 1388 1390
f 1412 1413 1408
f 1413 1409 1408
f 1413 1414 1409
f 1414 1410 1409
f 1414 1415 1410
f 1415 1411 1410
f 1416 1417 1412
f 1417 1413 1412
f 1417 1418 1413
f 1418 1414 1413
f 1418 1419 1414
f 1419 1415 1414
f 1420 1422 1421
f 1422 1423 1421
f 1422 1424 1423
f 1424 1425 1423
f 1424 1426 1425
f 1426 1427 1425
f 1428 1429 1420
f 1429 1422 1420
f 1429 1430 1422
f 1430 1424 1422
f 1430 1431 1424
f 1431 1426 1424
f 1431 1430 1432
f 1430 1433 1432
f 1430 1429 1433
f 1429 1434 1433
f 1429 1428 1434
f 1435 1434 1436
f 1434 1437 1436
f 1434 1428 1437
f 1438 1440 1439
f 1440 1441 1439
f 1440 1442 1441
f 1442 1443 1441
f 1418 1417 1438
f 1417 1440 1438
f 1417 1416 1440
f 1416 1442 1440
f 1432 1433 1443
f 1433 1441 1443
f 1433 1434 1441
f 1434 1439 1441
f 1434 1435 1439
f 1435 1438 1439
f 1435 1444 1438
f 1444 1418 1438
f 1444 1419 1418
f 1423 1445 1421
f 1425 1446 1423
f 1427 1447 1425
f 1423 1446 1445
f 1446 1448 1445
f 1446 1449 1448
f 1449 1450 1448
f 1449 1451 1450
f 1452 1454 1453
f 1454 1455 1453
f 1454 1456 1455
f 1456 1451 1455
f 1456 1457 1451
f 1457 1450 1451
f 1425 1447 1446
f 1447 1449 1446
f 1447 1458 1449
f 1458 1451 1449
f 1458 1459 1451
f 1459 1455 1451
f 1459 1460 1455
f 1460 1453 1455
f 1460 1461 1453
f 1427 1462 1447
f 1462 1458 1447
f 1462 1463 1458
f 1463 1459 1458
f 1463 1464 1459
f 1464 1460 1459
f 1464 1465 1460
f 1465 1461 1460
f 1465 1466 1461
f 1467 1469 1468
f 1453 1470 1452
f 1471 1472 1466
f 1472 1461 1466
f 1472 1469 1461
f 1469 1453 1461
f 1469 1467 1453
f 1467 1470 1453
f 814 813 1471
f 813 1472 1471
f 813 812 1472
f 812 1469 1472
f 812 811 1469
f 811 1468 1469
f 830 1065 832
f 814 832 810
f 832 782 810
f 832 1065 782
f 1099 827 1075
f 827 1080 1075
f 827 854 1080
f 1443 834 1432
f 1219 1212 820
f 1212 822 820
f 824 822 1214
f 822 1213 1214
f 822 1212 1213
f 1060 827 1096
f 1443 1442 834
f 824 1170 902
f 1060 1061 827
f 1096 827 1097
f 827 1098 1097
f 827 1099 1098
f 1406 818 1395
f 1370 1364 818
f 1364 820 818
f 1364 1365 820
f 1365 1219 820
f 1065 830 1064
f 830 1063 1064
f 830 827 1063
f 827 1062 1063
f 827 1061 1062
f 1426 1431 1464
f 1431 1465 1464
f 1431 1466 1465
f 1406 1405 818
f 1170 824 1192
f 824 1201 1192
f 824 1200 1201
f 1395 818 1393
f 818 1394 1393
f 818 815 1394
f 815 1408 1394
f 815 826 1408
f 826 1412 1408
f 826 834 1412
f 834 1416 1412
f 834 1442 1416
f 1432 834 1431
f 834 1466 1431
f 834 832 1466
f 832 1471 1466
f 832 814 1471
f 1426 1464 1427
f 1464 1462 1427
f 1464 1463 1462
f 1200 824 1199
f 824 1198 1199
f 824 1197 1198
f 1197 824 1216
f 824 1215 1216
f 824 1214 1215
f 1370 818 1382
f 818 1383 1382
f 818 1384 1383
f 1384 818 1385
f 818 1386 1385
f 818 1405 1386
f 799 1059 798
f 806 1473 773
f 1032 1049 1034
f 1032 1473 1049
f 1473 800 1049
f 1473 806 800
f 796 1049 802
f 1049 801 802
f 1049 800 801
f 1059 1049 798
f 1049 797 798
f 1049 796 797
f 1065 1059 782
f 1059 780 782
f 1059 799 780
f 1474 1018 1019
f 1033 1473 1032
f 1473 1033 773
f 1033 771 773
f 1033 769 771
f 768 1475 767
f 1475 1476 767
f 1475 1477 1476
f 1477 1475 1477
f 1475 1477 1477
f 1475 1477 1477
f 769 1033 768
f 1033 1475 768
f 1033 1147 1475
f 1478 1480 1479
f 1481 1482 1478
f 1482 1480 1478
f 1482 1483 1480
f 1483 1484 1480
f 1485 1480 1486
f 1480 1487 1486
f 1480 1484 1487
f 1474 1488 1018
f 1488 1148 1018
f 1488 1489 1148
f 1475 1147 1490
f 1147 1491 1490
f 1147 1148 1491
f 1492 1494 1493
f 1491 1148 1495
f 1148 1496 1495
f 1148 1494 1496
f 1494 1497 1496
f 1497 1494 1498
f 1494 1499 1498
f 1494 1492 1499
f 1493 1494 1500
f 1494 1501 1500
f 1494 1502 1501
f 1479 1480 1489
f 1480 1148 1489
f 1480 1485 1148
f 1485 1494 1148
f 1485 1503 1494
f 1503 1502 1494
f 1504 1506 1505
f 1326 1507 1333
f 1334 1508 1331
f 1488 1510 1509
f 1491 1477 1475
f 1499 1492 1511
f 1492 1493 1511
f 1499 1477 1498
f 1477 1497 1498
f 1477 1491 1497
f 1491 1496 1497
f 1491 1495 1496
f 1512 1511 1513
f 1499 1511 1477
f 1511 766 1477
f 1511 1512 766
f 1489 1509 1479
f 1509 1478 1479
f 1509 1481 1478
f 1481 1509 1482
f 1509 1483 1482
f 1509 1510 1483
f 1510 1484 1483
f 1510 1487 1484
f 1502 1511 1501
f 1511 1500 1501
f 1511 1493 1500
f 1487 1510 1486
f 1510 1485 1486
f 1510 1511 1485
f 1511 1503 1485
f 1511 1502 1503
f 1514 1510 1019
f 1510 1474 1019
f 1510 1488 1474
f 1021 1515 1023
f 1515 1024 1023
f 1515 1514 1024
f 1514 1020 1024
f 1514 1019 1020
f 1021 1029 1515
f 1029 1516 1515
f 1029 1030 1516
f 1030 1517 1516
f 1030 1031 1517
f 1518 1517 1027
f 1517 1028 1027
f 1517 1031 1028
f 1519 1518 995
f 1518 1025 995
f 1518 1027 1025
f 1016 1520 1015
f 1520 991 1015
f 1520 1519 991
f 1519 993 991
f 1519 995 993
f 1016 1017 1520
f 1017 1521 1520
f 1017 1014 1521
f 1010 1522 1008
f 1522 1007 1008
f 1522 1521 1007
f 1521 1012 1007
f 1521 1014 1012
f 1010 1011 1522
f 1011 1523 1522
f 1011 985 1523
f 1006 1524 1005
f 1524 1004 1005
f 1524 1523 1004
f 1523 986 1004
f 1523 985 986
f 997 999 1525
f 999 1526 1525
f 999 1000 1526
f 997 1525 996
f 1525 1001 996
f 1525 1524 1001
f 1524 1003 1001
f 1524 1006 1003
f 1527 1528 981
f 1528 988 981
f 1528 1526 988
f 1526 990 988
f 1526 1000 990
f 1529 1530 982
f 1530 977 982
f 1530 1527 977
f 1527 979 977
f 1527 981 979
f 1531 1532 973
f 1532 984 973
f 1532 1529 984
f 1529 983 984
f 1529 982 983
f 1533 1534 1267
f 1534 976 1267
f 1534 1531 976
f 1531 975 976
f 1531 973 975
f 1269 1534 1276
f 1256 1508 1255
f 1508 1257 1255
f 1508 1534 1257
f 1534 1270 1257
f 1534 1269 1270
f 1276 1534 1275
f 1534 1274 1275
f 1534 1533 1274
f 1533 1278 1274
f 1533 1277 1278
f 1277 1533 1273
f 1533 1272 1273
f 1533 1271 1272
f 1234 1508 1233
f 1309 1235 1236
f 1234 1235 1508
f 1235 1331 1508
f 1235 1309 1331
f 1233 1508 1231
f 1508 1230 1231
f 1508 1256 1230
f 1250 1535 1252
f 1535 1250 1265
f 1250 1264 1265
f 1250 1249 1264
f 1249 1263 1264
f 1249 1248 1263
f 1248 1246 1263
f 1263 1246 1262
f 1246 1261 1262
f 1246 1259 1261
f 1230 1256 1247
f 1256 1246 1247
f 1256 1258 1246
f 1258 1259 1246
f 1536 1325 1323
f 1325 1536 1537
f 1536 1538 1537
f 1536 1539 1538
f 1540 1542 1541
f 1542 1543 1541
f 1542 1544 1543
f 1540 1541 1545
f 1541 1546 1545
f 1541 1538 1546
f 1538 1547 1546
f 1538 1539 1547
f 1544 1548 1543
f 1548 1549 1543
f 1548 1550 1549
f 1551 1549 1552
f 1549 1553 1552
f 1549 1550 1553
f 1554 1556 1555
f 1556 1557 1555
f 1556 1551 1557
f 1551 1558 1557
f 1551 1552 1558
f 667 1560 1559
f 1560 1556 1559
f 1556 1561 1559
f 1556 1554 1561
f 661 1562 660
f 1562 626 660
f 1562 1560 626
f 1560 625 626
f 1560 667 625
f 661 662 1562
f 662 1563 1562
f 662 663 1563
f 1564 1563 646
f 1563 664 646
f 1563 663 664
f 629 1565 628
f 1565 642 628
f 1565 1564 642
f 1564 647 642
f 1564 646 647
f 721 1565 741
f 1565 742 741
f 1565 629 742
f 629 687 742
f 629 641 687
f 1566 1568 1567
f 1568 1569 1567
f 1568 1570 1569
f 1570 1571 1569
f 1566 1572 1568
f 1572 1573 1568
f 1572 1574 1573
f 1575 1577 1576
f 1577 1578 1576
f 1577 1573 1578
f 1573 1579 1578
f 1573 1574 1579
f 1575 1580 1577
f 1580 1581 1577
f 1580 1582 1581
f 748 1583 747
f 1583 1584 747
f 1583 1581 1584
f 1581 1585 1584
f 1581 1582 1585
f 1586 749 743
f 1587 1589 1588
f 1586 743 1587
f 743 1589 1587
f 743 744 1589
f 744 761 1589
f 1590 1587 1591
f 1587 1592 1591
f 1587 1588 1592
f 1593 1595 1594
f 1595 1596 1594
f 1595 1590 1596
f 1590 1597 1596
f 1590 1591 1597
f 1593 1598 1595
f 1598 1599 1595
f 1598 1600 1599
f 1601 1603 1602
f 1603 1604 1602
f 1600 1605 1599
f 1605 1603 1599
f 1605 1606 1603
f 1606 1604 1603
f 1606 1607 1604
f 1504 1608 1506
f 1333 1507 1334
f 1507 1508 1334
f 1507 1609 1508
f 1609 1534 1508
f 1609 1610 1534
f 1610 1531 1534
f 1610 1611 1531
f 1611 1532 1531
f 1611 1612 1532
f 1612 1529 1532
f 1612 1613 1529
f 1613 1530 1529
f 1613 1614 1530
f 1614 1527 1530
f 1614 1615 1527
f 1615 1528 1527
f 1615 1616 1528
f 1616 1526 1528
f 1616 1617 1526
f 1617 1525 1526
f 1617 1618 1525
f 1618 1524 1525
f 1618 1619 1524
f 1619 1523 1524
f 1619 1570 1523
f 1570 1522 1523
f 1570 1568 1522
f 1568 1521 1522
f 1568 1573 1521
f 1573 1520 1521
f 1573 1577 1520
f 1577 1519 1520
f 1577 1581 1519
f 1581 1518 1519
f 1581 1583 1518
f 1583 1517 1518
f 1583 1620 1517
f 1620 1516 1517
f 1620 1621 1516
f 1621 1515 1516
f 1621 1622 1515
f 1622 1514 1515
f 1622 1623 1514
f 1623 1510 1514
f 1623 1506 1510
f 1506 1511 1510
f 1506 1608 1511
f 1608 1513 1511
f 1325 1537 1326
f 1537 1507 1326
f 1537 1538 1507
f 1538 1609 1507
f 1538 1541 1609
f 1541 1610 1609
f 1541 1543 1610
f 1543 1611 1610
f 1543 1549 1611
f 1549 1612 1611
f 1549 1551 1612
f 1551 1613 1612
f 1551 1556 1613
f 1556 1614 1613
f 1556 1560 1614
f 1560 1615 1614
f 1560 1562 1615
f 1562 1616 1615
f 1562 1563 1616
f 1563 1617 1616
f 1563 1564 1617
f 1564 1618 1617
f 1564 1565 1618
f 1565 1619 1618
f 1565 721 1619
f 721 1570 1619
f 721 1624 1570
f 1624 1571 1570
f 749 1586 748
f 1586 1583 748
f 1586 1587 1583
f 1587 1620 1583
f 1587 1590 1620
f 1590 1621 1620
f 1590 1595 1621
f 1595 1622 1621
f 1595 1599 1622
f 1599 1623 1622
f 1599 1603 1623
f 1603 1506 1623
f 1603 1601 1506
f 1601 1505 1506
f 1625 1627 1626
f 1627 1628 1626
f 1629 1631 1630
f 1631 1632 1630
f 1631 1633 1632
f 1633 1627 1634
f 1627 1635 1634
f 1627 1625 1635
f 1629 1637 1636
f 1637 1638 1636
f 1639 783 785
f 783 1639 776
f 1639 775 776
f 1639 807 775
f 787 788 1640
f 788 790 1640
f 766 1512 765
f 1512 805 765
f 1512 792 805
f 1505 1601 1641
f 1601 1642 1641
f 1601 1602 1642
f 1602 1627 1642
f 1602 1604 1627
f 1604 1628 1627
f 1604 1607 1628
f 1505 1641 1504
f 1641 1608 1504
f 1641 1643 1608
f 1608 1643 1513
f 1643 1512 1513
f 1643 1640 1512
f 1640 792 1512
f 1640 790 792
f 1633 1631 1627
f 1631 1642 1627
f 1631 1644 1642
f 1644 1641 1642
f 1644 1645 1641
f 1645 1643 1641
f 1645 1646 1643
f 1646 1640 1643
f 1646 1639 1640
f 1639 787 1640
f 1639 785 787
f 1629 1636 1631
f 1636 1644 1631
f 1636 1647 1644
f 1647 1645 1644
f 1647 1648 1645
f 1648 1646 1645
f 1648 1649 1646
f 1649 1639 1646
f 1649 1650 1639
f 1650 807 1639
f 1650 811 807
f 1650 1468 811
f 1651 1636 1638
f 1636 1468 1647
f 1647 1468 1648
f 1468 1649 1648
f 1468 1650 1649
f 1636 1651 1468
f 1651 1467 1468
f 1651 1652 1467
f 1652 1470 1467
f 1652 1653 1470
f 1653 1654 1470
f 1654 1452 1470
f 1654 1655 1452
f 1655 1656 1452
f 1656 1454 1452
f 1656 1657 1454
f 1657 1658 1454
f 1658 1456 1454
f 1658 1659 1456
f 1457 1456 1660
f 1456 1661 1660
f 1456 1659 1661
f 1445 1662 1421
f 1457 1660 1450
f 1660 1448 1450
f 1660 1663 1448
f 1663 1445 1448
f 1663 1664 1445
f 1664 1662 1445
f 1664 1665 1662
f 1437 1666 1436
f 1667 1666 1668
f 1665 1669 1662
f 1669 1666 1662
f 1669 1670 1666
f 1670 1668 1666
f 1671 1666 1672
f 1666 1673 1672
f 1666 1667 1673
f 1419 1444 1671
f 1444 1666 1671
f 1444 1435 1666
f 1435 1436 1666
f 1662 1420 1421
f 1662 1666 1420
f 1666 1428 1420
f 1666 1437 1428
f 1674 1676 1675
f 1674 1671 1676
f 1671 1677 1676
f 1671 1672 1677
f 1671 1415 1419
f 1671 1674 1415
f 1674 1411 1415
f 1674 1388 1411
f 1678 1674 1675
f 1679 1681 1680
f 1345 1679 1682
f 1679 1683 1682
f 1679 1680 1683
f 1398 1679 1407
f 1345 1342 1679
f 1342 1407 1679
f 1342 1343 1407
f 1387 1679 1400
f 1679 1399 1400
f 1679 1398 1399
f 1388 1674 1387
f 1674 1679 1387
f 1674 1678 1679
f 1678 1681 1679
f 1684 1686 1685
f 1687 1688 1684
f 1345 1689 1687
f 1345 1682 1689
f 1682 1690 1689
f 1682 1683 1690
f 1684 1688 1686
f 1688 1691 1686
f 1688 1692 1691
f 1692 1693 1691
f 1692 1694 1693
f 1694 1695 1693
f 1694 1696 1695
f 1696 1697 1695
f 1696 1698 1697
f 1687 1689 1688
f 1689 1692 1688
f 1689 1690 1692
f 1690 1694 1692
f 1690 1699 1694
f 1699 1696 1694
f 1699 1700 1696
f 1700 1698 1696
f 1700 1701 1698
f 1683 1680 1690
f 1680 1699 1690
f 1680 1681 1699
f 1681 1700 1699
f 1681 1678 1700
f 1678 1701 1700
f 1678 1675 1701
f 1702 1704 1703
f 1705 1706 1702
f 1707 1708 1352
f 1708 1351 1352
f 1708 1705 1351
f 1702 1706 1704
f 1706 1709 1704
f 1706 1710 1709
f 1710 1711 1709
f 1710 1712 1711
f 1712 1713 1711
f 1712 1714 1713
f 1714 1715 1713
f 1714 1716 1715
f 1705 1708 1706
f 1708 1710 1706
f 1708 1707 1710
f 1707 1712 1710
f 1707 1717 1712
f 1717 1714 1712
f 1717 1718 1714
f 1718 1716 1714
f 1718 1719 1716
f 1347 1719 1349
f 1719 1359 1349
f 1719 1718 1359
f 1718 1358 1359
f 1718 1717 1358
f 1717 1356 1358
f 1717 1707 1356
f 1707 1354 1356
f 1707 1352 1354
f 1346 1720 1347
f 1720 1719 1347
f 1720 1721 1719
f 1721 1716 1719
f 1721 1722 1716
f 1722 1715 1716
f 1345 1687 1346
f 1687 1720 1346
f 1687 1684 1720
f 1684 1721 1720
f 1684 1685 1721
f 1685 1722 1721
f 1723 1725 1724
f 1725 1726 1724
f 1725 1727 1726
f 1727 1728 1726
f 1727 1311 1728
f 1338 1728 1362
f 1728 1361 1362
f 1728 1311 1361
f 1351 1705 1338
f 1705 1728 1338
f 1705 1702 1728
f 1702 1726 1728
f 1702 1703 1726
f 1703 1724 1726
f 1729 1731 1730
f 1732 1733 1729
f 1323 1734 1732
f 1323 1324 1734
f 1324 1735 1734
f 1324 1318 1735
f 1318 1736 1735
f 1318 1319 1736
f 1319 1321 1736
f 1321 1737 1736
f 1321 1322 1737
f 1322 1738 1737
f 1322 1313 1738
f 1313 1739 1738
f 1313 1314 1739
f 1729 1733 1731
f 1733 1740 1731
f 1733 1741 1740
f 1741 1742 1740
f 1741 1743 1742
f 1743 1744 1742
f 1743 1745 1744
f 1745 1746 1744
f 1745 1747 1746
f 1747 1748 1746
f 1747 1749 1748
f 1749 1750 1748
f 1749 1751 1750
f 1751 1752 1750
f 1751 1753 1752
f 1753 1723 1752
f 1753 1725 1723
f 1732 1734 1733
f 1734 1741 1733
f 1734 1735 1741
f 1735 1743 1741
f 1735 1736 1743
f 1736 1745 1743
f 1736 1737 1745
f 1737 1747 1745
f 1737 1738 1747
f 1738 1749 1747
f 1738 1739 1749
f 1739 1751 1749
f 1739 1754 1751
f 1754 1753 1751
f 1754 1755 1753
f 1755 1725 1753
f 1755 1727 1725
f 1314 1316 1739
f 1316 1754 1739
f 1316 1317 1754
f 1317 1755 1754
f 1317 1310 1755
f 1310 1727 1755
f 1310 1311 1727
f 1536 1756 1539
f 1539 1756 1547
f 1756 1757 1547
f 1756 1758 1757
f 1758 1759 1757
f 1758 1760 1759
f 1760 1761 1759
f 1323 1732 1536
f 1732 1756 1536
f 1732 1729 1756
f 1729 1758 1756
f 1729 1730 1758
f 1730 1760 1758
f 1762 1764 1763
f 1765 1763 1766
f 1767 1766 1768
f 1766 1769 1768
f 1766 1763 1769
f 1767 1771 1770
f 1771 1772 1770
f 1771 1773 1772
f 1773 1774 1772
f 1764 1762 1775
f 1762 1776 1775
f 1762 1777 1776
f 1777 1778 1776
f 1767 1770 1766
f 1770 1765 1766
f 1770 1779 1765
f 1779 1780 1765
f 1779 1781 1780
f 1781 1782 1780
f 1781 1783 1782
f 1784 1778 1785
f 1778 1786 1785
f 1778 1777 1786
f 1784 1785 1787
f 1785 1788 1787
f 1785 1789 1788
f 1790 1792 1791
f 1792 1793 1791
f 1792 1782 1793
f 1782 1794 1793
f 1782 1783 1794
f 1788 1789 1795
f 1789 1796 1795
f 1789 1797 1796
f 1797 1798 1796
f 1797 1799 1798
f 1763 1765 1762
f 1765 1777 1762
f 1765 1780 1777
f 1780 1786 1777
f 1780 1782 1786
f 1782 1785 1786
f 1782 1792 1785
f 1792 1789 1785
f 1792 1800 1789
f 1800 1797 1789
f 1800 1801 1797
f 1801 1799 1797
f 1801 1802 1799
f 1790 1803 1792
f 1803 1800 1792
f 1803 1804 1800
f 1804 1801 1800
f 1804 1805 1801
f 1805 1802 1801
f 1805 1806 1802
f 1807 1809 1808
f 1809 1807 1810
f 1807 1811 1810
f 1807 1812 1811
f 1812 1813 1811
f 1812 1814 1813
f 1814 1815 1813
f 1814 1816 1815
f 1817 1819 1818
f 1818 1821 1820
f 1821 1822 1820
f 1819 1817 1823
f 1817 1824 1823
f 1817 1825 1824
f 1824 1825 1826
f 1825 1827 1826
f 1825 1828 1827
f 1828 1829 1827
f 1828 1830 1829
f 1818 1820 1817
f 1820 1825 1817
f 1820 1831 1825
f 1831 1828 1825
f 1831 1832 1828
f 1832 1830 1828
f 1832 1833 1830
f 1822 1834 1820
f 1834 1831 1820
f 1834 1835 1831
f 1835 1832 1831
f 1835 1836 1832
f 1836 1833 1832
f 1836 1837 1833
f 1838 1833 1837
f 1838 1839 1833
f 1839 1830 1833
f 1839 1840 1830
f 1840 1829 1830
f 1840 1841 1829
f 1842 1802 1806
f 1842 1843 1802
f 1843 1799 1802
f 1843 1844 1799
f 1844 1845 1799
f 1844 1846 1845
f 1838 1837 1809
f 1837 1808 1809
f 1808 1837 1846
f 1837 1845 1846
f 1837 1798 1845
f 1775 1847 1764
f 1798 1834 1796
f 1834 1798 1835
f 1798 1836 1835
f 1798 1837 1836
f 1796 1834 1795
f 1834 1788 1795
f 1834 1822 1788
f 1822 1821 1788
f 1848 1821 1818
f 1788 1821 1787
f 1821 1784 1787
f 1821 1848 1784
f 1848 1778 1784
f 1848 1847 1778
f 1847 1776 1778
f 1847 1775 1776
f 1849 1850 613
f 1847 1851 1764
f 1851 1763 1764
f 1851 1769 1763
f 1769 1851 1768
f 1851 1767 1768
f 1851 1771 1767
f 1771 1851 1773
f 1851 1774 1773
f 1851 1852 1774
f 1852 1849 1774
f 669 1853 670
f 668 1854 669
f 667 1559 668
f 1559 1855 668
f 1856 1857 1555
f 1857 1554 1555
f 1857 1855 1554
f 1855 1561 1554
f 1855 1559 1561
f 1858 1859 1552
f 1859 1558 1552
f 1859 1856 1558
f 1856 1557 1558
f 1856 1555 1557
f 669 1854 1853
f 1854 1860 1853
f 1854 1861 1860
f 1861 1862 1860
f 1861 1863 1862
f 1863 1864 1862
f 1863 1865 1864
f 1865 1866 1864
f 1865 1867 1866
f 1867 1868 1866
f 1867 1869 1868
f 1869 1870 1868
f 1869 1851 1870
f 1851 1848 1870
f 1851 1847 1848
f 1871 1872 1548
f 1872 1550 1548
f 1872 1858 1550
f 1858 1553 1550
f 1858 1552 1553
f 1849 1852 1850
f 1852 1873 1850
f 1852 1874 1873
f 668 1855 1854
f 1855 1861 1854
f 1855 1857 1861
f 1857 1863 1861
f 1857 1856 1863
f 1856 1865 1863
f 1856 1859 1865
f 1859 1867 1865
f 1859 1858 1867
f 1858 1869 1867
f 1858 1872 1869
f 1872 1851 1869
f 1872 1871 1851
f 1871 1852 1851
f 1871 1875 1852
f 1875 1874 1852
f 1875 1876 1874
f 1546 1876 1545
f 1876 1540 1545
f 1876 1875 1540
f 1875 1542 1540
f 1875 1871 1542
f 1871 1544 1542
f 1871 1548 1544
f 1547 1757 1546
f 1757 1876 1546
f 1757 1759 1876
f 1759 1874 1876
f 1759 1761 1874
f 1761 1873 1874
f 1793 1877 1791
f 622 1805 1804
f 622 620 1805
f 620 1806 1805
f 620 1806 1806
f 1804 1803 622
f 1803 614 622
f 1803 616 614
f 1774 1849 1772
f 1849 1770 1772
f 1849 1779 1770
f 1779 1849 1781
f 1849 1783 1781
f 1849 1877 1783
f 1877 1794 1783
f 1877 1793 1794
f 613 619 1849
f 619 1877 1849
f 619 618 1877
f 618 1791 1877
f 618 616 1791
f 616 1790 1791
f 616 1803 1790
f 1806 620 1842
f 620 1878 1842
f 620 621 1878
f 1879 1881 1880
f 1879 1882 1881
f 1882 1883 1881
f 1882 1884 1883
f 1884 621 1883
f 1884 1878 621
f 1885 611 612
f 612 1887 1886
f 1887 1888 1886
f 611 1885 617
f 1885 615 617
f 1885 1889 615
f 615 1889 624
f 1889 623 624
f 1889 1890 623
f 1890 621 623
f 1890 1883 621
f 612 1886 1885
f 1886 1889 1885
f 1886 1891 1889
f 1891 1890 1889
f 1891 1892 1890
f 1892 1883 1890
f 1892 1881 1883
f 1888 1893 1886
f 1893 1891 1886
f 1893 1894 1891
f 1894 1892 1891
f 1894 1895 1892
f 1895 1881 1892
f 1895 1880 1881
f 1896 1887 612
f 1897 1887 1898
f 1887 1899 1898
f 1887 1896 1899
f 1895 1900 1880
f 1887 1897 1888
f 1897 1893 1888
f 1897 1901 1893
f 1901 1902 1893
f 1902 1900 1893
f 1900 1894 1893
f 1900 1895 1894
f 1879 1880 1903
f 1880 1900 1903
f 1904 1906 1905
f 1904 1907 1906
f 1907 1908 1906
f 1907 1909 1908
f 1909 1900 1908
f 1909 1903 1900
f 1910 1899 1896
f 1896 1912 1911
f 1912 1913 1911
f 1899 1910 1898
f 1910 1897 1898
f 1910 1914 1897
f 1897 1914 1901
f 1914 1902 1901
f 1914 1915 1902
f 1915 1900 1902
f 1915 1908 1900
f 1896 1911 1910
f 1911 1914 1910
f 1911 1916 1914
f 1916 1915 1914
f 1916 1917 1915
f 1917 1908 1915
f 1917 1906 1908
f 1913 1918 1911
f 1918 1916 1911
f 1918 1919 1916
f 1919 1917 1916
f 1919 1920 1917
f 1920 1906 1917
f 1920 1905 1906
f 1818 1912 1896
f 1818 1819 1912
f 1819 1913 1912
f 1819 1823 1913
f 1823 1824 1913
f 1824 1918 1913
f 1824 1919 1918
f 1905 1920 1829
f 1920 1827 1829
f 1920 1919 1827
f 1919 1826 1827
f 1919 1824 1826
f 1921 1922 1841
f 1922 1829 1841
f 1922 1904 1829
f 1904 1905 1829
f 1923 1925 1924
f 1926 1922 1921
f 1922 1926 1927
f 1926 1923 1927
f 1926 1928 1923
f 1928 1925 1923
f 1929 1931 1930
f 1932 1934 1933
f 1935 1937 1936
f 1938 1940 1939
f 1940 1941 1939
f 1940 1942 1941
f 1943 1945 1944
f 1930 1945 1946
f 1947 1948 1943
f 1948 1945 1943
f 1948 1949 1945
f 1949 1946 1945
f 1950 1951 1929
f 1951 1931 1929
f 1951 1952 1931
f 1953 1955 1954
f 1944 1945 1956
f 1945 1957 1956
f 1945 1955 1957
f 1955 1958 1957
f 1955 1953 1958
f 1953 1954 1959
f 1954 1960 1959
f 1954 1940 1960
f 1940 1961 1960
f 1940 1938 1961
f 1930 1931 1945
f 1931 1955 1945
f 1931 1962 1955
f 1962 1954 1955
f 1962 1963 1954
f 1963 1940 1954
f 1963 1934 1940
f 1934 1942 1940
f 1934 1932 1942
f 1952 1964 1931
f 1964 1962 1931
f 1964 1965 1962
f 1965 1963 1962
f 1965 1966 1963
f 1966 1934 1963
f 1966 1937 1934
f 1937 1933 1934
f 1937 1935 1933
f 1967 1969 1968
f 1970 1969 1971
f 1972 1974 1973
f 1975 1977 1976
f 1977 1978 1976
f 1974 1980 1979
f 1974 1972 1980
f 1972 1981 1980
f 1972 1982 1981
f 1983 1974 1984
f 1974 1985 1984
f 1974 1979 1985
f 1971 1983 1986
f 1983 1987 1986
f 1983 1984 1987
f 1966 1968 1937
f 1970 1988 1969
f 1988 1968 1969
f 1988 1989 1968
f 1989 1937 1968
f 1989 1936 1937
f 1951 1967 1952
f 1967 1964 1952
f 1967 1968 1964
f 1968 1965 1964
f 1968 1966 1965
f 1983 1991 1990
f 1971 1969 1983
f 1969 1991 1983
f 1969 1992 1991
f 1990 1993 1983
f 1993 1974 1983
f 1993 1975 1974
f 1975 1973 1974
f 1975 1976 1973
f 1992 1969 1994
f 1969 1995 1994
f 1969 1967 1995
f 1967 1996 1995
f 1967 1951 1996
f 1951 1950 1996
f 1997 1999 1998
f 2000 1976 1978
f 2001 2003 2002
f 2002 2004 2001
f 2004 1972 2001
f 2004 1982 1972
f 2005 2006 1997
f 2006 1999 1997
f 2006 2007 1999
f 2007 2001 1999
f 2007 2008 2001
f 2008 2003 2001
f 2008 2009 2003
f 1998 1999 2000
f 1999 1976 2000
f 1999 2001 1976
f 2001 1973 1976
f 2001 1972 1973
f 2010 2012 2011
f 2013 2015 2014
f 2016 2017 2013
f 2017 2015 2013
f 2017 2018 2015
f 2006 2015 2007
f 2015 2008 2007
f 1924 1925 2018
f 1925 2015 2018
f 1925 2019 2015
f 2019 2008 2015
f 2019 2020 2008
f 2020 2009 2008
f 2020 2021 2009
f 2014 2015 2010
f 2015 2012 2010
f 2015 2006 2012
f 2006 2022 2012
f 2006 2005 2022
f 2023 2025 2024
f 2025 2026 2024
f 2027 2029 2028
f 2029 2030 2028
f 2031 2032 2027
f 2032 2029 2027
f 2032 2033 2029
f 2033 2025 2029
f 2033 2034 2025
f 2034 2026 2025
f 2034 2035 2026
f 2016 2013 2023
f 2013 2025 2023
f 2013 2014 2025
f 2014 2029 2025
f 2014 2010 2029
f 2010 2030 2029
f 2010 2011 2030
f 2036 2038 2037
f 2039 2041 2040
f 2042 2044 2043
f 2043 2044 2045
f 2044 2046 2045
f 2044 2047 2046
f 2048 2050 2049
f 2048 2051 2050
f 2051 2052 2050
f 2051 2053 2052
f 2041 2048 2040
f 2048 2054 2040
f 2048 2049 2054
f 2041 2034 2033
f 2039 2055 2041
f 2055 2034 2041
f 2055 2035 2034
f 2031 2056 2032
f 2056 2033 2032
f 2056 2057 2033
f 2057 2041 2033
f 2057 2058 2041
f 2059 2036 2060
f 2047 2044 2061
f 2044 2062 2061
f 2044 2063 2062
f 2053 2051 2042
f 2051 2044 2042
f 2051 2059 2044
f 2059 2063 2044
f 2059 2060 2063
f 2058 2064 2041
f 2064 2048 2041
f 2064 2065 2048
f 2036 2059 2038
f 2059 2066 2038
f 2059 2051 2066
f 2051 2067 2066
f 2051 2048 2067
f 2048 2068 2067
f 2048 2065 2068
f 2069 2071 2070
f 2072 2074 2073
f 2074 2075 2073
f 2047 2076 2046
f 2077 2079 2078
f 2079 2080 2078
f 2077 2082 2081
f 2082 2083 2081
f 2084 2086 2085
f 2086 2087 2085
f 2086 2081 2087
f 2081 2088 2087
f 2081 2083 2088
f 2083 2089 2088
f 2083 2090 2089
f 2062 2063 2091
f 2063 2092 2091
f 2063 2060 2092
f 2060 2079 2092
f 2060 2036 2079
f 2036 2080 2079
f 2036 2037 2080
f 2084 2093 2086
f 2093 2094 2086
f 2093 2095 2094
f 2062 2091 2061
f 2091 2047 2061
f 2091 2074 2047
f 2074 2076 2047
f 2074 2072 2076
f 2077 2081 2079
f 2081 2092 2079
f 2081 2086 2092
f 2086 2091 2092
f 2086 2094 2091
f 2094 2074 2091
f 2094 2069 2074
f 2069 2075 2074
f 2069 2070 2075
f 2095 2096 2094
f 2096 2069 2094
f 2096 2097 2069
f 2097 2071 2069
f 2097 2098 2071
f 2099 2101 2100
f 2102 2104 2103
f 2105 2107 2106
f 587 2108 588
f 2109 2111 2110
f 2112 2114 2113
f 2115 2117 2116
f 2117 2118 2116
f 2118 2119 2116
f 2118 2120 2119
f 2121 2119 2122
f 2119 2123 2122
f 2119 2120 2123
f 2099 2100 2124
f 2100 2125 2124
f 2100 2126 2125
f 922 2099 924
f 2099 2127 924
f 2099 2124 2127
f 944 2129 2128
f 944 945 2129
f 945 2130 2129
f 945 946 2130
f 946 939 2130
f 939 2131 2130
f 939 940 2131
f 940 2132 2131
f 940 942 2132
f 942 943 2132
f 943 2133 2132
f 943 937 2133
f 937 2134 2133
f 937 938 2134
f 938 2135 2134
f 938 935 2135
f 935 2136 2135
f 935 933 2136
f 933 2137 2136
f 933 928 2137
f 928 929 2137
f 929 2138 2137
f 929 931 2138
f 931 2139 2138
f 931 932 2139
f 932 927 2139
f 927 2140 2139
f 927 925 2140
f 925 2141 2140
f 925 913 2141
f 913 914 2141
f 914 2142 2141
f 914 916 2142
f 916 2143 2142
f 916 918 2143
f 918 919 2143
f 919 2144 2143
f 919 2145 2144
f 2145 2146 2144
f 2146 2147 2144
f 2146 2148 2147
f 2148 2149 2147
f 2149 2150 2147
f 2149 2151 2150
f 2150 2151 2107
f 2151 2106 2107
f 2151 2152 2106
f 2152 2153 2106
f 2154 2105 2155
f 2105 2156 2155
f 2105 2106 2156
f 2106 2157 2156
f 2106 2153 2157
f 2158 2160 2159
f 1956 2161 1944
f 2161 1943 1944
f 1960 2162 1959
f 2162 1953 1959
f 2162 2163 1953
f 2163 1958 1953
f 2163 1957 1958
f 2164 2165 1938
f 2165 1961 1938
f 2114 2165 2113
f 2165 2166 2113
f 2165 2164 2166
f 2111 2114 2110
f 2114 2167 2110
f 2114 2112 2167
f 2109 2168 2111
f 2168 2169 2111
f 2168 2170 2169
f 2171 2173 2172
f 2173 2174 2172
f 2173 2169 2174
f 2169 2175 2174
f 2169 2170 2175
f 2176 2178 2177
f 519 2179 520
f 2179 515 520
f 2179 2180 515
f 2180 515 515
f 2180 527 515
f 527 2180 526
f 2180 525 526
f 2180 524 525
f 2176 2177 522
f 2177 2181 522
f 2177 2178 2181
f 580 578 2182
f 578 2183 2182
f 578 579 2183
f 579 576 2183
f 580 2182 575
f 2182 599 575
f 2182 2179 599
f 2179 517 599
f 2179 519 517
f 576 577 2183
f 577 2184 2183
f 577 581 2184
f 2185 2184 583
f 2184 582 583
f 2184 581 582
f 588 2108 589
f 2108 585 589
f 2108 2185 585
f 2185 584 585
f 2185 583 584
f 587 586 2108
f 586 2186 2108
f 586 595 2186
f 591 2187 592
f 2187 593 592
f 2187 2186 593
f 2186 594 593
f 2186 595 594
f 591 590 2187
f 590 2188 2187
f 590 596 2188
f 596 597 2188
f 597 2189 2188
f 597 2190 2189
f 2191 2193 2192
f 2191 2194 2193
f 2192 2193 2195
f 2193 2196 2195
f 2193 2189 2196
f 2189 2197 2196
f 2189 2190 2197
f 2198 2200 2199
f 2200 2201 2199
f 2200 2202 2201
f 2202 2203 2201
f 2204 2203 2205
f 2203 2206 2205
f 2203 2202 2206
f 2204 2207 2203
f 2207 2208 2203
f 2207 2209 2208
f 2209 2210 2208
f 2209 2211 2210
f 2211 2212 2210
f 2211 2213 2212
f 2214 2212 2215
f 2212 2216 2215
f 2212 2213 2216
f 2217 2219 2218
f 2219 2217 2220
f 2217 2221 2220
f 2217 2214 2221
f 2214 2222 2221
f 2214 2215 2222
f 2223 2225 2224
f 2225 2223 2226
f 2223 2227 2226
f 2223 2218 2227
f 2218 2228 2227
f 2218 2219 2228
f 2229 2231 2230
f 2231 2232 2230
f 2231 2224 2232
f 2224 2233 2232
f 2224 2225 2233
f 2234 2236 2235
f 608 2237 600
f 605 2238 604
f 604 2238 603
f 2238 610 603
f 2238 2237 610
f 2237 609 610
f 2237 608 609
f 2239 2241 2240
f 2241 607 2240
f 2241 2238 607
f 2238 606 607
f 2238 605 606
f 2095 2242 2096
f 2242 2097 2096
f 2239 2243 2241
f 2243 2242 2241
f 2243 2244 2242
f 2244 2097 2242
f 2244 2098 2097
f 2085 2245 2084
f 2245 2093 2084
f 2245 2246 2093
f 2247 2249 2248
f 2249 2250 2248
f 2249 2251 2250
f 2085 2087 2245
f 2087 2252 2245
f 2087 2088 2252
f 2088 2249 2252
f 2088 2089 2249
f 2089 2251 2249
f 2089 2090 2251
f 2253 2249 2254
f 2247 2255 2249
f 2255 2254 2249
f 2255 2256 2254
f 2117 2115 2257
f 2115 2258 2257
f 2115 2259 2258
f 2259 2260 2258
f 2259 2253 2260
f 2261 2262 2162
f 2262 2163 2162
f 2262 2161 2163
f 2161 1957 2163
f 2161 1956 1957
f 1947 1943 2263
f 1943 2264 2263
f 1943 2161 2264
f 2161 2265 2264
f 2161 2262 2265
f 2262 2266 2265
f 2262 2261 2266
f 2261 2267 2266
f 2263 2264 2268
f 2264 2269 2268
f 2264 2265 2269
f 2265 2270 2269
f 2265 2266 2270
f 2266 2271 2270
f 2266 2267 2271
f 2267 2272 2271
f 2159 2160 2154
f 2160 2105 2154
f 2160 2273 2105
f 2273 2107 2105
f 2273 2274 2107
f 2274 2150 2107
f 2275 2277 2276
f 2277 2278 2276
f 2277 2279 2278
f 2279 2280 2278
f 2279 2281 2280
f 2281 2282 2280
f 2281 2283 2282
f 2104 2128 2103
f 2128 2284 2103
f 2128 2129 2284
f 2129 2285 2284
f 2129 2130 2285
f 2130 2286 2285
f 2130 2131 2286
f 2131 2287 2286
f 2131 2132 2287
f 2132 2288 2287
f 2132 2133 2288
f 2133 2289 2288
f 2133 2134 2289
f 2134 2290 2289
f 2134 2135 2290
f 2135 2193 2290
f 2135 2136 2193
f 2136 2189 2193
f 2136 2137 2189
f 2137 2188 2189
f 2137 2138 2188
f 2138 2187 2188
f 2138 2139 2187
f 2139 2186 2187
f 2139 2140 2186
f 2140 2108 2186
f 2140 2141 2108
f 2141 2185 2108
f 2141 2142 2185
f 2142 2184 2185
f 2142 2143 2184
f 2143 2183 2184
f 2143 2144 2183
f 2144 2182 2183
f 2144 2147 2182
f 2147 2179 2182
f 2147 2150 2179
f 2150 2180 2179
f 2150 2274 2180
f 2283 2281 2121
f 2281 2119 2121
f 2281 2279 2119
f 2279 2116 2119
f 2279 2277 2116
f 2277 2115 2116
f 2277 2275 2115
f 2275 2259 2115
f 2291 2293 2292
f 2293 2101 2292
f 2293 2283 2101
f 2283 2100 2101
f 2283 2121 2100
f 2121 2126 2100
f 2121 2122 2126
f 2291 2292 2294
f 2292 2295 2294
f 2292 2101 2295
f 2101 2102 2295
f 2101 2099 2102
f 2099 2104 2102
f 2099 922 2104
f 922 2128 2104
f 922 920 2128
f 920 944 2128
f 602 600 2235
f 600 2234 2235
f 600 2237 2234
f 2237 2296 2234
f 2237 2238 2296
f 2238 2297 2296
f 2238 2241 2297
f 2241 2298 2297
f 2241 2242 2298
f 2242 2246 2298
f 2242 2095 2246
f 2095 2093 2246
f 2253 2259 2249
f 2259 2252 2249
f 2259 2275 2252
f 2275 2245 2252
f 2275 2276 2245
f 2276 2246 2245
f 2276 2278 2246
f 2278 2298 2246
f 2278 2280 2298
f 2280 2297 2298
f 2280 2282 2297
f 2282 2296 2297
f 2282 2283 2296
f 2283 2234 2296
f 2283 2293 2234
f 2293 2236 2234
f 2293 2291 2236
f 2294 2295 2229
f 2295 2231 2229
f 2295 2102 2231
f 2102 2224 2231
f 2102 2103 2224
f 2103 2223 2224
f 2103 2284 2223
f 2284 2218 2223
f 2284 2285 2218
f 2285 2217 2218
f 2285 2286 2217
f 2286 2214 2217
f 2286 2287 2214
f 2287 2212 2214
f 2287 2288 2212
f 2288 2210 2212
f 2288 2289 2210
f 2289 2208 2210
f 2289 2290 2208
f 2290 2203 2208
f 2290 2193 2203
f 2193 2201 2203
f 2193 2194 2201
f 2194 2199 2201
f 2268 2269 2158
f 2269 2160 2158
f 2269 2270 2160
f 2270 2273 2160
f 2270 2271 2273
f 2271 2274 2273
f 2271 2272 2274
f 2272 2180 2274
f 2272 2176 2180
f 2176 524 2180
f 2176 522 524
f 1961 2165 1960
f 2165 2162 1960
f 2165 2114 2162
f 2114 2261 2162
f 2114 2111 2261
f 2111 2267 2261
f 2111 2169 2267
f 2169 2272 2267
f 2169 2173 2272
f 2173 2176 2272
f 2173 2171 2176
f 2171 2178 2176
f 2171 2299 2178
f 528 2299 2300
f 2299 528 2178
f 528 2181 2178
f 528 521 2181
f 521 522 2181
f 557 559 2301
f 559 2302 2301
f 559 560 2302
f 2303 2302 2300
f 2302 528 2300
f 2302 560 528
f 550 2304 548
f 2304 2305 548
f 557 2301 555
f 2301 553 555
f 2301 2304 553
f 2304 551 553
f 2304 550 551
f 2305 2306 548
f 2306 546 548
f 2306 2307 546
f 2307 544 546
f 2307 2308 544
f 2308 542 544
f 2308 2309 542
f 2309 533 542
f 2309 505 533
f 2310 505 2309
f 431 453 2311
f 453 2312 2311
f 453 458 2312
f 458 2313 2312
f 458 459 2313
f 471 2314 469
f 2314 467 469
f 2314 2315 467
f 2315 466 467
f 2315 2313 466
f 2313 461 466
f 2313 459 461
f 471 477 2314
f 477 2316 2314
f 477 478 2316
f 478 480 2316
f 480 2317 2316
f 480 490 2317
f 2318 2319 493
f 2319 492 493
f 2319 2317 492
f 2317 491 492
f 2317 490 491
f 505 2310 504
f 2310 503 504
f 2310 2318 503
f 2318 495 503
f 2318 493 495
f 2311 2320 431
f 2320 406 431
f 2320 2321 406
f 2321 430 406
f 2321 2322 430
f 2322 429 430
f 2322 2323 429
f 429 2323 427
f 2323 425 427
f 2323 2324 425
f 2324 423 425
f 2324 421 423
f 411 1815 410
f 1815 2325 410
f 1815 1816 2325
f 421 2324 420
f 2324 418 420
f 2324 1815 418
f 1815 416 418
f 1815 411 416
f 2312 2326 2311
f 2326 2320 2311
f 2326 2327 2320
f 2323 2322 2328
f 2322 2327 2328
f 2322 2321 2327
f 2321 2320 2327
f 2326 2312 2329
f 2312 2330 2329
f 2312 2313 2330
f 2313 2331 2330
f 2313 2315 2331
f 2315 2332 2331
f 2315 2314 2332
f 2314 2333 2332
f 2314 2316 2333
f 2316 2334 2333
f 2316 2317 2334
f 2317 2335 2334
f 2317 2319 2335
f 2335 2319 2336
f 2319 2337 2336
f 2319 2318 2337
f 2318 2310 2337
f 2305 2338 2306
f 2338 2307 2306
f 2338 2339 2307
f 2337 2310 2340
f 2310 2341 2340
f 2310 2309 2341
f 2309 2339 2341
f 2309 2308 2339
f 2308 2307 2339
f 2342 2344 2343
f 2344 2345 2343
f 2344 2346 2345
f 2345 2346 2347
f 2346 2348 2347
f 2346 2349 2348
f 2348 2349 2350
f 2349 2351 2350
f 2349 2352 2351
f 2352 2353 2351
f 2353 2352 2354
f 2352 2355 2354
f 2352 2356 2355
f 2355 2356 2357
f 2356 2358 2357
f 2356 2359 2358
f 2358 2359 2360
f 2359 2361 2360
f 2359 2362 2361
f 2362 2363 2361
f 2363 2362 2364
f 2362 2365 2364
f 2362 2366 2365
f 2365 2366 2367
f 2366 2368 2367
f 2366 2369 2368
f 2368 2369 2370
f 2369 2371 2370
f 2369 2372 2371
f 2372 2373 2371
f 2373 2372 2374
f 2372 2375 2374
f 2372 2376 2375
f 2375 2376 2377
f 2376 2378 2377
f 2376 2379 2378
f 2378 2379 2380
f 2379 2381 2380
f 2379 2328 2381
f 2328 2382 2381
f 2328 2327 2382
f 2342 2383 2344
f 2383 2384 2344
f 2383 2385 2384
f 2385 2386 2384
f 2385 2338 2386
f 2338 2304 2386
f 2338 2305 2304
f 2351 2387 2350
f 2388 2390 2389
f 2391 2393 2392
f 2394 2396 2395
f 2397 2399 2398
f 2400 2402 2401
f 2403 2405 2404
f 2406 2408 2407
f 2409 2391 2410
f 2411 2413 2412
f 2414 2394 2415
f 2416 2418 2417
f 2419 2397 2420
f 2421 2423 2422
f 2424 2400 2425
f 2426 2428 2427
f 2429 2403 2430
f 2403 2431 2430
f 2403 2404 2431
f 2404 2432 2431
f 2404 2433 2432
f 2434 2436 2435
f 2436 2437 2435
f 2437 2439 2438
f 2439 2426 2438
f 2400 2401 2425
f 2401 2440 2425
f 2401 2441 2440
f 2442 2421 2443
f 2397 2398 2420
f 2398 2444 2420
f 2398 2445 2444
f 2446 2416 2447
f 2394 2395 2415
f 2395 2448 2415
f 2395 2449 2448
f 2450 2411 2451
f 2391 2392 2410
f 2392 2452 2410
f 2392 2453 2452
f 2454 2456 2455
f 2457 2388 2458
f 2388 2459 2458
f 2388 2389 2459
f 2389 2460 2459
f 2389 2461 2460
f 2462 2406 2463
f 2408 2464 2407
f 2465 2466 2405
f 2466 2404 2405
f 2466 2467 2404
f 2467 2433 2404
f 2467 2434 2433
f 2468 2469 2402
f 2469 2401 2402
f 2469 2442 2401
f 2442 2441 2401
f 2442 2443 2441
f 2470 2471 2399
f 2471 2398 2399
f 2471 2446 2398
f 2446 2445 2398
f 2446 2447 2445
f 2472 2473 2396
f 2473 2395 2396
f 2473 2450 2395
f 2450 2449 2395
f 2450 2451 2449
f 2474 2475 2393
f 2475 2392 2393
f 2475 2454 2392
f 2454 2453 2392
f 2454 2455 2453
f 2476 2477 2390
f 2477 2389 2390
f 2477 2462 2389
f 2462 2461 2389
f 2462 2463 2461
f 2478 2479 2408
f 2479 2464 2408
f 2479 2480 2464
f 2481 2483 2482
f 2361 2484 2360
f 2484 2481 2360
f 2484 2485 2481
f 2485 2483 2481
f 2485 2428 2483
f 2486 2488 2487
f 2371 2489 2370
f 2489 2486 2370
f 2489 2490 2486
f 2490 2488 2486
f 2490 2423 2488
f 2491 2493 2492
f 2381 2494 2380
f 2494 2491 2380
f 2494 2495 2491
f 2495 2493 2491
f 2495 2418 2493
f 2496 2498 2497
f 2332 2499 2331
f 2499 2496 2331
f 2499 2500 2496
f 2500 2498 2496
f 2500 2413 2498
f 2501 2503 2502
f 2341 2504 2340
f 2504 2501 2340
f 2504 2505 2501
f 2505 2503 2501
f 2505 2506 2503
f 2507 2508 2478
f 2508 2479 2478
f 2508 2509 2479
f 2509 2480 2479
f 2509 2510 2480
f 2348 2465 2347
f 2465 2510 2347
f 2465 2405 2510
f 2405 2480 2510
f 2405 2403 2480
f 2403 2464 2480
f 2403 2429 2464
f 2429 2407 2464
f 2434 2467 2436
f 2467 2511 2436
f 2467 2466 2511
f 2466 2387 2511
f 2466 2465 2387
f 2465 2350 2387
f 2465 2348 2350
f 2437 2436 2439
f 2436 2512 2439
f 2436 2511 2512
f 2511 2513 2512
f 2511 2387 2513
f 2387 2353 2513
f 2387 2351 2353
f 2426 2439 2428
f 2439 2483 2428
f 2439 2512 2483
f 2512 2482 2483
f 2512 2513 2482
f 2513 2354 2482
f 2513 2353 2354
f 2360 2481 2358
f 2481 2357 2358
f 2481 2482 2357
f 2482 2355 2357
f 2482 2354 2355
f 2427 2428 2424
f 2428 2400 2424
f 2428 2485 2400
f 2485 2402 2400
f 2485 2484 2402
f 2484 2468 2402
f 2484 2361 2468
f 2361 2363 2468
f 2421 2442 2423
f 2442 2488 2423
f 2442 2469 2488
f 2469 2487 2488
f 2469 2468 2487
f 2468 2364 2487
f 2468 2363 2364
f 2370 2486 2368
f 2486 2367 2368
f 2486 2487 2367
f 2487 2365 2367
f 2487 2364 2365
f 2422 2423 2419
f 2423 2397 2419
f 2423 2490 2397
f 2490 2399 2397
f 2490 2489 2399
f 2489 2470 2399
f 2489 2371 2470
f 2371 2373 2470
f 2416 2446 2418
f 2446 2493 2418
f 2446 2471 2493
f 2471 2492 2493
f 2471 2470 2492
f 2470 2374 2492
f 2470 2373 2374
f 2380 2491 2378
f 2491 2377 2378
f 2491 2492 2377
f 2492 2375 2377
f 2492 2374 2375
f 2417 2418 2414
f 2418 2394 2414
f 2418 2495 2394
f 2495 2396 2394
f 2495 2494 2396
f 2494 2472 2396
f 2494 2381 2472
f 2381 2382 2472
f 2411 2450 2413
f 2450 2498 2413
f 2450 2473 2498
f 2473 2497 2498
f 2473 2472 2497
f 2472 2327 2497
f 2472 2382 2327
f 2331 2496 2330
f 2496 2329 2330
f 2496 2497 2329
f 2497 2326 2329
f 2497 2327 2326
f 2412 2413 2409
f 2413 2391 2409
f 2413 2500 2391
f 2500 2393 2391
f 2500 2499 2393
f 2499 2474 2393
f 2499 2332 2474
f 2332 2333 2474
f 2456 2454 2506
f 2454 2503 2506
f 2454 2475 2503
f 2475 2502 2503
f 2475 2474 2502
f 2474 2334 2502
f 2474 2333 2334
f 2340 2501 2337
f 2501 2336 2337
f 2501 2502 2336
f 2502 2335 2336
f 2502 2334 2335
f 2456 2506 2457
f 2506 2388 2457
f 2506 2505 2388
f 2505 2390 2388
f 2505 2504 2390
f 2504 2476 2390
f 2504 2341 2476
f 2341 2339 2476
f 2406 2462 2408
f 2462 2478 2408
f 2462 2477 2478
f 2477 2507 2478
f 2477 2476 2507
f 2476 2338 2507
f 2476 2339 2338
f 2347 2510 2345
f 2510 2343 2345
f 2510 2509 2343
f 2509 2342 2343
f 2509 2508 2342
f 2508 2383 2342
f 2508 2507 2383
f 2507 2385 2383
f 2507 2338 2385
f 2514 2447 2416
f 2514 2515 2447
f 2447 2515 2445
f 2515 2444 2445
f 2515 2516 2444
f 2444 2516 2420
f 2516 2419 2420
f 2516 2517 2419
f 2517 2422 2419
f 2422 2517 2421
f 2517 2443 2421
f 2517 2518 2443
f 2443 2518 2441
f 2518 2440 2441
f 2518 2519 2440
f 2440 2519 2425
f 2519 2424 2425
f 2519 2520 2424
f 2520 2427 2424
f 2427 2520 2426
f 2520 2438 2426
f 2520 2521 2438
f 2438 2521 2437
f 2521 2435 2437
f 2521 2522 2435
f 2435 2522 2434
f 2522 2433 2434
f 2522 2523 2433
f 2523 2432 2433
f 2432 2523 2431
f 2523 2430 2431
f 2523 2524 2430
f 2524 2429 2430
f 2524 2525 2429
f 2525 2407 2429
f 2407 2525 2406
f 2525 2463 2406
f 2525 2526 2463
f 2463 2526 2461
f 2526 2460 2461
f 2526 2527 2460
f 2460 2527 2459
f 2527 2458 2459
f 2527 2528 2458
f 2528 2457 2458
f 2457 2528 2456
f 2528 2455 2456
f 2528 2529 2455
f 2455 2529 2453
f 2529 2452 2453
f 2529 2530 2452
f 2452 2530 2410
f 2530 2409 2410
f 2530 2531 2409
f 2531 2412 2409
f 2412 2531 2411
f 2531 2451 2411
f 2531 2532 2451
f 2451 2532 2449
f 2532 2448 2449
f 2532 2533 2448
f 2448 2533 2415
f 2533 2414 2415
f 2533 2514 2414
f 2514 2417 2414
f 2514 2416 2417
f 2523 2522 2534
f 2522 2535 2534
f 2522 2521 2535
f 2521 2536 2535
f 2521 2520 2536
f 2520 2537 2536
f 2520 2519 2537
f 2519 2538 2537
f 2519 2518 2538
f 2518 2539 2538
f 2518 2517 2539
f 2517 2540 2539
f 2517 2516 2540
f 2516 2541 2540
f 2516 2515 2541
f 2515 2542 2541
f 2515 2514 2542
f 2514 2543 2542
f 2514 2533 2543
f 2533 2544 2543
f 2533 2532 2544
f 2532 2545 2544
f 2532 2531 2545
f 2531 2546 2545
f 2531 2530 2546
f 2530 2547 2546
f 2530 2529 2547
f 2529 2548 2547
f 2529 2528 2548
f 2528 2549 2548
f 2528 2527 2549
f 2527 2550 2549
f 2527 2526 2550
f 2526 2551 2550
f 2526 2525 2551
f 2525 2552 2551
f 2525 2524 2552
f 2524 2553 2552
f 2524 2523 2553
f 2523 2534 2553
f 2554 2556 2555
f 2557 2559 2558
f 2560 2562 2561
f 2563 2565 2564
f 2565 2566 2564
f 2566 2568 2567
f 2566 2565 2568
f 2565 2569 2568
f 2565 2570 2569
f 2569 2570 2571
f 2570 2572 2571
f 2570 2573 2572
f 2572 2573 2574
f 2573 2575 2574
f 2573 2576 2575
f 2576 2577 2575
f 2576 2578 2577
f 2578 2579 2577
f 2580 2581 2561
f 2581 2560 2561
f 2581 2582 2560
f 2582 2583 2560
f 2584 2586 2585
f 2584 2580 2586
f 2558 2559 2563
f 2559 2565 2563
f 2559 2587 2565
f 2587 2570 2565
f 2587 2588 2570
f 2588 2573 2570
f 2588 2589 2573
f 2589 2576 2573
f 2589 2590 2576
f 2590 2578 2576
f 2590 2591 2578
f 2580 2561 2586
f 2561 2592 2586
f 2561 2562 2592
f 2562 2593 2592
f 2562 2594 2593
f 2595 2596 2557
f 2596 2559 2557
f 2596 2597 2559
f 2597 2587 2559
f 2597 2598 2587
f 2598 2588 2587
f 2598 2599 2588
f 2599 2589 2588
f 2599 2600 2589
f 2600 2590 2589
f 2600 2601 2590
f 2601 2591 2590
f 2601 2556 2591
f 2579 2578 2583
f 2578 2560 2583
f 2578 2591 2560
f 2591 2562 2560
f 2591 2556 2562
f 2556 2594 2562
f 2556 2554 2594
f 2602 2604 2603
f 2605 2606 2602
f 2607 2609 2608
f 2609 2610 2608
f 2609 2611 2610
f 2602 2606 2604
f 2606 2555 2604
f 2606 2554 2555
f 2554 2606 2594
f 2606 2611 2594
f 2606 2605 2611
f 2605 2610 2611
f 2585 2586 2607
f 2586 2609 2607
f 2586 2592 2609
f 2592 2611 2609
f 2592 2593 2611
f 2593 2594 2611
f 2612 2602 2603
f 2613 2615 2614
f 2616 2618 2617
f 2618 2619 2617
f 2618 2620 2619
f 2620 2621 2619
f 2620 2615 2621
f 2615 2622 2621
f 2615 2613 2622
f 2613 2623 2622
f 2608 2610 2616
f 2610 2618 2616
f 2610 2605 2618
f 2605 2620 2618
f 2605 2602 2620
f 2602 2615 2620
f 2602 2612 2615
f 2612 2614 2615
f 2624 2626 2625
f 2627 2629 2628
f 2630 2622 2623
f 2631 2632 2628
f 2632 2627 2628
f 2632 2633 2627
f 2634 2636 2635
f 2636 2637 2635
f 2636 2638 2637
f 2638 2639 2637
f 2638 2640 2639
f 2641 2643 2642
f 2644 2645 2629
f 2645 2628 2629
f 2645 2646 2628
f 2646 2631 2628
f 2646 2630 2631
f 2647 2648 2642
f 2648 2641 2642
f 2648 2649 2641
f 2640 2643 2650
f 2643 2651 2650
f 2643 2641 2651
f 2641 2652 2651
f 2641 2649 2652
f 2649 2653 2652
f 2649 2654 2653
f 2654 2655 2653
f 2656 2634 2624
f 2634 2626 2624
f 2634 2635 2626
f 2640 2638 2643
f 2638 2642 2643
f 2638 2636 2642
f 2636 2647 2642
f 2636 2634 2647
f 2634 2657 2647
f 2634 2656 2657
f 2654 2649 2658
f 2649 2659 2658
f 2649 2648 2659
f 2648 2660 2659
f 2648 2647 2660
f 2647 2661 2660
f 2647 2657 2661
f 2662 2644 2655
f 2644 2653 2655
f 2644 2629 2653
f 2629 2652 2653
f 2629 2627 2652
f 2627 2651 2652
f 2627 2633 2651
f 2633 2650 2651
f 2619 2663 2617
f 2630 2646 2622
f 2646 2621 2622
f 2646 2645 2621
f 2645 2619 2621
f 2645 2644 2619
f 2644 2663 2619
f 2644 2662 2663
f 2664 2546 2665
f 2546 2666 2665
f 2666 2546 2667
f 2546 2668 2667
f 2546 2547 2668
f 2547 2625 2668
f 2538 2670 2669
f 2538 2539 2670
f 2539 2671 2670
f 2539 2672 2671
f 2569 2537 2568
f 2537 2567 2568
f 2537 2538 2567
f 2538 2673 2567
f 2538 2669 2673
f 2551 2617 2663
f 2551 2552 2617
f 2617 2552 2616
f 2552 2608 2616
f 2552 2607 2608
f 2549 2658 2659
f 2549 2550 2658
f 2658 2550 2654
f 2550 2655 2654
f 2550 2551 2655
f 2551 2662 2655
f 2551 2663 2662
f 2548 2549 2661
f 2549 2660 2661
f 2549 2659 2660
f 2625 2547 2624
f 2547 2656 2624
f 2547 2548 2656
f 2548 2657 2656
f 2548 2661 2657
f 2542 2543 2674
f 2543 2675 2674
f 2541 2677 2676
f 2541 2542 2677
f 2542 2678 2677
f 2542 2674 2678
f 2672 2539 2679
f 2539 2680 2679
f 2539 2540 2680
f 2540 2681 2680
f 2540 2541 2681
f 2541 2682 2681
f 2541 2676 2682
f 2569 2571 2537
f 2571 2536 2537
f 2571 2572 2536
f 2572 2574 2536
f 2574 2535 2536
f 2574 2575 2535
f 2581 2553 2582
f 2553 2583 2582
f 2553 2534 2583
f 2534 2579 2583
f 2534 2535 2579
f 2535 2577 2579
f 2535 2575 2577
f 2607 2552 2585
f 2552 2584 2585
f 2552 2553 2584
f 2553 2580 2584
f 2553 2581 2580
f 2664 2683 2546
f 2683 2545 2546
f 2683 2684 2545
f 2544 2545 2685
f 2545 2686 2685
f 2545 2684 2686
f 2675 2543 2687
f 2543 2688 2687
f 2543 2544 2688
f 2544 2689 2688
f 2544 2685 2689
f 2690 2692 2691
f 2557 2693 2595
f 2564 2694 2563
f 2694 2558 2563
f 2673 2692 2567
f 2692 2566 2567
f 2695 2696 2694
f 2696 2558 2694
f 2696 2557 2558
f 2673 2669 2692
f 2669 2691 2692
f 2669 2670 2691
f 2557 2696 2693
f 2696 2697 2693
f 2696 2695 2697
f 2695 2698 2697
f 2695 2699 2698
f 2699 2695 2700
f 2695 2690 2700
f 2695 2694 2690
f 2694 2692 2690
f 2694 2564 2692
f 2564 2566 2692
f 2671 2701 2670
f 2701 2691 2670
f 2701 2702 2691
f 2702 2690 2691
f 2702 2703 2690
f 2703 2700 2690
f 2699 2704 2698
f 2705 2707 2706
f 2708 2710 2709
f 2665 2711 2664
f 2711 2712 2664
f 2711 2713 2712
f 2713 2714 2712
f 2664 2712 2683
f 2712 2684 2683
f 2712 2715 2684
f 2715 2686 2684
f 2715 2716 2686
f 2687 2718 2717
f 2686 2716 2685
f 2716 2689 2685
f 2716 2718 2689
f 2718 2688 2689
f 2718 2687 2688
f 2687 2717 2675
f 2717 2674 2675
f 2717 2719 2674
f 2719 2678 2674
f 2719 2720 2678
f 2678 2720 2677
f 2720 2676 2677
f 2720 2721 2676
f 2672 2701 2671
f 2682 2708 2681
f 2708 2680 2681
f 2708 2709 2680
f 2709 2679 2680
f 2709 2672 2679
f 2706 2707 2714
f 2707 2712 2714
f 2707 2722 2712
f 2722 2715 2712
f 2722 2723 2715
f 2723 2716 2715
f 2723 2724 2716
f 2724 2718 2716
f 2724 2725 2718
f 2725 2717 2718
f 2725 2726 2717
f 2726 2719 2717
f 2726 2727 2719
f 2727 2720 2719
f 2727 2728 2720
f 2728 2721 2720
f 2728 2729 2721
f 2672 2709 2701
f 2709 2702 2701
f 2709 2710 2702
f 2710 2703 2702
f 2710 2700 2703
f 2730 2731 2705
f 2731 2707 2705
f 2731 2732 2707
f 2732 2722 2707
f 2732 2733 2722
f 2733 2723 2722
f 2733 2734 2723
f 2734 2724 2723
f 2734 2735 2724
f 2735 2725 2724
f 2735 2736 2725
f 2736 2726 2725
f 2736 2737 2726
f 2737 2727 2726
f 2737 2738 2727
f 2738 2728 2727
f 2738 2739 2728
f 2739 2729 2728
f 2739 2704 2729
f 2676 2721 2682
f 2721 2708 2682
f 2721 2729 2708
f 2729 2710 2708
f 2729 2704 2710
f 2704 2700 2710
f 2704 2699 2700
f 2740 2665 2666
f 2730 2705 2741
f 2705 2742 2741
f 2705 2706 2742
f 2706 2743 2742
f 2665 2740 2711
f 2740 2713 2711
f 2740 2743 2713
f 2743 2714 2713
f 2743 2706 2714
f 2667 2744 2666
f 2744 2740 2666
f 2744 2745 2740
f 2745 2743 2740
f 2745 2746 2743
f 2746 2742 2743
f 2746 2747 2742
f 2747 2741 2742
f 2748 2637 2639
f 2749 2751 2750
f 2668 2752 2667
f 2752 2744 2667
f 2752 2753 2744
f 2753 2745 2744
f 2753 2751 2745
f 2751 2746 2745
f 2751 2749 2746
f 2749 2747 2746
f 2748 2754 2637
f 2625 2626 2668
f 2626 2752 2668
f 2626 2635 2752
f 2635 2753 2752
f 2635 2637 2753
f 2637 2751 2753
f 2637 2754 2751
f 2754 2750 2751
f 2755 698 699
f 2749 2756 2747
f 2757 2749 2758
f 2749 2750 2758
f 2759 2758 2748
f 2758 2754 2748
f 2758 2750 2754
f 2639 2760 2748
f 2760 2759 2748
f 2760 2761 2759
f 2762 2764 2763
f 2764 2755 2763
f 2749 2757 2756
f 2757 2765 2756
f 2757 2762 2765
f 695 2766 710
f 2755 2764 698
f 2764 696 698
f 2764 2767 696
f 2767 695 696
f 2767 2768 695
f 2768 2766 695
f 2768 2769 2766
f 2762 2757 2764
f 2757 2767 2764
f 2757 2758 2767
f 2758 2768 2767
f 2758 2759 2768
f 2759 2769 2768
f 2759 2761 2769
f 690 2770 689
f 701 2755 699
f 2730 2741 2771
f 2741 2772 2771
f 2741 2747 2772
f 689 2770 688
f 2770 707 688
f 2770 705 707
f 705 2773 703
f 2773 701 703
f 701 2773 2755
f 2773 2763 2755
f 2773 2774 2763
f 2763 2774 2762
f 2774 2765 2762
f 2774 2772 2765
f 2772 2756 2765
f 2772 2747 2756
f 690 691 2770
f 691 2775 2770
f 691 692 2775
f 692 2776 2775
f 692 693 2776
f 693 2777 2776
f 693 694 2777
f 705 2770 2773
f 2770 2774 2773
f 2770 2775 2774
f 2775 2772 2774
f 2775 2776 2772
f 2776 2771 2772
f 2776 2777 2771
f 1685 1896 1722
f 2704 2778 2698
f 1740 612 1731
f 1761 612 1873
f 612 1850 1873
f 612 613 1850
f 2704 2739 2778
f 1731 612 1730
f 612 1760 1730
f 612 1761 1760
f 1722 1896 1715
f 1896 1713 1715
f 1896 1711 1713
f 633 694 632
f 1711 1896 1709
f 1896 1704 1709
f 1896 612 1704
f 612 1703 1704
f 1697 2779 1685
f 2779 1896 1685
f 2779 2778 1896
f 2778 2738 1896
f 2778 2739 2738
f 666 2777 694
f 1818 1870 1848
f 1697 1693 1695
f 2734 1818 2735
f 1818 2736 2735
f 1818 1896 2736
f 1896 2737 2736
f 1896 2738 2737
f 2734 2733 670
f 2733 666 670
f 2733 2732 666
f 2732 2777 666
f 2732 2731 2777
f 2731 2771 2777
f 2731 2730 2771
f 1693 1697 1691
f 1697 1686 1691
f 1697 1685 1686
f 1862 2734 1860
f 2734 1853 1860
f 2734 670 1853
f 1870 1818 1868
f 1818 1866 1868
f 1818 2734 1866
f 2734 1864 1866
f 2734 1862 1864
f 1703 612 1724
f 612 1723 1724
f 612 1752 1723
f 666 694 656
f 694 654 656
f 694 652 654
f 1752 612 1750
f 612 1748 1750
f 612 1746 1748
f 1746 612 1744
f 612 1742 1744
f 612 1740 1742
f 652 694 650
f 694 648 650
f 694 633 648
f 2780 2698 2778
f 2697 2781 2693
f 2781 2595 2693
f 2781 2782 2595
f 1676 2783 1675
f 2783 1701 1675
f 2783 2784 1701
f 2784 1698 1701
f 2784 2779 1698
f 2779 1697 1698
f 1677 2785 1676
f 2785 2783 1676
f 2785 2780 2783
f 2780 2784 2783
f 2780 2778 2784
f 2778 2779 2784
f 1672 2786 1677
f 2786 2785 1677
f 2786 2781 2785
f 2781 2780 2785
f 2781 2697 2780
f 2697 2698 2780
f 2787 2789 2788
f 2597 2596 2782
f 2596 2595 2782
f 2555 2556 2790
f 2556 2791 2790
f 2556 2601 2791
f 2792 2787 2793
f 2787 2794 2793
f 2795 2797 2796
f 2797 2798 2796
f 2600 2799 2601
f 2799 2791 2601
f 2799 2800 2791
f 2800 2787 2791
f 2800 2795 2787
f 2795 2794 2787
f 2795 2796 2794
f 2600 2599 2799
f 2599 2801 2799
f 2599 2802 2801
f 2789 2787 2803
f 2787 2804 2803
f 2787 2792 2804
f 2802 2599 2805
f 2599 2806 2805
f 2599 2598 2806
f 2598 2807 2806
f 2598 2597 2807
f 2597 2808 2807
f 2597 2809 2808
f 2798 2811 2810
f 2811 2798 2812
f 2798 2813 2812
f 2798 2814 2813
f 2814 2798 2815
f 2798 2816 2815
f 2798 2797 2816
f 2809 2597 2817
f 2597 2818 2817
f 2597 2819 2818
f 2819 2597 2820
f 2597 2821 2820
f 2597 2782 2821
f 2822 2824 2823
f 2825 2827 2826
f 2555 2828 2604
f 2829 2831 2830
f 2829 2832 2831
f 2832 2833 2831
f 2832 2825 2833
f 2825 2832 2827
f 2832 2834 2827
f 2832 2835 2834
f 2836 2837 2834
f 2837 2827 2834
f 2837 2838 2827
f 2838 2826 2827
f 2838 2839 2826
f 2840 2835 2841
f 2835 2842 2841
f 2835 2832 2842
f 2832 2843 2842
f 2832 2829 2843
f 2836 2834 2822
f 2834 2824 2822
f 2834 2835 2824
f 2835 2828 2824
f 2835 2840 2828
f 2840 2604 2828
f 2840 2603 2604
f 2823 2824 2787
f 2824 2791 2787
f 2824 2828 2791
f 2828 2790 2791
f 2828 2555 2790
f 2844 2846 2845
f 2840 2612 2603
f 2613 2848 2847
f 2613 2614 2848
f 2614 2849 2848
f 2614 2612 2849
f 2612 2841 2849
f 2612 2840 2841
f 2850 2852 2851
f 2852 2844 2851
f 2613 2847 2623
f 2847 2853 2623
f 2847 2850 2853
f 2844 2852 2846
f 2852 2854 2846
f 2852 2855 2854
f 2855 2856 2854
f 2855 2857 2856
f 2856 2829 2830
f 2856 2857 2829
f 2857 2843 2829
f 2857 2842 2843
f 2850 2847 2852
f 2847 2855 2852
f 2847 2848 2855
f 2848 2857 2855
f 2848 2849 2857
f 2849 2842 2857
f 2849 2841 2842
f 2858 710 2766
f 2859 2861 2860
f 2766 2769 2858
f 2760 2862 2761
f 2853 2630 2623
f 2639 2640 2760
f 2640 2862 2760
f 2640 2650 2862
f 2650 2863 2862
f 2650 2633 2863
f 2633 2864 2863
f 2633 2632 2864
f 2632 2865 2864
f 2632 2631 2865
f 2631 2866 2865
f 2631 2630 2866
f 2630 2867 2866
f 2630 2853 2867
f 2853 2850 2867
f 2761 2862 2769
f 2862 2858 2769
f 2862 2863 2858
f 2863 2868 2858
f 2863 2864 2868
f 2864 2860 2868
f 2864 2865 2860
f 2865 2859 2860
f 2865 2866 2859
f 2866 2869 2859
f 2866 2867 2869
f 2867 2870 2869
f 2850 2851 2867
f 2851 2870 2867
f 2851 2844 2870
f 2844 2871 2870
f 2844 2845 2871
f 2861 2859 2872
f 2859 2873 2872
f 2859 2869 2873
f 2869 2874 2873
f 2869 2870 2874
f 2870 2875 2874
f 2870 2871 2875
f 710 2858 2876
f 2858 2877 2876
f 2858 2868 2877
f 2868 2878 2877
f 2868 2860 2878
f 2860 2879 2878
f 2860 2861 2879
f 2880 2877 2881
f 2877 2878 2881
f 2880 2882 2877
f 2882 2876 2877
f 2882 2883 2876
f 2883 710 2876
f 2883 712 710
f 2884 2885 2845
f 2885 2871 2845
f 2885 2886 2871
f 2873 2874 2887
f 2874 2888 2887
f 2874 2875 2888
f 2875 2889 2888
f 2875 2871 2889
f 2871 2890 2889
f 2871 2886 2890
f 2872 2873 2891
f 2873 2892 2891
f 2873 2887 2892
f 2861 2872 2893
f 2872 2894 2893
f 2872 2891 2894
f 2881 2878 2895
f 2878 2896 2895
f 2878 2879 2896
f 2879 2897 2896
f 2879 2861 2897
f 2861 2898 2897
f 2861 2893 2898
f 2899 2854 2856
f 2854 2899 2846
f 2899 2845 2846
f 2899 2884 2845
f 2900 2901 2825
f 2901 2833 2825
f 2901 2902 2833
f 2902 2831 2833
f 2902 2899 2831
f 2899 2830 2831
f 2899 2856 2830
f 2900 2825 2903
f 2825 2904 2903
f 2825 2826 2904
f 2826 2905 2904
f 2826 2839 2905
f 2839 2906 2905
f 2907 2905 2906
f 2908 2909 2907
f 391 2910 2908
f 2907 2909 2905
f 2909 2904 2905
f 2909 2911 2904
f 2899 2902 2912
f 2902 2913 2912
f 2902 2901 2913
f 2901 2914 2913
f 2901 2900 2914
f 2900 2911 2914
f 2900 2903 2911
f 2903 2904 2911
f 2899 2912 2884
f 2912 2915 2884
f 2912 2916 2915
f 2908 2910 2909
f 2910 2911 2909
f 2910 2917 2911
f 2917 2914 2911
f 2917 2918 2914
f 2918 2913 2914
f 2918 2919 2913
f 2919 2912 2913
f 2919 2920 2912
f 2920 2916 2912
f 2920 2921 2916
f 391 392 2910
f 392 2917 2910
f 392 385 2917
f 385 2918 2917
f 385 386 2918
f 386 2919 2918
f 386 387 2919
f 387 2920 2919
f 387 388 2920
f 388 2921 2920
f 388 383 2921
f 2922 403 405
f 2889 2922 2888
f 2921 2923 2916
f 2923 2915 2916
f 383 384 2921
f 384 2923 2921
f 384 393 2923
f 393 397 2923
f 397 398 2923
f 398 2924 2923
f 398 400 2924
f 2889 2890 2925
f 2890 2924 2925
f 2890 2886 2924
f 2886 2923 2924
f 2886 2885 2923
f 2885 2915 2923
f 2885 2884 2915
f 2889 2925 2922
f 2925 403 2922
f 2925 2924 403
f 2924 402 403
f 2924 400 402
f 2926 2928 2927
f 2928 405 2927
f 2922 2887 2888
f 405 2928 2922
f 2928 2887 2922
f 2928 2929 2887
f 2929 2892 2887
f 2926 2930 2928
f 2930 2929 2928
f 2930 2931 2929
f 2931 2932 2929
f 2931 2933 2932
f 2933 2934 2932
f 2933 2935 2934
f 2892 2929 2891
f 2929 2894 2891
f 2929 2932 2894
f 2932 2893 2894
f 2932 2934 2893
f 2934 2898 2893
f 2934 2936 2898
f 2936 2897 2898
f 2936 2937 2897
f 2935 2938 2934
f 2938 2936 2934
f 2938 2939 2936
f 2939 2937 2936
f 2939 2940 2937
f 2940 2941 2937
f 2940 2942 2941
f 2897 2937 2896
f 2937 2895 2896
f 2937 2941 2895
f 2941 2881 2895
f 2941 2943 2881
f 2942 2944 2941
f 2944 2943 2941
f 2944 381 2943
f 2883 2946 2945
f 2943 2880 2881
f 381 2946 2943
f 2943 2946 2880
f 2946 2882 2880
f 2946 2883 2882
f 2883 2947 712
f 2883 2945 2947
f 2945 2948 2947
f 2945 2949 2948
f 381 379 2946
f 379 2945 2946
f 379 378 2945
f 378 2949 2945
f 378 377 2949
f 709 2951 2950
f 2948 2952 2947
f 2947 711 712
f 2948 2949 2952
f 377 2953 2949
f 2947 2952 711
f 2952 697 711
f 2952 2954 697
f 2954 700 697
f 2954 2955 700
f 700 2955 702
f 2955 704 702
f 2955 2956 704
f 2956 706 704
f 2956 2951 706
f 2951 708 706
f 2951 709 708
f 2949 2953 2952
f 2953 2954 2952
f 2953 2957 2954
f 2957 2955 2954
f 2957 2958 2955
f 2958 2956 2955
f 2958 2959 2956
f 2959 2951 2956
f 2959 2960 2951
f 2960 2950 2951
f 2960 2961 2950
f 377 374 2953
f 374 2957 2953
f 374 375 2957
f 375 2958 2957
f 375 376 2958
f 376 2959 2958
f 376 372 2959
f 372 2960 2959
f 372 373 2960
f 373 2961 2960
f 373 368 2961
f 369 2962 368
f 2962 2961 368
f 2962 2963 2961
f 2963 2950 2961
f 2963 717 2950
f 717 709 2950
f 370 2964 369
f 2964 2962 369
f 2964 2965 2962
f 2965 2963 2962
f 2965 716 2963
f 716 717 2963
f 2966 2967 370
f 2967 2964 370
f 2967 2968 2964
f 2968 2965 2964
f 2968 714 2965
f 714 716 2965
f 719 720 2966
f 720 2967 2966
f 720 739 2967
f 739 2968 2967
f 739 713 2968
f 713 714 2968
f 719 2969 718
f 2970 2972 2971
f 2935 2973 2938
f 2974 381 2944
f 2974 2975 381
f 2938 2973 2939
f 2973 2940 2939
f 2973 2974 2940
f 2974 2942 2940
f 2974 2944 2942
f 2935 2933 2973
f 2933 2976 2973
f 2933 2931 2976
f 2931 2930 2976
f 2930 2977 2976
f 2930 2926 2977
f 2978 2977 405
f 2977 2927 405
f 2977 2926 2927
f 2971 2972 2979
f 2972 2980 2979
f 2972 2981 2980
f 2982 2983 1585
f 2983 1584 1585
f 2983 2984 1584
f 2984 747 1584
f 1624 726 738
f 726 1624 724
f 1624 722 724
f 1624 721 722
f 371 2966 370
f 396 2985 395
f 2985 394 395
f 2982 1585 2970
f 1585 2972 2970
f 1585 1582 2972
f 1582 1580 2972
f 1575 2985 1580
f 2985 2972 1580
f 2985 396 2972
f 396 2981 2972
f 396 389 2981
f 394 2985 399
f 2985 401 399
f 2985 2978 401
f 2978 404 401
f 2978 405 404
f 1575 1576 2985
f 1576 2978 2985
f 1576 1578 2978
f 1578 2977 2978
f 1578 1579 2977
f 1579 2976 2977
f 1579 1574 2976
f 1574 2973 2976
f 1574 1572 2973
f 1572 1566 2973
f 1566 2974 2973
f 1566 1567 2974
f 1567 2975 2974
f 1567 1569 2975
f 381 2975 380
f 2975 371 380
f 2975 2969 371
f 2969 2966 371
f 2969 719 2966
f 1569 1571 2975
f 1571 2969 2975
f 1571 1624 2969
f 1624 718 2969
f 1624 738 718
f 757 2986 756
f 747 2987 746
f 2987 752 746
f 2987 2988 752
f 2988 751 752
f 2988 2989 751
f 2989 758 751
f 747 2984 2987
f 2984 2988 2987
f 2984 2990 2988
f 2990 2989 2988
f 2990 2991 2989
f 2971 2991 2970
f 2991 2982 2970
f 2991 2990 2982
f 2990 2983 2982
f 2990 2984 2983
f 2984 2984 2983
f 2984 747 2984
f 2979 2992 2971
f 2992 2991 2971
f 2992 2986 2991
f 2986 2989 2991
f 2986 757 2989
f 757 758 2989
f 2980 2993 2979
f 2993 2992 2979
f 2993 2994 2992
f 2994 2986 2992
f 2994 755 2986
f 755 756 2986
f 2981 2995 2980
f 2995 2993 2980
f 2995 2996 2993
f 2996 2994 2993
f 2996 2997 2994
f 2997 755 2994
f 389 2998 2981
f 2998 2995 2981
f 2998 2999 2995
f 2999 2996 2995
f 2999 3000 2996
f 3000 2997 2996
f 390 3001 389
f 3001 2998 389
f 3001 3002 2998
f 3002 2999 2998
f 3002 3003 2999
f 3003 3000 2999
f 391 2908 390
f 2908 3001 390
f 2908 2907 3001
f 2907 3002 3001
f 2907 2906 3002
f 2906 3003 3002
f 3003 754 3000
f 754 2997 3000
f 754 755 2997
f 759 754 2839
f 754 2906 2839
f 754 3003 2906
f 2788 3004 2787
f 3004 2823 2787
f 3004 3005 2823
f 3005 3006 2823
f 3006 2822 2823
f 3006 3007 2822
f 3007 2836 2822
f 3007 3008 2836
f 3008 3009 2836
f 3009 2837 2836
f 3009 3010 2837
f 3010 2838 2837
f 3010 764 2838
f 764 2839 2838
f 764 759 2839
f 3009 3011 3010
f 2788 3012 3004
f 3012 3005 3004
f 2788 3014 3013
f 3014 3015 3013
f 3006 3005 3016
f 3005 3017 3016
f 3005 3012 3017
f 2788 3013 3012
f 3013 3017 3012
f 3013 3015 3017
f 3015 3016 3017
f 3015 3018 3016
f 3018 3019 3016
f 3018 3020 3019
f 3020 3018 3021
f 3018 3022 3021
f 3018 3015 3022
f 3015 3023 3022
f 3015 3014 3023
f 3009 3008 3011
f 3024 3020 3025
f 3020 3026 3025
f 3020 3021 3026
f 762 763 3027
f 763 3011 3027
f 763 764 3011
f 764 3010 3011
f 3006 3016 3007
f 3016 3008 3007
f 3016 3019 3008
f 3019 3011 3008
f 3019 3020 3011
f 3020 3027 3011
f 3020 3024 3027
f 3024 762 3027
f 3024 761 762
f 3023 3028 3022
f 3024 1589 761
f 3022 3029 3021
f 3021 3029 3026
f 3029 3025 3026
f 3029 3024 3025
f 2788 2789 3014
f 2789 3023 3014
f 3024 3029 1589
f 3029 1588 1589
f 3029 3030 1588
f 1588 3030 1592
f 3030 1591 1592
f 3030 3031 1591
f 3031 1597 1591
f 3031 3032 1597
f 1598 1593 3033
f 1593 3034 3033
f 1593 1594 3034
f 1594 3032 3034
f 1594 1596 3032
f 1596 1597 3032
f 3022 3028 3029
f 3028 3030 3029
f 3028 3035 3030
f 3035 3031 3030
f 3035 3036 3031
f 3036 3032 3031
f 3036 3037 3032
f 3037 3034 3032
f 3037 3038 3034
f 3038 3033 3034
f 3038 3039 3033
f 3023 2789 3028
f 2789 3035 3028
f 2789 2803 3035
f 2803 3036 3035
f 2803 2804 3036
f 2804 3037 3036
f 2804 2792 3037
f 2792 3038 3037
f 2792 2793 3038
f 2793 3039 3038
f 2793 2794 3039
f 1600 3040 1605
f 1606 3041 1607
f 1605 3040 1606
f 3040 3041 1606
f 3040 3042 3041
f 3042 3043 3041
f 3042 2796 3043
f 2796 2798 3043
f 1598 3033 1600
f 3033 3040 1600
f 3033 3039 3040
f 3039 3042 3040
f 3039 2794 3042
f 2794 2796 3042
f 3044 2797 2795
f 3045 3046 3044
f 1638 3047 3045
f 1638 1637 3047
f 1637 3048 3047
f 1637 1629 3048
f 1629 1630 3048
f 1630 3049 3048
f 1630 1632 3049
f 1632 3050 3049
f 1632 1633 3050
f 1633 3051 3050
f 1633 1634 3051
f 1634 3052 3051
f 1634 1635 3052
f 3044 3046 2797
f 3046 2816 2797
f 3046 3053 2816
f 3053 2815 2816
f 3053 3054 2815
f 3054 2814 2815
f 3054 3055 2814
f 3055 2813 2814
f 3055 3056 2813
f 3056 2812 2813
f 3056 3057 2812
f 3057 2811 2812
f 3057 3058 2811
f 3058 2810 2811
f 3058 3059 2810
f 3059 2798 2810
f 3059 3043 2798
f 3045 3047 3046
f 3047 3053 3046
f 3047 3048 3053
f 3048 3054 3053
f 3048 3049 3054
f 3049 3055 3054
f 3049 3050 3055
f 3050 3056 3055
f 3050 3051 3056
f 3051 3057 3056
f 3051 3052 3057
f 3052 3058 3057
f 3052 3060 3058
f 3060 3059 3058
f 3060 3061 3059
f 3061 3043 3059
f 3061 3041 3043
f 1635 1625 3052
f 1625 3060 3052
f 1625 1626 3060
f 1626 3061 3060
f 1626 1628 3061
f 1628 3041 3061
f 1628 1607 3041
f 1653 3062 1654
f 1653 1652 3062
f 1651 3063 1652
f 3063 3062 1652
f 3063 3064 3062
f 3064 3065 3062
f 3064 2800 3065
f 2800 2799 3065
f 1638 3045 1651
f 3045 3063 1651
f 3045 3044 3063
f 3044 3064 3063
f 3044 2795 3064
f 2795 2800 3064
f 3066 2809 2817
f 3067 3068 3066
f 1665 3069 3067
f 1665 1664 3069
f 1664 3070 3069
f 1664 1663 3070
f 1663 1660 3070
f 1660 3071 3070
f 1660 1661 3071
f 1661 3072 3071
f 1661 1659 3072
f 1659 3073 3072
f 1659 1658 3073
f 3066 3068 2809
f 3068 2808 2809
f 3068 3074 2808
f 3074 2807 2808
f 3074 3075 2807
f 3075 2806 2807
f 3075 3076 2806
f 3076 2805 2806
f 3076 3077 2805
f 3077 2802 2805
f 3077 3078 2802
f 3078 2801 2802
f 3078 3079 2801
f 3079 2799 2801
f 3079 3065 2799
f 3067 3069 3068
f 3069 3074 3068
f 3069 3070 3074
f 3070 3075 3074
f 3070 3071 3075
f 3071 3076 3075
f 3071 3072 3076
f 3072 3077 3076
f 3072 3073 3077
f 3073 3078 3077
f 3073 3080 3078
f 3080 3079 3078
f 3080 3081 3079
f 3081 3065 3079
f 3081 3062 3065
f 1658 1657 3073
f 1657 3080 3073
f 1657 1656 3080
f 1656 3081 3080
f 1656 1655 3081
f 1655 3062 3081
f 1655 1654 3062
f 2781 2821 2782
f 2786 3082 2781
f 1672 3083 2786
f 1672 1673 3083
f 1673 3084 3083
f 1673 1667 3084
f 2781 3082 2821
f 3082 2820 2821
f 3082 3085 2820
f 3085 2819 2820
f 3085 3086 2819
f 3086 2818 2819
f 3086 3087 2818
f 3087 2817 2818
f 3087 3066 2817
f 2786 3083 3082
f 3083 3085 3082
f 3083 3084 3085
f 3084 3086 3085
f 3084 3088 3086
f 3088 3087 3086
f 3088 3089 3087
f 3089 3066 3087
f 3089 3067 3066
f 1667 1668 3084
f 1668 3088 3084
f 1668 1670 3088
f 1670 3089 3088
f 1670 1669 3089
f 1669 3067 3089
f 1669 1665 3067
f 3090 3092 3091
f 3092 3093 3091
f 3094 3096 3095
f 3096 3097 3095
f 3096 3098 3097
f 3098 3099 3097
f 3098 3100 3099
f 3100 3091 3099
f 3100 3101 3091
f 3101 3090 3091
f 3093 3092 3102
f 3092 3103 3102
f 3104 3106 3105
f 3107 3109 3108
f 3109 3110 3108
f 3109 3111 3110
f 3112 3114 3113
f 3114 3115 3113
f 3112 3113 3116
f 3113 3117 3116
f 3113 3104 3117
f 3109 3107 3118
f 3107 3119 3118
f 3107 3108 3119
f 3108 3120 3119
f 3108 3121 3120
f 3111 3115 3122
f 3115 3123 3122
f 3115 3114 3123
f 3104 3113 3106
f 3113 3124 3106
f 3113 3115 3124
f 3115 3111 3124
f 3105 3106 3118
f 3106 3109 3118
f 3106 3124 3109
f 3124 3111 3109
f 3125 3127 3126
f 3127 3128 3126
f 3127 3129 3128
f 3130 3131 3125
f 3131 3127 3125
f 3131 3132 3127
f 3132 3129 3127
f 3133 3135 3134
f 3135 3136 3134
f 3135 3137 3136
f 3138 3140 3139
f 3140 3141 3139
f 3140 3142 3141
f 3143 3145 3144
f 3145 3146 3144
f 3145 3147 3146
f 3148 3150 3149
f 3150 3146 3149
f 3150 3151 3146
f 3151 3144 3146
f 3139 3141 3133
f 3141 3135 3133
f 3141 3126 3135
f 3126 3137 3135
f 3126 3128 3137
f 3128 3129 3137
f 3130 3125 3147
f 3125 3146 3147
f 3125 3126 3146
f 3126 3149 3146
f 3126 3141 3149
f 3141 3148 3149
f 3141 3142 3148
f 3136 3137 3152
f 3137 3129 3152
f 3153 3155 3154
f 3156 3158 3157
f 3159 3161 3160
f 3162 3164 3163
f 3162 3160 3164
f 3160 3161 3164
f 3161 3165 3164
f 3161 3166 3165
f 3167 3168 3155
f 3168 3169 3155
f 3170 3150 3148
f 3158 3156 3151
f 3156 3144 3151
f 3156 3143 3144
f 3171 3173 3172
f 3173 3174 3172
f 3148 3142 3170
f 3142 3173 3170
f 3142 3140 3173
f 3140 3174 3173
f 3140 3138 3174
f 3175 3176 3153
f 3176 3155 3153
f 3176 3177 3155
f 3177 3167 3155
f 3178 3179 3159
f 3179 3161 3159
f 3179 3180 3161
f 3180 3166 3161
f 3180 3181 3166
f 3182 3169 3183
f 3169 3184 3183
f 3169 3168 3184
f 3157 3158 3182
f 3158 3169 3182
f 3158 3165 3169
f 3165 3155 3169
f 3165 3166 3155
f 3166 3154 3155
f 3166 3181 3154
f 3163 3164 3171
f 3164 3173 3171
f 3164 3165 3173
f 3165 3170 3173
f 3165 3158 3170
f 3158 3150 3170
f 3158 3151 3150
f 3180 3185 3181
f 3154 3186 3153
f 3187 3189 3188
f 3190 3192 3191
f 3178 3193 3179
f 3178 3194 3193
f 3194 3195 3193
f 3194 3196 3195
f 3196 3192 3195
f 3196 3197 3192
f 3197 3191 3192
f 3197 3198 3191
f 3199 3201 3200
f 3201 3202 3200
f 3201 3203 3202
f 3203 3204 3202
f 3204 3205 3202
f 3204 3206 3205
f 3206 3186 3205
f 3206 3207 3186
f 3207 3153 3186
f 3207 3175 3153
f 3179 3193 3180
f 3193 3185 3180
f 3193 3195 3185
f 3195 3208 3185
f 3195 3192 3208
f 3192 3189 3208
f 3192 3190 3189
f 3190 3188 3189
f 3181 3185 3154
f 3185 3186 3154
f 3185 3208 3186
f 3208 3205 3186
f 3208 3189 3205
f 3189 3202 3205
f 3189 3187 3202
f 3187 3200 3202
f 3209 3211 3210
f 3211 3212 3210
f 3213 3215 3214
f 3216 3218 3217
f 3219 3221 3220
f 3198 3222 3191
f 3222 3223 3191
f 3222 3224 3223
f 3224 3225 3223
f 3224 3226 3225
f 3226 3227 3225
f 3226 3228 3227
f 3228 3229 3227
f 3228 3230 3229
f 3230 3231 3229
f 3230 3232 3231
f 3232 3233 3231
f 3232 3234 3233
f 3234 3235 3233
f 3234 3236 3235
f 3236 3237 3235
f 3236 3221 3237
f 3221 3218 3237
f 3221 3219 3218
f 3219 3217 3218
f 3223 3225 3238
f 3225 3239 3238
f 3225 3227 3239
f 3227 3211 3239
f 3227 3229 3211
f 3229 3212 3211
f 3229 3231 3212
f 3231 3240 3212
f 3231 3233 3240
f 3233 3214 3240
f 3233 3235 3214
f 3235 3213 3214
f 3235 3237 3213
f 3237 3241 3213
f 3237 3218 3241
f 3218 3242 3241
f 3218 3216 3242
f 3216 3243 3242
f 3243 3244 3242
f 3244 3245 3242
f 3244 3246 3245
f 3215 3213 3247
f 3213 3248 3247
f 3213 3241 3248
f 3241 3249 3248
f 3241 3242 3249
f 3242 3250 3249
f 3242 3245 3250
f 3210 3212 3251
f 3212 3252 3251
f 3212 3240 3252
f 3240 3253 3252
f 3240 3214 3253
f 3214 3254 3253
f 3214 3215 3254
f 3191 3223 3190
f 3223 3188 3190
f 3223 3238 3188
f 3238 3187 3188
f 3238 3200 3187
f 3209 3255 3211
f 3255 3239 3211
f 3255 3256 3239
f 3256 3238 3239
f 3256 3257 3238
f 3257 3200 3238
f 3257 3199 3200
f 3217 3258 3216
f 3243 3259 3244
f 3260 3262 3261
f 3263 3265 3264
f 3220 3266 3219
f 3220 3267 3266
f 3267 3268 3266
f 3267 3269 3268
f 3269 3270 3268
f 3269 3271 3270
f 3272 3273 3271
f 3273 3270 3271
f 3273 3274 3270
f 3274 3275 3270
f 3262 3277 3276
f 3276 3278 3262
f 3278 3261 3262
f 3278 3279 3261
f 3260 3280 3262
f 3280 3281 3262
f 3280 3282 3281
f 3282 3259 3281
f 3282 3283 3259
f 3283 3244 3259
f 3283 3246 3244
f 3219 3266 3217
f 3266 3258 3217
f 3266 3268 3258
f 3268 3284 3258
f 3268 3270 3284
f 3270 3265 3284
f 3270 3275 3265
f 3275 3264 3265
f 3216 3258 3243
f 3258 3259 3243
f 3258 3284 3259
f 3284 3281 3259
f 3284 3265 3281
f 3265 3262 3281
f 3265 3263 3262
f 3263 3277 3262
f 3285 3287 3286
f 3287 3288 3286
f 3288 3290 3289
f 3288 3287 3290
f 3287 3291 3290
f 3287 3292 3291
f 3293 3118 3119
f 3294 3296 3295
f 3296 3297 3295
f 3296 3293 3297
f 3298 3276 3277
f 3299 3300 3278
f 3300 3279 3278
f 3272 3301 3273
f 3301 3302 3273
f 3301 3303 3302
f 3303 3304 3302
f 3273 3302 3274
f 3302 3275 3274
f 3302 3305 3275
f 3305 3264 3275
f 3305 3263 3264
f 3297 3293 3306
f 3293 3307 3306
f 3293 3308 3307
f 3119 3120 3293
f 3120 3308 3293
f 3120 3121 3308
f 3116 3117 3285
f 3117 3287 3285
f 3117 3104 3287
f 3104 3292 3287
f 3104 3105 3292
f 3309 3299 3298
f 3299 3276 3298
f 3299 3278 3276
f 3309 3298 3294
f 3298 3296 3294
f 3298 3291 3296
f 3291 3293 3296
f 3291 3292 3293
f 3292 3118 3293
f 3292 3105 3118
f 3289 3290 3304
f 3290 3302 3304
f 3290 3291 3302
f 3291 3305 3302
f 3291 3298 3305
f 3298 3263 3305
f 3298 3277 3263
f 3092 3310 3103
f 3310 3311 3103
f 3310 3312 3311
f 3313 3315 3314
f 3129 3317 3316
f 3317 3313 3316
f 3317 3318 3313
f 3318 3315 3313
f 3301 3319 3303
f 3138 3320 3174
f 3312 3111 3311
f 3111 3321 3311
f 3111 3122 3321
f 3122 3322 3321
f 3122 3123 3322
f 3303 3319 3304
f 3319 3289 3304
f 3319 3323 3289
f 3323 3288 3289
f 3288 3323 3286
f 3323 3285 3286
f 3323 3324 3285
f 3324 3116 3285
f 3324 3325 3116
f 3325 3112 3116
f 3325 3326 3112
f 3326 3114 3112
f 3322 3123 3327
f 3123 3328 3327
f 3123 3114 3328
f 3114 3329 3328
f 3114 3326 3329
f 3174 3320 3172
f 3320 3171 3172
f 3320 3330 3171
f 3330 3163 3171
f 3330 3162 3163
f 3162 3330 3160
f 3330 3159 3160
f 3330 3331 3159
f 3331 3178 3159
f 3331 3194 3178
f 3138 3139 3320
f 3139 3332 3320
f 3139 3133 3332
f 3133 3333 3332
f 3133 3134 3333
f 3333 3134 3334
f 3134 3335 3334
f 3134 3136 3335
f 3136 3336 3335
f 3136 3152 3336
f 3152 3337 3336
f 3152 3129 3337
f 3129 3338 3337
f 3129 3316 3338
f 3301 3272 3319
f 3272 3339 3319
f 3272 3271 3339
f 3271 3340 3339
f 3271 3269 3340
f 3340 3269 3341
f 3269 3342 3341
f 3269 3267 3342
f 3267 3343 3342
f 3267 3220 3343
f 3220 3344 3343
f 3220 3221 3344
f 3198 3197 3345
f 3197 3346 3345
f 3197 3196 3346
f 3196 3347 3346
f 3196 3194 3347
f 3194 3348 3347
f 3194 3331 3348
f 3222 3198 3349
f 3198 3350 3349
f 3198 3345 3350
f 3344 3221 3351
f 3221 3352 3351
f 3221 3236 3352
f 3236 3353 3352
f 3236 3234 3353
f 3226 3354 3228
f 3353 3234 3355
f 3234 3356 3355
f 3234 3232 3356
f 3232 3357 3356
f 3232 3230 3357
f 3230 3358 3357
f 3230 3228 3358
f 3228 3359 3358
f 3228 3354 3359
f 3354 3226 3360
f 3226 3361 3360
f 3226 3224 3361
f 3224 3362 3361
f 3224 3222 3362
f 3222 3363 3362
f 3222 3349 3363
f 3315 3364 3314
f 3364 3365 3314
f 3364 3366 3365
f 3366 3364 3367
f 3364 3368 3367
f 3364 3315 3368
f 3369 3371 3370
f 3371 3372 3370
f 3371 3373 3372
f 3372 3373 3374
f 3373 3375 3374
f 3373 3367 3375
f 3367 3376 3375
f 3367 3368 3376
f 3377 3379 3378
f 3380 3379 3381
f 3379 3382 3381
f 3379 3383 3382
f 3383 3379 3384
f 3379 3385 3384
f 3379 3377 3385
f 3386 3388 3387
f 3389 3391 3390
f 3391 3392 3390
f 3378 3379 3393
f 3379 3392 3393
f 3379 3369 3392
f 3369 3390 3392
f 3369 3386 3390
f 3386 3369 3388
f 3369 3394 3388
f 3369 3370 3394
f 3395 3368 3315
f 3394 3370 3396
f 3370 3397 3396
f 3370 3372 3397
f 3372 3398 3397
f 3372 3374 3398
f 3374 3399 3398
f 3374 3375 3399
f 3375 3400 3399
f 3375 3376 3400
f 3376 3401 3400
f 3376 3368 3401
f 3368 3402 3401
f 3368 3395 3402
f 3403 3389 3390
f 3403 3404 3389
f 3404 3391 3389
f 3404 3405 3391
f 3388 3406 3387
f 3406 3403 3387
f 3403 3386 3387
f 3403 3390 3386
f 3396 3407 3394
f 3407 3388 3394
f 3407 3408 3388
f 3408 3406 3388
f 3393 3392 3409
f 3392 3405 3409
f 3392 3391 3405
f 3410 3412 3411
f 3412 3413 3411
f 3412 3414 3413
f 3414 3415 3413
f 3414 3381 3415
f 3415 3381 3416
f 3381 3417 3416
f 3381 3382 3417
f 3382 3418 3417
f 3382 3383 3418
f 3383 3419 3418
f 3383 3384 3419
f 3384 3420 3419
f 3384 3385 3420
f 3385 3421 3420
f 3385 3377 3421
f 3421 3377 3422
f 3377 3423 3422
f 3377 3378 3423
f 3378 3409 3423
f 3378 3393 3409
f 3414 3380 3381
f 3424 3426 3425
f 3426 3427 3425
f 3426 3380 3427
f 3380 3412 3427
f 3380 3414 3412
f 3428 3412 3410
f 3429 3427 3430
f 3427 3431 3430
f 3427 3412 3431
f 3412 3432 3431
f 3412 3428 3432
f 3433 3427 3429
f 3434 3436 3435
f 3436 3437 3435
f 3436 3424 3437
f 3424 3425 3437
f 3425 3438 3437
f 3425 3427 3438
f 3427 3439 3438
f 3427 3433 3439
f 3440 3442 3441
f 3442 3443 3441
f 3443 3442 3444
f 3442 3445 3444
f 3442 3446 3445
f 3446 3447 3445
f 3446 3448 3447
f 3448 3449 3447
f 3448 3450 3449
f 3450 3434 3449
f 3450 3451 3434
f 3451 3436 3434
f 3452 3454 3453
f 3454 3441 3453
f 3454 3440 3441
f 3455 3440 3454
f 3440 3455 3442
f 3455 3446 3442
f 3455 3426 3446
f 3426 3448 3446
f 3426 3450 3448
f 3450 3426 3451
f 3426 3436 3451
f 3426 3424 3436
f 3456 3458 3457
f 3094 3095 3456
f 3095 3458 3456
f 3095 3459 3458
f 3459 3460 3458
f 3459 3461 3460
f 3455 3454 3095
f 3454 3459 3095
f 3454 3452 3459
f 3452 3461 3459
f 3452 3462 3461
f 3462 3463 3461
f 3453 3464 3452
f 3464 3462 3452
f 3464 3465 3462
f 3465 3463 3462
f 3465 3461 3463
f 3456 3457 3466
f 3457 3467 3466
f 3457 3458 3467
f 3458 3468 3467
f 3458 3460 3468
f 3460 3469 3468
f 3460 3461 3469
f 3461 3470 3469
f 3461 3465 3470
f 3466 3471 3456
f 3471 3094 3456
f 3471 3472 3094
f 3472 3096 3094
f 3472 3473 3096
f 3090 3474 3092
f 3096 3473 3098
f 3473 3100 3098
f 3473 3475 3100
f 3475 3101 3100
f 3475 3476 3101
f 3476 3090 3101
f 3476 3477 3090
f 3477 3474 3090
f 3478 3479 3472
f 3479 3473 3472
f 3479 3480 3473
f 3480 3475 3473
f 3111 3312 3481
f 3312 3482 3481
f 3312 3310 3482
f 3310 3483 3482
f 3310 3092 3483
f 3092 3484 3483
f 3092 3474 3484
f 3474 3477 3484
f 3477 3476 3484
f 3476 3480 3484
f 3476 3475 3480
f 3108 3485 3121
f 3108 3110 3485
f 3110 3481 3485
f 3110 3111 3481
f 3307 3486 3306
f 3300 3487 3279
f 3300 3299 3487
f 3299 3488 3487
f 3299 3309 3488
f 3306 3486 3297
f 3486 3295 3297
f 3486 3488 3295
f 3488 3294 3295
f 3488 3309 3294
f 3485 3486 3121
f 3486 3308 3121
f 3486 3307 3308
f 3246 3283 3489
f 3283 3490 3489
f 3283 3282 3490
f 3491 3279 3487
f 3279 3491 3261
f 3491 3260 3261
f 3491 3490 3260
f 3490 3280 3260
f 3490 3282 3280
f 3210 3492 3209
f 3199 3257 3493
f 3257 3494 3493
f 3257 3256 3494
f 3492 3494 3209
f 3494 3255 3209
f 3494 3256 3255
f 3210 3251 3492
f 3251 3495 3492
f 3251 3252 3495
f 3496 3247 3248
f 3496 3497 3247
f 3247 3497 3215
f 3497 3254 3215
f 3497 3495 3254
f 3495 3253 3254
f 3495 3252 3253
f 3248 3249 3496
f 3249 3498 3496
f 3249 3250 3498
f 3489 3498 3246
f 3498 3245 3246
f 3498 3250 3245
f 3175 3207 3499
f 3207 3500 3499
f 3207 3206 3500
f 3501 3199 3493
f 3199 3501 3201
f 3501 3203 3201
f 3501 3500 3203
f 3500 3204 3203
f 3500 3206 3204
f 3502 3503 3157
f 3503 3156 3157
f 3503 3143 3156
f 3184 3168 3502
f 3168 3504 3502
f 3184 3502 3183
f 3502 3182 3183
f 3502 3157 3182
f 3499 3504 3175
f 3504 3176 3175
f 3176 3504 3177
f 3504 3167 3177
f 3504 3168 3167
f 3129 3132 3505
f 3132 3131 3505
f 3143 3503 3145
f 3503 3147 3145
f 3503 3505 3147
f 3505 3130 3147
f 3505 3131 3130
f 3506 3402 3395
f 3506 3507 3402
f 3507 3401 3402
f 3507 3400 3401
f 3505 3508 3129
f 3508 3317 3129
f 3508 3509 3317
f 3509 3318 3317
f 3509 3506 3318
f 3506 3315 3318
f 3506 3395 3315
f 3507 3510 3400
f 3510 3399 3400
f 3510 3511 3399
f 3511 3398 3399
f 3512 3410 3513
f 3410 3411 3513
f 3411 3514 3513
f 3411 3413 3514
f 3413 3415 3514
f 3415 3515 3514
f 3415 3416 3515
f 3419 3515 3418
f 3515 3417 3418
f 3515 3416 3417
f 3516 3517 3423
f 3517 3422 3423
f 3517 3518 3422
f 3518 3421 3422
f 3518 3515 3421
f 3515 3420 3421
f 3515 3419 3420
f 3519 3521 3520
f 3522 3521 3523
f 3521 3524 3523
f 3521 3519 3524
f 3525 3521 3526
f 3521 3527 3526
f 3521 3522 3527
f 3410 3512 3428
f 3512 3432 3428
f 3512 3528 3432
f 3397 3529 3396
f 3529 3530 3396
f 3530 3407 3396
f 3530 3520 3407
f 3520 3408 3407
f 3520 3406 3408
f 3406 3520 3403
f 3520 3404 3403
f 3520 3405 3404
f 3405 3520 3409
f 3520 3423 3409
f 3520 3521 3423
f 3521 3516 3423
f 3521 3525 3516
f 3529 3397 3531
f 3397 3511 3531
f 3397 3398 3511
f 3528 3532 3432
f 3532 3431 3432
f 3472 3533 3478
f 3443 3534 3441
f 3534 3453 3441
f 3534 3464 3453
f 3464 3534 3465
f 3534 3470 3465
f 3534 3469 3470
f 3469 3534 3468
f 3534 3467 3468
f 3534 3535 3467
f 3535 3466 3467
f 3535 3533 3466
f 3533 3471 3466
f 3533 3472 3471
f 3536 3538 3537
f 3538 3539 3537
f 3540 3541 3537
f 3541 3542 3537
f 3540 3537 3543
f 3537 3544 3543
f 3537 3539 3544
f 3542 3534 3537
f 3534 3444 3537
f 3534 3443 3444
f 3536 3537 3545
f 3537 3546 3545
f 3537 3444 3546
f 3444 3547 3546
f 3444 3445 3547
f 3445 3548 3547
f 3445 3447 3548
f 3447 3449 3548
f 3437 3548 3435
f 3548 3434 3435
f 3548 3449 3434
f 3437 3438 3548
f 3438 3549 3548
f 3438 3439 3549
f 3550 3551 3430
f 3551 3429 3430
f 3551 3549 3429
f 3549 3433 3429
f 3549 3439 3433
f 3550 3430 3552
f 3430 3532 3552
f 3430 3431 3532
f 3553 3554 3535
f 3554 3533 3535
f 3554 3555 3533
f 3555 3478 3533
f 3555 3556 3478
f 3556 3479 3478
f 3556 3557 3479
f 3557 3480 3479
f 3557 3558 3480
f 3558 3484 3480
f 3558 3559 3484
f 3559 3483 3484
f 3559 3560 3483
f 3560 3482 3483
f 3560 3561 3482
f 3561 3481 3482
f 3561 3562 3481
f 3562 3485 3481
f 3562 3563 3485
f 3563 3486 3485
f 3563 3564 3486
f 3564 3488 3486
f 3564 3565 3488
f 3565 3487 3488
f 3565 3566 3487
f 3566 3491 3487
f 3566 3567 3491
f 3567 3490 3491
f 3567 3568 3490
f 3568 3489 3490
f 3568 3569 3489
f 3569 3498 3489
f 3569 3570 3498
f 3570 3496 3498
f 3570 3571 3496
f 3571 3497 3496
f 3571 3572 3497
f 3572 3495 3497
f 3572 3573 3495
f 3573 3492 3495
f 3573 3574 3492
f 3574 3494 3492
f 3574 3575 3494
f 3575 3493 3494
f 3575 3576 3493
f 3576 3501 3493
f 3576 3577 3501
f 3577 3500 3501
f 3577 3578 3500
f 3578 3499 3500
f 3578 3579 3499
f 3579 3504 3499
f 3579 3580 3504
f 3580 3502 3504
f 3580 3581 3502
f 3581 3503 3502
f 3581 3582 3503
f 3582 3505 3503
f 3582 3583 3505
f 3583 3508 3505
f 3583 3584 3508
f 3584 3509 3508
f 3584 3585 3509
f 3585 3506 3509
f 3585 3586 3506
f 3586 3507 3506
f 3586 3587 3507
f 3587 3510 3507
f 3587 3588 3510
f 3588 3511 3510
f 3588 3589 3511
f 3589 3531 3511
f 3589 3590 3531
f 3590 3529 3531
f 3591 3593 3592
f 3591 3594 3593
f 3594 3595 3593
f 3594 3596 3595
f 3596 3597 3595
f 3596 3598 3597
f 3598 3599 3597
f 3598 3600 3599
f 3600 3601 3599
f 3600 3602 3601
f 3602 3603 3601
f 3602 3604 3603
f 3604 3605 3603
f 3604 3606 3605
f 3606 3607 3605
f 3606 3608 3607
f 3608 3609 3607
f 3608 3610 3609
f 3610 3611 3609
f 3610 3612 3611
f 3613 3615 3614
f 3613 3616 3615
f 3616 3617 3615
f 3616 3618 3617
f 3618 3619 3617
f 3618 3620 3619
f 3620 3621 3619
f 3620 3622 3621
f 3622 3623 3621
f 3622 3624 3623
f 3625 3627 3626
f 3625 3628 3627
f 3628 3629 3627
f 3628 3630 3629
f 3630 3631 3629
f 3630 3632 3631
f 3632 3633 3631
f 3632 3634 3633
f 3634 3614 3633
f 3634 3613 3614
f 3635 3637 3636
f 3638 3640 3639
f 3641 3643 3642
f 3644 3646 3645
f 3647 3649 3648
f 3650 3652 3651
f 3636 3637 3653
f 3637 3654 3653
f 3653 3654 3655
f 3654 3656 3655
f 3657 3659 3658
f 3660 3662 3661
f 3660 3663 3662
f 3663 3664 3662
f 3663 3665 3664
f 3665 3666 3664
f 3665 3667 3666
f 3652 3667 3665
f 3652 3650 3667
f 3668 3651 3652
f 3668 3669 3651
f 3670 3672 3671
f 3672 3660 3671
f 3647 3673 3649
f 3648 3649 3644
f 3645 3646 3674
f 3646 3675 3674
f 3674 3675 3676
f 3675 3677 3676
f 3675 3678 3677
f 3678 3679 3677
f 3678 3680 3679
f 3681 3680 3678
f 3681 3682 3680
f 3669 3668 3673
f 3668 3649 3673
f 3683 3685 3684
f 3683 3686 3685
f 3686 3687 3685
f 3686 3688 3687
f 3688 3689 3687
f 3688 3690 3689
f 3643 3641 3690
f 3640 3638 3642
f 3682 3681 3691
f 3681 3683 3691
f 3639 3640 3635
f 3692 3694 3693
f 3694 3695 3693
f 3696 3698 3697
f 3698 3696 3699
f 3696 3700 3699
f 3696 3695 3700
f 3695 3701 3700
f 3695 3702 3701
f 3703 3705 3704
f 3706 3708 3707
f 3709 3711 3710
f 3709 3712 3711
f 3706 3713 3708
f 3714 3716 3715
f 3717 3719 3718
f 3717 3720 3719
f 3716 3714 3721
f 3722 3724 3723
f 3724 3725 3723
f 3725 3724 3726
f 3727 3729 3728
f 3730 3732 3731
f 3692 3693 3732
f 3733 3735 3734
f 3733 3734 3722
f 3734 3724 3722
f 3736 3738 3737
f 3738 3739 3737
f 3740 3742 3741
f 3743 3745 3744
f 3743 3739 3745
f 3739 3746 3745
f 3742 3748 3747
f 3749 3751 3750
f 3751 3752 3750
f 3753 3744 3754
f 3755 3757 3756
f 3758 3760 3759
f 3760 3761 3759
f 3762 3764 3763
f 3764 3765 3763
f 3766 3768 3767
f 3768 3770 3769
f 3771 3773 3772
f 3773 3771 3774
f 3775 3777 3776
f 3778 3780 3779
f 3781 3783 3782
f 3783 3784 3782
f 3784 3783 3785
f 3777 3787 3786
f 3777 3775 3787
f 3788 3790 3789
f 3790 3792 3791
f 3755 3756 3758
f 3755 3794 3793
f 3755 3795 3794
f 3795 3796 3794
f 3789 3797 3781
f 3797 3783 3781
f 3759 3761 3798
f 3799 3801 3800
f 3802 3804 3803
f 3758 3756 3805
f 3779 3807 3806
f 3756 3757 3805
f 3796 3808 3794
f 3808 3793 3794
f 3809 3784 3785
f 3784 3809 3782
f 3809 3781 3782
f 3809 3810 3781
f 3810 3788 3789
f 3811 3775 3776
f 3811 3812 3775
f 3812 3787 3775
f 3812 3786 3787
f 3807 3780 3813
f 3807 3779 3780
f 3774 3771 3814
f 3771 3772 3815
f 3772 3816 3815
f 3816 3818 3817
f 3770 3768 3819
f 3819 3768 3766
f 3761 3820 3798
f 3821 3764 3762
f 3821 3765 3764
f 3808 3805 3757
f 3822 3758 3805
f 3823 3824 3809
f 3824 3810 3809
f 3747 3748 3808
f 3825 3827 3826
f 3827 3828 3826
f 3829 3831 3830
f 3832 3833 3822
f 3833 3834 3822
f 3825 3830 3835
f 3830 3836 3835
f 3830 3831 3836
f 3831 3837 3836
f 3831 3738 3837
f 3760 3822 3761
f 3822 3834 3820
f 3834 3829 3820
f 3834 3838 3829
f 3838 3831 3829
f 3838 3746 3831
f 3746 3738 3831
f 3839 3841 3840
f 3801 3842 3800
f 3842 3804 3800
f 3842 3841 3804
f 3841 3803 3804
f 3841 3839 3803
f 3801 3799 3843
f 3799 3844 3843
f 3799 3845 3844
f 3845 3846 3844
f 3845 3847 3846
f 3847 3848 3846
f 3847 3849 3848
f 3849 3850 3848
f 3849 3851 3850
f 3851 3852 3850
f 3851 3828 3852
f 3828 3853 3852
f 3828 3827 3853
f 3854 3856 3855
f 3856 3857 3855
f 3856 3858 3857
f 3859 3860 3858
f 3860 3857 3858
f 3861 3862 3857
f 3861 3863 3862
f 3826 3828 3864
f 3828 3865 3864
f 3851 3866 3865
f 3851 3849 3866
f 3849 3867 3866
f 3847 3868 3867
f 3847 3845 3868
f 3845 3869 3868
f 3845 3799 3869
f 3799 3800 3863
f 3800 3862 3863
f 3804 3855 3862
f 3804 3802 3855
f 3802 3854 3855
f 3746 3838 3745
f 3838 3744 3745
f 3838 3833 3744
f 3833 3754 3744
f 3833 3832 3754
f 3832 3752 3754
f 3832 3750 3752
f 3825 3826 3830
f 3826 3829 3830
f 3826 3864 3829
f 3861 3811 3807
f 3861 3860 3811
f 3809 3786 3812
f 3809 3785 3786
f 3870 3802 3871
f 3858 3872 3859
f 3803 3839 3873
f 3839 3840 3873
f 3802 3803 3871
f 3803 3874 3871
f 3823 3875 3824
f 3875 3810 3824
f 3872 3876 3875
f 3858 3878 3877
f 3879 3880 3878
f 3870 3880 3802
f 3880 3854 3802
f 3880 3879 3854
f 3879 3856 3854
f 3879 3858 3856
f 3732 3881 3692
f 3726 3882 3725
f 3882 3723 3725
f 3882 3722 3723
f 3883 3884 3729
f 3884 3728 3729
f 3884 3885 3728
f 3886 3714 3715
f 3886 3721 3714
f 3887 3718 3719
f 3707 3888 3706
f 3888 3713 3706
f 3889 3719 3720
f 3710 3711 3890
f 3698 3891 3697
f 3891 3705 3697
f 3892 3704 3705
f 3890 3711 3712
f 3893 3700 3894
f 3893 3699 3700
f 3692 3881 3694
f 3881 3702 3694
f 3881 3894 3702
f 3894 3701 3702
f 3894 3700 3701
f 3742 3740 3882
f 3730 3876 3732
f 3876 3872 3881
f 3895 3897 3896
f 3897 3898 3896
f 3899 3901 3900
f 3902 3903 3893
f 3903 3905 3904
f 3895 3900 3906
f 3900 3907 3906
f 3900 3901 3907
f 3901 3908 3907
f 3901 3873 3908
f 3699 3893 3698
f 3893 3904 3891
f 3904 3899 3891
f 3905 3901 3899
f 3905 3874 3901
f 3874 3873 3901
f 3736 3910 3909
f 3910 3911 3909
f 3912 3913 3911
f 3912 3914 3913
f 3913 3914 3915
f 3914 3916 3915
f 3914 3917 3916
f 3917 3918 3916
f 3917 3919 3918
f 3919 3920 3918
f 3919 3921 3920
f 3921 3922 3920
f 3921 3923 3922
f 3923 3924 3922
f 3923 3898 3924
f 3898 3925 3924
f 3898 3897 3925
f 3739 3743 3926
f 3743 3753 3927
f 3753 3751 3927
f 3749 3928 3751
f 3928 3927 3751
f 3929 3931 3930
f 3896 3898 3932
f 3898 3933 3932
f 3898 3923 3933
f 3923 3934 3933
f 3923 3921 3934
f 3921 3935 3934
f 3921 3919 3935
f 3919 3936 3935
f 3919 3917 3936
f 3917 3937 3936
f 3917 3914 3937
f 3914 3931 3937
f 3914 3912 3931
f 3910 3926 3930
f 3910 3737 3926
f 3737 3739 3926
f 3874 3905 3871
f 3905 3870 3871
f 3905 3903 3870
f 3903 3880 3870
f 3903 3902 3880
f 3902 3878 3880
f 3902 3877 3878
f 3895 3896 3900
f 3896 3899 3900
f 3896 3932 3899
f 3936 3937 3889
f 3937 3931 3887
f 3929 3883 3886
f 3882 3885 3884
f 3882 3726 3885
f 3938 3939 3873
f 3939 3908 3873
f 3939 3940 3908
f 3940 3907 3908
f 3940 3941 3907
f 3941 3942 3907
f 3942 3906 3907
f 3942 3943 3906
f 3943 3944 3906
f 3944 3895 3906
f 3944 3945 3895
f 3945 3897 3895
f 3945 3946 3897
f 3946 3925 3897
f 3946 3947 3925
f 3947 3924 3925
f 3947 3948 3924
f 3948 3922 3924
f 3948 3949 3922
f 3949 3920 3922
f 3949 3950 3920
f 3920 3950 3918
f 3950 3916 3918
f 3950 3951 3916
f 3951 3915 3916
f 3951 3952 3915
f 3736 3909 3953
f 3909 3954 3953
f 3909 3911 3954
f 3911 3952 3954
f 3911 3913 3952
f 3913 3915 3952
f 3953 3955 3736
f 3955 3738 3736
f 3955 3956 3738
f 3956 3837 3738
f 3956 3957 3837
f 3837 3957 3836
f 3957 3835 3836
f 3957 3958 3835
f 3958 3825 3835
f 3958 3959 3825
f 3825 3959 3827
f 3959 3853 3827
f 3959 3960 3853
f 3960 3852 3853
f 3960 3961 3852
f 3961 3850 3852
f 3961 3962 3850
f 3962 3848 3850
f 3962 3963 3848
f 3848 3963 3846
f 3963 3844 3846
f 3963 3964 3844
f 3964 3843 3844
f 3964 3965 3843
f 3965 3801 3843
f 3965 3842 3801
f 3841 3966 3840
f 3966 3841 3967
f 3841 3968 3967
f 3841 3842 3968
f 3842 3969 3968
f 3842 3965 3969
f 3873 3970 3938
f 3970 3873 3971
f 3873 3972 3971
f 3873 3840 3972
f 3840 3973 3972
f 3840 3966 3973
f 3974 3976 3975
f 3975 3976 3977
f 3976 3978 3977
f 3976 3979 3978
f 3979 3980 3978
f 3979 3973 3980
f 3973 3966 3980
f 3981 3982 3974
f 3982 3976 3974
f 3982 3983 3976
f 3983 3979 3976
f 3983 3972 3979
f 3972 3973 3979
f 3972 3983 3971
f 3983 3984 3971
f 3983 3982 3984
f 3982 3985 3984
f 3982 3981 3985
f 3986 3985 3987
f 3985 3988 3987
f 3985 3981 3988
f 3989 3991 3990
f 3971 3984 3970
f 3984 3992 3970
f 3984 3985 3992
f 3985 3991 3992
f 3985 3986 3991
f 3986 3990 3991
f 3993 3991 3994
f 3991 3995 3994
f 3991 3989 3995
f 3996 3997 3993
f 3997 3991 3993
f 3997 3998 3991
f 3998 3992 3991
f 3998 3938 3992
f 3938 3970 3992
f 3999 4001 4000
f 4002 4004 4003
f 4005 4007 4006
f 4008 3997 3996
f 3997 4009 3998
f 3940 3939 4009
f 3939 3998 4009
f 3939 3938 3998
f 4008 4010 3997
f 4010 4011 3997
f 4010 4012 4011
f 4012 4013 4011
f 4012 4014 4013
f 3941 3940 4015
f 3940 4016 4015
f 3940 4009 4016
f 3947 3946 4005
f 3946 4007 4005
f 3946 3945 4007
f 3945 4017 4007
f 3945 3944 4017
f 3944 4018 4017
f 3944 3943 4018
f 3943 4015 4018
f 3943 3942 4015
f 3942 3941 4015
f 3997 4011 4009
f 4011 4016 4009
f 4011 4013 4016
f 4013 4015 4016
f 4013 4019 4015
f 4019 4018 4015
f 4019 4020 4018
f 4020 4017 4018
f 4020 4021 4017
f 4021 4007 4017
f 4021 4004 4007
f 4004 4006 4007
f 4004 4002 4006
f 4014 4022 4013
f 4022 4019 4013
f 4022 4023 4019
f 4023 4020 4019
f 4023 4024 4020
f 4024 4021 4020
f 4024 4025 4021
f 4025 4004 4021
f 4025 4001 4004
f 4001 4003 4004
f 4001 3999 4003
f 3952 4026 3954
f 3950 4027 3951
f 4028 4000 4029
f 3947 4030 3948
f 4031 4030 4006
f 4030 4005 4006
f 4030 3947 4005
f 4000 4028 3999
f 4028 4003 3999
f 4028 4031 4003
f 4031 4002 4003
f 4031 4006 4002
f 3950 3949 4027
f 4032 4033 4029
f 4033 4028 4029
f 4033 4034 4028
f 4034 4031 4028
f 4034 4027 4031
f 4027 4030 4031
f 4027 3949 4030
f 3949 3948 4030
f 4035 4036 4032
f 4036 4033 4032
f 4036 4037 4033
f 4037 4034 4033
f 4037 4026 4034
f 4026 4027 4034
f 4026 3952 4027
f 3952 3951 4027
f 4038 4039 4035
f 4039 4036 4035
f 4039 4040 4036
f 4040 4037 4036
f 4040 4041 4037
f 4041 4026 4037
f 4041 3953 4026
f 3953 3954 4026
f 4042 4039 4038
f 4042 4043 4039
f 4043 4040 4039
f 4043 4044 4040
f 4044 4045 4041
f 4045 3955 3953
f 3965 4046 3969
f 4045 3956 3955
f 4043 4047 4044
f 4042 4048 4043
f 4044 4049 4045
f 4049 3956 4045
f 4049 4050 3956
f 3956 4050 3957
f 4050 3958 3957
f 4050 4051 3958
f 3958 4051 3959
f 4051 3960 3959
f 4051 4052 3960
f 3960 4052 3961
f 4052 3962 3961
f 4052 4053 3962
f 4053 3963 3962
f 4053 3964 3963
f 4044 4047 4049
f 4047 4050 4049
f 4047 4054 4050
f 4054 4051 4050
f 4054 4055 4051
f 4055 4052 4051
f 4055 4056 4052
f 4056 4053 4052
f 4056 4057 4053
f 3965 3964 4046
f 3964 4053 4046
f 4053 4058 4046
f 4053 4057 4058
f 4057 4059 4058
f 4057 4060 4059
f 4043 4048 4047
f 4048 4054 4047
f 4048 4061 4054
f 4061 4055 4054
f 4061 4062 4055
f 4062 4056 4055
f 4062 4063 4056
f 4063 4057 4056
f 4063 4064 4057
f 4064 4060 4057
f 4064 4065 4060
f 4042 4066 4048
f 4066 4061 4048
f 4066 4067 4061
f 4067 4062 4061
f 4067 4068 4062
f 4068 4063 4062
f 4068 4069 4063
f 4069 4064 4063
f 4069 4070 4064
f 4070 4065 4064
f 4070 4071 4065
f 3969 4046 3968
f 4046 4072 3968
f 4073 4072 4059
f 4072 4058 4059
f 4072 4046 4058
f 4071 4073 4065
f 4073 4060 4065
f 4073 4059 4060
f 4074 4073 4075
f 4073 4076 4075
f 4073 4071 4076
f 3978 3980 4077
f 3980 4078 4077
f 3980 3966 4078
f 3966 3967 4078
f 3968 4072 3967
f 4072 4078 3967
f 4072 4073 4078
f 4073 4077 4078
f 4073 4074 4077
f 4074 3978 4077
f 4074 3977 3978
f 3974 4079 3981
f 4080 3977 4074
f 4079 3974 4081
f 3974 4080 4081
f 3974 3975 4080
f 3975 3977 4080
f 4082 4080 4076
f 4080 4075 4076
f 4080 4074 4075
f 4083 4085 4084
f 4085 4086 4084
f 4083 4084 4087
f 4084 4088 4087
f 4084 4086 4088
f 4086 4089 4088
f 4086 4082 4089
f 4082 4071 4089
f 4082 4076 4071
f 4081 4080 4090
f 4080 4091 4090
f 4080 4082 4091
f 4082 4092 4091
f 4082 4086 4092
f 4086 4093 4092
f 4086 4085 4093
f 4094 4096 4095
f 4096 4097 4095
f 4098 4100 4099
f 4100 4095 4099
f 4100 4101 4095
f 4101 4094 4095
f 4097 4102 4095
f 4102 4103 4095
f 4102 4104 4103
f 4104 4105 4103
f 4105 4106 4103
f 4105 4107 4106
f 4108 4110 4109
f 4110 4108 4111
f 4108 4112 4111
f 4108 4106 4112
f 4106 4113 4112
f 4106 4107 4113
f 4114 4116 4115
f 4117 4119 4118
f 4116 4120 4115
f 4120 4121 4115
f 4120 4122 4121
f 4099 4116 4098
f 4116 4123 4098
f 4123 4116 4124
f 4116 4125 4124
f 4116 4114 4125
f 4126 4128 4127
f 4128 4129 4127
f 4128 4119 4129
f 4119 4120 4129
f 4119 4117 4120
f 4117 4122 4120
f 4130 4131 4127
f 4131 4126 4127
f 4132 4134 4133
f 4135 4137 4136
f 4138 4140 4139
f 4141 4143 4142
f 4144 4146 4145
f 4146 4147 4145
f 4148 4150 4149
f 4150 4152 4151
f 4153 4155 4154
f 4151 4157 4156
f 4155 4153 4158
f 4159 4161 4160
f 4137 4163 4162
f 4137 4135 4163
f 4164 4166 4165
f 4166 4167 4165
f 4167 4166 4168
f 4166 4169 4168
f 4161 4170 4169
f 4161 4159 4170
f 4171 4173 4172
f 4173 4175 4174
f 4138 4139 4176
f 4138 4178 4177
f 4138 4179 4178
f 4179 4132 4178
f 4179 4180 4132
f 4172 4181 4164
f 4181 4166 4164
f 4142 4143 4182
f 4183 4185 4184
f 4185 4186 4184
f 4185 4187 4186
f 4187 4189 4188
f 4190 4192 4191
f 4192 4194 4193
f 4195 4197 4196
f 4197 4198 4196
f 4197 4199 4198
f 4199 4200 4198
f 4199 4183 4200
f 4183 4201 4200
f 4183 4184 4201
f 4202 4204 4203
f 4205 4207 4206
f 4208 4210 4209
f 4132 4211 4178
f 4158 4212 4136
f 4163 4213 4162
f 4214 4167 4168
f 4167 4214 4165
f 4214 4164 4165
f 4215 4172 4164
f 4215 4171 4172
f 4162 4216 4160
f 4216 4159 4160
f 4216 4217 4159
f 4217 4170 4159
f 4217 4169 4170
f 4213 4135 4136
f 4213 4163 4135
f 4158 4153 4212
f 4153 4154 4218
f 4156 4219 4218
f 4156 4157 4219
f 4152 4150 4220
f 4220 4150 4148
f 4143 4221 4182
f 4222 4146 4144
f 4222 4147 4146
f 4223 4176 4224
f 4223 4141 4176
f 4178 4211 4177
f 4211 4224 4140
f 4224 4139 4140
f 4224 4176 4139
f 4225 4226 4214
f 4226 4215 4214
f 4133 4193 4132
f 4193 4194 4211
f 4227 4229 4228
f 4229 4230 4228
f 4231 4233 4232
f 4234 4235 4223
f 4235 4236 4223
f 4235 4237 4236
f 4227 4232 4238
f 4232 4239 4238
f 4232 4233 4239
f 4233 4240 4239
f 4233 4188 4240
f 4141 4223 4143
f 4223 4236 4221
f 4236 4231 4221
f 4236 4237 4231
f 4237 4233 4231
f 4237 4186 4233
f 4186 4188 4233
f 4241 4243 4242
f 4207 4244 4206
f 4244 4210 4206
f 4244 4243 4210
f 4243 4209 4210
f 4243 4241 4209
f 4207 4205 4245
f 4205 4246 4245
f 4205 4247 4246
f 4247 4248 4246
f 4247 4249 4248
f 4249 4250 4248
f 4249 4251 4250
f 4251 4252 4250
f 4251 4253 4252
f 4253 4254 4252
f 4253 4230 4254
f 4230 4255 4254
f 4230 4229 4255
f 4256 4257 4203
f 4257 4202 4203
f 4257 4258 4202
f 4259 4260 4258
f 4260 4202 4258
f 4260 4261 4202
f 4261 4204 4202
f 4261 4262 4204
f 4228 4230 4263
f 4230 4264 4263
f 4230 4253 4264
f 4253 4265 4264
f 4253 4251 4265
f 4251 4266 4265
f 4251 4249 4266
f 4249 4267 4266
f 4249 4247 4267
f 4247 4268 4267
f 4247 4205 4268
f 4205 4262 4268
f 4205 4206 4262
f 4206 4204 4262
f 4206 4210 4204
f 4210 4203 4204
f 4210 4208 4203
f 4208 4256 4203
f 4186 4237 4184
f 4237 4201 4184
f 4237 4235 4201
f 4235 4200 4201
f 4235 4234 4200
f 4234 4198 4200
f 4234 4196 4198
f 4227 4228 4232
f 4228 4231 4232
f 4228 4263 4231
f 4262 4213 4212
f 4262 4261 4213
f 4261 4216 4213
f 4261 4260 4216
f 4214 4169 4217
f 4214 4168 4169
f 4242 4269 4241
f 4269 4209 4241
f 4215 4270 4171
f 4258 4271 4259
f 4271 4272 4225
f 4270 4226 4225
f 4270 4215 4226
f 4273 4274 4209
f 4274 4208 4209
f 4274 4275 4208
f 4258 4277 4276
f 4258 4278 4277
f 4278 4279 4277
f 4275 4279 4208
f 4279 4256 4208
f 4279 4278 4256
f 4278 4257 4256
f 4278 4258 4257
f 4280 4282 4281
f 4283 4285 4284
f 4286 4288 4287
f 4288 4289 4287
f 4290 4292 4291
f 4292 4290 4293
f 4290 4294 4293
f 4289 4295 4294
f 4289 4296 4295
f 4297 4299 4298
f 4300 4302 4301
f 4303 4305 4304
f 4303 4306 4305
f 4300 4307 4302
f 4308 4310 4309
f 4311 4313 4312
f 4311 4314 4313
f 4310 4315 4281
f 4310 4308 4315
f 4316 4318 4317
f 4318 4319 4317
f 4319 4318 4320
f 4318 4321 4320
f 4282 4322 4321
f 4282 4280 4322
f 4323 4325 4324
f 4326 4325 4327
f 4286 4287 4285
f 4324 4325 4328
f 4324 4328 4316
f 4328 4318 4316
f 4329 4331 4330
f 4332 4189 4187
f 4294 4295 4333
f 4324 4190 4323
f 4295 4296 4333
f 4285 4334 4286
f 4334 4288 4286
f 4320 4335 4319
f 4335 4317 4319
f 4335 4316 4317
f 4336 4280 4281
f 4336 4337 4280
f 4337 4322 4280
f 4337 4321 4322
f 4338 4308 4309
f 4338 4315 4308
f 4339 4312 4313
f 4301 4340 4300
f 4340 4307 4300
f 4341 4313 4314
f 4304 4305 4342
f 4292 4343 4291
f 4344 4298 4299
f 4342 4305 4306
f 4334 4333 4296
f 4345 4294 4333
f 4345 4293 4294
f 4192 4190 4335
f 4190 4324 4316
f 4283 4272 4285
f 4272 4271 4334
f 4346 4348 4347
f 4348 4349 4347
f 4350 4351 4345
f 4350 4352 4351
f 4346 4354 4353
f 4354 4355 4353
f 4354 4356 4355
f 4356 4357 4355
f 4356 4269 4357
f 4293 4345 4292
f 4345 4351 4343
f 4351 4358 4343
f 4352 4273 4356
f 4189 4332 4359
f 4332 4360 4359
f 4332 4361 4360
f 4361 4362 4360
f 4361 4363 4362
f 4362 4363 4364
f 4363 4365 4364
f 4363 4366 4365
f 4366 4367 4365
f 4366 4368 4367
f 4368 4369 4367
f 4368 4370 4369
f 4370 4371 4369
f 4370 4372 4371
f 4372 4373 4371
f 4372 4349 4373
f 4349 4374 4373
f 4349 4348 4374
f 4185 4183 4330
f 4183 4329 4330
f 4183 4199 4329
f 4199 4197 4329
f 4195 4375 4197
f 4375 4329 4197
f 4375 4376 4329
f 4376 4377 4331
f 4347 4349 4378
f 4349 4379 4378
f 4349 4372 4379
f 4372 4380 4379
f 4370 4381 4380
f 4370 4368 4381
f 4368 4382 4381
f 4368 4366 4382
f 4366 4383 4382
f 4366 4363 4383
f 4363 4377 4383
f 4363 4361 4377
f 4361 4331 4377
f 4332 4330 4331
f 4332 4187 4330
f 4187 4185 4330
f 4273 4352 4274
f 4352 4275 4274
f 4352 4350 4275
f 4350 4279 4275
f 4384 4276 4277
f 4346 4347 4354
f 4347 4358 4354
f 4347 4378 4358
f 4376 4336 4338
f 4376 4375 4336
f 4335 4321 4337
f 4335 4320 4321
f 4385 4386 4269
f 4386 4357 4269
f 4386 4387 4357
f 4387 4355 4357
f 4387 4388 4355
f 4388 4389 4355
f 4389 4353 4355
f 4389 4390 4353
f 4390 4391 4353
f 4391 4346 4353
f 4391 4392 4346
f 4392 4348 4346
f 4392 4393 4348
f 4393 4374 4348
f 4393 4394 4374
f 4394 4373 4374
f 4394 4395 4373
f 4395 4371 4373
f 4395 4396 4371
f 4396 4369 4371
f 4396 4397 4369
f 4369 4397 4367
f 4397 4365 4367
f 4397 4398 4365
f 4398 4364 4365
f 4398 4399 4364
f 4189 4359 4400
f 4359 4401 4400
f 4359 4360 4401
f 4360 4399 4401
f 4360 4362 4399
f 4362 4364 4399
f 4400 4402 4189
f 4402 4188 4189
f 4402 4403 4188
f 4403 4240 4188
f 4403 4404 4240
f 4240 4404 4239
f 4404 4238 4239
f 4404 4405 4238
f 4405 4227 4238
f 4405 4406 4227
f 4227 4406 4229
f 4406 4255 4229
f 4406 4407 4255
f 4407 4254 4255
f 4407 4408 4254
f 4408 4252 4254
f 4408 4409 4252
f 4409 4250 4252
f 4409 4410 4250
f 4250 4410 4248
f 4410 4246 4248
f 4410 4411 4246
f 4411 4245 4246
f 4411 4412 4245
f 4412 4207 4245
f 4412 4244 4207
f 4243 4413 4242
f 4413 4243 4414
f 4243 4415 4414
f 4243 4244 4415
f 4244 4416 4415
f 4244 4412 4416
f 4269 4417 4385
f 4417 4269 4418
f 4269 4419 4418
f 4269 4242 4419
f 4242 4420 4419
f 4242 4413 4420
f 4421 4423 4422
f 4422 4423 4424
f 4423 4425 4424
f 4423 4426 4425
f 4426 4427 4425
f 4426 4420 4427
f 4420 4413 4427
f 4428 4429 4421
f 4429 4423 4421
f 4429 4430 4423
f 4430 4426 4423
f 4430 4419 4426
f 4419 4420 4426
f 4431 4432 4428
f 4432 4429 4428
f 4432 4433 4429
f 4433 4430 4429
f 4433 4418 4430
f 4418 4419 4430
f 4434 4435 4432
f 4435 4433 4432
f 4435 4417 4433
f 4417 4418 4433
f 4436 4434 4437
f 4434 4438 4437
f 4434 4432 4438
f 4432 4439 4438
f 4432 4431 4439
f 4440 4434 4441
f 4434 4442 4441
f 4434 4436 4442
f 4443 4444 4440
f 4444 4434 4440
f 4444 4445 4434
f 4445 4435 4434
f 4445 4385 4435
f 4385 4417 4435
f 4446 4444 4443
f 4444 4447 4445
f 4387 4386 4447
f 4386 4445 4447
f 4386 4385 4445
f 4446 4448 4444
f 4448 4449 4444
f 4448 4450 4449
f 4450 4451 4449
f 4450 4452 4451
f 4388 4387 4453
f 4387 4454 4453
f 4387 4447 4454
f 4444 4449 4447
f 4449 4454 4447
f 4449 4451 4454
f 4451 4453 4454
f 4451 4455 4453
f 4455 4456 4453
f 4455 4457 4456
f 4457 4458 4456
f 4457 4459 4458
f 4459 4460 4458
f 4459 4461 4460
f 4394 4393 4462
f 4393 4460 4462
f 4393 4392 4460
f 4392 4458 4460
f 4392 4391 4458
f 4391 4456 4458
f 4391 4390 4456
f 4390 4453 4456
f 4390 4389 4453
f 4389 4388 4453
f 4462 4460 4463
f 4460 4464 4463
f 4460 4461 4464
f 4461 4465 4464
f 4461 4466 4465
f 4452 4467 4451
f 4467 4455 4451
f 4467 4468 4455
f 4468 4457 4455
f 4468 4469 4457
f 4469 4459 4457
f 4469 4470 4459
f 4470 4461 4459
f 4470 4471 4461
f 4471 4466 4461
f 4471 4472 4466
f 4399 4473 4401
f 4397 4474 4398
f 4475 4472 4476
f 4394 4477 4395
f 4478 4477 4463
f 4477 4462 4463
f 4477 4394 4462
f 4472 4475 4466
f 4475 4465 4466
f 4475 4478 4465
f 4478 4464 4465
f 4478 4463 4464
f 4397 4396 4474
f 4479 4480 4476
f 4480 4475 4476
f 4480 4481 4475
f 4481 4478 4475
f 4481 4474 4478
f 4474 4396 4477
f 4396 4395 4477
f 4482 4483 4479
f 4483 4480 4479
f 4483 4484 4480
f 4484 4481 4480
f 4484 4473 4481
f 4473 4474 4481
f 4473 4399 4474
f 4485 4486 4482
f 4486 4483 4482
f 4486 4487 4483
f 4487 4484 4483
f 4487 4488 4484
f 4488 4473 4484
f 4488 4400 4473
f 4400 4401 4473
f 4489 4486 4485
f 4489 4490 4486
f 4490 4487 4486
f 4490 4491 4487
f 4491 4488 4487
f 4492 4400 4488
f 4492 4402 4400
f 4493 4495 4494
f 4496 4498 4497
f 4492 4403 4402
f 4490 4499 4491
f 4489 4500 4490
f 4491 4501 4492
f 4501 4403 4492
f 4501 4502 4403
f 4403 4502 4404
f 4502 4405 4404
f 4502 4503 4405
f 4405 4503 4406
f 4503 4407 4406
f 4503 4504 4407
f 4407 4504 4408
f 4504 4409 4408
f 4504 4505 4409
f 4409 4505 4410
f 4505 4411 4410
f 4505 4506 4411
f 4506 4412 4411
f 4506 4416 4412
f 4491 4499 4501
f 4507 4503 4502
f 4507 4508 4503
f 4508 4504 4503
f 4508 4509 4504
f 4509 4505 4504
f 4509 4498 4505
f 4498 4506 4505
f 4498 4496 4506
f 4490 4500 4499
f 4500 4507 4499
f 4500 4510 4507
f 4510 4508 4507
f 4510 4511 4508
f 4511 4509 4508
f 4511 4512 4509
f 4512 4498 4509
f 4512 4495 4498
f 4495 4497 4498
f 4495 4493 4497
f 4489 4513 4500
f 4513 4510 4500
f 4513 4514 4510
f 4514 4511 4510
f 4514 4515 4511
f 4515 4512 4511
f 4515 4516 4512
f 4516 4495 4512
f 4516 4517 4495
f 4517 4494 4495
f 4517 4518 4494
f 4506 4415 4416
f 4497 4519 4496
f 4519 4506 4496
f 4494 4520 4493
f 4520 4497 4493
f 4506 4519 4415
f 4519 4414 4415
f 4519 4521 4414
f 4521 4413 4414
f 4521 4427 4413
f 4497 4520 4519
f 4520 4521 4519
f 4520 4522 4521
f 4522 4427 4521
f 4522 4425 4427
f 4518 4523 4494
f 4523 4520 4494
f 4523 4524 4520
f 4524 4522 4520
f 4524 4525 4522
f 4525 4425 4522
f 4525 4424 4425
f 4421 4526 4428
f 4527 4424 4525
f 4526 4421 4528
f 4421 4527 4528
f 4421 4422 4527
f 4422 4424 4527
f 4529 4527 4523
f 4527 4524 4523
f 4527 4525 4524
f 4530 4532 4531
f 4532 4533 4531
f 4530 4531 4534
f 4531 4535 4534
f 4531 4533 4535
f 4533 4536 4535
f 4533 4529 4536
f 4529 4518 4536
f 4529 4523 4518
f 4528 4527 4537
f 4527 4538 4537
f 4527 4529 4538
f 4529 4539 4538
f 4529 4533 4539
f 4533 4540 4539
f 4533 4532 4540
f 4541 4543 4542
f 4543 4544 4542
f 4545 4547 4546
f 4548 4550 4549
f 4551 4553 4552
f 4551 4554 4553
f 4555 4557 4556
f 4558 4560 4559
f 4560 4561 4559
f 4550 4548 4562
f 4548 4563 4562
f 4548 4564 4563
f 4564 4565 4563
f 4564 4558 4565
f 4558 4566 4565
f 4558 4559 4566
f 4557 4567 4556
f 4567 4568 4556
f 4567 4569 4568
f 4569 4570 4568
f 4569 4571 4570
f 4571 4572 4570
f 4571 4573 4572
f 4573 4574 4572
f 4573 4561 4574
f 4561 4575 4574
f 4561 4560 4575
f 4557 4555 4576
f 4555 4577 4576
f 4555 4578 4577
f 4578 4579 4577
f 4578 4580 4579
f 4580 4581 4579
f 4580 4582 4581
f 4582 4583 4581
f 4582 4584 4583
f 4584 4585 4583
f 4584 4586 4585
f 4586 4587 4585
f 4586 4588 4587
f 4588 4589 4587
f 4588 4590 4589
f 4590 4591 4589
f 4590 4592 4591
f 4592 4593 4591
f 4592 4594 4593
f 4594 4554 4593
f 4594 4595 4554
f 4595 4553 4554
f 4545 4596 4547
f 4596 4597 4547
f 4596 4598 4597
f 4598 4599 4597
f 4598 4600 4599
f 4600 4601 4599
f 4600 4602 4601
f 4602 4603 4601
f 4602 4604 4603
f 4604 4605 4603
f 4604 4606 4605
f 4606 4607 4605
f 4606 4608 4607
f 4608 4609 4607
f 4608 4610 4609
f 4610 4611 4609
f 4610 4612 4611
f 4612 4613 4611
f 4612 4614 4613
f 4615 4617 4616
f 4617 4618 4616
f 4617 4619 4618
f 4619 4620 4618
f 4619 4621 4620
f 4621 4622 4620
f 4621 4623 4622
f 4623 4624 4622
f 4623 4625 4624
f 4625 4626 4624
f 4625 4627 4626
f 4627 4628 4626
f 4628 4629 4626
f 4628 4630 4629
f 4630 4631 4629
f 4630 4632 4631
f 4632 4633 4631
f 4632 4634 4633
f 4633 4634 4635
f 4634 4636 4635
f 4634 4637 4636
f 4637 4614 4636
f 4637 4638 4614
f 4638 4613 4614
f 4551 4552 4639
f 4552 4640 4639
f 4552 4641 4640
f 4641 4615 4640
f 4641 4642 4615
f 4642 4617 4615
f 4643 4545 4644
f 4545 4546 4644
f 4645 4647 4646
f 4648 4650 4649
f 4650 4648 4651
f 4648 4652 4651
f 4648 4653 4652
f 4654 4649 4655
f 4649 4656 4655
f 4656 4649 4657
f 4649 4658 4657
f 4649 4650 4658
f 4644 4659 4643
f 4659 4660 4643
f 4659 4647 4660
f 4647 4648 4660
f 4647 4645 4648
f 4645 4653 4648
f 4661 4653 4662
f 4653 4663 4662
f 4653 4645 4663
f 4661 4664 4653
f 4664 4652 4653
f 4664 4665 4652
f 4651 4652 4666
f 4652 4667 4666
f 4652 4665 4667
f 4658 4650 4668
f 4650 4669 4668
f 4650 4651 4669
f 4651 4670 4669
f 4651 4666 4670
f 4657 4658 4671
f 4658 4672 4671
f 4658 4668 4672
f 4656 4657 4673
f 4657 4674 4673
f 4657 4671 4674
f 4675 4655 4676
f 4655 4677 4676
f 4655 4656 4677
f 4656 4678 4677
f 4656 4673 4678
f 4679 4681 4680
f 4682 4684 4683
f 4683 4684 4685
f 4684 4686 4685
f 4684 4655 4686
f 4655 4687 4686
f 4655 4675 4687
f 4682 4688 4684
f 4688 4689 4684
f 4688 4690 4689
f 4681 4689 4680
f 4689 4691 4680
f 4689 4690 4691
f 4692 4694 4693
f 4679 4694 4681
f 4694 4695 4681
f 4694 4692 4695
f 4655 4684 4696
f 4684 4697 4696
f 4684 4689 4697
f 4689 4698 4697
f 4689 4681 4698
f 4681 4699 4698
f 4681 4695 4699
f 4698 4699 4700
f 4699 4701 4700
f 4655 4696 4654
f 4696 4700 4654
f 4696 4697 4700
f 4697 4698 4700
f 4701 4702 4700
f 4702 4703 4700
f 4702 4704 4703
f 4704 4705 4703
f 4705 4706 4703
f 4705 4707 4706
f 4708 4710 4709
f 4710 4708 4711
f 4708 4712 4711
f 4708 4706 4712
f 4706 4713 4712
f 4706 4707 4713
f 4709 4714 4708
f 4714 4715 4708
f 4714 4716 4715
f 4717 4715 4530
f 4715 4718 4530
f 4715 4716 4718
f 4719 4720 4530
f 4720 4717 4530
f 4720 4721 4717
f 4721 4722 4717
f 4721 4541 4722
f 4541 4542 4722
f 4709 4526 4714
f 4526 4528 4714
f 4718 4532 4530
f 4532 4718 4540
f 4718 4539 4540
f 4718 4716 4539
f 4716 4538 4539
f 4716 4714 4538
f 4714 4537 4538
f 4714 4528 4537
f 4723 4725 4724
f 4725 4726 4724
f 4692 4728 4727
f 4728 4692 4729
f 4692 4730 4729
f 4692 4731 4730
f 4731 4692 4732
f 4692 4733 4732
f 4692 4734 4733
f 4734 4692 4735
f 4692 4736 4735
f 4692 4737 4736
f 4737 4692 4738
f 4692 4739 4738
f 4692 4693 4739
f 4740 4742 4741
f 4742 4743 4741
f 4743 4742 4744
f 4742 4745 4744
f 4742 4725 4745
f 4725 4746 4745
f 4725 4723 4746
f 4747 4740 4748
f 4749 4747 4750
f 4747 4751 4750
f 4747 4748 4751
f 4752 4754 4753
f 4754 4755 4753
f 4754 4749 4755
f 4749 4756 4755
f 4749 4750 4756
f 4757 4759 4758
f 4757 4754 4759
f 4754 4760 4759
f 4754 4752 4760
f 4761 4757 4762
f 4757 4763 4762
f 4757 4758 4763
f 4709 4761 4526
f 4709 4710 4761
f 4761 4710 4757
f 4710 4754 4757
f 4710 4711 4754
f 4711 4749 4754
f 4711 4712 4749
f 4740 4747 4742
f 4747 4707 4742
f 4747 4749 4707
f 4749 4713 4707
f 4749 4712 4713
f 4701 4725 4702
f 4725 4704 4702
f 4725 4742 4704
f 4742 4705 4704
f 4742 4707 4705
f 4726 4725 4727
f 4725 4692 4727
f 4725 4701 4692
f 4701 4695 4692
f 4701 4699 4695
f 4764 4766 4765
f 4767 4769 4768
f 4770 4772 4771
f 4773 4775 4774
f 4765 4766 4776
f 4766 4777 4776
f 4776 4777 4778
f 4779 4781 4780
f 4782 4783 4781
f 4784 4786 4785
f 4784 4787 4786
f 4787 4788 4786
f 4789 4791 4790
f 4775 4773 4791
f 4783 4782 4792
f 4793 4795 4794
f 4795 4796 4794
f 4795 4797 4796
f 4797 4799 4798
f 4800 4802 4801
f 4803 4804 4802
f 4803 4805 4804
f 4806 4807 4793
f 4808 4810 4809
f 4810 4811 4809
f 4812 4814 4813
f 4769 4767 4771
f 4815 4817 4816
f 4769 4766 4764
f 4791 4818 4790
f 4819 4821 4820
f 4822 4824 4823
f 4825 4827 4826
f 4828 4830 4829
f 4831 4833 4832
f 4834 4836 4835
f 4837 4839 4838
f 4840 4842 4841
f 4842 4843 4841
f 4842 4837 4843
f 4835 4845 4844
f 4845 4846 4844
f 4845 4840 4846
f 4847 4849 4848
f 4849 4850 4848
f 4849 4834 4850
f 4851 4853 4852
f 4853 4854 4852
f 4853 4847 4854
f 4832 4856 4855
f 4856 4857 4855
f 4856 4851 4857
f 4858 4860 4859
f 4860 4861 4859
f 4862 4864 4863
f 4864 4865 4863
f 4864 4858 4865
f 4866 4862 4867
f 4828 4838 4830
f 4825 4829 4827
f 4826 4869 4868
f 4869 4870 4868
f 4822 4871 4824
f 4872 4874 4873
f 4875 4877 4876
f 4877 4874 4876
f 4877 4878 4874
f 4878 4873 4874
f 4879 4881 4880
f 4882 4876 4883
f 4866 4875 4876
f 4866 4867 4875
f 4884 4885 4880
f 4823 4824 4886
f 4824 4887 4886
f 4824 4888 4887
f 4888 4889 4887
f 4838 4839 4830
f 4839 4890 4830
f 4839 4891 4890
f 4891 4893 4892
f 4829 4830 4827
f 4830 4894 4827
f 4830 4890 4894
f 4890 4895 4894
f 4896 4804 4805
f 4826 4827 4869
f 4827 4897 4869
f 4827 4894 4897
f 4894 4896 4897
f 4894 4895 4896
f 4895 4804 4896
f 4870 4869 4881
f 4869 4880 4881
f 4869 4897 4880
f 4897 4884 4880
f 4897 4896 4884
f 4870 4881 4871
f 4881 4824 4871
f 4881 4879 4824
f 4879 4888 4824
f 4898 4809 4811
f 4884 4815 4816
f 4821 4819 4887
f 4819 4886 4887
f 4820 4821 4899
f 4821 4900 4899
f 4899 4900 4872
f 4901 4783 4792
f 4902 4785 4786
f 4832 4833 4856
f 4851 4856 4853
f 4856 4903 4853
f 4847 4853 4849
f 4835 4836 4845
f 4836 4904 4845
f 4836 4905 4904
f 4905 4906 4904
f 4905 4907 4906
f 4907 4774 4806
f 4840 4845 4842
f 4845 4908 4842
f 4845 4904 4908
f 4904 4909 4908
f 4906 4793 4794
f 4837 4842 4839
f 4842 4891 4839
f 4842 4908 4891
f 4908 4893 4891
f 4908 4909 4893
f 4909 4796 4798
f 4878 4910 4873
f 4911 4912 4877
f 4912 4878 4877
f 4912 4913 4878
f 4913 4910 4878
f 4820 4899 4914
f 4899 4915 4914
f 4899 4872 4915
f 4872 4916 4915
f 4872 4873 4916
f 4873 4917 4916
f 4873 4910 4917
f 4886 4819 4918
f 4819 4919 4918
f 4819 4820 4919
f 4820 4920 4919
f 4820 4914 4920
f 4870 4922 4921
f 4870 4871 4922
f 4922 4871 4923
f 4871 4924 4923
f 4871 4822 4924
f 4924 4822 4925
f 4822 4926 4925
f 4822 4823 4926
f 4823 4927 4926
f 4823 4886 4927
f 4886 4928 4927
f 4886 4918 4928
f 4921 4929 4870
f 4929 4868 4870
f 4929 4930 4868
f 4930 4826 4868
f 4930 4931 4826
f 4826 4931 4825
f 4931 4829 4825
f 4931 4932 4829
f 4932 4828 4829
f 4932 4933 4828
f 4933 4838 4828
f 4933 4837 4838
f 4911 4877 4911
f 4877 4934 4911
f 4877 4875 4934
f 4934 4875 4935
f 4875 4936 4935
f 4875 4867 4936
f 4867 4862 4936
f 4937 4939 4938
f 4940 4941 4937
f 4941 4939 4937
f 4941 4942 4939
f 4942 4943 4939
f 4942 4923 4943
f 4923 4924 4943
f 4944 4918 4919
f 4945 4946 4944
f 4947 4948 4945
f 4948 4949 4945
f 4944 4946 4918
f 4946 4928 4918
f 4946 4927 4928
f 4950 4952 4951
f 4952 4953 4951
f 4952 4949 4953
f 4949 4954 4953
f 4949 4948 4954
f 4926 4927 4955
f 4927 4956 4955
f 4927 4946 4956
f 4950 4957 4952
f 4957 4958 4952
f 4957 4959 4958
f 4926 4955 4925
f 4955 4924 4925
f 4955 4943 4924
f 4945 4949 4946
f 4949 4956 4946
f 4949 4952 4956
f 4952 4955 4956
f 4952 4958 4955
f 4958 4943 4955
f 4958 4939 4943
f 4938 4939 4960
f 4939 4961 4960
f 4939 4958 4961
f 4958 4962 4961
f 4958 4959 4962
f 4963 4965 4964
f 4965 4966 4964
f 4967 4963 4968
f 4969 4971 4970
f 4971 4972 4970
f 4971 4973 4972
f 4968 4971 4967
f 4971 4974 4967
f 4971 4969 4974
f 4975 4977 4976
f 4977 4978 4976
f 4977 4967 4978
f 4967 4979 4978
f 4967 4974 4979
f 4980 4913 4981
f 4913 4965 4981
f 4913 4912 4965
f 4912 4966 4965
f 4912 4911 4966
f 4913 4980 4910
f 4980 4917 4910
f 4980 4916 4917
f 4982 4984 4983
f 4984 4982 4985
f 4982 4986 4985
f 4982 4977 4986
f 4977 4987 4986
f 4977 4975 4987
f 4915 4916 4988
f 4916 4989 4988
f 4916 4980 4989
f 4990 4992 4991
f 4992 4993 4991
f 4992 4983 4993
f 4983 4994 4993
f 4983 4984 4994
f 4915 4988 4914
f 4988 4920 4914
f 4988 4995 4920
f 4963 4967 4965
f 4967 4981 4965
f 4967 4977 4981
f 4977 4980 4981
f 4977 4982 4980
f 4982 4989 4980
f 4982 4983 4989
f 4983 4988 4989
f 4983 4992 4988
f 4992 4995 4988
f 4992 4996 4995
f 4996 4992 4997
f 4992 4998 4997
f 4992 4990 4998
f 4999 4996 5000
f 4996 5001 5000
f 4996 4997 5001
f 4947 4945 4999
f 4945 4996 4999
f 4945 4944 4996
f 4944 4995 4996
f 4944 4919 4995
f 4919 4920 4995
f 4999 5003 5002
f 4999 5000 5003
f 5000 5004 5003
f 5000 5001 5004
f 5001 5005 5004
f 5001 4997 5005
f 4997 5006 5005
f 4997 4998 5006
f 4998 4990 5006
f 4990 5007 5006
f 4990 4991 5007
f 4991 5008 5007
f 4991 4993 5008
f 4993 5009 5008
f 4993 4994 5009
f 4994 5010 5009
f 4994 4984 5010
f 4984 5011 5010
f 4984 4985 5011
f 4985 4986 5011
f 4986 5012 5011
f 4986 4987 5012
f 4987 5013 5012
f 4987 4975 5013
f 4975 4976 5013
f 4976 5014 5013
f 4976 4978 5014
f 4978 5015 5014
f 4978 4979 5015
f 4979 4974 5015
f 4974 5016 5015
f 4974 4969 5016
f 4969 5017 5016
f 4969 4970 5017
f 4970 5018 5017
f 4970 4972 5018
f 4973 5019 4972
f 5019 5018 4972
f 5019 5020 5018
f 5020 4744 5018
f 4744 4745 5018
f 4745 5017 5018
f 4745 4746 5017
f 4746 5016 5017
f 4746 4723 5016
f 4999 5002 4947
f 5002 5021 4947
f 5002 5022 5021
f 4723 4724 5016
f 4724 5015 5016
f 4724 4726 5015
f 4726 5014 5015
f 4726 4727 5014
f 4727 5013 5014
f 4727 4728 5013
f 4728 5012 5013
f 4728 4729 5012
f 4729 5011 5012
f 4729 4730 5011
f 4730 5010 5011
f 4730 4731 5010
f 4731 5009 5010
f 4731 4732 5009
f 4732 5008 5009
f 4732 4733 5008
f 4733 5007 5008
f 4733 4734 5007
f 4734 5006 5007
f 4734 4735 5006
f 4735 5005 5006
f 4735 4736 5005
f 4736 5004 5005
f 4736 4737 5004
f 4737 5003 5004
f 4737 4738 5003
f 4738 5002 5003
f 4738 4739 5002
f 4739 5022 5002
f 4739 4693 5022
f 5021 4948 4947
f 5023 4938 5024
f 4938 4960 5024
f 5025 4961 5026
f 4961 4962 5026
f 5027 5026 4957
f 5026 4959 4957
f 5026 4962 4959
f 5028 5029 4953
f 5029 4951 4953
f 5029 4950 4951
f 5022 5030 5021
f 5030 4948 5021
f 5030 5028 4948
f 5028 4954 4948
f 5028 4953 4954
f 4961 5025 4960
f 5025 5024 4960
f 5025 4687 5024
f 4687 5023 5024
f 4687 4675 5023
f 4687 5025 4686
f 5025 4685 4686
f 5025 5026 4685
f 5026 4683 4685
f 4683 5026 4682
f 5026 4688 4682
f 5026 5027 4688
f 5027 5029 4688
f 5027 4957 5029
f 4957 4950 5029
f 4688 5029 4690
f 5029 4691 4690
f 5029 5028 4691
f 5028 4680 4691
f 4680 5028 4679
f 5028 4694 4679
f 5028 5030 4694
f 5030 4693 4694
f 5030 5022 4693
f 5031 4676 4677
f 4937 5031 4940
f 4676 5023 4675
f 5031 4937 4676
f 4937 5023 4676
f 4937 4938 5023
f 5031 5032 4940
f 4645 5033 4663
f 5033 4662 4663
f 5033 5034 4662
f 5034 4661 4662
f 5034 5035 4661
f 5035 5036 4661
f 5036 4664 4661
f 5036 4665 4664
f 4665 5036 4667
f 5036 4666 4667
f 5036 5037 4666
f 5037 4670 4666
f 5037 5038 4670
f 4670 5038 4669
f 5038 4668 4669
f 5038 5039 4668
f 5039 5040 4668
f 4668 5040 4672
f 5040 4671 4672
f 5040 5032 4671
f 4645 5041 5033
f 5041 5034 5033
f 5041 5042 5034
f 5042 5035 5034
f 5042 5043 5035
f 5043 5036 5035
f 5043 5044 5036
f 5044 5037 5036
f 5044 5045 5037
f 5045 5038 5037
f 5045 5046 5038
f 5046 5039 5038
f 5046 5047 5039
f 5047 5040 5039
f 5047 5048 5040
f 5048 5032 5040
f 5049 5051 5050
f 4671 5032 4674
f 5032 4673 4674
f 5032 5031 4673
f 5031 4678 4673
f 5031 4677 4678
f 5050 5052 4940
f 5052 4941 4940
f 5052 5053 4941
f 5053 4942 4941
f 4921 4922 5053
f 4922 4942 5053
f 4922 4923 4942
f 5054 5055 5052
f 5055 5053 5052
f 5055 5056 5053
f 5056 4921 5053
f 5056 4929 4921
f 5051 5057 5050
f 5057 5052 5050
f 5057 5058 5052
f 5058 5054 5052
f 4933 5059 4837
f 4931 5060 4932
f 5061 5051 5062
f 4929 5056 4930
f 5056 5063 4930
f 5056 5055 5063
f 5055 5064 5063
f 5051 5061 5057
f 5061 5058 5057
f 5061 5064 5058
f 5064 5054 5058
f 5064 5055 5054
f 5065 5066 5062
f 5066 5061 5062
f 5066 5067 5061
f 5067 5064 5061
f 5067 5060 5064
f 5060 5063 5064
f 5060 4931 5063
f 4931 4930 5063
f 5068 5069 5065
f 5069 5066 5065
f 5069 5070 5066
f 5070 5067 5066
f 5070 5059 5067
f 5059 5060 5067
f 5059 4933 5060
f 4933 4932 5060
f 4843 5071 4841
f 4854 5072 4852
f 5073 5075 5074
f 5075 5076 5074
f 5075 5077 5076
f 5077 5078 5076
f 5077 5079 5078
f 5079 5080 5078
f 5079 4862 5080
f 4858 5080 4865
f 5080 4863 4865
f 5080 4862 4863
f 5081 5083 5082
f 5083 5084 5082
f 5083 5085 5084
f 5085 5086 5084
f 5085 5087 5086
f 5087 5088 5086
f 5074 5076 5088
f 5076 5086 5088
f 5076 5078 5086
f 5078 5084 5086
f 5078 5080 5084
f 5080 5082 5084
f 5080 4858 5082
f 4858 5081 5082
f 4831 5081 4861
f 5081 4859 4861
f 5081 4858 4859
f 5089 5091 5090
f 5091 5092 5090
f 5091 5093 5092
f 5093 5094 5092
f 5093 5095 5094
f 5095 5096 5094
f 5097 5098 5089
f 5098 5091 5089
f 5098 5099 5091
f 5099 5093 5091
f 5099 5100 5093
f 5100 5095 5093
f 5087 5085 5096
f 5085 5094 5096
f 5085 5083 5094
f 5083 5092 5094
f 5083 5081 5092
f 5081 5090 5092
f 5081 4831 5090
f 4831 5089 5090
f 4831 4832 5089
f 4832 5097 5089
f 4832 4855 5097
f 4855 4857 5097
f 4851 5101 4857
f 5101 5097 4857
f 5101 5102 5097
f 5102 5098 5097
f 5102 5103 5098
f 5103 5099 5098
f 5103 5104 5099
f 5104 5100 5099
f 4852 5072 4851
f 5072 5101 4851
f 5072 5105 5101
f 5105 5102 5101
f 5105 5106 5102
f 5106 5103 5102
f 5106 5107 5103
f 5107 5104 5103
f 4847 5108 4854
f 5108 5072 4854
f 5108 5109 5072
f 5109 5105 5072
f 5109 5110 5105
f 5110 5106 5105
f 5110 5111 5106
f 5111 5107 5106
f 5111 5110 5112
f 5110 5113 5112
f 5110 5109 5113
f 5109 5114 5113
f 5109 5108 5114
f 5108 5115 5114
f 5108 4847 5115
f 4834 5115 4850
f 5115 4848 4850
f 5115 4847 4848
f 5116 5118 5117
f 5118 5119 5117
f 5118 5120 5119
f 5120 5121 5119
f 5120 5122 5121
f 5122 5123 5121
f 5124 5125 5116
f 5125 5118 5116
f 5125 5126 5118
f 5126 5120 5118
f 5126 5127 5120
f 5127 5122 5120
f 5112 5113 5123
f 5113 5121 5123
f 5113 5114 5121
f 5114 5119 5121
f 5114 5115 5119
f 5115 5117 5119
f 5115 4834 5117
f 4834 5116 5117
f 4834 4835 5116
f 4835 5124 5116
f 4835 4844 5124
f 4844 4846 5124
f 4840 5128 4846
f 5128 5124 4846
f 5128 5129 5124
f 5129 5125 5124
f 5129 5130 5125
f 5130 5126 5125
f 5130 5131 5126
f 5131 5127 5126
f 4841 5071 4840
f 5071 5128 4840
f 5071 5132 5128
f 5132 5129 5128
f 5132 5133 5129
f 5133 5130 5129
f 5133 5134 5130
f 5134 5131 5130
f 4837 5059 4843
f 5059 5071 4843
f 5059 5070 5071
f 5070 5132 5071
f 5070 5069 5132
f 5069 5133 5132
f 5069 5068 5133
f 5068 5134 5133
f 5135 5136 5073
f 5136 5075 5073
f 5136 5137 5075
f 5137 5077 5075
f 5137 5138 5077
f 5138 5079 5077
f 5138 4936 5079
f 4936 4862 5079
f 5139 5140 5135
f 5140 5136 5135
f 5140 5141 5136
f 5141 5137 5136
f 5141 5142 5137
f 5142 5138 5137
f 5142 4935 5138
f 4935 4936 5138
f 4911 4966 4911
f 5143 5144 5139
f 5144 5140 5139
f 5144 5145 5140
f 5145 5141 5140
f 5145 5146 5141
f 5146 5142 5141
f 5146 4934 5142
f 4934 4935 5142
f 4911 4934 4966
f 4934 5146 4966
f 5146 4964 4966
f 5146 5145 4964
f 4973 4971 5143
f 4971 5144 5143
f 4971 4968 5144
f 4968 5145 5144
f 4968 4963 5145
f 4963 4964 5145
f 5020 4743 4744
f 4470 5147 4471
f 4470 4469 5147
f 4450 4448 5148
f 4448 5149 5148
f 4448 4446 5149
f 4450 5148 4452
f 5148 4467 4452
f 5148 5147 4467
f 5147 4468 4467
f 5147 4469 4468
f 4756 4750 4440
f 4750 4443 4440
f 4756 4440 4755
f 4440 4753 4755
f 4440 4441 4753
f 4441 4752 4753
f 4441 4442 4752
f 4442 4760 4752
f 4442 4436 4760
f 4436 4759 4760
f 4436 4437 4759
f 4437 4758 4759
f 4437 4438 4758
f 4758 4438 4763
f 4438 4762 4763
f 4438 4439 4762
f 4439 4761 4762
f 4439 4431 4761
f 4431 4526 4761
f 4431 4428 4526
f 5150 5143 5139
f 5151 5020 5019
f 5020 5151 4743
f 5151 4741 4743
f 5151 5147 4741
f 4973 5143 5019
f 5143 5151 5019
f 5143 5150 5151
f 5150 5147 5151
f 5150 5152 5147
f 5152 4471 5147
f 5152 4472 4471
f 4443 4750 4446
f 4750 5149 4446
f 4750 4751 5149
f 4751 5148 5149
f 4751 4748 5148
f 4748 5147 5148
f 4748 4740 5147
f 4740 4741 5147
f 4513 4719 4514
f 4476 5088 5087
f 4518 4517 4536
f 4517 4535 4536
f 5062 5041 4645
f 5062 4645 5065
f 4645 5068 5065
f 4645 4646 5068
f 4479 4646 4482
f 4646 4485 4482
f 4646 4719 4485
f 4719 4489 4485
f 4719 4513 4489
f 4514 4719 4515
f 4719 4516 4515
f 4719 4530 4516
f 4530 4517 4516
f 4530 4534 4517
f 4534 4535 4517
f 4646 4479 5100
f 4479 5095 5100
f 4479 4476 5095
f 4476 5096 5095
f 4476 5087 5096
f 5088 4476 5074
f 4476 5073 5074
f 4476 4472 5073
f 4472 5135 5073
f 5139 5135 5150
f 5135 5152 5150
f 5135 4472 5152
f 5112 4646 5111
f 5041 5062 5042
f 5062 5043 5042
f 5062 5044 5043
f 5111 4646 5107
f 4646 5104 5107
f 4646 5100 5104
f 5044 5062 5045
f 5062 5046 5045
f 5062 5047 5046
f 5047 5062 5048
f 5062 5051 5049
f 5068 4646 5134
f 4646 5131 5134
f 4646 5127 5131
f 5127 4646 5122
f 4646 5123 5122
f 4646 5112 5123
f 4541 4721 4543
f 4721 5153 4543
f 4721 4720 5153
f 4720 5154 5153
f 4720 4719 5154
f 4131 5155 4126
f 5155 4128 4126
f 5155 5156 4128
f 5156 4119 4128
f 5156 5157 4119
f 5157 4118 4119
f 5154 4719 5158
f 4719 5159 5158
f 4719 4646 5159
f 5160 5162 5161
f 5162 5163 5161
f 5162 5164 5163
f 5164 5165 5163
f 5164 5166 5165
f 5159 4646 5167
f 4646 5168 5167
f 4646 5169 5168
f 5169 4646 5170
f 4646 5171 5170
f 4646 4647 5171
f 4647 5172 5171
f 4647 4659 5172
f 4659 5173 5172
f 4659 4644 5173
f 4644 5174 5173
f 5160 5161 4549
f 5161 4548 4549
f 5161 5175 4548
f 4548 5175 4564
f 5175 4558 4564
f 5175 5176 4558
f 5177 4118 5178
f 4118 5179 5178
f 4118 5157 5179
f 5165 5166 5180
f 5166 5181 5180
f 5166 4118 5181
f 4118 5182 5181
f 4118 5177 5182
f 4558 5176 4560
f 5176 4575 4560
f 5176 5183 4575
f 5184 5185 4597
f 5185 4547 4597
f 5185 5174 4547
f 5174 4546 4547
f 5174 4644 4546
f 4575 5183 4574
f 5183 4572 4574
f 5183 5186 4572
f 5187 5184 4601
f 5184 4599 4601
f 5184 4597 4599
f 5188 5189 4607
f 5189 4605 4607
f 5189 5187 4605
f 5187 4603 4605
f 5187 4601 4603
f 5190 5188 4611
f 5188 4609 4611
f 5188 4607 4609
f 4556 4568 5191
f 4568 5186 5191
f 4568 4570 5186
f 4570 4572 5186
f 5192 5190 4638
f 5190 4613 4638
f 5190 4611 4613
f 5193 5192 4634
f 5192 4637 4634
f 5192 4638 4637
f 4556 5191 4555
f 5191 4578 4555
f 5191 5194 4578
f 5194 4580 4578
f 5194 5195 4580
f 5195 4582 4580
f 5195 5196 4582
f 5197 5193 4630
f 5193 4632 4630
f 5193 4634 4632
f 4582 5196 4584
f 5196 4586 4584
f 5196 5198 4586
f 5198 4588 4586
f 5198 5199 4588
f 5200 5197 4627
f 5197 4628 4627
f 5197 4630 4628
f 5201 5202 4621
f 5202 4623 4621
f 5202 5200 4623
f 5200 4625 4623
f 5200 4627 4625
f 5203 5201 4617
f 5201 4619 4617
f 5201 4621 4619
f 5204 5203 4641
f 5203 4642 4641
f 5203 4617 4642
f 5205 5206 4595
f 5206 4553 4595
f 5206 5204 4553
f 5204 4552 4553
f 5204 4641 4552
f 4588 5199 4590
f 5199 4592 4590
f 5199 5205 4592
f 5205 4594 4592
f 5205 4595 4594
f 5160 4549 5207
f 4549 4550 5207
f 4109 5208 4108
f 5208 5209 4108
f 5208 5210 5209
f 5210 5211 5209
f 5211 5212 5209
f 5211 4083 5212
f 5166 5164 4083
f 5164 5212 4083
f 5164 5162 5212
f 5162 5213 5212
f 5162 5160 5213
f 5160 5207 5213
f 4109 4079 5208
f 4079 4081 5208
f 5211 4085 4083
f 4085 5211 4093
f 5211 4092 4093
f 5211 5210 4092
f 5210 4091 4092
f 5210 5208 4091
f 5208 4090 4091
f 5208 4081 4090
f 5214 5216 5215
f 5216 5217 5215
f 5216 5218 5217
f 5219 5221 5220
f 5221 5222 5220
f 5221 5223 5222
f 5223 5221 5224
f 5221 5225 5224
f 5221 5226 5225
f 5226 5221 5227
f 5221 5228 5227
f 5221 5229 5228
f 5229 5221 5230
f 5221 5231 5230
f 5221 5232 5231
f 5233 5235 5234
f 5235 5236 5234
f 5236 5235 5237
f 5235 5238 5237
f 5235 5216 5238
f 5216 5239 5238
f 5216 5214 5239
f 5240 5233 5241
f 5242 5240 5243
f 5240 5244 5243
f 5240 5241 5244
f 5245 5247 5246
f 5247 5248 5246
f 5247 5242 5248
f 5242 5249 5248
f 5242 5243 5249
f 5250 5252 5251
f 5250 5247 5252
f 5247 5253 5252
f 5247 5245 5253
f 5254 5250 5255
f 5250 5256 5255
f 5250 5251 5256
f 4109 5254 4079
f 4109 4110 5254
f 5254 4110 5250
f 4110 5247 5250
f 4110 4111 5247
f 4111 5242 5247
f 4111 4112 5242
f 5233 5240 5235
f 5240 4107 5235
f 5240 5242 4107
f 5242 4113 4107
f 5242 4112 4113
f 5257 5221 5216
f 5221 5218 5216
f 5221 5219 5218
f 4096 5257 4097
f 5257 4102 4097
f 5257 5216 4102
f 5216 4104 4102
f 5216 5235 4104
f 5235 4105 4104
f 5235 4107 4105
f 5258 5260 5259
f 5261 5263 5262
f 5262 5263 5264
f 5263 5265 5264
f 5263 4098 5265
f 4098 5266 5265
f 4098 5267 5266
f 5261 5268 5263
f 5268 5269 5263
f 5268 5270 5269
f 5260 5269 5259
f 5269 5271 5259
f 5269 5270 5271
f 5221 5272 5232
f 5258 5272 5260
f 5272 5257 5260
f 5272 5221 5257
f 4098 5263 4100
f 5263 4101 4100
f 5263 5269 4101
f 5269 4094 4101
f 5269 5260 4094
f 5260 4096 4094
f 5260 5257 4096
f 5273 4122 5274
f 4122 5275 5274
f 4122 4117 5275
f 5273 5276 4122
f 5276 4121 4122
f 5276 5277 4121
f 4114 4115 5278
f 4115 5279 5278
f 4115 4121 5279
f 4121 5280 5279
f 4121 5277 5280
f 4125 4114 5281
f 4114 5282 5281
f 4114 5278 5282
f 4124 4125 5283
f 4125 5284 5283
f 4125 5281 5284
f 4123 4124 5285
f 4124 5286 5285
f 4124 5283 5286
f 5267 4098 5287
f 4098 5288 5287
f 4098 4123 5288
f 4123 5289 5288
f 4123 5285 5289
f 5290 5292 5291
f 5292 5293 5291
f 4117 5294 5275
f 5294 5274 5275
f 5294 5295 5274
f 5295 5273 5274
f 5295 5296 5273
f 5296 5297 5273
f 5297 5276 5273
f 5297 5277 5276
f 5277 5297 5280
f 5297 5279 5280
f 5297 5298 5279
f 5298 5278 5279
f 5298 5299 5278
f 5278 5299 5282
f 5299 5281 5282
f 5299 5300 5281
f 5300 5301 5281
f 5281 5301 5284
f 5301 5283 5284
f 5301 5292 5283
f 4117 5302 5294
f 5302 5295 5294
f 5302 5303 5295
f 5303 5296 5295
f 5303 5304 5296
f 5304 5297 5296
f 5304 5305 5297
f 5305 5298 5297
f 5305 5306 5298
f 5306 5299 5298
f 5306 5307 5299
f 5307 5300 5299
f 5307 5308 5300
f 5308 5301 5300
f 5308 5309 5301
f 5309 5292 5301
f 5309 5310 5292
f 5310 5293 5292
f 5310 5311 5293
f 5283 5292 5286
f 5292 5285 5286
f 5292 5290 5285
f 5290 5289 5285
f 5290 5288 5289
f 5290 5287 5288
f 5312 5290 5291
f 5287 5313 5267
f 5290 5312 5287
f 5312 5313 5287
f 5312 5314 5313
f 5315 5317 5316
f 5313 5314 5318
f 5314 5319 5318
f 5320 5322 5321
f 5322 5323 5321
f 5324 5321 5325
f 5321 5326 5325
f 5321 5323 5326
f 5327 5329 5328
f 5329 5330 5328
f 5329 5331 5330
f 5332 5333 5315
f 5333 5317 5315
f 5333 5327 5317
f 5327 5334 5317
f 5327 5328 5334
f 5322 5320 5319
f 5320 5318 5319
f 5320 5266 5318
f 5266 5313 5318
f 5266 5267 5313
f 5266 5320 5265
f 5320 5264 5265
f 5320 5321 5264
f 5321 5262 5264
f 5262 5321 5261
f 5321 5268 5261
f 5321 5324 5268
f 5324 5329 5268
f 5324 5325 5329
f 5325 5331 5329
f 5268 5329 5270
f 5329 5271 5270
f 5329 5327 5271
f 5327 5259 5271
f 5259 5327 5258
f 5327 5272 5258
f 5327 5333 5272
f 5333 5232 5272
f 5333 5332 5232
f 5335 5337 5336
f 5335 5338 5337
f 5338 5339 5337
f 5340 5341 5339
f 5342 5343 5341
f 5344 5345 5343
f 5345 5346 5343
f 5345 5347 5346
f 5347 5348 5346
f 5347 5349 5348
f 5349 5350 5348
f 5349 5351 5350
f 5351 5352 5350
f 5351 5353 5352
f 5353 5354 5352
f 5355 5356 5354
f 5356 5357 5354
f 5356 5358 5357
f 5358 5359 5357
f 5358 5360 5359
f 5360 5361 5359
f 5361 5362 5359
f 5361 5363 5362
f 5363 5364 5362
f 5363 5365 5364
f 5365 5366 5364
f 5366 5367 5364
f 5366 5368 5367
f 5368 5369 5367
f 5368 5370 5369
f 5370 5371 5369
f 5370 5372 5371
f 5373 5374 5372
f 5374 5371 5372
f 5374 5375 5371
f 5375 5237 5371
f 5237 5238 5371
f 5238 5369 5371
f 5238 5239 5369
f 5239 5367 5369
f 5239 5214 5367
f 5335 5336 5316
f 5336 5315 5316
f 5336 5332 5315
f 5214 5215 5367
f 5215 5364 5367
f 5215 5217 5364
f 5217 5362 5364
f 5217 5218 5362
f 5218 5359 5362
f 5218 5219 5359
f 5219 5357 5359
f 5219 5220 5357
f 5220 5354 5357
f 5220 5222 5354
f 5222 5352 5354
f 5222 5223 5352
f 5223 5350 5352
f 5223 5224 5350
f 5224 5348 5350
f 5224 5225 5348
f 5225 5346 5348
f 5225 5226 5346
f 5226 5343 5346
f 5226 5227 5343
f 5227 5341 5343
f 5227 5228 5341
f 5228 5339 5341
f 5228 5229 5339
f 5229 5337 5339
f 5229 5230 5337
f 5230 5336 5337
f 5230 5231 5336
f 5231 5332 5336
f 5231 5232 5332
f 5375 5236 5237
f 4025 5376 4001
f 4025 4024 5376
f 4012 4010 5377
f 4010 5378 5377
f 4010 4008 5378
f 4012 5377 4014
f 5377 4022 4014
f 5377 5376 4022
f 5376 4023 4022
f 5376 4024 4023
f 5249 5243 3993
f 5243 3996 3993
f 5249 3993 5248
f 3993 5246 5248
f 3993 3994 5246
f 3994 5245 5246
f 3994 3995 5245
f 3995 5253 5245
f 3995 3989 5253
f 3989 5252 5253
f 3989 3990 5252
f 3990 5251 5252
f 3990 3986 5251
f 5251 3986 5256
f 3986 5255 5256
f 3986 3987 5255
f 3987 5254 5255
f 3987 3988 5254
f 3988 4079 5254
f 3988 3981 4079
f 5379 5381 5380
f 5382 5375 5374
f 5375 5382 5236
f 5382 5234 5236
f 5382 5376 5234
f 5373 5381 5374
f 5381 5382 5374
f 5381 5379 5382
f 5379 5376 5382
f 5379 5383 5376
f 5383 4001 5376
f 5383 4000 4001
f 3996 5243 4008
f 5243 5378 4008
f 5243 5244 5378
f 5244 5377 5378
f 5244 5241 5377
f 5241 5376 5377
f 5241 5233 5376
f 5233 5234 5376
f 4066 5166 4067
f 4029 5385 5384
f 4071 4070 4089
f 4070 4088 4089
f 5386 5302 4117
f 5386 4117 5387
f 4117 5388 5387
f 4117 4118 5388
f 4032 4118 4035
f 4118 4038 4035
f 4118 5166 4038
f 5166 4042 4038
f 5166 4066 4042
f 4067 5166 4068
f 5166 4069 4068
f 5166 4083 4069
f 4083 4070 4069
f 4083 4087 4070
f 4087 4088 4070
f 4118 4032 5389
f 4032 5390 5389
f 4032 4029 5390
f 4029 5391 5390
f 4029 5384 5391
f 5385 4029 5392
f 4029 5393 5392
f 4029 4000 5393
f 4000 5394 5393
f 5380 5394 5379
f 5394 5383 5379
f 5394 4000 5383
f 5395 4118 5396
f 5302 5386 5303
f 5386 5304 5303
f 5386 5305 5304
f 5396 4118 5397
f 4118 5398 5397
f 4118 5389 5398
f 5305 5386 5306
f 5386 5307 5306
f 5386 5308 5307
f 5308 5386 5309
f 5386 5310 5309
f 5386 5311 5310
f 5388 4118 5399
f 4118 5400 5399
f 4118 5401 5400
f 5401 4118 5402
f 4118 5403 5402
f 4118 5395 5403
f 5394 5404 5393
f 5404 5405 5393
f 5404 5406 5405
f 5406 5407 5405
f 5406 5408 5407
f 5408 5409 5407
f 5408 5410 5409
f 5410 5411 5409
f 5380 5412 5394
f 5412 5404 5394
f 5412 5413 5404
f 5413 5406 5404
f 5413 5414 5406
f 5414 5408 5406
f 5414 5415 5408
f 5415 5410 5408
f 5416 5417 5416
f 5381 5418 5380
f 5418 5412 5380
f 5418 5419 5412
f 5419 5413 5412
f 5419 5420 5413
f 5420 5414 5413
f 5416 5421 5420
f 5421 5414 5420
f 5421 5415 5414
f 5416 5420 5417
f 5420 5422 5417
f 5420 5419 5422
f 5373 5423 5381
f 5423 5418 5381
f 5423 5424 5418
f 5424 5419 5418
f 5424 5425 5419
f 5425 5422 5419
f 5426 5428 5427
f 5416 5430 5429
f 5430 5426 5429
f 5430 5431 5426
f 5431 5428 5426
f 5432 5434 5433
f 5434 5435 5433
f 5434 5436 5435
f 5436 5437 5435
f 5436 5427 5437
f 5427 5438 5437
f 5427 5428 5438
f 5439 5441 5440
f 5441 5442 5440
f 5441 5432 5442
f 5432 5443 5442
f 5432 5433 5443
f 5444 5446 5445
f 5444 5447 5446
f 5446 5447 5448
f 5447 5449 5448
f 5447 5450 5449
f 5449 5450 5451
f 5450 5452 5451
f 5450 5453 5452
f 5453 5454 5452
f 5453 5439 5454
f 5439 5455 5454
f 5439 5440 5455
f 5445 5456 5444
f 5456 5457 5444
f 5456 5458 5457
f 5458 5459 5457
f 5458 5460 5459
f 5459 5460 5461
f 5460 5462 5461
f 5460 5463 5462
f 5463 5464 5462
f 5463 5465 5464
f 5465 5466 5464
f 5465 5467 5466
f 5416 5429 5416
f 5429 5421 5416
f 5429 5468 5421
f 5421 5468 5415
f 5468 5410 5415
f 5468 5469 5410
f 5469 5411 5410
f 3648 5470 3647
f 3651 5471 3650
f 3667 5472 3666
f 5473 5475 5474
f 5441 5476 5432
f 5450 5477 5453
f 5461 5478 5459
f 5464 5479 5462
f 5480 5482 5481
f 5483 5485 5484
f 5467 5486 5466
f 5487 5489 5488
f 5489 5490 5488
f 5489 5467 5490
f 5484 5492 5491
f 5492 5493 5491
f 5492 5487 5493
f 5494 5496 5495
f 5496 5497 5495
f 5496 5483 5497
f 5498 5500 5499
f 5500 5501 5499
f 5500 5494 5501
f 5481 5503 5502
f 5503 5504 5502
f 5503 5498 5504
f 5505 5507 5506
f 5507 5508 5506
f 5507 5480 5508
f 5411 5510 5509
f 5510 5511 5509
f 5510 5505 5511
f 5512 5411 5469
f 5464 5466 5479
f 5461 5462 5478
f 5459 5513 5457
f 5513 5444 5457
f 5450 5447 5477
f 5436 5473 5427
f 5468 5429 5474
f 5429 5473 5474
f 5429 5426 5473
f 5426 5427 5473
f 5514 5516 5515
f 5517 5474 5475
f 5517 5512 5474
f 5512 5468 5474
f 5512 5469 5468
f 5518 5519 5515
f 5519 5514 5515
f 5519 5520 5514
f 5453 5477 5439
f 5477 5521 5439
f 5477 5522 5521
f 5522 5523 5521
f 5466 5486 5479
f 5486 5524 5479
f 5486 5525 5524
f 5526 3644 3645
f 5462 5479 5478
f 5479 5527 5478
f 5479 5524 5527
f 5459 5478 5513
f 5478 5528 5513
f 5478 5527 5528
f 5527 5529 5528
f 5527 5530 5529
f 5444 5513 5516
f 5513 5515 5516
f 5513 5528 5515
f 5528 5518 5515
f 5528 5529 5518
f 5444 5516 5447
f 5516 5477 5447
f 5516 5514 5477
f 5514 5522 5477
f 5520 3685 3687
f 5518 3682 3691
f 5531 5476 5523
f 5476 5521 5523
f 5476 5441 5521
f 5441 5439 5521
f 3638 5532 3642
f 5532 3641 3642
f 5533 3689 3690
f 5432 5476 5434
f 5476 5534 5434
f 5476 5531 5534
f 5531 5535 5534
f 5434 5534 5436
f 5534 5473 5436
f 5534 5535 5473
f 5535 5475 5473
f 5411 5512 5510
f 5512 5536 5510
f 5512 5517 5536
f 5517 5537 5536
f 5505 5510 5507
f 5510 5538 5507
f 5510 5536 5538
f 5536 5539 5538
f 5536 5537 5539
f 5540 3670 3671
f 5480 5507 5482
f 5507 5541 5482
f 5507 5538 5541
f 5542 3661 3662
f 5481 5482 5503
f 5482 5541 5543
f 5498 5503 5500
f 5503 5543 5544
f 5543 5545 5544
f 5494 5500 5496
f 5483 5496 5485
f 5496 5546 5485
f 5484 5485 5492
f 5485 5547 5492
f 5485 5546 5547
f 5471 3651 3669
f 5487 5492 5489
f 5492 5548 5489
f 5547 5470 5548
f 5549 3673 3647
f 5467 5489 5486
f 5489 5525 5486
f 5489 5548 5525
f 5548 5526 5525
f 5548 5470 5526
f 5470 3648 3644
f 5490 5550 5488
f 5501 5551 5499
f 5393 5405 5392
f 5405 5552 5392
f 5405 5407 5552
f 5407 5553 5552
f 5407 5409 5553
f 5409 5554 5553
f 5409 5411 5554
f 5505 5554 5511
f 5554 5509 5511
f 5554 5411 5509
f 5555 5557 5556
f 5557 5558 5556
f 5557 5559 5558
f 5559 5560 5558
f 5559 5384 5560
f 5384 5385 5560
f 5392 5552 5385
f 5552 5560 5385
f 5552 5553 5560
f 5553 5558 5560
f 5553 5554 5558
f 5554 5556 5558
f 5554 5505 5556
f 5505 5555 5556
f 5480 5555 5508
f 5555 5506 5508
f 5555 5505 5506
f 5561 5563 5562
f 5563 5564 5562
f 5563 5565 5564
f 5565 5566 5564
f 5565 5390 5566
f 5390 5391 5566
f 5567 5568 5561
f 5568 5563 5561
f 5568 5569 5563
f 5569 5565 5563
f 5569 5389 5565
f 5389 5390 5565
f 5384 5559 5391
f 5559 5566 5391
f 5559 5557 5566
f 5557 5564 5566
f 5557 5555 5564
f 5555 5562 5564
f 5555 5480 5562
f 5480 5561 5562
f 5480 5481 5561
f 5481 5567 5561
f 5481 5502 5567
f 5502 5504 5567
f 5498 5570 5504
f 5570 5567 5504
f 5570 5571 5567
f 5571 5568 5567
f 5571 5572 5568
f 5572 5569 5568
f 5572 5398 5569
f 5398 5389 5569
f 5499 5551 5498
f 5551 5570 5498
f 5551 5573 5570
f 5573 5571 5570
f 5573 5574 5571
f 5574 5572 5571
f 5574 5397 5572
f 5397 5398 5572
f 5494 5575 5501
f 5575 5551 5501
f 5575 5576 5551
f 5576 5573 5551
f 5576 5577 5573
f 5577 5574 5573
f 5577 5396 5574
f 5396 5397 5574
f 5396 5577 5395
f 5577 5578 5395
f 5577 5576 5578
f 5576 5579 5578
f 5576 5575 5579
f 5575 5580 5579
f 5575 5494 5580
f 5483 5580 5497
f 5580 5495 5497
f 5580 5494 5495
f 5581 5583 5582
f 5583 5584 5582
f 5583 5585 5584
f 5585 5586 5584
f 5585 5402 5586
f 5402 5403 5586
f 5587 5588 5581
f 5588 5583 5581
f 5588 5589 5583
f 5589 5585 5583
f 5589 5401 5585
f 5401 5402 5585
f 5395 5578 5403
f 5578 5586 5403
f 5578 5579 5586
f 5579 5584 5586
f 5579 5580 5584
f 5580 5582 5584
f 5580 5483 5582
f 5483 5581 5582
f 5483 5484 5581
f 5484 5587 5581
f 5484 5491 5587
f 5491 5493 5587
f 5487 5590 5493
f 5590 5587 5493
f 5590 5591 5587
f 5591 5588 5587
f 5591 5592 5588
f 5592 5589 5588
f 5592 5400 5589
f 5400 5401 5589
f 5488 5550 5487
f 5550 5590 5487
f 5550 5593 5590
f 5593 5591 5590
f 5593 5594 5591
f 5594 5592 5591
f 5594 5399 5592
f 5399 5400 5592
f 5467 5595 5490
f 5595 5550 5490
f 5595 5596 5550
f 5596 5593 5550
f 5596 5597 5593
f 5597 5594 5593
f 5597 5388 5594
f 5388 5399 5594
f 5465 5595 5467
f 5460 5598 5463
f 5599 5311 5386
f 5456 5600 5458
f 5600 5601 5458
f 5600 5602 5601
f 5602 5603 5601
f 5311 5599 5604
f 5599 5605 5604
f 5599 5603 5605
f 5603 5606 5605
f 5603 5602 5606
f 5387 5607 5386
f 5607 5599 5386
f 5607 5608 5599
f 5608 5603 5599
f 5608 5598 5603
f 5598 5601 5603
f 5598 5460 5601
f 5460 5458 5601
f 5388 5597 5387
f 5597 5607 5387
f 5597 5596 5607
f 5596 5608 5607
f 5596 5595 5608
f 5595 5598 5608
f 5595 5465 5598
f 5465 5463 5598
f 5293 5609 5291
f 5609 5610 5291
f 5609 5611 5610
f 5611 5612 5610
f 5445 5446 5611
f 5446 5612 5611
f 5446 5448 5612
f 5606 5602 5609
f 5602 5611 5609
f 5602 5600 5611
f 5600 5445 5611
f 5600 5456 5445
f 5311 5604 5293
f 5604 5609 5293
f 5604 5605 5609
f 5605 5606 5609
f 5312 5613 5314
f 5291 5610 5312
f 5610 5613 5312
f 5610 5612 5613
f 5612 5614 5613
f 5612 5448 5614
f 5448 5449 5614
f 5615 5440 5442
f 5616 5617 5615
f 5316 5317 5616
f 5317 5618 5616
f 5615 5617 5440
f 5617 5455 5440
f 5617 5454 5455
f 5331 5619 5330
f 5619 5328 5330
f 5619 5618 5328
f 5618 5334 5328
f 5618 5317 5334
f 5452 5454 5620
f 5454 5621 5620
f 5454 5617 5621
f 5331 5325 5619
f 5325 5622 5619
f 5325 5326 5622
f 5452 5620 5451
f 5620 5449 5451
f 5620 5614 5449
f 5616 5618 5617
f 5618 5621 5617
f 5618 5619 5621
f 5619 5620 5621
f 5619 5622 5620
f 5622 5614 5620
f 5622 5613 5614
f 5314 5613 5319
f 5613 5322 5319
f 5613 5622 5322
f 5622 5323 5322
f 5622 5326 5323
f 5425 5623 5422
f 5623 5417 5422
f 5624 5425 5424
f 5368 5423 5370
f 5423 5372 5370
f 5423 5373 5372
f 5424 5423 5624
f 5423 5366 5624
f 5423 5368 5366
f 5360 5625 5361
f 5625 5363 5361
f 5625 5624 5363
f 5624 5365 5363
f 5624 5366 5365
f 5626 5431 5627
f 5431 5623 5627
f 5431 5430 5623
f 5430 5417 5623
f 5430 5416 5417
f 5431 5626 5428
f 5626 5438 5428
f 5626 5437 5438
f 5628 5353 5629
f 5353 5628 5355
f 5628 5356 5355
f 5628 5625 5356
f 5625 5358 5356
f 5625 5360 5358
f 5435 5437 5630
f 5437 5631 5630
f 5437 5626 5631
f 5345 5632 5347
f 5632 5349 5347
f 5632 5629 5349
f 5629 5351 5349
f 5629 5353 5351
f 5435 5630 5433
f 5630 5443 5433
f 5630 5633 5443
f 5425 5624 5623
f 5624 5627 5623
f 5624 5625 5627
f 5625 5626 5627
f 5625 5628 5626
f 5628 5631 5626
f 5628 5629 5631
f 5629 5630 5631
f 5629 5632 5630
f 5632 5633 5630
f 5632 5634 5633
f 5634 5632 5342
f 5632 5344 5342
f 5632 5345 5344
f 5335 5634 5338
f 5634 5340 5338
f 5634 5342 5340
f 5316 5616 5335
f 5616 5634 5335
f 5616 5615 5634
f 5615 5633 5634
f 5615 5442 5633
f 5442 5443 5633
usemtl Material_002
f 258 313 312
f 280 286 279
f 306 262 305
f 299 279 298
f 278 301 277
f 301 276 277
f 301 275 276
f 275 301 274
f 301 273 274
f 301 272 273
f 280 281 286
f 272 301 271
f 301 270 271
f 301 269 270
f 308 260 307
f 278 279 301
f 279 300 301
f 279 299 300
f 285 283 284
f 304 305 269
f 305 268 269
f 304 269 303
f 269 302 303
f 269 301 302
f 298 279 297
f 279 296 297
f 279 295 296
f 289 279 288
f 279 287 288
f 279 286 287
f 268 305 267
f 305 266 267
f 305 265 266
f 306 307 262
f 307 261 262
f 307 260 261
f 295 279 294
f 279 293 294
f 279 292 293
f 292 279 291
f 279 290 291
f 279 289 290
f 285 286 283
f 286 282 283
f 286 281 282
f 265 305 264
f 305 263 264
f 305 262 263
f 311 260 310
f 260 309 310
f 260 308 309
f 259 260 313
f 260 312 313
f 260 311 312
f 5635 72 5636
f 72 5637 5636
f 72 74 5637
f 74 5638 5637
f 74 75 5638
f 75 5639 5638
f 75 77 5639
f 77 5640 5639
f 77 78 5640
f 78 5641 5640
f 78 80 5641
f 80 5642 5641
f 80 82 5642
f 82 314 5642
f 83 85 315
f 85 5643 315
f 85 86 5643
f 86 5644 5643
f 86 88 5644
f 88 5645 5644
f 88 89 5645
f 89 5646 5645
f 89 91 5646
f 91 5647 5646
f 91 93 5647
f 93 5648 5647
f 93 94 5648
f 94 5649 5648
f 94 96 5649
f 96 5650 5649
f 96 97 5650
f 97 5651 5650
f 97 99 5651
f 99 5652 5651
f 99 101 5652
f 101 316 5652
f 102 104 317
f 104 5653 317
f 104 105 5653
f 105 5654 5653
f 105 107 5654
f 107 5655 5654
f 107 108 5655
f 108 318 5655
f 110 112 319
f 112 5656 319
f 112 113 5656
f 113 354 5656
f 113 115 354
f 115 356 354
f 115 116 356
f 116 357 356
f 116 118 357
f 118 5657 357
f 118 120 5657
f 120 340 5657
f 120 121 340
f 121 339 340
f 121 123 339
f 123 5658 339
f 123 124 5658
f 124 5659 5658
f 124 126 5659
f 126 5660 5659
f 126 128 5660
f 128 320 5660
f 129 131 321
f 131 5661 321
f 131 132 5661
f 132 5662 5661
f 132 134 5662
f 134 5663 5662
f 134 135 5663
f 135 361 5663
f 135 137 361
f 137 360 361
f 137 139 360
f 139 337 360
f 139 140 337
f 140 336 337
f 140 142 336
f 142 5664 336
f 142 143 5664
f 143 5665 5664
f 143 145 5665
f 145 5666 5665
f 145 147 5666
f 147 5667 5666
f 147 148 5667
f 148 366 5667
f 148 3 366
f 3 364 366
f 3 4 364
f 4 363 364
f 4 5 363
f 5 322 363
f 7 9 323
f 9 5668 323
f 9 10 5668
f 10 5669 5668
f 10 12 5669
f 12 5670 5669
f 12 13 5670
f 13 349 5670
f 13 15 349
f 15 348 349
f 15 17 348
f 17 324 348
f 18 20 325
f 20 5671 325
f 20 21 5671
f 21 5672 5671
f 21 23 5672
f 23 5673 5672
f 23 24 5673
f 24 326 5673
f 26 350 326
f 26 28 350
f 28 327 350
f 28 29 327
f 29 31 328
f 31 5674 328
f 31 32 5674
f 32 329 5674
f 34 5675 329
f 34 36 5675
f 36 330 5675
f 37 39 331
f 39 352 331
f 39 40 352
f 40 5676 352
f 40 42 5676
f 42 5677 5676
f 42 44 5677
f 44 332 5677
f 45 47 333
f 47 5678 333
f 47 48 5678
f 48 5679 5678
f 48 50 5679
f 50 5680 5679
f 50 51 5680
f 51 5681 5680
f 51 53 5681
f 53 5682 5681
f 53 55 5682
f 55 5683 5682
f 55 56 5683
f 56 5684 5683
f 56 58 5684
f 58 5685 5684
f 58 59 5685
f 59 5686 5685
f 59 61 5686
f 61 5687 5686
f 61 63 5687
f 63 334 5687
f 64 66 335
f 66 5688 335
f 66 67 5688
f 67 5689 5688
f 67 69 5689
f 69 5690 5689
f 69 70 5690
f 70 5635 5690
f 70 72 5635
f 5684 5691 5683
f 344 347 324
f 5692 5694 5693
f 5695 355 5696
f 5697 5699 5698
f 5700 5702 5701
f 5703 5705 5704
f 5706 5708 5707
f 5709 5711 5710
f 5712 346 5713
f 5714 5716 5715
f 5717 5718 5714
f 5719 5720 5717
f 5721 5723 5722
f 5724 5725 5721
f 5726 5727 5724
f 5728 5730 5729
f 5731 5732 5728
f 5733 5734 5731
f 5735 5737 5736
f 5738 5740 5739
f 5741 5742 5738
f 5743 5744 5741
f 5745 5747 5746
f 5748 5749 5745
f 5750 5751 5748
f 5752 5754 5753
f 5755 5757 5756
f 5758 5759 5713
f 5759 5712 5713
f 5759 5760 5712
f 5752 5762 5761
f 5762 5763 5761
f 5762 5764 5763
f 5764 5765 5763
f 5764 5766 5765
f 5766 5767 5765
f 5766 5758 5767
f 5750 5768 5710
f 5768 5709 5710
f 5768 5769 5709
f 5743 5770 5707
f 5770 5706 5707
f 5770 5771 5706
f 5735 5772 5704
f 5772 5703 5704
f 5772 5773 5703
f 5774 5775 5701
f 5775 5700 5701
f 5775 5776 5700
f 5733 5777 5698
f 5777 5697 5698
f 5777 5778 5697
f 5726 5779 5696
f 5779 5695 5696
f 5779 5780 5695
f 5719 5781 5693
f 5781 5692 5693
f 5781 5782 5692
f 5757 5783 5756
f 5783 5784 5756
f 5783 5715 5784
f 5761 5763 344
f 5763 347 344
f 5763 5765 347
f 5765 5785 347
f 5765 5767 5785
f 5767 5786 5785
f 351 5788 5787
f 5753 5788 5789
f 5788 5790 5789
f 5788 351 5790
f 351 5791 5790
f 351 327 5791
f 327 328 5791
f 5792 5794 5793
f 5746 5794 5795
f 5794 5796 5795
f 5794 5792 5796
f 5792 5797 5796
f 5792 5678 5797
f 5678 5679 5797
f 353 5799 5798
f 5739 5799 5800
f 5799 5801 5800
f 5799 353 5801
f 353 5802 5801
f 353 5688 5802
f 5688 5689 5802
f 5803 5805 5804
f 5736 5805 5806
f 5805 5807 5806
f 5805 5803 5807
f 5803 5808 5807
f 5806 5807 5809
f 5807 5810 5809
f 5807 5808 5810
f 5808 345 5810
f 5808 314 345
f 5811 5813 5812
f 5774 5813 5814
f 5813 5815 5814
f 5813 5811 5815
f 5811 5816 5815
f 5811 5648 5816
f 5648 5649 5816
f 5817 5819 5818
f 5729 5819 5820
f 5819 5821 5820
f 5819 5817 5821
f 5817 5822 5821
f 5817 5656 5822
f 5656 354 5822
f 358 5824 5823
f 5722 5824 5825
f 5824 5826 5825
f 5824 358 5826
f 358 5827 5826
f 358 5661 5827
f 5661 5662 5827
f 5828 5829 5784
f 5829 5756 5784
f 5829 365 5756
f 365 5755 5756
f 365 362 5755
f 346 362 322
f 346 5712 362
f 5712 5755 362
f 5712 5760 5755
f 5760 5757 5755
f 5758 5713 5767
f 5713 5786 5767
f 5713 346 5786
f 346 5668 5786
f 346 323 5668
f 324 347 348
f 347 5785 349
f 5785 5670 349
f 5785 5786 5670
f 5786 5669 5670
f 5786 5668 5669
f 5752 5761 5754
f 5761 5830 5754
f 5761 344 5830
f 344 5671 5830
f 344 325 5671
f 5753 5754 5788
f 5754 5787 5788
f 5754 5830 5787
f 5830 5672 5787
f 5830 5671 5672
f 351 5787 326
f 5787 5673 326
f 5787 5672 5673
f 5789 5790 5769
f 5790 5709 5769
f 5790 5791 5709
f 5791 5711 5709
f 5791 328 5711
f 328 5674 5711
f 5831 329 5675
f 5750 5710 5751
f 5710 5831 5751
f 5710 5711 5831
f 5711 329 5831
f 5711 5674 329
f 5748 5751 5749
f 5751 343 5749
f 5751 5831 343
f 5831 330 343
f 5831 5675 330
f 5745 5749 5747
f 5749 5832 5747
f 5749 343 5832
f 343 352 5832
f 5746 5747 5794
f 5747 5793 5794
f 5747 5832 5793
f 5832 5676 5793
f 5832 352 5676
f 5678 5792 333
f 5792 332 333
f 5792 5793 332
f 5793 5677 332
f 5793 5676 5677
f 5795 5796 5771
f 5796 5706 5771
f 5796 5797 5706
f 5797 5708 5706
f 5797 5679 5708
f 5679 5680 5708
f 5833 5681 5682
f 5743 5707 5744
f 5707 5833 5744
f 5707 5708 5833
f 5708 5681 5833
f 5708 5680 5681
f 5741 5744 5742
f 5744 5691 5742
f 5744 5833 5691
f 5833 5683 5691
f 5833 5682 5683
f 5738 5742 5740
f 5742 5834 5740
f 5742 5691 5834
f 5691 5685 5834
f 5691 5684 5685
f 5739 5740 5799
f 5740 5798 5799
f 5740 5834 5798
f 5834 5686 5798
f 5834 5685 5686
f 5688 353 335
f 353 5798 334
f 5798 5687 334
f 5798 5686 5687
f 5800 5801 5773
f 5801 5703 5773
f 5801 5802 5703
f 5802 5705 5703
f 5802 5689 5705
f 5689 5690 5705
f 5835 5635 5636
f 5735 5704 5737
f 5704 5835 5737
f 5704 5705 5835
f 5705 5635 5835
f 5705 5690 5635
f 5804 5637 5638
f 5736 5737 5805
f 5737 5804 5805
f 5737 5835 5804
f 5835 5637 5804
f 5835 5636 5637
f 314 5808 5642
f 5808 5641 5642
f 5808 5803 5641
f 5803 5640 5641
f 5803 5804 5640
f 5804 5639 5640
f 5804 5638 5639
f 5643 5702 315
f 5702 345 315
f 5702 5700 345
f 5700 5810 345
f 5700 5776 5810
f 5776 5809 5810
f 5774 5701 5813
f 5701 5812 5813
f 5701 5702 5812
f 5702 5644 5812
f 5702 5643 5644
f 5648 5811 5647
f 5811 5646 5647
f 5811 5812 5646
f 5812 5645 5646
f 5812 5644 5645
f 5814 5815 5778
f 5815 5697 5778
f 5815 5816 5697
f 5816 5699 5697
f 5816 5649 5699
f 5649 5650 5699
f 5836 5651 5652
f 5733 5698 5734
f 5698 5836 5734
f 5698 5699 5836
f 5699 5651 5836
f 5699 5650 5651
f 5731 5734 5732
f 5734 342 5732
f 5734 5836 342
f 5836 316 342
f 5836 5652 316
f 5728 5732 5730
f 5732 5837 5730
f 5732 342 5837
f 342 5653 5837
f 342 317 5653
f 5729 5730 5819
f 5730 5818 5819
f 5730 5837 5818
f 5837 5654 5818
f 5837 5653 5654
f 5656 5817 319
f 5817 318 319
f 5817 5818 318
f 5818 5655 318
f 5818 5654 5655
f 5820 5821 5780
f 5821 5695 5780
f 5821 5822 5695
f 5822 355 5695
f 5822 354 355
f 5838 357 5657
f 5726 5696 5727
f 5696 5838 5727
f 5696 355 5838
f 355 357 5838
f 5724 5727 5725
f 5727 341 5725
f 5727 5838 341
f 5838 340 341
f 5838 5657 340
f 5721 5725 5723
f 5725 5839 5723
f 5725 341 5839
f 341 5658 5839
f 341 339 5658
f 5722 5723 5824
f 5723 5823 5824
f 5723 5839 5823
f 5839 5659 5823
f 5839 5658 5659
f 5661 358 321
f 358 5823 320
f 5823 5660 320
f 5823 5659 5660
f 5825 5826 5782
f 5826 5692 5782
f 5826 5827 5692
f 5827 5694 5692
f 5827 5662 5694
f 5662 5663 5694
f 5719 5693 5720
f 5693 359 5720
f 5693 5694 359
f 5694 361 359
f 5694 5663 361
f 5717 5720 5718
f 5720 338 5718
f 5720 359 338
f 359 337 338
f 359 360 337
f 5714 5718 5716
f 5718 5840 5716
f 5718 338 5840
f 338 5664 5840
f 338 336 5664
f 5715 5716 5784
f 5716 5828 5784
f 5716 5840 5828
f 5840 5665 5828
f 5840 5664 5665
f 322 362 363
f 362 365 364
f 365 5829 366
f 5829 5667 366
f 5829 5828 5667
f 5828 5666 5667
f 5828 5665 5666
f 5714 5778 5717
f 5782 5778 5825
f 5778 5722 5825
f 5778 5777 5722
f 5714 5715 5778
f 5735 5762 5772
f 5762 5773 5772
f 5762 5800 5773
f 5800 5762 5739
f 5762 5738 5739
f 5762 5752 5738
f 5778 5766 5764
f 5717 5778 5719
f 5778 5781 5719
f 5778 5782 5781
f 5724 5729 5726
f 5764 5762 5778
f 5762 5814 5778
f 5762 5774 5814
f 5774 5762 5775
f 5762 5776 5775
f 5762 5809 5776
f 5809 5762 5806
f 5762 5736 5806
f 5762 5735 5736
f 5766 5778 5758
f 5778 5759 5758
f 5778 5760 5759
f 5760 5778 5757
f 5778 5783 5757
f 5778 5715 5783
f 5728 5722 5731
f 5722 5733 5731
f 5722 5777 5733
f 5743 5753 5770
f 5753 5771 5770
f 5728 5729 5722
f 5729 5721 5722
f 5729 5724 5721
f 5726 5729 5779
f 5729 5780 5779
f 5729 5820 5780
f 5752 5753 5738
f 5753 5741 5738
f 5753 5743 5741
f 5771 5753 5795
f 5753 5746 5795
f 5753 5745 5746
f 5750 5769 5768
f 5745 5753 5748
f 5753 5750 5748
f 5753 5789 5750
f 5789 5769 5750
f 5841 5843 5842
f 3791 3792 5841
f 3792 3875 5841
f 3792 3788 3875
f 5841 3875 5843
f 3875 3731 5843
f 3875 3730 3731
f 3791 5841 5842
f 5844 5842 5845
f 5842 5847 5846
f 5848 5842 5846
f 5849 5842 5848
f 5842 5851 5850
f 3729 3727 5852
f 3694 3702 3695
f 3709 3703 3712
f 3703 3704 3712
f 3708 3710 3707
f 3708 3709 3710
f 3713 3717 3708
f 3713 3720 3717
f 3716 3718 3715
f 3716 3717 3718
f 3727 3716 5852
f 3716 3721 5852
f 3724 3885 3726
f 3724 3727 3885
f 3727 3728 3885
f 5853 3735 3733
f 3732 5847 3731
f 5842 3735 5854
f 3735 5855 5854
f 3735 5853 5855
f 3693 5847 3732
f 3693 3695 5847
f 3695 5846 5847
f 3695 3696 5846
f 3696 5848 5846
f 5845 5842 5849
f 3731 5847 5843
f 5847 5842 5843
f 5851 5842 5844
f 3735 5850 3734
f 3735 5842 5850
f 3734 5850 3724
f 5850 3727 3724
f 5850 5851 3727
f 5851 3716 3727
f 5851 5844 3716
f 5844 3717 3716
f 5844 5845 3717
f 5845 3708 3717
f 5845 5849 3708
f 5849 3709 3708
f 5849 5848 3709
f 5848 3703 3709
f 5848 3696 3703
f 3696 3705 3703
f 3696 3697 3705
f 3740 3741 5853
f 3741 3747 5856
f 3753 3743 3744
f 3739 3738 3746
f 3741 3742 3747
f 3742 3749 3748
f 3749 3750 3748
f 3751 3753 3752
f 3753 3754 3752
f 5857 5858 5842
f 5854 5855 5857
f 5855 3741 5857
f 5855 5853 3741
f 5857 3741 5858
f 3741 5859 5858
f 3741 5856 5859
f 5854 5857 5842
f 5860 5842 5861
f 5858 5862 5842
f 5863 5842 5864
f 5842 5866 5865
f 3780 3778 3813
f 3796 5859 5856
f 3798 3762 3763
f 3765 3767 3763
f 3765 3766 3767
f 3768 3769 3767
f 3773 3816 3772
f 3773 3769 3816
f 3769 3818 3816
f 3769 3770 3818
f 3778 3773 3813
f 3773 3774 3813
f 3777 3806 3776
f 3777 3778 3806
f 3778 3779 3806
f 3783 3786 3785
f 3783 3777 3786
f 5842 3790 3791
f 3790 3788 3792
f 5842 5862 5867
f 5862 3755 5867
f 5862 3795 3755
f 5842 5867 5864
f 5867 3759 5864
f 5867 3755 3759
f 3755 3758 3759
f 5861 5842 5863
f 3757 3755 3793
f 3795 5862 3796
f 5862 5859 3796
f 5862 5858 5859
f 5866 5842 5860
f 3789 3790 3797
f 3790 5865 3797
f 3790 5842 5865
f 3797 5865 3783
f 5865 3777 3783
f 5865 5866 3777
f 5866 3778 3777
f 5866 5860 3778
f 5860 3773 3778
f 5860 5861 3773
f 5861 3769 3773
f 5861 5863 3769
f 5863 3767 3769
f 5863 5864 3767
f 5864 3763 3767
f 5864 3759 3763
f 3759 3798 3763
f 3857 3862 3855
f 3774 3814 3813
f 3810 3789 3781
f 3807 3811 3806
f 3806 3811 3776
f 3814 3807 3813
f 3771 3815 3814
f 3816 3817 3815
f 3818 3770 3817
f 3770 3819 3817
f 3821 3819 3765
f 3819 3766 3765
f 3820 3762 3798
f 3820 3821 3762
f 3793 3808 3757
f 3808 3822 3805
f 3822 3760 3758
f 3859 3823 3860
f 3823 3809 3860
f 5856 3747 3796
f 3747 3808 3796
f 3748 3750 3808
f 3750 3832 3808
f 3832 3822 3808
f 3833 3838 3834
f 3822 3820 3761
f 3860 3861 3857
f 3828 3851 3865
f 3849 3847 3867
f 3799 3863 3869
f 3800 3804 3862
f 3864 3820 3829
f 3864 3865 3820
f 3865 3821 3820
f 3865 3866 3821
f 3866 3819 3821
f 3866 3867 3819
f 3867 3817 3819
f 3867 3868 3817
f 3868 3815 3817
f 3868 3869 3815
f 3869 3814 3815
f 3869 3863 3814
f 3863 3807 3814
f 3863 3861 3807
f 3860 3812 3811
f 3860 3809 3812
f 3803 3873 3874
f 3875 3788 3810
f 3859 3872 3823
f 3872 3875 3823
f 3876 3730 3875
f 3872 3858 3877
f 3858 3879 3878
f 3927 3930 3926
f 3910 3736 3737
f 3721 3886 5852
f 3733 3740 5853
f 3886 3883 5852
f 3883 3729 5852
f 3887 3886 3715
f 3889 3887 3719
f 3887 3715 3718
f 3888 3889 3713
f 3889 3720 3713
f 3707 3710 3888
f 3710 3890 3888
f 3891 3892 3705
f 3892 3890 3704
f 3890 3712 3704
f 3881 3893 3894
f 3749 3742 3928
f 3742 3882 3928
f 3740 3722 3882
f 3740 3733 3722
f 3876 3881 3732
f 3872 3877 3881
f 3877 3902 3881
f 3902 3893 3881
f 3903 3904 3893
f 3893 3891 3698
f 3904 3905 3899
f 3910 3912 3911
f 3743 3927 3926
f 3928 3929 3927
f 3929 3930 3927
f 3912 3930 3931
f 3912 3910 3930
f 3932 3891 3899
f 3932 3933 3891
f 3933 3892 3891
f 3933 3934 3892
f 3934 3890 3892
f 3934 3935 3890
f 3935 3888 3890
f 3935 3936 3888
f 3936 3889 3888
f 3937 3887 3889
f 3931 3886 3887
f 3931 3929 3886
f 3929 3928 3883
f 3928 3884 3883
f 3928 3882 3884
f 4044 4041 4040
f 4045 3953 4041
f 5868 4326 5869
f 5870 4180 4326
f 5871 4326 5872
f 4326 5874 5873
f 4176 4141 4142
f 4182 4144 4145
f 4147 4149 4145
f 4147 4148 4149
f 4150 4151 4149
f 4155 4156 4154
f 4155 4151 4156
f 4151 4152 4157
f 4137 4155 4136
f 4155 4158 4136
f 4161 4162 4160
f 4161 4137 4162
f 4166 4161 4169
f 4326 4173 4174
f 4173 4171 4175
f 4326 4180 5875
f 4180 4138 5875
f 4180 4179 4138
f 4326 5875 5872
f 5875 4142 5872
f 5875 4138 4142
f 4138 4176 4142
f 5869 4326 5871
f 4140 4138 4177
f 4180 4134 4132
f 4180 5870 4134
f 5874 4326 5868
f 4172 4173 4181
f 4173 5873 4181
f 4173 4326 5873
f 4181 5873 4166
f 5873 4161 4166
f 5873 5874 4161
f 5874 4137 4161
f 5874 5868 4137
f 5868 4155 4137
f 5868 5869 4155
f 5869 4151 4155
f 5869 5871 4151
f 5871 4149 4151
f 5871 5872 4149
f 5872 4145 4149
f 5872 4142 4145
f 4142 4182 4145
f 5876 5870 4326
f 4327 5877 5876
f 5877 4191 5876
f 5877 4323 4191
f 5876 4191 5870
f 4191 4134 5870
f 4191 4133 4134
f 4327 5876 4326
f 4187 4188 4186
f 4190 4191 4323
f 4191 4193 4133
f 4191 4192 4193
f 4192 4195 4194
f 4195 4196 4194
f 4214 4215 4164
f 4213 4216 4162
f 4212 4213 4136
f 4153 4218 4212
f 4154 4156 4218
f 4157 4152 4219
f 4152 4220 4219
f 4222 4220 4147
f 4220 4148 4147
f 4221 4144 4182
f 4221 4222 4144
f 4211 4223 4224
f 4211 4140 4177
f 4259 4225 4260
f 4225 4214 4260
f 4193 4211 4132
f 4194 4196 4211
f 4196 4234 4211
f 4234 4223 4211
f 4223 4221 4143
f 4263 4221 4231
f 4263 4264 4221
f 4264 4222 4221
f 4264 4265 4222
f 4265 4220 4222
f 4265 4266 4220
f 4266 4219 4220
f 4266 4267 4219
f 4267 4218 4219
f 4267 4268 4218
f 4268 4212 4218
f 4268 4262 4212
f 4260 4217 4216
f 4260 4214 4217
f 4269 4273 4209
f 4271 4225 4259
f 4270 4272 4283
f 4272 4270 4225
f 4271 4258 4276
f 5878 5879 4326
f 4174 4175 5878
f 4175 4270 5878
f 4175 4171 4270
f 5878 4270 5879
f 4270 4284 5879
f 4270 4283 4284
f 4174 5878 4326
f 5880 4326 5881
f 4326 5883 5882
f 5884 4326 5882
f 5885 4326 5884
f 4326 5887 5886
f 4285 5883 4284
f 4288 4296 4289
f 4290 4289 4294
f 4303 4297 4306
f 4297 4298 4306
f 4302 4304 4301
f 4302 4303 4304
f 4307 4311 4302
f 4307 4314 4311
f 4310 4312 4309
f 4310 4311 4312
f 4282 4310 4281
f 4318 4282 4321
f 4325 5877 4327
f 4325 4323 5877
f 4287 5883 4285
f 4287 4289 5883
f 4289 5882 5883
f 4289 4290 5882
f 4290 5884 5882
f 5881 4326 5885
f 4284 5883 5879
f 5883 4326 5879
f 5887 4326 5880
f 4325 5886 4328
f 4325 4326 5886
f 4328 5886 4318
f 5886 4282 4318
f 5886 5887 4282
f 5887 4310 4282
f 5887 5880 4310
f 5880 4311 4310
f 5880 5881 4311
f 5881 4302 4311
f 5881 5885 4302
f 5885 4303 4302
f 5885 5884 4303
f 5884 4297 4303
f 5884 4290 4297
f 4290 4299 4297
f 4290 4291 4299
f 4315 4338 4281
f 4338 4336 4281
f 4339 4338 4309
f 4341 4339 4313
f 4339 4309 4312
f 4340 4341 4307
f 4341 4314 4307
f 4301 4304 4340
f 4304 4342 4340
f 4343 4299 4291
f 4343 4344 4299
f 4344 4342 4298
f 4342 4306 4298
f 4288 4334 4296
f 4334 4345 4333
f 4195 4192 4375
f 4192 4335 4375
f 4190 4316 4335
f 4272 4334 4285
f 4271 4276 4334
f 4358 4356 4354
f 4276 4384 4334
f 4384 4345 4334
f 4384 4350 4345
f 4345 4343 4292
f 4351 4352 4358
f 4352 4356 4358
f 4273 4269 4356
f 4376 4331 4329
f 4372 4370 4380
f 4361 4332 4331
f 4350 4384 4279
f 4384 4277 4279
f 4378 4343 4358
f 4378 4379 4343
f 4379 4344 4343
f 4379 4380 4344
f 4380 4342 4344
f 4380 4381 4342
f 4381 4340 4342
f 4381 4382 4340
f 4382 4341 4340
f 4382 4383 4341
f 4383 4339 4341
f 4383 4377 4339
f 4377 4338 4339
f 4377 4376 4338
f 4375 4337 4336
f 4375 4335 4337
f 4474 4477 4478
f 4399 4398 4474
f 4491 4492 4488
f 4499 4502 4501
f 4499 4507 4502
usemtl Material_003
f 3675 5888 3678
f 3654 5889 3657
f 5890 5892 5891
f 5893 5895 5894
f 5896 5898 5897
f 5898 5899 5897
f 5896 5901 5900
f 5901 5902 5900
f 5896 5904 5903
f 5904 5905 5903
f 5896 5907 5906
f 5907 5908 5906
f 5896 5900 5909
f 5900 5910 5909
f 5900 5902 5910
f 5902 3672 5910
f 3665 3663 5894
f 3663 5893 5894
f 3663 3660 5893
f 5896 5903 5911
f 5903 5912 5911
f 5903 5905 5912
f 5905 3668 5912
f 5896 5906 5913
f 5906 5914 5913
f 5906 5908 5914
f 5908 3681 5914
f 3688 3686 5891
f 3686 5890 5891
f 3686 3683 5890
f 5896 5897 5915
f 5897 5916 5915
f 5897 5899 5916
f 5899 3640 5916
f 3637 5917 3654
f 5917 5889 3654
f 5917 5918 5889
f 3654 3657 3656
f 3657 3658 3656
f 5896 5909 5918
f 5909 5889 5918
f 5909 5910 5889
f 5910 3657 5889
f 5910 3672 3657
f 3672 3659 3657
f 3672 3670 3659
f 3671 3660 3661
f 5896 5919 5895
f 5919 5894 5895
f 5919 5920 5894
f 5920 3665 5894
f 5920 3652 3665
f 5896 5911 5919
f 5911 5920 5919
f 5911 5912 5920
f 5912 3652 5920
f 5912 3668 3652
f 3672 5902 3660
f 5902 5893 3660
f 5902 5901 5893
f 5901 5895 5893
f 5901 5896 5895
f 3649 3646 3644
f 3649 5921 3646
f 5921 5922 3646
f 5921 5923 5922
f 5923 5924 5922
f 5923 5896 5924
f 3646 5922 3675
f 5922 5888 3675
f 5922 5924 5888
f 5896 5913 5924
f 5913 5888 5924
f 5913 5914 5888
f 5914 3678 5888
f 5914 3681 3678
f 3668 5905 3649
f 5905 5921 3649
f 5905 5904 5921
f 5904 5923 5921
f 5904 5896 5923
f 3691 3683 3684
f 5896 5925 5892
f 5925 5891 5892
f 5925 5926 5891
f 5926 3688 5891
f 5926 3643 3688
f 3643 3690 3688
f 5896 5915 5925
f 5915 5926 5925
f 5915 5916 5926
f 5916 3643 5926
f 5916 3640 3643
f 3640 3642 3643
f 3681 5908 3683
f 5908 5890 3683
f 5908 5907 5890
f 5907 5892 5890
f 5907 5896 5892
f 3640 3637 3635
f 3640 5899 3637
f 5899 5917 3637
f 5899 5898 5917
f 5898 5918 5917
f 5898 5896 5918
f 4800 5927 4803
f 4777 5928 4779
f 5929 5931 5930
f 5932 5934 5933
f 5935 5937 5936
f 5937 5938 5936
f 5935 5940 5939
f 5940 5941 5939
f 5935 5943 5942
f 5943 5944 5942
f 5935 5946 5945
f 5946 5947 5945
f 5935 5939 5948
f 5939 5949 5948
f 5939 5941 5949
f 5941 4782 5949
f 4789 4787 5933
f 4787 5932 5933
f 4787 4784 5932
f 5935 5942 5950
f 5942 5951 5950
f 5942 5944 5951
f 5944 4807 5951
f 4795 5952 4797
f 5952 5953 4797
f 5952 5954 5953
f 5954 5955 5953
f 5954 5935 5955
f 5935 5945 5956
f 5945 5957 5956
f 5945 5947 5957
f 5947 4817 5957
f 4812 4810 5930
f 4810 5929 5930
f 4810 4808 5929
f 5935 5936 5958
f 5936 5959 5958
f 5936 5938 5959
f 5938 4769 5959
f 4766 5960 4777
f 5960 5928 4777
f 5960 5961 5928
f 4777 5962 4778
f 4777 4779 5962
f 4779 4780 5962
f 5935 5948 5961
f 5948 5928 5961
f 5948 5949 5928
f 5949 4779 5928
f 5949 4782 4779
f 4782 4781 4779
f 4792 4784 4785
f 4787 4789 4788
f 4789 4790 4788
f 5935 5963 5934
f 5963 5933 5934
f 5963 5964 5933
f 5964 4789 5933
f 5964 4775 4789
f 4775 4791 4789
f 5935 5950 5963
f 5950 5964 5963
f 5950 5951 5964
f 5951 4775 5964
f 5951 4807 4775
f 4807 4774 4775
f 4807 4806 4774
f 4782 4784 4792
f 4782 5941 4784
f 5941 5932 4784
f 5941 5940 5932
f 5940 5934 5932
f 5940 5935 5934
f 4797 4798 4796
f 4799 4797 5965
f 4797 4800 5965
f 4797 5953 4800
f 5953 5927 4800
f 5953 5955 5927
f 5965 4800 4801
f 4800 4803 4802
f 5935 5956 5955
f 5956 5927 5955
f 5956 5957 5927
f 5957 4803 5927
f 5957 4817 4803
f 4817 4805 4803
f 4817 4815 4805
f 4807 4795 4793
f 4807 5944 4795
f 5944 5952 4795
f 5944 5943 5952
f 5943 5954 5952
f 5943 5935 5954
f 4816 4808 5966
f 4808 4809 5966
f 4810 4812 4811
f 4812 4813 4811
f 5935 5967 5931
f 5967 5930 5931
f 5967 5968 5930
f 5968 4812 5930
f 5968 4772 4812
f 4772 4814 4812
f 4772 4770 4814
f 5935 5958 5967
f 5958 5968 5967
f 5958 5959 5968
f 5959 4772 5968
f 5959 4769 4772
f 4769 4771 4772
f 4817 4808 4816
f 4817 5947 4808
f 5947 5929 4808
f 5947 5946 5929
f 5946 5931 5929
f 5946 5935 5931
f 4768 4769 4764
f 4769 5938 4766
f 5938 5960 4766
f 5938 5937 5960
f 5937 5961 5960
f 5937 5935 5961
f 4796 4909 4794
f 4793 4906 4806
f 4774 4907 4773
f 4765 5969 4764
f 4874 4883 4876
f 4860 4831 4861
f 5970 4882 4883
f 4882 4866 4876
f 4885 4879 4880
f 4885 4898 4879
f 4888 5971 4889
f 5971 5972 4889
f 4892 4799 5965
f 4891 4892 4890
f 4893 4799 4892
f 4893 4798 4799
f 4895 4801 4802
f 4890 4892 4895
f 4892 4801 4895
f 4892 5965 4801
f 4895 4802 4804
f 4896 4815 4884
f 4896 4805 4815
f 4879 4898 4888
f 4898 5971 4888
f 4898 4813 5971
f 4813 4898 4811
f 4898 4885 4809
f 4885 5966 4809
f 4885 4884 5966
f 4884 4816 5966
f 4768 5973 4767
f 5973 5972 4767
f 5973 5974 5972
f 5974 4889 5972
f 5974 4821 4889
f 4821 4887 4889
f 4767 5972 4771
f 5972 4770 4771
f 5972 5971 4770
f 5971 4814 4770
f 5971 4813 4814
f 4821 5974 4900
f 5974 5975 4900
f 5974 5973 5975
f 5973 5969 5975
f 5973 4768 5969
f 4768 4764 5969
f 4900 4874 4872
f 4900 5975 4874
f 5975 4883 4874
f 5975 5969 4883
f 5969 5970 4883
f 5969 4765 5970
f 4765 4776 5970
f 5976 4778 5962
f 4862 4866 4864
f 4866 5977 4864
f 4866 4882 5977
f 4882 5976 5977
f 4882 5970 5976
f 5970 4778 5976
f 5970 4776 4778
f 5978 4780 4781
f 4858 4864 4860
f 4864 5979 4860
f 4864 5977 5979
f 5977 5978 5979
f 5977 5976 5978
f 5976 4780 5978
f 5976 5962 4780
f 4831 4860 4833
f 4860 5980 4833
f 4860 5979 5980
f 5979 4901 5980
f 5979 5978 4901
f 5978 4783 4901
f 5978 4781 4783
f 4833 5981 4856
f 4833 5980 5981
f 5980 4902 5981
f 5980 4901 4902
f 4901 4785 4902
f 4901 4792 4785
f 4856 5981 4903
f 5981 5982 4903
f 5981 4902 5982
f 4902 4788 5982
f 4902 4786 4788
f 4853 5983 4849
f 4853 4903 5983
f 4903 4818 5983
f 4903 5982 4818
f 5982 4790 4818
f 5982 4788 4790
f 4834 4849 4836
f 4849 4905 4836
f 4849 5983 4905
f 5983 4907 4905
f 5983 4818 4907
f 4818 4773 4907
f 4818 4791 4773
f 4907 4806 4906
f 4904 4906 4909
f 4906 4794 4909
f 4909 4798 4893
f 5032 5050 4940
f 5048 5049 5032
f 5049 5050 5032
f 5062 5049 5048
f 5338 5340 5339
f 5340 5342 5341
f 5342 5344 5343
f 5353 5355 5354
f 3673 5549 3669
f 3636 5984 3635
f 5985 5517 5475
f 5522 5533 5523
f 5533 5532 5523
f 5986 3645 3674
f 5525 5986 5524
f 5525 5526 5986
f 5526 3645 5986
f 5530 3676 3677
f 5524 5530 5527
f 5524 5986 5530
f 5986 3676 5530
f 5986 3674 3676
f 5529 3679 3680
f 5530 3679 5529
f 5530 3677 3679
f 5529 3682 5518
f 5529 3680 3682
f 5514 5520 5522
f 5520 5533 5522
f 5520 3689 5533
f 3689 5520 3687
f 5520 5519 3685
f 5519 3684 3685
f 5519 5518 3684
f 5518 3691 3684
f 3639 5987 3638
f 5987 5532 3638
f 5987 5531 5532
f 5531 5523 5532
f 5532 5533 3641
f 5533 3690 3641
f 5531 5987 5535
f 5987 5984 5535
f 5987 3639 5984
f 3639 3635 5984
f 5535 5984 5475
f 5984 5985 5475
f 5984 3636 5985
f 3636 3653 5985
f 5537 3655 3656
f 5517 5985 5537
f 5985 3655 5537
f 5985 3653 3655
f 5539 3658 3659
f 5537 3658 5539
f 5537 3656 3658
f 5538 5540 5541
f 5538 5539 5540
f 5539 3670 5540
f 5539 3659 3670
f 5482 5543 5503
f 5541 5542 5543
f 5541 5540 5542
f 5540 3661 5542
f 5540 3671 3661
f 5503 5544 5500
f 5543 5542 5545
f 5542 3664 5545
f 5542 3662 3664
f 5500 5988 5496
f 5500 5544 5988
f 5544 5472 5988
f 5544 5545 5472
f 5545 3666 5472
f 5545 3664 3666
f 5496 5988 5546
f 5988 5471 5546
f 5988 5472 5471
f 5472 3650 5471
f 5472 3667 3650
f 5546 5549 5547
f 5546 5471 5549
f 5471 3669 5549
f 5492 5547 5548
f 5547 5549 5470
f 5549 3647 5470
f 5470 3644 5526
